datetime,lca_mode,electrolyser_tech,scenario,wind_power_kw,grid_carbon_intensity_gco2_per_kwh,electricity_source,wind_fraction,grid_fraction,wind_used_kw,grid_topup_kw,surplus_wind_kw,wind_above_minimum,gwp100_kgco2e_per_kg_h2,electricity_exchanges_swapped,direct_electricity_kwh_per_kg_h2,wind_electricity_kwh_per_kg_h2,grid_electricity_kwh_per_kg_h2,temporary_grid_activity_code,minimum_required_wind_kw
2023-02-07 00:00:00,blended,AE operation,AE operation (blended),9.347,225.0,blended,0.009347,0.990653,9.347,990.653,0.0,,16.52391624188273,1,51.8,0.48417459999999996,51.315825399999994,,
2023-02-07 00:30:00,blended,AE operation,AE operation (blended),9.347,230.0,blended,0.009347,0.990653,9.347,990.653,0.0,,16.892723887573972,1,51.8,0.48417459999999996,51.315825399999994,,
2023-02-07 01:00:00,blended,AE operation,AE operation (blended),11.367,229.0,blended,0.011367,0.988633,11.367,988.633,0.0,,16.604094619979968,1,51.8,0.5888106,51.211189399999995,,
2023-02-07 01:30:00,blended,AE operation,AE operation (blended),11.367,229.0,blended,0.011367,0.988633,11.367,988.633,0.0,,16.664879164066875,1,51.8,0.5888106,51.211189399999995,,
2023-02-07 02:00:00,blended,AE operation,AE operation (blended),13.95,228.0,blended,0.013949999999999999,0.98605,13.95,986.05,0.0,,16.945270698625485,1,51.8,0.7226099999999999,51.077389999999994,,
2023-02-07 02:30:00,blended,AE operation,AE operation (blended),13.95,230.0,blended,0.013949999999999999,0.98605,13.95,986.05,0.0,,17.09643449349857,1,51.8,0.7226099999999999,51.077389999999994,,
2023-02-07 03:00:00,blended,AE operation,AE operation (blended),15.302,230.0,blended,0.015302,0.984698,15.302,984.698,0.0,,17.123450364559492,1,51.8,0.7926435999999999,51.00735639999999,,
2023-02-07 03:30:00,blended,AE operation,AE operation (blended),15.302,232.0,blended,0.015302,0.984698,15.302,984.698,0.0,,17.220693280038958,1,51.8,0.7926435999999999,51.00735639999999,,
2023-02-07 04:00:00,blended,AE operation,AE operation (blended),15.917,240.0,blended,0.015917,0.984083,15.917,984.0830000000001,0.0,,18.14738542764062,1,51.8,0.8245006,50.9754994,,
2023-02-07 04:30:00,blended,AE operation,AE operation (blended),15.917,246.0,blended,0.015917,0.984083,15.917,984.0830000000001,0.0,,18.43282003278678,1,51.8,0.8245006,50.9754994,,
2023-02-07 05:00:00,blended,AE operation,AE operation (blended),16.888,255.0,blended,0.016888,0.983112,16.888,983.112,0.0,,19.607831698362478,1,51.8,0.8747984,50.925201599999994,,
2023-02-07 05:30:00,blended,AE operation,AE operation (blended),16.888,263.0,blended,0.016888,0.983112,16.888,983.112,0.0,,20.630900180779122,1,51.8,0.8747984,50.925201599999994,,
2023-02-07 06:00:00,blended,AE operation,AE operation (blended),19.144,269.0,blended,0.019143999999999998,0.980856,19.144,980.856,0.0,,20.579425161402302,1,51.8,0.9916591999999999,50.808340799999996,,
2023-02-07 06:30:00,blended,AE operation,AE operation (blended),19.144,275.0,blended,0.019143999999999998,0.980856,19.144,980.856,0.0,,21.176943238499504,1,51.8,0.9916591999999999,50.808340799999996,,
2023-02-07 07:00:00,blended,AE operation,AE operation (blended),18.982,276.0,blended,0.018982,0.981018,18.982,981.0179999999999,0.0,,21.514368312528532,1,51.8,0.9832675999999999,50.81673239999999,,
2023-02-07 07:30:00,blended,AE operation,AE operation (blended),18.982,279.0,blended,0.018982,0.981018,18.982,981.0179999999999,0.0,,22.1529212184221,1,51.8,0.9832675999999999,50.81673239999999,,
2023-02-07 08:00:00,blended,AE operation,AE operation (blended),12.925,272.0,blended,0.012925,0.987075,12.925,987.075,0.0,,21.438622829179536,1,51.8,0.669515,51.130485,,
2023-02-07 08:30:00,blended,AE operation,AE operation (blended),12.925,265.0,blended,0.012925,0.987075,12.925,987.075,0.0,,21.010373956755647,1,51.8,0.669515,51.130485,,
2023-02-07 09:00:00,blended,AE operation,AE operation (blended),8.934,261.0,blended,0.008934,0.991066,8.934,991.066,0.0,,20.963459713130835,1,51.8,0.46278119999999995,51.337218799999995,,
2023-02-07 09:30:00,blended,AE operation,AE operation (blended),8.934,254.0,blended,0.008934,0.991066,8.934,991.066,0.0,,20.201747065335685,1,51.8,0.46278119999999995,51.337218799999995,,
2023-02-07 10:00:00,blended,AE operation,AE operation (blended),13.941,249.0,blended,0.013941,0.986059,13.941,986.059,0.0,,19.563808369782198,1,51.8,0.7221438,51.0778562,,
2023-02-07 10:30:00,blended,AE operation,AE operation (blended),13.941,246.0,blended,0.013941,0.986059,13.941,986.059,0.0,,19.11495417845782,1,51.8,0.7221438,51.0778562,,
2023-02-07 11:00:00,blended,AE operation,AE operation (blended),25.445,255.0,blended,0.025445,0.974555,25.445,974.555,0.0,,19.302918849532645,1,51.8,1.3180509999999999,50.48194899999999,,
2023-02-07 11:30:00,blended,AE operation,AE operation (blended),25.445,243.0,blended,0.025445,0.974555,25.445,974.555,0.0,,18.74827716330316,1,51.8,1.3180509999999999,50.48194899999999,,
2023-02-07 12:00:00,blended,AE operation,AE operation (blended),24.868,242.0,blended,0.024867999999999998,0.975132,24.868,975.132,0.0,,18.546124877295895,1,51.8,1.2881623999999998,50.5118376,,
2023-02-07 12:30:00,blended,AE operation,AE operation (blended),24.868,235.0,blended,0.024867999999999998,0.975132,24.868,975.132,0.0,,18.202949034259987,1,51.8,1.2881623999999998,50.5118376,,
2023-02-07 13:00:00,blended,AE operation,AE operation (blended),18.524,240.0,blended,0.018524000000000002,0.981476,18.524,981.476,0.0,,18.615577623134268,1,51.8,0.9595432,50.8404568,,
2023-02-07 13:30:00,blended,AE operation,AE operation (blended),18.524,243.0,blended,0.018524000000000002,0.981476,18.524,981.476,0.0,,18.800131368602038,1,51.8,0.9595432,50.8404568,,
2023-02-07 14:00:00,blended,AE operation,AE operation (blended),14.411,244.0,blended,0.014411,0.985589,14.411,985.589,0.0,,18.933634834888412,1,51.8,0.7464898,51.0535102,,
2023-02-07 14:30:00,blended,AE operation,AE operation (blended),14.411,250.0,blended,0.014411,0.985589,14.411,985.589,0.0,,19.336104060478135,1,51.8,0.7464898,51.0535102,,
2023-02-07 15:00:00,blended,AE operation,AE operation (blended),10.864,249.0,blended,0.010864,0.989136,10.864,989.136,0.0,,19.86151560920118,1,51.8,0.5627552,51.2372448,,
2023-02-07 15:30:00,blended,AE operation,AE operation (blended),10.864,250.0,blended,0.010864,0.989136,10.864,989.136,0.0,,20.08848746561175,1,51.8,0.5627552,51.2372448,,
2023-02-07 16:00:00,blended,AE operation,AE operation (blended),12.067,257.0,blended,0.012067,0.987933,12.067,987.933,0.0,,20.584885189336674,1,51.8,0.6250705999999999,51.174929399999996,,
2023-02-07 16:30:00,blended,AE operation,AE operation (blended),12.067,250.0,blended,0.012067,0.987933,12.067,987.933,0.0,,20.952636252137093,1,51.8,0.6250705999999999,51.174929399999996,,
2023-02-07 17:00:00,blended,AE operation,AE operation (blended),21.131,252.0,blended,0.021131,0.978869,21.131,978.869,0.0,,20.897905272080443,1,51.8,1.0945858,50.7054142,,
2023-02-07 17:30:00,blended,AE operation,AE operation (blended),21.131,253.0,blended,0.021131,0.978869,21.131,978.869,0.0,,21.3967872273532,1,51.8,1.0945858,50.7054142,,
2023-02-07 18:00:00,blended,AE operation,AE operation (blended),35.201,250.0,blended,0.035201,0.964799,35.201,964.799,0.0,,21.03205486245333,1,51.8,1.8234118000000001,49.976588199999995,,
2023-02-07 18:30:00,blended,AE operation,AE operation (blended),35.201,249.0,blended,0.035201,0.964799,35.201,964.799,0.0,,20.58082375500115,1,51.8,1.8234118000000001,49.976588199999995,,
2023-02-07 19:00:00,blended,AE operation,AE operation (blended),49.494,248.0,blended,0.049493999999999996,0.950506,49.494,950.506,0.0,,19.698778684432394,1,51.8,2.5637891999999995,49.236210799999995,,
2023-02-07 19:30:00,blended,AE operation,AE operation (blended),49.494,249.0,blended,0.049493999999999996,0.950506,49.494,950.506,0.0,,19.41295868758476,1,51.8,2.5637891999999995,49.236210799999995,,
2023-02-07 20:00:00,blended,AE operation,AE operation (blended),58.837,249.0,blended,0.058837,0.941163,58.837,941.163,0.0,,19.263535703142708,1,51.8,3.0477566,48.7522434,,
2023-02-07 20:30:00,blended,AE operation,AE operation (blended),58.837,252.0,blended,0.058837,0.941163,58.837,941.163,0.0,,18.603149390004557,1,51.8,3.0477566,48.7522434,,
2023-02-07 21:00:00,blended,AE operation,AE operation (blended),59.741,258.0,blended,0.059741,0.940259,59.741,940.2589999999999,0.0,,19.090189747426336,1,51.8,3.0945838,48.705416199999995,,
2023-02-07 21:30:00,blended,AE operation,AE operation (blended),59.741,253.0,blended,0.059741,0.940259,59.741,940.2589999999999,0.0,,18.53092276557334,1,51.8,3.0945838,48.705416199999995,,
2023-02-07 22:00:00,blended,AE operation,AE operation (blended),57.565,253.0,blended,0.057565,0.942435,57.565,942.4350000000001,0.0,,18.28345276221468,1,51.8,2.981867,48.818132999999996,,
2023-02-07 22:30:00,blended,AE operation,AE operation (blended),57.565,245.0,blended,0.057565,0.942435,57.565,942.4350000000001,0.0,,17.69531794112803,1,51.8,2.981867,48.818132999999996,,
2023-02-07 23:00:00,blended,AE operation,AE operation (blended),57.787,232.0,blended,0.057787,0.942213,57.787,942.213,0.0,,16.398981327291164,1,51.8,2.9933666,48.806633399999996,,
2023-02-07 23:30:00,blended,AE operation,AE operation (blended),57.787,222.0,blended,0.057787,0.942213,57.787,942.213,0.0,,15.76286036530656,1,51.8,2.9933666,48.806633399999996,,
2023-02-15 00:00:00,blended,AE operation,AE operation (blended),274.402,133.0,blended,0.274402,0.725598,274.402,725.598,0.0,,7.753238454364011,1,51.8,14.214023599999997,37.58597639999999,,
2023-02-15 00:30:00,blended,AE operation,AE operation (blended),274.402,137.0,blended,0.274402,0.725598,274.402,725.598,0.0,,7.91208694464873,1,51.8,14.214023599999997,37.58597639999999,,
2023-02-15 01:00:00,blended,AE operation,AE operation (blended),234.552,136.0,blended,0.23455199999999998,0.765448,234.552,765.448,0.0,,8.342347196635043,1,51.8,12.149793599999999,39.6502064,,
2023-02-15 01:30:00,blended,AE operation,AE operation (blended),234.552,133.0,blended,0.23455199999999998,0.765448,234.552,765.448,0.0,,8.21145985099746,1,51.8,12.149793599999999,39.6502064,,
2023-02-15 02:00:00,blended,AE operation,AE operation (blended),213.128,133.0,blended,0.21312799999999998,0.786872,213.128,786.8720000000001,0.0,,8.463838827330477,1,51.8,11.0400304,40.7599696,,
2023-02-15 02:30:00,blended,AE operation,AE operation (blended),213.128,138.0,blended,0.21312799999999998,0.786872,213.128,786.8720000000001,0.0,,8.711874285808262,1,51.8,11.0400304,40.7599696,,
2023-02-15 03:00:00,blended,AE operation,AE operation (blended),220.093,143.0,blended,0.22009299999999998,0.779907,220.093,779.907,0.0,,8.932764957832873,1,51.8,11.4008174,40.399182599999996,,
2023-02-15 03:30:00,blended,AE operation,AE operation (blended),220.093,140.0,blended,0.22009299999999998,0.779907,220.093,779.907,0.0,,8.711507971154546,1,51.8,11.4008174,40.399182599999996,,
2023-02-15 04:00:00,blended,AE operation,AE operation (blended),237.417,144.0,blended,0.237417,0.762583,237.417,762.583,0.0,,8.741834481007762,1,51.8,12.2982006,39.501799399999996,,
2023-02-15 04:30:00,blended,AE operation,AE operation (blended),237.417,143.0,blended,0.237417,0.762583,237.417,762.583,0.0,,8.653535981976324,1,51.8,12.2982006,39.501799399999996,,
2023-02-15 05:00:00,blended,AE operation,AE operation (blended),236.823,153.0,blended,0.236823,0.763177,236.823,763.177,0.0,,9.046049354828707,1,51.8,12.2674314,39.5325686,,
2023-02-15 05:30:00,blended,AE operation,AE operation (blended),236.823,160.0,blended,0.236823,0.763177,236.823,763.177,0.0,,9.47069160177497,1,51.8,12.2674314,39.5325686,,
2023-02-15 06:00:00,blended,AE operation,AE operation (blended),230.507,164.0,blended,0.23050700000000002,0.769493,230.507,769.4929999999999,0.0,,10.140318743301188,1,51.8,11.9402626,39.8597374,,
2023-02-15 06:30:00,blended,AE operation,AE operation (blended),230.507,177.0,blended,0.23050700000000002,0.769493,230.507,769.4929999999999,0.0,,10.950486392867687,1,51.8,11.9402626,39.8597374,,
2023-02-15 07:00:00,blended,AE operation,AE operation (blended),232.895,182.0,blended,0.23289500000000002,0.7671049999999999,232.895,767.1049999999999,0.0,,11.514776017213016,1,51.8,12.063961,39.73603899999999,,
2023-02-15 07:30:00,blended,AE operation,AE operation (blended),232.895,186.0,blended,0.23289500000000002,0.7671049999999999,232.895,767.1049999999999,0.0,,11.923163103410467,1,51.8,12.063961,39.73603899999999,,
2023-02-15 08:00:00,blended,AE operation,AE operation (blended),248.684,180.0,blended,0.248684,0.751316,248.684,751.316,0.0,,10.822986102083098,1,51.8,12.881831199999999,38.9181688,,
2023-02-15 08:30:00,blended,AE operation,AE operation (blended),248.684,178.0,blended,0.248684,0.751316,248.684,751.316,0.0,,10.701275481473555,1,51.8,12.881831199999999,38.9181688,,
2023-02-15 09:00:00,blended,AE operation,AE operation (blended),264.219,172.0,blended,0.264219,0.735781,264.219,735.7810000000001,0.0,,10.199669309736553,1,51.8,13.686544199999998,38.1134558,,
2023-02-15 09:30:00,blended,AE operation,AE operation (blended),264.219,170.0,blended,0.264219,0.735781,264.219,735.7810000000001,0.0,,10.126817673476124,1,51.8,13.686544199999998,38.1134558,,
2023-02-15 10:00:00,blended,AE operation,AE operation (blended),305.815,170.0,blended,0.305815,0.694185,305.815,694.1850000000001,0.0,,9.610853588531981,1,51.8,15.841216999999999,35.958783000000004,,
2023-02-15 10:30:00,blended,AE operation,AE operation (blended),305.815,161.0,blended,0.305815,0.694185,305.815,694.1850000000001,0.0,,9.244821945153248,1,51.8,15.841216999999999,35.958783000000004,,
2023-02-15 11:00:00,blended,AE operation,AE operation (blended),357.653,161.0,blended,0.357653,0.642347,357.653,642.347,0.0,,8.600083163135393,1,51.8,18.526425399999997,33.273574599999996,,
2023-02-15 11:30:00,blended,AE operation,AE operation (blended),357.653,159.0,blended,0.357653,0.642347,357.653,642.347,0.0,,8.49896465276222,1,51.8,18.526425399999997,33.273574599999996,,
2023-02-15 12:00:00,blended,AE operation,AE operation (blended),388.327,159.0,blended,0.388327,0.611673,388.327,611.673,0.0,,8.106053998670735,1,51.8,20.115338599999998,31.6846614,,
2023-02-15 12:30:00,blended,AE operation,AE operation (blended),388.327,155.0,blended,0.388327,0.611673,388.327,611.673,0.0,,7.950663577637201,1,51.8,20.115338599999998,31.6846614,,
2023-02-15 13:00:00,blended,AE operation,AE operation (blended),423.88,157.0,blended,0.42388,0.57612,423.88,576.12,0.0,,7.490463630519488,1,51.8,21.956984,29.843015999999995,,
2023-02-15 13:30:00,blended,AE operation,AE operation (blended),423.88,153.0,blended,0.42388,0.57612,423.88,576.12,0.0,,7.298199862327401,1,51.8,21.956984,29.843015999999995,,
2023-02-15 14:00:00,blended,AE operation,AE operation (blended),429.551,152.0,blended,0.42955099999999996,0.570449,429.551,570.449,0.0,,7.159357968742525,1,51.8,22.250741799999997,29.549258199999997,,
2023-02-15 14:30:00,blended,AE operation,AE operation (blended),429.551,150.0,blended,0.42955099999999996,0.570449,429.551,570.449,0.0,,7.025435739767132,1,51.8,22.250741799999997,29.549258199999997,,
2023-02-15 15:00:00,blended,AE operation,AE operation (blended),379.138,158.0,blended,0.379138,0.620862,379.138,620.8620000000001,0.0,,8.149884618790328,1,51.8,19.6393484,32.1606516,,
2023-02-15 15:30:00,blended,AE operation,AE operation (blended),379.138,161.0,blended,0.379138,0.620862,379.138,620.8620000000001,0.0,,8.422718646401401,1,51.8,19.6393484,32.1606516,,
2023-02-15 16:00:00,blended,AE operation,AE operation (blended),405.982,170.0,blended,0.405982,0.5940179999999999,405.982,594.0179999999999,0.0,,8.576328597929859,1,51.8,21.0298676,30.770132399999994,,
2023-02-15 16:30:00,blended,AE operation,AE operation (blended),405.982,172.0,blended,0.405982,0.5940179999999999,405.982,594.0179999999999,0.0,,8.846138186685295,1,51.8,21.0298676,30.770132399999994,,
2023-02-15 17:00:00,blended,AE operation,AE operation (blended),471.621,175.0,blended,0.47162099999999996,0.528379,471.621,528.379,0.0,,8.146759877186085,1,51.8,24.429967799999996,27.3700322,,
2023-02-15 17:30:00,blended,AE operation,AE operation (blended),471.621,175.0,blended,0.47162099999999996,0.528379,471.621,528.379,0.0,,8.48940706227444,1,51.8,24.429967799999996,27.3700322,,
2023-02-15 18:00:00,blended,AE operation,AE operation (blended),437.687,180.0,blended,0.437687,0.5623130000000001,437.687,562.3130000000001,0.0,,9.044152006709332,1,51.8,22.6721866,29.1278134,,
2023-02-15 18:30:00,blended,AE operation,AE operation (blended),437.687,176.0,blended,0.437687,0.5623130000000001,437.687,562.3130000000001,0.0,,8.76061085931237,1,51.8,22.6721866,29.1278134,,
2023-02-15 19:00:00,blended,AE operation,AE operation (blended),413.255,175.0,blended,0.413255,0.5867450000000001,413.255,586.7450000000001,0.0,,8.61673263481641,1,51.8,21.406609,30.393391,,
2023-02-15 19:30:00,blended,AE operation,AE operation (blended),413.255,173.0,blended,0.413255,0.5867450000000001,413.255,586.7450000000001,0.0,,8.510009387649472,1,51.8,21.406609,30.393391,,
2023-02-15 20:00:00,blended,AE operation,AE operation (blended),366.919,175.0,blended,0.366919,0.633081,366.919,633.081,0.0,,9.095304862499516,1,51.8,19.0064042,32.7935958,,
2023-02-15 20:30:00,blended,AE operation,AE operation (blended),366.919,175.0,blended,0.366919,0.633081,366.919,633.081,0.0,,8.92025652602729,1,51.8,19.0064042,32.7935958,,
2023-02-15 21:00:00,blended,AE operation,AE operation (blended),341.053,168.0,blended,0.341053,0.658947,341.053,658.947,0.0,,8.94814470754763,1,51.8,17.6665454,34.13345459999999,,
2023-02-15 21:30:00,blended,AE operation,AE operation (blended),341.053,166.0,blended,0.341053,0.658947,341.053,658.947,0.0,,8.860260030231764,1,51.8,17.6665454,34.13345459999999,,
2023-02-15 22:00:00,blended,AE operation,AE operation (blended),302.478,167.0,blended,0.302478,0.697522,302.478,697.5219999999999,0.0,,9.234729230882262,1,51.8,15.668360400000001,36.1316396,,
2023-02-15 22:30:00,blended,AE operation,AE operation (blended),302.478,160.0,blended,0.302478,0.697522,302.478,697.5219999999999,0.0,,8.787247652973472,1,51.8,15.668360400000001,36.1316396,,
2023-02-15 23:00:00,blended,AE operation,AE operation (blended),283.219,149.0,blended,0.283219,0.716781,283.219,716.781,0.0,,8.76720661880177,1,51.8,14.6707442,37.129255799999996,,
2023-02-15 23:30:00,blended,AE operation,AE operation (blended),283.219,148.0,blended,0.283219,0.716781,283.219,716.781,0.0,,8.768714550236423,1,51.8,14.6707442,37.129255799999996,,
2023-03-24 00:00:00,blended,AE operation,AE operation (blended),592.267,65.0,blended,0.5922670000000001,0.4077329999999999,592.267,407.7329999999999,0.0,,3.471650791100063,1,51.8,30.679430600000003,21.120569399999994,,
2023-03-24 00:30:00,blended,AE operation,AE operation (blended),592.267,65.0,blended,0.5922670000000001,0.4077329999999999,592.267,407.7329999999999,0.0,,3.4549190480476875,1,51.8,30.679430600000003,21.120569399999994,,
2023-03-24 01:00:00,blended,AE operation,AE operation (blended),624.485,66.0,blended,0.6244850000000001,0.37551499999999993,624.485,375.51499999999993,0.0,,3.1459540781742774,1,51.8,32.348323,19.451676999999997,,
2023-03-24 01:30:00,blended,AE operation,AE operation (blended),624.485,62.0,blended,0.6244850000000001,0.37551499999999993,624.485,375.51499999999993,0.0,,3.021089946689415,1,51.8,32.348323,19.451676999999997,,
2023-03-24 02:00:00,blended,AE operation,AE operation (blended),641.363,62.0,blended,0.641363,0.358637,641.363,358.637,0.0,,2.6869293869135613,1,51.8,33.2226034,18.577396599999997,,
2023-03-24 02:30:00,blended,AE operation,AE operation (blended),641.363,57.0,blended,0.641363,0.358637,641.363,358.637,0.0,,2.535616888144365,1,51.8,33.2226034,18.577396599999997,,
2023-03-24 03:00:00,blended,AE operation,AE operation (blended),626.184,59.0,blended,0.626184,0.37381600000000004,626.184,373.81600000000003,0.0,,2.6673798931494734,1,51.8,32.4363312,19.3636688,,
2023-03-24 03:30:00,blended,AE operation,AE operation (blended),626.184,58.0,blended,0.626184,0.37381600000000004,626.184,373.81600000000003,0.0,,2.595790648049763,1,51.8,32.4363312,19.3636688,,
2023-03-24 04:00:00,blended,AE operation,AE operation (blended),595.101,59.0,blended,0.595101,0.404899,595.101,404.899,0.0,,2.712429665890609,1,51.8,30.8262318,20.9737682,,
2023-03-24 04:30:00,blended,AE operation,AE operation (blended),595.101,59.0,blended,0.595101,0.404899,595.101,404.899,0.0,,2.7013260313017136,1,51.8,30.8262318,20.9737682,,
2023-03-24 05:00:00,blended,AE operation,AE operation (blended),554.811,60.0,blended,0.554811,0.44518899999999995,554.811,445.18899999999996,0.0,,3.019436258201097,1,51.8,28.7392098,23.060790199999996,,
2023-03-24 05:30:00,blended,AE operation,AE operation (blended),554.811,60.0,blended,0.554811,0.44518899999999995,554.811,445.18899999999996,0.0,,2.968188729121316,1,51.8,28.7392098,23.060790199999996,,
2023-03-24 06:00:00,blended,AE operation,AE operation (blended),500.007,57.0,blended,0.500007,0.499993,500.007,499.993,0.0,,3.4534460898291743,1,51.8,25.900362599999998,25.8996374,,
2023-03-24 06:30:00,blended,AE operation,AE operation (blended),500.007,59.0,blended,0.500007,0.499993,500.007,499.993,0.0,,3.744476796668175,1,51.8,25.900362599999998,25.8996374,,
2023-03-24 07:00:00,blended,AE operation,AE operation (blended),527.56,51.0,blended,0.5275599999999999,0.4724400000000001,527.56,472.44000000000005,0.0,,3.3622602216842377,1,51.8,27.327607999999994,24.472392000000003,,
2023-03-24 07:30:00,blended,AE operation,AE operation (blended),527.56,48.0,blended,0.5275599999999999,0.4724400000000001,527.56,472.44000000000005,0.0,,3.5009619019581386,1,51.8,27.327607999999994,24.472392000000003,,
2023-03-24 08:00:00,blended,AE operation,AE operation (blended),705.136,46.0,blended,0.705136,0.294864,705.136,294.86400000000003,0.0,,2.5093659649281306,1,51.8,36.526044799999994,15.2739552,,
2023-03-24 08:30:00,blended,AE operation,AE operation (blended),705.136,42.0,blended,0.705136,0.294864,705.136,294.86400000000003,0.0,,2.388763746215261,1,51.8,36.526044799999994,15.2739552,,
2023-03-24 09:00:00,blended,AE operation,AE operation (blended),799.92,39.0,blended,0.79992,0.20008000000000004,799.92,200.08000000000004,0.0,,1.8570000984134067,1,51.8,41.435855999999994,10.364144000000001,,
2023-03-24 09:30:00,blended,AE operation,AE operation (blended),799.92,37.0,blended,0.79992,0.20008000000000004,799.92,200.08000000000004,0.0,,1.821202092204987,1,51.8,41.435855999999994,10.364144000000001,,
2023-03-24 10:00:00,blended,AE operation,AE operation (blended),842.512,35.0,blended,0.8425119999999999,0.15748800000000007,842.512,157.48800000000008,0.0,,1.6184894715884715,1,51.8,43.642121599999996,8.157878400000003,,
2023-03-24 10:30:00,blended,AE operation,AE operation (blended),842.512,33.0,blended,0.8425119999999999,0.15748800000000007,842.512,157.48800000000008,0.0,,1.5889866962250572,1,51.8,43.642121599999996,8.157878400000003,,
2023-03-24 11:00:00,blended,AE operation,AE operation (blended),871.671,33.0,blended,0.8716710000000001,0.12832899999999992,871.671,128.32899999999992,0.0,,1.4791191116707436,1,51.8,45.152557800000004,6.647442199999995,,
2023-03-24 11:30:00,blended,AE operation,AE operation (blended),871.671,34.0,blended,0.8716710000000001,0.12832899999999992,871.671,128.32899999999992,0.0,,1.4776119041641984,1,51.8,45.152557800000004,6.647442199999995,,
2023-03-24 12:00:00,blended,AE operation,AE operation (blended),899.332,36.0,blended,0.899332,0.10066799999999998,899.332,100.66799999999998,0.0,,1.3648836706515888,1,51.8,46.5853976,5.214602399999999,,
2023-03-24 12:30:00,blended,AE operation,AE operation (blended),899.332,36.0,blended,0.899332,0.10066799999999998,899.332,100.66799999999998,0.0,,1.3869708504713065,1,51.8,46.5853976,5.214602399999999,,
2023-03-24 13:00:00,blended,AE operation,AE operation (blended),907.515,38.0,blended,0.907515,0.09248500000000004,907.515,92.48500000000004,0.0,,1.344405816966158,1,51.8,47.009277,4.790723000000002,,
2023-03-24 13:30:00,blended,AE operation,AE operation (blended),907.515,38.0,blended,0.907515,0.09248500000000004,907.515,92.48500000000004,0.0,,1.3394099140707603,1,51.8,47.009277,4.790723000000002,,
2023-03-24 14:00:00,blended,AE operation,AE operation (blended),891.363,39.0,blended,0.891363,0.10863699999999998,891.363,108.63699999999999,0.0,,1.411199003520029,1,51.8,46.1726034,5.627396599999999,,
2023-03-24 14:30:00,blended,AE operation,AE operation (blended),891.363,39.0,blended,0.891363,0.10863699999999998,891.363,108.63699999999999,0.0,,1.398795586726858,1,51.8,46.1726034,5.627396599999999,,
2023-03-24 15:00:00,blended,AE operation,AE operation (blended),842.863,40.0,blended,0.842863,0.15713699999999997,842.863,157.13699999999997,0.0,,1.6274276578501856,1,51.8,43.6603034,8.139696599999999,,
2023-03-24 15:30:00,blended,AE operation,AE operation (blended),842.863,43.0,blended,0.842863,0.15713699999999997,842.863,157.13699999999997,0.0,,1.6787291103437503,1,51.8,43.6603034,8.139696599999999,,
2023-03-24 16:00:00,blended,AE operation,AE operation (blended),802.972,51.0,blended,0.802972,0.19702799999999998,802.972,197.028,0.0,,2.0622361761692813,1,51.8,41.5939496,10.206050399999999,,
2023-03-24 16:30:00,blended,AE operation,AE operation (blended),802.972,62.0,blended,0.802972,0.19702799999999998,802.972,197.028,0.0,,2.354835452766952,1,51.8,41.5939496,10.206050399999999,,
2023-03-24 17:00:00,blended,AE operation,AE operation (blended),779.391,74.0,blended,0.779391,0.22060900000000006,779.391,220.60900000000007,0.0,,2.7268217347687482,1,51.8,40.372453799999995,11.427546200000002,,
2023-03-24 17:30:00,blended,AE operation,AE operation (blended),779.391,71.0,blended,0.779391,0.22060900000000006,779.391,220.60900000000007,0.0,,2.6669771843087187,1,51.8,40.372453799999995,11.427546200000002,,
2023-03-24 18:00:00,blended,AE operation,AE operation (blended),770.041,69.0,blended,0.7700410000000001,0.2299589999999999,770.041,229.95899999999992,0.0,,2.777830992849287,1,51.8,39.8881238,11.911876199999995,,
2023-03-24 18:30:00,blended,AE operation,AE operation (blended),770.041,68.0,blended,0.7700410000000001,0.2299589999999999,770.041,229.95899999999992,0.0,,2.7398783043501127,1,51.8,39.8881238,11.911876199999995,,
2023-03-24 19:00:00,blended,AE operation,AE operation (blended),730.543,64.0,blended,0.730543,0.26945699999999995,730.543,269.45699999999994,0.0,,3.0143726162032207,1,51.8,37.8421274,13.957872599999996,,
2023-03-24 19:30:00,blended,AE operation,AE operation (blended),730.543,64.0,blended,0.730543,0.26945699999999995,730.543,269.45699999999994,0.0,,2.827032854447971,1,51.8,37.8421274,13.957872599999996,,
2023-03-24 20:00:00,blended,AE operation,AE operation (blended),697.008,61.0,blended,0.6970080000000001,0.30299199999999993,697.008,302.9919999999999,0.0,,2.943285674291067,1,51.8,36.1050144,15.694985599999995,,
2023-03-24 20:30:00,blended,AE operation,AE operation (blended),697.008,60.0,blended,0.6970080000000001,0.30299199999999993,697.008,302.9919999999999,0.0,,2.6836916487488924,1,51.8,36.1050144,15.694985599999995,,
2023-03-24 21:00:00,blended,AE operation,AE operation (blended),715.803,57.0,blended,0.715803,0.28419700000000003,715.803,284.19700000000006,0.0,,2.4626737044467295,1,51.8,37.0785954,14.721404600000001,,
2023-03-24 21:30:00,blended,AE operation,AE operation (blended),715.803,57.0,blended,0.715803,0.28419700000000003,715.803,284.19700000000006,0.0,,2.4433138695404484,1,51.8,37.0785954,14.721404600000001,,
2023-03-24 22:00:00,blended,AE operation,AE operation (blended),759.093,53.0,blended,0.7590929999999999,0.2409070000000001,759.093,240.9070000000001,0.0,,2.1178150099308315,1,51.8,39.321017399999995,12.478982600000004,,
2023-03-24 22:30:00,blended,AE operation,AE operation (blended),759.093,49.0,blended,0.7590929999999999,0.2409070000000001,759.093,240.9070000000001,0.0,,2.053572933662565,1,51.8,39.321017399999995,12.478982600000004,,
2023-03-24 23:00:00,blended,AE operation,AE operation (blended),792.619,53.0,blended,0.7926190000000001,0.20738099999999993,792.619,207.38099999999991,0.0,,2.009196372680441,1,51.8,41.057664200000005,10.742335799999996,,
2023-03-24 23:30:00,blended,AE operation,AE operation (blended),792.619,51.0,blended,0.7926190000000001,0.20738099999999993,792.619,207.38099999999991,0.0,,2.005726606515225,1,51.8,41.057664200000005,10.742335799999996,,
2023-04-03 00:00:00,blended,AE operation,AE operation (blended),247.736,154.0,blended,0.24773599999999998,0.752264,247.736,752.264,0.0,,9.735835285021356,1,51.8,12.832724799999998,38.9672752,,
2023-04-03 00:30:00,blended,AE operation,AE operation (blended),247.736,157.0,blended,0.24773599999999998,0.752264,247.736,752.264,0.0,,9.836228309112236,1,51.8,12.832724799999998,38.9672752,,
2023-04-03 01:00:00,blended,AE operation,AE operation (blended),212.422,150.0,blended,0.212422,0.787578,212.422,787.578,0.0,,10.117346363979099,1,51.8,11.0034596,40.7965404,,
2023-04-03 01:30:00,blended,AE operation,AE operation (blended),212.422,149.0,blended,0.212422,0.787578,212.422,787.578,0.0,,10.004099620865517,1,51.8,11.0034596,40.7965404,,
2023-04-03 02:00:00,blended,AE operation,AE operation (blended),181.558,156.0,blended,0.181558,0.818442,181.558,818.442,0.0,,10.599181778086539,1,51.8,9.4047044,42.3952956,,
2023-04-03 02:30:00,blended,AE operation,AE operation (blended),181.558,157.0,blended,0.181558,0.818442,181.558,818.442,0.0,,10.63238535217353,1,51.8,9.4047044,42.3952956,,
2023-04-03 03:00:00,blended,AE operation,AE operation (blended),172.946,167.0,blended,0.172946,0.827054,172.946,827.054,0.0,,11.120367678865787,1,51.8,8.9586028,42.841397199999996,,
2023-04-03 03:30:00,blended,AE operation,AE operation (blended),172.946,165.0,blended,0.172946,0.827054,172.946,827.054,0.0,,11.055790834688054,1,51.8,8.9586028,42.841397199999996,,
2023-04-03 04:00:00,blended,AE operation,AE operation (blended),177.354,178.0,blended,0.177354,0.822646,177.354,822.646,0.0,,11.768590874208405,1,51.8,9.186937200000001,42.613062799999994,,
2023-04-03 04:30:00,blended,AE operation,AE operation (blended),177.354,186.0,blended,0.177354,0.822646,177.354,822.646,0.0,,12.08824980918742,1,51.8,9.186937200000001,42.613062799999994,,
2023-04-03 05:00:00,blended,AE operation,AE operation (blended),179.643,195.0,blended,0.179643,0.820357,179.643,820.357,0.0,,12.824702719118509,1,51.8,9.3055074,42.4944926,,
2023-04-03 05:30:00,blended,AE operation,AE operation (blended),179.643,198.0,blended,0.179643,0.820357,179.643,820.357,0.0,,13.36739633222135,1,51.8,9.3055074,42.4944926,,
2023-04-03 06:00:00,blended,AE operation,AE operation (blended),170.996,193.0,blended,0.170996,0.829004,170.996,829.004,0.0,,13.545812445232553,1,51.8,8.8575928,42.9424072,,
2023-04-03 06:30:00,blended,AE operation,AE operation (blended),170.996,191.0,blended,0.170996,0.829004,170.996,829.004,0.0,,14.079680177502143,1,51.8,8.8575928,42.9424072,,
2023-04-03 07:00:00,blended,AE operation,AE operation (blended),138.491,180.0,blended,0.138491,0.861509,138.491,861.509,0.0,,13.716551031047956,1,51.8,7.1738338,44.62616619999999,,
2023-04-03 07:30:00,blended,AE operation,AE operation (blended),138.491,173.0,blended,0.138491,0.861509,138.491,861.509,0.0,,13.107521160713596,1,51.8,7.1738338,44.62616619999999,,
2023-04-03 08:00:00,blended,AE operation,AE operation (blended),192.237,160.0,blended,0.192237,0.807763,192.237,807.763,0.0,,11.331596191479845,1,51.8,9.957876599999999,41.8421234,,
2023-04-03 08:30:00,blended,AE operation,AE operation (blended),192.237,153.0,blended,0.192237,0.807763,192.237,807.763,0.0,,10.782498531163132,1,51.8,9.957876599999999,41.8421234,,
2023-04-03 09:00:00,blended,AE operation,AE operation (blended),207.491,149.0,blended,0.207491,0.792509,207.491,792.509,0.0,,10.287234125949118,1,51.8,10.7480338,41.051966199999995,,
2023-04-03 09:30:00,blended,AE operation,AE operation (blended),207.491,143.0,blended,0.207491,0.792509,207.491,792.509,0.0,,10.06437436339333,1,51.8,10.7480338,41.051966199999995,,
2023-04-03 10:00:00,blended,AE operation,AE operation (blended),243.017,142.0,blended,0.24301699999999998,0.756983,243.017,756.983,0.0,,9.47176232304214,1,51.8,12.5882806,39.21171939999999,,
2023-04-03 10:30:00,blended,AE operation,AE operation (blended),243.017,133.0,blended,0.24301699999999998,0.756983,243.017,756.983,0.0,,8.988635029342518,1,51.8,12.5882806,39.21171939999999,,
2023-04-03 11:00:00,blended,AE operation,AE operation (blended),288.875,121.0,blended,0.288875,0.711125,288.875,711.125,0.0,,8.014086761902226,1,51.8,14.963724999999998,36.836275,,
2023-04-03 11:30:00,blended,AE operation,AE operation (blended),288.875,114.0,blended,0.288875,0.711125,288.875,711.125,0.0,,7.693222054150226,1,51.8,14.963724999999998,36.836275,,
2023-04-03 12:00:00,blended,AE operation,AE operation (blended),312.612,109.0,blended,0.312612,0.687388,312.612,687.388,0.0,,7.296229903938565,1,51.8,16.193301599999998,35.6066984,,
2023-04-03 12:30:00,blended,AE operation,AE operation (blended),312.612,105.0,blended,0.312612,0.687388,312.612,687.388,0.0,,7.081431974858081,1,51.8,16.193301599999998,35.6066984,,
2023-04-03 13:00:00,blended,AE operation,AE operation (blended),302.461,110.0,blended,0.30246100000000004,0.6975389999999999,302.461,697.5389999999999,0.0,,7.314848546909063,1,51.8,15.6674798,36.132520199999995,,
2023-04-03 13:30:00,blended,AE operation,AE operation (blended),302.461,109.0,blended,0.30246100000000004,0.6975389999999999,302.461,697.5389999999999,0.0,,7.25530227203684,1,51.8,15.6674798,36.132520199999995,,
2023-04-03 14:00:00,blended,AE operation,AE operation (blended),278.006,119.0,blended,0.278006,0.721994,278.006,721.994,0.0,,7.849644188032951,1,51.8,14.400710799999999,37.3992892,,
2023-04-03 14:30:00,blended,AE operation,AE operation (blended),278.006,128.0,blended,0.278006,0.721994,278.006,721.994,0.0,,8.262676257184006,1,51.8,14.400710799999999,37.3992892,,
2023-04-03 15:00:00,blended,AE operation,AE operation (blended),273.003,131.0,blended,0.273003,0.726997,273.003,726.997,0.0,,8.4488048642695,1,51.8,14.1415554,37.658444599999996,,
2023-04-03 15:30:00,blended,AE operation,AE operation (blended),273.003,143.0,blended,0.273003,0.726997,273.003,726.997,0.0,,8.98049709838931,1,51.8,14.1415554,37.658444599999996,,
2023-04-03 16:00:00,blended,AE operation,AE operation (blended),291.421,153.0,blended,0.291421,0.7085790000000001,291.421,708.5790000000001,0.0,,9.379319554461494,1,51.8,15.095607799999998,36.7043922,,
2023-04-03 16:30:00,blended,AE operation,AE operation (blended),291.421,165.0,blended,0.291421,0.7085790000000001,291.421,708.5790000000001,0.0,,9.933690000998066,1,51.8,15.095607799999998,36.7043922,,
2023-04-03 17:00:00,blended,AE operation,AE operation (blended),328.442,171.0,blended,0.328442,0.671558,328.442,671.558,0.0,,10.047165736097577,1,51.8,17.0132956,34.7867044,,
2023-04-03 17:30:00,blended,AE operation,AE operation (blended),328.442,181.0,blended,0.328442,0.671558,328.442,671.558,0.0,,10.704514543841476,1,51.8,17.0132956,34.7867044,,
2023-04-03 18:00:00,blended,AE operation,AE operation (blended),425.033,186.0,blended,0.425033,0.574967,425.033,574.967,0.0,,9.491966492210926,1,51.8,22.0167094,29.783290599999997,,
2023-04-03 18:30:00,blended,AE operation,AE operation (blended),425.033,186.0,blended,0.425033,0.574967,425.033,574.967,0.0,,9.539522735525383,1,51.8,22.0167094,29.783290599999997,,
2023-04-03 19:00:00,blended,AE operation,AE operation (blended),482.547,186.0,blended,0.482547,0.5174529999999999,482.547,517.453,0.0,,8.433723018799913,1,51.8,24.9959346,26.804065399999995,,
2023-04-03 19:30:00,blended,AE operation,AE operation (blended),482.547,179.0,blended,0.482547,0.5174529999999999,482.547,517.453,0.0,,8.082160043747297,1,51.8,24.9959346,26.804065399999995,,
2023-04-03 20:00:00,blended,AE operation,AE operation (blended),469.12,180.0,blended,0.46912,0.53088,469.12,530.88,0.0,,8.145213846541404,1,51.8,24.300416,27.499584,,
2023-04-03 20:30:00,blended,AE operation,AE operation (blended),469.12,180.0,blended,0.46912,0.53088,469.12,530.88,0.0,,8.11854605186284,1,51.8,24.300416,27.499584,,
2023-04-03 21:00:00,blended,AE operation,AE operation (blended),453.894,185.0,blended,0.453894,0.546106,453.894,546.106,0.0,,8.395844641853415,1,51.8,23.5117092,28.2882908,,
2023-04-03 21:30:00,blended,AE operation,AE operation (blended),453.894,175.0,blended,0.453894,0.546106,453.894,546.106,0.0,,7.934363663672853,1,51.8,23.5117092,28.2882908,,
2023-04-03 22:00:00,blended,AE operation,AE operation (blended),425.043,166.0,blended,0.425043,0.5749569999999999,425.043,574.957,0.0,,7.877740667050283,1,51.8,22.0172274,29.782772599999994,,
2023-04-03 22:30:00,blended,AE operation,AE operation (blended),425.043,161.0,blended,0.425043,0.5749569999999999,425.043,574.957,0.0,,7.679577650266849,1,51.8,22.0172274,29.782772599999994,,
2023-04-03 23:00:00,blended,AE operation,AE operation (blended),383.29,161.0,blended,0.38329,0.61671,383.29,616.71,0.0,,8.34438794127446,1,51.8,19.854422,31.945577999999998,,
2023-04-03 23:30:00,blended,AE operation,AE operation (blended),383.29,166.0,blended,0.38329,0.61671,383.29,616.71,0.0,,8.58922768245111,1,51.8,19.854422,31.945577999999998,,
2023-05-02 00:00:00,blended,AE operation,AE operation (blended),280.466,209.0,blended,0.280466,0.719534,280.466,719.534,0.0,,12.65269823359327,1,51.8,14.528138799999999,37.2718612,,
2023-05-02 00:30:00,blended,AE operation,AE operation (blended),280.466,209.0,blended,0.280466,0.719534,280.466,719.534,0.0,,12.6437647866609,1,51.8,14.528138799999999,37.2718612,,
2023-05-02 01:00:00,blended,AE operation,AE operation (blended),261.383,205.0,blended,0.261383,0.7386170000000001,261.383,738.6170000000001,0.0,,12.570408041981759,1,51.8,13.539639399999999,38.2603606,,
2023-05-02 01:30:00,blended,AE operation,AE operation (blended),261.383,201.0,blended,0.261383,0.7386170000000001,261.383,738.6170000000001,0.0,,12.373965968537808,1,51.8,13.539639399999999,38.2603606,,
2023-05-02 02:00:00,blended,AE operation,AE operation (blended),243.026,208.0,blended,0.24302600000000002,0.756974,243.026,756.974,0.0,,12.98709387607219,1,51.8,12.588746800000001,39.2112532,,
2023-05-02 02:30:00,blended,AE operation,AE operation (blended),243.026,210.0,blended,0.24302600000000002,0.756974,243.026,756.974,0.0,,13.158904442694094,1,51.8,12.588746800000001,39.2112532,,
2023-05-02 03:00:00,blended,AE operation,AE operation (blended),234.078,212.0,blended,0.234078,0.765922,234.078,765.922,0.0,,13.61354152368414,1,51.8,12.1252404,39.674759599999994,,
2023-05-02 03:30:00,blended,AE operation,AE operation (blended),234.078,210.0,blended,0.234078,0.765922,234.078,765.922,0.0,,13.502773245834698,1,51.8,12.1252404,39.674759599999994,,
2023-05-02 04:00:00,blended,AE operation,AE operation (blended),227.819,224.0,blended,0.227819,0.772181,227.819,772.181,0.0,,14.423973704262744,1,51.8,11.801024199999999,39.9989758,,
2023-05-02 04:30:00,blended,AE operation,AE operation (blended),227.819,231.0,blended,0.227819,0.772181,227.819,772.181,0.0,,14.863150060621765,1,51.8,11.801024199999999,39.9989758,,
2023-05-02 05:00:00,blended,AE operation,AE operation (blended),197.727,226.0,blended,0.197727,0.802273,197.727,802.273,0.0,,15.165110748629038,1,51.8,10.2422586,41.5577414,,
2023-05-02 05:30:00,blended,AE operation,AE operation (blended),197.727,227.0,blended,0.197727,0.802273,197.727,802.273,0.0,,15.942775694645864,1,51.8,10.2422586,41.5577414,,
2023-05-02 06:00:00,blended,AE operation,AE operation (blended),168.136,227.0,blended,0.168136,0.8318639999999999,168.136,831.8639999999999,0.0,,16.3265707709569,1,51.8,8.7094448,43.0905552,,
2023-05-02 06:30:00,blended,AE operation,AE operation (blended),168.136,222.0,blended,0.168136,0.8318639999999999,168.136,831.8639999999999,0.0,,16.75393112720822,1,51.8,8.7094448,43.0905552,,
2023-05-02 07:00:00,blended,AE operation,AE operation (blended),169.36,216.0,blended,0.16936,0.83064,169.36,830.6400000000001,0.0,,15.872717038975818,1,51.8,8.772848,43.027152,,
2023-05-02 07:30:00,blended,AE operation,AE operation (blended),169.36,214.0,blended,0.16936,0.83064,169.36,830.6400000000001,0.0,,15.986328181950132,1,51.8,8.772848,43.027152,,
2023-05-02 08:00:00,blended,AE operation,AE operation (blended),156.464,209.0,blended,0.156464,0.8435360000000001,156.464,843.5360000000001,0.0,,15.851168012063894,1,51.8,8.104835199999998,43.6951648,,
2023-05-02 08:30:00,blended,AE operation,AE operation (blended),156.464,205.0,blended,0.156464,0.8435360000000001,156.464,843.5360000000001,0.0,,15.542352322722005,1,51.8,8.104835199999998,43.6951648,,
2023-05-02 09:00:00,blended,AE operation,AE operation (blended),129.885,203.0,blended,0.129885,0.870115,129.885,870.115,0.0,,15.827334285081147,1,51.8,6.7280429999999996,45.071957,,
2023-05-02 09:30:00,blended,AE operation,AE operation (blended),129.885,200.0,blended,0.129885,0.870115,129.885,870.115,0.0,,15.357355547452846,1,51.8,6.7280429999999996,45.071957,,
2023-05-02 10:00:00,blended,AE operation,AE operation (blended),102.527,197.0,blended,0.10252700000000001,0.897473,102.527,897.473,0.0,,15.466197442332602,1,51.8,5.3108986,46.489101399999996,,
2023-05-02 10:30:00,blended,AE operation,AE operation (blended),102.527,195.0,blended,0.10252700000000001,0.897473,102.527,897.473,0.0,,15.316799835343444,1,51.8,5.3108986,46.489101399999996,,
2023-05-02 11:00:00,blended,AE operation,AE operation (blended),76.437,197.0,blended,0.07643699999999999,0.923563,76.437,923.563,0.0,,15.91096610896484,1,51.8,3.959436599999999,47.8405634,,
2023-05-02 11:30:00,blended,AE operation,AE operation (blended),76.437,196.0,blended,0.07643699999999999,0.923563,76.437,923.563,0.0,,15.78630927737838,1,51.8,3.959436599999999,47.8405634,,
2023-05-02 12:00:00,blended,AE operation,AE operation (blended),52.986,197.0,blended,0.052986,0.947014,52.986,947.014,0.0,,16.254448038298822,1,51.8,2.7446748,49.0553252,,
2023-05-02 12:30:00,blended,AE operation,AE operation (blended),52.986,194.0,blended,0.052986,0.947014,52.986,947.014,0.0,,16.096708682793192,1,51.8,2.7446748,49.0553252,,
2023-05-02 13:00:00,blended,AE operation,AE operation (blended),35.754,196.0,blended,0.035754,0.964246,35.754,964.2460000000001,0.0,,16.477723847533053,1,51.8,1.8520572,49.9479428,,
2023-05-02 13:30:00,blended,AE operation,AE operation (blended),35.754,196.0,blended,0.035754,0.964246,35.754,964.2460000000001,0.0,,16.45904845074826,1,51.8,1.8520572,49.9479428,,
2023-05-02 14:00:00,blended,AE operation,AE operation (blended),31.102,201.0,blended,0.031102,0.968898,31.102,968.898,0.0,,16.731163366600036,1,51.8,1.6110836,50.1889164,,
2023-05-02 14:30:00,blended,AE operation,AE operation (blended),31.102,202.0,blended,0.031102,0.968898,31.102,968.898,0.0,,16.81037690286409,1,51.8,1.6110836,50.1889164,,
2023-05-02 15:00:00,blended,AE operation,AE operation (blended),36.7,205.0,blended,0.0367,0.9633,36.7,963.3000000000001,0.0,,17.027875472391074,1,51.8,1.90106,49.898939999999996,,
2023-05-02 15:30:00,blended,AE operation,AE operation (blended),36.7,210.0,blended,0.0367,0.9633,36.7,963.3000000000001,0.0,,17.358653908691707,1,51.8,1.90106,49.898939999999996,,
2023-05-02 16:00:00,blended,AE operation,AE operation (blended),54.096,217.0,blended,0.054096,0.945904,54.096,945.904,0.0,,17.453304267764405,1,51.8,2.8021727999999997,48.997827199999996,,
2023-05-02 16:30:00,blended,AE operation,AE operation (blended),54.096,221.0,blended,0.054096,0.945904,54.096,945.904,0.0,,17.806182634396272,1,51.8,2.8021727999999997,48.997827199999996,,
2023-05-02 17:00:00,blended,AE operation,AE operation (blended),104.126,223.0,blended,0.10412600000000001,0.895874,104.126,895.8739999999999,0.0,,17.298129457717632,1,51.8,5.3937268000000005,46.406273199999994,,
2023-05-02 17:30:00,blended,AE operation,AE operation (blended),104.126,228.0,blended,0.10412600000000001,0.895874,104.126,895.8739999999999,0.0,,17.54375273865603,1,51.8,5.3937268000000005,46.406273199999994,,
2023-05-02 18:00:00,blended,AE operation,AE operation (blended),217.125,228.0,blended,0.217125,0.782875,217.125,782.875,0.0,,15.985046836072753,1,51.8,11.247075,40.552924999999995,,
2023-05-02 18:30:00,blended,AE operation,AE operation (blended),217.125,229.0,blended,0.217125,0.782875,217.125,782.875,0.0,,15.866478242040044,1,51.8,11.247075,40.552924999999995,,
2023-05-02 19:00:00,blended,AE operation,AE operation (blended),338.191,235.0,blended,0.33819099999999996,0.6618090000000001,338.191,661.8090000000001,0.0,,13.682558114700795,1,51.8,17.5182938,34.2817062,,
2023-05-02 19:30:00,blended,AE operation,AE operation (blended),338.191,236.0,blended,0.33819099999999996,0.6618090000000001,338.191,661.8090000000001,0.0,,13.617850517502882,1,51.8,17.5182938,34.2817062,,
2023-05-02 20:00:00,blended,AE operation,AE operation (blended),372.68,241.0,blended,0.37268,0.62732,372.68,627.3199999999999,0.0,,12.953413411012884,1,51.8,19.304824,32.495176,,
2023-05-02 20:30:00,blended,AE operation,AE operation (blended),372.68,242.0,blended,0.37268,0.62732,372.68,627.3199999999999,0.0,,12.723660803449555,1,51.8,19.304824,32.495176,,
2023-05-02 21:00:00,blended,AE operation,AE operation (blended),338.187,255.0,blended,0.338187,0.661813,338.187,661.813,0.0,,13.91280261508486,1,51.8,17.5180866,34.2819134,,
2023-05-02 21:30:00,blended,AE operation,AE operation (blended),338.187,246.0,blended,0.338187,0.661813,338.187,661.813,0.0,,13.367177025257497,1,51.8,17.5180866,34.2819134,,
2023-05-02 22:00:00,blended,AE operation,AE operation (blended),325.167,231.0,blended,0.325167,0.674833,325.167,674.833,0.0,,12.994731704436521,1,51.8,16.843650599999997,34.9563494,,
2023-05-02 22:30:00,blended,AE operation,AE operation (blended),325.167,222.0,blended,0.325167,0.674833,325.167,674.833,0.0,,12.40288310309567,1,51.8,16.843650599999997,34.9563494,,
2023-05-02 23:00:00,blended,AE operation,AE operation (blended),322.109,219.0,blended,0.322109,0.677891,322.109,677.8910000000001,0.0,,12.295139674934843,1,51.8,16.685246199999998,35.1147538,,
2023-05-02 23:30:00,blended,AE operation,AE operation (blended),322.109,219.0,blended,0.322109,0.677891,322.109,677.8910000000001,0.0,,12.199572079224254,1,51.8,16.685246199999998,35.1147538,,
2023-07-03 00:00:00,blended,AE operation,AE operation (blended),436.534,71.0,blended,0.436534,0.563466,436.534,563.466,0.0,,4.112222968698106,1,51.8,22.6124612,29.1875388,,
2023-07-03 00:30:00,blended,AE operation,AE operation (blended),436.534,72.0,blended,0.436534,0.563466,436.534,563.466,0.0,,4.132550301991775,1,51.8,22.6124612,29.1875388,,
2023-07-03 01:00:00,blended,AE operation,AE operation (blended),401.543,76.0,blended,0.401543,0.598457,401.543,598.457,0.0,,4.3860981865205755,1,51.8,20.799927399999998,31.0000726,,
2023-07-03 01:30:00,blended,AE operation,AE operation (blended),401.543,74.0,blended,0.401543,0.598457,401.543,598.457,0.0,,4.321798472492667,1,51.8,20.799927399999998,31.0000726,,
2023-07-03 02:00:00,blended,AE operation,AE operation (blended),351.465,75.0,blended,0.35146499999999997,0.6485350000000001,351.465,648.5350000000001,0.0,,4.549036240644798,1,51.8,18.205886999999997,33.594113,,
2023-07-03 02:30:00,blended,AE operation,AE operation (blended),351.465,75.0,blended,0.35146499999999997,0.6485350000000001,351.465,648.5350000000001,0.0,,4.560091531145367,1,51.8,18.205886999999997,33.594113,,
2023-07-03 03:00:00,blended,AE operation,AE operation (blended),306.45,76.0,blended,0.30645,0.69355,306.45,693.55,0.0,,4.951130945397358,1,51.8,15.87411,35.925889999999995,,
2023-07-03 03:30:00,blended,AE operation,AE operation (blended),306.45,79.0,blended,0.30645,0.69355,306.45,693.55,0.0,,5.158913903386579,1,51.8,15.87411,35.925889999999995,,
2023-07-03 04:00:00,blended,AE operation,AE operation (blended),285.204,76.0,blended,0.285204,0.714796,285.204,714.7959999999999,0.0,,5.191778814186278,1,51.8,14.7735672,37.026432799999995,,
2023-07-03 04:30:00,blended,AE operation,AE operation (blended),285.204,78.0,blended,0.285204,0.714796,285.204,714.7959999999999,0.0,,5.395157576488652,1,51.8,14.7735672,37.026432799999995,,
2023-07-03 05:00:00,blended,AE operation,AE operation (blended),248.668,77.0,blended,0.248668,0.751332,248.668,751.332,0.0,,5.789680067585565,1,51.8,12.8810024,38.9189976,,
2023-07-03 05:30:00,blended,AE operation,AE operation (blended),248.668,82.0,blended,0.248668,0.751332,248.668,751.332,0.0,,6.237590574284375,1,51.8,12.8810024,38.9189976,,
2023-07-03 06:00:00,blended,AE operation,AE operation (blended),408.34,67.0,blended,0.40834,0.5916600000000001,408.34,591.6600000000001,0.0,,4.576805075399154,1,51.8,21.152012,30.647988,,
2023-07-03 06:30:00,blended,AE operation,AE operation (blended),408.34,68.0,blended,0.40834,0.5916600000000001,408.34,591.6600000000001,0.0,,4.818367870274168,1,51.8,21.152012,30.647988,,
2023-07-03 07:00:00,blended,AE operation,AE operation (blended),513.254,54.0,blended,0.513254,0.486746,513.254,486.74600000000004,0.0,,3.6595718324403412,1,51.8,26.586557199999998,25.2134428,,
2023-07-03 07:30:00,blended,AE operation,AE operation (blended),513.254,47.0,blended,0.513254,0.486746,513.254,486.74600000000004,0.0,,3.44868315174539,1,51.8,26.586557199999998,25.2134428,,
2023-07-03 08:00:00,blended,AE operation,AE operation (blended),604.438,44.0,blended,0.604438,0.39556199999999997,604.438,395.56199999999995,0.0,,2.93141361710639,1,51.8,31.3098884,20.4901116,,
2023-07-03 08:30:00,blended,AE operation,AE operation (blended),604.438,43.0,blended,0.604438,0.39556199999999997,604.438,395.56199999999995,0.0,,2.920108345569917,1,51.8,31.3098884,20.4901116,,
2023-07-03 09:00:00,blended,AE operation,AE operation (blended),670.702,45.0,blended,0.670702,0.329298,670.702,329.298,0.0,,2.6063632441609497,1,51.8,34.7423636,17.057636399999996,,
2023-07-03 09:30:00,blended,AE operation,AE operation (blended),670.702,42.0,blended,0.670702,0.329298,670.702,329.298,0.0,,2.5177089515657918,1,51.8,34.7423636,17.057636399999996,,
2023-07-03 10:00:00,blended,AE operation,AE operation (blended),736.734,43.0,blended,0.736734,0.263266,736.734,263.266,0.0,,2.194387153659027,1,51.8,38.162821199999996,13.6371788,,
2023-07-03 10:30:00,blended,AE operation,AE operation (blended),736.734,45.0,blended,0.736734,0.263266,736.734,263.266,0.0,,2.223778549172983,1,51.8,38.162821199999996,13.6371788,,
2023-07-03 11:00:00,blended,AE operation,AE operation (blended),805.945,45.0,blended,0.805945,0.19405499999999998,805.945,194.05499999999998,0.0,,1.8938190162144712,1,51.8,41.747951,10.052048999999998,,
2023-07-03 11:30:00,blended,AE operation,AE operation (blended),805.945,49.0,blended,0.805945,0.19405499999999998,805.945,194.05499999999998,0.0,,1.9456501004411417,1,51.8,41.747951,10.052048999999998,,
2023-07-03 12:00:00,blended,AE operation,AE operation (blended),853.377,58.0,blended,0.8533769999999999,0.14662300000000006,853.377,146.62300000000005,0.0,,1.8337976600472725,1,51.8,44.204928599999995,7.595071400000003,,
2023-07-03 12:30:00,blended,AE operation,AE operation (blended),853.377,57.0,blended,0.8533769999999999,0.14662300000000006,853.377,146.62300000000005,0.0,,1.8284225086012784,1,51.8,44.204928599999995,7.595071400000003,,
2023-07-03 13:00:00,blended,AE operation,AE operation (blended),881.404,60.0,blended,0.881404,0.11859600000000003,881.404,118.59600000000003,0.0,,1.6841232777791502,1,51.8,45.6567272,6.143272800000002,,
2023-07-03 13:30:00,blended,AE operation,AE operation (blended),881.404,62.0,blended,0.881404,0.11859600000000003,881.404,118.59600000000003,0.0,,1.6870619281142443,1,51.8,45.6567272,6.143272800000002,,
2023-07-03 14:00:00,blended,AE operation,AE operation (blended),893.56,59.0,blended,0.8935599999999999,0.10644000000000009,893.56,106.44000000000008,0.0,,1.5675011654253046,1,51.8,46.286407999999994,5.5135920000000045,,
2023-07-03 14:30:00,blended,AE operation,AE operation (blended),893.56,66.0,blended,0.8935599999999999,0.10644000000000009,893.56,106.44000000000008,0.0,,1.617466500616092,1,51.8,46.286407999999994,5.5135920000000045,,
2023-07-03 15:00:00,blended,AE operation,AE operation (blended),900.335,69.0,blended,0.900335,0.099665,900.335,99.665,0.0,,1.6083977583808673,1,51.8,46.637353,5.162647,,
2023-07-03 15:30:00,blended,AE operation,AE operation (blended),900.335,74.0,blended,0.900335,0.099665,900.335,99.665,0.0,,1.6225228524929913,1,51.8,46.637353,5.162647,,
2023-07-03 16:00:00,blended,AE operation,AE operation (blended),889.429,68.0,blended,0.889429,0.11057099999999997,889.429,110.57099999999997,0.0,,1.6546762584661303,1,51.8,46.0724222,5.727577799999998,,
2023-07-03 16:30:00,blended,AE operation,AE operation (blended),889.429,59.0,blended,0.889429,0.11057099999999997,889.429,110.57099999999997,0.0,,1.5741423765221523,1,51.8,46.0724222,5.727577799999998,,
2023-07-03 17:00:00,blended,AE operation,AE operation (blended),849.15,63.0,blended,0.84915,0.15085000000000004,849.15,150.85000000000005,0.0,,1.8291535126177008,1,51.8,43.985969999999995,7.814030000000002,,
2023-07-03 17:30:00,blended,AE operation,AE operation (blended),849.15,67.0,blended,0.84915,0.15085000000000004,849.15,150.85000000000005,0.0,,1.8634039903685684,1,51.8,43.985969999999995,7.814030000000002,,
2023-07-03 18:00:00,blended,AE operation,AE operation (blended),758.78,72.0,blended,0.75878,0.24122,758.78,241.22,0.0,,2.5352871559669268,1,51.8,39.304804,12.495195999999998,,
2023-07-03 18:30:00,blended,AE operation,AE operation (blended),758.78,79.0,blended,0.75878,0.24122,758.78,241.22,0.0,,2.658446359091239,1,51.8,39.304804,12.495195999999998,,
2023-07-03 19:00:00,blended,AE operation,AE operation (blended),644.058,91.0,blended,0.644058,0.355942,644.058,355.942,0.0,,3.824342771807731,1,51.8,33.362204399999996,18.437795599999998,,
2023-07-03 19:30:00,blended,AE operation,AE operation (blended),644.058,95.0,blended,0.644058,0.355942,644.058,355.942,0.0,,3.883551229996308,1,51.8,33.362204399999996,18.437795599999998,,
2023-07-03 20:00:00,blended,AE operation,AE operation (blended),534.862,97.0,blended,0.534862,0.46513800000000005,534.862,465.13800000000003,0.0,,4.826230787955,1,51.8,27.705851599999995,24.0941484,,
2023-07-03 20:30:00,blended,AE operation,AE operation (blended),534.862,92.0,blended,0.534862,0.46513800000000005,534.862,465.13800000000003,0.0,,4.483316801803017,1,51.8,27.705851599999995,24.0941484,,
2023-07-03 21:00:00,blended,AE operation,AE operation (blended),449.448,85.0,blended,0.44944799999999996,0.550552,449.448,550.552,0.0,,4.913666092297734,1,51.8,23.281406399999998,28.5185936,,
2023-07-03 21:30:00,blended,AE operation,AE operation (blended),449.448,71.0,blended,0.44944799999999996,0.550552,449.448,550.552,0.0,,4.199253255131177,1,51.8,23.281406399999998,28.5185936,,
2023-07-03 22:00:00,blended,AE operation,AE operation (blended),434.066,69.0,blended,0.43406599999999995,0.565934,434.066,565.9340000000001,0.0,,4.185857353650082,1,51.8,22.484618799999996,29.3153812,,
2023-07-03 22:30:00,blended,AE operation,AE operation (blended),434.066,62.0,blended,0.43406599999999995,0.565934,434.066,565.9340000000001,0.0,,3.9436033636259724,1,51.8,22.484618799999996,29.3153812,,
2023-07-03 23:00:00,blended,AE operation,AE operation (blended),427.468,66.0,blended,0.427468,0.572532,427.468,572.532,0.0,,3.9519846873711666,1,51.8,22.1428424,29.6571576,,
2023-07-03 23:30:00,blended,AE operation,AE operation (blended),427.468,63.0,blended,0.427468,0.572532,427.468,572.532,0.0,,3.862645907973202,1,51.8,22.1428424,29.6571576,,
2023-07-06 00:00:00,blended,AE operation,AE operation (blended),352.384,172.0,blended,0.35238400000000003,0.647616,352.384,647.616,0.0,,9.63790812016955,1,51.8,18.2534912,33.5465088,,
2023-07-06 00:30:00,blended,AE operation,AE operation (blended),352.384,171.0,blended,0.35238400000000003,0.647616,352.384,647.616,0.0,,9.513015299094548,1,51.8,18.2534912,33.5465088,,
2023-07-06 01:00:00,blended,AE operation,AE operation (blended),325.146,173.0,blended,0.325146,0.6748540000000001,325.146,674.854,0.0,,9.934727338235929,1,51.8,16.8425628,34.9574372,,
2023-07-06 01:30:00,blended,AE operation,AE operation (blended),325.146,173.0,blended,0.325146,0.6748540000000001,325.146,674.854,0.0,,10.031903390151246,1,51.8,16.8425628,34.9574372,,
2023-07-06 02:00:00,blended,AE operation,AE operation (blended),312.968,176.0,blended,0.312968,0.687032,312.968,687.0319999999999,0.0,,10.317211498135611,1,51.8,16.211742400000002,35.5882576,,
2023-07-06 02:30:00,blended,AE operation,AE operation (blended),312.968,175.0,blended,0.312968,0.687032,312.968,687.0319999999999,0.0,,10.233341258982025,1,51.8,16.211742400000002,35.5882576,,
2023-07-06 03:00:00,blended,AE operation,AE operation (blended),310.467,171.0,blended,0.310467,0.689533,310.467,689.5329999999999,0.0,,10.175124120795024,1,51.8,16.082190599999997,35.71780939999999,,
2023-07-06 03:30:00,blended,AE operation,AE operation (blended),310.467,168.0,blended,0.310467,0.689533,310.467,689.5329999999999,0.0,,10.02571931002062,1,51.8,16.082190599999997,35.71780939999999,,
2023-07-06 04:00:00,blended,AE operation,AE operation (blended),274.43,165.0,blended,0.27443,0.72557,274.43,725.57,0.0,,10.633031446358814,1,51.8,14.215474,37.584526000000004,,
2023-07-06 04:30:00,blended,AE operation,AE operation (blended),274.43,167.0,blended,0.27443,0.72557,274.43,725.57,0.0,,10.99351067846391,1,51.8,14.215474,37.584526000000004,,
2023-07-06 05:00:00,blended,AE operation,AE operation (blended),163.996,166.0,blended,0.163996,0.836004,163.996,836.004,0.0,,13.061512737341808,1,51.8,8.4949928,43.3050072,,
2023-07-06 05:30:00,blended,AE operation,AE operation (blended),163.996,167.0,blended,0.163996,0.836004,163.996,836.004,0.0,,13.782069574323005,1,51.8,8.4949928,43.3050072,,
2023-07-06 06:00:00,blended,AE operation,AE operation (blended),160.443,161.0,blended,0.160443,0.839557,160.443,839.557,0.0,,13.13083699768566,1,51.8,8.3109474,43.4890526,,
2023-07-06 06:30:00,blended,AE operation,AE operation (blended),160.443,160.0,blended,0.160443,0.839557,160.443,839.557,0.0,,13.082810552998872,1,51.8,8.3109474,43.4890526,,
2023-07-06 07:00:00,blended,AE operation,AE operation (blended),205.062,153.0,blended,0.20506200000000002,0.7949379999999999,205.062,794.9379999999999,0.0,,11.38298033644998,1,51.8,10.6222116,41.1777884,,
2023-07-06 07:30:00,blended,AE operation,AE operation (blended),205.062,151.0,blended,0.20506200000000002,0.7949379999999999,205.062,794.9379999999999,0.0,,10.945926137909284,1,51.8,10.6222116,41.1777884,,
2023-07-06 08:00:00,blended,AE operation,AE operation (blended),227.415,143.0,blended,0.22741499999999998,0.7725850000000001,227.415,772.585,0.0,,10.253729937149886,1,51.8,11.780096999999998,40.019903,,
2023-07-06 08:30:00,blended,AE operation,AE operation (blended),227.415,133.0,blended,0.22741499999999998,0.7725850000000001,227.415,772.585,0.0,,9.683441437907202,1,51.8,11.780096999999998,40.019903,,
2023-07-06 09:00:00,blended,AE operation,AE operation (blended),243.017,126.0,blended,0.24301699999999998,0.756983,243.017,756.983,0.0,,9.177575075722078,1,51.8,12.5882806,39.21171939999999,,
2023-07-06 09:30:00,blended,AE operation,AE operation (blended),243.017,124.0,blended,0.24301699999999998,0.756983,243.017,756.983,0.0,,9.106882849175092,1,51.8,12.5882806,39.21171939999999,,
2023-07-06 10:00:00,blended,AE operation,AE operation (blended),268.893,129.0,blended,0.268893,0.731107,268.893,731.107,0.0,,8.910026490998579,1,51.8,13.928657399999999,37.8713426,,
2023-07-06 10:30:00,blended,AE operation,AE operation (blended),268.893,128.0,blended,0.268893,0.731107,268.893,731.107,0.0,,8.795169769249434,1,51.8,13.928657399999999,37.8713426,,
2023-07-06 11:00:00,blended,AE operation,AE operation (blended),302.432,129.0,blended,0.30243200000000003,0.697568,302.432,697.568,0.0,,8.454287864817879,1,51.8,15.665977600000002,36.1340224,,
2023-07-06 11:30:00,blended,AE operation,AE operation (blended),302.432,125.0,blended,0.30243200000000003,0.697568,302.432,697.568,0.0,,8.240785052250628,1,51.8,15.665977600000002,36.1340224,,
2023-07-06 12:00:00,blended,AE operation,AE operation (blended),336.749,128.0,blended,0.336749,0.663251,336.749,663.2510000000001,0.0,,7.843111400598616,1,51.8,17.4435982,34.3564018,,
2023-07-06 12:30:00,blended,AE operation,AE operation (blended),336.749,120.0,blended,0.336749,0.663251,336.749,663.2510000000001,0.0,,7.449900768697749,1,51.8,17.4435982,34.3564018,,
2023-07-06 13:00:00,blended,AE operation,AE operation (blended),364.761,113.0,blended,0.364761,0.635239,364.761,635.239,0.0,,6.918980401298762,1,51.8,18.894619799999997,32.905380199999996,,
2023-07-06 13:30:00,blended,AE operation,AE operation (blended),364.761,106.0,blended,0.364761,0.635239,364.761,635.239,0.0,,6.519318792202459,1,51.8,18.894619799999997,32.905380199999996,,
2023-07-06 14:00:00,blended,AE operation,AE operation (blended),388.313,109.0,blended,0.38831299999999996,0.6116870000000001,388.313,611.6870000000001,0.0,,6.512002358917886,1,51.8,20.114613399999996,31.685386600000005,,
2023-07-06 14:30:00,blended,AE operation,AE operation (blended),388.313,112.0,blended,0.38831299999999996,0.6116870000000001,388.313,611.6870000000001,0.0,,6.568042462704966,1,51.8,20.114613399999996,31.685386600000005,,
2023-07-06 15:00:00,blended,AE operation,AE operation (blended),414.143,112.0,blended,0.414143,0.5858570000000001,414.143,585.8570000000001,0.0,,6.467485780433872,1,51.8,21.452607399999998,30.347392600000003,,
2023-07-06 15:30:00,blended,AE operation,AE operation (blended),414.143,114.0,blended,0.414143,0.5858570000000001,414.143,585.8570000000001,0.0,,6.507646651026729,1,51.8,21.452607399999998,30.347392600000003,,
2023-07-06 16:00:00,blended,AE operation,AE operation (blended),441.47,123.0,blended,0.44147000000000003,0.55853,441.47,558.53,0.0,,6.51678463676774,1,51.8,22.868146,28.931853999999998,,
2023-07-06 16:30:00,blended,AE operation,AE operation (blended),441.47,134.0,blended,0.44147000000000003,0.55853,441.47,558.53,0.0,,6.880705261758805,1,51.8,22.868146,28.931853999999998,,
2023-07-06 17:00:00,blended,AE operation,AE operation (blended),439.619,139.0,blended,0.43961900000000004,0.560381,439.619,560.381,0.0,,7.190597787322992,1,51.8,22.772264200000002,29.0277358,,
2023-07-06 17:30:00,blended,AE operation,AE operation (blended),439.619,142.0,blended,0.43961900000000004,0.560381,439.619,560.381,0.0,,7.355311261528792,1,51.8,22.772264200000002,29.0277358,,
2023-07-06 18:00:00,blended,AE operation,AE operation (blended),410.888,140.0,blended,0.410888,0.5891120000000001,410.888,589.1120000000001,0.0,,7.633404084673023,1,51.8,21.283998399999998,30.516001600000003,,
2023-07-06 18:30:00,blended,AE operation,AE operation (blended),410.888,148.0,blended,0.410888,0.5891120000000001,410.888,589.1120000000001,0.0,,8.15107037203359,1,51.8,21.283998399999998,30.516001600000003,,
2023-07-06 19:00:00,blended,AE operation,AE operation (blended),388.131,150.0,blended,0.38813099999999995,0.611869,388.131,611.869,0.0,,8.232180930424288,1,51.8,20.105185799999997,31.6948142,,
2023-07-06 19:30:00,blended,AE operation,AE operation (blended),388.131,151.0,blended,0.38813099999999995,0.611869,388.131,611.869,0.0,,8.086458621910381,1,51.8,20.105185799999997,31.6948142,,
2023-07-06 20:00:00,blended,AE operation,AE operation (blended),400.175,152.0,blended,0.400175,0.599825,400.175,599.825,0.0,,7.882292549055728,1,51.8,20.729065,31.070935000000002,,
2023-07-06 20:30:00,blended,AE operation,AE operation (blended),400.175,149.0,blended,0.400175,0.599825,400.175,599.825,0.0,,7.812660866037999,1,51.8,20.729065,31.070935000000002,,
2023-07-06 21:00:00,blended,AE operation,AE operation (blended),400.482,146.0,blended,0.400482,0.599518,400.482,599.518,0.0,,7.629766464085231,1,51.8,20.7449676,31.055032399999998,,
2023-07-06 21:30:00,blended,AE operation,AE operation (blended),400.482,136.0,blended,0.400482,0.599518,400.482,599.518,0.0,,7.182507980512981,1,51.8,20.7449676,31.055032399999998,,
2023-07-06 22:00:00,blended,AE operation,AE operation (blended),388.199,128.0,blended,0.388199,0.611801,388.199,611.801,0.0,,7.003389831608933,1,51.8,20.1087082,31.691291800000002,,
2023-07-06 22:30:00,blended,AE operation,AE operation (blended),388.199,119.0,blended,0.388199,0.611801,388.199,611.801,0.0,,6.408409194909196,1,51.8,20.1087082,31.691291800000002,,
2023-07-06 23:00:00,blended,AE operation,AE operation (blended),363.457,117.0,blended,0.363457,0.6365430000000001,363.457,636.5430000000001,0.0,,6.412555951385677,1,51.8,18.827072599999997,32.9729274,,
2023-07-06 23:30:00,blended,AE operation,AE operation (blended),363.457,110.0,blended,0.363457,0.6365430000000001,363.457,636.5430000000001,0.0,,6.113555193642648,1,51.8,18.827072599999997,32.9729274,,
2023-08-31 00:00:00,blended,AE operation,AE operation (blended),159.868,220.0,blended,0.15986799999999998,0.840132,159.868,840.132,0.0,,15.018389554196983,1,51.8,8.2811624,43.5188376,,
2023-08-31 00:30:00,blended,AE operation,AE operation (blended),159.868,222.0,blended,0.15986799999999998,0.840132,159.868,840.132,0.0,,15.106453986520776,1,51.8,8.2811624,43.5188376,,
2023-08-31 01:00:00,blended,AE operation,AE operation (blended),128.786,224.0,blended,0.128786,0.8712139999999999,128.786,871.2139999999999,0.0,,15.600975680054358,1,51.8,6.671114800000001,45.12888519999999,,
2023-08-31 01:30:00,blended,AE operation,AE operation (blended),128.786,225.0,blended,0.128786,0.8712139999999999,128.786,871.2139999999999,0.0,,15.632824489094439,1,51.8,6.671114800000001,45.12888519999999,,
2023-08-31 02:00:00,blended,AE operation,AE operation (blended),95.28,221.0,blended,0.09528,0.90472,95.28,904.7199999999999,0.0,,16.009250445446956,1,51.8,4.935504,46.864495999999995,,
2023-08-31 02:30:00,blended,AE operation,AE operation (blended),95.28,221.0,blended,0.09528,0.90472,95.28,904.7199999999999,0.0,,16.01485853927449,1,51.8,4.935504,46.864495999999995,,
2023-08-31 03:00:00,blended,AE operation,AE operation (blended),54.83,220.0,blended,0.05483,0.94517,54.83,945.17,0.0,,16.683228856857454,1,51.8,2.840194,48.95980599999999,,
2023-08-31 03:30:00,blended,AE operation,AE operation (blended),54.83,222.0,blended,0.05483,0.94517,54.83,945.17,0.0,,16.828962287234425,1,51.8,2.840194,48.95980599999999,,
2023-08-31 04:00:00,blended,AE operation,AE operation (blended),22.303,227.0,blended,0.022303,0.977697,22.303,977.697,0.0,,17.81702615198038,1,51.8,1.1552954,50.6447046,,
2023-08-31 04:30:00,blended,AE operation,AE operation (blended),22.303,236.0,blended,0.022303,0.977697,22.303,977.697,0.0,,18.24021779237237,1,51.8,1.1552954,50.6447046,,
2023-08-31 05:00:00,blended,AE operation,AE operation (blended),5.246,239.0,blended,0.005246000000000001,0.994754,5.246,994.754,0.0,,18.84029088539518,1,51.8,0.2717428,51.5282572,,
2023-08-31 05:30:00,blended,AE operation,AE operation (blended),5.246,243.0,blended,0.005246000000000001,0.994754,5.246,994.754,0.0,,19.230764372335955,1,51.8,0.2717428,51.5282572,,
2023-08-31 06:00:00,blended,AE operation,AE operation (blended),3.199,239.0,blended,0.003199,0.996801,3.199,996.801,0.0,,19.461632218344167,1,51.8,0.1657082,51.6342918,,
2023-08-31 06:30:00,blended,AE operation,AE operation (blended),3.199,233.0,blended,0.003199,0.996801,3.199,996.801,0.0,,19.61636720921803,1,51.8,0.1657082,51.6342918,,
2023-08-31 07:00:00,blended,AE operation,AE operation (blended),19.094,216.0,blended,0.019094,0.9809060000000001,19.094,980.9060000000001,0.0,,17.699894402064146,1,51.8,0.9890692,50.8109308,,
2023-08-31 07:30:00,blended,AE operation,AE operation (blended),19.094,212.0,blended,0.019094,0.9809060000000001,19.094,980.9060000000001,0.0,,17.17645146602531,1,51.8,0.9890692,50.8109308,,
2023-08-31 08:00:00,blended,AE operation,AE operation (blended),82.651,201.0,blended,0.082651,0.917349,82.651,917.3489999999999,0.0,,15.5182606553962,1,51.8,4.2813218,47.5186782,,
2023-08-31 08:30:00,blended,AE operation,AE operation (blended),82.651,196.0,blended,0.082651,0.917349,82.651,917.3489999999999,0.0,,15.14469352919691,1,51.8,4.2813218,47.5186782,,
2023-08-31 09:00:00,blended,AE operation,AE operation (blended),120.201,196.0,blended,0.12020099999999999,0.879799,120.201,879.799,0.0,,14.479710430056057,1,51.8,6.226411799999999,45.573588199999996,,
2023-08-31 09:30:00,blended,AE operation,AE operation (blended),120.201,190.0,blended,0.12020099999999999,0.879799,120.201,879.799,0.0,,14.174576531874054,1,51.8,6.226411799999999,45.573588199999996,,
2023-08-31 10:00:00,blended,AE operation,AE operation (blended),132.361,182.0,blended,0.13236099999999998,0.867639,132.361,867.639,0.0,,13.528422761102437,1,51.8,6.856299799999999,44.9437002,,
2023-08-31 10:30:00,blended,AE operation,AE operation (blended),132.361,179.0,blended,0.13236099999999998,0.867639,132.361,867.639,0.0,,13.43330380611067,1,51.8,6.856299799999999,44.9437002,,
2023-08-31 11:00:00,blended,AE operation,AE operation (blended),143.99,177.0,blended,0.14399,0.8560099999999999,143.99,856.01,0.0,,13.328433464423705,1,51.8,7.458682,44.341317999999994,,
2023-08-31 11:30:00,blended,AE operation,AE operation (blended),143.99,176.0,blended,0.14399,0.8560099999999999,143.99,856.01,0.0,,13.242720578165542,1,51.8,7.458682,44.341317999999994,,
2023-08-31 12:00:00,blended,AE operation,AE operation (blended),161.256,178.0,blended,0.161256,0.8387439999999999,161.256,838.7439999999999,0.0,,13.134628344860296,1,51.8,8.3530608,43.446939199999996,,
2023-08-31 12:30:00,blended,AE operation,AE operation (blended),161.256,181.0,blended,0.161256,0.8387439999999999,161.256,838.7439999999999,0.0,,13.16411083222129,1,51.8,8.3530608,43.446939199999996,,
2023-08-31 13:00:00,blended,AE operation,AE operation (blended),184.712,188.0,blended,0.184712,0.815288,184.712,815.288,0.0,,13.215143989908233,1,51.8,9.5680816,42.2319184,,
2023-08-31 13:30:00,blended,AE operation,AE operation (blended),184.712,192.0,blended,0.184712,0.815288,184.712,815.288,0.0,,13.332148037425306,1,51.8,9.5680816,42.2319184,,
2023-08-31 14:00:00,blended,AE operation,AE operation (blended),204.223,200.0,blended,0.20422300000000002,0.795777,204.223,795.7769999999999,0.0,,13.525008640073604,1,51.8,10.5787514,41.221248599999996,,
2023-08-31 14:30:00,blended,AE operation,AE operation (blended),204.223,203.0,blended,0.20422300000000002,0.795777,204.223,795.7769999999999,0.0,,13.649993010626853,1,51.8,10.5787514,41.221248599999996,,
2023-08-31 15:00:00,blended,AE operation,AE operation (blended),190.805,207.0,blended,0.190805,0.809195,190.805,809.195,0.0,,14.192808622852874,1,51.8,9.883699,41.916301,,
2023-08-31 15:30:00,blended,AE operation,AE operation (blended),190.805,211.0,blended,0.190805,0.809195,190.805,809.195,0.0,,14.460954812459526,1,51.8,9.883699,41.916301,,
2023-08-31 16:00:00,blended,AE operation,AE operation (blended),154.04,212.0,blended,0.15403999999999998,0.84596,154.04,845.96,0.0,,15.288201492366232,1,51.8,7.979271999999999,43.820728,,
2023-08-31 16:30:00,blended,AE operation,AE operation (blended),154.04,215.0,blended,0.15403999999999998,0.84596,154.04,845.96,0.0,,15.47296262581245,1,51.8,7.979271999999999,43.820728,,
2023-08-31 17:00:00,blended,AE operation,AE operation (blended),141.237,216.0,blended,0.141237,0.8587629999999999,141.237,858.7629999999999,0.0,,16.104518508038765,1,51.8,7.3160766,44.483923399999995,,
2023-08-31 17:30:00,blended,AE operation,AE operation (blended),141.237,215.0,blended,0.141237,0.8587629999999999,141.237,858.7629999999999,0.0,,16.172813796256175,1,51.8,7.3160766,44.483923399999995,,
2023-08-31 18:00:00,blended,AE operation,AE operation (blended),169.644,220.0,blended,0.16964400000000002,0.830356,169.644,830.356,0.0,,15.979745380440747,1,51.8,8.7875592,43.0124408,,
2023-08-31 18:30:00,blended,AE operation,AE operation (blended),169.644,221.0,blended,0.16964400000000002,0.830356,169.644,830.356,0.0,,16.17109523412501,1,51.8,8.7875592,43.0124408,,
2023-08-31 19:00:00,blended,AE operation,AE operation (blended),192.276,221.0,blended,0.192276,0.807724,192.276,807.724,0.0,,15.59754840347693,1,51.8,9.9598968,41.840103199999994,,
2023-08-31 19:30:00,blended,AE operation,AE operation (blended),192.276,223.0,blended,0.192276,0.807724,192.276,807.724,0.0,,15.274699110334012,1,51.8,9.9598968,41.840103199999994,,
2023-08-31 20:00:00,blended,AE operation,AE operation (blended),186.556,231.0,blended,0.186556,0.8134440000000001,186.556,813.4440000000001,0.0,,15.594967296565292,1,51.8,9.6636008,42.1363992,,
2023-08-31 20:30:00,blended,AE operation,AE operation (blended),186.556,230.0,blended,0.186556,0.8134440000000001,186.556,813.4440000000001,0.0,,15.340359722686939,1,51.8,9.6636008,42.1363992,,
2023-08-31 21:00:00,blended,AE operation,AE operation (blended),174.321,233.0,blended,0.174321,0.825679,174.321,825.6790000000001,0.0,,15.659001283687273,1,51.8,9.0298278,42.7701722,,
2023-08-31 21:30:00,blended,AE operation,AE operation (blended),174.321,228.0,blended,0.174321,0.825679,174.321,825.6790000000001,0.0,,15.418507297582224,1,51.8,9.0298278,42.7701722,,
2023-08-31 22:00:00,blended,AE operation,AE operation (blended),161.875,214.0,blended,0.161875,0.838125,161.875,838.125,0.0,,14.829314242156338,1,51.8,8.385124999999999,43.414874999999995,,
2023-08-31 22:30:00,blended,AE operation,AE operation (blended),161.875,209.0,blended,0.161875,0.838125,161.875,838.125,0.0,,14.571648201281107,1,51.8,8.385124999999999,43.414874999999995,,
2023-08-31 23:00:00,blended,AE operation,AE operation (blended),154.562,215.0,blended,0.154562,0.845438,154.562,845.438,0.0,,14.919928502372159,1,51.8,8.0063116,43.7936884,,
2023-08-31 23:30:00,blended,AE operation,AE operation (blended),154.562,215.0,blended,0.154562,0.845438,154.562,845.438,0.0,,14.942481053069002,1,51.8,8.0063116,43.7936884,,
2023-09-09 00:00:00,blended,AE operation,AE operation (blended),33.099,237.0,blended,0.033098999999999996,0.966901,33.099,966.9010000000001,0.0,,18.449340400130072,1,51.8,1.7145281999999997,50.0854718,,
2023-09-09 00:30:00,blended,AE operation,AE operation (blended),33.099,231.0,blended,0.033098999999999996,0.966901,33.099,966.9010000000001,0.0,,18.19440779579185,1,51.8,1.7145281999999997,50.0854718,,
2023-09-09 01:00:00,blended,AE operation,AE operation (blended),22.428,220.0,blended,0.022428,0.977572,22.428,977.572,0.0,,17.657528194528457,1,51.8,1.1617704,50.638229599999995,,
2023-09-09 01:30:00,blended,AE operation,AE operation (blended),22.428,217.0,blended,0.022428,0.977572,22.428,977.572,0.0,,17.434549773129877,1,51.8,1.1617704,50.638229599999995,,
2023-09-09 02:00:00,blended,AE operation,AE operation (blended),15.235,214.0,blended,0.015235,0.984765,15.235,984.765,0.0,,17.44151807338915,1,51.8,0.789173,51.010827,,
2023-09-09 02:30:00,blended,AE operation,AE operation (blended),15.235,211.0,blended,0.015235,0.984765,15.235,984.765,0.0,,17.224132651328418,1,51.8,0.789173,51.010827,,
2023-09-09 03:00:00,blended,AE operation,AE operation (blended),12.635,208.0,blended,0.012635,0.987365,12.635,987.365,0.0,,17.088346176797938,1,51.8,0.654493,51.145507,,
2023-09-09 03:30:00,blended,AE operation,AE operation (blended),12.635,206.0,blended,0.012635,0.987365,12.635,987.365,0.0,,17.02825709471748,1,51.8,0.654493,51.145507,,
2023-09-09 04:00:00,blended,AE operation,AE operation (blended),13.818,214.0,blended,0.013818,0.986182,13.818,986.182,0.0,,17.33600584858475,1,51.8,0.7157724,51.0842276,,
2023-09-09 04:30:00,blended,AE operation,AE operation (blended),13.818,214.0,blended,0.013818,0.986182,13.818,986.182,0.0,,17.559973838466995,1,51.8,0.7157724,51.0842276,,
2023-09-09 05:00:00,blended,AE operation,AE operation (blended),15.62,215.0,blended,0.015619999999999998,0.98438,15.62,984.38,0.0,,17.55236445595638,1,51.8,0.8091159999999998,50.990884,,
2023-09-09 05:30:00,blended,AE operation,AE operation (blended),15.62,212.0,blended,0.015619999999999998,0.98438,15.62,984.38,0.0,,17.76332298877598,1,51.8,0.8091159999999998,50.990884,,
2023-09-09 06:00:00,blended,AE operation,AE operation (blended),16.993,203.0,blended,0.016992999999999998,0.983007,16.993,983.007,0.0,,16.876591136723874,1,51.8,0.8802373999999998,50.9197626,,
2023-09-09 06:30:00,blended,AE operation,AE operation (blended),16.993,196.0,blended,0.016992999999999998,0.983007,16.993,983.007,0.0,,16.75664420949291,1,51.8,0.8802373999999998,50.9197626,,
2023-09-09 07:00:00,blended,AE operation,AE operation (blended),13.383,186.0,blended,0.013382999999999999,0.986617,13.383,986.617,0.0,,15.708977697243926,1,51.8,0.6932394,51.106760599999994,,
2023-09-09 07:30:00,blended,AE operation,AE operation (blended),13.383,180.0,blended,0.013382999999999999,0.986617,13.383,986.617,0.0,,15.331685324002724,1,51.8,0.6932394,51.106760599999994,,
2023-09-09 08:00:00,blended,AE operation,AE operation (blended),8.718,170.0,blended,0.008718,0.991282,8.718,991.282,0.0,,14.776869305491775,1,51.8,0.4515924,51.348407599999994,,
2023-09-09 08:30:00,blended,AE operation,AE operation (blended),8.718,162.0,blended,0.008718,0.991282,8.718,991.282,0.0,,14.407718109751375,1,51.8,0.4515924,51.348407599999994,,
2023-09-09 09:00:00,blended,AE operation,AE operation (blended),15.282,154.0,blended,0.015282,0.984718,15.282,984.718,0.0,,13.778587232976081,1,51.8,0.7916076,51.0083924,,
2023-09-09 09:30:00,blended,AE operation,AE operation (blended),15.282,143.0,blended,0.015282,0.984718,15.282,984.718,0.0,,12.78885612818049,1,51.8,0.7916076,51.0083924,,
2023-09-09 10:00:00,blended,AE operation,AE operation (blended),16.394,135.0,blended,0.016394,0.983606,16.394,983.606,0.0,,12.190724563233884,1,51.8,0.8492091999999999,50.95079079999999,,
2023-09-09 10:30:00,blended,AE operation,AE operation (blended),16.394,127.0,blended,0.016394,0.983606,16.394,983.606,0.0,,11.609316920595196,1,51.8,0.8492091999999999,50.95079079999999,,
2023-09-09 11:00:00,blended,AE operation,AE operation (blended),13.494,121.0,blended,0.013493999999999999,0.986506,13.494,986.506,0.0,,11.230882478272784,1,51.8,0.6989891999999999,51.1010108,,
2023-09-09 11:30:00,blended,AE operation,AE operation (blended),13.494,119.0,blended,0.013493999999999999,0.986506,13.494,986.506,0.0,,11.105115321568437,1,51.8,0.6989891999999999,51.1010108,,
2023-09-09 12:00:00,blended,AE operation,AE operation (blended),12.267,118.0,blended,0.012267,0.987733,12.267,987.733,0.0,,11.01691866867605,1,51.8,0.6354306,51.1645694,,
2023-09-09 12:30:00,blended,AE operation,AE operation (blended),12.267,118.0,blended,0.012267,0.987733,12.267,987.733,0.0,,10.994068503017226,1,51.8,0.6354306,51.1645694,,
2023-09-09 13:00:00,blended,AE operation,AE operation (blended),12.379,120.0,blended,0.012379,0.987621,12.379,987.621,0.0,,11.161957205070593,1,51.8,0.6412321999999999,51.15876779999999,,
2023-09-09 13:30:00,blended,AE operation,AE operation (blended),12.379,126.0,blended,0.012379,0.987621,12.379,987.621,0.0,,11.547501825687922,1,51.8,0.6412321999999999,51.15876779999999,,
2023-09-09 14:00:00,blended,AE operation,AE operation (blended),13.106,137.0,blended,0.013106,0.986894,13.106,986.894,0.0,,12.211879839814284,1,51.8,0.6788907999999999,51.1211092,,
2023-09-09 14:30:00,blended,AE operation,AE operation (blended),13.106,145.0,blended,0.013106,0.986894,13.106,986.894,0.0,,12.844776316135084,1,51.8,0.6788907999999999,51.1211092,,
2023-09-09 15:00:00,blended,AE operation,AE operation (blended),14.111,161.0,blended,0.014111,0.985889,14.111,985.889,0.0,,14.177383495512336,1,51.8,0.7309498,51.0690502,,
2023-09-09 15:30:00,blended,AE operation,AE operation (blended),14.111,180.0,blended,0.014111,0.985889,14.111,985.889,0.0,,15.420819203503651,1,51.8,0.7309498,51.0690502,,
2023-09-09 16:00:00,blended,AE operation,AE operation (blended),14.876,204.0,blended,0.014875999999999999,0.985124,14.876,985.124,0.0,,17.310332510663326,1,51.8,0.7705767999999998,51.0294232,,
2023-09-09 16:30:00,blended,AE operation,AE operation (blended),14.876,221.0,blended,0.014875999999999999,0.985124,14.876,985.124,0.0,,18.586515945125733,1,51.8,0.7705767999999998,51.0294232,,
2023-09-09 17:00:00,blended,AE operation,AE operation (blended),16.779,238.0,blended,0.016779,0.983221,16.779,983.221,0.0,,20.172278246149478,1,51.8,0.8691521999999999,50.930847799999995,,
2023-09-09 17:30:00,blended,AE operation,AE operation (blended),16.779,249.0,blended,0.016779,0.983221,16.779,983.221,0.0,,21.1508599637341,1,51.8,0.8691521999999999,50.930847799999995,,
2023-09-09 18:00:00,blended,AE operation,AE operation (blended),22.767,252.0,blended,0.022767,0.977233,22.767,977.2330000000001,0.0,,21.19410173205585,1,51.8,1.1793306,50.6206694,,
2023-09-09 18:30:00,blended,AE operation,AE operation (blended),22.767,253.0,blended,0.022767,0.977233,22.767,977.2330000000001,0.0,,21.470989670637472,1,51.8,1.1793306,50.6206694,,
2023-09-09 19:00:00,blended,AE operation,AE operation (blended),27.838,260.0,blended,0.027838,0.972162,27.838,972.1619999999999,0.0,,21.201346570161437,1,51.8,1.4420084,50.3579916,,
2023-09-09 19:30:00,blended,AE operation,AE operation (blended),27.838,262.0,blended,0.027838,0.972162,27.838,972.1619999999999,0.0,,20.77318337981349,1,51.8,1.4420084,50.3579916,,
2023-09-09 20:00:00,blended,AE operation,AE operation (blended),36.319,271.0,blended,0.036319000000000004,0.963681,36.319,963.681,0.0,,20.87240794102741,1,51.8,1.8813242000000001,49.918675799999995,,
2023-09-09 20:30:00,blended,AE operation,AE operation (blended),36.319,272.0,blended,0.036319000000000004,0.963681,36.319,963.681,0.0,,20.62419984574207,1,51.8,1.8813242000000001,49.918675799999995,,
2023-09-09 21:00:00,blended,AE operation,AE operation (blended),34.662,276.0,blended,0.034662,0.965338,34.662,965.3380000000001,0.0,,20.73358423340087,1,51.8,1.7954915999999999,50.0045084,,
2023-09-09 21:30:00,blended,AE operation,AE operation (blended),34.662,270.0,blended,0.034662,0.965338,34.662,965.3380000000001,0.0,,20.436321501412298,1,51.8,1.7954915999999999,50.0045084,,
2023-09-09 22:00:00,blended,AE operation,AE operation (blended),28.97,249.0,blended,0.02897,0.97103,28.97,971.03,0.0,,19.37479824344044,1,51.8,1.500646,50.299353999999994,,
2023-09-09 22:30:00,blended,AE operation,AE operation (blended),28.97,239.0,blended,0.02897,0.97103,28.97,971.03,0.0,,18.725818738324442,1,51.8,1.500646,50.299353999999994,,
2023-09-09 23:00:00,blended,AE operation,AE operation (blended),33.64,227.0,blended,0.03364,0.96636,33.64,966.36,0.0,,18.21254659755482,1,51.8,1.742552,50.057447999999994,,
2023-09-09 23:30:00,blended,AE operation,AE operation (blended),33.64,227.0,blended,0.03364,0.96636,33.64,966.36,0.0,,18.026385761820798,1,51.8,1.742552,50.057447999999994,,
2023-09-19 00:00:00,blended,AE operation,AE operation (blended),500.712,54.0,blended,0.5007119999999999,0.49928800000000007,500.71199999999993,499.28800000000007,0.0,,3.150389206814993,1,51.8,25.936881599999996,25.8631184,,
2023-09-19 00:30:00,blended,AE operation,AE operation (blended),500.712,55.0,blended,0.5007119999999999,0.49928800000000007,500.71199999999993,499.28800000000007,0.0,,3.1998431263311646,1,51.8,25.936881599999996,25.8631184,,
2023-09-19 01:00:00,blended,AE operation,AE operation (blended),497.394,54.0,blended,0.497394,0.502606,497.394,502.606,0.0,,2.9647168167232865,1,51.8,25.765009199999998,26.0349908,,
2023-09-19 01:30:00,blended,AE operation,AE operation (blended),497.394,55.0,blended,0.497394,0.502606,497.394,502.606,0.0,,3.0186226725584806,1,51.8,25.765009199999998,26.0349908,,
2023-09-19 02:00:00,blended,AE operation,AE operation (blended),486.448,56.0,blended,0.486448,0.513552,486.448,513.552,0.0,,3.107356279594404,1,51.8,25.198006399999997,26.6019936,,
2023-09-19 02:30:00,blended,AE operation,AE operation (blended),486.448,57.0,blended,0.486448,0.513552,486.448,513.552,0.0,,3.1772005576055755,1,51.8,25.198006399999997,26.6019936,,
2023-09-19 03:00:00,blended,AE operation,AE operation (blended),476.742,59.0,blended,0.476742,0.523258,476.742,523.258,0.0,,3.382978462907794,1,51.8,24.6952356,27.104764399999997,,
2023-09-19 03:30:00,blended,AE operation,AE operation (blended),476.742,64.0,blended,0.476742,0.523258,476.742,523.258,0.0,,3.604381496902119,1,51.8,24.6952356,27.104764399999997,,
2023-09-19 04:00:00,blended,AE operation,AE operation (blended),512.122,60.0,blended,0.512122,0.48787800000000003,512.122,487.87800000000004,0.0,,3.314891762453933,1,51.8,26.527919599999997,25.2720804,,
2023-09-19 04:30:00,blended,AE operation,AE operation (blended),512.122,62.0,blended,0.512122,0.48787800000000003,512.122,487.87800000000004,0.0,,3.440381151420293,1,51.8,26.527919599999997,25.2720804,,
2023-09-19 05:00:00,blended,AE operation,AE operation (blended),587.945,64.0,blended,0.587945,0.41205499999999995,587.945,412.05499999999995,0.0,,3.123966405827023,1,51.8,30.455551,21.344448999999997,,
2023-09-19 05:30:00,blended,AE operation,AE operation (blended),587.945,70.0,blended,0.587945,0.41205499999999995,587.945,412.05499999999995,0.0,,3.6045065599720583,1,51.8,30.455551,21.344448999999997,,
2023-09-19 06:00:00,blended,AE operation,AE operation (blended),675.349,69.0,blended,0.6753490000000001,0.3246509999999999,675.349,324.6509999999999,0.0,,3.139328706422505,1,51.8,34.9830782,16.816921799999996,,
2023-09-19 06:30:00,blended,AE operation,AE operation (blended),675.349,62.0,blended,0.6753490000000001,0.3246509999999999,675.349,324.6509999999999,0.0,,3.105281399263892,1,51.8,34.9830782,16.816921799999996,,
2023-09-19 07:00:00,blended,AE operation,AE operation (blended),809.258,57.0,blended,0.809258,0.19074199999999997,809.258,190.74199999999996,0.0,,2.1640031481102,1,51.8,41.9195644,9.880435599999998,,
2023-09-19 07:30:00,blended,AE operation,AE operation (blended),809.258,61.0,blended,0.809258,0.19074199999999997,809.258,190.74199999999996,0.0,,2.189259610219573,1,51.8,41.9195644,9.880435599999998,,
2023-09-19 08:00:00,blended,AE operation,AE operation (blended),912.726,57.0,blended,0.912726,0.08727399999999996,912.726,87.27399999999996,0.0,,1.4928171321882668,1,51.8,47.2792068,4.520793199999998,,
2023-09-19 08:30:00,blended,AE operation,AE operation (blended),912.726,54.0,blended,0.912726,0.08727399999999996,912.726,87.27399999999996,0.0,,1.485538514284635,1,51.8,47.2792068,4.520793199999998,,
2023-09-19 09:00:00,blended,AE operation,AE operation (blended),959.186,58.0,blended,0.959186,0.04081400000000002,959.186,40.814000000000014,0.0,,1.190688649237395,1,51.8,49.685834799999995,2.114165200000001,,
2023-09-19 09:30:00,blended,AE operation,AE operation (blended),959.186,59.0,blended,0.959186,0.04081400000000002,959.186,40.814000000000014,0.0,,1.1903023956414696,1,51.8,49.685834799999995,2.114165200000001,,
2023-09-19 10:00:00,blended,AE operation,AE operation (blended),971.967,55.0,blended,0.971967,0.028032999999999975,971.967,28.032999999999973,0.0,,1.1045587862147044,1,51.8,50.3478906,1.4521093999999986,,
2023-09-19 10:30:00,blended,AE operation,AE operation (blended),971.967,53.0,blended,0.971967,0.028032999999999975,971.967,28.032999999999973,0.0,,1.1005373232170725,1,51.8,50.3478906,1.4521093999999986,,
2023-09-19 11:00:00,blended,AE operation,AE operation (blended),975.799,54.0,blended,0.975799,0.024201000000000028,975.799,24.20100000000003,0.0,,1.0737725113625753,1,51.8,50.546388199999996,1.2536118000000014,,
2023-09-19 11:30:00,blended,AE operation,AE operation (blended),975.799,54.0,blended,0.975799,0.024201000000000028,975.799,24.20100000000003,0.0,,1.073572213267584,1,51.8,50.546388199999996,1.2536118000000014,,
2023-09-19 12:00:00,blended,AE operation,AE operation (blended),972.94,54.0,blended,0.97294,0.027059999999999973,972.94,27.059999999999974,0.0,,1.092271498783399,1,51.8,50.398292,1.4017079999999986,,
2023-09-19 12:30:00,blended,AE operation,AE operation (blended),972.94,56.0,blended,0.97294,0.027059999999999973,972.94,27.059999999999974,0.0,,1.0906169119027957,1,51.8,50.398292,1.4017079999999986,,
2023-09-19 13:00:00,blended,AE operation,AE operation (blended),948.096,52.0,blended,0.948096,0.05190399999999995,948.096,51.903999999999954,0.0,,1.2242139132734622,1,51.8,49.1113728,2.6886271999999973,,
2023-09-19 13:30:00,blended,AE operation,AE operation (blended),948.096,50.0,blended,0.948096,0.05190399999999995,948.096,51.903999999999954,0.0,,1.2103480151682904,1,51.8,49.1113728,2.6886271999999973,,
2023-09-19 14:00:00,blended,AE operation,AE operation (blended),909.838,51.0,blended,0.9098379999999999,0.09016200000000008,909.838,90.16200000000008,0.0,,1.4348570012126272,1,51.8,47.129608399999995,4.670391600000004,,
2023-09-19 14:30:00,blended,AE operation,AE operation (blended),909.838,55.0,blended,0.9098379999999999,0.09016200000000008,909.838,90.16200000000008,0.0,,1.4611359475459726,1,51.8,47.129608399999995,4.670391600000004,,
2023-09-19 15:00:00,blended,AE operation,AE operation (blended),905.552,56.0,blended,0.905552,0.09444799999999998,905.552,94.44799999999998,0.0,,1.506908786714007,1,51.8,46.9075936,4.892406399999999,,
2023-09-19 15:30:00,blended,AE operation,AE operation (blended),905.552,60.0,blended,0.905552,0.09444799999999998,905.552,94.44799999999998,0.0,,1.5120466116689293,1,51.8,46.9075936,4.892406399999999,,
2023-09-19 16:00:00,blended,AE operation,AE operation (blended),882.393,61.0,blended,0.882393,0.11760700000000002,882.393,117.60700000000001,0.0,,1.6821108727653786,1,51.8,45.7079574,6.092042600000001,,
2023-09-19 16:30:00,blended,AE operation,AE operation (blended),882.393,62.0,blended,0.882393,0.11760700000000002,882.393,117.60700000000001,0.0,,1.698197787984389,1,51.8,45.7079574,6.092042600000001,,
2023-09-19 17:00:00,blended,AE operation,AE operation (blended),868.053,68.0,blended,0.868053,0.13194700000000004,868.053,131.94700000000003,0.0,,1.8956575885197273,1,51.8,44.9651454,6.834854600000002,,
2023-09-19 17:30:00,blended,AE operation,AE operation (blended),868.053,65.0,blended,0.868053,0.13194700000000004,868.053,131.94700000000003,0.0,,1.8561676544409516,1,51.8,44.9651454,6.834854600000002,,
2023-09-19 18:00:00,blended,AE operation,AE operation (blended),858.554,67.0,blended,0.8585539999999999,0.14144600000000007,858.554,141.44600000000008,0.0,,1.9078220386306426,1,51.8,44.47309719999999,7.326902800000004,,
2023-09-19 18:30:00,blended,AE operation,AE operation (blended),858.554,69.0,blended,0.8585539999999999,0.14144600000000007,858.554,141.44600000000008,0.0,,1.9038113799180894,1,51.8,44.47309719999999,7.326902800000004,,
2023-09-19 19:00:00,blended,AE operation,AE operation (blended),852.832,64.0,blended,0.852832,0.14716799999999997,852.832,147.16799999999998,0.0,,1.8381490101693347,1,51.8,44.1766976,7.623302399999997,,
2023-09-19 19:30:00,blended,AE operation,AE operation (blended),852.832,52.0,blended,0.852832,0.14716799999999997,852.832,147.16799999999998,0.0,,1.663866624133303,1,51.8,44.1766976,7.623302399999997,,
2023-09-19 20:00:00,blended,AE operation,AE operation (blended),852.518,45.0,blended,0.852518,0.147482,852.518,147.482,0.0,,1.5579200366342159,1,51.8,44.1604324,7.6395675999999995,,
2023-09-19 20:30:00,blended,AE operation,AE operation (blended),852.518,37.0,blended,0.852518,0.147482,852.518,147.482,0.0,,1.4775057995560557,1,51.8,44.1604324,7.6395675999999995,,
2023-09-19 21:00:00,blended,AE operation,AE operation (blended),855.763,43.0,blended,0.855763,0.14423699999999995,855.763,144.23699999999994,0.0,,1.5163542126825236,1,51.8,44.3285234,7.471476599999997,,
2023-09-19 21:30:00,blended,AE operation,AE operation (blended),855.763,49.0,blended,0.855763,0.14423699999999995,855.763,144.23699999999994,0.0,,1.5683959617807541,1,51.8,44.3285234,7.471476599999997,,
2023-09-19 22:00:00,blended,AE operation,AE operation (blended),857.037,59.0,blended,0.857037,0.14296299999999995,857.037,142.96299999999997,0.0,,1.6402306436997567,1,51.8,44.3945166,7.405483399999997,,
2023-09-19 22:30:00,blended,AE operation,AE operation (blended),857.037,60.0,blended,0.857037,0.14296299999999995,857.037,142.96299999999997,0.0,,1.6319325096994772,1,51.8,44.3945166,7.405483399999997,,
2023-09-19 23:00:00,blended,AE operation,AE operation (blended),855.77,64.0,blended,0.85577,0.14422999999999997,855.77,144.22999999999996,0.0,,1.665117465618203,1,51.8,44.328886,7.471113999999998,,
2023-09-19 23:30:00,blended,AE operation,AE operation (blended),855.77,61.0,blended,0.85577,0.14422999999999997,855.77,144.22999999999996,0.0,,1.6257117666032233,1,51.8,44.328886,7.471113999999998,,
2023-10-15 00:00:00,blended,AE operation,AE operation (blended),316.239,87.0,blended,0.316239,0.6837610000000001,316.239,683.7610000000001,0.0,,5.398608864501598,1,51.8,16.3811802,35.4188198,,
2023-10-15 00:30:00,blended,AE operation,AE operation (blended),316.239,87.0,blended,0.316239,0.6837610000000001,316.239,683.7610000000001,0.0,,5.373225228733033,1,51.8,16.3811802,35.4188198,,
2023-10-15 01:00:00,blended,AE operation,AE operation (blended),282.47,80.0,blended,0.28247000000000005,0.71753,282.47,717.53,0.0,,5.163155597624609,1,51.8,14.631946000000003,37.168054,,
2023-10-15 01:30:00,blended,AE operation,AE operation (blended),282.47,80.0,blended,0.28247000000000005,0.71753,282.47,717.53,0.0,,5.161923816429865,1,51.8,14.631946000000003,37.168054,,
2023-10-15 02:00:00,blended,AE operation,AE operation (blended),284.214,70.0,blended,0.284214,0.715786,284.214,715.7860000000001,0.0,,4.722495149938362,1,51.8,14.7222852,37.0777148,,
2023-10-15 02:30:00,blended,AE operation,AE operation (blended),284.214,65.0,blended,0.284214,0.715786,284.214,715.7860000000001,0.0,,4.5273162222097945,1,51.8,14.7222852,37.0777148,,
2023-10-15 03:00:00,blended,AE operation,AE operation (blended),288.9,69.0,blended,0.2889,0.7111000000000001,288.9,711.1,0.0,,4.758507558879193,1,51.8,14.965019999999999,36.83498,,
2023-10-15 03:30:00,blended,AE operation,AE operation (blended),288.9,71.0,blended,0.2889,0.7111000000000001,288.9,711.1,0.0,,4.878719301541723,1,51.8,14.965019999999999,36.83498,,
2023-10-15 04:00:00,blended,AE operation,AE operation (blended),271.992,77.0,blended,0.271992,0.728008,271.992,728.008,0.0,,5.292234299757018,1,51.8,14.0891856,37.7108144,,
2023-10-15 04:30:00,blended,AE operation,AE operation (blended),271.992,80.0,blended,0.271992,0.728008,271.992,728.008,0.0,,5.480280569596444,1,51.8,14.0891856,37.7108144,,
2023-10-15 05:00:00,blended,AE operation,AE operation (blended),265.0,71.0,blended,0.265,0.735,265.0,735.0,0.0,,5.212010046368662,1,51.8,13.727,38.073,,
2023-10-15 05:30:00,blended,AE operation,AE operation (blended),265.0,75.0,blended,0.265,0.735,265.0,735.0,0.0,,5.610536251739172,1,51.8,13.727,38.073,,
2023-10-15 06:00:00,blended,AE operation,AE operation (blended),252.633,67.0,blended,0.252633,0.747367,252.633,747.367,0.0,,5.4736995853141925,1,51.8,13.0863894,38.713610599999996,,
2023-10-15 06:30:00,blended,AE operation,AE operation (blended),252.633,71.0,blended,0.252633,0.747367,252.633,747.367,0.0,,5.7682194130906135,1,51.8,13.0863894,38.713610599999996,,
2023-10-15 07:00:00,blended,AE operation,AE operation (blended),220.619,67.0,blended,0.220619,0.779381,220.619,779.381,0.0,,6.011042474949937,1,51.8,11.4280642,40.371935799999996,,
2023-10-15 07:30:00,blended,AE operation,AE operation (blended),220.619,61.0,blended,0.220619,0.779381,220.619,779.381,0.0,,5.729869529417375,1,51.8,11.4280642,40.371935799999996,,
2023-10-15 08:00:00,blended,AE operation,AE operation (blended),193.949,57.0,blended,0.193949,0.806051,193.949,806.0509999999999,0.0,,5.777786117437637,1,51.8,10.0465582,41.7534418,,
2023-10-15 08:30:00,blended,AE operation,AE operation (blended),193.949,55.0,blended,0.193949,0.806051,193.949,806.0509999999999,0.0,,5.728427218136129,1,51.8,10.0465582,41.7534418,,
2023-10-15 09:00:00,blended,AE operation,AE operation (blended),263.754,57.0,blended,0.26375400000000004,0.736246,263.754,736.246,0.0,,5.399997488288324,1,51.8,13.662457200000002,38.1375428,,
2023-10-15 09:30:00,blended,AE operation,AE operation (blended),263.754,58.0,blended,0.26375400000000004,0.736246,263.754,736.246,0.0,,5.448224348403703,1,51.8,13.662457200000002,38.1375428,,
2023-10-15 10:00:00,blended,AE operation,AE operation (blended),264.41,54.0,blended,0.26441000000000003,0.73559,264.41,735.5899999999999,0.0,,5.206869758390525,1,51.8,13.696438,38.103562,,
2023-10-15 10:30:00,blended,AE operation,AE operation (blended),264.41,55.0,blended,0.26441000000000003,0.73559,264.41,735.5899999999999,0.0,,5.263332717154112,1,51.8,13.696438,38.103562,,
2023-10-15 11:00:00,blended,AE operation,AE operation (blended),241.591,55.0,blended,0.241591,0.758409,241.591,758.409,0.0,,5.469137070222959,1,51.8,12.5144138,39.2855862,,
2023-10-15 11:30:00,blended,AE operation,AE operation (blended),241.591,55.0,blended,0.241591,0.758409,241.591,758.409,0.0,,5.462851302995294,1,51.8,12.5144138,39.2855862,,
2023-10-15 12:00:00,blended,AE operation,AE operation (blended),219.778,60.0,blended,0.219778,0.780222,219.778,780.222,0.0,,5.879307901618395,1,51.8,11.3845004,40.4154996,,
2023-10-15 12:30:00,blended,AE operation,AE operation (blended),219.778,62.0,blended,0.219778,0.780222,219.778,780.222,0.0,,5.982104935818456,1,51.8,11.3845004,40.4154996,,
2023-10-15 13:00:00,blended,AE operation,AE operation (blended),196.054,67.0,blended,0.196054,0.803946,196.054,803.946,0.0,,6.538697852931433,1,51.8,10.155597199999999,41.6444028,,
2023-10-15 13:30:00,blended,AE operation,AE operation (blended),196.054,76.0,blended,0.196054,0.803946,196.054,803.946,0.0,,6.901534579512402,1,51.8,10.155597199999999,41.6444028,,
2023-10-15 14:00:00,blended,AE operation,AE operation (blended),170.437,88.0,blended,0.170437,0.829563,170.437,829.5630000000001,0.0,,7.811719982787019,1,51.8,8.8286366,42.9713634,,
2023-10-15 14:30:00,blended,AE operation,AE operation (blended),170.437,111.0,blended,0.170437,0.829563,170.437,829.5630000000001,0.0,,8.72824928201305,1,51.8,8.8286366,42.9713634,,
2023-10-15 15:00:00,blended,AE operation,AE operation (blended),147.029,135.0,blended,0.147029,0.852971,147.029,852.971,0.0,,10.61729198715363,1,51.8,7.616102199999999,44.1838978,,
2023-10-15 15:30:00,blended,AE operation,AE operation (blended),147.029,159.0,blended,0.147029,0.852971,147.029,852.971,0.0,,12.625566992742733,1,51.8,7.616102199999999,44.1838978,,
2023-10-15 16:00:00,blended,AE operation,AE operation (blended),120.743,181.0,blended,0.12074299999999999,0.879257,120.743,879.257,0.0,,14.763854477274492,1,51.8,6.2544873999999995,45.545512599999995,,
2023-10-15 16:30:00,blended,AE operation,AE operation (blended),120.743,191.0,blended,0.12074299999999999,0.879257,120.743,879.257,0.0,,15.494434508976987,1,51.8,6.2544873999999995,45.545512599999995,,
2023-10-15 17:00:00,blended,AE operation,AE operation (blended),94.514,197.0,blended,0.094514,0.905486,94.514,905.486,0.0,,16.753280114810142,1,51.8,4.8958252,46.9041748,,
2023-10-15 17:30:00,blended,AE operation,AE operation (blended),94.514,206.0,blended,0.094514,0.905486,94.514,905.486,0.0,,17.682973193644955,1,51.8,4.8958252,46.9041748,,
2023-10-15 18:00:00,blended,AE operation,AE operation (blended),62.025,209.0,blended,0.062025,0.937975,62.025,937.975,0.0,,18.385768618777586,1,51.8,3.2128949999999996,48.587104999999994,,
2023-10-15 18:30:00,blended,AE operation,AE operation (blended),62.025,208.0,blended,0.062025,0.937975,62.025,937.975,0.0,,17.920513029327186,1,51.8,3.2128949999999996,48.587104999999994,,
2023-10-15 19:00:00,blended,AE operation,AE operation (blended),37.54,200.0,blended,0.03754,0.96246,37.54,962.46,0.0,,17.7447582391088,1,51.8,1.9445719999999997,49.855427999999996,,
2023-10-15 19:30:00,blended,AE operation,AE operation (blended),37.54,201.0,blended,0.03754,0.96246,37.54,962.46,0.0,,16.87394222843798,1,51.8,1.9445719999999997,49.855427999999996,,
2023-10-15 20:00:00,blended,AE operation,AE operation (blended),22.696,200.0,blended,0.022696,0.977304,22.696,977.304,0.0,,16.641863526446908,1,51.8,1.1756528,50.624347199999995,,
2023-10-15 20:30:00,blended,AE operation,AE operation (blended),22.696,197.0,blended,0.022696,0.977304,22.696,977.304,0.0,,16.13708848733409,1,51.8,1.1756528,50.624347199999995,,
2023-10-15 21:00:00,blended,AE operation,AE operation (blended),17.814,198.0,blended,0.017814,0.982186,17.814,982.186,0.0,,16.122488172090936,1,51.8,0.9227652,50.8772348,,
2023-10-15 21:30:00,blended,AE operation,AE operation (blended),17.814,192.0,blended,0.017814,0.982186,17.814,982.186,0.0,,15.67125873980275,1,51.8,0.9227652,50.8772348,,
2023-10-15 22:00:00,blended,AE operation,AE operation (blended),18.562,182.0,blended,0.018562000000000002,0.981438,18.562,981.438,0.0,,14.879403337050093,1,51.8,0.9615116,50.838488399999996,,
2023-10-15 22:30:00,blended,AE operation,AE operation (blended),18.562,176.0,blended,0.018562000000000002,0.981438,18.562,981.438,0.0,,14.653159823808341,1,51.8,0.9615116,50.838488399999996,,
2023-10-15 23:00:00,blended,AE operation,AE operation (blended),19.174,174.0,blended,0.019174,0.980826,19.174,980.826,0.0,,14.470482679495253,1,51.8,0.9932131999999999,50.8067868,,
2023-10-15 23:30:00,blended,AE operation,AE operation (blended),19.174,173.0,blended,0.019174,0.980826,19.174,980.826,0.0,,14.388118838188197,1,51.8,0.9932131999999999,50.8067868,,
2023-12-23 00:00:00,blended,AE operation,AE operation (blended),786.758,53.0,blended,0.7867580000000001,0.21324199999999993,786.758,213.24199999999993,0.0,,2.023297516200379,1,51.8,40.754064400000004,11.045935599999996,,
2023-12-23 00:30:00,blended,AE operation,AE operation (blended),786.758,52.0,blended,0.7867580000000001,0.21324199999999993,786.758,213.24199999999993,0.0,,2.0085361124053467,1,51.8,40.754064400000004,11.045935599999996,,
2023-12-23 01:00:00,blended,AE operation,AE operation (blended),786.439,56.0,blended,0.786439,0.213561,786.439,213.561,0.0,,1.9600996975610645,1,51.8,40.7375402,11.0624598,,
2023-12-23 01:30:00,blended,AE operation,AE operation (blended),786.439,51.0,blended,0.786439,0.213561,786.439,213.561,0.0,,1.8971152498564368,1,51.8,40.7375402,11.0624598,,
2023-12-23 02:00:00,blended,AE operation,AE operation (blended),790.933,48.0,blended,0.790933,0.209067,790.933,209.067,0.0,,1.8317040772783648,1,51.8,40.9703294,10.8296706,,
2023-12-23 02:30:00,blended,AE operation,AE operation (blended),790.933,48.0,blended,0.790933,0.209067,790.933,209.067,0.0,,1.8228294260247297,1,51.8,40.9703294,10.8296706,,
2023-12-23 03:00:00,blended,AE operation,AE operation (blended),804.293,48.0,blended,0.804293,0.19570699999999996,804.293,195.70699999999997,0.0,,1.7093389473572052,1,51.8,41.6623774,10.137622599999997,,
2023-12-23 03:30:00,blended,AE operation,AE operation (blended),804.293,46.0,blended,0.804293,0.19570699999999996,804.293,195.70699999999997,0.0,,1.705222784466337,1,51.8,41.6623774,10.137622599999997,,
2023-12-23 04:00:00,blended,AE operation,AE operation (blended),818.505,51.0,blended,0.818505,0.18149499999999996,818.505,181.49499999999995,0.0,,1.7550319997856985,1,51.8,42.398559,9.401440999999998,,
2023-12-23 04:30:00,blended,AE operation,AE operation (blended),818.505,49.0,blended,0.818505,0.18149499999999996,818.505,181.49499999999995,0.0,,1.684569322393035,1,51.8,42.398559,9.401440999999998,,
2023-12-23 05:00:00,blended,AE operation,AE operation (blended),835.163,46.0,blended,0.835163,0.164837,835.163,164.83700000000002,0.0,,1.5606771088729767,1,51.8,43.2614434,8.5385566,,
2023-12-23 05:30:00,blended,AE operation,AE operation (blended),835.163,46.0,blended,0.835163,0.164837,835.163,164.83700000000002,0.0,,1.5662729469094043,1,51.8,43.2614434,8.5385566,,
2023-12-23 06:00:00,blended,AE operation,AE operation (blended),843.765,47.0,blended,0.843765,0.156235,843.765,156.235,0.0,,1.5398574467753405,1,51.8,43.707027,8.092973,,
2023-12-23 06:30:00,blended,AE operation,AE operation (blended),843.765,46.0,blended,0.843765,0.156235,843.765,156.235,0.0,,1.5425351039477144,1,51.8,43.707027,8.092973,,
2023-12-23 07:00:00,blended,AE operation,AE operation (blended),831.555,45.0,blended,0.8315549999999999,0.16844500000000007,831.555,168.44500000000008,0.0,,1.6026610513660704,1,51.8,43.074549,8.725451000000003,,
2023-12-23 07:30:00,blended,AE operation,AE operation (blended),831.555,47.0,blended,0.8315549999999999,0.16844500000000007,831.555,168.44500000000008,0.0,,1.6391428584038088,1,51.8,43.074549,8.725451000000003,,
2023-12-23 08:00:00,blended,AE operation,AE operation (blended),816.716,43.0,blended,0.816716,0.183284,816.716,183.284,0.0,,1.730111620243677,1,51.8,42.3058888,9.494111199999999,,
2023-12-23 08:30:00,blended,AE operation,AE operation (blended),816.716,44.0,blended,0.816716,0.183284,816.716,183.284,0.0,,1.8175553680788359,1,51.8,42.3058888,9.494111199999999,,
2023-12-23 09:00:00,blended,AE operation,AE operation (blended),802.827,41.0,blended,0.802827,0.19717300000000004,802.827,197.17300000000003,0.0,,1.864804343721754,1,51.8,41.586438599999994,10.213561400000001,,
2023-12-23 09:30:00,blended,AE operation,AE operation (blended),802.827,38.0,blended,0.802827,0.19717300000000004,802.827,197.17300000000003,0.0,,1.849629339825204,1,51.8,41.586438599999994,10.213561400000001,,
2023-12-23 10:00:00,blended,AE operation,AE operation (blended),814.917,34.0,blended,0.814917,0.185083,814.917,185.083,0.0,,1.7526063444586113,1,51.8,42.2127006,9.5872994,,
2023-12-23 10:30:00,blended,AE operation,AE operation (blended),814.917,34.0,blended,0.814917,0.185083,814.917,185.083,0.0,,1.7018603141165773,1,51.8,42.2127006,9.5872994,,
2023-12-23 11:00:00,blended,AE operation,AE operation (blended),821.584,31.0,blended,0.821584,0.17841600000000002,821.584,178.41600000000003,0.0,,1.6291676171907392,1,51.8,42.558051199999994,9.241948800000001,,
2023-12-23 11:30:00,blended,AE operation,AE operation (blended),821.584,31.0,blended,0.821584,0.17841600000000002,821.584,178.41600000000003,0.0,,1.6578881575207016,1,51.8,42.558051199999994,9.241948800000001,,
2023-12-23 12:00:00,blended,AE operation,AE operation (blended),820.571,32.0,blended,0.820571,0.17942899999999995,820.571,179.42899999999995,0.0,,1.6566419960197682,1,51.8,42.5055778,9.294422199999996,,
2023-12-23 12:30:00,blended,AE operation,AE operation (blended),820.571,34.0,blended,0.820571,0.17942899999999995,820.571,179.42899999999995,0.0,,1.6578702183182674,1,51.8,42.5055778,9.294422199999996,,
2023-12-23 13:00:00,blended,AE operation,AE operation (blended),807.693,36.0,blended,0.807693,0.192307,807.693,192.30700000000002,0.0,,1.7557987813968952,1,51.8,41.838497399999994,9.9615026,,
2023-12-23 13:30:00,blended,AE operation,AE operation (blended),807.693,38.0,blended,0.807693,0.192307,807.693,192.30700000000002,0.0,,1.782226878723023,1,51.8,41.838497399999994,9.9615026,,
2023-12-23 14:00:00,blended,AE operation,AE operation (blended),796.044,35.0,blended,0.796044,0.20395600000000003,796.044,203.95600000000002,0.0,,1.7653485444087889,1,51.8,41.235079199999994,10.564920800000001,,
2023-12-23 14:30:00,blended,AE operation,AE operation (blended),796.044,36.0,blended,0.796044,0.20395600000000003,796.044,203.95600000000002,0.0,,1.830989842864927,1,51.8,41.235079199999994,10.564920800000001,,
2023-12-23 15:00:00,blended,AE operation,AE operation (blended),794.07,39.0,blended,0.79407,0.20592999999999995,794.07,205.92999999999995,0.0,,1.9612158935365867,1,51.8,41.132826,10.667173999999997,,
2023-12-23 15:30:00,blended,AE operation,AE operation (blended),794.07,43.0,blended,0.79407,0.20592999999999995,794.07,205.92999999999995,0.0,,2.0944822971633665,1,51.8,41.132826,10.667173999999997,,
2023-12-23 16:00:00,blended,AE operation,AE operation (blended),786.4,46.0,blended,0.7864,0.2136,786.4,213.60000000000002,0.0,,2.257067849156063,1,51.8,40.735519999999994,11.06448,,
2023-12-23 16:30:00,blended,AE operation,AE operation (blended),786.4,54.0,blended,0.7864,0.2136,786.4,213.60000000000002,0.0,,2.438292236538017,1,51.8,40.735519999999994,11.06448,,
2023-12-23 17:00:00,blended,AE operation,AE operation (blended),790.768,59.0,blended,0.790768,0.20923199999999997,790.768,209.23199999999997,0.0,,2.491814492577909,1,51.8,40.9617824,10.838217599999998,,
2023-12-23 17:30:00,blended,AE operation,AE operation (blended),790.768,58.0,blended,0.790768,0.20923199999999997,790.768,209.23199999999997,0.0,,2.52011149932655,1,51.8,40.9617824,10.838217599999998,,
2023-12-23 18:00:00,blended,AE operation,AE operation (blended),817.168,56.0,blended,0.817168,0.182832,817.168,182.832,0.0,,2.3261278546954838,1,51.8,42.329302399999996,9.4706976,,
2023-12-23 18:30:00,blended,AE operation,AE operation (blended),817.168,57.0,blended,0.817168,0.182832,817.168,182.832,0.0,,2.2923656443937386,1,51.8,42.329302399999996,9.4706976,,
2023-12-23 19:00:00,blended,AE operation,AE operation (blended),813.288,54.0,blended,0.813288,0.186712,813.288,186.712,0.0,,2.2729525641215518,1,51.8,42.1283184,9.6716816,,
2023-12-23 19:30:00,blended,AE operation,AE operation (blended),813.288,53.0,blended,0.813288,0.186712,813.288,186.712,0.0,,2.1612825597964265,1,51.8,42.1283184,9.6716816,,
2023-12-23 20:00:00,blended,AE operation,AE operation (blended),812.755,56.0,blended,0.812755,0.187245,812.755,187.245,0.0,,2.0756847876622153,1,51.8,42.100708999999995,9.699290999999999,,
2023-12-23 20:30:00,blended,AE operation,AE operation (blended),812.755,51.0,blended,0.812755,0.187245,812.755,187.245,0.0,,1.9275841395299866,1,51.8,42.100708999999995,9.699290999999999,,
2023-12-23 21:00:00,blended,AE operation,AE operation (blended),820.589,51.0,blended,0.820589,0.179411,820.589,179.411,0.0,,1.840330136521506,1,51.8,42.5065102,9.2934898,,
2023-12-23 21:30:00,blended,AE operation,AE operation (blended),820.589,52.0,blended,0.820589,0.179411,820.589,179.411,0.0,,1.7451106688640525,1,51.8,42.5065102,9.2934898,,
2023-12-23 22:00:00,blended,AE operation,AE operation (blended),862.279,61.0,blended,0.862279,0.13772099999999998,862.279,137.72099999999998,0.0,,1.623851406908551,1,51.8,44.666052199999996,7.133947799999999,,
2023-12-23 22:30:00,blended,AE operation,AE operation (blended),862.279,56.0,blended,0.862279,0.13772099999999998,862.279,137.72099999999998,0.0,,1.543670013492461,1,51.8,44.666052199999996,7.133947799999999,,
2023-12-23 23:00:00,blended,AE operation,AE operation (blended),897.504,51.0,blended,0.897504,0.10249600000000003,897.504,102.49600000000004,0.0,,1.3418396248106919,1,51.8,46.490707199999996,5.3092928000000015,,
2023-12-23 23:30:00,blended,AE operation,AE operation (blended),897.504,53.0,blended,0.897504,0.10249600000000003,897.504,102.49600000000004,0.0,,1.3782008578445126,1,51.8,46.490707199999996,5.3092928000000015,,
