datetime,lca_mode,electrolyser_tech,scenario,wind_power_kw,grid_carbon_intensity_gco2_per_kwh,electricity_source,wind_fraction,grid_fraction,wind_used_kw,grid_topup_kw,surplus_wind_kw,wind_above_minimum,gwp100_kgco2e_per_kg_h2,electricity_exchanges_swapped,direct_electricity_kwh_per_kg_h2,wind_electricity_kwh_per_kg_h2,grid_electricity_kwh_per_kg_h2,temporary_grid_activity_code,minimum_required_wind_kw
2023-02-07 00:00:00,blended,AE operation,AE operation (blended),9.347,225.0,blended,0.009347,0.990653,9.347,990.653,0.0,,16.64541047670442,1,51.8,0.48417459999999996,51.315825399999994,custom_gb_elec_mix_2023-02-07T00:00:00,
2023-02-07 00:30:00,blended,AE operation,AE operation (blended),9.347,230.0,blended,0.009347,0.990653,9.347,990.653,0.0,,17.014219748421517,1,51.8,0.48417459999999996,51.315825399999994,custom_gb_elec_mix_2023-02-07T00:30:00,
2023-02-07 01:00:00,blended,AE operation,AE operation (blended),11.367,229.0,blended,0.011367,0.988633,11.367,988.633,0.0,,16.72534020766923,1,51.8,0.5888106,51.211189399999995,custom_gb_elec_mix_2023-02-07T01:00:00,
2023-02-07 01:30:00,blended,AE operation,AE operation (blended),11.367,229.0,blended,0.011367,0.988633,11.367,988.633,0.0,,16.78612455140741,1,51.8,0.5888106,51.211189399999995,custom_gb_elec_mix_2023-02-07T01:30:00,
2023-02-07 02:00:00,blended,AE operation,AE operation (blended),13.95,228.0,blended,0.013949999999999999,0.98605,13.95,986.05,0.0,,17.06619816287686,1,51.8,0.7226099999999999,51.077389999999994,custom_gb_elec_mix_2023-02-07T02:00:00,
2023-02-07 02:30:00,blended,AE operation,AE operation (blended),13.95,230.0,blended,0.013949999999999999,0.98605,13.95,986.05,0.0,,17.21736139436847,1,51.8,0.7226099999999999,51.077389999999994,custom_gb_elec_mix_2023-02-07T02:30:00,
2023-02-07 03:00:00,blended,AE operation,AE operation (blended),15.302,230.0,blended,0.015302,0.984698,15.302,984.698,0.0,,17.244210567562305,1,51.8,0.7926435999999999,51.00735639999999,custom_gb_elec_mix_2023-02-07T03:00:00,
2023-02-07 03:30:00,blended,AE operation,AE operation (blended),15.302,232.0,blended,0.015302,0.984698,15.302,984.698,0.0,,17.34145389893109,1,51.8,0.7926435999999999,51.00735639999999,custom_gb_elec_mix_2023-02-07T03:30:00,
2023-02-07 04:00:00,blended,AE operation,AE operation (blended),15.917,240.0,blended,0.015917,0.984083,15.917,984.0830000000001,0.0,,18.268069301041894,1,51.8,0.8245006,50.9754994,custom_gb_elec_mix_2023-02-07T04:00:00,
2023-02-07 04:30:00,blended,AE operation,AE operation (blended),15.917,246.0,blended,0.015917,0.984083,15.917,984.0830000000001,0.0,,18.553504524493967,1,51.8,0.8245006,50.9754994,custom_gb_elec_mix_2023-02-07T04:30:00,
2023-02-07 05:00:00,blended,AE operation,AE operation (blended),16.888,255.0,blended,0.016888,0.983112,16.888,983.112,0.0,,19.72839664126834,1,51.8,0.8747984,50.925201599999994,custom_gb_elec_mix_2023-02-07T05:00:00,
2023-02-07 05:30:00,blended,AE operation,AE operation (blended),16.888,263.0,blended,0.016888,0.983112,16.888,983.112,0.0,,20.751466175085458,1,51.8,0.8747984,50.925201599999994,custom_gb_elec_mix_2023-02-07T05:30:00,
2023-02-07 06:00:00,blended,AE operation,AE operation (blended),19.144,269.0,blended,0.019143999999999998,0.980856,19.144,980.856,0.0,,20.699713957611348,1,51.8,0.9916591999999999,50.808340799999996,custom_gb_elec_mix_2023-02-07T06:00:00,
2023-02-07 06:30:00,blended,AE operation,AE operation (blended),19.144,275.0,blended,0.019143999999999998,0.980856,19.144,980.856,0.0,,21.2972321047401,1,51.8,0.9916591999999999,50.808340799999996,custom_gb_elec_mix_2023-02-07T06:30:00,
2023-02-07 07:00:00,blended,AE operation,AE operation (blended),18.982,276.0,blended,0.018982,0.981018,18.982,981.0179999999999,0.0,,21.634675878456473,1,51.8,0.9832675999999999,50.81673239999999,custom_gb_elec_mix_2023-02-07T07:00:00,
2023-02-07 07:30:00,blended,AE operation,AE operation (blended),18.982,279.0,blended,0.018982,0.981018,18.982,981.0179999999999,0.0,,22.273227175281406,1,51.8,0.9832675999999999,50.81673239999999,custom_gb_elec_mix_2023-02-07T07:30:00,
2023-02-07 08:00:00,blended,AE operation,AE operation (blended),12.925,272.0,blended,0.012925,0.987075,12.925,987.075,0.0,,21.55967598139631,1,51.8,0.669515,51.130485,custom_gb_elec_mix_2023-02-07T08:00:00,
2023-02-07 08:30:00,blended,AE operation,AE operation (blended),12.925,265.0,blended,0.012925,0.987075,12.925,987.075,0.0,,21.13142857860532,1,51.8,0.669515,51.130485,custom_gb_elec_mix_2023-02-07T08:30:00,
2023-02-07 09:00:00,blended,AE operation,AE operation (blended),8.934,261.0,blended,0.008934,0.991066,8.934,991.066,0.0,,21.085004828568152,1,51.8,0.46278119999999995,51.337218799999995,custom_gb_elec_mix_2023-02-07T09:00:00,
2023-02-07 09:30:00,blended,AE operation,AE operation (blended),8.934,254.0,blended,0.008934,0.991066,8.934,991.066,0.0,,20.3232922557756,1,51.8,0.46278119999999995,51.337218799999995,custom_gb_elec_mix_2023-02-07T09:30:00,
2023-02-07 10:00:00,blended,AE operation,AE operation (blended),13.941,249.0,blended,0.013941,0.986059,13.941,986.059,0.0,,19.684738009050534,1,51.8,0.7221438,51.0778562,custom_gb_elec_mix_2023-02-07T10:00:00,
2023-02-07 10:30:00,blended,AE operation,AE operation (blended),13.941,246.0,blended,0.013941,0.986059,13.941,986.059,0.0,,19.235884437383522,1,51.8,0.7221438,51.0778562,custom_gb_elec_mix_2023-02-07T10:30:00,
2023-02-07 11:00:00,blended,AE operation,AE operation (blended),25.445,255.0,blended,0.025445,0.974555,25.445,974.555,0.0,,19.422431133649905,1,51.8,1.3180509999999999,50.48194899999999,custom_gb_elec_mix_2023-02-07T11:00:00,
2023-02-07 11:30:00,blended,AE operation,AE operation (blended),25.445,243.0,blended,0.025445,0.974555,25.445,974.555,0.0,,18.86778841263199,1,51.8,1.3180509999999999,50.48194899999999,custom_gb_elec_mix_2023-02-07T11:30:00,
2023-02-07 12:00:00,blended,AE operation,AE operation (blended),24.868,242.0,blended,0.024867999999999998,0.975132,24.868,975.132,0.0,,18.66570848282523,1,51.8,1.2881623999999998,50.5118376,custom_gb_elec_mix_2023-02-07T12:00:00,
2023-02-07 12:30:00,blended,AE operation,AE operation (blended),24.868,235.0,blended,0.024867999999999998,0.975132,24.868,975.132,0.0,,18.322531521742164,1,51.8,1.2881623999999998,50.5118376,custom_gb_elec_mix_2023-02-07T12:30:00,
2023-02-07 13:00:00,blended,AE operation,AE operation (blended),18.524,240.0,blended,0.018524000000000002,0.981476,18.524,981.476,0.0,,18.735942085340444,1,51.8,0.9595432,50.8404568,custom_gb_elec_mix_2023-02-07T13:00:00,
2023-02-07 13:30:00,blended,AE operation,AE operation (blended),18.524,243.0,blended,0.018524000000000002,0.981476,18.524,981.476,0.0,,18.920495665026923,1,51.8,0.9595432,50.8404568,custom_gb_elec_mix_2023-02-07T13:30:00,
2023-02-07 14:00:00,blended,AE operation,AE operation (blended),14.411,244.0,blended,0.014411,0.985589,14.411,985.589,0.0,,19.054505295466406,1,51.8,0.7464898,51.0535102,custom_gb_elec_mix_2023-02-07T14:00:00,
2023-02-07 14:30:00,blended,AE operation,AE operation (blended),14.411,250.0,blended,0.014411,0.985589,14.411,985.589,0.0,,19.456973766890403,1,51.8,0.7464898,51.0535102,custom_gb_elec_mix_2023-02-07T14:30:00,
2023-02-07 15:00:00,blended,AE operation,AE operation (blended),10.864,249.0,blended,0.010864,0.989136,10.864,989.136,0.0,,19.982823156346253,1,51.8,0.5627552,51.2372448,custom_gb_elec_mix_2023-02-07T15:00:00,
2023-02-07 15:30:00,blended,AE operation,AE operation (blended),10.864,250.0,blended,0.010864,0.989136,10.864,989.136,0.0,,20.209794217710318,1,51.8,0.5627552,51.2372448,custom_gb_elec_mix_2023-02-07T15:30:00,
2023-02-07 16:00:00,blended,AE operation,AE operation (blended),12.067,257.0,blended,0.012067,0.987933,12.067,987.933,0.0,,20.706045574754505,1,51.8,0.6250705999999999,51.174929399999996,custom_gb_elec_mix_2023-02-07T16:00:00,
2023-02-07 16:30:00,blended,AE operation,AE operation (blended),12.067,250.0,blended,0.012067,0.987933,12.067,987.933,0.0,,21.073796755267182,1,51.8,0.6250705999999999,51.174929399999996,custom_gb_elec_mix_2023-02-07T16:30:00,
2023-02-07 17:00:00,blended,AE operation,AE operation (blended),21.131,252.0,blended,0.021131,0.978869,21.131,978.869,0.0,,21.017948139647793,1,51.8,1.0945858,50.7054142,custom_gb_elec_mix_2023-02-07T17:00:00,
2023-02-07 17:30:00,blended,AE operation,AE operation (blended),21.131,253.0,blended,0.021131,0.978869,21.131,978.869,0.0,,21.516830091783962,1,51.8,1.0945858,50.7054142,custom_gb_elec_mix_2023-02-07T17:30:00,
2023-02-07 18:00:00,blended,AE operation,AE operation (blended),35.201,250.0,blended,0.035201,0.964799,35.201,964.799,0.0,,21.15036536680539,1,51.8,1.8234118000000001,49.976588199999995,custom_gb_elec_mix_2023-02-07T18:00:00,
2023-02-07 18:30:00,blended,AE operation,AE operation (blended),35.201,249.0,blended,0.035201,0.964799,35.201,964.799,0.0,,20.699134858344014,1,51.8,1.8234118000000001,49.976588199999995,custom_gb_elec_mix_2023-02-07T18:30:00,
2023-02-07 19:00:00,blended,AE operation,AE operation (blended),49.494,248.0,blended,0.049493999999999996,0.950506,49.494,950.506,0.0,,19.81532715550534,1,51.8,2.5637891999999995,49.236210799999995,custom_gb_elec_mix_2023-02-07T19:00:00,
2023-02-07 19:30:00,blended,AE operation,AE operation (blended),49.494,249.0,blended,0.049493999999999996,0.950506,49.494,950.506,0.0,,19.52950769170143,1,51.8,2.5637891999999995,49.236210799999995,custom_gb_elec_mix_2023-02-07T19:30:00,
2023-02-07 20:00:00,blended,AE operation,AE operation (blended),58.837,249.0,blended,0.058837,0.941163,58.837,941.163,0.0,,19.378934460964217,1,51.8,3.0477566,48.7522434,custom_gb_elec_mix_2023-02-07T20:00:00,
2023-02-07 20:30:00,blended,AE operation,AE operation (blended),58.837,252.0,blended,0.058837,0.941163,58.837,941.163,0.0,,18.718548511791386,1,51.8,3.0477566,48.7522434,custom_gb_elec_mix_2023-02-07T20:30:00,
2023-02-07 21:00:00,blended,AE operation,AE operation (blended),59.741,258.0,blended,0.059741,0.940259,59.741,940.2589999999999,0.0,,19.205479621436773,1,51.8,3.0945838,48.705416199999995,custom_gb_elec_mix_2023-02-07T21:00:00,
2023-02-07 21:30:00,blended,AE operation,AE operation (blended),59.741,253.0,blended,0.059741,0.940259,59.741,940.2589999999999,0.0,,18.646212169354246,1,51.8,3.0945838,48.705416199999995,custom_gb_elec_mix_2023-02-07T21:30:00,
2023-02-07 22:00:00,blended,AE operation,AE operation (blended),57.565,253.0,blended,0.057565,0.942435,57.565,942.4350000000001,0.0,,18.399009257226293,1,51.8,2.981867,48.818132999999996,custom_gb_elec_mix_2023-02-07T22:00:00,
2023-02-07 22:30:00,blended,AE operation,AE operation (blended),57.565,245.0,blended,0.057565,0.942435,57.565,942.4350000000001,0.0,,17.810875177951985,1,51.8,2.981867,48.818132999999996,custom_gb_elec_mix_2023-02-07T22:30:00,
2023-02-07 23:00:00,blended,AE operation,AE operation (blended),57.787,232.0,blended,0.057787,0.942213,57.787,942.213,0.0,,16.514510016855642,1,51.8,2.9933666,48.806633399999996,custom_gb_elec_mix_2023-02-07T23:00:00,
2023-02-07 23:30:00,blended,AE operation,AE operation (blended),57.787,222.0,blended,0.057787,0.942213,57.787,942.213,0.0,,15.878389008981562,1,51.8,2.9933666,48.806633399999996,custom_gb_elec_mix_2023-02-07T23:30:00,
2023-02-15 00:00:00,blended,AE operation,AE operation (blended),274.402,133.0,blended,0.274402,0.725598,274.402,725.598,0.0,,7.842090370367047,1,51.8,14.214023599999997,37.58597639999999,custom_gb_elec_mix_2023-02-15T00:00:00,
2023-02-15 00:30:00,blended,AE operation,AE operation (blended),274.402,137.0,blended,0.274402,0.725598,274.402,725.598,0.0,,8.000938646171766,1,51.8,14.214023599999997,37.58597639999999,custom_gb_elec_mix_2023-02-15T00:30:00,
2023-02-15 01:00:00,blended,AE operation,AE operation (blended),234.552,136.0,blended,0.23455199999999998,0.765448,234.552,765.448,0.0,,8.436106957579469,1,51.8,12.149793599999999,39.6502064,custom_gb_elec_mix_2023-02-15T01:00:00,
2023-02-15 01:30:00,blended,AE operation,AE operation (blended),234.552,133.0,blended,0.23455199999999998,0.765448,234.552,765.448,0.0,,8.305219750356136,1,51.8,12.149793599999999,39.6502064,custom_gb_elec_mix_2023-02-15T01:30:00,
2023-02-15 02:00:00,blended,AE operation,AE operation (blended),213.128,133.0,blended,0.21312799999999998,0.786872,213.128,786.8720000000001,0.0,,8.560236901744672,1,51.8,11.0400304,40.7599696,custom_gb_elec_mix_2023-02-15T02:00:00,
2023-02-15 02:30:00,blended,AE operation,AE operation (blended),213.128,138.0,blended,0.21312799999999998,0.786872,213.128,786.8720000000001,0.0,,8.808271981700443,1,51.8,11.0400304,40.7599696,custom_gb_elec_mix_2023-02-15T02:30:00,
2023-02-15 03:00:00,blended,AE operation,AE operation (blended),220.093,143.0,blended,0.22009299999999998,0.779907,220.093,779.907,0.0,,9.028304541727108,1,51.8,11.4008174,40.399182599999996,custom_gb_elec_mix_2023-02-15T03:00:00,
2023-02-15 03:30:00,blended,AE operation,AE operation (blended),220.093,140.0,blended,0.22009299999999998,0.779907,220.093,779.907,0.0,,8.807046729236685,1,51.8,11.4008174,40.399182599999996,custom_gb_elec_mix_2023-02-15T03:30:00,
2023-02-15 04:00:00,blended,AE operation,AE operation (blended),237.417,144.0,blended,0.237417,0.762583,237.417,762.583,0.0,,8.83524229815275,1,51.8,12.2982006,39.501799399999996,custom_gb_elec_mix_2023-02-15T04:00:00,
2023-02-15 04:30:00,blended,AE operation,AE operation (blended),237.417,143.0,blended,0.237417,0.762583,237.417,762.583,0.0,,8.746942980580206,1,51.8,12.2982006,39.501799399999996,custom_gb_elec_mix_2023-02-15T04:30:00,
2023-02-15 05:00:00,blended,AE operation,AE operation (blended),236.823,153.0,blended,0.236823,0.763177,236.823,763.177,0.0,,9.13953019890765,1,51.8,12.2674314,39.5325686,custom_gb_elec_mix_2023-02-15T05:00:00,
2023-02-15 05:30:00,blended,AE operation,AE operation (blended),236.823,160.0,blended,0.236823,0.763177,236.823,763.177,0.0,,9.564171323943743,1,51.8,12.2674314,39.5325686,custom_gb_elec_mix_2023-02-15T05:30:00,
2023-02-15 06:00:00,blended,AE operation,AE operation (blended),230.507,164.0,blended,0.23050700000000002,0.769493,230.507,769.4929999999999,0.0,,10.234576570071106,1,51.8,11.9402626,39.8597374,custom_gb_elec_mix_2023-02-15T06:00:00,
2023-02-15 06:30:00,blended,AE operation,AE operation (blended),230.507,177.0,blended,0.23050700000000002,0.769493,230.507,769.4929999999999,0.0,,11.044743961436884,1,51.8,11.9402626,39.8597374,custom_gb_elec_mix_2023-02-15T06:30:00,
2023-02-15 07:00:00,blended,AE operation,AE operation (blended),232.895,182.0,blended,0.23289500000000002,0.7671049999999999,232.895,767.1049999999999,0.0,,11.60874051129564,1,51.8,12.063961,39.73603899999999,custom_gb_elec_mix_2023-02-15T07:00:00,
2023-02-15 07:30:00,blended,AE operation,AE operation (blended),232.895,186.0,blended,0.23289500000000002,0.7671049999999999,232.895,767.1049999999999,0.0,,12.017126621591077,1,51.8,12.063961,39.73603899999999,custom_gb_elec_mix_2023-02-15T07:30:00,
2023-02-15 08:00:00,blended,AE operation,AE operation (blended),248.684,180.0,blended,0.248684,0.751316,248.684,751.316,0.0,,10.915004347023421,1,51.8,12.881831199999999,38.9181688,custom_gb_elec_mix_2023-02-15T08:00:00,
2023-02-15 08:30:00,blended,AE operation,AE operation (blended),248.684,178.0,blended,0.248684,0.751316,248.684,751.316,0.0,,10.793294266438084,1,51.8,12.881831199999999,38.9181688,custom_gb_elec_mix_2023-02-15T08:30:00,
2023-02-15 09:00:00,blended,AE operation,AE operation (blended),264.219,172.0,blended,0.264219,0.735781,264.219,735.7810000000001,0.0,,10.289774746871485,1,51.8,13.686544199999998,38.1134558,custom_gb_elec_mix_2023-02-15T09:00:00,
2023-02-15 09:30:00,blended,AE operation,AE operation (blended),264.219,170.0,blended,0.264219,0.735781,264.219,735.7810000000001,0.0,,10.216923492430144,1,51.8,13.686544199999998,38.1134558,custom_gb_elec_mix_2023-02-15T09:30:00,
2023-02-15 10:00:00,blended,AE operation,AE operation (blended),305.815,170.0,blended,0.305815,0.694185,305.815,694.1850000000001,0.0,,9.695836056989254,1,51.8,15.841216999999999,35.958783000000004,custom_gb_elec_mix_2023-02-15T10:00:00,
2023-02-15 10:30:00,blended,AE operation,AE operation (blended),305.815,161.0,blended,0.305815,0.694185,305.815,694.1850000000001,0.0,,9.329803942565759,1,51.8,15.841216999999999,35.958783000000004,custom_gb_elec_mix_2023-02-15T10:30:00,
2023-02-15 11:00:00,blended,AE operation,AE operation (blended),357.653,161.0,blended,0.357653,0.642347,357.653,642.347,0.0,,8.678682599812197,1,51.8,18.526425399999997,33.273574599999996,custom_gb_elec_mix_2023-02-15T11:00:00,
2023-02-15 11:30:00,blended,AE operation,AE operation (blended),357.653,159.0,blended,0.357653,0.642347,357.653,642.347,0.0,,8.577563649705855,1,51.8,18.526425399999997,33.273574599999996,custom_gb_elec_mix_2023-02-15T11:30:00,
2023-02-15 12:00:00,blended,AE operation,AE operation (blended),388.327,159.0,blended,0.388327,0.611673,388.327,611.673,0.0,,8.180875640953147,1,51.8,20.115338599999998,31.6846614,custom_gb_elec_mix_2023-02-15T12:00:00,
2023-02-15 12:30:00,blended,AE operation,AE operation (blended),388.327,155.0,blended,0.388327,0.611673,388.327,611.673,0.0,,8.02548524793694,1,51.8,20.115338599999998,31.6846614,custom_gb_elec_mix_2023-02-15T12:30:00,
2023-02-15 13:00:00,blended,AE operation,AE operation (blended),423.88,157.0,blended,0.42388,0.57612,423.88,576.12,0.0,,7.560906524367341,1,51.8,21.956984,29.843015999999995,custom_gb_elec_mix_2023-02-15T13:00:00,
2023-02-15 13:30:00,blended,AE operation,AE operation (blended),423.88,153.0,blended,0.42388,0.57612,423.88,576.12,0.0,,7.368642981176942,1,51.8,21.956984,29.843015999999995,custom_gb_elec_mix_2023-02-15T13:30:00,
2023-02-15 14:00:00,blended,AE operation,AE operation (blended),429.551,152.0,blended,0.42955099999999996,0.570449,429.551,570.449,0.0,,7.229102560952907,1,51.8,22.250741799999997,29.549258199999997,custom_gb_elec_mix_2023-02-15T14:00:00,
2023-02-15 14:30:00,blended,AE operation,AE operation (blended),429.551,150.0,blended,0.42955099999999996,0.570449,429.551,570.449,0.0,,7.095180100833337,1,51.8,22.250741799999997,29.549258199999997,custom_gb_elec_mix_2023-02-15T14:30:00,
2023-02-15 15:00:00,blended,AE operation,AE operation (blended),379.138,158.0,blended,0.379138,0.620862,379.138,620.8620000000001,0.0,,8.225838126259111,1,51.8,19.6393484,32.1606516,custom_gb_elec_mix_2023-02-15T15:00:00,
2023-02-15 15:30:00,blended,AE operation,AE operation (blended),379.138,161.0,blended,0.379138,0.620862,379.138,620.8620000000001,0.0,,8.498671803082946,1,51.8,19.6393484,32.1606516,custom_gb_elec_mix_2023-02-15T15:30:00,
2023-02-15 16:00:00,blended,AE operation,AE operation (blended),405.982,170.0,blended,0.405982,0.5940179999999999,405.982,594.0179999999999,0.0,,8.64897604290169,1,51.8,21.0298676,30.770132399999994,custom_gb_elec_mix_2023-02-15T16:00:00,
2023-02-15 16:30:00,blended,AE operation,AE operation (blended),405.982,172.0,blended,0.405982,0.5940179999999999,405.982,594.0179999999999,0.0,,8.918786509606761,1,51.8,21.0298676,30.770132399999994,custom_gb_elec_mix_2023-02-15T16:30:00,
2023-02-15 17:00:00,blended,AE operation,AE operation (blended),471.621,175.0,blended,0.47162099999999996,0.528379,471.621,528.379,0.0,,8.211323205066812,1,51.8,24.429967799999996,27.3700322,custom_gb_elec_mix_2023-02-15T17:00:00,
2023-02-15 17:30:00,blended,AE operation,AE operation (blended),471.621,175.0,blended,0.47162099999999996,0.528379,471.621,528.379,0.0,,8.553970332505608,1,51.8,24.429967799999996,27.3700322,custom_gb_elec_mix_2023-02-15T17:30:00,
2023-02-15 18:00:00,blended,AE operation,AE operation (blended),437.687,180.0,blended,0.437687,0.5623130000000001,437.687,562.3130000000001,0.0,,9.112895396532831,1,51.8,22.6721866,29.1278134,custom_gb_elec_mix_2023-02-15T18:00:00,
2023-02-15 18:30:00,blended,AE operation,AE operation (blended),437.687,176.0,blended,0.437687,0.5623130000000001,437.687,562.3130000000001,0.0,,8.829352947203088,1,51.8,22.6721866,29.1278134,custom_gb_elec_mix_2023-02-15T18:30:00,
2023-02-15 19:00:00,blended,AE operation,AE operation (blended),413.255,175.0,blended,0.413255,0.5867450000000001,413.255,586.7450000000001,0.0,,8.688484362783917,1,51.8,21.406609,30.393391,custom_gb_elec_mix_2023-02-15T19:00:00,
2023-02-15 19:30:00,blended,AE operation,AE operation (blended),413.255,173.0,blended,0.413255,0.5867450000000001,413.255,586.7450000000001,0.0,,8.581760901585483,1,51.8,21.406609,30.393391,custom_gb_elec_mix_2023-02-15T19:30:00,
2023-02-15 20:00:00,blended,AE operation,AE operation (blended),366.919,175.0,blended,0.366919,0.633081,366.919,633.081,0.0,,9.172761253010727,1,51.8,19.0064042,32.7935958,custom_gb_elec_mix_2023-02-15T20:00:00,
2023-02-15 20:30:00,blended,AE operation,AE operation (blended),366.919,175.0,blended,0.366919,0.633081,366.919,633.081,0.0,,8.997714654112222,1,51.8,19.0064042,32.7935958,custom_gb_elec_mix_2023-02-15T20:30:00,
2023-02-15 21:00:00,blended,AE operation,AE operation (blended),341.053,168.0,blended,0.341053,0.658947,341.053,658.947,0.0,,9.028787741359674,1,51.8,17.6665454,34.13345459999999,custom_gb_elec_mix_2023-02-15T21:00:00,
2023-02-15 21:30:00,blended,AE operation,AE operation (blended),341.053,166.0,blended,0.341053,0.658947,341.053,658.947,0.0,,8.940904151487095,1,51.8,17.6665454,34.13345459999999,custom_gb_elec_mix_2023-02-15T21:30:00,
2023-02-15 22:00:00,blended,AE operation,AE operation (blended),302.478,167.0,blended,0.302478,0.697522,302.478,697.5219999999999,0.0,,9.320124256967265,1,51.8,15.668360400000001,36.1316396,custom_gb_elec_mix_2023-02-15T22:00:00,
2023-02-15 22:30:00,blended,AE operation,AE operation (blended),302.478,160.0,blended,0.302478,0.697522,302.478,697.5219999999999,0.0,,8.872642491376086,1,51.8,15.668360400000001,36.1316396,custom_gb_elec_mix_2023-02-15T22:30:00,
2023-02-15 23:00:00,blended,AE operation,AE operation (blended),283.219,149.0,blended,0.283219,0.716781,283.219,716.781,0.0,,8.854972435428694,1,51.8,14.6707442,37.129255799999996,custom_gb_elec_mix_2023-02-15T23:00:00,
2023-02-15 23:30:00,blended,AE operation,AE operation (blended),283.219,148.0,blended,0.283219,0.716781,283.219,716.781,0.0,,8.856481193642507,1,51.8,14.6707442,37.129255799999996,custom_gb_elec_mix_2023-02-15T23:30:00,
2023-03-24 00:00:00,blended,AE operation,AE operation (blended),592.267,65.0,blended,0.5922670000000001,0.4077329999999999,592.267,407.7329999999999,0.0,,3.5213563666046928,1,51.8,30.679430600000003,21.120569399999994,custom_gb_elec_mix_2023-03-24T00:00:00,
2023-03-24 00:30:00,blended,AE operation,AE operation (blended),592.267,65.0,blended,0.5922670000000001,0.4077329999999999,592.267,407.7329999999999,0.0,,3.5046245838821726,1,51.8,30.679430600000003,21.120569399999994,custom_gb_elec_mix_2023-03-24T00:30:00,
2023-03-24 01:00:00,blended,AE operation,AE operation (blended),624.485,66.0,blended,0.6244850000000001,0.37551499999999993,624.485,375.51499999999993,0.0,,3.191691411875266,1,51.8,32.348323,19.451676999999997,custom_gb_elec_mix_2023-03-24T01:00:00,
2023-03-24 01:30:00,blended,AE operation,AE operation (blended),624.485,62.0,blended,0.6244850000000001,0.37551499999999993,624.485,375.51499999999993,0.0,,3.0668281117374727,1,51.8,32.348323,19.451676999999997,custom_gb_elec_mix_2023-03-24T01:30:00,
2023-03-24 02:00:00,blended,AE operation,AE operation (blended),641.363,62.0,blended,0.641363,0.358637,641.363,358.637,0.0,,2.7305887522041847,1,51.8,33.2226034,18.577396599999997,custom_gb_elec_mix_2023-03-24T02:00:00,
2023-03-24 02:30:00,blended,AE operation,AE operation (blended),641.363,57.0,blended,0.641363,0.358637,641.363,358.637,0.0,,2.5792756001012664,1,51.8,33.2226034,18.577396599999997,custom_gb_elec_mix_2023-03-24T02:30:00,
2023-03-24 03:00:00,blended,AE operation,AE operation (blended),626.184,59.0,blended,0.626184,0.37381600000000004,626.184,373.81600000000003,0.0,,2.71290824198375,1,51.8,32.4363312,19.3636688,custom_gb_elec_mix_2023-03-24T03:00:00,
2023-03-24 03:30:00,blended,AE operation,AE operation (blended),626.184,58.0,blended,0.626184,0.37381600000000004,626.184,373.81600000000003,0.0,,2.641319129579271,1,51.8,32.4363312,19.3636688,custom_gb_elec_mix_2023-03-24T03:30:00,
2023-03-24 04:00:00,blended,AE operation,AE operation (blended),595.101,59.0,blended,0.595101,0.404899,595.101,404.899,0.0,,2.7617862647860925,1,51.8,30.8262318,20.9737682,custom_gb_elec_mix_2023-03-24T04:00:00,
2023-03-24 04:30:00,blended,AE operation,AE operation (blended),595.101,59.0,blended,0.595101,0.404899,595.101,404.899,0.0,,2.750683493761577,1,51.8,30.8262318,20.9737682,custom_gb_elec_mix_2023-03-24T04:30:00,
2023-03-24 05:00:00,blended,AE operation,AE operation (blended),554.811,60.0,blended,0.554811,0.44518899999999995,554.811,445.18899999999996,0.0,,3.07375513814892,1,51.8,28.7392098,23.060790199999996,custom_gb_elec_mix_2023-03-24T05:00:00,
2023-03-24 05:30:00,blended,AE operation,AE operation (blended),554.811,60.0,blended,0.554811,0.44518899999999995,554.811,445.18899999999996,0.0,,3.022507670830132,1,51.8,28.7392098,23.060790199999996,custom_gb_elec_mix_2023-03-24T05:30:00,
2023-03-24 06:00:00,blended,AE operation,AE operation (blended),500.007,57.0,blended,0.500007,0.499993,500.007,499.993,0.0,,3.5145147176060045,1,51.8,25.900362599999998,25.8996374,custom_gb_elec_mix_2023-03-24T06:00:00,
2023-03-24 06:30:00,blended,AE operation,AE operation (blended),500.007,59.0,blended,0.500007,0.499993,500.007,499.993,0.0,,3.805544536730991,1,51.8,25.900362599999998,25.8996374,custom_gb_elec_mix_2023-03-24T06:30:00,
2023-03-24 07:00:00,blended,AE operation,AE operation (blended),527.56,51.0,blended,0.5275599999999999,0.4724400000000001,527.56,472.44000000000005,0.0,,3.419934026481427,1,51.8,27.327607999999994,24.472392000000003,custom_gb_elec_mix_2023-03-24T07:00:00,
2023-03-24 07:30:00,blended,AE operation,AE operation (blended),527.56,48.0,blended,0.5275599999999999,0.4724400000000001,527.56,472.44000000000005,0.0,,3.55863652998632,1,51.8,27.327607999999994,24.472392000000003,custom_gb_elec_mix_2023-03-24T07:30:00,
2023-03-24 08:00:00,blended,AE operation,AE operation (blended),705.136,46.0,blended,0.705136,0.294864,705.136,294.86400000000003,0.0,,2.5451709548271273,1,51.8,36.526044799999994,15.2739552,custom_gb_elec_mix_2023-03-24T08:00:00,
2023-03-24 08:30:00,blended,AE operation,AE operation (blended),705.136,42.0,blended,0.705136,0.294864,705.136,294.86400000000003,0.0,,2.424569304598041,1,51.8,36.526044799999994,15.2739552,custom_gb_elec_mix_2023-03-24T08:30:00,
2023-03-24 09:00:00,blended,AE operation,AE operation (blended),799.92,39.0,blended,0.79992,0.20008000000000004,799.92,200.08000000000004,0.0,,1.8811326467213123,1,51.8,41.435855999999994,10.364144000000001,custom_gb_elec_mix_2023-03-24T09:00:00,
2023-03-24 09:30:00,blended,AE operation,AE operation (blended),799.92,37.0,blended,0.79992,0.20008000000000004,799.92,200.08000000000004,0.0,,1.8453352329881778,1,51.8,41.435855999999994,10.364144000000001,custom_gb_elec_mix_2023-03-24T09:30:00,
2023-03-24 10:00:00,blended,AE operation,AE operation (blended),842.512,35.0,blended,0.8425119999999999,0.15748800000000007,842.512,157.48800000000008,0.0,,1.637376950665238,1,51.8,43.642121599999996,8.157878400000003,custom_gb_elec_mix_2023-03-24T10:00:00,
2023-03-24 10:30:00,blended,AE operation,AE operation (blended),842.512,33.0,blended,0.8425119999999999,0.15748800000000007,842.512,157.48800000000008,0.0,,1.6078740251039125,1,51.8,43.642121599999996,8.157878400000003,custom_gb_elec_mix_2023-03-24T10:30:00,
2023-03-24 11:00:00,blended,AE operation,AE operation (blended),871.671,33.0,blended,0.8716710000000001,0.12832899999999992,871.671,128.32899999999992,0.0,,1.4944162368910143,1,51.8,45.152557800000004,6.647442199999995,custom_gb_elec_mix_2023-03-24T11:00:00,
2023-03-24 11:30:00,blended,AE operation,AE operation (blended),871.671,34.0,blended,0.8716710000000001,0.12832899999999992,871.671,128.32899999999992,0.0,,1.492908812062945,1,51.8,45.152557800000004,6.647442199999995,custom_gb_elec_mix_2023-03-24T11:30:00,
2023-03-24 12:00:00,blended,AE operation,AE operation (blended),899.332,36.0,blended,0.899332,0.10066799999999998,899.332,100.66799999999998,0.0,,1.3767730242258573,1,51.8,46.5853976,5.214602399999999,custom_gb_elec_mix_2023-03-24T12:00:00,
2023-03-24 12:30:00,blended,AE operation,AE operation (blended),899.332,36.0,blended,0.899332,0.10066799999999998,899.332,100.66799999999998,0.0,,1.3988605681144188,1,51.8,46.5853976,5.214602399999999,custom_gb_elec_mix_2023-03-24T12:30:00,
2023-03-24 13:00:00,blended,AE operation,AE operation (blended),907.515,38.0,blended,0.907515,0.09248500000000004,907.515,92.48500000000004,0.0,,1.355287938753896,1,51.8,47.009277,4.790723000000002,custom_gb_elec_mix_2023-03-24T13:00:00,
2023-03-24 13:30:00,blended,AE operation,AE operation (blended),907.515,38.0,blended,0.907515,0.09248500000000004,907.515,92.48500000000004,0.0,,1.3502918473659558,1,51.8,47.009277,4.790723000000002,custom_gb_elec_mix_2023-03-24T13:30:00,
2023-03-24 14:00:00,blended,AE operation,AE operation (blended),891.363,39.0,blended,0.891363,0.10863699999999998,891.363,108.63699999999999,0.0,,1.424070077873385,1,51.8,46.1726034,5.627396599999999,custom_gb_elec_mix_2023-03-24T14:00:00,
2023-03-24 14:30:00,blended,AE operation,AE operation (blended),891.363,39.0,blended,0.891363,0.10863699999999998,891.363,108.63699999999999,0.0,,1.4116664827716496,1,51.8,46.1726034,5.627396599999999,custom_gb_elec_mix_2023-03-24T14:30:00,
2023-03-24 15:00:00,blended,AE operation,AE operation (blended),842.863,40.0,blended,0.842863,0.15713699999999997,842.863,157.13699999999997,0.0,,1.6462714273402463,1,51.8,43.6603034,8.139696599999999,custom_gb_elec_mix_2023-03-24T15:00:00,
2023-03-24 15:30:00,blended,AE operation,AE operation (blended),842.863,43.0,blended,0.842863,0.15713699999999997,842.863,157.13699999999997,0.0,,1.697573297593848,1,51.8,43.6603034,8.139696599999999,custom_gb_elec_mix_2023-03-24T15:30:00,
2023-03-24 16:00:00,blended,AE operation,AE operation (blended),802.972,51.0,blended,0.802972,0.19702799999999998,802.972,197.028,0.0,,2.0859934404668556,1,51.8,41.5939496,10.206050399999999,custom_gb_elec_mix_2023-03-24T16:00:00,
2023-03-24 16:30:00,blended,AE operation,AE operation (blended),802.972,62.0,blended,0.802972,0.19702799999999998,802.972,197.028,0.0,,2.3785923557827133,1,51.8,41.5939496,10.206050399999999,custom_gb_elec_mix_2023-03-24T16:30:00,
2023-03-24 17:00:00,blended,AE operation,AE operation (blended),779.391,74.0,blended,0.779391,0.22060900000000006,779.391,220.60900000000007,0.0,,2.7534826873468123,1,51.8,40.372453799999995,11.427546200000002,custom_gb_elec_mix_2023-03-24T17:00:00,
2023-03-24 17:30:00,blended,AE operation,AE operation (blended),779.391,71.0,blended,0.779391,0.22060900000000006,779.391,220.60900000000007,0.0,,2.6936377564892076,1,51.8,40.372453799999995,11.427546200000002,custom_gb_elec_mix_2023-03-24T17:30:00,
2023-03-24 18:00:00,blended,AE operation,AE operation (blended),770.041,69.0,blended,0.7700410000000001,0.2299589999999999,770.041,229.95899999999992,0.0,,2.8056430279848454,1,51.8,39.8881238,11.911876199999995,custom_gb_elec_mix_2023-03-24T18:00:00,
2023-03-24 18:30:00,blended,AE operation,AE operation (blended),770.041,68.0,blended,0.7700410000000001,0.2299589999999999,770.041,229.95899999999992,0.0,,2.7676907190864903,1,51.8,39.8881238,11.911876199999995,custom_gb_elec_mix_2023-03-24T18:30:00,
2023-03-24 19:00:00,blended,AE operation,AE operation (blended),730.543,64.0,blended,0.730543,0.26945699999999995,730.543,269.45699999999994,0.0,,3.047050465707141,1,51.8,37.8421274,13.957872599999996,custom_gb_elec_mix_2023-03-24T19:00:00,
2023-03-24 19:30:00,blended,AE operation,AE operation (blended),730.543,64.0,blended,0.730543,0.26945699999999995,730.543,269.45699999999994,0.0,,2.859709402704269,1,51.8,37.8421274,13.957872599999996,custom_gb_elec_mix_2023-03-24T19:30:00,
2023-03-24 20:00:00,blended,AE operation,AE operation (blended),697.008,61.0,blended,0.6970080000000001,0.30299199999999993,697.008,302.9919999999999,0.0,,2.980092443524435,1,51.8,36.1050144,15.694985599999995,custom_gb_elec_mix_2023-03-24T20:00:00,
2023-03-24 20:30:00,blended,AE operation,AE operation (blended),697.008,60.0,blended,0.6970080000000001,0.30299199999999993,697.008,302.9919999999999,0.0,,2.7204980071667886,1,51.8,36.1050144,15.694985599999995,custom_gb_elec_mix_2023-03-24T20:30:00,
2023-03-24 21:00:00,blended,AE operation,AE operation (blended),715.803,57.0,blended,0.715803,0.28419700000000003,715.803,284.19700000000006,0.0,,2.4971652805568705,1,51.8,37.0785954,14.721404600000001,custom_gb_elec_mix_2023-03-24T21:00:00,
2023-03-24 21:30:00,blended,AE operation,AE operation (blended),715.803,57.0,blended,0.715803,0.28419700000000003,715.803,284.19700000000006,0.0,,2.477805192397792,1,51.8,37.0785954,14.721404600000001,custom_gb_elec_mix_2023-03-24T21:30:00,
2023-03-24 22:00:00,blended,AE operation,AE operation (blended),759.093,53.0,blended,0.7590929999999999,0.2409070000000001,759.093,240.9070000000001,0.0,,2.146975432578263,1,51.8,39.321017399999995,12.478982600000004,custom_gb_elec_mix_2023-03-24T22:00:00,
2023-03-24 22:30:00,blended,AE operation,AE operation (blended),759.093,49.0,blended,0.7590929999999999,0.2409070000000001,759.093,240.9070000000001,0.0,,2.0827334035676577,1,51.8,39.321017399999995,12.478982600000004,custom_gb_elec_mix_2023-03-24T22:30:00,
2023-03-24 23:00:00,blended,AE operation,AE operation (blended),792.619,53.0,blended,0.7926190000000001,0.20738099999999993,792.619,207.38099999999991,0.0,,2.0342277889668936,1,51.8,41.057664200000005,10.742335799999996,custom_gb_elec_mix_2023-03-24T23:00:00,
2023-03-24 23:30:00,blended,AE operation,AE operation (blended),792.619,51.0,blended,0.7926190000000001,0.20738099999999993,792.619,207.38099999999991,0.0,,2.0307585813445295,1,51.8,41.057664200000005,10.742335799999996,custom_gb_elec_mix_2023-03-24T23:30:00,
2023-04-03 00:00:00,blended,AE operation,AE operation (blended),247.736,154.0,blended,0.24773599999999998,0.752264,247.736,752.264,0.0,,9.827970296079437,1,51.8,12.832724799999998,38.9672752,custom_gb_elec_mix_2023-04-03T00:00:00,
2023-04-03 00:30:00,blended,AE operation,AE operation (blended),247.736,157.0,blended,0.24773599999999998,0.752264,247.736,752.264,0.0,,9.928363753801772,1,51.8,12.832724799999998,38.9672752,custom_gb_elec_mix_2023-04-03T00:30:00,
2023-04-03 01:00:00,blended,AE operation,AE operation (blended),212.422,150.0,blended,0.212422,0.787578,212.422,787.578,0.0,,10.213831132099898,1,51.8,11.0034596,40.7965404,custom_gb_elec_mix_2023-04-03T01:00:00,
2023-04-03 01:30:00,blended,AE operation,AE operation (blended),212.422,149.0,blended,0.212422,0.787578,212.422,787.578,0.0,,10.100584239547123,1,51.8,11.0034596,40.7965404,custom_gb_elec_mix_2023-04-03T01:30:00,
2023-04-03 02:00:00,blended,AE operation,AE operation (blended),181.558,156.0,blended,0.181558,0.818442,181.558,818.442,0.0,,10.699467956692759,1,51.8,9.4047044,42.3952956,custom_gb_elec_mix_2023-04-03T02:00:00,
2023-04-03 02:30:00,blended,AE operation,AE operation (blended),181.558,157.0,blended,0.181558,0.818442,181.558,818.442,0.0,,10.732671351086694,1,51.8,9.4047044,42.3952956,custom_gb_elec_mix_2023-04-03T02:30:00,
2023-04-03 03:00:00,blended,AE operation,AE operation (blended),172.946,167.0,blended,0.172946,0.827054,172.946,827.054,0.0,,11.221714038926715,1,51.8,8.9586028,42.841397199999996,custom_gb_elec_mix_2023-04-03T03:00:00,
2023-04-03 03:30:00,blended,AE operation,AE operation (blended),172.946,165.0,blended,0.172946,0.827054,172.946,827.054,0.0,,11.157136837716285,1,51.8,8.9586028,42.841397199999996,custom_gb_elec_mix_2023-04-03T03:30:00,
2023-04-03 04:00:00,blended,AE operation,AE operation (blended),177.354,178.0,blended,0.177354,0.822646,177.354,822.646,0.0,,11.869395560134802,1,51.8,9.186937200000001,42.613062799999994,custom_gb_elec_mix_2023-04-03T04:00:00,
2023-04-03 04:30:00,blended,AE operation,AE operation (blended),177.354,186.0,blended,0.177354,0.822646,177.354,822.646,0.0,,12.189053676030237,1,51.8,9.186937200000001,42.613062799999994,custom_gb_elec_mix_2023-04-03T04:30:00,
2023-04-03 05:00:00,blended,AE operation,AE operation (blended),179.643,195.0,blended,0.179643,0.820357,179.643,820.357,0.0,,12.925225147398747,1,51.8,9.3055074,42.4944926,custom_gb_elec_mix_2023-04-03T05:00:00,
2023-04-03 05:30:00,blended,AE operation,AE operation (blended),179.643,198.0,blended,0.179643,0.820357,179.643,820.357,0.0,,13.467918034219782,1,51.8,9.3055074,42.4944926,custom_gb_elec_mix_2023-04-03T05:30:00,
2023-04-03 06:00:00,blended,AE operation,AE operation (blended),170.996,193.0,blended,0.170996,0.829004,170.996,829.004,0.0,,13.647397864111424,1,51.8,8.8575928,42.9424072,custom_gb_elec_mix_2023-04-03T06:00:00,
2023-04-03 06:30:00,blended,AE operation,AE operation (blended),170.996,191.0,blended,0.170996,0.829004,170.996,829.004,0.0,,14.181266518345202,1,51.8,8.8575928,42.9424072,custom_gb_elec_mix_2023-04-03T06:30:00,
2023-04-03 07:00:00,blended,AE operation,AE operation (blended),138.491,180.0,blended,0.138491,0.861509,138.491,861.509,0.0,,13.82214110192167,1,51.8,7.1738338,44.62616619999999,custom_gb_elec_mix_2023-04-03T07:00:00,
2023-04-03 07:30:00,blended,AE operation,AE operation (blended),138.491,173.0,blended,0.138491,0.861509,138.491,861.509,0.0,,13.213111734800474,1,51.8,7.1738338,44.62616619999999,custom_gb_elec_mix_2023-04-03T07:30:00,
2023-04-03 08:00:00,blended,AE operation,AE operation (blended),192.237,160.0,blended,0.192237,0.807763,192.237,807.763,0.0,,11.430566937094962,1,51.8,9.957876599999999,41.8421234,custom_gb_elec_mix_2023-04-03T08:00:00,
2023-04-03 08:30:00,blended,AE operation,AE operation (blended),192.237,153.0,blended,0.192237,0.807763,192.237,807.763,0.0,,10.881469429723266,1,51.8,9.957876599999999,41.8421234,custom_gb_elec_mix_2023-04-03T08:30:00,
2023-04-03 09:00:00,blended,AE operation,AE operation (blended),207.491,149.0,blended,0.207491,0.792509,207.491,792.509,0.0,,10.384325916895813,1,51.8,10.7480338,41.051966199999995,custom_gb_elec_mix_2023-04-03T09:00:00,
2023-04-03 09:30:00,blended,AE operation,AE operation (blended),207.491,143.0,blended,0.207491,0.792509,207.491,792.509,0.0,,10.161467355476459,1,51.8,10.7480338,41.051966199999995,custom_gb_elec_mix_2023-04-03T09:30:00,
2023-04-03 10:00:00,blended,AE operation,AE operation (blended),243.017,142.0,blended,0.24301699999999998,0.756983,243.017,756.983,0.0,,9.564479912574164,1,51.8,12.5882806,39.21171939999999,custom_gb_elec_mix_2023-04-03T10:00:00,
2023-04-03 10:30:00,blended,AE operation,AE operation (blended),243.017,133.0,blended,0.24301699999999998,0.756983,243.017,756.983,0.0,,9.081351833773615,1,51.8,12.5882806,39.21171939999999,custom_gb_elec_mix_2023-04-03T10:30:00,
2023-04-03 11:00:00,blended,AE operation,AE operation (blended),288.875,121.0,blended,0.288875,0.711125,288.875,711.125,0.0,,8.101155628046321,1,51.8,14.963724999999998,36.836275,custom_gb_elec_mix_2023-04-03T11:00:00,
2023-04-03 11:30:00,blended,AE operation,AE operation (blended),288.875,114.0,blended,0.288875,0.711125,288.875,711.125,0.0,,7.780290970453974,1,51.8,14.963724999999998,36.836275,custom_gb_elec_mix_2023-04-03T11:30:00,
2023-04-03 12:00:00,blended,AE operation,AE operation (blended),312.612,109.0,blended,0.312612,0.687388,312.612,687.388,0.0,,7.38037611304037,1,51.8,16.193301599999998,35.6066984,custom_gb_elec_mix_2023-04-03T12:00:00,
2023-04-03 12:30:00,blended,AE operation,AE operation (blended),312.612,105.0,blended,0.312612,0.687388,312.612,687.388,0.0,,7.165578425511446,1,51.8,16.193301599999998,35.6066984,custom_gb_elec_mix_2023-04-03T12:30:00,
2023-04-03 13:00:00,blended,AE operation,AE operation (blended),302.461,110.0,blended,0.30246100000000004,0.6975389999999999,302.461,697.5389999999999,0.0,,7.400244395479166,1,51.8,15.6674798,36.132520199999995,custom_gb_elec_mix_2023-04-03T13:00:00,
2023-04-03 13:30:00,blended,AE operation,AE operation (blended),302.461,109.0,blended,0.30246100000000004,0.6975389999999999,302.461,697.5389999999999,0.0,,7.3406977822579,1,51.8,15.6674798,36.132520199999995,custom_gb_elec_mix_2023-04-03T13:30:00,
2023-04-03 14:00:00,blended,AE operation,AE operation (blended),278.006,119.0,blended,0.278006,0.721994,278.006,721.994,0.0,,7.938052161955346,1,51.8,14.400710799999999,37.3992892,custom_gb_elec_mix_2023-04-03T14:00:00,
2023-04-03 14:30:00,blended,AE operation,AE operation (blended),278.006,128.0,blended,0.278006,0.721994,278.006,721.994,0.0,,8.351083437732198,1,51.8,14.400710799999999,37.3992892,custom_gb_elec_mix_2023-04-03T14:30:00,
2023-04-03 15:00:00,blended,AE operation,AE operation (blended),273.003,131.0,blended,0.273003,0.726997,273.003,726.997,0.0,,8.53782875914103,1,51.8,14.1415554,37.658444599999996,custom_gb_elec_mix_2023-04-03T15:00:00,
2023-04-03 15:30:00,blended,AE operation,AE operation (blended),273.003,143.0,blended,0.273003,0.726997,273.003,726.997,0.0,,9.069521030033624,1,51.8,14.1415554,37.658444599999996,custom_gb_elec_mix_2023-04-03T15:30:00,
2023-04-03 16:00:00,blended,AE operation,AE operation (blended),291.421,153.0,blended,0.291421,0.7085790000000001,291.421,708.5790000000001,0.0,,9.466076279860031,1,51.8,15.095607799999998,36.7043922,custom_gb_elec_mix_2023-04-03T16:00:00,
2023-04-03 16:30:00,blended,AE operation,AE operation (blended),291.421,165.0,blended,0.291421,0.7085790000000001,291.421,708.5790000000001,0.0,,10.020444917601845,1,51.8,15.095607799999998,36.7043922,custom_gb_elec_mix_2023-04-03T16:30:00,
2023-04-03 17:00:00,blended,AE operation,AE operation (blended),328.442,171.0,blended,0.328442,0.671558,328.442,671.558,0.0,,10.129362605131591,1,51.8,17.0132956,34.7867044,custom_gb_elec_mix_2023-04-03T17:00:00,
2023-04-03 17:30:00,blended,AE operation,AE operation (blended),328.442,181.0,blended,0.328442,0.671558,328.442,671.558,0.0,,10.78671117006656,1,51.8,17.0132956,34.7867044,custom_gb_elec_mix_2023-04-03T17:30:00,
2023-04-03 18:00:00,blended,AE operation,AE operation (blended),425.033,186.0,blended,0.425033,0.574967,425.033,574.967,0.0,,9.562268064532422,1,51.8,22.0167094,29.783290599999997,custom_gb_elec_mix_2023-04-03T18:00:00,
2023-04-03 18:30:00,blended,AE operation,AE operation (blended),425.033,186.0,blended,0.425033,0.574967,425.033,574.967,0.0,,9.609824324600762,1,51.8,22.0167094,29.783290599999997,custom_gb_elec_mix_2023-04-03T18:30:00,
2023-04-03 19:00:00,blended,AE operation,AE operation (blended),482.547,186.0,blended,0.482547,0.5174529999999999,482.547,517.453,0.0,,8.496942189649243,1,51.8,24.9959346,26.804065399999995,custom_gb_elec_mix_2023-04-03T19:00:00,
2023-04-03 19:30:00,blended,AE operation,AE operation (blended),482.547,179.0,blended,0.482547,0.5174529999999999,482.547,517.453,0.0,,8.145378350304368,1,51.8,24.9959346,26.804065399999995,custom_gb_elec_mix_2023-04-03T19:30:00,
2023-04-03 20:00:00,blended,AE operation,AE operation (blended),469.12,180.0,blended,0.46912,0.53088,469.12,530.88,0.0,,8.21008622069745,1,51.8,24.300416,27.499584,custom_gb_elec_mix_2023-04-03T20:00:00,
2023-04-03 20:30:00,blended,AE operation,AE operation (blended),469.12,180.0,blended,0.46912,0.53088,469.12,530.88,0.0,,8.183418157683803,1,51.8,24.300416,27.499584,custom_gb_elec_mix_2023-04-03T20:30:00,
2023-04-03 21:00:00,blended,AE operation,AE operation (blended),453.894,185.0,blended,0.453894,0.546106,453.894,546.106,0.0,,8.462591785743442,1,51.8,23.5117092,28.2882908,custom_gb_elec_mix_2023-04-03T21:00:00,
2023-04-03 21:30:00,blended,AE operation,AE operation (blended),453.894,175.0,blended,0.453894,0.546106,453.894,546.106,0.0,,8.001109792440293,1,51.8,23.5117092,28.2882908,custom_gb_elec_mix_2023-04-03T21:30:00,
2023-04-03 22:00:00,blended,AE operation,AE operation (blended),425.043,166.0,blended,0.425043,0.5749569999999999,425.043,574.957,0.0,,7.9480401484744405,1,51.8,22.0172274,29.782772599999994,custom_gb_elec_mix_2023-04-03T22:00:00,
2023-04-03 22:30:00,blended,AE operation,AE operation (blended),425.043,161.0,blended,0.425043,0.5749569999999999,425.043,574.957,0.0,,7.749877068976811,1,51.8,22.0172274,29.782772599999994,custom_gb_elec_mix_2023-04-03T22:30:00,
2023-04-03 23:00:00,blended,AE operation,AE operation (blended),383.29,161.0,blended,0.38329,0.61671,383.29,616.71,0.0,,8.41983044658572,1,51.8,19.854422,31.945577999999998,custom_gb_elec_mix_2023-04-03T23:00:00,
2023-04-03 23:30:00,blended,AE operation,AE operation (blended),383.29,166.0,blended,0.38329,0.61671,383.29,616.71,0.0,,8.66467075197822,1,51.8,19.854422,31.945577999999998,custom_gb_elec_mix_2023-04-03T23:30:00,
2023-05-02 00:00:00,blended,AE operation,AE operation (blended),280.466,209.0,blended,0.280466,0.719534,280.466,719.534,0.0,,12.740802589428085,1,51.8,14.528138799999999,37.2718612,custom_gb_elec_mix_2023-05-02T00:00:00,
2023-05-02 00:30:00,blended,AE operation,AE operation (blended),280.466,209.0,blended,0.280466,0.719534,280.466,719.534,0.0,,12.731870314879274,1,51.8,14.528138799999999,37.2718612,custom_gb_elec_mix_2023-05-02T00:30:00,
2023-05-02 01:00:00,blended,AE operation,AE operation (blended),261.383,205.0,blended,0.261383,0.7386170000000001,261.383,738.6170000000001,0.0,,12.660863858237775,1,51.8,13.539639399999999,38.2603606,custom_gb_elec_mix_2023-05-02T01:00:00,
2023-05-02 01:30:00,blended,AE operation,AE operation (blended),261.383,201.0,blended,0.261383,0.7386170000000001,261.383,738.6170000000001,0.0,,12.464421189316035,1,51.8,13.539639399999999,38.2603606,custom_gb_elec_mix_2023-05-02T01:30:00,
2023-05-02 02:00:00,blended,AE operation,AE operation (blended),243.026,208.0,blended,0.24302600000000002,0.756974,243.026,756.974,0.0,,13.079808745545634,1,51.8,12.588746800000001,39.2112532,custom_gb_elec_mix_2023-05-02T02:00:00,
2023-05-02 02:30:00,blended,AE operation,AE operation (blended),243.026,210.0,blended,0.24302600000000002,0.756974,243.026,756.974,0.0,,13.251620117885304,1,51.8,12.588746800000001,39.2112532,custom_gb_elec_mix_2023-05-02T02:30:00,
2023-05-02 03:00:00,blended,AE operation,AE operation (blended),234.078,212.0,blended,0.234078,0.765922,234.078,765.922,0.0,,13.707359580206836,1,51.8,12.1252404,39.674759599999994,custom_gb_elec_mix_2023-05-02T03:00:00,
2023-05-02 03:30:00,blended,AE operation,AE operation (blended),234.078,210.0,blended,0.234078,0.765922,234.078,765.922,0.0,,13.596590938076167,1,51.8,12.1252404,39.674759599999994,custom_gb_elec_mix_2023-05-02T03:30:00,
2023-05-02 04:00:00,blended,AE operation,AE operation (blended),227.819,224.0,blended,0.227819,0.772181,227.819,772.181,0.0,,14.51856344606145,1,51.8,11.801024199999999,39.9989758,custom_gb_elec_mix_2023-05-02T04:00:00,
2023-05-02 04:30:00,blended,AE operation,AE operation (blended),227.819,231.0,blended,0.227819,0.772181,227.819,772.181,0.0,,14.957739999509405,1,51.8,11.801024199999999,39.9989758,custom_gb_elec_mix_2023-05-02T04:30:00,
2023-05-02 05:00:00,blended,AE operation,AE operation (blended),197.727,226.0,blended,0.197727,0.802273,197.727,802.273,0.0,,15.263407150637313,1,51.8,10.2422586,41.5577414,custom_gb_elec_mix_2023-05-02T05:00:00,
2023-05-02 05:30:00,blended,AE operation,AE operation (blended),197.727,227.0,blended,0.197727,0.802273,197.727,802.273,0.0,,16.04107220351054,1,51.8,10.2422586,41.5577414,custom_gb_elec_mix_2023-05-02T05:30:00,
2023-05-02 06:00:00,blended,AE operation,AE operation (blended),168.136,227.0,blended,0.168136,0.8318639999999999,168.136,831.8639999999999,0.0,,16.428510628589034,1,51.8,8.7094448,43.0905552,custom_gb_elec_mix_2023-05-02T06:00:00,
2023-05-02 06:30:00,blended,AE operation,AE operation (blended),168.136,222.0,blended,0.168136,0.8318639999999999,168.136,831.8639999999999,0.0,,16.855871130256084,1,51.8,8.7094448,43.0905552,custom_gb_elec_mix_2023-05-02T06:30:00,
2023-05-02 07:00:00,blended,AE operation,AE operation (blended),169.36,216.0,blended,0.16936,0.83064,169.36,830.6400000000001,0.0,,15.974505725895229,1,51.8,8.772848,43.027152,custom_gb_elec_mix_2023-05-02T07:00:00,
2023-05-02 07:30:00,blended,AE operation,AE operation (blended),169.36,214.0,blended,0.16936,0.83064,169.36,830.6400000000001,0.0,,16.08811736432454,1,51.8,8.772848,43.027152,custom_gb_elec_mix_2023-05-02T07:30:00,
2023-05-02 08:00:00,blended,AE operation,AE operation (blended),156.464,209.0,blended,0.156464,0.8435360000000001,156.464,843.5360000000001,0.0,,15.954544625530627,1,51.8,8.104835199999998,43.6951648,custom_gb_elec_mix_2023-05-02T08:00:00,
2023-05-02 08:30:00,blended,AE operation,AE operation (blended),156.464,205.0,blended,0.156464,0.8435360000000001,156.464,843.5360000000001,0.0,,15.645727895038162,1,51.8,8.104835199999998,43.6951648,custom_gb_elec_mix_2023-05-02T08:30:00,
2023-05-02 09:00:00,blended,AE operation,AE operation (blended),129.885,203.0,blended,0.129885,0.870115,129.885,870.115,0.0,,15.93398437937934,1,51.8,6.7280429999999996,45.071957,custom_gb_elec_mix_2023-05-02T09:00:00,
2023-05-02 09:30:00,blended,AE operation,AE operation (blended),129.885,200.0,blended,0.129885,0.870115,129.885,870.115,0.0,,15.46400423926625,1,51.8,6.7280429999999996,45.071957,custom_gb_elec_mix_2023-05-02T09:30:00,
2023-05-02 10:00:00,blended,AE operation,AE operation (blended),102.527,197.0,blended,0.10252700000000001,0.897473,102.527,897.473,0.0,,15.576216564775669,1,51.8,5.3108986,46.489101399999996,custom_gb_elec_mix_2023-05-02T10:00:00,
2023-05-02 10:30:00,blended,AE operation,AE operation (blended),102.527,195.0,blended,0.10252700000000001,0.897473,102.527,897.473,0.0,,15.42681886820052,1,51.8,5.3108986,46.489101399999996,custom_gb_elec_mix_2023-05-02T10:30:00,
2023-05-02 11:00:00,blended,AE operation,AE operation (blended),76.437,197.0,blended,0.07643699999999999,0.923563,76.437,923.563,0.0,,16.02419804883479,1,51.8,3.959436599999999,47.8405634,custom_gb_elec_mix_2023-05-02T11:00:00,
2023-05-02 11:30:00,blended,AE operation,AE operation (blended),76.437,196.0,blended,0.07643699999999999,0.923563,76.437,923.563,0.0,,15.899542183907366,1,51.8,3.959436599999999,47.8405634,custom_gb_elec_mix_2023-05-02T11:30:00,
2023-05-02 12:00:00,blended,AE operation,AE operation (blended),52.986,197.0,blended,0.052986,0.947014,52.986,947.014,0.0,,16.370566833318566,1,51.8,2.7446748,49.0553252,custom_gb_elec_mix_2023-05-02T12:00:00,
2023-05-02 12:30:00,blended,AE operation,AE operation (blended),52.986,194.0,blended,0.052986,0.947014,52.986,947.014,0.0,,16.212828262880084,1,51.8,2.7446748,49.0553252,custom_gb_elec_mix_2023-05-02T12:30:00,
2023-05-02 13:00:00,blended,AE operation,AE operation (blended),35.754,196.0,blended,0.035754,0.964246,35.754,964.2460000000001,0.0,,16.59596621990061,1,51.8,1.8520572,49.9479428,custom_gb_elec_mix_2023-05-02T13:00:00,
2023-05-02 13:30:00,blended,AE operation,AE operation (blended),35.754,196.0,blended,0.035754,0.964246,35.754,964.2460000000001,0.0,,16.577291447842423,1,51.8,1.8520572,49.9479428,custom_gb_elec_mix_2023-05-02T13:30:00,
2023-05-02 14:00:00,blended,AE operation,AE operation (blended),31.102,201.0,blended,0.031102,0.968898,31.102,968.898,0.0,,16.849978323604624,1,51.8,1.6110836,50.1889164,custom_gb_elec_mix_2023-05-02T14:00:00,
2023-05-02 14:30:00,blended,AE operation,AE operation (blended),31.102,202.0,blended,0.031102,0.968898,31.102,968.898,0.0,,16.92919110284627,1,51.8,1.6110836,50.1889164,custom_gb_elec_mix_2023-05-02T14:30:00,
2023-05-02 15:00:00,blended,AE operation,AE operation (blended),36.7,205.0,blended,0.0367,0.9633,36.7,963.3000000000001,0.0,,17.146002027869965,1,51.8,1.90106,49.898939999999996,custom_gb_elec_mix_2023-05-02T15:00:00,
2023-05-02 15:30:00,blended,AE operation,AE operation (blended),36.7,210.0,blended,0.0367,0.9633,36.7,963.3000000000001,0.0,,17.476780137949127,1,51.8,1.90106,49.898939999999996,custom_gb_elec_mix_2023-05-02T15:30:00,
2023-05-02 16:00:00,blended,AE operation,AE operation (blended),54.096,217.0,blended,0.054096,0.945904,54.096,945.904,0.0,,17.56928516271046,1,51.8,2.8021727999999997,48.997827199999996,custom_gb_elec_mix_2023-05-02T16:00:00,
2023-05-02 16:30:00,blended,AE operation,AE operation (blended),54.096,221.0,blended,0.054096,0.945904,54.096,945.904,0.0,,17.92216450742529,1,51.8,2.8021727999999997,48.997827199999996,custom_gb_elec_mix_2023-05-02T16:30:00,
2023-05-02 17:00:00,blended,AE operation,AE operation (blended),104.126,223.0,blended,0.10412600000000001,0.895874,104.126,895.8739999999999,0.0,,17.407952230544883,1,51.8,5.3937268000000005,46.406273199999994,custom_gb_elec_mix_2023-05-02T17:00:00,
2023-05-02 17:30:00,blended,AE operation,AE operation (blended),104.126,228.0,blended,0.10412600000000001,0.895874,104.126,895.8739999999999,0.0,,17.65357553683301,1,51.8,5.3937268000000005,46.406273199999994,custom_gb_elec_mix_2023-05-02T17:30:00,
2023-05-02 18:00:00,blended,AE operation,AE operation (blended),217.125,228.0,blended,0.217125,0.782875,217.125,782.875,0.0,,16.080952165581245,1,51.8,11.247075,40.552924999999995,custom_gb_elec_mix_2023-05-02T18:00:00,
2023-05-02 18:30:00,blended,AE operation,AE operation (blended),217.125,229.0,blended,0.217125,0.782875,217.125,782.875,0.0,,15.962382790689091,1,51.8,11.247075,40.552924999999995,custom_gb_elec_mix_2023-05-02T18:30:00,
2023-05-02 19:00:00,blended,AE operation,AE operation (blended),338.191,235.0,blended,0.33819099999999996,0.6618090000000001,338.191,661.8090000000001,0.0,,13.763554825346949,1,51.8,17.5182938,34.2817062,custom_gb_elec_mix_2023-05-02T19:00:00,
2023-05-02 19:30:00,blended,AE operation,AE operation (blended),338.191,236.0,blended,0.33819099999999996,0.6618090000000001,338.191,661.8090000000001,0.0,,13.69884698851968,1,51.8,17.5182938,34.2817062,custom_gb_elec_mix_2023-05-02T19:30:00,
2023-05-02 20:00:00,blended,AE operation,AE operation (blended),372.68,241.0,blended,0.37268,0.62732,372.68,627.3199999999999,0.0,,13.030161043980524,1,51.8,19.304824,32.495176,custom_gb_elec_mix_2023-05-02T20:00:00,
2023-05-02 20:30:00,blended,AE operation,AE operation (blended),372.68,242.0,blended,0.37268,0.62732,372.68,627.3199999999999,0.0,,12.80040865814656,1,51.8,19.304824,32.495176,custom_gb_elec_mix_2023-05-02T20:30:00,
2023-05-02 21:00:00,blended,AE operation,AE operation (blended),338.187,255.0,blended,0.338187,0.661813,338.187,661.813,0.0,,13.993798928876249,1,51.8,17.5180866,34.2819134,custom_gb_elec_mix_2023-05-02T21:00:00,
2023-05-02 21:30:00,blended,AE operation,AE operation (blended),338.187,246.0,blended,0.338187,0.661813,338.187,661.813,0.0,,13.448173454399274,1,51.8,17.5180866,34.2819134,custom_gb_elec_mix_2023-05-02T21:30:00,
2023-05-02 22:00:00,blended,AE operation,AE operation (blended),325.167,231.0,blended,0.325167,0.674833,325.167,674.833,0.0,,13.077331101963496,1,51.8,16.843650599999997,34.9563494,custom_gb_elec_mix_2023-05-02T22:00:00,
2023-05-02 22:30:00,blended,AE operation,AE operation (blended),325.167,222.0,blended,0.325167,0.674833,325.167,674.833,0.0,,12.485482848276325,1,51.8,16.843650599999997,34.9563494,custom_gb_elec_mix_2023-05-02T22:30:00,
2023-05-02 23:00:00,blended,AE operation,AE operation (blended),322.109,219.0,blended,0.322109,0.677891,322.109,677.8910000000001,0.0,,12.378116584800997,1,51.8,16.685246199999998,35.1147538,custom_gb_elec_mix_2023-05-02T23:00:00,
2023-05-02 23:30:00,blended,AE operation,AE operation (blended),322.109,219.0,blended,0.322109,0.677891,322.109,677.8910000000001,0.0,,12.282547472067433,1,51.8,16.685246199999998,35.1147538,custom_gb_elec_mix_2023-05-02T23:30:00,
2023-07-03 00:00:00,blended,AE operation,AE operation (blended),436.534,71.0,blended,0.436534,0.563466,436.534,563.466,0.0,,4.181107172715539,1,51.8,22.6124612,29.1875388,custom_gb_elec_mix_2023-07-03T00:00:00,
2023-07-03 00:30:00,blended,AE operation,AE operation (blended),436.534,72.0,blended,0.436534,0.563466,436.534,563.466,0.0,,4.201435814372967,1,51.8,22.6124612,29.1875388,custom_gb_elec_mix_2023-07-03T00:30:00,
2023-07-03 01:00:00,blended,AE operation,AE operation (blended),401.543,76.0,blended,0.401543,0.598457,401.543,598.457,0.0,,4.459292345384638,1,51.8,20.799927399999998,31.0000726,custom_gb_elec_mix_2023-07-03T01:00:00,
2023-07-03 01:30:00,blended,AE operation,AE operation (blended),401.543,74.0,blended,0.401543,0.598457,401.543,598.457,0.0,,4.394992816654296,1,51.8,20.799927399999998,31.0000726,custom_gb_elec_mix_2023-07-03T01:30:00,
2023-07-03 02:00:00,blended,AE operation,AE operation (blended),351.465,75.0,blended,0.35146499999999997,0.6485350000000001,351.465,648.5350000000001,0.0,,4.628397941637176,1,51.8,18.205886999999997,33.594113,custom_gb_elec_mix_2023-07-03T02:00:00,
2023-07-03 02:30:00,blended,AE operation,AE operation (blended),351.465,75.0,blended,0.35146499999999997,0.6485350000000001,351.465,648.5350000000001,0.0,,4.639453317229403,1,51.8,18.205886999999997,33.594113,custom_gb_elec_mix_2023-07-03T02:30:00,
2023-07-03 03:00:00,blended,AE operation,AE operation (blended),306.45,76.0,blended,0.30645,0.69355,306.45,693.55,0.0,,5.03603693802652,1,51.8,15.87411,35.925889999999995,custom_gb_elec_mix_2023-07-03T03:00:00,
2023-07-03 03:30:00,blended,AE operation,AE operation (blended),306.45,79.0,blended,0.30645,0.69355,306.45,693.55,0.0,,5.243819343755875,1,51.8,15.87411,35.925889999999995,custom_gb_elec_mix_2023-07-03T03:30:00,
2023-07-03 04:00:00,blended,AE operation,AE operation (blended),285.204,76.0,blended,0.285204,0.714796,285.204,714.7959999999999,0.0,,5.279300477172028,1,51.8,14.7735672,37.026432799999995,custom_gb_elec_mix_2023-07-03T04:00:00,
2023-07-03 04:30:00,blended,AE operation,AE operation (blended),285.204,78.0,blended,0.285204,0.714796,285.204,714.7959999999999,0.0,,5.48267994765962,1,51.8,14.7735672,37.026432799999995,custom_gb_elec_mix_2023-07-03T04:30:00,
2023-07-03 05:00:00,blended,AE operation,AE operation (blended),248.668,77.0,blended,0.248668,0.751332,248.668,751.332,0.0,,5.8817014431415044,1,51.8,12.8810024,38.9189976,custom_gb_elec_mix_2023-07-03T05:00:00,
2023-07-03 05:30:00,blended,AE operation,AE operation (blended),248.668,82.0,blended,0.248668,0.751332,248.668,751.332,0.0,,6.329611681900294,1,51.8,12.8810024,38.9189976,custom_gb_elec_mix_2023-07-03T05:30:00,
2023-07-03 06:00:00,blended,AE operation,AE operation (blended),408.34,67.0,blended,0.40834,0.5916600000000001,408.34,591.6600000000001,0.0,,4.649161670290815,1,51.8,21.152012,30.647988,custom_gb_elec_mix_2023-07-03T06:00:00,
2023-07-03 06:30:00,blended,AE operation,AE operation (blended),408.34,68.0,blended,0.40834,0.5916600000000001,408.34,591.6600000000001,0.0,,4.89072568452936,1,51.8,21.152012,30.647988,custom_gb_elec_mix_2023-07-03T06:30:00,
2023-07-03 07:00:00,blended,AE operation,AE operation (blended),513.254,54.0,blended,0.513254,0.486746,513.254,486.74600000000004,0.0,,3.7190077440142337,1,51.8,26.586557199999998,25.2134428,custom_gb_elec_mix_2023-07-03T07:00:00,
2023-07-03 07:30:00,blended,AE operation,AE operation (blended),513.254,47.0,blended,0.513254,0.486746,513.254,486.74600000000004,0.0,,3.5081193195390417,1,51.8,26.586557199999998,25.2134428,custom_gb_elec_mix_2023-07-03T07:30:00,
2023-07-03 08:00:00,blended,AE operation,AE operation (blended),604.438,44.0,blended,0.604438,0.39556199999999997,604.438,395.56199999999995,0.0,,2.979620473675927,1,51.8,31.3098884,20.4901116,custom_gb_elec_mix_2023-07-03T08:00:00,
2023-07-03 08:30:00,blended,AE operation,AE operation (blended),604.438,43.0,blended,0.604438,0.39556199999999997,604.438,395.56199999999995,0.0,,2.968316728079627,1,51.8,31.3098884,20.4901116,custom_gb_elec_mix_2023-07-03T08:30:00,
2023-07-03 09:00:00,blended,AE operation,AE operation (blended),670.702,45.0,blended,0.670702,0.329298,670.702,329.298,0.0,,2.6464087891833676,1,51.8,34.7423636,17.057636399999996,custom_gb_elec_mix_2023-07-03T09:00:00,
2023-07-03 09:30:00,blended,AE operation,AE operation (blended),670.702,42.0,blended,0.670702,0.329298,670.702,329.298,0.0,,2.5577547904313356,1,51.8,34.7423636,17.057636399999996,custom_gb_elec_mix_2023-07-03T09:30:00,
2023-07-03 10:00:00,blended,AE operation,AE operation (blended),736.734,43.0,blended,0.736734,0.263266,736.734,263.266,0.0,,2.226301225477318,1,51.8,38.162821199999996,13.6371788,custom_gb_elec_mix_2023-07-03T10:00:00,
2023-07-03 10:30:00,blended,AE operation,AE operation (blended),736.734,45.0,blended,0.736734,0.263266,736.734,263.266,0.0,,2.2556929629438662,1,51.8,38.162821199999996,13.6371788,custom_gb_elec_mix_2023-07-03T10:30:00,
2023-07-03 11:00:00,blended,AE operation,AE operation (blended),805.945,45.0,blended,0.805945,0.19405499999999998,805.945,194.05499999999998,0.0,,1.9172098407669471,1,51.8,41.747951,10.052048999999998,custom_gb_elec_mix_2023-07-03T11:00:00,
2023-07-03 11:30:00,blended,AE operation,AE operation (blended),805.945,49.0,blended,0.805945,0.19405499999999998,805.945,194.05499999999998,0.0,,1.9690400935906187,1,51.8,41.747951,10.052048999999998,custom_gb_elec_mix_2023-07-03T11:30:00,
2023-07-03 12:00:00,blended,AE operation,AE operation (blended),853.377,58.0,blended,0.8533769999999999,0.14662300000000006,853.377,146.62300000000005,0.0,,1.8513475981677003,1,51.8,44.204928599999995,7.595071400000003,custom_gb_elec_mix_2023-07-03T12:00:00,
2023-07-03 12:30:00,blended,AE operation,AE operation (blended),853.377,57.0,blended,0.8533769999999999,0.14662300000000006,853.377,146.62300000000005,0.0,,1.845971450147922,1,51.8,44.204928599999995,7.595071400000003,custom_gb_elec_mix_2023-07-03T12:30:00,
2023-07-03 13:00:00,blended,AE operation,AE operation (blended),881.404,60.0,blended,0.881404,0.11859600000000003,881.404,118.59600000000003,0.0,,1.698220371205686,1,51.8,45.6567272,6.143272800000002,custom_gb_elec_mix_2023-07-03T13:00:00,
2023-07-03 13:30:00,blended,AE operation,AE operation (blended),881.404,62.0,blended,0.881404,0.11859600000000003,881.404,118.59600000000003,0.0,,1.701160265884452,1,51.8,45.6567272,6.143272800000002,custom_gb_elec_mix_2023-07-03T13:30:00,
2023-07-03 14:00:00,blended,AE operation,AE operation (blended),893.56,59.0,blended,0.8935599999999999,0.10644000000000009,893.56,106.44000000000008,0.0,,1.5801015008318673,1,51.8,46.286407999999994,5.5135920000000045,custom_gb_elec_mix_2023-07-03T14:00:00,
2023-07-03 14:30:00,blended,AE operation,AE operation (blended),893.56,66.0,blended,0.8935599999999999,0.10644000000000009,893.56,106.44000000000008,0.0,,1.6300670473837082,1,51.8,46.286407999999994,5.5135920000000045,custom_gb_elec_mix_2023-07-03T14:30:00,
2023-07-03 15:00:00,blended,AE operation,AE operation (blended),900.335,69.0,blended,0.900335,0.099665,900.335,99.665,0.0,,1.6201636730175861,1,51.8,46.637353,5.162647,custom_gb_elec_mix_2023-07-03T15:00:00,
2023-07-03 15:30:00,blended,AE operation,AE operation (blended),900.335,74.0,blended,0.900335,0.099665,900.335,99.665,0.0,,1.6342881574844963,1,51.8,46.637353,5.162647,custom_gb_elec_mix_2023-07-03T15:30:00,
2023-07-03 16:00:00,blended,AE operation,AE operation (blended),889.429,68.0,blended,0.889429,0.11057099999999997,889.429,110.57099999999997,0.0,,1.6677856104770563,1,51.8,46.0724222,5.727577799999998,custom_gb_elec_mix_2023-07-03T16:00:00,
2023-07-03 16:30:00,blended,AE operation,AE operation (blended),889.429,59.0,blended,0.889429,0.11057099999999997,889.429,110.57099999999997,0.0,,1.5872514386581997,1,51.8,46.0724222,5.727577799999998,custom_gb_elec_mix_2023-07-03T16:30:00,
2023-07-03 17:00:00,blended,AE operation,AE operation (blended),849.15,63.0,blended,0.84915,0.15085000000000004,849.15,150.85000000000005,0.0,,1.8472228491116505,1,51.8,43.985969999999995,7.814030000000002,custom_gb_elec_mix_2023-07-03T17:00:00,
2023-07-03 17:30:00,blended,AE operation,AE operation (blended),849.15,67.0,blended,0.84915,0.15085000000000004,849.15,150.85000000000005,0.0,,1.881473032528484,1,51.8,43.985969999999995,7.814030000000002,custom_gb_elec_mix_2023-07-03T17:30:00,
2023-07-03 18:00:00,blended,AE operation,AE operation (blended),758.78,72.0,blended,0.75878,0.24122,758.78,241.22,0.0,,2.5644867018084945,1,51.8,39.304804,12.495195999999998,custom_gb_elec_mix_2023-07-03T18:00:00,
2023-07-03 18:30:00,blended,AE operation,AE operation (blended),758.78,79.0,blended,0.75878,0.24122,758.78,241.22,0.0,,2.6876454685334656,1,51.8,39.304804,12.495195999999998,custom_gb_elec_mix_2023-07-03T18:30:00,
2023-07-03 19:00:00,blended,AE operation,AE operation (blended),644.058,91.0,blended,0.644058,0.355942,644.058,355.942,0.0,,3.867670432353569,1,51.8,33.362204399999996,18.437795599999998,custom_gb_elec_mix_2023-07-03T19:00:00,
2023-07-03 19:30:00,blended,AE operation,AE operation (blended),644.058,95.0,blended,0.644058,0.355942,644.058,355.942,0.0,,3.9268782065601537,1,51.8,33.362204399999996,18.437795599999998,custom_gb_elec_mix_2023-07-03T19:30:00,
2023-07-03 20:00:00,blended,AE operation,AE operation (blended),534.862,97.0,blended,0.534862,0.46513800000000005,534.862,465.13800000000003,0.0,,4.883005221610855,1,51.8,27.705851599999995,24.0941484,custom_gb_elec_mix_2023-07-03T20:00:00,
2023-07-03 20:30:00,blended,AE operation,AE operation (blended),534.862,92.0,blended,0.534862,0.46513800000000005,534.862,465.13800000000003,0.0,,4.540092481950091,1,51.8,27.705851599999995,24.0941484,custom_gb_elec_mix_2023-07-03T20:30:00,
2023-07-03 21:00:00,blended,AE operation,AE operation (blended),449.448,85.0,blended,0.44944799999999996,0.550552,449.448,550.552,0.0,,4.980960418998493,1,51.8,23.281406399999998,28.5185936,custom_gb_elec_mix_2023-07-03T21:00:00,
2023-07-03 21:30:00,blended,AE operation,AE operation (blended),449.448,71.0,blended,0.44944799999999996,0.550552,449.448,550.552,0.0,,4.266548129680552,1,51.8,23.281406399999998,28.5185936,custom_gb_elec_mix_2023-07-03T21:30:00,
2023-07-03 22:00:00,blended,AE operation,AE operation (blended),434.066,69.0,blended,0.43406599999999995,0.565934,434.066,565.9340000000001,0.0,,4.255045817915948,1,51.8,22.484618799999996,29.3153812,custom_gb_elec_mix_2023-07-03T22:00:00,
2023-07-03 22:30:00,blended,AE operation,AE operation (blended),434.066,62.0,blended,0.43406599999999995,0.565934,434.066,565.9340000000001,0.0,,4.01279277054696,1,51.8,22.484618799999996,29.3153812,custom_gb_elec_mix_2023-07-03T22:30:00,
2023-07-03 23:00:00,blended,AE operation,AE operation (blended),427.468,66.0,blended,0.427468,0.572532,427.468,572.532,0.0,,4.021986422489122,1,51.8,22.1428424,29.6571576,custom_gb_elec_mix_2023-07-03T23:00:00,
2023-07-03 23:30:00,blended,AE operation,AE operation (blended),427.468,63.0,blended,0.427468,0.572532,427.468,572.532,0.0,,3.93264757612689,1,51.8,22.1428424,29.6571576,custom_gb_elec_mix_2023-07-03T23:30:00,
2023-07-06 00:00:00,blended,AE operation,AE operation (blended),352.384,172.0,blended,0.35238400000000003,0.647616,352.384,647.616,0.0,,9.717156094755381,1,51.8,18.2534912,33.5465088,custom_gb_elec_mix_2023-07-06T00:00:00,
2023-07-06 00:30:00,blended,AE operation,AE operation (blended),352.384,171.0,blended,0.35238400000000003,0.647616,352.384,647.616,0.0,,9.592263635102906,1,51.8,18.2534912,33.5465088,custom_gb_elec_mix_2023-07-06T00:30:00,
2023-07-06 01:00:00,blended,AE operation,AE operation (blended),325.146,173.0,blended,0.325146,0.6748540000000001,325.146,674.854,0.0,,10.017329945976435,1,51.8,16.8425628,34.9574372,custom_gb_elec_mix_2023-07-06T01:00:00,
2023-07-06 01:30:00,blended,AE operation,AE operation (blended),325.146,173.0,blended,0.325146,0.6748540000000001,325.146,674.854,0.0,,10.114506252148534,1,51.8,16.8425628,34.9574372,custom_gb_elec_mix_2023-07-06T01:30:00,
2023-07-06 02:00:00,blended,AE operation,AE operation (blended),312.968,176.0,blended,0.312968,0.687032,312.968,687.0319999999999,0.0,,10.401313934816526,1,51.8,16.211742400000002,35.5882576,custom_gb_elec_mix_2023-07-06T02:00:00,
2023-07-06 02:30:00,blended,AE operation,AE operation (blended),312.968,175.0,blended,0.312968,0.687032,312.968,687.0319999999999,0.0,,10.317443927469897,1,51.8,16.211742400000002,35.5882576,custom_gb_elec_mix_2023-07-06T02:30:00,
2023-07-06 03:00:00,blended,AE operation,AE operation (blended),310.467,171.0,blended,0.310467,0.689533,310.467,689.5329999999999,0.0,,10.25953485432975,1,51.8,16.082190599999997,35.71780939999999,custom_gb_elec_mix_2023-07-06T03:00:00,
2023-07-06 03:30:00,blended,AE operation,AE operation (blended),310.467,168.0,blended,0.310467,0.689533,310.467,689.5329999999999,0.0,,10.110129534098872,1,51.8,16.082190599999997,35.71780939999999,custom_gb_elec_mix_2023-07-06T03:30:00,
2023-07-06 04:00:00,blended,AE operation,AE operation (blended),274.43,165.0,blended,0.27443,0.72557,274.43,725.57,0.0,,10.721879877107456,1,51.8,14.215474,37.584526000000004,custom_gb_elec_mix_2023-07-06T04:00:00,
2023-07-06 04:30:00,blended,AE operation,AE operation (blended),274.43,167.0,blended,0.27443,0.72557,274.43,725.57,0.0,,11.08235883811003,1,51.8,14.215474,37.584526000000004,custom_gb_elec_mix_2023-07-06T04:30:00,
2023-07-06 05:00:00,blended,AE operation,AE operation (blended),163.996,166.0,blended,0.163996,0.836004,163.996,836.004,0.0,,13.163962181130048,1,51.8,8.4949928,43.3050072,custom_gb_elec_mix_2023-07-06T05:00:00,
2023-07-06 05:30:00,blended,AE operation,AE operation (blended),163.996,167.0,blended,0.163996,0.836004,163.996,836.004,0.0,,13.88451923406633,1,51.8,8.4949928,43.3050072,custom_gb_elec_mix_2023-07-06T05:30:00,
2023-07-06 06:00:00,blended,AE operation,AE operation (blended),160.443,161.0,blended,0.160443,0.839557,160.443,839.557,0.0,,13.23372254851297,1,51.8,8.3109474,43.4890526,custom_gb_elec_mix_2023-07-06T06:00:00,
2023-07-06 06:30:00,blended,AE operation,AE operation (blended),160.443,160.0,blended,0.160443,0.839557,160.443,839.557,0.0,,13.185696848180017,1,51.8,8.3109474,43.4890526,custom_gb_elec_mix_2023-07-06T06:30:00,
2023-07-06 07:00:00,blended,AE operation,AE operation (blended),205.062,153.0,blended,0.20506200000000002,0.7949379999999999,205.062,794.9379999999999,0.0,,11.480372047381563,1,51.8,10.6222116,41.1777884,custom_gb_elec_mix_2023-07-06T07:00:00,
2023-07-06 07:30:00,blended,AE operation,AE operation (blended),205.062,151.0,blended,0.20506200000000002,0.7949379999999999,205.062,794.9379999999999,0.0,,11.04331754436527,1,51.8,10.6222116,41.1777884,custom_gb_elec_mix_2023-07-06T07:30:00,
2023-07-06 08:00:00,blended,AE operation,AE operation (blended),227.415,143.0,blended,0.22741499999999998,0.7725850000000001,227.415,772.585,0.0,,10.34836695177308,1,51.8,11.780096999999998,40.019903,custom_gb_elec_mix_2023-07-06T08:00:00,
2023-07-06 08:30:00,blended,AE operation,AE operation (blended),227.415,133.0,blended,0.22741499999999998,0.7725850000000001,227.415,772.585,0.0,,9.778078694458362,1,51.8,11.780096999999998,40.019903,custom_gb_elec_mix_2023-07-06T08:30:00,
2023-07-06 09:00:00,blended,AE operation,AE operation (blended),243.017,126.0,blended,0.24301699999999998,0.756983,243.017,756.983,0.0,,9.270292447847499,1,51.8,12.5882806,39.21171939999999,custom_gb_elec_mix_2023-07-06T09:00:00,
2023-07-06 09:30:00,blended,AE operation,AE operation (blended),243.017,124.0,blended,0.24301699999999998,0.756983,243.017,756.983,0.0,,9.199600204287282,1,51.8,12.5882806,39.21171939999999,custom_gb_elec_mix_2023-07-06T09:30:00,
2023-07-06 10:00:00,blended,AE operation,AE operation (blended),268.893,129.0,blended,0.268893,0.731107,268.893,731.107,0.0,,8.999557493610217,1,51.8,13.928657399999999,37.8713426,custom_gb_elec_mix_2023-07-06T10:00:00,
2023-07-06 10:30:00,blended,AE operation,AE operation (blended),268.893,128.0,blended,0.268893,0.731107,268.893,731.107,0.0,,8.884699697342823,1,51.8,13.928657399999999,37.8713426,custom_gb_elec_mix_2023-07-06T10:30:00,
2023-07-06 11:00:00,blended,AE operation,AE operation (blended),302.432,129.0,blended,0.30243200000000003,0.697568,302.432,697.568,0.0,,8.539688224276194,1,51.8,15.665977600000002,36.1340224,custom_gb_elec_mix_2023-07-06T11:00:00,
2023-07-06 11:30:00,blended,AE operation,AE operation (blended),302.432,125.0,blended,0.30243200000000003,0.697568,302.432,697.568,0.0,,8.326184235613086,1,51.8,15.665977600000002,36.1340224,custom_gb_elec_mix_2023-07-06T11:30:00,
2023-07-06 12:00:00,blended,AE operation,AE operation (blended),336.749,128.0,blended,0.336749,0.663251,336.749,663.2510000000001,0.0,,7.924285069102524,1,51.8,17.4435982,34.3564018,custom_gb_elec_mix_2023-07-06T12:00:00,
2023-07-06 12:30:00,blended,AE operation,AE operation (blended),336.749,120.0,blended,0.336749,0.663251,336.749,663.2510000000001,0.0,,7.531075189976964,1,51.8,17.4435982,34.3564018,custom_gb_elec_mix_2023-07-06T12:30:00,
2023-07-06 13:00:00,blended,AE operation,AE operation (blended),364.761,113.0,blended,0.364761,0.635239,364.761,635.239,0.0,,6.996705052500867,1,51.8,18.894619799999997,32.905380199999996,custom_gb_elec_mix_2023-07-06T13:00:00,
2023-07-06 13:30:00,blended,AE operation,AE operation (blended),364.761,106.0,blended,0.364761,0.635239,364.761,635.239,0.0,,6.597043742135989,1,51.8,18.894619799999997,32.905380199999996,custom_gb_elec_mix_2023-07-06T13:30:00,
2023-07-06 14:00:00,blended,AE operation,AE operation (blended),388.313,109.0,blended,0.38831299999999996,0.6116870000000001,388.313,611.6870000000001,0.0,,6.586825911292967,1,51.8,20.114613399999996,31.685386600000005,custom_gb_elec_mix_2023-07-06T14:00:00,
2023-07-06 14:30:00,blended,AE operation,AE operation (blended),388.313,112.0,blended,0.38831299999999996,0.6116870000000001,388.313,611.6870000000001,0.0,,6.642864972873553,1,51.8,20.114613399999996,31.685386600000005,custom_gb_elec_mix_2023-07-06T14:30:00,
2023-07-06 15:00:00,blended,AE operation,AE operation (blended),414.143,112.0,blended,0.414143,0.5858570000000001,414.143,585.8570000000001,0.0,,6.539127994115203,1,51.8,21.452607399999998,30.347392600000003,custom_gb_elec_mix_2023-07-06T15:00:00,
2023-07-06 15:30:00,blended,AE operation,AE operation (blended),414.143,114.0,blended,0.414143,0.5858570000000001,414.143,585.8570000000001,0.0,,6.579289458267361,1,51.8,21.452607399999998,30.347392600000003,custom_gb_elec_mix_2023-07-06T15:30:00,
2023-07-06 16:00:00,blended,AE operation,AE operation (blended),441.47,123.0,blended,0.44147000000000003,0.55853,441.47,558.53,0.0,,6.585061121428637,1,51.8,22.868146,28.931853999999998,custom_gb_elec_mix_2023-07-06T16:00:00,
2023-07-06 16:30:00,blended,AE operation,AE operation (blended),441.47,134.0,blended,0.44147000000000003,0.55853,441.47,558.53,0.0,,6.9489826349018955,1,51.8,22.868146,28.931853999999998,custom_gb_elec_mix_2023-07-06T16:30:00,
2023-07-06 17:00:00,blended,AE operation,AE operation (blended),439.619,139.0,blended,0.43961900000000004,0.560381,439.619,560.381,0.0,,7.259102943164313,1,51.8,22.772264200000002,29.0277358,custom_gb_elec_mix_2023-07-06T17:00:00,
2023-07-06 17:30:00,blended,AE operation,AE operation (blended),439.619,142.0,blended,0.43961900000000004,0.560381,439.619,560.381,0.0,,7.423817340393684,1,51.8,22.772264200000002,29.0277358,custom_gb_elec_mix_2023-07-06T17:30:00,
2023-07-06 18:00:00,blended,AE operation,AE operation (blended),410.888,140.0,blended,0.410888,0.5891120000000001,410.888,589.1120000000001,0.0,,7.705446034760133,1,51.8,21.283998399999998,30.516001600000003,custom_gb_elec_mix_2023-07-06T18:00:00,
2023-07-06 18:30:00,blended,AE operation,AE operation (blended),410.888,148.0,blended,0.410888,0.5891120000000001,410.888,589.1120000000001,0.0,,8.223113083674862,1,51.8,21.283998399999998,30.516001600000003,custom_gb_elec_mix_2023-07-06T18:30:00,
2023-07-06 19:00:00,blended,AE operation,AE operation (blended),388.131,150.0,blended,0.38813099999999995,0.611869,388.131,611.869,0.0,,8.30702737889788,1,51.8,20.105185799999997,31.6948142,custom_gb_elec_mix_2023-07-06T19:00:00,
2023-07-06 19:30:00,blended,AE operation,AE operation (blended),388.131,151.0,blended,0.38813099999999995,0.611869,388.131,611.869,0.0,,8.161304751623609,1,51.8,20.105185799999997,31.6948142,custom_gb_elec_mix_2023-07-06T19:30:00,
2023-07-06 20:00:00,blended,AE operation,AE operation (blended),400.175,152.0,blended,0.400175,0.599825,400.175,599.825,0.0,,7.955654382614441,1,51.8,20.729065,31.070935000000002,custom_gb_elec_mix_2023-07-06T20:00:00,
2023-07-06 20:30:00,blended,AE operation,AE operation (blended),400.175,149.0,blended,0.400175,0.599825,400.175,599.825,0.0,,7.88602282893734,1,51.8,20.729065,31.070935000000002,custom_gb_elec_mix_2023-07-06T20:30:00,
2023-07-06 21:00:00,blended,AE operation,AE operation (blended),400.482,146.0,blended,0.400482,0.599518,400.482,599.518,0.0,,7.703091353314995,1,51.8,20.7449676,31.055032399999998,custom_gb_elec_mix_2023-07-06T21:00:00,
2023-07-06 21:30:00,blended,AE operation,AE operation (blended),400.482,136.0,blended,0.400482,0.599518,400.482,599.518,0.0,,7.255832848680971,1,51.8,20.7449676,31.055032399999998,custom_gb_elec_mix_2023-07-06T21:30:00,
2023-07-06 22:00:00,blended,AE operation,AE operation (blended),388.199,128.0,blended,0.388199,0.611801,388.199,611.801,0.0,,7.078226334368879,1,51.8,20.1087082,31.691291800000002,custom_gb_elec_mix_2023-07-06T22:00:00,
2023-07-06 22:30:00,blended,AE operation,AE operation (blended),388.199,119.0,blended,0.388199,0.611801,388.199,611.801,0.0,,6.483246272573257,1,51.8,20.1087082,31.691291800000002,custom_gb_elec_mix_2023-07-06T22:30:00,
2023-07-06 23:00:00,blended,AE operation,AE operation (blended),363.457,117.0,blended,0.363457,0.6365430000000001,363.457,636.5430000000001,0.0,,6.490439744580265,1,51.8,18.827072599999997,32.9729274,custom_gb_elec_mix_2023-07-06T23:00:00,
2023-07-06 23:30:00,blended,AE operation,AE operation (blended),363.457,110.0,blended,0.363457,0.6365430000000001,363.457,636.5430000000001,0.0,,6.191440282476289,1,51.8,18.827072599999997,32.9729274,custom_gb_elec_mix_2023-07-06T23:30:00,
2023-08-31 00:00:00,blended,AE operation,AE operation (blended),159.868,220.0,blended,0.15986799999999998,0.840132,159.868,840.132,0.0,,15.121346980384725,1,51.8,8.2811624,43.5188376,custom_gb_elec_mix_2023-08-31T00:00:00,
2023-08-31 00:30:00,blended,AE operation,AE operation (blended),159.868,222.0,blended,0.15986799999999998,0.840132,159.868,840.132,0.0,,15.20941118288073,1,51.8,8.2811624,43.5188376,custom_gb_elec_mix_2023-08-31T00:30:00,
2023-08-31 01:00:00,blended,AE operation,AE operation (blended),128.786,224.0,blended,0.128786,0.8712139999999999,128.786,871.2139999999999,0.0,,15.707759580098427,1,51.8,6.671114800000001,45.12888519999999,custom_gb_elec_mix_2023-08-31T01:00:00,
2023-08-31 01:30:00,blended,AE operation,AE operation (blended),128.786,225.0,blended,0.128786,0.8712139999999999,128.786,871.2139999999999,0.0,,15.739607064012835,1,51.8,6.671114800000001,45.12888519999999,custom_gb_elec_mix_2023-08-31T01:30:00,
2023-08-31 02:00:00,blended,AE operation,AE operation (blended),95.28,221.0,blended,0.09528,0.90472,95.28,904.7199999999999,0.0,,16.12016102905002,1,51.8,4.935504,46.864495999999995,custom_gb_elec_mix_2023-08-31T02:00:00,
2023-08-31 02:30:00,blended,AE operation,AE operation (blended),95.28,221.0,blended,0.09528,0.90472,95.28,904.7199999999999,0.0,,16.125769188052374,1,51.8,4.935504,46.864495999999995,custom_gb_elec_mix_2023-08-31T02:30:00,
2023-08-31 03:00:00,blended,AE operation,AE operation (blended),54.83,220.0,blended,0.05483,0.94517,54.83,945.17,0.0,,16.799121133423636,1,51.8,2.840194,48.95980599999999,custom_gb_elec_mix_2023-08-31T03:00:00,
2023-08-31 03:30:00,blended,AE operation,AE operation (blended),54.83,222.0,blended,0.05483,0.94517,54.83,945.17,0.0,,16.944853998971332,1,51.8,2.840194,48.95980599999999,custom_gb_elec_mix_2023-08-31T03:30:00,
2023-08-31 04:00:00,blended,AE operation,AE operation (blended),22.303,227.0,blended,0.022303,0.977697,22.303,977.697,0.0,,17.93692358253591,1,51.8,1.1552954,50.6447046,custom_gb_elec_mix_2023-08-31T04:00:00,
2023-08-31 04:30:00,blended,AE operation,AE operation (blended),22.303,236.0,blended,0.022303,0.977697,22.303,977.697,0.0,,18.360116284216787,1,51.8,1.1552954,50.6447046,custom_gb_elec_mix_2023-08-31T04:30:00,
2023-08-31 05:00:00,blended,AE operation,AE operation (blended),5.246,239.0,blended,0.005246000000000001,0.994754,5.246,994.754,0.0,,18.962290614691256,1,51.8,0.2717428,51.5282572,custom_gb_elec_mix_2023-08-31T05:00:00,
2023-08-31 05:30:00,blended,AE operation,AE operation (blended),5.246,243.0,blended,0.005246000000000001,0.994754,5.246,994.754,0.0,,19.352764048873613,1,51.8,0.2717428,51.5282572,custom_gb_elec_mix_2023-08-31T05:30:00,
2023-08-31 06:00:00,blended,AE operation,AE operation (blended),3.199,239.0,blended,0.003199,0.996801,3.199,996.801,0.0,,19.58388367271724,1,51.8,0.1657082,51.6342918,custom_gb_elec_mix_2023-08-31T06:00:00,
2023-08-31 06:30:00,blended,AE operation,AE operation (blended),3.199,233.0,blended,0.003199,0.996801,3.199,996.801,0.0,,19.738619747842506,1,51.8,0.1657082,51.6342918,custom_gb_elec_mix_2023-08-31T06:30:00,
2023-08-31 07:00:00,blended,AE operation,AE operation (blended),19.094,216.0,blended,0.019094,0.9809060000000001,19.094,980.9060000000001,0.0,,17.820189802121384,1,51.8,0.9890692,50.8109308,custom_gb_elec_mix_2023-08-31T07:00:00,
2023-08-31 07:30:00,blended,AE operation,AE operation (blended),19.094,212.0,blended,0.019094,0.9809060000000001,19.094,980.9060000000001,0.0,,17.29674600521023,1,51.8,0.9890692,50.8109308,custom_gb_elec_mix_2023-08-31T07:30:00,
2023-08-31 08:00:00,blended,AE operation,AE operation (blended),82.651,201.0,blended,0.082651,0.917349,82.651,917.3489999999999,0.0,,15.63072681084304,1,51.8,4.2813218,47.5186782,custom_gb_elec_mix_2023-08-31T08:00:00,
2023-08-31 08:30:00,blended,AE operation,AE operation (blended),82.651,196.0,blended,0.082651,0.917349,82.651,917.3489999999999,0.0,,15.257159775857541,1,51.8,4.2813218,47.5186782,custom_gb_elec_mix_2023-08-31T08:30:00,
2023-08-31 09:00:00,blended,AE operation,AE operation (blended),120.201,196.0,blended,0.12020099999999999,0.879799,120.201,879.799,0.0,,14.587552967839347,1,51.8,6.226411799999999,45.573588199999996,custom_gb_elec_mix_2023-08-31T09:00:00,
2023-08-31 09:30:00,blended,AE operation,AE operation (blended),120.201,190.0,blended,0.12020099999999999,0.879799,120.201,879.799,0.0,,14.28241844583911,1,51.8,6.226411799999999,45.573588199999996,custom_gb_elec_mix_2023-08-31T09:30:00,
2023-08-31 10:00:00,blended,AE operation,AE operation (blended),132.361,182.0,blended,0.13236099999999998,0.867639,132.361,867.639,0.0,,13.634766733478529,1,51.8,6.856299799999999,44.9437002,custom_gb_elec_mix_2023-08-31T10:00:00,
2023-08-31 10:30:00,blended,AE operation,AE operation (blended),132.361,179.0,blended,0.13236099999999998,0.867639,132.361,867.639,0.0,,13.539648510195748,1,51.8,6.856299799999999,44.9437002,custom_gb_elec_mix_2023-08-31T10:30:00,
2023-08-31 11:00:00,blended,AE operation,AE operation (blended),143.99,177.0,blended,0.14399,0.8560099999999999,143.99,856.01,0.0,,13.433345810945653,1,51.8,7.458682,44.341317999999994,custom_gb_elec_mix_2023-08-31T11:00:00,
2023-08-31 11:30:00,blended,AE operation,AE operation (blended),143.99,176.0,blended,0.14399,0.8560099999999999,143.99,856.01,0.0,,13.34763287329743,1,51.8,7.458682,44.341317999999994,custom_gb_elec_mix_2023-08-31T11:30:00,
2023-08-31 12:00:00,blended,AE operation,AE operation (blended),161.256,178.0,blended,0.161256,0.8387439999999999,161.256,838.7439999999999,0.0,,13.237414542421705,1,51.8,8.3530608,43.446939199999996,custom_gb_elec_mix_2023-08-31T12:00:00,
2023-08-31 12:30:00,blended,AE operation,AE operation (blended),161.256,181.0,blended,0.161256,0.8387439999999999,161.256,838.7439999999999,0.0,,13.266896669664396,1,51.8,8.3530608,43.446939199999996,custom_gb_elec_mix_2023-08-31T12:30:00,
2023-08-31 13:00:00,blended,AE operation,AE operation (blended),184.712,188.0,blended,0.184712,0.815288,184.712,815.288,0.0,,13.315041076822641,1,51.8,9.5680816,42.2319184,custom_gb_elec_mix_2023-08-31T13:00:00,
2023-08-31 13:30:00,blended,AE operation,AE operation (blended),184.712,192.0,blended,0.184712,0.815288,184.712,815.288,0.0,,13.432045317639021,1,51.8,9.5680816,42.2319184,custom_gb_elec_mix_2023-08-31T13:30:00,
2023-08-31 14:00:00,blended,AE operation,AE operation (blended),204.223,200.0,blended,0.20422300000000002,0.795777,204.223,795.7769999999999,0.0,,13.622503323281622,1,51.8,10.5787514,41.221248599999996,custom_gb_elec_mix_2023-08-31T14:00:00,
2023-08-31 14:30:00,blended,AE operation,AE operation (blended),204.223,203.0,blended,0.20422300000000002,0.795777,204.223,795.7769999999999,0.0,,13.747488184043048,1,51.8,10.5787514,41.221248599999996,custom_gb_elec_mix_2023-08-31T14:30:00,
2023-08-31 15:00:00,blended,AE operation,AE operation (blended),190.805,207.0,blended,0.190805,0.809195,190.805,809.195,0.0,,14.291955889885061,1,51.8,9.883699,41.916301,custom_gb_elec_mix_2023-08-31T15:00:00,
2023-08-31 15:30:00,blended,AE operation,AE operation (blended),190.805,211.0,blended,0.190805,0.809195,190.805,809.195,0.0,,14.56010216965773,1,51.8,9.883699,41.916301,custom_gb_elec_mix_2023-08-31T15:30:00,
2023-08-31 16:00:00,blended,AE operation,AE operation (blended),154.04,212.0,blended,0.15403999999999998,0.84596,154.04,845.96,0.0,,15.391876938117969,1,51.8,7.979271999999999,43.820728,custom_gb_elec_mix_2023-08-31T16:00:00,
2023-08-31 16:30:00,blended,AE operation,AE operation (blended),154.04,215.0,blended,0.15403999999999998,0.84596,154.04,845.96,0.0,,15.576636940376615,1,51.8,7.979271999999999,43.820728,custom_gb_elec_mix_2023-08-31T16:30:00,
2023-08-31 17:00:00,blended,AE operation,AE operation (blended),141.237,216.0,blended,0.141237,0.8587629999999999,141.237,858.7629999999999,0.0,,16.209770039116453,1,51.8,7.3160766,44.483923399999995,custom_gb_elec_mix_2023-08-31T17:00:00,
2023-08-31 17:30:00,blended,AE operation,AE operation (blended),141.237,215.0,blended,0.141237,0.8587629999999999,141.237,858.7629999999999,0.0,,16.278065793608455,1,51.8,7.3160766,44.483923399999995,custom_gb_elec_mix_2023-08-31T17:30:00,
2023-08-31 18:00:00,blended,AE operation,AE operation (blended),169.644,220.0,blended,0.16964400000000002,0.830356,169.644,830.356,0.0,,16.08149802845369,1,51.8,8.7875592,43.0124408,custom_gb_elec_mix_2023-08-31T18:00:00,
2023-08-31 18:30:00,blended,AE operation,AE operation (blended),169.644,221.0,blended,0.16964400000000002,0.830356,169.644,830.356,0.0,,16.272848016190938,1,51.8,8.7875592,43.0124408,custom_gb_elec_mix_2023-08-31T18:30:00,
2023-08-31 19:00:00,blended,AE operation,AE operation (blended),192.276,221.0,blended,0.192276,0.807724,192.276,807.724,0.0,,15.69651317688375,1,51.8,9.9598968,41.840103199999994,custom_gb_elec_mix_2023-08-31T19:00:00,
2023-08-31 19:30:00,blended,AE operation,AE operation (blended),192.276,223.0,blended,0.192276,0.807724,192.276,807.724,0.0,,15.373667407020273,1,51.8,9.9598968,41.840103199999994,custom_gb_elec_mix_2023-08-31T19:30:00,
2023-08-31 20:00:00,blended,AE operation,AE operation (blended),186.556,231.0,blended,0.186556,0.8134440000000001,186.556,813.4440000000001,0.0,,15.694637639062442,1,51.8,9.6636008,42.1363992,custom_gb_elec_mix_2023-08-31T20:00:00,
2023-08-31 20:30:00,blended,AE operation,AE operation (blended),186.556,230.0,blended,0.186556,0.8134440000000001,186.556,813.4440000000001,0.0,,15.440029647839067,1,51.8,9.6636008,42.1363992,custom_gb_elec_mix_2023-08-31T20:30:00,
2023-08-31 21:00:00,blended,AE operation,AE operation (blended),174.321,233.0,blended,0.174321,0.825679,174.321,825.6790000000001,0.0,,15.760179452605303,1,51.8,9.0298278,42.7701722,custom_gb_elec_mix_2023-08-31T21:00:00,
2023-08-31 21:30:00,blended,AE operation,AE operation (blended),174.321,228.0,blended,0.174321,0.825679,174.321,825.6790000000001,0.0,,15.519684262205786,1,51.8,9.0298278,42.7701722,custom_gb_elec_mix_2023-08-31T21:30:00,
2023-08-31 22:00:00,blended,AE operation,AE operation (blended),161.875,214.0,blended,0.161875,0.838125,161.875,838.125,0.0,,14.932024287688497,1,51.8,8.385124999999999,43.414874999999995,custom_gb_elec_mix_2023-08-31T22:00:00,
2023-08-31 22:30:00,blended,AE operation,AE operation (blended),161.875,209.0,blended,0.161875,0.838125,161.875,838.125,0.0,,14.674358331315387,1,51.8,8.385124999999999,43.414874999999995,custom_gb_elec_mix_2023-08-31T22:30:00,
2023-08-31 23:00:00,blended,AE operation,AE operation (blended),154.562,215.0,blended,0.154562,0.845438,154.562,845.438,0.0,,15.023539734674541,1,51.8,8.0063116,43.7936884,custom_gb_elec_mix_2023-08-31T23:00:00,
2023-08-31 23:30:00,blended,AE operation,AE operation (blended),154.562,215.0,blended,0.154562,0.845438,154.562,845.438,0.0,,15.04609205230632,1,51.8,8.0063116,43.7936884,custom_gb_elec_mix_2023-08-31T23:30:00,
2023-09-09 00:00:00,blended,AE operation,AE operation (blended),33.099,237.0,blended,0.033098999999999996,0.966901,33.099,966.9010000000001,0.0,,18.56790991388967,1,51.8,1.7145281999999997,50.0854718,custom_gb_elec_mix_2023-09-09T00:00:00,
2023-09-09 00:30:00,blended,AE operation,AE operation (blended),33.099,231.0,blended,0.033098999999999996,0.966901,33.099,966.9010000000001,0.0,,18.31297834450618,1,51.8,1.7145281999999997,50.0854718,custom_gb_elec_mix_2023-09-09T00:30:00,
2023-09-09 01:00:00,blended,AE operation,AE operation (blended),22.428,220.0,blended,0.022428,0.977572,22.428,977.572,0.0,,17.777412510535665,1,51.8,1.1617704,50.638229599999995,custom_gb_elec_mix_2023-09-09T01:00:00,
2023-09-09 01:30:00,blended,AE operation,AE operation (blended),22.428,217.0,blended,0.022428,0.977572,22.428,977.572,0.0,,17.554432824504186,1,51.8,1.1617704,50.638229599999995,custom_gb_elec_mix_2023-09-09T01:30:00,
2023-09-09 02:00:00,blended,AE operation,AE operation (blended),15.235,214.0,blended,0.015235,0.984765,15.235,984.765,0.0,,17.56228798181537,1,51.8,0.789173,51.010827,custom_gb_elec_mix_2023-09-09T02:00:00,
2023-09-09 02:30:00,blended,AE operation,AE operation (blended),15.235,211.0,blended,0.015235,0.984765,15.235,984.765,0.0,,17.344902130908814,1,51.8,0.789173,51.010827,custom_gb_elec_mix_2023-09-09T02:30:00,
2023-09-09 03:00:00,blended,AE operation,AE operation (blended),12.635,208.0,blended,0.012635,0.987365,12.635,987.365,0.0,,17.20943679262648,1,51.8,0.654493,51.145507,custom_gb_elec_mix_2023-09-09T03:00:00,
2023-09-09 03:30:00,blended,AE operation,AE operation (blended),12.635,206.0,blended,0.012635,0.987365,12.635,987.365,0.0,,17.149346944269034,1,51.8,0.654493,51.145507,custom_gb_elec_mix_2023-09-09T03:30:00,
2023-09-09 04:00:00,blended,AE operation,AE operation (blended),13.818,214.0,blended,0.013818,0.986182,13.818,986.182,0.0,,17.456950245099353,1,51.8,0.7157724,51.0842276,custom_gb_elec_mix_2023-09-09T04:00:00,
2023-09-09 04:30:00,blended,AE operation,AE operation (blended),13.818,214.0,blended,0.013818,0.986182,13.818,986.182,0.0,,17.68091868194519,1,51.8,0.7157724,51.0842276,custom_gb_elec_mix_2023-09-09T04:30:00,
2023-09-09 05:00:00,blended,AE operation,AE operation (blended),15.62,215.0,blended,0.015619999999999998,0.98438,15.62,984.38,0.0,,17.673086246639578,1,51.8,0.8091159999999998,50.990884,custom_gb_elec_mix_2023-09-09T05:00:00,
2023-09-09 05:30:00,blended,AE operation,AE operation (blended),15.62,212.0,blended,0.015619999999999998,0.98438,15.62,984.38,0.0,,17.884043590704636,1,51.8,0.8091159999999998,50.990884,custom_gb_elec_mix_2023-09-09T05:30:00,
2023-09-09 06:00:00,blended,AE operation,AE operation (blended),16.993,203.0,blended,0.016992999999999998,0.983007,16.993,983.007,0.0,,16.997144852864487,1,51.8,0.8802373999999998,50.9197626,custom_gb_elec_mix_2023-09-09T06:00:00,
2023-09-09 06:30:00,blended,AE operation,AE operation (blended),16.993,196.0,blended,0.016992999999999998,0.983007,16.993,983.007,0.0,,16.877197348918667,1,51.8,0.8802373999999998,50.9197626,custom_gb_elec_mix_2023-09-09T06:30:00,
2023-09-09 07:00:00,blended,AE operation,AE operation (blended),13.383000000000001,186.0,blended,0.013383,0.986617,13.383000000000001,986.617,0.0,,15.829975334058714,1,51.8,0.6932394,51.106760599999994,custom_gb_elec_mix_2023-09-09T07:00:00,
2023-09-09 07:30:00,blended,AE operation,AE operation (blended),13.383000000000001,180.0,blended,0.013383,0.986617,13.383000000000001,986.617,0.0,,15.452682407134413,1,51.8,0.6932394,51.106760599999994,custom_gb_elec_mix_2023-09-09T07:30:00,
2023-09-09 08:00:00,blended,AE operation,AE operation (blended),8.718,170.0,blended,0.008718,0.991282,8.718,991.282,0.0,,14.898440932246386,1,51.8,0.4515924,51.348407599999994,custom_gb_elec_mix_2023-09-09T08:00:00,
2023-09-09 08:30:00,blended,AE operation,AE operation (blended),8.718,162.0,blended,0.008718,0.991282,8.718,991.282,0.0,,14.529289593893358,1,51.8,0.4515924,51.348407599999994,custom_gb_elec_mix_2023-09-09T08:30:00,
2023-09-09 09:00:00,blended,AE operation,AE operation (blended),15.282,154.0,blended,0.015282,0.984718,15.282,984.718,0.0,,13.89935124950661,1,51.8,0.7916076,51.0083924,custom_gb_elec_mix_2023-09-09T09:00:00,
2023-09-09 09:30:00,blended,AE operation,AE operation (blended),15.282,143.0,blended,0.015282,0.984718,15.282,984.718,0.0,,12.909619484616147,1,51.8,0.7916076,51.0083924,custom_gb_elec_mix_2023-09-09T09:30:00,
2023-09-09 10:00:00,blended,AE operation,AE operation (blended),16.394,135.0,blended,0.016394,0.983606,16.394,983.606,0.0,,12.311351222652174,1,51.8,0.8492091999999999,50.95079079999999,custom_gb_elec_mix_2023-09-09T10:00:00,
2023-09-09 10:30:00,blended,AE operation,AE operation (blended),16.394,127.0,blended,0.016394,0.983606,16.394,983.606,0.0,,11.729942701217768,1,51.8,0.8492091999999999,50.95079079999999,custom_gb_elec_mix_2023-09-09T10:30:00,
2023-09-09 11:00:00,blended,AE operation,AE operation (blended),13.494,121.0,blended,0.013493999999999999,0.986506,13.494,986.506,0.0,,11.351866095607779,1,51.8,0.6989891999999999,51.1010108,custom_gb_elec_mix_2023-09-09T11:00:00,
2023-09-09 11:30:00,blended,AE operation,AE operation (blended),13.494,119.0,blended,0.013493999999999999,0.986506,13.494,986.506,0.0,,11.2260982796613,1,51.8,0.6989891999999999,51.1010108,custom_gb_elec_mix_2023-09-09T11:30:00,
2023-09-09 12:00:00,blended,AE operation,AE operation (blended),12.267,118.0,blended,0.012267,0.987733,12.267,987.733,0.0,,11.138054037620284,1,51.8,0.6354306,51.1645694,custom_gb_elec_mix_2023-09-09T12:00:00,
2023-09-09 12:30:00,blended,AE operation,AE operation (blended),12.267,118.0,blended,0.012267,0.987733,12.267,987.733,0.0,,11.115203042821284,1,51.8,0.6354306,51.1645694,custom_gb_elec_mix_2023-09-09T12:30:00,
2023-09-09 13:00:00,blended,AE operation,AE operation (blended),12.379,120.0,blended,0.012379,0.987621,12.379,987.621,0.0,,11.283077216300015,1,51.8,0.6412321999999999,51.15876779999999,custom_gb_elec_mix_2023-09-09T13:00:00,
2023-09-09 13:30:00,blended,AE operation,AE operation (blended),12.379,126.0,blended,0.012379,0.987621,12.379,987.621,0.0,,11.668623182906078,1,51.8,0.6412321999999999,51.15876779999999,custom_gb_elec_mix_2023-09-09T13:30:00,
2023-09-09 14:00:00,blended,AE operation,AE operation (blended),13.106,137.0,blended,0.013106,0.986894,13.106,986.894,0.0,,12.3329105186005,1,51.8,0.6788907999999999,51.1211092,custom_gb_elec_mix_2023-09-09T14:00:00,
2023-09-09 14:30:00,blended,AE operation,AE operation (blended),13.106,145.0,blended,0.013106,0.986894,13.106,986.894,0.0,,12.965807670726246,1,51.8,0.6788907999999999,51.1211092,custom_gb_elec_mix_2023-09-09T14:30:00,
2023-09-09 15:00:00,blended,AE operation,AE operation (blended),14.111,161.0,blended,0.014111,0.985889,14.111,985.889,0.0,,14.298291007014603,1,51.8,0.7309498,51.0690502,custom_gb_elec_mix_2023-09-09T15:00:00,
2023-09-09 15:30:00,blended,AE operation,AE operation (blended),14.111,180.0,blended,0.014111,0.985889,14.111,985.889,0.0,,15.54172685576743,1,51.8,0.7309498,51.0690502,custom_gb_elec_mix_2023-09-09T15:30:00,
2023-09-09 16:00:00,blended,AE operation,AE operation (blended),14.876,204.0,blended,0.014875999999999999,0.985124,14.876,985.124,0.0,,17.43114521304172,1,51.8,0.7705767999999998,51.0294232,custom_gb_elec_mix_2023-09-09T16:00:00,
2023-09-09 16:30:00,blended,AE operation,AE operation (blended),14.876,221.0,blended,0.014875999999999999,0.985124,14.876,985.124,0.0,,18.70732918175297,1,51.8,0.7705767999999998,51.0294232,custom_gb_elec_mix_2023-09-09T16:30:00,
2023-09-09 17:00:00,blended,AE operation,AE operation (blended),16.779,238.0,blended,0.016779,0.983221,16.779,983.221,0.0,,20.29285822201185,1,51.8,0.8691521999999999,50.930847799999995,custom_gb_elec_mix_2023-09-09T17:00:00,
2023-09-09 17:30:00,blended,AE operation,AE operation (blended),16.779,249.0,blended,0.016779,0.983221,16.779,983.221,0.0,,21.27143877404643,1,51.8,0.8691521999999999,50.930847799999995,custom_gb_elec_mix_2023-09-09T17:30:00,
2023-09-09 18:00:00,blended,AE operation,AE operation (blended),22.767,252.0,blended,0.022767,0.977233,22.767,977.2330000000001,0.0,,21.313944688672105,1,51.8,1.1793306,50.6206694,custom_gb_elec_mix_2023-09-09T18:00:00,
2023-09-09 18:30:00,blended,AE operation,AE operation (blended),22.767,253.0,blended,0.022767,0.977233,22.767,977.2330000000001,0.0,,21.590831711618662,1,51.8,1.1793306,50.6206694,custom_gb_elec_mix_2023-09-09T18:30:00,
2023-09-09 19:00:00,blended,AE operation,AE operation (blended),27.838,260.0,blended,0.027838,0.972162,27.838,972.1619999999999,0.0,,21.320563493930596,1,51.8,1.4420084,50.3579916,custom_gb_elec_mix_2023-09-09T19:00:00,
2023-09-09 19:30:00,blended,AE operation,AE operation (blended),27.838,262.0,blended,0.027838,0.972162,27.838,972.1619999999999,0.0,,20.892399931028912,1,51.8,1.4420084,50.3579916,custom_gb_elec_mix_2023-09-09T19:30:00,
2023-09-09 20:00:00,blended,AE operation,AE operation (blended),36.319,271.0,blended,0.036319000000000004,0.963681,36.319,963.681,0.0,,20.990580005884464,1,51.8,1.8813242000000001,49.918675799999995,custom_gb_elec_mix_2023-09-09T20:00:00,
2023-09-09 20:30:00,blended,AE operation,AE operation (blended),36.319,272.0,blended,0.036319000000000004,0.963681,36.319,963.681,0.0,,20.742371548459005,1,51.8,1.8813242000000001,49.918675799999995,custom_gb_elec_mix_2023-09-09T20:30:00,
2023-09-09 21:00:00,blended,AE operation,AE operation (blended),34.662,276.0,blended,0.034662,0.965338,34.662,965.3380000000001,0.0,,20.851961392567407,1,51.8,1.7954915999999999,50.0045084,custom_gb_elec_mix_2023-09-09T21:00:00,
2023-09-09 21:30:00,blended,AE operation,AE operation (blended),34.662,270.0,blended,0.034662,0.965338,34.662,965.3380000000001,0.0,,20.554698130856938,1,51.8,1.7954915999999999,50.0045084,custom_gb_elec_mix_2023-09-09T21:30:00,
2023-09-09 22:00:00,blended,AE operation,AE operation (blended),28.97,249.0,blended,0.02897,0.97103,28.97,971.03,0.0,,19.493876844064822,1,51.8,1.500646,50.299353999999994,custom_gb_elec_mix_2023-09-09T22:00:00,
2023-09-09 22:30:00,blended,AE operation,AE operation (blended),28.97,239.0,blended,0.02897,0.97103,28.97,971.03,0.0,,18.84489706067079,1,51.8,1.500646,50.299353999999994,custom_gb_elec_mix_2023-09-09T22:30:00,
2023-09-09 23:00:00,blended,AE operation,AE operation (blended),33.64,227.0,blended,0.03364,0.96636,33.64,966.36,0.0,,18.33104867345033,1,51.8,1.742552,50.057447999999994,custom_gb_elec_mix_2023-09-09T23:00:00,
2023-09-09 23:30:00,blended,AE operation,AE operation (blended),33.64,227.0,blended,0.03364,0.96636,33.64,966.36,0.0,,18.1448896711272,1,51.8,1.742552,50.057447999999994,custom_gb_elec_mix_2023-09-09T23:30:00,
2023-09-19 00:00:00,blended,AE operation,AE operation (blended),500.712,54.0,blended,0.5007119999999999,0.49928800000000007,500.71199999999993,499.28800000000007,0.0,,3.211370930832796,1,51.8,25.936881599999996,25.8631184,custom_gb_elec_mix_2023-09-19T00:00:00,
2023-09-19 00:30:00,blended,AE operation,AE operation (blended),500.712,55.0,blended,0.5007119999999999,0.49928800000000007,500.71199999999993,499.28800000000007,0.0,,3.2608244346196456,1,51.8,25.936881599999996,25.8631184,custom_gb_elec_mix_2023-09-19T00:30:00,
2023-09-19 01:00:00,blended,AE operation,AE operation (blended),497.394,54.0,blended,0.497394,0.502606,497.394,502.606,0.0,,3.0261067411837277,1,51.8,25.765009199999998,26.0349908,custom_gb_elec_mix_2023-09-19T01:00:00,
2023-09-19 01:30:00,blended,AE operation,AE operation (blended),497.394,55.0,blended,0.497394,0.502606,497.394,502.606,0.0,,3.080013282666243,1,51.8,25.765009199999998,26.0349908,custom_gb_elec_mix_2023-09-19T01:30:00,
2023-09-19 02:00:00,blended,AE operation,AE operation (blended),486.448,56.0,blended,0.486448,0.513552,486.448,513.552,0.0,,3.170094157746182,1,51.8,25.198006399999997,26.6019936,custom_gb_elec_mix_2023-09-19T02:00:00,
2023-09-19 02:30:00,blended,AE operation,AE operation (blended),486.448,57.0,blended,0.486448,0.513552,486.448,513.552,0.0,,3.2399378704961586,1,51.8,25.198006399999997,26.6019936,custom_gb_elec_mix_2023-09-19T02:30:00,
2023-09-19 03:00:00,blended,AE operation,AE operation (blended),476.742,59.0,blended,0.476742,0.523258,476.742,523.258,0.0,,3.4469129666841116,1,51.8,24.6952356,27.104764399999997,custom_gb_elec_mix_2023-09-19T03:00:00,
2023-09-19 03:30:00,blended,AE operation,AE operation (blended),476.742,64.0,blended,0.476742,0.523258,476.742,523.258,0.0,,3.668314104684003,1,51.8,24.6952356,27.104764399999997,custom_gb_elec_mix_2023-09-19T03:30:00,
2023-09-19 04:00:00,blended,AE operation,AE operation (blended),512.122,60.0,blended,0.512122,0.48787800000000003,512.122,487.87800000000004,0.0,,3.374466776432134,1,51.8,26.527919599999997,25.2720804,custom_gb_elec_mix_2023-09-19T04:00:00,
2023-09-19 04:30:00,blended,AE operation,AE operation (blended),512.122,62.0,blended,0.512122,0.48787800000000003,512.122,487.87800000000004,0.0,,3.4999575428125285,1,51.8,26.527919599999997,25.2720804,custom_gb_elec_mix_2023-09-19T04:30:00,
2023-09-19 05:00:00,blended,AE operation,AE operation (blended),587.945,64.0,blended,0.587945,0.41205499999999995,587.945,412.05499999999995,0.0,,3.1742043805296754,1,51.8,30.455551,21.344448999999997,custom_gb_elec_mix_2023-09-19T05:00:00,
2023-09-19 05:30:00,blended,AE operation,AE operation (blended),587.945,70.0,blended,0.587945,0.41205499999999995,587.945,412.05499999999995,0.0,,3.6547442913397385,1,51.8,30.455551,21.344448999999997,custom_gb_elec_mix_2023-09-19T05:30:00,
2023-09-19 06:00:00,blended,AE operation,AE operation (blended),675.349,69.0,blended,0.6753490000000001,0.3246509999999999,675.349,324.6509999999999,0.0,,3.1788014193126384,1,51.8,34.9830782,16.816921799999996,custom_gb_elec_mix_2023-09-19T06:00:00,
2023-09-19 06:30:00,blended,AE operation,AE operation (blended),675.349,62.0,blended,0.6753490000000001,0.3246509999999999,675.349,324.6509999999999,0.0,,3.14475499614443,1,51.8,34.9830782,16.816921799999996,custom_gb_elec_mix_2023-09-19T06:30:00,
2023-09-19 07:00:00,blended,AE operation,AE operation (blended),809.258,57.0,blended,0.809258,0.19074199999999997,809.258,190.74199999999996,0.0,,2.186985881934749,1,51.8,41.9195644,9.880435599999998,custom_gb_elec_mix_2023-09-19T07:00:00,
2023-09-19 07:30:00,blended,AE operation,AE operation (blended),809.258,61.0,blended,0.809258,0.19074199999999997,809.258,190.74199999999996,0.0,,2.2122417978222497,1,51.8,41.9195644,9.880435599999998,custom_gb_elec_mix_2023-09-19T07:30:00,
2023-09-19 08:00:00,blended,AE operation,AE operation (blended),912.726,57.0,blended,0.912726,0.08727399999999996,912.726,87.27399999999996,0.0,,1.5030564098220451,1,51.8,47.2792068,4.520793199999998,custom_gb_elec_mix_2023-09-19T08:00:00,
2023-09-19 08:30:00,blended,AE operation,AE operation (blended),912.726,54.0,blended,0.912726,0.08727399999999996,912.726,87.27399999999996,0.0,,1.495779204801373,1,51.8,47.2792068,4.520793199999998,custom_gb_elec_mix_2023-09-19T08:30:00,
2023-09-19 09:00:00,blended,AE operation,AE operation (blended),959.186,58.0,blended,0.959186,0.04081400000000002,959.186,40.814000000000014,0.0,,1.1952070093480551,1,51.8,49.685834799999995,2.114165200000001,custom_gb_elec_mix_2023-09-19T09:00:00,
2023-09-19 09:30:00,blended,AE operation,AE operation (blended),959.186,59.0,blended,0.959186,0.04081400000000002,959.186,40.814000000000014,0.0,,1.1948200935329643,1,51.8,49.685834799999995,2.114165200000001,custom_gb_elec_mix_2023-09-19T09:30:00,
2023-09-19 10:00:00,blended,AE operation,AE operation (blended),971.967,55.0,blended,0.971967,0.028032999999999975,971.967,28.032999999999973,0.0,,1.1075033337623141,1,51.8,50.3478906,1.4521093999999986,custom_gb_elec_mix_2023-09-19T10:00:00,
2023-09-19 10:30:00,blended,AE operation,AE operation (blended),971.967,53.0,blended,0.971967,0.028032999999999975,971.967,28.032999999999973,0.0,,1.1034817350193333,1,51.8,50.3478906,1.4521093999999986,custom_gb_elec_mix_2023-09-19T10:30:00,
2023-09-19 11:00:00,blended,AE operation,AE operation (blended),975.799,54.0,blended,0.975799,0.024201000000000028,975.799,24.20100000000003,0.0,,1.0762445632251463,1,51.8,50.546388199999996,1.2536118000000014,custom_gb_elec_mix_2023-09-19T11:00:00,
2023-09-19 11:30:00,blended,AE operation,AE operation (blended),975.799,54.0,blended,0.975799,0.024201000000000028,975.799,24.20100000000003,0.0,,1.0760435754117368,1,51.8,50.546388199999996,1.2536118000000014,custom_gb_elec_mix_2023-09-19T11:30:00,
2023-09-19 12:00:00,blended,AE operation,AE operation (blended),972.94,54.0,blended,0.97294,0.027059999999999973,972.94,27.059999999999974,0.0,,1.0950960778527312,1,51.8,50.398292,1.4017079999999986,custom_gb_elec_mix_2023-09-19T12:00:00,
2023-09-19 12:30:00,blended,AE operation,AE operation (blended),972.94,56.0,blended,0.97294,0.027059999999999973,972.94,27.059999999999974,0.0,,1.093441789582743,1,51.8,50.398292,1.4017079999999986,custom_gb_elec_mix_2023-09-19T12:30:00,
2023-09-19 13:00:00,blended,AE operation,AE operation (blended),948.096,52.0,blended,0.948096,0.05190399999999995,948.096,51.903999999999954,0.0,,1.230098069072655,1,51.8,49.1113728,2.6886271999999973,custom_gb_elec_mix_2023-09-19T13:00:00,
2023-09-19 13:30:00,blended,AE operation,AE operation (blended),948.096,50.0,blended,0.948096,0.05190399999999995,948.096,51.903999999999954,0.0,,1.2162313207513373,1,51.8,49.1113728,2.6886271999999973,custom_gb_elec_mix_2023-09-19T13:30:00,
2023-09-19 14:00:00,blended,AE operation,AE operation (blended),909.838,51.0,blended,0.9098379999999999,0.09016200000000008,909.838,90.16200000000008,0.0,,1.4454536002449545,1,51.8,47.129608399999995,4.670391600000004,custom_gb_elec_mix_2023-09-19T14:00:00,
2023-09-19 14:30:00,blended,AE operation,AE operation (blended),909.838,55.0,blended,0.9098379999999999,0.09016200000000008,909.838,90.16200000000008,0.0,,1.4717311526099803,1,51.8,47.129608399999995,4.670391600000004,custom_gb_elec_mix_2023-09-19T14:30:00,
2023-09-19 15:00:00,blended,AE operation,AE operation (blended),905.552,56.0,blended,0.905552,0.09444799999999998,905.552,94.44799999999998,0.0,,1.5180326652866623,1,51.8,46.9075936,4.892406399999999,custom_gb_elec_mix_2023-09-19T15:00:00,
2023-09-19 15:30:00,blended,AE operation,AE operation (blended),905.552,60.0,blended,0.905552,0.09444799999999998,905.552,94.44799999999998,0.0,,1.5231705565322113,1,51.8,46.9075936,4.892406399999999,custom_gb_elec_mix_2023-09-19T15:30:00,
2023-09-19 16:00:00,blended,AE operation,AE operation (blended),882.393,61.0,blended,0.882393,0.11760700000000002,882.393,117.60700000000001,0.0,,1.6960865829773624,1,51.8,45.7079574,6.092042600000001,custom_gb_elec_mix_2023-09-19T16:00:00,
2023-09-19 16:30:00,blended,AE operation,AE operation (blended),882.393,62.0,blended,0.882393,0.11760700000000002,882.393,117.60700000000001,0.0,,1.712174019872871,1,51.8,45.7079574,6.092042600000001,custom_gb_elec_mix_2023-09-19T16:30:00,
2023-09-19 17:00:00,blended,AE operation,AE operation (blended),868.053,68.0,blended,0.868053,0.13194700000000004,868.053,131.94700000000003,0.0,,1.9114000412309133,1,51.8,44.9651454,6.834854600000002,custom_gb_elec_mix_2023-09-19T17:00:00,
2023-09-19 17:30:00,blended,AE operation,AE operation (blended),868.053,65.0,blended,0.868053,0.13194700000000004,868.053,131.94700000000003,0.0,,1.87190899960089,1,51.8,44.9651454,6.834854600000002,custom_gb_elec_mix_2023-09-19T17:30:00,
2023-09-19 18:00:00,blended,AE operation,AE operation (blended),858.554,67.0,blended,0.8585539999999999,0.14144600000000007,858.554,141.44600000000008,0.0,,1.924732931894169,1,51.8,44.47309719999999,7.326902800000004,custom_gb_elec_mix_2023-09-19T18:00:00,
2023-09-19 18:30:00,blended,AE operation,AE operation (blended),858.554,69.0,blended,0.8585539999999999,0.14144600000000007,858.554,141.44600000000008,0.0,,1.9207234469772347,1,51.8,44.47309719999999,7.326902800000004,custom_gb_elec_mix_2023-09-19T18:30:00,
2023-09-19 19:00:00,blended,AE operation,AE operation (blended),852.832,64.0,blended,0.852832,0.14716799999999997,852.832,147.16799999999998,0.0,,1.8557658052823993,1,51.8,44.1766976,7.623302399999997,custom_gb_elec_mix_2023-09-19T19:00:00,
2023-09-19 19:30:00,blended,AE operation,AE operation (blended),852.832,52.0,blended,0.852832,0.14716799999999997,852.832,147.16799999999998,0.0,,1.6814824095854493,1,51.8,44.1766976,7.623302399999997,custom_gb_elec_mix_2023-09-19T19:30:00,
2023-09-19 20:00:00,blended,AE operation,AE operation (blended),852.518,45.0,blended,0.852518,0.147482,852.518,147.482,0.0,,1.575574284800286,1,51.8,44.1604324,7.6395675999999995,custom_gb_elec_mix_2023-09-19T20:00:00,
2023-09-19 20:30:00,blended,AE operation,AE operation (blended),852.518,37.0,blended,0.852518,0.147482,852.518,147.482,0.0,,1.4951598257373022,1,51.8,44.1604324,7.6395675999999995,custom_gb_elec_mix_2023-09-19T20:30:00,
2023-09-19 21:00:00,blended,AE operation,AE operation (blended),855.763,43.0,blended,0.855763,0.14423699999999995,855.763,144.23699999999994,0.0,,1.5336097759954779,1,51.8,44.3285234,7.471476599999997,custom_gb_elec_mix_2023-09-19T21:00:00,
2023-09-19 21:30:00,blended,AE operation,AE operation (blended),855.763,49.0,blended,0.855763,0.14423699999999995,855.763,144.23699999999994,0.0,,1.5856510246963849,1,51.8,44.3285234,7.471476599999997,custom_gb_elec_mix_2023-09-19T21:30:00,
2023-09-19 22:00:00,blended,AE operation,AE operation (blended),857.037,59.0,blended,0.857037,0.14296299999999995,857.037,142.96299999999997,0.0,,1.6573287494619753,1,51.8,44.3945166,7.405483399999997,custom_gb_elec_mix_2023-09-19T22:00:00,
2023-09-19 22:30:00,blended,AE operation,AE operation (blended),857.037,60.0,blended,0.857037,0.14296299999999995,857.037,142.96299999999997,0.0,,1.6490317493623792,1,51.8,44.3945166,7.405483399999997,custom_gb_elec_mix_2023-09-19T22:30:00,
2023-09-19 23:00:00,blended,AE operation,AE operation (blended),855.77,64.0,blended,0.85577,0.14422999999999997,855.77,144.22999999999996,0.0,,1.6823718691613279,1,51.8,44.328886,7.471113999999998,custom_gb_elec_mix_2023-09-19T23:00:00,
2023-09-19 23:30:00,blended,AE operation,AE operation (blended),855.77,61.0,blended,0.85577,0.14422999999999997,855.77,144.22999999999996,0.0,,1.6429664601611496,1,51.8,44.328886,7.471113999999998,custom_gb_elec_mix_2023-09-19T23:30:00,
2023-10-15 00:00:00,blended,AE operation,AE operation (blended),316.239,87.0,blended,0.316239,0.6837610000000001,316.239,683.7610000000001,0.0,,5.482308427919036,1,51.8,16.3811802,35.4188198,custom_gb_elec_mix_2023-10-15T00:00:00,
2023-10-15 00:30:00,blended,AE operation,AE operation (blended),316.239,87.0,blended,0.316239,0.6837610000000001,316.239,683.7610000000001,0.0,,5.4569248247347,1,51.8,16.3811802,35.4188198,custom_gb_elec_mix_2023-10-15T00:30:00,
2023-10-15 01:00:00,blended,AE operation,AE operation (blended),282.47,80.0,blended,0.28247000000000005,0.71753,282.47,717.53,0.0,,5.251013472383026,1,51.8,14.631946000000003,37.168054,custom_gb_elec_mix_2023-10-15T01:00:00,
2023-10-15 01:30:00,blended,AE operation,AE operation (blended),282.47,80.0,blended,0.28247000000000005,0.71753,282.47,717.53,0.0,,5.249781649585078,1,51.8,14.631946000000003,37.168054,custom_gb_elec_mix_2023-10-15T01:30:00,
2023-10-15 02:00:00,blended,AE operation,AE operation (blended),284.214,70.0,blended,0.284214,0.715786,284.214,715.7860000000001,0.0,,4.810138886102505,1,51.8,14.7222852,37.0777148,custom_gb_elec_mix_2023-10-15T02:00:00,
2023-10-15 02:30:00,blended,AE operation,AE operation (blended),284.214,65.0,blended,0.284214,0.715786,284.214,715.7860000000001,0.0,,4.614958982420399,1,51.8,14.7222852,37.0777148,custom_gb_elec_mix_2023-10-15T02:30:00,
2023-10-15 03:00:00,blended,AE operation,AE operation (blended),288.9,69.0,blended,0.2889,0.7111000000000001,288.9,711.1,0.0,,4.845574087072737,1,51.8,14.965019999999999,36.83498,custom_gb_elec_mix_2023-10-15T03:00:00,
2023-10-15 03:30:00,blended,AE operation,AE operation (blended),288.9,71.0,blended,0.2889,0.7111000000000001,288.9,711.1,0.0,,4.965785693462279,1,51.8,14.965019999999999,36.83498,custom_gb_elec_mix_2023-10-15T03:30:00,
2023-10-15 04:00:00,blended,AE operation,AE operation (blended),271.992,77.0,blended,0.271992,0.728008,271.992,728.008,0.0,,5.3813831511579755,1,51.8,14.0891856,37.7108144,custom_gb_elec_mix_2023-10-15T04:00:00,
2023-10-15 04:30:00,blended,AE operation,AE operation (blended),271.992,80.0,blended,0.271992,0.728008,271.992,728.008,0.0,,5.569429169228124,1,51.8,14.0891856,37.7108144,custom_gb_elec_mix_2023-10-15T04:30:00,
2023-10-15 05:00:00,blended,AE operation,AE operation (blended),265.0,71.0,blended,0.265,0.735,265.0,735.0,0.0,,5.302019752221452,1,51.8,13.727,38.073,custom_gb_elec_mix_2023-10-15T05:00:00,
2023-10-15 05:30:00,blended,AE operation,AE operation (blended),265.0,75.0,blended,0.265,0.735,265.0,735.0,0.0,,5.700546475642699,1,51.8,13.727,38.073,custom_gb_elec_mix_2023-10-15T05:30:00,
2023-10-15 06:00:00,blended,AE operation,AE operation (blended),252.633,67.0,blended,0.252633,0.747367,252.633,747.367,0.0,,5.5652325782413765,1,51.8,13.0863894,38.713610599999996,custom_gb_elec_mix_2023-10-15T06:00:00,
2023-10-15 06:30:00,blended,AE operation,AE operation (blended),252.633,71.0,blended,0.252633,0.747367,252.633,747.367,0.0,,5.859751017791824,1,51.8,13.0863894,38.713610599999996,custom_gb_elec_mix_2023-10-15T06:30:00,
2023-10-15 07:00:00,blended,AE operation,AE operation (blended),220.619,67.0,blended,0.220619,0.779381,220.619,779.381,0.0,,6.106518008189726,1,51.8,11.4280642,40.371935799999996,custom_gb_elec_mix_2023-10-15T07:00:00,
2023-10-15 07:30:00,blended,AE operation,AE operation (blended),220.619,61.0,blended,0.220619,0.779381,220.619,779.381,0.0,,5.825344941523715,1,51.8,11.4280642,40.371935799999996,custom_gb_elec_mix_2023-10-15T07:30:00,
2023-10-15 08:00:00,blended,AE operation,AE operation (blended),193.949,57.0,blended,0.193949,0.806051,193.949,806.0509999999999,0.0,,5.876545102325276,1,51.8,10.0465582,41.7534418,custom_gb_elec_mix_2023-10-15T08:00:00,
2023-10-15 08:30:00,blended,AE operation,AE operation (blended),193.949,55.0,blended,0.193949,0.806051,193.949,806.0509999999999,0.0,,5.827187239684885,1,51.8,10.0465582,41.7534418,custom_gb_elec_mix_2023-10-15T08:30:00,
2023-10-15 09:00:00,blended,AE operation,AE operation (blended),263.754,57.0,blended,0.26375400000000004,0.736246,263.754,736.246,0.0,,5.490160851794231,1,51.8,13.662457200000002,38.1375428,custom_gb_elec_mix_2023-10-15T09:00:00,
2023-10-15 09:30:00,blended,AE operation,AE operation (blended),263.754,58.0,blended,0.26375400000000004,0.736246,263.754,736.246,0.0,,5.538387775917869,1,51.8,13.662457200000002,38.1375428,custom_gb_elec_mix_2023-10-15T09:30:00,
2023-10-15 10:00:00,blended,AE operation,AE operation (blended),264.41,54.0,blended,0.26441000000000003,0.73559,264.41,735.5899999999999,0.0,,5.29695219622402,1,51.8,13.696438,38.103562,custom_gb_elec_mix_2023-10-15T10:00:00,
2023-10-15 10:30:00,blended,AE operation,AE operation (blended),264.41,55.0,blended,0.26441000000000003,0.73559,264.41,735.5899999999999,0.0,,5.353415716368159,1,51.8,13.696438,38.103562,custom_gb_elec_mix_2023-10-15T10:30:00,
2023-10-15 11:00:00,blended,AE operation,AE operation (blended),241.591,55.0,blended,0.241591,0.758409,241.591,758.409,0.0,,5.562029705643947,1,51.8,12.5144138,39.2855862,custom_gb_elec_mix_2023-10-15T11:00:00,
2023-10-15 11:30:00,blended,AE operation,AE operation (blended),241.591,55.0,blended,0.241591,0.758409,241.591,758.409,0.0,,5.555743294832382,1,51.8,12.5144138,39.2855862,custom_gb_elec_mix_2023-10-15T11:30:00,
2023-10-15 12:00:00,blended,AE operation,AE operation (blended),219.778,60.0,blended,0.219778,0.780222,219.778,780.222,0.0,,5.97488807718974,1,51.8,11.3845004,40.4154996,custom_gb_elec_mix_2023-10-15T12:00:00,
2023-10-15 12:30:00,blended,AE operation,AE operation (blended),219.778,62.0,blended,0.219778,0.780222,219.778,780.222,0.0,,6.077683610243029,1,51.8,11.3845004,40.4154996,custom_gb_elec_mix_2023-10-15T12:30:00,
2023-10-15 13:00:00,blended,AE operation,AE operation (blended),196.054,67.0,blended,0.196054,0.803946,196.054,803.946,0.0,,6.637197807997583,1,51.8,10.155597199999999,41.6444028,custom_gb_elec_mix_2023-10-15T13:00:00,
2023-10-15 13:30:00,blended,AE operation,AE operation (blended),196.054,76.0,blended,0.196054,0.803946,196.054,803.946,0.0,,7.000034682593241,1,51.8,10.155597199999999,41.6444028,custom_gb_elec_mix_2023-10-15T13:30:00,
2023-10-15 14:00:00,blended,AE operation,AE operation (blended),170.437,88.0,blended,0.170437,0.829563,170.437,829.5630000000001,0.0,,7.913375447586522,1,51.8,8.8286366,42.9713634,custom_gb_elec_mix_2023-10-15T14:00:00,
2023-10-15 14:30:00,blended,AE operation,AE operation (blended),170.437,111.0,blended,0.170437,0.829563,170.437,829.5630000000001,0.0,,8.82990488048876,1,51.8,8.8286366,42.9713634,custom_gb_elec_mix_2023-10-15T14:30:00,
2023-10-15 15:00:00,blended,AE operation,AE operation (blended),147.029,135.0,blended,0.147029,0.852971,147.029,852.971,0.0,,10.72182962456305,1,51.8,7.616102199999999,44.1838978,custom_gb_elec_mix_2023-10-15T15:00:00,
2023-10-15 15:30:00,blended,AE operation,AE operation (blended),147.029,159.0,blended,0.147029,0.852971,147.029,852.971,0.0,,12.73010550553704,1,51.8,7.616102199999999,44.1838978,custom_gb_elec_mix_2023-10-15T15:30:00,
2023-10-15 16:00:00,blended,AE operation,AE operation (blended),120.743,181.0,blended,0.12074299999999999,0.879257,120.743,879.257,0.0,,14.871629596147285,1,51.8,6.2544873999999995,45.545512599999995,custom_gb_elec_mix_2023-10-15T16:00:00,
2023-10-15 16:30:00,blended,AE operation,AE operation (blended),120.743,191.0,blended,0.12074299999999999,0.879257,120.743,879.257,0.0,,15.602209444485792,1,51.8,6.2544873999999995,45.545512599999995,custom_gb_elec_mix_2023-10-15T16:30:00,
2023-10-15 17:00:00,blended,AE operation,AE operation (blended),94.514,197.0,blended,0.094514,0.905486,94.514,905.486,0.0,,16.864285645167957,1,51.8,4.8958252,46.9041748,custom_gb_elec_mix_2023-10-15T17:00:00,
2023-10-15 17:30:00,blended,AE operation,AE operation (blended),94.514,206.0,blended,0.094514,0.905486,94.514,905.486,0.0,,17.793979195723228,1,51.8,4.8958252,46.9041748,custom_gb_elec_mix_2023-10-15T17:30:00,
2023-10-15 18:00:00,blended,AE operation,AE operation (blended),62.025,209.0,blended,0.062025,0.937975,62.025,937.975,0.0,,18.50077568598501,1,51.8,3.2128949999999996,48.587104999999994,custom_gb_elec_mix_2023-10-15T18:00:00,
2023-10-15 18:30:00,blended,AE operation,AE operation (blended),62.025,208.0,blended,0.062025,0.937975,62.025,937.975,0.0,,18.035519946485906,1,51.8,3.2128949999999996,48.587104999999994,custom_gb_elec_mix_2023-10-15T18:30:00,
2023-10-15 19:00:00,blended,AE operation,AE operation (blended),37.54,200.0,blended,0.03754,0.96246,37.54,962.46,0.0,,17.862780228436367,1,51.8,1.9445719999999997,49.855427999999996,custom_gb_elec_mix_2023-10-15T19:00:00,
2023-10-15 19:30:00,blended,AE operation,AE operation (blended),37.54,201.0,blended,0.03754,0.96246,37.54,962.46,0.0,,16.99196429111359,1,51.8,1.9445719999999997,49.855427999999996,custom_gb_elec_mix_2023-10-15T19:30:00,
2023-10-15 20:00:00,blended,AE operation,AE operation (blended),22.696,200.0,blended,0.022696,0.977304,22.696,977.304,0.0,,16.761713925560546,1,51.8,1.1756528,50.624347199999995,custom_gb_elec_mix_2023-10-15T20:00:00,
2023-10-15 20:30:00,blended,AE operation,AE operation (blended),22.696,197.0,blended,0.022696,0.977304,22.696,977.304,0.0,,16.256938861274367,1,51.8,1.1756528,50.624347199999995,custom_gb_elec_mix_2023-10-15T20:30:00,
2023-10-15 21:00:00,blended,AE operation,AE operation (blended),17.814,198.0,blended,0.017814,0.982186,17.814,982.186,0.0,,16.242940085077056,1,51.8,0.9227652,50.8772348,custom_gb_elec_mix_2023-10-15T21:00:00,
2023-10-15 21:30:00,blended,AE operation,AE operation (blended),17.814,192.0,blended,0.017814,0.982186,17.814,982.186,0.0,,15.791711135585235,1,51.8,0.9227652,50.8772348,custom_gb_elec_mix_2023-10-15T21:30:00,
2023-10-15 22:00:00,blended,AE operation,AE operation (blended),18.562,182.0,blended,0.018562000000000002,0.981438,18.562,981.438,0.0,,14.999763037236862,1,51.8,0.9615116,50.838488399999996,custom_gb_elec_mix_2023-10-15T22:00:00,
2023-10-15 22:30:00,blended,AE operation,AE operation (blended),18.562,176.0,blended,0.018562000000000002,0.981438,18.562,981.438,0.0,,14.7735202319235,1,51.8,0.9615116,50.838488399999996,custom_gb_elec_mix_2023-10-15T22:30:00,
2023-10-15 23:00:00,blended,AE operation,AE operation (blended),19.174,174.0,blended,0.019174,0.980826,19.174,980.826,0.0,,14.590766153292943,1,51.8,0.9932131999999999,50.8067868,custom_gb_elec_mix_2023-10-15T23:00:00,
2023-10-15 23:30:00,blended,AE operation,AE operation (blended),19.174,173.0,blended,0.019174,0.980826,19.174,980.826,0.0,,14.508402155934236,1,51.8,0.9932131999999999,50.8067868,custom_gb_elec_mix_2023-10-15T23:30:00,
2023-12-23 00:00:00,blended,AE operation,AE operation (blended),786.758,53.0,blended,0.7867580000000001,0.21324199999999993,786.758,213.24199999999993,0.0,,2.049050835833402,1,51.8,40.754064400000004,11.045935599999996,custom_gb_elec_mix_2023-12-23T00:00:00,
2023-12-23 00:30:00,blended,AE operation,AE operation (blended),786.758,52.0,blended,0.7867580000000001,0.21324199999999993,786.758,213.24199999999993,0.0,,2.034289566407495,1,51.8,40.754064400000004,11.045935599999996,custom_gb_elec_mix_2023-12-23T00:30:00,
2023-12-23 01:00:00,blended,AE operation,AE operation (blended),786.439,56.0,blended,0.786439,0.213561,786.439,213.561,0.0,,1.985892547269362,1,51.8,40.7375402,11.0624598,custom_gb_elec_mix_2023-12-23T01:00:00,
2023-12-23 01:30:00,blended,AE operation,AE operation (blended),786.439,51.0,blended,0.786439,0.213561,786.439,213.561,0.0,,1.9229079984711923,1,51.8,40.7375402,11.0624598,custom_gb_elec_mix_2023-12-23T01:30:00,
2023-12-23 02:00:00,blended,AE operation,AE operation (blended),790.933,48.0,blended,0.790933,0.209067,790.933,209.067,0.0,,1.8569439305299282,1,51.8,40.9703294,10.8296706,custom_gb_elec_mix_2023-12-23T02:00:00,
2023-12-23 02:30:00,blended,AE operation,AE operation (blended),790.933,48.0,blended,0.790933,0.209067,790.933,209.067,0.0,,1.848068575190721,1,51.8,40.9703294,10.8296706,custom_gb_elec_mix_2023-12-23T02:30:00,
2023-12-23 03:00:00,blended,AE operation,AE operation (blended),804.293,48.0,blended,0.804293,0.19570699999999996,804.293,195.70699999999997,0.0,,1.7329330485013434,1,51.8,41.6623774,10.137622599999997,custom_gb_elec_mix_2023-12-23T03:00:00,
2023-12-23 03:30:00,blended,AE operation,AE operation (blended),804.293,46.0,blended,0.804293,0.19570699999999996,804.293,195.70699999999997,0.0,,1.72881712749055,1,51.8,41.6623774,10.137622599999997,custom_gb_elec_mix_2023-12-23T03:30:00,
2023-12-23 04:00:00,blended,AE operation,AE operation (blended),818.505,51.0,blended,0.818505,0.18149499999999996,818.505,181.49499999999995,0.0,,1.776875565752059,1,51.8,42.398559,9.401440999999998,custom_gb_elec_mix_2023-12-23T04:00:00,
2023-12-23 04:30:00,blended,AE operation,AE operation (blended),818.505,49.0,blended,0.818505,0.18149499999999996,818.505,181.49499999999995,0.0,,1.7064123225868144,1,51.8,42.398559,9.401440999999998,custom_gb_elec_mix_2023-12-23T04:30:00,
2023-12-23 05:00:00,blended,AE operation,AE operation (blended),835.163,46.0,blended,0.835163,0.164837,835.163,164.83700000000002,0.0,,1.5804701518585926,1,51.8,43.2614434,8.5385566,custom_gb_elec_mix_2023-12-23T05:00:00,
2023-12-23 05:30:00,blended,AE operation,AE operation (blended),835.163,46.0,blended,0.835163,0.164837,835.163,164.83700000000002,0.0,,1.586065602425274,1,51.8,43.2614434,8.5385566,custom_gb_elec_mix_2023-12-23T05:30:00,
2023-12-23 06:00:00,blended,AE operation,AE operation (blended),843.765,47.0,blended,0.843765,0.156235,843.765,156.235,0.0,,1.558590103231405,1,51.8,43.707027,8.092973,custom_gb_elec_mix_2023-12-23T06:00:00,
2023-12-23 06:30:00,blended,AE operation,AE operation (blended),843.765,46.0,blended,0.843765,0.156235,843.765,156.235,0.0,,1.5612686044030442,1,51.8,43.707027,8.092973,custom_gb_elec_mix_2023-12-23T06:30:00,
2023-12-23 07:00:00,blended,AE operation,AE operation (blended),831.555,45.0,blended,0.8315549999999999,0.16844500000000007,831.555,168.44500000000008,0.0,,1.6228975722930965,1,51.8,43.074549,8.725451000000003,custom_gb_elec_mix_2023-12-23T07:00:00,
2023-12-23 07:30:00,blended,AE operation,AE operation (blended),831.555,47.0,blended,0.8315549999999999,0.16844500000000007,831.555,168.44500000000008,0.0,,1.6593800327232553,1,51.8,43.074549,8.725451000000003,custom_gb_elec_mix_2023-12-23T07:30:00,
2023-12-23 08:00:00,blended,AE operation,AE operation (blended),816.716,43.0,blended,0.816716,0.183284,816.716,183.284,0.0,,1.7521752698747128,1,51.8,42.3058888,9.494111199999999,custom_gb_elec_mix_2023-12-23T08:00:00,
2023-12-23 08:30:00,blended,AE operation,AE operation (blended),816.716,44.0,blended,0.816716,0.183284,816.716,183.284,0.0,,1.8396201518306976,1,51.8,42.3058888,9.494111199999999,custom_gb_elec_mix_2023-12-23T08:30:00,
2023-12-23 09:00:00,blended,AE operation,AE operation (blended),802.827,41.0,blended,0.802827,0.19717300000000004,802.827,197.17300000000003,0.0,,1.8885789648079323,1,51.8,41.586438599999994,10.213561400000001,custom_gb_elec_mix_2023-12-23T09:00:00,
2023-12-23 09:30:00,blended,AE operation,AE operation (blended),802.827,38.0,blended,0.802827,0.19717300000000004,802.827,197.17300000000003,0.0,,1.873403608040164,1,51.8,41.586438599999994,10.213561400000001,custom_gb_elec_mix_2023-12-23T09:30:00,
2023-12-23 10:00:00,blended,AE operation,AE operation (blended),814.917,34.0,blended,0.814917,0.185083,814.917,185.083,0.0,,1.7748919402155423,1,51.8,42.2127006,9.5872994,custom_gb_elec_mix_2023-12-23T10:00:00,
2023-12-23 10:30:00,blended,AE operation,AE operation (blended),814.917,34.0,blended,0.814917,0.185083,814.917,185.083,0.0,,1.724146539044923,1,51.8,42.2127006,9.5872994,custom_gb_elec_mix_2023-12-23T10:30:00,
2023-12-23 11:00:00,blended,AE operation,AE operation (blended),821.584,31.0,blended,0.821584,0.17841600000000002,821.584,178.41600000000003,0.0,,1.650632059712231,1,51.8,42.558051199999994,9.241948800000001,custom_gb_elec_mix_2023-12-23T11:00:00,
2023-12-23 11:30:00,blended,AE operation,AE operation (blended),821.584,31.0,blended,0.821584,0.17841600000000002,821.584,178.41600000000003,0.0,,1.6793534803341452,1,51.8,42.558051199999994,9.241948800000001,custom_gb_elec_mix_2023-12-23T11:30:00,
2023-12-23 12:00:00,blended,AE operation,AE operation (blended),820.571,32.0,blended,0.820571,0.17942899999999995,820.571,179.42899999999995,0.0,,1.67823149091594,1,51.8,42.5055778,9.294422199999996,custom_gb_elec_mix_2023-12-23T12:00:00,
2023-12-23 12:30:00,blended,AE operation,AE operation (blended),820.571,34.0,blended,0.820571,0.17942899999999995,820.571,179.42899999999995,0.0,,1.6794596656435619,1,51.8,42.5055778,9.294422199999996,custom_gb_elec_mix_2023-12-23T12:30:00,
2023-12-23 13:00:00,blended,AE operation,AE operation (blended),807.693,36.0,blended,0.807693,0.192307,807.693,192.30700000000002,0.0,,1.7789741534951429,1,51.8,41.838497399999994,9.9615026,custom_gb_elec_mix_2023-12-23T13:00:00,
2023-12-23 13:30:00,blended,AE operation,AE operation (blended),807.693,38.0,blended,0.807693,0.192307,807.693,192.30700000000002,0.0,,1.8054020126518076,1,51.8,41.838497399999994,9.9615026,custom_gb_elec_mix_2023-12-23T13:30:00,
2023-12-23 14:00:00,blended,AE operation,AE operation (blended),796.044,35.0,blended,0.796044,0.20395600000000003,796.044,203.95600000000002,0.0,,1.789958662564866,1,51.8,41.235079199999994,10.564920800000001,custom_gb_elec_mix_2023-12-23T14:00:00,
2023-12-23 14:30:00,blended,AE operation,AE operation (blended),796.044,36.0,blended,0.796044,0.20395600000000003,796.044,203.95600000000002,0.0,,1.8555992059235125,1,51.8,41.235079199999994,10.564920800000001,custom_gb_elec_mix_2023-12-23T14:30:00,
2023-12-23 15:00:00,blended,AE operation,AE operation (blended),794.07,39.0,blended,0.79407,0.20592999999999995,794.07,205.92999999999995,0.0,,1.986069893496327,1,51.8,41.132826,10.667173999999997,custom_gb_elec_mix_2023-12-23T15:00:00,
2023-12-23 15:30:00,blended,AE operation,AE operation (blended),794.07,43.0,blended,0.79407,0.20592999999999995,794.07,205.92999999999995,0.0,,2.1193354074079664,1,51.8,41.132826,10.667173999999997,custom_gb_elec_mix_2023-12-23T15:30:00,
2023-12-23 16:00:00,blended,AE operation,AE operation (blended),786.4,46.0,blended,0.7864,0.2136,786.4,213.60000000000002,0.0,,2.282865812275748,1,51.8,40.735519999999994,11.06448,custom_gb_elec_mix_2023-12-23T16:00:00,
2023-12-23 16:30:00,blended,AE operation,AE operation (blended),786.4,54.0,blended,0.7864,0.2136,786.4,213.60000000000002,0.0,,2.4640893733915914,1,51.8,40.735519999999994,11.06448,custom_gb_elec_mix_2023-12-23T16:30:00,
2023-12-23 17:00:00,blended,AE operation,AE operation (blended),790.768,59.0,blended,0.790768,0.20923199999999997,790.768,209.23199999999997,0.0,,2.517073752945339,1,51.8,40.9617824,10.838217599999998,custom_gb_elec_mix_2023-12-23T17:00:00,
2023-12-23 17:30:00,blended,AE operation,AE operation (blended),790.768,58.0,blended,0.790768,0.20923199999999997,790.768,209.23199999999997,0.0,,2.5453715980861764,1,51.8,40.9617824,10.838217599999998,custom_gb_elec_mix_2023-12-23T17:30:00,
2023-12-23 18:00:00,blended,AE operation,AE operation (blended),817.168,56.0,blended,0.817168,0.182832,817.168,182.832,0.0,,2.3481355255218297,1,51.8,42.329302399999996,9.4706976,custom_gb_elec_mix_2023-12-23T18:00:00,
2023-12-23 18:30:00,blended,AE operation,AE operation (blended),817.168,57.0,blended,0.817168,0.182832,817.168,182.832,0.0,,2.3143745416623576,1,51.8,42.329302399999996,9.4706976,custom_gb_elec_mix_2023-12-23T18:30:00,
2023-12-23 19:00:00,blended,AE operation,AE operation (blended),813.288,54.0,blended,0.813288,0.186712,813.288,186.712,0.0,,2.29543910411133,1,51.8,42.1283184,9.6716816,custom_gb_elec_mix_2023-12-23T19:00:00,
2023-12-23 19:30:00,blended,AE operation,AE operation (blended),813.288,53.0,blended,0.813288,0.186712,813.288,186.712,0.0,,2.1837684550753638,1,51.8,42.1283184,9.6716816,custom_gb_elec_mix_2023-12-23T19:30:00,
2023-12-23 20:00:00,blended,AE operation,AE operation (blended),812.755,56.0,blended,0.812755,0.187245,812.755,187.245,0.0,,2.098236565854361,1,51.8,42.100708999999995,9.699290999999999,custom_gb_elec_mix_2023-12-23T20:00:00,
2023-12-23 20:30:00,blended,AE operation,AE operation (blended),812.755,51.0,blended,0.812755,0.187245,812.755,187.245,0.0,,1.9501370010387646,1,51.8,42.100708999999995,9.699290999999999,custom_gb_elec_mix_2023-12-23T20:30:00,
2023-12-23 21:00:00,blended,AE operation,AE operation (blended),820.589,51.0,blended,0.820589,0.179411,820.589,179.411,0.0,,1.86191730298377,1,51.8,42.5065102,9.2934898,custom_gb_elec_mix_2023-12-23T21:00:00,
2023-12-23 21:30:00,blended,AE operation,AE operation (blended),820.589,52.0,blended,0.820589,0.179411,820.589,179.411,0.0,,1.766698080242249,1,51.8,42.5065102,9.2934898,custom_gb_elec_mix_2023-12-23T21:30:00,
2023-12-23 22:00:00,blended,AE operation,AE operation (blended),862.279,61.0,blended,0.862279,0.13772099999999998,862.279,137.72099999999998,0.0,,1.6403043814827651,1,51.8,44.666052199999996,7.133947799999999,custom_gb_elec_mix_2023-12-23T22:00:00,
2023-12-23 22:30:00,blended,AE operation,AE operation (blended),862.279,56.0,blended,0.862279,0.13772099999999998,862.279,137.72099999999998,0.0,,1.560122726467994,1,51.8,44.666052199999996,7.133947799999999,custom_gb_elec_mix_2023-12-23T22:30:00,
2023-12-23 23:00:00,blended,AE operation,AE operation (blended),897.504,51.0,blended,0.897504,0.10249600000000003,897.504,102.49600000000004,0.0,,1.3539546221290573,1,51.8,46.490707199999996,5.3092928000000015,custom_gb_elec_mix_2023-12-23T23:00:00,
2023-12-23 23:30:00,blended,AE operation,AE operation (blended),897.504,53.0,blended,0.897504,0.10249600000000003,897.504,102.49600000000004,0.0,,1.3903153629098317,1,51.8,46.490707199999996,5.3092928000000015,custom_gb_elec_mix_2023-12-23T23:30:00,
