datetime,lca_mode,electrolyser_tech,scenario,wind_power_kw,grid_carbon_intensity_gco2_per_kwh,electricity_source,wind_fraction,grid_fraction,wind_used_kw,grid_topup_kw,surplus_wind_kw,wind_above_minimum,gwp100_kgco2e_per_kg_h2,electricity_exchanges_swapped,direct_electricity_kwh_per_kg_h2,wind_electricity_kwh_per_kg_h2,grid_electricity_kwh_per_kg_h2,temporary_grid_activity_code,minimum_required_wind_kw
2025-01-01 00:00:00,blended,AE operation,AE operation (blended),975.52,51.0,blended,0.9755199999999999,0.024480000000000057,975.52,24.480000000000057,0.0,,1.0297347226424691,1,51.8,50.531935999999995,1.268064000000003,,
2025-01-01 00:30:00,blended,AE operation,AE operation (blended),975.52,55.0,blended,0.9755199999999999,0.024480000000000057,975.52,24.480000000000057,0.0,,1.0385060957555179,1,51.8,50.531935999999995,1.268064000000003,,
2025-01-01 01:00:00,blended,AE operation,AE operation (blended),975.521,54.0,blended,0.975521,0.02447900000000003,975.521,24.479000000000028,0.0,,1.0377050386718027,1,51.8,50.531987799999996,1.2680122000000014,,
2025-01-01 01:30:00,blended,AE operation,AE operation (blended),975.521,54.0,blended,0.975521,0.02447900000000003,975.521,24.479000000000028,0.0,,1.0347777377396488,1,51.8,50.531987799999996,1.2680122000000014,,
2025-01-01 02:00:00,blended,AE operation,AE operation (blended),977.368,53.0,blended,0.977368,0.022631999999999985,977.368,22.631999999999984,0.0,,1.0247491962309603,1,51.8,50.6276624,1.1723375999999992,,
2025-01-01 02:30:00,blended,AE operation,AE operation (blended),977.368,48.0,blended,0.977368,0.022631999999999985,977.368,22.631999999999984,0.0,,1.0182726983325352,1,51.8,50.6276624,1.1723375999999992,,
2025-01-01 03:00:00,blended,AE operation,AE operation (blended),979.466,46.0,blended,0.9794660000000001,0.02053399999999994,979.466,20.533999999999942,0.0,,1.0072776237680456,1,51.8,50.7363388,1.063661199999997,,
2025-01-01 03:30:00,blended,AE operation,AE operation (blended),979.466,45.0,blended,0.9794660000000001,0.02053399999999994,979.466,20.533999999999942,0.0,,1.0027600991150494,1,51.8,50.7363388,1.063661199999997,,
2025-01-01 04:00:00,blended,AE operation,AE operation (blended),981.31,45.0,blended,0.9813099999999999,0.018690000000000095,981.31,18.690000000000097,0.0,,1.0006217327159452,1,51.8,50.83185799999999,0.9681420000000049,,
2025-01-01 04:30:00,blended,AE operation,AE operation (blended),981.31,45.0,blended,0.9813099999999999,0.018690000000000095,981.31,18.690000000000097,0.0,,1.0017459023353912,1,51.8,50.83185799999999,0.9681420000000049,,
2025-01-01 05:00:00,blended,AE operation,AE operation (blended),983.237,46.0,blended,0.9832369999999999,0.016763000000000083,983.237,16.763000000000083,0.0,,0.9945019273614466,1,51.8,50.931676599999996,0.8683234000000043,,
2025-01-01 05:30:00,blended,AE operation,AE operation (blended),983.237,44.0,blended,0.9832369999999999,0.016763000000000083,983.237,16.763000000000083,0.0,,0.9900928273314631,1,51.8,50.931676599999996,0.8683234000000043,,
2025-01-01 06:00:00,blended,AE operation,AE operation (blended),984.023,42.0,blended,0.984023,0.01597700000000002,984.023,15.977000000000018,0.0,,0.9856077993851289,1,51.8,50.9723914,0.8276086000000009,,
2025-01-01 06:30:00,blended,AE operation,AE operation (blended),984.023,42.0,blended,0.984023,0.01597700000000002,984.023,15.977000000000018,0.0,,0.9845842425574789,1,51.8,50.9723914,0.8276086000000009,,
2025-01-01 07:00:00,blended,AE operation,AE operation (blended),985.53,42.0,blended,0.98553,0.014469999999999983,985.53,14.469999999999983,0.0,,0.9811341055436518,1,51.8,51.050453999999995,0.749545999999999,,
2025-01-01 07:30:00,blended,AE operation,AE operation (blended),985.53,43.0,blended,0.98553,0.014469999999999983,985.53,14.469999999999983,0.0,,0.9824485955209856,1,51.8,51.050453999999995,0.749545999999999,,
2025-01-01 08:00:00,blended,AE operation,AE operation (blended),988.543,43.0,blended,0.9885430000000001,0.01145699999999994,988.543,11.45699999999994,0.0,,0.974175522737891,1,51.8,51.2065274,0.5934725999999968,,
2025-01-01 08:30:00,blended,AE operation,AE operation (blended),988.543,42.0,blended,0.9885430000000001,0.01145699999999994,988.543,11.45699999999994,0.0,,0.983079627894522,1,51.8,51.2065274,0.5934725999999968,,
2025-01-01 09:00:00,blended,AE operation,AE operation (blended),988.537,37.0,blended,0.988537,0.011463000000000001,988.537,11.463000000000001,0.0,,0.9735488901619993,1,51.8,51.2062166,0.5937834000000001,,
2025-01-01 09:30:00,blended,AE operation,AE operation (blended),988.537,36.0,blended,0.988537,0.011463000000000001,988.537,11.463000000000001,0.0,,0.9770749869794744,1,51.8,51.2062166,0.5937834000000001,,
2025-01-01 10:00:00,blended,AE operation,AE operation (blended),983.294,34.0,blended,0.983294,0.016706,983.294,16.706,0.0,,0.9979239609439687,1,51.8,50.934629199999996,0.8653707999999999,,
2025-01-01 10:30:00,blended,AE operation,AE operation (blended),983.294,38.0,blended,0.983294,0.016706,983.294,16.706,0.0,,1.0073426475021163,1,51.8,50.934629199999996,0.8653707999999999,,
2025-01-01 11:00:00,blended,AE operation,AE operation (blended),963.978,32.0,blended,0.963978,0.036022,963.978,36.022,0.0,,1.068033213219437,1,51.8,49.9340604,1.8659396,,
2025-01-01 11:30:00,blended,AE operation,AE operation (blended),963.978,33.0,blended,0.963978,0.036022,963.978,36.022,0.0,,1.0707448559137018,1,51.8,49.9340604,1.8659396,,
2025-01-01 12:00:00,blended,AE operation,AE operation (blended),899.727,35.0,blended,0.8997269999999999,0.10027300000000006,899.727,100.27300000000005,0.0,,1.3409802840582374,1,51.8,46.6058586,5.194141400000003,,
2025-01-01 12:30:00,blended,AE operation,AE operation (blended),899.727,38.0,blended,0.8997269999999999,0.10027300000000006,899.727,100.27300000000005,0.0,,1.3603605234894571,1,51.8,46.6058586,5.194141400000003,,
2025-01-01 13:00:00,blended,AE operation,AE operation (blended),754.669,38.0,blended,0.754669,0.24533099999999997,754.669,245.33099999999996,0.0,,1.968083076614199,1,51.8,39.0918542,12.708145799999997,,
2025-01-01 13:30:00,blended,AE operation,AE operation (blended),754.669,42.0,blended,0.754669,0.24533099999999997,754.669,245.33099999999996,0.0,,2.0493076893721764,1,51.8,39.0918542,12.708145799999997,,
2025-01-01 14:00:00,blended,AE operation,AE operation (blended),566.075,41.0,blended,0.566075,0.433925,566.075,433.925,0.0,,2.8558817280403392,1,51.8,29.322685,22.477314999999997,,
2025-01-01 14:30:00,blended,AE operation,AE operation (blended),566.075,49.0,blended,0.566075,0.433925,566.075,433.925,0.0,,3.104010432674701,1,51.8,29.322685,22.477314999999997,,
2025-01-01 15:00:00,blended,AE operation,AE operation (blended),437.91,65.0,blended,0.43791,0.56209,437.91,562.09,0.0,,4.479450910576739,1,51.8,22.683737999999998,29.116262,,
2025-01-01 15:30:00,blended,AE operation,AE operation (blended),437.91,73.0,blended,0.43791,0.56209,437.91,562.09,0.0,,4.985803821116741,1,51.8,22.683737999999998,29.116262,,
2025-01-01 16:00:00,blended,AE operation,AE operation (blended),400.501,75.0,blended,0.400501,0.599499,400.501,599.499,0.0,,5.614269299139522,1,51.8,20.7459518,31.054048199999997,,
2025-01-01 16:30:00,blended,AE operation,AE operation (blended),400.501,84.0,blended,0.400501,0.599499,400.501,599.499,0.0,,6.145691151048804,1,51.8,20.7459518,31.054048199999997,,
2025-01-01 17:00:00,blended,AE operation,AE operation (blended),407.281,88.0,blended,0.407281,0.592719,407.281,592.719,0.0,,6.4243258249330015,1,51.8,21.0971558,30.702844199999998,,
2025-01-01 17:30:00,blended,AE operation,AE operation (blended),407.281,89.0,blended,0.407281,0.592719,407.281,592.719,0.0,,6.462045558642375,1,51.8,21.0971558,30.702844199999998,,
2025-01-01 18:00:00,blended,AE operation,AE operation (blended),436.517,90.0,blended,0.436517,0.563483,436.517,563.483,0.0,,6.27903383741561,1,51.8,22.6115806,29.188419399999997,,
2025-01-01 18:30:00,blended,AE operation,AE operation (blended),436.517,90.0,blended,0.436517,0.563483,436.517,563.483,0.0,,6.066274484709494,1,51.8,22.6115806,29.188419399999997,,
2025-01-01 19:00:00,blended,AE operation,AE operation (blended),453.24,89.0,blended,0.45324000000000003,0.5467599999999999,453.24,546.7599999999999,0.0,,5.698451685830898,1,51.8,23.477832,28.322167999999994,,
2025-01-01 19:30:00,blended,AE operation,AE operation (blended),453.24,88.0,blended,0.45324000000000003,0.5467599999999999,453.24,546.7599999999999,0.0,,5.543811036907009,1,51.8,23.477832,28.322167999999994,,
2025-01-01 20:00:00,blended,AE operation,AE operation (blended),431.878,88.0,blended,0.431878,0.568122,431.878,568.1220000000001,0.0,,5.6234597160879005,1,51.8,22.371280399999996,29.4287196,,
2025-01-01 20:30:00,blended,AE operation,AE operation (blended),431.878,88.0,blended,0.431878,0.568122,431.878,568.1220000000001,0.0,,5.558311036903027,1,51.8,22.371280399999996,29.4287196,,
2025-01-01 21:00:00,blended,AE operation,AE operation (blended),387.43,83.0,blended,0.38743,0.6125700000000001,387.43,612.57,0.0,,5.815403426448601,1,51.8,20.068873999999997,31.731126,,
2025-01-01 21:30:00,blended,AE operation,AE operation (blended),387.43,79.0,blended,0.38743,0.6125700000000001,387.43,612.57,0.0,,5.724637175023031,1,51.8,20.068873999999997,31.731126,,
2025-01-01 22:00:00,blended,AE operation,AE operation (blended),340.61,74.0,blended,0.34061,0.6593899999999999,340.61,659.3899999999999,0.0,,5.677079853368169,1,51.8,17.643598,34.15640199999999,,
2025-01-01 22:30:00,blended,AE operation,AE operation (blended),340.61,71.0,blended,0.34061,0.6593899999999999,340.61,659.3899999999999,0.0,,5.494185466168911,1,51.8,17.643598,34.15640199999999,,
2025-01-01 23:00:00,blended,AE operation,AE operation (blended),271.998,62.0,blended,0.271998,0.728002,271.998,728.0020000000001,0.0,,5.460626969796513,1,51.8,14.0894964,37.7105036,,
2025-01-01 23:30:00,blended,AE operation,AE operation (blended),271.998,60.0,blended,0.271998,0.728002,271.998,728.0020000000001,0.0,,5.246558087346188,1,51.8,14.0894964,37.7105036,,
2025-01-02 00:00:00,blended,AE operation,AE operation (blended),240.736,67.0,blended,0.24073599999999998,0.759264,240.736,759.264,0.0,,5.978704911487202,1,51.8,12.470124799999999,39.329875200000004,,
2025-01-02 00:30:00,blended,AE operation,AE operation (blended),240.736,70.0,blended,0.24073599999999998,0.759264,240.736,759.264,0.0,,6.316264844577163,1,51.8,12.470124799999999,39.329875200000004,,
2025-01-02 01:00:00,blended,AE operation,AE operation (blended),256.428,70.0,blended,0.256428,0.743572,256.428,743.572,0.0,,6.009051643007332,1,51.8,13.282970399999998,38.5170296,,
2025-01-02 01:30:00,blended,AE operation,AE operation (blended),256.428,62.0,blended,0.256428,0.743572,256.428,743.572,0.0,,5.376895907610044,1,51.8,13.282970399999998,38.5170296,,
2025-01-02 02:00:00,blended,AE operation,AE operation (blended),265.34,57.0,blended,0.26533999999999996,0.7346600000000001,265.34,734.6600000000001,0.0,,5.096841665406955,1,51.8,13.744611999999998,38.055388,,
2025-01-02 02:30:00,blended,AE operation,AE operation (blended),265.34,61.0,blended,0.26533999999999996,0.7346600000000001,265.34,734.6600000000001,0.0,,5.324005830291497,1,51.8,13.744611999999998,38.055388,,
2025-01-02 03:00:00,blended,AE operation,AE operation (blended),284.596,60.0,blended,0.284596,0.7154039999999999,284.596,715.4039999999999,0.0,,5.154792228664642,1,51.8,14.7420728,37.057927199999995,,
2025-01-02 03:30:00,blended,AE operation,AE operation (blended),284.596,57.0,blended,0.284596,0.7154039999999999,284.596,715.4039999999999,0.0,,4.840108556092616,1,51.8,14.7420728,37.057927199999995,,
2025-01-02 04:00:00,blended,AE operation,AE operation (blended),280.736,63.0,blended,0.280736,0.719264,280.736,719.264,0.0,,5.166061730884531,1,51.8,14.542124799999998,37.2578752,,
2025-01-02 04:30:00,blended,AE operation,AE operation (blended),280.736,64.0,blended,0.280736,0.719264,280.736,719.264,0.0,,5.190212999333016,1,51.8,14.542124799999998,37.2578752,,
2025-01-02 05:00:00,blended,AE operation,AE operation (blended),250.936,67.0,blended,0.250936,0.749064,250.93599999999998,749.064,0.0,,5.843752329147307,1,51.8,12.998484799999998,38.8015152,,
2025-01-02 05:30:00,blended,AE operation,AE operation (blended),250.936,69.0,blended,0.250936,0.749064,250.93599999999998,749.064,0.0,,5.741849329159524,1,51.8,12.998484799999998,38.8015152,,
2025-01-02 06:00:00,blended,AE operation,AE operation (blended),236.65,84.0,blended,0.23665,0.76335,236.65,763.35,0.0,,6.837524252659725,1,51.8,12.258469999999999,39.541529999999995,,
2025-01-02 06:30:00,blended,AE operation,AE operation (blended),236.65,107.0,blended,0.23665,0.76335,236.65,763.35,0.0,,8.133494150831293,1,51.8,12.258469999999999,39.541529999999995,,
2025-01-02 07:00:00,blended,AE operation,AE operation (blended),225.035,130.0,blended,0.22503499999999999,0.774965,225.035,774.965,0.0,,9.81058148740915,1,51.8,11.656812999999998,40.143187,,
2025-01-02 07:30:00,blended,AE operation,AE operation (blended),225.035,138.0,blended,0.22503499999999999,0.774965,225.035,774.965,0.0,,10.250000361424059,1,51.8,11.656812999999998,40.143187,,
2025-01-02 08:00:00,blended,AE operation,AE operation (blended),226.128,136.0,blended,0.226128,0.773872,226.128,773.872,0.0,,9.9769848973437,1,51.8,11.7134304,40.0865696,,
2025-01-02 08:30:00,blended,AE operation,AE operation (blended),226.128,143.0,blended,0.226128,0.773872,226.128,773.872,0.0,,10.485413230655078,1,51.8,11.7134304,40.0865696,,
2025-01-02 09:00:00,blended,AE operation,AE operation (blended),219.793,141.0,blended,0.21979300000000002,0.780207,219.793,780.207,0.0,,10.318084557506209,1,51.8,11.3852774,40.4147226,,
2025-01-02 09:30:00,blended,AE operation,AE operation (blended),219.793,134.0,blended,0.21979300000000002,0.780207,219.793,780.207,0.0,,9.666081693237796,1,51.8,11.3852774,40.4147226,,
2025-01-02 10:00:00,blended,AE operation,AE operation (blended),230.679,133.0,blended,0.230679,0.769321,230.679,769.321,0.0,,9.477185700333852,1,51.8,11.9491722,39.8508278,,
2025-01-02 10:30:00,blended,AE operation,AE operation (blended),230.679,131.0,blended,0.230679,0.769321,230.679,769.321,0.0,,9.387274692438147,1,51.8,11.9491722,39.8508278,,
2025-01-02 11:00:00,blended,AE operation,AE operation (blended),248.318,129.0,blended,0.248318,0.751682,248.318,751.682,0.0,,9.128090925960686,1,51.8,12.8628724,38.9371276,,
2025-01-02 11:30:00,blended,AE operation,AE operation (blended),248.318,125.0,blended,0.248318,0.751682,248.318,751.682,0.0,,8.945738880604456,1,51.8,12.8628724,38.9371276,,
2025-01-02 12:00:00,blended,AE operation,AE operation (blended),280.712,119.0,blended,0.28071199999999996,0.719288,280.712,719.288,0.0,,8.231283556116061,1,51.8,14.540881599999997,37.2591184,,
2025-01-02 12:30:00,blended,AE operation,AE operation (blended),280.712,121.0,blended,0.28071199999999996,0.719288,280.712,719.288,0.0,,8.292163513502699,1,51.8,14.540881599999997,37.2591184,,
2025-01-02 13:00:00,blended,AE operation,AE operation (blended),294.062,130.0,blended,0.294062,0.705938,294.062,705.938,0.0,,8.573139556355889,1,51.8,15.232411599999999,36.5675884,,
2025-01-02 13:30:00,blended,AE operation,AE operation (blended),294.062,132.0,blended,0.294062,0.705938,294.062,705.938,0.0,,8.603409977364164,1,51.8,15.232411599999999,36.5675884,,
2025-01-02 14:00:00,blended,AE operation,AE operation (blended),251.563,138.0,blended,0.251563,0.748437,251.563,748.437,0.0,,9.491198235979413,1,51.8,13.030963399999997,38.7690366,,
2025-01-02 14:30:00,blended,AE operation,AE operation (blended),251.563,144.0,blended,0.251563,0.748437,251.563,748.437,0.0,,9.90640769810761,1,51.8,13.030963399999997,38.7690366,,
2025-01-02 15:00:00,blended,AE operation,AE operation (blended),286.006,149.0,blended,0.286006,0.713994,286.006,713.994,0.0,,10.066476098807321,1,51.8,14.815110799999998,36.9848892,,
2025-01-02 15:30:00,blended,AE operation,AE operation (blended),286.006,153.0,blended,0.286006,0.713994,286.006,713.994,0.0,,10.296123923335388,1,51.8,14.815110799999998,36.9848892,,
2025-01-02 16:00:00,blended,AE operation,AE operation (blended),366.748,153.0,blended,0.36674799999999996,0.633252,366.748,633.2520000000001,0.0,,9.307214078777728,1,51.8,18.997546399999997,32.8024536,,
2025-01-02 16:30:00,blended,AE operation,AE operation (blended),366.748,158.0,blended,0.36674799999999996,0.633252,366.748,633.2520000000001,0.0,,10.015769805102085,1,51.8,18.997546399999997,32.8024536,,
2025-01-02 17:00:00,blended,AE operation,AE operation (blended),400.51,158.0,blended,0.40051,0.5994900000000001,400.51,599.4900000000001,0.0,,9.591961601259104,1,51.8,20.746418,31.053582000000002,,
2025-01-02 17:30:00,blended,AE operation,AE operation (blended),400.51,152.0,blended,0.40051,0.5994900000000001,400.51,599.4900000000001,0.0,,9.177526059193116,1,51.8,20.746418,31.053582000000002,,
2025-01-02 18:00:00,blended,AE operation,AE operation (blended),410.635,150.0,blended,0.410635,0.589365,410.635,589.365,0.0,,8.621817291888568,1,51.8,21.270892999999997,30.529107,,
2025-01-02 18:30:00,blended,AE operation,AE operation (blended),410.635,150.0,blended,0.410635,0.589365,410.635,589.365,0.0,,8.472153728135932,1,51.8,21.270892999999997,30.529107,,
2025-01-02 19:00:00,blended,AE operation,AE operation (blended),404.019,149.0,blended,0.404019,0.595981,404.019,595.981,0.0,,8.222609011933217,1,51.8,20.9281842,30.871815799999997,,
2025-01-02 19:30:00,blended,AE operation,AE operation (blended),404.019,145.0,blended,0.404019,0.595981,404.019,595.981,0.0,,7.875103502410817,1,51.8,20.9281842,30.871815799999997,,
2025-01-02 20:00:00,blended,AE operation,AE operation (blended),373.569,136.0,blended,0.37356900000000004,0.626431,373.569,626.4309999999999,0.0,,7.966195480199547,1,51.8,19.3508742,32.4491258,,
2025-01-02 20:30:00,blended,AE operation,AE operation (blended),373.569,129.0,blended,0.37356900000000004,0.626431,373.569,626.4309999999999,0.0,,7.664362479394345,1,51.8,19.3508742,32.4491258,,
2025-01-02 21:00:00,blended,AE operation,AE operation (blended),325.157,116.0,blended,0.325157,0.6748430000000001,325.157,674.8430000000001,0.0,,7.544068845543783,1,51.8,16.843132599999997,34.9568674,,
2025-01-02 21:30:00,blended,AE operation,AE operation (blended),325.157,106.0,blended,0.325157,0.6748430000000001,325.157,674.8430000000001,0.0,,6.947588957027246,1,51.8,16.843132599999997,34.9568674,,
2025-01-02 22:00:00,blended,AE operation,AE operation (blended),272.302,95.0,blended,0.27230200000000004,0.727698,272.302,727.698,0.0,,6.889381621322543,1,51.8,14.105243600000001,37.694756399999996,,
2025-01-02 22:30:00,blended,AE operation,AE operation (blended),272.302,84.0,blended,0.27230200000000004,0.727698,272.302,727.698,0.0,,6.209175534367987,1,51.8,14.105243600000001,37.694756399999996,,
2025-01-02 23:00:00,blended,AE operation,AE operation (blended),240.733,74.0,blended,0.240733,0.759267,240.733,759.267,0.0,,5.790261845324852,1,51.8,12.4699694,39.3300306,,
2025-01-02 23:30:00,blended,AE operation,AE operation (blended),240.733,65.0,blended,0.240733,0.759267,240.733,759.267,0.0,,5.239682641660712,1,51.8,12.4699694,39.3300306,,
2025-01-21 00:00:00,blended,AE operation,AE operation (blended),208.072,258.0,blended,0.208072,0.791928,208.072,791.928,0.0,,16.028383328565884,1,51.8,10.7781296,41.0218704,,
2025-01-21 00:30:00,blended,AE operation,AE operation (blended),208.072,258.0,blended,0.208072,0.791928,208.072,791.928,0.0,,16.052350637819476,1,51.8,10.7781296,41.0218704,,
2025-01-21 01:00:00,blended,AE operation,AE operation (blended),179.522,257.0,blended,0.179522,0.820478,179.522,820.4780000000001,0.0,,16.49850737938754,1,51.8,9.299239599999998,42.5007604,,
2025-01-21 01:30:00,blended,AE operation,AE operation (blended),179.522,254.0,blended,0.179522,0.820478,179.522,820.4780000000001,0.0,,16.323495220724375,1,51.8,9.299239599999998,42.5007604,,
2025-01-21 02:00:00,blended,AE operation,AE operation (blended),160.68,251.0,blended,0.16068000000000002,0.83932,160.68,839.3199999999999,0.0,,16.526507835947008,1,51.8,8.323224,43.476775999999994,,
2025-01-21 02:30:00,blended,AE operation,AE operation (blended),160.68,248.0,blended,0.16068000000000002,0.83932,160.68,839.3199999999999,0.0,,16.33335868037334,1,51.8,8.323224,43.476775999999994,,
2025-01-21 03:00:00,blended,AE operation,AE operation (blended),146.989,250.0,blended,0.146989,0.853011,146.989,853.011,0.0,,16.72131960579387,1,51.8,7.6140302,44.185969799999995,,
2025-01-21 03:30:00,blended,AE operation,AE operation (blended),146.989,252.0,blended,0.146989,0.853011,146.989,853.011,0.0,,16.831803766580745,1,51.8,7.6140302,44.185969799999995,,
2025-01-21 04:00:00,blended,AE operation,AE operation (blended),120.568,253.0,blended,0.120568,0.879432,120.568,879.432,0.0,,17.399098839523838,1,51.8,6.2454224,45.554577599999995,,
2025-01-21 04:30:00,blended,AE operation,AE operation (blended),120.568,256.0,blended,0.120568,0.879432,120.568,879.432,0.0,,17.578589072298698,1,51.8,6.2454224,45.554577599999995,,
2025-01-21 05:00:00,blended,AE operation,AE operation (blended),100.061,256.0,blended,0.10006100000000001,0.899939,100.061,899.9390000000001,0.0,,17.92921229826344,1,51.8,5.1831598,46.6168402,,
2025-01-21 05:30:00,blended,AE operation,AE operation (blended),100.061,255.0,blended,0.10006100000000001,0.899939,100.061,899.9390000000001,0.0,,17.85312355801729,1,51.8,5.1831598,46.6168402,,
2025-01-21 06:00:00,blended,AE operation,AE operation (blended),84.092,262.0,blended,0.084092,0.9159079999999999,84.092,915.9079999999999,0.0,,18.5759726030641,1,51.8,4.355965599999999,47.44403439999999,,
2025-01-21 06:30:00,blended,AE operation,AE operation (blended),84.092,267.0,blended,0.084092,0.9159079999999999,84.092,915.9079999999999,0.0,,19.3752362619879,1,51.8,4.355965599999999,47.44403439999999,,
2025-01-21 07:00:00,blended,AE operation,AE operation (blended),76.01,270.0,blended,0.07601000000000001,0.92399,76.01,923.99,0.0,,20.0148936237239,1,51.8,3.9373180000000003,47.862682,,
2025-01-21 07:30:00,blended,AE operation,AE operation (blended),76.01,267.0,blended,0.07601000000000001,0.92399,76.01,923.99,0.0,,20.73184012442747,1,51.8,3.9373180000000003,47.862682,,
2025-01-21 08:00:00,blended,AE operation,AE operation (blended),82.787,265.0,blended,0.082787,0.9172130000000001,82.787,917.2130000000001,0.0,,20.262560469539174,1,51.8,4.2883666,47.5116334,,
2025-01-21 08:30:00,blended,AE operation,AE operation (blended),82.787,263.0,blended,0.082787,0.9172130000000001,82.787,917.2130000000001,0.0,,20.610302524441416,1,51.8,4.2883666,47.5116334,,
2025-01-21 09:00:00,blended,AE operation,AE operation (blended),92.226,262.0,blended,0.092226,0.907774,92.226,907.774,0.0,,19.978342747980424,1,51.8,4.7773068,47.0226932,,
2025-01-21 09:30:00,blended,AE operation,AE operation (blended),92.226,260.0,blended,0.092226,0.907774,92.226,907.774,0.0,,19.851367145685046,1,51.8,4.7773068,47.0226932,,
2025-01-21 10:00:00,blended,AE operation,AE operation (blended),100.585,255.0,blended,0.100585,0.899415,100.585,899.415,0.0,,18.94019244636876,1,51.8,5.210303,46.589696999999994,,
2025-01-21 10:30:00,blended,AE operation,AE operation (blended),100.585,252.0,blended,0.100585,0.899415,100.585,899.415,0.0,,18.838774849129276,1,51.8,5.210303,46.589696999999994,,
2025-01-21 11:00:00,blended,AE operation,AE operation (blended),113.469,241.0,blended,0.113469,0.886531,113.469,886.531,0.0,,17.305003925947904,1,51.8,5.8776942,45.9223058,,
2025-01-21 11:30:00,blended,AE operation,AE operation (blended),113.469,238.0,blended,0.113469,0.886531,113.469,886.531,0.0,,17.015308872326347,1,51.8,5.8776942,45.9223058,,
2025-01-21 12:00:00,blended,AE operation,AE operation (blended),114.265,241.0,blended,0.114265,0.8857349999999999,114.265,885.7349999999999,0.0,,17.321692671876328,1,51.8,5.918927,45.881072999999994,,
2025-01-21 12:30:00,blended,AE operation,AE operation (blended),114.265,243.0,blended,0.114265,0.8857349999999999,114.265,885.7349999999999,0.0,,17.746363635320115,1,51.8,5.918927,45.881072999999994,,
2025-01-21 13:00:00,blended,AE operation,AE operation (blended),95.956,241.0,blended,0.095956,0.904044,95.956,904.044,0.0,,17.96796616424237,1,51.8,4.9705208,46.829479199999994,,
2025-01-21 13:30:00,blended,AE operation,AE operation (blended),95.956,247.0,blended,0.095956,0.904044,95.956,904.044,0.0,,18.38212303569918,1,51.8,4.9705208,46.829479199999994,,
2025-01-21 14:00:00,blended,AE operation,AE operation (blended),84.098,252.0,blended,0.08409799999999999,0.915902,84.098,915.902,0.0,,19.42552527533891,1,51.8,4.3562764,47.4437236,,
2025-01-21 14:30:00,blended,AE operation,AE operation (blended),84.098,258.0,blended,0.08409799999999999,0.915902,84.098,915.902,0.0,,19.749120538186627,1,51.8,4.3562764,47.4437236,,
2025-01-21 15:00:00,blended,AE operation,AE operation (blended),94.464,264.0,blended,0.09446399999999999,0.905536,94.464,905.5360000000001,0.0,,19.978138293015704,1,51.8,4.8932351999999995,46.9067648,,
2025-01-21 15:30:00,blended,AE operation,AE operation (blended),94.464,264.0,blended,0.09446399999999999,0.905536,94.464,905.5360000000001,0.0,,20.167159146840856,1,51.8,4.8932351999999995,46.9067648,,
2025-01-21 16:00:00,blended,AE operation,AE operation (blended),107.811,256.0,blended,0.107811,0.892189,107.811,892.189,0.0,,20.101931924521946,1,51.8,5.5846098,46.215390199999995,,
2025-01-21 16:30:00,blended,AE operation,AE operation (blended),107.811,255.0,blended,0.107811,0.892189,107.811,892.189,0.0,,20.721422534024402,1,51.8,5.5846098,46.215390199999995,,
2025-01-21 17:00:00,blended,AE operation,AE operation (blended),110.752,256.0,blended,0.11075199999999999,0.889248,110.752,889.248,0.0,,21.04641366688409,1,51.8,5.736953599999999,46.0630464,,
2025-01-21 17:30:00,blended,AE operation,AE operation (blended),110.752,255.0,blended,0.11075199999999999,0.889248,110.752,889.248,0.0,,21.362008276150803,1,51.8,5.736953599999999,46.0630464,,
2025-01-21 18:00:00,blended,AE operation,AE operation (blended),86.252,257.0,blended,0.086252,0.913748,86.252,913.748,0.0,,21.72806438830735,1,51.8,4.4678536,47.3321464,,
2025-01-21 18:30:00,blended,AE operation,AE operation (blended),86.252,254.0,blended,0.086252,0.913748,86.252,913.748,0.0,,21.021224109165836,1,51.8,4.4678536,47.3321464,,
2025-01-21 19:00:00,blended,AE operation,AE operation (blended),57.288,256.0,blended,0.057288,0.942712,57.288,942.712,0.0,,21.42183646367336,1,51.8,2.9675184,48.832481599999994,,
2025-01-21 19:30:00,blended,AE operation,AE operation (blended),57.288,264.0,blended,0.057288,0.942712,57.288,942.712,0.0,,21.277156496812083,1,51.8,2.9675184,48.832481599999994,,
2025-01-21 20:00:00,blended,AE operation,AE operation (blended),41.76,267.0,blended,0.04176,0.95824,41.76,958.24,0.0,,21.54854760365865,1,51.8,2.1631679999999998,49.636832,,
2025-01-21 20:30:00,blended,AE operation,AE operation (blended),41.76,264.0,blended,0.04176,0.95824,41.76,958.24,0.0,,21.316350986257085,1,51.8,2.1631679999999998,49.636832,,
2025-01-21 21:00:00,blended,AE operation,AE operation (blended),44.155,266.0,blended,0.044155,0.9558450000000001,44.155,955.845,0.0,,20.633099479334533,1,51.8,2.287229,49.512771,,
2025-01-21 21:30:00,blended,AE operation,AE operation (blended),44.155,266.0,blended,0.044155,0.9558450000000001,44.155,955.845,0.0,,20.04654163978771,1,51.8,2.287229,49.512771,,
2025-01-21 22:00:00,blended,AE operation,AE operation (blended),48.565,275.0,blended,0.048565,0.951435,48.565,951.4350000000001,0.0,,20.570472159781897,1,51.8,2.5156669999999997,49.284333,,
2025-01-21 22:30:00,blended,AE operation,AE operation (blended),48.565,278.0,blended,0.048565,0.951435,48.565,951.4350000000001,0.0,,20.81182235296988,1,51.8,2.5156669999999997,49.284333,,
2025-01-21 23:00:00,blended,AE operation,AE operation (blended),47.402,275.0,blended,0.047402,0.9525980000000001,47.402,952.5980000000001,0.0,,20.579733681842985,1,51.8,2.4554236,49.3445764,,
2025-01-21 23:30:00,blended,AE operation,AE operation (blended),47.402,274.0,blended,0.047402,0.9525980000000001,47.402,952.5980000000001,0.0,,20.56915914120078,1,51.8,2.4554236,49.3445764,,
2025-04-30 00:00:00,blended,AE operation,AE operation (blended),286.108,189.0,blended,0.28610800000000003,0.713892,286.108,713.8919999999999,0.0,,11.51375008105863,1,51.8,14.820394400000001,36.9796056,,
2025-04-30 00:30:00,blended,AE operation,AE operation (blended),286.108,188.0,blended,0.28610800000000003,0.713892,286.108,713.8919999999999,0.0,,11.458403243282785,1,51.8,14.820394400000001,36.9796056,,
2025-04-30 01:00:00,blended,AE operation,AE operation (blended),258.195,189.0,blended,0.258195,0.741805,258.195,741.8050000000001,0.0,,12.01219009219158,1,51.8,13.374501,38.425499,,
2025-04-30 01:30:00,blended,AE operation,AE operation (blended),258.195,187.0,blended,0.258195,0.741805,258.195,741.8050000000001,0.0,,11.889092135591346,1,51.8,13.374501,38.425499,,
2025-04-30 02:00:00,blended,AE operation,AE operation (blended),223.542,189.0,blended,0.223542,0.776458,223.542,776.458,0.0,,12.485465706515145,1,51.8,11.579475599999999,40.220524399999995,,
2025-04-30 02:30:00,blended,AE operation,AE operation (blended),223.542,190.0,blended,0.223542,0.776458,223.542,776.458,0.0,,12.610929085661423,1,51.8,11.579475599999999,40.220524399999995,,
2025-04-30 03:00:00,blended,AE operation,AE operation (blended),181.709,200.0,blended,0.181709,0.818291,181.709,818.2909999999999,0.0,,13.90219155884489,1,51.8,9.4125262,42.387473799999995,,
2025-04-30 03:30:00,blended,AE operation,AE operation (blended),181.709,207.0,blended,0.181709,0.818291,181.709,818.2909999999999,0.0,,14.347408411382869,1,51.8,9.4125262,42.387473799999995,,
2025-04-30 04:00:00,blended,AE operation,AE operation (blended),135.989,214.0,blended,0.135989,0.864011,135.989,864.011,0.0,,15.503095553480279,1,51.8,7.044230199999999,44.755769799999996,,
2025-04-30 04:30:00,blended,AE operation,AE operation (blended),135.989,218.0,blended,0.135989,0.864011,135.989,864.011,0.0,,16.133620197875285,1,51.8,7.044230199999999,44.755769799999996,,
2025-04-30 05:00:00,blended,AE operation,AE operation (blended),90.524,216.0,blended,0.09052400000000001,0.909476,90.524,909.476,0.0,,17.11735673386412,1,51.8,4.6891432,47.11085679999999,,
2025-04-30 05:30:00,blended,AE operation,AE operation (blended),90.524,212.0,blended,0.09052400000000001,0.909476,90.524,909.476,0.0,,18.00181614126854,1,51.8,4.6891432,47.11085679999999,,
2025-04-30 06:00:00,blended,AE operation,AE operation (blended),34.08,200.0,blended,0.03408,0.96592,34.08,965.92,0.0,,17.13346275592785,1,51.8,1.7653439999999998,50.034656,,
2025-04-30 06:30:00,blended,AE operation,AE operation (blended),34.08,194.0,blended,0.03408,0.96592,34.08,965.92,0.0,,17.414965920755446,1,51.8,1.7653439999999998,50.034656,,
2025-04-30 07:00:00,blended,AE operation,AE operation (blended),10.956,185.0,blended,0.010955999999999999,0.989044,10.956,989.044,0.0,,16.748809454840952,1,51.8,0.5675207999999999,51.2324792,,
2025-04-30 07:30:00,blended,AE operation,AE operation (blended),10.956,175.0,blended,0.010955999999999999,0.989044,10.956,989.044,0.0,,15.579981054692494,1,51.8,0.5675207999999999,51.2324792,,
2025-04-30 08:00:00,blended,AE operation,AE operation (blended),8.069,169.0,blended,0.008069000000000002,0.991931,8.069,991.931,0.0,,14.925920385174482,1,51.8,0.4179742000000001,51.3820258,,
2025-04-30 08:30:00,blended,AE operation,AE operation (blended),8.069,157.0,blended,0.008069000000000002,0.991931,8.069,991.931,0.0,,14.035123673674452,1,51.8,0.4179742000000001,51.3820258,,
2025-04-30 09:00:00,blended,AE operation,AE operation (blended),10.595,141.0,blended,0.010595,0.989405,10.595,989.405,0.0,,12.893195746927645,1,51.8,0.548821,51.25117899999999,,
2025-04-30 09:30:00,blended,AE operation,AE operation (blended),10.595,129.0,blended,0.010595,0.989405,10.595,989.405,0.0,,12.273797744607394,1,51.8,0.548821,51.25117899999999,,
2025-04-30 10:00:00,blended,AE operation,AE operation (blended),10.328,122.0,blended,0.010327999999999999,0.989672,10.328,989.672,0.0,,11.721319396986672,1,51.8,0.5349903999999999,51.2650096,,
2025-04-30 10:30:00,blended,AE operation,AE operation (blended),10.328,118.0,blended,0.010327999999999999,0.989672,10.328,989.672,0.0,,11.50028778095739,1,51.8,0.5349903999999999,51.2650096,,
2025-04-30 11:00:00,blended,AE operation,AE operation (blended),12.203,115.0,blended,0.012202999999999999,0.987797,12.203,987.797,0.0,,11.331205077861476,1,51.8,0.6321153999999999,51.1678846,,
2025-04-30 11:30:00,blended,AE operation,AE operation (blended),12.203,113.0,blended,0.012202999999999999,0.987797,12.203,987.797,0.0,,11.163272398460279,1,51.8,0.6321153999999999,51.1678846,,
2025-04-30 12:00:00,blended,AE operation,AE operation (blended),16.318,112.0,blended,0.016318000000000003,0.983682,16.318,983.6819999999999,0.0,,11.030953596888915,1,51.8,0.8452724000000001,50.95472759999999,,
2025-04-30 12:30:00,blended,AE operation,AE operation (blended),16.318,109.0,blended,0.016318000000000003,0.983682,16.318,983.6819999999999,0.0,,10.800057761767292,1,51.8,0.8452724000000001,50.95472759999999,,
2025-04-30 13:00:00,blended,AE operation,AE operation (blended),21.353,109.0,blended,0.021353,0.978647,21.353,978.647,0.0,,10.639842733366692,1,51.8,1.1060854,50.6939146,,
2025-04-30 13:30:00,blended,AE operation,AE operation (blended),21.353,111.0,blended,0.021353,0.978647,21.353,978.647,0.0,,10.795433563379069,1,51.8,1.1060854,50.6939146,,
2025-04-30 14:00:00,blended,AE operation,AE operation (blended),27.241,114.0,blended,0.027241,0.972759,27.241,972.759,0.0,,10.970397573125078,1,51.8,1.4110837999999999,50.3889162,,
2025-04-30 14:30:00,blended,AE operation,AE operation (blended),27.241,118.0,blended,0.027241,0.972759,27.241,972.759,0.0,,11.224609455992761,1,51.8,1.4110837999999999,50.3889162,,
2025-04-30 15:00:00,blended,AE operation,AE operation (blended),38.213,126.0,blended,0.038213000000000004,0.961787,38.213,961.7869999999999,0.0,,11.861558727692913,1,51.8,1.9794334,49.82056659999999,,
2025-04-30 15:30:00,blended,AE operation,AE operation (blended),38.213,143.0,blended,0.038213000000000004,0.961787,38.213,961.7869999999999,0.0,,12.774044326000185,1,51.8,1.9794334,49.82056659999999,,
2025-04-30 16:00:00,blended,AE operation,AE operation (blended),58.986,163.0,blended,0.058986,0.941014,58.986,941.014,0.0,,13.908011590574985,1,51.8,3.0554748,48.7445252,,
2025-04-30 16:30:00,blended,AE operation,AE operation (blended),58.986,179.0,blended,0.058986,0.941014,58.986,941.014,0.0,,14.833016669294956,1,51.8,3.0554748,48.7445252,,
2025-04-30 17:00:00,blended,AE operation,AE operation (blended),90.167,201.0,blended,0.090167,0.909833,90.167,909.833,0.0,,16.301607035833495,1,51.8,4.670650599999999,47.129349399999995,,
2025-04-30 17:30:00,blended,AE operation,AE operation (blended),90.167,208.0,blended,0.090167,0.909833,90.167,909.833,0.0,,17.00943062993544,1,51.8,4.670650599999999,47.129349399999995,,
2025-04-30 18:00:00,blended,AE operation,AE operation (blended),173.957,217.0,blended,0.173957,0.826043,173.957,826.043,0.0,,16.45132644290984,1,51.8,9.010972599999999,42.789027399999995,,
2025-04-30 18:30:00,blended,AE operation,AE operation (blended),173.957,222.0,blended,0.173957,0.826043,173.957,826.043,0.0,,17.085109889788242,1,51.8,9.010972599999999,42.789027399999995,,
2025-04-30 19:00:00,blended,AE operation,AE operation (blended),288.879,224.0,blended,0.288879,0.711121,288.879,711.121,0.0,,14.378826103960108,1,51.8,14.963932199999999,36.836067799999995,,
2025-04-30 19:30:00,blended,AE operation,AE operation (blended),288.879,223.0,blended,0.288879,0.711121,288.879,711.121,0.0,,14.22894484244597,1,51.8,14.963932199999999,36.836067799999995,,
2025-04-30 20:00:00,blended,AE operation,AE operation (blended),355.004,224.0,blended,0.35500400000000004,0.6449959999999999,355.004,644.9959999999999,0.0,,12.483424514631789,1,51.8,18.3892072,33.410792799999996,,
2025-04-30 20:30:00,blended,AE operation,AE operation (blended),355.004,224.0,blended,0.35500400000000004,0.6449959999999999,355.004,644.9959999999999,0.0,,12.32791086477925,1,51.8,18.3892072,33.410792799999996,,
2025-04-30 21:00:00,blended,AE operation,AE operation (blended),342.664,219.0,blended,0.34266399999999997,0.657336,342.664,657.336,0.0,,12.39544652056618,1,51.8,17.749995199999997,34.050004799999996,,
2025-04-30 21:30:00,blended,AE operation,AE operation (blended),342.664,208.0,blended,0.34266399999999997,0.657336,342.664,657.336,0.0,,11.95292969598728,1,51.8,17.749995199999997,34.050004799999996,,
2025-04-30 22:00:00,blended,AE operation,AE operation (blended),302.258,194.0,blended,0.30225799999999997,0.6977420000000001,302.258,697.7420000000001,0.0,,11.543083570858483,1,51.8,15.656964399999998,36.143035600000005,,
2025-04-30 22:30:00,blended,AE operation,AE operation (blended),302.258,185.0,blended,0.30225799999999997,0.6977420000000001,302.258,697.7420000000001,0.0,,11.098362697353119,1,51.8,15.656964399999998,36.143035600000005,,
2025-04-30 23:00:00,blended,AE operation,AE operation (blended),270.35,183.0,blended,0.27035000000000003,0.7296499999999999,270.35,729.6499999999999,0.0,,11.520892841518423,1,51.8,14.004130000000002,37.795869999999994,,
2025-04-30 23:30:00,blended,AE operation,AE operation (blended),270.35,180.0,blended,0.27035000000000003,0.7296499999999999,270.35,729.6499999999999,0.0,,11.38161342309261,1,51.8,14.004130000000002,37.795869999999994,,
2025-05-14 00:00:00,blended,AE operation,AE operation (blended),357.649,121.0,blended,0.357649,0.642351,357.649,642.351,0.0,,7.726232144191065,1,51.8,18.5262182,33.2737818,,
2025-05-14 00:30:00,blended,AE operation,AE operation (blended),357.649,118.0,blended,0.357649,0.642351,357.649,642.351,0.0,,7.683062667802537,1,51.8,18.5262182,33.2737818,,
2025-05-14 01:00:00,blended,AE operation,AE operation (blended),369.505,117.0,blended,0.369505,0.630495,369.505,630.495,0.0,,7.575546222226878,1,51.8,19.140358999999997,32.659641,,
2025-05-14 01:30:00,blended,AE operation,AE operation (blended),369.505,116.0,blended,0.369505,0.630495,369.505,630.495,0.0,,7.588910785694776,1,51.8,19.140358999999997,32.659641,,
2025-05-14 02:00:00,blended,AE operation,AE operation (blended),357.628,112.0,blended,0.357628,0.6423719999999999,357.628,642.372,0.0,,7.449734895706509,1,51.8,18.5251304,33.274869599999995,,
2025-05-14 02:30:00,blended,AE operation,AE operation (blended),357.628,110.0,blended,0.357628,0.6423719999999999,357.628,642.372,0.0,,7.259641604110726,1,51.8,18.5251304,33.274869599999995,,
2025-05-14 03:00:00,blended,AE operation,AE operation (blended),326.918,109.0,blended,0.326918,0.673082,326.918,673.082,0.0,,7.466861505977302,1,51.8,16.934352399999998,34.865647599999996,,
2025-05-14 03:30:00,blended,AE operation,AE operation (blended),326.918,108.0,blended,0.326918,0.673082,326.918,673.082,0.0,,7.334035480457012,1,51.8,16.934352399999998,34.865647599999996,,
2025-05-14 04:00:00,blended,AE operation,AE operation (blended),295.951,105.0,blended,0.295951,0.7040489999999999,295.951,704.049,0.0,,7.537253271689653,1,51.8,15.3302618,36.469738199999995,,
2025-05-14 04:30:00,blended,AE operation,AE operation (blended),295.951,107.0,blended,0.295951,0.7040489999999999,295.951,704.049,0.0,,7.700733287733224,1,51.8,15.3302618,36.469738199999995,,
2025-05-14 05:00:00,blended,AE operation,AE operation (blended),248.662,111.0,blended,0.248662,0.7513380000000001,248.662,751.3380000000001,0.0,,8.899691592778115,1,51.8,12.880691599999999,38.9193084,,
2025-05-14 05:30:00,blended,AE operation,AE operation (blended),248.662,117.0,blended,0.248662,0.7513380000000001,248.662,751.3380000000001,0.0,,9.531061591932932,1,51.8,12.880691599999999,38.9193084,,
2025-05-14 06:00:00,blended,AE operation,AE operation (blended),221.233,110.0,blended,0.221233,0.778767,221.233,778.7669999999999,0.0,,9.547400913470522,1,51.8,11.4598694,40.340130599999995,,
2025-05-14 06:30:00,blended,AE operation,AE operation (blended),221.233,102.0,blended,0.221233,0.778767,221.233,778.7669999999999,0.0,,9.111343165697225,1,51.8,11.4598694,40.340130599999995,,
2025-05-14 07:00:00,blended,AE operation,AE operation (blended),280.217,95.0,blended,0.280217,0.7197830000000001,280.217,719.783,0.0,,8.061067219265427,1,51.8,14.515240599999998,37.2847594,,
2025-05-14 07:30:00,blended,AE operation,AE operation (blended),280.217,87.0,blended,0.280217,0.7197830000000001,280.217,719.783,0.0,,7.415425962761687,1,51.8,14.515240599999998,37.2847594,,
2025-05-14 08:00:00,blended,AE operation,AE operation (blended),310.269,77.0,blended,0.310269,0.689731,310.269,689.731,0.0,,6.475249139966834,1,51.8,16.0719342,35.728065799999996,,
2025-05-14 08:30:00,blended,AE operation,AE operation (blended),310.269,64.0,blended,0.310269,0.689731,310.269,689.731,0.0,,5.9328516751829525,1,51.8,16.0719342,35.728065799999996,,
2025-05-14 09:00:00,blended,AE operation,AE operation (blended),310.647,57.0,blended,0.310647,0.689353,310.647,689.353,0.0,,5.820453129163749,1,51.8,16.0915146,35.7084854,,
2025-05-14 09:30:00,blended,AE operation,AE operation (blended),310.647,49.0,blended,0.310647,0.689353,310.647,689.353,0.0,,5.548157403738735,1,51.8,16.0915146,35.7084854,,
2025-05-14 10:00:00,blended,AE operation,AE operation (blended),299.946,46.0,blended,0.29994600000000005,0.700054,299.946,700.054,0.0,,5.566161857812211,1,51.8,15.537202800000001,36.262797199999994,,
2025-05-14 10:30:00,blended,AE operation,AE operation (blended),299.946,41.0,blended,0.29994600000000005,0.700054,299.946,700.054,0.0,,5.208196869097963,1,51.8,15.537202800000001,36.262797199999994,,
2025-05-14 11:00:00,blended,AE operation,AE operation (blended),283.857,40.0,blended,0.283857,0.716143,283.857,716.143,0.0,,5.390330519018421,1,51.8,14.7037926,37.0962074,,
2025-05-14 11:30:00,blended,AE operation,AE operation (blended),283.857,40.0,blended,0.283857,0.716143,283.857,716.143,0.0,,5.3579612020210154,1,51.8,14.7037926,37.0962074,,
2025-05-14 12:00:00,blended,AE operation,AE operation (blended),267.218,38.0,blended,0.267218,0.732782,267.218,732.782,0.0,,5.21062701563153,1,51.8,13.841892399999999,37.9581076,,
2025-05-14 12:30:00,blended,AE operation,AE operation (blended),267.218,37.0,blended,0.267218,0.732782,267.218,732.782,0.0,,5.189385731281889,1,51.8,13.841892399999999,37.9581076,,
2025-05-14 13:00:00,blended,AE operation,AE operation (blended),252.639,38.0,blended,0.252639,0.7473609999999999,252.639,747.361,0.0,,5.299622000112317,1,51.8,13.0867002,38.713299799999994,,
2025-05-14 13:30:00,blended,AE operation,AE operation (blended),252.639,36.0,blended,0.252639,0.7473609999999999,252.639,747.361,0.0,,5.221101432631467,1,51.8,13.0867002,38.713299799999994,,
2025-05-14 14:00:00,blended,AE operation,AE operation (blended),247.195,37.0,blended,0.247195,0.752805,247.195,752.805,0.0,,5.214215633148422,1,51.8,12.804701,38.995298999999996,,
2025-05-14 14:30:00,blended,AE operation,AE operation (blended),247.195,42.0,blended,0.247195,0.752805,247.195,752.805,0.0,,5.53118957728316,1,51.8,12.804701,38.995298999999996,,
2025-05-14 15:00:00,blended,AE operation,AE operation (blended),260.762,46.0,blended,0.260762,0.7392380000000001,260.762,739.238,0.0,,5.771939366429679,1,51.8,13.507471599999999,38.2925284,,
2025-05-14 15:30:00,blended,AE operation,AE operation (blended),260.762,55.0,blended,0.260762,0.7392380000000001,260.762,739.238,0.0,,6.074643412220881,1,51.8,13.507471599999999,38.2925284,,
2025-05-14 16:00:00,blended,AE operation,AE operation (blended),299.957,67.0,blended,0.299957,0.700043,299.957,700.043,0.0,,6.182996257078839,1,51.8,15.537772599999998,36.26222739999999,,
2025-05-14 16:30:00,blended,AE operation,AE operation (blended),299.957,80.0,blended,0.299957,0.700043,299.957,700.043,0.0,,6.741297437223071,1,51.8,15.537772599999998,36.26222739999999,,
2025-05-14 17:00:00,blended,AE operation,AE operation (blended),339.243,89.0,blended,0.339243,0.660757,339.243,660.7570000000001,0.0,,6.741244403283207,1,51.8,17.5727874,34.2272126,,
2025-05-14 17:30:00,blended,AE operation,AE operation (blended),339.243,93.0,blended,0.339243,0.660757,339.243,660.7570000000001,0.0,,7.037850472122537,1,51.8,17.5727874,34.2272126,,
2025-05-14 18:00:00,blended,AE operation,AE operation (blended),374.357,112.0,blended,0.37435700000000005,0.625643,374.357,625.6429999999999,0.0,,8.230073307057118,1,51.8,19.391692600000002,32.4083074,,
2025-05-14 18:30:00,blended,AE operation,AE operation (blended),374.357,121.0,blended,0.37435700000000005,0.625643,374.357,625.6429999999999,0.0,,8.54922768799101,1,51.8,19.391692600000002,32.4083074,,
2025-05-14 19:00:00,blended,AE operation,AE operation (blended),400.501,118.0,blended,0.400501,0.599499,400.501,599.499,0.0,,7.755082665571781,1,51.8,20.7459518,31.054048199999997,,
2025-05-14 19:30:00,blended,AE operation,AE operation (blended),400.501,116.0,blended,0.400501,0.599499,400.501,599.499,0.0,,7.423015911859632,1,51.8,20.7459518,31.054048199999997,,
2025-05-14 20:00:00,blended,AE operation,AE operation (blended),386.973,115.0,blended,0.386973,0.613027,386.973,613.027,0.0,,7.331204061970542,1,51.8,20.0452014,31.754798599999997,,
2025-05-14 20:30:00,blended,AE operation,AE operation (blended),386.973,109.0,blended,0.386973,0.613027,386.973,613.027,0.0,,6.713999006021509,1,51.8,20.0452014,31.754798599999997,,
2025-05-14 21:00:00,blended,AE operation,AE operation (blended),331.556,103.0,blended,0.33155599999999996,0.668444,331.556,668.4440000000001,0.0,,6.956834594952721,1,51.8,17.174600799999997,34.6253992,,
2025-05-14 21:30:00,blended,AE operation,AE operation (blended),331.556,93.0,blended,0.33155599999999996,0.668444,331.556,668.4440000000001,0.0,,6.557988363948577,1,51.8,17.174600799999997,34.6253992,,
2025-05-14 22:00:00,blended,AE operation,AE operation (blended),294.703,68.0,blended,0.294703,0.7052970000000001,294.703,705.297,0.0,,5.850898838569756,1,51.8,15.265615399999998,36.5343846,,
2025-05-14 22:30:00,blended,AE operation,AE operation (blended),294.703,57.0,blended,0.294703,0.7052970000000001,294.703,705.297,0.0,,5.8655902435690095,1,51.8,15.265615399999998,36.5343846,,
2025-05-14 23:00:00,blended,AE operation,AE operation (blended),290.794,59.0,blended,0.290794,0.709206,290.794,709.206,0.0,,5.7247788752864155,1,51.8,15.063129199999999,36.7368708,,
2025-05-14 23:30:00,blended,AE operation,AE operation (blended),290.794,57.0,blended,0.290794,0.709206,290.794,709.206,0.0,,5.568382917850439,1,51.8,15.063129199999999,36.7368708,,
2025-05-24 00:00:00,blended,AE operation,AE operation (blended),372.508,70.0,blended,0.372508,0.6274919999999999,372.508,627.492,0.0,,5.548333433736455,1,51.8,19.2959144,32.504085599999996,,
2025-05-24 00:30:00,blended,AE operation,AE operation (blended),372.508,65.0,blended,0.372508,0.6274919999999999,372.508,627.492,0.0,,5.290807693178878,1,51.8,19.2959144,32.504085599999996,,
2025-05-24 01:00:00,blended,AE operation,AE operation (blended),306.582,65.0,blended,0.306582,0.693418,306.582,693.418,0.0,,5.743921488136126,1,51.8,15.8809476,35.9190524,,
2025-05-24 01:30:00,blended,AE operation,AE operation (blended),306.582,60.0,blended,0.306582,0.693418,306.582,693.418,0.0,,4.980859877572782,1,51.8,15.8809476,35.9190524,,
2025-05-24 02:00:00,blended,AE operation,AE operation (blended),269.67,59.0,blended,0.26967,0.7303299999999999,269.67,730.3299999999999,0.0,,5.002478180977893,1,51.8,13.968906,37.83109399999999,,
2025-05-24 02:30:00,blended,AE operation,AE operation (blended),269.67,57.0,blended,0.26967,0.7303299999999999,269.67,730.3299999999999,0.0,,4.795873523878478,1,51.8,13.968906,37.83109399999999,,
2025-05-24 03:00:00,blended,AE operation,AE operation (blended),309.482,58.0,blended,0.30948200000000003,0.690518,309.482,690.5179999999999,0.0,,4.375273365749791,1,51.8,16.0311676,35.768832399999994,,
2025-05-24 03:30:00,blended,AE operation,AE operation (blended),309.482,56.0,blended,0.30948200000000003,0.690518,309.482,690.5179999999999,0.0,,4.3357972001539995,1,51.8,16.0311676,35.768832399999994,,
2025-05-24 04:00:00,blended,AE operation,AE operation (blended),361.496,54.0,blended,0.361496,0.638504,361.496,638.5039999999999,0.0,,4.029615310210225,1,51.8,18.725492799999998,33.0745072,,
2025-05-24 04:30:00,blended,AE operation,AE operation (blended),361.496,55.0,blended,0.361496,0.638504,361.496,638.5039999999999,0.0,,4.0047693551416055,1,51.8,18.725492799999998,33.0745072,,
2025-05-24 05:00:00,blended,AE operation,AE operation (blended),400.496,57.0,blended,0.40049599999999996,0.599504,400.496,599.504,0.0,,4.203468879225344,1,51.8,20.745692799999997,31.0543072,,
2025-05-24 05:30:00,blended,AE operation,AE operation (blended),400.496,56.0,blended,0.40049599999999996,0.599504,400.496,599.504,0.0,,4.359072669104865,1,51.8,20.745692799999997,31.0543072,,
2025-05-24 06:00:00,blended,AE operation,AE operation (blended),394.772,55.0,blended,0.394772,0.605228,394.772,605.228,0.0,,4.66427341214472,1,51.8,20.4491896,31.350810399999997,,
2025-05-24 06:30:00,blended,AE operation,AE operation (blended),394.772,55.0,blended,0.394772,0.605228,394.772,605.228,0.0,,4.356929163548339,1,51.8,20.4491896,31.350810399999997,,
2025-05-24 07:00:00,blended,AE operation,AE operation (blended),464.111,52.0,blended,0.464111,0.5358890000000001,464.111,535.889,0.0,,3.978164949480587,1,51.8,24.0409498,27.7590502,,
2025-05-24 07:30:00,blended,AE operation,AE operation (blended),464.111,45.0,blended,0.464111,0.5358890000000001,464.111,535.889,0.0,,3.7437024267757564,1,51.8,24.0409498,27.7590502,,
2025-05-24 08:00:00,blended,AE operation,AE operation (blended),555.348,46.0,blended,0.555348,0.44465200000000005,555.348,444.65200000000004,0.0,,3.268967408623971,1,51.8,28.767026399999995,23.032973600000002,,
2025-05-24 08:30:00,blended,AE operation,AE operation (blended),555.348,47.0,blended,0.555348,0.44465200000000005,555.348,444.65200000000004,0.0,,3.3690699519535703,1,51.8,28.767026399999995,23.032973600000002,,
2025-05-24 09:00:00,blended,AE operation,AE operation (blended),548.614,45.0,blended,0.548614,0.45138599999999995,548.614,451.38599999999997,0.0,,3.3197725653324057,1,51.8,28.4182052,23.381794799999998,,
2025-05-24 09:30:00,blended,AE operation,AE operation (blended),548.614,46.0,blended,0.548614,0.45138599999999995,548.614,451.38599999999997,0.0,,3.4767215755527,1,51.8,28.4182052,23.381794799999998,,
2025-05-24 10:00:00,blended,AE operation,AE operation (blended),565.277,59.0,blended,0.565277,0.43472299999999997,565.277,434.72299999999996,0.0,,4.100387860352736,1,51.8,29.2813486,22.518651399999996,,
2025-05-24 10:30:00,blended,AE operation,AE operation (blended),565.277,52.0,blended,0.565277,0.43472299999999997,565.277,434.72299999999996,0.0,,3.9870297295370003,1,51.8,29.2813486,22.518651399999996,,
2025-05-24 11:00:00,blended,AE operation,AE operation (blended),592.518,48.0,blended,0.592518,0.407482,592.518,407.482,0.0,,3.2080461668140527,1,51.8,30.692432399999998,21.1075676,,
2025-05-24 11:30:00,blended,AE operation,AE operation (blended),592.518,47.0,blended,0.592518,0.407482,592.518,407.482,0.0,,3.1243728156338846,1,51.8,30.692432399999998,21.1075676,,
2025-05-24 12:00:00,blended,AE operation,AE operation (blended),628.989,46.0,blended,0.628989,0.371011,628.989,371.01099999999997,0.0,,2.9009267097197995,1,51.8,32.5816302,19.218369799999998,,
2025-05-24 12:30:00,blended,AE operation,AE operation (blended),628.989,46.0,blended,0.628989,0.371011,628.989,371.01099999999997,0.0,,2.8589521902910713,1,51.8,32.5816302,19.218369799999998,,
2025-05-24 13:00:00,blended,AE operation,AE operation (blended),665.803,42.0,blended,0.665803,0.33419699999999997,665.803,334.19699999999995,0.0,,2.7159243531456743,1,51.8,34.4885954,17.311404599999996,,
2025-05-24 13:30:00,blended,AE operation,AE operation (blended),665.803,42.0,blended,0.665803,0.33419699999999997,665.803,334.19699999999995,0.0,,2.713812179116988,1,51.8,34.4885954,17.311404599999996,,
2025-05-24 14:00:00,blended,AE operation,AE operation (blended),700.026,41.0,blended,0.7000259999999999,0.2999740000000001,700.026,299.97400000000005,0.0,,2.468760700753994,1,51.8,36.26134679999999,15.538653200000002,,
2025-05-24 14:30:00,blended,AE operation,AE operation (blended),700.026,41.0,blended,0.7000259999999999,0.2999740000000001,700.026,299.97400000000005,0.0,,2.498972074685906,1,51.8,36.26134679999999,15.538653200000002,,
2025-05-24 15:00:00,blended,AE operation,AE operation (blended),710.895,42.0,blended,0.7108949999999999,0.28910500000000006,710.895,289.1050000000001,0.0,,2.52207332085096,1,51.8,36.824360999999996,14.975639000000003,,
2025-05-24 15:30:00,blended,AE operation,AE operation (blended),710.895,46.0,blended,0.7108949999999999,0.28910500000000006,710.895,289.1050000000001,0.0,,2.569298466418554,1,51.8,36.824360999999996,14.975639000000003,,
2025-05-24 16:00:00,blended,AE operation,AE operation (blended),668.166,54.0,blended,0.668166,0.33183399999999996,668.166,331.83399999999995,0.0,,3.061810694571081,1,51.8,34.6109988,17.189001199999996,,
2025-05-24 16:30:00,blended,AE operation,AE operation (blended),668.166,58.0,blended,0.668166,0.33183399999999996,668.166,331.83399999999995,0.0,,3.1891501786270755,1,51.8,34.6109988,17.189001199999996,,
2025-05-24 17:00:00,blended,AE operation,AE operation (blended),607.114,59.0,blended,0.607114,0.39288599999999996,607.114,392.88599999999997,0.0,,3.7396963479559537,1,51.8,31.4485052,20.351494799999998,,
2025-05-24 17:30:00,blended,AE operation,AE operation (blended),607.114,58.0,blended,0.607114,0.39288599999999996,607.114,392.88599999999997,0.0,,3.681953621645437,1,51.8,31.4485052,20.351494799999998,,
2025-05-24 18:00:00,blended,AE operation,AE operation (blended),577.722,57.0,blended,0.577722,0.42227800000000004,577.722,422.278,0.0,,3.8533815189041176,1,51.8,29.925999599999997,21.8740004,,
2025-05-24 18:30:00,blended,AE operation,AE operation (blended),577.722,55.0,blended,0.577722,0.42227800000000004,577.722,422.278,0.0,,3.747103684556869,1,51.8,29.925999599999997,21.8740004,,
2025-05-24 19:00:00,blended,AE operation,AE operation (blended),569.234,53.0,blended,0.569234,0.430766,569.234,430.76599999999996,0.0,,3.634414933757759,1,51.8,29.4863212,22.313678799999998,,
2025-05-24 19:30:00,blended,AE operation,AE operation (blended),569.234,51.0,blended,0.569234,0.430766,569.234,430.76599999999996,0.0,,3.4476347116282025,1,51.8,29.4863212,22.313678799999998,,
2025-05-24 20:00:00,blended,AE operation,AE operation (blended),562.288,52.0,blended,0.562288,0.437712,562.288,437.712,0.0,,3.5072026197466157,1,51.8,29.1265184,22.6734816,,
2025-05-24 20:30:00,blended,AE operation,AE operation (blended),562.288,52.0,blended,0.562288,0.437712,562.288,437.712,0.0,,3.4885086214050265,1,51.8,29.1265184,22.6734816,,
2025-05-24 21:00:00,blended,AE operation,AE operation (blended),565.792,52.0,blended,0.5657920000000001,0.4342079999999999,565.792,434.2079999999999,0.0,,3.3521621163605304,1,51.8,29.3080256,22.491974399999997,,
2025-05-24 21:30:00,blended,AE operation,AE operation (blended),565.792,49.0,blended,0.5657920000000001,0.4342079999999999,565.792,434.2079999999999,0.0,,3.240803656211862,1,51.8,29.3080256,22.491974399999997,,
2025-05-24 22:00:00,blended,AE operation,AE operation (blended),597.825,48.0,blended,0.597825,0.40217499999999995,597.825,402.17499999999995,0.0,,2.894210986928744,1,51.8,30.967335000000002,20.832664999999995,,
2025-05-24 22:30:00,blended,AE operation,AE operation (blended),597.825,49.0,blended,0.597825,0.40217499999999995,597.825,402.17499999999995,0.0,,2.851049838423913,1,51.8,30.967335000000002,20.832664999999995,,
2025-05-24 23:00:00,blended,AE operation,AE operation (blended),625.513,48.0,blended,0.625513,0.374487,625.513,374.487,0.0,,2.3646362113731945,1,51.8,32.4015734,19.3984266,,
2025-05-24 23:30:00,blended,AE operation,AE operation (blended),625.513,49.0,blended,0.625513,0.374487,625.513,374.487,0.0,,2.3196817086976025,1,51.8,32.4015734,19.3984266,,
2025-06-16 00:00:00,blended,AE operation,AE operation (blended),312.738,71.0,blended,0.312738,0.687262,312.738,687.2620000000001,0.0,,5.4551048337391075,1,51.8,16.1998284,35.6001716,,
2025-06-16 00:30:00,blended,AE operation,AE operation (blended),312.738,74.0,blended,0.312738,0.687262,312.738,687.2620000000001,0.0,,6.160775698570931,1,51.8,16.1998284,35.6001716,,
2025-06-16 01:00:00,blended,AE operation,AE operation (blended),272.728,78.0,blended,0.272728,0.7272719999999999,272.728,727.2719999999999,0.0,,6.701974569184276,1,51.8,14.1273104,37.67268959999999,,
2025-06-16 01:30:00,blended,AE operation,AE operation (blended),272.728,75.0,blended,0.272728,0.7272719999999999,272.728,727.2719999999999,0.0,,6.069114779778904,1,51.8,14.1273104,37.67268959999999,,
2025-06-16 02:00:00,blended,AE operation,AE operation (blended),225.223,72.0,blended,0.225223,0.774777,225.223,774.777,0.0,,6.063574512509377,1,51.8,11.6665514,40.1334486,,
2025-06-16 02:30:00,blended,AE operation,AE operation (blended),225.223,78.0,blended,0.225223,0.774777,225.223,774.777,0.0,,6.847222119384382,1,51.8,11.6665514,40.1334486,,
2025-06-16 03:00:00,blended,AE operation,AE operation (blended),177.658,85.0,blended,0.17765799999999998,0.822342,177.658,822.342,0.0,,7.857452082124687,1,51.8,9.202684399999999,42.5973156,,
2025-06-16 03:30:00,blended,AE operation,AE operation (blended),177.658,86.0,blended,0.17765799999999998,0.822342,177.658,822.342,0.0,,7.822794003871816,1,51.8,9.202684399999999,42.5973156,,
2025-06-16 04:00:00,blended,AE operation,AE operation (blended),134.161,89.0,blended,0.134161,0.865839,134.161,865.839,0.0,,8.210487685568513,1,51.8,6.9495398,44.8504602,,
2025-06-16 04:30:00,blended,AE operation,AE operation (blended),134.161,98.0,blended,0.134161,0.865839,134.161,865.839,0.0,,8.867977607905726,1,51.8,6.9495398,44.8504602,,
2025-06-16 05:00:00,blended,AE operation,AE operation (blended),73.276,104.0,blended,0.073276,0.926724,73.276,926.724,0.0,,10.00899814849777,1,51.8,3.7956967999999995,48.004303199999995,,
2025-06-16 05:30:00,blended,AE operation,AE operation (blended),73.276,113.0,blended,0.073276,0.926724,73.276,926.724,0.0,,11.773457972127387,1,51.8,3.7956967999999995,48.004303199999995,,
2025-06-16 06:00:00,blended,AE operation,AE operation (blended),42.217,112.0,blended,0.042217,0.957783,42.217,957.783,0.0,,11.387710834394733,1,51.8,2.1868405999999996,49.6131594,,
2025-06-16 06:30:00,blended,AE operation,AE operation (blended),42.217,113.0,blended,0.042217,0.957783,42.217,957.783,0.0,,12.182573973957311,1,51.8,2.1868405999999996,49.6131594,,
2025-06-16 07:00:00,blended,AE operation,AE operation (blended),36.666,111.0,blended,0.036666,0.963334,36.666,963.3340000000001,0.0,,11.666599886361936,1,51.8,1.8992987999999997,49.9007012,,
2025-06-16 07:30:00,blended,AE operation,AE operation (blended),36.666,108.0,blended,0.036666,0.963334,36.666,963.3340000000001,0.0,,11.190185375447642,1,51.8,1.8992987999999997,49.9007012,,
2025-06-16 08:00:00,blended,AE operation,AE operation (blended),35.187,106.0,blended,0.035186999999999996,0.964813,35.187,964.813,0.0,,10.84492923249227,1,51.8,1.8226865999999997,49.9773134,,
2025-06-16 08:30:00,blended,AE operation,AE operation (blended),35.187,99.0,blended,0.035186999999999996,0.964813,35.187,964.813,0.0,,10.228843776407247,1,51.8,1.8226865999999997,49.9773134,,
2025-06-16 09:00:00,blended,AE operation,AE operation (blended),33.213,96.0,blended,0.033213,0.966787,33.213,966.7869999999999,0.0,,10.07619145959589,1,51.8,1.7204334,50.07956659999999,,
2025-06-16 09:30:00,blended,AE operation,AE operation (blended),33.213,92.0,blended,0.033213,0.966787,33.213,966.7869999999999,0.0,,9.660774022810036,1,51.8,1.7204334,50.07956659999999,,
2025-06-16 10:00:00,blended,AE operation,AE operation (blended),33.2,90.0,blended,0.0332,0.9668,33.2,966.8,0.0,,9.45579509901499,1,51.8,1.71976,50.080239999999996,,
2025-06-16 10:30:00,blended,AE operation,AE operation (blended),33.2,84.0,blended,0.0332,0.9668,33.2,966.8,0.0,,9.085332545414916,1,51.8,1.71976,50.080239999999996,,
2025-06-16 11:00:00,blended,AE operation,AE operation (blended),35.633,77.0,blended,0.035633000000000005,0.964367,35.633,964.367,0.0,,8.649309208220506,1,51.8,1.8457894000000001,49.954210599999996,,
2025-06-16 11:30:00,blended,AE operation,AE operation (blended),35.633,71.0,blended,0.035633000000000005,0.964367,35.633,964.367,0.0,,8.197579584566284,1,51.8,1.8457894000000001,49.954210599999996,,
2025-06-16 12:00:00,blended,AE operation,AE operation (blended),42.368,64.0,blended,0.042368,0.957632,42.368,957.6320000000001,0.0,,7.7292849241059525,1,51.8,2.1946624,49.6053376,,
2025-06-16 12:30:00,blended,AE operation,AE operation (blended),42.368,58.0,blended,0.042368,0.957632,42.368,957.6320000000001,0.0,,7.112503053140181,1,51.8,2.1946624,49.6053376,,
2025-06-16 13:00:00,blended,AE operation,AE operation (blended),52.746,57.0,blended,0.052746,0.947254,52.746,947.254,0.0,,7.248044998595075,1,51.8,2.7322428,49.0677572,,
2025-06-16 13:30:00,blended,AE operation,AE operation (blended),52.746,57.0,blended,0.052746,0.947254,52.746,947.254,0.0,,7.308287898907057,1,51.8,2.7322428,49.0677572,,
2025-06-16 14:00:00,blended,AE operation,AE operation (blended),63.398,55.0,blended,0.06339800000000001,0.9366019999999999,63.39800000000001,936.602,0.0,,7.054918374857776,1,51.8,3.2840164000000005,48.51598359999999,,
2025-06-16 14:30:00,blended,AE operation,AE operation (blended),63.398,56.0,blended,0.06339800000000001,0.9366019999999999,63.39800000000001,936.602,0.0,,7.008497018800433,1,51.8,3.2840164000000005,48.51598359999999,,
2025-06-16 15:00:00,blended,AE operation,AE operation (blended),72.426,59.0,blended,0.072426,0.927574,72.426,927.574,0.0,,7.050316968169536,1,51.8,3.7516668,48.048333199999995,,
2025-06-16 15:30:00,blended,AE operation,AE operation (blended),72.426,66.0,blended,0.072426,0.927574,72.426,927.574,0.0,,7.637909310461652,1,51.8,3.7516668,48.048333199999995,,
2025-06-16 16:00:00,blended,AE operation,AE operation (blended),79.69,76.0,blended,0.07969,0.92031,79.69,920.31,0.0,,8.526292075366712,1,51.8,4.127942,47.67205799999999,,
2025-06-16 16:30:00,blended,AE operation,AE operation (blended),79.69,89.0,blended,0.07969,0.92031,79.69,920.31,0.0,,9.096048343606457,1,51.8,4.127942,47.67205799999999,,
2025-06-16 17:00:00,blended,AE operation,AE operation (blended),89.167,111.0,blended,0.089167,0.910833,89.167,910.833,0.0,,10.919005456877148,1,51.8,4.618850599999999,47.181149399999995,,
2025-06-16 17:30:00,blended,AE operation,AE operation (blended),89.167,122.0,blended,0.089167,0.910833,89.167,910.833,0.0,,11.44938238271851,1,51.8,4.618850599999999,47.181149399999995,,
2025-06-16 18:00:00,blended,AE operation,AE operation (blended),112.155,131.0,blended,0.112155,0.887845,112.155,887.845,0.0,,12.780941658123783,1,51.8,5.809629,45.990370999999996,,
2025-06-16 18:30:00,blended,AE operation,AE operation (blended),112.155,137.0,blended,0.112155,0.887845,112.155,887.845,0.0,,13.06981012198769,1,51.8,5.809629,45.990370999999996,,
2025-06-16 19:00:00,blended,AE operation,AE operation (blended),169.307,134.0,blended,0.16930699999999999,0.830693,169.307,830.693,0.0,,11.50439808890894,1,51.8,8.7701026,43.029897399999996,,
2025-06-16 19:30:00,blended,AE operation,AE operation (blended),169.307,133.0,blended,0.16930699999999999,0.830693,169.307,830.693,0.0,,10.863242015890041,1,51.8,8.7701026,43.029897399999996,,
2025-06-16 20:00:00,blended,AE operation,AE operation (blended),250.058,135.0,blended,0.250058,0.749942,250.058,749.942,0.0,,9.818524691115604,1,51.8,12.9530044,38.8469956,,
2025-06-16 20:30:00,blended,AE operation,AE operation (blended),250.058,130.0,blended,0.250058,0.749942,250.058,749.942,0.0,,9.360559864797548,1,51.8,12.9530044,38.8469956,,
2025-06-16 21:00:00,blended,AE operation,AE operation (blended),307.996,119.0,blended,0.307996,0.6920040000000001,307.996,692.004,0.0,,7.735804405915222,1,51.8,15.9541928,35.8458072,,
2025-06-16 21:30:00,blended,AE operation,AE operation (blended),307.996,107.0,blended,0.307996,0.6920040000000001,307.996,692.004,0.0,,7.074006570466398,1,51.8,15.9541928,35.8458072,,
2025-06-16 22:00:00,blended,AE operation,AE operation (blended),331.57,93.0,blended,0.33157,0.6684300000000001,331.57,668.4300000000001,0.0,,6.251459378149284,1,51.8,17.175326,34.624674,,
2025-06-16 22:30:00,blended,AE operation,AE operation (blended),331.57,80.0,blended,0.33157,0.6684300000000001,331.57,668.4300000000001,0.0,,5.49048830954996,1,51.8,17.175326,34.624674,,
2025-06-16 23:00:00,blended,AE operation,AE operation (blended),328.616,78.0,blended,0.32861599999999996,0.671384,328.616,671.384,0.0,,5.556200579620709,1,51.8,17.022308799999998,34.7776912,,
2025-06-16 23:30:00,blended,AE operation,AE operation (blended),328.616,74.0,blended,0.32861599999999996,0.671384,328.616,671.384,0.0,,5.191607003350341,1,51.8,17.022308799999998,34.7776912,,
2025-07-05 00:00:00,blended,AE operation,AE operation (blended),556.012,74.0,blended,0.556012,0.44398800000000005,556.012,443.98800000000006,0.0,,3.5245784490332848,1,51.8,28.801421599999998,22.9985784,,
2025-07-05 00:30:00,blended,AE operation,AE operation (blended),556.012,77.0,blended,0.556012,0.44398800000000005,556.012,443.98800000000006,0.0,,3.694961435814755,1,51.8,28.801421599999998,22.9985784,,
2025-07-05 01:00:00,blended,AE operation,AE operation (blended),548.195,76.0,blended,0.5481950000000001,0.4518049999999999,548.195,451.8049999999999,0.0,,3.7060351688719,1,51.8,28.396501000000004,23.403498999999993,,
2025-07-05 01:30:00,blended,AE operation,AE operation (blended),548.195,72.0,blended,0.5481950000000001,0.4518049999999999,548.195,451.8049999999999,0.0,,3.5212287264907336,1,51.8,28.396501000000004,23.403498999999993,,
2025-07-05 02:00:00,blended,AE operation,AE operation (blended),531.704,70.0,blended,0.531704,0.46829600000000005,531.704,468.29600000000005,0.0,,3.5338702878987736,1,51.8,27.542267199999998,24.2577328,,
2025-07-05 02:30:00,blended,AE operation,AE operation (blended),531.704,65.0,blended,0.531704,0.46829600000000005,531.704,468.29600000000005,0.0,,3.3188322174926568,1,51.8,27.542267199999998,24.2577328,,
2025-07-05 03:00:00,blended,AE operation,AE operation (blended),511.845,69.0,blended,0.511845,0.488155,511.84499999999997,488.15500000000003,0.0,,3.5989812600927613,1,51.8,26.513571,25.286429,,
2025-07-05 03:30:00,blended,AE operation,AE operation (blended),511.845,69.0,blended,0.511845,0.488155,511.84499999999997,488.15500000000003,0.0,,3.57757667868393,1,51.8,26.513571,25.286429,,
2025-07-05 04:00:00,blended,AE operation,AE operation (blended),484.825,67.0,blended,0.484825,0.5151749999999999,484.825,515.175,0.0,,3.7378667893698476,1,51.8,25.113934999999998,26.686064999999996,,
2025-07-05 04:30:00,blended,AE operation,AE operation (blended),484.825,69.0,blended,0.484825,0.5151749999999999,484.825,515.175,0.0,,3.9305444036371338,1,51.8,25.113934999999998,26.686064999999996,,
2025-07-05 05:00:00,blended,AE operation,AE operation (blended),486.928,73.0,blended,0.48692799999999997,0.513072,486.928,513.072,0.0,,4.340590673535357,1,51.8,25.222870399999998,26.577129599999996,,
2025-07-05 05:30:00,blended,AE operation,AE operation (blended),486.928,73.0,blended,0.48692799999999997,0.513072,486.928,513.072,0.0,,4.625676938783217,1,51.8,25.222870399999998,26.577129599999996,,
2025-07-05 06:00:00,blended,AE operation,AE operation (blended),573.754,55.0,blended,0.573754,0.426246,573.754,426.24600000000004,0.0,,3.099022414097426,1,51.8,29.7204572,22.0795428,,
2025-07-05 06:30:00,blended,AE operation,AE operation (blended),573.754,52.0,blended,0.573754,0.426246,573.754,426.24600000000004,0.0,,3.0173712930578853,1,51.8,29.7204572,22.0795428,,
2025-07-05 07:00:00,blended,AE operation,AE operation (blended),621.627,47.0,blended,0.6216269999999999,0.37837300000000007,621.627,378.37300000000005,0.0,,2.6541091151251397,1,51.8,32.2002786,19.599721400000004,,
2025-07-05 07:30:00,blended,AE operation,AE operation (blended),621.627,42.0,blended,0.6216269999999999,0.37837300000000007,621.627,378.37300000000005,0.0,,2.5751505801113654,1,51.8,32.2002786,19.599721400000004,,
2025-07-05 08:00:00,blended,AE operation,AE operation (blended),638.093,40.0,blended,0.6380929999999999,0.3619070000000001,638.093,361.9070000000001,0.0,,2.5319234138703335,1,51.8,33.053217399999994,18.746782600000003,,
2025-07-05 08:30:00,blended,AE operation,AE operation (blended),638.093,41.0,blended,0.6380929999999999,0.3619070000000001,638.093,361.9070000000001,0.0,,2.587475988520024,1,51.8,33.053217399999994,18.746782600000003,,
2025-07-05 09:00:00,blended,AE operation,AE operation (blended),644.093,43.0,blended,0.6440929999999999,0.3559070000000001,644.093,355.9070000000001,0.0,,2.600752512505389,1,51.8,33.364017399999994,18.435982600000003,,
2025-07-05 09:30:00,blended,AE operation,AE operation (blended),644.093,45.0,blended,0.6440929999999999,0.3559070000000001,644.093,355.9070000000001,0.0,,2.8314223391729847,1,51.8,33.364017399999994,18.435982600000003,,
2025-07-05 10:00:00,blended,AE operation,AE operation (blended),649.387,47.0,blended,0.6493869999999999,0.35061300000000006,649.387,350.61300000000006,0.0,,2.9698952142129875,1,51.8,33.638246599999995,18.161753400000002,,
2025-07-05 10:30:00,blended,AE operation,AE operation (blended),649.387,49.0,blended,0.6493869999999999,0.35061300000000006,649.387,350.61300000000006,0.0,,3.0849333203970803,1,51.8,33.638246599999995,18.161753400000002,,
2025-07-05 11:00:00,blended,AE operation,AE operation (blended),649.32,47.0,blended,0.64932,0.35068,649.32,350.68,0.0,,2.925965278830535,1,51.8,33.634775999999995,18.165224,,
2025-07-05 11:30:00,blended,AE operation,AE operation (blended),649.32,46.0,blended,0.64932,0.35068,649.32,350.68,0.0,,2.9899303144752913,1,51.8,33.634775999999995,18.165224,,
2025-07-05 12:00:00,blended,AE operation,AE operation (blended),673.22,44.0,blended,0.67322,0.32677999999999996,673.22,326.78,0.0,,2.6521926371756472,1,51.8,34.872796,16.927203999999996,,
2025-07-05 12:30:00,blended,AE operation,AE operation (blended),673.22,45.0,blended,0.67322,0.32677999999999996,673.22,326.78,0.0,,2.530852065211847,1,51.8,34.872796,16.927203999999996,,
2025-07-05 13:00:00,blended,AE operation,AE operation (blended),706.717,44.0,blended,0.706717,0.29328299999999996,706.717,293.28299999999996,0.0,,2.301282418464628,1,51.8,36.6079406,15.192059399999998,,
2025-07-05 13:30:00,blended,AE operation,AE operation (blended),706.717,46.0,blended,0.706717,0.29328299999999996,706.717,293.28299999999996,0.0,,2.3522762271888,1,51.8,36.6079406,15.192059399999998,,
2025-07-05 14:00:00,blended,AE operation,AE operation (blended),731.814,45.0,blended,0.731814,0.26818600000000004,731.814,268.18600000000004,0.0,,2.2592137518526627,1,51.8,37.9079652,13.892034800000001,,
2025-07-05 14:30:00,blended,AE operation,AE operation (blended),731.814,46.0,blended,0.731814,0.26818600000000004,731.814,268.18600000000004,0.0,,2.3152981966792527,1,51.8,37.9079652,13.892034800000001,,
2025-07-05 15:00:00,blended,AE operation,AE operation (blended),743.85,46.0,blended,0.74385,0.25615,743.85,256.15,0.0,,2.289832661182719,1,51.8,38.53143,13.268569999999999,,
2025-07-05 15:30:00,blended,AE operation,AE operation (blended),743.85,44.0,blended,0.74385,0.25615,743.85,256.15,0.0,,2.2122244939735545,1,51.8,38.53143,13.268569999999999,,
2025-07-05 16:00:00,blended,AE operation,AE operation (blended),731.726,45.0,blended,0.731726,0.268274,731.726,268.274,0.0,,2.3088603011217432,1,51.8,37.9034068,13.8965932,,
2025-07-05 16:30:00,blended,AE operation,AE operation (blended),731.726,51.0,blended,0.731726,0.268274,731.726,268.274,0.0,,2.53788529436214,1,51.8,37.9034068,13.8965932,,
2025-07-05 17:00:00,blended,AE operation,AE operation (blended),684.305,54.0,blended,0.6843049999999999,0.31569500000000006,684.305,315.69500000000005,0.0,,2.966268636178376,1,51.8,35.446999,16.353001000000003,,
2025-07-05 17:30:00,blended,AE operation,AE operation (blended),684.305,62.0,blended,0.6843049999999999,0.31569500000000006,684.305,315.69500000000005,0.0,,3.247826153085858,1,51.8,35.446999,16.353001000000003,,
2025-07-05 18:00:00,blended,AE operation,AE operation (blended),583.78,60.0,blended,0.58378,0.41622000000000003,583.78,416.22,0.0,,3.730460504478066,1,51.8,30.239803999999996,21.560196,,
2025-07-05 18:30:00,blended,AE operation,AE operation (blended),583.78,65.0,blended,0.58378,0.41622000000000003,583.78,416.22,0.0,,3.890282147915238,1,51.8,30.239803999999996,21.560196,,
2025-07-05 19:00:00,blended,AE operation,AE operation (blended),503.385,73.0,blended,0.503385,0.49661500000000003,503.385,496.615,0.0,,5.069614410759949,1,51.8,26.075342999999997,25.724657,,
2025-07-05 19:30:00,blended,AE operation,AE operation (blended),503.385,74.0,blended,0.503385,0.49661500000000003,503.385,496.615,0.0,,5.125296782139558,1,51.8,26.075342999999997,25.724657,,
2025-07-05 20:00:00,blended,AE operation,AE operation (blended),456.659,87.0,blended,0.456659,0.5433410000000001,456.659,543.3410000000001,0.0,,6.631038413847462,1,51.8,23.654936199999998,28.145063800000003,,
2025-07-05 20:30:00,blended,AE operation,AE operation (blended),456.659,91.0,blended,0.456659,0.5433410000000001,456.659,543.3410000000001,0.0,,6.801990638013412,1,51.8,23.654936199999998,28.145063800000003,,
2025-07-05 21:00:00,blended,AE operation,AE operation (blended),429.919,87.0,blended,0.429919,0.5700810000000001,429.919,570.081,0.0,,6.429583236957911,1,51.8,22.2698042,29.5301958,,
2025-07-05 21:30:00,blended,AE operation,AE operation (blended),429.919,83.0,blended,0.429919,0.5700810000000001,429.919,570.081,0.0,,5.980472021041389,1,51.8,22.2698042,29.5301958,,
2025-07-05 22:00:00,blended,AE operation,AE operation (blended),382.471,74.0,blended,0.382471,0.617529,382.471,617.529,0.0,,5.922963653242415,1,51.8,19.8119978,31.988002199999997,,
2025-07-05 22:30:00,blended,AE operation,AE operation (blended),382.471,72.0,blended,0.382471,0.617529,382.471,617.529,0.0,,5.994185495961429,1,51.8,19.8119978,31.988002199999997,,
2025-07-05 23:00:00,blended,AE operation,AE operation (blended),338.036,75.0,blended,0.338036,0.661964,338.036,661.9639999999999,0.0,,6.074142959627756,1,51.8,17.510264799999998,34.289735199999996,,
2025-07-05 23:30:00,blended,AE operation,AE operation (blended),338.036,69.0,blended,0.338036,0.661964,338.036,661.9639999999999,0.0,,5.700967661731555,1,51.8,17.510264799999998,34.289735199999996,,
2025-07-10 00:00:00,blended,AE operation,AE operation (blended),104.754,172.0,blended,0.104754,0.895246,104.754,895.246,0.0,,13.60526915734385,1,51.8,5.426257199999999,46.373742799999995,,
2025-07-10 00:30:00,blended,AE operation,AE operation (blended),104.754,174.0,blended,0.104754,0.895246,104.754,895.246,0.0,,13.767686653577712,1,51.8,5.426257199999999,46.373742799999995,,
2025-07-10 01:00:00,blended,AE operation,AE operation (blended),158.248,175.0,blended,0.158248,0.8417520000000001,158.248,841.7520000000001,0.0,,13.16426106095225,1,51.8,8.1972464,43.6027536,,
2025-07-10 01:30:00,blended,AE operation,AE operation (blended),158.248,172.0,blended,0.158248,0.8417520000000001,158.248,841.7520000000001,0.0,,12.904542023764602,1,51.8,8.1972464,43.6027536,,
2025-07-10 02:00:00,blended,AE operation,AE operation (blended),207.594,174.0,blended,0.207594,0.7924059999999999,207.594,792.406,0.0,,12.302923156378828,1,51.8,10.7533692,41.046630799999996,,
2025-07-10 02:30:00,blended,AE operation,AE operation (blended),207.594,174.0,blended,0.207594,0.7924059999999999,207.594,792.406,0.0,,12.26580013763827,1,51.8,10.7533692,41.046630799999996,,
2025-07-10 03:00:00,blended,AE operation,AE operation (blended),234.38,177.0,blended,0.23438,0.76562,234.38,765.62,0.0,,11.92698630045376,1,51.8,12.140884,39.659116,,
2025-07-10 03:30:00,blended,AE operation,AE operation (blended),234.38,173.0,blended,0.23438,0.76562,234.38,765.62,0.0,,11.674022716326986,1,51.8,12.140884,39.659116,,
2025-07-10 04:00:00,blended,AE operation,AE operation (blended),214.171,174.0,blended,0.214171,0.785829,214.171,785.829,0.0,,11.942901094085254,1,51.8,11.0940578,40.705942199999996,,
2025-07-10 04:30:00,blended,AE operation,AE operation (blended),214.171,174.0,blended,0.214171,0.785829,214.171,785.829,0.0,,11.9812082345703,1,51.8,11.0940578,40.705942199999996,,
2025-07-10 05:00:00,blended,AE operation,AE operation (blended),111.794,169.0,blended,0.11179399999999999,0.888206,111.794,888.206,0.0,,13.618415604644714,1,51.8,5.790929199999999,46.0090708,,
2025-07-10 05:30:00,blended,AE operation,AE operation (blended),111.794,170.0,blended,0.11179399999999999,0.888206,111.794,888.206,0.0,,14.753761297418107,1,51.8,5.790929199999999,46.0090708,,
2025-07-10 06:00:00,blended,AE operation,AE operation (blended),53.781,162.0,blended,0.053780999999999995,0.946219,53.781,946.219,0.0,,14.837715253477214,1,51.8,2.7858557999999998,49.0141442,,
2025-07-10 06:30:00,blended,AE operation,AE operation (blended),53.781,158.0,blended,0.053780999999999995,0.946219,53.781,946.219,0.0,,14.80141482553974,1,51.8,2.7858557999999998,49.0141442,,
2025-07-10 07:00:00,blended,AE operation,AE operation (blended),46.274,150.0,blended,0.046274,0.953726,46.274,953.726,0.0,,13.570377786195804,1,51.8,2.3969932,49.40300679999999,,
2025-07-10 07:30:00,blended,AE operation,AE operation (blended),46.274,142.0,blended,0.046274,0.953726,46.274,953.726,0.0,,13.009817182440743,1,51.8,2.3969932,49.40300679999999,,
2025-07-10 08:00:00,blended,AE operation,AE operation (blended),42.707,135.0,blended,0.042707,0.957293,42.707,957.2929999999999,0.0,,12.327281040886364,1,51.8,2.2122226,49.58777739999999,,
2025-07-10 08:30:00,blended,AE operation,AE operation (blended),42.707,128.0,blended,0.042707,0.957293,42.707,957.2929999999999,0.0,,11.985386486562254,1,51.8,2.2122226,49.58777739999999,,
2025-07-10 09:00:00,blended,AE operation,AE operation (blended),50.036,120.0,blended,0.050036000000000004,0.949964,50.036,949.964,0.0,,11.53913641216923,1,51.8,2.5918648,49.2081352,,
2025-07-10 09:30:00,blended,AE operation,AE operation (blended),50.036,118.0,blended,0.050036000000000004,0.949964,50.036,949.964,0.0,,11.139938408584362,1,51.8,2.5918648,49.2081352,,
2025-07-10 10:00:00,blended,AE operation,AE operation (blended),54.553,114.0,blended,0.054553,0.945447,54.553,945.447,0.0,,10.696385286547445,1,51.8,2.8258453999999995,48.9741546,,
2025-07-10 10:30:00,blended,AE operation,AE operation (blended),54.553,110.0,blended,0.054553,0.945447,54.553,945.447,0.0,,10.553929642178208,1,51.8,2.8258453999999995,48.9741546,,
2025-07-10 11:00:00,blended,AE operation,AE operation (blended),57.675,105.0,blended,0.057675,0.942325,57.675,942.3249999999999,0.0,,10.577586530834251,1,51.8,2.9875649999999996,48.812434999999994,,
2025-07-10 11:30:00,blended,AE operation,AE operation (blended),57.675,105.0,blended,0.057675,0.942325,57.675,942.3249999999999,0.0,,10.387423568472961,1,51.8,2.9875649999999996,48.812434999999994,,
2025-07-10 12:00:00,blended,AE operation,AE operation (blended),59.23,103.0,blended,0.05923,0.94077,59.23,940.77,0.0,,10.369969268945027,1,51.8,3.0681139999999996,48.731885999999996,,
2025-07-10 12:30:00,blended,AE operation,AE operation (blended),59.23,102.0,blended,0.05923,0.94077,59.23,940.77,0.0,,10.25316545658978,1,51.8,3.0681139999999996,48.731885999999996,,
2025-07-10 13:00:00,blended,AE operation,AE operation (blended),61.815,103.0,blended,0.061814999999999995,0.938185,61.815,938.1850000000001,0.0,,10.233248508528696,1,51.8,3.2020169999999997,48.597983,,
2025-07-10 13:30:00,blended,AE operation,AE operation (blended),61.815,104.0,blended,0.061814999999999995,0.938185,61.815,938.1850000000001,0.0,,10.4644451818878,1,51.8,3.2020169999999997,48.597983,,
2025-07-10 14:00:00,blended,AE operation,AE operation (blended),66.565,107.0,blended,0.066565,0.933435,66.565,933.4350000000001,0.0,,10.621485015943158,1,51.8,3.4480669999999995,48.351932999999995,,
2025-07-10 14:30:00,blended,AE operation,AE operation (blended),66.565,113.0,blended,0.066565,0.933435,66.565,933.4350000000001,0.0,,11.355606254868452,1,51.8,3.4480669999999995,48.351932999999995,,
2025-07-10 15:00:00,blended,AE operation,AE operation (blended),67.561,118.0,blended,0.06756100000000001,0.932439,67.561,932.439,0.0,,11.713809781015058,1,51.8,3.4996598000000003,48.3003402,,
2025-07-10 15:30:00,blended,AE operation,AE operation (blended),67.561,126.0,blended,0.06756100000000001,0.932439,67.561,932.439,0.0,,12.016613447216294,1,51.8,3.4996598000000003,48.3003402,,
2025-07-10 16:00:00,blended,AE operation,AE operation (blended),67.296,145.0,blended,0.06729600000000001,0.932704,67.296,932.704,0.0,,13.189206541384447,1,51.8,3.4859328,48.3140672,,
2025-07-10 16:30:00,blended,AE operation,AE operation (blended),67.296,159.0,blended,0.06729600000000001,0.932704,67.296,932.704,0.0,,14.090772828017647,1,51.8,3.4859328,48.3140672,,
2025-07-10 17:00:00,blended,AE operation,AE operation (blended),71.839,175.0,blended,0.071839,0.928161,71.839,928.1610000000001,0.0,,15.505951049438512,1,51.8,3.7212601999999997,48.0787398,,
2025-07-10 17:30:00,blended,AE operation,AE operation (blended),71.839,183.0,blended,0.071839,0.928161,71.839,928.1610000000001,0.0,,16.792250040900974,1,51.8,3.7212601999999997,48.0787398,,
2025-07-10 18:00:00,blended,AE operation,AE operation (blended),110.051,190.0,blended,0.110051,0.889949,110.051,889.949,0.0,,16.70777755657754,1,51.8,5.7006418,46.0993582,,
2025-07-10 18:30:00,blended,AE operation,AE operation (blended),110.051,196.0,blended,0.110051,0.889949,110.051,889.949,0.0,,16.832019503939915,1,51.8,5.7006418,46.0993582,,
2025-07-10 19:00:00,blended,AE operation,AE operation (blended),191.759,201.0,blended,0.19175899999999999,0.808241,191.759,808.241,0.0,,15.883820319634646,1,51.8,9.933116199999999,41.8668838,,
2025-07-10 19:30:00,blended,AE operation,AE operation (blended),191.759,201.0,blended,0.19175899999999999,0.808241,191.759,808.241,0.0,,15.700636465447731,1,51.8,9.933116199999999,41.8668838,,
2025-07-10 20:00:00,blended,AE operation,AE operation (blended),274.135,201.0,blended,0.274135,0.725865,274.135,725.865,0.0,,13.827924992346356,1,51.8,14.200193,37.599807,,
2025-07-10 20:30:00,blended,AE operation,AE operation (blended),274.135,201.0,blended,0.274135,0.725865,274.135,725.865,0.0,,13.561754455213379,1,51.8,14.200193,37.599807,,
2025-07-10 21:00:00,blended,AE operation,AE operation (blended),291.316,203.0,blended,0.29131599999999996,0.7086840000000001,291.316,708.6840000000001,0.0,,13.249167194263036,1,51.8,15.090168799999997,36.7098312,,
2025-07-10 21:30:00,blended,AE operation,AE operation (blended),291.316,202.0,blended,0.29131599999999996,0.7086840000000001,291.316,708.6840000000001,0.0,,13.051612111406225,1,51.8,15.090168799999997,36.7098312,,
2025-07-10 22:00:00,blended,AE operation,AE operation (blended),269.588,199.0,blended,0.26958800000000005,0.730412,269.588,730.4119999999999,0.0,,13.277647921589919,1,51.8,13.964658400000001,37.83534159999999,,
2025-07-10 22:30:00,blended,AE operation,AE operation (blended),269.588,194.0,blended,0.26958800000000005,0.730412,269.588,730.4119999999999,0.0,,12.729357145089253,1,51.8,13.964658400000001,37.83534159999999,,
2025-07-10 23:00:00,blended,AE operation,AE operation (blended),253.359,193.0,blended,0.253359,0.746641,253.359,746.641,0.0,,12.90809681261557,1,51.8,13.123996199999999,38.6760038,,
2025-07-10 23:30:00,blended,AE operation,AE operation (blended),253.359,192.0,blended,0.253359,0.746641,253.359,746.641,0.0,,12.761347609806256,1,51.8,13.123996199999999,38.6760038,,
2025-09-29 00:00:00,blended,AE operation,AE operation (blended),208.874,237.0,blended,0.208874,0.791126,208.874,791.126,0.0,,15.031338772395847,1,51.8,10.8196732,40.9803268,,
2025-09-29 00:30:00,blended,AE operation,AE operation (blended),208.874,236.0,blended,0.208874,0.791126,208.874,791.126,0.0,,15.042802874403742,1,51.8,10.8196732,40.9803268,,
2025-09-29 01:00:00,blended,AE operation,AE operation (blended),216.967,234.0,blended,0.21696700000000002,0.783033,216.967,783.033,0.0,,14.822386407774612,1,51.8,11.238890600000001,40.5611094,,
2025-09-29 01:30:00,blended,AE operation,AE operation (blended),216.967,231.0,blended,0.21696700000000002,0.783033,216.967,783.033,0.0,,14.642881856811181,1,51.8,11.238890600000001,40.5611094,,
2025-09-29 02:00:00,blended,AE operation,AE operation (blended),223.067,229.0,blended,0.22306700000000002,0.776933,223.067,776.933,0.0,,14.569201394549799,1,51.8,11.554870600000001,40.245129399999996,,
2025-09-29 02:30:00,blended,AE operation,AE operation (blended),223.067,228.0,blended,0.22306700000000002,0.776933,223.067,776.933,0.0,,14.537770437091222,1,51.8,11.554870600000001,40.245129399999996,,
2025-09-29 03:00:00,blended,AE operation,AE operation (blended),212.646,229.0,blended,0.21264599999999997,0.787354,212.646,787.354,0.0,,14.972417252349704,1,51.8,11.015062799999997,40.784937199999995,,
2025-09-29 03:30:00,blended,AE operation,AE operation (blended),212.646,229.0,blended,0.21264599999999997,0.787354,212.646,787.354,0.0,,15.007783575403474,1,51.8,11.015062799999997,40.784937199999995,,
2025-09-29 04:00:00,blended,AE operation,AE operation (blended),187.909,235.0,blended,0.187909,0.812091,187.909,812.091,0.0,,15.974497457737058,1,51.8,9.7336862,42.066313799999996,,
2025-09-29 04:30:00,blended,AE operation,AE operation (blended),187.909,239.0,blended,0.187909,0.812091,187.909,812.091,0.0,,16.182562394076182,1,51.8,9.7336862,42.066313799999996,,
2025-09-29 05:00:00,blended,AE operation,AE operation (blended),157.483,244.0,blended,0.157483,0.842517,157.483,842.5169999999999,0.0,,17.112867189313413,1,51.8,8.1576194,43.642380599999996,,
2025-09-29 05:30:00,blended,AE operation,AE operation (blended),157.483,249.0,blended,0.157483,0.842517,157.483,842.5169999999999,0.0,,17.34192544233867,1,51.8,8.1576194,43.642380599999996,,
2025-09-29 06:00:00,blended,AE operation,AE operation (blended),125.811,245.0,blended,0.125811,0.874189,125.811,874.189,0.0,,18.0123296690377,1,51.8,6.5170098,45.2829902,,
2025-09-29 06:30:00,blended,AE operation,AE operation (blended),125.811,240.0,blended,0.125811,0.874189,125.811,874.189,0.0,,17.74374600713013,1,51.8,6.5170098,45.2829902,,
2025-09-29 07:00:00,blended,AE operation,AE operation (blended),66.502,233.0,blended,0.06650199999999999,0.933498,66.502,933.498,0.0,,18.02406950391132,1,51.8,3.4448035999999993,48.3551964,,
2025-09-29 07:30:00,blended,AE operation,AE operation (blended),66.502,221.0,blended,0.06650199999999999,0.933498,66.502,933.498,0.0,,17.266362996059108,1,51.8,3.4448035999999993,48.3551964,,
2025-09-29 08:00:00,blended,AE operation,AE operation (blended),31.911,209.0,blended,0.031911,0.968089,31.911,968.0889999999999,0.0,,16.940201303359263,1,51.8,1.6529898,50.1470102,,
2025-09-29 08:30:00,blended,AE operation,AE operation (blended),31.911,201.0,blended,0.031911,0.968089,31.911,968.0889999999999,0.0,,16.37541919016424,1,51.8,1.6529898,50.1470102,,
2025-09-29 09:00:00,blended,AE operation,AE operation (blended),29.183,186.0,blended,0.029183,0.970817,29.183,970.817,0.0,,15.763119360080294,1,51.8,1.5116794,50.2883206,,
2025-09-29 09:30:00,blended,AE operation,AE operation (blended),29.183,180.0,blended,0.029183,0.970817,29.183,970.817,0.0,,15.334779687019664,1,51.8,1.5116794,50.2883206,,
2025-09-29 10:00:00,blended,AE operation,AE operation (blended),31.458,171.0,blended,0.031458,0.968542,31.458,968.542,0.0,,14.528101033999397,1,51.8,1.6295244,50.170475599999996,,
2025-09-29 10:30:00,blended,AE operation,AE operation (blended),31.458,165.0,blended,0.031458,0.968542,31.458,968.542,0.0,,14.09721694256055,1,51.8,1.6295244,50.170475599999996,,
2025-09-29 11:00:00,blended,AE operation,AE operation (blended),37.751,161.0,blended,0.037751,0.962249,37.751,962.249,0.0,,13.688612083429295,1,51.8,1.9555018,49.8444982,,
2025-09-29 11:30:00,blended,AE operation,AE operation (blended),37.751,166.0,blended,0.037751,0.962249,37.751,962.249,0.0,,14.088347553525377,1,51.8,1.9555018,49.8444982,,
2025-09-29 12:00:00,blended,AE operation,AE operation (blended),45.698,172.0,blended,0.045698,0.954302,45.698,954.302,0.0,,14.333669561545333,1,51.8,2.3671564,49.4328436,,
2025-09-29 12:30:00,blended,AE operation,AE operation (blended),45.698,177.0,blended,0.045698,0.954302,45.698,954.302,0.0,,14.63206997517064,1,51.8,2.3671564,49.4328436,,
2025-09-29 13:00:00,blended,AE operation,AE operation (blended),51.851,189.0,blended,0.051851,0.948149,51.851,948.149,0.0,,15.574695783373373,1,51.8,2.6858817999999998,49.1141182,,
2025-09-29 13:30:00,blended,AE operation,AE operation (blended),51.851,197.0,blended,0.051851,0.948149,51.851,948.149,0.0,,15.828740425389801,1,51.8,2.6858817999999998,49.1141182,,
2025-09-29 14:00:00,blended,AE operation,AE operation (blended),53.168,208.0,blended,0.053168,0.946832,53.168,946.832,0.0,,16.701484628913725,1,51.8,2.7541024,49.045897599999996,,
2025-09-29 14:30:00,blended,AE operation,AE operation (blended),53.168,217.0,blended,0.053168,0.946832,53.168,946.832,0.0,,17.20445565291822,1,51.8,2.7541024,49.045897599999996,,
2025-09-29 15:00:00,blended,AE operation,AE operation (blended),50.989,228.0,blended,0.050989,0.949011,50.989,949.0110000000001,0.0,,17.989606091779272,1,51.8,2.6412302,49.1587698,,
2025-09-29 15:30:00,blended,AE operation,AE operation (blended),50.989,234.0,blended,0.050989,0.949011,50.989,949.0110000000001,0.0,,18.61064532233896,1,51.8,2.6412302,49.1587698,,
2025-09-29 16:00:00,blended,AE operation,AE operation (blended),54.832,234.0,blended,0.054832,0.945168,54.832,945.168,0.0,,19.474777499240854,1,51.8,2.8402976,48.9597024,,
2025-09-29 16:30:00,blended,AE operation,AE operation (blended),54.832,237.0,blended,0.054832,0.945168,54.832,945.168,0.0,,20.553155749312776,1,51.8,2.8402976,48.9597024,,
2025-09-29 17:00:00,blended,AE operation,AE operation (blended),63.581,237.0,blended,0.063581,0.936419,63.580999999999996,936.419,0.0,,20.91436967306757,1,51.8,3.2934957999999996,48.506504199999995,,
2025-09-29 17:30:00,blended,AE operation,AE operation (blended),63.581,238.0,blended,0.063581,0.936419,63.580999999999996,936.419,0.0,,20.952990860451624,1,51.8,3.2934957999999996,48.506504199999995,,
2025-09-29 18:00:00,blended,AE operation,AE operation (blended),71.049,244.0,blended,0.071049,0.928951,71.049,928.951,0.0,,20.214998492338545,1,51.8,3.6803382,48.119661799999996,,
2025-09-29 18:30:00,blended,AE operation,AE operation (blended),71.049,242.0,blended,0.071049,0.928951,71.049,928.951,0.0,,19.541846653588557,1,51.8,3.6803382,48.119661799999996,,
2025-09-29 19:00:00,blended,AE operation,AE operation (blended),72.721,239.0,blended,0.07272100000000001,0.927279,72.721,927.279,0.0,,18.70698235963446,1,51.8,3.7669478,48.03305219999999,,
2025-09-29 19:30:00,blended,AE operation,AE operation (blended),72.721,233.0,blended,0.07272100000000001,0.927279,72.721,927.279,0.0,,17.67529580952044,1,51.8,3.7669478,48.03305219999999,,
2025-09-29 20:00:00,blended,AE operation,AE operation (blended),67.479,227.0,blended,0.067479,0.932521,67.479,932.5210000000001,0.0,,17.646713981636402,1,51.8,3.4954121999999996,48.3045878,,
2025-09-29 20:30:00,blended,AE operation,AE operation (blended),67.479,218.0,blended,0.067479,0.932521,67.479,932.5210000000001,0.0,,16.698724073849434,1,51.8,3.4954121999999996,48.3045878,,
2025-09-29 21:00:00,blended,AE operation,AE operation (blended),58.616,208.0,blended,0.058616,0.941384,58.616,941.384,0.0,,16.371468375482543,1,51.8,3.0363088,48.7636912,,
2025-09-29 21:30:00,blended,AE operation,AE operation (blended),58.616,200.0,blended,0.058616,0.941384,58.616,941.384,0.0,,16.08068244354011,1,51.8,3.0363088,48.7636912,,
2025-09-29 22:00:00,blended,AE operation,AE operation (blended),50.565,190.0,blended,0.050565,0.949435,50.565,949.4350000000001,0.0,,15.191355403857017,1,51.8,2.619267,49.180733,,
2025-09-29 22:30:00,blended,AE operation,AE operation (blended),50.565,182.0,blended,0.050565,0.949435,50.565,949.4350000000001,0.0,,14.610349497579211,1,51.8,2.619267,49.180733,,
2025-09-29 23:00:00,blended,AE operation,AE operation (blended),42.262,180.0,blended,0.042262,0.957738,42.262,957.7379999999999,0.0,,14.386986991614346,1,51.8,2.1891716,49.610828399999995,,
2025-09-29 23:30:00,blended,AE operation,AE operation (blended),42.262,176.0,blended,0.042262,0.957738,42.262,957.7379999999999,0.0,,14.057284912831639,1,51.8,2.1891716,49.610828399999995,,
2025-10-26 00:00:00,blended,AE operation,AE operation (blended),444.253,64.0,blended,0.444253,0.555747,444.253,555.747,0.0,,3.758999462221296,1,51.8,23.0123054,28.7876946,,
2025-10-26 00:30:00,blended,AE operation,AE operation (blended),444.253,66.0,blended,0.444253,0.555747,444.253,555.747,0.0,,3.798318792789834,1,51.8,23.0123054,28.7876946,,
2025-10-26 01:00:00,blended,AE operation,AE operation (blended),419.57,62.0,blended,0.41957,0.58043,419.57,580.43,0.0,,3.7356280903720105,1,51.8,21.733725999999997,30.066274,,
2025-10-26 01:30:00,blended,AE operation,AE operation (blended),419.57,63.0,blended,0.41957,0.58043,419.57,580.43,0.0,,3.9861304297219315,1,51.8,21.733725999999997,30.066274,,
2025-10-26 02:00:00,blended,AE operation,AE operation (blended),438.187,67.0,blended,0.438187,0.561813,438.187,561.813,0.0,,3.941548455821065,1,51.8,22.6980866,29.101913399999997,,
2025-10-26 02:30:00,blended,AE operation,AE operation (blended),438.187,64.0,blended,0.438187,0.561813,438.187,561.813,0.0,,3.80877568505239,1,51.8,22.6980866,29.101913399999997,,
2025-10-26 03:00:00,blended,AE operation,AE operation (blended),433.416,63.0,blended,0.433416,0.566584,433.416,566.584,0.0,,3.642586806812716,1,51.8,22.4509488,29.349051199999998,,
2025-10-26 03:30:00,blended,AE operation,AE operation (blended),433.416,63.0,blended,0.433416,0.566584,433.416,566.584,0.0,,3.466428882308085,1,51.8,22.4509488,29.349051199999998,,
2025-10-26 04:00:00,blended,AE operation,AE operation (blended),407.311,56.0,blended,0.407311,0.592689,407.311,592.6890000000001,0.0,,3.470803603758945,1,51.8,21.098709799999998,30.7012902,,
2025-10-26 04:30:00,blended,AE operation,AE operation (blended),407.311,56.0,blended,0.407311,0.592689,407.311,592.6890000000001,0.0,,3.5492997596071665,1,51.8,21.098709799999998,30.7012902,,
2025-10-26 05:00:00,blended,AE operation,AE operation (blended),402.354,51.0,blended,0.402354,0.597646,402.354,597.646,0.0,,3.6000842718473716,1,51.8,20.841937199999997,30.9580628,,
2025-10-26 05:30:00,blended,AE operation,AE operation (blended),402.354,50.0,blended,0.402354,0.597646,402.354,597.646,0.0,,3.604821237276312,1,51.8,20.841937199999997,30.9580628,,
2025-10-26 06:00:00,blended,AE operation,AE operation (blended),422.319,63.0,blended,0.422319,0.577681,422.319,577.681,0.0,,3.723607745747438,1,51.8,21.8761242,29.923875799999998,,
2025-10-26 06:30:00,blended,AE operation,AE operation (blended),422.319,64.0,blended,0.422319,0.577681,422.319,577.681,0.0,,3.854273092129773,1,51.8,21.8761242,29.923875799999998,,
2025-10-26 07:00:00,blended,AE operation,AE operation (blended),407.28,71.0,blended,0.40728,0.59272,407.28,592.72,0.0,,3.9496162624081226,1,51.8,21.097103999999998,30.702896,,
2025-10-26 07:30:00,blended,AE operation,AE operation (blended),407.28,70.0,blended,0.40728,0.59272,407.28,592.72,0.0,,4.03274136302938,1,51.8,21.097103999999998,30.702896,,
2025-10-26 08:00:00,blended,AE operation,AE operation (blended),388.317,68.0,blended,0.388317,0.611683,388.317,611.683,0.0,,4.273641385821519,1,51.8,20.1148206,31.685179399999996,,
2025-10-26 08:30:00,blended,AE operation,AE operation (blended),388.317,65.0,blended,0.388317,0.611683,388.317,611.683,0.0,,4.218885242374034,1,51.8,20.1148206,31.685179399999996,,
2025-10-26 09:00:00,blended,AE operation,AE operation (blended),390.713,66.0,blended,0.39071300000000003,0.6092869999999999,390.713,609.2869999999999,0.0,,4.1627358568155595,1,51.8,20.2389334,31.561066599999993,,
2025-10-26 09:30:00,blended,AE operation,AE operation (blended),390.713,61.0,blended,0.39071300000000003,0.6092869999999999,390.713,609.2869999999999,0.0,,3.97394323203311,1,51.8,20.2389334,31.561066599999993,,
2025-10-26 10:00:00,blended,AE operation,AE operation (blended),419.307,61.0,blended,0.41930700000000004,0.5806929999999999,419.307,580.6929999999999,0.0,,3.9163504276655563,1,51.8,21.7201026,30.079897399999993,,
2025-10-26 10:30:00,blended,AE operation,AE operation (blended),419.307,63.0,blended,0.41930700000000004,0.5806929999999999,419.307,580.6929999999999,0.0,,4.004396307425067,1,51.8,21.7201026,30.079897399999993,,
2025-10-26 11:00:00,blended,AE operation,AE operation (blended),506.9,63.0,blended,0.5069,0.4931,506.90000000000003,493.09999999999997,0.0,,3.6818095062312364,1,51.8,26.25742,25.542579999999997,,
2025-10-26 11:30:00,blended,AE operation,AE operation (blended),506.9,65.0,blended,0.5069,0.4931,506.90000000000003,493.09999999999997,0.0,,3.6999059839417705,1,51.8,26.25742,25.542579999999997,,
2025-10-26 12:00:00,blended,AE operation,AE operation (blended),587.399,66.0,blended,0.587399,0.412601,587.399,412.601,0.0,,3.2967799988992614,1,51.8,30.4272682,21.372731799999997,,
2025-10-26 12:30:00,blended,AE operation,AE operation (blended),587.399,64.0,blended,0.587399,0.412601,587.399,412.601,0.0,,3.144786146942146,1,51.8,30.4272682,21.372731799999997,,
2025-10-26 13:00:00,blended,AE operation,AE operation (blended),610.22,65.0,blended,0.61022,0.38978,610.22,389.78000000000003,0.0,,2.9517786041910177,1,51.8,31.609395999999997,20.190604,,
2025-10-26 13:30:00,blended,AE operation,AE operation (blended),610.22,67.0,blended,0.61022,0.38978,610.22,389.78000000000003,0.0,,2.9702873177380487,1,51.8,31.609395999999997,20.190604,,
2025-10-26 14:00:00,blended,AE operation,AE operation (blended),615.32,70.0,blended,0.6153200000000001,0.3846799999999999,615.32,384.6799999999999,0.0,,3.047638616380738,1,51.8,31.873576000000003,19.926423999999994,,
2025-10-26 14:30:00,blended,AE operation,AE operation (blended),615.32,72.0,blended,0.6153200000000001,0.3846799999999999,615.32,384.6799999999999,0.0,,3.0009425298075145,1,51.8,31.873576000000003,19.926423999999994,,
2025-10-26 15:00:00,blended,AE operation,AE operation (blended),611.528,71.0,blended,0.6115280000000001,0.38847199999999993,611.528,388.4719999999999,0.0,,2.9580106610587755,1,51.8,31.677150400000002,20.122849599999995,,
2025-10-26 15:30:00,blended,AE operation,AE operation (blended),611.528,69.0,blended,0.6115280000000001,0.38847199999999993,611.528,388.4719999999999,0.0,,2.9220379061862345,1,51.8,31.677150400000002,20.122849599999995,,
2025-10-26 16:00:00,blended,AE operation,AE operation (blended),635.533,69.0,blended,0.635533,0.364467,635.533,364.467,0.0,,2.99913128453401,1,51.8,32.9206094,18.879390599999997,,
2025-10-26 16:30:00,blended,AE operation,AE operation (blended),635.533,69.0,blended,0.635533,0.364467,635.533,364.467,0.0,,3.3264461922229978,1,51.8,32.9206094,18.879390599999997,,
2025-10-26 17:00:00,blended,AE operation,AE operation (blended),698.79,70.0,blended,0.6987899999999999,0.3012100000000001,698.79,301.2100000000001,0.0,,3.1376837885093756,1,51.8,36.19732199999999,15.602678000000004,,
2025-10-26 17:30:00,blended,AE operation,AE operation (blended),698.79,70.0,blended,0.6987899999999999,0.3012100000000001,698.79,301.2100000000001,0.0,,3.172550549879108,1,51.8,36.19732199999999,15.602678000000004,,
2025-10-26 18:00:00,blended,AE operation,AE operation (blended),765.98,63.0,blended,0.76598,0.23402,765.98,234.02,0.0,,2.3651455947059747,1,51.8,39.677763999999996,12.122236,,
2025-10-26 18:30:00,blended,AE operation,AE operation (blended),765.98,60.0,blended,0.76598,0.23402,765.98,234.02,0.0,,2.23817156997829,1,51.8,39.677763999999996,12.122236,,
2025-10-26 19:00:00,blended,AE operation,AE operation (blended),794.556,59.0,blended,0.794556,0.20544399999999996,794.556,205.44399999999996,0.0,,1.998468023635384,1,51.8,41.158000799999996,10.641999199999997,,
2025-10-26 19:30:00,blended,AE operation,AE operation (blended),794.556,58.0,blended,0.794556,0.20544399999999996,794.556,205.44399999999996,0.0,,1.8590691818192373,1,51.8,41.158000799999996,10.641999199999997,,
2025-10-26 20:00:00,blended,AE operation,AE operation (blended),803.759,56.0,blended,0.803759,0.196241,803.759,196.24099999999999,0.0,,1.763907193546501,1,51.8,41.6347162,10.1652838,,
2025-10-26 20:30:00,blended,AE operation,AE operation (blended),803.759,56.0,blended,0.803759,0.196241,803.759,196.24099999999999,0.0,,1.7253460853613272,1,51.8,41.6347162,10.1652838,,
2025-10-26 21:00:00,blended,AE operation,AE operation (blended),777.822,52.0,blended,0.777822,0.222178,777.822,222.178,0.0,,1.8061252286543235,1,51.8,40.2911796,11.5088204,,
2025-10-26 21:30:00,blended,AE operation,AE operation (blended),777.822,51.0,blended,0.777822,0.222178,777.822,222.178,0.0,,1.7267765307663574,1,51.8,40.2911796,11.5088204,,
2025-10-26 22:00:00,blended,AE operation,AE operation (blended),758.419,49.0,blended,0.758419,0.24158100000000005,758.419,241.58100000000005,0.0,,1.9672533403161274,1,51.8,39.2861042,12.513895800000002,,
2025-10-26 22:30:00,blended,AE operation,AE operation (blended),758.419,48.0,blended,0.758419,0.24158100000000005,758.419,241.58100000000005,0.0,,1.8052676942439858,1,51.8,39.2861042,12.513895800000002,,
2025-10-26 23:00:00,blended,AE operation,AE operation (blended),763.478,45.0,blended,0.763478,0.236522,763.478,236.52200000000002,0.0,,1.8343705674252047,1,51.8,39.5481604,12.2518396,,
2025-10-26 23:30:00,blended,AE operation,AE operation (blended),763.478,43.0,blended,0.763478,0.236522,763.478,236.52200000000002,0.0,,1.6579773918504481,1,51.8,39.5481604,12.2518396,,
2025-10-30 00:00:00,blended,AE operation,AE operation (blended),488.343,107.0,blended,0.488343,0.511657,488.343,511.65700000000004,0.0,,4.554319308486546,1,51.8,25.2961674,26.5038326,,
2025-10-30 00:30:00,blended,AE operation,AE operation (blended),488.343,108.0,blended,0.488343,0.511657,488.343,511.65700000000004,0.0,,4.64691277395668,1,51.8,25.2961674,26.5038326,,
2025-10-30 01:00:00,blended,AE operation,AE operation (blended),455.977,104.0,blended,0.45597699999999997,0.544023,455.977,544.023,0.0,,4.770593214859579,1,51.8,23.619608599999996,28.1803914,,
2025-10-30 01:30:00,blended,AE operation,AE operation (blended),455.977,102.0,blended,0.45597699999999997,0.544023,455.977,544.023,0.0,,4.669120887864095,1,51.8,23.619608599999996,28.1803914,,
2025-10-30 02:00:00,blended,AE operation,AE operation (blended),394.274,110.0,blended,0.394274,0.605726,394.274,605.726,0.0,,5.20434393068722,1,51.8,20.4233932,31.376606799999998,,
2025-10-30 02:30:00,blended,AE operation,AE operation (blended),394.274,110.0,blended,0.394274,0.605726,394.274,605.726,0.0,,5.20342653200927,1,51.8,20.4233932,31.376606799999998,,
2025-10-30 03:00:00,blended,AE operation,AE operation (blended),366.9,112.0,blended,0.3669,0.6331,366.9,633.1,0.0,,5.498144408293374,1,51.8,19.00542,32.794579999999996,,
2025-10-30 03:30:00,blended,AE operation,AE operation (blended),366.9,114.0,blended,0.3669,0.6331,366.9,633.1,0.0,,5.595032989778165,1,51.8,19.00542,32.794579999999996,,
2025-10-30 04:00:00,blended,AE operation,AE operation (blended),306.372,111.0,blended,0.30637200000000003,0.6936279999999999,306.372,693.6279999999999,0.0,,6.078467777550184,1,51.8,15.8700696,35.929930399999996,,
2025-10-30 04:30:00,blended,AE operation,AE operation (blended),306.372,113.0,blended,0.30637200000000003,0.6936279999999999,306.372,693.6279999999999,0.0,,6.14278627449339,1,51.8,15.8700696,35.929930399999996,,
2025-10-30 05:00:00,blended,AE operation,AE operation (blended),223.045,117.0,blended,0.223045,0.7769550000000001,223.045,776.955,0.0,,7.089780350322852,1,51.8,11.553730999999999,40.246269,,
2025-10-30 05:30:00,blended,AE operation,AE operation (blended),223.045,129.0,blended,0.223045,0.7769550000000001,223.045,776.955,0.0,,7.985364310913401,1,51.8,11.553730999999999,40.246269,,
2025-10-30 06:00:00,blended,AE operation,AE operation (blended),181.474,149.0,blended,0.181474,0.818526,181.474,818.526,0.0,,9.896507516897223,1,51.8,9.4003532,42.3996468,,
2025-10-30 06:30:00,blended,AE operation,AE operation (blended),181.474,161.0,blended,0.181474,0.818526,181.474,818.526,0.0,,10.927754217403468,1,51.8,9.4003532,42.3996468,,
2025-10-30 07:00:00,blended,AE operation,AE operation (blended),170.009,176.0,blended,0.170009,0.829991,170.009,829.991,0.0,,11.861893877255003,1,51.8,8.8064662,42.9935338,,
2025-10-30 07:30:00,blended,AE operation,AE operation (blended),170.009,180.0,blended,0.170009,0.829991,170.009,829.991,0.0,,12.537556110894135,1,51.8,8.8064662,42.9935338,,
2025-10-30 08:00:00,blended,AE operation,AE operation (blended),147.314,176.0,blended,0.147314,0.852686,147.314,852.686,0.0,,13.090354652136684,1,51.8,7.6308652,44.1691348,,
2025-10-30 08:30:00,blended,AE operation,AE operation (blended),147.314,170.0,blended,0.147314,0.852686,147.314,852.686,0.0,,13.041318866189256,1,51.8,7.6308652,44.1691348,,
2025-10-30 09:00:00,blended,AE operation,AE operation (blended),132.968,165.0,blended,0.132968,0.867032,132.968,867.032,0.0,,12.525383451775033,1,51.8,6.8877424,44.9122576,,
2025-10-30 09:30:00,blended,AE operation,AE operation (blended),132.968,164.0,blended,0.132968,0.867032,132.968,867.032,0.0,,12.458556500753804,1,51.8,6.8877424,44.9122576,,
2025-10-30 10:00:00,blended,AE operation,AE operation (blended),132.999,160.0,blended,0.132999,0.867001,132.999,867.001,0.0,,11.868840048508538,1,51.8,6.8893482,44.9106518,,
2025-10-30 10:30:00,blended,AE operation,AE operation (blended),132.999,156.0,blended,0.132999,0.867001,132.999,867.001,0.0,,11.405028193946684,1,51.8,6.8893482,44.9106518,,
2025-10-30 11:00:00,blended,AE operation,AE operation (blended),166.891,155.0,blended,0.16689099999999998,0.833109,166.891,833.109,0.0,,10.69793550374454,1,51.8,8.644953799999998,43.155046199999994,,
2025-10-30 11:30:00,blended,AE operation,AE operation (blended),166.891,151.0,blended,0.16689099999999998,0.833109,166.891,833.109,0.0,,10.220353122102294,1,51.8,8.644953799999998,43.155046199999994,,
2025-10-30 12:00:00,blended,AE operation,AE operation (blended),236.473,152.0,blended,0.23647300000000002,0.763527,236.473,763.5269999999999,0.0,,9.582436601828364,1,51.8,12.2493014,39.5506986,,
2025-10-30 12:30:00,blended,AE operation,AE operation (blended),236.473,153.0,blended,0.23647300000000002,0.763527,236.473,763.5269999999999,0.0,,9.30415911940986,1,51.8,12.2493014,39.5506986,,
2025-10-30 13:00:00,blended,AE operation,AE operation (blended),340.662,150.0,blended,0.34066199999999996,0.659338,340.662,659.338,0.0,,8.435418041341268,1,51.8,17.646291599999998,34.1537084,,
2025-10-30 13:30:00,blended,AE operation,AE operation (blended),340.662,154.0,blended,0.34066199999999996,0.659338,340.662,659.338,0.0,,8.30492076391555,1,51.8,17.646291599999998,34.1537084,,
2025-10-30 14:00:00,blended,AE operation,AE operation (blended),439.19,155.0,blended,0.43919,0.56081,439.19,560.8100000000001,0.0,,7.263601461725158,1,51.8,22.750042,29.049958,,
2025-10-30 14:30:00,blended,AE operation,AE operation (blended),439.19,154.0,blended,0.43919,0.56081,439.19,560.8100000000001,0.0,,7.197544735964153,1,51.8,22.750042,29.049958,,
2025-10-30 15:00:00,blended,AE operation,AE operation (blended),485.021,140.0,blended,0.48502100000000004,0.514979,485.021,514.9789999999999,0.0,,7.027615535975582,1,51.8,25.1240878,26.675912199999996,,
2025-10-30 15:30:00,blended,AE operation,AE operation (blended),485.021,141.0,blended,0.48502100000000004,0.514979,485.021,514.9789999999999,0.0,,7.0070225155868116,1,51.8,25.1240878,26.675912199999996,,
2025-10-30 16:00:00,blended,AE operation,AE operation (blended),500.222,145.0,blended,0.5002219999999999,0.49977800000000006,500.2219999999999,499.7780000000001,0.0,,6.930656011489203,1,51.8,25.911499599999996,25.8885004,,
2025-10-30 16:30:00,blended,AE operation,AE operation (blended),500.222,143.0,blended,0.5002219999999999,0.49977800000000006,500.2219999999999,499.7780000000001,0.0,,6.960972111454014,1,51.8,25.911499599999996,25.8885004,,
2025-10-30 17:00:00,blended,AE operation,AE operation (blended),540.326,143.0,blended,0.540326,0.459674,540.326,459.67400000000004,0.0,,6.689955247496804,1,51.8,27.988886799999996,23.8111132,,
2025-10-30 17:30:00,blended,AE operation,AE operation (blended),540.326,137.0,blended,0.540326,0.459674,540.326,459.67400000000004,0.0,,6.371193844283642,1,51.8,27.988886799999996,23.8111132,,
2025-10-30 18:00:00,blended,AE operation,AE operation (blended),574.18,131.0,blended,0.5741799999999999,0.4258200000000001,574.18,425.8200000000001,0.0,,5.57620094100779,1,51.8,29.742523999999992,22.057476000000005,,
2025-10-30 18:30:00,blended,AE operation,AE operation (blended),574.18,123.0,blended,0.5741799999999999,0.4258200000000001,574.18,425.8200000000001,0.0,,5.2318089430685335,1,51.8,29.742523999999992,22.057476000000005,,
2025-10-30 19:00:00,blended,AE operation,AE operation (blended),608.647,105.0,blended,0.608647,0.39135299999999995,608.647,391.35299999999995,0.0,,4.445272325877513,1,51.8,31.527914600000003,20.272085399999995,,
2025-10-30 19:30:00,blended,AE operation,AE operation (blended),608.647,94.0,blended,0.608647,0.39135299999999995,608.647,391.35299999999995,0.0,,4.132989125693723,1,51.8,31.527914600000003,20.272085399999995,,
2025-10-30 20:00:00,blended,AE operation,AE operation (blended),691.36,92.0,blended,0.69136,0.30864,691.36,308.64000000000004,0.0,,3.314107343193914,1,51.8,35.812447999999996,15.987552,,
2025-10-30 20:30:00,blended,AE operation,AE operation (blended),691.36,91.0,blended,0.69136,0.30864,691.36,308.64000000000004,0.0,,3.2715165457981623,1,51.8,35.812447999999996,15.987552,,
2025-10-30 21:00:00,blended,AE operation,AE operation (blended),744.966,93.0,blended,0.744966,0.255034,744.966,255.034,0.0,,2.919756834103499,1,51.8,38.5892388,13.210761199999999,,
2025-10-30 21:30:00,blended,AE operation,AE operation (blended),744.966,86.0,blended,0.744966,0.255034,744.966,255.034,0.0,,2.7632531223518746,1,51.8,38.5892388,13.210761199999999,,
2025-10-30 22:00:00,blended,AE operation,AE operation (blended),840.388,86.0,blended,0.840388,0.15961199999999998,840.388,159.61199999999997,0.0,,2.0176896358935434,1,51.8,43.532098399999995,8.267901599999998,,
2025-10-30 22:30:00,blended,AE operation,AE operation (blended),840.388,76.0,blended,0.840388,0.15961199999999998,840.388,159.61199999999997,0.0,,1.87028613820958,1,51.8,43.532098399999995,8.267901599999998,,
2025-10-30 23:00:00,blended,AE operation,AE operation (blended),865.798,71.0,blended,0.865798,0.13420200000000004,865.798,134.20200000000006,0.0,,1.6998781740627231,1,51.8,44.848336399999994,6.951663600000002,,
2025-10-30 23:30:00,blended,AE operation,AE operation (blended),865.798,68.0,blended,0.865798,0.13420200000000004,865.798,134.20200000000006,0.0,,1.6717704687635084,1,51.8,44.848336399999994,6.951663600000002,,
