datetime,lca_mode,electrolyser_tech,scenario,wind_power_kw,grid_carbon_intensity_gco2_per_kwh,electricity_source,wind_fraction,grid_fraction,wind_used_kw,grid_topup_kw,surplus_wind_kw,wind_above_minimum,gwp100_kgco2e_per_kg_h2,electricity_exchanges_swapped,direct_electricity_kwh_per_kg_h2,wind_electricity_kwh_per_kg_h2,grid_electricity_kwh_per_kg_h2,temporary_grid_activity_code,grid_data_source
2025-01-01 00:00:00,blended,"Data centre facility, hyperscale, Virginia (Zhang et al. 2025)","Data centre facility, hyperscale, Virginia (Zhang et al. 2025) (blended)",975.52,54,blended,0.9755199999999999,0.024480000000000057,975.52,24.480000000000057,0.0,,47123194.70865704,3,1600092000.0,1560921747.84,39170252.16000009,,carbon_api
2025-01-01 00:30:00,blended,"Data centre facility, hyperscale, Virginia (Zhang et al. 2025)","Data centre facility, hyperscale, Virginia (Zhang et al. 2025) (blended)",975.52,54,blended,0.9755199999999999,0.024480000000000057,975.52,24.480000000000057,0.0,,47163834.92074564,3,1600092000.0,1560921747.84,39170252.16000009,,carbon_api
2025-01-01 01:00:00,blended,"Data centre facility, hyperscale, Virginia (Zhang et al. 2025)","Data centre facility, hyperscale, Virginia (Zhang et al. 2025) (blended)",975.521,55,blended,0.975521,0.02447900000000003,975.521,24.479000000000028,0.0,,47180749.751107335,3,1600092000.0,1560923347.932,39168652.06800005,,carbon_api
2025-01-01 01:30:00,blended,"Data centre facility, hyperscale, Virginia (Zhang et al. 2025)","Data centre facility, hyperscale, Virginia (Zhang et al. 2025) (blended)",975.521,50,blended,0.975521,0.02447900000000003,975.521,24.479000000000028,0.0,,46957143.959159344,3,1600092000.0,1560923347.932,39168652.06800005,,carbon_api
2025-01-01 02:00:00,blended,"Data centre facility, hyperscale, Virginia (Zhang et al. 2025)","Data centre facility, hyperscale, Virginia (Zhang et al. 2025) (blended)",977.368,43,blended,0.977368,0.022631999999999985,977.368,22.631999999999984,0.0,,46360340.293022364,3,1600092000.0,1563878717.856,36213282.14399998,,carbon_api
2025-01-01 02:30:00,blended,"Data centre facility, hyperscale, Virginia (Zhang et al. 2025)","Data centre facility, hyperscale, Virginia (Zhang et al. 2025) (blended)",977.368,41,blended,0.977368,0.022631999999999985,977.368,22.631999999999984,0.0,,46278972.72657737,3,1600092000.0,1563878717.856,36213282.14399998,,carbon_api
2025-01-01 03:00:00,blended,"Data centre facility, hyperscale, Virginia (Zhang et al. 2025)","Data centre facility, hyperscale, Virginia (Zhang et al. 2025) (blended)",979.466,41,blended,0.9794660000000001,0.02053399999999994,979.466,20.533999999999942,0.0,,46048221.443646535,3,1600092000.0,1567235710.872,32856289.127999905,,carbon_api
2025-01-01 03:30:00,blended,"Data centre facility, hyperscale, Virginia (Zhang et al. 2025)","Data centre facility, hyperscale, Virginia (Zhang et al. 2025) (blended)",979.466,41,blended,0.9794660000000001,0.02053399999999994,979.466,20.533999999999942,0.0,,46085794.79520175,3,1600092000.0,1567235710.872,32856289.127999905,,carbon_api
2025-01-01 04:00:00,blended,"Data centre facility, hyperscale, Virginia (Zhang et al. 2025)","Data centre facility, hyperscale, Virginia (Zhang et al. 2025) (blended)",981.31,40,blended,0.9813099999999999,0.018690000000000095,981.31,18.690000000000097,0.0,,45879910.89275043,3,1600092000.0,1570186280.5199997,29905719.480000153,,carbon_api
2025-01-01 04:30:00,blended,"Data centre facility, hyperscale, Virginia (Zhang et al. 2025)","Data centre facility, hyperscale, Virginia (Zhang et al. 2025) (blended)",981.31,40,blended,0.9813099999999999,0.018690000000000095,981.31,18.690000000000097,0.0,,45862666.854367,3,1600092000.0,1570186280.5199997,29905719.480000153,,carbon_api
2025-01-01 05:00:00,blended,"Data centre facility, hyperscale, Virginia (Zhang et al. 2025)","Data centre facility, hyperscale, Virginia (Zhang et al. 2025) (blended)",983.237,42,blended,0.9832369999999999,0.016763000000000083,983.237,16.763000000000083,0.0,,45778746.11625393,3,1600092000.0,1573269657.804,26822342.196000133,,carbon_api
2025-01-01 05:30:00,blended,"Data centre facility, hyperscale, Virginia (Zhang et al. 2025)","Data centre facility, hyperscale, Virginia (Zhang et al. 2025) (blended)",983.237,45,blended,0.9832369999999999,0.016763000000000083,983.237,16.763000000000083,0.0,,45881362.36931961,3,1600092000.0,1573269657.804,26822342.196000133,,carbon_api
2025-01-01 06:00:00,blended,"Data centre facility, hyperscale, Virginia (Zhang et al. 2025)","Data centre facility, hyperscale, Virginia (Zhang et al. 2025) (blended)",984.023,37,blended,0.984023,0.01597700000000002,984.023,15.977000000000018,0.0,,45518136.41427177,3,1600092000.0,1574527330.116,25564669.88400003,,carbon_api
2025-01-01 06:30:00,blended,"Data centre facility, hyperscale, Virginia (Zhang et al. 2025)","Data centre facility, hyperscale, Virginia (Zhang et al. 2025) (blended)",984.023,41,blended,0.984023,0.01597700000000002,984.023,15.977000000000018,0.0,,45645776.99205361,3,1600092000.0,1574527330.116,25564669.88400003,,carbon_api
2025-01-01 07:00:00,blended,"Data centre facility, hyperscale, Virginia (Zhang et al. 2025)","Data centre facility, hyperscale, Virginia (Zhang et al. 2025) (blended)",985.53,44,blended,0.98553,0.014469999999999983,985.53,14.469999999999983,0.0,,45637880.24187204,3,1600092000.0,1576938668.76,23153331.239999972,,carbon_api
2025-01-01 07:30:00,blended,"Data centre facility, hyperscale, Virginia (Zhang et al. 2025)","Data centre facility, hyperscale, Virginia (Zhang et al. 2025) (blended)",985.53,48,blended,0.98553,0.014469999999999983,985.53,14.469999999999983,0.0,,45772946.29245898,3,1600092000.0,1576938668.76,23153331.239999972,,carbon_api
2025-01-01 08:00:00,blended,"Data centre facility, hyperscale, Virginia (Zhang et al. 2025)","Data centre facility, hyperscale, Virginia (Zhang et al. 2025) (blended)",988.543,41,blended,0.9885430000000001,0.01145699999999994,988.543,11.45699999999994,0.0,,45253616.40599188,3,1600092000.0,1581759745.956,18332254.043999903,,carbon_api
2025-01-01 08:30:00,blended,"Data centre facility, hyperscale, Virginia (Zhang et al. 2025)","Data centre facility, hyperscale, Virginia (Zhang et al. 2025) (blended)",988.543,39,blended,0.9885430000000001,0.01145699999999994,988.543,11.45699999999994,0.0,,45193318.25289087,3,1600092000.0,1581759745.956,18332254.043999903,,carbon_api
2025-01-01 09:00:00,blended,"Data centre facility, hyperscale, Virginia (Zhang et al. 2025)","Data centre facility, hyperscale, Virginia (Zhang et al. 2025) (blended)",988.537,36,blended,0.988537,0.011463000000000001,988.537,11.463000000000001,0.0,,45127225.022596836,3,1600092000.0,1581750145.404,18341854.596,,carbon_api
2025-01-01 09:30:00,blended,"Data centre facility, hyperscale, Virginia (Zhang et al. 2025)","Data centre facility, hyperscale, Virginia (Zhang et al. 2025) (blended)",988.537,40,blended,0.988537,0.011463000000000001,988.537,11.463000000000001,0.0,,45296784.54472003,3,1600092000.0,1581750145.404,18341854.596,,carbon_api
2025-01-01 10:00:00,blended,"Data centre facility, hyperscale, Virginia (Zhang et al. 2025)","Data centre facility, hyperscale, Virginia (Zhang et al. 2025) (blended)",983.294,44,blended,0.983294,0.016706,983.294,16.706,0.0,,46007013.58294582,3,1600092000.0,1573360863.048,26731136.952,,carbon_api
2025-01-01 10:30:00,blended,"Data centre facility, hyperscale, Virginia (Zhang et al. 2025)","Data centre facility, hyperscale, Virginia (Zhang et al. 2025) (blended)",983.294,50,blended,0.983294,0.016706,983.294,16.706,0.0,,46813942.16756762,3,1600092000.0,1573360863.048,26731136.952,,carbon_api
2025-01-01 11:00:00,blended,"Data centre facility, hyperscale, Virginia (Zhang et al. 2025)","Data centre facility, hyperscale, Virginia (Zhang et al. 2025) (blended)",963.978,47,blended,0.963978,0.036022,963.978,36.022,0.0,,49678000.51912776,3,1600092000.0,1542453485.976,57638514.024,,carbon_api
2025-01-01 11:30:00,blended,"Data centre facility, hyperscale, Virginia (Zhang et al. 2025)","Data centre facility, hyperscale, Virginia (Zhang et al. 2025) (blended)",963.978,53,blended,0.963978,0.036022,963.978,36.022,0.0,,50150644.08242997,3,1600092000.0,1542453485.976,57638514.024,,carbon_api
2025-01-01 12:00:00,blended,"Data centre facility, hyperscale, Virginia (Zhang et al. 2025)","Data centre facility, hyperscale, Virginia (Zhang et al. 2025) (blended)",899.727,56,blended,0.8997269999999999,0.10027300000000006,899.727,100.27300000000005,0.0,,61448086.49708601,3,1600092000.0,1439645974.8839998,160446025.1160001,,carbon_api
2025-01-01 12:30:00,blended,"Data centre facility, hyperscale, Virginia (Zhang et al. 2025)","Data centre facility, hyperscale, Virginia (Zhang et al. 2025) (blended)",899.727,58,blended,0.8997269999999999,0.10027300000000006,899.727,100.27300000000005,0.0,,61988297.72603156,3,1600092000.0,1439645974.8839998,160446025.1160001,,carbon_api
2025-01-01 13:00:00,blended,"Data centre facility, hyperscale, Virginia (Zhang et al. 2025)","Data centre facility, hyperscale, Virginia (Zhang et al. 2025) (blended)",754.669,63,blended,0.754669,0.24533099999999997,754.669,245.33099999999996,0.0,,90663390.85881987,3,1600092000.0,1207539829.548,392552170.45199996,,carbon_api
2025-01-01 13:30:00,blended,"Data centre facility, hyperscale, Virginia (Zhang et al. 2025)","Data centre facility, hyperscale, Virginia (Zhang et al. 2025) (blended)",754.669,64,blended,0.754669,0.24533099999999997,754.669,245.33099999999996,0.0,,91746690.86545753,3,1600092000.0,1207539829.548,392552170.45199996,,carbon_api
2025-01-01 14:00:00,blended,"Data centre facility, hyperscale, Virginia (Zhang et al. 2025)","Data centre facility, hyperscale, Virginia (Zhang et al. 2025) (blended)",566.075,69,blended,0.566075,0.433925,566.075,433.925,0.0,,132545681.21464044,3,1600092000.0,905772078.9,694319921.1,,carbon_api
2025-01-01 14:30:00,blended,"Data centre facility, hyperscale, Virginia (Zhang et al. 2025)","Data centre facility, hyperscale, Virginia (Zhang et al. 2025) (blended)",566.075,84,blended,0.566075,0.433925,566.075,433.925,0.0,,147602551.7321462,3,1600092000.0,905772078.9,694319921.1,,carbon_api
2025-01-01 15:00:00,blended,"Data centre facility, hyperscale, Virginia (Zhang et al. 2025)","Data centre facility, hyperscale, Virginia (Zhang et al. 2025) (blended)",437.91,85,blended,0.43791,0.56209,437.91,562.09,0.0,,179156338.88809022,3,1600092000.0,700696287.72,899395712.28,,carbon_api
2025-01-01 15:30:00,blended,"Data centre facility, hyperscale, Virginia (Zhang et al. 2025)","Data centre facility, hyperscale, Virginia (Zhang et al. 2025) (blended)",437.91,79,blended,0.43791,0.56209,437.91,562.09,0.0,,171374329.97700456,3,1600092000.0,700696287.72,899395712.28,,carbon_api
2025-01-01 16:00:00,blended,"Data centre facility, hyperscale, Virginia (Zhang et al. 2025)","Data centre facility, hyperscale, Virginia (Zhang et al. 2025) (blended)",400.501,88,blended,0.400501,0.599499,400.501,599.499,0.0,,191329862.04730862,3,1600092000.0,640838446.092,959253553.908,,carbon_api
2025-01-01 16:30:00,blended,"Data centre facility, hyperscale, Virginia (Zhang et al. 2025)","Data centre facility, hyperscale, Virginia (Zhang et al. 2025) (blended)",400.501,101,blended,0.400501,0.599499,400.501,599.499,0.0,,209069924.47033706,3,1600092000.0,640838446.092,959253553.908,,carbon_api
2025-01-01 17:00:00,blended,"Data centre facility, hyperscale, Virginia (Zhang et al. 2025)","Data centre facility, hyperscale, Virginia (Zhang et al. 2025) (blended)",407.281,95,blended,0.407281,0.592719,407.281,592.719,0.0,,198257745.38767013,3,1600092000.0,651687069.852,948404930.148,,carbon_api
2025-01-01 17:30:00,blended,"Data centre facility, hyperscale, Virginia (Zhang et al. 2025)","Data centre facility, hyperscale, Virginia (Zhang et al. 2025) (blended)",407.281,99,blended,0.407281,0.592719,407.281,592.719,0.0,,203938901.1304185,3,1600092000.0,651687069.852,948404930.148,,carbon_api
2025-01-01 18:00:00,blended,"Data centre facility, hyperscale, Virginia (Zhang et al. 2025)","Data centre facility, hyperscale, Virginia (Zhang et al. 2025) (blended)",436.517,97,blended,0.436517,0.563483,436.517,563.483,0.0,,193913647.4424225,3,1600092000.0,698467359.564,901624640.4359999,,carbon_api
2025-01-01 18:30:00,blended,"Data centre facility, hyperscale, Virginia (Zhang et al. 2025)","Data centre facility, hyperscale, Virginia (Zhang et al. 2025) (blended)",436.517,99,blended,0.436517,0.563483,436.517,563.483,0.0,,196804258.59162718,3,1600092000.0,698467359.564,901624640.4359999,,carbon_api
2025-01-01 19:00:00,blended,"Data centre facility, hyperscale, Virginia (Zhang et al. 2025)","Data centre facility, hyperscale, Virginia (Zhang et al. 2025) (blended)",453.24,99,blended,0.45324000000000003,0.5467599999999999,453.24,546.7599999999999,0.0,,193394989.59592694,3,1600092000.0,725225698.08,874866301.9199998,,carbon_api
2025-01-01 19:30:00,blended,"Data centre facility, hyperscale, Virginia (Zhang et al. 2025)","Data centre facility, hyperscale, Virginia (Zhang et al. 2025) (blended)",453.24,101,blended,0.45324000000000003,0.5467599999999999,453.24,546.7599999999999,0.0,,195558607.70985878,3,1600092000.0,725225698.08,874866301.9199998,,carbon_api
2025-01-01 20:00:00,blended,"Data centre facility, hyperscale, Virginia (Zhang et al. 2025)","Data centre facility, hyperscale, Virginia (Zhang et al. 2025) (blended)",431.878,90,blended,0.431878,0.568122,431.878,568.1220000000001,0.0,,190237684.33185685,3,1600092000.0,691044532.776,909047467.224,,carbon_api
2025-01-01 20:30:00,blended,"Data centre facility, hyperscale, Virginia (Zhang et al. 2025)","Data centre facility, hyperscale, Virginia (Zhang et al. 2025) (blended)",431.878,90,blended,0.431878,0.568122,431.878,568.1220000000001,0.0,,192613476.7800566,3,1600092000.0,691044532.776,909047467.224,,carbon_api
2025-01-01 21:00:00,blended,"Data centre facility, hyperscale, Virginia (Zhang et al. 2025)","Data centre facility, hyperscale, Virginia (Zhang et al. 2025) (blended)",387.43,91,blended,0.38743,0.6125700000000001,387.43,612.57,0.0,,206781695.0776578,3,1600092000.0,619923643.56,980168356.44,,carbon_api
2025-01-01 21:30:00,blended,"Data centre facility, hyperscale, Virginia (Zhang et al. 2025)","Data centre facility, hyperscale, Virginia (Zhang et al. 2025) (blended)",387.43,75,blended,0.38743,0.6125700000000001,387.43,612.57,0.0,,187755953.35382292,3,1600092000.0,619923643.56,980168356.44,,carbon_api
2025-01-01 22:00:00,blended,"Data centre facility, hyperscale, Virginia (Zhang et al. 2025)","Data centre facility, hyperscale, Virginia (Zhang et al. 2025) (blended)",340.61,85,blended,0.34061,0.6593899999999999,340.61,659.3899999999999,0.0,,213836631.96868154,3,1600092000.0,545007336.12,1055084663.8799999,,carbon_api
2025-01-01 22:30:00,blended,"Data centre facility, hyperscale, Virginia (Zhang et al. 2025)","Data centre facility, hyperscale, Virginia (Zhang et al. 2025) (blended)",340.61,72,blended,0.34061,0.6593899999999999,340.61,659.3899999999999,0.0,,197761860.04970706,3,1600092000.0,545007336.12,1055084663.8799999,,carbon_api
2025-01-01 23:00:00,blended,"Data centre facility, hyperscale, Virginia (Zhang et al. 2025)","Data centre facility, hyperscale, Virginia (Zhang et al. 2025) (blended)",271.998,73,blended,0.271998,0.728002,271.998,728.0020000000001,0.0,,215320325.93877566,3,1600092000.0,435221823.81600004,1164870176.184,,carbon_api
2025-01-01 23:30:00,blended,"Data centre facility, hyperscale, Virginia (Zhang et al. 2025)","Data centre facility, hyperscale, Virginia (Zhang et al. 2025) (blended)",271.998,81,blended,0.271998,0.728002,271.998,728.0020000000001,0.0,,233897708.70425695,3,1600092000.0,435221823.81600004,1164870176.184,,carbon_api
2025-01-02 00:00:00,blended,"Data centre facility, hyperscale, Virginia (Zhang et al. 2025)","Data centre facility, hyperscale, Virginia (Zhang et al. 2025) (blended)",240.736,86,blended,0.24073599999999998,0.759264,240.736,759.264,0.0,,251094570.9827647,3,1600092000.0,385199747.71199995,1214892252.288,,carbon_api
2025-01-02 00:30:00,blended,"Data centre facility, hyperscale, Virginia (Zhang et al. 2025)","Data centre facility, hyperscale, Virginia (Zhang et al. 2025) (blended)",240.736,81,blended,0.24073599999999998,0.759264,240.736,759.264,0.0,,245769891.5649104,3,1600092000.0,385199747.71199995,1214892252.288,,carbon_api
2025-01-02 01:00:00,blended,"Data centre facility, hyperscale, Virginia (Zhang et al. 2025)","Data centre facility, hyperscale, Virginia (Zhang et al. 2025) (blended)",256.428,85,blended,0.256428,0.743572,256.428,743.572,0.0,,246498200.37995854,3,1600092000.0,410308391.376,1189783608.624,,carbon_api
2025-01-02 01:30:00,blended,"Data centre facility, hyperscale, Virginia (Zhang et al. 2025)","Data centre facility, hyperscale, Virginia (Zhang et al. 2025) (blended)",256.428,80,blended,0.256428,0.743572,256.428,743.572,0.0,,239384137.7731792,3,1600092000.0,410308391.376,1189783608.624,,carbon_api
2025-01-02 02:00:00,blended,"Data centre facility, hyperscale, Virginia (Zhang et al. 2025)","Data centre facility, hyperscale, Virginia (Zhang et al. 2025) (blended)",265.34,85,blended,0.26533999999999996,0.7346600000000001,265.34,734.6600000000001,0.0,,243459969.43482116,3,1600092000.0,424568411.28,1175523588.72,,carbon_api
2025-01-02 02:30:00,blended,"Data centre facility, hyperscale, Virginia (Zhang et al. 2025)","Data centre facility, hyperscale, Virginia (Zhang et al. 2025) (blended)",265.34,75,blended,0.26533999999999996,0.7346600000000001,265.34,734.6600000000001,0.0,,225419453.77910328,3,1600092000.0,424568411.28,1175523588.72,,carbon_api
2025-01-02 03:00:00,blended,"Data centre facility, hyperscale, Virginia (Zhang et al. 2025)","Data centre facility, hyperscale, Virginia (Zhang et al. 2025) (blended)",284.596,77,blended,0.284596,0.7154039999999999,284.596,715.4039999999999,0.0,,222167572.39507836,3,1600092000.0,455379782.832,1144712217.168,,carbon_api
2025-01-02 03:30:00,blended,"Data centre facility, hyperscale, Virginia (Zhang et al. 2025)","Data centre facility, hyperscale, Virginia (Zhang et al. 2025) (blended)",284.596,85,blended,0.284596,0.7154039999999999,284.596,715.4039999999999,0.0,,234764123.27209347,3,1600092000.0,455379782.832,1144712217.168,,carbon_api
2025-01-02 04:00:00,blended,"Data centre facility, hyperscale, Virginia (Zhang et al. 2025)","Data centre facility, hyperscale, Virginia (Zhang et al. 2025) (blended)",280.736,85,blended,0.280736,0.719264,280.736,719.264,0.0,,220463808.97481003,3,1600092000.0,449203427.71199995,1150888572.288,,carbon_api
2025-01-02 04:30:00,blended,"Data centre facility, hyperscale, Virginia (Zhang et al. 2025)","Data centre facility, hyperscale, Virginia (Zhang et al. 2025) (blended)",280.736,89,blended,0.280736,0.719264,280.736,719.264,0.0,,242472521.76580703,3,1600092000.0,449203427.71199995,1150888572.288,,carbon_api
2025-01-02 05:00:00,blended,"Data centre facility, hyperscale, Virginia (Zhang et al. 2025)","Data centre facility, hyperscale, Virginia (Zhang et al. 2025) (blended)",250.936,87,blended,0.250936,0.749064,250.93599999999998,749.064,0.0,,235623986.84903592,3,1600092000.0,401520686.112,1198571313.888,,carbon_api
2025-01-02 05:30:00,blended,"Data centre facility, hyperscale, Virginia (Zhang et al. 2025)","Data centre facility, hyperscale, Virginia (Zhang et al. 2025) (blended)",250.936,97,blended,0.250936,0.749064,250.93599999999998,749.064,0.0,,257158340.77545524,3,1600092000.0,401520686.112,1198571313.888,,carbon_api
2025-01-02 06:00:00,blended,"Data centre facility, hyperscale, Virginia (Zhang et al. 2025)","Data centre facility, hyperscale, Virginia (Zhang et al. 2025) (blended)",236.65,123,blended,0.23665,0.76335,236.65,763.35,0.0,,302836625.7183219,3,1600092000.0,378661771.8,1221430228.2,,carbon_api
2025-01-02 06:30:00,blended,"Data centre facility, hyperscale, Virginia (Zhang et al. 2025)","Data centre facility, hyperscale, Virginia (Zhang et al. 2025) (blended)",236.65,152,blended,0.23665,0.76335,236.65,763.35,0.0,,329781898.97045034,3,1600092000.0,378661771.8,1221430228.2,,carbon_api
2025-01-02 07:00:00,blended,"Data centre facility, hyperscale, Virginia (Zhang et al. 2025)","Data centre facility, hyperscale, Virginia (Zhang et al. 2025) (blended)",225.035,165,blended,0.22503499999999999,0.774965,225.035,774.965,0.0,,355868449.17469007,3,1600092000.0,360076703.21999997,1240015296.78,,carbon_api
2025-01-02 07:30:00,blended,"Data centre facility, hyperscale, Virginia (Zhang et al. 2025)","Data centre facility, hyperscale, Virginia (Zhang et al. 2025) (blended)",225.035,157,blended,0.22503499999999999,0.774965,225.035,774.965,0.0,,357898248.3989388,3,1600092000.0,360076703.21999997,1240015296.78,,carbon_api
2025-01-02 08:00:00,blended,"Data centre facility, hyperscale, Virginia (Zhang et al. 2025)","Data centre facility, hyperscale, Virginia (Zhang et al. 2025) (blended)",226.128,169,blended,0.226128,0.773872,226.128,773.872,0.0,,380909451.20731807,3,1600092000.0,361825603.77599996,1238266396.224,,carbon_api
2025-01-02 08:30:00,blended,"Data centre facility, hyperscale, Virginia (Zhang et al. 2025)","Data centre facility, hyperscale, Virginia (Zhang et al. 2025) (blended)",226.128,163,blended,0.226128,0.773872,226.128,773.872,0.0,,376924220.8889048,3,1600092000.0,361825603.77599996,1238266396.224,,carbon_api
2025-01-02 09:00:00,blended,"Data centre facility, hyperscale, Virginia (Zhang et al. 2025)","Data centre facility, hyperscale, Virginia (Zhang et al. 2025) (blended)",219.793,156,blended,0.21979300000000002,0.780207,219.793,780.207,0.0,,366027418.7283131,3,1600092000.0,351689020.95600003,1248402979.044,,carbon_api
2025-01-02 09:30:00,blended,"Data centre facility, hyperscale, Virginia (Zhang et al. 2025)","Data centre facility, hyperscale, Virginia (Zhang et al. 2025) (blended)",219.793,157,blended,0.21979300000000002,0.780207,219.793,780.207,0.0,,367616741.8875843,3,1600092000.0,351689020.95600003,1248402979.044,,carbon_api
2025-01-02 10:00:00,blended,"Data centre facility, hyperscale, Virginia (Zhang et al. 2025)","Data centre facility, hyperscale, Virginia (Zhang et al. 2025) (blended)",230.679,151,blended,0.230679,0.769321,230.679,769.321,0.0,,351583093.3638893,3,1600092000.0,369107622.468,1230984377.532,,carbon_api
2025-01-02 10:30:00,blended,"Data centre facility, hyperscale, Virginia (Zhang et al. 2025)","Data centre facility, hyperscale, Virginia (Zhang et al. 2025) (blended)",230.679,148,blended,0.230679,0.769321,230.679,769.321,0.0,,343937232.7297569,3,1600092000.0,369107622.468,1230984377.532,,carbon_api
2025-01-02 11:00:00,blended,"Data centre facility, hyperscale, Virginia (Zhang et al. 2025)","Data centre facility, hyperscale, Virginia (Zhang et al. 2025) (blended)",248.318,138,blended,0.248318,0.751682,248.318,751.682,0.0,,321877193.6634453,3,1600092000.0,397331645.25600004,1202760354.744,,carbon_api
2025-01-02 11:30:00,blended,"Data centre facility, hyperscale, Virginia (Zhang et al. 2025)","Data centre facility, hyperscale, Virginia (Zhang et al. 2025) (blended)",248.318,125,blended,0.248318,0.751682,248.318,751.682,0.0,,300038480.553259,3,1600092000.0,397331645.25600004,1202760354.744,,carbon_api
2025-01-02 12:00:00,blended,"Data centre facility, hyperscale, Virginia (Zhang et al. 2025)","Data centre facility, hyperscale, Virginia (Zhang et al. 2025) (blended)",280.712,122,blended,0.28071199999999996,0.719288,280.712,719.288,0.0,,283852521.3512196,3,1600092000.0,449165025.50399995,1150926974.496,,carbon_api
2025-01-02 12:30:00,blended,"Data centre facility, hyperscale, Virginia (Zhang et al. 2025)","Data centre facility, hyperscale, Virginia (Zhang et al. 2025) (blended)",280.712,127,blended,0.28071199999999996,0.719288,280.712,719.288,0.0,,286600677.8341535,3,1600092000.0,449165025.50399995,1150926974.496,,carbon_api
2025-01-02 13:00:00,blended,"Data centre facility, hyperscale, Virginia (Zhang et al. 2025)","Data centre facility, hyperscale, Virginia (Zhang et al. 2025) (blended)",294.062,122,blended,0.294062,0.705938,294.062,705.938,0.0,,271873803.2659044,3,1600092000.0,470526253.704,1129565746.296,,carbon_api
2025-01-02 13:30:00,blended,"Data centre facility, hyperscale, Virginia (Zhang et al. 2025)","Data centre facility, hyperscale, Virginia (Zhang et al. 2025) (blended)",294.062,126,blended,0.294062,0.705938,294.062,705.938,0.0,,276454869.4179917,3,1600092000.0,470526253.704,1129565746.296,,carbon_api
2025-01-02 14:00:00,blended,"Data centre facility, hyperscale, Virginia (Zhang et al. 2025)","Data centre facility, hyperscale, Virginia (Zhang et al. 2025) (blended)",251.563,136,blended,0.251563,0.748437,251.563,748.437,0.0,,306089848.06226873,3,1600092000.0,402523943.79599994,1197568056.204,,carbon_api
2025-01-02 14:30:00,blended,"Data centre facility, hyperscale, Virginia (Zhang et al. 2025)","Data centre facility, hyperscale, Virginia (Zhang et al. 2025) (blended)",251.563,140,blended,0.251563,0.748437,251.563,748.437,0.0,,310805820.4127391,3,1600092000.0,402523943.79599994,1197568056.204,,carbon_api
2025-01-02 15:00:00,blended,"Data centre facility, hyperscale, Virginia (Zhang et al. 2025)","Data centre facility, hyperscale, Virginia (Zhang et al. 2025) (blended)",286.006,142,blended,0.286006,0.713994,286.006,713.994,0.0,,299577268.7396856,3,1600092000.0,457635912.552,1142456087.448,,carbon_api
2025-01-02 15:30:00,blended,"Data centre facility, hyperscale, Virginia (Zhang et al. 2025)","Data centre facility, hyperscale, Virginia (Zhang et al. 2025) (blended)",286.006,144,blended,0.286006,0.713994,286.006,713.994,0.0,,306175731.6549092,3,1600092000.0,457635912.552,1142456087.448,,carbon_api
2025-01-02 16:00:00,blended,"Data centre facility, hyperscale, Virginia (Zhang et al. 2025)","Data centre facility, hyperscale, Virginia (Zhang et al. 2025) (blended)",366.748,144,blended,0.36674799999999996,0.633252,366.748,633.2520000000001,0.0,,277645516.08067906,3,1600092000.0,586830540.816,1013261459.184,,carbon_api
2025-01-02 16:30:00,blended,"Data centre facility, hyperscale, Virginia (Zhang et al. 2025)","Data centre facility, hyperscale, Virginia (Zhang et al. 2025) (blended)",366.748,139,blended,0.36674799999999996,0.633252,366.748,633.2520000000001,0.0,,271785870.196972,3,1600092000.0,586830540.816,1013261459.184,,carbon_api
2025-01-02 17:00:00,blended,"Data centre facility, hyperscale, Virginia (Zhang et al. 2025)","Data centre facility, hyperscale, Virginia (Zhang et al. 2025) (blended)",400.51,128,blended,0.40051,0.5994900000000001,400.51,599.4900000000001,0.0,,242607695.8002072,3,1600092000.0,640852846.92,959239153.0800002,,carbon_api
2025-01-02 17:30:00,blended,"Data centre facility, hyperscale, Virginia (Zhang et al. 2025)","Data centre facility, hyperscale, Virginia (Zhang et al. 2025) (blended)",400.51,123,blended,0.40051,0.5994900000000001,400.51,599.4900000000001,0.0,,235044883.54575843,3,1600092000.0,640852846.92,959239153.0800002,,carbon_api
2025-01-02 18:00:00,blended,"Data centre facility, hyperscale, Virginia (Zhang et al. 2025)","Data centre facility, hyperscale, Virginia (Zhang et al. 2025) (blended)",410.635,127,blended,0.410635,0.589365,410.635,589.365,0.0,,237062424.41651052,3,1600092000.0,657053778.42,943038221.58,,carbon_api
2025-01-02 18:30:00,blended,"Data centre facility, hyperscale, Virginia (Zhang et al. 2025)","Data centre facility, hyperscale, Virginia (Zhang et al. 2025) (blended)",410.635,128,blended,0.410635,0.589365,410.635,589.365,0.0,,239629017.8161588,3,1600092000.0,657053778.42,943038221.58,,carbon_api
2025-01-02 19:00:00,blended,"Data centre facility, hyperscale, Virginia (Zhang et al. 2025)","Data centre facility, hyperscale, Virginia (Zhang et al. 2025) (blended)",404.019,126,blended,0.404019,0.595981,404.019,595.981,0.0,,239482894.1583977,3,1600092000.0,646467569.748,953624430.252,,carbon_api
2025-01-02 19:30:00,blended,"Data centre facility, hyperscale, Virginia (Zhang et al. 2025)","Data centre facility, hyperscale, Virginia (Zhang et al. 2025) (blended)",404.019,119,blended,0.404019,0.595981,404.019,595.981,0.0,,231231117.40793592,3,1600092000.0,646467569.748,953624430.252,,carbon_api
2025-01-02 20:00:00,blended,"Data centre facility, hyperscale, Virginia (Zhang et al. 2025)","Data centre facility, hyperscale, Virginia (Zhang et al. 2025) (blended)",373.569,116,blended,0.37356900000000004,0.626431,373.569,626.4309999999999,0.0,,237581186.4367645,3,1600092000.0,597744768.348,1002347231.652,,carbon_api
2025-01-02 20:30:00,blended,"Data centre facility, hyperscale, Virginia (Zhang et al. 2025)","Data centre facility, hyperscale, Virginia (Zhang et al. 2025) (blended)",373.569,107,blended,0.37356900000000004,0.626431,373.569,626.4309999999999,0.0,,226195831.11158782,3,1600092000.0,597744768.348,1002347231.652,,carbon_api
2025-01-02 21:00:00,blended,"Data centre facility, hyperscale, Virginia (Zhang et al. 2025)","Data centre facility, hyperscale, Virginia (Zhang et al. 2025) (blended)",325.157,98,blended,0.325157,0.6748430000000001,325.157,674.8430000000001,0.0,,227017516.98661923,3,1600092000.0,520281114.44399995,1079810885.5560002,,carbon_api
2025-01-02 21:30:00,blended,"Data centre facility, hyperscale, Virginia (Zhang et al. 2025)","Data centre facility, hyperscale, Virginia (Zhang et al. 2025) (blended)",325.157,91,blended,0.325157,0.6748430000000001,325.157,674.8430000000001,0.0,,214945592.04872617,3,1600092000.0,520281114.44399995,1079810885.5560002,,carbon_api
2025-01-02 22:00:00,blended,"Data centre facility, hyperscale, Virginia (Zhang et al. 2025)","Data centre facility, hyperscale, Virginia (Zhang et al. 2025) (blended)",272.302,81,blended,0.27230200000000004,0.727698,272.302,727.698,0.0,,212570988.18840685,3,1600092000.0,435708251.7840001,1164383748.2159998,,carbon_api
2025-01-02 22:30:00,blended,"Data centre facility, hyperscale, Virginia (Zhang et al. 2025)","Data centre facility, hyperscale, Virginia (Zhang et al. 2025) (blended)",272.302,75,blended,0.27230200000000004,0.727698,272.302,727.698,0.0,,186551032.35287306,3,1600092000.0,435708251.7840001,1164383748.2159998,,carbon_api
2025-01-02 23:00:00,blended,"Data centre facility, hyperscale, Virginia (Zhang et al. 2025)","Data centre facility, hyperscale, Virginia (Zhang et al. 2025) (blended)",240.733,67,blended,0.240733,0.759267,240.733,759.267,0.0,,178955687.04391626,3,1600092000.0,385194947.436,1214897052.5640001,,carbon_api
2025-01-02 23:30:00,blended,"Data centre facility, hyperscale, Virginia (Zhang et al. 2025)","Data centre facility, hyperscale, Virginia (Zhang et al. 2025) (blended)",240.733,66,blended,0.240733,0.759267,240.733,759.267,0.0,,179051751.02327242,3,1600092000.0,385194947.436,1214897052.5640001,,carbon_api
2025-01-03 00:00:00,blended,"Data centre facility, hyperscale, Virginia (Zhang et al. 2025)","Data centre facility, hyperscale, Virginia (Zhang et al. 2025) (blended)",218.238,69,blended,0.218238,0.7817620000000001,218.238,781.7620000000001,0.0,,189657666.3221682,3,1600092000.0,349200877.89599997,1250891122.104,,carbon_api
2025-01-03 00:30:00,blended,"Data centre facility, hyperscale, Virginia (Zhang et al. 2025)","Data centre facility, hyperscale, Virginia (Zhang et al. 2025) (blended)",218.238,62,blended,0.218238,0.7817620000000001,218.238,781.7620000000001,0.0,,193777262.21071303,3,1600092000.0,349200877.89599997,1250891122.104,,carbon_api
2025-01-03 01:00:00,blended,"Data centre facility, hyperscale, Virginia (Zhang et al. 2025)","Data centre facility, hyperscale, Virginia (Zhang et al. 2025) (blended)",201.686,59,blended,0.201686,0.798314,201.686,798.314,0.0,,191231099.18637332,3,1600092000.0,322716155.112,1277375844.888,,carbon_api
2025-01-03 01:30:00,blended,"Data centre facility, hyperscale, Virginia (Zhang et al. 2025)","Data centre facility, hyperscale, Virginia (Zhang et al. 2025) (blended)",201.686,54,blended,0.201686,0.798314,201.686,798.314,0.0,,168857257.8972202,3,1600092000.0,322716155.112,1277375844.888,,carbon_api
2025-01-03 02:00:00,blended,"Data centre facility, hyperscale, Virginia (Zhang et al. 2025)","Data centre facility, hyperscale, Virginia (Zhang et al. 2025) (blended)",191.672,51,blended,0.191672,0.8083279999999999,191.672,808.328,0.0,,160077030.48374003,3,1600092000.0,306692833.824,1293399166.1759999,,carbon_api
2025-01-03 02:30:00,blended,"Data centre facility, hyperscale, Virginia (Zhang et al. 2025)","Data centre facility, hyperscale, Virginia (Zhang et al. 2025) (blended)",191.672,42,blended,0.191672,0.8083279999999999,191.672,808.328,0.0,,148124155.9093496,3,1600092000.0,306692833.824,1293399166.1759999,,carbon_api
2025-01-03 03:00:00,blended,"Data centre facility, hyperscale, Virginia (Zhang et al. 2025)","Data centre facility, hyperscale, Virginia (Zhang et al. 2025) (blended)",202.163,44,blended,0.202163,0.797837,202.163,797.837,0.0,,148914680.9770463,3,1600092000.0,323479398.996,1276612601.004,,carbon_api
2025-01-03 03:30:00,blended,"Data centre facility, hyperscale, Virginia (Zhang et al. 2025)","Data centre facility, hyperscale, Virginia (Zhang et al. 2025) (blended)",202.163,42,blended,0.202163,0.797837,202.163,797.837,0.0,,128882758.35390735,3,1600092000.0,323479398.996,1276612601.004,,carbon_api
2025-01-03 04:00:00,blended,"Data centre facility, hyperscale, Virginia (Zhang et al. 2025)","Data centre facility, hyperscale, Virginia (Zhang et al. 2025) (blended)",222.108,45,blended,0.222108,0.777892,222.108,777.892,0.0,,130657590.92275861,3,1600092000.0,355393233.936,1244698766.0640001,,carbon_api
2025-01-03 04:30:00,blended,"Data centre facility, hyperscale, Virginia (Zhang et al. 2025)","Data centre facility, hyperscale, Virginia (Zhang et al. 2025) (blended)",222.108,49,blended,0.222108,0.777892,222.108,777.892,0.0,,129229430.42779559,3,1600092000.0,355393233.936,1244698766.0640001,,carbon_api
2025-01-03 05:00:00,blended,"Data centre facility, hyperscale, Virginia (Zhang et al. 2025)","Data centre facility, hyperscale, Virginia (Zhang et al. 2025) (blended)",248.206,56,blended,0.24820599999999998,0.7517940000000001,248.206,751.7940000000001,0.0,,138976774.06805634,3,1600092000.0,397152434.95199996,1202939565.048,,carbon_api
2025-01-03 05:30:00,blended,"Data centre facility, hyperscale, Virginia (Zhang et al. 2025)","Data centre facility, hyperscale, Virginia (Zhang et al. 2025) (blended)",248.206,78,blended,0.24820599999999998,0.7517940000000001,248.206,751.7940000000001,0.0,,172528394.6339864,3,1600092000.0,397152434.95199996,1202939565.048,,carbon_api
2025-01-03 06:00:00,blended,"Data centre facility, hyperscale, Virginia (Zhang et al. 2025)","Data centre facility, hyperscale, Virginia (Zhang et al. 2025) (blended)",259.067,106,blended,0.259067,0.7409330000000001,259.067,740.9330000000001,0.0,,217848488.60873535,3,1600092000.0,414531034.164,1185560965.8360002,,carbon_api
2025-01-03 06:30:00,blended,"Data centre facility, hyperscale, Virginia (Zhang et al. 2025)","Data centre facility, hyperscale, Virginia (Zhang et al. 2025) (blended)",259.067,124,blended,0.259067,0.7409330000000001,259.067,740.9330000000001,0.0,,250077597.06389827,3,1600092000.0,414531034.164,1185560965.8360002,,carbon_api
2025-01-03 07:00:00,blended,"Data centre facility, hyperscale, Virginia (Zhang et al. 2025)","Data centre facility, hyperscale, Virginia (Zhang et al. 2025) (blended)",269.419,140,blended,0.26941899999999996,0.730581,269.419,730.581,0.0,,274752021.90041226,3,1600092000.0,431095186.5479999,1168996813.4520001,,carbon_api
2025-01-03 07:30:00,blended,"Data centre facility, hyperscale, Virginia (Zhang et al. 2025)","Data centre facility, hyperscale, Virginia (Zhang et al. 2025) (blended)",269.419,143,blended,0.26941899999999996,0.730581,269.419,730.581,0.0,,293638266.9652599,3,1600092000.0,431095186.5479999,1168996813.4520001,,carbon_api
2025-01-03 08:00:00,blended,"Data centre facility, hyperscale, Virginia (Zhang et al. 2025)","Data centre facility, hyperscale, Virginia (Zhang et al. 2025) (blended)",308.097,149,blended,0.30809699999999995,0.691903,308.097,691.903,0.0,,292135798.83148086,3,1600092000.0,492983544.9239999,1107108455.076,,carbon_api
2025-01-03 08:30:00,blended,"Data centre facility, hyperscale, Virginia (Zhang et al. 2025)","Data centre facility, hyperscale, Virginia (Zhang et al. 2025) (blended)",308.097,140,blended,0.30809699999999995,0.691903,308.097,691.903,0.0,,293714796.28625005,3,1600092000.0,492983544.9239999,1107108455.076,,carbon_api
2025-01-03 09:00:00,blended,"Data centre facility, hyperscale, Virginia (Zhang et al. 2025)","Data centre facility, hyperscale, Virginia (Zhang et al. 2025) (blended)",307.365,124,blended,0.307365,0.692635,307.365,692.635,0.0,,271115615.2877148,3,1600092000.0,491812277.58,1108279722.42,,carbon_api
2025-01-03 09:30:00,blended,"Data centre facility, hyperscale, Virginia (Zhang et al. 2025)","Data centre facility, hyperscale, Virginia (Zhang et al. 2025) (blended)",307.365,111,blended,0.307365,0.692635,307.365,692.635,0.0,,252328603.65749496,3,1600092000.0,491812277.58,1108279722.42,,carbon_api
2025-01-03 10:00:00,blended,"Data centre facility, hyperscale, Virginia (Zhang et al. 2025)","Data centre facility, hyperscale, Virginia (Zhang et al. 2025) (blended)",238.11,108,blended,0.23811000000000002,0.76189,238.11,761.89,0.0,,271093340.049777,3,1600092000.0,380997906.12,1219094093.8799999,,carbon_api
2025-01-03 10:30:00,blended,"Data centre facility, hyperscale, Virginia (Zhang et al. 2025)","Data centre facility, hyperscale, Virginia (Zhang et al. 2025) (blended)",238.11,100,blended,0.23811000000000002,0.76189,238.11,761.89,0.0,,256024465.36779875,3,1600092000.0,380997906.12,1219094093.8799999,,carbon_api
2025-01-03 11:00:00,blended,"Data centre facility, hyperscale, Virginia (Zhang et al. 2025)","Data centre facility, hyperscale, Virginia (Zhang et al. 2025) (blended)",225.123,98,blended,0.225123,0.774877,225.123,774.8770000000001,0.0,,256989220.66437304,3,1600092000.0,360217511.316,1239874488.684,,carbon_api
2025-01-03 11:30:00,blended,"Data centre facility, hyperscale, Virginia (Zhang et al. 2025)","Data centre facility, hyperscale, Virginia (Zhang et al. 2025) (blended)",225.123,97,blended,0.225123,0.774877,225.123,774.8770000000001,0.0,,255745079.15339732,3,1600092000.0,360217511.316,1239874488.684,,carbon_api
2025-01-03 12:00:00,blended,"Data centre facility, hyperscale, Virginia (Zhang et al. 2025)","Data centre facility, hyperscale, Virginia (Zhang et al. 2025) (blended)",277.675,100,blended,0.277675,0.722325,277.675,722.325,0.0,,247926115.82455596,3,1600092000.0,444305546.1,1155786453.9,,carbon_api
2025-01-03 12:30:00,blended,"Data centre facility, hyperscale, Virginia (Zhang et al. 2025)","Data centre facility, hyperscale, Virginia (Zhang et al. 2025) (blended)",277.675,101,blended,0.277675,0.722325,277.675,722.325,0.0,,251040185.09531605,3,1600092000.0,444305546.1,1155786453.9,,carbon_api
2025-01-03 13:00:00,blended,"Data centre facility, hyperscale, Virginia (Zhang et al. 2025)","Data centre facility, hyperscale, Virginia (Zhang et al. 2025) (blended)",296.615,106,blended,0.296615,0.7033849999999999,296.615,703.3849999999999,0.0,,252608961.33495265,3,1600092000.0,474611288.58000004,1125480711.4199998,,carbon_api
2025-01-03 13:30:00,blended,"Data centre facility, hyperscale, Virginia (Zhang et al. 2025)","Data centre facility, hyperscale, Virginia (Zhang et al. 2025) (blended)",296.615,107,blended,0.296615,0.7033849999999999,296.615,703.3849999999999,0.0,,252607915.51829335,3,1600092000.0,474611288.58000004,1125480711.4199998,,carbon_api
2025-01-03 14:00:00,blended,"Data centre facility, hyperscale, Virginia (Zhang et al. 2025)","Data centre facility, hyperscale, Virginia (Zhang et al. 2025) (blended)",278.015,116,blended,0.278015,0.721985,278.015,721.985,0.0,,271245280.1515688,3,1600092000.0,444849577.38,1155242422.62,,carbon_api
2025-01-03 14:30:00,blended,"Data centre facility, hyperscale, Virginia (Zhang et al. 2025)","Data centre facility, hyperscale, Virginia (Zhang et al. 2025) (blended)",278.015,122,blended,0.278015,0.721985,278.015,721.985,0.0,,278107608.0502468,3,1600092000.0,444849577.38,1155242422.62,,carbon_api
2025-01-03 15:00:00,blended,"Data centre facility, hyperscale, Virginia (Zhang et al. 2025)","Data centre facility, hyperscale, Virginia (Zhang et al. 2025) (blended)",345.586,141,blended,0.345586,0.654414,345.586,654.4140000000001,0.0,,284655341.0731361,3,1600092000.0,552969393.9120001,1047122606.088,,carbon_api
2025-01-03 15:30:00,blended,"Data centre facility, hyperscale, Virginia (Zhang et al. 2025)","Data centre facility, hyperscale, Virginia (Zhang et al. 2025) (blended)",345.586,161,blended,0.345586,0.654414,345.586,654.4140000000001,0.0,,314024318.237829,3,1600092000.0,552969393.9120001,1047122606.088,,carbon_api
2025-01-03 16:00:00,blended,"Data centre facility, hyperscale, Virginia (Zhang et al. 2025)","Data centre facility, hyperscale, Virginia (Zhang et al. 2025) (blended)",397.779,162,blended,0.397779,0.602221,397.779,602.221,0.0,,292014902.16734254,3,1600092000.0,636482995.668,963609004.332,,carbon_api
2025-01-03 16:30:00,blended,"Data centre facility, hyperscale, Virginia (Zhang et al. 2025)","Data centre facility, hyperscale, Virginia (Zhang et al. 2025) (blended)",397.779,164,blended,0.397779,0.602221,397.779,602.221,0.0,,296554047.21931237,3,1600092000.0,636482995.668,963609004.332,,carbon_api
2025-01-03 17:00:00,blended,"Data centre facility, hyperscale, Virginia (Zhang et al. 2025)","Data centre facility, hyperscale, Virginia (Zhang et al. 2025) (blended)",366.906,173,blended,0.366906,0.633094,366.906,633.094,0.0,,322424765.0580829,3,1600092000.0,587083355.352,1013008644.6480001,,carbon_api
2025-01-03 17:30:00,blended,"Data centre facility, hyperscale, Virginia (Zhang et al. 2025)","Data centre facility, hyperscale, Virginia (Zhang et al. 2025) (blended)",366.906,180,blended,0.366906,0.633094,366.906,633.094,0.0,,333860179.7423242,3,1600092000.0,587083355.352,1013008644.6480001,,carbon_api
2025-01-03 18:00:00,blended,"Data centre facility, hyperscale, Virginia (Zhang et al. 2025)","Data centre facility, hyperscale, Virginia (Zhang et al. 2025) (blended)",302.488,189,blended,0.302488,0.697512,302.488,697.5120000000001,0.0,,377597911.3613065,3,1600092000.0,484008628.89599997,1116083371.104,,carbon_api
2025-01-03 18:30:00,blended,"Data centre facility, hyperscale, Virginia (Zhang et al. 2025)","Data centre facility, hyperscale, Virginia (Zhang et al. 2025) (blended)",302.488,192,blended,0.302488,0.697512,302.488,697.5120000000001,0.0,,384001047.33671135,3,1600092000.0,484008628.89599997,1116083371.104,,carbon_api
2025-01-03 19:00:00,blended,"Data centre facility, hyperscale, Virginia (Zhang et al. 2025)","Data centre facility, hyperscale, Virginia (Zhang et al. 2025) (blended)",231.797,194,blended,0.231797,0.768203,231.797,768.203,0.0,,421674315.23850805,3,1600092000.0,370896525.324,1229195474.6759999,,carbon_api
2025-01-03 19:30:00,blended,"Data centre facility, hyperscale, Virginia (Zhang et al. 2025)","Data centre facility, hyperscale, Virginia (Zhang et al. 2025) (blended)",231.797,197,blended,0.231797,0.768203,231.797,768.203,0.0,,429279854.7597823,3,1600092000.0,370896525.324,1229195474.6759999,,carbon_api
2025-01-03 20:00:00,blended,"Data centre facility, hyperscale, Virginia (Zhang et al. 2025)","Data centre facility, hyperscale, Virginia (Zhang et al. 2025) (blended)",181.576,206,blended,0.181576,0.818424,181.576,818.4240000000001,0.0,,473614329.7376625,3,1600092000.0,290538304.992,1309553695.0080001,,carbon_api
2025-01-03 20:30:00,blended,"Data centre facility, hyperscale, Virginia (Zhang et al. 2025)","Data centre facility, hyperscale, Virginia (Zhang et al. 2025) (blended)",181.576,212,blended,0.181576,0.818424,181.576,818.4240000000001,0.0,,484903606.7889914,3,1600092000.0,290538304.992,1309553695.0080001,,carbon_api
2025-01-03 21:00:00,blended,"Data centre facility, hyperscale, Virginia (Zhang et al. 2025)","Data centre facility, hyperscale, Virginia (Zhang et al. 2025) (blended)",142.265,215,blended,0.14226499999999997,0.857735,142.265,857.735,0.0,,513068917.5057925,3,1600092000.0,227637088.37999997,1372454911.6200001,,carbon_api
2025-01-03 21:30:00,blended,"Data centre facility, hyperscale, Virginia (Zhang et al. 2025)","Data centre facility, hyperscale, Virginia (Zhang et al. 2025) (blended)",142.265,219,blended,0.14226499999999997,0.857735,142.265,857.735,0.0,,526934216.3995136,3,1600092000.0,227637088.37999997,1372454911.6200001,,carbon_api
2025-01-03 22:00:00,blended,"Data centre facility, hyperscale, Virginia (Zhang et al. 2025)","Data centre facility, hyperscale, Virginia (Zhang et al. 2025) (blended)",109.57,207,blended,0.10956999999999999,0.89043,109.57,890.4300000000001,0.0,,526736060.2030098,3,1600092000.0,175322080.43999997,1424769919.5600002,,carbon_api
2025-01-03 22:30:00,blended,"Data centre facility, hyperscale, Virginia (Zhang et al. 2025)","Data centre facility, hyperscale, Virginia (Zhang et al. 2025) (blended)",109.57,190,blended,0.10956999999999999,0.89043,109.57,890.4300000000001,0.0,,493420329.81295884,3,1600092000.0,175322080.43999997,1424769919.5600002,,carbon_api
2025-01-03 23:00:00,blended,"Data centre facility, hyperscale, Virginia (Zhang et al. 2025)","Data centre facility, hyperscale, Virginia (Zhang et al. 2025) (blended)",85.691,187,blended,0.085691,0.914309,85.691,914.3090000000001,0.0,,500764173.9868415,3,1600092000.0,137113483.572,1462978516.428,,carbon_api
2025-01-03 23:30:00,blended,"Data centre facility, hyperscale, Virginia (Zhang et al. 2025)","Data centre facility, hyperscale, Virginia (Zhang et al. 2025) (blended)",85.691,201,blended,0.085691,0.914309,85.691,914.3090000000001,0.0,,535507680.6460141,3,1600092000.0,137113483.572,1462978516.428,,carbon_api
2025-01-04 00:00:00,blended,"Data centre facility, hyperscale, Virginia (Zhang et al. 2025)","Data centre facility, hyperscale, Virginia (Zhang et al. 2025) (blended)",63.503,202,blended,0.063503,0.936497,63.50300000000001,936.4970000000001,0.0,,553859929.9950341,3,1600092000.0,101610642.27600001,1498481357.724,,carbon_api
2025-01-04 00:30:00,blended,"Data centre facility, hyperscale, Virginia (Zhang et al. 2025)","Data centre facility, hyperscale, Virginia (Zhang et al. 2025) (blended)",63.503,205,blended,0.063503,0.936497,63.50300000000001,936.4970000000001,0.0,,561262159.7625985,3,1600092000.0,101610642.27600001,1498481357.724,,carbon_api
2025-01-04 01:00:00,blended,"Data centre facility, hyperscale, Virginia (Zhang et al. 2025)","Data centre facility, hyperscale, Virginia (Zhang et al. 2025) (blended)",45.576,199,blended,0.045576,0.954424,45.576,954.4240000000001,0.0,,558700283.1192725,3,1600092000.0,72925792.992,1527166207.0080001,,carbon_api
2025-01-04 01:30:00,blended,"Data centre facility, hyperscale, Virginia (Zhang et al. 2025)","Data centre facility, hyperscale, Virginia (Zhang et al. 2025) (blended)",45.576,190,blended,0.045576,0.954424,45.576,954.4240000000001,0.0,,544729794.3028648,3,1600092000.0,72925792.992,1527166207.0080001,,carbon_api
2025-01-04 02:00:00,blended,"Data centre facility, hyperscale, Virginia (Zhang et al. 2025)","Data centre facility, hyperscale, Virginia (Zhang et al. 2025) (blended)",41.353,188,blended,0.041353,0.958647,41.353,958.647,0.0,,542490248.0734397,3,1600092000.0,66168604.476,1533923395.524,,carbon_api
2025-01-04 02:30:00,blended,"Data centre facility, hyperscale, Virginia (Zhang et al. 2025)","Data centre facility, hyperscale, Virginia (Zhang et al. 2025) (blended)",41.353,191,blended,0.041353,0.958647,41.353,958.647,0.0,,545333708.5452124,3,1600092000.0,66168604.476,1533923395.524,,carbon_api
2025-01-04 03:00:00,blended,"Data centre facility, hyperscale, Virginia (Zhang et al. 2025)","Data centre facility, hyperscale, Virginia (Zhang et al. 2025) (blended)",41.697,186,blended,0.041697000000000005,0.958303,41.697,958.303,0.0,,532333817.92695713,3,1600092000.0,66719036.124000005,1533372963.876,,carbon_api
2025-01-04 03:30:00,blended,"Data centre facility, hyperscale, Virginia (Zhang et al. 2025)","Data centre facility, hyperscale, Virginia (Zhang et al. 2025) (blended)",41.697,198,blended,0.041697000000000005,0.958303,41.697,958.303,0.0,,545157610.6325939,3,1600092000.0,66719036.124000005,1533372963.876,,carbon_api
2025-01-04 04:00:00,blended,"Data centre facility, hyperscale, Virginia (Zhang et al. 2025)","Data centre facility, hyperscale, Virginia (Zhang et al. 2025) (blended)",46.611,193,blended,0.046611,0.953389,46.611,953.389,0.0,,527529228.48711264,3,1600092000.0,74581888.212,1525510111.788,,carbon_api
2025-01-04 04:30:00,blended,"Data centre facility, hyperscale, Virginia (Zhang et al. 2025)","Data centre facility, hyperscale, Virginia (Zhang et al. 2025) (blended)",46.611,221,blended,0.046611,0.953389,46.611,953.389,0.0,,564706649.1751691,3,1600092000.0,74581888.212,1525510111.788,,carbon_api
2025-01-04 05:00:00,blended,"Data centre facility, hyperscale, Virginia (Zhang et al. 2025)","Data centre facility, hyperscale, Virginia (Zhang et al. 2025) (blended)",46.188,219,blended,0.046188,0.953812,46.188,953.812,0.0,,556862593.827321,3,1600092000.0,73905049.296,1526186950.704,,carbon_api
2025-01-04 05:30:00,blended,"Data centre facility, hyperscale, Virginia (Zhang et al. 2025)","Data centre facility, hyperscale, Virginia (Zhang et al. 2025) (blended)",46.188,228,blended,0.046188,0.953812,46.188,953.812,0.0,,567052283.6908493,3,1600092000.0,73905049.296,1526186950.704,,carbon_api
2025-01-04 06:00:00,blended,"Data centre facility, hyperscale, Virginia (Zhang et al. 2025)","Data centre facility, hyperscale, Virginia (Zhang et al. 2025) (blended)",50.089,230,blended,0.050089,0.949911,50.089,949.911,0.0,,565361576.3435795,3,1600092000.0,80147008.18800001,1519944991.812,,carbon_api
2025-01-04 06:30:00,blended,"Data centre facility, hyperscale, Virginia (Zhang et al. 2025)","Data centre facility, hyperscale, Virginia (Zhang et al. 2025) (blended)",50.089,247,blended,0.050089,0.949911,50.089,949.911,0.0,,601700320.0205117,3,1600092000.0,80147008.18800001,1519944991.812,,carbon_api
2025-01-04 07:00:00,blended,"Data centre facility, hyperscale, Virginia (Zhang et al. 2025)","Data centre facility, hyperscale, Virginia (Zhang et al. 2025) (blended)",62.731,254,blended,0.062731,0.937269,62.730999999999995,937.269,0.0,,605809316.3247548,3,1600092000.0,100375371.25199999,1499716628.7480001,,carbon_api
2025-01-04 07:30:00,blended,"Data centre facility, hyperscale, Virginia (Zhang et al. 2025)","Data centre facility, hyperscale, Virginia (Zhang et al. 2025) (blended)",62.731,271,blended,0.062731,0.937269,62.730999999999995,937.269,0.0,,632404347.5691168,3,1600092000.0,100375371.25199999,1499716628.7480001,,carbon_api
2025-01-04 08:00:00,blended,"Data centre facility, hyperscale, Virginia (Zhang et al. 2025)","Data centre facility, hyperscale, Virginia (Zhang et al. 2025) (blended)",76.432,276,blended,0.076432,0.923568,76.432,923.568,0.0,,637598995.5576437,3,1600092000.0,122298231.744,1477793768.2559998,,carbon_api
2025-01-04 08:30:00,blended,"Data centre facility, hyperscale, Virginia (Zhang et al. 2025)","Data centre facility, hyperscale, Virginia (Zhang et al. 2025) (blended)",76.432,249,blended,0.076432,0.923568,76.432,923.568,0.0,,604277323.8255029,3,1600092000.0,122298231.744,1477793768.2559998,,carbon_api
2025-01-04 09:00:00,blended,"Data centre facility, hyperscale, Virginia (Zhang et al. 2025)","Data centre facility, hyperscale, Virginia (Zhang et al. 2025) (blended)",87.709,248,blended,0.08770900000000001,0.912291,87.709,912.2909999999999,0.0,,596267372.5632523,3,1600092000.0,140342469.22800002,1459749530.7719998,,carbon_api
2025-01-04 09:30:00,blended,"Data centre facility, hyperscale, Virginia (Zhang et al. 2025)","Data centre facility, hyperscale, Virginia (Zhang et al. 2025) (blended)",87.709,245,blended,0.08770900000000001,0.912291,87.709,912.2909999999999,0.0,,589325251.0197071,3,1600092000.0,140342469.22800002,1459749530.7719998,,carbon_api
2025-01-04 10:00:00,blended,"Data centre facility, hyperscale, Virginia (Zhang et al. 2025)","Data centre facility, hyperscale, Virginia (Zhang et al. 2025) (blended)",90.759,249,blended,0.090759,0.909241,90.759,909.241,0.0,,597039489.5666927,3,1600092000.0,145222749.828,1454869250.172,,carbon_api
2025-01-04 10:30:00,blended,"Data centre facility, hyperscale, Virginia (Zhang et al. 2025)","Data centre facility, hyperscale, Virginia (Zhang et al. 2025) (blended)",90.759,268,blended,0.090759,0.909241,90.759,909.241,0.0,,622192466.1524429,3,1600092000.0,145222749.828,1454869250.172,,carbon_api
2025-01-04 11:00:00,blended,"Data centre facility, hyperscale, Virginia (Zhang et al. 2025)","Data centre facility, hyperscale, Virginia (Zhang et al. 2025) (blended)",90.392,267,blended,0.090392,0.909608,90.392,909.608,0.0,,620092217.2731183,3,1600092000.0,144635516.064,1455456483.9359999,,carbon_api
2025-01-04 11:30:00,blended,"Data centre facility, hyperscale, Virginia (Zhang et al. 2025)","Data centre facility, hyperscale, Virginia (Zhang et al. 2025) (blended)",90.392,236,blended,0.090392,0.909608,90.392,909.608,0.0,,578645829.3008065,3,1600092000.0,144635516.064,1455456483.9359999,,carbon_api
2025-01-04 12:00:00,blended,"Data centre facility, hyperscale, Virginia (Zhang et al. 2025)","Data centre facility, hyperscale, Virginia (Zhang et al. 2025) (blended)",107.914,235,blended,0.107914,0.892086,107.914,892.086,0.0,,566683016.3134191,3,1600092000.0,172672328.088,1427419671.9120002,,carbon_api
2025-01-04 12:30:00,blended,"Data centre facility, hyperscale, Virginia (Zhang et al. 2025)","Data centre facility, hyperscale, Virginia (Zhang et al. 2025) (blended)",107.914,230,blended,0.107914,0.892086,107.914,892.086,0.0,,558688182.2448374,3,1600092000.0,172672328.088,1427419671.9120002,,carbon_api
2025-01-04 13:00:00,blended,"Data centre facility, hyperscale, Virginia (Zhang et al. 2025)","Data centre facility, hyperscale, Virginia (Zhang et al. 2025) (blended)",134.148,232,blended,0.134148,0.8658520000000001,134.148,865.8520000000001,0.0,,549461489.8337051,3,1600092000.0,214649141.616,1385442858.384,,carbon_api
2025-01-04 13:30:00,blended,"Data centre facility, hyperscale, Virginia (Zhang et al. 2025)","Data centre facility, hyperscale, Virginia (Zhang et al. 2025) (blended)",134.148,226,blended,0.134148,0.8658520000000001,134.148,865.8520000000001,0.0,,541833535.0942311,3,1600092000.0,214649141.616,1385442858.384,,carbon_api
2025-01-04 14:00:00,blended,"Data centre facility, hyperscale, Virginia (Zhang et al. 2025)","Data centre facility, hyperscale, Virginia (Zhang et al. 2025) (blended)",191.467,230,blended,0.19146700000000003,0.808533,191.467,808.5329999999999,0.0,,516677130.7212483,3,1600092000.0,306364814.96400005,1293727185.036,,carbon_api
2025-01-04 14:30:00,blended,"Data centre facility, hyperscale, Virginia (Zhang et al. 2025)","Data centre facility, hyperscale, Virginia (Zhang et al. 2025) (blended)",191.467,230,blended,0.19146700000000003,0.808533,191.467,808.5329999999999,0.0,,516851599.96364045,3,1600092000.0,306364814.96400005,1293727185.036,,carbon_api
2025-01-04 15:00:00,blended,"Data centre facility, hyperscale, Virginia (Zhang et al. 2025)","Data centre facility, hyperscale, Virginia (Zhang et al. 2025) (blended)",240.766,230,blended,0.24076599999999998,0.759234,240.766,759.2339999999999,0.0,,486685881.828081,3,1600092000.0,385247750.47199994,1214844249.5279999,,carbon_api
2025-01-04 15:30:00,blended,"Data centre facility, hyperscale, Virginia (Zhang et al. 2025)","Data centre facility, hyperscale, Virginia (Zhang et al. 2025) (blended)",240.766,234,blended,0.24076599999999998,0.759234,240.766,759.2339999999999,0.0,,490866522.84669775,3,1600092000.0,385247750.47199994,1214844249.5279999,,carbon_api
2025-01-04 16:00:00,blended,"Data centre facility, hyperscale, Virginia (Zhang et al. 2025)","Data centre facility, hyperscale, Virginia (Zhang et al. 2025) (blended)",331.717,259,blended,0.331717,0.668283,331.717,668.283,0.0,,471035383.8442956,3,1600092000.0,530777717.964,1069314282.0359999,,carbon_api
2025-01-04 16:30:00,blended,"Data centre facility, hyperscale, Virginia (Zhang et al. 2025)","Data centre facility, hyperscale, Virginia (Zhang et al. 2025) (blended)",331.717,229,blended,0.331717,0.668283,331.717,668.283,0.0,,431069774.01483786,3,1600092000.0,530777717.964,1069314282.0359999,,carbon_api
2025-01-04 17:00:00,blended,"Data centre facility, hyperscale, Virginia (Zhang et al. 2025)","Data centre facility, hyperscale, Virginia (Zhang et al. 2025) (blended)",403.504,224,blended,0.40350400000000003,0.5964959999999999,403.504,596.4959999999999,0.0,,381154420.4260268,3,1600092000.0,645643522.368,954448477.6319999,,carbon_api
2025-01-04 17:30:00,blended,"Data centre facility, hyperscale, Virginia (Zhang et al. 2025)","Data centre facility, hyperscale, Virginia (Zhang et al. 2025) (blended)",403.504,218,blended,0.40350400000000003,0.5964959999999999,403.504,596.4959999999999,0.0,,372972431.55604744,3,1600092000.0,645643522.368,954448477.6319999,,carbon_api
2025-01-04 18:00:00,blended,"Data centre facility, hyperscale, Virginia (Zhang et al. 2025)","Data centre facility, hyperscale, Virginia (Zhang et al. 2025) (blended)",425.119,211,blended,0.425119,0.574881,425.119,574.881,0.0,,351116597.4527497,3,1600092000.0,680229510.9480001,919862489.0519999,,carbon_api
2025-01-04 18:30:00,blended,"Data centre facility, hyperscale, Virginia (Zhang et al. 2025)","Data centre facility, hyperscale, Virginia (Zhang et al. 2025) (blended)",425.119,207,blended,0.425119,0.574881,425.119,574.881,0.0,,344680274.862052,3,1600092000.0,680229510.9480001,919862489.0519999,,carbon_api
2025-01-04 19:00:00,blended,"Data centre facility, hyperscale, Virginia (Zhang et al. 2025)","Data centre facility, hyperscale, Virginia (Zhang et al. 2025) (blended)",449.549,202,blended,0.449549,0.550451,449.549,550.451,0.0,,324537122.3527182,3,1600092000.0,719319758.508,880772241.492,,carbon_api
2025-01-04 19:30:00,blended,"Data centre facility, hyperscale, Virginia (Zhang et al. 2025)","Data centre facility, hyperscale, Virginia (Zhang et al. 2025) (blended)",449.549,190,blended,0.449549,0.550451,449.549,550.451,0.0,,310592578.43652517,3,1600092000.0,719319758.508,880772241.492,,carbon_api
2025-01-04 20:00:00,blended,"Data centre facility, hyperscale, Virginia (Zhang et al. 2025)","Data centre facility, hyperscale, Virginia (Zhang et al. 2025) (blended)",491.339,179,blended,0.491339,0.508661,491.339,508.66100000000006,0.0,,278285932.82160133,3,1600092000.0,786187603.1880001,813904396.812,,carbon_api
2025-01-04 20:30:00,blended,"Data centre facility, hyperscale, Virginia (Zhang et al. 2025)","Data centre facility, hyperscale, Virginia (Zhang et al. 2025) (blended)",491.339,167,blended,0.491339,0.508661,491.339,508.66100000000006,0.0,,261969045.9609372,3,1600092000.0,786187603.1880001,813904396.812,,carbon_api
2025-01-04 21:00:00,blended,"Data centre facility, hyperscale, Virginia (Zhang et al. 2025)","Data centre facility, hyperscale, Virginia (Zhang et al. 2025) (blended)",500.715,155,blended,0.500715,0.499285,500.71500000000003,499.28499999999997,0.0,,243843287.2783327,3,1600092000.0,801190065.7800001,798901934.2199999,,carbon_api
2025-01-04 21:30:00,blended,"Data centre facility, hyperscale, Virginia (Zhang et al. 2025)","Data centre facility, hyperscale, Virginia (Zhang et al. 2025) (blended)",500.715,135,blended,0.500715,0.499285,500.71500000000003,499.28499999999997,0.0,,224914099.64172432,3,1600092000.0,801190065.7800001,798901934.2199999,,carbon_api
2025-01-04 22:00:00,blended,"Data centre facility, hyperscale, Virginia (Zhang et al. 2025)","Data centre facility, hyperscale, Virginia (Zhang et al. 2025) (blended)",453.905,117,blended,0.45390499999999995,0.546095,453.905,546.095,0.0,,221267039.26409858,3,1600092000.0,726289759.2599999,873802240.74,,carbon_api
2025-01-04 22:30:00,blended,"Data centre facility, hyperscale, Virginia (Zhang et al. 2025)","Data centre facility, hyperscale, Virginia (Zhang et al. 2025) (blended)",453.905,109,blended,0.45390499999999995,0.546095,453.905,546.095,0.0,,210771606.42940557,3,1600092000.0,726289759.2599999,873802240.74,,carbon_api
2025-01-04 23:00:00,blended,"Data centre facility, hyperscale, Virginia (Zhang et al. 2025)","Data centre facility, hyperscale, Virginia (Zhang et al. 2025) (blended)",477.767,104,blended,0.477767,0.522233,477.767,522.233,0.0,,197408368.11268267,3,1600092000.0,764471154.564,835620845.4359999,,carbon_api
2025-01-04 23:30:00,blended,"Data centre facility, hyperscale, Virginia (Zhang et al. 2025)","Data centre facility, hyperscale, Virginia (Zhang et al. 2025) (blended)",477.767,85,blended,0.477767,0.522233,477.767,522.233,0.0,,174979345.99967867,3,1600092000.0,764471154.564,835620845.4359999,,carbon_api
2025-01-05 00:00:00,blended,"Data centre facility, hyperscale, Virginia (Zhang et al. 2025)","Data centre facility, hyperscale, Virginia (Zhang et al. 2025) (blended)",585.616,77,blended,0.585616,0.414384,585.616,414.38399999999996,0.0,,140364491.88326183,3,1600092000.0,937039476.672,663052523.328,,carbon_api
2025-01-05 00:30:00,blended,"Data centre facility, hyperscale, Virginia (Zhang et al. 2025)","Data centre facility, hyperscale, Virginia (Zhang et al. 2025) (blended)",585.616,72,blended,0.585616,0.414384,585.616,414.38399999999996,0.0,,135671056.71349525,3,1600092000.0,937039476.672,663052523.328,,carbon_api
2025-01-05 01:00:00,blended,"Data centre facility, hyperscale, Virginia (Zhang et al. 2025)","Data centre facility, hyperscale, Virginia (Zhang et al. 2025) (blended)",709.443,67,blended,0.7094429999999999,0.29055700000000007,709.443,290.5570000000001,0.0,,105233313.75145411,3,1600092000.0,1135174068.7559998,464917931.2440001,,carbon_api
2025-01-05 01:30:00,blended,"Data centre facility, hyperscale, Virginia (Zhang et al. 2025)","Data centre facility, hyperscale, Virginia (Zhang et al. 2025) (blended)",709.443,66,blended,0.7094429999999999,0.29055700000000007,709.443,290.5570000000001,0.0,,105159664.2067258,3,1600092000.0,1135174068.7559998,464917931.2440001,,carbon_api
2025-01-05 02:00:00,blended,"Data centre facility, hyperscale, Virginia (Zhang et al. 2025)","Data centre facility, hyperscale, Virginia (Zhang et al. 2025) (blended)",647.174,59,blended,0.647174,0.352826,647.174,352.82599999999996,0.0,,111164109.90684411,3,1600092000.0,1035537940.008,564554059.992,,carbon_api
2025-01-05 02:30:00,blended,"Data centre facility, hyperscale, Virginia (Zhang et al. 2025)","Data centre facility, hyperscale, Virginia (Zhang et al. 2025) (blended)",647.174,57,blended,0.647174,0.352826,647.174,352.82599999999996,0.0,,109425251.21933252,3,1600092000.0,1035537940.008,564554059.992,,carbon_api
2025-01-05 03:00:00,blended,"Data centre facility, hyperscale, Virginia (Zhang et al. 2025)","Data centre facility, hyperscale, Virginia (Zhang et al. 2025) (blended)",389.902,55,blended,0.38990199999999997,0.610098,389.902,610.0980000000001,0.0,,153563504.4776511,3,1600092000.0,623879070.984,976212929.016,,carbon_api
2025-01-05 03:30:00,blended,"Data centre facility, hyperscale, Virginia (Zhang et al. 2025)","Data centre facility, hyperscale, Virginia (Zhang et al. 2025) (blended)",389.902,53,blended,0.38990199999999997,0.610098,389.902,610.0980000000001,0.0,,151588412.14489347,3,1600092000.0,623879070.984,976212929.016,,carbon_api
2025-01-05 04:00:00,blended,"Data centre facility, hyperscale, Virginia (Zhang et al. 2025)","Data centre facility, hyperscale, Virginia (Zhang et al. 2025) (blended)",248.692,54,blended,0.248692,0.751308,248.692,751.308,0.0,,176387449.36479658,3,1600092000.0,397930079.664,1202161920.336,,carbon_api
2025-01-05 04:30:00,blended,"Data centre facility, hyperscale, Virginia (Zhang et al. 2025)","Data centre facility, hyperscale, Virginia (Zhang et al. 2025) (blended)",248.692,51,blended,0.248692,0.751308,248.692,751.308,0.0,,171883052.91315252,3,1600092000.0,397930079.664,1202161920.336,,carbon_api
2025-01-05 05:00:00,blended,"Data centre facility, hyperscale, Virginia (Zhang et al. 2025)","Data centre facility, hyperscale, Virginia (Zhang et al. 2025) (blended)",281.575,44,blended,0.28157499999999996,0.7184250000000001,281.575,718.4250000000001,0.0,,151486392.1773862,3,1600092000.0,450545904.8999999,1149546095.1000001,,carbon_api
2025-01-05 05:30:00,blended,"Data centre facility, hyperscale, Virginia (Zhang et al. 2025)","Data centre facility, hyperscale, Virginia (Zhang et al. 2025) (blended)",281.575,46,blended,0.28157499999999996,0.7184250000000001,281.575,718.4250000000001,0.0,,154971006.56968012,3,1600092000.0,450545904.8999999,1149546095.1000001,,carbon_api
2025-01-05 06:00:00,blended,"Data centre facility, hyperscale, Virginia (Zhang et al. 2025)","Data centre facility, hyperscale, Virginia (Zhang et al. 2025) (blended)",410.092,42,blended,0.410092,0.589908,410.092,589.908,0.0,,120271568.87051758,3,1600092000.0,656184928.464,943907071.536,,carbon_api
2025-01-05 06:30:00,blended,"Data centre facility, hyperscale, Virginia (Zhang et al. 2025)","Data centre facility, hyperscale, Virginia (Zhang et al. 2025) (blended)",410.092,46,blended,0.410092,0.589908,410.092,589.908,0.0,,133130053.25576484,3,1600092000.0,656184928.464,943907071.536,,carbon_api
2025-01-05 07:00:00,blended,"Data centre facility, hyperscale, Virginia (Zhang et al. 2025)","Data centre facility, hyperscale, Virginia (Zhang et al. 2025) (blended)",590.333,56,blended,0.590333,0.409667,590.333,409.66700000000003,0.0,,116434175.79330078,3,1600092000.0,944587110.636,655504889.364,,carbon_api
2025-01-05 07:30:00,blended,"Data centre facility, hyperscale, Virginia (Zhang et al. 2025)","Data centre facility, hyperscale, Virginia (Zhang et al. 2025) (blended)",590.333,57,blended,0.590333,0.409667,590.333,409.66700000000003,0.0,,116560357.86436048,3,1600092000.0,944587110.636,655504889.364,,carbon_api
2025-01-05 08:00:00,blended,"Data centre facility, hyperscale, Virginia (Zhang et al. 2025)","Data centre facility, hyperscale, Virginia (Zhang et al. 2025) (blended)",722.681,78,blended,0.722681,0.277319,722.681,277.31899999999996,0.0,,106682472.40998828,3,1600092000.0,1156356086.652,443735913.348,,carbon_api
2025-01-05 08:30:00,blended,"Data centre facility, hyperscale, Virginia (Zhang et al. 2025)","Data centre facility, hyperscale, Virginia (Zhang et al. 2025) (blended)",722.681,92,blended,0.722681,0.277319,722.681,277.31899999999996,0.0,,115462831.45657459,3,1600092000.0,1156356086.652,443735913.348,,carbon_api
2025-01-05 09:00:00,blended,"Data centre facility, hyperscale, Virginia (Zhang et al. 2025)","Data centre facility, hyperscale, Virginia (Zhang et al. 2025) (blended)",781.45,106,blended,0.7814500000000001,0.2185499999999999,781.45,218.5499999999999,0.0,,107139649.32499304,3,1600092000.0,1250391893.4,349700106.59999985,,carbon_api
2025-01-05 09:30:00,blended,"Data centre facility, hyperscale, Virginia (Zhang et al. 2025)","Data centre facility, hyperscale, Virginia (Zhang et al. 2025) (blended)",781.45,117,blended,0.7814500000000001,0.2185499999999999,781.45,218.5499999999999,0.0,,112516191.09301099,3,1600092000.0,1250391893.4,349700106.59999985,,carbon_api
2025-01-05 10:00:00,blended,"Data centre facility, hyperscale, Virginia (Zhang et al. 2025)","Data centre facility, hyperscale, Virginia (Zhang et al. 2025) (blended)",778.192,125,blended,0.778192,0.221808,778.192,221.808,0.0,,117780145.58760214,3,1600092000.0,1245178793.664,354913206.336,,carbon_api
2025-01-05 10:30:00,blended,"Data centre facility, hyperscale, Virginia (Zhang et al. 2025)","Data centre facility, hyperscale, Virginia (Zhang et al. 2025) (blended)",778.192,130,blended,0.778192,0.221808,778.192,221.808,0.0,,120641468.69550216,3,1600092000.0,1245178793.664,354913206.336,,carbon_api
2025-01-05 11:00:00,blended,"Data centre facility, hyperscale, Virginia (Zhang et al. 2025)","Data centre facility, hyperscale, Virginia (Zhang et al. 2025) (blended)",770.445,132,blended,0.770445,0.22955499999999995,770.445,229.55499999999995,0.0,,124223082.80259308,3,1600092000.0,1232782880.94,367309119.05999994,,carbon_api
2025-01-05 11:30:00,blended,"Data centre facility, hyperscale, Virginia (Zhang et al. 2025)","Data centre facility, hyperscale, Virginia (Zhang et al. 2025) (blended)",770.445,132,blended,0.770445,0.22955499999999995,770.445,229.55499999999995,0.0,,123965922.37105799,3,1600092000.0,1232782880.94,367309119.05999994,,carbon_api
2025-01-05 12:00:00,blended,"Data centre facility, hyperscale, Virginia (Zhang et al. 2025)","Data centre facility, hyperscale, Virginia (Zhang et al. 2025) (blended)",820.378,139,blended,0.820378,0.17962199999999995,820.378,179.62199999999996,0.0,,109411631.09651834,3,1600092000.0,1312680274.776,287411725.2239999,,carbon_api
2025-01-05 12:30:00,blended,"Data centre facility, hyperscale, Virginia (Zhang et al. 2025)","Data centre facility, hyperscale, Virginia (Zhang et al. 2025) (blended)",820.378,149,blended,0.820378,0.17962199999999995,820.378,179.62199999999996,0.0,,113655539.75083482,3,1600092000.0,1312680274.776,287411725.2239999,,carbon_api
2025-01-05 13:00:00,blended,"Data centre facility, hyperscale, Virginia (Zhang et al. 2025)","Data centre facility, hyperscale, Virginia (Zhang et al. 2025) (blended)",848.366,152,blended,0.848366,0.15163400000000005,848.366,151.63400000000004,0.0,,103719778.98389202,3,1600092000.0,1357463649.672,242628350.32800007,,carbon_api
2025-01-05 13:30:00,blended,"Data centre facility, hyperscale, Virginia (Zhang et al. 2025)","Data centre facility, hyperscale, Virginia (Zhang et al. 2025) (blended)",848.366,154,blended,0.848366,0.15163400000000005,848.366,151.63400000000004,0.0,,104562219.89734545,3,1600092000.0,1357463649.672,242628350.32800007,,carbon_api
2025-01-05 14:00:00,blended,"Data centre facility, hyperscale, Virginia (Zhang et al. 2025)","Data centre facility, hyperscale, Virginia (Zhang et al. 2025) (blended)",850.875,155,blended,0.850875,0.14912499999999995,850.875,149.12499999999994,0.0,,104084929.74230924,3,1600092000.0,1361478280.5,238613719.4999999,,carbon_api
2025-01-05 14:30:00,blended,"Data centre facility, hyperscale, Virginia (Zhang et al. 2025)","Data centre facility, hyperscale, Virginia (Zhang et al. 2025) (blended)",850.875,160,blended,0.850875,0.14912499999999995,850.875,149.12499999999994,0.0,,105770701.58067289,3,1600092000.0,1361478280.5,238613719.4999999,,carbon_api
2025-01-05 15:00:00,blended,"Data centre facility, hyperscale, Virginia (Zhang et al. 2025)","Data centre facility, hyperscale, Virginia (Zhang et al. 2025) (blended)",815.607,159,blended,0.815607,0.18439300000000003,815.607,184.39300000000003,0.0,,119688814.53774503,3,1600092000.0,1305046235.8439999,295045764.156,,carbon_api
2025-01-05 15:30:00,blended,"Data centre facility, hyperscale, Virginia (Zhang et al. 2025)","Data centre facility, hyperscale, Virginia (Zhang et al. 2025) (blended)",815.607,162,blended,0.815607,0.18439300000000003,815.607,184.39300000000003,0.0,,121105524.92879567,3,1600092000.0,1305046235.8439999,295045764.156,,carbon_api
2025-01-05 16:00:00,blended,"Data centre facility, hyperscale, Virginia (Zhang et al. 2025)","Data centre facility, hyperscale, Virginia (Zhang et al. 2025) (blended)",803.616,163,blended,0.803616,0.196384,803.616,196.38400000000001,0.0,,126337775.94837484,3,1600092000.0,1285859532.672,314232467.328,,carbon_api
2025-01-05 16:30:00,blended,"Data centre facility, hyperscale, Virginia (Zhang et al. 2025)","Data centre facility, hyperscale, Virginia (Zhang et al. 2025) (blended)",803.616,159,blended,0.803616,0.196384,803.616,196.38400000000001,0.0,,124603471.07726601,3,1600092000.0,1285859532.672,314232467.328,,carbon_api
2025-01-05 17:00:00,blended,"Data centre facility, hyperscale, Virginia (Zhang et al. 2025)","Data centre facility, hyperscale, Virginia (Zhang et al. 2025) (blended)",826.398,157,blended,0.8263980000000001,0.17360199999999992,826.398,173.60199999999992,0.0,,114093936.63233045,3,1600092000.0,1322312828.6160002,277779171.3839999,,carbon_api
2025-01-05 17:30:00,blended,"Data centre facility, hyperscale, Virginia (Zhang et al. 2025)","Data centre facility, hyperscale, Virginia (Zhang et al. 2025) (blended)",826.398,156,blended,0.8263980000000001,0.17360199999999992,826.398,173.60199999999992,0.0,,113798306.2806625,3,1600092000.0,1322312828.6160002,277779171.3839999,,carbon_api
2025-01-05 18:00:00,blended,"Data centre facility, hyperscale, Virginia (Zhang et al. 2025)","Data centre facility, hyperscale, Virginia (Zhang et al. 2025) (blended)",834.623,149,blended,0.834623,0.165377,834.623,165.377,0.0,,107951268.3243686,3,1600092000.0,1335473585.316,264618414.684,,carbon_api
2025-01-05 18:30:00,blended,"Data centre facility, hyperscale, Virginia (Zhang et al. 2025)","Data centre facility, hyperscale, Virginia (Zhang et al. 2025) (blended)",834.623,138,blended,0.834623,0.165377,834.623,165.377,0.0,,103655430.31982556,3,1600092000.0,1335473585.316,264618414.684,,carbon_api
2025-01-05 19:00:00,blended,"Data centre facility, hyperscale, Virginia (Zhang et al. 2025)","Data centre facility, hyperscale, Virginia (Zhang et al. 2025) (blended)",869.601,126,blended,0.869601,0.13039900000000004,869.601,130.39900000000003,0.0,,87458105.03952847,3,1600092000.0,1391441603.2919998,208650396.70800006,,carbon_api
2025-01-05 19:30:00,blended,"Data centre facility, hyperscale, Virginia (Zhang et al. 2025)","Data centre facility, hyperscale, Virginia (Zhang et al. 2025) (blended)",869.601,127,blended,0.869601,0.13039900000000004,869.601,130.39900000000003,0.0,,87622085.8887754,3,1600092000.0,1391441603.2919998,208650396.70800006,,carbon_api
2025-01-05 20:00:00,blended,"Data centre facility, hyperscale, Virginia (Zhang et al. 2025)","Data centre facility, hyperscale, Virginia (Zhang et al. 2025) (blended)",897.187,113,blended,0.897187,0.10281300000000004,897.187,102.81300000000005,0.0,,75369431.54223453,3,1600092000.0,1435581741.204,164510258.79600006,,carbon_api
2025-01-05 20:30:00,blended,"Data centre facility, hyperscale, Virginia (Zhang et al. 2025)","Data centre facility, hyperscale, Virginia (Zhang et al. 2025) (blended)",897.187,98,blended,0.897187,0.10281300000000004,897.187,102.81300000000005,0.0,,71794786.40111999,3,1600092000.0,1435581741.204,164510258.79600006,,carbon_api
2025-01-05 21:00:00,blended,"Data centre facility, hyperscale, Virginia (Zhang et al. 2025)","Data centre facility, hyperscale, Virginia (Zhang et al. 2025) (blended)",906.283,76,blended,0.9062830000000001,0.09371699999999994,906.283,93.71699999999994,0.0,,64864969.1770195,3,1600092000.0,1450136178.036,149955821.9639999,,carbon_api
2025-01-05 21:30:00,blended,"Data centre facility, hyperscale, Virginia (Zhang et al. 2025)","Data centre facility, hyperscale, Virginia (Zhang et al. 2025) (blended)",906.283,58,blended,0.9062830000000001,0.09371699999999994,906.283,93.71699999999994,0.0,,61091433.411536455,3,1600092000.0,1450136178.036,149955821.9639999,,carbon_api
2025-01-05 22:00:00,blended,"Data centre facility, hyperscale, Virginia (Zhang et al. 2025)","Data centre facility, hyperscale, Virginia (Zhang et al. 2025) (blended)",919.446,53,blended,0.919446,0.08055400000000001,919.446,80.55400000000002,0.0,,57810024.86358487,3,1600092000.0,1471198189.032,128893810.96800002,,carbon_api
2025-01-05 22:30:00,blended,"Data centre facility, hyperscale, Virginia (Zhang et al. 2025)","Data centre facility, hyperscale, Virginia (Zhang et al. 2025) (blended)",919.446,54,blended,0.919446,0.08055400000000001,919.446,80.55400000000002,0.0,,57828110.0621782,3,1600092000.0,1471198189.032,128893810.96800002,,carbon_api
2025-01-05 23:00:00,blended,"Data centre facility, hyperscale, Virginia (Zhang et al. 2025)","Data centre facility, hyperscale, Virginia (Zhang et al. 2025) (blended)",939.612,49,blended,0.939612,0.060388,939.612,60.388,0.0,,53041102.766796194,3,1600092000.0,1503465644.304,96626355.696,,carbon_api
2025-01-05 23:30:00,blended,"Data centre facility, hyperscale, Virginia (Zhang et al. 2025)","Data centre facility, hyperscale, Virginia (Zhang et al. 2025) (blended)",939.612,56,blended,0.939612,0.060388,939.612,60.388,0.0,,53965809.59747501,3,1600092000.0,1503465644.304,96626355.696,,carbon_api
2025-01-06 00:00:00,blended,"Data centre facility, hyperscale, Virginia (Zhang et al. 2025)","Data centre facility, hyperscale, Virginia (Zhang et al. 2025) (blended)",950.6,60,blended,0.9506,0.0494,950.6,49.4,0.0,,52383969.554346845,3,1600092000.0,1521047455.2,79044544.8,,carbon_api
2025-01-06 00:30:00,blended,"Data centre facility, hyperscale, Virginia (Zhang et al. 2025)","Data centre facility, hyperscale, Virginia (Zhang et al. 2025) (blended)",950.6,64,blended,0.9506,0.0494,950.6,49.4,0.0,,53152240.73292869,3,1600092000.0,1521047455.2,79044544.8,,carbon_api
2025-01-06 01:00:00,blended,"Data centre facility, hyperscale, Virginia (Zhang et al. 2025)","Data centre facility, hyperscale, Virginia (Zhang et al. 2025) (blended)",956.163,55,blended,0.956163,0.043837000000000015,956.163,43.83700000000002,0.0,,51126431.440910906,3,1600092000.0,1529948766.996,70143233.00400002,,carbon_api
2025-01-06 01:30:00,blended,"Data centre facility, hyperscale, Virginia (Zhang et al. 2025)","Data centre facility, hyperscale, Virginia (Zhang et al. 2025) (blended)",956.163,54,blended,0.956163,0.043837000000000015,956.163,43.83700000000002,0.0,,51168543.56993131,3,1600092000.0,1529948766.996,70143233.00400002,,carbon_api
2025-01-06 02:00:00,blended,"Data centre facility, hyperscale, Virginia (Zhang et al. 2025)","Data centre facility, hyperscale, Virginia (Zhang et al. 2025) (blended)",960.757,51,blended,0.960757,0.03924300000000003,960.757,39.24300000000003,0.0,,50275330.92614287,3,1600092000.0,1537299589.644,62792410.35600004,,carbon_api
2025-01-06 02:30:00,blended,"Data centre facility, hyperscale, Virginia (Zhang et al. 2025)","Data centre facility, hyperscale, Virginia (Zhang et al. 2025) (blended)",960.757,52,blended,0.960757,0.03924300000000003,960.757,39.24300000000003,0.0,,50476982.47646704,3,1600092000.0,1537299589.644,62792410.35600004,,carbon_api
2025-01-06 03:00:00,blended,"Data centre facility, hyperscale, Virginia (Zhang et al. 2025)","Data centre facility, hyperscale, Virginia (Zhang et al. 2025) (blended)",972.288,50,blended,0.972288,0.02771199999999996,972.288,27.71199999999996,0.0,,48379330.798390366,3,1600092000.0,1555750250.496,44341749.50399993,,carbon_api
2025-01-06 03:30:00,blended,"Data centre facility, hyperscale, Virginia (Zhang et al. 2025)","Data centre facility, hyperscale, Virginia (Zhang et al. 2025) (blended)",972.288,43,blended,0.972288,0.02771199999999996,972.288,27.71199999999996,0.0,,47519558.97793463,3,1600092000.0,1555750250.496,44341749.50399993,,carbon_api
2025-01-06 04:00:00,blended,"Data centre facility, hyperscale, Virginia (Zhang et al. 2025)","Data centre facility, hyperscale, Virginia (Zhang et al. 2025) (blended)",979.335,53,blended,0.9793350000000001,0.020664999999999933,979.335,20.664999999999935,0.0,,47178270.43342224,3,1600092000.0,1567026098.8200002,33065901.17999989,,carbon_api
2025-01-06 04:30:00,blended,"Data centre facility, hyperscale, Virginia (Zhang et al. 2025)","Data centre facility, hyperscale, Virginia (Zhang et al. 2025) (blended)",979.335,51,blended,0.9793350000000001,0.020664999999999933,979.335,20.664999999999935,0.0,,47147361.28762509,3,1600092000.0,1567026098.8200002,33065901.17999989,,carbon_api
2025-01-06 05:00:00,blended,"Data centre facility, hyperscale, Virginia (Zhang et al. 2025)","Data centre facility, hyperscale, Virginia (Zhang et al. 2025) (blended)",978.422,56,blended,0.978422,0.021577999999999986,978.422,21.577999999999985,0.0,,47526252.38765523,3,1600092000.0,1565565214.8240001,34526785.17599998,,carbon_api
2025-01-06 05:30:00,blended,"Data centre facility, hyperscale, Virginia (Zhang et al. 2025)","Data centre facility, hyperscale, Virginia (Zhang et al. 2025) (blended)",978.422,59,blended,0.978422,0.021577999999999986,978.422,21.577999999999985,0.0,,47790206.05472912,3,1600092000.0,1565565214.8240001,34526785.17599998,,carbon_api
2025-01-06 06:00:00,blended,"Data centre facility, hyperscale, Virginia (Zhang et al. 2025)","Data centre facility, hyperscale, Virginia (Zhang et al. 2025) (blended)",950.896,66,blended,0.950896,0.049104000000000037,950.896,49.104000000000035,0.0,,53635442.53578609,3,1600092000.0,1521521082.432,78570917.56800006,,carbon_api
2025-01-06 06:30:00,blended,"Data centre facility, hyperscale, Virginia (Zhang et al. 2025)","Data centre facility, hyperscale, Virginia (Zhang et al. 2025) (blended)",950.896,84,blended,0.950896,0.049104000000000037,950.896,49.104000000000035,0.0,,55750634.884326175,3,1600092000.0,1521521082.432,78570917.56800006,,carbon_api
2025-01-06 07:00:00,blended,"Data centre facility, hyperscale, Virginia (Zhang et al. 2025)","Data centre facility, hyperscale, Virginia (Zhang et al. 2025) (blended)",817.021,83,blended,0.817021,0.182979,817.021,182.979,0.0,,86827258.72518533,3,1600092000.0,1307308765.932,292783234.068,,carbon_api
2025-01-06 07:30:00,blended,"Data centre facility, hyperscale, Virginia (Zhang et al. 2025)","Data centre facility, hyperscale, Virginia (Zhang et al. 2025) (blended)",817.021,100,blended,0.817021,0.182979,817.021,182.979,0.0,,93829151.82299882,3,1600092000.0,1307308765.932,292783234.068,,carbon_api
2025-01-06 08:00:00,blended,"Data centre facility, hyperscale, Virginia (Zhang et al. 2025)","Data centre facility, hyperscale, Virginia (Zhang et al. 2025) (blended)",786.427,116,blended,0.786427,0.213573,786.427,213.573,0.0,,109487779.81806779,3,1600092000.0,1258355551.284,341736448.716,,carbon_api
2025-01-06 08:30:00,blended,"Data centre facility, hyperscale, Virginia (Zhang et al. 2025)","Data centre facility, hyperscale, Virginia (Zhang et al. 2025) (blended)",786.427,118,blended,0.786427,0.213573,786.427,213.573,0.0,,110760194.80830836,3,1600092000.0,1258355551.284,341736448.716,,carbon_api
2025-01-06 09:00:00,blended,"Data centre facility, hyperscale, Virginia (Zhang et al. 2025)","Data centre facility, hyperscale, Virginia (Zhang et al. 2025) (blended)",858.663,113,blended,0.8586630000000001,0.14133699999999993,858.663,141.33699999999993,0.0,,86486249.18231964,3,1600092000.0,1373939796.996,226152203.0039999,,carbon_api
2025-01-06 09:30:00,blended,"Data centre facility, hyperscale, Virginia (Zhang et al. 2025)","Data centre facility, hyperscale, Virginia (Zhang et al. 2025) (blended)",858.663,106,blended,0.8586630000000001,0.14133699999999993,858.663,141.33699999999993,0.0,,83909432.95741296,3,1600092000.0,1373939796.996,226152203.0039999,,carbon_api
2025-01-06 10:00:00,blended,"Data centre facility, hyperscale, Virginia (Zhang et al. 2025)","Data centre facility, hyperscale, Virginia (Zhang et al. 2025) (blended)",901.42,103,blended,0.90142,0.09858,901.42,98.58,0.0,,71239527.8464098,3,1600092000.0,1442354930.64,157737069.36,,carbon_api
2025-01-06 10:30:00,blended,"Data centre facility, hyperscale, Virginia (Zhang et al. 2025)","Data centre facility, hyperscale, Virginia (Zhang et al. 2025) (blended)",901.42,103,blended,0.90142,0.09858,901.42,98.58,0.0,,71464463.91303422,3,1600092000.0,1442354930.64,157737069.36,,carbon_api
2025-01-06 11:00:00,blended,"Data centre facility, hyperscale, Virginia (Zhang et al. 2025)","Data centre facility, hyperscale, Virginia (Zhang et al. 2025) (blended)",905.661,103,blended,0.9056609999999999,0.09433900000000006,905.661,94.33900000000006,0.0,,70246112.93786192,3,1600092000.0,1449140920.8119998,150951079.1880001,,carbon_api
2025-01-06 11:30:00,blended,"Data centre facility, hyperscale, Virginia (Zhang et al. 2025)","Data centre facility, hyperscale, Virginia (Zhang et al. 2025) (blended)",905.661,106,blended,0.9056609999999999,0.09433900000000006,905.661,94.33900000000006,0.0,,71031071.64466974,3,1600092000.0,1449140920.8119998,150951079.1880001,,carbon_api
2025-01-06 12:00:00,blended,"Data centre facility, hyperscale, Virginia (Zhang et al. 2025)","Data centre facility, hyperscale, Virginia (Zhang et al. 2025) (blended)",892.865,107,blended,0.892865,0.10713499999999998,892.865,107.13499999999998,0.0,,74742635.51280013,3,1600092000.0,1428666143.58,171425856.41999996,,carbon_api
2025-01-06 12:30:00,blended,"Data centre facility, hyperscale, Virginia (Zhang et al. 2025)","Data centre facility, hyperscale, Virginia (Zhang et al. 2025) (blended)",892.865,112,blended,0.892865,0.10713499999999998,892.865,107.13499999999998,0.0,,75894933.4017225,3,1600092000.0,1428666143.58,171425856.41999996,,carbon_api
2025-01-06 13:00:00,blended,"Data centre facility, hyperscale, Virginia (Zhang et al. 2025)","Data centre facility, hyperscale, Virginia (Zhang et al. 2025) (blended)",858.006,111,blended,0.8580059999999999,0.14199400000000006,858.006,141.99400000000006,0.0,,85961958.88970575,3,1600092000.0,1372888536.5519998,227203463.4480001,,carbon_api
2025-01-06 13:30:00,blended,"Data centre facility, hyperscale, Virginia (Zhang et al. 2025)","Data centre facility, hyperscale, Virginia (Zhang et al. 2025) (blended)",858.006,110,blended,0.8580059999999999,0.14199400000000006,858.006,141.99400000000006,0.0,,85588638.17436749,3,1600092000.0,1372888536.5519998,227203463.4480001,,carbon_api
2025-01-06 14:00:00,blended,"Data centre facility, hyperscale, Virginia (Zhang et al. 2025)","Data centre facility, hyperscale, Virginia (Zhang et al. 2025) (blended)",800.713,111,blended,0.800713,0.199287,800.713,199.28699999999998,0.0,,102697964.64635843,3,1600092000.0,1281214465.596,318877534.404,,carbon_api
2025-01-06 14:30:00,blended,"Data centre facility, hyperscale, Virginia (Zhang et al. 2025)","Data centre facility, hyperscale, Virginia (Zhang et al. 2025) (blended)",800.713,121,blended,0.800713,0.199287,800.713,199.28699999999998,0.0,,106920316.90095761,3,1600092000.0,1281214465.596,318877534.404,,carbon_api
2025-01-06 15:00:00,blended,"Data centre facility, hyperscale, Virginia (Zhang et al. 2025)","Data centre facility, hyperscale, Virginia (Zhang et al. 2025) (blended)",750.756,128,blended,0.750756,0.24924400000000002,750.756,249.24400000000003,0.0,,126213638.41524401,3,1600092000.0,1201278669.552,398813330.448,,carbon_api
2025-01-06 15:30:00,blended,"Data centre facility, hyperscale, Virginia (Zhang et al. 2025)","Data centre facility, hyperscale, Virginia (Zhang et al. 2025) (blended)",750.756,134,blended,0.750756,0.24924400000000002,750.756,249.24400000000003,0.0,,129151818.72624257,3,1600092000.0,1201278669.552,398813330.448,,carbon_api
2025-01-06 16:00:00,blended,"Data centre facility, hyperscale, Virginia (Zhang et al. 2025)","Data centre facility, hyperscale, Virginia (Zhang et al. 2025) (blended)",668.192,138,blended,0.668192,0.331808,668.192,331.808,0.0,,161160447.78443247,3,1600092000.0,1069168673.664,530923326.33599997,,carbon_api
2025-01-06 16:30:00,blended,"Data centre facility, hyperscale, Virginia (Zhang et al. 2025)","Data centre facility, hyperscale, Virginia (Zhang et al. 2025) (blended)",668.192,137,blended,0.668192,0.331808,668.192,331.808,0.0,,160878942.12129018,3,1600092000.0,1069168673.664,530923326.33599997,,carbon_api
2025-01-06 17:00:00,blended,"Data centre facility, hyperscale, Virginia (Zhang et al. 2025)","Data centre facility, hyperscale, Virginia (Zhang et al. 2025) (blended)",561.663,135,blended,0.561663,0.438337,561.663,438.337,0.0,,196637129.8739267,3,1600092000.0,898712472.996,701379527.004,,carbon_api
2025-01-06 17:30:00,blended,"Data centre facility, hyperscale, Virginia (Zhang et al. 2025)","Data centre facility, hyperscale, Virginia (Zhang et al. 2025) (blended)",561.663,134,blended,0.561663,0.438337,561.663,438.337,0.0,,196682620.49772176,3,1600092000.0,898712472.996,701379527.004,,carbon_api
2025-01-06 18:00:00,blended,"Data centre facility, hyperscale, Virginia (Zhang et al. 2025)","Data centre facility, hyperscale, Virginia (Zhang et al. 2025) (blended)",498.558,137,blended,0.498558,0.5014419999999999,498.558,501.44199999999995,0.0,,222265598.37746632,3,1600092000.0,797738667.336,802353332.6639999,,carbon_api
2025-01-06 18:30:00,blended,"Data centre facility, hyperscale, Virginia (Zhang et al. 2025)","Data centre facility, hyperscale, Virginia (Zhang et al. 2025) (blended)",498.558,137,blended,0.498558,0.5014419999999999,498.558,501.44199999999995,0.0,,221289072.41835508,3,1600092000.0,797738667.336,802353332.6639999,,carbon_api
2025-01-06 19:00:00,blended,"Data centre facility, hyperscale, Virginia (Zhang et al. 2025)","Data centre facility, hyperscale, Virginia (Zhang et al. 2025) (blended)",456.471,137,blended,0.456471,0.5435289999999999,456.471,543.5289999999999,0.0,,235035698.0167952,3,1600092000.0,730395595.332,869696404.6679999,,carbon_api
2025-01-06 19:30:00,blended,"Data centre facility, hyperscale, Virginia (Zhang et al. 2025)","Data centre facility, hyperscale, Virginia (Zhang et al. 2025) (blended)",456.471,132,blended,0.456471,0.5435289999999999,456.471,543.5289999999999,0.0,,228779385.08458525,3,1600092000.0,730395595.332,869696404.6679999,,carbon_api
2025-01-06 20:00:00,blended,"Data centre facility, hyperscale, Virginia (Zhang et al. 2025)","Data centre facility, hyperscale, Virginia (Zhang et al. 2025) (blended)",443.328,123,blended,0.443328,0.5566720000000001,443.328,556.672,0.0,,222409686.6818376,3,1600092000.0,709365586.176,890726413.8240001,,carbon_api
2025-01-06 20:30:00,blended,"Data centre facility, hyperscale, Virginia (Zhang et al. 2025)","Data centre facility, hyperscale, Virginia (Zhang et al. 2025) (blended)",443.328,121,blended,0.443328,0.5566720000000001,443.328,556.672,0.0,,221271972.79570925,3,1600092000.0,709365586.176,890726413.8240001,,carbon_api
2025-01-06 21:00:00,blended,"Data centre facility, hyperscale, Virginia (Zhang et al. 2025)","Data centre facility, hyperscale, Virginia (Zhang et al. 2025) (blended)",436.848,108,blended,0.436848,0.563152,436.848,563.1519999999999,0.0,,207212961.0159242,3,1600092000.0,698996990.016,901095009.984,,carbon_api
2025-01-06 21:30:00,blended,"Data centre facility, hyperscale, Virginia (Zhang et al. 2025)","Data centre facility, hyperscale, Virginia (Zhang et al. 2025) (blended)",436.848,104,blended,0.436848,0.563152,436.848,563.1519999999999,0.0,,205195566.91743094,3,1600092000.0,698996990.016,901095009.984,,carbon_api
2025-01-06 22:00:00,blended,"Data centre facility, hyperscale, Virginia (Zhang et al. 2025)","Data centre facility, hyperscale, Virginia (Zhang et al. 2025) (blended)",453.435,100,blended,0.453435,0.546565,453.435,546.5649999999999,0.0,,197311684.98321036,3,1600092000.0,725537716.02,874554283.9799999,,carbon_api
2025-01-06 22:30:00,blended,"Data centre facility, hyperscale, Virginia (Zhang et al. 2025)","Data centre facility, hyperscale, Virginia (Zhang et al. 2025) (blended)",453.435,106,blended,0.453435,0.546565,453.435,546.5649999999999,0.0,,204526428.89722472,3,1600092000.0,725537716.02,874554283.9799999,,carbon_api
2025-01-06 23:00:00,blended,"Data centre facility, hyperscale, Virginia (Zhang et al. 2025)","Data centre facility, hyperscale, Virginia (Zhang et al. 2025) (blended)",471.34,104,blended,0.47134,0.52866,471.34,528.66,0.0,,198123515.26461777,3,1600092000.0,754187363.28,845904636.72,,carbon_api
2025-01-06 23:30:00,blended,"Data centre facility, hyperscale, Virginia (Zhang et al. 2025)","Data centre facility, hyperscale, Virginia (Zhang et al. 2025) (blended)",471.34,89,blended,0.47134,0.52866,471.34,528.66,0.0,,180821311.08813575,3,1600092000.0,754187363.28,845904636.72,,carbon_api
2025-01-07 00:00:00,blended,"Data centre facility, hyperscale, Virginia (Zhang et al. 2025)","Data centre facility, hyperscale, Virginia (Zhang et al. 2025) (blended)",486.766,81,blended,0.48676600000000003,0.513234,486.766,513.2339999999999,0.0,,168525436.7506517,3,1600092000.0,778870382.472,821221617.528,,carbon_api
2025-01-07 00:30:00,blended,"Data centre facility, hyperscale, Virginia (Zhang et al. 2025)","Data centre facility, hyperscale, Virginia (Zhang et al. 2025) (blended)",486.766,91,blended,0.48676600000000003,0.513234,486.766,513.2339999999999,0.0,,179441925.2251581,3,1600092000.0,778870382.472,821221617.528,,carbon_api
2025-01-07 01:00:00,blended,"Data centre facility, hyperscale, Virginia (Zhang et al. 2025)","Data centre facility, hyperscale, Virginia (Zhang et al. 2025) (blended)",494.18,92,blended,0.49418,0.5058199999999999,494.18,505.81999999999994,0.0,,178890952.7983444,3,1600092000.0,790733464.5600001,809358535.4399999,,carbon_api
2025-01-07 01:30:00,blended,"Data centre facility, hyperscale, Virginia (Zhang et al. 2025)","Data centre facility, hyperscale, Virginia (Zhang et al. 2025) (blended)",494.18,102,blended,0.49418,0.5058199999999999,494.18,505.81999999999994,0.0,,189481718.58841017,3,1600092000.0,790733464.5600001,809358535.4399999,,carbon_api
2025-01-07 02:00:00,blended,"Data centre facility, hyperscale, Virginia (Zhang et al. 2025)","Data centre facility, hyperscale, Virginia (Zhang et al. 2025) (blended)",494.436,90,blended,0.494436,0.505564,494.436,505.564,0.0,,174337609.03439105,3,1600092000.0,791143088.112,808948911.888,,carbon_api
2025-01-07 02:30:00,blended,"Data centre facility, hyperscale, Virginia (Zhang et al. 2025)","Data centre facility, hyperscale, Virginia (Zhang et al. 2025) (blended)",494.436,107,blended,0.494436,0.505564,494.436,505.564,0.0,,194365052.4366412,3,1600092000.0,791143088.112,808948911.888,,carbon_api
2025-01-07 03:00:00,blended,"Data centre facility, hyperscale, Virginia (Zhang et al. 2025)","Data centre facility, hyperscale, Virginia (Zhang et al. 2025) (blended)",463.465,103,blended,0.46346499999999996,0.536535,463.465,536.535,0.0,,195470080.13298386,3,1600092000.0,741586638.78,858505361.22,,carbon_api
2025-01-07 03:30:00,blended,"Data centre facility, hyperscale, Virginia (Zhang et al. 2025)","Data centre facility, hyperscale, Virginia (Zhang et al. 2025) (blended)",463.465,112,blended,0.46346499999999996,0.536535,463.465,536.535,0.0,,206071985.63529408,3,1600092000.0,741586638.78,858505361.22,,carbon_api
2025-01-07 04:00:00,blended,"Data centre facility, hyperscale, Virginia (Zhang et al. 2025)","Data centre facility, hyperscale, Virginia (Zhang et al. 2025) (blended)",445.042,93,blended,0.445042,0.5549580000000001,445.042,554.9580000000001,0.0,,186040151.37743965,3,1600092000.0,712108143.864,887983856.1360002,,carbon_api
2025-01-07 04:30:00,blended,"Data centre facility, hyperscale, Virginia (Zhang et al. 2025)","Data centre facility, hyperscale, Virginia (Zhang et al. 2025) (blended)",445.042,101,blended,0.445042,0.5549580000000001,445.042,554.9580000000001,0.0,,195399313.64539298,3,1600092000.0,712108143.864,887983856.1360002,,carbon_api
2025-01-07 05:00:00,blended,"Data centre facility, hyperscale, Virginia (Zhang et al. 2025)","Data centre facility, hyperscale, Virginia (Zhang et al. 2025) (blended)",429.974,98,blended,0.42997399999999997,0.570026,429.974,570.0260000000001,0.0,,187610242.5013301,3,1600092000.0,687997957.6079999,912094042.3920001,,carbon_api
2025-01-07 05:30:00,blended,"Data centre facility, hyperscale, Virginia (Zhang et al. 2025)","Data centre facility, hyperscale, Virginia (Zhang et al. 2025) (blended)",429.974,138,blended,0.42997399999999997,0.570026,429.974,570.0260000000001,0.0,,248405734.34286395,3,1600092000.0,687997957.6079999,912094042.3920001,,carbon_api
2025-01-07 06:00:00,blended,"Data centre facility, hyperscale, Virginia (Zhang et al. 2025)","Data centre facility, hyperscale, Virginia (Zhang et al. 2025) (blended)",432.623,139,blended,0.432623,0.567377,432.623,567.3770000000001,0.0,,247690236.37013632,3,1600092000.0,692236601.316,907855398.684,,carbon_api
2025-01-07 06:30:00,blended,"Data centre facility, hyperscale, Virginia (Zhang et al. 2025)","Data centre facility, hyperscale, Virginia (Zhang et al. 2025) (blended)",432.623,142,blended,0.432623,0.567377,432.623,567.3770000000001,0.0,,250173537.18764243,3,1600092000.0,692236601.316,907855398.684,,carbon_api
2025-01-07 07:00:00,blended,"Data centre facility, hyperscale, Virginia (Zhang et al. 2025)","Data centre facility, hyperscale, Virginia (Zhang et al. 2025) (blended)",445.242,146,blended,0.445242,0.554758,445.242,554.7579999999999,0.0,,251581082.77022988,3,1600092000.0,712428162.264,887663837.736,,carbon_api
2025-01-07 07:30:00,blended,"Data centre facility, hyperscale, Virginia (Zhang et al. 2025)","Data centre facility, hyperscale, Virginia (Zhang et al. 2025) (blended)",445.242,156,blended,0.445242,0.554758,445.242,554.7579999999999,0.0,,264147444.3382118,3,1600092000.0,712428162.264,887663837.736,,carbon_api
2025-01-07 08:00:00,blended,"Data centre facility, hyperscale, Virginia (Zhang et al. 2025)","Data centre facility, hyperscale, Virginia (Zhang et al. 2025) (blended)",441.52,161,blended,0.44151999999999997,0.5584800000000001,441.52,558.4800000000001,0.0,,271851503.75996614,3,1600092000.0,706472619.8399999,893619380.1600001,,carbon_api
2025-01-07 08:30:00,blended,"Data centre facility, hyperscale, Virginia (Zhang et al. 2025)","Data centre facility, hyperscale, Virginia (Zhang et al. 2025) (blended)",441.52,161,blended,0.44151999999999997,0.5584800000000001,441.52,558.4800000000001,0.0,,272646311.41238946,3,1600092000.0,706472619.8399999,893619380.1600001,,carbon_api
2025-01-07 09:00:00,blended,"Data centre facility, hyperscale, Virginia (Zhang et al. 2025)","Data centre facility, hyperscale, Virginia (Zhang et al. 2025) (blended)",404.175,161,blended,0.404175,0.595825,404.175,595.825,0.0,,289283912.2886423,3,1600092000.0,646717184.1,953374815.9000001,,carbon_api
2025-01-07 09:30:00,blended,"Data centre facility, hyperscale, Virginia (Zhang et al. 2025)","Data centre facility, hyperscale, Virginia (Zhang et al. 2025) (blended)",404.175,160,blended,0.404175,0.595825,404.175,595.825,0.0,,288015612.1535836,3,1600092000.0,646717184.1,953374815.9000001,,carbon_api
2025-01-07 10:00:00,blended,"Data centre facility, hyperscale, Virginia (Zhang et al. 2025)","Data centre facility, hyperscale, Virginia (Zhang et al. 2025) (blended)",402.983,159,blended,0.402983,0.597017,402.983,597.017,0.0,,288280496.0173,3,1600092000.0,644809874.436,955282125.564,,carbon_api
2025-01-07 10:30:00,blended,"Data centre facility, hyperscale, Virginia (Zhang et al. 2025)","Data centre facility, hyperscale, Virginia (Zhang et al. 2025) (blended)",402.983,153,blended,0.402983,0.597017,402.983,597.017,0.0,,281071427.22500294,3,1600092000.0,644809874.436,955282125.564,,carbon_api
2025-01-07 11:00:00,blended,"Data centre facility, hyperscale, Virginia (Zhang et al. 2025)","Data centre facility, hyperscale, Virginia (Zhang et al. 2025) (blended)",448.105,150,blended,0.44810500000000003,0.551895,448.105,551.895,0.0,,259573907.26461363,3,1600092000.0,717009225.6600001,883082774.34,,carbon_api
2025-01-07 11:30:00,blended,"Data centre facility, hyperscale, Virginia (Zhang et al. 2025)","Data centre facility, hyperscale, Virginia (Zhang et al. 2025) (blended)",448.105,147,blended,0.44810500000000003,0.551895,448.105,551.895,0.0,,255677120.7028251,3,1600092000.0,717009225.6600001,883082774.34,,carbon_api
2025-01-07 12:00:00,blended,"Data centre facility, hyperscale, Virginia (Zhang et al. 2025)","Data centre facility, hyperscale, Virginia (Zhang et al. 2025) (blended)",427.23,145,blended,0.42723,0.57277,427.23,572.77,0.0,,259980284.40260026,3,1600092000.0,683607305.16,916484694.84,,carbon_api
2025-01-07 12:30:00,blended,"Data centre facility, hyperscale, Virginia (Zhang et al. 2025)","Data centre facility, hyperscale, Virginia (Zhang et al. 2025) (blended)",427.23,147,blended,0.42723,0.57277,427.23,572.77,0.0,,263351110.51602975,3,1600092000.0,683607305.16,916484694.84,,carbon_api
2025-01-07 13:00:00,blended,"Data centre facility, hyperscale, Virginia (Zhang et al. 2025)","Data centre facility, hyperscale, Virginia (Zhang et al. 2025) (blended)",406.072,150,blended,0.406072,0.593928,406.072,593.928,0.0,,274551996.87930685,3,1600092000.0,649752558.624,950339441.376,,carbon_api
2025-01-07 13:30:00,blended,"Data centre facility, hyperscale, Virginia (Zhang et al. 2025)","Data centre facility, hyperscale, Virginia (Zhang et al. 2025) (blended)",406.072,154,blended,0.406072,0.593928,406.072,593.928,0.0,,281045714.0370106,3,1600092000.0,649752558.624,950339441.376,,carbon_api
2025-01-07 14:00:00,blended,"Data centre facility, hyperscale, Virginia (Zhang et al. 2025)","Data centre facility, hyperscale, Virginia (Zhang et al. 2025) (blended)",374.511,156,blended,0.37451100000000004,0.625489,374.511,625.4889999999999,0.0,,295440420.0758256,3,1600092000.0,599252055.0120001,1000839944.9879999,,carbon_api
2025-01-07 14:30:00,blended,"Data centre facility, hyperscale, Virginia (Zhang et al. 2025)","Data centre facility, hyperscale, Virginia (Zhang et al. 2025) (blended)",374.511,159,blended,0.37451100000000004,0.625489,374.511,625.4889999999999,0.0,,297485907.5584853,3,1600092000.0,599252055.0120001,1000839944.9879999,,carbon_api
2025-01-07 15:00:00,blended,"Data centre facility, hyperscale, Virginia (Zhang et al. 2025)","Data centre facility, hyperscale, Virginia (Zhang et al. 2025) (blended)",429.43,162,blended,0.42943000000000003,0.57057,429.43,570.57,0.0,,279646176.76394457,3,1600092000.0,687127507.5600001,912964492.44,,carbon_api
2025-01-07 15:30:00,blended,"Data centre facility, hyperscale, Virginia (Zhang et al. 2025)","Data centre facility, hyperscale, Virginia (Zhang et al. 2025) (blended)",429.43,161,blended,0.42943000000000003,0.57057,429.43,570.57,0.0,,277382087.3325502,3,1600092000.0,687127507.5600001,912964492.44,,carbon_api
2025-01-07 16:00:00,blended,"Data centre facility, hyperscale, Virginia (Zhang et al. 2025)","Data centre facility, hyperscale, Virginia (Zhang et al. 2025) (blended)",463.19,160,blended,0.46319,0.53681,463.19,536.8100000000001,0.0,,261202806.01478118,3,1600092000.0,741146613.48,858945386.52,,carbon_api
2025-01-07 16:30:00,blended,"Data centre facility, hyperscale, Virginia (Zhang et al. 2025)","Data centre facility, hyperscale, Virginia (Zhang et al. 2025) (blended)",463.19,158,blended,0.46319,0.53681,463.19,536.8100000000001,0.0,,258574712.1140204,3,1600092000.0,741146613.48,858945386.52,,carbon_api
2025-01-07 17:00:00,blended,"Data centre facility, hyperscale, Virginia (Zhang et al. 2025)","Data centre facility, hyperscale, Virginia (Zhang et al. 2025) (blended)",459.419,157,blended,0.45941899999999997,0.540581,459.419,540.581,0.0,,258219349.9819181,3,1600092000.0,735112666.548,864979333.452,,carbon_api
2025-01-07 17:30:00,blended,"Data centre facility, hyperscale, Virginia (Zhang et al. 2025)","Data centre facility, hyperscale, Virginia (Zhang et al. 2025) (blended)",459.419,156,blended,0.45941899999999997,0.540581,459.419,540.581,0.0,,257237672.33364046,3,1600092000.0,735112666.548,864979333.452,,carbon_api
2025-01-07 18:00:00,blended,"Data centre facility, hyperscale, Virginia (Zhang et al. 2025)","Data centre facility, hyperscale, Virginia (Zhang et al. 2025) (blended)",428.74,157,blended,0.42874,0.57126,428.74,571.26,0.0,,270468279.29477686,3,1600092000.0,686023444.08,914068555.92,,carbon_api
2025-01-07 18:30:00,blended,"Data centre facility, hyperscale, Virginia (Zhang et al. 2025)","Data centre facility, hyperscale, Virginia (Zhang et al. 2025) (blended)",428.74,162,blended,0.42874,0.57126,428.74,571.26,0.0,,278460887.33519655,3,1600092000.0,686023444.08,914068555.92,,carbon_api
2025-01-07 19:00:00,blended,"Data centre facility, hyperscale, Virginia (Zhang et al. 2025)","Data centre facility, hyperscale, Virginia (Zhang et al. 2025) (blended)",408.249,155,blended,0.40824900000000003,0.5917509999999999,408.249,591.7509999999999,0.0,,277405203.5643663,3,1600092000.0,653235958.908,946856041.0919999,,carbon_api
2025-01-07 19:30:00,blended,"Data centre facility, hyperscale, Virginia (Zhang et al. 2025)","Data centre facility, hyperscale, Virginia (Zhang et al. 2025) (blended)",408.249,146,blended,0.40824900000000003,0.5917509999999999,408.249,591.7509999999999,0.0,,266319486.14106342,3,1600092000.0,653235958.908,946856041.0919999,,carbon_api
2025-01-07 20:00:00,blended,"Data centre facility, hyperscale, Virginia (Zhang et al. 2025)","Data centre facility, hyperscale, Virginia (Zhang et al. 2025) (blended)",385.194,135,blended,0.38519400000000004,0.614806,385.194,614.8059999999999,0.0,,259508405.12163308,3,1600092000.0,616345837.848,983746162.152,,carbon_api
2025-01-07 20:30:00,blended,"Data centre facility, hyperscale, Virginia (Zhang et al. 2025)","Data centre facility, hyperscale, Virginia (Zhang et al. 2025) (blended)",385.194,127,blended,0.38519400000000004,0.614806,385.194,614.8059999999999,0.0,,248648072.94702423,3,1600092000.0,616345837.848,983746162.152,,carbon_api
2025-01-07 21:00:00,blended,"Data centre facility, hyperscale, Virginia (Zhang et al. 2025)","Data centre facility, hyperscale, Virginia (Zhang et al. 2025) (blended)",411.454,113,blended,0.411454,0.588546,411.454,588.546,0.0,,220945168.87381175,3,1600092000.0,658364253.768,941727746.232,,carbon_api
2025-01-07 21:30:00,blended,"Data centre facility, hyperscale, Virginia (Zhang et al. 2025)","Data centre facility, hyperscale, Virginia (Zhang et al. 2025) (blended)",411.454,100,blended,0.411454,0.588546,411.454,588.546,0.0,,204617745.48988584,3,1600092000.0,658364253.768,941727746.232,,carbon_api
2025-01-07 22:00:00,blended,"Data centre facility, hyperscale, Virginia (Zhang et al. 2025)","Data centre facility, hyperscale, Virginia (Zhang et al. 2025) (blended)",361.216,93,blended,0.361216,0.638784,361.216,638.784,0.0,,208564895.32389647,3,1600092000.0,577978831.872,1022113168.128,,carbon_api
2025-01-07 22:30:00,blended,"Data centre facility, hyperscale, Virginia (Zhang et al. 2025)","Data centre facility, hyperscale, Virginia (Zhang et al. 2025) (blended)",361.216,100,blended,0.361216,0.638784,361.216,638.784,0.0,,217067771.24709973,3,1600092000.0,577978831.872,1022113168.128,,carbon_api
2025-01-07 23:00:00,blended,"Data centre facility, hyperscale, Virginia (Zhang et al. 2025)","Data centre facility, hyperscale, Virginia (Zhang et al. 2025) (blended)",322.639,103,blended,0.322639,0.677361,322.639,677.361,0.0,,231978738.35631168,3,1600092000.0,516252082.788,1083839917.212,,carbon_api
2025-01-07 23:30:00,blended,"Data centre facility, hyperscale, Virginia (Zhang et al. 2025)","Data centre facility, hyperscale, Virginia (Zhang et al. 2025) (blended)",322.639,84,blended,0.322639,0.677361,322.639,677.361,0.0,,204108937.59911647,3,1600092000.0,516252082.788,1083839917.212,,carbon_api
2025-01-08 00:00:00,blended,"Data centre facility, hyperscale, Virginia (Zhang et al. 2025)","Data centre facility, hyperscale, Virginia (Zhang et al. 2025) (blended)",267.656,93,blended,0.267656,0.732344,267.656,732.344,0.0,,234325427.66855782,3,1600092000.0,428274224.352,1171817775.648,,carbon_api
2025-01-08 00:30:00,blended,"Data centre facility, hyperscale, Virginia (Zhang et al. 2025)","Data centre facility, hyperscale, Virginia (Zhang et al. 2025) (blended)",267.656,92,blended,0.267656,0.732344,267.656,732.344,0.0,,230724235.5843498,3,1600092000.0,428274224.352,1171817775.648,,carbon_api
2025-01-08 01:00:00,blended,"Data centre facility, hyperscale, Virginia (Zhang et al. 2025)","Data centre facility, hyperscale, Virginia (Zhang et al. 2025) (blended)",227.417,95,blended,0.227417,0.772583,227.417,772.583,0.0,,247994526.6476381,3,1600092000.0,363888122.364,1236203877.636,,carbon_api
2025-01-08 01:30:00,blended,"Data centre facility, hyperscale, Virginia (Zhang et al. 2025)","Data centre facility, hyperscale, Virginia (Zhang et al. 2025) (blended)",227.417,102,blended,0.227417,0.772583,227.417,772.583,0.0,,258718575.57759762,3,1600092000.0,363888122.364,1236203877.636,,carbon_api
2025-01-08 02:00:00,blended,"Data centre facility, hyperscale, Virginia (Zhang et al. 2025)","Data centre facility, hyperscale, Virginia (Zhang et al. 2025) (blended)",224.9,107,blended,0.22490000000000002,0.7751,224.9,775.1,0.0,,269328525.2746253,3,1600092000.0,359860690.8,1240231309.2,,carbon_api
2025-01-08 02:30:00,blended,"Data centre facility, hyperscale, Virginia (Zhang et al. 2025)","Data centre facility, hyperscale, Virginia (Zhang et al. 2025) (blended)",224.9,102,blended,0.22490000000000002,0.7751,224.9,775.1,0.0,,266308060.89978656,3,1600092000.0,359860690.8,1240231309.2,,carbon_api
2025-01-08 03:00:00,blended,"Data centre facility, hyperscale, Virginia (Zhang et al. 2025)","Data centre facility, hyperscale, Virginia (Zhang et al. 2025) (blended)",183.127,102,blended,0.183127,0.816873,183.127,816.8729999999999,0.0,,276993344.4393619,3,1600092000.0,293020047.684,1307071952.316,,carbon_api
2025-01-08 03:30:00,blended,"Data centre facility, hyperscale, Virginia (Zhang et al. 2025)","Data centre facility, hyperscale, Virginia (Zhang et al. 2025) (blended)",183.127,106,blended,0.183127,0.816873,183.127,816.8729999999999,0.0,,279153113.9123139,3,1600092000.0,293020047.684,1307071952.316,,carbon_api
2025-01-08 04:00:00,blended,"Data centre facility, hyperscale, Virginia (Zhang et al. 2025)","Data centre facility, hyperscale, Virginia (Zhang et al. 2025) (blended)",132.993,116,blended,0.132993,0.867007,132.993,867.007,0.0,,312488928.97483516,3,1600092000.0,212801035.356,1387290964.644,,carbon_api
2025-01-08 04:30:00,blended,"Data centre facility, hyperscale, Virginia (Zhang et al. 2025)","Data centre facility, hyperscale, Virginia (Zhang et al. 2025) (blended)",132.993,127,blended,0.132993,0.867007,132.993,867.007,0.0,,332081666.04158175,3,1600092000.0,212801035.356,1387290964.644,,carbon_api
2025-01-08 05:00:00,blended,"Data centre facility, hyperscale, Virginia (Zhang et al. 2025)","Data centre facility, hyperscale, Virginia (Zhang et al. 2025) (blended)",71.313,133,blended,0.071313,0.928687,71.313,928.687,0.0,,360026000.2271765,3,1600092000.0,114107360.796,1485984639.204,,carbon_api
2025-01-08 05:30:00,blended,"Data centre facility, hyperscale, Virginia (Zhang et al. 2025)","Data centre facility, hyperscale, Virginia (Zhang et al. 2025) (blended)",71.313,194,blended,0.071313,0.928687,71.313,928.687,0.0,,454345614.7913275,3,1600092000.0,114107360.796,1485984639.204,,carbon_api
2025-01-08 06:00:00,blended,"Data centre facility, hyperscale, Virginia (Zhang et al. 2025)","Data centre facility, hyperscale, Virginia (Zhang et al. 2025) (blended)",39.253,214,blended,0.039253,0.960747,39.253,960.7470000000001,0.0,,512267795.8081938,3,1600092000.0,62808411.27600001,1537283588.724,,carbon_api
2025-01-08 06:30:00,blended,"Data centre facility, hyperscale, Virginia (Zhang et al. 2025)","Data centre facility, hyperscale, Virginia (Zhang et al. 2025) (blended)",39.253,228,blended,0.039253,0.960747,39.253,960.7470000000001,0.0,,560379032.3022085,3,1600092000.0,62808411.27600001,1537283588.724,,carbon_api
2025-01-08 07:00:00,blended,"Data centre facility, hyperscale, Virginia (Zhang et al. 2025)","Data centre facility, hyperscale, Virginia (Zhang et al. 2025) (blended)",18.433,240,blended,0.018433,0.981567,18.433,981.567,0.0,,599712508.022368,3,1600092000.0,29494495.836000003,1570597504.164,,carbon_api
2025-01-08 07:30:00,blended,"Data centre facility, hyperscale, Virginia (Zhang et al. 2025)","Data centre facility, hyperscale, Virginia (Zhang et al. 2025) (blended)",18.433,227,blended,0.018433,0.981567,18.433,981.567,0.0,,591841222.2591674,3,1600092000.0,29494495.836000003,1570597504.164,,carbon_api
2025-01-08 08:00:00,blended,"Data centre facility, hyperscale, Virginia (Zhang et al. 2025)","Data centre facility, hyperscale, Virginia (Zhang et al. 2025) (blended)",7.594,233,blended,0.007594,0.992406,7.594,992.4060000000001,0.0,,613334774.6350464,3,1600092000.0,12151098.648,1587940901.352,,carbon_api
2025-01-08 08:30:00,blended,"Data centre facility, hyperscale, Virginia (Zhang et al. 2025)","Data centre facility, hyperscale, Virginia (Zhang et al. 2025) (blended)",7.594,248,blended,0.007594,0.992406,7.594,992.4060000000001,0.0,,645573130.2333661,3,1600092000.0,12151098.648,1587940901.352,,carbon_api
2025-01-08 09:00:00,blended,"Data centre facility, hyperscale, Virginia (Zhang et al. 2025)","Data centre facility, hyperscale, Virginia (Zhang et al. 2025) (blended)",9.002,238,blended,0.009002000000000001,0.990998,9.002,990.998,0.0,,625325960.4766448,3,1600092000.0,14404028.184000002,1585687971.816,,carbon_api
2025-01-08 09:30:00,blended,"Data centre facility, hyperscale, Virginia (Zhang et al. 2025)","Data centre facility, hyperscale, Virginia (Zhang et al. 2025) (blended)",9.002,234,blended,0.009002000000000001,0.990998,9.002,990.998,0.0,,618564655.5866829,3,1600092000.0,14404028.184000002,1585687971.816,,carbon_api
2025-01-08 10:00:00,blended,"Data centre facility, hyperscale, Virginia (Zhang et al. 2025)","Data centre facility, hyperscale, Virginia (Zhang et al. 2025) (blended)",26.237,233,blended,0.026237,0.973763,26.237,973.763,0.0,,605415743.7813435,3,1600092000.0,41981613.804,1558110386.196,,carbon_api
2025-01-08 10:30:00,blended,"Data centre facility, hyperscale, Virginia (Zhang et al. 2025)","Data centre facility, hyperscale, Virginia (Zhang et al. 2025) (blended)",26.237,239,blended,0.026237,0.973763,26.237,973.763,0.0,,618284305.2286555,3,1600092000.0,41981613.804,1558110386.196,,carbon_api
2025-01-08 11:00:00,blended,"Data centre facility, hyperscale, Virginia (Zhang et al. 2025)","Data centre facility, hyperscale, Virginia (Zhang et al. 2025) (blended)",51.438,239,blended,0.051438000000000005,0.948562,51.438,948.562,0.0,,604213843.8904395,3,1600092000.0,82305532.296,1517786467.704,,carbon_api
2025-01-08 11:30:00,blended,"Data centre facility, hyperscale, Virginia (Zhang et al. 2025)","Data centre facility, hyperscale, Virginia (Zhang et al. 2025) (blended)",51.438,239,blended,0.051438000000000005,0.948562,51.438,948.562,0.0,,605910319.5668942,3,1600092000.0,82305532.296,1517786467.704,,carbon_api
2025-01-08 12:00:00,blended,"Data centre facility, hyperscale, Virginia (Zhang et al. 2025)","Data centre facility, hyperscale, Virginia (Zhang et al. 2025) (blended)",77.87,233,blended,0.07787000000000001,0.92213,77.87,922.13,0.0,,576308375.3981832,3,1600092000.0,124599164.04,1475492835.96,,carbon_api
2025-01-08 12:30:00,blended,"Data centre facility, hyperscale, Virginia (Zhang et al. 2025)","Data centre facility, hyperscale, Virginia (Zhang et al. 2025) (blended)",77.87,230,blended,0.07787000000000001,0.92213,77.87,922.13,0.0,,569378076.18347,3,1600092000.0,124599164.04,1475492835.96,,carbon_api
2025-01-08 13:00:00,blended,"Data centre facility, hyperscale, Virginia (Zhang et al. 2025)","Data centre facility, hyperscale, Virginia (Zhang et al. 2025) (blended)",123.025,231,blended,0.12302500000000001,0.876975,123.025,876.9749999999999,0.0,,544322570.4296892,3,1600092000.0,196851318.3,1403240681.6999998,,carbon_api
2025-01-08 13:30:00,blended,"Data centre facility, hyperscale, Virginia (Zhang et al. 2025)","Data centre facility, hyperscale, Virginia (Zhang et al. 2025) (blended)",123.025,245,blended,0.12302500000000001,0.876975,123.025,876.9749999999999,0.0,,570836357.7265227,3,1600092000.0,196851318.3,1403240681.6999998,,carbon_api
2025-01-08 14:00:00,blended,"Data centre facility, hyperscale, Virginia (Zhang et al. 2025)","Data centre facility, hyperscale, Virginia (Zhang et al. 2025) (blended)",187.725,231,blended,0.187725,0.812275,187.725,812.275,0.0,,508194101.8945934,3,1600092000.0,300377270.7,1299714729.3,,carbon_api
2025-01-08 14:30:00,blended,"Data centre facility, hyperscale, Virginia (Zhang et al. 2025)","Data centre facility, hyperscale, Virginia (Zhang et al. 2025) (blended)",187.725,234,blended,0.187725,0.812275,187.725,812.275,0.0,,514531453.93558466,3,1600092000.0,300377270.7,1299714729.3,,carbon_api
2025-01-08 15:00:00,blended,"Data centre facility, hyperscale, Virginia (Zhang et al. 2025)","Data centre facility, hyperscale, Virginia (Zhang et al. 2025) (blended)",220.248,232,blended,0.220248,0.779752,220.248,779.752,0.0,,493191689.8368937,3,1600092000.0,352417062.816,1247674937.184,,carbon_api
2025-01-08 15:30:00,blended,"Data centre facility, hyperscale, Virginia (Zhang et al. 2025)","Data centre facility, hyperscale, Virginia (Zhang et al. 2025) (blended)",220.248,229,blended,0.220248,0.779752,220.248,779.752,0.0,,487302303.84556687,3,1600092000.0,352417062.816,1247674937.184,,carbon_api
2025-01-08 16:00:00,blended,"Data centre facility, hyperscale, Virginia (Zhang et al. 2025)","Data centre facility, hyperscale, Virginia (Zhang et al. 2025) (blended)",296.723,228,blended,0.296723,0.7032769999999999,296.723,703.2769999999999,0.0,,443222932.4732401,3,1600092000.0,474784098.51600003,1125307901.484,,carbon_api
2025-01-08 16:30:00,blended,"Data centre facility, hyperscale, Virginia (Zhang et al. 2025)","Data centre facility, hyperscale, Virginia (Zhang et al. 2025) (blended)",296.723,229,blended,0.296723,0.7032769999999999,296.723,703.2769999999999,0.0,,443195215.9076113,3,1600092000.0,474784098.51600003,1125307901.484,,carbon_api
2025-01-08 17:00:00,blended,"Data centre facility, hyperscale, Virginia (Zhang et al. 2025)","Data centre facility, hyperscale, Virginia (Zhang et al. 2025) (blended)",237.803,222,blended,0.237803,0.762197,237.803,762.197,0.0,,464409191.6993121,3,1600092000.0,380506677.876,1219585322.124,,carbon_api
2025-01-08 17:30:00,blended,"Data centre facility, hyperscale, Virginia (Zhang et al. 2025)","Data centre facility, hyperscale, Virginia (Zhang et al. 2025) (blended)",237.803,218,blended,0.237803,0.762197,237.803,762.197,0.0,,458000682.9959934,3,1600092000.0,380506677.876,1219585322.124,,carbon_api
2025-01-08 18:00:00,blended,"Data centre facility, hyperscale, Virginia (Zhang et al. 2025)","Data centre facility, hyperscale, Virginia (Zhang et al. 2025) (blended)",187.688,219,blended,0.187688,0.812312,187.688,812.312,0.0,,486072373.9677063,3,1600092000.0,300318067.296,1299773932.704,,carbon_api
2025-01-08 18:30:00,blended,"Data centre facility, hyperscale, Virginia (Zhang et al. 2025)","Data centre facility, hyperscale, Virginia (Zhang et al. 2025) (blended)",187.688,218,blended,0.187688,0.812312,187.688,812.312,0.0,,486081896.56193936,3,1600092000.0,300318067.296,1299773932.704,,carbon_api
2025-01-08 19:00:00,blended,"Data centre facility, hyperscale, Virginia (Zhang et al. 2025)","Data centre facility, hyperscale, Virginia (Zhang et al. 2025) (blended)",184.405,217,blended,0.184405,0.815595,184.405,815.5949999999999,0.0,,485035601.3742795,3,1600092000.0,295064965.26000005,1305027034.74,,carbon_api
2025-01-08 19:30:00,blended,"Data centre facility, hyperscale, Virginia (Zhang et al. 2025)","Data centre facility, hyperscale, Virginia (Zhang et al. 2025) (blended)",184.405,214,blended,0.184405,0.815595,184.405,815.5949999999999,0.0,,480109949.4299769,3,1600092000.0,295064965.26000005,1305027034.74,,carbon_api
2025-01-08 20:00:00,blended,"Data centre facility, hyperscale, Virginia (Zhang et al. 2025)","Data centre facility, hyperscale, Virginia (Zhang et al. 2025) (blended)",195.309,216,blended,0.195309,0.804691,195.309,804.691,0.0,,476096068.3749285,3,1600092000.0,312512368.42800003,1287579631.572,,carbon_api
2025-01-08 20:30:00,blended,"Data centre facility, hyperscale, Virginia (Zhang et al. 2025)","Data centre facility, hyperscale, Virginia (Zhang et al. 2025) (blended)",195.309,214,blended,0.195309,0.804691,195.309,804.691,0.0,,474677242.83772534,3,1600092000.0,312512368.42800003,1287579631.572,,carbon_api
2025-01-08 21:00:00,blended,"Data centre facility, hyperscale, Virginia (Zhang et al. 2025)","Data centre facility, hyperscale, Virginia (Zhang et al. 2025) (blended)",217.39,214,blended,0.21739,0.78261,217.39,782.61,0.0,,463867298.32099813,3,1600092000.0,347843999.88,1252248000.1200001,,carbon_api
2025-01-08 21:30:00,blended,"Data centre facility, hyperscale, Virginia (Zhang et al. 2025)","Data centre facility, hyperscale, Virginia (Zhang et al. 2025) (blended)",217.39,215,blended,0.21739,0.78261,217.39,782.61,0.0,,464649309.0957671,3,1600092000.0,347843999.88,1252248000.1200001,,carbon_api
2025-01-08 22:00:00,blended,"Data centre facility, hyperscale, Virginia (Zhang et al. 2025)","Data centre facility, hyperscale, Virginia (Zhang et al. 2025) (blended)",237.357,209,blended,0.237357,0.762643,237.357,762.6429999999999,0.0,,445188934.3689208,3,1600092000.0,379793036.84400004,1220298963.156,,carbon_api
2025-01-08 22:30:00,blended,"Data centre facility, hyperscale, Virginia (Zhang et al. 2025)","Data centre facility, hyperscale, Virginia (Zhang et al. 2025) (blended)",237.357,203,blended,0.237357,0.762643,237.357,762.6429999999999,0.0,,436690939.7271247,3,1600092000.0,379793036.84400004,1220298963.156,,carbon_api
2025-01-08 23:00:00,blended,"Data centre facility, hyperscale, Virginia (Zhang et al. 2025)","Data centre facility, hyperscale, Virginia (Zhang et al. 2025) (blended)",218.017,191,blended,0.218017,0.781983,218.017,781.983,0.0,,428942744.6140368,3,1600092000.0,348847257.564,1251244742.4359999,,carbon_api
2025-01-08 23:30:00,blended,"Data centre facility, hyperscale, Virginia (Zhang et al. 2025)","Data centre facility, hyperscale, Virginia (Zhang et al. 2025) (blended)",218.017,195,blended,0.218017,0.781983,218.017,781.983,0.0,,436734020.79990715,3,1600092000.0,348847257.564,1251244742.4359999,,carbon_api
2025-01-09 00:00:00,blended,"Data centre facility, hyperscale, Virginia (Zhang et al. 2025)","Data centre facility, hyperscale, Virginia (Zhang et al. 2025) (blended)",198.558,185,blended,0.19855799999999998,0.801442,198.558,801.442,0.0,,429943821.57081395,3,1600092000.0,317711067.33599997,1282380932.664,,carbon_api
2025-01-09 00:30:00,blended,"Data centre facility, hyperscale, Virginia (Zhang et al. 2025)","Data centre facility, hyperscale, Virginia (Zhang et al. 2025) (blended)",198.558,180,blended,0.19855799999999998,0.801442,198.558,801.442,0.0,,421939416.27814835,3,1600092000.0,317711067.33599997,1282380932.664,,carbon_api
2025-01-09 01:00:00,blended,"Data centre facility, hyperscale, Virginia (Zhang et al. 2025)","Data centre facility, hyperscale, Virginia (Zhang et al. 2025) (blended)",209.28,176,blended,0.20928,0.79072,209.28,790.72,0.0,,409234900.75007135,3,1600092000.0,334867253.76,1265224746.24,,carbon_api
2025-01-09 01:30:00,blended,"Data centre facility, hyperscale, Virginia (Zhang et al. 2025)","Data centre facility, hyperscale, Virginia (Zhang et al. 2025) (blended)",209.28,178,blended,0.20928,0.79072,209.28,790.72,0.0,,411576859.89849526,3,1600092000.0,334867253.76,1265224746.24,,carbon_api
2025-01-09 02:00:00,blended,"Data centre facility, hyperscale, Virginia (Zhang et al. 2025)","Data centre facility, hyperscale, Virginia (Zhang et al. 2025) (blended)",242.582,172,blended,0.242582,0.757418,242.582,757.418,0.0,,386080019.0401606,3,1600092000.0,388153517.54399997,1211938482.456,,carbon_api
2025-01-09 02:30:00,blended,"Data centre facility, hyperscale, Virginia (Zhang et al. 2025)","Data centre facility, hyperscale, Virginia (Zhang et al. 2025) (blended)",242.582,178,blended,0.242582,0.757418,242.582,757.418,0.0,,395211893.2786131,3,1600092000.0,388153517.54399997,1211938482.456,,carbon_api
2025-01-09 03:00:00,blended,"Data centre facility, hyperscale, Virginia (Zhang et al. 2025)","Data centre facility, hyperscale, Virginia (Zhang et al. 2025) (blended)",271.929,184,blended,0.271929,0.728071,271.929,728.071,0.0,,392277620.8355712,3,1600092000.0,435111417.46799994,1164980582.532,,carbon_api
2025-01-09 03:30:00,blended,"Data centre facility, hyperscale, Virginia (Zhang et al. 2025)","Data centre facility, hyperscale, Virginia (Zhang et al. 2025) (blended)",271.929,191,blended,0.271929,0.728071,271.929,728.071,0.0,,402795879.26462984,3,1600092000.0,435111417.46799994,1164980582.532,,carbon_api
2025-01-09 04:00:00,blended,"Data centre facility, hyperscale, Virginia (Zhang et al. 2025)","Data centre facility, hyperscale, Virginia (Zhang et al. 2025) (blended)",291.349,175,blended,0.29134899999999997,0.708651,291.349,708.6510000000001,0.0,,366821940.89328235,3,1600092000.0,466185204.1079999,1133906795.892,,carbon_api
2025-01-09 04:30:00,blended,"Data centre facility, hyperscale, Virginia (Zhang et al. 2025)","Data centre facility, hyperscale, Virginia (Zhang et al. 2025) (blended)",291.349,182,blended,0.29134899999999997,0.708651,291.349,708.6510000000001,0.0,,377119860.5449193,3,1600092000.0,466185204.1079999,1133906795.892,,carbon_api
2025-01-09 05:00:00,blended,"Data centre facility, hyperscale, Virginia (Zhang et al. 2025)","Data centre facility, hyperscale, Virginia (Zhang et al. 2025) (blended)",284.038,196,blended,0.284038,0.715962,284.038,715.962,0.0,,397860295.16833633,3,1600092000.0,454486931.496,1145605068.504,,carbon_api
2025-01-09 05:30:00,blended,"Data centre facility, hyperscale, Virginia (Zhang et al. 2025)","Data centre facility, hyperscale, Virginia (Zhang et al. 2025) (blended)",284.038,204,blended,0.284038,0.715962,284.038,715.962,0.0,,410543712.466659,3,1600092000.0,454486931.496,1145605068.504,,carbon_api
2025-01-09 06:00:00,blended,"Data centre facility, hyperscale, Virginia (Zhang et al. 2025)","Data centre facility, hyperscale, Virginia (Zhang et al. 2025) (blended)",266.676,197,blended,0.26667599999999997,0.7333240000000001,266.676,733.3240000000001,0.0,,404351807.1163015,3,1600092000.0,426706134.192,1173385865.808,,carbon_api
2025-01-09 06:30:00,blended,"Data centre facility, hyperscale, Virginia (Zhang et al. 2025)","Data centre facility, hyperscale, Virginia (Zhang et al. 2025) (blended)",266.676,190,blended,0.26667599999999997,0.7333240000000001,266.676,733.3240000000001,0.0,,392657479.7571585,3,1600092000.0,426706134.192,1173385865.808,,carbon_api
2025-01-09 07:00:00,blended,"Data centre facility, hyperscale, Virginia (Zhang et al. 2025)","Data centre facility, hyperscale, Virginia (Zhang et al. 2025) (blended)",245.266,192,blended,0.24526599999999998,0.754734,245.266,754.734,0.0,,404008704.4768344,3,1600092000.0,392448164.472,1207643835.528,,carbon_api
2025-01-09 07:30:00,blended,"Data centre facility, hyperscale, Virginia (Zhang et al. 2025)","Data centre facility, hyperscale, Virginia (Zhang et al. 2025) (blended)",245.266,199,blended,0.24526599999999998,0.754734,245.266,754.734,0.0,,415861889.0729922,3,1600092000.0,392448164.472,1207643835.528,,carbon_api
2025-01-09 08:00:00,blended,"Data centre facility, hyperscale, Virginia (Zhang et al. 2025)","Data centre facility, hyperscale, Virginia (Zhang et al. 2025) (blended)",225.213,195,blended,0.225213,0.774787,225.213,774.787,0.0,,416996983.77970165,3,1600092000.0,360361519.596,1239730480.404,,carbon_api
2025-01-09 08:30:00,blended,"Data centre facility, hyperscale, Virginia (Zhang et al. 2025)","Data centre facility, hyperscale, Virginia (Zhang et al. 2025) (blended)",225.213,194,blended,0.225213,0.774787,225.213,774.787,0.0,,415689245.9027569,3,1600092000.0,360361519.596,1239730480.404,,carbon_api
2025-01-09 09:00:00,blended,"Data centre facility, hyperscale, Virginia (Zhang et al. 2025)","Data centre facility, hyperscale, Virginia (Zhang et al. 2025) (blended)",205.152,178,blended,0.20515199999999997,0.794848,205.152,794.848,0.0,,398825890.18255484,3,1600092000.0,328262073.98399997,1271829926.016,,carbon_api
2025-01-09 09:30:00,blended,"Data centre facility, hyperscale, Virginia (Zhang et al. 2025)","Data centre facility, hyperscale, Virginia (Zhang et al. 2025) (blended)",205.152,164,blended,0.20515199999999997,0.794848,205.152,794.848,0.0,,375601054.31210715,3,1600092000.0,328262073.98399997,1271829926.016,,carbon_api
2025-01-09 10:00:00,blended,"Data centre facility, hyperscale, Virginia (Zhang et al. 2025)","Data centre facility, hyperscale, Virginia (Zhang et al. 2025) (blended)",221.245,167,blended,0.221245,0.778755,221.245,778.755,0.0,,376598852.6179656,3,1600092000.0,354012354.54,1246079645.46,,carbon_api
2025-01-09 10:30:00,blended,"Data centre facility, hyperscale, Virginia (Zhang et al. 2025)","Data centre facility, hyperscale, Virginia (Zhang et al. 2025) (blended)",221.245,167,blended,0.221245,0.778755,221.245,778.755,0.0,,379788562.49545926,3,1600092000.0,354012354.54,1246079645.46,,carbon_api
2025-01-09 11:00:00,blended,"Data centre facility, hyperscale, Virginia (Zhang et al. 2025)","Data centre facility, hyperscale, Virginia (Zhang et al. 2025) (blended)",243.022,161,blended,0.243022,0.756978,243.022,756.9780000000001,0.0,,362651433.57815653,3,1600092000.0,388857558.024,1211234441.976,,carbon_api
2025-01-09 11:30:00,blended,"Data centre facility, hyperscale, Virginia (Zhang et al. 2025)","Data centre facility, hyperscale, Virginia (Zhang et al. 2025) (blended)",243.022,158,blended,0.243022,0.756978,243.022,756.9780000000001,0.0,,355466381.53830445,3,1600092000.0,388857558.024,1211234441.976,,carbon_api
2025-01-09 12:00:00,blended,"Data centre facility, hyperscale, Virginia (Zhang et al. 2025)","Data centre facility, hyperscale, Virginia (Zhang et al. 2025) (blended)",288.096,153,blended,0.288096,0.711904,288.096,711.904,0.0,,328237831.71188205,3,1600092000.0,460980104.832,1139111895.168,,carbon_api
2025-01-09 12:30:00,blended,"Data centre facility, hyperscale, Virginia (Zhang et al. 2025)","Data centre facility, hyperscale, Virginia (Zhang et al. 2025) (blended)",288.096,149,blended,0.288096,0.711904,288.096,711.904,0.0,,321048838.3710624,3,1600092000.0,460980104.832,1139111895.168,,carbon_api
2025-01-09 13:00:00,blended,"Data centre facility, hyperscale, Virginia (Zhang et al. 2025)","Data centre facility, hyperscale, Virginia (Zhang et al. 2025) (blended)",336.574,144,blended,0.33657400000000004,0.663426,336.574,663.4259999999999,0.0,,293367232.0023052,3,1600092000.0,538549364.8080001,1061542635.1919999,,carbon_api
2025-01-09 13:30:00,blended,"Data centre facility, hyperscale, Virginia (Zhang et al. 2025)","Data centre facility, hyperscale, Virginia (Zhang et al. 2025) (blended)",336.574,141,blended,0.33657400000000004,0.663426,336.574,663.4259999999999,0.0,,287517929.6010801,3,1600092000.0,538549364.8080001,1061542635.1919999,,carbon_api
2025-01-09 14:00:00,blended,"Data centre facility, hyperscale, Virginia (Zhang et al. 2025)","Data centre facility, hyperscale, Virginia (Zhang et al. 2025) (blended)",343.268,144,blended,0.34326799999999996,0.6567320000000001,343.268,656.7320000000001,0.0,,287076053.1743935,3,1600092000.0,549260380.6559999,1050831619.3440001,,carbon_api
2025-01-09 14:30:00,blended,"Data centre facility, hyperscale, Virginia (Zhang et al. 2025)","Data centre facility, hyperscale, Virginia (Zhang et al. 2025) (blended)",343.268,145,blended,0.34326799999999996,0.6567320000000001,343.268,656.7320000000001,0.0,,286470076.8357038,3,1600092000.0,549260380.6559999,1050831619.3440001,,carbon_api
2025-01-09 15:00:00,blended,"Data centre facility, hyperscale, Virginia (Zhang et al. 2025)","Data centre facility, hyperscale, Virginia (Zhang et al. 2025) (blended)",425.052,149,blended,0.42505200000000004,0.574948,425.052,574.948,0.0,,259287106.5203075,3,1600092000.0,680122304.784,919969695.2160001,,carbon_api
2025-01-09 15:30:00,blended,"Data centre facility, hyperscale, Virginia (Zhang et al. 2025)","Data centre facility, hyperscale, Virginia (Zhang et al. 2025) (blended)",425.052,160,blended,0.42505200000000004,0.574948,425.052,574.948,0.0,,271472502.2131474,3,1600092000.0,680122304.784,919969695.2160001,,carbon_api
2025-01-09 16:00:00,blended,"Data centre facility, hyperscale, Virginia (Zhang et al. 2025)","Data centre facility, hyperscale, Virginia (Zhang et al. 2025) (blended)",518.523,162,blended,0.5185230000000001,0.48147699999999993,518.523,481.4769999999999,0.0,,236470971.20593306,3,1600092000.0,829684504.116,770407495.884,,carbon_api
2025-01-09 16:30:00,blended,"Data centre facility, hyperscale, Virginia (Zhang et al. 2025)","Data centre facility, hyperscale, Virginia (Zhang et al. 2025) (blended)",518.523,163,blended,0.5185230000000001,0.48147699999999993,518.523,481.4769999999999,0.0,,234847586.6628862,3,1600092000.0,829684504.116,770407495.884,,carbon_api
2025-01-09 17:00:00,blended,"Data centre facility, hyperscale, Virginia (Zhang et al. 2025)","Data centre facility, hyperscale, Virginia (Zhang et al. 2025) (blended)",490.712,165,blended,0.490712,0.509288,490.712,509.28799999999995,0.0,,247579169.15600106,3,1600092000.0,785184345.504,814907654.4959999,,carbon_api
2025-01-09 17:30:00,blended,"Data centre facility, hyperscale, Virginia (Zhang et al. 2025)","Data centre facility, hyperscale, Virginia (Zhang et al. 2025) (blended)",490.712,166,blended,0.490712,0.509288,490.712,509.28799999999995,0.0,,247618304.18570197,3,1600092000.0,785184345.504,814907654.4959999,,carbon_api
2025-01-09 18:00:00,blended,"Data centre facility, hyperscale, Virginia (Zhang et al. 2025)","Data centre facility, hyperscale, Virginia (Zhang et al. 2025) (blended)",407.271,168,blended,0.407271,0.5927290000000001,407.271,592.729,0.0,,283446764.7307184,3,1600092000.0,651671068.932,948420931.0680001,,carbon_api
2025-01-09 18:30:00,blended,"Data centre facility, hyperscale, Virginia (Zhang et al. 2025)","Data centre facility, hyperscale, Virginia (Zhang et al. 2025) (blended)",407.271,163,blended,0.407271,0.5927290000000001,407.271,592.729,0.0,,281781577.62335086,3,1600092000.0,651671068.932,948420931.0680001,,carbon_api
2025-01-09 19:00:00,blended,"Data centre facility, hyperscale, Virginia (Zhang et al. 2025)","Data centre facility, hyperscale, Virginia (Zhang et al. 2025) (blended)",366.918,166,blended,0.366918,0.6330819999999999,366.918,633.0819999999999,0.0,,302122716.558187,3,1600092000.0,587102556.4560001,1012989443.5439999,,carbon_api
2025-01-09 19:30:00,blended,"Data centre facility, hyperscale, Virginia (Zhang et al. 2025)","Data centre facility, hyperscale, Virginia (Zhang et al. 2025) (blended)",366.918,164,blended,0.366918,0.6330819999999999,366.918,633.0819999999999,0.0,,296291511.36767703,3,1600092000.0,587102556.4560001,1012989443.5439999,,carbon_api
2025-01-09 20:00:00,blended,"Data centre facility, hyperscale, Virginia (Zhang et al. 2025)","Data centre facility, hyperscale, Virginia (Zhang et al. 2025) (blended)",336.728,156,blended,0.336728,0.663272,336.728,663.2719999999999,0.0,,296859210.2310737,3,1600092000.0,538795778.9760001,1061296221.0239999,,carbon_api
2025-01-09 20:30:00,blended,"Data centre facility, hyperscale, Virginia (Zhang et al. 2025)","Data centre facility, hyperscale, Virginia (Zhang et al. 2025) (blended)",336.728,149,blended,0.336728,0.663272,336.728,663.2719999999999,0.0,,290953303.59892493,3,1600092000.0,538795778.9760001,1061296221.0239999,,carbon_api
2025-01-09 21:00:00,blended,"Data centre facility, hyperscale, Virginia (Zhang et al. 2025)","Data centre facility, hyperscale, Virginia (Zhang et al. 2025) (blended)",274.369,151,blended,0.27436900000000003,0.7256309999999999,274.369,725.6309999999999,0.0,,318481849.69910246,3,1600092000.0,439015641.9480001,1161076358.0519998,,carbon_api
2025-01-09 21:30:00,blended,"Data centre facility, hyperscale, Virginia (Zhang et al. 2025)","Data centre facility, hyperscale, Virginia (Zhang et al. 2025) (blended)",274.369,153,blended,0.27436900000000003,0.7256309999999999,274.369,725.6309999999999,0.0,,323008736.9088468,3,1600092000.0,439015641.9480001,1161076358.0519998,,carbon_api
2025-01-09 22:00:00,blended,"Data centre facility, hyperscale, Virginia (Zhang et al. 2025)","Data centre facility, hyperscale, Virginia (Zhang et al. 2025) (blended)",195.407,152,blended,0.195407,0.804593,195.407,804.593,0.0,,353807652.6849042,3,1600092000.0,312669177.444,1287422822.556,,carbon_api
2025-01-09 22:30:00,blended,"Data centre facility, hyperscale, Virginia (Zhang et al. 2025)","Data centre facility, hyperscale, Virginia (Zhang et al. 2025) (blended)",195.407,147,blended,0.195407,0.804593,195.407,804.593,0.0,,346818743.292368,3,1600092000.0,312669177.444,1287422822.556,,carbon_api
2025-01-09 23:00:00,blended,"Data centre facility, hyperscale, Virginia (Zhang et al. 2025)","Data centre facility, hyperscale, Virginia (Zhang et al. 2025) (blended)",142.067,153,blended,0.142067,0.8579330000000001,142.067,857.9330000000001,0.0,,380098422.90999657,3,1600092000.0,227320270.164,1372771729.8360002,,carbon_api
2025-01-09 23:30:00,blended,"Data centre facility, hyperscale, Virginia (Zhang et al. 2025)","Data centre facility, hyperscale, Virginia (Zhang et al. 2025) (blended)",142.067,145,blended,0.142067,0.8579330000000001,142.067,857.9330000000001,0.0,,367579926.4661412,3,1600092000.0,227320270.164,1372771729.8360002,,carbon_api
2025-01-10 00:00:00,blended,"Data centre facility, hyperscale, Virginia (Zhang et al. 2025)","Data centre facility, hyperscale, Virginia (Zhang et al. 2025) (blended)",97.939,164,blended,0.097939,0.902061,97.939,902.061,0.0,,424636883.27584404,3,1600092000.0,156711410.388,1443380589.612,,carbon_api
2025-01-10 00:30:00,blended,"Data centre facility, hyperscale, Virginia (Zhang et al. 2025)","Data centre facility, hyperscale, Virginia (Zhang et al. 2025) (blended)",97.939,183,blended,0.097939,0.902061,97.939,902.061,0.0,,453687747.0040505,3,1600092000.0,156711410.388,1443380589.612,,carbon_api
2025-01-10 01:00:00,blended,"Data centre facility, hyperscale, Virginia (Zhang et al. 2025)","Data centre facility, hyperscale, Virginia (Zhang et al. 2025) (blended)",71.787,181,blended,0.071787,0.928213,71.787,928.213,0.0,,464671029.7908075,3,1600092000.0,114865804.404,1485226195.596,,carbon_api
2025-01-10 01:30:00,blended,"Data centre facility, hyperscale, Virginia (Zhang et al. 2025)","Data centre facility, hyperscale, Virginia (Zhang et al. 2025) (blended)",71.787,171,blended,0.071787,0.928213,71.787,928.213,0.0,,455327592.3476064,3,1600092000.0,114865804.404,1485226195.596,,carbon_api
2025-01-10 02:00:00,blended,"Data centre facility, hyperscale, Virginia (Zhang et al. 2025)","Data centre facility, hyperscale, Virginia (Zhang et al. 2025) (blended)",49.893,165,blended,0.049893,0.950107,49.893,950.1070000000001,0.0,,451987997.0115018,3,1600092000.0,79833390.156,1520258609.844,,carbon_api
2025-01-10 02:30:00,blended,"Data centre facility, hyperscale, Virginia (Zhang et al. 2025)","Data centre facility, hyperscale, Virginia (Zhang et al. 2025) (blended)",49.893,166,blended,0.049893,0.950107,49.893,950.1070000000001,0.0,,451195667.9968722,3,1600092000.0,79833390.156,1520258609.844,,carbon_api
2025-01-10 03:00:00,blended,"Data centre facility, hyperscale, Virginia (Zhang et al. 2025)","Data centre facility, hyperscale, Virginia (Zhang et al. 2025) (blended)",34.097,165,blended,0.034097,0.965903,34.097,965.9029999999999,0.0,,457080373.1702762,3,1600092000.0,54558336.924,1545533663.076,,carbon_api
2025-01-10 03:30:00,blended,"Data centre facility, hyperscale, Virginia (Zhang et al. 2025)","Data centre facility, hyperscale, Virginia (Zhang et al. 2025) (blended)",34.097,169,blended,0.034097,0.965903,34.097,965.9029999999999,0.0,,465159604.373381,3,1600092000.0,54558336.924,1545533663.076,,carbon_api
2025-01-10 04:00:00,blended,"Data centre facility, hyperscale, Virginia (Zhang et al. 2025)","Data centre facility, hyperscale, Virginia (Zhang et al. 2025) (blended)",25.142,182,blended,0.025142,0.974858,25.142,974.858,0.0,,494876998.5714683,3,1600092000.0,40229513.064,1559862486.936,,carbon_api
2025-01-10 04:30:00,blended,"Data centre facility, hyperscale, Virginia (Zhang et al. 2025)","Data centre facility, hyperscale, Virginia (Zhang et al. 2025) (blended)",25.142,237,blended,0.025142,0.974858,25.142,974.858,0.0,,580219561.6296024,3,1600092000.0,40229513.064,1559862486.936,,carbon_api
2025-01-10 05:00:00,blended,"Data centre facility, hyperscale, Virginia (Zhang et al. 2025)","Data centre facility, hyperscale, Virginia (Zhang et al. 2025) (blended)",14.096,247,blended,0.014096000000000001,0.985904,14.096,985.904,0.0,,607629439.9058857,3,1600092000.0,22554896.832000002,1577537103.168,,carbon_api
2025-01-10 05:30:00,blended,"Data centre facility, hyperscale, Virginia (Zhang et al. 2025)","Data centre facility, hyperscale, Virginia (Zhang et al. 2025) (blended)",14.096,267,blended,0.014096000000000001,0.985904,14.096,985.904,0.0,,640246055.1679071,3,1600092000.0,22554896.832000002,1577537103.168,,carbon_api
2025-01-10 06:00:00,blended,"Data centre facility, hyperscale, Virginia (Zhang et al. 2025)","Data centre facility, hyperscale, Virginia (Zhang et al. 2025) (blended)",10.546,266,blended,0.010546,0.9894540000000001,10.546,989.4540000000001,0.0,,641926223.5397162,3,1600092000.0,16874570.232,1583217429.7680001,,carbon_api
2025-01-10 06:30:00,blended,"Data centre facility, hyperscale, Virginia (Zhang et al. 2025)","Data centre facility, hyperscale, Virginia (Zhang et al. 2025) (blended)",10.546,218,blended,0.010546,0.9894540000000001,10.546,989.4540000000001,0.0,,572148192.0196251,3,1600092000.0,16874570.232,1583217429.7680001,,carbon_api
2025-01-10 07:00:00,blended,"Data centre facility, hyperscale, Virginia (Zhang et al. 2025)","Data centre facility, hyperscale, Virginia (Zhang et al. 2025) (blended)",13.585,231,blended,0.013585000000000002,0.986415,13.585,986.4150000000001,0.0,,600949902.4724967,3,1600092000.0,21737249.820000004,1578354750.18,,carbon_api
2025-01-10 07:30:00,blended,"Data centre facility, hyperscale, Virginia (Zhang et al. 2025)","Data centre facility, hyperscale, Virginia (Zhang et al. 2025) (blended)",13.585,234,blended,0.013585000000000002,0.986415,13.585,986.4150000000001,0.0,,610364489.8696444,3,1600092000.0,21737249.820000004,1578354750.18,,carbon_api
2025-01-10 08:00:00,blended,"Data centre facility, hyperscale, Virginia (Zhang et al. 2025)","Data centre facility, hyperscale, Virginia (Zhang et al. 2025) (blended)",13.675,237,blended,0.013675000000000001,0.986325,13.675,986.325,0.0,,619563021.9636942,3,1600092000.0,21881258.1,1578210741.9,,carbon_api
2025-01-10 08:30:00,blended,"Data centre facility, hyperscale, Virginia (Zhang et al. 2025)","Data centre facility, hyperscale, Virginia (Zhang et al. 2025) (blended)",13.675,236,blended,0.013675000000000001,0.986325,13.675,986.325,0.0,,619463074.6535954,3,1600092000.0,21881258.1,1578210741.9,,carbon_api
2025-01-10 09:00:00,blended,"Data centre facility, hyperscale, Virginia (Zhang et al. 2025)","Data centre facility, hyperscale, Virginia (Zhang et al. 2025) (blended)",10.865,231,blended,0.010865,0.989135,10.865,989.135,0.0,,611454885.0399822,3,1600092000.0,17384999.58,1582707000.42,,carbon_api
2025-01-10 09:30:00,blended,"Data centre facility, hyperscale, Virginia (Zhang et al. 2025)","Data centre facility, hyperscale, Virginia (Zhang et al. 2025) (blended)",10.865,229,blended,0.010865,0.989135,10.865,989.135,0.0,,606704908.4360611,3,1600092000.0,17384999.58,1582707000.42,,carbon_api
2025-01-10 10:00:00,blended,"Data centre facility, hyperscale, Virginia (Zhang et al. 2025)","Data centre facility, hyperscale, Virginia (Zhang et al. 2025) (blended)",8.653,221,blended,0.008653000000000001,0.991347,8.653,991.347,0.0,,593219603.2672946,3,1600092000.0,13845596.076000001,1586246403.924,,carbon_api
2025-01-10 10:30:00,blended,"Data centre facility, hyperscale, Virginia (Zhang et al. 2025)","Data centre facility, hyperscale, Virginia (Zhang et al. 2025) (blended)",8.653,220,blended,0.008653000000000001,0.991347,8.653,991.347,0.0,,591266081.5085326,3,1600092000.0,13845596.076000001,1586246403.924,,carbon_api
2025-01-10 11:00:00,blended,"Data centre facility, hyperscale, Virginia (Zhang et al. 2025)","Data centre facility, hyperscale, Virginia (Zhang et al. 2025) (blended)",8.752,219,blended,0.008752000000000001,0.991248,8.752,991.248,0.0,,591757276.4930785,3,1600092000.0,14004005.184000002,1586087994.816,,carbon_api
2025-01-10 11:30:00,blended,"Data centre facility, hyperscale, Virginia (Zhang et al. 2025)","Data centre facility, hyperscale, Virginia (Zhang et al. 2025) (blended)",8.752,216,blended,0.008752000000000001,0.991248,8.752,991.248,0.0,,583750043.0473627,3,1600092000.0,14004005.184000002,1586087994.816,,carbon_api
2025-01-10 12:00:00,blended,"Data centre facility, hyperscale, Virginia (Zhang et al. 2025)","Data centre facility, hyperscale, Virginia (Zhang et al. 2025) (blended)",19.23,216,blended,0.01923,0.98077,19.23,980.77,0.0,,578447257.4157059,3,1600092000.0,30769769.16,1569322230.8400002,,carbon_api
2025-01-10 12:30:00,blended,"Data centre facility, hyperscale, Virginia (Zhang et al. 2025)","Data centre facility, hyperscale, Virginia (Zhang et al. 2025) (blended)",19.23,216,blended,0.01923,0.98077,19.23,980.77,0.0,,577377824.101485,3,1600092000.0,30769769.16,1569322230.8400002,,carbon_api
2025-01-10 13:00:00,blended,"Data centre facility, hyperscale, Virginia (Zhang et al. 2025)","Data centre facility, hyperscale, Virginia (Zhang et al. 2025) (blended)",32.945,214,blended,0.032945,0.967055,32.945,967.055,0.0,,566219822.2756916,3,1600092000.0,52715030.940000005,1547376969.06,,carbon_api
2025-01-10 13:30:00,blended,"Data centre facility, hyperscale, Virginia (Zhang et al. 2025)","Data centre facility, hyperscale, Virginia (Zhang et al. 2025) (blended)",32.945,216,blended,0.032945,0.967055,32.945,967.055,0.0,,568559055.6557211,3,1600092000.0,52715030.940000005,1547376969.06,,carbon_api
2025-01-10 14:00:00,blended,"Data centre facility, hyperscale, Virginia (Zhang et al. 2025)","Data centre facility, hyperscale, Virginia (Zhang et al. 2025) (blended)",59.027,221,blended,0.059027,0.940973,59.027,940.973,0.0,,564219256.7051699,3,1600092000.0,94448630.48400001,1505643369.516,,carbon_api
2025-01-10 14:30:00,blended,"Data centre facility, hyperscale, Virginia (Zhang et al. 2025)","Data centre facility, hyperscale, Virginia (Zhang et al. 2025) (blended)",59.027,231,blended,0.059027,0.940973,59.027,940.973,0.0,,582015331.882043,3,1600092000.0,94448630.48400001,1505643369.516,,carbon_api
2025-01-10 15:00:00,blended,"Data centre facility, hyperscale, Virginia (Zhang et al. 2025)","Data centre facility, hyperscale, Virginia (Zhang et al. 2025) (blended)",99.921,235,blended,0.09992100000000001,0.900079,99.921,900.079,0.0,,566802518.1539953,3,1600092000.0,159882792.73200002,1440209207.268,,carbon_api
2025-01-10 15:30:00,blended,"Data centre facility, hyperscale, Virginia (Zhang et al. 2025)","Data centre facility, hyperscale, Virginia (Zhang et al. 2025) (blended)",99.921,251,blended,0.09992100000000001,0.900079,99.921,900.079,0.0,,588707516.310538,3,1600092000.0,159882792.73200002,1440209207.268,,carbon_api
2025-01-10 16:00:00,blended,"Data centre facility, hyperscale, Virginia (Zhang et al. 2025)","Data centre facility, hyperscale, Virginia (Zhang et al. 2025) (blended)",120.575,260,blended,0.120575,0.879425,120.575,879.4250000000001,0.0,,592544085.2069318,3,1600092000.0,192931092.9,1407160907.1,,carbon_api
2025-01-10 16:30:00,blended,"Data centre facility, hyperscale, Virginia (Zhang et al. 2025)","Data centre facility, hyperscale, Virginia (Zhang et al. 2025) (blended)",120.575,261,blended,0.120575,0.879425,120.575,879.4250000000001,0.0,,597619128.8450717,3,1600092000.0,192931092.9,1407160907.1,,carbon_api
2025-01-10 17:00:00,blended,"Data centre facility, hyperscale, Virginia (Zhang et al. 2025)","Data centre facility, hyperscale, Virginia (Zhang et al. 2025) (blended)",136.969,234,blended,0.136969,0.863031,136.969,863.031,0.0,,553886687.0860163,3,1600092000.0,219163001.148,1380928998.852,,carbon_api
2025-01-10 17:30:00,blended,"Data centre facility, hyperscale, Virginia (Zhang et al. 2025)","Data centre facility, hyperscale, Virginia (Zhang et al. 2025) (blended)",136.969,234,blended,0.136969,0.863031,136.969,863.031,0.0,,554486045.2986507,3,1600092000.0,219163001.148,1380928998.852,,carbon_api
2025-01-10 18:00:00,blended,"Data centre facility, hyperscale, Virginia (Zhang et al. 2025)","Data centre facility, hyperscale, Virginia (Zhang et al. 2025) (blended)",152.585,235,blended,0.152585,0.847415,152.585,847.4150000000001,0.0,,547415590.1402515,3,1600092000.0,244150037.82,1355941962.18,,carbon_api
2025-01-10 18:30:00,blended,"Data centre facility, hyperscale, Virginia (Zhang et al. 2025)","Data centre facility, hyperscale, Virginia (Zhang et al. 2025) (blended)",152.585,233,blended,0.152585,0.847415,152.585,847.4150000000001,0.0,,544666932.9564266,3,1600092000.0,244150037.82,1355941962.18,,carbon_api
2025-01-10 19:00:00,blended,"Data centre facility, hyperscale, Virginia (Zhang et al. 2025)","Data centre facility, hyperscale, Virginia (Zhang et al. 2025) (blended)",167.4,233,blended,0.1674,0.8326,167.4,832.6,0.0,,535917126.04076254,3,1600092000.0,267855400.79999998,1332236599.2,,carbon_api
2025-01-10 19:30:00,blended,"Data centre facility, hyperscale, Virginia (Zhang et al. 2025)","Data centre facility, hyperscale, Virginia (Zhang et al. 2025) (blended)",167.4,243,blended,0.1674,0.8326,167.4,832.6,0.0,,546650518.117375,3,1600092000.0,267855400.79999998,1332236599.2,,carbon_api
2025-01-10 20:00:00,blended,"Data centre facility, hyperscale, Virginia (Zhang et al. 2025)","Data centre facility, hyperscale, Virginia (Zhang et al. 2025) (blended)",161.265,241,blended,0.161265,0.838735,161.265,838.735,0.0,,548650731.0519611,3,1600092000.0,258038836.38,1342053163.6200001,,carbon_api
2025-01-10 20:30:00,blended,"Data centre facility, hyperscale, Virginia (Zhang et al. 2025)","Data centre facility, hyperscale, Virginia (Zhang et al. 2025) (blended)",161.265,244,blended,0.161265,0.838735,161.265,838.735,0.0,,551369370.8538373,3,1600092000.0,258038836.38,1342053163.6200001,,carbon_api
2025-01-10 21:00:00,blended,"Data centre facility, hyperscale, Virginia (Zhang et al. 2025)","Data centre facility, hyperscale, Virginia (Zhang et al. 2025) (blended)",115.4,237,blended,0.1154,0.8846,115.4,884.6,0.0,,568173209.8704123,3,1600092000.0,184650616.8,1415441383.2,,carbon_api
2025-01-10 21:30:00,blended,"Data centre facility, hyperscale, Virginia (Zhang et al. 2025)","Data centre facility, hyperscale, Virginia (Zhang et al. 2025) (blended)",115.4,256,blended,0.1154,0.8846,115.4,884.6,0.0,,587797445.9624728,3,1600092000.0,184650616.8,1415441383.2,,carbon_api
2025-01-10 22:00:00,blended,"Data centre facility, hyperscale, Virginia (Zhang et al. 2025)","Data centre facility, hyperscale, Virginia (Zhang et al. 2025) (blended)",68.331,243,blended,0.068331,0.931669,68.331,931.669,0.0,,603320930.2763659,3,1600092000.0,109335886.452,1490756113.5479999,,carbon_api
2025-01-10 22:30:00,blended,"Data centre facility, hyperscale, Virginia (Zhang et al. 2025)","Data centre facility, hyperscale, Virginia (Zhang et al. 2025) (blended)",68.331,235,blended,0.068331,0.931669,68.331,931.669,0.0,,591033448.6301992,3,1600092000.0,109335886.452,1490756113.5479999,,carbon_api
2025-01-10 23:00:00,blended,"Data centre facility, hyperscale, Virginia (Zhang et al. 2025)","Data centre facility, hyperscale, Virginia (Zhang et al. 2025) (blended)",48.402,234,blended,0.048402,0.9515979999999999,48.402,951.598,0.0,,597309848.0027275,3,1600092000.0,77447652.984,1522644347.0159998,,carbon_api
2025-01-10 23:30:00,blended,"Data centre facility, hyperscale, Virginia (Zhang et al. 2025)","Data centre facility, hyperscale, Virginia (Zhang et al. 2025) (blended)",48.402,221,blended,0.048402,0.9515979999999999,48.402,951.598,0.0,,572969578.163295,3,1600092000.0,77447652.984,1522644347.0159998,,carbon_api
2025-01-11 00:00:00,blended,"Data centre facility, hyperscale, Virginia (Zhang et al. 2025)","Data centre facility, hyperscale, Virginia (Zhang et al. 2025) (blended)",44.634,221,blended,0.044634,0.955366,44.634,955.3660000000001,0.0,,576153781.0127137,3,1600092000.0,71418506.328,1528673493.6720002,,carbon_api
2025-01-11 00:30:00,blended,"Data centre facility, hyperscale, Virginia (Zhang et al. 2025)","Data centre facility, hyperscale, Virginia (Zhang et al. 2025) (blended)",44.634,218,blended,0.044634,0.955366,44.634,955.3660000000001,0.0,,572212715.6535012,3,1600092000.0,71418506.328,1528673493.6720002,,carbon_api
2025-01-11 01:00:00,blended,"Data centre facility, hyperscale, Virginia (Zhang et al. 2025)","Data centre facility, hyperscale, Virginia (Zhang et al. 2025) (blended)",45.397,220,blended,0.045397,0.954603,45.397,954.603,0.0,,574656902.1182817,3,1600092000.0,72639376.524,1527452623.476,,carbon_api
2025-01-11 01:30:00,blended,"Data centre facility, hyperscale, Virginia (Zhang et al. 2025)","Data centre facility, hyperscale, Virginia (Zhang et al. 2025) (blended)",45.397,216,blended,0.045397,0.954603,45.397,954.603,0.0,,568343691.7002273,3,1600092000.0,72639376.524,1527452623.476,,carbon_api
2025-01-11 02:00:00,blended,"Data centre facility, hyperscale, Virginia (Zhang et al. 2025)","Data centre facility, hyperscale, Virginia (Zhang et al. 2025) (blended)",51.552,209,blended,0.051552,0.948448,51.552,948.448,0.0,,553455890.8807518,3,1600092000.0,82487942.784,1517604057.2159998,,carbon_api
2025-01-11 02:30:00,blended,"Data centre facility, hyperscale, Virginia (Zhang et al. 2025)","Data centre facility, hyperscale, Virginia (Zhang et al. 2025) (blended)",51.552,220,blended,0.051552,0.948448,51.552,948.448,0.0,,569863581.0137835,3,1600092000.0,82487942.784,1517604057.2159998,,carbon_api
2025-01-11 03:00:00,blended,"Data centre facility, hyperscale, Virginia (Zhang et al. 2025)","Data centre facility, hyperscale, Virginia (Zhang et al. 2025) (blended)",53.684,218,blended,0.053683999999999996,0.946316,53.684,946.316,0.0,,564132318.2592456,3,1600092000.0,85899338.92799999,1514192661.072,,carbon_api
2025-01-11 03:30:00,blended,"Data centre facility, hyperscale, Virginia (Zhang et al. 2025)","Data centre facility, hyperscale, Virginia (Zhang et al. 2025) (blended)",53.684,215,blended,0.053683999999999996,0.946316,53.684,946.316,0.0,,557812559.9560133,3,1600092000.0,85899338.92799999,1514192661.072,,carbon_api
2025-01-11 04:00:00,blended,"Data centre facility, hyperscale, Virginia (Zhang et al. 2025)","Data centre facility, hyperscale, Virginia (Zhang et al. 2025) (blended)",51.255,214,blended,0.051255,0.948745,51.255,948.745,0.0,,555446833.0941436,3,1600092000.0,82012715.46000001,1518079284.54,,carbon_api
2025-01-11 04:30:00,blended,"Data centre facility, hyperscale, Virginia (Zhang et al. 2025)","Data centre facility, hyperscale, Virginia (Zhang et al. 2025) (blended)",51.255,227,blended,0.051255,0.948745,51.255,948.745,0.0,,569139231.3409066,3,1600092000.0,82012715.46000001,1518079284.54,,carbon_api
2025-01-11 05:00:00,blended,"Data centre facility, hyperscale, Virginia (Zhang et al. 2025)","Data centre facility, hyperscale, Virginia (Zhang et al. 2025) (blended)",50.614,227,blended,0.050614,0.949386,50.614,949.386,0.0,,567632988.9127538,3,1600092000.0,80987056.488,1519104943.5119998,,carbon_api
2025-01-11 05:30:00,blended,"Data centre facility, hyperscale, Virginia (Zhang et al. 2025)","Data centre facility, hyperscale, Virginia (Zhang et al. 2025) (blended)",50.614,241,blended,0.050614,0.949386,50.614,949.386,0.0,,591189941.0115104,3,1600092000.0,80987056.488,1519104943.5119998,,carbon_api
2025-01-11 06:00:00,blended,"Data centre facility, hyperscale, Virginia (Zhang et al. 2025)","Data centre facility, hyperscale, Virginia (Zhang et al. 2025) (blended)",49.571,245,blended,0.049571,0.950429,49.571,950.429,0.0,,599554875.33717,3,1600092000.0,79318160.53199999,1520773839.468,,carbon_api
2025-01-11 06:30:00,blended,"Data centre facility, hyperscale, Virginia (Zhang et al. 2025)","Data centre facility, hyperscale, Virginia (Zhang et al. 2025) (blended)",49.571,245,blended,0.049571,0.950429,49.571,950.429,0.0,,597880769.6584154,3,1600092000.0,79318160.53199999,1520773839.468,,carbon_api
2025-01-11 07:00:00,blended,"Data centre facility, hyperscale, Virginia (Zhang et al. 2025)","Data centre facility, hyperscale, Virginia (Zhang et al. 2025) (blended)",45.692,253,blended,0.045692,0.954308,45.692,954.308,0.0,,618342789.2405301,3,1600092000.0,73111403.664,1526980596.336,,carbon_api
2025-01-11 07:30:00,blended,"Data centre facility, hyperscale, Virginia (Zhang et al. 2025)","Data centre facility, hyperscale, Virginia (Zhang et al. 2025) (blended)",45.692,262,blended,0.045692,0.954308,45.692,954.308,0.0,,634797584.6802253,3,1600092000.0,73111403.664,1526980596.336,,carbon_api
2025-01-11 08:00:00,blended,"Data centre facility, hyperscale, Virginia (Zhang et al. 2025)","Data centre facility, hyperscale, Virginia (Zhang et al. 2025) (blended)",34.279,242,blended,0.034279000000000004,0.965721,34.279,965.721,0.0,,608896109.8014117,3,1600092000.0,54849553.668000005,1545242446.332,,carbon_api
2025-01-11 08:30:00,blended,"Data centre facility, hyperscale, Virginia (Zhang et al. 2025)","Data centre facility, hyperscale, Virginia (Zhang et al. 2025) (blended)",34.279,237,blended,0.034279000000000004,0.965721,34.279,965.721,0.0,,602690641.1632423,3,1600092000.0,54849553.668000005,1545242446.332,,carbon_api
2025-01-11 09:00:00,blended,"Data centre facility, hyperscale, Virginia (Zhang et al. 2025)","Data centre facility, hyperscale, Virginia (Zhang et al. 2025) (blended)",22.25,233,blended,0.02225,0.97775,22.25,977.75,0.0,,603009091.4796457,3,1600092000.0,35602047.0,1564489953.0,,carbon_api
2025-01-11 09:30:00,blended,"Data centre facility, hyperscale, Virginia (Zhang et al. 2025)","Data centre facility, hyperscale, Virginia (Zhang et al. 2025) (blended)",22.25,238,blended,0.02225,0.97775,22.25,977.75,0.0,,610410655.7838984,3,1600092000.0,35602047.0,1564489953.0,,carbon_api
2025-01-11 10:00:00,blended,"Data centre facility, hyperscale, Virginia (Zhang et al. 2025)","Data centre facility, hyperscale, Virginia (Zhang et al. 2025) (blended)",18.466,234,blended,0.018466,0.981534,18.466,981.534,0.0,,605897192.5902182,3,1600092000.0,29547298.872,1570544701.128,,carbon_api
2025-01-11 10:30:00,blended,"Data centre facility, hyperscale, Virginia (Zhang et al. 2025)","Data centre facility, hyperscale, Virginia (Zhang et al. 2025) (blended)",18.466,234,blended,0.018466,0.981534,18.466,981.534,0.0,,604837304.9650046,3,1600092000.0,29547298.872,1570544701.128,,carbon_api
2025-01-11 11:00:00,blended,"Data centre facility, hyperscale, Virginia (Zhang et al. 2025)","Data centre facility, hyperscale, Virginia (Zhang et al. 2025) (blended)",20.076,230,blended,0.020076,0.979924,20.076,979.924,0.0,,595689369.0945557,3,1600092000.0,32123446.992,1567968553.0080001,,carbon_api
2025-01-11 11:30:00,blended,"Data centre facility, hyperscale, Virginia (Zhang et al. 2025)","Data centre facility, hyperscale, Virginia (Zhang et al. 2025) (blended)",20.076,226,blended,0.020076,0.979924,20.076,979.924,0.0,,586292008.6805662,3,1600092000.0,32123446.992,1567968553.0080001,,carbon_api
2025-01-11 12:00:00,blended,"Data centre facility, hyperscale, Virginia (Zhang et al. 2025)","Data centre facility, hyperscale, Virginia (Zhang et al. 2025) (blended)",22.533,222,blended,0.022533,0.977467,22.533,977.467,0.0,,577895847.718739,3,1600092000.0,36054873.036,1564037126.964,,carbon_api
2025-01-11 12:30:00,blended,"Data centre facility, hyperscale, Virginia (Zhang et al. 2025)","Data centre facility, hyperscale, Virginia (Zhang et al. 2025) (blended)",22.533,222,blended,0.022533,0.977467,22.533,977.467,0.0,,576021315.2840191,3,1600092000.0,36054873.036,1564037126.964,,carbon_api
2025-01-11 13:00:00,blended,"Data centre facility, hyperscale, Virginia (Zhang et al. 2025)","Data centre facility, hyperscale, Virginia (Zhang et al. 2025) (blended)",19.82,223,blended,0.01982,0.98018,19.82,980.1800000000001,0.0,,579187908.4918141,3,1600092000.0,31713823.44,1568378176.5600002,,carbon_api
2025-01-11 13:30:00,blended,"Data centre facility, hyperscale, Virginia (Zhang et al. 2025)","Data centre facility, hyperscale, Virginia (Zhang et al. 2025) (blended)",19.82,224,blended,0.01982,0.98018,19.82,980.1800000000001,0.0,,582274575.1484345,3,1600092000.0,31713823.44,1568378176.5600002,,carbon_api
2025-01-11 14:00:00,blended,"Data centre facility, hyperscale, Virginia (Zhang et al. 2025)","Data centre facility, hyperscale, Virginia (Zhang et al. 2025) (blended)",18.328,231,blended,0.018328,0.981672,18.328,981.672,0.0,,595284911.4291468,3,1600092000.0,29326486.176,1570765513.824,,carbon_api
2025-01-11 14:30:00,blended,"Data centre facility, hyperscale, Virginia (Zhang et al. 2025)","Data centre facility, hyperscale, Virginia (Zhang et al. 2025) (blended)",18.328,234,blended,0.018328,0.981672,18.328,981.672,0.0,,602844825.0428274,3,1600092000.0,29326486.176,1570765513.824,,carbon_api
2025-01-11 15:00:00,blended,"Data centre facility, hyperscale, Virginia (Zhang et al. 2025)","Data centre facility, hyperscale, Virginia (Zhang et al. 2025) (blended)",19.155,240,blended,0.019155000000000002,0.980845,19.155,980.8449999999999,0.0,,612717103.9571642,3,1600092000.0,30649762.26,1569442237.74,,carbon_api
2025-01-11 15:30:00,blended,"Data centre facility, hyperscale, Virginia (Zhang et al. 2025)","Data centre facility, hyperscale, Virginia (Zhang et al. 2025) (blended)",19.155,240,blended,0.019155000000000002,0.980845,19.155,980.8449999999999,0.0,,615413223.6148733,3,1600092000.0,30649762.26,1569442237.74,,carbon_api
2025-01-11 16:00:00,blended,"Data centre facility, hyperscale, Virginia (Zhang et al. 2025)","Data centre facility, hyperscale, Virginia (Zhang et al. 2025) (blended)",21.858,246,blended,0.021858,0.978142,21.858,978.1419999999999,0.0,,624716221.9139607,3,1600092000.0,34974810.936,1565117189.064,,carbon_api
2025-01-11 16:30:00,blended,"Data centre facility, hyperscale, Virginia (Zhang et al. 2025)","Data centre facility, hyperscale, Virginia (Zhang et al. 2025) (blended)",21.858,246,blended,0.021858,0.978142,21.858,978.1419999999999,0.0,,625764411.0434171,3,1600092000.0,34974810.936,1565117189.064,,carbon_api
2025-01-11 17:00:00,blended,"Data centre facility, hyperscale, Virginia (Zhang et al. 2025)","Data centre facility, hyperscale, Virginia (Zhang et al. 2025) (blended)",26.992,248,blended,0.026992000000000002,0.973008,26.992,973.008,0.0,,626911701.439821,3,1600092000.0,43189683.264000006,1556902316.736,,carbon_api
2025-01-11 17:30:00,blended,"Data centre facility, hyperscale, Virginia (Zhang et al. 2025)","Data centre facility, hyperscale, Virginia (Zhang et al. 2025) (blended)",26.992,248,blended,0.026992000000000002,0.973008,26.992,973.008,0.0,,627870494.2219303,3,1600092000.0,43189683.264000006,1556902316.736,,carbon_api
2025-01-11 18:00:00,blended,"Data centre facility, hyperscale, Virginia (Zhang et al. 2025)","Data centre facility, hyperscale, Virginia (Zhang et al. 2025) (blended)",28.443,248,blended,0.028443000000000003,0.971557,28.443,971.557,0.0,,626307882.617099,3,1600092000.0,45511416.756000005,1554580583.244,,carbon_api
2025-01-11 18:30:00,blended,"Data centre facility, hyperscale, Virginia (Zhang et al. 2025)","Data centre facility, hyperscale, Virginia (Zhang et al. 2025) (blended)",28.443,247,blended,0.028443000000000003,0.971557,28.443,971.557,0.0,,625768901.2659111,3,1600092000.0,45511416.756000005,1554580583.244,,carbon_api
2025-01-11 19:00:00,blended,"Data centre facility, hyperscale, Virginia (Zhang et al. 2025)","Data centre facility, hyperscale, Virginia (Zhang et al. 2025) (blended)",25.44,248,blended,0.02544,0.97456,25.44,974.56,0.0,,630451881.7349277,3,1600092000.0,40706340.480000004,1559385659.52,,carbon_api
2025-01-11 19:30:00,blended,"Data centre facility, hyperscale, Virginia (Zhang et al. 2025)","Data centre facility, hyperscale, Virginia (Zhang et al. 2025) (blended)",25.44,249,blended,0.02544,0.97456,25.44,974.56,0.0,,634299608.8362856,3,1600092000.0,40706340.480000004,1559385659.52,,carbon_api
2025-01-11 20:00:00,blended,"Data centre facility, hyperscale, Virginia (Zhang et al. 2025)","Data centre facility, hyperscale, Virginia (Zhang et al. 2025) (blended)",21.629,252,blended,0.021629000000000002,0.978371,21.629,978.371,0.0,,643677029.7623186,3,1600092000.0,34608389.868,1565483610.132,,carbon_api
2025-01-11 20:30:00,blended,"Data centre facility, hyperscale, Virginia (Zhang et al. 2025)","Data centre facility, hyperscale, Virginia (Zhang et al. 2025) (blended)",21.629,248,blended,0.021629000000000002,0.978371,21.629,978.371,0.0,,635803304.58728,3,1600092000.0,34608389.868,1565483610.132,,carbon_api
2025-01-11 21:00:00,blended,"Data centre facility, hyperscale, Virginia (Zhang et al. 2025)","Data centre facility, hyperscale, Virginia (Zhang et al. 2025) (blended)",18.062,246,blended,0.018062,0.981938,18.062,981.938,0.0,,636936684.8039435,3,1600092000.0,28900861.704000004,1571191138.296,,carbon_api
2025-01-11 21:30:00,blended,"Data centre facility, hyperscale, Virginia (Zhang et al. 2025)","Data centre facility, hyperscale, Virginia (Zhang et al. 2025) (blended)",18.062,241,blended,0.018062,0.981938,18.062,981.938,0.0,,628254706.3061066,3,1600092000.0,28900861.704000004,1571191138.296,,carbon_api
2025-01-11 22:00:00,blended,"Data centre facility, hyperscale, Virginia (Zhang et al. 2025)","Data centre facility, hyperscale, Virginia (Zhang et al. 2025) (blended)",18.464,239,blended,0.018463999999999998,0.981536,18.464,981.536,0.0,,623310902.708585,3,1600092000.0,29544098.687999997,1570547901.312,,carbon_api
2025-01-11 22:30:00,blended,"Data centre facility, hyperscale, Virginia (Zhang et al. 2025)","Data centre facility, hyperscale, Virginia (Zhang et al. 2025) (blended)",18.464,233,blended,0.018463999999999998,0.981536,18.464,981.536,0.0,,610915648.485198,3,1600092000.0,29544098.687999997,1570547901.312,,carbon_api
2025-01-11 23:00:00,blended,"Data centre facility, hyperscale, Virginia (Zhang et al. 2025)","Data centre facility, hyperscale, Virginia (Zhang et al. 2025) (blended)",30.453,228,blended,0.030453,0.969547,30.453,969.547,0.0,,592970875.7615844,3,1600092000.0,48727601.676,1551364398.3240001,,carbon_api
2025-01-11 23:30:00,blended,"Data centre facility, hyperscale, Virginia (Zhang et al. 2025)","Data centre facility, hyperscale, Virginia (Zhang et al. 2025) (blended)",30.453,221,blended,0.030453,0.969547,30.453,969.547,0.0,,578755050.4213699,3,1600092000.0,48727601.676,1551364398.3240001,,carbon_api
2025-01-12 00:00:00,blended,"Data centre facility, hyperscale, Virginia (Zhang et al. 2025)","Data centre facility, hyperscale, Virginia (Zhang et al. 2025) (blended)",37.468,213,blended,0.037468,0.9625319999999999,37.468,962.5319999999999,0.0,,563749315.2393757,3,1600092000.0,59952247.056,1540139752.944,,carbon_api
2025-01-12 00:30:00,blended,"Data centre facility, hyperscale, Virginia (Zhang et al. 2025)","Data centre facility, hyperscale, Virginia (Zhang et al. 2025) (blended)",37.468,215,blended,0.037468,0.9625319999999999,37.468,962.5319999999999,0.0,,568780425.9515127,3,1600092000.0,59952247.056,1540139752.944,,carbon_api
2025-01-12 01:00:00,blended,"Data centre facility, hyperscale, Virginia (Zhang et al. 2025)","Data centre facility, hyperscale, Virginia (Zhang et al. 2025) (blended)",26.021,214,blended,0.026021000000000002,0.973979,26.021,973.979,0.0,,573848836.2685422,3,1600092000.0,41635993.932000004,1558456006.068,,carbon_api
2025-01-12 01:30:00,blended,"Data centre facility, hyperscale, Virginia (Zhang et al. 2025)","Data centre facility, hyperscale, Virginia (Zhang et al. 2025) (blended)",26.021,210,blended,0.026021000000000002,0.973979,26.021,973.979,0.0,,567522443.7405747,3,1600092000.0,41635993.932000004,1558456006.068,,carbon_api
2025-01-12 02:00:00,blended,"Data centre facility, hyperscale, Virginia (Zhang et al. 2025)","Data centre facility, hyperscale, Virginia (Zhang et al. 2025) (blended)",19.398,216,blended,0.019398,0.980602,19.398,980.602,0.0,,582011835.4634843,3,1600092000.0,31038584.615999997,1569053415.384,,carbon_api
2025-01-12 02:30:00,blended,"Data centre facility, hyperscale, Virginia (Zhang et al. 2025)","Data centre facility, hyperscale, Virginia (Zhang et al. 2025) (blended)",19.398,215,blended,0.019398,0.980602,19.398,980.602,0.0,,579024946.2301872,3,1600092000.0,31038584.615999997,1569053415.384,,carbon_api
2025-01-12 03:00:00,blended,"Data centre facility, hyperscale, Virginia (Zhang et al. 2025)","Data centre facility, hyperscale, Virginia (Zhang et al. 2025) (blended)",21.141,213,blended,0.021140999999999997,0.978859,21.141,978.859,0.0,,570856905.0701764,3,1600092000.0,33827544.971999995,1566264455.028,,carbon_api
2025-01-12 03:30:00,blended,"Data centre facility, hyperscale, Virginia (Zhang et al. 2025)","Data centre facility, hyperscale, Virginia (Zhang et al. 2025) (blended)",21.141,211,blended,0.021140999999999997,0.978859,21.141,978.859,0.0,,565571209.9854059,3,1600092000.0,33827544.971999995,1566264455.028,,carbon_api
2025-01-12 04:00:00,blended,"Data centre facility, hyperscale, Virginia (Zhang et al. 2025)","Data centre facility, hyperscale, Virginia (Zhang et al. 2025) (blended)",25.157,213,blended,0.025157,0.974843,25.157,974.843,0.0,,564809826.4803592,3,1600092000.0,40253514.444,1559838485.556,,carbon_api
2025-01-12 04:30:00,blended,"Data centre facility, hyperscale, Virginia (Zhang et al. 2025)","Data centre facility, hyperscale, Virginia (Zhang et al. 2025) (blended)",25.157,218,blended,0.025157,0.974843,25.157,974.843,0.0,,567471830.1553578,3,1600092000.0,40253514.444,1559838485.556,,carbon_api
2025-01-12 05:00:00,blended,"Data centre facility, hyperscale, Virginia (Zhang et al. 2025)","Data centre facility, hyperscale, Virginia (Zhang et al. 2025) (blended)",32.16,227,blended,0.032159999999999994,0.96784,32.16,967.84,0.0,,578659649.233231,3,1600092000.0,51458958.71999999,1548633041.28,,carbon_api
2025-01-12 05:30:00,blended,"Data centre facility, hyperscale, Virginia (Zhang et al. 2025)","Data centre facility, hyperscale, Virginia (Zhang et al. 2025) (blended)",32.16,228,blended,0.032159999999999994,0.96784,32.16,967.84,0.0,,579083486.7561164,3,1600092000.0,51458958.71999999,1548633041.28,,carbon_api
2025-01-12 06:00:00,blended,"Data centre facility, hyperscale, Virginia (Zhang et al. 2025)","Data centre facility, hyperscale, Virginia (Zhang et al. 2025) (blended)",44.153,234,blended,0.044153,0.955847,44.153,955.847,0.0,,582081098.5343711,3,1600092000.0,70648862.07599999,1529443137.924,,carbon_api
2025-01-12 06:30:00,blended,"Data centre facility, hyperscale, Virginia (Zhang et al. 2025)","Data centre facility, hyperscale, Virginia (Zhang et al. 2025) (blended)",44.153,239,blended,0.044153,0.955847,44.153,955.847,0.0,,589522800.9467282,3,1600092000.0,70648862.07599999,1529443137.924,,carbon_api
2025-01-12 07:00:00,blended,"Data centre facility, hyperscale, Virginia (Zhang et al. 2025)","Data centre facility, hyperscale, Virginia (Zhang et al. 2025) (blended)",47.173,241,blended,0.047173,0.952827,47.173,952.827,0.0,,592198500.6266414,3,1600092000.0,75481139.916,1524610860.0839999,,carbon_api
2025-01-12 07:30:00,blended,"Data centre facility, hyperscale, Virginia (Zhang et al. 2025)","Data centre facility, hyperscale, Virginia (Zhang et al. 2025) (blended)",47.173,244,blended,0.047173,0.952827,47.173,952.827,0.0,,600028598.8361,3,1600092000.0,75481139.916,1524610860.0839999,,carbon_api
2025-01-12 08:00:00,blended,"Data centre facility, hyperscale, Virginia (Zhang et al. 2025)","Data centre facility, hyperscale, Virginia (Zhang et al. 2025) (blended)",43.848,240,blended,0.043848,0.956152,43.848,956.152,0.0,,594188193.0955095,3,1600092000.0,70160834.016,1529931165.984,,carbon_api
2025-01-12 08:30:00,blended,"Data centre facility, hyperscale, Virginia (Zhang et al. 2025)","Data centre facility, hyperscale, Virginia (Zhang et al. 2025) (blended)",43.848,240,blended,0.043848,0.956152,43.848,956.152,0.0,,597959608.8498601,3,1600092000.0,70160834.016,1529931165.984,,carbon_api
2025-01-12 09:00:00,blended,"Data centre facility, hyperscale, Virginia (Zhang et al. 2025)","Data centre facility, hyperscale, Virginia (Zhang et al. 2025) (blended)",41.433,232,blended,0.041433,0.958567,41.433,958.5669999999999,0.0,,585082001.1601344,3,1600092000.0,66296611.835999995,1533795388.1639998,,carbon_api
2025-01-12 09:30:00,blended,"Data centre facility, hyperscale, Virginia (Zhang et al. 2025)","Data centre facility, hyperscale, Virginia (Zhang et al. 2025) (blended)",41.433,234,blended,0.041433,0.958567,41.433,958.5669999999999,0.0,,586440505.9135305,3,1600092000.0,66296611.835999995,1533795388.1639998,,carbon_api
2025-01-12 10:00:00,blended,"Data centre facility, hyperscale, Virginia (Zhang et al. 2025)","Data centre facility, hyperscale, Virginia (Zhang et al. 2025) (blended)",49.216,229,blended,0.049216,0.950784,49.216,950.784,0.0,,572363334.283892,3,1600092000.0,78750127.87200001,1521341872.128,,carbon_api
2025-01-12 10:30:00,blended,"Data centre facility, hyperscale, Virginia (Zhang et al. 2025)","Data centre facility, hyperscale, Virginia (Zhang et al. 2025) (blended)",49.216,229,blended,0.049216,0.950784,49.216,950.784,0.0,,572006325.7881606,3,1600092000.0,78750127.87200001,1521341872.128,,carbon_api
2025-01-12 11:00:00,blended,"Data centre facility, hyperscale, Virginia (Zhang et al. 2025)","Data centre facility, hyperscale, Virginia (Zhang et al. 2025) (blended)",57.266,223,blended,0.057266,0.942734,57.266,942.7339999999999,0.0,,555126612.0304877,3,1600092000.0,91630868.472,1508461131.5279999,,carbon_api
2025-01-12 11:30:00,blended,"Data centre facility, hyperscale, Virginia (Zhang et al. 2025)","Data centre facility, hyperscale, Virginia (Zhang et al. 2025) (blended)",57.266,220,blended,0.057266,0.942734,57.266,942.7339999999999,0.0,,550816942.8309423,3,1600092000.0,91630868.472,1508461131.5279999,,carbon_api
2025-01-12 12:00:00,blended,"Data centre facility, hyperscale, Virginia (Zhang et al. 2025)","Data centre facility, hyperscale, Virginia (Zhang et al. 2025) (blended)",59.771,220,blended,0.059771,0.940229,59.771,940.2289999999999,0.0,,550688655.4295323,3,1600092000.0,95639098.932,1504452901.068,,carbon_api
2025-01-12 12:30:00,blended,"Data centre facility, hyperscale, Virginia (Zhang et al. 2025)","Data centre facility, hyperscale, Virginia (Zhang et al. 2025) (blended)",59.771,219,blended,0.059771,0.940229,59.771,940.2289999999999,0.0,,549896615.0609953,3,1600092000.0,95639098.932,1504452901.068,,carbon_api
2025-01-12 13:00:00,blended,"Data centre facility, hyperscale, Virginia (Zhang et al. 2025)","Data centre facility, hyperscale, Virginia (Zhang et al. 2025) (blended)",67.775,219,blended,0.067775,0.932225,67.775,932.225,0.0,,543070719.3952856,3,1600092000.0,108446235.3,1491645764.7,,carbon_api
2025-01-12 13:30:00,blended,"Data centre facility, hyperscale, Virginia (Zhang et al. 2025)","Data centre facility, hyperscale, Virginia (Zhang et al. 2025) (blended)",67.775,223,blended,0.067775,0.932225,67.775,932.225,0.0,,546575772.6880003,3,1600092000.0,108446235.3,1491645764.7,,carbon_api
2025-01-12 14:00:00,blended,"Data centre facility, hyperscale, Virginia (Zhang et al. 2025)","Data centre facility, hyperscale, Virginia (Zhang et al. 2025) (blended)",84.104,223,blended,0.084104,0.915896,84.104,915.8960000000001,0.0,,537624253.8378935,3,1600092000.0,134574137.568,1465517862.4320002,,carbon_api
2025-01-12 14:30:00,blended,"Data centre facility, hyperscale, Virginia (Zhang et al. 2025)","Data centre facility, hyperscale, Virginia (Zhang et al. 2025) (blended)",84.104,223,blended,0.084104,0.915896,84.104,915.8960000000001,0.0,,536676172.37446743,3,1600092000.0,134574137.568,1465517862.4320002,,carbon_api
2025-01-12 15:00:00,blended,"Data centre facility, hyperscale, Virginia (Zhang et al. 2025)","Data centre facility, hyperscale, Virginia (Zhang et al. 2025) (blended)",113.034,227,blended,0.11303400000000001,0.886966,113.034,886.966,0.0,,523562176.4869105,3,1600092000.0,180864799.12800002,1419227200.872,,carbon_api
2025-01-12 15:30:00,blended,"Data centre facility, hyperscale, Virginia (Zhang et al. 2025)","Data centre facility, hyperscale, Virginia (Zhang et al. 2025) (blended)",113.034,232,blended,0.11303400000000001,0.886966,113.034,886.966,0.0,,531712520.7355288,3,1600092000.0,180864799.12800002,1419227200.872,,carbon_api
2025-01-12 16:00:00,blended,"Data centre facility, hyperscale, Virginia (Zhang et al. 2025)","Data centre facility, hyperscale, Virginia (Zhang et al. 2025) (blended)",149.633,229,blended,0.14963300000000002,0.850367,149.633,850.367,0.0,,504990571.3383659,3,1600092000.0,239426566.23600003,1360665433.764,,carbon_api
2025-01-12 16:30:00,blended,"Data centre facility, hyperscale, Virginia (Zhang et al. 2025)","Data centre facility, hyperscale, Virginia (Zhang et al. 2025) (blended)",149.633,231,blended,0.14963300000000002,0.850367,149.633,850.367,0.0,,508962717.4850346,3,1600092000.0,239426566.23600003,1360665433.764,,carbon_api
2025-01-12 17:00:00,blended,"Data centre facility, hyperscale, Virginia (Zhang et al. 2025)","Data centre facility, hyperscale, Virginia (Zhang et al. 2025) (blended)",187.042,230,blended,0.187042,0.812958,187.042,812.958,0.0,,484471811.73711246,3,1600092000.0,299284407.864,1300807592.136,,carbon_api
2025-01-12 17:30:00,blended,"Data centre facility, hyperscale, Virginia (Zhang et al. 2025)","Data centre facility, hyperscale, Virginia (Zhang et al. 2025) (blended)",187.042,227,blended,0.187042,0.812958,187.042,812.958,0.0,,479092549.61376286,3,1600092000.0,299284407.864,1300807592.136,,carbon_api
2025-01-12 18:00:00,blended,"Data centre facility, hyperscale, Virginia (Zhang et al. 2025)","Data centre facility, hyperscale, Virginia (Zhang et al. 2025) (blended)",207.675,220,blended,0.207675,0.792325,207.675,792.3249999999999,0.0,,454402251.33354086,3,1600092000.0,332299106.1,1267792893.8999999,,carbon_api
2025-01-12 18:30:00,blended,"Data centre facility, hyperscale, Virginia (Zhang et al. 2025)","Data centre facility, hyperscale, Virginia (Zhang et al. 2025) (blended)",207.675,218,blended,0.207675,0.792325,207.675,792.3249999999999,0.0,,444910139.0313556,3,1600092000.0,332299106.1,1267792893.8999999,,carbon_api
2025-01-12 19:00:00,blended,"Data centre facility, hyperscale, Virginia (Zhang et al. 2025)","Data centre facility, hyperscale, Virginia (Zhang et al. 2025) (blended)",225.317,209,blended,0.22531700000000002,0.774683,225.317,774.683,0.0,,419304467.1927866,3,1600092000.0,360527929.16400003,1239564070.836,,carbon_api
2025-01-12 19:30:00,blended,"Data centre facility, hyperscale, Virginia (Zhang et al. 2025)","Data centre facility, hyperscale, Virginia (Zhang et al. 2025) (blended)",225.317,192,blended,0.22531700000000002,0.774683,225.317,774.683,0.0,,390908001.8632435,3,1600092000.0,360527929.16400003,1239564070.836,,carbon_api
2025-01-12 20:00:00,blended,"Data centre facility, hyperscale, Virginia (Zhang et al. 2025)","Data centre facility, hyperscale, Virginia (Zhang et al. 2025) (blended)",256.558,182,blended,0.256558,0.7434419999999999,256.558,743.4419999999999,0.0,,361743070.25934577,3,1600092000.0,410516403.336,1189575596.6639998,,carbon_api
2025-01-12 20:30:00,blended,"Data centre facility, hyperscale, Virginia (Zhang et al. 2025)","Data centre facility, hyperscale, Virginia (Zhang et al. 2025) (blended)",256.558,167,blended,0.256558,0.7434419999999999,256.558,743.4419999999999,0.0,,337033021.45220006,3,1600092000.0,410516403.336,1189575596.6639998,,carbon_api
2025-01-12 21:00:00,blended,"Data centre facility, hyperscale, Virginia (Zhang et al. 2025)","Data centre facility, hyperscale, Virginia (Zhang et al. 2025) (blended)",298.016,147,blended,0.298016,0.7019839999999999,298.016,701.9839999999999,0.0,,290872270.3322801,3,1600092000.0,476853017.472,1123238982.5279999,,carbon_api
2025-01-12 21:30:00,blended,"Data centre facility, hyperscale, Virginia (Zhang et al. 2025)","Data centre facility, hyperscale, Virginia (Zhang et al. 2025) (blended)",298.016,134,blended,0.298016,0.7019839999999999,298.016,701.9839999999999,0.0,,275206512.4472654,3,1600092000.0,476853017.472,1123238982.5279999,,carbon_api
2025-01-12 22:00:00,blended,"Data centre facility, hyperscale, Virginia (Zhang et al. 2025)","Data centre facility, hyperscale, Virginia (Zhang et al. 2025) (blended)",346.032,132,blended,0.346032,0.653968,346.032,653.968,0.0,,263493509.58094344,3,1600092000.0,553683034.944,1046408965.056,,carbon_api
2025-01-12 22:30:00,blended,"Data centre facility, hyperscale, Virginia (Zhang et al. 2025)","Data centre facility, hyperscale, Virginia (Zhang et al. 2025) (blended)",346.032,132,blended,0.346032,0.653968,346.032,653.968,0.0,,263696246.9230411,3,1600092000.0,553683034.944,1046408965.056,,carbon_api
2025-01-13 07:30:00,blended,"Data centre facility, hyperscale, Virginia (Zhang et al. 2025)","Data centre facility, hyperscale, Virginia (Zhang et al. 2025) (blended)",488.509,225,blended,0.488509,0.5114909999999999,488.509,511.49099999999993,0.0,,301329838.1011003,3,1600092000.0,781659342.8280001,818432657.1719998,,carbon_api
2025-01-13 08:00:00,blended,"Data centre facility, hyperscale, Virginia (Zhang et al. 2025)","Data centre facility, hyperscale, Virginia (Zhang et al. 2025) (blended)",484.223,228,blended,0.484223,0.5157769999999999,484.223,515.7769999999999,0.0,,307765828.27688366,3,1600092000.0,774801348.516,825290651.4839998,,carbon_api
2025-01-13 08:30:00,blended,"Data centre facility, hyperscale, Virginia (Zhang et al. 2025)","Data centre facility, hyperscale, Virginia (Zhang et al. 2025) (blended)",484.223,225,blended,0.484223,0.5157769999999999,484.223,515.7769999999999,0.0,,307689457.6169252,3,1600092000.0,774801348.516,825290651.4839998,,carbon_api
2025-01-13 09:00:00,blended,"Data centre facility, hyperscale, Virginia (Zhang et al. 2025)","Data centre facility, hyperscale, Virginia (Zhang et al. 2025) (blended)",400.504,214,blended,0.400504,0.599496,400.504,599.496,0.0,,337836641.9260677,3,1600092000.0,640843246.368,959248753.6320001,,carbon_api
2025-01-13 09:30:00,blended,"Data centre facility, hyperscale, Virginia (Zhang et al. 2025)","Data centre facility, hyperscale, Virginia (Zhang et al. 2025) (blended)",400.504,204,blended,0.400504,0.599496,400.504,599.496,0.0,,325505897.11724335,3,1600092000.0,640843246.368,959248753.6320001,,carbon_api
2025-01-13 10:00:00,blended,"Data centre facility, hyperscale, Virginia (Zhang et al. 2025)","Data centre facility, hyperscale, Virginia (Zhang et al. 2025) (blended)",313.107,200,blended,0.313107,0.686893,313.107,686.893,0.0,,361245913.5104115,3,1600092000.0,501000005.84400004,1099091994.156,,carbon_api
2025-01-13 10:30:00,blended,"Data centre facility, hyperscale, Virginia (Zhang et al. 2025)","Data centre facility, hyperscale, Virginia (Zhang et al. 2025) (blended)",313.107,183,blended,0.313107,0.686893,313.107,686.893,0.0,,340681100.2420468,3,1600092000.0,501000005.84400004,1099091994.156,,carbon_api
2025-01-13 11:00:00,blended,"Data centre facility, hyperscale, Virginia (Zhang et al. 2025)","Data centre facility, hyperscale, Virginia (Zhang et al. 2025) (blended)",269.606,180,blended,0.269606,0.730394,269.606,730.394,0.0,,354662474.1524522,3,1600092000.0,431394403.75200003,1168697596.248,,carbon_api
2025-01-13 11:30:00,blended,"Data centre facility, hyperscale, Virginia (Zhang et al. 2025)","Data centre facility, hyperscale, Virginia (Zhang et al. 2025) (blended)",269.606,182,blended,0.269606,0.730394,269.606,730.394,0.0,,358794328.9061915,3,1600092000.0,431394403.75200003,1168697596.248,,carbon_api
2025-01-13 12:00:00,blended,"Data centre facility, hyperscale, Virginia (Zhang et al. 2025)","Data centre facility, hyperscale, Virginia (Zhang et al. 2025) (blended)",285.185,188,blended,0.285185,0.714815,285.185,714.8149999999999,0.0,,362305943.74507475,3,1600092000.0,456322237.02000004,1143769762.98,,carbon_api
2025-01-13 12:30:00,blended,"Data centre facility, hyperscale, Virginia (Zhang et al. 2025)","Data centre facility, hyperscale, Virginia (Zhang et al. 2025) (blended)",285.185,188,blended,0.285185,0.714815,285.185,714.8149999999999,0.0,,364908222.1204763,3,1600092000.0,456322237.02000004,1143769762.98,,carbon_api
2025-01-13 13:00:00,blended,"Data centre facility, hyperscale, Virginia (Zhang et al. 2025)","Data centre facility, hyperscale, Virginia (Zhang et al. 2025) (blended)",336.316,186,blended,0.33631599999999995,0.663684,336.316,663.6840000000001,0.0,,337413332.52876115,3,1600092000.0,538136541.0719999,1061955458.9280001,,carbon_api
2025-01-13 13:30:00,blended,"Data centre facility, hyperscale, Virginia (Zhang et al. 2025)","Data centre facility, hyperscale, Virginia (Zhang et al. 2025) (blended)",336.316,189,blended,0.33631599999999995,0.663684,336.316,663.6840000000001,0.0,,336557662.33128834,3,1600092000.0,538136541.0719999,1061955458.9280001,,carbon_api
2025-01-13 14:00:00,blended,"Data centre facility, hyperscale, Virginia (Zhang et al. 2025)","Data centre facility, hyperscale, Virginia (Zhang et al. 2025) (blended)",371.023,189,blended,0.37102300000000005,0.6289769999999999,371.023,628.9769999999999,0.0,,318485195.8962349,3,1600092000.0,593670934.116,1006421065.8839998,,carbon_api
2025-01-13 14:30:00,blended,"Data centre facility, hyperscale, Virginia (Zhang et al. 2025)","Data centre facility, hyperscale, Virginia (Zhang et al. 2025) (blended)",371.023,201,blended,0.37102300000000005,0.6289769999999999,371.023,628.9769999999999,0.0,,335310994.06319517,3,1600092000.0,593670934.116,1006421065.8839998,,carbon_api
2025-01-13 15:00:00,blended,"Data centre facility, hyperscale, Virginia (Zhang et al. 2025)","Data centre facility, hyperscale, Virginia (Zhang et al. 2025) (blended)",436.81,202,blended,0.43681,0.5631900000000001,436.81,563.19,0.0,,305117093.74478704,3,1600092000.0,698936186.52,901155813.4800001,,carbon_api
2025-01-13 15:30:00,blended,"Data centre facility, hyperscale, Virginia (Zhang et al. 2025)","Data centre facility, hyperscale, Virginia (Zhang et al. 2025) (blended)",436.81,203,blended,0.43681,0.5631900000000001,436.81,563.19,0.0,,305279987.68438894,3,1600092000.0,698936186.52,901155813.4800001,,carbon_api
2025-01-13 16:00:00,blended,"Data centre facility, hyperscale, Virginia (Zhang et al. 2025)","Data centre facility, hyperscale, Virginia (Zhang et al. 2025) (blended)",459.4,203,blended,0.4594,0.5406,459.4,540.6,0.0,,294202844.7079663,3,1600092000.0,735082264.8,865009735.1999999,,carbon_api
2025-01-13 16:30:00,blended,"Data centre facility, hyperscale, Virginia (Zhang et al. 2025)","Data centre facility, hyperscale, Virginia (Zhang et al. 2025) (blended)",459.4,202,blended,0.4594,0.5406,459.4,540.6,0.0,,290288878.84057313,3,1600092000.0,735082264.8,865009735.1999999,,carbon_api
2025-01-13 17:00:00,blended,"Data centre facility, hyperscale, Virginia (Zhang et al. 2025)","Data centre facility, hyperscale, Virginia (Zhang et al. 2025) (blended)",441.522,202,blended,0.44152199999999997,0.558478,441.522,558.4780000000001,0.0,,298420139.2336453,3,1600092000.0,706475820.0239999,893616179.9760001,,carbon_api
2025-01-13 17:30:00,blended,"Data centre facility, hyperscale, Virginia (Zhang et al. 2025)","Data centre facility, hyperscale, Virginia (Zhang et al. 2025) (blended)",441.522,200,blended,0.44152199999999997,0.558478,441.522,558.4780000000001,0.0,,296493371.81401277,3,1600092000.0,706475820.0239999,893616179.9760001,,carbon_api
2025-01-13 18:00:00,blended,"Data centre facility, hyperscale, Virginia (Zhang et al. 2025)","Data centre facility, hyperscale, Virginia (Zhang et al. 2025) (blended)",431.832,198,blended,0.431832,0.568168,431.832,568.168,0.0,,298320930.8451567,3,1600092000.0,690970928.544,909121071.456,,carbon_api
2025-01-13 18:30:00,blended,"Data centre facility, hyperscale, Virginia (Zhang et al. 2025)","Data centre facility, hyperscale, Virginia (Zhang et al. 2025) (blended)",431.832,197,blended,0.431832,0.568168,431.832,568.168,0.0,,298931037.260327,3,1600092000.0,690970928.544,909121071.456,,carbon_api
2025-01-13 19:00:00,blended,"Data centre facility, hyperscale, Virginia (Zhang et al. 2025)","Data centre facility, hyperscale, Virginia (Zhang et al. 2025) (blended)",446.224,195,blended,0.446224,0.553776,446.224,553.7760000000001,0.0,,289000847.47141093,3,1600092000.0,713999452.608,886092547.3920001,,carbon_api
2025-01-13 19:30:00,blended,"Data centre facility, hyperscale, Virginia (Zhang et al. 2025)","Data centre facility, hyperscale, Virginia (Zhang et al. 2025) (blended)",446.224,195,blended,0.446224,0.553776,446.224,553.7760000000001,0.0,,288127861.0303981,3,1600092000.0,713999452.608,886092547.3920001,,carbon_api
2025-01-13 20:00:00,blended,"Data centre facility, hyperscale, Virginia (Zhang et al. 2025)","Data centre facility, hyperscale, Virginia (Zhang et al. 2025) (blended)",430.319,185,blended,0.430319,0.569681,430.319,569.681,0.0,,281297654.70057076,3,1600092000.0,688549989.348,911542010.652,,carbon_api
2025-01-13 20:30:00,blended,"Data centre facility, hyperscale, Virginia (Zhang et al. 2025)","Data centre facility, hyperscale, Virginia (Zhang et al. 2025) (blended)",430.319,166,blended,0.430319,0.569681,430.319,569.681,0.0,,257022503.2498126,3,1600092000.0,688549989.348,911542010.652,,carbon_api
2025-01-13 21:00:00,blended,"Data centre facility, hyperscale, Virginia (Zhang et al. 2025)","Data centre facility, hyperscale, Virginia (Zhang et al. 2025) (blended)",434.887,158,blended,0.434887,0.565113,434.887,565.1129999999999,0.0,,244437161.94458818,3,1600092000.0,695859209.6040001,904232790.3959999,,carbon_api
2025-01-13 21:30:00,blended,"Data centre facility, hyperscale, Virginia (Zhang et al. 2025)","Data centre facility, hyperscale, Virginia (Zhang et al. 2025) (blended)",434.887,144,blended,0.434887,0.565113,434.887,565.1129999999999,0.0,,226411928.0978467,3,1600092000.0,695859209.6040001,904232790.3959999,,carbon_api
2025-01-13 22:00:00,blended,"Data centre facility, hyperscale, Virginia (Zhang et al. 2025)","Data centre facility, hyperscale, Virginia (Zhang et al. 2025) (blended)",422.308,129,blended,0.422308,0.577692,422.308,577.692,0.0,,211065703.10912266,3,1600092000.0,675731652.3360001,924360347.6639999,,carbon_api
2025-01-13 22:30:00,blended,"Data centre facility, hyperscale, Virginia (Zhang et al. 2025)","Data centre facility, hyperscale, Virginia (Zhang et al. 2025) (blended)",422.308,133,blended,0.422308,0.577692,422.308,577.692,0.0,,215931042.55874538,3,1600092000.0,675731652.3360001,924360347.6639999,,carbon_api
2025-01-13 23:00:00,blended,"Data centre facility, hyperscale, Virginia (Zhang et al. 2025)","Data centre facility, hyperscale, Virginia (Zhang et al. 2025) (blended)",402.889,133,blended,0.402889,0.597111,402.889,597.111,0.0,,221696161.29002085,3,1600092000.0,644659465.788,955432534.2119999,,carbon_api
2025-01-13 23:30:00,blended,"Data centre facility, hyperscale, Virginia (Zhang et al. 2025)","Data centre facility, hyperscale, Virginia (Zhang et al. 2025) (blended)",402.889,120,blended,0.402889,0.597111,402.889,597.111,0.0,,204023807.4529839,3,1600092000.0,644659465.788,955432534.2119999,,carbon_api
2025-01-14 00:00:00,blended,"Data centre facility, hyperscale, Virginia (Zhang et al. 2025)","Data centre facility, hyperscale, Virginia (Zhang et al. 2025) (blended)",368.667,144,blended,0.36866699999999997,0.631333,368.667,631.3330000000001,0.0,,247705905.44555292,3,1600092000.0,589901117.364,1010190882.636,,carbon_api
2025-01-14 00:30:00,blended,"Data centre facility, hyperscale, Virginia (Zhang et al. 2025)","Data centre facility, hyperscale, Virginia (Zhang et al. 2025) (blended)",368.667,155,blended,0.36866699999999997,0.631333,368.667,631.3330000000001,0.0,,263563319.84889993,3,1600092000.0,589901117.364,1010190882.636,,carbon_api
2025-01-14 01:00:00,blended,"Data centre facility, hyperscale, Virginia (Zhang et al. 2025)","Data centre facility, hyperscale, Virginia (Zhang et al. 2025) (blended)",362.634,155,blended,0.362634,0.637366,362.634,637.366,0.0,,265558366.52375135,3,1600092000.0,580247762.3280001,1019844237.6719999,,carbon_api
2025-01-14 01:30:00,blended,"Data centre facility, hyperscale, Virginia (Zhang et al. 2025)","Data centre facility, hyperscale, Virginia (Zhang et al. 2025) (blended)",362.634,159,blended,0.362634,0.637366,362.634,637.366,0.0,,272192889.9599753,3,1600092000.0,580247762.3280001,1019844237.6719999,,carbon_api
2025-01-14 02:00:00,blended,"Data centre facility, hyperscale, Virginia (Zhang et al. 2025)","Data centre facility, hyperscale, Virginia (Zhang et al. 2025) (blended)",340.616,161,blended,0.340616,0.659384,340.616,659.384,0.0,,282377483.7634034,3,1600092000.0,545016936.6719999,1055075063.328,,carbon_api
2025-01-14 02:30:00,blended,"Data centre facility, hyperscale, Virginia (Zhang et al. 2025)","Data centre facility, hyperscale, Virginia (Zhang et al. 2025) (blended)",340.616,156,blended,0.340616,0.659384,340.616,659.384,0.0,,274597215.49859136,3,1600092000.0,545016936.6719999,1055075063.328,,carbon_api
2025-01-14 03:00:00,blended,"Data centre facility, hyperscale, Virginia (Zhang et al. 2025)","Data centre facility, hyperscale, Virginia (Zhang et al. 2025) (blended)",309.752,152,blended,0.309752,0.690248,309.752,690.2479999999999,0.0,,278854124.4891356,3,1600092000.0,495631697.184,1104460302.816,,carbon_api
2025-01-14 03:30:00,blended,"Data centre facility, hyperscale, Virginia (Zhang et al. 2025)","Data centre facility, hyperscale, Virginia (Zhang et al. 2025) (blended)",309.752,149,blended,0.309752,0.690248,309.752,690.2479999999999,0.0,,273905535.0937603,3,1600092000.0,495631697.184,1104460302.816,,carbon_api
2025-01-14 04:00:00,blended,"Data centre facility, hyperscale, Virginia (Zhang et al. 2025)","Data centre facility, hyperscale, Virginia (Zhang et al. 2025) (blended)",316.956,141,blended,0.316956,0.683044,316.956,683.044,0.0,,259477857.01541394,3,1600092000.0,507158759.952,1092933240.0479999,,carbon_api
2025-01-14 04:30:00,blended,"Data centre facility, hyperscale, Virginia (Zhang et al. 2025)","Data centre facility, hyperscale, Virginia (Zhang et al. 2025) (blended)",316.956,146,blended,0.316956,0.683044,316.956,683.044,0.0,,266947428.24373186,3,1600092000.0,507158759.952,1092933240.0479999,,carbon_api
2025-01-14 05:00:00,blended,"Data centre facility, hyperscale, Virginia (Zhang et al. 2025)","Data centre facility, hyperscale, Virginia (Zhang et al. 2025) (blended)",350.33,155,blended,0.35033,0.64967,350.33,649.67,0.0,,269442355.49559134,3,1600092000.0,560560230.36,1039531769.64,,carbon_api
2025-01-14 05:30:00,blended,"Data centre facility, hyperscale, Virginia (Zhang et al. 2025)","Data centre facility, hyperscale, Virginia (Zhang et al. 2025) (blended)",350.33,173,blended,0.35033,0.64967,350.33,649.67,0.0,,296794981.71284837,3,1600092000.0,560560230.36,1039531769.64,,carbon_api
2025-01-14 06:00:00,blended,"Data centre facility, hyperscale, Virginia (Zhang et al. 2025)","Data centre facility, hyperscale, Virginia (Zhang et al. 2025) (blended)",355.018,193,blended,0.35501799999999994,0.644982,355.018,644.9820000000001,0.0,,325101631.7703151,3,1600092000.0,568061461.6559999,1032030538.3440001,,carbon_api
2025-01-14 06:30:00,blended,"Data centre facility, hyperscale, Virginia (Zhang et al. 2025)","Data centre facility, hyperscale, Virginia (Zhang et al. 2025) (blended)",355.018,209,blended,0.35501799999999994,0.644982,355.018,644.9820000000001,0.0,,347168496.3159172,3,1600092000.0,568061461.6559999,1032030538.3440001,,carbon_api
2025-01-14 07:00:00,blended,"Data centre facility, hyperscale, Virginia (Zhang et al. 2025)","Data centre facility, hyperscale, Virginia (Zhang et al. 2025) (blended)",328.001,219,blended,0.328001,0.671999,328.001,671.999,0.0,,375516262.17621636,3,1600092000.0,524831776.092,1075260223.908,,carbon_api
2025-01-14 07:30:00,blended,"Data centre facility, hyperscale, Virginia (Zhang et al. 2025)","Data centre facility, hyperscale, Virginia (Zhang et al. 2025) (blended)",328.001,228,blended,0.328001,0.671999,328.001,671.999,0.0,,388550900.3242512,3,1600092000.0,524831776.092,1075260223.908,,carbon_api
2025-01-14 08:00:00,blended,"Data centre facility, hyperscale, Virginia (Zhang et al. 2025)","Data centre facility, hyperscale, Virginia (Zhang et al. 2025) (blended)",284.207,239,blended,0.284207,0.715793,284.207,715.793,0.0,,429967510.0537427,3,1600092000.0,454757347.04399997,1145334652.956,,carbon_api
2025-01-14 08:30:00,blended,"Data centre facility, hyperscale, Virginia (Zhang et al. 2025)","Data centre facility, hyperscale, Virginia (Zhang et al. 2025) (blended)",284.207,240,blended,0.284207,0.715793,284.207,715.793,0.0,,431648275.0414188,3,1600092000.0,454757347.04399997,1145334652.956,,carbon_api
2025-01-14 09:00:00,blended,"Data centre facility, hyperscale, Virginia (Zhang et al. 2025)","Data centre facility, hyperscale, Virginia (Zhang et al. 2025) (blended)",230.709,237,blended,0.230709,0.769291,230.709,769.2909999999999,0.0,,457639198.7952102,3,1600092000.0,369155625.228,1230936374.7719998,,carbon_api
2025-01-14 09:30:00,blended,"Data centre facility, hyperscale, Virginia (Zhang et al. 2025)","Data centre facility, hyperscale, Virginia (Zhang et al. 2025) (blended)",230.709,240,blended,0.230709,0.769291,230.709,769.2909999999999,0.0,,466319748.45921224,3,1600092000.0,369155625.228,1230936374.7719998,,carbon_api
2025-01-14 10:00:00,blended,"Data centre facility, hyperscale, Virginia (Zhang et al. 2025)","Data centre facility, hyperscale, Virginia (Zhang et al. 2025) (blended)",202.516,236,blended,0.202516,0.797484,202.516,797.4839999999999,0.0,,475330613.16199934,3,1600092000.0,324044231.472,1276047768.5279999,,carbon_api
2025-01-14 10:30:00,blended,"Data centre facility, hyperscale, Virginia (Zhang et al. 2025)","Data centre facility, hyperscale, Virginia (Zhang et al. 2025) (blended)",202.516,229,blended,0.202516,0.797484,202.516,797.4839999999999,0.0,,463969282.6657959,3,1600092000.0,324044231.472,1276047768.5279999,,carbon_api
2025-01-14 11:00:00,blended,"Data centre facility, hyperscale, Virginia (Zhang et al. 2025)","Data centre facility, hyperscale, Virginia (Zhang et al. 2025) (blended)",191.679,227,blended,0.191679,0.8083210000000001,191.679,808.321,0.0,,467118098.8711039,3,1600092000.0,306704034.468,1293387965.532,,carbon_api
2025-01-14 11:30:00,blended,"Data centre facility, hyperscale, Virginia (Zhang et al. 2025)","Data centre facility, hyperscale, Virginia (Zhang et al. 2025) (blended)",191.679,218,blended,0.191679,0.8083210000000001,191.679,808.321,0.0,,456503062.53984094,3,1600092000.0,306704034.468,1293387965.532,,carbon_api
2025-01-14 12:00:00,blended,"Data centre facility, hyperscale, Virginia (Zhang et al. 2025)","Data centre facility, hyperscale, Virginia (Zhang et al. 2025) (blended)",217.382,215,blended,0.217382,0.782618,217.382,782.618,0.0,,438831764.0693651,3,1600092000.0,347831199.144,1252260800.856,,carbon_api
2025-01-14 12:30:00,blended,"Data centre facility, hyperscale, Virginia (Zhang et al. 2025)","Data centre facility, hyperscale, Virginia (Zhang et al. 2025) (blended)",217.382,215,blended,0.217382,0.782618,217.382,782.618,0.0,,448620160.809972,3,1600092000.0,347831199.144,1252260800.856,,carbon_api
2025-01-14 13:00:00,blended,"Data centre facility, hyperscale, Virginia (Zhang et al. 2025)","Data centre facility, hyperscale, Virginia (Zhang et al. 2025) (blended)",200.821,220,blended,0.200821,0.799179,200.821,799.179,0.0,,466466130.62123126,3,1600092000.0,321332075.532,1278759924.468,,carbon_api
2025-01-14 13:30:00,blended,"Data centre facility, hyperscale, Virginia (Zhang et al. 2025)","Data centre facility, hyperscale, Virginia (Zhang et al. 2025) (blended)",200.821,230,blended,0.200821,0.799179,200.821,799.179,0.0,,482093025.9556414,3,1600092000.0,321332075.532,1278759924.468,,carbon_api
2025-01-14 14:00:00,blended,"Data centre facility, hyperscale, Virginia (Zhang et al. 2025)","Data centre facility, hyperscale, Virginia (Zhang et al. 2025) (blended)",190.673,242,blended,0.190673,0.809327,190.673,809.327,0.0,,504863427.78566,3,1600092000.0,305094341.916,1294997658.084,,carbon_api
2025-01-14 14:30:00,blended,"Data centre facility, hyperscale, Virginia (Zhang et al. 2025)","Data centre facility, hyperscale, Virginia (Zhang et al. 2025) (blended)",190.673,256,blended,0.190673,0.809327,190.673,809.327,0.0,,521709798.62743306,3,1600092000.0,305094341.916,1294997658.084,,carbon_api
2025-01-14 15:00:00,blended,"Data centre facility, hyperscale, Virginia (Zhang et al. 2025)","Data centre facility, hyperscale, Virginia (Zhang et al. 2025) (blended)",209.263,264,blended,0.209263,0.790737,209.263,790.7370000000001,0.0,,522305121.7186598,3,1600092000.0,334840052.196,1265251947.8040001,,carbon_api
2025-01-14 15:30:00,blended,"Data centre facility, hyperscale, Virginia (Zhang et al. 2025)","Data centre facility, hyperscale, Virginia (Zhang et al. 2025) (blended)",209.263,263,blended,0.209263,0.790737,209.263,790.7370000000001,0.0,,525532397.90353703,3,1600092000.0,334840052.196,1265251947.8040001,,carbon_api
2025-01-14 16:00:00,blended,"Data centre facility, hyperscale, Virginia (Zhang et al. 2025)","Data centre facility, hyperscale, Virginia (Zhang et al. 2025) (blended)",240.754,261,blended,0.240754,0.759246,240.754,759.246,0.0,,503461734.23142916,3,1600092000.0,385228549.368,1214863450.632,,carbon_api
2025-01-14 16:30:00,blended,"Data centre facility, hyperscale, Virginia (Zhang et al. 2025)","Data centre facility, hyperscale, Virginia (Zhang et al. 2025) (blended)",240.754,273,blended,0.240754,0.759246,240.754,759.246,0.0,,524107966.3616608,3,1600092000.0,385228549.368,1214863450.632,,carbon_api
2025-01-14 17:00:00,blended,"Data centre facility, hyperscale, Virginia (Zhang et al. 2025)","Data centre facility, hyperscale, Virginia (Zhang et al. 2025) (blended)",249.505,268,blended,0.249505,0.750495,249.505,750.495,0.0,,509183148.71416944,3,1600092000.0,399230954.46,1200861045.54,,carbon_api
2025-01-14 17:30:00,blended,"Data centre facility, hyperscale, Virginia (Zhang et al. 2025)","Data centre facility, hyperscale, Virginia (Zhang et al. 2025) (blended)",249.505,272,blended,0.249505,0.750495,249.505,750.495,0.0,,514428129.58912385,3,1600092000.0,399230954.46,1200861045.54,,carbon_api
2025-01-14 18:00:00,blended,"Data centre facility, hyperscale, Virginia (Zhang et al. 2025)","Data centre facility, hyperscale, Virginia (Zhang et al. 2025) (blended)",243.014,274,blended,0.243014,0.7569859999999999,243.014,756.986,0.0,,521402986.5027276,3,1600092000.0,388844757.288,1211247242.712,,carbon_api
2025-01-14 18:30:00,blended,"Data centre facility, hyperscale, Virginia (Zhang et al. 2025)","Data centre facility, hyperscale, Virginia (Zhang et al. 2025) (blended)",243.014,279,blended,0.243014,0.7569859999999999,243.014,756.986,0.0,,524365482.2602209,3,1600092000.0,388844757.288,1211247242.712,,carbon_api
2025-01-14 19:00:00,blended,"Data centre facility, hyperscale, Virginia (Zhang et al. 2025)","Data centre facility, hyperscale, Virginia (Zhang et al. 2025) (blended)",231.441,279,blended,0.231441,0.768559,231.441,768.559,0.0,,531927601.52077657,3,1600092000.0,370326892.572,1229765107.428,,carbon_api
2025-01-14 19:30:00,blended,"Data centre facility, hyperscale, Virginia (Zhang et al. 2025)","Data centre facility, hyperscale, Virginia (Zhang et al. 2025) (blended)",231.441,281,blended,0.231441,0.768559,231.441,768.559,0.0,,531820141.29224986,3,1600092000.0,370326892.572,1229765107.428,,carbon_api
2025-01-14 20:00:00,blended,"Data centre facility, hyperscale, Virginia (Zhang et al. 2025)","Data centre facility, hyperscale, Virginia (Zhang et al. 2025) (blended)",235.955,281,blended,0.23595500000000003,0.764045,235.955,764.045,0.0,,528040397.9798932,3,1600092000.0,377549707.86,1222542292.1399999,,carbon_api
2025-01-14 20:30:00,blended,"Data centre facility, hyperscale, Virginia (Zhang et al. 2025)","Data centre facility, hyperscale, Virginia (Zhang et al. 2025) (blended)",235.955,279,blended,0.23595500000000003,0.764045,235.955,764.045,0.0,,524603696.1272791,3,1600092000.0,377549707.86,1222542292.1399999,,carbon_api
2025-01-14 21:00:00,blended,"Data centre facility, hyperscale, Virginia (Zhang et al. 2025)","Data centre facility, hyperscale, Virginia (Zhang et al. 2025) (blended)",259.088,271,blended,0.25908800000000004,0.740912,259.088,740.912,0.0,,496555443.142163,3,1600092000.0,414564636.0960001,1185527363.904,,carbon_api
2025-01-14 21:30:00,blended,"Data centre facility, hyperscale, Virginia (Zhang et al. 2025)","Data centre facility, hyperscale, Virginia (Zhang et al. 2025) (blended)",259.088,263,blended,0.25908800000000004,0.740912,259.088,740.912,0.0,,482911575.0839134,3,1600092000.0,414564636.0960001,1185527363.904,,carbon_api
2025-01-14 22:00:00,blended,"Data centre facility, hyperscale, Virginia (Zhang et al. 2025)","Data centre facility, hyperscale, Virginia (Zhang et al. 2025) (blended)",268.275,263,blended,0.268275,0.731725,268.275,731.7249999999999,0.0,,478269742.0166149,3,1600092000.0,429264681.29999995,1170827318.7,,carbon_api
2025-01-14 22:30:00,blended,"Data centre facility, hyperscale, Virginia (Zhang et al. 2025)","Data centre facility, hyperscale, Virginia (Zhang et al. 2025) (blended)",268.275,266,blended,0.268275,0.731725,268.275,731.7249999999999,0.0,,482671970.72520655,3,1600092000.0,429264681.29999995,1170827318.7,,carbon_api
2025-01-14 23:00:00,blended,"Data centre facility, hyperscale, Virginia (Zhang et al. 2025)","Data centre facility, hyperscale, Virginia (Zhang et al. 2025) (blended)",252.415,252,blended,0.252415,0.7475849999999999,252.415,747.5849999999999,0.0,,468800120.50053144,3,1600092000.0,403887222.18,1196204777.82,,carbon_api
2025-01-14 23:30:00,blended,"Data centre facility, hyperscale, Virginia (Zhang et al. 2025)","Data centre facility, hyperscale, Virginia (Zhang et al. 2025) (blended)",252.415,258,blended,0.252415,0.7475849999999999,252.415,747.5849999999999,0.0,,479758517.6698905,3,1600092000.0,403887222.18,1196204777.82,,carbon_api
2025-01-15 00:00:00,blended,"Data centre facility, hyperscale, Virginia (Zhang et al. 2025)","Data centre facility, hyperscale, Virginia (Zhang et al. 2025) (blended)",222.997,258,blended,0.222997,0.777003,222.997,777.003,0.0,,496478085.07596684,3,1600092000.0,356815715.724,1243276284.276,,carbon_api
2025-01-15 00:30:00,blended,"Data centre facility, hyperscale, Virginia (Zhang et al. 2025)","Data centre facility, hyperscale, Virginia (Zhang et al. 2025) (blended)",222.997,258,blended,0.222997,0.777003,222.997,777.003,0.0,,494584091.7196464,3,1600092000.0,356815715.724,1243276284.276,,carbon_api
2025-01-15 01:00:00,blended,"Data centre facility, hyperscale, Virginia (Zhang et al. 2025)","Data centre facility, hyperscale, Virginia (Zhang et al. 2025) (blended)",188.698,265,blended,0.188698,0.811302,188.698,811.302,0.0,,528613022.20185184,3,1600092000.0,301934160.216,1298157839.784,,carbon_api
2025-01-15 01:30:00,blended,"Data centre facility, hyperscale, Virginia (Zhang et al. 2025)","Data centre facility, hyperscale, Virginia (Zhang et al. 2025) (blended)",188.698,271,blended,0.188698,0.811302,188.698,811.302,0.0,,540057515.9605815,3,1600092000.0,301934160.216,1298157839.784,,carbon_api
2025-01-15 02:00:00,blended,"Data centre facility, hyperscale, Virginia (Zhang et al. 2025)","Data centre facility, hyperscale, Virginia (Zhang et al. 2025) (blended)",159.469,272,blended,0.159469,0.840531,159.469,840.5310000000001,0.0,,558618046.0221328,3,1600092000.0,255165071.148,1344926928.852,,carbon_api
2025-01-15 02:30:00,blended,"Data centre facility, hyperscale, Virginia (Zhang et al. 2025)","Data centre facility, hyperscale, Virginia (Zhang et al. 2025) (blended)",159.469,269,blended,0.159469,0.840531,159.469,840.5310000000001,0.0,,554263983.5059644,3,1600092000.0,255165071.148,1344926928.852,,carbon_api
2025-01-15 03:00:00,blended,"Data centre facility, hyperscale, Virginia (Zhang et al. 2025)","Data centre facility, hyperscale, Virginia (Zhang et al. 2025) (blended)",133.012,268,blended,0.133012,0.866988,133.012,866.9879999999999,0.0,,566927283.5552058,3,1600092000.0,212831437.10399997,1387260562.896,,carbon_api
2025-01-15 03:30:00,blended,"Data centre facility, hyperscale, Virginia (Zhang et al. 2025)","Data centre facility, hyperscale, Virginia (Zhang et al. 2025) (blended)",133.012,276,blended,0.133012,0.866988,133.012,866.9879999999999,0.0,,582551312.274297,3,1600092000.0,212831437.10399997,1387260562.896,,carbon_api
2025-01-15 04:00:00,blended,"Data centre facility, hyperscale, Virginia (Zhang et al. 2025)","Data centre facility, hyperscale, Virginia (Zhang et al. 2025) (blended)",117.612,287,blended,0.117612,0.882388,117.612,882.3879999999999,0.0,,615756977.607493,3,1600092000.0,188190020.304,1411901979.6959999,,carbon_api
2025-01-15 04:30:00,blended,"Data centre facility, hyperscale, Virginia (Zhang et al. 2025)","Data centre facility, hyperscale, Virginia (Zhang et al. 2025) (blended)",117.612,295,blended,0.117612,0.882388,117.612,882.3879999999999,0.0,,629817580.7276437,3,1600092000.0,188190020.304,1411901979.6959999,,carbon_api
2025-01-15 05:00:00,blended,"Data centre facility, hyperscale, Virginia (Zhang et al. 2025)","Data centre facility, hyperscale, Virginia (Zhang et al. 2025) (blended)",115.181,302,blended,0.11518099999999999,0.884819,115.181,884.8190000000001,0.0,,645143941.0610365,3,1600092000.0,184300196.65199998,1415791803.348,,carbon_api
2025-01-15 05:30:00,blended,"Data centre facility, hyperscale, Virginia (Zhang et al. 2025)","Data centre facility, hyperscale, Virginia (Zhang et al. 2025) (blended)",115.181,313,blended,0.11518099999999999,0.884819,115.181,884.8190000000001,0.0,,667002425.2105571,3,1600092000.0,184300196.65199998,1415791803.348,,carbon_api
2025-01-15 06:00:00,blended,"Data centre facility, hyperscale, Virginia (Zhang et al. 2025)","Data centre facility, hyperscale, Virginia (Zhang et al. 2025) (blended)",117.26,319,blended,0.11726,0.88274,117.26,882.74,0.0,,678157584.4526929,3,1600092000.0,187626787.92000002,1412465212.08,,carbon_api
2025-01-15 06:30:00,blended,"Data centre facility, hyperscale, Virginia (Zhang et al. 2025)","Data centre facility, hyperscale, Virginia (Zhang et al. 2025) (blended)",117.26,321,blended,0.11726,0.88274,117.26,882.74,0.0,,682402494.4938347,3,1600092000.0,187626787.92000002,1412465212.08,,carbon_api
2025-01-15 07:00:00,blended,"Data centre facility, hyperscale, Virginia (Zhang et al. 2025)","Data centre facility, hyperscale, Virginia (Zhang et al. 2025) (blended)",108.784,324,blended,0.108784,0.891216,108.784,891.216,0.0,,694012925.9382974,3,1600092000.0,174064408.12800002,1426027591.872,,carbon_api
2025-01-15 07:30:00,blended,"Data centre facility, hyperscale, Virginia (Zhang et al. 2025)","Data centre facility, hyperscale, Virginia (Zhang et al. 2025) (blended)",108.784,325,blended,0.108784,0.891216,108.784,891.216,0.0,,695809659.3273302,3,1600092000.0,174064408.12800002,1426027591.872,,carbon_api
2025-01-15 08:00:00,blended,"Data centre facility, hyperscale, Virginia (Zhang et al. 2025)","Data centre facility, hyperscale, Virginia (Zhang et al. 2025) (blended)",86.935,329,blended,0.086935,0.913065,86.935,913.065,0.0,,720344816.8264644,3,1600092000.0,139103998.02,1460988001.98,,carbon_api
2025-01-15 08:30:00,blended,"Data centre facility, hyperscale, Virginia (Zhang et al. 2025)","Data centre facility, hyperscale, Virginia (Zhang et al. 2025) (blended)",86.935,307,blended,0.086935,0.913065,86.935,913.065,0.0,,692339548.3415656,3,1600092000.0,139103998.02,1460988001.98,,carbon_api
2025-01-15 09:00:00,blended,"Data centre facility, hyperscale, Virginia (Zhang et al. 2025)","Data centre facility, hyperscale, Virginia (Zhang et al. 2025) (blended)",54.035,294,blended,0.054035,0.945965,54.035,945.9649999999999,0.0,,692540923.1633924,3,1600092000.0,86460971.22,1513631028.78,,carbon_api
2025-01-15 09:30:00,blended,"Data centre facility, hyperscale, Virginia (Zhang et al. 2025)","Data centre facility, hyperscale, Virginia (Zhang et al. 2025) (blended)",54.035,298,blended,0.054035,0.945965,54.035,945.9649999999999,0.0,,692783022.1193643,3,1600092000.0,86460971.22,1513631028.78,,carbon_api
2025-01-15 10:00:00,blended,"Data centre facility, hyperscale, Virginia (Zhang et al. 2025)","Data centre facility, hyperscale, Virginia (Zhang et al. 2025) (blended)",27.146,296,blended,0.027146,0.972854,27.146,972.854,0.0,,708482440.0053637,3,1600092000.0,43436097.432,1556655902.568,,carbon_api
2025-01-15 10:30:00,blended,"Data centre facility, hyperscale, Virginia (Zhang et al. 2025)","Data centre facility, hyperscale, Virginia (Zhang et al. 2025) (blended)",27.146,292,blended,0.027146,0.972854,27.146,972.854,0.0,,701810380.5716504,3,1600092000.0,43436097.432,1556655902.568,,carbon_api
2025-01-15 11:00:00,blended,"Data centre facility, hyperscale, Virginia (Zhang et al. 2025)","Data centre facility, hyperscale, Virginia (Zhang et al. 2025) (blended)",18.402,288,blended,0.018402,0.981598,18.402,981.598,0.0,,698254454.3087333,3,1600092000.0,29444892.984,1570647107.016,,carbon_api
2025-01-15 11:30:00,blended,"Data centre facility, hyperscale, Virginia (Zhang et al. 2025)","Data centre facility, hyperscale, Virginia (Zhang et al. 2025) (blended)",18.402,284,blended,0.018402,0.981598,18.402,981.598,0.0,,687543734.8494264,3,1600092000.0,29444892.984,1570647107.016,,carbon_api
2025-01-15 12:00:00,blended,"Data centre facility, hyperscale, Virginia (Zhang et al. 2025)","Data centre facility, hyperscale, Virginia (Zhang et al. 2025) (blended)",15.293,285,blended,0.015293,0.984707,15.293,984.707,0.0,,692285890.4009715,3,1600092000.0,24470206.956,1575621793.044,,carbon_api
2025-01-15 12:30:00,blended,"Data centre facility, hyperscale, Virginia (Zhang et al. 2025)","Data centre facility, hyperscale, Virginia (Zhang et al. 2025) (blended)",15.293,281,blended,0.015293,0.984707,15.293,984.707,0.0,,686127077.2115157,3,1600092000.0,24470206.956,1575621793.044,,carbon_api
2025-01-15 13:00:00,blended,"Data centre facility, hyperscale, Virginia (Zhang et al. 2025)","Data centre facility, hyperscale, Virginia (Zhang et al. 2025) (blended)",12.367,281,blended,0.012367000000000001,0.987633,12.367,987.633,0.0,,687562456.320298,3,1600092000.0,19788337.764000002,1580303662.236,,carbon_api
2025-01-15 13:30:00,blended,"Data centre facility, hyperscale, Virginia (Zhang et al. 2025)","Data centre facility, hyperscale, Virginia (Zhang et al. 2025) (blended)",12.367,281,blended,0.012367000000000001,0.987633,12.367,987.633,0.0,,688310177.1086211,3,1600092000.0,19788337.764000002,1580303662.236,,carbon_api
2025-01-15 14:00:00,blended,"Data centre facility, hyperscale, Virginia (Zhang et al. 2025)","Data centre facility, hyperscale, Virginia (Zhang et al. 2025) (blended)",10.157,283,blended,0.010157,0.989843,10.157,989.8430000000001,0.0,,694668769.394469,3,1600092000.0,16252134.443999998,1583839865.556,,carbon_api
2025-01-15 14:30:00,blended,"Data centre facility, hyperscale, Virginia (Zhang et al. 2025)","Data centre facility, hyperscale, Virginia (Zhang et al. 2025) (blended)",10.157,281,blended,0.010157,0.989843,10.157,989.8430000000001,0.0,,696905985.4782335,3,1600092000.0,16252134.443999998,1583839865.556,,carbon_api
2025-01-15 15:00:00,blended,"Data centre facility, hyperscale, Virginia (Zhang et al. 2025)","Data centre facility, hyperscale, Virginia (Zhang et al. 2025) (blended)",12.639,287,blended,0.012639,0.987361,12.639,987.361,0.0,,704598773.6541771,3,1600092000.0,20223562.788,1579868437.2120001,,carbon_api
2025-01-15 15:30:00,blended,"Data centre facility, hyperscale, Virginia (Zhang et al. 2025)","Data centre facility, hyperscale, Virginia (Zhang et al. 2025) (blended)",12.639,297,blended,0.012639,0.987361,12.639,987.361,0.0,,716358489.7201136,3,1600092000.0,20223562.788,1579868437.2120001,,carbon_api
2025-01-15 16:00:00,blended,"Data centre facility, hyperscale, Virginia (Zhang et al. 2025)","Data centre facility, hyperscale, Virginia (Zhang et al. 2025) (blended)",17.153,298,blended,0.017152999999999998,0.982847,17.153,982.847,0.0,,712463004.1094003,3,1600092000.0,27446378.075999998,1572645621.924,,carbon_api
2025-01-15 16:30:00,blended,"Data centre facility, hyperscale, Virginia (Zhang et al. 2025)","Data centre facility, hyperscale, Virginia (Zhang et al. 2025) (blended)",17.153,307,blended,0.017152999999999998,0.982847,17.153,982.847,0.0,,726811161.257688,3,1600092000.0,27446378.075999998,1572645621.924,,carbon_api
2025-01-15 17:00:00,blended,"Data centre facility, hyperscale, Virginia (Zhang et al. 2025)","Data centre facility, hyperscale, Virginia (Zhang et al. 2025) (blended)",22.475,306,blended,0.022475000000000002,0.977525,22.475,977.525,0.0,,717841398.5017275,3,1600092000.0,35962067.7,1564129932.3,,carbon_api
2025-01-15 17:30:00,blended,"Data centre facility, hyperscale, Virginia (Zhang et al. 2025)","Data centre facility, hyperscale, Virginia (Zhang et al. 2025) (blended)",22.475,301,blended,0.022475000000000002,0.977525,22.475,977.525,0.0,,708828055.8422534,3,1600092000.0,35962067.7,1564129932.3,,carbon_api
2025-01-15 18:00:00,blended,"Data centre facility, hyperscale, Virginia (Zhang et al. 2025)","Data centre facility, hyperscale, Virginia (Zhang et al. 2025) (blended)",27.754,299,blended,0.027754,0.9722459999999999,27.754,972.246,0.0,,702421048.3190724,3,1600092000.0,44408953.368,1555683046.632,,carbon_api
2025-01-15 18:30:00,blended,"Data centre facility, hyperscale, Virginia (Zhang et al. 2025)","Data centre facility, hyperscale, Virginia (Zhang et al. 2025) (blended)",27.754,304,blended,0.027754,0.9722459999999999,27.754,972.246,0.0,,710602642.1482478,3,1600092000.0,44408953.368,1555683046.632,,carbon_api
2025-01-15 19:00:00,blended,"Data centre facility, hyperscale, Virginia (Zhang et al. 2025)","Data centre facility, hyperscale, Virginia (Zhang et al. 2025) (blended)",33.337,312,blended,0.033337000000000006,0.966663,33.337,966.663,0.0,,723399596.1073934,3,1600092000.0,53342267.00400001,1546749732.996,,carbon_api
2025-01-15 19:30:00,blended,"Data centre facility, hyperscale, Virginia (Zhang et al. 2025)","Data centre facility, hyperscale, Virginia (Zhang et al. 2025) (blended)",33.337,301,blended,0.033337000000000006,0.966663,33.337,966.663,0.0,,712666632.7954416,3,1600092000.0,53342267.00400001,1546749732.996,,carbon_api
2025-01-15 20:00:00,blended,"Data centre facility, hyperscale, Virginia (Zhang et al. 2025)","Data centre facility, hyperscale, Virginia (Zhang et al. 2025) (blended)",37.876,309,blended,0.037876,0.962124,37.876,962.124,0.0,,725350927.5139922,3,1600092000.0,60605084.592,1539486915.408,,carbon_api
2025-01-15 20:30:00,blended,"Data centre facility, hyperscale, Virginia (Zhang et al. 2025)","Data centre facility, hyperscale, Virginia (Zhang et al. 2025) (blended)",37.876,319,blended,0.037876,0.962124,37.876,962.124,0.0,,733563092.9291652,3,1600092000.0,60605084.592,1539486915.408,,carbon_api
2025-01-15 21:00:00,blended,"Data centre facility, hyperscale, Virginia (Zhang et al. 2025)","Data centre facility, hyperscale, Virginia (Zhang et al. 2025) (blended)",45.19,309,blended,0.04519,0.95481,45.19,954.8100000000001,0.0,,710063278.0795808,3,1600092000.0,72308157.48,1527783842.52,,carbon_api
2025-01-15 21:30:00,blended,"Data centre facility, hyperscale, Virginia (Zhang et al. 2025)","Data centre facility, hyperscale, Virginia (Zhang et al. 2025) (blended)",45.19,305,blended,0.04519,0.95481,45.19,954.8100000000001,0.0,,701932253.8087043,3,1600092000.0,72308157.48,1527783842.52,,carbon_api
2025-01-15 22:00:00,blended,"Data centre facility, hyperscale, Virginia (Zhang et al. 2025)","Data centre facility, hyperscale, Virginia (Zhang et al. 2025) (blended)",57.795,305,blended,0.057795,0.942205,57.795,942.2049999999999,0.0,,691660122.9452981,3,1600092000.0,92477317.14,1507614682.86,,carbon_api
2025-01-15 22:30:00,blended,"Data centre facility, hyperscale, Virginia (Zhang et al. 2025)","Data centre facility, hyperscale, Virginia (Zhang et al. 2025) (blended)",57.795,294,blended,0.057795,0.942205,57.795,942.2049999999999,0.0,,667591068.9075079,3,1600092000.0,92477317.14,1507614682.86,,carbon_api
2025-01-15 23:00:00,blended,"Data centre facility, hyperscale, Virginia (Zhang et al. 2025)","Data centre facility, hyperscale, Virginia (Zhang et al. 2025) (blended)",69.644,293,blended,0.06964400000000001,0.930356,69.644,930.356,0.0,,658221163.0193285,3,1600092000.0,111436807.24800003,1488655192.7519999,,carbon_api
2025-01-15 23:30:00,blended,"Data centre facility, hyperscale, Virginia (Zhang et al. 2025)","Data centre facility, hyperscale, Virginia (Zhang et al. 2025) (blended)",69.644,280,blended,0.06964400000000001,0.930356,69.644,930.356,0.0,,632221648.8364786,3,1600092000.0,111436807.24800003,1488655192.7519999,,carbon_api
2025-01-16 00:00:00,blended,"Data centre facility, hyperscale, Virginia (Zhang et al. 2025)","Data centre facility, hyperscale, Virginia (Zhang et al. 2025) (blended)",76.401,283,blended,0.076401,0.9235990000000001,76.401,923.599,0.0,,633496731.8706802,3,1600092000.0,122248628.89199999,1477843371.108,,carbon_api
2025-01-16 00:30:00,blended,"Data centre facility, hyperscale, Virginia (Zhang et al. 2025)","Data centre facility, hyperscale, Virginia (Zhang et al. 2025) (blended)",76.401,282,blended,0.076401,0.9235990000000001,76.401,923.599,0.0,,633108047.0787457,3,1600092000.0,122248628.89199999,1477843371.108,,carbon_api
2025-01-16 01:00:00,blended,"Data centre facility, hyperscale, Virginia (Zhang et al. 2025)","Data centre facility, hyperscale, Virginia (Zhang et al. 2025) (blended)",71.159,285,blended,0.071159,0.928841,71.159,928.841,0.0,,641785635.2288836,3,1600092000.0,113860946.628,1486231053.372,,carbon_api
2025-01-16 01:30:00,blended,"Data centre facility, hyperscale, Virginia (Zhang et al. 2025)","Data centre facility, hyperscale, Virginia (Zhang et al. 2025) (blended)",71.159,280,blended,0.071159,0.928841,71.159,928.841,0.0,,635040284.6732354,3,1600092000.0,113860946.628,1486231053.372,,carbon_api
2025-01-16 02:00:00,blended,"Data centre facility, hyperscale, Virginia (Zhang et al. 2025)","Data centre facility, hyperscale, Virginia (Zhang et al. 2025) (blended)",58.283,282,blended,0.058283,0.941717,58.283,941.717,0.0,,648764051.3578831,3,1600092000.0,93258162.036,1506833837.964,,carbon_api
2025-01-16 02:30:00,blended,"Data centre facility, hyperscale, Virginia (Zhang et al. 2025)","Data centre facility, hyperscale, Virginia (Zhang et al. 2025) (blended)",58.283,293,blended,0.058283,0.941717,58.283,941.717,0.0,,666180085.5647366,3,1600092000.0,93258162.036,1506833837.964,,carbon_api
2025-01-16 03:00:00,blended,"Data centre facility, hyperscale, Virginia (Zhang et al. 2025)","Data centre facility, hyperscale, Virginia (Zhang et al. 2025) (blended)",40.601,285,blended,0.040601,0.959399,40.601,959.399,0.0,,661146149.539563,3,1600092000.0,64965335.291999996,1535126664.708,,carbon_api
2025-01-16 03:30:00,blended,"Data centre facility, hyperscale, Virginia (Zhang et al. 2025)","Data centre facility, hyperscale, Virginia (Zhang et al. 2025) (blended)",40.601,287,blended,0.040601,0.959399,40.601,959.399,0.0,,664633720.686943,3,1600092000.0,64965335.291999996,1535126664.708,,carbon_api
2025-01-16 04:00:00,blended,"Data centre facility, hyperscale, Virginia (Zhang et al. 2025)","Data centre facility, hyperscale, Virginia (Zhang et al. 2025) (blended)",28.19,285,blended,0.02819,0.97181,28.19,971.81,0.0,,668026593.292813,3,1600092000.0,45106593.48,1554985406.52,,carbon_api
2025-01-16 04:30:00,blended,"Data centre facility, hyperscale, Virginia (Zhang et al. 2025)","Data centre facility, hyperscale, Virginia (Zhang et al. 2025) (blended)",28.19,304,blended,0.02819,0.97181,28.19,971.81,0.0,,710933118.8758084,3,1600092000.0,45106593.48,1554985406.52,,carbon_api
2025-01-16 05:00:00,blended,"Data centre facility, hyperscale, Virginia (Zhang et al. 2025)","Data centre facility, hyperscale, Virginia (Zhang et al. 2025) (blended)",35.467,302,blended,0.035467,0.964533,35.467,964.533,0.0,,702891286.0527253,3,1600092000.0,56750462.963999994,1543341537.036,,carbon_api
2025-01-16 05:30:00,blended,"Data centre facility, hyperscale, Virginia (Zhang et al. 2025)","Data centre facility, hyperscale, Virginia (Zhang et al. 2025) (blended)",35.467,314,blended,0.035467,0.964533,35.467,964.533,0.0,,729955360.1229702,3,1600092000.0,56750462.963999994,1543341537.036,,carbon_api
2025-01-16 06:00:00,blended,"Data centre facility, hyperscale, Virginia (Zhang et al. 2025)","Data centre facility, hyperscale, Virginia (Zhang et al. 2025) (blended)",68.15,312,blended,0.06815,0.93185,68.15,931.8499999999999,0.0,,701665018.0394297,3,1600092000.0,109046269.8,1491045730.2,,carbon_api
2025-01-16 06:30:00,blended,"Data centre facility, hyperscale, Virginia (Zhang et al. 2025)","Data centre facility, hyperscale, Virginia (Zhang et al. 2025) (blended)",68.15,313,blended,0.06815,0.93185,68.15,931.8499999999999,0.0,,702821187.2389947,3,1600092000.0,109046269.8,1491045730.2,,carbon_api
2025-01-16 07:00:00,blended,"Data centre facility, hyperscale, Virginia (Zhang et al. 2025)","Data centre facility, hyperscale, Virginia (Zhang et al. 2025) (blended)",111.153,310,blended,0.111153,0.8888469999999999,111.153,888.847,0.0,,666612098.8718402,3,1600092000.0,177855026.076,1422236973.924,,carbon_api
2025-01-16 07:30:00,blended,"Data centre facility, hyperscale, Virginia (Zhang et al. 2025)","Data centre facility, hyperscale, Virginia (Zhang et al. 2025) (blended)",111.153,314,blended,0.111153,0.8888469999999999,111.153,888.847,0.0,,674035743.737395,3,1600092000.0,177855026.076,1422236973.924,,carbon_api
2025-01-16 08:00:00,blended,"Data centre facility, hyperscale, Virginia (Zhang et al. 2025)","Data centre facility, hyperscale, Virginia (Zhang et al. 2025) (blended)",140.183,312,blended,0.140183,0.859817,140.183,859.817,0.0,,650139794.4079683,3,1600092000.0,224305696.836,1375786303.164,,carbon_api
2025-01-16 08:30:00,blended,"Data centre facility, hyperscale, Virginia (Zhang et al. 2025)","Data centre facility, hyperscale, Virginia (Zhang et al. 2025) (blended)",140.183,306,blended,0.140183,0.859817,140.183,859.817,0.0,,638669174.927283,3,1600092000.0,224305696.836,1375786303.164,,carbon_api
2025-01-16 09:00:00,blended,"Data centre facility, hyperscale, Virginia (Zhang et al. 2025)","Data centre facility, hyperscale, Virginia (Zhang et al. 2025) (blended)",146.602,295,blended,0.146602,0.853398,146.602,853.398,0.0,,615192273.4861641,3,1600092000.0,234576687.384,1365515312.616,,carbon_api
2025-01-16 09:30:00,blended,"Data centre facility, hyperscale, Virginia (Zhang et al. 2025)","Data centre facility, hyperscale, Virginia (Zhang et al. 2025) (blended)",146.602,290,blended,0.146602,0.853398,146.602,853.398,0.0,,608398850.8894114,3,1600092000.0,234576687.384,1365515312.616,,carbon_api
2025-01-16 10:00:00,blended,"Data centre facility, hyperscale, Virginia (Zhang et al. 2025)","Data centre facility, hyperscale, Virginia (Zhang et al. 2025) (blended)",152.247,284,blended,0.15224700000000002,0.847753,152.247,847.7529999999999,0.0,,594533759.2960242,3,1600092000.0,243609206.72400004,1356482793.276,,carbon_api
2025-01-16 10:30:00,blended,"Data centre facility, hyperscale, Virginia (Zhang et al. 2025)","Data centre facility, hyperscale, Virginia (Zhang et al. 2025) (blended)",152.247,279,blended,0.15224700000000002,0.847753,152.247,847.7529999999999,0.0,,588672566.9585147,3,1600092000.0,243609206.72400004,1356482793.276,,carbon_api
2025-01-16 11:00:00,blended,"Data centre facility, hyperscale, Virginia (Zhang et al. 2025)","Data centre facility, hyperscale, Virginia (Zhang et al. 2025) (blended)",139.179,278,blended,0.139179,0.8608210000000001,139.179,860.821,0.0,,594611536.6818042,3,1600092000.0,222699204.468,1377392795.532,,carbon_api
2025-01-16 11:30:00,blended,"Data centre facility, hyperscale, Virginia (Zhang et al. 2025)","Data centre facility, hyperscale, Virginia (Zhang et al. 2025) (blended)",139.179,278,blended,0.139179,0.8608210000000001,139.179,860.821,0.0,,594961746.3094903,3,1600092000.0,222699204.468,1377392795.532,,carbon_api
2025-01-16 12:00:00,blended,"Data centre facility, hyperscale, Virginia (Zhang et al. 2025)","Data centre facility, hyperscale, Virginia (Zhang et al. 2025) (blended)",131.967,276,blended,0.131967,0.868033,131.967,868.033,0.0,,596195310.6290386,3,1600092000.0,211159340.96400002,1388932659.036,,carbon_api
2025-01-16 12:30:00,blended,"Data centre facility, hyperscale, Virginia (Zhang et al. 2025)","Data centre facility, hyperscale, Virginia (Zhang et al. 2025) (blended)",131.967,272,blended,0.131967,0.868033,131.967,868.033,0.0,,596875256.2594297,3,1600092000.0,211159340.96400002,1388932659.036,,carbon_api
2025-01-16 13:00:00,blended,"Data centre facility, hyperscale, Virginia (Zhang et al. 2025)","Data centre facility, hyperscale, Virginia (Zhang et al. 2025) (blended)",133.117,276,blended,0.13311699999999999,0.8668830000000001,133.117,866.883,0.0,,604228615.103337,3,1600092000.0,212999446.76399997,1387092553.236,,carbon_api
2025-01-16 13:30:00,blended,"Data centre facility, hyperscale, Virginia (Zhang et al. 2025)","Data centre facility, hyperscale, Virginia (Zhang et al. 2025) (blended)",133.117,285,blended,0.13311699999999999,0.8668830000000001,133.117,866.883,0.0,,616995949.0409045,3,1600092000.0,212999446.76399997,1387092553.236,,carbon_api
2025-01-16 14:00:00,blended,"Data centre facility, hyperscale, Virginia (Zhang et al. 2025)","Data centre facility, hyperscale, Virginia (Zhang et al. 2025) (blended)",136.329,292,blended,0.136329,0.863671,136.329,863.6709999999999,0.0,,626165787.749618,3,1600092000.0,218138942.268,1381953057.7319999,,carbon_api
2025-01-16 14:30:00,blended,"Data centre facility, hyperscale, Virginia (Zhang et al. 2025)","Data centre facility, hyperscale, Virginia (Zhang et al. 2025) (blended)",136.329,299,blended,0.136329,0.863671,136.329,863.6709999999999,0.0,,635303980.5228012,3,1600092000.0,218138942.268,1381953057.7319999,,carbon_api
2025-01-16 15:00:00,blended,"Data centre facility, hyperscale, Virginia (Zhang et al. 2025)","Data centre facility, hyperscale, Virginia (Zhang et al. 2025) (blended)",168.546,303,blended,0.168546,0.831454,168.546,831.4540000000001,0.0,,618980031.4889426,3,1600092000.0,269689106.232,1330402893.7680001,,carbon_api
2025-01-16 15:30:00,blended,"Data centre facility, hyperscale, Virginia (Zhang et al. 2025)","Data centre facility, hyperscale, Virginia (Zhang et al. 2025) (blended)",168.546,299,blended,0.168546,0.831454,168.546,831.4540000000001,0.0,,612273759.9861115,3,1600092000.0,269689106.232,1330402893.7680001,,carbon_api
2025-01-16 16:00:00,blended,"Data centre facility, hyperscale, Virginia (Zhang et al. 2025)","Data centre facility, hyperscale, Virginia (Zhang et al. 2025) (blended)",212.457,296,blended,0.212457,0.787543,212.457,787.543,0.0,,576287850.417106,3,1600092000.0,339950746.044,1260141253.956,,carbon_api
2025-01-16 16:30:00,blended,"Data centre facility, hyperscale, Virginia (Zhang et al. 2025)","Data centre facility, hyperscale, Virginia (Zhang et al. 2025) (blended)",212.457,292,blended,0.212457,0.787543,212.457,787.543,0.0,,563957038.5714641,3,1600092000.0,339950746.044,1260141253.956,,carbon_api
2025-01-16 17:00:00,blended,"Data centre facility, hyperscale, Virginia (Zhang et al. 2025)","Data centre facility, hyperscale, Virginia (Zhang et al. 2025) (blended)",243.301,287,blended,0.243301,0.756699,243.301,756.699,0.0,,533479042.51076907,3,1600092000.0,389303983.692,1210788016.308,,carbon_api
2025-01-16 17:30:00,blended,"Data centre facility, hyperscale, Virginia (Zhang et al. 2025)","Data centre facility, hyperscale, Virginia (Zhang et al. 2025) (blended)",243.301,289,blended,0.243301,0.756699,243.301,756.699,0.0,,537151296.6208197,3,1600092000.0,389303983.692,1210788016.308,,carbon_api
2025-01-16 18:00:00,blended,"Data centre facility, hyperscale, Virginia (Zhang et al. 2025)","Data centre facility, hyperscale, Virginia (Zhang et al. 2025) (blended)",279.047,289,blended,0.27904700000000005,0.720953,279.047,720.953,0.0,,513749799.37470275,3,1600092000.0,446500872.32400006,1153591127.6759999,,carbon_api
2025-01-16 18:30:00,blended,"Data centre facility, hyperscale, Virginia (Zhang et al. 2025)","Data centre facility, hyperscale, Virginia (Zhang et al. 2025) (blended)",279.047,285,blended,0.27904700000000005,0.720953,279.047,720.953,0.0,,508177120.8243589,3,1600092000.0,446500872.32400006,1153591127.6759999,,carbon_api
2025-01-16 19:00:00,blended,"Data centre facility, hyperscale, Virginia (Zhang et al. 2025)","Data centre facility, hyperscale, Virginia (Zhang et al. 2025) (blended)",314.453,280,blended,0.314453,0.685547,314.453,685.547,0.0,,477954976.53993,3,1600092000.0,503153729.676,1096938270.3240001,,carbon_api
2025-01-16 19:30:00,blended,"Data centre facility, hyperscale, Virginia (Zhang et al. 2025)","Data centre facility, hyperscale, Virginia (Zhang et al. 2025) (blended)",314.453,278,blended,0.314453,0.685547,314.453,685.547,0.0,,473669652.20458275,3,1600092000.0,503153729.676,1096938270.3240001,,carbon_api
2025-01-16 20:00:00,blended,"Data centre facility, hyperscale, Virginia (Zhang et al. 2025)","Data centre facility, hyperscale, Virginia (Zhang et al. 2025) (blended)",337.642,278,blended,0.337642,0.662358,337.642,662.358,0.0,,460267230.6156315,3,1600092000.0,540258263.064,1059833736.936,,carbon_api
2025-01-16 20:30:00,blended,"Data centre facility, hyperscale, Virginia (Zhang et al. 2025)","Data centre facility, hyperscale, Virginia (Zhang et al. 2025) (blended)",337.642,273,blended,0.337642,0.662358,337.642,662.358,0.0,,451625897.8498535,3,1600092000.0,540258263.064,1059833736.936,,carbon_api
2025-01-16 21:00:00,blended,"Data centre facility, hyperscale, Virginia (Zhang et al. 2025)","Data centre facility, hyperscale, Virginia (Zhang et al. 2025) (blended)",344.425,268,blended,0.34442500000000004,0.655575,344.425,655.575,0.0,,440055788.33918875,3,1600092000.0,551111687.1,1048980312.9,,carbon_api
2025-01-16 21:30:00,blended,"Data centre facility, hyperscale, Virginia (Zhang et al. 2025)","Data centre facility, hyperscale, Virginia (Zhang et al. 2025) (blended)",344.425,259,blended,0.34442500000000004,0.655575,344.425,655.575,0.0,,425969022.57099026,3,1600092000.0,551111687.1,1048980312.9,,carbon_api
2025-01-16 22:00:00,blended,"Data centre facility, hyperscale, Virginia (Zhang et al. 2025)","Data centre facility, hyperscale, Virginia (Zhang et al. 2025) (blended)",336.743,250,blended,0.336743,0.663257,336.743,663.257,0.0,,417454743.7442298,3,1600092000.0,538819780.3560001,1061272219.6439999,,carbon_api
2025-01-16 22:30:00,blended,"Data centre facility, hyperscale, Virginia (Zhang et al. 2025)","Data centre facility, hyperscale, Virginia (Zhang et al. 2025) (blended)",336.743,261,blended,0.336743,0.663257,336.743,663.257,0.0,,433057745.61061394,3,1600092000.0,538819780.3560001,1061272219.6439999,,carbon_api
2025-01-16 23:00:00,blended,"Data centre facility, hyperscale, Virginia (Zhang et al. 2025)","Data centre facility, hyperscale, Virginia (Zhang et al. 2025) (blended)",321.828,264,blended,0.32182799999999995,0.678172,321.828,678.172,0.0,,445028927.609841,3,1600092000.0,514954408.17599994,1085137591.824,,carbon_api
2025-01-16 23:30:00,blended,"Data centre facility, hyperscale, Virginia (Zhang et al. 2025)","Data centre facility, hyperscale, Virginia (Zhang et al. 2025) (blended)",321.828,269,blended,0.32182799999999995,0.678172,321.828,678.172,0.0,,452802274.0026649,3,1600092000.0,514954408.17599994,1085137591.824,,carbon_api
2025-01-17 00:00:00,blended,"Data centre facility, hyperscale, Virginia (Zhang et al. 2025)","Data centre facility, hyperscale, Virginia (Zhang et al. 2025) (blended)",322.598,270,blended,0.322598,0.6774020000000001,322.598,677.402,0.0,,454167791.11677045,3,1600092000.0,516186479.016,1083905520.9840002,,carbon_api
2025-01-17 00:30:00,blended,"Data centre facility, hyperscale, Virginia (Zhang et al. 2025)","Data centre facility, hyperscale, Virginia (Zhang et al. 2025) (blended)",322.598,293,blended,0.322598,0.6774020000000001,322.598,677.402,0.0,,491753531.1976366,3,1600092000.0,516186479.016,1083905520.9840002,,carbon_api
2025-01-17 01:00:00,blended,"Data centre facility, hyperscale, Virginia (Zhang et al. 2025)","Data centre facility, hyperscale, Virginia (Zhang et al. 2025) (blended)",304.966,290,blended,0.304966,0.6950339999999999,304.966,695.0339999999999,0.0,,498699997.1963645,3,1600092000.0,487973656.87200004,1112118343.1279998,,carbon_api
2025-01-17 01:30:00,blended,"Data centre facility, hyperscale, Virginia (Zhang et al. 2025)","Data centre facility, hyperscale, Virginia (Zhang et al. 2025) (blended)",304.966,279,blended,0.304966,0.6950339999999999,304.966,695.0339999999999,0.0,,480854248.98788875,3,1600092000.0,487973656.87200004,1112118343.1279998,,carbon_api
2025-01-17 02:00:00,blended,"Data centre facility, hyperscale, Virginia (Zhang et al. 2025)","Data centre facility, hyperscale, Virginia (Zhang et al. 2025) (blended)",288.896,283,blended,0.28889600000000004,0.711104,288.896,711.1039999999999,0.0,,499359404.6944878,3,1600092000.0,462260178.43200004,1137831821.5679998,,carbon_api
2025-01-17 02:30:00,blended,"Data centre facility, hyperscale, Virginia (Zhang et al. 2025)","Data centre facility, hyperscale, Virginia (Zhang et al. 2025) (blended)",288.896,275,blended,0.28889600000000004,0.711104,288.896,711.1039999999999,0.0,,484712255.6606793,3,1600092000.0,462260178.43200004,1137831821.5679998,,carbon_api
2025-01-17 03:00:00,blended,"Data centre facility, hyperscale, Virginia (Zhang et al. 2025)","Data centre facility, hyperscale, Virginia (Zhang et al. 2025) (blended)",291.32,277,blended,0.29131999999999997,0.70868,291.32,708.68,0.0,,486285174.06816477,3,1600092000.0,466138801.43999994,1133953198.56,,carbon_api
2025-01-17 03:30:00,blended,"Data centre facility, hyperscale, Virginia (Zhang et al. 2025)","Data centre facility, hyperscale, Virginia (Zhang et al. 2025) (blended)",291.32,277,blended,0.29131999999999997,0.70868,291.32,708.68,0.0,,485938240.4832734,3,1600092000.0,466138801.43999994,1133953198.56,,carbon_api
2025-01-17 04:00:00,blended,"Data centre facility, hyperscale, Virginia (Zhang et al. 2025)","Data centre facility, hyperscale, Virginia (Zhang et al. 2025) (blended)",289.998,274,blended,0.289998,0.710002,289.998,710.0020000000001,0.0,,482407191.87329227,3,1600092000.0,464023479.816,1136068520.184,,carbon_api
2025-01-17 04:30:00,blended,"Data centre facility, hyperscale, Virginia (Zhang et al. 2025)","Data centre facility, hyperscale, Virginia (Zhang et al. 2025) (blended)",289.998,277,blended,0.289998,0.710002,289.998,710.0020000000001,0.0,,487015182.5294655,3,1600092000.0,464023479.816,1136068520.184,,carbon_api
2025-01-17 05:00:00,blended,"Data centre facility, hyperscale, Virginia (Zhang et al. 2025)","Data centre facility, hyperscale, Virginia (Zhang et al. 2025) (blended)",281.847,276,blended,0.28184699999999996,0.718153,281.847,718.153,0.0,,491502926.6867406,3,1600092000.0,450981129.9239999,1149110870.076,,carbon_api
2025-01-17 05:30:00,blended,"Data centre facility, hyperscale, Virginia (Zhang et al. 2025)","Data centre facility, hyperscale, Virginia (Zhang et al. 2025) (blended)",281.847,291,blended,0.28184699999999996,0.718153,281.847,718.153,0.0,,515851814.59196234,3,1600092000.0,450981129.9239999,1149110870.076,,carbon_api
2025-01-17 06:00:00,blended,"Data centre facility, hyperscale, Virginia (Zhang et al. 2025)","Data centre facility, hyperscale, Virginia (Zhang et al. 2025) (blended)",259.037,280,blended,0.25903699999999996,0.740963,259.037,740.9630000000001,0.0,,511527522.13772815,3,1600092000.0,414483031.4039999,1185608968.596,,carbon_api
2025-01-17 06:30:00,blended,"Data centre facility, hyperscale, Virginia (Zhang et al. 2025)","Data centre facility, hyperscale, Virginia (Zhang et al. 2025) (blended)",259.037,278,blended,0.25903699999999996,0.740963,259.037,740.9630000000001,0.0,,508306857.56632227,3,1600092000.0,414483031.4039999,1185608968.596,,carbon_api
2025-01-17 07:00:00,blended,"Data centre facility, hyperscale, Virginia (Zhang et al. 2025)","Data centre facility, hyperscale, Virginia (Zhang et al. 2025) (blended)",219.301,274,blended,0.219301,0.780699,219.301,780.6990000000001,0.0,,525181168.12330025,3,1600092000.0,350901775.692,1249190224.308,,carbon_api
2025-01-17 07:30:00,blended,"Data centre facility, hyperscale, Virginia (Zhang et al. 2025)","Data centre facility, hyperscale, Virginia (Zhang et al. 2025) (blended)",219.301,273,blended,0.219301,0.780699,219.301,780.6990000000001,0.0,,523168189.260657,3,1600092000.0,350901775.692,1249190224.308,,carbon_api
2025-01-17 08:00:00,blended,"Data centre facility, hyperscale, Virginia (Zhang et al. 2025)","Data centre facility, hyperscale, Virginia (Zhang et al. 2025) (blended)",178.852,277,blended,0.178852,0.821148,178.852,821.148,0.0,,555682597.8869781,3,1600092000.0,286179654.384,1313912345.616,,carbon_api
2025-01-17 08:30:00,blended,"Data centre facility, hyperscale, Virginia (Zhang et al. 2025)","Data centre facility, hyperscale, Virginia (Zhang et al. 2025) (blended)",178.852,279,blended,0.178852,0.821148,178.852,821.148,0.0,,558980714.7373308,3,1600092000.0,286179654.384,1313912345.616,,carbon_api
2025-01-17 09:00:00,blended,"Data centre facility, hyperscale, Virginia (Zhang et al. 2025)","Data centre facility, hyperscale, Virginia (Zhang et al. 2025) (blended)",131.232,283,blended,0.131232,0.868768,131.232,868.768,0.0,,598144112.1441072,3,1600092000.0,209983273.34399998,1390108726.656,,carbon_api
2025-01-17 09:30:00,blended,"Data centre facility, hyperscale, Virginia (Zhang et al. 2025)","Data centre facility, hyperscale, Virginia (Zhang et al. 2025) (blended)",131.232,283,blended,0.131232,0.868768,131.232,868.768,0.0,,599636825.841964,3,1600092000.0,209983273.34399998,1390108726.656,,carbon_api
2025-01-17 10:00:00,blended,"Data centre facility, hyperscale, Virginia (Zhang et al. 2025)","Data centre facility, hyperscale, Virginia (Zhang et al. 2025) (blended)",100.953,279,blended,0.100953,0.899047,100.953,899.047,0.0,,612541496.8789755,3,1600092000.0,161534087.676,1438557912.3240001,,carbon_api
2025-01-17 10:30:00,blended,"Data centre facility, hyperscale, Virginia (Zhang et al. 2025)","Data centre facility, hyperscale, Virginia (Zhang et al. 2025) (blended)",100.953,277,blended,0.100953,0.899047,100.953,899.047,0.0,,609542933.2088851,3,1600092000.0,161534087.676,1438557912.3240001,,carbon_api
2025-01-17 11:00:00,blended,"Data centre facility, hyperscale, Virginia (Zhang et al. 2025)","Data centre facility, hyperscale, Virginia (Zhang et al. 2025) (blended)",77.373,275,blended,0.07737300000000001,0.922627,77.373,922.627,0.0,,620819017.2004286,3,1600092000.0,123803918.31600001,1476288081.684,,carbon_api
2025-01-17 11:30:00,blended,"Data centre facility, hyperscale, Virginia (Zhang et al. 2025)","Data centre facility, hyperscale, Virginia (Zhang et al. 2025) (blended)",77.373,270,blended,0.07737300000000001,0.922627,77.373,922.627,0.0,,621784886.2114555,3,1600092000.0,123803918.31600001,1476288081.684,,carbon_api
2025-01-17 12:00:00,blended,"Data centre facility, hyperscale, Virginia (Zhang et al. 2025)","Data centre facility, hyperscale, Virginia (Zhang et al. 2025) (blended)",62.831,279,blended,0.062831,0.937169,62.830999999999996,937.169,0.0,,655641357.060008,3,1600092000.0,100535380.45199999,1499556619.548,,carbon_api
2025-01-17 12:30:00,blended,"Data centre facility, hyperscale, Virginia (Zhang et al. 2025)","Data centre facility, hyperscale, Virginia (Zhang et al. 2025) (blended)",62.831,264,blended,0.062831,0.937169,62.830999999999996,937.169,0.0,,634322425.5409006,3,1600092000.0,100535380.45199999,1499556619.548,,carbon_api
2025-01-17 13:00:00,blended,"Data centre facility, hyperscale, Virginia (Zhang et al. 2025)","Data centre facility, hyperscale, Virginia (Zhang et al. 2025) (blended)",53.667,262,blended,0.053667,0.946333,53.667,946.333,0.0,,635249579.3927839,3,1600092000.0,85872137.364,1514219862.636,,carbon_api
2025-01-17 13:30:00,blended,"Data centre facility, hyperscale, Virginia (Zhang et al. 2025)","Data centre facility, hyperscale, Virginia (Zhang et al. 2025) (blended)",53.667,271,blended,0.053667,0.946333,53.667,946.333,0.0,,652066958.3167359,3,1600092000.0,85872137.364,1514219862.636,,carbon_api
2025-01-17 14:00:00,blended,"Data centre facility, hyperscale, Virginia (Zhang et al. 2025)","Data centre facility, hyperscale, Virginia (Zhang et al. 2025) (blended)",48.655,277,blended,0.048655000000000004,0.951345,48.655,951.345,0.0,,666111807.6619624,3,1600092000.0,77852476.26,1522239523.74,,carbon_api
2025-01-17 14:30:00,blended,"Data centre facility, hyperscale, Virginia (Zhang et al. 2025)","Data centre facility, hyperscale, Virginia (Zhang et al. 2025) (blended)",48.655,302,blended,0.048655000000000004,0.951345,48.655,951.345,0.0,,701899676.3174691,3,1600092000.0,77852476.26,1522239523.74,,carbon_api
2025-01-17 15:00:00,blended,"Data centre facility, hyperscale, Virginia (Zhang et al. 2025)","Data centre facility, hyperscale, Virginia (Zhang et al. 2025) (blended)",59.859,308,blended,0.059859,0.940141,59.859,940.141,0.0,,704850688.8278311,3,1600092000.0,95779907.028,1504312092.9720001,,carbon_api
2025-01-17 15:30:00,blended,"Data centre facility, hyperscale, Virginia (Zhang et al. 2025)","Data centre facility, hyperscale, Virginia (Zhang et al. 2025) (blended)",59.859,314,blended,0.059859,0.940141,59.859,940.141,0.0,,716168117.0550267,3,1600092000.0,95779907.028,1504312092.9720001,,carbon_api
2025-01-17 16:00:00,blended,"Data centre facility, hyperscale, Virginia (Zhang et al. 2025)","Data centre facility, hyperscale, Virginia (Zhang et al. 2025) (blended)",64.92,316,blended,0.06492,0.93508,64.92,935.08,0.0,,714124653.288422,3,1600092000.0,103877972.64000002,1496214027.3600001,,carbon_api
2025-01-17 16:30:00,blended,"Data centre facility, hyperscale, Virginia (Zhang et al. 2025)","Data centre facility, hyperscale, Virginia (Zhang et al. 2025) (blended)",64.92,300,blended,0.06492,0.93508,64.92,935.08,0.0,,694812659.30154,3,1600092000.0,103877972.64000002,1496214027.3600001,,carbon_api
2025-01-17 17:00:00,blended,"Data centre facility, hyperscale, Virginia (Zhang et al. 2025)","Data centre facility, hyperscale, Virginia (Zhang et al. 2025) (blended)",59.425,304,blended,0.059425,0.940575,59.425,940.575,0.0,,705892015.0325974,3,1600092000.0,95085467.1,1505006532.9,,carbon_api
2025-01-17 17:30:00,blended,"Data centre facility, hyperscale, Virginia (Zhang et al. 2025)","Data centre facility, hyperscale, Virginia (Zhang et al. 2025) (blended)",59.425,312,blended,0.059425,0.940575,59.425,940.575,0.0,,718194302.9333966,3,1600092000.0,95085467.1,1505006532.9,,carbon_api
2025-01-17 18:00:00,blended,"Data centre facility, hyperscale, Virginia (Zhang et al. 2025)","Data centre facility, hyperscale, Virginia (Zhang et al. 2025) (blended)",54.256,310,blended,0.054256,0.945744,54.256,945.744,0.0,,716892981.1478493,3,1600092000.0,86814591.552,1513277408.448,,carbon_api
2025-01-17 18:30:00,blended,"Data centre facility, hyperscale, Virginia (Zhang et al. 2025)","Data centre facility, hyperscale, Virginia (Zhang et al. 2025) (blended)",54.256,309,blended,0.054256,0.945744,54.256,945.744,0.0,,715722375.4788702,3,1600092000.0,86814591.552,1513277408.448,,carbon_api
2025-01-17 19:00:00,blended,"Data centre facility, hyperscale, Virginia (Zhang et al. 2025)","Data centre facility, hyperscale, Virginia (Zhang et al. 2025) (blended)",53.333,309,blended,0.053333,0.946667,53.333,946.667,0.0,,715940358.6278162,3,1600092000.0,85337706.63599999,1514754293.364,,carbon_api
2025-01-17 19:30:00,blended,"Data centre facility, hyperscale, Virginia (Zhang et al. 2025)","Data centre facility, hyperscale, Virginia (Zhang et al. 2025) (blended)",53.333,320,blended,0.053333,0.946667,53.333,946.667,0.0,,726425409.6538259,3,1600092000.0,85337706.63599999,1514754293.364,,carbon_api
2025-01-17 20:00:00,blended,"Data centre facility, hyperscale, Virginia (Zhang et al. 2025)","Data centre facility, hyperscale, Virginia (Zhang et al. 2025) (blended)",57.892,321,blended,0.057892000000000006,0.942108,57.892,942.108,0.0,,723969915.4314958,3,1600092000.0,92632526.06400001,1507459473.9359999,,carbon_api
2025-01-17 20:30:00,blended,"Data centre facility, hyperscale, Virginia (Zhang et al. 2025)","Data centre facility, hyperscale, Virginia (Zhang et al. 2025) (blended)",57.892,320,blended,0.057892000000000006,0.942108,57.892,942.108,0.0,,722418927.2715222,3,1600092000.0,92632526.06400001,1507459473.9359999,,carbon_api
2025-01-17 21:00:00,blended,"Data centre facility, hyperscale, Virginia (Zhang et al. 2025)","Data centre facility, hyperscale, Virginia (Zhang et al. 2025) (blended)",68.779,316,blended,0.06877899999999999,0.931221,68.779,931.221,0.0,,706587767.1638759,3,1600092000.0,110052727.66799998,1490039272.332,,carbon_api
2025-01-17 21:30:00,blended,"Data centre facility, hyperscale, Virginia (Zhang et al. 2025)","Data centre facility, hyperscale, Virginia (Zhang et al. 2025) (blended)",68.779,314,blended,0.06877899999999999,0.931221,68.779,931.221,0.0,,702849232.4043188,3,1600092000.0,110052727.66799998,1490039272.332,,carbon_api
2025-01-17 22:00:00,blended,"Data centre facility, hyperscale, Virginia (Zhang et al. 2025)","Data centre facility, hyperscale, Virginia (Zhang et al. 2025) (blended)",84.942,310,blended,0.08494199999999999,0.915058,84.942,915.058,0.0,,681370823.0420543,3,1600092000.0,135915014.66399997,1464176985.336,,carbon_api
2025-01-17 22:30:00,blended,"Data centre facility, hyperscale, Virginia (Zhang et al. 2025)","Data centre facility, hyperscale, Virginia (Zhang et al. 2025) (blended)",84.942,297,blended,0.08494199999999999,0.915058,84.942,915.058,0.0,,651018876.5022804,3,1600092000.0,135915014.66399997,1464176985.336,,carbon_api
2025-01-17 23:00:00,blended,"Data centre facility, hyperscale, Virginia (Zhang et al. 2025)","Data centre facility, hyperscale, Virginia (Zhang et al. 2025) (blended)",97.715,287,blended,0.09771500000000001,0.902285,97.715,902.285,0.0,,620130435.5242544,3,1600092000.0,156352989.78000003,1443739010.22,,carbon_api
2025-01-17 23:30:00,blended,"Data centre facility, hyperscale, Virginia (Zhang et al. 2025)","Data centre facility, hyperscale, Virginia (Zhang et al. 2025) (blended)",97.715,283,blended,0.09771500000000001,0.902285,97.715,902.285,0.0,,612049266.3252379,3,1600092000.0,156352989.78000003,1443739010.22,,carbon_api
2025-01-18 00:00:00,blended,"Data centre facility, hyperscale, Virginia (Zhang et al. 2025)","Data centre facility, hyperscale, Virginia (Zhang et al. 2025) (blended)",99.722,282,blended,0.09972199999999999,0.900278,99.722,900.278,0.0,,610325200.3188013,3,1600092000.0,159564374.424,1440527625.576,,carbon_api
2025-01-18 00:30:00,blended,"Data centre facility, hyperscale, Virginia (Zhang et al. 2025)","Data centre facility, hyperscale, Virginia (Zhang et al. 2025) (blended)",99.722,276,blended,0.09972199999999999,0.900278,99.722,900.278,0.0,,596529364.3327559,3,1600092000.0,159564374.424,1440527625.576,,carbon_api
2025-01-18 01:00:00,blended,"Data centre facility, hyperscale, Virginia (Zhang et al. 2025)","Data centre facility, hyperscale, Virginia (Zhang et al. 2025) (blended)",94.287,279,blended,0.09428700000000001,0.905713,94.287,905.713,0.0,,606678078.3033538,3,1600092000.0,150867874.404,1449224125.596,,carbon_api
2025-01-18 01:30:00,blended,"Data centre facility, hyperscale, Virginia (Zhang et al. 2025)","Data centre facility, hyperscale, Virginia (Zhang et al. 2025) (blended)",94.287,284,blended,0.09428700000000001,0.905713,94.287,905.713,0.0,,618580367.3073887,3,1600092000.0,150867874.404,1449224125.596,,carbon_api
2025-01-18 02:00:00,blended,"Data centre facility, hyperscale, Virginia (Zhang et al. 2025)","Data centre facility, hyperscale, Virginia (Zhang et al. 2025) (blended)",88.388,290,blended,0.08838800000000001,0.911612,88.388,911.612,0.0,,633436692.570487,3,1600092000.0,141428931.696,1458663068.304,,carbon_api
2025-01-18 02:30:00,blended,"Data centre facility, hyperscale, Virginia (Zhang et al. 2025)","Data centre facility, hyperscale, Virginia (Zhang et al. 2025) (blended)",88.388,297,blended,0.08838800000000001,0.911612,88.388,911.612,0.0,,648893696.9278848,3,1600092000.0,141428931.696,1458663068.304,,carbon_api
2025-01-18 03:00:00,blended,"Data centre facility, hyperscale, Virginia (Zhang et al. 2025)","Data centre facility, hyperscale, Virginia (Zhang et al. 2025) (blended)",83.244,305,blended,0.083244,0.916756,83.244,916.756,0.0,,669432270.842824,3,1600092000.0,133198058.448,1466893941.552,,carbon_api
2025-01-18 03:30:00,blended,"Data centre facility, hyperscale, Virginia (Zhang et al. 2025)","Data centre facility, hyperscale, Virginia (Zhang et al. 2025) (blended)",83.244,308,blended,0.083244,0.916756,83.244,916.756,0.0,,677646481.6629382,3,1600092000.0,133198058.448,1466893941.552,,carbon_api
2025-01-18 04:00:00,blended,"Data centre facility, hyperscale, Virginia (Zhang et al. 2025)","Data centre facility, hyperscale, Virginia (Zhang et al. 2025) (blended)",73.921,312,blended,0.073921,0.926079,73.921,926.079,0.0,,692025872.9034593,3,1600092000.0,118280400.73200001,1481811599.268,,carbon_api
2025-01-18 04:30:00,blended,"Data centre facility, hyperscale, Virginia (Zhang et al. 2025)","Data centre facility, hyperscale, Virginia (Zhang et al. 2025) (blended)",73.921,313,blended,0.073921,0.926079,73.921,926.079,0.0,,693684102.6500056,3,1600092000.0,118280400.73200001,1481811599.268,,carbon_api
2025-01-18 05:00:00,blended,"Data centre facility, hyperscale, Virginia (Zhang et al. 2025)","Data centre facility, hyperscale, Virginia (Zhang et al. 2025) (blended)",67.919,315,blended,0.067919,0.932081,67.919,932.081,0.0,,701158378.7949284,3,1600092000.0,108676648.548,1491415351.4520001,,carbon_api
2025-01-18 05:30:00,blended,"Data centre facility, hyperscale, Virginia (Zhang et al. 2025)","Data centre facility, hyperscale, Virginia (Zhang et al. 2025) (blended)",67.919,320,blended,0.067919,0.932081,67.919,932.081,0.0,,712472576.721291,3,1600092000.0,108676648.548,1491415351.4520001,,carbon_api
2025-01-18 06:00:00,blended,"Data centre facility, hyperscale, Virginia (Zhang et al. 2025)","Data centre facility, hyperscale, Virginia (Zhang et al. 2025) (blended)",61.08,315,blended,0.061079999999999995,0.93892,61.08,938.92,0.0,,707485154.2381309,3,1600092000.0,97733619.36,1502358380.6399999,,carbon_api
2025-01-18 06:30:00,blended,"Data centre facility, hyperscale, Virginia (Zhang et al. 2025)","Data centre facility, hyperscale, Virginia (Zhang et al. 2025) (blended)",61.08,322,blended,0.061079999999999995,0.93892,61.08,938.92,0.0,,722918566.0259035,3,1600092000.0,97733619.36,1502358380.6399999,,carbon_api
2025-01-18 07:00:00,blended,"Data centre facility, hyperscale, Virginia (Zhang et al. 2025)","Data centre facility, hyperscale, Virginia (Zhang et al. 2025) (blended)",55.953,316,blended,0.055953,0.944047,55.953,944.047,0.0,,713135171.2300757,3,1600092000.0,89529947.676,1510562052.324,,carbon_api
2025-01-18 07:30:00,blended,"Data centre facility, hyperscale, Virginia (Zhang et al. 2025)","Data centre facility, hyperscale, Virginia (Zhang et al. 2025) (blended)",55.953,306,blended,0.055953,0.944047,55.953,944.047,0.0,,691135240.4909273,3,1600092000.0,89529947.676,1510562052.324,,carbon_api
2025-01-18 08:00:00,blended,"Data centre facility, hyperscale, Virginia (Zhang et al. 2025)","Data centre facility, hyperscale, Virginia (Zhang et al. 2025) (blended)",51.558,304,blended,0.051558,0.948442,51.558,948.442,0.0,,688216040.9234343,3,1600092000.0,82497543.336,1517594456.664,,carbon_api
2025-01-18 08:30:00,blended,"Data centre facility, hyperscale, Virginia (Zhang et al. 2025)","Data centre facility, hyperscale, Virginia (Zhang et al. 2025) (blended)",51.558,302,blended,0.051558,0.948442,51.558,948.442,0.0,,684294069.1657631,3,1600092000.0,82497543.336,1517594456.664,,carbon_api
2025-01-18 09:00:00,blended,"Data centre facility, hyperscale, Virginia (Zhang et al. 2025)","Data centre facility, hyperscale, Virginia (Zhang et al. 2025) (blended)",38.959,300,blended,0.038959,0.961041,38.959,961.041,0.0,,689942519.3096159,3,1600092000.0,62337984.228,1537754015.772,,carbon_api
2025-01-18 09:30:00,blended,"Data centre facility, hyperscale, Virginia (Zhang et al. 2025)","Data centre facility, hyperscale, Virginia (Zhang et al. 2025) (blended)",38.959,297,blended,0.038959,0.961041,38.959,961.041,0.0,,685885657.8820294,3,1600092000.0,62337984.228,1537754015.772,,carbon_api
2025-01-18 10:00:00,blended,"Data centre facility, hyperscale, Virginia (Zhang et al. 2025)","Data centre facility, hyperscale, Virginia (Zhang et al. 2025) (blended)",29.383,295,blended,0.029383,0.970617,29.383,970.617,0.0,,690344217.1656444,3,1600092000.0,47015503.236,1553076496.764,,carbon_api
2025-01-18 10:30:00,blended,"Data centre facility, hyperscale, Virginia (Zhang et al. 2025)","Data centre facility, hyperscale, Virginia (Zhang et al. 2025) (blended)",29.383,291,blended,0.029383,0.970617,29.383,970.617,0.0,,687401990.4323416,3,1600092000.0,47015503.236,1553076496.764,,carbon_api
2025-01-18 11:00:00,blended,"Data centre facility, hyperscale, Virginia (Zhang et al. 2025)","Data centre facility, hyperscale, Virginia (Zhang et al. 2025) (blended)",20.904,290,blended,0.020904,0.979096,20.904,979.096,0.0,,691759998.7322572,3,1600092000.0,33448323.167999998,1566643676.832,,carbon_api
2025-01-18 11:30:00,blended,"Data centre facility, hyperscale, Virginia (Zhang et al. 2025)","Data centre facility, hyperscale, Virginia (Zhang et al. 2025) (blended)",20.904,279,blended,0.020904,0.979096,20.904,979.096,0.0,,674050439.7942525,3,1600092000.0,33448323.167999998,1566643676.832,,carbon_api
2025-01-18 12:00:00,blended,"Data centre facility, hyperscale, Virginia (Zhang et al. 2025)","Data centre facility, hyperscale, Virginia (Zhang et al. 2025) (blended)",16.325,282,blended,0.016325,0.983675,16.325,983.675,0.0,,683239474.0666226,3,1600092000.0,26121501.9,1573970498.1,,carbon_api
2025-01-18 12:30:00,blended,"Data centre facility, hyperscale, Virginia (Zhang et al. 2025)","Data centre facility, hyperscale, Virginia (Zhang et al. 2025) (blended)",16.325,287,blended,0.016325,0.983675,16.325,983.675,0.0,,696257154.4736525,3,1600092000.0,26121501.9,1573970498.1,,carbon_api
2025-01-18 13:00:00,blended,"Data centre facility, hyperscale, Virginia (Zhang et al. 2025)","Data centre facility, hyperscale, Virginia (Zhang et al. 2025) (blended)",18.549,289,blended,0.018549,0.981451,18.549,981.4509999999999,0.0,,699909546.5205295,3,1600092000.0,29680106.507999998,1570411893.4919999,,carbon_api
2025-01-18 13:30:00,blended,"Data centre facility, hyperscale, Virginia (Zhang et al. 2025)","Data centre facility, hyperscale, Virginia (Zhang et al. 2025) (blended)",18.549,294,blended,0.018549,0.981451,18.549,981.4509999999999,0.0,,710194527.6742731,3,1600092000.0,29680106.507999998,1570411893.4919999,,carbon_api
2025-01-18 14:00:00,blended,"Data centre facility, hyperscale, Virginia (Zhang et al. 2025)","Data centre facility, hyperscale, Virginia (Zhang et al. 2025) (blended)",28.783,296,blended,0.028783,0.971217,28.783,971.217,0.0,,706492477.8771915,3,1600092000.0,46055448.036,1554036551.964,,carbon_api
2025-01-18 14:30:00,blended,"Data centre facility, hyperscale, Virginia (Zhang et al. 2025)","Data centre facility, hyperscale, Virginia (Zhang et al. 2025) (blended)",28.783,296,blended,0.028783,0.971217,28.783,971.217,0.0,,711099500.8407767,3,1600092000.0,46055448.036,1554036551.964,,carbon_api
2025-01-18 15:00:00,blended,"Data centre facility, hyperscale, Virginia (Zhang et al. 2025)","Data centre facility, hyperscale, Virginia (Zhang et al. 2025) (blended)",45.064,298,blended,0.045064,0.954936,45.064,954.936,0.0,,705031898.5061141,3,1600092000.0,72106545.888,1527985454.112,,carbon_api
2025-01-18 15:30:00,blended,"Data centre facility, hyperscale, Virginia (Zhang et al. 2025)","Data centre facility, hyperscale, Virginia (Zhang et al. 2025) (blended)",45.064,301,blended,0.045064,0.954936,45.064,954.936,0.0,,705730793.6548268,3,1600092000.0,72106545.888,1527985454.112,,carbon_api
2025-01-18 16:00:00,blended,"Data centre facility, hyperscale, Virginia (Zhang et al. 2025)","Data centre facility, hyperscale, Virginia (Zhang et al. 2025) (blended)",70.255,301,blended,0.070255,0.929745,70.255,929.745,0.0,,689088418.1477056,3,1600092000.0,112414463.46,1487677536.54,,carbon_api
2025-01-18 16:30:00,blended,"Data centre facility, hyperscale, Virginia (Zhang et al. 2025)","Data centre facility, hyperscale, Virginia (Zhang et al. 2025) (blended)",70.255,304,blended,0.070255,0.929745,70.255,929.745,0.0,,688715570.1383114,3,1600092000.0,112414463.46,1487677536.54,,carbon_api
2025-01-18 17:00:00,blended,"Data centre facility, hyperscale, Virginia (Zhang et al. 2025)","Data centre facility, hyperscale, Virginia (Zhang et al. 2025) (blended)",92.734,300,blended,0.092734,0.907266,92.734,907.266,0.0,,666458338.0082468,3,1600092000.0,148382931.528,1451709068.4720001,,carbon_api
2025-01-18 17:30:00,blended,"Data centre facility, hyperscale, Virginia (Zhang et al. 2025)","Data centre facility, hyperscale, Virginia (Zhang et al. 2025) (blended)",92.734,283,blended,0.092734,0.907266,92.734,907.266,0.0,,640708988.567636,3,1600092000.0,148382931.528,1451709068.4720001,,carbon_api
2025-01-18 18:00:00,blended,"Data centre facility, hyperscale, Virginia (Zhang et al. 2025)","Data centre facility, hyperscale, Virginia (Zhang et al. 2025) (blended)",101.27,284,blended,0.10127,0.89873,101.27,898.73,0.0,,633915661.1472449,3,1600092000.0,162041316.84,1438050683.16,,carbon_api
2025-01-18 18:30:00,blended,"Data centre facility, hyperscale, Virginia (Zhang et al. 2025)","Data centre facility, hyperscale, Virginia (Zhang et al. 2025) (blended)",101.27,297,blended,0.10127,0.89873,101.27,898.73,0.0,,651269522.6452312,3,1600092000.0,162041316.84,1438050683.16,,carbon_api
2025-01-18 19:00:00,blended,"Data centre facility, hyperscale, Virginia (Zhang et al. 2025)","Data centre facility, hyperscale, Virginia (Zhang et al. 2025) (blended)",103.645,299,blended,0.103645,0.896355,103.645,896.355,0.0,,654319872.3844353,3,1600092000.0,165841535.34,1434250464.66,,carbon_api
2025-01-18 19:30:00,blended,"Data centre facility, hyperscale, Virginia (Zhang et al. 2025)","Data centre facility, hyperscale, Virginia (Zhang et al. 2025) (blended)",103.645,310,blended,0.103645,0.896355,103.645,896.355,0.0,,668318498.6157943,3,1600092000.0,165841535.34,1434250464.66,,carbon_api
2025-01-18 20:00:00,blended,"Data centre facility, hyperscale, Virginia (Zhang et al. 2025)","Data centre facility, hyperscale, Virginia (Zhang et al. 2025) (blended)",95.561,316,blended,0.09556100000000001,0.904439,95.561,904.439,0.0,,685185622.7192904,3,1600092000.0,152906391.61200002,1447185608.388,,carbon_api
2025-01-18 20:30:00,blended,"Data centre facility, hyperscale, Virginia (Zhang et al. 2025)","Data centre facility, hyperscale, Virginia (Zhang et al. 2025) (blended)",95.561,314,blended,0.09556100000000001,0.904439,95.561,904.439,0.0,,681561522.4879261,3,1600092000.0,152906391.61200002,1447185608.388,,carbon_api
2025-01-18 21:00:00,blended,"Data centre facility, hyperscale, Virginia (Zhang et al. 2025)","Data centre facility, hyperscale, Virginia (Zhang et al. 2025) (blended)",95.011,307,blended,0.095011,0.904989,95.011,904.989,0.0,,667555354.8415376,3,1600092000.0,152026341.012,1448065658.9880002,,carbon_api
2025-01-18 21:30:00,blended,"Data centre facility, hyperscale, Virginia (Zhang et al. 2025)","Data centre facility, hyperscale, Virginia (Zhang et al. 2025) (blended)",95.011,303,blended,0.095011,0.904989,95.011,904.989,0.0,,658798810.6380941,3,1600092000.0,152026341.012,1448065658.9880002,,carbon_api
2025-01-18 22:00:00,blended,"Data centre facility, hyperscale, Virginia (Zhang et al. 2025)","Data centre facility, hyperscale, Virginia (Zhang et al. 2025) (blended)",100.605,298,blended,0.100605,0.899395,100.605,899.395,0.0,,642561092.6935189,3,1600092000.0,160977255.66,1439114744.34,,carbon_api
2025-01-18 22:30:00,blended,"Data centre facility, hyperscale, Virginia (Zhang et al. 2025)","Data centre facility, hyperscale, Virginia (Zhang et al. 2025) (blended)",100.605,279,blended,0.100605,0.899395,100.605,899.395,0.0,,616067589.3037047,3,1600092000.0,160977255.66,1439114744.34,,carbon_api
2025-01-18 23:00:00,blended,"Data centre facility, hyperscale, Virginia (Zhang et al. 2025)","Data centre facility, hyperscale, Virginia (Zhang et al. 2025) (blended)",104.108,278,blended,0.104108,0.895892,104.108,895.892,0.0,,613807965.4049034,3,1600092000.0,166582377.93600002,1433509622.0640001,,carbon_api
2025-01-18 23:30:00,blended,"Data centre facility, hyperscale, Virginia (Zhang et al. 2025)","Data centre facility, hyperscale, Virginia (Zhang et al. 2025) (blended)",104.108,268,blended,0.104108,0.895892,104.108,895.892,0.0,,604325415.8885055,3,1600092000.0,166582377.93600002,1433509622.0640001,,carbon_api
2025-01-19 00:00:00,blended,"Data centre facility, hyperscale, Virginia (Zhang et al. 2025)","Data centre facility, hyperscale, Virginia (Zhang et al. 2025) (blended)",112.11,272,blended,0.11211,0.88789,112.11,887.89,0.0,,606061822.8359535,3,1600092000.0,179386314.12,1420705685.8799999,,carbon_api
2025-01-19 00:30:00,blended,"Data centre facility, hyperscale, Virginia (Zhang et al. 2025)","Data centre facility, hyperscale, Virginia (Zhang et al. 2025) (blended)",112.11,275,blended,0.11211,0.88789,112.11,887.89,0.0,,613352849.3662114,3,1600092000.0,179386314.12,1420705685.8799999,,carbon_api
2025-01-19 01:00:00,blended,"Data centre facility, hyperscale, Virginia (Zhang et al. 2025)","Data centre facility, hyperscale, Virginia (Zhang et al. 2025) (blended)",123.817,280,blended,0.123817,0.876183,123.817,876.183,0.0,,616480815.7231371,3,1600092000.0,198118591.164,1401973408.836,,carbon_api
2025-01-19 01:30:00,blended,"Data centre facility, hyperscale, Virginia (Zhang et al. 2025)","Data centre facility, hyperscale, Virginia (Zhang et al. 2025) (blended)",123.817,268,blended,0.123817,0.876183,123.817,876.183,0.0,,605028917.5814409,3,1600092000.0,198118591.164,1401973408.836,,carbon_api
2025-01-19 02:00:00,blended,"Data centre facility, hyperscale, Virginia (Zhang et al. 2025)","Data centre facility, hyperscale, Virginia (Zhang et al. 2025) (blended)",144.029,272,blended,0.144029,0.855971,144.029,855.971,0.0,,600252901.8966476,3,1600092000.0,230459650.66799998,1369632349.332,,carbon_api
2025-01-19 02:30:00,blended,"Data centre facility, hyperscale, Virginia (Zhang et al. 2025)","Data centre facility, hyperscale, Virginia (Zhang et al. 2025) (blended)",144.029,290,blended,0.144029,0.855971,144.029,855.971,0.0,,619436452.9927628,3,1600092000.0,230459650.66799998,1369632349.332,,carbon_api
2025-01-19 03:00:00,blended,"Data centre facility, hyperscale, Virginia (Zhang et al. 2025)","Data centre facility, hyperscale, Virginia (Zhang et al. 2025) (blended)",161.494,284,blended,0.161494,0.838506,161.494,838.506,0.0,,593973209.8254778,3,1600092000.0,258405257.44799998,1341686742.552,,carbon_api
2025-01-19 03:30:00,blended,"Data centre facility, hyperscale, Virginia (Zhang et al. 2025)","Data centre facility, hyperscale, Virginia (Zhang et al. 2025) (blended)",161.494,287,blended,0.161494,0.838506,161.494,838.506,0.0,,591813789.2983007,3,1600092000.0,258405257.44799998,1341686742.552,,carbon_api
2025-01-19 04:00:00,blended,"Data centre facility, hyperscale, Virginia (Zhang et al. 2025)","Data centre facility, hyperscale, Virginia (Zhang et al. 2025) (blended)",173.387,288,blended,0.173387,0.826613,173.387,826.613,0.0,,584876833.3170208,3,1600092000.0,277435151.60400003,1322656848.3960001,,carbon_api
2025-01-19 04:30:00,blended,"Data centre facility, hyperscale, Virginia (Zhang et al. 2025)","Data centre facility, hyperscale, Virginia (Zhang et al. 2025) (blended)",173.387,291,blended,0.173387,0.826613,173.387,826.613,0.0,,580835137.6336397,3,1600092000.0,277435151.60400003,1322656848.3960001,,carbon_api
2025-01-19 05:00:00,blended,"Data centre facility, hyperscale, Virginia (Zhang et al. 2025)","Data centre facility, hyperscale, Virginia (Zhang et al. 2025) (blended)",180.564,291,blended,0.180564,0.819436,180.564,819.436,0.0,,576217489.3512263,3,1600092000.0,288919011.888,1311172988.112,,carbon_api
2025-01-19 05:30:00,blended,"Data centre facility, hyperscale, Virginia (Zhang et al. 2025)","Data centre facility, hyperscale, Virginia (Zhang et al. 2025) (blended)",180.564,292,blended,0.180564,0.819436,180.564,819.436,0.0,,579640706.7035455,3,1600092000.0,288919011.888,1311172988.112,,carbon_api
2025-01-19 06:00:00,blended,"Data centre facility, hyperscale, Virginia (Zhang et al. 2025)","Data centre facility, hyperscale, Virginia (Zhang et al. 2025) (blended)",181.979,296,blended,0.181979,0.818021,181.979,818.021,0.0,,586530610.7464492,3,1600092000.0,291183142.068,1308908857.932,,carbon_api
2025-01-19 06:30:00,blended,"Data centre facility, hyperscale, Virginia (Zhang et al. 2025)","Data centre facility, hyperscale, Virginia (Zhang et al. 2025) (blended)",181.979,306,blended,0.181979,0.818021,181.979,818.021,0.0,,604638588.6881077,3,1600092000.0,291183142.068,1308908857.932,,carbon_api
2025-01-19 07:00:00,blended,"Data centre facility, hyperscale, Virginia (Zhang et al. 2025)","Data centre facility, hyperscale, Virginia (Zhang et al. 2025) (blended)",176.513,304,blended,0.176513,0.823487,176.513,823.487,0.0,,605664316.4119595,3,1600092000.0,282437039.196,1317654960.804,,carbon_api
2025-01-19 07:30:00,blended,"Data centre facility, hyperscale, Virginia (Zhang et al. 2025)","Data centre facility, hyperscale, Virginia (Zhang et al. 2025) (blended)",176.513,304,blended,0.176513,0.823487,176.513,823.487,0.0,,605557983.0584401,3,1600092000.0,282437039.196,1317654960.804,,carbon_api
2025-01-19 08:00:00,blended,"Data centre facility, hyperscale, Virginia (Zhang et al. 2025)","Data centre facility, hyperscale, Virginia (Zhang et al. 2025) (blended)",160.945,308,blended,0.160945,0.839055,160.945,839.055,0.0,,625807977.4286783,3,1600092000.0,257526806.94,1342565193.06,,carbon_api
2025-01-19 08:30:00,blended,"Data centre facility, hyperscale, Virginia (Zhang et al. 2025)","Data centre facility, hyperscale, Virginia (Zhang et al. 2025) (blended)",160.945,270,blended,0.160945,0.839055,160.945,839.055,0.0,,581722679.0321966,3,1600092000.0,257526806.94,1342565193.06,,carbon_api
2025-01-19 09:00:00,blended,"Data centre facility, hyperscale, Virginia (Zhang et al. 2025)","Data centre facility, hyperscale, Virginia (Zhang et al. 2025) (blended)",117.707,273,blended,0.11770699999999999,0.882293,117.707,882.293,0.0,,617054991.2087255,3,1600092000.0,188342029.044,1411749970.956,,carbon_api
2025-01-19 09:30:00,blended,"Data centre facility, hyperscale, Virginia (Zhang et al. 2025)","Data centre facility, hyperscale, Virginia (Zhang et al. 2025) (blended)",117.707,267,blended,0.11770699999999999,0.882293,117.707,882.293,0.0,,605694157.9321219,3,1600092000.0,188342029.044,1411749970.956,,carbon_api
2025-01-19 10:00:00,blended,"Data centre facility, hyperscale, Virginia (Zhang et al. 2025)","Data centre facility, hyperscale, Virginia (Zhang et al. 2025) (blended)",124.231,266,blended,0.124231,0.875769,124.231,875.769,0.0,,602970440.6583827,3,1600092000.0,198781029.252,1401310970.7480001,,carbon_api
2025-01-19 10:30:00,blended,"Data centre facility, hyperscale, Virginia (Zhang et al. 2025)","Data centre facility, hyperscale, Virginia (Zhang et al. 2025) (blended)",124.231,255,blended,0.124231,0.875769,124.231,875.769,0.0,,586689020.0123612,3,1600092000.0,198781029.252,1401310970.7480001,,carbon_api
2025-01-19 11:00:00,blended,"Data centre facility, hyperscale, Virginia (Zhang et al. 2025)","Data centre facility, hyperscale, Virginia (Zhang et al. 2025) (blended)",135.856,260,blended,0.135856,0.864144,135.856,864.144,0.0,,588969239.7943219,3,1600092000.0,217382098.752,1382709901.2480001,,carbon_api
2025-01-19 11:30:00,blended,"Data centre facility, hyperscale, Virginia (Zhang et al. 2025)","Data centre facility, hyperscale, Virginia (Zhang et al. 2025) (blended)",135.856,266,blended,0.135856,0.864144,135.856,864.144,0.0,,599245621.7785537,3,1600092000.0,217382098.752,1382709901.2480001,,carbon_api
2025-01-19 12:00:00,blended,"Data centre facility, hyperscale, Virginia (Zhang et al. 2025)","Data centre facility, hyperscale, Virginia (Zhang et al. 2025) (blended)",122.826,267,blended,0.12282599999999999,0.877174,122.826,877.174,0.0,,609303939.477166,3,1600092000.0,196532899.99199998,1403559100.008,,carbon_api
2025-01-19 12:30:00,blended,"Data centre facility, hyperscale, Virginia (Zhang et al. 2025)","Data centre facility, hyperscale, Virginia (Zhang et al. 2025) (blended)",122.826,273,blended,0.12282599999999999,0.877174,122.826,877.174,0.0,,622327074.7307391,3,1600092000.0,196532899.99199998,1403559100.008,,carbon_api
2025-01-19 13:00:00,blended,"Data centre facility, hyperscale, Virginia (Zhang et al. 2025)","Data centre facility, hyperscale, Virginia (Zhang et al. 2025) (blended)",106.374,274,blended,0.106374,0.893626,106.374,893.626,0.0,,634240983.2702436,3,1600092000.0,170208186.408,1429883813.592,,carbon_api
2025-01-19 13:30:00,blended,"Data centre facility, hyperscale, Virginia (Zhang et al. 2025)","Data centre facility, hyperscale, Virginia (Zhang et al. 2025) (blended)",106.374,266,blended,0.106374,0.893626,106.374,893.626,0.0,,619694197.5268601,3,1600092000.0,170208186.408,1429883813.592,,carbon_api
2025-01-19 14:00:00,blended,"Data centre facility, hyperscale, Virginia (Zhang et al. 2025)","Data centre facility, hyperscale, Virginia (Zhang et al. 2025) (blended)",87.365,268,blended,0.087365,0.912635,87.365,912.635,0.0,,634783033.0924159,3,1600092000.0,139792037.57999998,1460299962.42,,carbon_api
2025-01-19 14:30:00,blended,"Data centre facility, hyperscale, Virginia (Zhang et al. 2025)","Data centre facility, hyperscale, Virginia (Zhang et al. 2025) (blended)",87.365,272,blended,0.087365,0.912635,87.365,912.635,0.0,,641125939.0280637,3,1600092000.0,139792037.57999998,1460299962.42,,carbon_api
2025-01-19 15:00:00,blended,"Data centre facility, hyperscale, Virginia (Zhang et al. 2025)","Data centre facility, hyperscale, Virginia (Zhang et al. 2025) (blended)",83.133,273,blended,0.083133,0.916867,83.133,916.867,0.0,,645763769.4460173,3,1600092000.0,133020448.236,1467071551.764,,carbon_api
2025-01-19 15:30:00,blended,"Data centre facility, hyperscale, Virginia (Zhang et al. 2025)","Data centre facility, hyperscale, Virginia (Zhang et al. 2025) (blended)",83.133,274,blended,0.083133,0.916867,83.133,916.867,0.0,,644905159.8454611,3,1600092000.0,133020448.236,1467071551.764,,carbon_api
2025-01-19 16:00:00,blended,"Data centre facility, hyperscale, Virginia (Zhang et al. 2025)","Data centre facility, hyperscale, Virginia (Zhang et al. 2025) (blended)",84.59,275,blended,0.08459,0.9154100000000001,84.59,915.4100000000001,0.0,,649408701.5720681,3,1600092000.0,135351782.28,1464740217.72,,carbon_api
2025-01-19 16:30:00,blended,"Data centre facility, hyperscale, Virginia (Zhang et al. 2025)","Data centre facility, hyperscale, Virginia (Zhang et al. 2025) (blended)",84.59,276,blended,0.08459,0.9154100000000001,84.59,915.4100000000001,0.0,,648830191.6264964,3,1600092000.0,135351782.28,1464740217.72,,carbon_api
2025-01-19 17:00:00,blended,"Data centre facility, hyperscale, Virginia (Zhang et al. 2025)","Data centre facility, hyperscale, Virginia (Zhang et al. 2025) (blended)",77.766,277,blended,0.077766,0.922234,77.766,922.234,0.0,,657161439.8834709,3,1600092000.0,124432754.472,1475659245.5279999,,carbon_api
2025-01-19 17:30:00,blended,"Data centre facility, hyperscale, Virginia (Zhang et al. 2025)","Data centre facility, hyperscale, Virginia (Zhang et al. 2025) (blended)",77.766,278,blended,0.077766,0.922234,77.766,922.234,0.0,,659830314.0223658,3,1600092000.0,124432754.472,1475659245.5279999,,carbon_api
2025-01-19 18:00:00,blended,"Data centre facility, hyperscale, Virginia (Zhang et al. 2025)","Data centre facility, hyperscale, Virginia (Zhang et al. 2025) (blended)",70.289,278,blended,0.070289,0.929711,70.289,929.7109999999999,0.0,,663646597.4188775,3,1600092000.0,112468866.588,1487623133.412,,carbon_api
2025-01-19 18:30:00,blended,"Data centre facility, hyperscale, Virginia (Zhang et al. 2025)","Data centre facility, hyperscale, Virginia (Zhang et al. 2025) (blended)",70.289,285,blended,0.070289,0.929711,70.289,929.7109999999999,0.0,,678428889.0405025,3,1600092000.0,112468866.588,1487623133.412,,carbon_api
2025-01-19 19:00:00,blended,"Data centre facility, hyperscale, Virginia (Zhang et al. 2025)","Data centre facility, hyperscale, Virginia (Zhang et al. 2025) (blended)",67.444,286,blended,0.067444,0.9325559999999999,67.444,932.5559999999999,0.0,,679303333.4687992,3,1600092000.0,107916604.848,1492175395.152,,carbon_api
2025-01-19 19:30:00,blended,"Data centre facility, hyperscale, Virginia (Zhang et al. 2025)","Data centre facility, hyperscale, Virginia (Zhang et al. 2025) (blended)",67.444,301,blended,0.067444,0.9325559999999999,67.444,932.5559999999999,0.0,,703462241.5372007,3,1600092000.0,107916604.848,1492175395.152,,carbon_api
2025-01-19 20:00:00,blended,"Data centre facility, hyperscale, Virginia (Zhang et al. 2025)","Data centre facility, hyperscale, Virginia (Zhang et al. 2025) (blended)",66.618,301,blended,0.066618,0.933382,66.618,933.3820000000001,0.0,,702314549.9078231,3,1600092000.0,106594928.85599999,1493497071.144,,carbon_api
2025-01-19 20:30:00,blended,"Data centre facility, hyperscale, Virginia (Zhang et al. 2025)","Data centre facility, hyperscale, Virginia (Zhang et al. 2025) (blended)",66.618,328,blended,0.066618,0.933382,66.618,933.3820000000001,0.0,,733003353.0942965,3,1600092000.0,106594928.85599999,1493497071.144,,carbon_api
2025-01-19 21:00:00,blended,"Data centre facility, hyperscale, Virginia (Zhang et al. 2025)","Data centre facility, hyperscale, Virginia (Zhang et al. 2025) (blended)",65.149,327,blended,0.065149,0.934851,65.149,934.851,0.0,,732068281.7446996,3,1600092000.0,104244393.708,1495847606.292,,carbon_api
2025-01-19 21:30:00,blended,"Data centre facility, hyperscale, Virginia (Zhang et al. 2025)","Data centre facility, hyperscale, Virginia (Zhang et al. 2025) (blended)",65.149,328,blended,0.065149,0.934851,65.149,934.851,0.0,,732917865.5400494,3,1600092000.0,104244393.708,1495847606.292,,carbon_api
2025-01-19 22:00:00,blended,"Data centre facility, hyperscale, Virginia (Zhang et al. 2025)","Data centre facility, hyperscale, Virginia (Zhang et al. 2025) (blended)",61.286,327,blended,0.061286,0.938714,61.286,938.714,0.0,,732858787.2030113,3,1600092000.0,98063238.312,1502028761.688,,carbon_api
2025-01-19 22:30:00,blended,"Data centre facility, hyperscale, Virginia (Zhang et al. 2025)","Data centre facility, hyperscale, Virginia (Zhang et al. 2025) (blended)",61.286,326,blended,0.061286,0.938714,61.286,938.714,0.0,,730620832.5576596,3,1600092000.0,98063238.312,1502028761.688,,carbon_api
2025-01-19 23:00:00,blended,"Data centre facility, hyperscale, Virginia (Zhang et al. 2025)","Data centre facility, hyperscale, Virginia (Zhang et al. 2025) (blended)",55.416,323,blended,0.055416,0.944584,55.416,944.584,0.0,,729985811.7108899,3,1600092000.0,88670698.272,1511421301.728,,carbon_api
2025-01-19 23:30:00,blended,"Data centre facility, hyperscale, Virginia (Zhang et al. 2025)","Data centre facility, hyperscale, Virginia (Zhang et al. 2025) (blended)",55.416,321,blended,0.055416,0.944584,55.416,944.584,0.0,,724324775.761032,3,1600092000.0,88670698.272,1511421301.728,,carbon_api
2025-01-20 00:00:00,blended,"Data centre facility, hyperscale, Virginia (Zhang et al. 2025)","Data centre facility, hyperscale, Virginia (Zhang et al. 2025) (blended)",48.925,324,blended,0.048924999999999996,0.951075,48.925,951.075,0.0,,736376873.4473919,3,1600092000.0,78284501.1,1521807498.9,,carbon_api
2025-01-20 00:30:00,blended,"Data centre facility, hyperscale, Virginia (Zhang et al. 2025)","Data centre facility, hyperscale, Virginia (Zhang et al. 2025) (blended)",48.925,321,blended,0.048924999999999996,0.951075,48.925,951.075,0.0,,729977047.9916219,3,1600092000.0,78284501.1,1521807498.9,,carbon_api
2025-01-20 01:00:00,blended,"Data centre facility, hyperscale, Virginia (Zhang et al. 2025)","Data centre facility, hyperscale, Virginia (Zhang et al. 2025) (blended)",39.825,319,blended,0.039825000000000006,0.960175,39.825,960.175,0.0,,732986153.7128019,3,1600092000.0,63723663.90000001,1536368336.1,,carbon_api
2025-01-20 01:30:00,blended,"Data centre facility, hyperscale, Virginia (Zhang et al. 2025)","Data centre facility, hyperscale, Virginia (Zhang et al. 2025) (blended)",39.825,316,blended,0.039825000000000006,0.960175,39.825,960.175,0.0,,725260456.6348767,3,1600092000.0,63723663.90000001,1536368336.1,,carbon_api
2025-01-20 02:00:00,blended,"Data centre facility, hyperscale, Virginia (Zhang et al. 2025)","Data centre facility, hyperscale, Virginia (Zhang et al. 2025) (blended)",27.233,315,blended,0.027233,0.972767,27.233,972.767,0.0,,734139554.6426762,3,1600092000.0,43575305.436,1556516694.5640001,,carbon_api
2025-01-20 02:30:00,blended,"Data centre facility, hyperscale, Virginia (Zhang et al. 2025)","Data centre facility, hyperscale, Virginia (Zhang et al. 2025) (blended)",27.233,319,blended,0.027233,0.972767,27.233,972.767,0.0,,741416233.8267697,3,1600092000.0,43575305.436,1556516694.5640001,,carbon_api
2025-01-20 03:00:00,blended,"Data centre facility, hyperscale, Virginia (Zhang et al. 2025)","Data centre facility, hyperscale, Virginia (Zhang et al. 2025) (blended)",17.624,318,blended,0.017623999999999997,0.982376,17.624,982.376,0.0,,746736393.7905658,3,1600092000.0,28200021.407999996,1571891978.592,,carbon_api
2025-01-20 03:30:00,blended,"Data centre facility, hyperscale, Virginia (Zhang et al. 2025)","Data centre facility, hyperscale, Virginia (Zhang et al. 2025) (blended)",17.624,320,blended,0.017623999999999997,0.982376,17.624,982.376,0.0,,751897571.4527713,3,1600092000.0,28200021.407999996,1571891978.592,,carbon_api
2025-01-20 04:00:00,blended,"Data centre facility, hyperscale, Virginia (Zhang et al. 2025)","Data centre facility, hyperscale, Virginia (Zhang et al. 2025) (blended)",15.14,319,blended,0.01514,0.98486,15.14,984.86,0.0,,751144999.2082559,3,1600092000.0,24225392.880000003,1575866607.12,,carbon_api
2025-01-20 04:30:00,blended,"Data centre facility, hyperscale, Virginia (Zhang et al. 2025)","Data centre facility, hyperscale, Virginia (Zhang et al. 2025) (blended)",15.14,321,blended,0.01514,0.98486,15.14,984.86,0.0,,753229955.165448,3,1600092000.0,24225392.880000003,1575866607.12,,carbon_api
2025-01-20 05:00:00,blended,"Data centre facility, hyperscale, Virginia (Zhang et al. 2025)","Data centre facility, hyperscale, Virginia (Zhang et al. 2025) (blended)",17.096,322,blended,0.017096,0.982904,17.096,982.904,0.0,,755860564.4439156,3,1600092000.0,27355172.832,1572736827.168,,carbon_api
2025-01-20 05:30:00,blended,"Data centre facility, hyperscale, Virginia (Zhang et al. 2025)","Data centre facility, hyperscale, Virginia (Zhang et al. 2025) (blended)",17.096,331,blended,0.017096,0.982904,17.096,982.904,0.0,,774606257.6460121,3,1600092000.0,27355172.832,1572736827.168,,carbon_api
2025-01-20 06:00:00,blended,"Data centre facility, hyperscale, Virginia (Zhang et al. 2025)","Data centre facility, hyperscale, Virginia (Zhang et al. 2025) (blended)",21.205,334,blended,0.021204999999999998,0.978795,21.205,978.795,0.0,,778149498.4278483,3,1600092000.0,33929950.86,1566162049.1399999,,carbon_api
2025-01-20 06:30:00,blended,"Data centre facility, hyperscale, Virginia (Zhang et al. 2025)","Data centre facility, hyperscale, Virginia (Zhang et al. 2025) (blended)",21.205,332,blended,0.021204999999999998,0.978795,21.205,978.795,0.0,,776405496.7789408,3,1600092000.0,33929950.86,1566162049.1399999,,carbon_api
2025-01-20 07:00:00,blended,"Data centre facility, hyperscale, Virginia (Zhang et al. 2025)","Data centre facility, hyperscale, Virginia (Zhang et al. 2025) (blended)",27.479,334,blended,0.027479,0.972521,27.479,972.521,0.0,,777066191.6323308,3,1600092000.0,43968928.067999996,1556123071.932,,carbon_api
2025-01-20 07:30:00,blended,"Data centre facility, hyperscale, Virginia (Zhang et al. 2025)","Data centre facility, hyperscale, Virginia (Zhang et al. 2025) (blended)",27.479,306,blended,0.027479,0.972521,27.479,972.521,0.0,,740611160.7694292,3,1600092000.0,43968928.067999996,1556123071.932,,carbon_api
2025-01-20 08:00:00,blended,"Data centre facility, hyperscale, Virginia (Zhang et al. 2025)","Data centre facility, hyperscale, Virginia (Zhang et al. 2025) (blended)",38.636,310,blended,0.038636000000000004,0.961364,38.636,961.364,0.0,,745613078.4549838,3,1600092000.0,61821154.51200001,1538270845.488,,carbon_api
2025-01-20 08:30:00,blended,"Data centre facility, hyperscale, Virginia (Zhang et al. 2025)","Data centre facility, hyperscale, Virginia (Zhang et al. 2025) (blended)",38.636,291,blended,0.038636000000000004,0.961364,38.636,961.364,0.0,,707222709.3142903,3,1600092000.0,61821154.51200001,1538270845.488,,carbon_api
2025-01-20 09:00:00,blended,"Data centre facility, hyperscale, Virginia (Zhang et al. 2025)","Data centre facility, hyperscale, Virginia (Zhang et al. 2025) (blended)",47.168,290,blended,0.047168,0.952832,47.168,952.832,0.0,,699141450.1081333,3,1600092000.0,75473139.456,1524618860.544,,carbon_api
2025-01-20 09:30:00,blended,"Data centre facility, hyperscale, Virginia (Zhang et al. 2025)","Data centre facility, hyperscale, Virginia (Zhang et al. 2025) (blended)",47.168,292,blended,0.047168,0.952832,47.168,952.832,0.0,,706929440.6562928,3,1600092000.0,75473139.456,1524618860.544,,carbon_api
2025-01-20 10:00:00,blended,"Data centre facility, hyperscale, Virginia (Zhang et al. 2025)","Data centre facility, hyperscale, Virginia (Zhang et al. 2025) (blended)",48.948,286,blended,0.048948,0.951052,48.948,951.052,0.0,,695353599.2980435,3,1600092000.0,78321303.21599999,1521770696.784,,carbon_api
2025-01-20 10:30:00,blended,"Data centre facility, hyperscale, Virginia (Zhang et al. 2025)","Data centre facility, hyperscale, Virginia (Zhang et al. 2025) (blended)",48.948,266,blended,0.048948,0.951052,48.948,951.052,0.0,,655937510.5064012,3,1600092000.0,78321303.21599999,1521770696.784,,carbon_api
2025-01-20 11:00:00,blended,"Data centre facility, hyperscale, Virginia (Zhang et al. 2025)","Data centre facility, hyperscale, Virginia (Zhang et al. 2025) (blended)",51.135,262,blended,0.051135,0.948865,51.135,948.865,0.0,,644781751.7046766,3,1600092000.0,81820704.42,1518271295.58,,carbon_api
2025-01-20 11:30:00,blended,"Data centre facility, hyperscale, Virginia (Zhang et al. 2025)","Data centre facility, hyperscale, Virginia (Zhang et al. 2025) (blended)",51.135,259,blended,0.051135,0.948865,51.135,948.865,0.0,,634700974.0621202,3,1600092000.0,81820704.42,1518271295.58,,carbon_api
2025-01-20 12:00:00,blended,"Data centre facility, hyperscale, Virginia (Zhang et al. 2025)","Data centre facility, hyperscale, Virginia (Zhang et al. 2025) (blended)",63.44,255,blended,0.06344,0.9365600000000001,63.44,936.5600000000001,0.0,,619869002.7327416,3,1600092000.0,101509836.47999999,1498582163.52,,carbon_api
2025-01-20 12:30:00,blended,"Data centre facility, hyperscale, Virginia (Zhang et al. 2025)","Data centre facility, hyperscale, Virginia (Zhang et al. 2025) (blended)",63.44,269,blended,0.06344,0.9365600000000001,63.44,936.5600000000001,0.0,,645682891.154584,3,1600092000.0,101509836.47999999,1498582163.52,,carbon_api
2025-01-20 13:00:00,blended,"Data centre facility, hyperscale, Virginia (Zhang et al. 2025)","Data centre facility, hyperscale, Virginia (Zhang et al. 2025) (blended)",74.185,269,blended,0.074185,0.925815,74.185,925.815,0.0,,637815862.8548222,3,1600092000.0,118702825.02,1481389174.98,,carbon_api
2025-01-20 13:30:00,blended,"Data centre facility, hyperscale, Virginia (Zhang et al. 2025)","Data centre facility, hyperscale, Virginia (Zhang et al. 2025) (blended)",74.185,274,blended,0.074185,0.925815,74.185,925.815,0.0,,646920961.0074743,3,1600092000.0,118702825.02,1481389174.98,,carbon_api
2025-01-20 14:00:00,blended,"Data centre facility, hyperscale, Virginia (Zhang et al. 2025)","Data centre facility, hyperscale, Virginia (Zhang et al. 2025) (blended)",82.128,280,blended,0.082128,0.917872,82.128,917.8720000000001,0.0,,651242424.119319,3,1600092000.0,131412355.77600001,1468679644.224,,carbon_api
2025-01-20 14:30:00,blended,"Data centre facility, hyperscale, Virginia (Zhang et al. 2025)","Data centre facility, hyperscale, Virginia (Zhang et al. 2025) (blended)",82.128,285,blended,0.082128,0.917872,82.128,917.8720000000001,0.0,,660671261.0978518,3,1600092000.0,131412355.77600001,1468679644.224,,carbon_api
2025-01-20 15:00:00,blended,"Data centre facility, hyperscale, Virginia (Zhang et al. 2025)","Data centre facility, hyperscale, Virginia (Zhang et al. 2025) (blended)",76.522,290,blended,0.076522,0.923478,76.522,923.4780000000001,0.0,,670433588.959969,3,1600092000.0,122442240.024,1477649759.976,,carbon_api
2025-01-20 15:30:00,blended,"Data centre facility, hyperscale, Virginia (Zhang et al. 2025)","Data centre facility, hyperscale, Virginia (Zhang et al. 2025) (blended)",76.522,299,blended,0.076522,0.923478,76.522,923.4780000000001,0.0,,680765772.0251921,3,1600092000.0,122442240.024,1477649759.976,,carbon_api
2025-01-20 16:00:00,blended,"Data centre facility, hyperscale, Virginia (Zhang et al. 2025)","Data centre facility, hyperscale, Virginia (Zhang et al. 2025) (blended)",80.073,305,blended,0.08007299999999999,0.919927,80.073,919.927,0.0,,686245809.5183207,3,1600092000.0,128124166.71599999,1471967833.2840002,,carbon_api
2025-01-20 16:30:00,blended,"Data centre facility, hyperscale, Virginia (Zhang et al. 2025)","Data centre facility, hyperscale, Virginia (Zhang et al. 2025) (blended)",80.073,310,blended,0.08007299999999999,0.919927,80.073,919.927,0.0,,692656858.4649172,3,1600092000.0,128124166.71599999,1471967833.2840002,,carbon_api
2025-01-20 17:00:00,blended,"Data centre facility, hyperscale, Virginia (Zhang et al. 2025)","Data centre facility, hyperscale, Virginia (Zhang et al. 2025) (blended)",101.253,308,blended,0.101253,0.898747,101.253,898.747,0.0,,672347159.6402321,3,1600092000.0,162014115.276,1438077884.724,,carbon_api
2025-01-20 17:30:00,blended,"Data centre facility, hyperscale, Virginia (Zhang et al. 2025)","Data centre facility, hyperscale, Virginia (Zhang et al. 2025) (blended)",101.253,300,blended,0.101253,0.898747,101.253,898.747,0.0,,661267953.2655017,3,1600092000.0,162014115.276,1438077884.724,,carbon_api
2025-01-20 18:00:00,blended,"Data centre facility, hyperscale, Virginia (Zhang et al. 2025)","Data centre facility, hyperscale, Virginia (Zhang et al. 2025) (blended)",121.082,299,blended,0.121082,0.878918,121.082,878.918,0.0,,646820023.3136559,3,1600092000.0,193742339.544,1406349660.4559999,,carbon_api
2025-01-20 18:30:00,blended,"Data centre facility, hyperscale, Virginia (Zhang et al. 2025)","Data centre facility, hyperscale, Virginia (Zhang et al. 2025) (blended)",121.082,284,blended,0.121082,0.878918,121.082,878.918,0.0,,625960319.532716,3,1600092000.0,193742339.544,1406349660.4559999,,carbon_api
2025-01-20 19:00:00,blended,"Data centre facility, hyperscale, Virginia (Zhang et al. 2025)","Data centre facility, hyperscale, Virginia (Zhang et al. 2025) (blended)",139.303,283,blended,0.139303,0.860697,139.303,860.697,0.0,,610910064.5901711,3,1600092000.0,222897615.87600002,1377194384.124,,carbon_api
2025-01-20 19:30:00,blended,"Data centre facility, hyperscale, Virginia (Zhang et al. 2025)","Data centre facility, hyperscale, Virginia (Zhang et al. 2025) (blended)",139.303,286,blended,0.139303,0.860697,139.303,860.697,0.0,,616809332.8391408,3,1600092000.0,222897615.87600002,1377194384.124,,carbon_api
2025-01-20 20:00:00,blended,"Data centre facility, hyperscale, Virginia (Zhang et al. 2025)","Data centre facility, hyperscale, Virginia (Zhang et al. 2025) (blended)",154.607,283,blended,0.154607,0.8453930000000001,154.607,845.393,0.0,,601733219.7192203,3,1600092000.0,247385423.84399998,1352706576.1560001,,carbon_api
2025-01-20 20:30:00,blended,"Data centre facility, hyperscale, Virginia (Zhang et al. 2025)","Data centre facility, hyperscale, Virginia (Zhang et al. 2025) (blended)",154.607,295,blended,0.154607,0.8453930000000001,154.607,845.393,0.0,,613567917.5630183,3,1600092000.0,247385423.84399998,1352706576.1560001,,carbon_api
2025-01-20 21:00:00,blended,"Data centre facility, hyperscale, Virginia (Zhang et al. 2025)","Data centre facility, hyperscale, Virginia (Zhang et al. 2025) (blended)",171.03,293,blended,0.17103,0.82897,171.03,828.97,0.0,,598377376.5659592,3,1600092000.0,273663734.76,1326428265.24,,carbon_api
2025-01-20 21:30:00,blended,"Data centre facility, hyperscale, Virginia (Zhang et al. 2025)","Data centre facility, hyperscale, Virginia (Zhang et al. 2025) (blended)",171.03,300,blended,0.17103,0.82897,171.03,828.97,0.0,,601707632.1683031,3,1600092000.0,273663734.76,1326428265.24,,carbon_api
2025-01-20 22:00:00,blended,"Data centre facility, hyperscale, Virginia (Zhang et al. 2025)","Data centre facility, hyperscale, Virginia (Zhang et al. 2025) (blended)",195.833,302,blended,0.195833,0.804167,195.833,804.1669999999999,0.0,,591435203.3731114,3,1600092000.0,313350816.63600004,1286741183.3639998,,carbon_api
2025-01-20 22:30:00,blended,"Data centre facility, hyperscale, Virginia (Zhang et al. 2025)","Data centre facility, hyperscale, Virginia (Zhang et al. 2025) (blended)",195.833,304,blended,0.195833,0.804167,195.833,804.1669999999999,0.0,,594603495.3128256,3,1600092000.0,313350816.63600004,1286741183.3639998,,carbon_api
2025-01-20 23:00:00,blended,"Data centre facility, hyperscale, Virginia (Zhang et al. 2025)","Data centre facility, hyperscale, Virginia (Zhang et al. 2025) (blended)",215.434,303,blended,0.215434,0.784566,215.434,784.566,0.0,,579991275.5007805,3,1600092000.0,344714219.928,1255377780.072,,carbon_api
2025-01-20 23:30:00,blended,"Data centre facility, hyperscale, Virginia (Zhang et al. 2025)","Data centre facility, hyperscale, Virginia (Zhang et al. 2025) (blended)",215.434,309,blended,0.215434,0.784566,215.434,784.566,0.0,,589887736.6591555,3,1600092000.0,344714219.928,1255377780.072,,carbon_api
2025-01-21 00:00:00,blended,"Data centre facility, hyperscale, Virginia (Zhang et al. 2025)","Data centre facility, hyperscale, Virginia (Zhang et al. 2025) (blended)",208.072,304,blended,0.208072,0.791928,208.072,791.928,0.0,,586524253.5791564,3,1600092000.0,332934342.624,1267157657.376,,carbon_api
2025-01-21 00:30:00,blended,"Data centre facility, hyperscale, Virginia (Zhang et al. 2025)","Data centre facility, hyperscale, Virginia (Zhang et al. 2025) (blended)",208.072,298,blended,0.208072,0.791928,208.072,791.928,0.0,,575747921.6613038,3,1600092000.0,332934342.624,1267157657.376,,carbon_api
2025-01-21 01:00:00,blended,"Data centre facility, hyperscale, Virginia (Zhang et al. 2025)","Data centre facility, hyperscale, Virginia (Zhang et al. 2025) (blended)",179.522,291,blended,0.179522,0.820478,179.522,820.4780000000001,0.0,,582435265.0306653,3,1600092000.0,287251716.024,1312840283.976,,carbon_api
2025-01-21 01:30:00,blended,"Data centre facility, hyperscale, Virginia (Zhang et al. 2025)","Data centre facility, hyperscale, Virginia (Zhang et al. 2025) (blended)",179.522,287,blended,0.179522,0.820478,179.522,820.4780000000001,0.0,,575422947.1474838,3,1600092000.0,287251716.024,1312840283.976,,carbon_api
2025-01-21 02:00:00,blended,"Data centre facility, hyperscale, Virginia (Zhang et al. 2025)","Data centre facility, hyperscale, Virginia (Zhang et al. 2025) (blended)",160.68,285,blended,0.16068000000000002,0.83932,160.68,839.3199999999999,0.0,,582654959.234514,3,1600092000.0,257102782.56000003,1342989217.4399998,,carbon_api
2025-01-21 02:30:00,blended,"Data centre facility, hyperscale, Virginia (Zhang et al. 2025)","Data centre facility, hyperscale, Virginia (Zhang et al. 2025) (blended)",160.68,289,blended,0.16068000000000002,0.83932,160.68,839.3199999999999,0.0,,590618025.354837,3,1600092000.0,257102782.56000003,1342989217.4399998,,carbon_api
2025-01-21 03:00:00,blended,"Data centre facility, hyperscale, Virginia (Zhang et al. 2025)","Data centre facility, hyperscale, Virginia (Zhang et al. 2025) (blended)",146.989,294,blended,0.146989,0.853011,146.989,853.011,0.0,,609467535.4624081,3,1600092000.0,235195922.988,1364896077.0119998,,carbon_api
2025-01-21 03:30:00,blended,"Data centre facility, hyperscale, Virginia (Zhang et al. 2025)","Data centre facility, hyperscale, Virginia (Zhang et al. 2025) (blended)",146.989,294,blended,0.146989,0.853011,146.989,853.011,0.0,,608466533.4272068,3,1600092000.0,235195922.988,1364896077.0119998,,carbon_api
2025-01-21 04:00:00,blended,"Data centre facility, hyperscale, Virginia (Zhang et al. 2025)","Data centre facility, hyperscale, Virginia (Zhang et al. 2025) (blended)",120.568,291,blended,0.120568,0.879432,120.568,879.432,0.0,,622069432.1826394,3,1600092000.0,192919892.25599998,1407172107.744,,carbon_api
2025-01-21 04:30:00,blended,"Data centre facility, hyperscale, Virginia (Zhang et al. 2025)","Data centre facility, hyperscale, Virginia (Zhang et al. 2025) (blended)",120.568,286,blended,0.120568,0.879432,120.568,879.432,0.0,,610938958.7959716,3,1600092000.0,192919892.25599998,1407172107.744,,carbon_api
2025-01-21 05:00:00,blended,"Data centre facility, hyperscale, Virginia (Zhang et al. 2025)","Data centre facility, hyperscale, Virginia (Zhang et al. 2025) (blended)",100.061,284,blended,0.10006100000000001,0.899939,100.061,899.9390000000001,0.0,,620365747.9888961,3,1600092000.0,160106805.61200002,1439985194.388,,carbon_api
2025-01-21 05:30:00,blended,"Data centre facility, hyperscale, Virginia (Zhang et al. 2025)","Data centre facility, hyperscale, Virginia (Zhang et al. 2025) (blended)",100.061,292,blended,0.10006100000000001,0.899939,100.061,899.9390000000001,0.0,,636564659.5083041,3,1600092000.0,160106805.61200002,1439985194.388,,carbon_api
2025-01-21 06:00:00,blended,"Data centre facility, hyperscale, Virginia (Zhang et al. 2025)","Data centre facility, hyperscale, Virginia (Zhang et al. 2025) (blended)",84.092,294,blended,0.084092,0.9159079999999999,84.092,915.9079999999999,0.0,,651499025.0156411,3,1600092000.0,134554936.464,1465537063.536,,carbon_api
2025-01-21 06:30:00,blended,"Data centre facility, hyperscale, Virginia (Zhang et al. 2025)","Data centre facility, hyperscale, Virginia (Zhang et al. 2025) (blended)",84.092,293,blended,0.084092,0.9159079999999999,84.092,915.9079999999999,0.0,,647805968.4139719,3,1600092000.0,134554936.464,1465537063.536,,carbon_api
2025-01-21 07:00:00,blended,"Data centre facility, hyperscale, Virginia (Zhang et al. 2025)","Data centre facility, hyperscale, Virginia (Zhang et al. 2025) (blended)",76.01,294,blended,0.07601000000000001,0.92399,76.01,923.99,0.0,,655569362.5801674,3,1600092000.0,121622992.92000002,1478469007.08,,carbon_api
2025-01-21 07:30:00,blended,"Data centre facility, hyperscale, Virginia (Zhang et al. 2025)","Data centre facility, hyperscale, Virginia (Zhang et al. 2025) (blended)",76.01,293,blended,0.07601000000000001,0.92399,76.01,923.99,0.0,,655056393.1735088,3,1600092000.0,121622992.92000002,1478469007.08,,carbon_api
2025-01-21 08:00:00,blended,"Data centre facility, hyperscale, Virginia (Zhang et al. 2025)","Data centre facility, hyperscale, Virginia (Zhang et al. 2025) (blended)",82.787,297,blended,0.082787,0.9172130000000001,82.787,917.2130000000001,0.0,,658734497.6256299,3,1600092000.0,132466816.404,1467625183.5960002,,carbon_api
2025-01-21 08:30:00,blended,"Data centre facility, hyperscale, Virginia (Zhang et al. 2025)","Data centre facility, hyperscale, Virginia (Zhang et al. 2025) (blended)",82.787,296,blended,0.082787,0.9172130000000001,82.787,917.2130000000001,0.0,,657424320.8145747,3,1600092000.0,132466816.404,1467625183.5960002,,carbon_api
2025-01-21 09:00:00,blended,"Data centre facility, hyperscale, Virginia (Zhang et al. 2025)","Data centre facility, hyperscale, Virginia (Zhang et al. 2025) (blended)",92.226,298,blended,0.092226,0.907774,92.226,907.774,0.0,,656173156.2688781,3,1600092000.0,147570084.792,1452521915.208,,carbon_api
2025-01-21 09:30:00,blended,"Data centre facility, hyperscale, Virginia (Zhang et al. 2025)","Data centre facility, hyperscale, Virginia (Zhang et al. 2025) (blended)",92.226,290,blended,0.092226,0.907774,92.226,907.774,0.0,,648118993.6458693,3,1600092000.0,147570084.792,1452521915.208,,carbon_api
2025-01-21 10:00:00,blended,"Data centre facility, hyperscale, Virginia (Zhang et al. 2025)","Data centre facility, hyperscale, Virginia (Zhang et al. 2025) (blended)",100.585,285,blended,0.100585,0.899415,100.585,899.415,0.0,,636616286.0322859,3,1600092000.0,160945253.82,1439146746.1799998,,carbon_api
2025-01-21 10:30:00,blended,"Data centre facility, hyperscale, Virginia (Zhang et al. 2025)","Data centre facility, hyperscale, Virginia (Zhang et al. 2025) (blended)",100.585,263,blended,0.100585,0.899415,100.585,899.415,0.0,,605249589.2407926,3,1600092000.0,160945253.82,1439146746.1799998,,carbon_api
2025-01-21 11:00:00,blended,"Data centre facility, hyperscale, Virginia (Zhang et al. 2025)","Data centre facility, hyperscale, Virginia (Zhang et al. 2025) (blended)",113.469,259,blended,0.113469,0.886531,113.469,886.531,0.0,,591952276.0200266,3,1600092000.0,181560839.148,1418531160.852,,carbon_api
2025-01-21 11:30:00,blended,"Data centre facility, hyperscale, Virginia (Zhang et al. 2025)","Data centre facility, hyperscale, Virginia (Zhang et al. 2025) (blended)",113.469,272,blended,0.113469,0.886531,113.469,886.531,0.0,,610769632.8986592,3,1600092000.0,181560839.148,1418531160.852,,carbon_api
2025-01-21 12:00:00,blended,"Data centre facility, hyperscale, Virginia (Zhang et al. 2025)","Data centre facility, hyperscale, Virginia (Zhang et al. 2025) (blended)",114.265,275,blended,0.114265,0.8857349999999999,114.265,885.7349999999999,0.0,,617811974.4537644,3,1600092000.0,182834512.38,1417257487.62,,carbon_api
2025-01-21 12:30:00,blended,"Data centre facility, hyperscale, Virginia (Zhang et al. 2025)","Data centre facility, hyperscale, Virginia (Zhang et al. 2025) (blended)",114.265,266,blended,0.114265,0.8857349999999999,114.265,885.7349999999999,0.0,,611250193.1464517,3,1600092000.0,182834512.38,1417257487.62,,carbon_api
2025-01-21 13:00:00,blended,"Data centre facility, hyperscale, Virginia (Zhang et al. 2025)","Data centre facility, hyperscale, Virginia (Zhang et al. 2025) (blended)",95.956,271,blended,0.095956,0.904044,95.956,904.044,0.0,,633619785.2290776,3,1600092000.0,153538427.952,1446553572.0479999,,carbon_api
2025-01-21 13:30:00,blended,"Data centre facility, hyperscale, Virginia (Zhang et al. 2025)","Data centre facility, hyperscale, Virginia (Zhang et al. 2025) (blended)",95.956,273,blended,0.095956,0.904044,95.956,904.044,0.0,,636880146.3954153,3,1600092000.0,153538427.952,1446553572.0479999,,carbon_api
2025-01-21 14:00:00,blended,"Data centre facility, hyperscale, Virginia (Zhang et al. 2025)","Data centre facility, hyperscale, Virginia (Zhang et al. 2025) (blended)",84.098,276,blended,0.08409799999999999,0.915902,84.098,915.902,0.0,,651469047.7142872,3,1600092000.0,134564537.01599997,1465527462.984,,carbon_api
2025-01-21 14:30:00,blended,"Data centre facility, hyperscale, Virginia (Zhang et al. 2025)","Data centre facility, hyperscale, Virginia (Zhang et al. 2025) (blended)",84.098,273,blended,0.08409799999999999,0.915902,84.098,915.902,0.0,,644064930.041723,3,1600092000.0,134564537.01599997,1465527462.984,,carbon_api
2025-01-21 15:00:00,blended,"Data centre facility, hyperscale, Virginia (Zhang et al. 2025)","Data centre facility, hyperscale, Virginia (Zhang et al. 2025) (blended)",94.464,277,blended,0.09446399999999999,0.905536,94.464,905.5360000000001,0.0,,645211635.7666214,3,1600092000.0,151151090.688,1448940909.312,,carbon_api
2025-01-21 15:30:00,blended,"Data centre facility, hyperscale, Virginia (Zhang et al. 2025)","Data centre facility, hyperscale, Virginia (Zhang et al. 2025) (blended)",94.464,279,blended,0.09446399999999999,0.905536,94.464,905.5360000000001,0.0,,649454730.4186703,3,1600092000.0,151151090.688,1448940909.312,,carbon_api
2025-01-21 16:00:00,blended,"Data centre facility, hyperscale, Virginia (Zhang et al. 2025)","Data centre facility, hyperscale, Virginia (Zhang et al. 2025) (blended)",107.811,280,blended,0.107811,0.892189,107.811,892.189,0.0,,641645099.1275353,3,1600092000.0,172507518.61200002,1427584481.388,,carbon_api
2025-01-21 16:30:00,blended,"Data centre facility, hyperscale, Virginia (Zhang et al. 2025)","Data centre facility, hyperscale, Virginia (Zhang et al. 2025) (blended)",107.811,277,blended,0.107811,0.892189,107.811,892.189,0.0,,635338099.1470535,3,1600092000.0,172507518.61200002,1427584481.388,,carbon_api
2025-01-21 17:00:00,blended,"Data centre facility, hyperscale, Virginia (Zhang et al. 2025)","Data centre facility, hyperscale, Virginia (Zhang et al. 2025) (blended)",110.752,275,blended,0.11075199999999999,0.889248,110.752,889.248,0.0,,628310490.398051,3,1600092000.0,177213389.184,1422878610.816,,carbon_api
2025-01-21 17:30:00,blended,"Data centre facility, hyperscale, Virginia (Zhang et al. 2025)","Data centre facility, hyperscale, Virginia (Zhang et al. 2025) (blended)",110.752,276,blended,0.11075199999999999,0.889248,110.752,889.248,0.0,,629806054.0835873,3,1600092000.0,177213389.184,1422878610.816,,carbon_api
2025-01-21 18:00:00,blended,"Data centre facility, hyperscale, Virginia (Zhang et al. 2025)","Data centre facility, hyperscale, Virginia (Zhang et al. 2025) (blended)",86.252,277,blended,0.086252,0.913748,86.252,913.748,0.0,,648396438.1248055,3,1600092000.0,138011135.184,1462080864.816,,carbon_api
2025-01-21 18:30:00,blended,"Data centre facility, hyperscale, Virginia (Zhang et al. 2025)","Data centre facility, hyperscale, Virginia (Zhang et al. 2025) (blended)",86.252,272,blended,0.086252,0.913748,86.252,913.748,0.0,,638223138.3555889,3,1600092000.0,138011135.184,1462080864.816,,carbon_api
2025-01-21 19:00:00,blended,"Data centre facility, hyperscale, Virginia (Zhang et al. 2025)","Data centre facility, hyperscale, Virginia (Zhang et al. 2025) (blended)",57.288,274,blended,0.057288,0.942712,57.288,942.712,0.0,,656195989.5285766,3,1600092000.0,91666070.49599999,1508425929.504,,carbon_api
2025-01-21 19:30:00,blended,"Data centre facility, hyperscale, Virginia (Zhang et al. 2025)","Data centre facility, hyperscale, Virginia (Zhang et al. 2025) (blended)",57.288,277,blended,0.057288,0.942712,57.288,942.712,0.0,,666032579.8630494,3,1600092000.0,91666070.49599999,1508425929.504,,carbon_api
2025-01-21 20:00:00,blended,"Data centre facility, hyperscale, Virginia (Zhang et al. 2025)","Data centre facility, hyperscale, Virginia (Zhang et al. 2025) (blended)",41.76,276,blended,0.04176,0.95824,41.76,958.24,0.0,,673295345.0354939,3,1600092000.0,66819841.919999994,1533272158.08,,carbon_api
2025-01-21 20:30:00,blended,"Data centre facility, hyperscale, Virginia (Zhang et al. 2025)","Data centre facility, hyperscale, Virginia (Zhang et al. 2025) (blended)",41.76,278,blended,0.04176,0.95824,41.76,958.24,0.0,,676565543.4693395,3,1600092000.0,66819841.919999994,1533272158.08,,carbon_api
2025-01-21 21:00:00,blended,"Data centre facility, hyperscale, Virginia (Zhang et al. 2025)","Data centre facility, hyperscale, Virginia (Zhang et al. 2025) (blended)",44.155,280,blended,0.044155,0.9558450000000001,44.155,955.845,0.0,,677601724.9153042,3,1600092000.0,70652062.26,1529439937.74,,carbon_api
2025-01-21 21:30:00,blended,"Data centre facility, hyperscale, Virginia (Zhang et al. 2025)","Data centre facility, hyperscale, Virginia (Zhang et al. 2025) (blended)",44.155,310,blended,0.044155,0.9558450000000001,44.155,955.845,0.0,,726850688.4657845,3,1600092000.0,70652062.26,1529439937.74,,carbon_api
2025-01-21 22:00:00,blended,"Data centre facility, hyperscale, Virginia (Zhang et al. 2025)","Data centre facility, hyperscale, Virginia (Zhang et al. 2025) (blended)",48.565,310,blended,0.048565,0.951435,48.565,951.4350000000001,0.0,,725946191.5361652,3,1600092000.0,77708467.97999999,1522383532.02,,carbon_api
2025-01-21 22:30:00,blended,"Data centre facility, hyperscale, Virginia (Zhang et al. 2025)","Data centre facility, hyperscale, Virginia (Zhang et al. 2025) (blended)",48.565,305,blended,0.048565,0.951435,48.565,951.4350000000001,0.0,,719235871.2714994,3,1600092000.0,77708467.97999999,1522383532.02,,carbon_api
2025-01-21 23:00:00,blended,"Data centre facility, hyperscale, Virginia (Zhang et al. 2025)","Data centre facility, hyperscale, Virginia (Zhang et al. 2025) (blended)",47.402,307,blended,0.047402,0.9525980000000001,47.402,952.5980000000001,0.0,,727650732.1439632,3,1600092000.0,75847560.984,1524244439.016,,carbon_api
2025-01-21 23:30:00,blended,"Data centre facility, hyperscale, Virginia (Zhang et al. 2025)","Data centre facility, hyperscale, Virginia (Zhang et al. 2025) (blended)",47.402,295,blended,0.047402,0.9525980000000001,47.402,952.5980000000001,0.0,,712134397.3595201,3,1600092000.0,75847560.984,1524244439.016,,carbon_api
2025-01-22 00:00:00,blended,"Data centre facility, hyperscale, Virginia (Zhang et al. 2025)","Data centre facility, hyperscale, Virginia (Zhang et al. 2025) (blended)",37.496,295,blended,0.037496,0.962504,37.496,962.504,0.0,,719473907.4010485,3,1600092000.0,59997049.632,1540094950.368,,carbon_api
2025-01-22 00:30:00,blended,"Data centre facility, hyperscale, Virginia (Zhang et al. 2025)","Data centre facility, hyperscale, Virginia (Zhang et al. 2025) (blended)",37.496,293,blended,0.037496,0.962504,37.496,962.504,0.0,,715515071.742032,3,1600092000.0,59997049.632,1540094950.368,,carbon_api
2025-01-22 01:00:00,blended,"Data centre facility, hyperscale, Virginia (Zhang et al. 2025)","Data centre facility, hyperscale, Virginia (Zhang et al. 2025) (blended)",22.258,292,blended,0.022258,0.977742,22.258,977.742,0.0,,725060053.5568086,3,1600092000.0,35614847.736,1564477152.264,,carbon_api
2025-01-22 01:30:00,blended,"Data centre facility, hyperscale, Virginia (Zhang et al. 2025)","Data centre facility, hyperscale, Virginia (Zhang et al. 2025) (blended)",22.258,287,blended,0.022258,0.977742,22.258,977.742,0.0,,713968930.8328673,3,1600092000.0,35614847.736,1564477152.264,,carbon_api
2025-01-22 02:00:00,blended,"Data centre facility, hyperscale, Virginia (Zhang et al. 2025)","Data centre facility, hyperscale, Virginia (Zhang et al. 2025) (blended)",12.833,288,blended,0.012833,0.987167,12.833,987.167,0.0,,722755136.2279727,3,1600092000.0,20533980.636,1579558019.364,,carbon_api
2025-01-22 02:30:00,blended,"Data centre facility, hyperscale, Virginia (Zhang et al. 2025)","Data centre facility, hyperscale, Virginia (Zhang et al. 2025) (blended)",12.833,286,blended,0.012833,0.987167,12.833,987.167,0.0,,719658654.6653227,3,1600092000.0,20533980.636,1579558019.364,,carbon_api
2025-01-22 03:00:00,blended,"Data centre facility, hyperscale, Virginia (Zhang et al. 2025)","Data centre facility, hyperscale, Virginia (Zhang et al. 2025) (blended)",19.271,289,blended,0.019271,0.980729,19.271,980.7289999999999,0.0,,721078631.5166831,3,1600092000.0,30835372.932,1569256627.0679998,,carbon_api
2025-01-22 03:30:00,blended,"Data centre facility, hyperscale, Virginia (Zhang et al. 2025)","Data centre facility, hyperscale, Virginia (Zhang et al. 2025) (blended)",19.271,295,blended,0.019271,0.980729,19.271,980.7289999999999,0.0,,733687380.2948335,3,1600092000.0,30835372.932,1569256627.0679998,,carbon_api
2025-01-22 04:00:00,blended,"Data centre facility, hyperscale, Virginia (Zhang et al. 2025)","Data centre facility, hyperscale, Virginia (Zhang et al. 2025) (blended)",35.593,296,blended,0.03559300000000001,0.964407,35.593,964.407,0.0,,723621648.0003136,3,1600092000.0,56952074.55600001,1543139925.444,,carbon_api
2025-01-22 04:30:00,blended,"Data centre facility, hyperscale, Virginia (Zhang et al. 2025)","Data centre facility, hyperscale, Virginia (Zhang et al. 2025) (blended)",35.593,320,blended,0.03559300000000001,0.964407,35.593,964.407,0.0,,757683067.9873073,3,1600092000.0,56952074.55600001,1543139925.444,,carbon_api
2025-01-22 05:00:00,blended,"Data centre facility, hyperscale, Virginia (Zhang et al. 2025)","Data centre facility, hyperscale, Virginia (Zhang et al. 2025) (blended)",48.527,322,blended,0.048527,0.951473,48.527,951.473,0.0,,751429177.129252,3,1600092000.0,77647664.484,1522444335.516,,carbon_api
2025-01-22 05:30:00,blended,"Data centre facility, hyperscale, Virginia (Zhang et al. 2025)","Data centre facility, hyperscale, Virginia (Zhang et al. 2025) (blended)",48.527,328,blended,0.048527,0.951473,48.527,951.473,0.0,,766632008.7705907,3,1600092000.0,77647664.484,1522444335.516,,carbon_api
2025-01-22 06:00:00,blended,"Data centre facility, hyperscale, Virginia (Zhang et al. 2025)","Data centre facility, hyperscale, Virginia (Zhang et al. 2025) (blended)",59.252,328,blended,0.059252,0.940748,59.252,940.748,0.0,,759615263.7336578,3,1600092000.0,94808651.184,1505283348.816,,carbon_api
2025-01-22 06:30:00,blended,"Data centre facility, hyperscale, Virginia (Zhang et al. 2025)","Data centre facility, hyperscale, Virginia (Zhang et al. 2025) (blended)",59.252,308,blended,0.059252,0.940748,59.252,940.748,0.0,,720973049.8258749,3,1600092000.0,94808651.184,1505283348.816,,carbon_api
2025-01-22 07:00:00,blended,"Data centre facility, hyperscale, Virginia (Zhang et al. 2025)","Data centre facility, hyperscale, Virginia (Zhang et al. 2025) (blended)",63.349,306,blended,0.063349,0.936651,63.349000000000004,936.6510000000001,0.0,,712779116.7791903,3,1600092000.0,101364228.10800001,1498727771.892,,carbon_api
2025-01-22 07:30:00,blended,"Data centre facility, hyperscale, Virginia (Zhang et al. 2025)","Data centre facility, hyperscale, Virginia (Zhang et al. 2025) (blended)",63.349,284,blended,0.063349,0.936651,63.349000000000004,936.6510000000001,0.0,,678327314.2539235,3,1600092000.0,101364228.10800001,1498727771.892,,carbon_api
2025-01-22 08:00:00,blended,"Data centre facility, hyperscale, Virginia (Zhang et al. 2025)","Data centre facility, hyperscale, Virginia (Zhang et al. 2025) (blended)",64.404,287,blended,0.064404,0.935596,64.404,935.596,0.0,,683231786.302769,3,1600092000.0,103052325.168,1497039674.832,,carbon_api
2025-01-22 08:30:00,blended,"Data centre facility, hyperscale, Virginia (Zhang et al. 2025)","Data centre facility, hyperscale, Virginia (Zhang et al. 2025) (blended)",64.404,284,blended,0.064404,0.935596,64.404,935.596,0.0,,675546290.4758276,3,1600092000.0,103052325.168,1497039674.832,,carbon_api
2025-01-22 09:00:00,blended,"Data centre facility, hyperscale, Virginia (Zhang et al. 2025)","Data centre facility, hyperscale, Virginia (Zhang et al. 2025) (blended)",53.763,285,blended,0.053763,0.946237,53.763,946.237,0.0,,684178853.7947379,3,1600092000.0,86025746.196,1514066253.804,,carbon_api
2025-01-22 09:30:00,blended,"Data centre facility, hyperscale, Virginia (Zhang et al. 2025)","Data centre facility, hyperscale, Virginia (Zhang et al. 2025) (blended)",53.763,283,blended,0.053763,0.946237,53.763,946.237,0.0,,681195535.9387971,3,1600092000.0,86025746.196,1514066253.804,,carbon_api
2025-01-22 10:00:00,blended,"Data centre facility, hyperscale, Virginia (Zhang et al. 2025)","Data centre facility, hyperscale, Virginia (Zhang et al. 2025) (blended)",45.472,283,blended,0.045472,0.954528,45.472,954.528,0.0,,685014193.8102667,3,1600092000.0,72759383.424,1527332616.576,,carbon_api
2025-01-22 10:30:00,blended,"Data centre facility, hyperscale, Virginia (Zhang et al. 2025)","Data centre facility, hyperscale, Virginia (Zhang et al. 2025) (blended)",45.472,277,blended,0.045472,0.954528,45.472,954.528,0.0,,676183920.2355454,3,1600092000.0,72759383.424,1527332616.576,,carbon_api
2025-01-22 11:00:00,blended,"Data centre facility, hyperscale, Virginia (Zhang et al. 2025)","Data centre facility, hyperscale, Virginia (Zhang et al. 2025) (blended)",46.652,275,blended,0.046652,0.953348,46.652,953.348,0.0,,670915376.0165428,3,1600092000.0,74647491.984,1525444508.016,,carbon_api
2025-01-22 11:30:00,blended,"Data centre facility, hyperscale, Virginia (Zhang et al. 2025)","Data centre facility, hyperscale, Virginia (Zhang et al. 2025) (blended)",46.652,276,blended,0.046652,0.953348,46.652,953.348,0.0,,672161105.9189221,3,1600092000.0,74647491.984,1525444508.016,,carbon_api
2025-01-22 12:00:00,blended,"Data centre facility, hyperscale, Virginia (Zhang et al. 2025)","Data centre facility, hyperscale, Virginia (Zhang et al. 2025) (blended)",67.934,274,blended,0.067934,0.9320660000000001,67.934,932.066,0.0,,654753030.756271,3,1600092000.0,108700649.92799999,1491391350.072,,carbon_api
2025-01-22 12:30:00,blended,"Data centre facility, hyperscale, Virginia (Zhang et al. 2025)","Data centre facility, hyperscale, Virginia (Zhang et al. 2025) (blended)",67.934,276,blended,0.067934,0.9320660000000001,67.934,932.066,0.0,,659112532.2154789,3,1600092000.0,108700649.92799999,1491391350.072,,carbon_api
2025-01-22 13:00:00,blended,"Data centre facility, hyperscale, Virginia (Zhang et al. 2025)","Data centre facility, hyperscale, Virginia (Zhang et al. 2025) (blended)",88.95,273,blended,0.08895,0.91105,88.95,911.0500000000001,0.0,,638003917.0114106,3,1600092000.0,142328183.4,1457763816.6000001,,carbon_api
2025-01-22 13:30:00,blended,"Data centre facility, hyperscale, Virginia (Zhang et al. 2025)","Data centre facility, hyperscale, Virginia (Zhang et al. 2025) (blended)",88.95,269,blended,0.08895,0.91105,88.95,911.0500000000001,0.0,,632831300.253836,3,1600092000.0,142328183.4,1457763816.6000001,,carbon_api
2025-01-22 14:00:00,blended,"Data centre facility, hyperscale, Virginia (Zhang et al. 2025)","Data centre facility, hyperscale, Virginia (Zhang et al. 2025) (blended)",100.064,268,blended,0.10006399999999999,0.8999360000000001,100.064,899.936,0.0,,622708750.7415934,3,1600092000.0,160111605.88799998,1439980394.1120002,,carbon_api
2025-01-22 14:30:00,blended,"Data centre facility, hyperscale, Virginia (Zhang et al. 2025)","Data centre facility, hyperscale, Virginia (Zhang et al. 2025) (blended)",100.064,266,blended,0.10006399999999999,0.8999360000000001,100.064,899.936,0.0,,619955248.167739,3,1600092000.0,160111605.88799998,1439980394.1120002,,carbon_api
2025-01-22 15:00:00,blended,"Data centre facility, hyperscale, Virginia (Zhang et al. 2025)","Data centre facility, hyperscale, Virginia (Zhang et al. 2025) (blended)",126.291,269,blended,0.126291,0.8737090000000001,126.29099999999998,873.7090000000001,0.0,,607681628.4826896,3,1600092000.0,202077218.77199998,1398014781.2280002,,carbon_api
2025-01-22 15:30:00,blended,"Data centre facility, hyperscale, Virginia (Zhang et al. 2025)","Data centre facility, hyperscale, Virginia (Zhang et al. 2025) (blended)",126.291,273,blended,0.126291,0.8737090000000001,126.29099999999998,873.7090000000001,0.0,,613080313.0204883,3,1600092000.0,202077218.77199998,1398014781.2280002,,carbon_api
2025-01-22 16:00:00,blended,"Data centre facility, hyperscale, Virginia (Zhang et al. 2025)","Data centre facility, hyperscale, Virginia (Zhang et al. 2025) (blended)",156.732,276,blended,0.156732,0.843268,156.732,843.268,0.0,,598032430.8847761,3,1600092000.0,250785619.344,1349306380.6560001,,carbon_api
2025-01-22 16:30:00,blended,"Data centre facility, hyperscale, Virginia (Zhang et al. 2025)","Data centre facility, hyperscale, Virginia (Zhang et al. 2025) (blended)",156.732,274,blended,0.156732,0.843268,156.732,843.268,0.0,,594703066.7231973,3,1600092000.0,250785619.344,1349306380.6560001,,carbon_api
2025-01-22 17:00:00,blended,"Data centre facility, hyperscale, Virginia (Zhang et al. 2025)","Data centre facility, hyperscale, Virginia (Zhang et al. 2025) (blended)",177.679,273,blended,0.177679,0.822321,177.679,822.3209999999999,0.0,,578997766.13569,3,1600092000.0,284302746.468,1315789253.532,,carbon_api
2025-01-22 17:30:00,blended,"Data centre facility, hyperscale, Virginia (Zhang et al. 2025)","Data centre facility, hyperscale, Virginia (Zhang et al. 2025) (blended)",177.679,271,blended,0.177679,0.822321,177.679,822.3209999999999,0.0,,573663011.7831887,3,1600092000.0,284302746.468,1315789253.532,,carbon_api
2025-01-22 18:00:00,blended,"Data centre facility, hyperscale, Virginia (Zhang et al. 2025)","Data centre facility, hyperscale, Virginia (Zhang et al. 2025) (blended)",192.466,265,blended,0.192466,0.807534,192.466,807.534,0.0,,554695942.249083,3,1600092000.0,307963306.872,1292128693.128,,carbon_api
2025-01-22 18:30:00,blended,"Data centre facility, hyperscale, Virginia (Zhang et al. 2025)","Data centre facility, hyperscale, Virginia (Zhang et al. 2025) (blended)",192.466,261,blended,0.192466,0.807534,192.466,807.534,0.0,,547073455.76273,3,1600092000.0,307963306.872,1292128693.128,,carbon_api
2025-01-22 19:00:00,blended,"Data centre facility, hyperscale, Virginia (Zhang et al. 2025)","Data centre facility, hyperscale, Virginia (Zhang et al. 2025) (blended)",213.42,257,blended,0.21342,0.7865800000000001,213.42,786.58,0.0,,525994657.9469706,3,1600092000.0,341491634.64,1258600365.3600001,,carbon_api
2025-01-22 19:30:00,blended,"Data centre facility, hyperscale, Virginia (Zhang et al. 2025)","Data centre facility, hyperscale, Virginia (Zhang et al. 2025) (blended)",213.42,255,blended,0.21342,0.7865800000000001,213.42,786.58,0.0,,524717259.8739938,3,1600092000.0,341491634.64,1258600365.3600001,,carbon_api
2025-01-22 20:00:00,blended,"Data centre facility, hyperscale, Virginia (Zhang et al. 2025)","Data centre facility, hyperscale, Virginia (Zhang et al. 2025) (blended)",227.934,252,blended,0.227934,0.772066,227.934,772.066,0.0,,510556718.9522406,3,1600092000.0,364715369.928,1235376630.072,,carbon_api
2025-01-22 20:30:00,blended,"Data centre facility, hyperscale, Virginia (Zhang et al. 2025)","Data centre facility, hyperscale, Virginia (Zhang et al. 2025) (blended)",227.934,251,blended,0.227934,0.772066,227.934,772.066,0.0,,510321534.2574841,3,1600092000.0,364715369.928,1235376630.072,,carbon_api
2025-01-22 21:00:00,blended,"Data centre facility, hyperscale, Virginia (Zhang et al. 2025)","Data centre facility, hyperscale, Virginia (Zhang et al. 2025) (blended)",238.23,244,blended,0.23823,0.7617700000000001,238.23,761.7700000000001,0.0,,491311942.11544824,3,1600092000.0,381189917.15999997,1218902082.8400002,,carbon_api
2025-01-22 21:30:00,blended,"Data centre facility, hyperscale, Virginia (Zhang et al. 2025)","Data centre facility, hyperscale, Virginia (Zhang et al. 2025) (blended)",238.23,236,blended,0.23823,0.7617700000000001,238.23,761.7700000000001,0.0,,478929940.4436124,3,1600092000.0,381189917.15999997,1218902082.8400002,,carbon_api
2025-01-22 22:00:00,blended,"Data centre facility, hyperscale, Virginia (Zhang et al. 2025)","Data centre facility, hyperscale, Virginia (Zhang et al. 2025) (blended)",233.113,232,blended,0.233113,0.766887,233.113,766.887,0.0,,475460678.63936055,3,1600092000.0,373002246.39599997,1227089753.604,,carbon_api
2025-01-22 22:30:00,blended,"Data centre facility, hyperscale, Virginia (Zhang et al. 2025)","Data centre facility, hyperscale, Virginia (Zhang et al. 2025) (blended)",233.113,223,blended,0.233113,0.766887,233.113,766.887,0.0,,460459165.0398662,3,1600092000.0,373002246.39599997,1227089753.604,,carbon_api
2025-01-22 23:00:00,blended,"Data centre facility, hyperscale, Virginia (Zhang et al. 2025)","Data centre facility, hyperscale, Virginia (Zhang et al. 2025) (blended)",227.39,220,blended,0.22738999999999998,0.77261,227.39,772.61,0.0,,461463507.4794348,3,1600092000.0,363844919.88,1236247080.1200001,,carbon_api
2025-01-22 23:30:00,blended,"Data centre facility, hyperscale, Virginia (Zhang et al. 2025)","Data centre facility, hyperscale, Virginia (Zhang et al. 2025) (blended)",227.39,228,blended,0.22738999999999998,0.77261,227.39,772.61,0.0,,469748641.8852207,3,1600092000.0,363844919.88,1236247080.1200001,,carbon_api
2025-01-23 00:00:00,blended,"Data centre facility, hyperscale, Virginia (Zhang et al. 2025)","Data centre facility, hyperscale, Virginia (Zhang et al. 2025) (blended)",195.974,228,blended,0.19597399999999998,0.804026,195.974,804.0260000000001,0.0,,486846952.17703974,3,1600092000.0,313576429.608,1286515570.392,,carbon_api
2025-01-23 00:30:00,blended,"Data centre facility, hyperscale, Virginia (Zhang et al. 2025)","Data centre facility, hyperscale, Virginia (Zhang et al. 2025) (blended)",195.974,223,blended,0.19597399999999998,0.804026,195.974,804.0260000000001,0.0,,478087140.57829833,3,1600092000.0,313576429.608,1286515570.392,,carbon_api
2025-01-23 01:00:00,blended,"Data centre facility, hyperscale, Virginia (Zhang et al. 2025)","Data centre facility, hyperscale, Virginia (Zhang et al. 2025) (blended)",148.685,205,blended,0.148685,0.851315,148.685,851.315,0.0,,469947847.1551388,3,1600092000.0,237909679.02,1362182320.98,,carbon_api
2025-01-23 01:30:00,blended,"Data centre facility, hyperscale, Virginia (Zhang et al. 2025)","Data centre facility, hyperscale, Virginia (Zhang et al. 2025) (blended)",148.685,196,blended,0.148685,0.851315,148.685,851.315,0.0,,454374954.538353,3,1600092000.0,237909679.02,1362182320.98,,carbon_api
2025-01-23 02:00:00,blended,"Data centre facility, hyperscale, Virginia (Zhang et al. 2025)","Data centre facility, hyperscale, Virginia (Zhang et al. 2025) (blended)",136.743,196,blended,0.136743,0.8632569999999999,136.743,863.257,0.0,,458966632.08548,3,1600092000.0,218801380.356,1381290619.6439998,,carbon_api
2025-01-23 02:30:00,blended,"Data centre facility, hyperscale, Virginia (Zhang et al. 2025)","Data centre facility, hyperscale, Virginia (Zhang et al. 2025) (blended)",136.743,184,blended,0.136743,0.8632569999999999,136.743,863.257,0.0,,435179626.5910184,3,1600092000.0,218801380.356,1381290619.6439998,,carbon_api
2025-01-23 03:00:00,blended,"Data centre facility, hyperscale, Virginia (Zhang et al. 2025)","Data centre facility, hyperscale, Virginia (Zhang et al. 2025) (blended)",157.719,188,blended,0.157719,0.8422810000000001,157.719,842.2810000000001,0.0,,431495156.7789055,3,1600092000.0,252364910.148,1347727089.852,,carbon_api
2025-01-23 03:30:00,blended,"Data centre facility, hyperscale, Virginia (Zhang et al. 2025)","Data centre facility, hyperscale, Virginia (Zhang et al. 2025) (blended)",157.719,198,blended,0.157719,0.8422810000000001,157.719,842.2810000000001,0.0,,450845321.0606024,3,1600092000.0,252364910.148,1347727089.852,,carbon_api
2025-01-23 04:00:00,blended,"Data centre facility, hyperscale, Virginia (Zhang et al. 2025)","Data centre facility, hyperscale, Virginia (Zhang et al. 2025) (blended)",165.878,194,blended,0.165878,0.834122,165.878,834.1220000000001,0.0,,439194257.97296244,3,1600092000.0,265420060.776,1334671939.224,,carbon_api
2025-01-23 04:30:00,blended,"Data centre facility, hyperscale, Virginia (Zhang et al. 2025)","Data centre facility, hyperscale, Virginia (Zhang et al. 2025) (blended)",165.878,220,blended,0.165878,0.834122,165.878,834.1220000000001,0.0,,481098948.62661004,3,1600092000.0,265420060.776,1334671939.224,,carbon_api
2025-01-23 05:00:00,blended,"Data centre facility, hyperscale, Virginia (Zhang et al. 2025)","Data centre facility, hyperscale, Virginia (Zhang et al. 2025) (blended)",170.817,210,blended,0.170817,0.829183,170.817,829.183,0.0,,457660114.96402854,3,1600092000.0,273322915.164,1326769084.836,,carbon_api
2025-01-23 05:30:00,blended,"Data centre facility, hyperscale, Virginia (Zhang et al. 2025)","Data centre facility, hyperscale, Virginia (Zhang et al. 2025) (blended)",170.817,220,blended,0.170817,0.829183,170.817,829.183,0.0,,462819334.488053,3,1600092000.0,273322915.164,1326769084.836,,carbon_api
2025-01-23 06:00:00,blended,"Data centre facility, hyperscale, Virginia (Zhang et al. 2025)","Data centre facility, hyperscale, Virginia (Zhang et al. 2025) (blended)",209.662,229,blended,0.20966200000000002,0.790338,209.662,790.338,0.0,,459211257.8398193,3,1600092000.0,335478488.90400004,1264613511.096,,carbon_api
2025-01-23 06:30:00,blended,"Data centre facility, hyperscale, Virginia (Zhang et al. 2025)","Data centre facility, hyperscale, Virginia (Zhang et al. 2025) (blended)",209.662,216,blended,0.20966200000000002,0.790338,209.662,790.338,0.0,,455535607.6250903,3,1600092000.0,335478488.90400004,1264613511.096,,carbon_api
2025-01-23 07:00:00,blended,"Data centre facility, hyperscale, Virginia (Zhang et al. 2025)","Data centre facility, hyperscale, Virginia (Zhang et al. 2025) (blended)",255.847,218,blended,0.255847,0.7441530000000001,255.84699999999998,744.153,0.0,,436127707.8214238,3,1600092000.0,409378737.92399997,1190713262.0760002,,carbon_api
2025-01-23 07:30:00,blended,"Data centre facility, hyperscale, Virginia (Zhang et al. 2025)","Data centre facility, hyperscale, Virginia (Zhang et al. 2025) (blended)",255.847,203,blended,0.255847,0.7441530000000001,255.84699999999998,744.153,0.0,,413108790.94994146,3,1600092000.0,409378737.92399997,1190713262.0760002,,carbon_api
2025-01-23 08:00:00,blended,"Data centre facility, hyperscale, Virginia (Zhang et al. 2025)","Data centre facility, hyperscale, Virginia (Zhang et al. 2025) (blended)",314.912,187,blended,0.31491199999999997,0.685088,314.912,685.0880000000001,0.0,,356389970.07338697,3,1600092000.0,503888171.9039999,1096203828.096,,carbon_api
2025-01-23 08:30:00,blended,"Data centre facility, hyperscale, Virginia (Zhang et al. 2025)","Data centre facility, hyperscale, Virginia (Zhang et al. 2025) (blended)",314.912,181,blended,0.31491199999999997,0.685088,314.912,685.0880000000001,0.0,,346065821.8397999,3,1600092000.0,503888171.9039999,1096203828.096,,carbon_api
2025-01-23 09:00:00,blended,"Data centre facility, hyperscale, Virginia (Zhang et al. 2025)","Data centre facility, hyperscale, Virginia (Zhang et al. 2025) (blended)",399.242,177,blended,0.39924200000000004,0.6007579999999999,399.242,600.7579999999999,0.0,,303702644.1133554,3,1600092000.0,638823930.264,961268069.7359998,,carbon_api
2025-01-23 09:30:00,blended,"Data centre facility, hyperscale, Virginia (Zhang et al. 2025)","Data centre facility, hyperscale, Virginia (Zhang et al. 2025) (blended)",399.242,176,blended,0.39924200000000004,0.6007579999999999,399.242,600.7579999999999,0.0,,302844414.3489537,3,1600092000.0,638823930.264,961268069.7359998,,carbon_api
2025-01-23 10:00:00,blended,"Data centre facility, hyperscale, Virginia (Zhang et al. 2025)","Data centre facility, hyperscale, Virginia (Zhang et al. 2025) (blended)",484.222,170,blended,0.484222,0.5157780000000001,484.222,515.778,0.0,,257977668.85963017,3,1600092000.0,774799748.424,825292251.5760001,,carbon_api
2025-01-23 10:30:00,blended,"Data centre facility, hyperscale, Virginia (Zhang et al. 2025)","Data centre facility, hyperscale, Virginia (Zhang et al. 2025) (blended)",484.222,161,blended,0.484222,0.5157780000000001,484.222,515.778,0.0,,247505584.80243942,3,1600092000.0,774799748.424,825292251.5760001,,carbon_api
2025-01-23 11:00:00,blended,"Data centre facility, hyperscale, Virginia (Zhang et al. 2025)","Data centre facility, hyperscale, Virginia (Zhang et al. 2025) (blended)",609.833,153,blended,0.609833,0.39016700000000004,609.833,390.16700000000003,0.0,,190523039.06622678,3,1600092000.0,975788904.6359999,624303095.3640001,,carbon_api
2025-01-23 11:30:00,blended,"Data centre facility, hyperscale, Virginia (Zhang et al. 2025)","Data centre facility, hyperscale, Virginia (Zhang et al. 2025) (blended)",609.833,155,blended,0.609833,0.39016700000000004,609.833,390.16700000000003,0.0,,188069002.83031675,3,1600092000.0,975788904.6359999,624303095.3640001,,carbon_api
2025-01-23 12:00:00,blended,"Data centre facility, hyperscale, Virginia (Zhang et al. 2025)","Data centre facility, hyperscale, Virginia (Zhang et al. 2025) (blended)",756.377,147,blended,0.756377,0.24362300000000003,756.377,243.62300000000005,0.0,,129613451.89624324,3,1600092000.0,1210272786.684,389819213.31600004,,carbon_api
2025-01-23 12:30:00,blended,"Data centre facility, hyperscale, Virginia (Zhang et al. 2025)","Data centre facility, hyperscale, Virginia (Zhang et al. 2025) (blended)",756.377,134,blended,0.756377,0.24362300000000003,756.377,243.62300000000005,0.0,,122847172.90904185,3,1600092000.0,1210272786.684,389819213.31600004,,carbon_api
2025-01-23 13:00:00,blended,"Data centre facility, hyperscale, Virginia (Zhang et al. 2025)","Data centre facility, hyperscale, Virginia (Zhang et al. 2025) (blended)",871.16,138,blended,0.8711599999999999,0.12884000000000007,871.16,128.84000000000006,0.0,,86604038.41562343,3,1600092000.0,1393936146.7199998,206155853.2800001,,carbon_api
2025-01-23 13:30:00,blended,"Data centre facility, hyperscale, Virginia (Zhang et al. 2025)","Data centre facility, hyperscale, Virginia (Zhang et al. 2025) (blended)",871.16,137,blended,0.8711599999999999,0.12884000000000007,871.16,128.84000000000006,0.0,,86425870.81999819,3,1600092000.0,1393936146.7199998,206155853.2800001,,carbon_api
2025-01-23 14:00:00,blended,"Data centre facility, hyperscale, Virginia (Zhang et al. 2025)","Data centre facility, hyperscale, Virginia (Zhang et al. 2025) (blended)",908.206,140,blended,0.9082060000000001,0.09179399999999993,908.206,91.79399999999993,0.0,,75125395.484846,3,1600092000.0,1453213154.9520001,146878845.0479999,,carbon_api
2025-01-23 14:30:00,blended,"Data centre facility, hyperscale, Virginia (Zhang et al. 2025)","Data centre facility, hyperscale, Virginia (Zhang et al. 2025) (blended)",908.206,141,blended,0.9082060000000001,0.09179399999999993,908.206,91.79399999999993,0.0,,75528591.7643433,3,1600092000.0,1453213154.9520001,146878845.0479999,,carbon_api
2025-01-23 15:00:00,blended,"Data centre facility, hyperscale, Virginia (Zhang et al. 2025)","Data centre facility, hyperscale, Virginia (Zhang et al. 2025) (blended)",915.746,134,blended,0.915746,0.08425400000000005,915.746,84.25400000000005,0.0,,72098533.24028344,3,1600092000.0,1465277848.632,134814151.3680001,,carbon_api
2025-01-23 15:30:00,blended,"Data centre facility, hyperscale, Virginia (Zhang et al. 2025)","Data centre facility, hyperscale, Virginia (Zhang et al. 2025) (blended)",915.746,133,blended,0.915746,0.08425400000000005,915.746,84.25400000000005,0.0,,72098716.36996284,3,1600092000.0,1465277848.632,134814151.3680001,,carbon_api
2025-01-23 16:00:00,blended,"Data centre facility, hyperscale, Virginia (Zhang et al. 2025)","Data centre facility, hyperscale, Virginia (Zhang et al. 2025) (blended)",888.068,137,blended,0.888068,0.11193200000000003,888.068,111.93200000000003,0.0,,81696227.49607587,3,1600092000.0,1420990502.256,179101497.74400005,,carbon_api
2025-01-23 16:30:00,blended,"Data centre facility, hyperscale, Virginia (Zhang et al. 2025)","Data centre facility, hyperscale, Virginia (Zhang et al. 2025) (blended)",888.068,139,blended,0.888068,0.11193200000000003,888.068,111.93200000000003,0.0,,82130389.98689416,3,1600092000.0,1420990502.256,179101497.74400005,,carbon_api
2025-01-23 17:00:00,blended,"Data centre facility, hyperscale, Virginia (Zhang et al. 2025)","Data centre facility, hyperscale, Virginia (Zhang et al. 2025) (blended)",784.272,138,blended,0.7842720000000001,0.21572799999999992,784.272,215.72799999999992,0.0,,117169021.75615388,3,1600092000.0,1254907353.0240002,345184646.9759999,,carbon_api
2025-01-23 17:30:00,blended,"Data centre facility, hyperscale, Virginia (Zhang et al. 2025)","Data centre facility, hyperscale, Virginia (Zhang et al. 2025) (blended)",784.272,136,blended,0.7842720000000001,0.21572799999999992,784.272,215.72799999999992,0.0,,115796077.4636463,3,1600092000.0,1254907353.0240002,345184646.9759999,,carbon_api
2025-01-23 18:00:00,blended,"Data centre facility, hyperscale, Virginia (Zhang et al. 2025)","Data centre facility, hyperscale, Virginia (Zhang et al. 2025) (blended)",593.704,135,blended,0.5937039999999999,0.4062960000000001,593.704,406.2960000000001,0.0,,177504732.61935833,3,1600092000.0,949981020.7679999,650110979.2320001,,carbon_api
2025-01-23 18:30:00,blended,"Data centre facility, hyperscale, Virginia (Zhang et al. 2025)","Data centre facility, hyperscale, Virginia (Zhang et al. 2025) (blended)",593.704,132,blended,0.5937039999999999,0.4062960000000001,593.704,406.2960000000001,0.0,,174930366.59326476,3,1600092000.0,949981020.7679999,650110979.2320001,,carbon_api
2025-01-23 19:00:00,blended,"Data centre facility, hyperscale, Virginia (Zhang et al. 2025)","Data centre facility, hyperscale, Virginia (Zhang et al. 2025) (blended)",561.709,130,blended,0.5617089999999999,0.4382910000000001,561.709,438.2910000000001,0.0,,183882938.66339698,3,1600092000.0,898786077.2279998,701305922.7720002,,carbon_api
2025-01-23 19:30:00,blended,"Data centre facility, hyperscale, Virginia (Zhang et al. 2025)","Data centre facility, hyperscale, Virginia (Zhang et al. 2025) (blended)",561.709,125,blended,0.5617089999999999,0.4382910000000001,561.709,438.2910000000001,0.0,,178963712.85468507,3,1600092000.0,898786077.2279998,701305922.7720002,,carbon_api
2025-01-23 20:00:00,blended,"Data centre facility, hyperscale, Virginia (Zhang et al. 2025)","Data centre facility, hyperscale, Virginia (Zhang et al. 2025) (blended)",563.063,124,blended,0.563063,0.436937,563.063,436.937,0.0,,178210453.05275604,3,1600092000.0,900952601.796,699139398.204,,carbon_api
2025-01-23 20:30:00,blended,"Data centre facility, hyperscale, Virginia (Zhang et al. 2025)","Data centre facility, hyperscale, Virginia (Zhang et al. 2025) (blended)",563.063,105,blended,0.563063,0.436937,563.063,436.937,0.0,,160094285.48161107,3,1600092000.0,900952601.796,699139398.204,,carbon_api
2025-01-23 21:00:00,blended,"Data centre facility, hyperscale, Virginia (Zhang et al. 2025)","Data centre facility, hyperscale, Virginia (Zhang et al. 2025) (blended)",532.149,86,blended,0.532149,0.467851,532.149,467.851,0.0,,148026599.5947147,3,1600092000.0,851487357.708,748604642.292,,carbon_api
2025-01-23 21:30:00,blended,"Data centre facility, hyperscale, Virginia (Zhang et al. 2025)","Data centre facility, hyperscale, Virginia (Zhang et al. 2025) (blended)",532.149,69,blended,0.532149,0.467851,532.149,467.851,0.0,,130554703.44947287,3,1600092000.0,851487357.708,748604642.292,,carbon_api
2025-01-23 22:00:00,blended,"Data centre facility, hyperscale, Virginia (Zhang et al. 2025)","Data centre facility, hyperscale, Virginia (Zhang et al. 2025) (blended)",500.715,48,blended,0.500715,0.499285,500.71500000000003,499.28499999999997,0.0,,111924647.76356816,3,1600092000.0,801190065.7800001,798901934.2199999,,carbon_api
2025-01-23 22:30:00,blended,"Data centre facility, hyperscale, Virginia (Zhang et al. 2025)","Data centre facility, hyperscale, Virginia (Zhang et al. 2025) (blended)",500.715,37,blended,0.500715,0.499285,500.71500000000003,499.28499999999997,0.0,,99303258.86510804,3,1600092000.0,801190065.7800001,798901934.2199999,,carbon_api
2025-01-23 23:00:00,blended,"Data centre facility, hyperscale, Virginia (Zhang et al. 2025)","Data centre facility, hyperscale, Virginia (Zhang et al. 2025) (blended)",547.933,41,blended,0.547933,0.452067,547.933,452.067,0.0,,98923703.24183106,3,1600092000.0,876743209.836,723348790.164,,carbon_api
2025-01-23 23:30:00,blended,"Data centre facility, hyperscale, Virginia (Zhang et al. 2025)","Data centre facility, hyperscale, Virginia (Zhang et al. 2025) (blended)",547.933,29,blended,0.547933,0.452067,547.933,452.067,0.0,,78816004.46331224,3,1600092000.0,876743209.836,723348790.164,,carbon_api
2025-01-24 00:00:00,blended,"Data centre facility, hyperscale, Virginia (Zhang et al. 2025)","Data centre facility, hyperscale, Virginia (Zhang et al. 2025) (blended)",601.215,24,blended,0.601215,0.39878499999999995,601.215,398.78499999999997,0.0,,70309928.74019092,3,1600092000.0,961999311.7800001,638092688.2199999,,carbon_api
2025-01-24 00:30:00,blended,"Data centre facility, hyperscale, Virginia (Zhang et al. 2025)","Data centre facility, hyperscale, Virginia (Zhang et al. 2025) (blended)",601.215,31,blended,0.601215,0.39878499999999995,601.215,398.78499999999997,0.0,,77041892.0241046,3,1600092000.0,961999311.7800001,638092688.2199999,,carbon_api
2025-01-24 01:00:00,blended,"Data centre facility, hyperscale, Virginia (Zhang et al. 2025)","Data centre facility, hyperscale, Virginia (Zhang et al. 2025) (blended)",855.795,30,blended,0.855795,0.14420500000000003,855.795,144.20500000000004,0.0,,55148696.78226377,3,1600092000.0,1369350733.1399999,230741266.86000004,,carbon_api
2025-01-24 01:30:00,blended,"Data centre facility, hyperscale, Virginia (Zhang et al. 2025)","Data centre facility, hyperscale, Virginia (Zhang et al. 2025) (blended)",855.795,26,blended,0.855795,0.14420500000000003,855.795,144.20500000000004,0.0,,53148369.36226882,3,1600092000.0,1369350733.1399999,230741266.86000004,,carbon_api
2025-01-24 02:00:00,blended,"Data centre facility, hyperscale, Virginia (Zhang et al. 2025)","Data centre facility, hyperscale, Virginia (Zhang et al. 2025) (blended)",947.756,25,blended,0.9477559999999999,0.05224400000000007,947.756,52.24400000000007,0.0,,47350161.509081066,3,1600092000.0,1516496793.5519998,83595206.4480001,,carbon_api
2025-01-24 02:30:00,blended,"Data centre facility, hyperscale, Virginia (Zhang et al. 2025)","Data centre facility, hyperscale, Virginia (Zhang et al. 2025) (blended)",947.756,22,blended,0.9477559999999999,0.05224400000000007,947.756,52.24400000000007,0.0,,47021563.71766376,3,1600092000.0,1516496793.5519998,83595206.4480001,,carbon_api
2025-01-24 03:00:00,blended,"Data centre facility, hyperscale, Virginia (Zhang et al. 2025)","Data centre facility, hyperscale, Virginia (Zhang et al. 2025) (blended)",971.233,27,blended,0.9712329999999999,0.028767000000000098,971.233,28.7670000000001,0.0,,46070930.77862416,3,1600092000.0,1554062153.4359999,46029846.56400016,,carbon_api
2025-01-24 03:30:00,blended,"Data centre facility, hyperscale, Virginia (Zhang et al. 2025)","Data centre facility, hyperscale, Virginia (Zhang et al. 2025) (blended)",971.233,30,blended,0.9712329999999999,0.028767000000000098,971.233,28.7670000000001,0.0,,46171656.07950692,3,1600092000.0,1554062153.4359999,46029846.56400016,,carbon_api
2025-01-24 04:00:00,blended,"Data centre facility, hyperscale, Virginia (Zhang et al. 2025)","Data centre facility, hyperscale, Virginia (Zhang et al. 2025) (blended)",985.634,30,blended,0.985634,0.01436599999999999,985.634,14.365999999999989,0.0,,45197203.30168463,3,1600092000.0,1577105078.328,22986921.671999983,,carbon_api
2025-01-24 04:30:00,blended,"Data centre facility, hyperscale, Virginia (Zhang et al. 2025)","Data centre facility, hyperscale, Virginia (Zhang et al. 2025) (blended)",985.634,33,blended,0.985634,0.01436599999999999,985.634,14.365999999999989,0.0,,45274212.43373482,3,1600092000.0,1577105078.328,22986921.671999983,,carbon_api
2025-01-24 05:00:00,blended,"Data centre facility, hyperscale, Virginia (Zhang et al. 2025)","Data centre facility, hyperscale, Virginia (Zhang et al. 2025) (blended)",991.009,39,blended,0.991009,0.008990999999999971,991.009,8.990999999999971,0.0,,44976248.853435025,3,1600092000.0,1585705572.828,14386427.171999954,,carbon_api
2025-01-24 05:30:00,blended,"Data centre facility, hyperscale, Virginia (Zhang et al. 2025)","Data centre facility, hyperscale, Virginia (Zhang et al. 2025) (blended)",991.009,46,blended,0.991009,0.008990999999999971,991.009,8.990999999999971,0.0,,45247531.457053095,3,1600092000.0,1585705572.828,14386427.171999954,,carbon_api
2025-01-24 06:00:00,blended,"Data centre facility, hyperscale, Virginia (Zhang et al. 2025)","Data centre facility, hyperscale, Virginia (Zhang et al. 2025) (blended)",991.343,65,blended,0.991343,0.008657000000000026,991.343,8.657000000000025,0.0,,45571051.54758355,3,1600092000.0,1586240003.556,13851996.444000041,,carbon_api
2025-01-24 06:30:00,blended,"Data centre facility, hyperscale, Virginia (Zhang et al. 2025)","Data centre facility, hyperscale, Virginia (Zhang et al. 2025) (blended)",991.343,80,blended,0.991343,0.008657000000000026,991.343,8.657000000000025,0.0,,45886797.702210575,3,1600092000.0,1586240003.556,13851996.444000041,,carbon_api
2025-01-24 07:00:00,blended,"Data centre facility, hyperscale, Virginia (Zhang et al. 2025)","Data centre facility, hyperscale, Virginia (Zhang et al. 2025) (blended)",985.624,87,blended,0.9856240000000001,0.014375999999999944,985.624,14.375999999999944,0.0,,47194776.30292374,3,1600092000.0,1577089077.408,23002922.59199991,,carbon_api
2025-01-24 07:30:00,blended,"Data centre facility, hyperscale, Virginia (Zhang et al. 2025)","Data centre facility, hyperscale, Virginia (Zhang et al. 2025) (blended)",985.624,93,blended,0.9856240000000001,0.014375999999999944,985.624,14.375999999999944,0.0,,47304148.88693231,3,1600092000.0,1577089077.408,23002922.59199991,,carbon_api
2025-01-24 08:00:00,blended,"Data centre facility, hyperscale, Virginia (Zhang et al. 2025)","Data centre facility, hyperscale, Virginia (Zhang et al. 2025) (blended)",958.809,101,blended,0.958809,0.04119099999999998,958.809,41.190999999999974,0.0,,53902711.65675617,3,1600092000.0,1534182610.428,65909389.57199997,,carbon_api
2025-01-24 08:30:00,blended,"Data centre facility, hyperscale, Virginia (Zhang et al. 2025)","Data centre facility, hyperscale, Virginia (Zhang et al. 2025) (blended)",958.809,103,blended,0.958809,0.04119099999999998,958.809,41.190999999999974,0.0,,54239310.33298925,3,1600092000.0,1534182610.428,65909389.57199997,,carbon_api
2025-01-24 09:00:00,blended,"Data centre facility, hyperscale, Virginia (Zhang et al. 2025)","Data centre facility, hyperscale, Virginia (Zhang et al. 2025) (blended)",923.765,102,blended,0.923765,0.07623500000000005,923.765,76.23500000000006,0.0,,62826411.43052589,3,1600092000.0,1478108986.3799999,121983013.62000008,,carbon_api
2025-01-24 09:30:00,blended,"Data centre facility, hyperscale, Virginia (Zhang et al. 2025)","Data centre facility, hyperscale, Virginia (Zhang et al. 2025) (blended)",923.765,99,blended,0.923765,0.07623500000000005,923.765,76.23500000000006,0.0,,62574729.029702276,3,1600092000.0,1478108986.3799999,121983013.62000008,,carbon_api
2025-01-24 10:00:00,blended,"Data centre facility, hyperscale, Virginia (Zhang et al. 2025)","Data centre facility, hyperscale, Virginia (Zhang et al. 2025) (blended)",920.335,89,blended,0.920335,0.07966499999999999,920.335,79.66499999999999,0.0,,61848255.86574374,3,1600092000.0,1472620670.82,127471329.17999998,,carbon_api
2025-01-24 10:30:00,blended,"Data centre facility, hyperscale, Virginia (Zhang et al. 2025)","Data centre facility, hyperscale, Virginia (Zhang et al. 2025) (blended)",920.335,84,blended,0.920335,0.07966499999999999,920.335,79.66499999999999,0.0,,61135205.80024348,3,1600092000.0,1472620670.82,127471329.17999998,,carbon_api
2025-01-24 11:00:00,blended,"Data centre facility, hyperscale, Virginia (Zhang et al. 2025)","Data centre facility, hyperscale, Virginia (Zhang et al. 2025) (blended)",917.428,78,blended,0.917428,0.08257199999999998,917.428,82.57199999999997,0.0,,60534046.18741994,3,1600092000.0,1467969203.376,132122796.62399997,,carbon_api
2025-01-24 11:30:00,blended,"Data centre facility, hyperscale, Virginia (Zhang et al. 2025)","Data centre facility, hyperscale, Virginia (Zhang et al. 2025) (blended)",917.428,75,blended,0.917428,0.08257199999999998,917.428,82.57199999999997,0.0,,60232510.48757216,3,1600092000.0,1467969203.376,132122796.62399997,,carbon_api
2025-01-24 12:00:00,blended,"Data centre facility, hyperscale, Virginia (Zhang et al. 2025)","Data centre facility, hyperscale, Virginia (Zhang et al. 2025) (blended)",921.208,69,blended,0.9212079999999999,0.07879200000000008,921.208,78.79200000000009,0.0,,59416550.11249542,3,1600092000.0,1474017551.136,126074448.86400014,,carbon_api
2025-01-24 12:30:00,blended,"Data centre facility, hyperscale, Virginia (Zhang et al. 2025)","Data centre facility, hyperscale, Virginia (Zhang et al. 2025) (blended)",921.208,68,blended,0.9212079999999999,0.07879200000000008,921.208,78.79200000000009,0.0,,59356069.15743712,3,1600092000.0,1474017551.136,126074448.86400014,,carbon_api
2025-01-24 13:00:00,blended,"Data centre facility, hyperscale, Virginia (Zhang et al. 2025)","Data centre facility, hyperscale, Virginia (Zhang et al. 2025) (blended)",907.046,71,blended,0.907046,0.09295399999999998,907.046,92.95399999999998,0.0,,62970262.601553604,3,1600092000.0,1451357048.232,148734951.76799998,,carbon_api
2025-01-24 13:30:00,blended,"Data centre facility, hyperscale, Virginia (Zhang et al. 2025)","Data centre facility, hyperscale, Virginia (Zhang et al. 2025) (blended)",907.046,80,blended,0.907046,0.09295399999999998,907.046,92.95399999999998,0.0,,64657540.88723339,3,1600092000.0,1451357048.232,148734951.76799998,,carbon_api
2025-01-24 14:00:00,blended,"Data centre facility, hyperscale, Virginia (Zhang et al. 2025)","Data centre facility, hyperscale, Virginia (Zhang et al. 2025) (blended)",855.806,84,blended,0.8558060000000001,0.14419399999999993,855.806,144.19399999999993,0.0,,77314185.54391195,3,1600092000.0,1369368334.1520002,230723665.8479999,,carbon_api
2025-01-24 14:30:00,blended,"Data centre facility, hyperscale, Virginia (Zhang et al. 2025)","Data centre facility, hyperscale, Virginia (Zhang et al. 2025) (blended)",855.806,86,blended,0.8558060000000001,0.14419399999999993,855.806,144.19399999999993,0.0,,78925650.4833775,3,1600092000.0,1369368334.1520002,230723665.8479999,,carbon_api
2025-01-24 15:00:00,blended,"Data centre facility, hyperscale, Virginia (Zhang et al. 2025)","Data centre facility, hyperscale, Virginia (Zhang et al. 2025) (blended)",777.862,88,blended,0.7778619999999999,0.22213800000000006,777.862,222.13800000000006,0.0,,98193841.49868053,3,1600092000.0,1244650763.304,355441236.6960001,,carbon_api
2025-01-24 15:30:00,blended,"Data centre facility, hyperscale, Virginia (Zhang et al. 2025)","Data centre facility, hyperscale, Virginia (Zhang et al. 2025) (blended)",777.862,97,blended,0.7778619999999999,0.22213800000000006,777.862,222.13800000000006,0.0,,101536502.99319059,3,1600092000.0,1244650763.304,355441236.6960001,,carbon_api
2025-01-24 16:00:00,blended,"Data centre facility, hyperscale, Virginia (Zhang et al. 2025)","Data centre facility, hyperscale, Virginia (Zhang et al. 2025) (blended)",655.049,105,blended,0.655049,0.344951,655.049,344.951,0.0,,137262381.92363465,3,1600092000.0,1048138664.508,551953335.492,,carbon_api
2025-01-24 16:30:00,blended,"Data centre facility, hyperscale, Virginia (Zhang et al. 2025)","Data centre facility, hyperscale, Virginia (Zhang et al. 2025) (blended)",655.049,109,blended,0.655049,0.344951,655.049,344.951,0.0,,138589550.678785,3,1600092000.0,1048138664.508,551953335.492,,carbon_api
2025-01-24 17:00:00,blended,"Data centre facility, hyperscale, Virginia (Zhang et al. 2025)","Data centre facility, hyperscale, Virginia (Zhang et al. 2025) (blended)",513.633,120,blended,0.513633,0.486367,513.633,486.367,0.0,,184144689.6826588,3,1600092000.0,821860054.2360001,778231945.7639999,,carbon_api
2025-01-24 17:30:00,blended,"Data centre facility, hyperscale, Virginia (Zhang et al. 2025)","Data centre facility, hyperscale, Virginia (Zhang et al. 2025) (blended)",513.633,126,blended,0.513633,0.486367,513.633,486.367,0.0,,184366893.19176552,3,1600092000.0,821860054.2360001,778231945.7639999,,carbon_api
2025-01-24 18:00:00,blended,"Data centre facility, hyperscale, Virginia (Zhang et al. 2025)","Data centre facility, hyperscale, Virginia (Zhang et al. 2025) (blended)",482.275,123,blended,0.48227499999999995,0.517725,482.275,517.725,0.0,,186417513.48785415,3,1600092000.0,771684369.3,828407630.6999999,,carbon_api
2025-01-24 18:30:00,blended,"Data centre facility, hyperscale, Virginia (Zhang et al. 2025)","Data centre facility, hyperscale, Virginia (Zhang et al. 2025) (blended)",482.275,113,blended,0.48227499999999995,0.517725,482.275,517.725,0.0,,175000950.5006518,3,1600092000.0,771684369.3,828407630.6999999,,carbon_api
2025-01-24 19:00:00,blended,"Data centre facility, hyperscale, Virginia (Zhang et al. 2025)","Data centre facility, hyperscale, Virginia (Zhang et al. 2025) (blended)",473.404,110,blended,0.473404,0.5265960000000001,473.404,526.5960000000001,0.0,,173861530.64603272,3,1600092000.0,757489953.168,842602046.8320001,,carbon_api
2025-01-24 19:30:00,blended,"Data centre facility, hyperscale, Virginia (Zhang et al. 2025)","Data centre facility, hyperscale, Virginia (Zhang et al. 2025) (blended)",473.404,96,blended,0.473404,0.5265960000000001,473.404,526.5960000000001,0.0,,159233168.95952332,3,1600092000.0,757489953.168,842602046.8320001,,carbon_api
2025-01-24 20:00:00,blended,"Data centre facility, hyperscale, Virginia (Zhang et al. 2025)","Data centre facility, hyperscale, Virginia (Zhang et al. 2025) (blended)",475.952,83,blended,0.475952,0.5240480000000001,475.952,524.0480000000001,0.0,,143896028.8982578,3,1600092000.0,761566987.584,838525012.4160001,,carbon_api
2025-01-24 20:30:00,blended,"Data centre facility, hyperscale, Virginia (Zhang et al. 2025)","Data centre facility, hyperscale, Virginia (Zhang et al. 2025) (blended)",475.952,70,blended,0.475952,0.5240480000000001,475.952,524.0480000000001,0.0,,128195743.89943516,3,1600092000.0,761566987.584,838525012.4160001,,carbon_api
2025-01-24 21:00:00,blended,"Data centre facility, hyperscale, Virginia (Zhang et al. 2025)","Data centre facility, hyperscale, Virginia (Zhang et al. 2025) (blended)",485.058,58,blended,0.485058,0.514942,485.058,514.942,0.0,,115052562.88285628,3,1600092000.0,776137425.336,823954574.664,,carbon_api
2025-01-24 21:30:00,blended,"Data centre facility, hyperscale, Virginia (Zhang et al. 2025)","Data centre facility, hyperscale, Virginia (Zhang et al. 2025) (blended)",485.058,59,blended,0.485058,0.514942,485.058,514.942,0.0,,113001841.15570846,3,1600092000.0,776137425.336,823954574.664,,carbon_api
2025-01-24 22:00:00,blended,"Data centre facility, hyperscale, Virginia (Zhang et al. 2025)","Data centre facility, hyperscale, Virginia (Zhang et al. 2025) (blended)",491.101,52,blended,0.491101,0.508899,491.101,508.899,0.0,,107106367.57279578,3,1600092000.0,785806781.292,814285218.708,,carbon_api
2025-01-24 22:30:00,blended,"Data centre facility, hyperscale, Virginia (Zhang et al. 2025)","Data centre facility, hyperscale, Virginia (Zhang et al. 2025) (blended)",491.101,42,blended,0.491101,0.508899,491.101,508.899,0.0,,95593275.24382696,3,1600092000.0,785806781.292,814285218.708,,carbon_api
2025-01-24 23:00:00,blended,"Data centre facility, hyperscale, Virginia (Zhang et al. 2025)","Data centre facility, hyperscale, Virginia (Zhang et al. 2025) (blended)",441.522,42,blended,0.44152199999999997,0.558478,441.522,558.4780000000001,0.0,,102747461.82016006,3,1600092000.0,706475820.0239999,893616179.9760001,,carbon_api
2025-01-24 23:30:00,blended,"Data centre facility, hyperscale, Virginia (Zhang et al. 2025)","Data centre facility, hyperscale, Virginia (Zhang et al. 2025) (blended)",441.522,57,blended,0.44152199999999997,0.558478,441.522,558.4780000000001,0.0,,149177498.22519618,3,1600092000.0,706475820.0239999,893616179.9760001,,carbon_api
2025-01-25 00:00:00,blended,"Data centre facility, hyperscale, Virginia (Zhang et al. 2025)","Data centre facility, hyperscale, Virginia (Zhang et al. 2025) (blended)",346.772,59,blended,0.34677199999999997,0.653228,346.772,653.2280000000001,0.0,,169865699.4258812,3,1600092000.0,554867103.0239999,1045224896.9760001,,carbon_api
2025-01-25 00:30:00,blended,"Data centre facility, hyperscale, Virginia (Zhang et al. 2025)","Data centre facility, hyperscale, Virginia (Zhang et al. 2025) (blended)",346.772,61,blended,0.34677199999999997,0.653228,346.772,653.2280000000001,0.0,,174738770.56683978,3,1600092000.0,554867103.0239999,1045224896.9760001,,carbon_api
2025-01-25 01:00:00,blended,"Data centre facility, hyperscale, Virginia (Zhang et al. 2025)","Data centre facility, hyperscale, Virginia (Zhang et al. 2025) (blended)",251.139,71,blended,0.251139,0.748861,251.139,748.861,0.0,,212874798.32262436,3,1600092000.0,401845504.788,1198246495.212,,carbon_api
2025-01-25 01:30:00,blended,"Data centre facility, hyperscale, Virginia (Zhang et al. 2025)","Data centre facility, hyperscale, Virginia (Zhang et al. 2025) (blended)",251.139,75,blended,0.251139,0.748861,251.139,748.861,0.0,,218702009.60471892,3,1600092000.0,401845504.788,1198246495.212,,carbon_api
2025-01-25 02:00:00,blended,"Data centre facility, hyperscale, Virginia (Zhang et al. 2025)","Data centre facility, hyperscale, Virginia (Zhang et al. 2025) (blended)",183.274,81,blended,0.183274,0.8167260000000001,183.274,816.7260000000001,0.0,,247408961.73274684,3,1600092000.0,293255261.208,1306836738.792,,carbon_api
2025-01-25 02:30:00,blended,"Data centre facility, hyperscale, Virginia (Zhang et al. 2025)","Data centre facility, hyperscale, Virginia (Zhang et al. 2025) (blended)",183.274,86,blended,0.183274,0.8167260000000001,183.274,816.7260000000001,0.0,,258211659.2989436,3,1600092000.0,293255261.208,1306836738.792,,carbon_api
2025-01-25 03:00:00,blended,"Data centre facility, hyperscale, Virginia (Zhang et al. 2025)","Data centre facility, hyperscale, Virginia (Zhang et al. 2025) (blended)",172.026,94,blended,0.172026,0.827974,172.026,827.9739999999999,0.0,,276324092.0989301,3,1600092000.0,275257426.392,1324834573.608,,carbon_api
2025-01-25 03:30:00,blended,"Data centre facility, hyperscale, Virginia (Zhang et al. 2025)","Data centre facility, hyperscale, Virginia (Zhang et al. 2025) (blended)",172.026,91,blended,0.172026,0.827974,172.026,827.9739999999999,0.0,,272866005.2032715,3,1600092000.0,275257426.392,1324834573.608,,carbon_api
2025-01-25 04:00:00,blended,"Data centre facility, hyperscale, Virginia (Zhang et al. 2025)","Data centre facility, hyperscale, Virginia (Zhang et al. 2025) (blended)",155.351,84,blended,0.155351,0.844649,155.351,844.649,0.0,,264658565.16245946,3,1600092000.0,248575892.292,1351516107.708,,carbon_api
2025-01-25 04:30:00,blended,"Data centre facility, hyperscale, Virginia (Zhang et al. 2025)","Data centre facility, hyperscale, Virginia (Zhang et al. 2025) (blended)",155.351,92,blended,0.155351,0.844649,155.351,844.649,0.0,,273403806.870992,3,1600092000.0,248575892.292,1351516107.708,,carbon_api
2025-01-25 05:00:00,blended,"Data centre facility, hyperscale, Virginia (Zhang et al. 2025)","Data centre facility, hyperscale, Virginia (Zhang et al. 2025) (blended)",193.177,95,blended,0.193177,0.8068230000000001,193.177,806.8230000000001,0.0,,267034514.63204598,3,1600092000.0,309100972.284,1290991027.716,,carbon_api
2025-01-25 05:30:00,blended,"Data centre facility, hyperscale, Virginia (Zhang et al. 2025)","Data centre facility, hyperscale, Virginia (Zhang et al. 2025) (blended)",193.177,104,blended,0.193177,0.8068230000000001,193.177,806.8230000000001,0.0,,285669412.65612894,3,1600092000.0,309100972.284,1290991027.716,,carbon_api
2025-01-25 06:00:00,blended,"Data centre facility, hyperscale, Virginia (Zhang et al. 2025)","Data centre facility, hyperscale, Virginia (Zhang et al. 2025) (blended)",254.881,106,blended,0.254881,0.745119,254.88100000000003,745.119,0.0,,268791562.8587145,3,1600092000.0,407833049.05200005,1192258950.948,,carbon_api
2025-01-25 06:30:00,blended,"Data centre facility, hyperscale, Virginia (Zhang et al. 2025)","Data centre facility, hyperscale, Virginia (Zhang et al. 2025) (blended)",254.881,118,blended,0.254881,0.745119,254.88100000000003,745.119,0.0,,277051192.08346343,3,1600092000.0,407833049.05200005,1192258950.948,,carbon_api
2025-01-25 07:00:00,blended,"Data centre facility, hyperscale, Virginia (Zhang et al. 2025)","Data centre facility, hyperscale, Virginia (Zhang et al. 2025) (blended)",227.32,110,blended,0.22732,0.77268,227.32,772.6800000000001,0.0,,268338266.4623422,3,1600092000.0,363732913.44,1236359086.56,,carbon_api
2025-01-25 07:30:00,blended,"Data centre facility, hyperscale, Virginia (Zhang et al. 2025)","Data centre facility, hyperscale, Virginia (Zhang et al. 2025) (blended)",227.32,118,blended,0.22732,0.77268,227.32,772.6800000000001,0.0,,289198317.246857,3,1600092000.0,363732913.44,1236359086.56,,carbon_api
2025-01-25 08:00:00,blended,"Data centre facility, hyperscale, Virginia (Zhang et al. 2025)","Data centre facility, hyperscale, Virginia (Zhang et al. 2025) (blended)",238.473,118,blended,0.23847300000000002,0.761527,238.473,761.5269999999999,0.0,,284628448.9861641,3,1600092000.0,381578739.51600003,1218513260.484,,carbon_api
2025-01-25 08:30:00,blended,"Data centre facility, hyperscale, Virginia (Zhang et al. 2025)","Data centre facility, hyperscale, Virginia (Zhang et al. 2025) (blended)",238.473,120,blended,0.23847300000000002,0.761527,238.473,761.5269999999999,0.0,,292907311.19952416,3,1600092000.0,381578739.51600003,1218513260.484,,carbon_api
2025-01-25 09:00:00,blended,"Data centre facility, hyperscale, Virginia (Zhang et al. 2025)","Data centre facility, hyperscale, Virginia (Zhang et al. 2025) (blended)",219.696,120,blended,0.219696,0.780304,219.696,780.304,0.0,,300212230.615137,3,1600092000.0,351533812.032,1248558187.968,,carbon_api
2025-01-25 09:30:00,blended,"Data centre facility, hyperscale, Virginia (Zhang et al. 2025)","Data centre facility, hyperscale, Virginia (Zhang et al. 2025) (blended)",219.696,112,blended,0.219696,0.780304,219.696,780.304,0.0,,288988221.9887026,3,1600092000.0,351533812.032,1248558187.968,,carbon_api
2025-01-25 10:00:00,blended,"Data centre facility, hyperscale, Virginia (Zhang et al. 2025)","Data centre facility, hyperscale, Virginia (Zhang et al. 2025) (blended)",245.261,106,blended,0.245261,0.754739,245.261,754.739,0.0,,271049231.01292986,3,1600092000.0,392440164.012,1207651835.9880002,,carbon_api
2025-01-25 10:30:00,blended,"Data centre facility, hyperscale, Virginia (Zhang et al. 2025)","Data centre facility, hyperscale, Virginia (Zhang et al. 2025) (blended)",245.261,105,blended,0.245261,0.754739,245.261,754.739,0.0,,265687175.29948094,3,1600092000.0,392440164.012,1207651835.9880002,,carbon_api
2025-01-25 11:00:00,blended,"Data centre facility, hyperscale, Virginia (Zhang et al. 2025)","Data centre facility, hyperscale, Virginia (Zhang et al. 2025) (blended)",295.601,99,blended,0.295601,0.704399,295.601,704.399,0.0,,240927498.00116804,3,1600092000.0,472988795.292,1127103204.708,,carbon_api
2025-01-25 11:30:00,blended,"Data centre facility, hyperscale, Virginia (Zhang et al. 2025)","Data centre facility, hyperscale, Virginia (Zhang et al. 2025) (blended)",295.601,103,blended,0.295601,0.704399,295.601,704.399,0.0,,256185176.69568372,3,1600092000.0,472988795.292,1127103204.708,,carbon_api
2025-01-25 12:00:00,blended,"Data centre facility, hyperscale, Virginia (Zhang et al. 2025)","Data centre facility, hyperscale, Virginia (Zhang et al. 2025) (blended)",242.992,103,blended,0.24299199999999999,0.757008,242.992,757.008,0.0,,273547208.8322586,3,1600092000.0,388809555.264,1211282444.736,,carbon_api
2025-01-25 12:30:00,blended,"Data centre facility, hyperscale, Virginia (Zhang et al. 2025)","Data centre facility, hyperscale, Virginia (Zhang et al. 2025) (blended)",242.992,119,blended,0.24299199999999999,0.757008,242.992,757.008,0.0,,301246259.02334785,3,1600092000.0,388809555.264,1211282444.736,,carbon_api
2025-01-25 13:00:00,blended,"Data centre facility, hyperscale, Virginia (Zhang et al. 2025)","Data centre facility, hyperscale, Virginia (Zhang et al. 2025) (blended)",171.647,125,blended,0.171647,0.828353,171.647,828.353,0.0,,336495653.16834116,3,1600092000.0,274650991.524,1325441008.476,,carbon_api
2025-01-25 13:30:00,blended,"Data centre facility, hyperscale, Virginia (Zhang et al. 2025)","Data centre facility, hyperscale, Virginia (Zhang et al. 2025) (blended)",171.647,133,blended,0.171647,0.828353,171.647,828.353,0.0,,351115376.02460825,3,1600092000.0,274650991.524,1325441008.476,,carbon_api
2025-01-25 14:00:00,blended,"Data centre facility, hyperscale, Virginia (Zhang et al. 2025)","Data centre facility, hyperscale, Virginia (Zhang et al. 2025) (blended)",96.854,152,blended,0.096854,0.903146,96.854,903.146,0.0,,415402969.5889481,3,1600092000.0,154975310.568,1445116689.432,,carbon_api
2025-01-25 14:30:00,blended,"Data centre facility, hyperscale, Virginia (Zhang et al. 2025)","Data centre facility, hyperscale, Virginia (Zhang et al. 2025) (blended)",96.854,172,blended,0.096854,0.903146,96.854,903.146,0.0,,451377221.0265765,3,1600092000.0,154975310.568,1445116689.432,,carbon_api
2025-01-25 15:00:00,blended,"Data centre facility, hyperscale, Virginia (Zhang et al. 2025)","Data centre facility, hyperscale, Virginia (Zhang et al. 2025) (blended)",58.188,183,blended,0.058188000000000004,0.941812,58.188,941.812,0.0,,485779843.1454437,3,1600092000.0,93106153.296,1506985846.704,,carbon_api
2025-01-25 15:30:00,blended,"Data centre facility, hyperscale, Virginia (Zhang et al. 2025)","Data centre facility, hyperscale, Virginia (Zhang et al. 2025) (blended)",58.188,198,blended,0.058188000000000004,0.941812,58.188,941.812,0.0,,515819825.12981117,3,1600092000.0,93106153.296,1506985846.704,,carbon_api
2025-01-25 16:00:00,blended,"Data centre facility, hyperscale, Virginia (Zhang et al. 2025)","Data centre facility, hyperscale, Virginia (Zhang et al. 2025) (blended)",83.386,208,blended,0.083386,0.916614,83.386,916.614,0.0,,520932668.9552351,3,1600092000.0,133425271.51200001,1466666728.4880002,,carbon_api
2025-01-25 16:30:00,blended,"Data centre facility, hyperscale, Virginia (Zhang et al. 2025)","Data centre facility, hyperscale, Virginia (Zhang et al. 2025) (blended)",83.386,214,blended,0.083386,0.916614,83.386,916.614,0.0,,529712809.48107094,3,1600092000.0,133425271.51200001,1466666728.4880002,,carbon_api
2025-01-25 17:00:00,blended,"Data centre facility, hyperscale, Virginia (Zhang et al. 2025)","Data centre facility, hyperscale, Virginia (Zhang et al. 2025) (blended)",121.335,217,blended,0.121335,0.878665,121.335,878.6650000000001,0.0,,506697031.5207433,3,1600092000.0,194147162.82,1405944837.18,,carbon_api
2025-01-25 17:30:00,blended,"Data centre facility, hyperscale, Virginia (Zhang et al. 2025)","Data centre facility, hyperscale, Virginia (Zhang et al. 2025) (blended)",121.335,218,blended,0.121335,0.878665,121.335,878.6650000000001,0.0,,505244130.2653252,3,1600092000.0,194147162.82,1405944837.18,,carbon_api
2025-01-25 18:00:00,blended,"Data centre facility, hyperscale, Virginia (Zhang et al. 2025)","Data centre facility, hyperscale, Virginia (Zhang et al. 2025) (blended)",141.193,224,blended,0.141193,0.858807,141.193,858.807,0.0,,498058318.10066473,3,1600092000.0,225921789.756,1374170210.244,,carbon_api
2025-01-25 18:30:00,blended,"Data centre facility, hyperscale, Virginia (Zhang et al. 2025)","Data centre facility, hyperscale, Virginia (Zhang et al. 2025) (blended)",141.193,214,blended,0.141193,0.858807,141.193,858.807,0.0,,477401088.06783,3,1600092000.0,225921789.756,1374170210.244,,carbon_api
2025-01-25 19:00:00,blended,"Data centre facility, hyperscale, Virginia (Zhang et al. 2025)","Data centre facility, hyperscale, Virginia (Zhang et al. 2025) (blended)",149.581,211,blended,0.149581,0.850419,149.581,850.419,0.0,,460114603.3765584,3,1600092000.0,239343361.452,1360748638.548,,carbon_api
2025-01-25 19:30:00,blended,"Data centre facility, hyperscale, Virginia (Zhang et al. 2025)","Data centre facility, hyperscale, Virginia (Zhang et al. 2025) (blended)",149.581,207,blended,0.149581,0.850419,149.581,850.419,0.0,,444451125.98701024,3,1600092000.0,239343361.452,1360748638.548,,carbon_api
2025-01-25 20:00:00,blended,"Data centre facility, hyperscale, Virginia (Zhang et al. 2025)","Data centre facility, hyperscale, Virginia (Zhang et al. 2025) (blended)",154.561,204,blended,0.154561,0.845439,154.561,845.4390000000001,0.0,,428793564.20109516,3,1600092000.0,247311819.61200002,1352780180.388,,carbon_api
2025-01-25 20:30:00,blended,"Data centre facility, hyperscale, Virginia (Zhang et al. 2025)","Data centre facility, hyperscale, Virginia (Zhang et al. 2025) (blended)",154.561,193,blended,0.154561,0.845439,154.561,845.4390000000001,0.0,,407356284.1641156,3,1600092000.0,247311819.61200002,1352780180.388,,carbon_api
2025-01-25 21:00:00,blended,"Data centre facility, hyperscale, Virginia (Zhang et al. 2025)","Data centre facility, hyperscale, Virginia (Zhang et al. 2025) (blended)",179.447,183,blended,0.179447,0.820553,179.447,820.553,0.0,,377589575.2133653,3,1600092000.0,287131709.124,1312960290.876,,carbon_api
2025-01-25 21:30:00,blended,"Data centre facility, hyperscale, Virginia (Zhang et al. 2025)","Data centre facility, hyperscale, Virginia (Zhang et al. 2025) (blended)",179.447,176,blended,0.179447,0.820553,179.447,820.553,0.0,,363955922.3056332,3,1600092000.0,287131709.124,1312960290.876,,carbon_api
2025-01-25 22:00:00,blended,"Data centre facility, hyperscale, Virginia (Zhang et al. 2025)","Data centre facility, hyperscale, Virginia (Zhang et al. 2025) (blended)",237.918,165,blended,0.23791800000000002,0.7620819999999999,237.918,762.0819999999999,0.0,,321407990.10641944,3,1600092000.0,380690688.45600003,1219401311.544,,carbon_api
2025-01-25 22:30:00,blended,"Data centre facility, hyperscale, Virginia (Zhang et al. 2025)","Data centre facility, hyperscale, Virginia (Zhang et al. 2025) (blended)",237.918,143,blended,0.23791800000000002,0.7620819999999999,237.918,762.0819999999999,0.0,,284459229.4240174,3,1600092000.0,380690688.45600003,1219401311.544,,carbon_api
2025-01-25 23:00:00,blended,"Data centre facility, hyperscale, Virginia (Zhang et al. 2025)","Data centre facility, hyperscale, Virginia (Zhang et al. 2025) (blended)",310.352,136,blended,0.31035199999999996,0.689648,310.352,689.648,0.0,,254012536.5432197,3,1600092000.0,496591752.38399994,1103500247.6160002,,carbon_api
2025-01-25 23:30:00,blended,"Data centre facility, hyperscale, Virginia (Zhang et al. 2025)","Data centre facility, hyperscale, Virginia (Zhang et al. 2025) (blended)",310.352,150,blended,0.31035199999999996,0.689648,310.352,689.648,0.0,,280835162.3478431,3,1600092000.0,496591752.38399994,1103500247.6160002,,carbon_api
2025-01-26 00:00:00,blended,"Data centre facility, hyperscale, Virginia (Zhang et al. 2025)","Data centre facility, hyperscale, Virginia (Zhang et al. 2025) (blended)",379.224,144,blended,0.379224,0.620776,379.224,620.776,0.0,,254217404.52582172,3,1600092000.0,606793288.608,993298711.392,,carbon_api
2025-01-26 00:30:00,blended,"Data centre facility, hyperscale, Virginia (Zhang et al. 2025)","Data centre facility, hyperscale, Virginia (Zhang et al. 2025) (blended)",379.224,140,blended,0.379224,0.620776,379.224,620.776,0.0,,247825522.14703962,3,1600092000.0,606793288.608,993298711.392,,carbon_api
2025-01-26 01:00:00,blended,"Data centre facility, hyperscale, Virginia (Zhang et al. 2025)","Data centre facility, hyperscale, Virginia (Zhang et al. 2025) (blended)",430.258,137,blended,0.430258,0.569742,430.258,569.742,0.0,,221956166.6154482,3,1600092000.0,688452383.736,911639616.2639999,,carbon_api
2025-01-26 01:30:00,blended,"Data centre facility, hyperscale, Virginia (Zhang et al. 2025)","Data centre facility, hyperscale, Virginia (Zhang et al. 2025) (blended)",430.258,137,blended,0.430258,0.569742,430.258,569.742,0.0,,223397362.29643518,3,1600092000.0,688452383.736,911639616.2639999,,carbon_api
2025-01-26 02:00:00,blended,"Data centre facility, hyperscale, Virginia (Zhang et al. 2025)","Data centre facility, hyperscale, Virginia (Zhang et al. 2025) (blended)",484.643,128,blended,0.484643,0.5153570000000001,484.643,515.3570000000001,0.0,,198543649.93316147,3,1600092000.0,775473387.156,824618612.8440001,,carbon_api
2025-01-26 02:30:00,blended,"Data centre facility, hyperscale, Virginia (Zhang et al. 2025)","Data centre facility, hyperscale, Virginia (Zhang et al. 2025) (blended)",484.643,120,blended,0.484643,0.5153570000000001,484.643,515.3570000000001,0.0,,194680659.64851856,3,1600092000.0,775473387.156,824618612.8440001,,carbon_api
2025-01-26 03:00:00,blended,"Data centre facility, hyperscale, Virginia (Zhang et al. 2025)","Data centre facility, hyperscale, Virginia (Zhang et al. 2025) (blended)",556.441,112,blended,0.5564410000000001,0.4435589999999999,556.441,443.5589999999999,0.0,,167672268.5868102,3,1600092000.0,890356792.5720001,709735207.4279999,,carbon_api
2025-01-26 03:30:00,blended,"Data centre facility, hyperscale, Virginia (Zhang et al. 2025)","Data centre facility, hyperscale, Virginia (Zhang et al. 2025) (blended)",556.441,109,blended,0.5564410000000001,0.4435589999999999,556.441,443.5589999999999,0.0,,168585069.60071394,3,1600092000.0,890356792.5720001,709735207.4279999,,carbon_api
2025-01-26 04:00:00,blended,"Data centre facility, hyperscale, Virginia (Zhang et al. 2025)","Data centre facility, hyperscale, Virginia (Zhang et al. 2025) (blended)",604.365,97,blended,0.604365,0.39563499999999996,604.365,395.63499999999993,0.0,,145203333.22784874,3,1600092000.0,967039601.58,633052398.42,,carbon_api
2025-01-26 04:30:00,blended,"Data centre facility, hyperscale, Virginia (Zhang et al. 2025)","Data centre facility, hyperscale, Virginia (Zhang et al. 2025) (blended)",604.365,85,blended,0.604365,0.39563499999999996,604.365,395.63499999999993,0.0,,143372042.37112817,3,1600092000.0,967039601.58,633052398.42,,carbon_api
2025-01-26 05:00:00,blended,"Data centre facility, hyperscale, Virginia (Zhang et al. 2025)","Data centre facility, hyperscale, Virginia (Zhang et al. 2025) (blended)",619.039,82,blended,0.619039,0.380961,619.039,380.961,0.0,,137954646.57802242,3,1600092000.0,990519351.588,609572648.412,,carbon_api
2025-01-26 05:30:00,blended,"Data centre facility, hyperscale, Virginia (Zhang et al. 2025)","Data centre facility, hyperscale, Virginia (Zhang et al. 2025) (blended)",619.039,81,blended,0.619039,0.380961,619.039,380.961,0.0,,135474148.7302271,3,1600092000.0,990519351.588,609572648.412,,carbon_api
2025-01-26 06:00:00,blended,"Data centre facility, hyperscale, Virginia (Zhang et al. 2025)","Data centre facility, hyperscale, Virginia (Zhang et al. 2025) (blended)",605.799,78,blended,0.605799,0.394201,605.799,394.201,0.0,,136127778.76826215,3,1600092000.0,969334133.508,630757866.492,,carbon_api
2025-01-26 06:30:00,blended,"Data centre facility, hyperscale, Virginia (Zhang et al. 2025)","Data centre facility, hyperscale, Virginia (Zhang et al. 2025) (blended)",605.799,80,blended,0.605799,0.394201,605.799,394.201,0.0,,137714325.78895098,3,1600092000.0,969334133.508,630757866.492,,carbon_api
2025-01-26 07:00:00,blended,"Data centre facility, hyperscale, Virginia (Zhang et al. 2025)","Data centre facility, hyperscale, Virginia (Zhang et al. 2025) (blended)",612.791,74,blended,0.6127910000000001,0.3872089999999999,612.791,387.2089999999999,0.0,,129106448.8523232,3,1600092000.0,980521976.7720002,619570023.2279998,,carbon_api
2025-01-26 07:30:00,blended,"Data centre facility, hyperscale, Virginia (Zhang et al. 2025)","Data centre facility, hyperscale, Virginia (Zhang et al. 2025) (blended)",612.791,71,blended,0.6127910000000001,0.3872089999999999,612.791,387.2089999999999,0.0,,124412138.6162023,3,1600092000.0,980521976.7720002,619570023.2279998,,carbon_api
2025-01-26 08:00:00,blended,"Data centre facility, hyperscale, Virginia (Zhang et al. 2025)","Data centre facility, hyperscale, Virginia (Zhang et al. 2025) (blended)",653.683,65,blended,0.653683,0.346317,653.683,346.317,0.0,,110485503.97197449,3,1600092000.0,1045952938.836,554139061.164,,carbon_api
2025-01-26 08:30:00,blended,"Data centre facility, hyperscale, Virginia (Zhang et al. 2025)","Data centre facility, hyperscale, Virginia (Zhang et al. 2025) (blended)",653.683,71,blended,0.653683,0.346317,653.683,346.317,0.0,,117398383.33211014,3,1600092000.0,1045952938.836,554139061.164,,carbon_api
2025-01-26 09:00:00,blended,"Data centre facility, hyperscale, Virginia (Zhang et al. 2025)","Data centre facility, hyperscale, Virginia (Zhang et al. 2025) (blended)",727.356,77,blended,0.727356,0.272644,727.356,272.644,0.0,,105563279.6038624,3,1600092000.0,1163836516.752,436255483.24799997,,carbon_api
2025-01-26 09:30:00,blended,"Data centre facility, hyperscale, Virginia (Zhang et al. 2025)","Data centre facility, hyperscale, Virginia (Zhang et al. 2025) (blended)",727.356,77,blended,0.727356,0.272644,727.356,272.644,0.0,,105042075.96206522,3,1600092000.0,1163836516.752,436255483.24799997,,carbon_api
2025-01-26 10:00:00,blended,"Data centre facility, hyperscale, Virginia (Zhang et al. 2025)","Data centre facility, hyperscale, Virginia (Zhang et al. 2025) (blended)",812.428,80,blended,0.812428,0.18757199999999996,812.428,187.57199999999997,0.0,,87620416.8851009,3,1600092000.0,1299959543.3760002,300132456.62399995,,carbon_api
2025-01-26 10:30:00,blended,"Data centre facility, hyperscale, Virginia (Zhang et al. 2025)","Data centre facility, hyperscale, Virginia (Zhang et al. 2025) (blended)",812.428,85,blended,0.812428,0.18757199999999996,812.428,187.57199999999997,0.0,,88956633.27291149,3,1600092000.0,1299959543.3760002,300132456.62399995,,carbon_api
2025-01-26 11:00:00,blended,"Data centre facility, hyperscale, Virginia (Zhang et al. 2025)","Data centre facility, hyperscale, Virginia (Zhang et al. 2025) (blended)",888.154,88,blended,0.888154,0.111846,888.154,111.846,0.0,,71657995.08261405,3,1600092000.0,1421128110.168,178963889.832,,carbon_api
2025-01-26 11:30:00,blended,"Data centre facility, hyperscale, Virginia (Zhang et al. 2025)","Data centre facility, hyperscale, Virginia (Zhang et al. 2025) (blended)",888.154,91,blended,0.888154,0.111846,888.154,111.846,0.0,,72342838.78685513,3,1600092000.0,1421128110.168,178963889.832,,carbon_api
2025-01-26 12:00:00,blended,"Data centre facility, hyperscale, Virginia (Zhang et al. 2025)","Data centre facility, hyperscale, Virginia (Zhang et al. 2025) (blended)",943.991,86,blended,0.943991,0.056008999999999975,943.991,56.00899999999997,0.0,,57639078.02751179,3,1600092000.0,1510472447.172,89619552.82799996,,carbon_api
2025-01-26 12:30:00,blended,"Data centre facility, hyperscale, Virginia (Zhang et al. 2025)","Data centre facility, hyperscale, Virginia (Zhang et al. 2025) (blended)",943.991,89,blended,0.943991,0.056008999999999975,943.991,56.00899999999997,0.0,,58039937.98722795,3,1600092000.0,1510472447.172,89619552.82799996,,carbon_api
2025-01-26 13:00:00,blended,"Data centre facility, hyperscale, Virginia (Zhang et al. 2025)","Data centre facility, hyperscale, Virginia (Zhang et al. 2025) (blended)",966.767,89,blended,0.966767,0.03323299999999996,966.767,33.232999999999954,0.0,,52390604.73962231,3,1600092000.0,1546916142.5640001,53175857.43599993,,carbon_api
2025-01-26 13:30:00,blended,"Data centre facility, hyperscale, Virginia (Zhang et al. 2025)","Data centre facility, hyperscale, Virginia (Zhang et al. 2025) (blended)",966.767,93,blended,0.966767,0.03323299999999996,966.767,33.232999999999954,0.0,,52676281.62163034,3,1600092000.0,1546916142.5640001,53175857.43599993,,carbon_api
2025-01-26 14:00:00,blended,"Data centre facility, hyperscale, Virginia (Zhang et al. 2025)","Data centre facility, hyperscale, Virginia (Zhang et al. 2025) (blended)",967.201,92,blended,0.967201,0.03279900000000002,967.201,32.79900000000002,0.0,,52522437.6422938,3,1600092000.0,1547610582.4919999,52481417.50800004,,carbon_api
2025-01-26 14:30:00,blended,"Data centre facility, hyperscale, Virginia (Zhang et al. 2025)","Data centre facility, hyperscale, Virginia (Zhang et al. 2025) (blended)",967.201,101,blended,0.967201,0.03279900000000002,967.201,32.79900000000002,0.0,,53169928.18930718,3,1600092000.0,1547610582.4919999,52481417.50800004,,carbon_api
2025-01-26 15:00:00,blended,"Data centre facility, hyperscale, Virginia (Zhang et al. 2025)","Data centre facility, hyperscale, Virginia (Zhang et al. 2025) (blended)",947.3,99,blended,0.9472999999999999,0.05270000000000008,947.3,52.70000000000008,0.0,,58388179.72503825,3,1600092000.0,1515767151.6,84324848.40000013,,carbon_api
2025-01-26 15:30:00,blended,"Data centre facility, hyperscale, Virginia (Zhang et al. 2025)","Data centre facility, hyperscale, Virginia (Zhang et al. 2025) (blended)",947.3,103,blended,0.9472999999999999,0.05270000000000008,947.3,52.70000000000008,0.0,,58781319.62189578,3,1600092000.0,1515767151.6,84324848.40000013,,carbon_api
2025-01-26 16:00:00,blended,"Data centre facility, hyperscale, Virginia (Zhang et al. 2025)","Data centre facility, hyperscale, Virginia (Zhang et al. 2025) (blended)",890.658,107,blended,0.8906580000000001,0.10934199999999994,890.658,109.34199999999994,0.0,,75484467.48487106,3,1600092000.0,1425134740.536,174957259.4639999,,carbon_api
2025-01-26 16:30:00,blended,"Data centre facility, hyperscale, Virginia (Zhang et al. 2025)","Data centre facility, hyperscale, Virginia (Zhang et al. 2025) (blended)",890.658,113,blended,0.8906580000000001,0.10934199999999994,890.658,109.34199999999994,0.0,,76651114.01921448,3,1600092000.0,1425134740.536,174957259.4639999,,carbon_api
2025-01-26 17:00:00,blended,"Data centre facility, hyperscale, Virginia (Zhang et al. 2025)","Data centre facility, hyperscale, Virginia (Zhang et al. 2025) (blended)",814.265,113,blended,0.814265,0.18573499999999998,814.265,185.73499999999999,0.0,,99084066.96893269,3,1600092000.0,1302898912.38,297193087.61999995,,carbon_api
2025-01-26 17:30:00,blended,"Data centre facility, hyperscale, Virginia (Zhang et al. 2025)","Data centre facility, hyperscale, Virginia (Zhang et al. 2025) (blended)",814.265,108,blended,0.814265,0.18573499999999998,814.265,185.73499999999999,0.0,,96993260.76511797,3,1600092000.0,1302898912.38,297193087.61999995,,carbon_api
2025-01-26 18:00:00,blended,"Data centre facility, hyperscale, Virginia (Zhang et al. 2025)","Data centre facility, hyperscale, Virginia (Zhang et al. 2025) (blended)",792.339,104,blended,0.792339,0.20766099999999998,792.339,207.66099999999997,0.0,,101079761.23295575,3,1600092000.0,1267815295.188,332276704.812,,carbon_api
2025-01-26 18:30:00,blended,"Data centre facility, hyperscale, Virginia (Zhang et al. 2025)","Data centre facility, hyperscale, Virginia (Zhang et al. 2025) (blended)",792.339,111,blended,0.792339,0.20766099999999998,792.339,207.66099999999997,0.0,,105224815.71483088,3,1600092000.0,1267815295.188,332276704.812,,carbon_api
2025-01-26 19:00:00,blended,"Data centre facility, hyperscale, Virginia (Zhang et al. 2025)","Data centre facility, hyperscale, Virginia (Zhang et al. 2025) (blended)",808.016,69,blended,0.808016,0.19198400000000004,808.016,191.98400000000004,0.0,,95641877.61204201,3,1600092000.0,1292899937.472,307192062.52800006,,carbon_api
2025-01-26 19:30:00,blended,"Data centre facility, hyperscale, Virginia (Zhang et al. 2025)","Data centre facility, hyperscale, Virginia (Zhang et al. 2025) (blended)",808.016,98,blended,0.808016,0.19198400000000004,808.016,191.98400000000004,0.0,,95017661.89077693,3,1600092000.0,1292899937.472,307192062.52800006,,carbon_api
2025-01-26 20:00:00,blended,"Data centre facility, hyperscale, Virginia (Zhang et al. 2025)","Data centre facility, hyperscale, Virginia (Zhang et al. 2025) (blended)",818.814,83,blended,0.8188139999999999,0.18118600000000007,818.814,181.18600000000006,0.0,,86474224.4846342,3,1600092000.0,1310177730.8879998,289914269.1120001,,carbon_api
2025-01-26 20:30:00,blended,"Data centre facility, hyperscale, Virginia (Zhang et al. 2025)","Data centre facility, hyperscale, Virginia (Zhang et al. 2025) (blended)",818.814,73,blended,0.8188139999999999,0.18118600000000007,818.814,181.18600000000006,0.0,,82686999.13878106,3,1600092000.0,1310177730.8879998,289914269.1120001,,carbon_api
2025-01-26 21:00:00,blended,"Data centre facility, hyperscale, Virginia (Zhang et al. 2025)","Data centre facility, hyperscale, Virginia (Zhang et al. 2025) (blended)",784.637,66,blended,0.7846369999999999,0.21536300000000008,784.637,215.36300000000008,0.0,,86771435.44145182,3,1600092000.0,1255491386.6039999,344600613.39600015,,carbon_api
2025-01-26 21:30:00,blended,"Data centre facility, hyperscale, Virginia (Zhang et al. 2025)","Data centre facility, hyperscale, Virginia (Zhang et al. 2025) (blended)",784.637,61,blended,0.7846369999999999,0.21536300000000008,784.637,215.36300000000008,0.0,,84589685.073371,3,1600092000.0,1255491386.6039999,344600613.39600015,,carbon_api
2025-01-26 22:00:00,blended,"Data centre facility, hyperscale, Virginia (Zhang et al. 2025)","Data centre facility, hyperscale, Virginia (Zhang et al. 2025) (blended)",793.099,47,blended,0.793099,0.206901,793.099,206.901,0.0,,76729387.61559448,3,1600092000.0,1269031365.108,331060634.892,,carbon_api
2025-01-26 22:30:00,blended,"Data centre facility, hyperscale, Virginia (Zhang et al. 2025)","Data centre facility, hyperscale, Virginia (Zhang et al. 2025) (blended)",793.099,52,blended,0.793099,0.206901,793.099,206.901,0.0,,79326094.1165953,3,1600092000.0,1269031365.108,331060634.892,,carbon_api
2025-01-26 23:00:00,blended,"Data centre facility, hyperscale, Virginia (Zhang et al. 2025)","Data centre facility, hyperscale, Virginia (Zhang et al. 2025) (blended)",755.763,48,blended,0.7557630000000001,0.24423699999999993,755.763,244.23699999999994,0.0,,83687636.78762603,3,1600092000.0,1209290330.196,390801669.8039999,,carbon_api
2025-01-26 23:30:00,blended,"Data centre facility, hyperscale, Virginia (Zhang et al. 2025)","Data centre facility, hyperscale, Virginia (Zhang et al. 2025) (blended)",755.763,48,blended,0.7557630000000001,0.24423699999999993,755.763,244.23699999999994,0.0,,79986188.59326424,3,1600092000.0,1209290330.196,390801669.8039999,,carbon_api
2025-01-27 00:00:00,blended,"Data centre facility, hyperscale, Virginia (Zhang et al. 2025)","Data centre facility, hyperscale, Virginia (Zhang et al. 2025) (blended)",653.057,61,blended,0.653057,0.346943,653.057,346.943,0.0,,105989114.83822194,3,1600092000.0,1044951281.244,555140718.756,,carbon_api
2025-01-27 00:30:00,blended,"Data centre facility, hyperscale, Virginia (Zhang et al. 2025)","Data centre facility, hyperscale, Virginia (Zhang et al. 2025) (blended)",653.057,62,blended,0.653057,0.346943,653.057,346.943,0.0,,107719941.02155429,3,1600092000.0,1044951281.244,555140718.756,,carbon_api
2025-01-27 01:00:00,blended,"Data centre facility, hyperscale, Virginia (Zhang et al. 2025)","Data centre facility, hyperscale, Virginia (Zhang et al. 2025) (blended)",570.89,63,blended,0.57089,0.42911,570.89,429.11,0.0,,123976895.96994796,3,1600092000.0,913476521.88,686615478.12,,carbon_api
2025-01-27 01:30:00,blended,"Data centre facility, hyperscale, Virginia (Zhang et al. 2025)","Data centre facility, hyperscale, Virginia (Zhang et al. 2025) (blended)",570.89,63,blended,0.57089,0.42911,570.89,429.11,0.0,,127615001.81897432,3,1600092000.0,913476521.88,686615478.12,,carbon_api
2025-01-27 02:00:00,blended,"Data centre facility, hyperscale, Virginia (Zhang et al. 2025)","Data centre facility, hyperscale, Virginia (Zhang et al. 2025) (blended)",494.896,59,blended,0.494896,0.505104,494.896,505.104,0.0,,137640657.52506384,3,1600092000.0,791879130.432,808212869.568,,carbon_api
2025-01-27 02:30:00,blended,"Data centre facility, hyperscale, Virginia (Zhang et al. 2025)","Data centre facility, hyperscale, Virginia (Zhang et al. 2025) (blended)",494.896,60,blended,0.494896,0.505104,494.896,505.104,0.0,,134490991.04044405,3,1600092000.0,791879130.432,808212869.568,,carbon_api
2025-01-27 03:00:00,blended,"Data centre facility, hyperscale, Virginia (Zhang et al. 2025)","Data centre facility, hyperscale, Virginia (Zhang et al. 2025) (blended)",592.016,58,blended,0.592016,0.407984,592.016,407.98400000000004,0.0,,115157487.96274334,3,1600092000.0,947280065.472,652811934.528,,carbon_api
2025-01-27 03:30:00,blended,"Data centre facility, hyperscale, Virginia (Zhang et al. 2025)","Data centre facility, hyperscale, Virginia (Zhang et al. 2025) (blended)",592.016,57,blended,0.592016,0.407984,592.016,407.98400000000004,0.0,,113595747.29335997,3,1600092000.0,947280065.472,652811934.528,,carbon_api
2025-01-27 04:00:00,blended,"Data centre facility, hyperscale, Virginia (Zhang et al. 2025)","Data centre facility, hyperscale, Virginia (Zhang et al. 2025) (blended)",749.875,59,blended,0.749875,0.25012500000000004,749.875,250.12500000000003,0.0,,87672719.3621144,3,1600092000.0,1199868988.5,400223011.50000006,,carbon_api
2025-01-27 04:30:00,blended,"Data centre facility, hyperscale, Virginia (Zhang et al. 2025)","Data centre facility, hyperscale, Virginia (Zhang et al. 2025) (blended)",749.875,51,blended,0.749875,0.25012500000000004,749.875,250.12500000000003,0.0,,81580834.54167335,3,1600092000.0,1199868988.5,400223011.50000006,,carbon_api
2025-01-27 05:00:00,blended,"Data centre facility, hyperscale, Virginia (Zhang et al. 2025)","Data centre facility, hyperscale, Virginia (Zhang et al. 2025) (blended)",785.356,55,blended,0.7853559999999999,0.21464400000000006,785.356,214.64400000000006,0.0,,79139800.73104605,3,1600092000.0,1256641852.7519999,343450147.2480001,,carbon_api
2025-01-27 05:30:00,blended,"Data centre facility, hyperscale, Virginia (Zhang et al. 2025)","Data centre facility, hyperscale, Virginia (Zhang et al. 2025) (blended)",785.356,67,blended,0.7853559999999999,0.21464400000000006,785.356,214.64400000000006,0.0,,87749140.64248408,3,1600092000.0,1256641852.7519999,343450147.2480001,,carbon_api
2025-01-27 06:00:00,blended,"Data centre facility, hyperscale, Virginia (Zhang et al. 2025)","Data centre facility, hyperscale, Virginia (Zhang et al. 2025) (blended)",829.54,87,blended,0.8295399999999999,0.17046000000000006,829.54,170.46000000000006,0.0,,86180252.8675544,3,1600092000.0,1327340317.6799998,272751682.3200001,,carbon_api
2025-01-27 06:30:00,blended,"Data centre facility, hyperscale, Virginia (Zhang et al. 2025)","Data centre facility, hyperscale, Virginia (Zhang et al. 2025) (blended)",829.54,93,blended,0.8295399999999999,0.17046000000000006,829.54,170.46000000000006,0.0,,86723831.30202216,3,1600092000.0,1327340317.6799998,272751682.3200001,,carbon_api
2025-01-27 07:00:00,blended,"Data centre facility, hyperscale, Virginia (Zhang et al. 2025)","Data centre facility, hyperscale, Virginia (Zhang et al. 2025) (blended)",866.095,93,blended,0.8660950000000001,0.13390499999999994,866.095,133.90499999999994,0.0,,77961452.78653443,3,1600092000.0,1385831680.74,214260319.2599999,,carbon_api
2025-01-27 07:30:00,blended,"Data centre facility, hyperscale, Virginia (Zhang et al. 2025)","Data centre facility, hyperscale, Virginia (Zhang et al. 2025) (blended)",866.095,103,blended,0.8660950000000001,0.13390499999999994,866.095,133.90499999999994,0.0,,80837622.30080098,3,1600092000.0,1385831680.74,214260319.2599999,,carbon_api
2025-01-27 08:00:00,blended,"Data centre facility, hyperscale, Virginia (Zhang et al. 2025)","Data centre facility, hyperscale, Virginia (Zhang et al. 2025) (blended)",897.191,102,blended,0.8971910000000001,0.10280899999999993,897.191,102.80899999999993,0.0,,71951024.92587434,3,1600092000.0,1435588141.572,164503858.42799988,,carbon_api
2025-01-27 08:30:00,blended,"Data centre facility, hyperscale, Virginia (Zhang et al. 2025)","Data centre facility, hyperscale, Virginia (Zhang et al. 2025) (blended)",897.191,102,blended,0.8971910000000001,0.10280899999999993,897.191,102.80899999999993,0.0,,72160768.70940843,3,1600092000.0,1435588141.572,164503858.42799988,,carbon_api
2025-01-27 09:00:00,blended,"Data centre facility, hyperscale, Virginia (Zhang et al. 2025)","Data centre facility, hyperscale, Virginia (Zhang et al. 2025) (blended)",927.221,95,blended,0.927221,0.07277900000000004,927.221,72.77900000000004,0.0,,62878012.36901183,3,1600092000.0,1483638904.332,116453095.66800006,,carbon_api
2025-01-27 09:30:00,blended,"Data centre facility, hyperscale, Virginia (Zhang et al. 2025)","Data centre facility, hyperscale, Virginia (Zhang et al. 2025) (blended)",927.221,91,blended,0.927221,0.07277900000000004,927.221,72.77900000000004,0.0,,62268075.03176555,3,1600092000.0,1483638904.332,116453095.66800006,,carbon_api
2025-01-27 10:00:00,blended,"Data centre facility, hyperscale, Virginia (Zhang et al. 2025)","Data centre facility, hyperscale, Virginia (Zhang et al. 2025) (blended)",941.667,83,blended,0.941667,0.05833299999999997,941.667,58.33299999999997,0.0,,57708003.83895639,3,1600092000.0,1506753833.364,93338166.63599995,,carbon_api
2025-01-27 10:30:00,blended,"Data centre facility, hyperscale, Virginia (Zhang et al. 2025)","Data centre facility, hyperscale, Virginia (Zhang et al. 2025) (blended)",941.667,77,blended,0.941667,0.05833299999999997,941.667,58.33299999999997,0.0,,56972532.25224506,3,1600092000.0,1506753833.364,93338166.63599995,,carbon_api
2025-01-27 11:00:00,blended,"Data centre facility, hyperscale, Virginia (Zhang et al. 2025)","Data centre facility, hyperscale, Virginia (Zhang et al. 2025) (blended)",949.336,73,blended,0.949336,0.05066400000000004,949.336,50.664000000000044,0.0,,54842413.33805995,3,1600092000.0,1519024938.912,81067061.08800007,,carbon_api
2025-01-27 11:30:00,blended,"Data centre facility, hyperscale, Virginia (Zhang et al. 2025)","Data centre facility, hyperscale, Virginia (Zhang et al. 2025) (blended)",949.336,81,blended,0.949336,0.05066400000000004,949.336,50.664000000000044,0.0,,55819492.674663424,3,1600092000.0,1519024938.912,81067061.08800007,,carbon_api
2025-01-27 12:00:00,blended,"Data centre facility, hyperscale, Virginia (Zhang et al. 2025)","Data centre facility, hyperscale, Virginia (Zhang et al. 2025) (blended)",948.014,84,blended,0.948014,0.05198599999999998,948.014,51.985999999999976,0.0,,56475768.20918359,3,1600092000.0,1516909617.288,83182382.71199997,,carbon_api
2025-01-27 12:30:00,blended,"Data centre facility, hyperscale, Virginia (Zhang et al. 2025)","Data centre facility, hyperscale, Virginia (Zhang et al. 2025) (blended)",948.014,83,blended,0.948014,0.05198599999999998,948.014,51.985999999999976,0.0,,56401924.13411817,3,1600092000.0,1516909617.288,83182382.71199997,,carbon_api
2025-01-27 13:00:00,blended,"Data centre facility, hyperscale, Virginia (Zhang et al. 2025)","Data centre facility, hyperscale, Virginia (Zhang et al. 2025) (blended)",935.811,83,blended,0.9358110000000001,0.06418899999999994,935.811,64.18899999999994,0.0,,59107250.18314535,3,1600092000.0,1497383694.612,102708305.3879999,,carbon_api
2025-01-27 13:30:00,blended,"Data centre facility, hyperscale, Virginia (Zhang et al. 2025)","Data centre facility, hyperscale, Virginia (Zhang et al. 2025) (blended)",935.811,84,blended,0.9358110000000001,0.06418899999999994,935.811,64.18899999999994,0.0,,59211848.34576129,3,1600092000.0,1497383694.612,102708305.3879999,,carbon_api
2025-01-27 14:00:00,blended,"Data centre facility, hyperscale, Virginia (Zhang et al. 2025)","Data centre facility, hyperscale, Virginia (Zhang et al. 2025) (blended)",914.383,92,blended,0.9143830000000001,0.08561699999999994,914.383,85.61699999999995,0.0,,65541160.13402454,3,1600092000.0,1463096923.236,136995076.7639999,,carbon_api
2025-01-27 14:30:00,blended,"Data centre facility, hyperscale, Virginia (Zhang et al. 2025)","Data centre facility, hyperscale, Virginia (Zhang et al. 2025) (blended)",914.383,98,blended,0.9143830000000001,0.08561699999999994,914.383,85.61699999999995,0.0,,66736868.823336735,3,1600092000.0,1463096923.236,136995076.7639999,,carbon_api
2025-01-27 15:00:00,blended,"Data centre facility, hyperscale, Virginia (Zhang et al. 2025)","Data centre facility, hyperscale, Virginia (Zhang et al. 2025) (blended)",906.549,105,blended,0.9065489999999999,0.09345100000000006,906.549,93.45100000000006,0.0,,70101562.69701824,3,1600092000.0,1450561802.508,149530197.4920001,,carbon_api
2025-01-27 15:30:00,blended,"Data centre facility, hyperscale, Virginia (Zhang et al. 2025)","Data centre facility, hyperscale, Virginia (Zhang et al. 2025) (blended)",906.549,107,blended,0.9065489999999999,0.09345100000000006,906.549,93.45100000000006,0.0,,70361854.6824702,3,1600092000.0,1450561802.508,149530197.4920001,,carbon_api
2025-01-27 16:00:00,blended,"Data centre facility, hyperscale, Virginia (Zhang et al. 2025)","Data centre facility, hyperscale, Virginia (Zhang et al. 2025) (blended)",909.719,108,blended,0.909719,0.09028099999999994,909.719,90.28099999999995,0.0,,69725346.38437751,3,1600092000.0,1455634094.148,144457905.8519999,,carbon_api
2025-01-27 16:30:00,blended,"Data centre facility, hyperscale, Virginia (Zhang et al. 2025)","Data centre facility, hyperscale, Virginia (Zhang et al. 2025) (blended)",909.719,110,blended,0.909719,0.09028099999999994,909.719,90.28099999999995,0.0,,69885928.84413174,3,1600092000.0,1455634094.148,144457905.8519999,,carbon_api
2025-01-27 17:00:00,blended,"Data centre facility, hyperscale, Virginia (Zhang et al. 2025)","Data centre facility, hyperscale, Virginia (Zhang et al. 2025) (blended)",898.642,111,blended,0.898642,0.10135799999999995,898.642,101.35799999999995,0.0,,73409921.56048425,3,1600092000.0,1437909875.0640001,162182124.93599993,,carbon_api
2025-01-27 17:30:00,blended,"Data centre facility, hyperscale, Virginia (Zhang et al. 2025)","Data centre facility, hyperscale, Virginia (Zhang et al. 2025) (blended)",898.642,114,blended,0.898642,0.10135799999999995,898.642,101.35799999999995,0.0,,74131318.71329424,3,1600092000.0,1437909875.0640001,162182124.93599993,,carbon_api
2025-01-27 18:00:00,blended,"Data centre facility, hyperscale, Virginia (Zhang et al. 2025)","Data centre facility, hyperscale, Virginia (Zhang et al. 2025) (blended)",896.03,115,blended,0.89603,0.10397,896.03,103.97000000000001,0.0,,75055064.03879403,3,1600092000.0,1433730434.76,166361565.24,,carbon_api
2025-01-27 18:30:00,blended,"Data centre facility, hyperscale, Virginia (Zhang et al. 2025)","Data centre facility, hyperscale, Virginia (Zhang et al. 2025) (blended)",896.03,107,blended,0.89603,0.10397,896.03,103.97000000000001,0.0,,73171340.6751461,3,1600092000.0,1433730434.76,166361565.24,,carbon_api
2025-01-27 19:00:00,blended,"Data centre facility, hyperscale, Virginia (Zhang et al. 2025)","Data centre facility, hyperscale, Virginia (Zhang et al. 2025) (blended)",906.284,103,blended,0.906284,0.09371600000000002,906.284,93.71600000000002,0.0,,69587637.90567005,3,1600092000.0,1450137778.128,149954221.87200004,,carbon_api
2025-01-27 19:30:00,blended,"Data centre facility, hyperscale, Virginia (Zhang et al. 2025)","Data centre facility, hyperscale, Virginia (Zhang et al. 2025) (blended)",906.284,98,blended,0.906284,0.09371600000000002,906.284,93.71600000000002,0.0,,68670997.02707925,3,1600092000.0,1450137778.128,149954221.87200004,,carbon_api
2025-01-27 20:00:00,blended,"Data centre facility, hyperscale, Virginia (Zhang et al. 2025)","Data centre facility, hyperscale, Virginia (Zhang et al. 2025) (blended)",919.708,86,blended,0.919708,0.08029200000000003,919.708,80.29200000000003,0.0,,63016166.94810547,3,1600092000.0,1471617413.136,128474586.86400005,,carbon_api
2025-01-27 20:30:00,blended,"Data centre facility, hyperscale, Virginia (Zhang et al. 2025)","Data centre facility, hyperscale, Virginia (Zhang et al. 2025) (blended)",919.708,74,blended,0.919708,0.08029200000000003,919.708,80.29200000000003,0.0,,60961245.59931279,3,1600092000.0,1471617413.136,128474586.86400005,,carbon_api
2025-01-27 21:00:00,blended,"Data centre facility, hyperscale, Virginia (Zhang et al. 2025)","Data centre facility, hyperscale, Virginia (Zhang et al. 2025) (blended)",936.456,62,blended,0.9364560000000001,0.06354399999999993,936.456,63.54399999999993,0.0,,55927063.21585205,3,1600092000.0,1498415753.9520001,101676246.04799989,,carbon_api
2025-01-27 21:30:00,blended,"Data centre facility, hyperscale, Virginia (Zhang et al. 2025)","Data centre facility, hyperscale, Virginia (Zhang et al. 2025) (blended)",936.456,58,blended,0.9364560000000001,0.06354399999999993,936.456,63.54399999999993,0.0,,55445179.814919606,3,1600092000.0,1498415753.9520001,101676246.04799989,,carbon_api
2025-01-27 22:00:00,blended,"Data centre facility, hyperscale, Virginia (Zhang et al. 2025)","Data centre facility, hyperscale, Virginia (Zhang et al. 2025) (blended)",945.483,55,blended,0.945483,0.05451700000000004,945.483,54.51700000000004,0.0,,53518371.97922644,3,1600092000.0,1512859784.4359999,87232215.56400006,,carbon_api
2025-01-27 22:30:00,blended,"Data centre facility, hyperscale, Virginia (Zhang et al. 2025)","Data centre facility, hyperscale, Virginia (Zhang et al. 2025) (blended)",945.483,50,blended,0.945483,0.05451700000000004,945.483,54.51700000000004,0.0,,52886221.35802042,3,1600092000.0,1512859784.4359999,87232215.56400006,,carbon_api
2025-01-27 23:00:00,blended,"Data centre facility, hyperscale, Virginia (Zhang et al. 2025)","Data centre facility, hyperscale, Virginia (Zhang et al. 2025) (blended)",950.553,46,blended,0.950553,0.04944700000000002,950.553,49.44700000000002,0.0,,51680048.32766213,3,1600092000.0,1520972250.876,79119749.12400003,,carbon_api
2025-01-27 23:30:00,blended,"Data centre facility, hyperscale, Virginia (Zhang et al. 2025)","Data centre facility, hyperscale, Virginia (Zhang et al. 2025) (blended)",950.553,52,blended,0.950553,0.04944700000000002,950.553,49.44700000000002,0.0,,52344458.43283894,3,1600092000.0,1520972250.876,79119749.12400003,,carbon_api
2025-01-28 00:00:00,blended,"Data centre facility, hyperscale, Virginia (Zhang et al. 2025)","Data centre facility, hyperscale, Virginia (Zhang et al. 2025) (blended)",947.013,53,blended,0.947013,0.052987000000000006,947.013,52.98700000000001,0.0,,53021967.63167915,3,1600092000.0,1515307925.196,84784074.804,,carbon_api
2025-01-28 00:30:00,blended,"Data centre facility, hyperscale, Virginia (Zhang et al. 2025)","Data centre facility, hyperscale, Virginia (Zhang et al. 2025) (blended)",947.013,54,blended,0.947013,0.052987000000000006,947.013,52.98700000000001,0.0,,53258891.760652885,3,1600092000.0,1515307925.196,84784074.804,,carbon_api
2025-01-28 01:00:00,blended,"Data centre facility, hyperscale, Virginia (Zhang et al. 2025)","Data centre facility, hyperscale, Virginia (Zhang et al. 2025) (blended)",929.148,57,blended,0.929148,0.07085200000000003,929.148,70.85200000000003,0.0,,56786765.18271977,3,1600092000.0,1486722281.616,113369718.38400005,,carbon_api
2025-01-28 01:30:00,blended,"Data centre facility, hyperscale, Virginia (Zhang et al. 2025)","Data centre facility, hyperscale, Virginia (Zhang et al. 2025) (blended)",929.148,57,blended,0.929148,0.07085200000000003,929.148,70.85200000000003,0.0,,56906217.41697127,3,1600092000.0,1486722281.616,113369718.38400005,,carbon_api
2025-01-28 02:00:00,blended,"Data centre facility, hyperscale, Virginia (Zhang et al. 2025)","Data centre facility, hyperscale, Virginia (Zhang et al. 2025) (blended)",893.606,54,blended,0.893606,0.10639399999999999,893.606,106.39399999999999,0.0,,62447750.06304288,3,1600092000.0,1429851811.752,170240188.248,,carbon_api
2025-01-28 02:30:00,blended,"Data centre facility, hyperscale, Virginia (Zhang et al. 2025)","Data centre facility, hyperscale, Virginia (Zhang et al. 2025) (blended)",893.606,51,blended,0.893606,0.10639399999999999,893.606,106.39399999999999,0.0,,61553570.38133669,3,1600092000.0,1429851811.752,170240188.248,,carbon_api
2025-01-28 03:00:00,blended,"Data centre facility, hyperscale, Virginia (Zhang et al. 2025)","Data centre facility, hyperscale, Virginia (Zhang et al. 2025) (blended)",868.077,50,blended,0.868077,0.131923,868.077,131.923,0.0,,65557330.93904303,3,1600092000.0,1389003063.0839999,211088936.916,,carbon_api
2025-01-28 03:30:00,blended,"Data centre facility, hyperscale, Virginia (Zhang et al. 2025)","Data centre facility, hyperscale, Virginia (Zhang et al. 2025) (blended)",868.077,46,blended,0.868077,0.131923,868.077,131.923,0.0,,64204039.20507432,3,1600092000.0,1389003063.0839999,211088936.916,,carbon_api
2025-01-28 04:00:00,blended,"Data centre facility, hyperscale, Virginia (Zhang et al. 2025)","Data centre facility, hyperscale, Virginia (Zhang et al. 2025) (blended)",845.773,44,blended,0.845773,0.154227,845.773,154.227,0.0,,66763739.16963562,3,1600092000.0,1353314611.116,246777388.884,,carbon_api
2025-01-28 04:30:00,blended,"Data centre facility, hyperscale, Virginia (Zhang et al. 2025)","Data centre facility, hyperscale, Virginia (Zhang et al. 2025) (blended)",845.773,40,blended,0.845773,0.154227,845.773,154.227,0.0,,65344479.077878796,3,1600092000.0,1353314611.116,246777388.884,,carbon_api
2025-01-28 05:00:00,blended,"Data centre facility, hyperscale, Virginia (Zhang et al. 2025)","Data centre facility, hyperscale, Virginia (Zhang et al. 2025) (blended)",815.671,38,blended,0.815671,0.18432899999999997,815.671,184.32899999999995,0.0,,68158335.4392721,3,1600092000.0,1305148641.732,294943358.26799995,,carbon_api
2025-01-28 05:30:00,blended,"Data centre facility, hyperscale, Virginia (Zhang et al. 2025)","Data centre facility, hyperscale, Virginia (Zhang et al. 2025) (blended)",815.671,67,blended,0.815671,0.18432899999999997,815.671,184.32899999999995,0.0,,80859381.1616508,3,1600092000.0,1305148641.732,294943358.26799995,,carbon_api
2025-01-28 06:00:00,blended,"Data centre facility, hyperscale, Virginia (Zhang et al. 2025)","Data centre facility, hyperscale, Virginia (Zhang et al. 2025) (blended)",758.606,75,blended,0.758606,0.241394,758.606,241.394,0.0,,95381339.93676755,3,1600092000.0,1213839391.752,386252608.24799997,,carbon_api
2025-01-28 06:30:00,blended,"Data centre facility, hyperscale, Virginia (Zhang et al. 2025)","Data centre facility, hyperscale, Virginia (Zhang et al. 2025) (blended)",758.606,85,blended,0.758606,0.241394,758.606,241.394,0.0,,100568158.63261479,3,1600092000.0,1213839391.752,386252608.24799997,,carbon_api
2025-01-28 07:00:00,blended,"Data centre facility, hyperscale, Virginia (Zhang et al. 2025)","Data centre facility, hyperscale, Virginia (Zhang et al. 2025) (blended)",722.102,92,blended,0.722102,0.277898,722.102,277.89799999999997,0.0,,112636636.55614373,3,1600092000.0,1155429633.384,444662366.61599994,,carbon_api
2025-01-28 07:30:00,blended,"Data centre facility, hyperscale, Virginia (Zhang et al. 2025)","Data centre facility, hyperscale, Virginia (Zhang et al. 2025) (blended)",722.102,96,blended,0.722102,0.277898,722.102,277.89799999999997,0.0,,115289638.14811784,3,1600092000.0,1155429633.384,444662366.61599994,,carbon_api
2025-01-28 08:00:00,blended,"Data centre facility, hyperscale, Virginia (Zhang et al. 2025)","Data centre facility, hyperscale, Virginia (Zhang et al. 2025) (blended)",707.698,110,blended,0.7076979999999999,0.29230200000000006,707.698,292.3020000000001,0.0,,128001777.57415557,3,1600092000.0,1132381908.2159998,467710091.7840001,,carbon_api
2025-01-28 08:30:00,blended,"Data centre facility, hyperscale, Virginia (Zhang et al. 2025)","Data centre facility, hyperscale, Virginia (Zhang et al. 2025) (blended)",707.698,114,blended,0.7076979999999999,0.29230200000000006,707.698,292.3020000000001,0.0,,130776267.50056714,3,1600092000.0,1132381908.2159998,467710091.7840001,,carbon_api
2025-01-28 09:00:00,blended,"Data centre facility, hyperscale, Virginia (Zhang et al. 2025)","Data centre facility, hyperscale, Virginia (Zhang et al. 2025) (blended)",665.592,112,blended,0.665592,0.33440800000000004,665.592,334.408,0.0,,141361115.52157867,3,1600092000.0,1065008434.464,535083565.5360001,,carbon_api
2025-01-28 09:30:00,blended,"Data centre facility, hyperscale, Virginia (Zhang et al. 2025)","Data centre facility, hyperscale, Virginia (Zhang et al. 2025) (blended)",665.592,115,blended,0.665592,0.33440800000000004,665.592,334.408,0.0,,143250684.70461473,3,1600092000.0,1065008434.464,535083565.5360001,,carbon_api
2025-01-28 10:00:00,blended,"Data centre facility, hyperscale, Virginia (Zhang et al. 2025)","Data centre facility, hyperscale, Virginia (Zhang et al. 2025) (blended)",615.314,113,blended,0.6153139999999999,0.3846860000000001,615.314,384.6860000000001,0.0,,156942145.74740833,3,1600092000.0,984559008.8879999,615532991.1120001,,carbon_api
2025-01-28 10:30:00,blended,"Data centre facility, hyperscale, Virginia (Zhang et al. 2025)","Data centre facility, hyperscale, Virginia (Zhang et al. 2025) (blended)",615.314,112,blended,0.6153139999999999,0.3846860000000001,615.314,384.6860000000001,0.0,,155963248.7807089,3,1600092000.0,984559008.8879999,615532991.1120001,,carbon_api
2025-01-28 11:00:00,blended,"Data centre facility, hyperscale, Virginia (Zhang et al. 2025)","Data centre facility, hyperscale, Virginia (Zhang et al. 2025) (blended)",589.537,118,blended,0.5895370000000001,0.4104629999999999,589.537,410.4629999999999,0.0,,168613973.80602872,3,1600092000.0,943313437.4040002,656778562.5959998,,carbon_api
2025-01-28 11:30:00,blended,"Data centre facility, hyperscale, Virginia (Zhang et al. 2025)","Data centre facility, hyperscale, Virginia (Zhang et al. 2025) (blended)",589.537,123,blended,0.5895370000000001,0.4104629999999999,589.537,410.4629999999999,0.0,,173591982.4442407,3,1600092000.0,943313437.4040002,656778562.5959998,,carbon_api
2025-01-28 12:00:00,blended,"Data centre facility, hyperscale, Virginia (Zhang et al. 2025)","Data centre facility, hyperscale, Virginia (Zhang et al. 2025) (blended)",568.452,121,blended,0.568452,0.43154800000000004,568.452,431.54800000000006,0.0,,179240616.34757885,3,1600092000.0,909575497.5839999,690516502.4160001,,carbon_api
2025-01-28 12:30:00,blended,"Data centre facility, hyperscale, Virginia (Zhang et al. 2025)","Data centre facility, hyperscale, Virginia (Zhang et al. 2025) (blended)",568.452,123,blended,0.568452,0.43154800000000004,568.452,431.54800000000006,0.0,,181227350.66339216,3,1600092000.0,909575497.5839999,690516502.4160001,,carbon_api
2025-01-28 13:00:00,blended,"Data centre facility, hyperscale, Virginia (Zhang et al. 2025)","Data centre facility, hyperscale, Virginia (Zhang et al. 2025) (blended)",478.394,124,blended,0.478394,0.521606,478.394,521.606,0.0,,210558812.6212153,3,1600092000.0,765474412.248,834617587.752,,carbon_api
2025-01-28 13:30:00,blended,"Data centre facility, hyperscale, Virginia (Zhang et al. 2025)","Data centre facility, hyperscale, Virginia (Zhang et al. 2025) (blended)",478.394,129,blended,0.478394,0.521606,478.394,521.606,0.0,,216319048.474013,3,1600092000.0,765474412.248,834617587.752,,carbon_api
2025-01-28 14:00:00,blended,"Data centre facility, hyperscale, Virginia (Zhang et al. 2025)","Data centre facility, hyperscale, Virginia (Zhang et al. 2025) (blended)",484.223,134,blended,0.484223,0.5157769999999999,484.223,515.7769999999999,0.0,,221314379.26253855,3,1600092000.0,774801348.516,825290651.4839998,,carbon_api
2025-01-28 14:30:00,blended,"Data centre facility, hyperscale, Virginia (Zhang et al. 2025)","Data centre facility, hyperscale, Virginia (Zhang et al. 2025) (blended)",484.223,139,blended,0.484223,0.5157769999999999,484.223,515.7769999999999,0.0,,226514875.36045173,3,1600092000.0,774801348.516,825290651.4839998,,carbon_api
2025-01-28 15:00:00,blended,"Data centre facility, hyperscale, Virginia (Zhang et al. 2025)","Data centre facility, hyperscale, Virginia (Zhang et al. 2025) (blended)",574.767,140,blended,0.574767,0.42523299999999997,574.767,425.23299999999995,0.0,,195582104.70532086,3,1600092000.0,919680078.564,680411921.436,,carbon_api
2025-01-28 15:30:00,blended,"Data centre facility, hyperscale, Virginia (Zhang et al. 2025)","Data centre facility, hyperscale, Virginia (Zhang et al. 2025) (blended)",574.767,142,blended,0.574767,0.42523299999999997,574.767,425.23299999999995,0.0,,197397366.74392518,3,1600092000.0,919680078.564,680411921.436,,carbon_api
2025-01-28 16:00:00,blended,"Data centre facility, hyperscale, Virginia (Zhang et al. 2025)","Data centre facility, hyperscale, Virginia (Zhang et al. 2025) (blended)",650.221,143,blended,0.650221,0.34977899999999995,650.221,349.77899999999994,0.0,,170822377.18818542,3,1600092000.0,1040413420.3320001,559678579.6679999,,carbon_api
2025-01-28 16:30:00,blended,"Data centre facility, hyperscale, Virginia (Zhang et al. 2025)","Data centre facility, hyperscale, Virginia (Zhang et al. 2025) (blended)",650.221,143,blended,0.650221,0.34977899999999995,650.221,349.77899999999994,0.0,,170709737.87628502,3,1600092000.0,1040413420.3320001,559678579.6679999,,carbon_api
2025-01-28 17:00:00,blended,"Data centre facility, hyperscale, Virginia (Zhang et al. 2025)","Data centre facility, hyperscale, Virginia (Zhang et al. 2025) (blended)",682.203,150,blended,0.682203,0.317797,682.203,317.79699999999997,0.0,,163171487.17804936,3,1600092000.0,1091587562.676,508504437.324,,carbon_api
2025-01-28 17:30:00,blended,"Data centre facility, hyperscale, Virginia (Zhang et al. 2025)","Data centre facility, hyperscale, Virginia (Zhang et al. 2025) (blended)",682.203,148,blended,0.682203,0.317797,682.203,317.79699999999997,0.0,,162192650.93799576,3,1600092000.0,1091587562.676,508504437.324,,carbon_api
2025-01-28 18:00:00,blended,"Data centre facility, hyperscale, Virginia (Zhang et al. 2025)","Data centre facility, hyperscale, Virginia (Zhang et al. 2025) (blended)",695.679,144,blended,0.6956789999999999,0.30432100000000006,695.679,304.3210000000001,0.0,,154163911.78161702,3,1600092000.0,1113150402.468,486941597.5320001,,carbon_api
2025-01-28 18:30:00,blended,"Data centre facility, hyperscale, Virginia (Zhang et al. 2025)","Data centre facility, hyperscale, Virginia (Zhang et al. 2025) (blended)",695.679,140,blended,0.6956789999999999,0.30432100000000006,695.679,304.3210000000001,0.0,,151557844.34105498,3,1600092000.0,1113150402.468,486941597.5320001,,carbon_api
2025-01-28 19:00:00,blended,"Data centre facility, hyperscale, Virginia (Zhang et al. 2025)","Data centre facility, hyperscale, Virginia (Zhang et al. 2025) (blended)",698.313,139,blended,0.698313,0.30168700000000004,698.313,301.687,0.0,,150922368.98587194,3,1600092000.0,1117365044.796,482726955.20400006,,carbon_api
2025-01-28 19:30:00,blended,"Data centre facility, hyperscale, Virginia (Zhang et al. 2025)","Data centre facility, hyperscale, Virginia (Zhang et al. 2025) (blended)",698.313,127,blended,0.698313,0.30168700000000004,698.313,301.687,0.0,,142672625.88397664,3,1600092000.0,1117365044.796,482726955.20400006,,carbon_api
2025-01-28 20:00:00,blended,"Data centre facility, hyperscale, Virginia (Zhang et al. 2025)","Data centre facility, hyperscale, Virginia (Zhang et al. 2025) (blended)",682.829,116,blended,0.6828289999999999,0.3171710000000001,682.829,317.1710000000001,0.0,,140354692.03696412,3,1600092000.0,1092589220.268,507502779.7320002,,carbon_api
2025-01-28 20:30:00,blended,"Data centre facility, hyperscale, Virginia (Zhang et al. 2025)","Data centre facility, hyperscale, Virginia (Zhang et al. 2025) (blended)",682.829,106,blended,0.6828289999999999,0.3171710000000001,682.829,317.1710000000001,0.0,,132836403.95338008,3,1600092000.0,1092589220.268,507502779.7320002,,carbon_api
2025-01-28 21:00:00,blended,"Data centre facility, hyperscale, Virginia (Zhang et al. 2025)","Data centre facility, hyperscale, Virginia (Zhang et al. 2025) (blended)",632.938,90,blended,0.632938,0.367062,632.938,367.062,0.0,,134119835.57643709,3,1600092000.0,1012759030.296,587332969.704,,carbon_api
2025-01-28 21:30:00,blended,"Data centre facility, hyperscale, Virginia (Zhang et al. 2025)","Data centre facility, hyperscale, Virginia (Zhang et al. 2025) (blended)",632.938,76,blended,0.632938,0.367062,632.938,367.062,0.0,,123158973.3664118,3,1600092000.0,1012759030.296,587332969.704,,carbon_api
2025-01-28 22:00:00,blended,"Data centre facility, hyperscale, Virginia (Zhang et al. 2025)","Data centre facility, hyperscale, Virginia (Zhang et al. 2025) (blended)",607.776,67,blended,0.607776,0.392224,607.776,392.224,0.0,,121465537.33992553,3,1600092000.0,972497515.392,627594484.608,,carbon_api
2025-01-28 22:30:00,blended,"Data centre facility, hyperscale, Virginia (Zhang et al. 2025)","Data centre facility, hyperscale, Virginia (Zhang et al. 2025) (blended)",607.776,58,blended,0.607776,0.392224,607.776,392.224,0.0,,114191894.73292169,3,1600092000.0,972497515.392,627594484.608,,carbon_api
2025-01-28 23:00:00,blended,"Data centre facility, hyperscale, Virginia (Zhang et al. 2025)","Data centre facility, hyperscale, Virginia (Zhang et al. 2025) (blended)",571.111,59,blended,0.571111,0.42888899999999996,571.111,428.88899999999995,0.0,,123321320.91790521,3,1600092000.0,913830142.212,686261857.788,,carbon_api
2025-01-28 23:30:00,blended,"Data centre facility, hyperscale, Virginia (Zhang et al. 2025)","Data centre facility, hyperscale, Virginia (Zhang et al. 2025) (blended)",571.111,61,blended,0.571111,0.42888899999999996,571.111,428.88899999999995,0.0,,125781174.44074816,3,1600092000.0,913830142.212,686261857.788,,carbon_api
2025-01-29 00:00:00,blended,"Data centre facility, hyperscale, Virginia (Zhang et al. 2025)","Data centre facility, hyperscale, Virginia (Zhang et al. 2025) (blended)",537.574,59,blended,0.537574,0.462426,537.574,462.426,0.0,,130816051.83861092,3,1600092000.0,860167856.808,739924143.192,,carbon_api
2025-01-29 00:30:00,blended,"Data centre facility, hyperscale, Virginia (Zhang et al. 2025)","Data centre facility, hyperscale, Virginia (Zhang et al. 2025) (blended)",537.574,62,blended,0.537574,0.462426,537.574,462.426,0.0,,133663940.55728692,3,1600092000.0,860167856.808,739924143.192,,carbon_api
2025-01-29 01:00:00,blended,"Data centre facility, hyperscale, Virginia (Zhang et al. 2025)","Data centre facility, hyperscale, Virginia (Zhang et al. 2025) (blended)",522.638,61,blended,0.522638,0.47736199999999995,522.638,477.36199999999997,0.0,,135283471.54539782,3,1600092000.0,836268882.6960001,763823117.3039999,,carbon_api
2025-01-29 01:30:00,blended,"Data centre facility, hyperscale, Virginia (Zhang et al. 2025)","Data centre facility, hyperscale, Virginia (Zhang et al. 2025) (blended)",522.638,61,blended,0.522638,0.47736199999999995,522.638,477.36199999999997,0.0,,136330490.28221565,3,1600092000.0,836268882.6960001,763823117.3039999,,carbon_api
2025-01-29 02:00:00,blended,"Data centre facility, hyperscale, Virginia (Zhang et al. 2025)","Data centre facility, hyperscale, Virginia (Zhang et al. 2025) (blended)",532.324,59,blended,0.5323239999999999,0.4676760000000001,532.324,467.6760000000001,0.0,,131506551.68085307,3,1600092000.0,851767373.8079998,748324626.1920002,,carbon_api
2025-01-29 02:30:00,blended,"Data centre facility, hyperscale, Virginia (Zhang et al. 2025)","Data centre facility, hyperscale, Virginia (Zhang et al. 2025) (blended)",532.324,59,blended,0.5323239999999999,0.4676760000000001,532.324,467.6760000000001,0.0,,130363054.10368794,3,1600092000.0,851767373.8079998,748324626.1920002,,carbon_api
2025-01-29 03:00:00,blended,"Data centre facility, hyperscale, Virginia (Zhang et al. 2025)","Data centre facility, hyperscale, Virginia (Zhang et al. 2025) (blended)",466.564,59,blended,0.46656400000000003,0.533436,466.564,533.436,0.0,,141251701.3916917,3,1600092000.0,746545323.888,853546676.112,,carbon_api
2025-01-29 03:30:00,blended,"Data centre facility, hyperscale, Virginia (Zhang et al. 2025)","Data centre facility, hyperscale, Virginia (Zhang et al. 2025) (blended)",466.564,61,blended,0.46656400000000003,0.533436,466.564,533.436,0.0,,143094249.3952443,3,1600092000.0,746545323.888,853546676.112,,carbon_api
2025-01-29 04:00:00,blended,"Data centre facility, hyperscale, Virginia (Zhang et al. 2025)","Data centre facility, hyperscale, Virginia (Zhang et al. 2025) (blended)",377.408,66,blended,0.377408,0.622592,377.408,622.592,0.0,,165985765.96886665,3,1600092000.0,603887521.536,996204478.4640001,,carbon_api
2025-01-29 04:30:00,blended,"Data centre facility, hyperscale, Virginia (Zhang et al. 2025)","Data centre facility, hyperscale, Virginia (Zhang et al. 2025) (blended)",377.408,73,blended,0.377408,0.622592,377.408,622.592,0.0,,174105113.64013907,3,1600092000.0,603887521.536,996204478.4640001,,carbon_api
2025-01-29 05:00:00,blended,"Data centre facility, hyperscale, Virginia (Zhang et al. 2025)","Data centre facility, hyperscale, Virginia (Zhang et al. 2025) (blended)",343.211,87,blended,0.343211,0.6567890000000001,343.211,656.7890000000001,0.0,,202070080.35229862,3,1600092000.0,549169175.412,1050922824.588,,carbon_api
2025-01-29 05:30:00,blended,"Data centre facility, hyperscale, Virginia (Zhang et al. 2025)","Data centre facility, hyperscale, Virginia (Zhang et al. 2025) (blended)",343.211,82,blended,0.343211,0.6567890000000001,343.211,656.7890000000001,0.0,,198950892.4246009,3,1600092000.0,549169175.412,1050922824.588,,carbon_api
2025-01-29 06:00:00,blended,"Data centre facility, hyperscale, Virginia (Zhang et al. 2025)","Data centre facility, hyperscale, Virginia (Zhang et al. 2025) (blended)",310.774,90,blended,0.310774,0.689226,310.774,689.226,0.0,,217605318.74206263,3,1600092000.0,497266991.208,1102825008.792,,carbon_api
2025-01-29 06:30:00,blended,"Data centre facility, hyperscale, Virginia (Zhang et al. 2025)","Data centre facility, hyperscale, Virginia (Zhang et al. 2025) (blended)",310.774,111,blended,0.310774,0.689226,310.774,689.226,0.0,,246655084.50589243,3,1600092000.0,497266991.208,1102825008.792,,carbon_api
2025-01-29 07:00:00,blended,"Data centre facility, hyperscale, Virginia (Zhang et al. 2025)","Data centre facility, hyperscale, Virginia (Zhang et al. 2025) (blended)",255.533,118,blended,0.255533,0.744467,255.53300000000002,744.467,0.0,,272407044.5417332,3,1600092000.0,408876309.036,1191215690.964,,carbon_api
2025-01-29 07:30:00,blended,"Data centre facility, hyperscale, Virginia (Zhang et al. 2025)","Data centre facility, hyperscale, Virginia (Zhang et al. 2025) (blended)",255.533,124,blended,0.255533,0.744467,255.53300000000002,744.467,0.0,,284408482.45653003,3,1600092000.0,408876309.036,1191215690.964,,carbon_api
2025-01-29 08:00:00,blended,"Data centre facility, hyperscale, Virginia (Zhang et al. 2025)","Data centre facility, hyperscale, Virginia (Zhang et al. 2025) (blended)",199.47,138,blended,0.19947,0.80053,199.47,800.53,0.0,,328212819.33905506,3,1600092000.0,319170351.24,1280921648.76,,carbon_api
2025-01-29 08:30:00,blended,"Data centre facility, hyperscale, Virginia (Zhang et al. 2025)","Data centre facility, hyperscale, Virginia (Zhang et al. 2025) (blended)",199.47,139,blended,0.19947,0.80053,199.47,800.53,0.0,,332998255.5554317,3,1600092000.0,319170351.24,1280921648.76,,carbon_api
2025-01-29 09:00:00,blended,"Data centre facility, hyperscale, Virginia (Zhang et al. 2025)","Data centre facility, hyperscale, Virginia (Zhang et al. 2025) (blended)",133.017,141,blended,0.133017,0.8669830000000001,133.017,866.9830000000001,0.0,,363571453.0031646,3,1600092000.0,212839437.56399998,1387252562.436,,carbon_api
2025-01-29 09:30:00,blended,"Data centre facility, hyperscale, Virginia (Zhang et al. 2025)","Data centre facility, hyperscale, Virginia (Zhang et al. 2025) (blended)",133.017,127,blended,0.133017,0.8669830000000001,133.017,866.9830000000001,0.0,,340775647.83691996,3,1600092000.0,212839437.56399998,1387252562.436,,carbon_api
2025-01-29 10:00:00,blended,"Data centre facility, hyperscale, Virginia (Zhang et al. 2025)","Data centre facility, hyperscale, Virginia (Zhang et al. 2025) (blended)",90.152,133,blended,0.090152,0.909848,90.152,909.848,0.0,,366346638.0442275,3,1600092000.0,144251493.984,1455840506.016,,carbon_api
2025-01-29 10:30:00,blended,"Data centre facility, hyperscale, Virginia (Zhang et al. 2025)","Data centre facility, hyperscale, Virginia (Zhang et al. 2025) (blended)",90.152,143,blended,0.090152,0.909848,90.152,909.848,0.0,,383415358.3656802,3,1600092000.0,144251493.984,1455840506.016,,carbon_api
2025-01-29 11:00:00,blended,"Data centre facility, hyperscale, Virginia (Zhang et al. 2025)","Data centre facility, hyperscale, Virginia (Zhang et al. 2025) (blended)",48.57,140,blended,0.04857,0.95143,48.57,951.43,0.0,,398439267.32789785,3,1600092000.0,77716468.44,1522375531.56,,carbon_api
2025-01-29 11:30:00,blended,"Data centre facility, hyperscale, Virginia (Zhang et al. 2025)","Data centre facility, hyperscale, Virginia (Zhang et al. 2025) (blended)",48.57,146,blended,0.04857,0.95143,48.57,951.43,0.0,,410953024.68586856,3,1600092000.0,77716468.44,1522375531.56,,carbon_api
2025-01-29 12:00:00,blended,"Data centre facility, hyperscale, Virginia (Zhang et al. 2025)","Data centre facility, hyperscale, Virginia (Zhang et al. 2025) (blended)",26.499,154,blended,0.026498999999999998,0.973501,26.499,973.501,0.0,,435813499.40555084,3,1600092000.0,42400837.908,1557691162.092,,carbon_api
2025-01-29 12:30:00,blended,"Data centre facility, hyperscale, Virginia (Zhang et al. 2025)","Data centre facility, hyperscale, Virginia (Zhang et al. 2025) (blended)",26.499,168,blended,0.026498999999999998,0.973501,26.499,973.501,0.0,,466824506.5106938,3,1600092000.0,42400837.908,1557691162.092,,carbon_api
2025-01-29 13:00:00,blended,"Data centre facility, hyperscale, Virginia (Zhang et al. 2025)","Data centre facility, hyperscale, Virginia (Zhang et al. 2025) (blended)",28.281,176,blended,0.028280999999999997,0.971719,28.281,971.719,0.0,,482332782.7146627,3,1600092000.0,45252201.852,1554839798.148,,carbon_api
2025-01-29 13:30:00,blended,"Data centre facility, hyperscale, Virginia (Zhang et al. 2025)","Data centre facility, hyperscale, Virginia (Zhang et al. 2025) (blended)",28.281,185,blended,0.028280999999999997,0.971719,28.281,971.719,0.0,,503308309.77601147,3,1600092000.0,45252201.852,1554839798.148,,carbon_api
2025-01-29 14:00:00,blended,"Data centre facility, hyperscale, Virginia (Zhang et al. 2025)","Data centre facility, hyperscale, Virginia (Zhang et al. 2025) (blended)",53.855,194,blended,0.053855,0.946145,53.855,946.145,0.0,,509568403.5405581,3,1600092000.0,86172954.66,1513919045.34,,carbon_api
2025-01-29 14:30:00,blended,"Data centre facility, hyperscale, Virginia (Zhang et al. 2025)","Data centre facility, hyperscale, Virginia (Zhang et al. 2025) (blended)",53.855,202,blended,0.053855,0.946145,53.855,946.145,0.0,,524908067.8134355,3,1600092000.0,86172954.66,1513919045.34,,carbon_api
2025-01-29 15:00:00,blended,"Data centre facility, hyperscale, Virginia (Zhang et al. 2025)","Data centre facility, hyperscale, Virginia (Zhang et al. 2025) (blended)",98.819,212,blended,0.098819,0.901181,98.819,901.181,0.0,,518400774.4935295,3,1600092000.0,158119491.34800002,1441972508.652,,carbon_api
2025-01-29 15:30:00,blended,"Data centre facility, hyperscale, Virginia (Zhang et al. 2025)","Data centre facility, hyperscale, Virginia (Zhang et al. 2025) (blended)",98.819,216,blended,0.098819,0.901181,98.819,901.181,0.0,,525738390.944243,3,1600092000.0,158119491.34800002,1441972508.652,,carbon_api
2025-01-29 16:00:00,blended,"Data centre facility, hyperscale, Virginia (Zhang et al. 2025)","Data centre facility, hyperscale, Virginia (Zhang et al. 2025) (blended)",148.325,221,blended,0.14832499999999998,0.851675,148.325,851.675,0.0,,506163323.0236914,3,1600092000.0,237333645.89999998,1362758354.1,,carbon_api
2025-01-29 16:30:00,blended,"Data centre facility, hyperscale, Virginia (Zhang et al. 2025)","Data centre facility, hyperscale, Virginia (Zhang et al. 2025) (blended)",148.325,227,blended,0.14832499999999998,0.851675,148.325,851.675,0.0,,512314303.1891566,3,1600092000.0,237333645.89999998,1362758354.1,,carbon_api
2025-01-29 17:00:00,blended,"Data centre facility, hyperscale, Virginia (Zhang et al. 2025)","Data centre facility, hyperscale, Virginia (Zhang et al. 2025) (blended)",199.196,225,blended,0.19919599999999998,0.8008040000000001,199.196,800.8040000000001,0.0,,481444802.5344034,3,1600092000.0,318731926.03199995,1281360073.9680002,,carbon_api
2025-01-29 17:30:00,blended,"Data centre facility, hyperscale, Virginia (Zhang et al. 2025)","Data centre facility, hyperscale, Virginia (Zhang et al. 2025) (blended)",199.196,223,blended,0.19919599999999998,0.8008040000000001,199.196,800.8040000000001,0.0,,473743868.1247742,3,1600092000.0,318731926.03199995,1281360073.9680002,,carbon_api
2025-01-29 18:00:00,blended,"Data centre facility, hyperscale, Virginia (Zhang et al. 2025)","Data centre facility, hyperscale, Virginia (Zhang et al. 2025) (blended)",260.581,225,blended,0.260581,0.739419,260.581,739.4190000000001,0.0,,444834383.7714641,3,1600092000.0,416953573.452,1183138426.548,,carbon_api
2025-01-29 18:30:00,blended,"Data centre facility, hyperscale, Virginia (Zhang et al. 2025)","Data centre facility, hyperscale, Virginia (Zhang et al. 2025) (blended)",260.581,219,blended,0.260581,0.739419,260.581,739.4190000000001,0.0,,438434933.3119406,3,1600092000.0,416953573.452,1183138426.548,,carbon_api
2025-01-29 19:00:00,blended,"Data centre facility, hyperscale, Virginia (Zhang et al. 2025)","Data centre facility, hyperscale, Virginia (Zhang et al. 2025) (blended)",321.473,214,blended,0.321473,0.678527,321.473,678.527,0.0,,398734036.3445467,3,1600092000.0,514386375.51600003,1085705624.484,,carbon_api
2025-01-29 19:30:00,blended,"Data centre facility, hyperscale, Virginia (Zhang et al. 2025)","Data centre facility, hyperscale, Virginia (Zhang et al. 2025) (blended)",321.473,222,blended,0.321473,0.678527,321.473,678.527,0.0,,408438546.1751274,3,1600092000.0,514386375.51600003,1085705624.484,,carbon_api
2025-01-29 20:00:00,blended,"Data centre facility, hyperscale, Virginia (Zhang et al. 2025)","Data centre facility, hyperscale, Virginia (Zhang et al. 2025) (blended)",361.593,207,blended,0.361593,0.638407,361.593,638.4069999999999,0.0,,366933325.3508549,3,1600092000.0,578582066.556,1021509933.4439999,,carbon_api
2025-01-29 20:30:00,blended,"Data centre facility, hyperscale, Virginia (Zhang et al. 2025)","Data centre facility, hyperscale, Virginia (Zhang et al. 2025) (blended)",361.593,175,blended,0.361593,0.638407,361.593,638.4069999999999,0.0,,327860230.5596169,3,1600092000.0,578582066.556,1021509933.4439999,,carbon_api
2025-01-29 21:00:00,blended,"Data centre facility, hyperscale, Virginia (Zhang et al. 2025)","Data centre facility, hyperscale, Virginia (Zhang et al. 2025) (blended)",382.828,164,blended,0.382828,0.617172,382.828,617.172,0.0,,302176847.1887904,3,1600092000.0,612560020.176,987531979.8240001,,carbon_api
2025-01-29 21:30:00,blended,"Data centre facility, hyperscale, Virginia (Zhang et al. 2025)","Data centre facility, hyperscale, Virginia (Zhang et al. 2025) (blended)",382.828,150,blended,0.382828,0.617172,382.828,617.172,0.0,,278345925.2451011,3,1600092000.0,612560020.176,987531979.8240001,,carbon_api
2025-01-29 22:00:00,blended,"Data centre facility, hyperscale, Virginia (Zhang et al. 2025)","Data centre facility, hyperscale, Virginia (Zhang et al. 2025) (blended)",378.393,134,blended,0.378393,0.621607,378.393,621.607,0.0,,261343566.78185856,3,1600092000.0,605463612.156,994628387.844,,carbon_api
2025-01-29 22:30:00,blended,"Data centre facility, hyperscale, Virginia (Zhang et al. 2025)","Data centre facility, hyperscale, Virginia (Zhang et al. 2025) (blended)",378.393,113,blended,0.378393,0.621607,378.393,621.607,0.0,,242153465.9547214,3,1600092000.0,605463612.156,994628387.844,,carbon_api
2025-01-29 23:00:00,blended,"Data centre facility, hyperscale, Virginia (Zhang et al. 2025)","Data centre facility, hyperscale, Virginia (Zhang et al. 2025) (blended)",403.565,69,blended,0.403565,0.596435,403.565,596.4350000000001,0.0,,206710822.99208313,3,1600092000.0,645741127.98,954350872.0200001,,carbon_api
2025-01-29 23:30:00,blended,"Data centre facility, hyperscale, Virginia (Zhang et al. 2025)","Data centre facility, hyperscale, Virginia (Zhang et al. 2025) (blended)",403.565,102,blended,0.403565,0.596435,403.565,596.4350000000001,0.0,,212572344.40798,3,1600092000.0,645741127.98,954350872.0200001,,carbon_api
2025-01-30 00:00:00,blended,"Data centre facility, hyperscale, Virginia (Zhang et al. 2025)","Data centre facility, hyperscale, Virginia (Zhang et al. 2025) (blended)",425.03,96,blended,0.42502999999999996,0.57497,425.03,574.97,0.0,,191867529.3465375,3,1600092000.0,680087102.76,920004897.24,,carbon_api
2025-01-30 00:30:00,blended,"Data centre facility, hyperscale, Virginia (Zhang et al. 2025)","Data centre facility, hyperscale, Virginia (Zhang et al. 2025) (blended)",425.03,91,blended,0.42502999999999996,0.57497,425.03,574.97,0.0,,186076220.3804228,3,1600092000.0,680087102.76,920004897.24,,carbon_api
2025-01-30 01:00:00,blended,"Data centre facility, hyperscale, Virginia (Zhang et al. 2025)","Data centre facility, hyperscale, Virginia (Zhang et al. 2025) (blended)",422.317,87,blended,0.422317,0.577683,422.317,577.683,0.0,,187372989.67249662,3,1600092000.0,675746053.164,924345946.836,,carbon_api
2025-01-30 01:30:00,blended,"Data centre facility, hyperscale, Virginia (Zhang et al. 2025)","Data centre facility, hyperscale, Virginia (Zhang et al. 2025) (blended)",422.317,79,blended,0.422317,0.577683,422.317,577.683,0.0,,184366857.5106555,3,1600092000.0,675746053.164,924345946.836,,carbon_api
2025-01-30 02:00:00,blended,"Data centre facility, hyperscale, Virginia (Zhang et al. 2025)","Data centre facility, hyperscale, Virginia (Zhang et al. 2025) (blended)",422.32,71,blended,0.42232,0.57768,422.32,577.68,0.0,,168288834.85118094,3,1600092000.0,675750853.4399999,924341146.56,,carbon_api
2025-01-30 02:30:00,blended,"Data centre facility, hyperscale, Virginia (Zhang et al. 2025)","Data centre facility, hyperscale, Virginia (Zhang et al. 2025) (blended)",422.32,82,blended,0.42232,0.57768,422.32,577.68,0.0,,172566616.63694096,3,1600092000.0,675750853.4399999,924341146.56,,carbon_api
2025-01-30 03:00:00,blended,"Data centre facility, hyperscale, Virginia (Zhang et al. 2025)","Data centre facility, hyperscale, Virginia (Zhang et al. 2025) (blended)",393.167,65,blended,0.393167,0.606833,393.167,606.833,0.0,,171375667.0695531,3,1600092000.0,629103371.364,970988628.6359999,,carbon_api
2025-01-30 03:30:00,blended,"Data centre facility, hyperscale, Virginia (Zhang et al. 2025)","Data centre facility, hyperscale, Virginia (Zhang et al. 2025) (blended)",393.167,78,blended,0.393167,0.606833,393.167,606.833,0.0,,176834390.37605298,3,1600092000.0,629103371.364,970988628.6359999,,carbon_api
2025-01-30 04:00:00,blended,"Data centre facility, hyperscale, Virginia (Zhang et al. 2025)","Data centre facility, hyperscale, Virginia (Zhang et al. 2025) (blended)",391.032,71,blended,0.391032,0.608968,391.032,608.968,0.0,,165424831.3026284,3,1600092000.0,625687174.944,974404825.0559999,,carbon_api
2025-01-30 04:30:00,blended,"Data centre facility, hyperscale, Virginia (Zhang et al. 2025)","Data centre facility, hyperscale, Virginia (Zhang et al. 2025) (blended)",391.032,65,blended,0.391032,0.608968,391.032,608.968,0.0,,168341809.87795082,3,1600092000.0,625687174.944,974404825.0559999,,carbon_api
2025-01-30 05:00:00,blended,"Data centre facility, hyperscale, Virginia (Zhang et al. 2025)","Data centre facility, hyperscale, Virginia (Zhang et al. 2025) (blended)",386.673,81,blended,0.386673,0.613327,386.673,613.327,0.0,,190537617.0636015,3,1600092000.0,618712373.916,981379626.0839999,,carbon_api
2025-01-30 05:30:00,blended,"Data centre facility, hyperscale, Virginia (Zhang et al. 2025)","Data centre facility, hyperscale, Virginia (Zhang et al. 2025) (blended)",386.673,123,blended,0.386673,0.613327,386.673,613.327,0.0,,238394624.41846132,3,1600092000.0,618712373.916,981379626.0839999,,carbon_api
2025-01-30 06:00:00,blended,"Data centre facility, hyperscale, Virginia (Zhang et al. 2025)","Data centre facility, hyperscale, Virginia (Zhang et al. 2025) (blended)",366.904,153,blended,0.366904,0.633096,366.904,633.096,0.0,,283563060.78234965,3,1600092000.0,587080155.168,1013011844.832,,carbon_api
2025-01-30 06:30:00,blended,"Data centre facility, hyperscale, Virginia (Zhang et al. 2025)","Data centre facility, hyperscale, Virginia (Zhang et al. 2025) (blended)",366.904,177,blended,0.366904,0.633096,366.904,633.096,0.0,,314352496.56958014,3,1600092000.0,587080155.168,1013011844.832,,carbon_api
2025-01-30 07:00:00,blended,"Data centre facility, hyperscale, Virginia (Zhang et al. 2025)","Data centre facility, hyperscale, Virginia (Zhang et al. 2025) (blended)",326.635,190,blended,0.326635,0.673365,326.635,673.365,0.0,,352088138.54924124,3,1600092000.0,522646050.42,1077445949.58,,carbon_api
2025-01-30 07:30:00,blended,"Data centre facility, hyperscale, Virginia (Zhang et al. 2025)","Data centre facility, hyperscale, Virginia (Zhang et al. 2025) (blended)",326.635,176,blended,0.326635,0.673365,326.635,673.365,0.0,,338192799.8021595,3,1600092000.0,522646050.42,1077445949.58,,carbon_api
2025-01-30 08:00:00,blended,"Data centre facility, hyperscale, Virginia (Zhang et al. 2025)","Data centre facility, hyperscale, Virginia (Zhang et al. 2025) (blended)",325.192,171,blended,0.325192,0.6748080000000001,325.192,674.8080000000001,0.0,,333317724.75292313,3,1600092000.0,520337117.664,1079754882.3360002,,carbon_api
2025-01-30 08:30:00,blended,"Data centre facility, hyperscale, Virginia (Zhang et al. 2025)","Data centre facility, hyperscale, Virginia (Zhang et al. 2025) (blended)",325.192,165,blended,0.325192,0.6748080000000001,325.192,674.8080000000001,0.0,,316585785.24427027,3,1600092000.0,520337117.664,1079754882.3360002,,carbon_api
2025-01-30 09:00:00,blended,"Data centre facility, hyperscale, Virginia (Zhang et al. 2025)","Data centre facility, hyperscale, Virginia (Zhang et al. 2025) (blended)",267.624,168,blended,0.26762400000000003,0.7323759999999999,267.624,732.3759999999999,0.0,,345305749.4473068,3,1600092000.0,428223021.40800005,1171868978.5919998,,carbon_api
2025-01-30 09:30:00,blended,"Data centre facility, hyperscale, Virginia (Zhang et al. 2025)","Data centre facility, hyperscale, Virginia (Zhang et al. 2025) (blended)",267.624,164,blended,0.26762400000000003,0.7323759999999999,267.624,732.3759999999999,0.0,,346968825.1668144,3,1600092000.0,428223021.40800005,1171868978.5919998,,carbon_api
2025-01-30 10:00:00,blended,"Data centre facility, hyperscale, Virginia (Zhang et al. 2025)","Data centre facility, hyperscale, Virginia (Zhang et al. 2025) (blended)",283.231,165,blended,0.283231,0.716769,283.231,716.769,0.0,,345640117.15445703,3,1600092000.0,453195657.25200003,1146896342.748,,carbon_api
2025-01-30 10:30:00,blended,"Data centre facility, hyperscale, Virginia (Zhang et al. 2025)","Data centre facility, hyperscale, Virginia (Zhang et al. 2025) (blended)",283.231,170,blended,0.283231,0.716769,283.231,716.769,0.0,,344247644.835744,3,1600092000.0,453195657.25200003,1146896342.748,,carbon_api
2025-01-30 11:00:00,blended,"Data centre facility, hyperscale, Virginia (Zhang et al. 2025)","Data centre facility, hyperscale, Virginia (Zhang et al. 2025) (blended)",331.588,161,blended,0.33158800000000005,0.668412,331.588,668.412,0.0,,316192826.7647087,3,1600092000.0,530571306.0960001,1069520693.904,,carbon_api
2025-01-30 11:30:00,blended,"Data centre facility, hyperscale, Virginia (Zhang et al. 2025)","Data centre facility, hyperscale, Virginia (Zhang et al. 2025) (blended)",331.588,168,blended,0.33158800000000005,0.668412,331.588,668.412,0.0,,303385589.1334793,3,1600092000.0,530571306.0960001,1069520693.904,,carbon_api
2025-01-30 12:00:00,blended,"Data centre facility, hyperscale, Virginia (Zhang et al. 2025)","Data centre facility, hyperscale, Virginia (Zhang et al. 2025) (blended)",336.758,168,blended,0.336758,0.663242,336.758,663.242,0.0,,302116120.38334894,3,1600092000.0,538843781.7360001,1061248218.2639999,,carbon_api
2025-01-30 12:30:00,blended,"Data centre facility, hyperscale, Virginia (Zhang et al. 2025)","Data centre facility, hyperscale, Virginia (Zhang et al. 2025) (blended)",336.758,167,blended,0.336758,0.663242,336.758,663.242,0.0,,303250753.57324046,3,1600092000.0,538843781.7360001,1061248218.2639999,,carbon_api
2025-01-30 13:00:00,blended,"Data centre facility, hyperscale, Virginia (Zhang et al. 2025)","Data centre facility, hyperscale, Virginia (Zhang et al. 2025) (blended)",315.191,170,blended,0.315191,0.684809,315.191,684.809,0.0,,316227467.6673855,3,1600092000.0,504334597.572,1095757402.428,,carbon_api
2025-01-30 13:30:00,blended,"Data centre facility, hyperscale, Virginia (Zhang et al. 2025)","Data centre facility, hyperscale, Virginia (Zhang et al. 2025) (blended)",315.191,178,blended,0.315191,0.684809,315.191,684.809,0.0,,349972808.4265189,3,1600092000.0,504334597.572,1095757402.428,,carbon_api
2025-01-30 14:00:00,blended,"Data centre facility, hyperscale, Virginia (Zhang et al. 2025)","Data centre facility, hyperscale, Virginia (Zhang et al. 2025) (blended)",299.955,185,blended,0.29995499999999997,0.700045,299.955,700.0450000000001,0.0,,366848982.28615695,3,1600092000.0,479955595.85999995,1120136404.14,,carbon_api
2025-01-30 14:30:00,blended,"Data centre facility, hyperscale, Virginia (Zhang et al. 2025)","Data centre facility, hyperscale, Virginia (Zhang et al. 2025) (blended)",299.955,186,blended,0.29995499999999997,0.700045,299.955,700.0450000000001,0.0,,370966085.03363514,3,1600092000.0,479955595.85999995,1120136404.14,,carbon_api
2025-01-30 15:00:00,blended,"Data centre facility, hyperscale, Virginia (Zhang et al. 2025)","Data centre facility, hyperscale, Virginia (Zhang et al. 2025) (blended)",296.356,193,blended,0.296356,0.7036439999999999,296.356,703.6439999999999,0.0,,382919958.7724734,3,1600092000.0,474196864.75200003,1125895135.248,,carbon_api
2025-01-30 15:30:00,blended,"Data centre facility, hyperscale, Virginia (Zhang et al. 2025)","Data centre facility, hyperscale, Virginia (Zhang et al. 2025) (blended)",296.356,210,blended,0.296356,0.7036439999999999,296.356,703.6439999999999,0.0,,392609529.68159586,3,1600092000.0,474196864.75200003,1125895135.248,,carbon_api
2025-01-30 16:00:00,blended,"Data centre facility, hyperscale, Virginia (Zhang et al. 2025)","Data centre facility, hyperscale, Virginia (Zhang et al. 2025) (blended)",322.597,215,blended,0.32259699999999997,0.677403,322.597,677.403,0.0,,386848000.7685371,3,1600092000.0,516184878.92399997,1083907121.076,,carbon_api
2025-01-30 16:30:00,blended,"Data centre facility, hyperscale, Virginia (Zhang et al. 2025)","Data centre facility, hyperscale, Virginia (Zhang et al. 2025) (blended)",322.597,213,blended,0.32259699999999997,0.677403,322.597,677.403,0.0,,381070001.495304,3,1600092000.0,516184878.92399997,1083907121.076,,carbon_api
2025-01-30 17:00:00,blended,"Data centre facility, hyperscale, Virginia (Zhang et al. 2025)","Data centre facility, hyperscale, Virginia (Zhang et al. 2025) (blended)",302.453,221,blended,0.30245299999999997,0.697547,302.453,697.547,0.0,,404400780.48573405,3,1600092000.0,483952625.67599994,1116139374.3240001,,carbon_api
2025-01-30 17:30:00,blended,"Data centre facility, hyperscale, Virginia (Zhang et al. 2025)","Data centre facility, hyperscale, Virginia (Zhang et al. 2025) (blended)",302.453,225,blended,0.30245299999999997,0.697547,302.453,697.547,0.0,,431861938.1850468,3,1600092000.0,483952625.67599994,1116139374.3240001,,carbon_api
2025-01-30 18:00:00,blended,"Data centre facility, hyperscale, Virginia (Zhang et al. 2025)","Data centre facility, hyperscale, Virginia (Zhang et al. 2025) (blended)",293.967,228,blended,0.293967,0.706033,293.967,706.033,0.0,,441565014.2156297,3,1600092000.0,470374244.964,1129717755.036,,carbon_api
2025-01-30 18:30:00,blended,"Data centre facility, hyperscale, Virginia (Zhang et al. 2025)","Data centre facility, hyperscale, Virginia (Zhang et al. 2025) (blended)",293.967,231,blended,0.293967,0.706033,293.967,706.033,0.0,,446093380.2868425,3,1600092000.0,470374244.964,1129717755.036,,carbon_api
2025-01-30 19:00:00,blended,"Data centre facility, hyperscale, Virginia (Zhang et al. 2025)","Data centre facility, hyperscale, Virginia (Zhang et al. 2025) (blended)",320.057,229,blended,0.32005700000000004,0.679943,320.057,679.943,0.0,,428430575.873715,3,1600092000.0,512120645.2440001,1087971354.756,,carbon_api
2025-01-30 19:30:00,blended,"Data centre facility, hyperscale, Virginia (Zhang et al. 2025)","Data centre facility, hyperscale, Virginia (Zhang et al. 2025) (blended)",320.057,225,blended,0.32005700000000004,0.679943,320.057,679.943,0.0,,422353074.0866745,3,1600092000.0,512120645.2440001,1087971354.756,,carbon_api
2025-01-30 20:00:00,blended,"Data centre facility, hyperscale, Virginia (Zhang et al. 2025)","Data centre facility, hyperscale, Virginia (Zhang et al. 2025) (blended)",343.209,223,blended,0.343209,0.656791,343.209,656.791,0.0,,406118263.70070666,3,1600092000.0,549165975.2279999,1050926024.7720001,,carbon_api
2025-01-30 20:30:00,blended,"Data centre facility, hyperscale, Virginia (Zhang et al. 2025)","Data centre facility, hyperscale, Virginia (Zhang et al. 2025) (blended)",343.209,217,blended,0.343209,0.656791,343.209,656.791,0.0,,400060754.3718232,3,1600092000.0,549165975.2279999,1050926024.7720001,,carbon_api
2025-01-30 21:00:00,blended,"Data centre facility, hyperscale, Virginia (Zhang et al. 2025)","Data centre facility, hyperscale, Virginia (Zhang et al. 2025) (blended)",355.704,208,blended,0.355704,0.644296,355.704,644.2959999999999,0.0,,381223032.7765784,3,1600092000.0,569159124.768,1030932875.232,,carbon_api
2025-01-30 21:30:00,blended,"Data centre facility, hyperscale, Virginia (Zhang et al. 2025)","Data centre facility, hyperscale, Virginia (Zhang et al. 2025) (blended)",355.704,207,blended,0.355704,0.644296,355.704,644.2959999999999,0.0,,382605550.66935396,3,1600092000.0,569159124.768,1030932875.232,,carbon_api
2025-01-30 22:00:00,blended,"Data centre facility, hyperscale, Virginia (Zhang et al. 2025)","Data centre facility, hyperscale, Virginia (Zhang et al. 2025) (blended)",358.105,193,blended,0.358105,0.641895,358.105,641.895,0.0,,362069851.3061132,3,1600092000.0,573000945.66,1027091054.34,,carbon_api
2025-01-30 22:30:00,blended,"Data centre facility, hyperscale, Virginia (Zhang et al. 2025)","Data centre facility, hyperscale, Virginia (Zhang et al. 2025) (blended)",358.105,169,blended,0.358105,0.641895,358.105,641.895,0.0,,327742828.8268527,3,1600092000.0,573000945.66,1027091054.34,,carbon_api
2025-01-30 23:00:00,blended,"Data centre facility, hyperscale, Virginia (Zhang et al. 2025)","Data centre facility, hyperscale, Virginia (Zhang et al. 2025) (blended)",325.177,153,blended,0.325177,0.674823,325.177,674.823,0.0,,318839902.7698332,3,1600092000.0,520313116.284,1079778883.7159998,,carbon_api
2025-01-30 23:30:00,blended,"Data centre facility, hyperscale, Virginia (Zhang et al. 2025)","Data centre facility, hyperscale, Virginia (Zhang et al. 2025) (blended)",325.177,151,blended,0.325177,0.674823,325.177,674.823,0.0,,316485342.73914975,3,1600092000.0,520313116.284,1079778883.7159998,,carbon_api
2025-01-31 00:00:00,blended,"Data centre facility, hyperscale, Virginia (Zhang et al. 2025)","Data centre facility, hyperscale, Virginia (Zhang et al. 2025) (blended)",278.498,145,blended,0.27849799999999997,0.7215020000000001,278.498,721.5020000000001,0.0,,327055226.2507524,3,1600092000.0,445622421.8159999,1154469578.1840003,,carbon_api
2025-01-31 00:30:00,blended,"Data centre facility, hyperscale, Virginia (Zhang et al. 2025)","Data centre facility, hyperscale, Virginia (Zhang et al. 2025) (blended)",278.498,150,blended,0.27849799999999997,0.7215020000000001,278.498,721.5020000000001,0.0,,333467907.38167584,3,1600092000.0,445622421.8159999,1154469578.1840003,,carbon_api
2025-01-31 01:00:00,blended,"Data centre facility, hyperscale, Virginia (Zhang et al. 2025)","Data centre facility, hyperscale, Virginia (Zhang et al. 2025) (blended)",266.04,151,blended,0.26604,0.73396,266.04,733.9599999999999,0.0,,340130611.53400314,3,1600092000.0,425688475.68,1174403524.32,,carbon_api
2025-01-31 01:30:00,blended,"Data centre facility, hyperscale, Virginia (Zhang et al. 2025)","Data centre facility, hyperscale, Virginia (Zhang et al. 2025) (blended)",266.04,146,blended,0.26604,0.73396,266.04,733.9599999999999,0.0,,331632789.8891215,3,1600092000.0,425688475.68,1174403524.32,,carbon_api
2025-01-31 02:00:00,blended,"Data centre facility, hyperscale, Virginia (Zhang et al. 2025)","Data centre facility, hyperscale, Virginia (Zhang et al. 2025) (blended)",294.623,144,blended,0.29462299999999997,0.705377,294.623,705.3770000000001,0.0,,317052787.4304057,3,1600092000.0,471423905.3159999,1128668094.684,,carbon_api
2025-01-31 02:30:00,blended,"Data centre facility, hyperscale, Virginia (Zhang et al. 2025)","Data centre facility, hyperscale, Virginia (Zhang et al. 2025) (blended)",294.623,150,blended,0.29462299999999997,0.705377,294.623,705.3770000000001,0.0,,323770370.65611714,3,1600092000.0,471423905.3159999,1128668094.684,,carbon_api
2025-01-31 03:00:00,blended,"Data centre facility, hyperscale, Virginia (Zhang et al. 2025)","Data centre facility, hyperscale, Virginia (Zhang et al. 2025) (blended)",357.505,147,blended,0.357505,0.642495,357.505,642.495,0.0,,294040255.6060745,3,1600092000.0,572040890.46,1028051109.5400001,,carbon_api
2025-01-31 03:30:00,blended,"Data centre facility, hyperscale, Virginia (Zhang et al. 2025)","Data centre facility, hyperscale, Virginia (Zhang et al. 2025) (blended)",357.505,162,blended,0.357505,0.642495,357.505,642.495,0.0,,303796365.62781733,3,1600092000.0,572040890.46,1028051109.5400001,,carbon_api
2025-01-31 04:00:00,blended,"Data centre facility, hyperscale, Virginia (Zhang et al. 2025)","Data centre facility, hyperscale, Virginia (Zhang et al. 2025) (blended)",412.743,175,blended,0.41274299999999997,0.587257,412.743,587.2570000000001,0.0,,288749327.21564746,3,1600092000.0,660426772.356,939665227.644,,carbon_api
2025-01-31 04:30:00,blended,"Data centre facility, hyperscale, Virginia (Zhang et al. 2025)","Data centre facility, hyperscale, Virginia (Zhang et al. 2025) (blended)",412.743,191,blended,0.41274299999999997,0.587257,412.743,587.2570000000001,0.0,,302636863.47150445,3,1600092000.0,660426772.356,939665227.644,,carbon_api
2025-01-31 05:00:00,blended,"Data centre facility, hyperscale, Virginia (Zhang et al. 2025)","Data centre facility, hyperscale, Virginia (Zhang et al. 2025) (blended)",487.253,164,blended,0.487253,0.5127470000000001,487.253,512.7470000000001,0.0,,254197062.92271107,3,1600092000.0,779649627.276,820442372.7240001,,carbon_api
2025-01-31 05:30:00,blended,"Data centre facility, hyperscale, Virginia (Zhang et al. 2025)","Data centre facility, hyperscale, Virginia (Zhang et al. 2025) (blended)",487.253,206,blended,0.487253,0.5127470000000001,487.253,512.7470000000001,0.0,,290010304.32157964,3,1600092000.0,779649627.276,820442372.7240001,,carbon_api
2025-01-31 06:00:00,blended,"Data centre facility, hyperscale, Virginia (Zhang et al. 2025)","Data centre facility, hyperscale, Virginia (Zhang et al. 2025) (blended)",492.31,231,blended,0.49231,0.50769,492.31,507.69,0.0,,316276694.81719434,3,1600092000.0,787741292.5200001,812350707.4799999,,carbon_api
2025-01-31 06:30:00,blended,"Data centre facility, hyperscale, Virginia (Zhang et al. 2025)","Data centre facility, hyperscale, Virginia (Zhang et al. 2025) (blended)",492.31,223,blended,0.49231,0.50769,492.31,507.69,0.0,,316183192.4533079,3,1600092000.0,787741292.5200001,812350707.4799999,,carbon_api
2025-01-31 07:00:00,blended,"Data centre facility, hyperscale, Virginia (Zhang et al. 2025)","Data centre facility, hyperscale, Virginia (Zhang et al. 2025) (blended)",379.801,229,blended,0.379801,0.620199,379.801,620.199,0.0,,385565536.5194563,3,1600092000.0,607716541.692,992375458.308,,carbon_api
2025-01-31 07:30:00,blended,"Data centre facility, hyperscale, Virginia (Zhang et al. 2025)","Data centre facility, hyperscale, Virginia (Zhang et al. 2025) (blended)",379.801,208,blended,0.379801,0.620199,379.801,620.199,0.0,,359016439.2457926,3,1600092000.0,607716541.692,992375458.308,,carbon_api
2025-01-31 08:00:00,blended,"Data centre facility, hyperscale, Virginia (Zhang et al. 2025)","Data centre facility, hyperscale, Virginia (Zhang et al. 2025) (blended)",264.073,200,blended,0.264073,0.735927,264.073,735.927,0.0,,412038839.21851087,3,1600092000.0,422541094.716,1177550905.284,,carbon_api
2025-01-31 08:30:00,blended,"Data centre facility, hyperscale, Virginia (Zhang et al. 2025)","Data centre facility, hyperscale, Virginia (Zhang et al. 2025) (blended)",264.073,204,blended,0.264073,0.735927,264.073,735.927,0.0,,399606208.5856273,3,1600092000.0,422541094.716,1177550905.284,,carbon_api
2025-01-31 09:00:00,blended,"Data centre facility, hyperscale, Virginia (Zhang et al. 2025)","Data centre facility, hyperscale, Virginia (Zhang et al. 2025) (blended)",207.119,204,blended,0.207119,0.792881,207.119,792.881,0.0,,436202246.96983695,3,1600092000.0,331409454.948,1268682545.0519998,,carbon_api
2025-01-31 09:30:00,blended,"Data centre facility, hyperscale, Virginia (Zhang et al. 2025)","Data centre facility, hyperscale, Virginia (Zhang et al. 2025) (blended)",207.119,204,blended,0.207119,0.792881,207.119,792.881,0.0,,432587661.0654456,3,1600092000.0,331409454.948,1268682545.0519998,,carbon_api
2025-01-31 10:00:00,blended,"Data centre facility, hyperscale, Virginia (Zhang et al. 2025)","Data centre facility, hyperscale, Virginia (Zhang et al. 2025) (blended)",148.806,202,blended,0.14880600000000002,0.851194,148.806,851.194,0.0,,448281995.9922564,3,1600092000.0,238103290.15200004,1361988709.848,,carbon_api
2025-01-31 10:30:00,blended,"Data centre facility, hyperscale, Virginia (Zhang et al. 2025)","Data centre facility, hyperscale, Virginia (Zhang et al. 2025) (blended)",148.806,206,blended,0.14880600000000002,0.851194,148.806,851.194,0.0,,456743208.00535995,3,1600092000.0,238103290.15200004,1361988709.848,,carbon_api
2025-01-31 11:00:00,blended,"Data centre facility, hyperscale, Virginia (Zhang et al. 2025)","Data centre facility, hyperscale, Virginia (Zhang et al. 2025) (blended)",143.992,201,blended,0.14399199999999998,0.856008,143.992,856.008,0.0,,452319880.0852934,3,1600092000.0,230400447.26399997,1369691552.736,,carbon_api
2025-01-31 11:30:00,blended,"Data centre facility, hyperscale, Virginia (Zhang et al. 2025)","Data centre facility, hyperscale, Virginia (Zhang et al. 2025) (blended)",143.992,206,blended,0.14399199999999998,0.856008,143.992,856.008,0.0,,458724436.07532525,3,1600092000.0,230400447.26399997,1369691552.736,,carbon_api
2025-01-31 12:00:00,blended,"Data centre facility, hyperscale, Virginia (Zhang et al. 2025)","Data centre facility, hyperscale, Virginia (Zhang et al. 2025) (blended)",139.798,206,blended,0.139798,0.860202,139.798,860.202,0.0,,460587532.0377509,3,1600092000.0,223689661.416,1376402338.584,,carbon_api
2025-01-31 12:30:00,blended,"Data centre facility, hyperscale, Virginia (Zhang et al. 2025)","Data centre facility, hyperscale, Virginia (Zhang et al. 2025) (blended)",139.798,202,blended,0.139798,0.860202,139.798,860.202,0.0,,455034793.0676813,3,1600092000.0,223689661.416,1376402338.584,,carbon_api
2025-01-31 13:00:00,blended,"Data centre facility, hyperscale, Virginia (Zhang et al. 2025)","Data centre facility, hyperscale, Virginia (Zhang et al. 2025) (blended)",117.684,201,blended,0.117684,0.882316,117.684,882.316,0.0,,461674406.38895476,3,1600092000.0,188305226.928,1411786773.072,,carbon_api
2025-01-31 13:30:00,blended,"Data centre facility, hyperscale, Virginia (Zhang et al. 2025)","Data centre facility, hyperscale, Virginia (Zhang et al. 2025) (blended)",117.684,206,blended,0.117684,0.882316,117.684,882.316,0.0,,468856171.7251155,3,1600092000.0,188305226.928,1411786773.072,,carbon_api
2025-01-31 14:00:00,blended,"Data centre facility, hyperscale, Virginia (Zhang et al. 2025)","Data centre facility, hyperscale, Virginia (Zhang et al. 2025) (blended)",79.994,204,blended,0.079994,0.920006,79.994,920.006,0.0,,481012359.0870084,3,1600092000.0,127997759.448,1472094240.552,,carbon_api
2025-01-31 14:30:00,blended,"Data centre facility, hyperscale, Virginia (Zhang et al. 2025)","Data centre facility, hyperscale, Virginia (Zhang et al. 2025) (blended)",79.994,200,blended,0.079994,0.920006,79.994,920.006,0.0,,471379866.74189526,3,1600092000.0,127997759.448,1472094240.552,,carbon_api
2025-01-31 15:00:00,blended,"Data centre facility, hyperscale, Virginia (Zhang et al. 2025)","Data centre facility, hyperscale, Virginia (Zhang et al. 2025) (blended)",61.079,201,blended,0.061079,0.938921,61.079,938.921,0.0,,482481523.70807415,3,1600092000.0,97732019.268,1502359980.732,,carbon_api
2025-01-31 15:30:00,blended,"Data centre facility, hyperscale, Virginia (Zhang et al. 2025)","Data centre facility, hyperscale, Virginia (Zhang et al. 2025) (blended)",61.079,203,blended,0.061079,0.938921,61.079,938.921,0.0,,483148688.88128155,3,1600092000.0,97732019.268,1502359980.732,,carbon_api
2025-01-31 16:00:00,blended,"Data centre facility, hyperscale, Virginia (Zhang et al. 2025)","Data centre facility, hyperscale, Virginia (Zhang et al. 2025) (blended)",57.835,209,blended,0.057835,0.942165,57.835,942.1650000000001,0.0,,497781424.41417515,3,1600092000.0,92541320.82,1507550679.18,,carbon_api
2025-01-31 16:30:00,blended,"Data centre facility, hyperscale, Virginia (Zhang et al. 2025)","Data centre facility, hyperscale, Virginia (Zhang et al. 2025) (blended)",57.835,224,blended,0.057835,0.942165,57.835,942.1650000000001,0.0,,522533311.53158826,3,1600092000.0,92541320.82,1507550679.18,,carbon_api
2025-01-31 17:00:00,blended,"Data centre facility, hyperscale, Virginia (Zhang et al. 2025)","Data centre facility, hyperscale, Virginia (Zhang et al. 2025) (blended)",54.041,227,blended,0.054041,0.945959,54.041,945.959,0.0,,573966164.3907981,3,1600092000.0,86470571.772,1513621428.228,,carbon_api
2025-01-31 17:30:00,blended,"Data centre facility, hyperscale, Virginia (Zhang et al. 2025)","Data centre facility, hyperscale, Virginia (Zhang et al. 2025) (blended)",54.041,226,blended,0.054041,0.945959,54.041,945.959,0.0,,528478918.3662512,3,1600092000.0,86470571.772,1513621428.228,,carbon_api
2025-01-31 18:00:00,blended,"Data centre facility, hyperscale, Virginia (Zhang et al. 2025)","Data centre facility, hyperscale, Virginia (Zhang et al. 2025) (blended)",49.471,232,blended,0.049470999999999994,0.950529,49.471,950.529,0.0,,557585859.4929891,3,1600092000.0,79158151.33199999,1520933848.668,,carbon_api
2025-01-31 18:30:00,blended,"Data centre facility, hyperscale, Virginia (Zhang et al. 2025)","Data centre facility, hyperscale, Virginia (Zhang et al. 2025) (blended)",49.471,240,blended,0.049470999999999994,0.950529,49.471,950.529,0.0,,565247837.9806889,3,1600092000.0,79158151.33199999,1520933848.668,,carbon_api
2025-01-31 19:00:00,blended,"Data centre facility, hyperscale, Virginia (Zhang et al. 2025)","Data centre facility, hyperscale, Virginia (Zhang et al. 2025) (blended)",46.307,241,blended,0.046307,0.953693,46.307,953.693,0.0,,610221303.9130032,3,1600092000.0,74095460.244,1525996539.756,,carbon_api
2025-01-31 19:30:00,blended,"Data centre facility, hyperscale, Virginia (Zhang et al. 2025)","Data centre facility, hyperscale, Virginia (Zhang et al. 2025) (blended)",46.307,242,blended,0.046307,0.953693,46.307,953.693,0.0,,607733843.4128174,3,1600092000.0,74095460.244,1525996539.756,,carbon_api
2025-01-31 20:00:00,blended,"Data centre facility, hyperscale, Virginia (Zhang et al. 2025)","Data centre facility, hyperscale, Virginia (Zhang et al. 2025) (blended)",42.205,244,blended,0.042205,0.957795,42.205,957.795,0.0,,608855892.2353995,3,1600092000.0,67531882.86,1532560117.1399999,,carbon_api
2025-01-31 20:30:00,blended,"Data centre facility, hyperscale, Virginia (Zhang et al. 2025)","Data centre facility, hyperscale, Virginia (Zhang et al. 2025) (blended)",42.205,236,blended,0.042205,0.957795,42.205,957.795,0.0,,599714598.4002092,3,1600092000.0,67531882.86,1532560117.1399999,,carbon_api
2025-01-31 21:00:00,blended,"Data centre facility, hyperscale, Virginia (Zhang et al. 2025)","Data centre facility, hyperscale, Virginia (Zhang et al. 2025) (blended)",41.733,229,blended,0.041733,0.958267,41.733,958.2669999999999,0.0,,584090686.3605336,3,1600092000.0,66776639.436,1533315360.564,,carbon_api
2025-01-31 21:30:00,blended,"Data centre facility, hyperscale, Virginia (Zhang et al. 2025)","Data centre facility, hyperscale, Virginia (Zhang et al. 2025) (blended)",41.733,238,blended,0.041733,0.958267,41.733,958.2669999999999,0.0,,595382929.6755072,3,1600092000.0,66776639.436,1533315360.564,,carbon_api
2025-01-31 22:00:00,blended,"Data centre facility, hyperscale, Virginia (Zhang et al. 2025)","Data centre facility, hyperscale, Virginia (Zhang et al. 2025) (blended)",50.119,230,blended,0.050119,0.949881,50.119,949.881,0.0,,571439242.3747902,3,1600092000.0,80195010.948,1519896989.052,,carbon_api
2025-01-31 22:30:00,blended,"Data centre facility, hyperscale, Virginia (Zhang et al. 2025)","Data centre facility, hyperscale, Virginia (Zhang et al. 2025) (blended)",50.119,196,blended,0.050119,0.949881,50.119,949.881,0.0,,516062558.513308,3,1600092000.0,80195010.948,1519896989.052,,carbon_api
2025-01-31 23:00:00,blended,"Data centre facility, hyperscale, Virginia (Zhang et al. 2025)","Data centre facility, hyperscale, Virginia (Zhang et al. 2025) (blended)",57.983,181,blended,0.057983,0.942017,57.983,942.0169999999999,0.0,,484261411.3756606,3,1600092000.0,92778134.436,1507313865.564,,carbon_api
2025-01-31 23:30:00,blended,"Data centre facility, hyperscale, Virginia (Zhang et al. 2025)","Data centre facility, hyperscale, Virginia (Zhang et al. 2025) (blended)",57.983,168,blended,0.057983,0.942017,57.983,942.0169999999999,0.0,,454824385.9340228,3,1600092000.0,92778134.436,1507313865.564,,carbon_api
2025-02-01 00:00:00,blended,"Data centre facility, hyperscale, Virginia (Zhang et al. 2025)","Data centre facility, hyperscale, Virginia (Zhang et al. 2025) (blended)",59.969,174,blended,0.059969,0.940031,59.969,940.031,0.0,,465820598.3414524,3,1600092000.0,95955917.148,1504136082.852,,carbon_api
2025-02-01 00:30:00,blended,"Data centre facility, hyperscale, Virginia (Zhang et al. 2025)","Data centre facility, hyperscale, Virginia (Zhang et al. 2025) (blended)",59.969,171,blended,0.059969,0.940031,59.969,940.031,0.0,,461050819.98707116,3,1600092000.0,95955917.148,1504136082.852,,carbon_api
2025-02-01 01:00:00,blended,"Data centre facility, hyperscale, Virginia (Zhang et al. 2025)","Data centre facility, hyperscale, Virginia (Zhang et al. 2025) (blended)",67.65,169,blended,0.06765,0.93235,67.65,932.35,0.0,,454370002.63888115,3,1600092000.0,108246223.8,1491845776.2,,carbon_api
2025-02-01 01:30:00,blended,"Data centre facility, hyperscale, Virginia (Zhang et al. 2025)","Data centre facility, hyperscale, Virginia (Zhang et al. 2025) (blended)",67.65,168,blended,0.06765,0.93235,67.65,932.35,0.0,,448152925.26595473,3,1600092000.0,108246223.8,1491845776.2,,carbon_api
2025-02-01 02:00:00,blended,"Data centre facility, hyperscale, Virginia (Zhang et al. 2025)","Data centre facility, hyperscale, Virginia (Zhang et al. 2025) (blended)",80.203,172,blended,0.080203,0.919797,80.203,919.797,0.0,,446866421.54565525,3,1600092000.0,128332178.676,1471759821.324,,carbon_api
2025-02-01 02:30:00,blended,"Data centre facility, hyperscale, Virginia (Zhang et al. 2025)","Data centre facility, hyperscale, Virginia (Zhang et al. 2025) (blended)",80.203,183,blended,0.080203,0.919797,80.203,919.797,0.0,,464184530.827459,3,1600092000.0,128332178.676,1471759821.324,,carbon_api
2025-02-01 03:00:00,blended,"Data centre facility, hyperscale, Virginia (Zhang et al. 2025)","Data centre facility, hyperscale, Virginia (Zhang et al. 2025) (blended)",96.837,176,blended,0.096837,0.9031629999999999,96.837,903.1629999999999,0.0,,442230926.8798435,3,1600092000.0,154948109.004,1445143890.9959998,,carbon_api
2025-02-01 03:30:00,blended,"Data centre facility, hyperscale, Virginia (Zhang et al. 2025)","Data centre facility, hyperscale, Virginia (Zhang et al. 2025) (blended)",96.837,194,blended,0.096837,0.9031629999999999,96.837,903.1629999999999,0.0,,460492539.2571041,3,1600092000.0,154948109.004,1445143890.9959998,,carbon_api
2025-02-01 04:00:00,blended,"Data centre facility, hyperscale, Virginia (Zhang et al. 2025)","Data centre facility, hyperscale, Virginia (Zhang et al. 2025) (blended)",110.538,199,blended,0.110538,0.889462,110.538,889.462,0.0,,464210984.72410023,3,1600092000.0,176870969.496,1423221030.504,,carbon_api
2025-02-01 04:30:00,blended,"Data centre facility, hyperscale, Virginia (Zhang et al. 2025)","Data centre facility, hyperscale, Virginia (Zhang et al. 2025) (blended)",110.538,223,blended,0.110538,0.889462,110.538,889.462,0.0,,500071556.1058872,3,1600092000.0,176870969.496,1423221030.504,,carbon_api
2025-02-01 05:00:00,blended,"Data centre facility, hyperscale, Virginia (Zhang et al. 2025)","Data centre facility, hyperscale, Virginia (Zhang et al. 2025) (blended)",117.716,227,blended,0.11771599999999999,0.8822840000000001,117.716,882.2840000000001,0.0,,504137013.52484846,3,1600092000.0,188356429.87199998,1411735570.128,,carbon_api
2025-02-01 05:30:00,blended,"Data centre facility, hyperscale, Virginia (Zhang et al. 2025)","Data centre facility, hyperscale, Virginia (Zhang et al. 2025) (blended)",117.716,230,blended,0.11771599999999999,0.8822840000000001,117.716,882.2840000000001,0.0,,509832281.5845526,3,1600092000.0,188356429.87199998,1411735570.128,,carbon_api
2025-02-01 06:00:00,blended,"Data centre facility, hyperscale, Virginia (Zhang et al. 2025)","Data centre facility, hyperscale, Virginia (Zhang et al. 2025) (blended)",119.674,229,blended,0.119674,0.8803259999999999,119.674,880.3259999999999,0.0,,506995252.1723131,3,1600092000.0,191489410.00800002,1408602589.9919999,,carbon_api
2025-02-01 06:30:00,blended,"Data centre facility, hyperscale, Virginia (Zhang et al. 2025)","Data centre facility, hyperscale, Virginia (Zhang et al. 2025) (blended)",119.674,221,blended,0.119674,0.8803259999999999,119.674,880.3259999999999,0.0,,499397396.1520527,3,1600092000.0,191489410.00800002,1408602589.9919999,,carbon_api
2025-02-01 07:00:00,blended,"Data centre facility, hyperscale, Virginia (Zhang et al. 2025)","Data centre facility, hyperscale, Virginia (Zhang et al. 2025) (blended)",130.412,214,blended,0.130412,0.869588,130.412,869.5880000000001,0.0,,478359424.14703363,3,1600092000.0,208671197.904,1391420802.096,,carbon_api
2025-02-01 07:30:00,blended,"Data centre facility, hyperscale, Virginia (Zhang et al. 2025)","Data centre facility, hyperscale, Virginia (Zhang et al. 2025) (blended)",130.412,211,blended,0.130412,0.869588,130.412,869.5880000000001,0.0,,470723005.0193618,3,1600092000.0,208671197.904,1391420802.096,,carbon_api
2025-02-01 08:00:00,blended,"Data centre facility, hyperscale, Virginia (Zhang et al. 2025)","Data centre facility, hyperscale, Virginia (Zhang et al. 2025) (blended)",130.589,216,blended,0.130589,0.8694109999999999,130.589,869.411,0.0,,478323853.3436927,3,1600092000.0,208954414.18800002,1391137585.8119998,,carbon_api
2025-02-01 08:30:00,blended,"Data centre facility, hyperscale, Virginia (Zhang et al. 2025)","Data centre facility, hyperscale, Virginia (Zhang et al. 2025) (blended)",130.589,207,blended,0.130589,0.8694109999999999,130.589,869.411,0.0,,463050407.3111809,3,1600092000.0,208954414.18800002,1391137585.8119998,,carbon_api
2025-02-01 09:00:00,blended,"Data centre facility, hyperscale, Virginia (Zhang et al. 2025)","Data centre facility, hyperscale, Virginia (Zhang et al. 2025) (blended)",130.609,206,blended,0.130609,0.869391,130.609,869.3910000000001,0.0,,465091165.6045813,3,1600092000.0,208986416.028,1391105583.9720001,,carbon_api
2025-02-01 09:30:00,blended,"Data centre facility, hyperscale, Virginia (Zhang et al. 2025)","Data centre facility, hyperscale, Virginia (Zhang et al. 2025) (blended)",130.609,199,blended,0.130609,0.869391,130.609,869.3910000000001,0.0,,454818804.169736,3,1600092000.0,208986416.028,1391105583.9720001,,carbon_api
2025-02-01 10:00:00,blended,"Data centre facility, hyperscale, Virginia (Zhang et al. 2025)","Data centre facility, hyperscale, Virginia (Zhang et al. 2025) (blended)",143.994,188,blended,0.143994,0.856006,143.994,856.0060000000001,0.0,,436504668.1532793,3,1600092000.0,230403647.448,1369688352.552,,carbon_api
2025-02-01 10:30:00,blended,"Data centre facility, hyperscale, Virginia (Zhang et al. 2025)","Data centre facility, hyperscale, Virginia (Zhang et al. 2025) (blended)",143.994,179,blended,0.143994,0.856006,143.994,856.0060000000001,0.0,,428538511.2857562,3,1600092000.0,230403647.448,1369688352.552,,carbon_api
2025-02-01 11:00:00,blended,"Data centre facility, hyperscale, Virginia (Zhang et al. 2025)","Data centre facility, hyperscale, Virginia (Zhang et al. 2025) (blended)",153.661,185,blended,0.153661,0.846339,153.661,846.3389999999999,0.0,,436000517.8717169,3,1600092000.0,245871736.81199998,1354220263.188,,carbon_api
2025-02-01 11:30:00,blended,"Data centre facility, hyperscale, Virginia (Zhang et al. 2025)","Data centre facility, hyperscale, Virginia (Zhang et al. 2025) (blended)",153.661,182,blended,0.153661,0.846339,153.661,846.3389999999999,0.0,,436354033.27712446,3,1600092000.0,245871736.81199998,1354220263.188,,carbon_api
2025-02-01 12:00:00,blended,"Data centre facility, hyperscale, Virginia (Zhang et al. 2025)","Data centre facility, hyperscale, Virginia (Zhang et al. 2025) (blended)",164.128,192,blended,0.164128,0.835872,164.128,835.872,0.0,,446465453.3958647,3,1600092000.0,262619899.776,1337472100.224,,carbon_api
2025-02-01 12:30:00,blended,"Data centre facility, hyperscale, Virginia (Zhang et al. 2025)","Data centre facility, hyperscale, Virginia (Zhang et al. 2025) (blended)",164.128,209,blended,0.164128,0.835872,164.128,835.872,0.0,,474099726.35547435,3,1600092000.0,262619899.776,1337472100.224,,carbon_api
2025-02-01 13:00:00,blended,"Data centre facility, hyperscale, Virginia (Zhang et al. 2025)","Data centre facility, hyperscale, Virginia (Zhang et al. 2025) (blended)",170.471,205,blended,0.170471,0.829529,170.471,829.529,0.0,,466577263.2907318,3,1600092000.0,272769283.332,1327322716.668,,carbon_api
2025-02-01 13:30:00,blended,"Data centre facility, hyperscale, Virginia (Zhang et al. 2025)","Data centre facility, hyperscale, Virginia (Zhang et al. 2025) (blended)",170.471,211,blended,0.170471,0.829529,170.471,829.529,0.0,,478241963.17568624,3,1600092000.0,272769283.332,1327322716.668,,carbon_api
2025-02-01 14:00:00,blended,"Data centre facility, hyperscale, Virginia (Zhang et al. 2025)","Data centre facility, hyperscale, Virginia (Zhang et al. 2025) (blended)",174.766,213,blended,0.174766,0.825234,174.766,825.234,0.0,,477663338.658479,3,1600092000.0,279641678.472,1320450321.528,,carbon_api
2025-02-01 14:30:00,blended,"Data centre facility, hyperscale, Virginia (Zhang et al. 2025)","Data centre facility, hyperscale, Virginia (Zhang et al. 2025) (blended)",174.766,224,blended,0.174766,0.825234,174.766,825.234,0.0,,494740245.30777824,3,1600092000.0,279641678.472,1320450321.528,,carbon_api
2025-02-01 15:00:00,blended,"Data centre facility, hyperscale, Virginia (Zhang et al. 2025)","Data centre facility, hyperscale, Virginia (Zhang et al. 2025) (blended)",163.245,230,blended,0.163245,0.836755,163.245,836.755,0.0,,510685351.8790157,3,1600092000.0,261207018.54,1338884981.46,,carbon_api
2025-02-01 15:30:00,blended,"Data centre facility, hyperscale, Virginia (Zhang et al. 2025)","Data centre facility, hyperscale, Virginia (Zhang et al. 2025) (blended)",163.245,226,blended,0.163245,0.836755,163.245,836.755,0.0,,502394723.44001436,3,1600092000.0,261207018.54,1338884981.46,,carbon_api
2025-02-01 16:00:00,blended,"Data centre facility, hyperscale, Virginia (Zhang et al. 2025)","Data centre facility, hyperscale, Virginia (Zhang et al. 2025) (blended)",218.708,230,blended,0.21870799999999999,0.781292,218.708,781.292,0.0,,476968281.4547608,3,1600092000.0,349952921.136,1250139078.864,,carbon_api
2025-02-01 16:30:00,blended,"Data centre facility, hyperscale, Virginia (Zhang et al. 2025)","Data centre facility, hyperscale, Virginia (Zhang et al. 2025) (blended)",218.708,235,blended,0.21870799999999999,0.781292,218.708,781.292,0.0,,481406237.0005567,3,1600092000.0,349952921.136,1250139078.864,,carbon_api
2025-02-01 17:00:00,blended,"Data centre facility, hyperscale, Virginia (Zhang et al. 2025)","Data centre facility, hyperscale, Virginia (Zhang et al. 2025) (blended)",288.874,236,blended,0.288874,0.7111259999999999,288.874,711.126,0.0,,442312863.7593215,3,1600092000.0,462224976.40800005,1137867023.5919998,,carbon_api
2025-02-01 17:30:00,blended,"Data centre facility, hyperscale, Virginia (Zhang et al. 2025)","Data centre facility, hyperscale, Virginia (Zhang et al. 2025) (blended)",288.874,252,blended,0.288874,0.7111259999999999,288.874,711.126,0.0,,454352969.18437713,3,1600092000.0,462224976.40800005,1137867023.5919998,,carbon_api
2025-02-01 18:00:00,blended,"Data centre facility, hyperscale, Virginia (Zhang et al. 2025)","Data centre facility, hyperscale, Virginia (Zhang et al. 2025) (blended)",325.955,250,blended,0.325955,0.674045,325.955,674.045,0.0,,429294791.2179705,3,1600092000.0,521557987.86,1078534012.14,,carbon_api
2025-02-01 18:30:00,blended,"Data centre facility, hyperscale, Virginia (Zhang et al. 2025)","Data centre facility, hyperscale, Virginia (Zhang et al. 2025) (blended)",325.955,250,blended,0.325955,0.674045,325.955,674.045,0.0,,423953894.9045489,3,1600092000.0,521557987.86,1078534012.14,,carbon_api
2025-02-01 19:00:00,blended,"Data centre facility, hyperscale, Virginia (Zhang et al. 2025)","Data centre facility, hyperscale, Virginia (Zhang et al. 2025) (blended)",354.993,245,blended,0.354993,0.645007,354.993,645.007,0.0,,399867537.02206725,3,1600092000.0,568021459.356,1032070540.644,,carbon_api
2025-02-01 19:30:00,blended,"Data centre facility, hyperscale, Virginia (Zhang et al. 2025)","Data centre facility, hyperscale, Virginia (Zhang et al. 2025) (blended)",354.993,243,blended,0.354993,0.645007,354.993,645.007,0.0,,396207140.62710816,3,1600092000.0,568021459.356,1032070540.644,,carbon_api
2025-02-01 20:00:00,blended,"Data centre facility, hyperscale, Virginia (Zhang et al. 2025)","Data centre facility, hyperscale, Virginia (Zhang et al. 2025) (blended)",367.959,234,blended,0.367959,0.6320410000000001,367.959,632.041,0.0,,374913403.05106014,3,1600092000.0,588768252.2279999,1011323747.7720001,,carbon_api
2025-02-01 20:30:00,blended,"Data centre facility, hyperscale, Virginia (Zhang et al. 2025)","Data centre facility, hyperscale, Virginia (Zhang et al. 2025) (blended)",367.959,221,blended,0.367959,0.6320410000000001,367.959,632.041,0.0,,354770429.981083,3,1600092000.0,588768252.2279999,1011323747.7720001,,carbon_api
2025-02-01 21:00:00,blended,"Data centre facility, hyperscale, Virginia (Zhang et al. 2025)","Data centre facility, hyperscale, Virginia (Zhang et al. 2025) (blended)",370.061,209,blended,0.370061,0.629939,370.061,629.9390000000001,0.0,,337410392.7481185,3,1600092000.0,592131645.612,1007960354.388,,carbon_api
2025-02-01 21:30:00,blended,"Data centre facility, hyperscale, Virginia (Zhang et al. 2025)","Data centre facility, hyperscale, Virginia (Zhang et al. 2025) (blended)",370.061,196,blended,0.370061,0.629939,370.061,629.9390000000001,0.0,,319442013.95250803,3,1600092000.0,592131645.612,1007960354.388,,carbon_api
2025-02-01 22:00:00,blended,"Data centre facility, hyperscale, Virginia (Zhang et al. 2025)","Data centre facility, hyperscale, Virginia (Zhang et al. 2025) (blended)",357.648,185,blended,0.357648,0.642352,357.648,642.3520000000001,0.0,,309110325.8549231,3,1600092000.0,572269703.616,1027822296.3840001,,carbon_api
2025-02-01 22:30:00,blended,"Data centre facility, hyperscale, Virginia (Zhang et al. 2025)","Data centre facility, hyperscale, Virginia (Zhang et al. 2025) (blended)",357.648,167,blended,0.357648,0.642352,357.648,642.3520000000001,0.0,,282335425.1120389,3,1600092000.0,572269703.616,1027822296.3840001,,carbon_api
2025-02-01 23:00:00,blended,"Data centre facility, hyperscale, Virginia (Zhang et al. 2025)","Data centre facility, hyperscale, Virginia (Zhang et al. 2025) (blended)",325.373,159,blended,0.32537299999999997,0.6746270000000001,325.373,674.6270000000001,0.0,,281252890.04165107,3,1600092000.0,520626734.3159999,1079465265.6840003,,carbon_api
2025-02-01 23:30:00,blended,"Data centre facility, hyperscale, Virginia (Zhang et al. 2025)","Data centre facility, hyperscale, Virginia (Zhang et al. 2025) (blended)",325.373,198,blended,0.32537299999999997,0.6746270000000001,325.373,674.6270000000001,0.0,,345328527.61389726,3,1600092000.0,520626734.3159999,1079465265.6840003,,carbon_api
2025-02-02 00:00:00,blended,"Data centre facility, hyperscale, Virginia (Zhang et al. 2025)","Data centre facility, hyperscale, Virginia (Zhang et al. 2025) (blended)",303.086,194,blended,0.303086,0.696914,303.086,696.914,0.0,,349060045.0455602,3,1600092000.0,484965483.91200006,1115126516.088,,carbon_api
2025-02-02 00:30:00,blended,"Data centre facility, hyperscale, Virginia (Zhang et al. 2025)","Data centre facility, hyperscale, Virginia (Zhang et al. 2025) (blended)",303.086,170,blended,0.303086,0.696914,303.086,696.914,0.0,,321076741.6070777,3,1600092000.0,484965483.91200006,1115126516.088,,carbon_api
2025-02-02 01:00:00,blended,"Data centre facility, hyperscale, Virginia (Zhang et al. 2025)","Data centre facility, hyperscale, Virginia (Zhang et al. 2025) (blended)",287.859,137,blended,0.287859,0.712141,287.859,712.1410000000001,0.0,,270926812.58410126,3,1600092000.0,460600883.02799994,1139491116.9720001,,carbon_api
2025-02-02 01:30:00,blended,"Data centre facility, hyperscale, Virginia (Zhang et al. 2025)","Data centre facility, hyperscale, Virginia (Zhang et al. 2025) (blended)",287.859,131,blended,0.287859,0.712141,287.859,712.1410000000001,0.0,,262358550.98340255,3,1600092000.0,460600883.02799994,1139491116.9720001,,carbon_api
2025-02-02 02:00:00,blended,"Data centre facility, hyperscale, Virginia (Zhang et al. 2025)","Data centre facility, hyperscale, Virginia (Zhang et al. 2025) (blended)",263.741,140,blended,0.263741,0.736259,263.741,736.259,0.0,,284507605.02741045,3,1600092000.0,422009864.172,1178082135.828,,carbon_api
2025-02-02 02:30:00,blended,"Data centre facility, hyperscale, Virginia (Zhang et al. 2025)","Data centre facility, hyperscale, Virginia (Zhang et al. 2025) (blended)",263.741,144,blended,0.263741,0.736259,263.741,736.259,0.0,,289737707.529037,3,1600092000.0,422009864.172,1178082135.828,,carbon_api
2025-02-02 03:00:00,blended,"Data centre facility, hyperscale, Virginia (Zhang et al. 2025)","Data centre facility, hyperscale, Virginia (Zhang et al. 2025) (blended)",271.167,145,blended,0.271167,0.7288330000000001,271.167,728.8330000000001,0.0,,289860082.5116994,3,1600092000.0,433892147.36399996,1166199852.6360002,,carbon_api
2025-02-02 03:30:00,blended,"Data centre facility, hyperscale, Virginia (Zhang et al. 2025)","Data centre facility, hyperscale, Virginia (Zhang et al. 2025) (blended)",271.167,157,blended,0.271167,0.7288330000000001,271.167,728.8330000000001,0.0,,305762699.2489413,3,1600092000.0,433892147.36399996,1166199852.6360002,,carbon_api
2025-02-02 04:00:00,blended,"Data centre facility, hyperscale, Virginia (Zhang et al. 2025)","Data centre facility, hyperscale, Virginia (Zhang et al. 2025) (blended)",272.004,166,blended,0.272004,0.727996,272.004,727.996,0.0,,318932672.79366493,3,1600092000.0,435231424.36800003,1164860575.632,,carbon_api
2025-02-02 04:30:00,blended,"Data centre facility, hyperscale, Virginia (Zhang et al. 2025)","Data centre facility, hyperscale, Virginia (Zhang et al. 2025) (blended)",272.004,177,blended,0.272004,0.727996,272.004,727.996,0.0,,328796373.22704804,3,1600092000.0,435231424.36800003,1164860575.632,,carbon_api
2025-02-02 05:00:00,blended,"Data centre facility, hyperscale, Virginia (Zhang et al. 2025)","Data centre facility, hyperscale, Virginia (Zhang et al. 2025) (blended)",263.645,180,blended,0.26364499999999996,0.7363550000000001,263.645,736.3550000000001,0.0,,338873397.5821687,3,1600092000.0,421856255.3399999,1178235744.66,,carbon_api
2025-02-02 05:30:00,blended,"Data centre facility, hyperscale, Virginia (Zhang et al. 2025)","Data centre facility, hyperscale, Virginia (Zhang et al. 2025) (blended)",263.645,177,blended,0.26364499999999996,0.7363550000000001,263.645,736.3550000000001,0.0,,334804465.54412746,3,1600092000.0,421856255.3399999,1178235744.66,,carbon_api
2025-02-02 06:00:00,blended,"Data centre facility, hyperscale, Virginia (Zhang et al. 2025)","Data centre facility, hyperscale, Virginia (Zhang et al. 2025) (blended)",243.012,184,blended,0.243012,0.756988,243.012,756.9879999999999,0.0,,352757573.7381469,3,1600092000.0,388841557.10400003,1211250442.896,,carbon_api
2025-02-02 06:30:00,blended,"Data centre facility, hyperscale, Virginia (Zhang et al. 2025)","Data centre facility, hyperscale, Virginia (Zhang et al. 2025) (blended)",243.012,200,blended,0.243012,0.756988,243.012,756.9879999999999,0.0,,378267768.3569229,3,1600092000.0,388841557.10400003,1211250442.896,,carbon_api
2025-02-02 07:00:00,blended,"Data centre facility, hyperscale, Virginia (Zhang et al. 2025)","Data centre facility, hyperscale, Virginia (Zhang et al. 2025) (blended)",225.303,213,blended,0.225303,0.774697,225.303,774.697,0.0,,411149148.16647166,3,1600092000.0,360505527.876,1239586472.1239998,,carbon_api
2025-02-02 07:30:00,blended,"Data centre facility, hyperscale, Virginia (Zhang et al. 2025)","Data centre facility, hyperscale, Virginia (Zhang et al. 2025) (blended)",225.303,220,blended,0.225303,0.774697,225.303,774.697,0.0,,424002966.47219,3,1600092000.0,360505527.876,1239586472.1239998,,carbon_api
2025-02-02 08:00:00,blended,"Data centre facility, hyperscale, Virginia (Zhang et al. 2025)","Data centre facility, hyperscale, Virginia (Zhang et al. 2025) (blended)",203.104,213,blended,0.203104,0.796896,203.104,796.8960000000001,0.0,,425786970.92708296,3,1600092000.0,324985085.568,1275106914.4320002,,carbon_api
2025-02-02 08:30:00,blended,"Data centre facility, hyperscale, Virginia (Zhang et al. 2025)","Data centre facility, hyperscale, Virginia (Zhang et al. 2025) (blended)",203.104,212,blended,0.203104,0.796896,203.104,796.8960000000001,0.0,,450778373.3876199,3,1600092000.0,324985085.568,1275106914.4320002,,carbon_api
2025-02-02 09:00:00,blended,"Data centre facility, hyperscale, Virginia (Zhang et al. 2025)","Data centre facility, hyperscale, Virginia (Zhang et al. 2025) (blended)",154.167,197,blended,0.154167,0.8458330000000001,154.167,845.8330000000001,0.0,,456326681.8301984,3,1600092000.0,246681383.364,1353410616.6360002,,carbon_api
2025-02-02 09:30:00,blended,"Data centre facility, hyperscale, Virginia (Zhang et al. 2025)","Data centre facility, hyperscale, Virginia (Zhang et al. 2025) (blended)",154.167,161,blended,0.154167,0.8458330000000001,154.167,845.8330000000001,0.0,,405048871.3084465,3,1600092000.0,246681383.364,1353410616.6360002,,carbon_api
2025-02-02 10:00:00,blended,"Data centre facility, hyperscale, Virginia (Zhang et al. 2025)","Data centre facility, hyperscale, Virginia (Zhang et al. 2025) (blended)",168.504,151,blended,0.168504,0.831496,168.504,831.496,0.0,,382272644.814139,3,1600092000.0,269621902.368,1330470097.632,,carbon_api
2025-02-02 10:30:00,blended,"Data centre facility, hyperscale, Virginia (Zhang et al. 2025)","Data centre facility, hyperscale, Virginia (Zhang et al. 2025) (blended)",168.504,141,blended,0.168504,0.831496,168.504,831.496,0.0,,360983965.1393796,3,1600092000.0,269621902.368,1330470097.632,,carbon_api
2025-02-02 11:00:00,blended,"Data centre facility, hyperscale, Virginia (Zhang et al. 2025)","Data centre facility, hyperscale, Virginia (Zhang et al. 2025) (blended)",185.455,131,blended,0.185455,0.814545,185.455,814.545,0.0,,338592040.4204863,3,1600092000.0,296745061.86,1303346938.1399999,,carbon_api
2025-02-02 11:30:00,blended,"Data centre facility, hyperscale, Virginia (Zhang et al. 2025)","Data centre facility, hyperscale, Virginia (Zhang et al. 2025) (blended)",185.455,143,blended,0.185455,0.814545,185.455,814.545,0.0,,350097880.2376729,3,1600092000.0,296745061.86,1303346938.1399999,,carbon_api
2025-02-02 12:00:00,blended,"Data centre facility, hyperscale, Virginia (Zhang et al. 2025)","Data centre facility, hyperscale, Virginia (Zhang et al. 2025) (blended)",175.373,148,blended,0.175373,0.824627,175.373,824.627,0.0,,361197080.7779845,3,1600092000.0,280612934.316,1319479065.684,,carbon_api
2025-02-02 12:30:00,blended,"Data centre facility, hyperscale, Virginia (Zhang et al. 2025)","Data centre facility, hyperscale, Virginia (Zhang et al. 2025) (blended)",175.373,145,blended,0.175373,0.824627,175.373,824.627,0.0,,364252000.26094854,3,1600092000.0,280612934.316,1319479065.684,,carbon_api
2025-02-02 13:00:00,blended,"Data centre facility, hyperscale, Virginia (Zhang et al. 2025)","Data centre facility, hyperscale, Virginia (Zhang et al. 2025) (blended)",169.825,146,blended,0.16982499999999998,0.830175,169.825,830.175,0.0,,368297507.43667275,3,1600092000.0,271735623.9,1328356376.1,,carbon_api
2025-02-02 13:30:00,blended,"Data centre facility, hyperscale, Virginia (Zhang et al. 2025)","Data centre facility, hyperscale, Virginia (Zhang et al. 2025) (blended)",169.825,155,blended,0.16982499999999998,0.830175,169.825,830.175,0.0,,388842377.927548,3,1600092000.0,271735623.9,1328356376.1,,carbon_api
2025-02-02 14:00:00,blended,"Data centre facility, hyperscale, Virginia (Zhang et al. 2025)","Data centre facility, hyperscale, Virginia (Zhang et al. 2025) (blended)",173.182,172,blended,0.17318199999999997,0.826818,173.182,826.8180000000001,0.0,,417009249.8455235,3,1600092000.0,277107132.74399996,1322984867.256,,carbon_api
2025-02-02 14:30:00,blended,"Data centre facility, hyperscale, Virginia (Zhang et al. 2025)","Data centre facility, hyperscale, Virginia (Zhang et al. 2025) (blended)",173.182,188,blended,0.17318199999999997,0.826818,173.182,826.8180000000001,0.0,,447186926.27140284,3,1600092000.0,277107132.74399996,1322984867.256,,carbon_api
2025-02-02 15:00:00,blended,"Data centre facility, hyperscale, Virginia (Zhang et al. 2025)","Data centre facility, hyperscale, Virginia (Zhang et al. 2025) (blended)",174.984,206,blended,0.174984,0.825016,174.984,825.016,0.0,,474863301.9181667,3,1600092000.0,279990498.528,1320101501.472,,carbon_api
2025-02-02 15:30:00,blended,"Data centre facility, hyperscale, Virginia (Zhang et al. 2025)","Data centre facility, hyperscale, Virginia (Zhang et al. 2025) (blended)",174.984,212,blended,0.174984,0.825016,174.984,825.016,0.0,,479270635.90915954,3,1600092000.0,279990498.528,1320101501.472,,carbon_api
2025-02-02 16:00:00,blended,"Data centre facility, hyperscale, Virginia (Zhang et al. 2025)","Data centre facility, hyperscale, Virginia (Zhang et al. 2025) (blended)",186.215,223,blended,0.186215,0.813785,186.215,813.785,0.0,,486808785.9973648,3,1600092000.0,297961131.78,1302130868.22,,carbon_api
2025-02-02 16:30:00,blended,"Data centre facility, hyperscale, Virginia (Zhang et al. 2025)","Data centre facility, hyperscale, Virginia (Zhang et al. 2025) (blended)",186.215,228,blended,0.186215,0.813785,186.215,813.785,0.0,,487249505.3752234,3,1600092000.0,297961131.78,1302130868.22,,carbon_api
2025-02-02 17:00:00,blended,"Data centre facility, hyperscale, Virginia (Zhang et al. 2025)","Data centre facility, hyperscale, Virginia (Zhang et al. 2025) (blended)",161.208,226,blended,0.161208,0.838792,161.208,838.792,0.0,,483978175.41846204,3,1600092000.0,257947631.13599998,1342144368.864,,carbon_api
2025-02-02 17:30:00,blended,"Data centre facility, hyperscale, Virginia (Zhang et al. 2025)","Data centre facility, hyperscale, Virginia (Zhang et al. 2025) (blended)",161.208,230,blended,0.161208,0.838792,161.208,838.792,0.0,,493663222.5114377,3,1600092000.0,257947631.13599998,1342144368.864,,carbon_api
2025-02-02 18:00:00,blended,"Data centre facility, hyperscale, Virginia (Zhang et al. 2025)","Data centre facility, hyperscale, Virginia (Zhang et al. 2025) (blended)",136.472,234,blended,0.136472,0.863528,136.472,863.5279999999999,0.0,,529367617.85482717,3,1600092000.0,218367755.42400002,1381724244.576,,carbon_api
2025-02-02 18:30:00,blended,"Data centre facility, hyperscale, Virginia (Zhang et al. 2025)","Data centre facility, hyperscale, Virginia (Zhang et al. 2025) (blended)",136.472,262,blended,0.136472,0.863528,136.472,863.5279999999999,0.0,,567810430.3168851,3,1600092000.0,218367755.42400002,1381724244.576,,carbon_api
2025-02-02 19:00:00,blended,"Data centre facility, hyperscale, Virginia (Zhang et al. 2025)","Data centre facility, hyperscale, Virginia (Zhang et al. 2025) (blended)",131.252,258,blended,0.131252,0.868748,131.252,868.7479999999999,0.0,,554690767.1108094,3,1600092000.0,210015275.18400002,1390076724.816,,carbon_api
2025-02-02 19:30:00,blended,"Data centre facility, hyperscale, Virginia (Zhang et al. 2025)","Data centre facility, hyperscale, Virginia (Zhang et al. 2025) (blended)",131.252,270,blended,0.131252,0.868748,131.252,868.7479999999999,0.0,,566060797.996113,3,1600092000.0,210015275.18400002,1390076724.816,,carbon_api
2025-02-02 20:00:00,blended,"Data centre facility, hyperscale, Virginia (Zhang et al. 2025)","Data centre facility, hyperscale, Virginia (Zhang et al. 2025) (blended)",145.105,261,blended,0.14510499999999998,0.854895,145.105,854.895,0.0,,539688490.7627283,3,1600092000.0,232181349.65999997,1367910650.34,,carbon_api
2025-02-02 20:30:00,blended,"Data centre facility, hyperscale, Virginia (Zhang et al. 2025)","Data centre facility, hyperscale, Virginia (Zhang et al. 2025) (blended)",145.105,254,blended,0.14510499999999998,0.854895,145.105,854.895,0.0,,526453955.67031664,3,1600092000.0,232181349.65999997,1367910650.34,,carbon_api
2025-02-02 21:00:00,blended,"Data centre facility, hyperscale, Virginia (Zhang et al. 2025)","Data centre facility, hyperscale, Virginia (Zhang et al. 2025) (blended)",191.719,238,blended,0.191719,0.808281,191.719,808.2810000000001,0.0,,468741895.55755305,3,1600092000.0,306768038.148,1293323961.852,,carbon_api
2025-02-02 21:30:00,blended,"Data centre facility, hyperscale, Virginia (Zhang et al. 2025)","Data centre facility, hyperscale, Virginia (Zhang et al. 2025) (blended)",191.719,235,blended,0.191719,0.808281,191.719,808.2810000000001,0.0,,463612833.5857451,3,1600092000.0,306768038.148,1293323961.852,,carbon_api
2025-02-02 22:00:00,blended,"Data centre facility, hyperscale, Virginia (Zhang et al. 2025)","Data centre facility, hyperscale, Virginia (Zhang et al. 2025) (blended)",254.303,237,blended,0.254303,0.745697,254.303,745.697,0.0,,433304180.3792774,3,1600092000.0,406908195.876,1193183804.124,,carbon_api
2025-02-02 22:30:00,blended,"Data centre facility, hyperscale, Virginia (Zhang et al. 2025)","Data centre facility, hyperscale, Virginia (Zhang et al. 2025) (blended)",254.303,203,blended,0.254303,0.745697,254.303,745.697,0.0,,373288235.4167381,3,1600092000.0,406908195.876,1193183804.124,,carbon_api
2025-02-02 23:00:00,blended,"Data centre facility, hyperscale, Virginia (Zhang et al. 2025)","Data centre facility, hyperscale, Virginia (Zhang et al. 2025) (blended)",288.002,189,blended,0.28800200000000004,0.7119979999999999,288.002,711.9979999999999,0.0,,339759161.0346022,3,1600092000.0,460829696.1840001,1139262303.8159997,,carbon_api
2025-02-02 23:30:00,blended,"Data centre facility, hyperscale, Virginia (Zhang et al. 2025)","Data centre facility, hyperscale, Virginia (Zhang et al. 2025) (blended)",288.002,192,blended,0.28800200000000004,0.7119979999999999,288.002,711.9979999999999,0.0,,346595446.3552205,3,1600092000.0,460829696.1840001,1139262303.8159997,,carbon_api
2025-02-03 00:00:00,blended,"Data centre facility, hyperscale, Virginia (Zhang et al. 2025)","Data centre facility, hyperscale, Virginia (Zhang et al. 2025) (blended)",261.401,190,blended,0.261401,0.738599,261.401,738.599,0.0,,356537130.02557,3,1600092000.0,418265648.892,1181826351.108,,carbon_api
2025-02-03 00:30:00,blended,"Data centre facility, hyperscale, Virginia (Zhang et al. 2025)","Data centre facility, hyperscale, Virginia (Zhang et al. 2025) (blended)",261.401,189,blended,0.261401,0.738599,261.401,738.599,0.0,,354670769.1739631,3,1600092000.0,418265648.892,1181826351.108,,carbon_api
2025-02-03 01:00:00,blended,"Data centre facility, hyperscale, Virginia (Zhang et al. 2025)","Data centre facility, hyperscale, Virginia (Zhang et al. 2025) (blended)",210.82,178,blended,0.21081999999999998,0.78918,210.82,789.18,0.0,,356918928.82644945,3,1600092000.0,337331395.43999994,1262760604.56,,carbon_api
2025-02-03 01:30:00,blended,"Data centre facility, hyperscale, Virginia (Zhang et al. 2025)","Data centre facility, hyperscale, Virginia (Zhang et al. 2025) (blended)",210.82,177,blended,0.21081999999999998,0.78918,210.82,789.18,0.0,,352820638.4342234,3,1600092000.0,337331395.43999994,1262760604.56,,carbon_api
2025-02-03 02:00:00,blended,"Data centre facility, hyperscale, Virginia (Zhang et al. 2025)","Data centre facility, hyperscale, Virginia (Zhang et al. 2025) (blended)",164.225,180,blended,0.16422499999999998,0.835775,164.225,835.7750000000001,0.0,,374614533.98967195,3,1600092000.0,262775108.69999996,1337316891.3000002,,carbon_api
2025-02-03 02:30:00,blended,"Data centre facility, hyperscale, Virginia (Zhang et al. 2025)","Data centre facility, hyperscale, Virginia (Zhang et al. 2025) (blended)",164.225,197,blended,0.16422499999999998,0.835775,164.225,835.7750000000001,0.0,,407513180.3762464,3,1600092000.0,262775108.69999996,1337316891.3000002,,carbon_api
2025-02-03 03:00:00,blended,"Data centre facility, hyperscale, Virginia (Zhang et al. 2025)","Data centre facility, hyperscale, Virginia (Zhang et al. 2025) (blended)",127.319,199,blended,0.12731900000000002,0.872681,127.31900000000002,872.681,0.0,,428469658.0197297,3,1600092000.0,203722113.34800002,1396369886.652,,carbon_api
2025-02-03 03:30:00,blended,"Data centre facility, hyperscale, Virginia (Zhang et al. 2025)","Data centre facility, hyperscale, Virginia (Zhang et al. 2025) (blended)",127.319,210,blended,0.12731900000000002,0.872681,127.31900000000002,872.681,0.0,,449492020.7908389,3,1600092000.0,203722113.34800002,1396369886.652,,carbon_api
2025-02-03 04:00:00,blended,"Data centre facility, hyperscale, Virginia (Zhang et al. 2025)","Data centre facility, hyperscale, Virginia (Zhang et al. 2025) (blended)",112.314,222,blended,0.112314,0.887686,112.314,887.6859999999999,0.0,,479172528.1052559,3,1600092000.0,179712732.88799998,1420379267.112,,carbon_api
2025-02-03 04:30:00,blended,"Data centre facility, hyperscale, Virginia (Zhang et al. 2025)","Data centre facility, hyperscale, Virginia (Zhang et al. 2025) (blended)",112.314,243,blended,0.112314,0.887686,112.314,887.6859999999999,0.0,,521188692.5543089,3,1600092000.0,179712732.88799998,1420379267.112,,carbon_api
2025-02-03 05:00:00,blended,"Data centre facility, hyperscale, Virginia (Zhang et al. 2025)","Data centre facility, hyperscale, Virginia (Zhang et al. 2025) (blended)",130.509,257,blended,0.130509,0.869491,130.509,869.491,0.0,,540319971.0557983,3,1600092000.0,208826406.82799998,1391265593.172,,carbon_api
2025-02-03 05:30:00,blended,"Data centre facility, hyperscale, Virginia (Zhang et al. 2025)","Data centre facility, hyperscale, Virginia (Zhang et al. 2025) (blended)",130.509,278,blended,0.130509,0.869491,130.509,869.491,0.0,,583581230.6560234,3,1600092000.0,208826406.82799998,1391265593.172,,carbon_api
2025-02-03 06:00:00,blended,"Data centre facility, hyperscale, Virginia (Zhang et al. 2025)","Data centre facility, hyperscale, Virginia (Zhang et al. 2025) (blended)",165.239,282,blended,0.165239,0.834761,165.239,834.761,0.0,,569829544.6426079,3,1600092000.0,264397601.988,1335694398.0119998,,carbon_api
2025-02-03 06:30:00,blended,"Data centre facility, hyperscale, Virginia (Zhang et al. 2025)","Data centre facility, hyperscale, Virginia (Zhang et al. 2025) (blended)",165.239,276,blended,0.165239,0.834761,165.239,834.761,0.0,,558905545.8422266,3,1600092000.0,264397601.988,1335694398.0119998,,carbon_api
2025-02-03 07:00:00,blended,"Data centre facility, hyperscale, Virginia (Zhang et al. 2025)","Data centre facility, hyperscale, Virginia (Zhang et al. 2025) (blended)",197.747,269,blended,0.197747,0.802253,197.747,802.253,0.0,,525490272.76911736,3,1600092000.0,316413392.72400004,1283678607.276,,carbon_api
2025-02-03 07:30:00,blended,"Data centre facility, hyperscale, Virginia (Zhang et al. 2025)","Data centre facility, hyperscale, Virginia (Zhang et al. 2025) (blended)",197.747,260,blended,0.197747,0.802253,197.747,802.253,0.0,,502865232.11374056,3,1600092000.0,316413392.72400004,1283678607.276,,carbon_api
2025-02-03 08:00:00,blended,"Data centre facility, hyperscale, Virginia (Zhang et al. 2025)","Data centre facility, hyperscale, Virginia (Zhang et al. 2025) (blended)",215.474,259,blended,0.215474,0.7845260000000001,215.474,784.5260000000001,0.0,,491974346.345939,3,1600092000.0,344778223.608,1255313776.3920002,,carbon_api
2025-02-03 08:30:00,blended,"Data centre facility, hyperscale, Virginia (Zhang et al. 2025)","Data centre facility, hyperscale, Virginia (Zhang et al. 2025) (blended)",215.474,259,blended,0.215474,0.7845260000000001,215.474,784.5260000000001,0.0,,486537784.54672635,3,1600092000.0,344778223.608,1255313776.3920002,,carbon_api
2025-02-03 09:00:00,blended,"Data centre facility, hyperscale, Virginia (Zhang et al. 2025)","Data centre facility, hyperscale, Virginia (Zhang et al. 2025) (blended)",230.681,253,blended,0.23068100000000002,0.769319,230.681,769.319,0.0,,469717274.7510911,3,1600092000.0,369110822.65200007,1230981177.348,,carbon_api
2025-02-03 09:30:00,blended,"Data centre facility, hyperscale, Virginia (Zhang et al. 2025)","Data centre facility, hyperscale, Virginia (Zhang et al. 2025) (blended)",230.681,258,blended,0.23068100000000002,0.769319,230.681,769.319,0.0,,463921193.52676874,3,1600092000.0,369110822.65200007,1230981177.348,,carbon_api
2025-02-03 10:00:00,blended,"Data centre facility, hyperscale, Virginia (Zhang et al. 2025)","Data centre facility, hyperscale, Virginia (Zhang et al. 2025) (blended)",243.026,252,blended,0.24302600000000002,0.756974,243.026,756.974,0.0,,447738275.85019594,3,1600092000.0,388863958.392,1211228041.608,,carbon_api
2025-02-03 10:30:00,blended,"Data centre facility, hyperscale, Virginia (Zhang et al. 2025)","Data centre facility, hyperscale, Virginia (Zhang et al. 2025) (blended)",243.026,242,blended,0.24302600000000002,0.756974,243.026,756.974,0.0,,428082366.56956714,3,1600092000.0,388863958.392,1211228041.608,,carbon_api
2025-02-03 11:00:00,blended,"Data centre facility, hyperscale, Virginia (Zhang et al. 2025)","Data centre facility, hyperscale, Virginia (Zhang et al. 2025) (blended)",261.423,237,blended,0.261423,0.738577,261.423,738.577,0.0,,408559470.15509313,3,1600092000.0,418300850.916,1181791149.084,,carbon_api
2025-02-03 11:30:00,blended,"Data centre facility, hyperscale, Virginia (Zhang et al. 2025)","Data centre facility, hyperscale, Virginia (Zhang et al. 2025) (blended)",261.423,236,blended,0.261423,0.738577,261.423,738.577,0.0,,417342290.42996657,3,1600092000.0,418300850.916,1181791149.084,,carbon_api
2025-02-03 12:00:00,blended,"Data centre facility, hyperscale, Virginia (Zhang et al. 2025)","Data centre facility, hyperscale, Virginia (Zhang et al. 2025) (blended)",293.283,232,blended,0.293283,0.706717,293.283,706.717,0.0,,395896966.1421306,3,1600092000.0,469279782.036,1130812217.964,,carbon_api
2025-02-03 12:30:00,blended,"Data centre facility, hyperscale, Virginia (Zhang et al. 2025)","Data centre facility, hyperscale, Virginia (Zhang et al. 2025) (blended)",293.283,224,blended,0.293283,0.706717,293.283,706.717,0.0,,405329438.7920913,3,1600092000.0,469279782.036,1130812217.964,,carbon_api
2025-02-03 13:00:00,blended,"Data centre facility, hyperscale, Virginia (Zhang et al. 2025)","Data centre facility, hyperscale, Virginia (Zhang et al. 2025) (blended)",325.175,224,blended,0.325175,0.674825,325.175,674.825,0.0,,391908867.18374133,3,1600092000.0,520309916.09999996,1079782083.9,,carbon_api
2025-02-03 13:30:00,blended,"Data centre facility, hyperscale, Virginia (Zhang et al. 2025)","Data centre facility, hyperscale, Virginia (Zhang et al. 2025) (blended)",325.175,229,blended,0.325175,0.674825,325.175,674.825,0.0,,396889584.8510033,3,1600092000.0,520309916.09999996,1079782083.9,,carbon_api
2025-02-03 14:00:00,blended,"Data centre facility, hyperscale, Virginia (Zhang et al. 2025)","Data centre facility, hyperscale, Virginia (Zhang et al. 2025) (blended)",334.178,229,blended,0.334178,0.665822,334.178,665.822,0.0,,391190044.7791821,3,1600092000.0,534715544.376,1065376455.6240001,,carbon_api
2025-02-03 14:30:00,blended,"Data centre facility, hyperscale, Virginia (Zhang et al. 2025)","Data centre facility, hyperscale, Virginia (Zhang et al. 2025) (blended)",334.178,237,blended,0.334178,0.665822,334.178,665.822,0.0,,404838773.4963156,3,1600092000.0,534715544.376,1065376455.6240001,,carbon_api
2025-02-03 15:00:00,blended,"Data centre facility, hyperscale, Virginia (Zhang et al. 2025)","Data centre facility, hyperscale, Virginia (Zhang et al. 2025) (blended)",382.957,249,blended,0.382957,0.617043,382.957,617.043,0.0,,395443027.25953877,3,1600092000.0,612766432.044,987325567.956,,carbon_api
2025-02-03 15:30:00,blended,"Data centre facility, hyperscale, Virginia (Zhang et al. 2025)","Data centre facility, hyperscale, Virginia (Zhang et al. 2025) (blended)",382.957,248,blended,0.382957,0.617043,382.957,617.043,0.0,,400020995.42318666,3,1600092000.0,612766432.044,987325567.956,,carbon_api
2025-02-03 16:00:00,blended,"Data centre facility, hyperscale, Virginia (Zhang et al. 2025)","Data centre facility, hyperscale, Virginia (Zhang et al. 2025) (blended)",430.493,244,blended,0.430493,0.569507,430.493,569.507,0.0,,366519377.8925104,3,1600092000.0,688828405.3560001,911263594.6439999,,carbon_api
2025-02-03 16:30:00,blended,"Data centre facility, hyperscale, Virginia (Zhang et al. 2025)","Data centre facility, hyperscale, Virginia (Zhang et al. 2025) (blended)",430.493,253,blended,0.430493,0.569507,430.493,569.507,0.0,,352696288.3139275,3,1600092000.0,688828405.3560001,911263594.6439999,,carbon_api
2025-02-03 17:00:00,blended,"Data centre facility, hyperscale, Virginia (Zhang et al. 2025)","Data centre facility, hyperscale, Virginia (Zhang et al. 2025) (blended)",431.059,245,blended,0.431059,0.5689409999999999,431.059,568.9409999999999,0.0,,339478136.38782716,3,1600092000.0,689734057.4280001,910357942.5719999,,carbon_api
2025-02-03 17:30:00,blended,"Data centre facility, hyperscale, Virginia (Zhang et al. 2025)","Data centre facility, hyperscale, Virginia (Zhang et al. 2025) (blended)",431.059,246,blended,0.431059,0.5689409999999999,431.059,568.9409999999999,0.0,,338690075.8944083,3,1600092000.0,689734057.4280001,910357942.5719999,,carbon_api
2025-02-03 18:00:00,blended,"Data centre facility, hyperscale, Virginia (Zhang et al. 2025)","Data centre facility, hyperscale, Virginia (Zhang et al. 2025) (blended)",422.48,235,blended,0.42248,0.57752,422.48,577.52,0.0,,330450762.3568615,3,1600092000.0,676006868.1600001,924085131.84,,carbon_api
2025-02-03 18:30:00,blended,"Data centre facility, hyperscale, Virginia (Zhang et al. 2025)","Data centre facility, hyperscale, Virginia (Zhang et al. 2025) (blended)",422.48,218,blended,0.42248,0.57752,422.48,577.52,0.0,,319866222.17058915,3,1600092000.0,676006868.1600001,924085131.84,,carbon_api
2025-02-03 19:00:00,blended,"Data centre facility, hyperscale, Virginia (Zhang et al. 2025)","Data centre facility, hyperscale, Virginia (Zhang et al. 2025) (blended)",420.366,204,blended,0.42036599999999996,0.579634,420.366,579.634,0.0,,302539645.8768852,3,1600092000.0,672624273.6719999,927467726.328,,carbon_api
2025-02-03 19:30:00,blended,"Data centre facility, hyperscale, Virginia (Zhang et al. 2025)","Data centre facility, hyperscale, Virginia (Zhang et al. 2025) (blended)",420.366,195,blended,0.42036599999999996,0.579634,420.366,579.634,0.0,,296304847.06097424,3,1600092000.0,672624273.6719999,927467726.328,,carbon_api
2025-02-03 20:00:00,blended,"Data centre facility, hyperscale, Virginia (Zhang et al. 2025)","Data centre facility, hyperscale, Virginia (Zhang et al. 2025) (blended)",395.074,182,blended,0.39507400000000004,0.604926,395.074,604.9259999999999,0.0,,288486666.44580185,3,1600092000.0,632154746.8080001,967937253.1919999,,carbon_api
2025-02-03 20:30:00,blended,"Data centre facility, hyperscale, Virginia (Zhang et al. 2025)","Data centre facility, hyperscale, Virginia (Zhang et al. 2025) (blended)",395.074,173,blended,0.39507400000000004,0.604926,395.074,604.9259999999999,0.0,,275639567.35645735,3,1600092000.0,632154746.8080001,967937253.1919999,,carbon_api
2025-02-03 21:00:00,blended,"Data centre facility, hyperscale, Virginia (Zhang et al. 2025)","Data centre facility, hyperscale, Virginia (Zhang et al. 2025) (blended)",388.33,161,blended,0.38833,0.6116699999999999,388.33,611.67,0.0,,260805269.45963678,3,1600092000.0,621363726.36,978728273.6399999,,carbon_api
2025-02-03 21:30:00,blended,"Data centre facility, hyperscale, Virginia (Zhang et al. 2025)","Data centre facility, hyperscale, Virginia (Zhang et al. 2025) (blended)",388.33,134,blended,0.38833,0.6116699999999999,388.33,611.67,0.0,,224441175.53353164,3,1600092000.0,621363726.36,978728273.6399999,,carbon_api
2025-02-03 22:00:00,blended,"Data centre facility, hyperscale, Virginia (Zhang et al. 2025)","Data centre facility, hyperscale, Virginia (Zhang et al. 2025) (blended)",370.194,105,blended,0.370194,0.629806,370.194,629.8059999999999,0.0,,187647850.05680412,3,1600092000.0,592344457.848,1007747542.152,,carbon_api
2025-02-03 22:30:00,blended,"Data centre facility, hyperscale, Virginia (Zhang et al. 2025)","Data centre facility, hyperscale, Virginia (Zhang et al. 2025) (blended)",370.194,92,blended,0.370194,0.629806,370.194,629.8059999999999,0.0,,167346165.2198081,3,1600092000.0,592344457.848,1007747542.152,,carbon_api
2025-02-03 23:00:00,blended,"Data centre facility, hyperscale, Virginia (Zhang et al. 2025)","Data centre facility, hyperscale, Virginia (Zhang et al. 2025) (blended)",370.302,84,blended,0.370302,0.629698,370.302,629.698,0.0,,155699943.03965917,3,1600092000.0,592517267.784,1007574732.216,,carbon_api
2025-02-03 23:30:00,blended,"Data centre facility, hyperscale, Virginia (Zhang et al. 2025)","Data centre facility, hyperscale, Virginia (Zhang et al. 2025) (blended)",370.302,94,blended,0.370302,0.629698,370.302,629.698,0.0,,172250557.65086994,3,1600092000.0,592517267.784,1007574732.216,,carbon_api
2025-02-04 00:00:00,blended,"Data centre facility, hyperscale, Virginia (Zhang et al. 2025)","Data centre facility, hyperscale, Virginia (Zhang et al. 2025) (blended)",395.079,103,blended,0.395079,0.604921,395.079,604.921,0.0,,179916354.2779091,3,1600092000.0,632162747.268,967929252.7320001,,carbon_api
2025-02-04 00:30:00,blended,"Data centre facility, hyperscale, Virginia (Zhang et al. 2025)","Data centre facility, hyperscale, Virginia (Zhang et al. 2025) (blended)",395.079,106,blended,0.395079,0.604921,395.079,604.921,0.0,,183096945.19790143,3,1600092000.0,632162747.268,967929252.7320001,,carbon_api
2025-02-04 01:00:00,blended,"Data centre facility, hyperscale, Virginia (Zhang et al. 2025)","Data centre facility, hyperscale, Virginia (Zhang et al. 2025) (blended)",420.075,101,blended,0.420075,0.579925,420.075,579.9250000000001,0.0,,171700330.61702725,3,1600092000.0,672158646.9,927933353.1,,carbon_api
2025-02-04 01:30:00,blended,"Data centre facility, hyperscale, Virginia (Zhang et al. 2025)","Data centre facility, hyperscale, Virginia (Zhang et al. 2025) (blended)",420.075,105,blended,0.420075,0.579925,420.075,579.9250000000001,0.0,,176103378.1620879,3,1600092000.0,672158646.9,927933353.1,,carbon_api
2025-02-04 02:00:00,blended,"Data centre facility, hyperscale, Virginia (Zhang et al. 2025)","Data centre facility, hyperscale, Virginia (Zhang et al. 2025) (blended)",458.058,107,blended,0.45805799999999997,0.541942,458.058,541.942,0.0,,170693479.9772619,3,1600092000.0,732934941.336,867157058.664,,carbon_api
2025-02-04 02:30:00,blended,"Data centre facility, hyperscale, Virginia (Zhang et al. 2025)","Data centre facility, hyperscale, Virginia (Zhang et al. 2025) (blended)",458.058,109,blended,0.45805799999999997,0.541942,458.058,541.942,0.0,,174499327.21753266,3,1600092000.0,732934941.336,867157058.664,,carbon_api
2025-02-04 03:00:00,blended,"Data centre facility, hyperscale, Virginia (Zhang et al. 2025)","Data centre facility, hyperscale, Virginia (Zhang et al. 2025) (blended)",510.318,102,blended,0.5103179999999999,0.48968200000000006,510.3179999999999,489.6820000000001,0.0,,153964823.9992562,3,1600092000.0,816555749.2559999,783536250.7440001,,carbon_api
2025-02-04 03:30:00,blended,"Data centre facility, hyperscale, Virginia (Zhang et al. 2025)","Data centre facility, hyperscale, Virginia (Zhang et al. 2025) (blended)",510.318,105,blended,0.5103179999999999,0.48968200000000006,510.3179999999999,489.6820000000001,0.0,,156903980.502655,3,1600092000.0,816555749.2559999,783536250.7440001,,carbon_api
2025-02-04 04:00:00,blended,"Data centre facility, hyperscale, Virginia (Zhang et al. 2025)","Data centre facility, hyperscale, Virginia (Zhang et al. 2025) (blended)",577.717,105,blended,0.577717,0.42228299999999996,577.717,422.28299999999996,0.0,,141902887.0267148,3,1600092000.0,924400349.9640001,675691650.0359999,,carbon_api
2025-02-04 04:30:00,blended,"Data centre facility, hyperscale, Virginia (Zhang et al. 2025)","Data centre facility, hyperscale, Virginia (Zhang et al. 2025) (blended)",577.717,106,blended,0.577717,0.42228299999999996,577.717,422.28299999999996,0.0,,142389680.59863752,3,1600092000.0,924400349.9640001,675691650.0359999,,carbon_api
2025-02-04 05:00:00,blended,"Data centre facility, hyperscale, Virginia (Zhang et al. 2025)","Data centre facility, hyperscale, Virginia (Zhang et al. 2025) (blended)",666.523,110,blended,0.666523,0.333477,666.523,333.47700000000003,0.0,,125365322.95031714,3,1600092000.0,1066498120.1159999,533593879.88400006,,carbon_api
2025-02-04 05:30:00,blended,"Data centre facility, hyperscale, Virginia (Zhang et al. 2025)","Data centre facility, hyperscale, Virginia (Zhang et al. 2025) (blended)",666.523,140,blended,0.666523,0.333477,666.523,333.47700000000003,0.0,,148300394.9417441,3,1600092000.0,1066498120.1159999,533593879.88400006,,carbon_api
2025-02-04 06:00:00,blended,"Data centre facility, hyperscale, Virginia (Zhang et al. 2025)","Data centre facility, hyperscale, Virginia (Zhang et al. 2025) (blended)",692.479,146,blended,0.6924790000000001,0.30752099999999993,692.479,307.52099999999996,0.0,,144468102.17889994,3,1600092000.0,1108030108.068,492061891.9319999,,carbon_api
2025-02-04 06:30:00,blended,"Data centre facility, hyperscale, Virginia (Zhang et al. 2025)","Data centre facility, hyperscale, Virginia (Zhang et al. 2025) (blended)",692.479,139,blended,0.6924790000000001,0.30752099999999993,692.479,307.52099999999996,0.0,,139821332.45146564,3,1600092000.0,1108030108.068,492061891.9319999,,carbon_api
2025-02-04 07:00:00,blended,"Data centre facility, hyperscale, Virginia (Zhang et al. 2025)","Data centre facility, hyperscale, Virginia (Zhang et al. 2025) (blended)",712.082,144,blended,0.712082,0.287918,712.082,287.918,0.0,,136622641.75264198,3,1600092000.0,1139396711.544,460695288.45600003,,carbon_api
2025-02-04 07:30:00,blended,"Data centre facility, hyperscale, Virginia (Zhang et al. 2025)","Data centre facility, hyperscale, Virginia (Zhang et al. 2025) (blended)",712.082,150,blended,0.712082,0.287918,712.082,287.918,0.0,,138493219.6242174,3,1600092000.0,1139396711.544,460695288.45600003,,carbon_api
2025-02-04 08:00:00,blended,"Data centre facility, hyperscale, Virginia (Zhang et al. 2025)","Data centre facility, hyperscale, Virginia (Zhang et al. 2025) (blended)",713.548,155,blended,0.713548,0.28645200000000004,713.548,286.45200000000006,0.0,,141553569.68714708,3,1600092000.0,1141742446.416,458349553.58400005,,carbon_api
2025-02-04 08:30:00,blended,"Data centre facility, hyperscale, Virginia (Zhang et al. 2025)","Data centre facility, hyperscale, Virginia (Zhang et al. 2025) (blended)",713.548,158,blended,0.713548,0.28645200000000004,713.548,286.45200000000006,0.0,,142751863.61610717,3,1600092000.0,1141742446.416,458349553.58400005,,carbon_api
2025-02-04 09:00:00,blended,"Data centre facility, hyperscale, Virginia (Zhang et al. 2025)","Data centre facility, hyperscale, Virginia (Zhang et al. 2025) (blended)",738.825,149,blended,0.7388250000000001,0.26117499999999993,738.825,261.17499999999995,0.0,,129126713.43050727,3,1600092000.0,1182187971.9,417904028.0999999,,carbon_api
2025-02-04 09:30:00,blended,"Data centre facility, hyperscale, Virginia (Zhang et al. 2025)","Data centre facility, hyperscale, Virginia (Zhang et al. 2025) (blended)",738.825,141,blended,0.7388250000000001,0.26117499999999993,738.825,261.17499999999995,0.0,,124861877.13687623,3,1600092000.0,1182187971.9,417904028.0999999,,carbon_api
2025-02-04 10:00:00,blended,"Data centre facility, hyperscale, Virginia (Zhang et al. 2025)","Data centre facility, hyperscale, Virginia (Zhang et al. 2025) (blended)",798.519,135,blended,0.798519,0.20148100000000002,798.519,201.48100000000002,0.0,,103327432.29103178,3,1600092000.0,1277703863.748,322388136.25200003,,carbon_api
2025-02-04 10:30:00,blended,"Data centre facility, hyperscale, Virginia (Zhang et al. 2025)","Data centre facility, hyperscale, Virginia (Zhang et al. 2025) (blended)",798.519,123,blended,0.798519,0.20148100000000002,798.519,201.48100000000002,0.0,,98709381.34591782,3,1600092000.0,1277703863.748,322388136.25200003,,carbon_api
2025-02-04 11:00:00,blended,"Data centre facility, hyperscale, Virginia (Zhang et al. 2025)","Data centre facility, hyperscale, Virginia (Zhang et al. 2025) (blended)",838.845,118,blended,0.8388450000000001,0.16115499999999994,838.845,161.15499999999994,0.0,,86460074.54752058,3,1600092000.0,1342229173.74,257862826.2599999,,carbon_api
2025-02-04 11:30:00,blended,"Data centre facility, hyperscale, Virginia (Zhang et al. 2025)","Data centre facility, hyperscale, Virginia (Zhang et al. 2025) (blended)",838.845,110,blended,0.8388450000000001,0.16115499999999994,838.845,161.15499999999994,0.0,,87412075.75542183,3,1600092000.0,1342229173.74,257862826.2599999,,carbon_api
2025-02-04 12:00:00,blended,"Data centre facility, hyperscale, Virginia (Zhang et al. 2025)","Data centre facility, hyperscale, Virginia (Zhang et al. 2025) (blended)",863.118,111,blended,0.863118,0.13688199999999995,863.118,136.88199999999995,0.0,,81409410.23667511,3,1600092000.0,1381068206.8560002,219023793.1439999,,carbon_api
2025-02-04 12:30:00,blended,"Data centre facility, hyperscale, Virginia (Zhang et al. 2025)","Data centre facility, hyperscale, Virginia (Zhang et al. 2025) (blended)",863.118,118,blended,0.863118,0.13688199999999995,863.118,136.88199999999995,0.0,,79774336.55711842,3,1600092000.0,1381068206.8560002,219023793.1439999,,carbon_api
2025-02-04 13:00:00,blended,"Data centre facility, hyperscale, Virginia (Zhang et al. 2025)","Data centre facility, hyperscale, Virginia (Zhang et al. 2025) (blended)",848.458,113,blended,0.8484579999999999,0.15154200000000007,848.458,151.54200000000006,0.0,,81230842.76461405,3,1600092000.0,1357610858.136,242481141.8640001,,carbon_api
2025-02-04 13:30:00,blended,"Data centre facility, hyperscale, Virginia (Zhang et al. 2025)","Data centre facility, hyperscale, Virginia (Zhang et al. 2025) (blended)",848.458,117,blended,0.8484579999999999,0.15154200000000007,848.458,151.54200000000006,0.0,,83293191.5616721,3,1600092000.0,1357610858.136,242481141.8640001,,carbon_api
2025-02-04 14:00:00,blended,"Data centre facility, hyperscale, Virginia (Zhang et al. 2025)","Data centre facility, hyperscale, Virginia (Zhang et al. 2025) (blended)",830.147,129,blended,0.8301470000000001,0.16985299999999992,830.147,169.85299999999992,0.0,,92688546.47450212,3,1600092000.0,1328311573.5240002,271780426.4759999,,carbon_api
2025-02-04 14:30:00,blended,"Data centre facility, hyperscale, Virginia (Zhang et al. 2025)","Data centre facility, hyperscale, Virginia (Zhang et al. 2025) (blended)",830.147,140,blended,0.8301470000000001,0.16985299999999992,830.147,169.85299999999992,0.0,,99008581.9625105,3,1600092000.0,1328311573.5240002,271780426.4759999,,carbon_api
2025-02-04 15:00:00,blended,"Data centre facility, hyperscale, Virginia (Zhang et al. 2025)","Data centre facility, hyperscale, Virginia (Zhang et al. 2025) (blended)",818.852,147,blended,0.818852,0.18114799999999998,818.852,181.14799999999997,0.0,,105328621.93089393,3,1600092000.0,1310238534.384,289853465.61599994,,carbon_api
2025-02-04 15:30:00,blended,"Data centre facility, hyperscale, Virginia (Zhang et al. 2025)","Data centre facility, hyperscale, Virginia (Zhang et al. 2025) (blended)",818.852,157,blended,0.818852,0.18114799999999998,818.852,181.14799999999997,0.0,,108553194.24072874,3,1600092000.0,1310238534.384,289853465.61599994,,carbon_api
2025-02-04 16:00:00,blended,"Data centre facility, hyperscale, Virginia (Zhang et al. 2025)","Data centre facility, hyperscale, Virginia (Zhang et al. 2025) (blended)",770.592,157,blended,0.7705919999999999,0.22940800000000006,770.592,229.40800000000004,0.0,,125699876.23795861,3,1600092000.0,1233018094.464,367073905.5360001,,carbon_api
2025-02-04 16:30:00,blended,"Data centre facility, hyperscale, Virginia (Zhang et al. 2025)","Data centre facility, hyperscale, Virginia (Zhang et al. 2025) (blended)",770.592,154,blended,0.7705919999999999,0.22940800000000006,770.592,229.40800000000004,0.0,,123840803.97342831,3,1600092000.0,1233018094.464,367073905.5360001,,carbon_api
2025-02-04 17:00:00,blended,"Data centre facility, hyperscale, Virginia (Zhang et al. 2025)","Data centre facility, hyperscale, Virginia (Zhang et al. 2025) (blended)",668.153,177,blended,0.668153,0.331847,668.153,331.847,0.0,,167625219.426381,3,1600092000.0,1069106270.076,530985729.924,,carbon_api
2025-02-04 17:30:00,blended,"Data centre facility, hyperscale, Virginia (Zhang et al. 2025)","Data centre facility, hyperscale, Virginia (Zhang et al. 2025) (blended)",668.153,181,blended,0.668153,0.331847,668.153,331.847,0.0,,160643999.0999585,3,1600092000.0,1069106270.076,530985729.924,,carbon_api
2025-02-04 18:00:00,blended,"Data centre facility, hyperscale, Virginia (Zhang et al. 2025)","Data centre facility, hyperscale, Virginia (Zhang et al. 2025) (blended)",569.737,177,blended,0.5697369999999999,0.43026300000000006,569.737,430.26300000000003,0.0,,190500608.75952086,3,1600092000.0,911631615.8039999,688460384.1960001,,carbon_api
2025-02-04 18:30:00,blended,"Data centre facility, hyperscale, Virginia (Zhang et al. 2025)","Data centre facility, hyperscale, Virginia (Zhang et al. 2025) (blended)",569.737,178,blended,0.5697369999999999,0.43026300000000006,569.737,430.26300000000003,0.0,,188035814.48207495,3,1600092000.0,911631615.8039999,688460384.1960001,,carbon_api
2025-02-04 19:00:00,blended,"Data centre facility, hyperscale, Virginia (Zhang et al. 2025)","Data centre facility, hyperscale, Virginia (Zhang et al. 2025) (blended)",501.203,175,blended,0.501203,0.49879700000000005,501.203,498.797,0.0,,208449756.31912634,3,1600092000.0,801970910.6759999,798121089.3240001,,carbon_api
2025-02-04 19:30:00,blended,"Data centre facility, hyperscale, Virginia (Zhang et al. 2025)","Data centre facility, hyperscale, Virginia (Zhang et al. 2025) (blended)",501.203,166,blended,0.501203,0.49879700000000005,501.203,498.797,0.0,,203789961.86760464,3,1600092000.0,801970910.6759999,798121089.3240001,,carbon_api
2025-02-04 20:00:00,blended,"Data centre facility, hyperscale, Virginia (Zhang et al. 2025)","Data centre facility, hyperscale, Virginia (Zhang et al. 2025) (blended)",484.438,147,blended,0.484438,0.5155620000000001,484.438,515.5620000000001,0.0,,184182131.9161647,3,1600092000.0,775145368.296,824946631.7040001,,carbon_api
2025-02-04 20:30:00,blended,"Data centre facility, hyperscale, Virginia (Zhang et al. 2025)","Data centre facility, hyperscale, Virginia (Zhang et al. 2025) (blended)",484.438,135,blended,0.484438,0.5155620000000001,484.438,515.5620000000001,0.0,,168847995.29200017,3,1600092000.0,775145368.296,824946631.7040001,,carbon_api
2025-02-04 21:00:00,blended,"Data centre facility, hyperscale, Virginia (Zhang et al. 2025)","Data centre facility, hyperscale, Virginia (Zhang et al. 2025) (blended)",453.51,128,blended,0.45350999999999997,0.54649,453.51,546.49,0.0,,164570469.54024342,3,1600092000.0,725657722.92,874434277.08,,carbon_api
2025-02-04 21:30:00,blended,"Data centre facility, hyperscale, Virginia (Zhang et al. 2025)","Data centre facility, hyperscale, Virginia (Zhang et al. 2025) (blended)",453.51,119,blended,0.45350999999999997,0.54649,453.51,546.49,0.0,,141213204.45863253,3,1600092000.0,725657722.92,874434277.08,,carbon_api
2025-02-04 22:00:00,blended,"Data centre facility, hyperscale, Virginia (Zhang et al. 2025)","Data centre facility, hyperscale, Virginia (Zhang et al. 2025) (blended)",405.011,118,blended,0.405011,0.594989,405.011,594.989,0.0,,145040310.40914938,3,1600092000.0,648054861.012,952037138.988,,carbon_api
2025-02-04 22:30:00,blended,"Data centre facility, hyperscale, Virginia (Zhang et al. 2025)","Data centre facility, hyperscale, Virginia (Zhang et al. 2025) (blended)",405.011,116,blended,0.405011,0.594989,405.011,594.989,0.0,,137846153.54680657,3,1600092000.0,648054861.012,952037138.988,,carbon_api
2025-02-04 23:00:00,blended,"Data centre facility, hyperscale, Virginia (Zhang et al. 2025)","Data centre facility, hyperscale, Virginia (Zhang et al. 2025) (blended)",347.543,115,blended,0.347543,0.6524570000000001,347.543,652.4570000000001,0.0,,145631215.84758872,3,1600092000.0,556100773.956,1043991226.0440001,,carbon_api
2025-02-04 23:30:00,blended,"Data centre facility, hyperscale, Virginia (Zhang et al. 2025)","Data centre facility, hyperscale, Virginia (Zhang et al. 2025) (blended)",347.543,108,blended,0.347543,0.6524570000000001,347.543,652.4570000000001,0.0,,144480911.73393676,3,1600092000.0,556100773.956,1043991226.0440001,,carbon_api
2025-02-05 00:00:00,blended,"Data centre facility, hyperscale, Virginia (Zhang et al. 2025)","Data centre facility, hyperscale, Virginia (Zhang et al. 2025) (blended)",328.5,113,blended,0.3285,0.6715,328.5,671.5,0.0,,155087024.48399788,3,1600092000.0,525630222.0,1074461778.0,,carbon_api
2025-02-05 00:30:00,blended,"Data centre facility, hyperscale, Virginia (Zhang et al. 2025)","Data centre facility, hyperscale, Virginia (Zhang et al. 2025) (blended)",328.5,119,blended,0.3285,0.6715,328.5,671.5,0.0,,166392720.34811565,3,1600092000.0,525630222.0,1074461778.0,,carbon_api
2025-02-05 01:00:00,blended,"Data centre facility, hyperscale, Virginia (Zhang et al. 2025)","Data centre facility, hyperscale, Virginia (Zhang et al. 2025) (blended)",281.67,116,blended,0.28167000000000003,0.7183299999999999,281.67,718.3299999999999,0.0,,169560458.88991842,3,1600092000.0,450697913.64000005,1149394086.36,,carbon_api
2025-02-05 01:30:00,blended,"Data centre facility, hyperscale, Virginia (Zhang et al. 2025)","Data centre facility, hyperscale, Virginia (Zhang et al. 2025) (blended)",281.67,104,blended,0.28167000000000003,0.7183299999999999,281.67,718.3299999999999,0.0,,180785897.3342211,3,1600092000.0,450697913.64000005,1149394086.36,,carbon_api
2025-02-05 02:00:00,blended,"Data centre facility, hyperscale, Virginia (Zhang et al. 2025)","Data centre facility, hyperscale, Virginia (Zhang et al. 2025) (blended)",263.711,103,blended,0.26371100000000003,0.736289,263.711,736.289,0.0,,183348178.43619245,3,1600092000.0,421961861.41200006,1178130138.588,,carbon_api
2025-02-05 02:30:00,blended,"Data centre facility, hyperscale, Virginia (Zhang et al. 2025)","Data centre facility, hyperscale, Virginia (Zhang et al. 2025) (blended)",263.711,95,blended,0.26371100000000003,0.736289,263.711,736.289,0.0,,186465030.21755883,3,1600092000.0,421961861.41200006,1178130138.588,,carbon_api
2025-02-05 03:00:00,blended,"Data centre facility, hyperscale, Virginia (Zhang et al. 2025)","Data centre facility, hyperscale, Virginia (Zhang et al. 2025) (blended)",247.584,100,blended,0.247584,0.752416,247.584,752.4159999999999,0.0,,198708994.5451624,3,1600092000.0,396157177.728,1203934822.272,,carbon_api
2025-02-05 03:30:00,blended,"Data centre facility, hyperscale, Virginia (Zhang et al. 2025)","Data centre facility, hyperscale, Virginia (Zhang et al. 2025) (blended)",247.584,104,blended,0.247584,0.752416,247.584,752.4159999999999,0.0,,206832823.26149002,3,1600092000.0,396157177.728,1203934822.272,,carbon_api
2025-02-05 04:00:00,blended,"Data centre facility, hyperscale, Virginia (Zhang et al. 2025)","Data centre facility, hyperscale, Virginia (Zhang et al. 2025) (blended)",212.489,111,blended,0.212489,0.787511,212.489,787.511,0.0,,231299267.28387132,3,1600092000.0,340001948.98800004,1260090051.0119998,,carbon_api
2025-02-05 04:30:00,blended,"Data centre facility, hyperscale, Virginia (Zhang et al. 2025)","Data centre facility, hyperscale, Virginia (Zhang et al. 2025) (blended)",212.489,120,blended,0.212489,0.787511,212.489,787.511,0.0,,250501286.87357938,3,1600092000.0,340001948.98800004,1260090051.0119998,,carbon_api
2025-02-05 05:00:00,blended,"Data centre facility, hyperscale, Virginia (Zhang et al. 2025)","Data centre facility, hyperscale, Virginia (Zhang et al. 2025) (blended)",206.258,163,blended,0.206258,0.793742,206.258,793.742,0.0,,331514560.7510122,3,1600092000.0,330031775.736,1270060224.264,,carbon_api
2025-02-05 05:30:00,blended,"Data centre facility, hyperscale, Virginia (Zhang et al. 2025)","Data centre facility, hyperscale, Virginia (Zhang et al. 2025) (blended)",206.258,204,blended,0.206258,0.793742,206.258,793.742,0.0,,405448544.3567142,3,1600092000.0,330031775.736,1270060224.264,,carbon_api
2025-02-05 06:00:00,blended,"Data centre facility, hyperscale, Virginia (Zhang et al. 2025)","Data centre facility, hyperscale, Virginia (Zhang et al. 2025) (blended)",206.302,228,blended,0.20630199999999999,0.793698,206.302,793.698,0.0,,449608057.75111365,3,1600092000.0,330102179.784,1269989820.216,,carbon_api
2025-02-05 06:30:00,blended,"Data centre facility, hyperscale, Virginia (Zhang et al. 2025)","Data centre facility, hyperscale, Virginia (Zhang et al. 2025) (blended)",206.302,236,blended,0.20630199999999999,0.793698,206.302,793.698,0.0,,462897980.0992419,3,1600092000.0,330102179.784,1269989820.216,,carbon_api
2025-02-05 07:00:00,blended,"Data centre facility, hyperscale, Virginia (Zhang et al. 2025)","Data centre facility, hyperscale, Virginia (Zhang et al. 2025) (blended)",192.626,243,blended,0.192626,0.807374,192.626,807.374,0.0,,476487207.2804489,3,1600092000.0,308219321.592,1291872678.408,,carbon_api
2025-02-05 07:30:00,blended,"Data centre facility, hyperscale, Virginia (Zhang et al. 2025)","Data centre facility, hyperscale, Virginia (Zhang et al. 2025) (blended)",192.626,248,blended,0.192626,0.807374,192.626,807.374,0.0,,477702061.3019811,3,1600092000.0,308219321.592,1291872678.408,,carbon_api
2025-02-05 08:00:00,blended,"Data centre facility, hyperscale, Virginia (Zhang et al. 2025)","Data centre facility, hyperscale, Virginia (Zhang et al. 2025) (blended)",163.599,256,blended,0.163599,0.836401,163.599,836.401,0.0,,505493410.1311209,3,1600092000.0,261773451.10799998,1338318548.892,,carbon_api
2025-02-05 08:30:00,blended,"Data centre facility, hyperscale, Virginia (Zhang et al. 2025)","Data centre facility, hyperscale, Virginia (Zhang et al. 2025) (blended)",163.599,248,blended,0.163599,0.836401,163.599,836.401,0.0,,501881093.5299939,3,1600092000.0,261773451.10799998,1338318548.892,,carbon_api
2025-02-05 09:00:00,blended,"Data centre facility, hyperscale, Virginia (Zhang et al. 2025)","Data centre facility, hyperscale, Virginia (Zhang et al. 2025) (blended)",139.592,242,blended,0.13959200000000002,0.860408,139.592,860.4079999999999,0.0,,507005756.9194799,3,1600092000.0,223360042.46400005,1376731957.536,,carbon_api
2025-02-05 09:30:00,blended,"Data centre facility, hyperscale, Virginia (Zhang et al. 2025)","Data centre facility, hyperscale, Virginia (Zhang et al. 2025) (blended)",139.592,236,blended,0.13959200000000002,0.860408,139.592,860.4079999999999,0.0,,507922573.40043306,3,1600092000.0,223360042.46400005,1376731957.536,,carbon_api
2025-02-05 10:00:00,blended,"Data centre facility, hyperscale, Virginia (Zhang et al. 2025)","Data centre facility, hyperscale, Virginia (Zhang et al. 2025) (blended)",138.756,231,blended,0.138756,0.861244,138.756,861.244,0.0,,502481429.81157094,3,1600092000.0,222022365.552,1378069634.448,,carbon_api
2025-02-05 10:30:00,blended,"Data centre facility, hyperscale, Virginia (Zhang et al. 2025)","Data centre facility, hyperscale, Virginia (Zhang et al. 2025) (blended)",138.756,226,blended,0.138756,0.861244,138.756,861.244,0.0,,493982553.2093367,3,1600092000.0,222022365.552,1378069634.448,,carbon_api
2025-02-05 11:00:00,blended,"Data centre facility, hyperscale, Virginia (Zhang et al. 2025)","Data centre facility, hyperscale, Virginia (Zhang et al. 2025) (blended)",157.995,220,blended,0.157995,0.842005,157.995,842.005,0.0,,474944372.73267853,3,1600092000.0,252806535.54,1347285464.46,,carbon_api
2025-02-05 11:30:00,blended,"Data centre facility, hyperscale, Virginia (Zhang et al. 2025)","Data centre facility, hyperscale, Virginia (Zhang et al. 2025) (blended)",157.995,211,blended,0.157995,0.842005,157.995,842.005,0.0,,467417523.35536677,3,1600092000.0,252806535.54,1347285464.46,,carbon_api
2025-02-05 12:00:00,blended,"Data centre facility, hyperscale, Virginia (Zhang et al. 2025)","Data centre facility, hyperscale, Virginia (Zhang et al. 2025) (blended)",182.867,230,blended,0.182867,0.817133,182.867,817.133,0.0,,472267389.6655981,3,1600092000.0,292604023.764,1307487976.236,,carbon_api
2025-02-05 12:30:00,blended,"Data centre facility, hyperscale, Virginia (Zhang et al. 2025)","Data centre facility, hyperscale, Virginia (Zhang et al. 2025) (blended)",182.867,228,blended,0.182867,0.817133,182.867,817.133,0.0,,487241595.78050506,3,1600092000.0,292604023.764,1307487976.236,,carbon_api
2025-02-05 13:00:00,blended,"Data centre facility, hyperscale, Virginia (Zhang et al. 2025)","Data centre facility, hyperscale, Virginia (Zhang et al. 2025) (blended)",166.452,238,blended,0.166452,0.833548,166.452,833.548,0.0,,512385316.8017642,3,1600092000.0,266338513.584,1333753486.416,,carbon_api
2025-02-05 13:30:00,blended,"Data centre facility, hyperscale, Virginia (Zhang et al. 2025)","Data centre facility, hyperscale, Virginia (Zhang et al. 2025) (blended)",166.452,247,blended,0.166452,0.833548,166.452,833.548,0.0,,531079435.1494647,3,1600092000.0,266338513.584,1333753486.416,,carbon_api
2025-02-05 14:00:00,blended,"Data centre facility, hyperscale, Virginia (Zhang et al. 2025)","Data centre facility, hyperscale, Virginia (Zhang et al. 2025) (blended)",125.993,256,blended,0.125993,0.874007,125.993,874.007,0.0,,573668409.6832845,3,1600092000.0,201600391.35599998,1398491608.644,,carbon_api
2025-02-05 14:30:00,blended,"Data centre facility, hyperscale, Virginia (Zhang et al. 2025)","Data centre facility, hyperscale, Virginia (Zhang et al. 2025) (blended)",125.993,277,blended,0.125993,0.874007,125.993,874.007,0.0,,604679864.4103489,3,1600092000.0,201600391.35599998,1398491608.644,,carbon_api
2025-02-05 15:00:00,blended,"Data centre facility, hyperscale, Virginia (Zhang et al. 2025)","Data centre facility, hyperscale, Virginia (Zhang et al. 2025) (blended)",103.293,288,blended,0.10329300000000001,0.896707,103.293,896.707,0.0,,639967266.2452382,3,1600092000.0,165278302.95600003,1434813697.0440001,,carbon_api
2025-02-05 15:30:00,blended,"Data centre facility, hyperscale, Virginia (Zhang et al. 2025)","Data centre facility, hyperscale, Virginia (Zhang et al. 2025) (blended)",103.293,275,blended,0.10329300000000001,0.896707,103.293,896.707,0.0,,631374794.2234751,3,1600092000.0,165278302.95600003,1434813697.0440001,,carbon_api
2025-02-05 16:00:00,blended,"Data centre facility, hyperscale, Virginia (Zhang et al. 2025)","Data centre facility, hyperscale, Virginia (Zhang et al. 2025) (blended)",112.033,282,blended,0.11203300000000001,0.887967,112.033,887.967,0.0,,639770447.6159952,3,1600092000.0,179263107.036,1420828892.964,,carbon_api
2025-02-05 16:30:00,blended,"Data centre facility, hyperscale, Virginia (Zhang et al. 2025)","Data centre facility, hyperscale, Virginia (Zhang et al. 2025) (blended)",112.033,293,blended,0.11203300000000001,0.887967,112.033,887.967,0.0,,650297627.8914523,3,1600092000.0,179263107.036,1420828892.964,,carbon_api
2025-02-05 17:00:00,blended,"Data centre facility, hyperscale, Virginia (Zhang et al. 2025)","Data centre facility, hyperscale, Virginia (Zhang et al. 2025) (blended)",123.597,294,blended,0.123597,0.876403,123.597,876.403,0.0,,645056707.1163723,3,1600092000.0,197766570.924,1402325429.076,,carbon_api
2025-02-05 17:30:00,blended,"Data centre facility, hyperscale, Virginia (Zhang et al. 2025)","Data centre facility, hyperscale, Virginia (Zhang et al. 2025) (blended)",123.597,304,blended,0.123597,0.876403,123.597,876.403,0.0,,650249722.1760784,3,1600092000.0,197766570.924,1402325429.076,,carbon_api
2025-02-05 18:00:00,blended,"Data centre facility, hyperscale, Virginia (Zhang et al. 2025)","Data centre facility, hyperscale, Virginia (Zhang et al. 2025) (blended)",145.524,302,blended,0.14552400000000001,0.854476,145.524,854.476,0.0,,631315890.5259832,3,1600092000.0,232851788.20800003,1367240211.792,,carbon_api
2025-02-05 18:30:00,blended,"Data centre facility, hyperscale, Virginia (Zhang et al. 2025)","Data centre facility, hyperscale, Virginia (Zhang et al. 2025) (blended)",145.524,309,blended,0.14552400000000001,0.854476,145.524,854.476,0.0,,629872753.0756824,3,1600092000.0,232851788.20800003,1367240211.792,,carbon_api
2025-02-05 19:00:00,blended,"Data centre facility, hyperscale, Virginia (Zhang et al. 2025)","Data centre facility, hyperscale, Virginia (Zhang et al. 2025) (blended)",174.399,306,blended,0.174399,0.825601,174.399,825.601,0.0,,601895432.7719319,3,1600092000.0,279054444.708,1321037555.292,,carbon_api
2025-02-05 19:30:00,blended,"Data centre facility, hyperscale, Virginia (Zhang et al. 2025)","Data centre facility, hyperscale, Virginia (Zhang et al. 2025) (blended)",174.399,321,blended,0.174399,0.825601,174.399,825.601,0.0,,613809847.1424991,3,1600092000.0,279054444.708,1321037555.292,,carbon_api
2025-02-05 20:00:00,blended,"Data centre facility, hyperscale, Virginia (Zhang et al. 2025)","Data centre facility, hyperscale, Virginia (Zhang et al. 2025) (blended)",207.063,318,blended,0.207063,0.792937,207.063,792.937,0.0,,584186045.4298611,3,1600092000.0,331319849.796,1268772150.204,,carbon_api
2025-02-05 20:30:00,blended,"Data centre facility, hyperscale, Virginia (Zhang et al. 2025)","Data centre facility, hyperscale, Virginia (Zhang et al. 2025) (blended)",207.063,317,blended,0.207063,0.792937,207.063,792.937,0.0,,595616973.8581824,3,1600092000.0,331319849.796,1268772150.204,,carbon_api
2025-02-05 21:00:00,blended,"Data centre facility, hyperscale, Virginia (Zhang et al. 2025)","Data centre facility, hyperscale, Virginia (Zhang et al. 2025) (blended)",263.735,316,blended,0.263735,0.736265,263.735,736.265,0.0,,555934284.538935,3,1600092000.0,422000263.62,1178091736.3799999,,carbon_api
2025-02-05 21:30:00,blended,"Data centre facility, hyperscale, Virginia (Zhang et al. 2025)","Data centre facility, hyperscale, Virginia (Zhang et al. 2025) (blended)",263.735,311,blended,0.263735,0.736265,263.735,736.265,0.0,,548092096.7930607,3,1600092000.0,422000263.62,1178091736.3799999,,carbon_api
2025-02-05 22:00:00,blended,"Data centre facility, hyperscale, Virginia (Zhang et al. 2025)","Data centre facility, hyperscale, Virginia (Zhang et al. 2025) (blended)",327.273,305,blended,0.32727300000000004,0.672727,327.273,672.727,0.0,,495435670.8300329,3,1600092000.0,523666909.11600006,1076425090.8839998,,carbon_api
2025-02-05 22:30:00,blended,"Data centre facility, hyperscale, Virginia (Zhang et al. 2025)","Data centre facility, hyperscale, Virginia (Zhang et al. 2025) (blended)",327.273,297,blended,0.32727300000000004,0.672727,327.273,672.727,0.0,,482573433.35671735,3,1600092000.0,523666909.11600006,1076425090.8839998,,carbon_api
2025-02-05 23:00:00,blended,"Data centre facility, hyperscale, Virginia (Zhang et al. 2025)","Data centre facility, hyperscale, Virginia (Zhang et al. 2025) (blended)",308.738,300,blended,0.308738,0.691262,308.738,691.2620000000001,0.0,,499380568.06399435,3,1600092000.0,494009203.896,1106082796.104,,carbon_api
2025-02-05 23:30:00,blended,"Data centre facility, hyperscale, Virginia (Zhang et al. 2025)","Data centre facility, hyperscale, Virginia (Zhang et al. 2025) (blended)",308.738,286,blended,0.308738,0.691262,308.738,691.2620000000001,0.0,,479725964.6423432,3,1600092000.0,494009203.896,1106082796.104,,carbon_api
2025-02-06 00:00:00,blended,"Data centre facility, hyperscale, Virginia (Zhang et al. 2025)","Data centre facility, hyperscale, Virginia (Zhang et al. 2025) (blended)",232.888,285,blended,0.232888,0.767112,232.888,767.112,0.0,,529692473.7458411,3,1600092000.0,372642225.69600004,1227449774.3040001,,carbon_api
2025-02-06 00:30:00,blended,"Data centre facility, hyperscale, Virginia (Zhang et al. 2025)","Data centre facility, hyperscale, Virginia (Zhang et al. 2025) (blended)",232.888,265,blended,0.232888,0.767112,232.888,767.112,0.0,,503073639.29964393,3,1600092000.0,372642225.69600004,1227449774.3040001,,carbon_api
2025-02-06 01:00:00,blended,"Data centre facility, hyperscale, Virginia (Zhang et al. 2025)","Data centre facility, hyperscale, Virginia (Zhang et al. 2025) (blended)",180.973,257,blended,0.18097300000000002,0.819027,180.973,819.0269999999999,0.0,,521810459.4717669,3,1600092000.0,289573449.51600003,1310518550.484,,carbon_api
2025-02-06 01:30:00,blended,"Data centre facility, hyperscale, Virginia (Zhang et al. 2025)","Data centre facility, hyperscale, Virginia (Zhang et al. 2025) (blended)",180.973,261,blended,0.18097300000000002,0.819027,180.973,819.0269999999999,0.0,,524001585.0480686,3,1600092000.0,289573449.51600003,1310518550.484,,carbon_api
2025-02-06 02:00:00,blended,"Data centre facility, hyperscale, Virginia (Zhang et al. 2025)","Data centre facility, hyperscale, Virginia (Zhang et al. 2025) (blended)",140.528,245,blended,0.140528,0.859472,140.528,859.472,0.0,,511946258.2437178,3,1600092000.0,224857728.57599998,1375234271.424,,carbon_api
2025-02-06 02:30:00,blended,"Data centre facility, hyperscale, Virginia (Zhang et al. 2025)","Data centre facility, hyperscale, Virginia (Zhang et al. 2025) (blended)",140.528,233,blended,0.140528,0.859472,140.528,859.472,0.0,,521629460.791163,3,1600092000.0,224857728.57599998,1375234271.424,,carbon_api
2025-02-06 03:00:00,blended,"Data centre facility, hyperscale, Virginia (Zhang et al. 2025)","Data centre facility, hyperscale, Virginia (Zhang et al. 2025) (blended)",123.313,231,blended,0.123313,0.876687,123.313,876.687,0.0,,522573913.8313633,3,1600092000.0,197312144.796,1402779855.204,,carbon_api
2025-02-06 03:30:00,blended,"Data centre facility, hyperscale, Virginia (Zhang et al. 2025)","Data centre facility, hyperscale, Virginia (Zhang et al. 2025) (blended)",123.313,266,blended,0.123313,0.876687,123.313,876.687,0.0,,569333539.9125729,3,1600092000.0,197312144.796,1402779855.204,,carbon_api
2025-02-06 04:00:00,blended,"Data centre facility, hyperscale, Virginia (Zhang et al. 2025)","Data centre facility, hyperscale, Virginia (Zhang et al. 2025) (blended)",121.145,262,blended,0.121145,0.8788549999999999,121.145,878.8549999999999,0.0,,562770963.6142294,3,1600092000.0,193843145.34,1406248854.6599998,,carbon_api
2025-02-06 04:30:00,blended,"Data centre facility, hyperscale, Virginia (Zhang et al. 2025)","Data centre facility, hyperscale, Virginia (Zhang et al. 2025) (blended)",121.145,264,blended,0.121145,0.8788549999999999,121.145,878.8549999999999,0.0,,566700703.5525627,3,1600092000.0,193843145.34,1406248854.6599998,,carbon_api
2025-02-06 05:00:00,blended,"Data centre facility, hyperscale, Virginia (Zhang et al. 2025)","Data centre facility, hyperscale, Virginia (Zhang et al. 2025) (blended)",125.233,271,blended,0.125233,0.874767,125.233,874.7669999999999,0.0,,579048835.4097539,3,1600092000.0,200384321.43600002,1399707678.564,,carbon_api
2025-02-06 05:30:00,blended,"Data centre facility, hyperscale, Virginia (Zhang et al. 2025)","Data centre facility, hyperscale, Virginia (Zhang et al. 2025) (blended)",125.233,279,blended,0.125233,0.874767,125.233,874.7669999999999,0.0,,596146467.211962,3,1600092000.0,200384321.43600002,1399707678.564,,carbon_api
2025-02-06 06:00:00,blended,"Data centre facility, hyperscale, Virginia (Zhang et al. 2025)","Data centre facility, hyperscale, Virginia (Zhang et al. 2025) (blended)",126.714,288,blended,0.126714,0.873286,126.714,873.2860000000001,0.0,,614587591.6745056,3,1600092000.0,202754057.688,1397337942.312,,carbon_api
2025-02-06 06:30:00,blended,"Data centre facility, hyperscale, Virginia (Zhang et al. 2025)","Data centre facility, hyperscale, Virginia (Zhang et al. 2025) (blended)",126.714,290,blended,0.126714,0.873286,126.714,873.2860000000001,0.0,,616572063.3766559,3,1600092000.0,202754057.688,1397337942.312,,carbon_api
2025-02-06 07:00:00,blended,"Data centre facility, hyperscale, Virginia (Zhang et al. 2025)","Data centre facility, hyperscale, Virginia (Zhang et al. 2025) (blended)",135.342,294,blended,0.13534200000000002,0.8646579999999999,135.342,864.6579999999999,0.0,,618877735.2493013,3,1600092000.0,216559651.46400002,1383532348.5359998,,carbon_api
2025-02-06 07:30:00,blended,"Data centre facility, hyperscale, Virginia (Zhang et al. 2025)","Data centre facility, hyperscale, Virginia (Zhang et al. 2025) (blended)",135.342,265,blended,0.13534200000000002,0.8646579999999999,135.342,864.6579999999999,0.0,,583605101.8695878,3,1600092000.0,216559651.46400002,1383532348.5359998,,carbon_api
2025-02-06 08:00:00,blended,"Data centre facility, hyperscale, Virginia (Zhang et al. 2025)","Data centre facility, hyperscale, Virginia (Zhang et al. 2025) (blended)",135.948,254,blended,0.135948,0.864052,135.948,864.052,0.0,,565786516.4687083,3,1600092000.0,217529307.21600002,1382562692.7840002,,carbon_api
2025-02-06 08:30:00,blended,"Data centre facility, hyperscale, Virginia (Zhang et al. 2025)","Data centre facility, hyperscale, Virginia (Zhang et al. 2025) (blended)",135.948,250,blended,0.135948,0.864052,135.948,864.052,0.0,,540264133.4453928,3,1600092000.0,217529307.21600002,1382562692.7840002,,carbon_api
2025-02-06 09:00:00,blended,"Data centre facility, hyperscale, Virginia (Zhang et al. 2025)","Data centre facility, hyperscale, Virginia (Zhang et al. 2025) (blended)",157.296,242,blended,0.157296,0.842704,157.296,842.7040000000001,0.0,,512525767.93469864,3,1600092000.0,251688071.232,1348403928.7680001,,carbon_api
2025-02-06 09:30:00,blended,"Data centre facility, hyperscale, Virginia (Zhang et al. 2025)","Data centre facility, hyperscale, Virginia (Zhang et al. 2025) (blended)",157.296,247,blended,0.157296,0.842704,157.296,842.7040000000001,0.0,,511390186.66796035,3,1600092000.0,251688071.232,1348403928.7680001,,carbon_api
2025-02-06 10:00:00,blended,"Data centre facility, hyperscale, Virginia (Zhang et al. 2025)","Data centre facility, hyperscale, Virginia (Zhang et al. 2025) (blended)",199.546,230,blended,0.199546,0.800454,199.546,800.454,0.0,,460145405.76566696,3,1600092000.0,319291958.232,1280800041.768,,carbon_api
2025-02-06 10:30:00,blended,"Data centre facility, hyperscale, Virginia (Zhang et al. 2025)","Data centre facility, hyperscale, Virginia (Zhang et al. 2025) (blended)",199.546,215,blended,0.199546,0.800454,199.546,800.454,0.0,,434903766.4260621,3,1600092000.0,319291958.232,1280800041.768,,carbon_api
2025-02-06 11:00:00,blended,"Data centre facility, hyperscale, Virginia (Zhang et al. 2025)","Data centre facility, hyperscale, Virginia (Zhang et al. 2025) (blended)",261.986,211,blended,0.261986,0.738014,261.986,738.0139999999999,0.0,,400272211.4598929,3,1600092000.0,419201702.712,1180890297.2879999,,carbon_api
2025-02-06 11:30:00,blended,"Data centre facility, hyperscale, Virginia (Zhang et al. 2025)","Data centre facility, hyperscale, Virginia (Zhang et al. 2025) (blended)",261.986,204,blended,0.261986,0.738014,261.986,738.0139999999999,0.0,,401120569.0063796,3,1600092000.0,419201702.712,1180890297.2879999,,carbon_api
2025-02-06 12:00:00,blended,"Data centre facility, hyperscale, Virginia (Zhang et al. 2025)","Data centre facility, hyperscale, Virginia (Zhang et al. 2025) (blended)",338.476,200,blended,0.338476,0.661524,338.476,661.524,0.0,,358611926.4878962,3,1600092000.0,541592739.792,1058499260.208,,carbon_api
2025-02-06 12:30:00,blended,"Data centre facility, hyperscale, Virginia (Zhang et al. 2025)","Data centre facility, hyperscale, Virginia (Zhang et al. 2025) (blended)",338.476,178,blended,0.338476,0.661524,338.476,661.524,0.0,,325685335.99430645,3,1600092000.0,541592739.792,1058499260.208,,carbon_api
2025-02-06 13:00:00,blended,"Data centre facility, hyperscale, Virginia (Zhang et al. 2025)","Data centre facility, hyperscale, Virginia (Zhang et al. 2025) (blended)",410.024,184,blended,0.410024,0.5899760000000001,410.024,589.9760000000001,0.0,,305119658.3656576,3,1600092000.0,656076122.208,944015877.792,,carbon_api
2025-02-06 13:30:00,blended,"Data centre facility, hyperscale, Virginia (Zhang et al. 2025)","Data centre facility, hyperscale, Virginia (Zhang et al. 2025) (blended)",410.024,188,blended,0.410024,0.5899760000000001,410.024,589.9760000000001,0.0,,317514026.97130936,3,1600092000.0,656076122.208,944015877.792,,carbon_api
2025-02-06 14:00:00,blended,"Data centre facility, hyperscale, Virginia (Zhang et al. 2025)","Data centre facility, hyperscale, Virginia (Zhang et al. 2025) (blended)",467.016,194,blended,0.46701600000000004,0.5329839999999999,467.016,532.9839999999999,0.0,,298147469.01010346,3,1600092000.0,747268565.4720001,852823434.5279999,,carbon_api
2025-02-06 14:30:00,blended,"Data centre facility, hyperscale, Virginia (Zhang et al. 2025)","Data centre facility, hyperscale, Virginia (Zhang et al. 2025) (blended)",467.016,182,blended,0.46701600000000004,0.5329839999999999,467.016,532.9839999999999,0.0,,291325427.56949574,3,1600092000.0,747268565.4720001,852823434.5279999,,carbon_api
2025-02-06 15:00:00,blended,"Data centre facility, hyperscale, Virginia (Zhang et al. 2025)","Data centre facility, hyperscale, Virginia (Zhang et al. 2025) (blended)",459.418,188,blended,0.459418,0.540582,459.418,540.582,0.0,,300253610.4445442,3,1600092000.0,735111066.456,864980933.544,,carbon_api
2025-02-06 15:30:00,blended,"Data centre facility, hyperscale, Virginia (Zhang et al. 2025)","Data centre facility, hyperscale, Virginia (Zhang et al. 2025) (blended)",459.418,189,blended,0.459418,0.540582,459.418,540.582,0.0,,302349088.5804489,3,1600092000.0,735111066.456,864980933.544,,carbon_api
2025-02-06 16:00:00,blended,"Data centre facility, hyperscale, Virginia (Zhang et al. 2025)","Data centre facility, hyperscale, Virginia (Zhang et al. 2025) (blended)",523.857,189,blended,0.523857,0.476143,523.857,476.143,0.0,,269393940.200063,3,1600092000.0,838219394.844,761872605.156,,carbon_api
2025-02-06 16:30:00,blended,"Data centre facility, hyperscale, Virginia (Zhang et al. 2025)","Data centre facility, hyperscale, Virginia (Zhang et al. 2025) (blended)",523.857,223,blended,0.523857,0.476143,523.857,476.143,0.0,,286206904.1549037,3,1600092000.0,838219394.844,761872605.156,,carbon_api
2025-02-06 17:00:00,blended,"Data centre facility, hyperscale, Virginia (Zhang et al. 2025)","Data centre facility, hyperscale, Virginia (Zhang et al. 2025) (blended)",561.404,218,blended,0.561404,0.438596,561.404,438.596,0.0,,261398774.20349208,3,1600092000.0,898298049.168,701793950.832,,carbon_api
2025-02-06 17:30:00,blended,"Data centre facility, hyperscale, Virginia (Zhang et al. 2025)","Data centre facility, hyperscale, Virginia (Zhang et al. 2025) (blended)",561.404,203,blended,0.561404,0.438596,561.404,438.596,0.0,,238349955.26842225,3,1600092000.0,898298049.168,701793950.832,,carbon_api
2025-02-06 18:00:00,blended,"Data centre facility, hyperscale, Virginia (Zhang et al. 2025)","Data centre facility, hyperscale, Virginia (Zhang et al. 2025) (blended)",561.995,191,blended,0.561995,0.438005,561.995,438.005,0.0,,226005954.48993173,3,1600092000.0,899243703.5400001,700848296.4599999,,carbon_api
2025-02-06 18:30:00,blended,"Data centre facility, hyperscale, Virginia (Zhang et al. 2025)","Data centre facility, hyperscale, Virginia (Zhang et al. 2025) (blended)",561.995,193,blended,0.561995,0.438005,561.995,438.005,0.0,,215126048.75067228,3,1600092000.0,899243703.5400001,700848296.4599999,,carbon_api
2025-02-06 19:00:00,blended,"Data centre facility, hyperscale, Virginia (Zhang et al. 2025)","Data centre facility, hyperscale, Virginia (Zhang et al. 2025) (blended)",544.336,186,blended,0.544336,0.45566399999999996,544.336,455.66399999999993,0.0,,214741996.80317584,3,1600092000.0,870987678.9120001,729104321.0879999,,carbon_api
2025-02-06 19:30:00,blended,"Data centre facility, hyperscale, Virginia (Zhang et al. 2025)","Data centre facility, hyperscale, Virginia (Zhang et al. 2025) (blended)",544.336,177,blended,0.544336,0.45566399999999996,544.336,455.66399999999993,0.0,,206695344.44951078,3,1600092000.0,870987678.9120001,729104321.0879999,,carbon_api
2025-02-06 20:00:00,blended,"Data centre facility, hyperscale, Virginia (Zhang et al. 2025)","Data centre facility, hyperscale, Virginia (Zhang et al. 2025) (blended)",556.443,168,blended,0.556443,0.443557,556.443,443.55699999999996,0.0,,192201411.15807718,3,1600092000.0,890359992.756,709732007.244,,carbon_api
2025-02-06 20:30:00,blended,"Data centre facility, hyperscale, Virginia (Zhang et al. 2025)","Data centre facility, hyperscale, Virginia (Zhang et al. 2025) (blended)",556.443,151,blended,0.556443,0.443557,556.443,443.55699999999996,0.0,,185670168.70842966,3,1600092000.0,890359992.756,709732007.244,,carbon_api
2025-02-06 21:00:00,blended,"Data centre facility, hyperscale, Virginia (Zhang et al. 2025)","Data centre facility, hyperscale, Virginia (Zhang et al. 2025) (blended)",576.935,147,blended,0.576935,0.423065,576.935,423.065,0.0,,175713375.06332496,3,1600092000.0,923149078.02,676942921.98,,carbon_api
2025-02-06 21:30:00,blended,"Data centre facility, hyperscale, Virginia (Zhang et al. 2025)","Data centre facility, hyperscale, Virginia (Zhang et al. 2025) (blended)",576.935,134,blended,0.576935,0.423065,576.935,423.065,0.0,,166197348.93239167,3,1600092000.0,923149078.02,676942921.98,,carbon_api
2025-02-06 22:00:00,blended,"Data centre facility, hyperscale, Virginia (Zhang et al. 2025)","Data centre facility, hyperscale, Virginia (Zhang et al. 2025) (blended)",587.33,124,blended,0.58733,0.41267,587.33,412.66999999999996,0.0,,155969060.2599459,3,1600092000.0,939782034.36,660309965.64,,carbon_api
2025-02-06 22:30:00,blended,"Data centre facility, hyperscale, Virginia (Zhang et al. 2025)","Data centre facility, hyperscale, Virginia (Zhang et al. 2025) (blended)",587.33,93,blended,0.58733,0.41267,587.33,412.66999999999996,0.0,,137047399.88167658,3,1600092000.0,939782034.36,660309965.64,,carbon_api
2025-02-06 23:00:00,blended,"Data centre facility, hyperscale, Virginia (Zhang et al. 2025)","Data centre facility, hyperscale, Virginia (Zhang et al. 2025) (blended)",574.756,85,blended,0.5747559999999999,0.42524400000000007,574.756,425.2440000000001,0.0,,134317527.16290653,3,1600092000.0,919662477.5519999,680429522.4480001,,carbon_api
2025-02-06 23:30:00,blended,"Data centre facility, hyperscale, Virginia (Zhang et al. 2025)","Data centre facility, hyperscale, Virginia (Zhang et al. 2025) (blended)",574.756,85,blended,0.5747559999999999,0.42524400000000007,574.756,425.2440000000001,0.0,,131966990.748519,3,1600092000.0,919662477.5519999,680429522.4480001,,carbon_api
2025-02-07 00:00:00,blended,"Data centre facility, hyperscale, Virginia (Zhang et al. 2025)","Data centre facility, hyperscale, Virginia (Zhang et al. 2025) (blended)",578.857,88,blended,0.578857,0.42114300000000005,578.857,421.14300000000003,0.0,,132156041.43675348,3,1600092000.0,926224454.844,673867545.156,,carbon_api
2025-02-07 00:30:00,blended,"Data centre facility, hyperscale, Virginia (Zhang et al. 2025)","Data centre facility, hyperscale, Virginia (Zhang et al. 2025) (blended)",578.857,88,blended,0.578857,0.42114300000000005,578.857,421.14300000000003,0.0,,132813934.52823234,3,1600092000.0,926224454.844,673867545.156,,carbon_api
2025-02-07 01:00:00,blended,"Data centre facility, hyperscale, Virginia (Zhang et al. 2025)","Data centre facility, hyperscale, Virginia (Zhang et al. 2025) (blended)",580.353,85,blended,0.5803529999999999,0.4196470000000001,580.353,419.6470000000001,0.0,,130483411.61057886,3,1600092000.0,928618192.4759998,671473807.5240002,,carbon_api
2025-02-07 01:30:00,blended,"Data centre facility, hyperscale, Virginia (Zhang et al. 2025)","Data centre facility, hyperscale, Virginia (Zhang et al. 2025) (blended)",580.353,89,blended,0.5803529999999999,0.4196470000000001,580.353,419.6470000000001,0.0,,130123768.50757742,3,1600092000.0,928618192.4759998,671473807.5240002,,carbon_api
2025-02-07 02:00:00,blended,"Data centre facility, hyperscale, Virginia (Zhang et al. 2025)","Data centre facility, hyperscale, Virginia (Zhang et al. 2025) (blended)",604.215,88,blended,0.6042150000000001,0.39578499999999994,604.215,395.78499999999997,0.0,,124372072.36915737,3,1600092000.0,966799587.7800001,633292412.2199999,,carbon_api
2025-02-07 02:30:00,blended,"Data centre facility, hyperscale, Virginia (Zhang et al. 2025)","Data centre facility, hyperscale, Virginia (Zhang et al. 2025) (blended)",604.215,86,blended,0.6042150000000001,0.39578499999999994,604.215,395.78499999999997,0.0,,123448647.75002456,3,1600092000.0,966799587.7800001,633292412.2199999,,carbon_api
2025-02-07 03:00:00,blended,"Data centre facility, hyperscale, Virginia (Zhang et al. 2025)","Data centre facility, hyperscale, Virginia (Zhang et al. 2025) (blended)",620.925,87,blended,0.620925,0.37907500000000005,620.925,379.07500000000005,0.0,,121807401.20129952,3,1600092000.0,993537125.0999999,606554874.9000001,,carbon_api
2025-02-07 03:30:00,blended,"Data centre facility, hyperscale, Virginia (Zhang et al. 2025)","Data centre facility, hyperscale, Virginia (Zhang et al. 2025) (blended)",620.925,83,blended,0.620925,0.37907500000000005,620.925,379.07500000000005,0.0,,124213626.83623865,3,1600092000.0,993537125.0999999,606554874.9000001,,carbon_api
2025-02-07 04:00:00,blended,"Data centre facility, hyperscale, Virginia (Zhang et al. 2025)","Data centre facility, hyperscale, Virginia (Zhang et al. 2025) (blended)",636.434,83,blended,0.6364339999999999,0.36356600000000006,636.434,363.56600000000003,0.0,,119075592.17368603,3,1600092000.0,1018352951.9279999,581739048.0720001,,carbon_api
2025-02-07 04:30:00,blended,"Data centre facility, hyperscale, Virginia (Zhang et al. 2025)","Data centre facility, hyperscale, Virginia (Zhang et al. 2025) (blended)",636.434,88,blended,0.6364339999999999,0.36356600000000006,636.434,363.56600000000003,0.0,,107851410.70508575,3,1600092000.0,1018352951.9279999,581739048.0720001,,carbon_api
2025-02-07 05:00:00,blended,"Data centre facility, hyperscale, Virginia (Zhang et al. 2025)","Data centre facility, hyperscale, Virginia (Zhang et al. 2025) (blended)",688.879,93,blended,0.688879,0.311121,688.879,311.121,0.0,,98637726.81142634,3,1600092000.0,1102269776.868,497822223.13199997,,carbon_api
2025-02-07 05:30:00,blended,"Data centre facility, hyperscale, Virginia (Zhang et al. 2025)","Data centre facility, hyperscale, Virginia (Zhang et al. 2025) (blended)",688.879,118,blended,0.688879,0.311121,688.879,311.121,0.0,,100127092.78240663,3,1600092000.0,1102269776.868,497822223.13199997,,carbon_api
2025-02-07 06:00:00,blended,"Data centre facility, hyperscale, Virginia (Zhang et al. 2025)","Data centre facility, hyperscale, Virginia (Zhang et al. 2025) (blended)",737.128,127,blended,0.737128,0.262872,737.128,262.872,0.0,,97844975.50315636,3,1600092000.0,1179472615.776,420619384.224,,carbon_api
2025-02-07 06:30:00,blended,"Data centre facility, hyperscale, Virginia (Zhang et al. 2025)","Data centre facility, hyperscale, Virginia (Zhang et al. 2025) (blended)",737.128,131,blended,0.737128,0.262872,737.128,262.872,0.0,,105082169.83015013,3,1600092000.0,1179472615.776,420619384.224,,carbon_api
2025-02-07 07:00:00,blended,"Data centre facility, hyperscale, Virginia (Zhang et al. 2025)","Data centre facility, hyperscale, Virginia (Zhang et al. 2025) (blended)",740.765,127,blended,0.740765,0.259235,740.765,259.235,0.0,,101916586.77812642,3,1600092000.0,1185292150.38,414799849.62,,carbon_api
2025-02-07 07:30:00,blended,"Data centre facility, hyperscale, Virginia (Zhang et al. 2025)","Data centre facility, hyperscale, Virginia (Zhang et al. 2025) (blended)",740.765,114,blended,0.740765,0.259235,740.765,259.235,0.0,,102060494.53066081,3,1600092000.0,1185292150.38,414799849.62,,carbon_api
2025-02-07 08:00:00,blended,"Data centre facility, hyperscale, Virginia (Zhang et al. 2025)","Data centre facility, hyperscale, Virginia (Zhang et al. 2025) (blended)",720.438,114,blended,0.720438,0.279562,720.438,279.56199999999995,0.0,,109129141.32315376,3,1600092000.0,1152767080.296,447324919.70399994,,carbon_api
2025-02-07 08:30:00,blended,"Data centre facility, hyperscale, Virginia (Zhang et al. 2025)","Data centre facility, hyperscale, Virginia (Zhang et al. 2025) (blended)",720.438,108,blended,0.720438,0.279562,720.438,279.56199999999995,0.0,,111411370.55538374,3,1600092000.0,1152767080.296,447324919.70399994,,carbon_api
2025-02-07 09:00:00,blended,"Data centre facility, hyperscale, Virginia (Zhang et al. 2025)","Data centre facility, hyperscale, Virginia (Zhang et al. 2025) (blended)",743.904,111,blended,0.743904,0.256096,743.904,256.096,0.0,,107374048.65412372,3,1600092000.0,1190314839.168,409777160.83199996,,carbon_api
2025-02-07 09:30:00,blended,"Data centre facility, hyperscale, Virginia (Zhang et al. 2025)","Data centre facility, hyperscale, Virginia (Zhang et al. 2025) (blended)",743.904,117,blended,0.743904,0.256096,743.904,256.096,0.0,,107483140.41424221,3,1600092000.0,1190314839.168,409777160.83199996,,carbon_api
2025-02-07 10:00:00,blended,"Data centre facility, hyperscale, Virginia (Zhang et al. 2025)","Data centre facility, hyperscale, Virginia (Zhang et al. 2025) (blended)",778.997,111,blended,0.7789969999999999,0.22100300000000006,778.997,221.00300000000007,0.0,,94699615.47212929,3,1600092000.0,1246466867.724,353625132.2760001,,carbon_api
2025-02-07 10:30:00,blended,"Data centre facility, hyperscale, Virginia (Zhang et al. 2025)","Data centre facility, hyperscale, Virginia (Zhang et al. 2025) (blended)",778.997,107,blended,0.7789969999999999,0.22100300000000006,778.997,221.00300000000007,0.0,,90079339.20125511,3,1600092000.0,1246466867.724,353625132.2760001,,carbon_api
2025-02-07 11:00:00,blended,"Data centre facility, hyperscale, Virginia (Zhang et al. 2025)","Data centre facility, hyperscale, Virginia (Zhang et al. 2025) (blended)",786.088,109,blended,0.786088,0.213912,786.088,213.91199999999998,0.0,,89009723.26156059,3,1600092000.0,1257813120.096,342278879.904,,carbon_api
2025-02-07 11:30:00,blended,"Data centre facility, hyperscale, Virginia (Zhang et al. 2025)","Data centre facility, hyperscale, Virginia (Zhang et al. 2025) (blended)",786.088,116,blended,0.786088,0.213912,786.088,213.91199999999998,0.0,,90993973.43450603,3,1600092000.0,1257813120.096,342278879.904,,carbon_api
2025-02-07 12:00:00,blended,"Data centre facility, hyperscale, Virginia (Zhang et al. 2025)","Data centre facility, hyperscale, Virginia (Zhang et al. 2025) (blended)",798.543,116,blended,0.798543,0.201457,798.543,201.457,0.0,,88453825.31579655,3,1600092000.0,1277742265.956,322349734.04399997,,carbon_api
2025-02-07 12:30:00,blended,"Data centre facility, hyperscale, Virginia (Zhang et al. 2025)","Data centre facility, hyperscale, Virginia (Zhang et al. 2025) (blended)",798.543,121,blended,0.798543,0.201457,798.543,201.457,0.0,,87943028.68980542,3,1600092000.0,1277742265.956,322349734.04399997,,carbon_api
2025-02-07 13:00:00,blended,"Data centre facility, hyperscale, Virginia (Zhang et al. 2025)","Data centre facility, hyperscale, Virginia (Zhang et al. 2025) (blended)",756.52,125,blended,0.75652,0.24348000000000003,756.52,243.48000000000002,0.0,,99042552.68356583,3,1600092000.0,1210501599.84,389590400.16,,carbon_api
2025-02-07 13:30:00,blended,"Data centre facility, hyperscale, Virginia (Zhang et al. 2025)","Data centre facility, hyperscale, Virginia (Zhang et al. 2025) (blended)",756.52,126,blended,0.75652,0.24348000000000003,756.52,243.48000000000002,0.0,,101324003.83447069,3,1600092000.0,1210501599.84,389590400.16,,carbon_api
2025-02-07 14:00:00,blended,"Data centre facility, hyperscale, Virginia (Zhang et al. 2025)","Data centre facility, hyperscale, Virginia (Zhang et al. 2025) (blended)",697.802,132,blended,0.697802,0.30219799999999997,697.802,302.198,0.0,,120071817.22550419,3,1600092000.0,1116547397.7840002,483544602.21599996,,carbon_api
2025-02-07 14:30:00,blended,"Data centre facility, hyperscale, Virginia (Zhang et al. 2025)","Data centre facility, hyperscale, Virginia (Zhang et al. 2025) (blended)",697.802,128,blended,0.697802,0.30219799999999997,697.802,302.198,0.0,,119666981.89209917,3,1600092000.0,1116547397.7840002,483544602.21599996,,carbon_api
2025-02-07 15:00:00,blended,"Data centre facility, hyperscale, Virginia (Zhang et al. 2025)","Data centre facility, hyperscale, Virginia (Zhang et al. 2025) (blended)",697.257,129,blended,0.6972569999999999,0.3027430000000001,697.257,302.7430000000001,0.0,,120041076.40686259,3,1600092000.0,1115675347.6439998,484416652.3560001,,carbon_api
2025-02-07 15:30:00,blended,"Data centre facility, hyperscale, Virginia (Zhang et al. 2025)","Data centre facility, hyperscale, Virginia (Zhang et al. 2025) (blended)",697.257,123,blended,0.6972569999999999,0.3027430000000001,697.257,302.7430000000001,0.0,,120923098.72609395,3,1600092000.0,1115675347.6439998,484416652.3560001,,carbon_api
2025-02-07 16:00:00,blended,"Data centre facility, hyperscale, Virginia (Zhang et al. 2025)","Data centre facility, hyperscale, Virginia (Zhang et al. 2025) (blended)",692.482,120,blended,0.6924819999999999,0.30751800000000007,692.482,307.5180000000001,0.0,,120719641.84463733,3,1600092000.0,1108034908.3439999,492057091.65600014,,carbon_api
2025-02-07 16:30:00,blended,"Data centre facility, hyperscale, Virginia (Zhang et al. 2025)","Data centre facility, hyperscale, Virginia (Zhang et al. 2025) (blended)",692.482,120,blended,0.6924819999999999,0.30751800000000007,692.482,307.5180000000001,0.0,,119583319.96595657,3,1600092000.0,1108034908.3439999,492057091.65600014,,carbon_api
2025-02-07 17:00:00,blended,"Data centre facility, hyperscale, Virginia (Zhang et al. 2025)","Data centre facility, hyperscale, Virginia (Zhang et al. 2025) (blended)",658.273,124,blended,0.658273,0.341727,658.273,341.727,0.0,,131080089.50402227,3,1600092000.0,1053297361.1159999,546794638.8840001,,carbon_api
2025-02-07 17:30:00,blended,"Data centre facility, hyperscale, Virginia (Zhang et al. 2025)","Data centre facility, hyperscale, Virginia (Zhang et al. 2025) (blended)",658.273,120,blended,0.658273,0.341727,658.273,341.727,0.0,,128127372.93768951,3,1600092000.0,1053297361.1159999,546794638.8840001,,carbon_api
2025-02-07 18:00:00,blended,"Data centre facility, hyperscale, Virginia (Zhang et al. 2025)","Data centre facility, hyperscale, Virginia (Zhang et al. 2025) (blended)",629.743,123,blended,0.629743,0.37025699999999995,629.743,370.25699999999995,0.0,,138094973.37690073,3,1600092000.0,1007646736.3560001,592445263.6439999,,carbon_api
2025-02-07 18:30:00,blended,"Data centre facility, hyperscale, Virginia (Zhang et al. 2025)","Data centre facility, hyperscale, Virginia (Zhang et al. 2025) (blended)",629.743,118,blended,0.629743,0.37025699999999995,629.743,370.25699999999995,0.0,,134292546.88836315,3,1600092000.0,1007646736.3560001,592445263.6439999,,carbon_api
2025-02-07 19:00:00,blended,"Data centre facility, hyperscale, Virginia (Zhang et al. 2025)","Data centre facility, hyperscale, Virginia (Zhang et al. 2025) (blended)",597.862,115,blended,0.597862,0.402138,597.862,402.138,0.0,,138933504.6031346,3,1600092000.0,956634203.304,643457796.696,,carbon_api
2025-02-07 19:30:00,blended,"Data centre facility, hyperscale, Virginia (Zhang et al. 2025)","Data centre facility, hyperscale, Virginia (Zhang et al. 2025) (blended)",597.862,116,blended,0.597862,0.402138,597.862,402.138,0.0,,141456744.86977696,3,1600092000.0,956634203.304,643457796.696,,carbon_api
2025-02-07 20:00:00,blended,"Data centre facility, hyperscale, Virginia (Zhang et al. 2025)","Data centre facility, hyperscale, Virginia (Zhang et al. 2025) (blended)",550.662,113,blended,0.550662,0.449338,550.662,449.338,0.0,,150726320.04445595,3,1600092000.0,881109860.9039999,718982139.0960001,,carbon_api
2025-02-07 20:30:00,blended,"Data centre facility, hyperscale, Virginia (Zhang et al. 2025)","Data centre facility, hyperscale, Virginia (Zhang et al. 2025) (blended)",550.662,118,blended,0.550662,0.449338,550.662,449.338,0.0,,140944607.59329084,3,1600092000.0,881109860.9039999,718982139.0960001,,carbon_api
2025-02-07 21:00:00,blended,"Data centre facility, hyperscale, Virginia (Zhang et al. 2025)","Data centre facility, hyperscale, Virginia (Zhang et al. 2025) (blended)",499.45,109,blended,0.49945,0.50055,499.45,500.55000000000007,0.0,,139848068.60686138,3,1600092000.0,799165949.4,800926050.6,,carbon_api
2025-02-07 21:30:00,blended,"Data centre facility, hyperscale, Virginia (Zhang et al. 2025)","Data centre facility, hyperscale, Virginia (Zhang et al. 2025) (blended)",499.45,102,blended,0.49945,0.50055,499.45,500.55000000000007,0.0,,130934697.6801236,3,1600092000.0,799165949.4,800926050.6,,carbon_api
2025-02-07 22:00:00,blended,"Data centre facility, hyperscale, Virginia (Zhang et al. 2025)","Data centre facility, hyperscale, Virginia (Zhang et al. 2025) (blended)",453.91,98,blended,0.45391000000000004,0.54609,453.91,546.0899999999999,0.0,,135301930.85607678,3,1600092000.0,726297759.72,873794240.28,,carbon_api
2025-02-07 22:30:00,blended,"Data centre facility, hyperscale, Virginia (Zhang et al. 2025)","Data centre facility, hyperscale, Virginia (Zhang et al. 2025) (blended)",453.91,88,blended,0.45391000000000004,0.54609,453.91,546.0899999999999,0.0,,150630791.35142556,3,1600092000.0,726297759.72,873794240.28,,carbon_api
2025-02-07 23:00:00,blended,"Data centre facility, hyperscale, Virginia (Zhang et al. 2025)","Data centre facility, hyperscale, Virginia (Zhang et al. 2025) (blended)",445.909,84,blended,0.445909,0.554091,445.909,554.091,0.0,,148659972.72760206,3,1600092000.0,713495423.628,886596576.372,,carbon_api
2025-02-07 23:30:00,blended,"Data centre facility, hyperscale, Virginia (Zhang et al. 2025)","Data centre facility, hyperscale, Virginia (Zhang et al. 2025) (blended)",445.909,82,blended,0.445909,0.554091,445.909,554.091,0.0,,147402492.8886152,3,1600092000.0,713495423.628,886596576.372,,carbon_api
2025-02-08 00:00:00,blended,"Data centre facility, hyperscale, Virginia (Zhang et al. 2025)","Data centre facility, hyperscale, Virginia (Zhang et al. 2025) (blended)",438.308,84,blended,0.438308,0.5616920000000001,438.308,561.6920000000001,0.0,,151966218.08775,3,1600092000.0,701333124.336,898758875.6640002,,carbon_api
2025-02-08 00:30:00,blended,"Data centre facility, hyperscale, Virginia (Zhang et al. 2025)","Data centre facility, hyperscale, Virginia (Zhang et al. 2025) (blended)",438.308,82,blended,0.438308,0.5616920000000001,438.308,561.6920000000001,0.0,,162532453.29707843,3,1600092000.0,701333124.336,898758875.6640002,,carbon_api
2025-02-08 01:00:00,blended,"Data centre facility, hyperscale, Virginia (Zhang et al. 2025)","Data centre facility, hyperscale, Virginia (Zhang et al. 2025) (blended)",460.348,80,blended,0.46034800000000003,0.539652,460.348,539.652,0.0,,157357032.77807,3,1600092000.0,736599152.016,863492847.9840001,,carbon_api
2025-02-08 01:30:00,blended,"Data centre facility, hyperscale, Virginia (Zhang et al. 2025)","Data centre facility, hyperscale, Virginia (Zhang et al. 2025) (blended)",460.348,83,blended,0.46034800000000003,0.539652,460.348,539.652,0.0,,158333117.8557668,3,1600092000.0,736599152.016,863492847.9840001,,carbon_api
2025-02-08 02:00:00,blended,"Data centre facility, hyperscale, Virginia (Zhang et al. 2025)","Data centre facility, hyperscale, Virginia (Zhang et al. 2025) (blended)",450.176,86,blended,0.45017599999999997,0.5498240000000001,450.176,549.8240000000001,0.0,,162748345.22985527,3,1600092000.0,720323016.1919999,879768983.8080001,,carbon_api
2025-02-08 02:30:00,blended,"Data centre facility, hyperscale, Virginia (Zhang et al. 2025)","Data centre facility, hyperscale, Virginia (Zhang et al. 2025) (blended)",450.176,85,blended,0.45017599999999997,0.5498240000000001,450.176,549.8240000000001,0.0,,167839490.10918674,3,1600092000.0,720323016.1919999,879768983.8080001,,carbon_api
2025-02-08 03:00:00,blended,"Data centre facility, hyperscale, Virginia (Zhang et al. 2025)","Data centre facility, hyperscale, Virginia (Zhang et al. 2025) (blended)",433.625,87,blended,0.433625,0.5663750000000001,433.625,566.3750000000001,0.0,,176159362.5460541,3,1600092000.0,693839893.5,906252106.5000001,,carbon_api
2025-02-08 03:30:00,blended,"Data centre facility, hyperscale, Virginia (Zhang et al. 2025)","Data centre facility, hyperscale, Virginia (Zhang et al. 2025) (blended)",433.625,86,blended,0.433625,0.5663750000000001,433.625,566.3750000000001,0.0,,175889745.6748691,3,1600092000.0,693839893.5,906252106.5000001,,carbon_api
2025-02-08 04:00:00,blended,"Data centre facility, hyperscale, Virginia (Zhang et al. 2025)","Data centre facility, hyperscale, Virginia (Zhang et al. 2025) (blended)",412.728,91,blended,0.412728,0.587272,412.728,587.272,0.0,,185154772.52716044,3,1600092000.0,660402770.976,939689229.024,,carbon_api
2025-02-08 04:30:00,blended,"Data centre facility, hyperscale, Virginia (Zhang et al. 2025)","Data centre facility, hyperscale, Virginia (Zhang et al. 2025) (blended)",412.728,92,blended,0.412728,0.587272,412.728,587.272,0.0,,189149396.70808586,3,1600092000.0,660402770.976,939689229.024,,carbon_api
2025-02-08 05:00:00,blended,"Data centre facility, hyperscale, Virginia (Zhang et al. 2025)","Data centre facility, hyperscale, Virginia (Zhang et al. 2025) (blended)",396.026,91,blended,0.396026,0.603974,396.026,603.974,0.0,,196963824.65975034,3,1600092000.0,633678034.392,966413965.608,,carbon_api
2025-02-08 05:30:00,blended,"Data centre facility, hyperscale, Virginia (Zhang et al. 2025)","Data centre facility, hyperscale, Virginia (Zhang et al. 2025) (blended)",396.026,93,blended,0.396026,0.603974,396.026,603.974,0.0,,196113831.82540417,3,1600092000.0,633678034.392,966413965.608,,carbon_api
2025-02-08 06:00:00,blended,"Data centre facility, hyperscale, Virginia (Zhang et al. 2025)","Data centre facility, hyperscale, Virginia (Zhang et al. 2025) (blended)",377.717,106,blended,0.37771699999999997,0.622283,377.717,622.283,0.0,,208837010.02144703,3,1600092000.0,604381949.964,995710050.036,,carbon_api
2025-02-08 06:30:00,blended,"Data centre facility, hyperscale, Virginia (Zhang et al. 2025)","Data centre facility, hyperscale, Virginia (Zhang et al. 2025) (blended)",377.717,123,blended,0.37771699999999997,0.622283,377.717,622.283,0.0,,228982503.88767716,3,1600092000.0,604381949.964,995710050.036,,carbon_api
2025-02-08 07:00:00,blended,"Data centre facility, hyperscale, Virginia (Zhang et al. 2025)","Data centre facility, hyperscale, Virginia (Zhang et al. 2025) (blended)",322.609,122,blended,0.322609,0.6773910000000001,322.609,677.3910000000001,0.0,,243562768.40585697,3,1600092000.0,516204080.02799994,1083887919.9720001,,carbon_api
2025-02-08 07:30:00,blended,"Data centre facility, hyperscale, Virginia (Zhang et al. 2025)","Data centre facility, hyperscale, Virginia (Zhang et al. 2025) (blended)",322.609,145,blended,0.322609,0.6773910000000001,322.609,677.3910000000001,0.0,,260765999.09929958,3,1600092000.0,516204080.02799994,1083887919.9720001,,carbon_api
2025-02-08 08:00:00,blended,"Data centre facility, hyperscale, Virginia (Zhang et al. 2025)","Data centre facility, hyperscale, Virginia (Zhang et al. 2025) (blended)",288.912,151,blended,0.288912,0.7110879999999999,288.912,711.088,0.0,,290995512.8926973,3,1600092000.0,462285779.904,1137806220.096,,carbon_api
2025-02-08 08:30:00,blended,"Data centre facility, hyperscale, Virginia (Zhang et al. 2025)","Data centre facility, hyperscale, Virginia (Zhang et al. 2025) (blended)",288.912,160,blended,0.288912,0.7110879999999999,288.912,711.088,0.0,,316060722.0537108,3,1600092000.0,462285779.904,1137806220.096,,carbon_api
2025-02-08 09:00:00,blended,"Data centre facility, hyperscale, Virginia (Zhang et al. 2025)","Data centre facility, hyperscale, Virginia (Zhang et al. 2025) (blended)",225.242,156,blended,0.225242,0.7747580000000001,225.242,774.758,0.0,,350313495.38986015,3,1600092000.0,360407922.264,1239684077.736,,carbon_api
2025-02-08 09:30:00,blended,"Data centre facility, hyperscale, Virginia (Zhang et al. 2025)","Data centre facility, hyperscale, Virginia (Zhang et al. 2025) (blended)",225.242,167,blended,0.225242,0.7747580000000001,225.242,774.758,0.0,,373367434.0161604,3,1600092000.0,360407922.264,1239684077.736,,carbon_api
2025-02-08 10:00:00,blended,"Data centre facility, hyperscale, Virginia (Zhang et al. 2025)","Data centre facility, hyperscale, Virginia (Zhang et al. 2025) (blended)",186.065,190,blended,0.186065,0.813935,186.065,813.935,0.0,,433013773.6908152,3,1600092000.0,297721117.98,1302370882.02,,carbon_api
2025-02-08 10:30:00,blended,"Data centre facility, hyperscale, Virginia (Zhang et al. 2025)","Data centre facility, hyperscale, Virginia (Zhang et al. 2025) (blended)",186.065,189,blended,0.186065,0.813935,186.065,813.935,0.0,,433811379.1085023,3,1600092000.0,297721117.98,1302370882.02,,carbon_api
2025-02-08 11:00:00,blended,"Data centre facility, hyperscale, Virginia (Zhang et al. 2025)","Data centre facility, hyperscale, Virginia (Zhang et al. 2025) (blended)",143.996,200,blended,0.143996,0.856004,143.996,856.004,0.0,,469225020.95329523,3,1600092000.0,230406847.63200003,1369685152.368,,carbon_api
2025-02-08 11:30:00,blended,"Data centre facility, hyperscale, Virginia (Zhang et al. 2025)","Data centre facility, hyperscale, Virginia (Zhang et al. 2025) (blended)",143.996,203,blended,0.143996,0.856004,143.996,856.004,0.0,,475048941.34620196,3,1600092000.0,230406847.63200003,1369685152.368,,carbon_api
2025-02-08 12:00:00,blended,"Data centre facility, hyperscale, Virginia (Zhang et al. 2025)","Data centre facility, hyperscale, Virginia (Zhang et al. 2025) (blended)",106.415,201,blended,0.10641500000000001,0.893585,106.415,893.5849999999999,0.0,,491510979.2376438,3,1600092000.0,170273790.18,1429818209.82,,carbon_api
2025-02-08 12:30:00,blended,"Data centre facility, hyperscale, Virginia (Zhang et al. 2025)","Data centre facility, hyperscale, Virginia (Zhang et al. 2025) (blended)",106.415,199,blended,0.10641500000000001,0.893585,106.415,893.5849999999999,0.0,,488541250.0025105,3,1600092000.0,170273790.18,1429818209.82,,carbon_api
2025-02-08 13:00:00,blended,"Data centre facility, hyperscale, Virginia (Zhang et al. 2025)","Data centre facility, hyperscale, Virginia (Zhang et al. 2025) (blended)",92.24,201,blended,0.09223999999999999,0.90776,92.24,907.76,0.0,,495483125.3142736,3,1600092000.0,147592486.07999998,1452499513.92,,carbon_api
2025-02-08 13:30:00,blended,"Data centre facility, hyperscale, Virginia (Zhang et al. 2025)","Data centre facility, hyperscale, Virginia (Zhang et al. 2025) (blended)",92.24,203,blended,0.09223999999999999,0.90776,92.24,907.76,0.0,,499772753.54276717,3,1600092000.0,147592486.07999998,1452499513.92,,carbon_api
2025-02-08 14:00:00,blended,"Data centre facility, hyperscale, Virginia (Zhang et al. 2025)","Data centre facility, hyperscale, Virginia (Zhang et al. 2025) (blended)",94.107,206,blended,0.094107,0.9058930000000001,94.107,905.893,0.0,,504450226.180493,3,1600092000.0,150579857.84399998,1449512142.1560001,,carbon_api
2025-02-08 14:30:00,blended,"Data centre facility, hyperscale, Virginia (Zhang et al. 2025)","Data centre facility, hyperscale, Virginia (Zhang et al. 2025) (blended)",94.107,205,blended,0.094107,0.9058930000000001,94.107,905.893,0.0,,502466112.18704253,3,1600092000.0,150579857.84399998,1449512142.1560001,,carbon_api
2025-02-08 15:00:00,blended,"Data centre facility, hyperscale, Virginia (Zhang et al. 2025)","Data centre facility, hyperscale, Virginia (Zhang et al. 2025) (blended)",112.808,211,blended,0.112808,0.887192,112.808,887.192,0.0,,503212230.06230426,3,1600092000.0,180503178.336,1419588821.664,,carbon_api
2025-02-08 15:30:00,blended,"Data centre facility, hyperscale, Virginia (Zhang et al. 2025)","Data centre facility, hyperscale, Virginia (Zhang et al. 2025) (blended)",112.808,214,blended,0.112808,0.887192,112.808,887.192,0.0,,504870489.3951186,3,1600092000.0,180503178.336,1419588821.664,,carbon_api
2025-02-08 16:00:00,blended,"Data centre facility, hyperscale, Virginia (Zhang et al. 2025)","Data centre facility, hyperscale, Virginia (Zhang et al. 2025) (blended)",138.608,214,blended,0.138608,0.8613919999999999,138.608,861.3919999999999,0.0,,498138291.7750951,3,1600092000.0,221785551.93600002,1378306448.064,,carbon_api
2025-02-08 16:30:00,blended,"Data centre facility, hyperscale, Virginia (Zhang et al. 2025)","Data centre facility, hyperscale, Virginia (Zhang et al. 2025) (blended)",138.608,226,blended,0.138608,0.8613919999999999,138.608,861.3919999999999,0.0,,523103647.1791663,3,1600092000.0,221785551.93600002,1378306448.064,,carbon_api
2025-02-08 17:00:00,blended,"Data centre facility, hyperscale, Virginia (Zhang et al. 2025)","Data centre facility, hyperscale, Virginia (Zhang et al. 2025) (blended)",161.47,229,blended,0.16147,0.83853,161.47,838.53,0.0,,511919990.03201604,3,1600092000.0,258366855.24,1341725144.76,,carbon_api
2025-02-08 17:30:00,blended,"Data centre facility, hyperscale, Virginia (Zhang et al. 2025)","Data centre facility, hyperscale, Virginia (Zhang et al. 2025) (blended)",161.47,234,blended,0.16147,0.83853,161.47,838.53,0.0,,521777485.53311574,3,1600092000.0,258366855.24,1341725144.76,,carbon_api
2025-02-08 18:00:00,blended,"Data centre facility, hyperscale, Virginia (Zhang et al. 2025)","Data centre facility, hyperscale, Virginia (Zhang et al. 2025) (blended)",162.591,234,blended,0.162591,0.837409,162.591,837.409,0.0,,525885597.32079613,3,1600092000.0,260160558.372,1339931441.628,,carbon_api
2025-02-08 18:30:00,blended,"Data centre facility, hyperscale, Virginia (Zhang et al. 2025)","Data centre facility, hyperscale, Virginia (Zhang et al. 2025) (blended)",162.591,235,blended,0.162591,0.837409,162.591,837.409,0.0,,518609584.36625355,3,1600092000.0,260160558.372,1339931441.628,,carbon_api
2025-02-08 19:00:00,blended,"Data centre facility, hyperscale, Virginia (Zhang et al. 2025)","Data centre facility, hyperscale, Virginia (Zhang et al. 2025) (blended)",154.166,229,blended,0.154166,0.845834,154.166,845.834,0.0,,517931002.2589767,3,1600092000.0,246679783.27199998,1353412216.728,,carbon_api
2025-02-08 19:30:00,blended,"Data centre facility, hyperscale, Virginia (Zhang et al. 2025)","Data centre facility, hyperscale, Virginia (Zhang et al. 2025) (blended)",154.166,238,blended,0.154166,0.845834,154.166,845.834,0.0,,523459262.27478814,3,1600092000.0,246679783.27199998,1353412216.728,,carbon_api
2025-02-08 20:00:00,blended,"Data centre facility, hyperscale, Virginia (Zhang et al. 2025)","Data centre facility, hyperscale, Virginia (Zhang et al. 2025) (blended)",137.802,238,blended,0.13780199999999998,0.862198,137.802,862.198,0.0,,529952272.3058926,3,1600092000.0,220495877.78399998,1379596122.216,,carbon_api
2025-02-08 20:30:00,blended,"Data centre facility, hyperscale, Virginia (Zhang et al. 2025)","Data centre facility, hyperscale, Virginia (Zhang et al. 2025) (blended)",137.802,230,blended,0.13780199999999998,0.862198,137.802,862.198,0.0,,522957431.03525496,3,1600092000.0,220495877.78399998,1379596122.216,,carbon_api
2025-02-08 21:00:00,blended,"Data centre facility, hyperscale, Virginia (Zhang et al. 2025)","Data centre facility, hyperscale, Virginia (Zhang et al. 2025) (blended)",103.003,221,blended,0.103003,0.896997,103.003,896.9970000000001,0.0,,529108177.2816782,3,1600092000.0,164814276.276,1435277723.724,,carbon_api
2025-02-08 21:30:00,blended,"Data centre facility, hyperscale, Virginia (Zhang et al. 2025)","Data centre facility, hyperscale, Virginia (Zhang et al. 2025) (blended)",103.003,223,blended,0.103003,0.896997,103.003,896.9970000000001,0.0,,521087152.3633735,3,1600092000.0,164814276.276,1435277723.724,,carbon_api
2025-02-08 22:00:00,blended,"Data centre facility, hyperscale, Virginia (Zhang et al. 2025)","Data centre facility, hyperscale, Virginia (Zhang et al. 2025) (blended)",67.962,217,blended,0.06796200000000001,0.932038,67.962,932.038,0.0,,523377476.3120403,3,1600092000.0,108745452.50400001,1491346547.496,,carbon_api
2025-02-08 22:30:00,blended,"Data centre facility, hyperscale, Virginia (Zhang et al. 2025)","Data centre facility, hyperscale, Virginia (Zhang et al. 2025) (blended)",67.962,190,blended,0.06796200000000001,0.932038,67.962,932.038,0.0,,486620315.45464194,3,1600092000.0,108745452.50400001,1491346547.496,,carbon_api
2025-02-08 23:00:00,blended,"Data centre facility, hyperscale, Virginia (Zhang et al. 2025)","Data centre facility, hyperscale, Virginia (Zhang et al. 2025) (blended)",57.79,171,blended,0.05779,0.94221,57.79,942.21,0.0,,452501736.4080882,3,1600092000.0,92469316.68,1507622683.32,,carbon_api
2025-02-08 23:30:00,blended,"Data centre facility, hyperscale, Virginia (Zhang et al. 2025)","Data centre facility, hyperscale, Virginia (Zhang et al. 2025) (blended)",57.79,161,blended,0.05779,0.94221,57.79,942.21,0.0,,435508731.38125086,3,1600092000.0,92469316.68,1507622683.32,,carbon_api
2025-02-09 00:00:00,blended,"Data centre facility, hyperscale, Virginia (Zhang et al. 2025)","Data centre facility, hyperscale, Virginia (Zhang et al. 2025) (blended)",71.871,166,blended,0.07187099999999999,0.928129,71.871,928.129,0.0,,440915501.62486786,3,1600092000.0,115000212.13199998,1485091787.868,,carbon_api
2025-02-09 00:30:00,blended,"Data centre facility, hyperscale, Virginia (Zhang et al. 2025)","Data centre facility, hyperscale, Virginia (Zhang et al. 2025) (blended)",71.871,158,blended,0.07187099999999999,0.928129,71.871,928.129,0.0,,424540643.0199018,3,1600092000.0,115000212.13199998,1485091787.868,,carbon_api
2025-02-09 01:00:00,blended,"Data centre facility, hyperscale, Virginia (Zhang et al. 2025)","Data centre facility, hyperscale, Virginia (Zhang et al. 2025) (blended)",110.414,143,blended,0.110414,0.889586,110.414,889.586,0.0,,381912845.0543719,3,1600092000.0,176672558.088,1423419441.912,,carbon_api
2025-02-09 01:30:00,blended,"Data centre facility, hyperscale, Virginia (Zhang et al. 2025)","Data centre facility, hyperscale, Virginia (Zhang et al. 2025) (blended)",110.414,140,blended,0.110414,0.889586,110.414,889.586,0.0,,369382284.05093014,3,1600092000.0,176672558.088,1423419441.912,,carbon_api
2025-02-09 02:00:00,blended,"Data centre facility, hyperscale, Virginia (Zhang et al. 2025)","Data centre facility, hyperscale, Virginia (Zhang et al. 2025) (blended)",167.361,133,blended,0.16736099999999998,0.832639,167.361,832.639,0.0,,340501949.7745769,3,1600092000.0,267792997.21199998,1332299002.788,,carbon_api
2025-02-09 02:30:00,blended,"Data centre facility, hyperscale, Virginia (Zhang et al. 2025)","Data centre facility, hyperscale, Virginia (Zhang et al. 2025) (blended)",167.361,137,blended,0.16736099999999998,0.832639,167.361,832.639,0.0,,326713862.02091944,3,1600092000.0,267792997.21199998,1332299002.788,,carbon_api
2025-02-09 03:00:00,blended,"Data centre facility, hyperscale, Virginia (Zhang et al. 2025)","Data centre facility, hyperscale, Virginia (Zhang et al. 2025) (blended)",238.172,127,blended,0.238172,0.761828,238.172,761.828,0.0,,297422996.8069557,3,1600092000.0,381097111.824,1218994888.1759999,,carbon_api
2025-02-09 03:30:00,blended,"Data centre facility, hyperscale, Virginia (Zhang et al. 2025)","Data centre facility, hyperscale, Virginia (Zhang et al. 2025) (blended)",238.172,130,blended,0.238172,0.761828,238.172,761.828,0.0,,287558136.25400156,3,1600092000.0,381097111.824,1218994888.1759999,,carbon_api
2025-02-09 04:00:00,blended,"Data centre facility, hyperscale, Virginia (Zhang et al. 2025)","Data centre facility, hyperscale, Virginia (Zhang et al. 2025) (blended)",291.647,136,blended,0.291647,0.708353,291.647,708.3530000000001,0.0,,269119385.5155385,3,1600092000.0,466662031.524,1133429968.476,,carbon_api
2025-02-09 04:30:00,blended,"Data centre facility, hyperscale, Virginia (Zhang et al. 2025)","Data centre facility, hyperscale, Virginia (Zhang et al. 2025) (blended)",291.647,170,blended,0.291647,0.708353,291.647,708.3530000000001,0.0,,308344588.84172404,3,1600092000.0,466662031.524,1133429968.476,,carbon_api
2025-02-09 05:00:00,blended,"Data centre facility, hyperscale, Virginia (Zhang et al. 2025)","Data centre facility, hyperscale, Virginia (Zhang et al. 2025) (blended)",281.305,170,blended,0.281305,0.718695,281.305,718.6949999999999,0.0,,307591960.40537035,3,1600092000.0,450113880.06000006,1149978119.94,,carbon_api
2025-02-09 05:30:00,blended,"Data centre facility, hyperscale, Virginia (Zhang et al. 2025)","Data centre facility, hyperscale, Virginia (Zhang et al. 2025) (blended)",281.305,180,blended,0.281305,0.718695,281.305,718.6949999999999,0.0,,318029649.3202597,3,1600092000.0,450113880.06000006,1149978119.94,,carbon_api
2025-02-09 06:00:00,blended,"Data centre facility, hyperscale, Virginia (Zhang et al. 2025)","Data centre facility, hyperscale, Virginia (Zhang et al. 2025) (blended)",231.118,171,blended,0.231118,0.7688820000000001,231.118,768.8820000000001,0.0,,322432406.424809,3,1600092000.0,369810062.856,1230281937.144,,carbon_api
2025-02-09 06:30:00,blended,"Data centre facility, hyperscale, Virginia (Zhang et al. 2025)","Data centre facility, hyperscale, Virginia (Zhang et al. 2025) (blended)",231.118,151,blended,0.231118,0.7688820000000001,231.118,768.8820000000001,0.0,,304120882.8120056,3,1600092000.0,369810062.856,1230281937.144,,carbon_api
2025-02-09 07:00:00,blended,"Data centre facility, hyperscale, Virginia (Zhang et al. 2025)","Data centre facility, hyperscale, Virginia (Zhang et al. 2025) (blended)",206.742,150,blended,0.20674199999999998,0.793258,206.742,793.258,0.0,,311963211.32143456,3,1600092000.0,330806220.264,1269285779.736,,carbon_api
2025-02-09 07:30:00,blended,"Data centre facility, hyperscale, Virginia (Zhang et al. 2025)","Data centre facility, hyperscale, Virginia (Zhang et al. 2025) (blended)",206.742,128,blended,0.20674199999999998,0.793258,206.742,793.258,0.0,,313456030.6723633,3,1600092000.0,330806220.264,1269285779.736,,carbon_api
2025-02-09 08:00:00,blended,"Data centre facility, hyperscale, Virginia (Zhang et al. 2025)","Data centre facility, hyperscale, Virginia (Zhang et al. 2025) (blended)",205.128,127,blended,0.20512799999999998,0.794872,205.128,794.8720000000001,0.0,,320338076.38543266,3,1600092000.0,328223671.77599996,1271868328.224,,carbon_api
2025-02-09 08:30:00,blended,"Data centre facility, hyperscale, Virginia (Zhang et al. 2025)","Data centre facility, hyperscale, Virginia (Zhang et al. 2025) (blended)",205.128,131,blended,0.20512799999999998,0.794872,205.128,794.8720000000001,0.0,,315370273.6026952,3,1600092000.0,328223671.77599996,1271868328.224,,carbon_api
2025-02-09 09:00:00,blended,"Data centre facility, hyperscale, Virginia (Zhang et al. 2025)","Data centre facility, hyperscale, Virginia (Zhang et al. 2025) (blended)",187.504,121,blended,0.187504,0.812496,187.504,812.496,0.0,,300509519.893956,3,1600092000.0,300023650.36800003,1300068349.632,,carbon_api
2025-02-09 09:30:00,blended,"Data centre facility, hyperscale, Virginia (Zhang et al. 2025)","Data centre facility, hyperscale, Virginia (Zhang et al. 2025) (blended)",187.504,125,blended,0.187504,0.812496,187.504,812.496,0.0,,307653199.4747804,3,1600092000.0,300023650.36800003,1300068349.632,,carbon_api
2025-02-09 10:00:00,blended,"Data centre facility, hyperscale, Virginia (Zhang et al. 2025)","Data centre facility, hyperscale, Virginia (Zhang et al. 2025) (blended)",202.112,135,blended,0.20211199999999999,0.797888,202.112,797.888,0.0,,317344546.8132577,3,1600092000.0,323397794.30399996,1276694205.696,,carbon_api
2025-02-09 10:30:00,blended,"Data centre facility, hyperscale, Virginia (Zhang et al. 2025)","Data centre facility, hyperscale, Virginia (Zhang et al. 2025) (blended)",202.112,137,blended,0.20211199999999999,0.797888,202.112,797.888,0.0,,318561144.58653015,3,1600092000.0,323397794.30399996,1276694205.696,,carbon_api
2025-02-09 11:00:00,blended,"Data centre facility, hyperscale, Virginia (Zhang et al. 2025)","Data centre facility, hyperscale, Virginia (Zhang et al. 2025) (blended)",245.259,142,blended,0.24525899999999998,0.754741,245.259,754.741,0.0,,314058154.9312434,3,1600092000.0,392436963.82799995,1207655036.172,,carbon_api
2025-02-09 11:30:00,blended,"Data centre facility, hyperscale, Virginia (Zhang et al. 2025)","Data centre facility, hyperscale, Virginia (Zhang et al. 2025) (blended)",245.259,143,blended,0.24525899999999998,0.754741,245.259,754.741,0.0,,316860198.387134,3,1600092000.0,392436963.82799995,1207655036.172,,carbon_api
2025-02-09 12:00:00,blended,"Data centre facility, hyperscale, Virginia (Zhang et al. 2025)","Data centre facility, hyperscale, Virginia (Zhang et al. 2025) (blended)",303.556,143,blended,0.303556,0.6964440000000001,303.556,696.4440000000001,0.0,,298219533.36846864,3,1600092000.0,485717527.152,1114374472.848,,carbon_api
2025-02-09 12:30:00,blended,"Data centre facility, hyperscale, Virginia (Zhang et al. 2025)","Data centre facility, hyperscale, Virginia (Zhang et al. 2025) (blended)",303.556,140,blended,0.303556,0.6964440000000001,303.556,696.4440000000001,0.0,,299431858.043858,3,1600092000.0,485717527.152,1114374472.848,,carbon_api
2025-02-09 13:00:00,blended,"Data centre facility, hyperscale, Virginia (Zhang et al. 2025)","Data centre facility, hyperscale, Virginia (Zhang et al. 2025) (blended)",352.408,146,blended,0.352408,0.647592,352.408,647.592,0.0,,287334754.65187377,3,1600092000.0,563885221.536,1036206778.4639999,,carbon_api
2025-02-09 13:30:00,blended,"Data centre facility, hyperscale, Virginia (Zhang et al. 2025)","Data centre facility, hyperscale, Virginia (Zhang et al. 2025) (blended)",352.408,149,blended,0.352408,0.647592,352.408,647.592,0.0,,301047450.2715741,3,1600092000.0,563885221.536,1036206778.4639999,,carbon_api
2025-02-09 14:00:00,blended,"Data centre facility, hyperscale, Virginia (Zhang et al. 2025)","Data centre facility, hyperscale, Virginia (Zhang et al. 2025) (blended)",343.247,144,blended,0.343247,0.6567529999999999,343.247,656.7529999999999,0.0,,295905711.25500476,3,1600092000.0,549226778.7240001,1050865221.2759999,,carbon_api
2025-02-09 14:30:00,blended,"Data centre facility, hyperscale, Virginia (Zhang et al. 2025)","Data centre facility, hyperscale, Virginia (Zhang et al. 2025) (blended)",343.247,155,blended,0.343247,0.6567529999999999,343.247,656.7529999999999,0.0,,288164798.43464696,3,1600092000.0,549226778.7240001,1050865221.2759999,,carbon_api
2025-02-09 15:00:00,blended,"Data centre facility, hyperscale, Virginia (Zhang et al. 2025)","Data centre facility, hyperscale, Virginia (Zhang et al. 2025) (blended)",340.626,161,blended,0.340626,0.659374,340.626,659.374,0.0,,292496239.4513722,3,1600092000.0,545032937.592,1055059062.408,,carbon_api
2025-02-09 15:30:00,blended,"Data centre facility, hyperscale, Virginia (Zhang et al. 2025)","Data centre facility, hyperscale, Virginia (Zhang et al. 2025) (blended)",340.626,177,blended,0.340626,0.659374,340.626,659.374,0.0,,301605255.9851485,3,1600092000.0,545032937.592,1055059062.408,,carbon_api
2025-02-09 16:00:00,blended,"Data centre facility, hyperscale, Virginia (Zhang et al. 2025)","Data centre facility, hyperscale, Virginia (Zhang et al. 2025) (blended)",410.009,170,blended,0.410009,0.5899909999999999,410.009,589.991,0.0,,262947321.38013676,3,1600092000.0,656052120.8280001,944039879.1719999,,carbon_api
2025-02-09 16:30:00,blended,"Data centre facility, hyperscale, Virginia (Zhang et al. 2025)","Data centre facility, hyperscale, Virginia (Zhang et al. 2025) (blended)",410.009,156,blended,0.410009,0.5899909999999999,410.009,589.991,0.0,,252498934.44128603,3,1600092000.0,656052120.8280001,944039879.1719999,,carbon_api
2025-02-09 17:00:00,blended,"Data centre facility, hyperscale, Virginia (Zhang et al. 2025)","Data centre facility, hyperscale, Virginia (Zhang et al. 2025) (blended)",453.892,160,blended,0.453892,0.546108,453.892,546.1080000000001,0.0,,237367311.7190032,3,1600092000.0,726268958.064,873823041.9360001,,carbon_api
2025-02-09 17:30:00,blended,"Data centre facility, hyperscale, Virginia (Zhang et al. 2025)","Data centre facility, hyperscale, Virginia (Zhang et al. 2025) (blended)",453.892,163,blended,0.453892,0.546108,453.892,546.1080000000001,0.0,,229062676.2641861,3,1600092000.0,726268958.064,873823041.9360001,,carbon_api
2025-02-09 18:00:00,blended,"Data centre facility, hyperscale, Virginia (Zhang et al. 2025)","Data centre facility, hyperscale, Virginia (Zhang et al. 2025) (blended)",457.171,161,blended,0.457171,0.542829,457.171,542.829,0.0,,224102825.5307556,3,1600092000.0,731515659.732,868576340.268,,carbon_api
2025-02-09 18:30:00,blended,"Data centre facility, hyperscale, Virginia (Zhang et al. 2025)","Data centre facility, hyperscale, Virginia (Zhang et al. 2025) (blended)",457.171,171,blended,0.457171,0.542829,457.171,542.829,0.0,,223454089.36826232,3,1600092000.0,731515659.732,868576340.268,,carbon_api
2025-02-09 19:00:00,blended,"Data centre facility, hyperscale, Virginia (Zhang et al. 2025)","Data centre facility, hyperscale, Virginia (Zhang et al. 2025) (blended)",459.417,167,blended,0.45941699999999996,0.540583,459.417,540.5830000000001,0.0,,215059575.41261458,3,1600092000.0,735109466.364,864982533.636,,carbon_api
2025-02-09 19:30:00,blended,"Data centre facility, hyperscale, Virginia (Zhang et al. 2025)","Data centre facility, hyperscale, Virginia (Zhang et al. 2025) (blended)",459.417,173,blended,0.45941699999999996,0.540583,459.417,540.5830000000001,0.0,,214277792.49532127,3,1600092000.0,735109466.364,864982533.636,,carbon_api
2025-02-09 20:00:00,blended,"Data centre facility, hyperscale, Virginia (Zhang et al. 2025)","Data centre facility, hyperscale, Virginia (Zhang et al. 2025) (blended)",473.578,166,blended,0.473578,0.526422,473.578,526.4219999999999,0.0,,200285420.85144106,3,1600092000.0,757768369.176,842323630.8239999,,carbon_api
2025-02-09 20:30:00,blended,"Data centre facility, hyperscale, Virginia (Zhang et al. 2025)","Data centre facility, hyperscale, Virginia (Zhang et al. 2025) (blended)",473.578,151,blended,0.473578,0.526422,473.578,526.4219999999999,0.0,,181908032.5017472,3,1600092000.0,757768369.176,842323630.8239999,,carbon_api
2025-02-09 21:00:00,blended,"Data centre facility, hyperscale, Virginia (Zhang et al. 2025)","Data centre facility, hyperscale, Virginia (Zhang et al. 2025) (blended)",497.967,139,blended,0.497967,0.502033,497.967,502.03299999999996,0.0,,159091805.24361178,3,1600092000.0,796793012.964,803298987.0359999,,carbon_api
2025-02-09 21:30:00,blended,"Data centre facility, hyperscale, Virginia (Zhang et al. 2025)","Data centre facility, hyperscale, Virginia (Zhang et al. 2025) (blended)",497.967,122,blended,0.497967,0.502033,497.967,502.03299999999996,0.0,,140348491.72891703,3,1600092000.0,796793012.964,803298987.0359999,,carbon_api
2025-02-09 22:00:00,blended,"Data centre facility, hyperscale, Virginia (Zhang et al. 2025)","Data centre facility, hyperscale, Virginia (Zhang et al. 2025) (blended)",522.623,123,blended,0.5226230000000001,0.47737699999999994,522.623,477.37699999999995,0.0,,135830030.90498933,3,1600092000.0,836244881.3160001,763847118.6839999,,carbon_api
2025-02-09 22:30:00,blended,"Data centre facility, hyperscale, Virginia (Zhang et al. 2025)","Data centre facility, hyperscale, Virginia (Zhang et al. 2025) (blended)",522.623,109,blended,0.5226230000000001,0.47737699999999994,522.623,477.37699999999995,0.0,,125593729.02101457,3,1600092000.0,836244881.3160001,763847118.6839999,,carbon_api
2025-02-09 23:00:00,blended,"Data centre facility, hyperscale, Virginia (Zhang et al. 2025)","Data centre facility, hyperscale, Virginia (Zhang et al. 2025) (blended)",534.865,108,blended,0.534865,0.46513499999999997,534.865,465.135,0.0,,123953574.61271167,3,1600092000.0,855833207.58,744258792.42,,carbon_api
2025-02-09 23:30:00,blended,"Data centre facility, hyperscale, Virginia (Zhang et al. 2025)","Data centre facility, hyperscale, Virginia (Zhang et al. 2025) (blended)",534.865,90,blended,0.534865,0.46513499999999997,534.865,465.135,0.0,,114823758.42085484,3,1600092000.0,855833207.58,744258792.42,,carbon_api
2025-02-10 00:00:00,blended,"Data centre facility, hyperscale, Virginia (Zhang et al. 2025)","Data centre facility, hyperscale, Virginia (Zhang et al. 2025) (blended)",534.576,94,blended,0.534576,0.46542399999999995,534.576,465.4239999999999,0.0,,119978227.21160915,3,1600092000.0,855370780.9920001,744721219.0079999,,carbon_api
2025-02-10 00:30:00,blended,"Data centre facility, hyperscale, Virginia (Zhang et al. 2025)","Data centre facility, hyperscale, Virginia (Zhang et al. 2025) (blended)",534.576,92,blended,0.534576,0.46542399999999995,534.576,465.4239999999999,0.0,,125821254.07023224,3,1600092000.0,855370780.9920001,744721219.0079999,,carbon_api
2025-02-10 01:00:00,blended,"Data centre facility, hyperscale, Virginia (Zhang et al. 2025)","Data centre facility, hyperscale, Virginia (Zhang et al. 2025) (blended)",525.348,90,blended,0.5253479999999999,0.4746520000000001,525.348,474.6520000000001,0.0,,127344469.40042356,3,1600092000.0,840605132.0159999,759486867.9840001,,carbon_api
2025-02-10 01:30:00,blended,"Data centre facility, hyperscale, Virginia (Zhang et al. 2025)","Data centre facility, hyperscale, Virginia (Zhang et al. 2025) (blended)",525.348,85,blended,0.5253479999999999,0.4746520000000001,525.348,474.6520000000001,0.0,,116255278.28159791,3,1600092000.0,840605132.0159999,759486867.9840001,,carbon_api
2025-02-10 02:00:00,blended,"Data centre facility, hyperscale, Virginia (Zhang et al. 2025)","Data centre facility, hyperscale, Virginia (Zhang et al. 2025) (blended)",513.061,84,blended,0.513061,0.486939,513.061,486.939,0.0,,115576697.0336189,3,1600092000.0,820944801.612,779147198.388,,carbon_api
2025-02-10 02:30:00,blended,"Data centre facility, hyperscale, Virginia (Zhang et al. 2025)","Data centre facility, hyperscale, Virginia (Zhang et al. 2025) (blended)",513.061,89,blended,0.513061,0.486939,513.061,486.939,0.0,,107615956.88688886,3,1600092000.0,820944801.612,779147198.388,,carbon_api
2025-02-10 03:00:00,blended,"Data centre facility, hyperscale, Virginia (Zhang et al. 2025)","Data centre facility, hyperscale, Virginia (Zhang et al. 2025) (blended)",504.708,87,blended,0.504708,0.49529199999999995,504.708,495.292,0.0,,105066145.02633816,3,1600092000.0,807579233.136,792512766.864,,carbon_api
2025-02-10 03:30:00,blended,"Data centre facility, hyperscale, Virginia (Zhang et al. 2025)","Data centre facility, hyperscale, Virginia (Zhang et al. 2025) (blended)",504.708,95,blended,0.504708,0.49529199999999995,504.708,495.292,0.0,,100267942.54364702,3,1600092000.0,807579233.136,792512766.864,,carbon_api
2025-02-10 04:00:00,blended,"Data centre facility, hyperscale, Virginia (Zhang et al. 2025)","Data centre facility, hyperscale, Virginia (Zhang et al. 2025) (blended)",503.516,98,blended,0.5035160000000001,0.4964839999999999,503.5160000000001,496.4839999999999,0.0,,103337530.54391375,3,1600092000.0,805671923.4720001,794420076.5279999,,carbon_api
2025-02-10 04:30:00,blended,"Data centre facility, hyperscale, Virginia (Zhang et al. 2025)","Data centre facility, hyperscale, Virginia (Zhang et al. 2025) (blended)",503.516,79,blended,0.5035160000000001,0.4964839999999999,503.5160000000001,496.4839999999999,0.0,,103724546.49156556,3,1600092000.0,805671923.4720001,794420076.5279999,,carbon_api
2025-02-10 05:00:00,blended,"Data centre facility, hyperscale, Virginia (Zhang et al. 2025)","Data centre facility, hyperscale, Virginia (Zhang et al. 2025) (blended)",505.44,85,blended,0.50544,0.49456,505.44,494.56,0.0,,115603825.99989608,3,1600092000.0,808750500.48,791341499.52,,carbon_api
2025-02-10 05:30:00,blended,"Data centre facility, hyperscale, Virginia (Zhang et al. 2025)","Data centre facility, hyperscale, Virginia (Zhang et al. 2025) (blended)",505.44,107,blended,0.50544,0.49456,505.44,494.56,0.0,,163043971.80606335,3,1600092000.0,808750500.48,791341499.52,,carbon_api
2025-02-10 06:00:00,blended,"Data centre facility, hyperscale, Virginia (Zhang et al. 2025)","Data centre facility, hyperscale, Virginia (Zhang et al. 2025) (blended)",513.06,124,blended,0.51306,0.48694000000000004,513.06,486.94000000000005,0.0,,180073616.66164204,3,1600092000.0,820943201.52,779148798.48,,carbon_api
2025-02-10 06:30:00,blended,"Data centre facility, hyperscale, Virginia (Zhang et al. 2025)","Data centre facility, hyperscale, Virginia (Zhang et al. 2025) (blended)",513.06,130,blended,0.51306,0.48694000000000004,513.06,486.94000000000005,0.0,,185665190.21853596,3,1600092000.0,820943201.52,779148798.48,,carbon_api
2025-02-10 07:00:00,blended,"Data centre facility, hyperscale, Virginia (Zhang et al. 2025)","Data centre facility, hyperscale, Virginia (Zhang et al. 2025) (blended)",503.573,138,blended,0.5035729999999999,0.49642700000000006,503.5729999999999,496.4270000000001,0.0,,198301449.85384735,3,1600092000.0,805763128.7159998,794328871.2840002,,carbon_api
2025-02-10 07:30:00,blended,"Data centre facility, hyperscale, Virginia (Zhang et al. 2025)","Data centre facility, hyperscale, Virginia (Zhang et al. 2025) (blended)",503.573,128,blended,0.5035729999999999,0.49642700000000006,503.5729999999999,496.4270000000001,0.0,,191715535.2386725,3,1600092000.0,805763128.7159998,794328871.2840002,,carbon_api
2025-02-10 08:00:00,blended,"Data centre facility, hyperscale, Virginia (Zhang et al. 2025)","Data centre facility, hyperscale, Virginia (Zhang et al. 2025) (blended)",481.453,141,blended,0.48145299999999996,0.5185470000000001,481.453,518.5470000000001,0.0,,215950811.94213837,3,1600092000.0,770369093.676,829722906.3240001,,carbon_api
2025-02-10 08:30:00,blended,"Data centre facility, hyperscale, Virginia (Zhang et al. 2025)","Data centre facility, hyperscale, Virginia (Zhang et al. 2025) (blended)",481.453,158,blended,0.48145299999999996,0.5185470000000001,481.453,518.5470000000001,0.0,,218237587.53756073,3,1600092000.0,770369093.676,829722906.3240001,,carbon_api
2025-02-10 09:00:00,blended,"Data centre facility, hyperscale, Virginia (Zhang et al. 2025)","Data centre facility, hyperscale, Virginia (Zhang et al. 2025) (blended)",549.727,157,blended,0.549727,0.45027300000000003,549.727,450.273,0.0,,188469270.31739593,3,1600092000.0,879613774.884,720478225.116,,carbon_api
2025-02-10 09:30:00,blended,"Data centre facility, hyperscale, Virginia (Zhang et al. 2025)","Data centre facility, hyperscale, Virginia (Zhang et al. 2025) (blended)",549.727,158,blended,0.549727,0.45027300000000003,549.727,450.273,0.0,,187737147.90818134,3,1600092000.0,879613774.884,720478225.116,,carbon_api
2025-02-10 10:00:00,blended,"Data centre facility, hyperscale, Virginia (Zhang et al. 2025)","Data centre facility, hyperscale, Virginia (Zhang et al. 2025) (blended)",644.058,161,blended,0.644058,0.355942,644.058,355.942,0.0,,159606753.40877077,3,1600092000.0,1030552053.3360001,569539946.6639999,,carbon_api
2025-02-10 10:30:00,blended,"Data centre facility, hyperscale, Virginia (Zhang et al. 2025)","Data centre facility, hyperscale, Virginia (Zhang et al. 2025) (blended)",644.058,168,blended,0.644058,0.355942,644.058,355.942,0.0,,162217095.80119732,3,1600092000.0,1030552053.3360001,569539946.6639999,,carbon_api
2025-02-10 11:00:00,blended,"Data centre facility, hyperscale, Virginia (Zhang et al. 2025)","Data centre facility, hyperscale, Virginia (Zhang et al. 2025) (blended)",636.792,168,blended,0.636792,0.363208,636.792,363.20799999999997,0.0,,164875666.65648913,3,1600092000.0,1018925784.8640001,581166215.1359999,,carbon_api
2025-02-10 11:30:00,blended,"Data centre facility, hyperscale, Virginia (Zhang et al. 2025)","Data centre facility, hyperscale, Virginia (Zhang et al. 2025) (blended)",636.792,166,blended,0.636792,0.363208,636.792,363.20799999999997,0.0,,166499628.229872,3,1600092000.0,1018925784.8640001,581166215.1359999,,carbon_api
2025-02-10 12:00:00,blended,"Data centre facility, hyperscale, Virginia (Zhang et al. 2025)","Data centre facility, hyperscale, Virginia (Zhang et al. 2025) (blended)",616.021,164,blended,0.6160209999999999,0.38397900000000007,616.021,383.97900000000004,0.0,,172752262.15740964,3,1600092000.0,985690273.9319999,614401726.0680001,,carbon_api
2025-02-10 12:30:00,blended,"Data centre facility, hyperscale, Virginia (Zhang et al. 2025)","Data centre facility, hyperscale, Virginia (Zhang et al. 2025) (blended)",616.021,152,blended,0.6160209999999999,0.38397900000000007,616.021,383.97900000000004,0.0,,164955368.23972526,3,1600092000.0,985690273.9319999,614401726.0680001,,carbon_api
2025-02-10 13:00:00,blended,"Data centre facility, hyperscale, Virginia (Zhang et al. 2025)","Data centre facility, hyperscale, Virginia (Zhang et al. 2025) (blended)",601.232,150,blended,0.601232,0.398768,601.232,398.76800000000003,0.0,,167670459.10562563,3,1600092000.0,962026513.344,638065486.656,,carbon_api
2025-02-10 13:30:00,blended,"Data centre facility, hyperscale, Virginia (Zhang et al. 2025)","Data centre facility, hyperscale, Virginia (Zhang et al. 2025) (blended)",601.232,166,blended,0.601232,0.398768,601.232,398.76800000000003,0.0,,175463791.89639723,3,1600092000.0,962026513.344,638065486.656,,carbon_api
2025-02-10 14:00:00,blended,"Data centre facility, hyperscale, Virginia (Zhang et al. 2025)","Data centre facility, hyperscale, Virginia (Zhang et al. 2025) (blended)",549.728,167,blended,0.549728,0.450272,549.728,450.272,0.0,,192549683.21685064,3,1600092000.0,879615374.976,720476625.024,,carbon_api
2025-02-10 14:30:00,blended,"Data centre facility, hyperscale, Virginia (Zhang et al. 2025)","Data centre facility, hyperscale, Virginia (Zhang et al. 2025) (blended)",549.728,155,blended,0.549728,0.450272,549.728,450.272,0.0,,184508988.85930783,3,1600092000.0,879615374.976,720476625.024,,carbon_api
2025-02-10 15:00:00,blended,"Data centre facility, hyperscale, Virginia (Zhang et al. 2025)","Data centre facility, hyperscale, Virginia (Zhang et al. 2025) (blended)",491.092,164,blended,0.491092,0.508908,491.092,508.908,0.0,,212035322.9373782,3,1600092000.0,785792380.464,814299619.536,,carbon_api
2025-02-10 15:30:00,blended,"Data centre facility, hyperscale, Virginia (Zhang et al. 2025)","Data centre facility, hyperscale, Virginia (Zhang et al. 2025) (blended)",491.092,166,blended,0.491092,0.508908,491.092,508.908,0.0,,215786761.9807449,3,1600092000.0,785792380.464,814299619.536,,carbon_api
2025-02-10 16:00:00,blended,"Data centre facility, hyperscale, Virginia (Zhang et al. 2025)","Data centre facility, hyperscale, Virginia (Zhang et al. 2025) (blended)",488.344,173,blended,0.488344,0.511656,488.344,511.656,0.0,,224271775.24386188,3,1600092000.0,781395327.648,818696672.352,,carbon_api
2025-02-10 16:30:00,blended,"Data centre facility, hyperscale, Virginia (Zhang et al. 2025)","Data centre facility, hyperscale, Virginia (Zhang et al. 2025) (blended)",488.344,183,blended,0.488344,0.511656,488.344,511.656,0.0,,234903750.91997856,3,1600092000.0,781395327.648,818696672.352,,carbon_api
2025-02-10 17:00:00,blended,"Data centre facility, hyperscale, Virginia (Zhang et al. 2025)","Data centre facility, hyperscale, Virginia (Zhang et al. 2025) (blended)",484.712,189,blended,0.484712,0.515288,484.712,515.288,0.0,,243500270.79510498,3,1600092000.0,775583793.504,824508206.4959999,,carbon_api
2025-02-10 17:30:00,blended,"Data centre facility, hyperscale, Virginia (Zhang et al. 2025)","Data centre facility, hyperscale, Virginia (Zhang et al. 2025) (blended)",484.712,195,blended,0.484712,0.515288,484.712,515.288,0.0,,246483463.66390088,3,1600092000.0,775583793.504,824508206.4959999,,carbon_api
2025-02-10 18:00:00,blended,"Data centre facility, hyperscale, Virginia (Zhang et al. 2025)","Data centre facility, hyperscale, Virginia (Zhang et al. 2025) (blended)",469.026,196,blended,0.469026,0.5309740000000001,469.026,530.974,0.0,,252759613.3569854,3,1600092000.0,750484750.392,849607249.608,,carbon_api
2025-02-10 18:30:00,blended,"Data centre facility, hyperscale, Virginia (Zhang et al. 2025)","Data centre facility, hyperscale, Virginia (Zhang et al. 2025) (blended)",469.026,185,blended,0.469026,0.5309740000000001,469.026,530.974,0.0,,247747218.49481985,3,1600092000.0,750484750.392,849607249.608,,carbon_api
2025-02-10 19:00:00,blended,"Data centre facility, hyperscale, Virginia (Zhang et al. 2025)","Data centre facility, hyperscale, Virginia (Zhang et al. 2025) (blended)",441.506,184,blended,0.44150599999999995,0.558494,441.506,558.494,0.0,,257112272.2406019,3,1600092000.0,706450218.5519999,893641781.4480001,,carbon_api
2025-02-10 19:30:00,blended,"Data centre facility, hyperscale, Virginia (Zhang et al. 2025)","Data centre facility, hyperscale, Virginia (Zhang et al. 2025) (blended)",441.506,185,blended,0.44150599999999995,0.558494,441.506,558.494,0.0,,254541725.39948604,3,1600092000.0,706450218.5519999,893641781.4480001,,carbon_api
2025-02-10 20:00:00,blended,"Data centre facility, hyperscale, Virginia (Zhang et al. 2025)","Data centre facility, hyperscale, Virginia (Zhang et al. 2025) (blended)",431.887,185,blended,0.431887,0.568113,431.887,568.1129999999999,0.0,,257911113.3326938,3,1600092000.0,691058933.6040001,909033066.3959999,,carbon_api
2025-02-10 20:30:00,blended,"Data centre facility, hyperscale, Virginia (Zhang et al. 2025)","Data centre facility, hyperscale, Virginia (Zhang et al. 2025) (blended)",431.887,183,blended,0.431887,0.568113,431.887,568.1129999999999,0.0,,251373388.3906465,3,1600092000.0,691058933.6040001,909033066.3959999,,carbon_api
2025-02-10 21:00:00,blended,"Data centre facility, hyperscale, Virginia (Zhang et al. 2025)","Data centre facility, hyperscale, Virginia (Zhang et al. 2025) (blended)",401.624,181,blended,0.40162400000000004,0.598376,401.624,598.376,0.0,,258348864.7139453,3,1600092000.0,642635349.4080001,957456650.592,,carbon_api
2025-02-10 21:30:00,blended,"Data centre facility, hyperscale, Virginia (Zhang et al. 2025)","Data centre facility, hyperscale, Virginia (Zhang et al. 2025) (blended)",401.624,172,blended,0.40162400000000004,0.598376,401.624,598.376,0.0,,249704749.91826025,3,1600092000.0,642635349.4080001,957456650.592,,carbon_api
2025-02-10 22:00:00,blended,"Data centre facility, hyperscale, Virginia (Zhang et al. 2025)","Data centre facility, hyperscale, Virginia (Zhang et al. 2025) (blended)",356.289,162,blended,0.35628899999999997,0.643711,356.289,643.711,0.0,,249919537.1189592,3,1600092000.0,570095178.5879999,1029996821.4120001,,carbon_api
2025-02-10 22:30:00,blended,"Data centre facility, hyperscale, Virginia (Zhang et al. 2025)","Data centre facility, hyperscale, Virginia (Zhang et al. 2025) (blended)",356.289,128,blended,0.35628899999999997,0.643711,356.289,643.711,0.0,,227535657.52363113,3,1600092000.0,570095178.5879999,1029996821.4120001,,carbon_api
2025-02-10 23:00:00,blended,"Data centre facility, hyperscale, Virginia (Zhang et al. 2025)","Data centre facility, hyperscale, Virginia (Zhang et al. 2025) (blended)",333.724,134,blended,0.33372399999999997,0.6662760000000001,333.724,666.2760000000001,0.0,,248505486.42703494,3,1600092000.0,533989102.6079999,1066102897.3920002,,carbon_api
2025-02-10 23:30:00,blended,"Data centre facility, hyperscale, Virginia (Zhang et al. 2025)","Data centre facility, hyperscale, Virginia (Zhang et al. 2025) (blended)",333.724,142,blended,0.33372399999999997,0.6662760000000001,333.724,666.2760000000001,0.0,,266591010.9851231,3,1600092000.0,533989102.6079999,1066102897.3920002,,carbon_api
2025-02-11 00:00:00,blended,"Data centre facility, hyperscale, Virginia (Zhang et al. 2025)","Data centre facility, hyperscale, Virginia (Zhang et al. 2025) (blended)",304.894,143,blended,0.304894,0.695106,304.894,695.106,0.0,,278429863.92543685,3,1600092000.0,487858450.248,1112233549.752,,carbon_api
2025-02-11 00:30:00,blended,"Data centre facility, hyperscale, Virginia (Zhang et al. 2025)","Data centre facility, hyperscale, Virginia (Zhang et al. 2025) (blended)",304.894,143,blended,0.304894,0.695106,304.894,695.106,0.0,,274793053.6844248,3,1600092000.0,487858450.248,1112233549.752,,carbon_api
2025-02-11 01:00:00,blended,"Data centre facility, hyperscale, Virginia (Zhang et al. 2025)","Data centre facility, hyperscale, Virginia (Zhang et al. 2025) (blended)",257.515,145,blended,0.257515,0.7424850000000001,257.515,742.485,0.0,,299763709.5871121,3,1600092000.0,412047691.38,1188044308.6200001,,carbon_api
2025-02-11 01:30:00,blended,"Data centre facility, hyperscale, Virginia (Zhang et al. 2025)","Data centre facility, hyperscale, Virginia (Zhang et al. 2025) (blended)",257.515,135,blended,0.257515,0.7424850000000001,257.515,742.485,0.0,,288277377.6165511,3,1600092000.0,412047691.38,1188044308.6200001,,carbon_api
2025-02-11 02:00:00,blended,"Data centre facility, hyperscale, Virginia (Zhang et al. 2025)","Data centre facility, hyperscale, Virginia (Zhang et al. 2025) (blended)",233.315,132,blended,0.233315,0.7666850000000001,233.315,766.6850000000001,0.0,,303508682.33368754,3,1600092000.0,373325464.98,1226766535.02,,carbon_api
2025-02-11 02:30:00,blended,"Data centre facility, hyperscale, Virginia (Zhang et al. 2025)","Data centre facility, hyperscale, Virginia (Zhang et al. 2025) (blended)",233.315,131,blended,0.233315,0.7666850000000001,233.315,766.6850000000001,0.0,,306937791.8663396,3,1600092000.0,373325464.98,1226766535.02,,carbon_api
2025-02-11 03:00:00,blended,"Data centre facility, hyperscale, Virginia (Zhang et al. 2025)","Data centre facility, hyperscale, Virginia (Zhang et al. 2025) (blended)",215.74,127,blended,0.21574000000000002,0.78426,215.74,784.26,0.0,,308585629.0971967,3,1600092000.0,345203848.08000004,1254888151.9199998,,carbon_api
2025-02-11 03:30:00,blended,"Data centre facility, hyperscale, Virginia (Zhang et al. 2025)","Data centre facility, hyperscale, Virginia (Zhang et al. 2025) (blended)",215.74,127,blended,0.21574000000000002,0.78426,215.74,784.26,0.0,,294002543.24381983,3,1600092000.0,345203848.08000004,1254888151.9199998,,carbon_api
2025-02-11 04:00:00,blended,"Data centre facility, hyperscale, Virginia (Zhang et al. 2025)","Data centre facility, hyperscale, Virginia (Zhang et al. 2025) (blended)",199.875,128,blended,0.199875,0.800125,199.875,800.125,0.0,,297412533.2814604,3,1600092000.0,319818388.5,1280273611.5,,carbon_api
2025-02-11 04:30:00,blended,"Data centre facility, hyperscale, Virginia (Zhang et al. 2025)","Data centre facility, hyperscale, Virginia (Zhang et al. 2025) (blended)",199.875,148,blended,0.199875,0.800125,199.875,800.125,0.0,,308202435.0153779,3,1600092000.0,319818388.5,1280273611.5,,carbon_api
2025-02-11 05:00:00,blended,"Data centre facility, hyperscale, Virginia (Zhang et al. 2025)","Data centre facility, hyperscale, Virginia (Zhang et al. 2025) (blended)",188.038,173,blended,0.188038,0.811962,188.038,811.962,0.0,,356397769.771297,3,1600092000.0,300878099.496,1299213900.504,,carbon_api
2025-02-11 05:30:00,blended,"Data centre facility, hyperscale, Virginia (Zhang et al. 2025)","Data centre facility, hyperscale, Virginia (Zhang et al. 2025) (blended)",188.038,221,blended,0.188038,0.811962,188.038,811.962,0.0,,427206345.9930617,3,1600092000.0,300878099.496,1299213900.504,,carbon_api
2025-02-11 06:00:00,blended,"Data centre facility, hyperscale, Virginia (Zhang et al. 2025)","Data centre facility, hyperscale, Virginia (Zhang et al. 2025) (blended)",194.834,232,blended,0.194834,0.805166,194.834,805.166,0.0,,440668406.03855264,3,1600092000.0,311752324.728,1288339675.272,,carbon_api
2025-02-11 06:30:00,blended,"Data centre facility, hyperscale, Virginia (Zhang et al. 2025)","Data centre facility, hyperscale, Virginia (Zhang et al. 2025) (blended)",194.834,234,blended,0.194834,0.805166,194.834,805.166,0.0,,471849614.4288052,3,1600092000.0,311752324.728,1288339675.272,,carbon_api
2025-02-11 07:00:00,blended,"Data centre facility, hyperscale, Virginia (Zhang et al. 2025)","Data centre facility, hyperscale, Virginia (Zhang et al. 2025) (blended)",191.727,240,blended,0.191727,0.808273,191.727,808.273,0.0,,483883366.52104694,3,1600092000.0,306780838.884,1293311161.116,,carbon_api
2025-02-11 07:30:00,blended,"Data centre facility, hyperscale, Virginia (Zhang et al. 2025)","Data centre facility, hyperscale, Virginia (Zhang et al. 2025) (blended)",191.727,257,blended,0.191727,0.808273,191.727,808.273,0.0,,508528278.5589182,3,1600092000.0,306780838.884,1293311161.116,,carbon_api
2025-02-11 08:00:00,blended,"Data centre facility, hyperscale, Virginia (Zhang et al. 2025)","Data centre facility, hyperscale, Virginia (Zhang et al. 2025) (blended)",148.209,258,blended,0.148209,0.851791,148.209,851.7909999999999,0.0,,536680635.0353099,3,1600092000.0,237148035.22800002,1362943964.7719998,,carbon_api
2025-02-11 08:30:00,blended,"Data centre facility, hyperscale, Virginia (Zhang et al. 2025)","Data centre facility, hyperscale, Virginia (Zhang et al. 2025) (blended)",148.209,259,blended,0.148209,0.851791,148.209,851.7909999999999,0.0,,534852283.2515384,3,1600092000.0,237148035.22800002,1362943964.7719998,,carbon_api
2025-02-11 09:00:00,blended,"Data centre facility, hyperscale, Virginia (Zhang et al. 2025)","Data centre facility, hyperscale, Virginia (Zhang et al. 2025) (blended)",155.652,260,blended,0.15565199999999998,0.844348,155.652,844.348,0.0,,531667545.1814653,3,1600092000.0,249057519.98399997,1351034480.016,,carbon_api
2025-02-11 09:30:00,blended,"Data centre facility, hyperscale, Virginia (Zhang et al. 2025)","Data centre facility, hyperscale, Virginia (Zhang et al. 2025) (blended)",155.652,263,blended,0.15565199999999998,0.844348,155.652,844.348,0.0,,542730493.2223905,3,1600092000.0,249057519.98399997,1351034480.016,,carbon_api
2025-02-11 10:00:00,blended,"Data centre facility, hyperscale, Virginia (Zhang et al. 2025)","Data centre facility, hyperscale, Virginia (Zhang et al. 2025) (blended)",136.629,265,blended,0.136629,0.863371,136.629,863.371,0.0,,552383565.2828224,3,1600092000.0,218618969.868,1381473030.132,,carbon_api
2025-02-11 10:30:00,blended,"Data centre facility, hyperscale, Virginia (Zhang et al. 2025)","Data centre facility, hyperscale, Virginia (Zhang et al. 2025) (blended)",136.629,256,blended,0.136629,0.863371,136.629,863.371,0.0,,548573865.7457311,3,1600092000.0,218618969.868,1381473030.132,,carbon_api
2025-02-11 11:00:00,blended,"Data centre facility, hyperscale, Virginia (Zhang et al. 2025)","Data centre facility, hyperscale, Virginia (Zhang et al. 2025) (blended)",105.015,258,blended,0.105015,0.894985,105.015,894.985,0.0,,571404464.752768,3,1600092000.0,168033661.38,1432058338.6200001,,carbon_api
2025-02-11 11:30:00,blended,"Data centre facility, hyperscale, Virginia (Zhang et al. 2025)","Data centre facility, hyperscale, Virginia (Zhang et al. 2025) (blended)",105.015,270,blended,0.105015,0.894985,105.015,894.985,0.0,,586563746.461863,3,1600092000.0,168033661.38,1432058338.6200001,,carbon_api
2025-02-11 12:00:00,blended,"Data centre facility, hyperscale, Virginia (Zhang et al. 2025)","Data centre facility, hyperscale, Virginia (Zhang et al. 2025) (blended)",90.242,268,blended,0.090242,0.909758,90.242,909.7579999999999,0.0,,589251134.6140774,3,1600092000.0,144395502.264,1455696497.7359998,,carbon_api
2025-02-11 12:30:00,blended,"Data centre facility, hyperscale, Virginia (Zhang et al. 2025)","Data centre facility, hyperscale, Virginia (Zhang et al. 2025) (blended)",90.242,269,blended,0.090242,0.909758,90.242,909.7579999999999,0.0,,589211883.001036,3,1600092000.0,144395502.264,1455696497.7359998,,carbon_api
2025-02-11 13:00:00,blended,"Data centre facility, hyperscale, Virginia (Zhang et al. 2025)","Data centre facility, hyperscale, Virginia (Zhang et al. 2025) (blended)",95.251,268,blended,0.095251,0.904749,95.251,904.749,0.0,,579851092.7264929,3,1600092000.0,152410363.092,1447681636.908,,carbon_api
2025-02-11 13:30:00,blended,"Data centre facility, hyperscale, Virginia (Zhang et al. 2025)","Data centre facility, hyperscale, Virginia (Zhang et al. 2025) (blended)",95.251,271,blended,0.095251,0.904749,95.251,904.749,0.0,,591984990.2985822,3,1600092000.0,152410363.092,1447681636.908,,carbon_api
2025-02-11 14:00:00,blended,"Data centre facility, hyperscale, Virginia (Zhang et al. 2025)","Data centre facility, hyperscale, Virginia (Zhang et al. 2025) (blended)",101.717,270,blended,0.101717,0.8982829999999999,101.717,898.2829999999999,0.0,,583140208.622599,3,1600092000.0,162756557.96400002,1437335442.036,,carbon_api
2025-02-11 14:30:00,blended,"Data centre facility, hyperscale, Virginia (Zhang et al. 2025)","Data centre facility, hyperscale, Virginia (Zhang et al. 2025) (blended)",101.717,286,blended,0.101717,0.8982829999999999,101.717,898.2829999999999,0.0,,592622460.2450647,3,1600092000.0,162756557.96400002,1437335442.036,,carbon_api
2025-02-11 15:00:00,blended,"Data centre facility, hyperscale, Virginia (Zhang et al. 2025)","Data centre facility, hyperscale, Virginia (Zhang et al. 2025) (blended)",95.872,288,blended,0.095872,0.904128,95.872,904.128,0.0,,600878942.2289859,3,1600092000.0,153404020.224,1446687979.776,,carbon_api
2025-02-11 15:30:00,blended,"Data centre facility, hyperscale, Virginia (Zhang et al. 2025)","Data centre facility, hyperscale, Virginia (Zhang et al. 2025) (blended)",95.872,288,blended,0.095872,0.904128,95.872,904.128,0.0,,599314974.7549008,3,1600092000.0,153404020.224,1446687979.776,,carbon_api
2025-02-11 16:00:00,blended,"Data centre facility, hyperscale, Virginia (Zhang et al. 2025)","Data centre facility, hyperscale, Virginia (Zhang et al. 2025) (blended)",115.212,287,blended,0.11521200000000001,0.884788,115.212,884.788,0.0,,583720414.4581392,3,1600092000.0,184349799.504,1415742200.496,,carbon_api
2025-02-11 16:30:00,blended,"Data centre facility, hyperscale, Virginia (Zhang et al. 2025)","Data centre facility, hyperscale, Virginia (Zhang et al. 2025) (blended)",115.212,290,blended,0.11521200000000001,0.884788,115.212,884.788,0.0,,579613262.8721876,3,1600092000.0,184349799.504,1415742200.496,,carbon_api
2025-02-11 17:00:00,blended,"Data centre facility, hyperscale, Virginia (Zhang et al. 2025)","Data centre facility, hyperscale, Virginia (Zhang et al. 2025) (blended)",144.427,290,blended,0.144427,0.855573,144.427,855.573,0.0,,562349399.1559795,3,1600092000.0,231096487.284,1368995512.716,,carbon_api
2025-02-11 17:30:00,blended,"Data centre facility, hyperscale, Virginia (Zhang et al. 2025)","Data centre facility, hyperscale, Virginia (Zhang et al. 2025) (blended)",144.427,289,blended,0.144427,0.855573,144.427,855.573,0.0,,569249676.1218182,3,1600092000.0,231096487.284,1368995512.716,,carbon_api
2025-02-11 18:00:00,blended,"Data centre facility, hyperscale, Virginia (Zhang et al. 2025)","Data centre facility, hyperscale, Virginia (Zhang et al. 2025) (blended)",158.049,289,blended,0.158049,0.841951,158.049,841.951,0.0,,561799920.1716063,3,1600092000.0,252892940.508,1347199059.492,,carbon_api
2025-02-11 18:30:00,blended,"Data centre facility, hyperscale, Virginia (Zhang et al. 2025)","Data centre facility, hyperscale, Virginia (Zhang et al. 2025) (blended)",158.049,282,blended,0.158049,0.841951,158.049,841.951,0.0,,568077302.5583926,3,1600092000.0,252892940.508,1347199059.492,,carbon_api
2025-02-11 19:00:00,blended,"Data centre facility, hyperscale, Virginia (Zhang et al. 2025)","Data centre facility, hyperscale, Virginia (Zhang et al. 2025) (blended)",161.501,277,blended,0.161501,0.838499,161.501,838.499,0.0,,555493462.7991469,3,1600092000.0,258416458.092,1341675541.908,,carbon_api
2025-02-11 19:30:00,blended,"Data centre facility, hyperscale, Virginia (Zhang et al. 2025)","Data centre facility, hyperscale, Virginia (Zhang et al. 2025) (blended)",161.501,292,blended,0.161501,0.838499,161.501,838.499,0.0,,566705302.3871264,3,1600092000.0,258416458.092,1341675541.908,,carbon_api
2025-02-11 20:00:00,blended,"Data centre facility, hyperscale, Virginia (Zhang et al. 2025)","Data centre facility, hyperscale, Virginia (Zhang et al. 2025) (blended)",159.401,294,blended,0.15940100000000001,0.840599,159.401,840.5989999999999,0.0,,571419857.9571704,3,1600092000.0,255056264.89200002,1345035735.108,,carbon_api
2025-02-11 20:30:00,blended,"Data centre facility, hyperscale, Virginia (Zhang et al. 2025)","Data centre facility, hyperscale, Virginia (Zhang et al. 2025) (blended)",159.401,275,blended,0.15940100000000001,0.840599,159.401,840.5989999999999,0.0,,554757219.830369,3,1600092000.0,255056264.89200002,1345035735.108,,carbon_api
2025-02-11 21:00:00,blended,"Data centre facility, hyperscale, Virginia (Zhang et al. 2025)","Data centre facility, hyperscale, Virginia (Zhang et al. 2025) (blended)",156.42,263,blended,0.15641999999999998,0.84358,156.42,843.58,0.0,,530538373.4465667,3,1600092000.0,250286390.63999996,1349805609.36,,carbon_api
2025-02-11 21:30:00,blended,"Data centre facility, hyperscale, Virginia (Zhang et al. 2025)","Data centre facility, hyperscale, Virginia (Zhang et al. 2025) (blended)",156.42,255,blended,0.15641999999999998,0.84358,156.42,843.58,0.0,,503780900.62762547,3,1600092000.0,250286390.63999996,1349805609.36,,carbon_api
2025-02-11 22:00:00,blended,"Data centre facility, hyperscale, Virginia (Zhang et al. 2025)","Data centre facility, hyperscale, Virginia (Zhang et al. 2025) (blended)",144.462,251,blended,0.14446199999999998,0.855538,144.462,855.538,0.0,,512538452.2060482,3,1600092000.0,231152490.50399998,1368939509.496,,carbon_api
2025-02-11 22:30:00,blended,"Data centre facility, hyperscale, Virginia (Zhang et al. 2025)","Data centre facility, hyperscale, Virginia (Zhang et al. 2025) (blended)",144.462,198,blended,0.14446199999999998,0.855538,144.462,855.538,0.0,,465347085.30659604,3,1600092000.0,231152490.50399998,1368939509.496,,carbon_api
2025-02-11 23:00:00,blended,"Data centre facility, hyperscale, Virginia (Zhang et al. 2025)","Data centre facility, hyperscale, Virginia (Zhang et al. 2025) (blended)",127.504,187,blended,0.127504,0.8724959999999999,127.504,872.496,0.0,,456042553.2293967,3,1600092000.0,204018130.368,1396073869.632,,carbon_api
2025-02-11 23:30:00,blended,"Data centre facility, hyperscale, Virginia (Zhang et al. 2025)","Data centre facility, hyperscale, Virginia (Zhang et al. 2025) (blended)",127.504,178,blended,0.127504,0.8724959999999999,127.504,872.496,0.0,,453490548.23922104,3,1600092000.0,204018130.368,1396073869.632,,carbon_api
2025-02-12 00:00:00,blended,"Data centre facility, hyperscale, Virginia (Zhang et al. 2025)","Data centre facility, hyperscale, Virginia (Zhang et al. 2025) (blended)",118.346,175,blended,0.118346,0.8816539999999999,118.346,881.6539999999999,0.0,,458900051.3377062,3,1600092000.0,189364487.83200002,1410727512.168,,carbon_api
2025-02-12 00:30:00,blended,"Data centre facility, hyperscale, Virginia (Zhang et al. 2025)","Data centre facility, hyperscale, Virginia (Zhang et al. 2025) (blended)",118.346,169,blended,0.118346,0.8816539999999999,118.346,881.6539999999999,0.0,,454239922.2853689,3,1600092000.0,189364487.83200002,1410727512.168,,carbon_api
2025-02-12 01:00:00,blended,"Data centre facility, hyperscale, Virginia (Zhang et al. 2025)","Data centre facility, hyperscale, Virginia (Zhang et al. 2025) (blended)",123.953,163,blended,0.12395300000000001,0.876047,123.953,876.047,0.0,,452958887.8340813,3,1600092000.0,198336203.676,1401755796.3240001,,carbon_api
2025-02-12 01:30:00,blended,"Data centre facility, hyperscale, Virginia (Zhang et al. 2025)","Data centre facility, hyperscale, Virginia (Zhang et al. 2025) (blended)",123.953,148,blended,0.12395300000000001,0.876047,123.953,876.047,0.0,,443899101.2404925,3,1600092000.0,198336203.676,1401755796.3240001,,carbon_api
2025-02-12 02:00:00,blended,"Data centre facility, hyperscale, Virginia (Zhang et al. 2025)","Data centre facility, hyperscale, Virginia (Zhang et al. 2025) (blended)",137.828,149,blended,0.137828,0.8621719999999999,137.828,862.1719999999999,0.0,,436879070.0512499,3,1600092000.0,220537480.176,1379554519.824,,carbon_api
2025-02-12 02:30:00,blended,"Data centre facility, hyperscale, Virginia (Zhang et al. 2025)","Data centre facility, hyperscale, Virginia (Zhang et al. 2025) (blended)",137.828,147,blended,0.137828,0.8621719999999999,137.828,862.1719999999999,0.0,,419729420.8998001,3,1600092000.0,220537480.176,1379554519.824,,carbon_api
2025-02-12 03:00:00,blended,"Data centre facility, hyperscale, Virginia (Zhang et al. 2025)","Data centre facility, hyperscale, Virginia (Zhang et al. 2025) (blended)",151.008,150,blended,0.151008,0.848992,151.008,848.992,0.0,,410427327.2686863,3,1600092000.0,241626692.736,1358465307.264,,carbon_api
2025-02-12 03:30:00,blended,"Data centre facility, hyperscale, Virginia (Zhang et al. 2025)","Data centre facility, hyperscale, Virginia (Zhang et al. 2025) (blended)",151.008,172,blended,0.151008,0.848992,151.008,848.992,0.0,,408676426.28682053,3,1600092000.0,241626692.736,1358465307.264,,carbon_api
2025-02-12 04:00:00,blended,"Data centre facility, hyperscale, Virginia (Zhang et al. 2025)","Data centre facility, hyperscale, Virginia (Zhang et al. 2025) (blended)",158.311,187,blended,0.158311,0.841689,158.311,841.689,0.0,,423876971.07392746,3,1600092000.0,253312164.61200002,1346779835.388,,carbon_api
2025-02-12 04:30:00,blended,"Data centre facility, hyperscale, Virginia (Zhang et al. 2025)","Data centre facility, hyperscale, Virginia (Zhang et al. 2025) (blended)",158.311,256,blended,0.158311,0.841689,158.311,841.689,0.0,,493753970.93488336,3,1600092000.0,253312164.61200002,1346779835.388,,carbon_api
2025-02-12 05:00:00,blended,"Data centre facility, hyperscale, Virginia (Zhang et al. 2025)","Data centre facility, hyperscale, Virginia (Zhang et al. 2025) (blended)",162.495,270,blended,0.162495,0.8375049999999999,162.495,837.505,0.0,,519615188.1590388,3,1600092000.0,260006949.54,1340085050.4599998,,carbon_api
2025-02-12 05:30:00,blended,"Data centre facility, hyperscale, Virginia (Zhang et al. 2025)","Data centre facility, hyperscale, Virginia (Zhang et al. 2025) (blended)",162.495,282,blended,0.162495,0.8375049999999999,162.495,837.505,0.0,,556595454.8769033,3,1600092000.0,260006949.54,1340085050.4599998,,carbon_api
2025-02-12 06:00:00,blended,"Data centre facility, hyperscale, Virginia (Zhang et al. 2025)","Data centre facility, hyperscale, Virginia (Zhang et al. 2025) (blended)",162.226,294,blended,0.162226,0.837774,162.226,837.774,0.0,,581241694.8991051,3,1600092000.0,259576524.79200003,1340515475.208,,carbon_api
2025-02-12 06:30:00,blended,"Data centre facility, hyperscale, Virginia (Zhang et al. 2025)","Data centre facility, hyperscale, Virginia (Zhang et al. 2025) (blended)",162.226,297,blended,0.162226,0.837774,162.226,837.774,0.0,,608402621.3969679,3,1600092000.0,259576524.79200003,1340515475.208,,carbon_api
2025-02-12 07:00:00,blended,"Data centre facility, hyperscale, Virginia (Zhang et al. 2025)","Data centre facility, hyperscale, Virginia (Zhang et al. 2025) (blended)",149.01,300,blended,0.14901,0.85099,149.01,850.99,0.0,,622265059.9003301,3,1600092000.0,238429708.92000002,1361662291.08,,carbon_api
2025-02-12 07:30:00,blended,"Data centre facility, hyperscale, Virginia (Zhang et al. 2025)","Data centre facility, hyperscale, Virginia (Zhang et al. 2025) (blended)",149.01,279,blended,0.14901,0.85099,149.01,850.99,0.0,,605471070.3785678,3,1600092000.0,238429708.92000002,1361662291.08,,carbon_api
2025-02-12 08:00:00,blended,"Data centre facility, hyperscale, Virginia (Zhang et al. 2025)","Data centre facility, hyperscale, Virginia (Zhang et al. 2025) (blended)",108.912,274,blended,0.10891200000000001,0.891088,108.912,891.088,0.0,,623355075.6244332,3,1600092000.0,174269219.904,1425822780.096,,carbon_api
2025-02-12 08:30:00,blended,"Data centre facility, hyperscale, Virginia (Zhang et al. 2025)","Data centre facility, hyperscale, Virginia (Zhang et al. 2025) (blended)",108.912,261,blended,0.10891200000000001,0.891088,108.912,891.088,0.0,,607038674.2062876,3,1600092000.0,174269219.904,1425822780.096,,carbon_api
2025-02-12 09:00:00,blended,"Data centre facility, hyperscale, Virginia (Zhang et al. 2025)","Data centre facility, hyperscale, Virginia (Zhang et al. 2025) (blended)",97.607,258,blended,0.097607,0.902393,97.607,902.393,0.0,,609788842.503368,3,1600092000.0,156180179.844,1443911820.156,,carbon_api
2025-02-12 09:30:00,blended,"Data centre facility, hyperscale, Virginia (Zhang et al. 2025)","Data centre facility, hyperscale, Virginia (Zhang et al. 2025) (blended)",97.607,252,blended,0.097607,0.902393,97.607,902.393,0.0,,601675266.479817,3,1600092000.0,156180179.844,1443911820.156,,carbon_api
2025-02-12 10:00:00,blended,"Data centre facility, hyperscale, Virginia (Zhang et al. 2025)","Data centre facility, hyperscale, Virginia (Zhang et al. 2025) (blended)",118.051,253,blended,0.118051,0.881949,118.051,881.949,0.0,,591046344.4022814,3,1600092000.0,188892460.692,1411199539.308,,carbon_api
2025-02-12 10:30:00,blended,"Data centre facility, hyperscale, Virginia (Zhang et al. 2025)","Data centre facility, hyperscale, Virginia (Zhang et al. 2025) (blended)",118.051,253,blended,0.118051,0.881949,118.051,881.949,0.0,,591099368.365895,3,1600092000.0,188892460.692,1411199539.308,,carbon_api
2025-02-12 11:00:00,blended,"Data centre facility, hyperscale, Virginia (Zhang et al. 2025)","Data centre facility, hyperscale, Virginia (Zhang et al. 2025) (blended)",113.285,251,blended,0.113285,0.886715,113.285,886.715,0.0,,590705324.3805896,3,1600092000.0,181266422.22,1418825577.78,,carbon_api
2025-02-12 11:30:00,blended,"Data centre facility, hyperscale, Virginia (Zhang et al. 2025)","Data centre facility, hyperscale, Virginia (Zhang et al. 2025) (blended)",113.285,249,blended,0.113285,0.886715,113.285,886.715,0.0,,584850220.8021162,3,1600092000.0,181266422.22,1418825577.78,,carbon_api
2025-02-12 12:00:00,blended,"Data centre facility, hyperscale, Virginia (Zhang et al. 2025)","Data centre facility, hyperscale, Virginia (Zhang et al. 2025) (blended)",118.874,248,blended,0.118874,0.881126,118.874,881.126,0.0,,578802405.1371831,3,1600092000.0,190209336.408,1409882663.592,,carbon_api
2025-02-12 12:30:00,blended,"Data centre facility, hyperscale, Virginia (Zhang et al. 2025)","Data centre facility, hyperscale, Virginia (Zhang et al. 2025) (blended)",118.874,252,blended,0.118874,0.881126,118.874,881.126,0.0,,595537769.2704245,3,1600092000.0,190209336.408,1409882663.592,,carbon_api
2025-02-12 13:00:00,blended,"Data centre facility, hyperscale, Virginia (Zhang et al. 2025)","Data centre facility, hyperscale, Virginia (Zhang et al. 2025) (blended)",140.71,248,blended,0.14071,0.85929,140.71,859.29,0.0,,571657815.7245401,3,1600092000.0,225148945.32,1374943054.68,,carbon_api
2025-02-12 13:30:00,blended,"Data centre facility, hyperscale, Virginia (Zhang et al. 2025)","Data centre facility, hyperscale, Virginia (Zhang et al. 2025) (blended)",140.71,250,blended,0.14071,0.85929,140.71,859.29,0.0,,571403720.525249,3,1600092000.0,225148945.32,1374943054.68,,carbon_api
2025-02-12 14:00:00,blended,"Data centre facility, hyperscale, Virginia (Zhang et al. 2025)","Data centre facility, hyperscale, Virginia (Zhang et al. 2025) (blended)",161.883,251,blended,0.161883,0.838117,161.883,838.117,0.0,,558112984.2275652,3,1600092000.0,259027693.236,1341064306.764,,carbon_api
2025-02-12 14:30:00,blended,"Data centre facility, hyperscale, Virginia (Zhang et al. 2025)","Data centre facility, hyperscale, Virginia (Zhang et al. 2025) (blended)",161.883,268,blended,0.161883,0.838117,161.883,838.117,0.0,,578056490.3858843,3,1600092000.0,259027693.236,1341064306.764,,carbon_api
2025-02-12 15:00:00,blended,"Data centre facility, hyperscale, Virginia (Zhang et al. 2025)","Data centre facility, hyperscale, Virginia (Zhang et al. 2025) (blended)",154.485,266,blended,0.154485,0.845515,154.485,845.515,0.0,,575632622.029481,3,1600092000.0,247190212.62,1352901787.38,,carbon_api
2025-02-12 15:30:00,blended,"Data centre facility, hyperscale, Virginia (Zhang et al. 2025)","Data centre facility, hyperscale, Virginia (Zhang et al. 2025) (blended)",154.485,269,blended,0.154485,0.845515,154.485,845.515,0.0,,578380254.0587739,3,1600092000.0,247190212.62,1352901787.38,,carbon_api
2025-02-12 16:00:00,blended,"Data centre facility, hyperscale, Virginia (Zhang et al. 2025)","Data centre facility, hyperscale, Virginia (Zhang et al. 2025) (blended)",187.61,268,blended,0.18761000000000003,0.81239,187.61,812.39,0.0,,554039608.6141449,3,1600092000.0,300193260.12000006,1299898739.8799999,,carbon_api
2025-02-12 16:30:00,blended,"Data centre facility, hyperscale, Virginia (Zhang et al. 2025)","Data centre facility, hyperscale, Virginia (Zhang et al. 2025) (blended)",187.61,272,blended,0.18761000000000003,0.81239,187.61,812.39,0.0,,557821466.6173962,3,1600092000.0,300193260.12000006,1299898739.8799999,,carbon_api
2025-02-12 17:00:00,blended,"Data centre facility, hyperscale, Virginia (Zhang et al. 2025)","Data centre facility, hyperscale, Virginia (Zhang et al. 2025) (blended)",259.94,265,blended,0.25994,0.7400599999999999,259.94,740.06,0.0,,499310930.4267911,3,1600092000.0,415927914.48,1184164085.52,,carbon_api
2025-02-12 17:30:00,blended,"Data centre facility, hyperscale, Virginia (Zhang et al. 2025)","Data centre facility, hyperscale, Virginia (Zhang et al. 2025) (blended)",259.94,261,blended,0.25994,0.7400599999999999,259.94,740.06,0.0,,491217476.69239044,3,1600092000.0,415927914.48,1184164085.52,,carbon_api
2025-02-12 18:00:00,blended,"Data centre facility, hyperscale, Virginia (Zhang et al. 2025)","Data centre facility, hyperscale, Virginia (Zhang et al. 2025) (blended)",315.285,262,blended,0.31528500000000004,0.684715,315.285,684.7149999999999,0.0,,458032580.03615093,3,1600092000.0,504485006.2200001,1095606993.78,,carbon_api
2025-02-12 18:30:00,blended,"Data centre facility, hyperscale, Virginia (Zhang et al. 2025)","Data centre facility, hyperscale, Virginia (Zhang et al. 2025) (blended)",315.285,261,blended,0.31528500000000004,0.684715,315.285,684.7149999999999,0.0,,455003862.903007,3,1600092000.0,504485006.2200001,1095606993.78,,carbon_api
2025-02-12 19:00:00,blended,"Data centre facility, hyperscale, Virginia (Zhang et al. 2025)","Data centre facility, hyperscale, Virginia (Zhang et al. 2025) (blended)",334.151,259,blended,0.33415100000000003,0.6658489999999999,334.151,665.8489999999999,0.0,,440098884.83741814,3,1600092000.0,534672341.8920001,1065419658.1079998,,carbon_api
2025-02-12 19:30:00,blended,"Data centre facility, hyperscale, Virginia (Zhang et al. 2025)","Data centre facility, hyperscale, Virginia (Zhang et al. 2025) (blended)",334.151,254,blended,0.33415100000000003,0.6658489999999999,334.151,665.8489999999999,0.0,,432813693.62875,3,1600092000.0,534672341.8920001,1065419658.1079998,,carbon_api
2025-02-12 20:00:00,blended,"Data centre facility, hyperscale, Virginia (Zhang et al. 2025)","Data centre facility, hyperscale, Virginia (Zhang et al. 2025) (blended)",325.191,248,blended,0.32519099999999995,0.674809,325.191,674.809,0.0,,430377105.19227076,3,1600092000.0,520335517.5719999,1079756482.428,,carbon_api
2025-02-12 20:30:00,blended,"Data centre facility, hyperscale, Virginia (Zhang et al. 2025)","Data centre facility, hyperscale, Virginia (Zhang et al. 2025) (blended)",325.191,235,blended,0.32519099999999995,0.674809,325.191,674.809,0.0,,411560860.8599817,3,1600092000.0,520335517.5719999,1079756482.428,,carbon_api
2025-02-12 21:00:00,blended,"Data centre facility, hyperscale, Virginia (Zhang et al. 2025)","Data centre facility, hyperscale, Virginia (Zhang et al. 2025) (blended)",296.226,225,blended,0.296226,0.703774,296.226,703.774,0.0,,411486619.3587314,3,1600092000.0,473988852.792,1126103147.208,,carbon_api
2025-02-12 21:30:00,blended,"Data centre facility, hyperscale, Virginia (Zhang et al. 2025)","Data centre facility, hyperscale, Virginia (Zhang et al. 2025) (blended)",296.226,235,blended,0.296226,0.703774,296.226,703.774,0.0,,418134133.53494483,3,1600092000.0,473988852.792,1126103147.208,,carbon_api
2025-02-12 22:00:00,blended,"Data centre facility, hyperscale, Virginia (Zhang et al. 2025)","Data centre facility, hyperscale, Virginia (Zhang et al. 2025) (blended)",262.92,226,blended,0.26292000000000004,0.73708,262.92,737.0799999999999,0.0,,421830847.33528733,3,1600092000.0,420696188.64000005,1179395811.36,,carbon_api
2025-02-12 22:30:00,blended,"Data centre facility, hyperscale, Virginia (Zhang et al. 2025)","Data centre facility, hyperscale, Virginia (Zhang et al. 2025) (blended)",262.92,204,blended,0.26292000000000004,0.73708,262.92,737.0799999999999,0.0,,398668393.6355186,3,1600092000.0,420696188.64000005,1179395811.36,,carbon_api
2025-02-12 23:00:00,blended,"Data centre facility, hyperscale, Virginia (Zhang et al. 2025)","Data centre facility, hyperscale, Virginia (Zhang et al. 2025) (blended)",234.589,204,blended,0.234589,0.7654110000000001,234.589,765.4110000000001,0.0,,413380133.3109212,3,1600092000.0,375363982.18799996,1224728017.812,,carbon_api
2025-02-12 23:30:00,blended,"Data centre facility, hyperscale, Virginia (Zhang et al. 2025)","Data centre facility, hyperscale, Virginia (Zhang et al. 2025) (blended)",234.589,191,blended,0.234589,0.7654110000000001,234.589,765.4110000000001,0.0,,399613485.98978335,3,1600092000.0,375363982.18799996,1224728017.812,,carbon_api
2025-02-13 00:00:00,blended,"Data centre facility, hyperscale, Virginia (Zhang et al. 2025)","Data centre facility, hyperscale, Virginia (Zhang et al. 2025) (blended)",230.731,192,blended,0.230731,0.769269,230.731,769.269,0.0,,405106062.5484668,3,1600092000.0,369190827.252,1230901172.748,,carbon_api
2025-02-13 00:30:00,blended,"Data centre facility, hyperscale, Virginia (Zhang et al. 2025)","Data centre facility, hyperscale, Virginia (Zhang et al. 2025) (blended)",230.731,169,blended,0.230731,0.769269,230.731,769.269,0.0,,382432360.1893213,3,1600092000.0,369190827.252,1230901172.748,,carbon_api
2025-02-13 01:00:00,blended,"Data centre facility, hyperscale, Virginia (Zhang et al. 2025)","Data centre facility, hyperscale, Virginia (Zhang et al. 2025) (blended)",227.223,164,blended,0.227223,0.772777,227.223,772.777,0.0,,376300409.5975181,3,1600092000.0,363577704.51600003,1236514295.484,,carbon_api
2025-02-13 01:30:00,blended,"Data centre facility, hyperscale, Virginia (Zhang et al. 2025)","Data centre facility, hyperscale, Virginia (Zhang et al. 2025) (blended)",227.223,165,blended,0.227223,0.772777,227.223,772.777,0.0,,383161658.1847095,3,1600092000.0,363577704.51600003,1236514295.484,,carbon_api
2025-02-13 02:00:00,blended,"Data centre facility, hyperscale, Virginia (Zhang et al. 2025)","Data centre facility, hyperscale, Virginia (Zhang et al. 2025) (blended)",234.478,170,blended,0.23447800000000002,0.765522,234.478,765.522,0.0,,391023561.8905066,3,1600092000.0,375186371.976,1224905628.0240002,,carbon_api
2025-02-13 02:30:00,blended,"Data centre facility, hyperscale, Virginia (Zhang et al. 2025)","Data centre facility, hyperscale, Virginia (Zhang et al. 2025) (blended)",234.478,177,blended,0.23447800000000002,0.765522,234.478,765.522,0.0,,402776500.2040546,3,1600092000.0,375186371.976,1224905628.0240002,,carbon_api
2025-02-13 03:00:00,blended,"Data centre facility, hyperscale, Virginia (Zhang et al. 2025)","Data centre facility, hyperscale, Virginia (Zhang et al. 2025) (blended)",243.448,173,blended,0.243448,0.756552,243.448,756.552,0.0,,390786136.0253941,3,1600092000.0,389539197.216,1210552802.784,,carbon_api
2025-02-13 03:30:00,blended,"Data centre facility, hyperscale, Virginia (Zhang et al. 2025)","Data centre facility, hyperscale, Virginia (Zhang et al. 2025) (blended)",243.448,188,blended,0.243448,0.756552,243.448,756.552,0.0,,398925597.58827484,3,1600092000.0,389539197.216,1210552802.784,,carbon_api
2025-02-13 04:00:00,blended,"Data centre facility, hyperscale, Virginia (Zhang et al. 2025)","Data centre facility, hyperscale, Virginia (Zhang et al. 2025) (blended)",251.419,187,blended,0.251419,0.7485809999999999,251.419,748.5809999999999,0.0,,391992616.9098819,3,1600092000.0,402293530.548,1197798469.452,,carbon_api
2025-02-13 04:30:00,blended,"Data centre facility, hyperscale, Virginia (Zhang et al. 2025)","Data centre facility, hyperscale, Virginia (Zhang et al. 2025) (blended)",251.419,219,blended,0.251419,0.7485809999999999,251.419,748.5809999999999,0.0,,421069143.54215777,3,1600092000.0,402293530.548,1197798469.452,,carbon_api
2025-02-13 05:00:00,blended,"Data centre facility, hyperscale, Virginia (Zhang et al. 2025)","Data centre facility, hyperscale, Virginia (Zhang et al. 2025) (blended)",292.058,219,blended,0.292058,0.7079420000000001,292.058,707.9420000000001,0.0,,399023428.3582823,3,1600092000.0,467319669.33599997,1132772330.664,,carbon_api
2025-02-13 05:30:00,blended,"Data centre facility, hyperscale, Virginia (Zhang et al. 2025)","Data centre facility, hyperscale, Virginia (Zhang et al. 2025) (blended)",292.058,241,blended,0.292058,0.7079420000000001,292.058,707.9420000000001,0.0,,433230709.91044235,3,1600092000.0,467319669.33599997,1132772330.664,,carbon_api
2025-02-13 06:00:00,blended,"Data centre facility, hyperscale, Virginia (Zhang et al. 2025)","Data centre facility, hyperscale, Virginia (Zhang et al. 2025) (blended)",314.014,271,blended,0.314014,0.685986,314.014,685.986,0.0,,468820975.14488286,3,1600092000.0,502451289.28800005,1097640710.712,,carbon_api
2025-02-13 06:30:00,blended,"Data centre facility, hyperscale, Virginia (Zhang et al. 2025)","Data centre facility, hyperscale, Virginia (Zhang et al. 2025) (blended)",314.014,268,blended,0.314014,0.685986,314.014,685.986,0.0,,468289538.33197296,3,1600092000.0,502451289.28800005,1097640710.712,,carbon_api
2025-02-13 07:00:00,blended,"Data centre facility, hyperscale, Virginia (Zhang et al. 2025)","Data centre facility, hyperscale, Virginia (Zhang et al. 2025) (blended)",320.075,266,blended,0.320075,0.679925,320.075,679.925,0.0,,461419482.79203,3,1600092000.0,512149446.9,1087942553.1,,carbon_api
2025-02-13 07:30:00,blended,"Data centre facility, hyperscale, Virginia (Zhang et al. 2025)","Data centre facility, hyperscale, Virginia (Zhang et al. 2025) (blended)",320.075,251,blended,0.320075,0.679925,320.075,679.925,0.0,,450166967.33138096,3,1600092000.0,512149446.9,1087942553.1,,carbon_api
2025-02-13 08:00:00,blended,"Data centre facility, hyperscale, Virginia (Zhang et al. 2025)","Data centre facility, hyperscale, Virginia (Zhang et al. 2025) (blended)",269.241,254,blended,0.269241,0.7307589999999999,269.241,730.7589999999999,0.0,,486696016.5346645,3,1600092000.0,430810370.172,1169281629.8279998,,carbon_api
2025-02-13 08:30:00,blended,"Data centre facility, hyperscale, Virginia (Zhang et al. 2025)","Data centre facility, hyperscale, Virginia (Zhang et al. 2025) (blended)",269.241,243,blended,0.269241,0.7307589999999999,269.241,730.7589999999999,0.0,,477513877.1991711,3,1600092000.0,430810370.172,1169281629.8279998,,carbon_api
2025-02-13 09:00:00,blended,"Data centre facility, hyperscale, Virginia (Zhang et al. 2025)","Data centre facility, hyperscale, Virginia (Zhang et al. 2025) (blended)",253.123,240,blended,0.253123,0.746877,253.123,746.8770000000001,0.0,,481037395.16578776,3,1600092000.0,405020087.316,1195071912.684,,carbon_api
2025-02-13 09:30:00,blended,"Data centre facility, hyperscale, Virginia (Zhang et al. 2025)","Data centre facility, hyperscale, Virginia (Zhang et al. 2025) (blended)",253.123,255,blended,0.253123,0.746877,253.123,746.8770000000001,0.0,,497232091.2929583,3,1600092000.0,405020087.316,1195071912.684,,carbon_api
2025-02-13 10:00:00,blended,"Data centre facility, hyperscale, Virginia (Zhang et al. 2025)","Data centre facility, hyperscale, Virginia (Zhang et al. 2025) (blended)",271.997,253,blended,0.271997,0.728003,271.997,728.0029999999999,0.0,,481772404.95916677,3,1600092000.0,435220223.724,1164871776.276,,carbon_api
2025-02-13 10:30:00,blended,"Data centre facility, hyperscale, Virginia (Zhang et al. 2025)","Data centre facility, hyperscale, Virginia (Zhang et al. 2025) (blended)",271.997,252,blended,0.271997,0.728003,271.997,728.0029999999999,0.0,,481240052.3684188,3,1600092000.0,435220223.724,1164871776.276,,carbon_api
2025-02-13 11:00:00,blended,"Data centre facility, hyperscale, Virginia (Zhang et al. 2025)","Data centre facility, hyperscale, Virginia (Zhang et al. 2025) (blended)",220.195,255,blended,0.220195,0.779805,220.195,779.805,0.0,,519512940.06644785,3,1600092000.0,352332257.94,1247759742.06,,carbon_api
2025-02-13 11:30:00,blended,"Data centre facility, hyperscale, Virginia (Zhang et al. 2025)","Data centre facility, hyperscale, Virginia (Zhang et al. 2025) (blended)",220.195,247,blended,0.220195,0.779805,220.195,779.805,0.0,,515824857.2997606,3,1600092000.0,352332257.94,1247759742.06,,carbon_api
2025-02-13 12:00:00,blended,"Data centre facility, hyperscale, Virginia (Zhang et al. 2025)","Data centre facility, hyperscale, Virginia (Zhang et al. 2025) (blended)",174.049,245,blended,0.174049,0.825951,174.049,825.951,0.0,,539199457.280301,3,1600092000.0,278494412.508,1321597587.492,,carbon_api
2025-02-13 12:30:00,blended,"Data centre facility, hyperscale, Virginia (Zhang et al. 2025)","Data centre facility, hyperscale, Virginia (Zhang et al. 2025) (blended)",174.049,243,blended,0.174049,0.825951,174.049,825.951,0.0,,542417274.174391,3,1600092000.0,278494412.508,1321597587.492,,carbon_api
2025-02-13 13:00:00,blended,"Data centre facility, hyperscale, Virginia (Zhang et al. 2025)","Data centre facility, hyperscale, Virginia (Zhang et al. 2025) (blended)",151.906,245,blended,0.151906,0.848094,151.906,848.094,0.0,,555135363.2854953,3,1600092000.0,243063575.35200003,1357028424.648,,carbon_api
2025-02-13 13:30:00,blended,"Data centre facility, hyperscale, Virginia (Zhang et al. 2025)","Data centre facility, hyperscale, Virginia (Zhang et al. 2025) (blended)",151.906,246,blended,0.151906,0.848094,151.906,848.094,0.0,,557495302.9722531,3,1600092000.0,243063575.35200003,1357028424.648,,carbon_api
2025-02-13 14:00:00,blended,"Data centre facility, hyperscale, Virginia (Zhang et al. 2025)","Data centre facility, hyperscale, Virginia (Zhang et al. 2025) (blended)",147.031,249,blended,0.147031,0.852969,147.031,852.9689999999999,0.0,,567303641.2292987,3,1600092000.0,235263126.852,1364828873.148,,carbon_api
2025-02-13 14:30:00,blended,"Data centre facility, hyperscale, Virginia (Zhang et al. 2025)","Data centre facility, hyperscale, Virginia (Zhang et al. 2025) (blended)",147.031,247,blended,0.147031,0.852969,147.031,852.9689999999999,0.0,,565195016.028775,3,1600092000.0,235263126.852,1364828873.148,,carbon_api
2025-02-13 15:00:00,blended,"Data centre facility, hyperscale, Virginia (Zhang et al. 2025)","Data centre facility, hyperscale, Virginia (Zhang et al. 2025) (blended)",154.706,252,blended,0.15470599999999998,0.845294,154.706,845.294,0.0,,564947879.0013648,3,1600092000.0,247543832.95199996,1352548167.048,,carbon_api
2025-02-13 15:30:00,blended,"Data centre facility, hyperscale, Virginia (Zhang et al. 2025)","Data centre facility, hyperscale, Virginia (Zhang et al. 2025) (blended)",154.706,254,blended,0.15470599999999998,0.845294,154.706,845.294,0.0,,564395667.6371418,3,1600092000.0,247543832.95199996,1352548167.048,,carbon_api
2025-02-13 16:00:00,blended,"Data centre facility, hyperscale, Virginia (Zhang et al. 2025)","Data centre facility, hyperscale, Virginia (Zhang et al. 2025) (blended)",205.861,253,blended,0.205861,0.794139,205.861,794.139,0.0,,530622710.5415187,3,1600092000.0,329396539.21199995,1270695460.788,,carbon_api
2025-02-13 16:30:00,blended,"Data centre facility, hyperscale, Virginia (Zhang et al. 2025)","Data centre facility, hyperscale, Virginia (Zhang et al. 2025) (blended)",205.861,278,blended,0.205861,0.794139,205.861,794.139,0.0,,555766618.0269289,3,1600092000.0,329396539.21199995,1270695460.788,,carbon_api
2025-02-13 17:00:00,blended,"Data centre facility, hyperscale, Virginia (Zhang et al. 2025)","Data centre facility, hyperscale, Virginia (Zhang et al. 2025) (blended)",289.672,275,blended,0.28967200000000004,0.710328,289.672,710.328,0.0,,497072618.7144312,3,1600092000.0,463501849.82400006,1136590150.1759999,,carbon_api
2025-02-13 17:30:00,blended,"Data centre facility, hyperscale, Virginia (Zhang et al. 2025)","Data centre facility, hyperscale, Virginia (Zhang et al. 2025) (blended)",289.672,282,blended,0.28967200000000004,0.710328,289.672,710.328,0.0,,501496007.35004395,3,1600092000.0,463501849.82400006,1136590150.1759999,,carbon_api
2025-02-13 18:00:00,blended,"Data centre facility, hyperscale, Virginia (Zhang et al. 2025)","Data centre facility, hyperscale, Virginia (Zhang et al. 2025) (blended)",343.242,283,blended,0.343242,0.656758,343.242,656.7579999999999,0.0,,467801099.6366991,3,1600092000.0,549218778.2639999,1050873221.736,,carbon_api
2025-02-13 18:30:00,blended,"Data centre facility, hyperscale, Virginia (Zhang et al. 2025)","Data centre facility, hyperscale, Virginia (Zhang et al. 2025) (blended)",343.242,282,blended,0.343242,0.656758,343.242,656.7579999999999,0.0,,463415530.1221602,3,1600092000.0,549218778.2639999,1050873221.736,,carbon_api
2025-02-13 19:00:00,blended,"Data centre facility, hyperscale, Virginia (Zhang et al. 2025)","Data centre facility, hyperscale, Virginia (Zhang et al. 2025) (blended)",364.281,283,blended,0.364281,0.6357189999999999,364.281,635.7189999999999,0.0,,451146977.8658126,3,1600092000.0,582883113.852,1017208886.1479999,,carbon_api
2025-02-13 19:30:00,blended,"Data centre facility, hyperscale, Virginia (Zhang et al. 2025)","Data centre facility, hyperscale, Virginia (Zhang et al. 2025) (blended)",364.281,285,blended,0.364281,0.6357189999999999,364.281,635.7189999999999,0.0,,451623084.9039454,3,1600092000.0,582883113.852,1017208886.1479999,,carbon_api
2025-02-13 20:00:00,blended,"Data centre facility, hyperscale, Virginia (Zhang et al. 2025)","Data centre facility, hyperscale, Virginia (Zhang et al. 2025) (blended)",357.672,280,blended,0.35767200000000005,0.642328,357.672,642.328,0.0,,448726931.3275428,3,1600092000.0,572308105.8240001,1027783894.176,,carbon_api
2025-02-13 20:30:00,blended,"Data centre facility, hyperscale, Virginia (Zhang et al. 2025)","Data centre facility, hyperscale, Virginia (Zhang et al. 2025) (blended)",357.672,270,blended,0.35767200000000005,0.642328,357.672,642.328,0.0,,431652490.91602826,3,1600092000.0,572308105.8240001,1027783894.176,,carbon_api
2025-02-13 21:00:00,blended,"Data centre facility, hyperscale, Virginia (Zhang et al. 2025)","Data centre facility, hyperscale, Virginia (Zhang et al. 2025) (blended)",348.487,262,blended,0.34848700000000005,0.651513,348.487,651.513,0.0,,425299640.7019143,3,1600092000.0,557611260.804,1042480739.196,,carbon_api
2025-02-13 21:30:00,blended,"Data centre facility, hyperscale, Virginia (Zhang et al. 2025)","Data centre facility, hyperscale, Virginia (Zhang et al. 2025) (blended)",348.487,266,blended,0.34848700000000005,0.651513,348.487,651.513,0.0,,433394071.72224647,3,1600092000.0,557611260.804,1042480739.196,,carbon_api
2025-02-13 22:00:00,blended,"Data centre facility, hyperscale, Virginia (Zhang et al. 2025)","Data centre facility, hyperscale, Virginia (Zhang et al. 2025) (blended)",342.906,264,blended,0.342906,0.6570940000000001,342.906,657.094,0.0,,434373294.59329325,3,1600092000.0,548681147.352,1051410852.6480001,,carbon_api
2025-02-13 22:30:00,blended,"Data centre facility, hyperscale, Virginia (Zhang et al. 2025)","Data centre facility, hyperscale, Virginia (Zhang et al. 2025) (blended)",342.906,249,blended,0.342906,0.6570940000000001,342.906,657.094,0.0,,423822602.46404994,3,1600092000.0,548681147.352,1051410852.6480001,,carbon_api
2025-02-13 23:00:00,blended,"Data centre facility, hyperscale, Virginia (Zhang et al. 2025)","Data centre facility, hyperscale, Virginia (Zhang et al. 2025) (blended)",336.724,242,blended,0.33672399999999997,0.663276,336.724,663.276,0.0,,420341419.7456304,3,1600092000.0,538789378.6079999,1061302621.392,,carbon_api
2025-02-13 23:30:00,blended,"Data centre facility, hyperscale, Virginia (Zhang et al. 2025)","Data centre facility, hyperscale, Virginia (Zhang et al. 2025) (blended)",336.724,219,blended,0.33672399999999997,0.663276,336.724,663.276,0.0,,405587189.67035586,3,1600092000.0,538789378.6079999,1061302621.392,,carbon_api
2025-02-14 00:00:00,blended,"Data centre facility, hyperscale, Virginia (Zhang et al. 2025)","Data centre facility, hyperscale, Virginia (Zhang et al. 2025) (blended)",339.773,215,blended,0.33977300000000005,0.6602269999999999,339.773,660.2269999999999,0.0,,399204682.8128299,3,1600092000.0,543668059.116,1056423940.8839998,,carbon_api
2025-02-14 00:30:00,blended,"Data centre facility, hyperscale, Virginia (Zhang et al. 2025)","Data centre facility, hyperscale, Virginia (Zhang et al. 2025) (blended)",339.773,212,blended,0.33977300000000005,0.6602269999999999,339.773,660.2269999999999,0.0,,397327037.8958102,3,1600092000.0,543668059.116,1056423940.8839998,,carbon_api
2025-02-14 01:00:00,blended,"Data centre facility, hyperscale, Virginia (Zhang et al. 2025)","Data centre facility, hyperscale, Virginia (Zhang et al. 2025) (blended)",353.96,209,blended,0.35396,0.64604,353.96,646.04,0.0,,388065608.0300808,3,1600092000.0,566368564.32,1033723435.68,,carbon_api
2025-02-14 01:30:00,blended,"Data centre facility, hyperscale, Virginia (Zhang et al. 2025)","Data centre facility, hyperscale, Virginia (Zhang et al. 2025) (blended)",353.96,187,blended,0.35396,0.64604,353.96,646.04,0.0,,365797093.61817306,3,1600092000.0,566368564.32,1033723435.68,,carbon_api
2025-02-14 02:00:00,blended,"Data centre facility, hyperscale, Virginia (Zhang et al. 2025)","Data centre facility, hyperscale, Virginia (Zhang et al. 2025) (blended)",370.531,177,blended,0.370531,0.6294690000000001,370.531,629.469,0.0,,346290651.14339495,3,1600092000.0,592883688.852,1007208311.1480001,,carbon_api
2025-02-14 02:30:00,blended,"Data centre facility, hyperscale, Virginia (Zhang et al. 2025)","Data centre facility, hyperscale, Virginia (Zhang et al. 2025) (blended)",370.531,167,blended,0.370531,0.6294690000000001,370.531,629.469,0.0,,332986740.48602843,3,1600092000.0,592883688.852,1007208311.1480001,,carbon_api
2025-02-14 03:00:00,blended,"Data centre facility, hyperscale, Virginia (Zhang et al. 2025)","Data centre facility, hyperscale, Virginia (Zhang et al. 2025) (blended)",395.066,162,blended,0.395066,0.6049340000000001,395.066,604.9340000000001,0.0,,316370540.53316,3,1600092000.0,632141946.0719999,967950053.9280001,,carbon_api
2025-02-14 03:30:00,blended,"Data centre facility, hyperscale, Virginia (Zhang et al. 2025)","Data centre facility, hyperscale, Virginia (Zhang et al. 2025) (blended)",395.066,168,blended,0.395066,0.6049340000000001,395.066,604.9340000000001,0.0,,315946487.62289697,3,1600092000.0,632141946.0719999,967950053.9280001,,carbon_api
2025-02-14 04:00:00,blended,"Data centre facility, hyperscale, Virginia (Zhang et al. 2025)","Data centre facility, hyperscale, Virginia (Zhang et al. 2025) (blended)",404.395,168,blended,0.404395,0.5956049999999999,404.395,595.6049999999999,0.0,,308079354.46610343,3,1600092000.0,647069204.34,953022795.6599998,,carbon_api
2025-02-14 04:30:00,blended,"Data centre facility, hyperscale, Virginia (Zhang et al. 2025)","Data centre facility, hyperscale, Virginia (Zhang et al. 2025) (blended)",404.395,218,blended,0.404395,0.5956049999999999,404.395,595.6049999999999,0.0,,345377289.5539366,3,1600092000.0,647069204.34,953022795.6599998,,carbon_api
2025-02-14 05:00:00,blended,"Data centre facility, hyperscale, Virginia (Zhang et al. 2025)","Data centre facility, hyperscale, Virginia (Zhang et al. 2025) (blended)",411.692,223,blended,0.411692,0.588308,411.692,588.3080000000001,0.0,,346115351.74939823,3,1600092000.0,658745075.664,941346924.3360001,,carbon_api
2025-02-14 05:30:00,blended,"Data centre facility, hyperscale, Virginia (Zhang et al. 2025)","Data centre facility, hyperscale, Virginia (Zhang et al. 2025) (blended)",411.692,248,blended,0.411692,0.588308,411.692,588.3080000000001,0.0,,376251196.4535844,3,1600092000.0,658745075.664,941346924.3360001,,carbon_api
2025-02-14 06:00:00,blended,"Data centre facility, hyperscale, Virginia (Zhang et al. 2025)","Data centre facility, hyperscale, Virginia (Zhang et al. 2025) (blended)",422.307,265,blended,0.42230700000000004,0.577693,422.307,577.693,0.0,,392942629.5982622,3,1600092000.0,675730052.2440001,924361947.756,,carbon_api
2025-02-14 06:30:00,blended,"Data centre facility, hyperscale, Virginia (Zhang et al. 2025)","Data centre facility, hyperscale, Virginia (Zhang et al. 2025) (blended)",422.307,273,blended,0.42230700000000004,0.577693,422.307,577.693,0.0,,404752606.86623347,3,1600092000.0,675730052.2440001,924361947.756,,carbon_api
2025-02-14 07:00:00,blended,"Data centre facility, hyperscale, Virginia (Zhang et al. 2025)","Data centre facility, hyperscale, Virginia (Zhang et al. 2025) (blended)",425.037,274,blended,0.425037,0.574963,425.037,574.963,0.0,,405414325.9930265,3,1600092000.0,680098303.404,919993696.596,,carbon_api
2025-02-14 07:30:00,blended,"Data centre facility, hyperscale, Virginia (Zhang et al. 2025)","Data centre facility, hyperscale, Virginia (Zhang et al. 2025) (blended)",425.037,246,blended,0.425037,0.574963,425.037,574.963,0.0,,387366115.2924652,3,1600092000.0,680098303.404,919993696.596,,carbon_api
2025-02-14 08:00:00,blended,"Data centre facility, hyperscale, Virginia (Zhang et al. 2025)","Data centre facility, hyperscale, Virginia (Zhang et al. 2025) (blended)",361.601,236,blended,0.361601,0.6383989999999999,361.601,638.3989999999999,0.0,,412729802.33800393,3,1600092000.0,578594867.292,1021497132.708,,carbon_api
2025-02-14 08:30:00,blended,"Data centre facility, hyperscale, Virginia (Zhang et al. 2025)","Data centre facility, hyperscale, Virginia (Zhang et al. 2025) (blended)",361.601,227,blended,0.361601,0.6383989999999999,361.601,638.3989999999999,0.0,,400239665.7091977,3,1600092000.0,578594867.292,1021497132.708,,carbon_api
2025-02-14 09:00:00,blended,"Data centre facility, hyperscale, Virginia (Zhang et al. 2025)","Data centre facility, hyperscale, Virginia (Zhang et al. 2025) (blended)",364.274,228,blended,0.364274,0.635726,364.274,635.726,0.0,,399351258.55630547,3,1600092000.0,582871913.208,1017220086.792,,carbon_api
2025-02-14 09:30:00,blended,"Data centre facility, hyperscale, Virginia (Zhang et al. 2025)","Data centre facility, hyperscale, Virginia (Zhang et al. 2025) (blended)",364.274,225,blended,0.364274,0.635726,364.274,635.726,0.0,,395524814.7856161,3,1600092000.0,582871913.208,1017220086.792,,carbon_api
2025-02-14 10:00:00,blended,"Data centre facility, hyperscale, Virginia (Zhang et al. 2025)","Data centre facility, hyperscale, Virginia (Zhang et al. 2025) (blended)",444.248,220,blended,0.444248,0.555752,444.248,555.7520000000001,0.0,,346409328.80281496,3,1600092000.0,710837670.816,889254329.184,,carbon_api
2025-02-14 10:30:00,blended,"Data centre facility, hyperscale, Virginia (Zhang et al. 2025)","Data centre facility, hyperscale, Virginia (Zhang et al. 2025) (blended)",444.248,214,blended,0.444248,0.555752,444.248,555.7520000000001,0.0,,339038572.9505466,3,1600092000.0,710837670.816,889254329.184,,carbon_api
2025-02-14 11:00:00,blended,"Data centre facility, hyperscale, Virginia (Zhang et al. 2025)","Data centre facility, hyperscale, Virginia (Zhang et al. 2025) (blended)",444.26,207,blended,0.44426,0.55574,444.26,555.74,0.0,,331779430.55352,3,1600092000.0,710856871.92,889235128.08,,carbon_api
2025-02-14 11:30:00,blended,"Data centre facility, hyperscale, Virginia (Zhang et al. 2025)","Data centre facility, hyperscale, Virginia (Zhang et al. 2025) (blended)",444.26,194,blended,0.44426,0.55574,444.26,555.74,0.0,,320297028.8259881,3,1600092000.0,710856871.92,889235128.08,,carbon_api
2025-02-14 12:00:00,blended,"Data centre facility, hyperscale, Virginia (Zhang et al. 2025)","Data centre facility, hyperscale, Virginia (Zhang et al. 2025) (blended)",422.886,192,blended,0.42288600000000004,0.5771139999999999,422.886,577.1139999999999,0.0,,332313775.8406694,3,1600092000.0,676656505.5120001,923435494.4879998,,carbon_api
2025-02-14 12:30:00,blended,"Data centre facility, hyperscale, Virginia (Zhang et al. 2025)","Data centre facility, hyperscale, Virginia (Zhang et al. 2025) (blended)",422.886,189,blended,0.42288600000000004,0.5771139999999999,422.886,577.1139999999999,0.0,,327735842.8970592,3,1600092000.0,676656505.5120001,923435494.4879998,,carbon_api
2025-02-14 13:00:00,blended,"Data centre facility, hyperscale, Virginia (Zhang et al. 2025)","Data centre facility, hyperscale, Virginia (Zhang et al. 2025) (blended)",395.084,192,blended,0.395084,0.604916,395.084,604.916,0.0,,345781607.2607327,3,1600092000.0,632170747.7279999,967921252.2720001,,carbon_api
2025-02-14 13:30:00,blended,"Data centre facility, hyperscale, Virginia (Zhang et al. 2025)","Data centre facility, hyperscale, Virginia (Zhang et al. 2025) (blended)",395.084,195,blended,0.395084,0.604916,395.084,604.916,0.0,,349414690.9895874,3,1600092000.0,632170747.7279999,967921252.2720001,,carbon_api
2025-02-14 14:00:00,blended,"Data centre facility, hyperscale, Virginia (Zhang et al. 2025)","Data centre facility, hyperscale, Virginia (Zhang et al. 2025) (blended)",364.267,202,blended,0.364267,0.635733,364.267,635.733,0.0,,375436399.87538093,3,1600092000.0,582860712.564,1017231287.436,,carbon_api
2025-02-14 14:30:00,blended,"Data centre facility, hyperscale, Virginia (Zhang et al. 2025)","Data centre facility, hyperscale, Virginia (Zhang et al. 2025) (blended)",364.267,206,blended,0.364267,0.635733,364.267,635.733,0.0,,381803627.7496361,3,1600092000.0,582860712.564,1017231287.436,,carbon_api
2025-02-14 15:00:00,blended,"Data centre facility, hyperscale, Virginia (Zhang et al. 2025)","Data centre facility, hyperscale, Virginia (Zhang et al. 2025) (blended)",307.337,213,blended,0.30733699999999997,0.692663,307.337,692.663,0.0,,418630553.9827017,3,1600092000.0,491767475.00399995,1108324524.996,,carbon_api
2025-02-14 15:30:00,blended,"Data centre facility, hyperscale, Virginia (Zhang et al. 2025)","Data centre facility, hyperscale, Virginia (Zhang et al. 2025) (blended)",307.337,223,blended,0.30733699999999997,0.692663,307.337,692.663,0.0,,431842132.28317696,3,1600092000.0,491767475.00399995,1108324524.996,,carbon_api
2025-02-14 16:00:00,blended,"Data centre facility, hyperscale, Virginia (Zhang et al. 2025)","Data centre facility, hyperscale, Virginia (Zhang et al. 2025) (blended)",311.235,228,blended,0.31123500000000004,0.688765,311.235,688.765,0.0,,436766290.79005516,3,1600092000.0,498004633.62000006,1102087366.3799999,,carbon_api
2025-02-14 16:30:00,blended,"Data centre facility, hyperscale, Virginia (Zhang et al. 2025)","Data centre facility, hyperscale, Virginia (Zhang et al. 2025) (blended)",311.235,227,blended,0.31123500000000004,0.688765,311.235,688.765,0.0,,432993029.87064576,3,1600092000.0,498004633.62000006,1102087366.3799999,,carbon_api
2025-02-14 17:00:00,blended,"Data centre facility, hyperscale, Virginia (Zhang et al. 2025)","Data centre facility, hyperscale, Virginia (Zhang et al. 2025) (blended)",404.25,224,blended,0.40425,0.59575,404.25,595.75,0.0,,376057129.79974526,3,1600092000.0,646837191.0,953254809.0,,carbon_api
2025-02-14 17:30:00,blended,"Data centre facility, hyperscale, Virginia (Zhang et al. 2025)","Data centre facility, hyperscale, Virginia (Zhang et al. 2025) (blended)",404.25,229,blended,0.40425,0.59575,404.25,595.75,0.0,,374836369.1148924,3,1600092000.0,646837191.0,953254809.0,,carbon_api
2025-02-14 18:00:00,blended,"Data centre facility, hyperscale, Virginia (Zhang et al. 2025)","Data centre facility, hyperscale, Virginia (Zhang et al. 2025) (blended)",422.304,230,blended,0.42230399999999996,0.577696,422.304,577.696,0.0,,365609171.9087854,3,1600092000.0,675725251.9679999,924366748.032,,carbon_api
2025-02-14 18:30:00,blended,"Data centre facility, hyperscale, Virginia (Zhang et al. 2025)","Data centre facility, hyperscale, Virginia (Zhang et al. 2025) (blended)",422.304,227,blended,0.42230399999999996,0.577696,422.304,577.696,0.0,,361880875.22220933,3,1600092000.0,675725251.9679999,924366748.032,,carbon_api
2025-02-14 19:00:00,blended,"Data centre facility, hyperscale, Virginia (Zhang et al. 2025)","Data centre facility, hyperscale, Virginia (Zhang et al. 2025) (blended)",409.994,222,blended,0.409994,0.590006,409.994,590.0060000000001,0.0,,361389678.44067943,3,1600092000.0,656028119.4480001,944063880.552,,carbon_api
2025-02-14 19:30:00,blended,"Data centre facility, hyperscale, Virginia (Zhang et al. 2025)","Data centre facility, hyperscale, Virginia (Zhang et al. 2025) (blended)",409.994,223,blended,0.409994,0.590006,409.994,590.0060000000001,0.0,,357504213.2572267,3,1600092000.0,656028119.4480001,944063880.552,,carbon_api
2025-02-14 20:00:00,blended,"Data centre facility, hyperscale, Virginia (Zhang et al. 2025)","Data centre facility, hyperscale, Virginia (Zhang et al. 2025) (blended)",414.438,225,blended,0.414438,0.585562,414.438,585.562,0.0,,357650479.0435607,3,1600092000.0,663138928.296,936953071.704,,carbon_api
2025-02-14 20:30:00,blended,"Data centre facility, hyperscale, Virginia (Zhang et al. 2025)","Data centre facility, hyperscale, Virginia (Zhang et al. 2025) (blended)",414.438,216,blended,0.414438,0.585562,414.438,585.562,0.0,,348424807.7427505,3,1600092000.0,663138928.296,936953071.704,,carbon_api
2025-02-14 21:00:00,blended,"Data centre facility, hyperscale, Virginia (Zhang et al. 2025)","Data centre facility, hyperscale, Virginia (Zhang et al. 2025) (blended)",444.249,218,blended,0.444249,0.555751,444.249,555.751,0.0,,336232343.0053054,3,1600092000.0,710839270.908,889252729.092,,carbon_api
2025-02-14 21:30:00,blended,"Data centre facility, hyperscale, Virginia (Zhang et al. 2025)","Data centre facility, hyperscale, Virginia (Zhang et al. 2025) (blended)",444.249,204,blended,0.444249,0.555751,444.249,555.751,0.0,,321471959.7188333,3,1600092000.0,710839270.908,889252729.092,,carbon_api
2025-02-14 22:00:00,blended,"Data centre facility, hyperscale, Virginia (Zhang et al. 2025)","Data centre facility, hyperscale, Virginia (Zhang et al. 2025) (blended)",367.09,201,blended,0.36708999999999997,0.6329100000000001,367.09,632.9100000000001,0.0,,354634747.70545894,3,1600092000.0,587377772.28,1012714227.7200001,,carbon_api
2025-02-14 22:30:00,blended,"Data centre facility, hyperscale, Virginia (Zhang et al. 2025)","Data centre facility, hyperscale, Virginia (Zhang et al. 2025) (blended)",367.09,208,blended,0.36708999999999997,0.6329100000000001,367.09,632.9100000000001,0.0,,351744152.99078906,3,1600092000.0,587377772.28,1012714227.7200001,,carbon_api
2025-02-14 23:00:00,blended,"Data centre facility, hyperscale, Virginia (Zhang et al. 2025)","Data centre facility, hyperscale, Virginia (Zhang et al. 2025) (blended)",320.972,201,blended,0.320972,0.679028,320.972,679.028,0.0,,361020917.9647882,3,1600092000.0,513584729.42399997,1086507270.576,,carbon_api
2025-02-14 23:30:00,blended,"Data centre facility, hyperscale, Virginia (Zhang et al. 2025)","Data centre facility, hyperscale, Virginia (Zhang et al. 2025) (blended)",320.972,206,blended,0.320972,0.679028,320.972,679.028,0.0,,381556580.092281,3,1600092000.0,513584729.42399997,1086507270.576,,carbon_api
2025-02-15 00:00:00,blended,"Data centre facility, hyperscale, Virginia (Zhang et al. 2025)","Data centre facility, hyperscale, Virginia (Zhang et al. 2025) (blended)",312.648,199,blended,0.31264800000000004,0.687352,312.648,687.352,0.0,,374696736.5030833,3,1600092000.0,500265563.61600006,1099826436.3839998,,carbon_api
2025-02-15 00:30:00,blended,"Data centre facility, hyperscale, Virginia (Zhang et al. 2025)","Data centre facility, hyperscale, Virginia (Zhang et al. 2025) (blended)",312.648,197,blended,0.31264800000000004,0.687352,312.648,687.352,0.0,,375349052.7184165,3,1600092000.0,500265563.61600006,1099826436.3839998,,carbon_api
2025-02-15 01:00:00,blended,"Data centre facility, hyperscale, Virginia (Zhang et al. 2025)","Data centre facility, hyperscale, Virginia (Zhang et al. 2025) (blended)",310.021,194,blended,0.310021,0.689979,310.021,689.979,0.0,,373524605.4178398,3,1600092000.0,496062121.932,1104029878.068,,carbon_api
2025-02-15 01:30:00,blended,"Data centre facility, hyperscale, Virginia (Zhang et al. 2025)","Data centre facility, hyperscale, Virginia (Zhang et al. 2025) (blended)",310.021,179,blended,0.310021,0.689979,310.021,689.979,0.0,,357960706.1008239,3,1600092000.0,496062121.932,1104029878.068,,carbon_api
2025-02-15 02:00:00,blended,"Data centre facility, hyperscale, Virginia (Zhang et al. 2025)","Data centre facility, hyperscale, Virginia (Zhang et al. 2025) (blended)",302.435,183,blended,0.302435,0.697565,302.435,697.5649999999999,0.0,,368264143.636777,3,1600092000.0,483923824.02000004,1116168175.98,,carbon_api
2025-02-15 02:30:00,blended,"Data centre facility, hyperscale, Virginia (Zhang et al. 2025)","Data centre facility, hyperscale, Virginia (Zhang et al. 2025) (blended)",302.435,187,blended,0.302435,0.697565,302.435,697.5649999999999,0.0,,377534353.59410334,3,1600092000.0,483923824.02000004,1116168175.98,,carbon_api
2025-02-15 03:00:00,blended,"Data centre facility, hyperscale, Virginia (Zhang et al. 2025)","Data centre facility, hyperscale, Virginia (Zhang et al. 2025) (blended)",294.903,185,blended,0.294903,0.705097,294.903,705.097,0.0,,379627370.48876625,3,1600092000.0,471871931.07600003,1128220068.924,,carbon_api
2025-02-15 03:30:00,blended,"Data centre facility, hyperscale, Virginia (Zhang et al. 2025)","Data centre facility, hyperscale, Virginia (Zhang et al. 2025) (blended)",294.903,191,blended,0.294903,0.705097,294.903,705.097,0.0,,381811528.28407776,3,1600092000.0,471871931.07600003,1128220068.924,,carbon_api
2025-02-15 04:00:00,blended,"Data centre facility, hyperscale, Virginia (Zhang et al. 2025)","Data centre facility, hyperscale, Virginia (Zhang et al. 2025) (blended)",282.353,203,blended,0.282353,0.7176469999999999,282.353,717.6469999999999,0.0,,405860421.40783364,3,1600092000.0,451790776.476,1148301223.524,,carbon_api
2025-02-15 04:30:00,blended,"Data centre facility, hyperscale, Virginia (Zhang et al. 2025)","Data centre facility, hyperscale, Virginia (Zhang et al. 2025) (blended)",282.353,226,blended,0.282353,0.7176469999999999,282.353,717.6469999999999,0.0,,424494629.010421,3,1600092000.0,451790776.476,1148301223.524,,carbon_api
2025-02-15 05:00:00,blended,"Data centre facility, hyperscale, Virginia (Zhang et al. 2025)","Data centre facility, hyperscale, Virginia (Zhang et al. 2025) (blended)",269.607,228,blended,0.26960700000000004,0.730393,269.607,730.3929999999999,0.0,,432787738.25896305,3,1600092000.0,431396003.84400004,1168695996.156,,carbon_api
2025-02-15 05:30:00,blended,"Data centre facility, hyperscale, Virginia (Zhang et al. 2025)","Data centre facility, hyperscale, Virginia (Zhang et al. 2025) (blended)",269.607,246,blended,0.26960700000000004,0.730393,269.607,730.3929999999999,0.0,,452559225.8483189,3,1600092000.0,431396003.84400004,1168695996.156,,carbon_api
2025-02-15 06:00:00,blended,"Data centre facility, hyperscale, Virginia (Zhang et al. 2025)","Data centre facility, hyperscale, Virginia (Zhang et al. 2025) (blended)",263.752,249,blended,0.263752,0.736248,263.752,736.248,0.0,,460736600.1557678,3,1600092000.0,422027465.18399996,1178064534.816,,carbon_api
2025-02-15 06:30:00,blended,"Data centre facility, hyperscale, Virginia (Zhang et al. 2025)","Data centre facility, hyperscale, Virginia (Zhang et al. 2025) (blended)",263.752,239,blended,0.263752,0.736248,263.752,736.248,0.0,,446517245.9709658,3,1600092000.0,422027465.18399996,1178064534.816,,carbon_api
2025-02-15 07:00:00,blended,"Data centre facility, hyperscale, Virginia (Zhang et al. 2025)","Data centre facility, hyperscale, Virginia (Zhang et al. 2025) (blended)",254.463,244,blended,0.254463,0.745537,254.463,745.537,0.0,,460791381.03011066,3,1600092000.0,407164210.596,1192927789.404,,carbon_api
2025-02-15 07:30:00,blended,"Data centre facility, hyperscale, Virginia (Zhang et al. 2025)","Data centre facility, hyperscale, Virginia (Zhang et al. 2025) (blended)",254.463,203,blended,0.254463,0.745537,254.463,745.537,0.0,,415094474.5192864,3,1600092000.0,407164210.596,1192927789.404,,carbon_api
2025-02-15 08:00:00,blended,"Data centre facility, hyperscale, Virginia (Zhang et al. 2025)","Data centre facility, hyperscale, Virginia (Zhang et al. 2025) (blended)",230.686,200,blended,0.230686,0.769314,230.686,769.3140000000001,0.0,,422895760.32002074,3,1600092000.0,369118823.112,1230973176.888,,carbon_api
2025-02-15 08:30:00,blended,"Data centre facility, hyperscale, Virginia (Zhang et al. 2025)","Data centre facility, hyperscale, Virginia (Zhang et al. 2025) (blended)",230.686,176,blended,0.230686,0.769314,230.686,769.3140000000001,0.0,,399842709.1319769,3,1600092000.0,369118823.112,1230973176.888,,carbon_api
2025-02-15 09:00:00,blended,"Data centre facility, hyperscale, Virginia (Zhang et al. 2025)","Data centre facility, hyperscale, Virginia (Zhang et al. 2025) (blended)",220.113,183,blended,0.220113,0.779887,220.113,779.887,0.0,,396622055.3951393,3,1600092000.0,352201050.396,1247890949.604,,carbon_api
2025-02-15 09:30:00,blended,"Data centre facility, hyperscale, Virginia (Zhang et al. 2025)","Data centre facility, hyperscale, Virginia (Zhang et al. 2025) (blended)",220.113,175,blended,0.220113,0.779887,220.113,779.887,0.0,,390730466.7644151,3,1600092000.0,352201050.396,1247890949.604,,carbon_api
2025-02-15 10:00:00,blended,"Data centre facility, hyperscale, Virginia (Zhang et al. 2025)","Data centre facility, hyperscale, Virginia (Zhang et al. 2025) (blended)",200.693,176,blended,0.200693,0.799307,200.693,799.307,0.0,,395513507.0339975,3,1600092000.0,321127263.75600004,1278964736.244,,carbon_api
2025-02-15 10:30:00,blended,"Data centre facility, hyperscale, Virginia (Zhang et al. 2025)","Data centre facility, hyperscale, Virginia (Zhang et al. 2025) (blended)",200.693,174,blended,0.200693,0.799307,200.693,799.307,0.0,,395651039.2258814,3,1600092000.0,321127263.75600004,1278964736.244,,carbon_api
2025-02-15 11:00:00,blended,"Data centre facility, hyperscale, Virginia (Zhang et al. 2025)","Data centre facility, hyperscale, Virginia (Zhang et al. 2025) (blended)",204.888,171,blended,0.20488800000000001,0.795112,204.888,795.1120000000001,0.0,,388230095.0560871,3,1600092000.0,327839649.69600004,1272252350.3040001,,carbon_api
2025-02-15 11:30:00,blended,"Data centre facility, hyperscale, Virginia (Zhang et al. 2025)","Data centre facility, hyperscale, Virginia (Zhang et al. 2025) (blended)",204.888,174,blended,0.20488800000000001,0.795112,204.888,795.1120000000001,0.0,,395144646.9321546,3,1600092000.0,327839649.69600004,1272252350.3040001,,carbon_api
2025-02-15 12:00:00,blended,"Data centre facility, hyperscale, Virginia (Zhang et al. 2025)","Data centre facility, hyperscale, Virginia (Zhang et al. 2025) (blended)",214.389,179,blended,0.214389,0.7856110000000001,214.389,785.6110000000001,0.0,,395258268.7779142,3,1600092000.0,343042123.788,1257049876.2120001,,carbon_api
2025-02-15 12:30:00,blended,"Data centre facility, hyperscale, Virginia (Zhang et al. 2025)","Data centre facility, hyperscale, Virginia (Zhang et al. 2025) (blended)",214.389,185,blended,0.214389,0.7856110000000001,214.389,785.6110000000001,0.0,,408207785.69554937,3,1600092000.0,343042123.788,1257049876.2120001,,carbon_api
2025-02-15 13:00:00,blended,"Data centre facility, hyperscale, Virginia (Zhang et al. 2025)","Data centre facility, hyperscale, Virginia (Zhang et al. 2025) (blended)",218.279,191,blended,0.218279,0.781721,218.279,781.721,0.0,,416270318.7855554,3,1600092000.0,349266481.668,1250825518.332,,carbon_api
2025-02-15 13:30:00,blended,"Data centre facility, hyperscale, Virginia (Zhang et al. 2025)","Data centre facility, hyperscale, Virginia (Zhang et al. 2025) (blended)",218.279,187,blended,0.218279,0.781721,218.279,781.721,0.0,,414709404.2348842,3,1600092000.0,349266481.668,1250825518.332,,carbon_api
2025-02-15 14:00:00,blended,"Data centre facility, hyperscale, Virginia (Zhang et al. 2025)","Data centre facility, hyperscale, Virginia (Zhang et al. 2025) (blended)",209.627,192,blended,0.209627,0.790373,209.627,790.373,0.0,,425783353.7804374,3,1600092000.0,335422485.684,1264669514.316,,carbon_api
2025-02-15 14:30:00,blended,"Data centre facility, hyperscale, Virginia (Zhang et al. 2025)","Data centre facility, hyperscale, Virginia (Zhang et al. 2025) (blended)",209.627,202,blended,0.209627,0.790373,209.627,790.373,0.0,,455919083.33352625,3,1600092000.0,335422485.684,1264669514.316,,carbon_api
2025-02-15 15:00:00,blended,"Data centre facility, hyperscale, Virginia (Zhang et al. 2025)","Data centre facility, hyperscale, Virginia (Zhang et al. 2025) (blended)",196.437,208,blended,0.196437,0.803563,196.437,803.563,0.0,,471907735.001946,3,1600092000.0,314317272.204,1285774727.796,,carbon_api
2025-02-15 15:30:00,blended,"Data centre facility, hyperscale, Virginia (Zhang et al. 2025)","Data centre facility, hyperscale, Virginia (Zhang et al. 2025) (blended)",196.437,216,blended,0.196437,0.803563,196.437,803.563,0.0,,485785154.4443548,3,1600092000.0,314317272.204,1285774727.796,,carbon_api
2025-02-15 16:00:00,blended,"Data centre facility, hyperscale, Virginia (Zhang et al. 2025)","Data centre facility, hyperscale, Virginia (Zhang et al. 2025) (blended)",200.284,222,blended,0.200284,0.799716,200.284,799.716,0.0,,492647531.2678401,3,1600092000.0,320472826.12799996,1279619173.872,,carbon_api
2025-02-15 16:30:00,blended,"Data centre facility, hyperscale, Virginia (Zhang et al. 2025)","Data centre facility, hyperscale, Virginia (Zhang et al. 2025) (blended)",200.284,239,blended,0.200284,0.799716,200.284,799.716,0.0,,521072554.4702224,3,1600092000.0,320472826.12799996,1279619173.872,,carbon_api
2025-02-15 17:00:00,blended,"Data centre facility, hyperscale, Virginia (Zhang et al. 2025)","Data centre facility, hyperscale, Virginia (Zhang et al. 2025) (blended)",207.169,235,blended,0.20716900000000002,0.792831,207.169,792.8309999999999,0.0,,507241480.2250385,3,1600092000.0,331489459.54800004,1268602540.452,,carbon_api
2025-02-15 17:30:00,blended,"Data centre facility, hyperscale, Virginia (Zhang et al. 2025)","Data centre facility, hyperscale, Virginia (Zhang et al. 2025) (blended)",207.169,247,blended,0.20716900000000002,0.792831,207.169,792.8309999999999,0.0,,512420953.66781515,3,1600092000.0,331489459.54800004,1268602540.452,,carbon_api
2025-02-15 18:00:00,blended,"Data centre facility, hyperscale, Virginia (Zhang et al. 2025)","Data centre facility, hyperscale, Virginia (Zhang et al. 2025) (blended)",212.347,245,blended,0.212347,0.7876529999999999,212.347,787.6529999999999,0.0,,504658833.8186034,3,1600092000.0,339774735.924,1260317264.076,,carbon_api
2025-02-15 18:30:00,blended,"Data centre facility, hyperscale, Virginia (Zhang et al. 2025)","Data centre facility, hyperscale, Virginia (Zhang et al. 2025) (blended)",212.347,263,blended,0.212347,0.7876529999999999,212.347,787.6529999999999,0.0,,524007884.7289343,3,1600092000.0,339774735.924,1260317264.076,,carbon_api
2025-02-15 19:00:00,blended,"Data centre facility, hyperscale, Virginia (Zhang et al. 2025)","Data centre facility, hyperscale, Virginia (Zhang et al. 2025) (blended)",219.742,259,blended,0.219742,0.780258,219.742,780.258,0.0,,511027833.8407402,3,1600092000.0,351607416.264,1248484583.736,,carbon_api
2025-02-15 19:30:00,blended,"Data centre facility, hyperscale, Virginia (Zhang et al. 2025)","Data centre facility, hyperscale, Virginia (Zhang et al. 2025) (blended)",219.742,269,blended,0.219742,0.780258,219.742,780.258,0.0,,518856739.03516185,3,1600092000.0,351607416.264,1248484583.736,,carbon_api
2025-02-15 20:00:00,blended,"Data centre facility, hyperscale, Virginia (Zhang et al. 2025)","Data centre facility, hyperscale, Virginia (Zhang et al. 2025) (blended)",223.029,259,blended,0.223029,0.776971,223.029,776.971,0.0,,499297467.8734218,3,1600092000.0,356866918.668,1243225081.332,,carbon_api
2025-02-15 20:30:00,blended,"Data centre facility, hyperscale, Virginia (Zhang et al. 2025)","Data centre facility, hyperscale, Virginia (Zhang et al. 2025) (blended)",223.029,247,blended,0.223029,0.776971,223.029,776.971,0.0,,483275080.53761655,3,1600092000.0,356866918.668,1243225081.332,,carbon_api
2025-02-15 21:00:00,blended,"Data centre facility, hyperscale, Virginia (Zhang et al. 2025)","Data centre facility, hyperscale, Virginia (Zhang et al. 2025) (blended)",230.681,245,blended,0.23068100000000002,0.769319,230.681,769.319,0.0,,475816434.224769,3,1600092000.0,369110822.65200007,1230981177.348,,carbon_api
2025-02-15 21:30:00,blended,"Data centre facility, hyperscale, Virginia (Zhang et al. 2025)","Data centre facility, hyperscale, Virginia (Zhang et al. 2025) (blended)",230.681,248,blended,0.23068100000000002,0.769319,230.681,769.319,0.0,,474170698.73807156,3,1600092000.0,369110822.65200007,1230981177.348,,carbon_api
2025-02-15 22:00:00,blended,"Data centre facility, hyperscale, Virginia (Zhang et al. 2025)","Data centre facility, hyperscale, Virginia (Zhang et al. 2025) (blended)",238.036,242,blended,0.238036,0.761964,238.036,761.9639999999999,0.0,,459476777.94362825,3,1600092000.0,380879499.312,1219212500.688,,carbon_api
2025-02-15 22:30:00,blended,"Data centre facility, hyperscale, Virginia (Zhang et al. 2025)","Data centre facility, hyperscale, Virginia (Zhang et al. 2025) (blended)",238.036,190,blended,0.238036,0.761964,238.036,761.9639999999999,0.0,,388409452.4800243,3,1600092000.0,380879499.312,1219212500.688,,carbon_api
2025-02-15 23:00:00,blended,"Data centre facility, hyperscale, Virginia (Zhang et al. 2025)","Data centre facility, hyperscale, Virginia (Zhang et al. 2025) (blended)",250.807,185,blended,0.250807,0.749193,250.80700000000002,749.193,0.0,,376630577.67315006,3,1600092000.0,401314274.244,1198777725.756,,carbon_api
2025-02-15 23:30:00,blended,"Data centre facility, hyperscale, Virginia (Zhang et al. 2025)","Data centre facility, hyperscale, Virginia (Zhang et al. 2025) (blended)",250.807,171,blended,0.250807,0.749193,250.80700000000002,749.193,0.0,,370768690.49822223,3,1600092000.0,401314274.244,1198777725.756,,carbon_api
2025-02-16 00:00:00,blended,"Data centre facility, hyperscale, Virginia (Zhang et al. 2025)","Data centre facility, hyperscale, Virginia (Zhang et al. 2025) (blended)",245.562,159,blended,0.245562,0.7544379999999999,245.562,754.438,0.0,,360176896.6945455,3,1600092000.0,392921791.704,1207170208.296,,carbon_api
2025-02-16 00:30:00,blended,"Data centre facility, hyperscale, Virginia (Zhang et al. 2025)","Data centre facility, hyperscale, Virginia (Zhang et al. 2025) (blended)",245.562,141,blended,0.245562,0.7544379999999999,245.562,754.438,0.0,,339187812.6736093,3,1600092000.0,392921791.704,1207170208.296,,carbon_api
2025-02-16 01:00:00,blended,"Data centre facility, hyperscale, Virginia (Zhang et al. 2025)","Data centre facility, hyperscale, Virginia (Zhang et al. 2025) (blended)",268.846,132,blended,0.26884600000000003,0.731154,268.846,731.154,0.0,,317464107.54219204,3,1600092000.0,430178333.8320001,1169913666.168,,carbon_api
2025-02-16 01:30:00,blended,"Data centre facility, hyperscale, Virginia (Zhang et al. 2025)","Data centre facility, hyperscale, Virginia (Zhang et al. 2025) (blended)",268.846,130,blended,0.26884600000000003,0.731154,268.846,731.154,0.0,,311059169.65601885,3,1600092000.0,430178333.8320001,1169913666.168,,carbon_api
2025-02-16 02:00:00,blended,"Data centre facility, hyperscale, Virginia (Zhang et al. 2025)","Data centre facility, hyperscale, Virginia (Zhang et al. 2025) (blended)",277.068,122,blended,0.277068,0.722932,277.068,722.932,0.0,,293555939.50594366,3,1600092000.0,443334290.256,1156757709.744,,carbon_api
2025-02-16 02:30:00,blended,"Data centre facility, hyperscale, Virginia (Zhang et al. 2025)","Data centre facility, hyperscale, Virginia (Zhang et al. 2025) (blended)",277.068,134,blended,0.277068,0.722932,277.068,722.932,0.0,,301580466.5631318,3,1600092000.0,443334290.256,1156757709.744,,carbon_api
2025-02-16 03:00:00,blended,"Data centre facility, hyperscale, Virginia (Zhang et al. 2025)","Data centre facility, hyperscale, Virginia (Zhang et al. 2025) (blended)",295.691,126,blended,0.295691,0.7043090000000001,295.691,704.3090000000001,0.0,,291424458.32002175,3,1600092000.0,473132803.57199997,1126959196.4280002,,carbon_api
2025-02-16 03:30:00,blended,"Data centre facility, hyperscale, Virginia (Zhang et al. 2025)","Data centre facility, hyperscale, Virginia (Zhang et al. 2025) (blended)",295.691,145,blended,0.295691,0.7043090000000001,295.691,704.3090000000001,0.0,,301070379.65180707,3,1600092000.0,473132803.57199997,1126959196.4280002,,carbon_api
2025-02-16 04:00:00,blended,"Data centre facility, hyperscale, Virginia (Zhang et al. 2025)","Data centre facility, hyperscale, Virginia (Zhang et al. 2025) (blended)",304.969,142,blended,0.304969,0.695031,304.969,695.031,0.0,,291167094.1030183,3,1600092000.0,487978457.148,1112113542.852,,carbon_api
2025-02-16 04:30:00,blended,"Data centre facility, hyperscale, Virginia (Zhang et al. 2025)","Data centre facility, hyperscale, Virginia (Zhang et al. 2025) (blended)",304.969,155,blended,0.304969,0.695031,304.969,695.031,0.0,,301229637.7156047,3,1600092000.0,487978457.148,1112113542.852,,carbon_api
2025-02-16 05:00:00,blended,"Data centre facility, hyperscale, Virginia (Zhang et al. 2025)","Data centre facility, hyperscale, Virginia (Zhang et al. 2025) (blended)",325.153,152,blended,0.325153,0.674847,325.153,674.847,0.0,,288836308.5819591,3,1600092000.0,520274714.07600003,1079817285.924,,carbon_api
2025-02-16 05:30:00,blended,"Data centre facility, hyperscale, Virginia (Zhang et al. 2025)","Data centre facility, hyperscale, Virginia (Zhang et al. 2025) (blended)",325.153,144,blended,0.325153,0.674847,325.153,674.847,0.0,,272931638.58038026,3,1600092000.0,520274714.07600003,1079817285.924,,carbon_api
2025-02-16 06:00:00,blended,"Data centre facility, hyperscale, Virginia (Zhang et al. 2025)","Data centre facility, hyperscale, Virginia (Zhang et al. 2025) (blended)",340.118,140,blended,0.340118,0.6598820000000001,340.118,659.8820000000001,0.0,,262330250.68850726,3,1600092000.0,544220090.856,1055871909.1440002,,carbon_api
2025-02-16 06:30:00,blended,"Data centre facility, hyperscale, Virginia (Zhang et al. 2025)","Data centre facility, hyperscale, Virginia (Zhang et al. 2025) (blended)",340.118,151,blended,0.340118,0.6598820000000001,340.118,659.8820000000001,0.0,,272023990.810813,3,1600092000.0,544220090.856,1055871909.1440002,,carbon_api
2025-02-16 07:00:00,blended,"Data centre facility, hyperscale, Virginia (Zhang et al. 2025)","Data centre facility, hyperscale, Virginia (Zhang et al. 2025) (blended)",346.877,146,blended,0.346877,0.653123,346.877,653.123,0.0,,262267840.81008545,3,1600092000.0,555035112.684,1045056887.316,,carbon_api
2025-02-16 07:30:00,blended,"Data centre facility, hyperscale, Virginia (Zhang et al. 2025)","Data centre facility, hyperscale, Virginia (Zhang et al. 2025) (blended)",346.877,147,blended,0.346877,0.653123,346.877,653.123,0.0,,270996361.3192455,3,1600092000.0,555035112.684,1045056887.316,,carbon_api
2025-02-16 08:00:00,blended,"Data centre facility, hyperscale, Virginia (Zhang et al. 2025)","Data centre facility, hyperscale, Virginia (Zhang et al. 2025) (blended)",312.101,142,blended,0.312101,0.687899,312.101,687.899,0.0,,277019463.7554335,3,1600092000.0,499390313.29200006,1100701686.708,,carbon_api
2025-02-16 08:30:00,blended,"Data centre facility, hyperscale, Virginia (Zhang et al. 2025)","Data centre facility, hyperscale, Virginia (Zhang et al. 2025) (blended)",312.101,132,blended,0.312101,0.687899,312.101,687.899,0.0,,274854605.23516357,3,1600092000.0,499390313.29200006,1100701686.708,,carbon_api
2025-02-16 09:00:00,blended,"Data centre facility, hyperscale, Virginia (Zhang et al. 2025)","Data centre facility, hyperscale, Virginia (Zhang et al. 2025) (blended)",347.37,132,blended,0.34737,0.65263,347.37,652.63,0.0,,271860699.5562133,3,1600092000.0,555823958.04,1044268041.96,,carbon_api
2025-02-16 09:30:00,blended,"Data centre facility, hyperscale, Virginia (Zhang et al. 2025)","Data centre facility, hyperscale, Virginia (Zhang et al. 2025) (blended)",347.37,118,blended,0.34737,0.65263,347.37,652.63,0.0,,260454979.34496653,3,1600092000.0,555823958.04,1044268041.96,,carbon_api
2025-02-16 10:00:00,blended,"Data centre facility, hyperscale, Virginia (Zhang et al. 2025)","Data centre facility, hyperscale, Virginia (Zhang et al. 2025) (blended)",346.829,122,blended,0.346829,0.653171,346.829,653.1709999999999,0.0,,260249617.1299833,3,1600092000.0,554958308.268,1045133691.7319999,,carbon_api
2025-02-16 10:30:00,blended,"Data centre facility, hyperscale, Virginia (Zhang et al. 2025)","Data centre facility, hyperscale, Virginia (Zhang et al. 2025) (blended)",346.829,123,blended,0.346829,0.653171,346.829,653.1709999999999,0.0,,265558974.63362247,3,1600092000.0,554958308.268,1045133691.7319999,,carbon_api
2025-02-16 11:00:00,blended,"Data centre facility, hyperscale, Virginia (Zhang et al. 2025)","Data centre facility, hyperscale, Virginia (Zhang et al. 2025) (blended)",320.085,129,blended,0.32008499999999995,0.679915,320.085,679.9150000000001,0.0,,278924945.5326744,3,1600092000.0,512165447.81999993,1087926552.18,,carbon_api
2025-02-16 11:30:00,blended,"Data centre facility, hyperscale, Virginia (Zhang et al. 2025)","Data centre facility, hyperscale, Virginia (Zhang et al. 2025) (blended)",320.085,121,blended,0.32008499999999995,0.679915,320.085,679.9150000000001,0.0,,268822566.13428515,3,1600092000.0,512165447.81999993,1087926552.18,,carbon_api
2025-02-16 12:00:00,blended,"Data centre facility, hyperscale, Virginia (Zhang et al. 2025)","Data centre facility, hyperscale, Virginia (Zhang et al. 2025) (blended)",288.896,128,blended,0.28889600000000004,0.711104,288.896,711.1039999999999,0.0,,279144192.3431461,3,1600092000.0,462260178.43200004,1137831821.5679998,,carbon_api
2025-02-16 12:30:00,blended,"Data centre facility, hyperscale, Virginia (Zhang et al. 2025)","Data centre facility, hyperscale, Virginia (Zhang et al. 2025) (blended)",288.896,130,blended,0.28889600000000004,0.711104,288.896,711.1039999999999,0.0,,291418054.6285699,3,1600092000.0,462260178.43200004,1137831821.5679998,,carbon_api
2025-02-16 13:00:00,blended,"Data centre facility, hyperscale, Virginia (Zhang et al. 2025)","Data centre facility, hyperscale, Virginia (Zhang et al. 2025) (blended)",270.981,134,blended,0.27098099999999997,0.7290190000000001,270.981,729.0190000000001,0.0,,299016138.3130688,3,1600092000.0,433594530.252,1166497469.7480001,,carbon_api
2025-02-16 13:30:00,blended,"Data centre facility, hyperscale, Virginia (Zhang et al. 2025)","Data centre facility, hyperscale, Virginia (Zhang et al. 2025) (blended)",270.981,141,blended,0.27098099999999997,0.7290190000000001,270.981,729.0190000000001,0.0,,309199550.33057064,3,1600092000.0,433594530.252,1166497469.7480001,,carbon_api
2025-02-16 14:00:00,blended,"Data centre facility, hyperscale, Virginia (Zhang et al. 2025)","Data centre facility, hyperscale, Virginia (Zhang et al. 2025) (blended)",279.709,148,blended,0.279709,0.720291,279.709,720.291,0.0,,309571185.5560648,3,1600092000.0,447560133.228,1152531866.772,,carbon_api
2025-02-16 14:30:00,blended,"Data centre facility, hyperscale, Virginia (Zhang et al. 2025)","Data centre facility, hyperscale, Virginia (Zhang et al. 2025) (blended)",279.709,146,blended,0.279709,0.720291,279.709,720.291,0.0,,320041241.0631671,3,1600092000.0,447560133.228,1152531866.772,,carbon_api
2025-02-16 15:00:00,blended,"Data centre facility, hyperscale, Virginia (Zhang et al. 2025)","Data centre facility, hyperscale, Virginia (Zhang et al. 2025) (blended)",296.803,154,blended,0.296803,0.7031970000000001,296.803,703.1970000000001,0.0,,322298752.569307,3,1600092000.0,474912105.876,1125179894.124,,carbon_api
2025-02-16 15:30:00,blended,"Data centre facility, hyperscale, Virginia (Zhang et al. 2025)","Data centre facility, hyperscale, Virginia (Zhang et al. 2025) (blended)",296.803,163,blended,0.296803,0.7031970000000001,296.803,703.1970000000001,0.0,,342861877.69799644,3,1600092000.0,474912105.876,1125179894.124,,carbon_api
2025-02-16 16:00:00,blended,"Data centre facility, hyperscale, Virginia (Zhang et al. 2025)","Data centre facility, hyperscale, Virginia (Zhang et al. 2025) (blended)",336.719,163,blended,0.336719,0.663281,336.719,663.2810000000001,0.0,,324786283.5391553,3,1600092000.0,538781378.148,1061310621.852,,carbon_api
2025-02-16 16:30:00,blended,"Data centre facility, hyperscale, Virginia (Zhang et al. 2025)","Data centre facility, hyperscale, Virginia (Zhang et al. 2025) (blended)",336.719,162,blended,0.336719,0.663281,336.719,663.2810000000001,0.0,,320543814.4212413,3,1600092000.0,538781378.148,1061310621.852,,carbon_api
2025-02-16 17:00:00,blended,"Data centre facility, hyperscale, Virginia (Zhang et al. 2025)","Data centre facility, hyperscale, Virginia (Zhang et al. 2025) (blended)",400.437,162,blended,0.400437,0.5995630000000001,400.437,599.5630000000001,0.0,,292401556.09761924,3,1600092000.0,640736040.204,959355959.7960001,,carbon_api
2025-02-16 17:30:00,blended,"Data centre facility, hyperscale, Virginia (Zhang et al. 2025)","Data centre facility, hyperscale, Virginia (Zhang et al. 2025) (blended)",400.437,182,blended,0.400437,0.5995630000000001,400.437,599.5630000000001,0.0,,302884541.0708996,3,1600092000.0,640736040.204,959355959.7960001,,carbon_api
2025-02-16 18:00:00,blended,"Data centre facility, hyperscale, Virginia (Zhang et al. 2025)","Data centre facility, hyperscale, Virginia (Zhang et al. 2025) (blended)",395.08,182,blended,0.39508,0.60492,395.08,604.92,0.0,,303259010.30697614,3,1600092000.0,632164347.36,967927652.64,,carbon_api
2025-02-16 18:30:00,blended,"Data centre facility, hyperscale, Virginia (Zhang et al. 2025)","Data centre facility, hyperscale, Virginia (Zhang et al. 2025) (blended)",395.08,190,blended,0.39508,0.60492,395.08,604.92,0.0,,306729823.2184197,3,1600092000.0,632164347.36,967927652.64,,carbon_api
2025-02-16 19:00:00,blended,"Data centre facility, hyperscale, Virginia (Zhang et al. 2025)","Data centre facility, hyperscale, Virginia (Zhang et al. 2025) (blended)",367.076,195,blended,0.367076,0.632924,367.076,632.9240000000001,0.0,,322067210.25156283,3,1600092000.0,587355370.992,1012736629.008,,carbon_api
2025-02-16 19:30:00,blended,"Data centre facility, hyperscale, Virginia (Zhang et al. 2025)","Data centre facility, hyperscale, Virginia (Zhang et al. 2025) (blended)",367.076,196,blended,0.367076,0.632924,367.076,632.9240000000001,0.0,,318121071.4261767,3,1600092000.0,587355370.992,1012736629.008,,carbon_api
2025-02-16 20:00:00,blended,"Data centre facility, hyperscale, Virginia (Zhang et al. 2025)","Data centre facility, hyperscale, Virginia (Zhang et al. 2025) (blended)",357.662,193,blended,0.357662,0.6423380000000001,357.662,642.3380000000001,0.0,,319920407.3563952,3,1600092000.0,572292104.9039999,1027799895.0960001,,carbon_api
2025-02-16 20:30:00,blended,"Data centre facility, hyperscale, Virginia (Zhang et al. 2025)","Data centre facility, hyperscale, Virginia (Zhang et al. 2025) (blended)",357.662,184,blended,0.357662,0.6423380000000001,357.662,642.3380000000001,0.0,,304311019.6184691,3,1600092000.0,572292104.9039999,1027799895.0960001,,carbon_api
2025-02-16 21:00:00,blended,"Data centre facility, hyperscale, Virginia (Zhang et al. 2025)","Data centre facility, hyperscale, Virginia (Zhang et al. 2025) (blended)",355.785,176,blended,0.355785,0.644215,355.785,644.215,0.0,,297310118.07314026,3,1600092000.0,569288732.22,1030803267.78,,carbon_api
2025-02-16 21:30:00,blended,"Data centre facility, hyperscale, Virginia (Zhang et al. 2025)","Data centre facility, hyperscale, Virginia (Zhang et al. 2025) (blended)",355.785,167,blended,0.355785,0.644215,355.785,644.215,0.0,,283163278.3587636,3,1600092000.0,569288732.22,1030803267.78,,carbon_api
2025-02-16 22:00:00,blended,"Data centre facility, hyperscale, Virginia (Zhang et al. 2025)","Data centre facility, hyperscale, Virginia (Zhang et al. 2025) (blended)",361.622,168,blended,0.361622,0.638378,361.622,638.378,0.0,,281440181.76804096,3,1600092000.0,578628469.224,1021463530.776,,carbon_api
2025-02-16 22:30:00,blended,"Data centre facility, hyperscale, Virginia (Zhang et al. 2025)","Data centre facility, hyperscale, Virginia (Zhang et al. 2025) (blended)",361.622,182,blended,0.361622,0.638378,361.622,638.378,0.0,,302325602.65802866,3,1600092000.0,578628469.224,1021463530.776,,carbon_api
2025-02-16 23:00:00,blended,"Data centre facility, hyperscale, Virginia (Zhang et al. 2025)","Data centre facility, hyperscale, Virginia (Zhang et al. 2025) (blended)",378.924,197,blended,0.378924,0.621076,378.924,621.0759999999999,0.0,,316158953.6440309,3,1600092000.0,606313261.008,993778738.992,,carbon_api
2025-02-16 23:30:00,blended,"Data centre facility, hyperscale, Virginia (Zhang et al. 2025)","Data centre facility, hyperscale, Virginia (Zhang et al. 2025) (blended)",378.924,200,blended,0.378924,0.621076,378.924,621.0759999999999,0.0,,324500019.7919126,3,1600092000.0,606313261.008,993778738.992,,carbon_api
2025-02-17 00:00:00,blended,"Data centre facility, hyperscale, Virginia (Zhang et al. 2025)","Data centre facility, hyperscale, Virginia (Zhang et al. 2025) (blended)",397.789,203,blended,0.397789,0.602211,397.789,602.211,0.0,,321334861.0221874,3,1600092000.0,636498996.588,963593003.4120001,,carbon_api
2025-02-17 00:30:00,blended,"Data centre facility, hyperscale, Virginia (Zhang et al. 2025)","Data centre facility, hyperscale, Virginia (Zhang et al. 2025) (blended)",397.789,191,blended,0.397789,0.602211,397.789,602.211,0.0,,313458876.5266758,3,1600092000.0,636498996.588,963593003.4120001,,carbon_api
2025-02-17 01:00:00,blended,"Data centre facility, hyperscale, Virginia (Zhang et al. 2025)","Data centre facility, hyperscale, Virginia (Zhang et al. 2025) (blended)",410.018,182,blended,0.410018,0.589982,410.018,589.982,0.0,,296311437.4981951,3,1600092000.0,656066521.656,944025478.344,,carbon_api
2025-02-17 01:30:00,blended,"Data centre facility, hyperscale, Virginia (Zhang et al. 2025)","Data centre facility, hyperscale, Virginia (Zhang et al. 2025) (blended)",410.018,188,blended,0.410018,0.589982,410.018,589.982,0.0,,308041402.10052717,3,1600092000.0,656066521.656,944025478.344,,carbon_api
2025-02-17 02:00:00,blended,"Data centre facility, hyperscale, Virginia (Zhang et al. 2025)","Data centre facility, hyperscale, Virginia (Zhang et al. 2025) (blended)",429.845,185,blended,0.42984500000000003,0.570155,429.845,570.155,0.0,,295123158.81349933,3,1600092000.0,687791545.74,912300454.26,,carbon_api
2025-02-17 02:30:00,blended,"Data centre facility, hyperscale, Virginia (Zhang et al. 2025)","Data centre facility, hyperscale, Virginia (Zhang et al. 2025) (blended)",429.845,174,blended,0.42984500000000003,0.570155,429.845,570.155,0.0,,286139668.0320017,3,1600092000.0,687791545.74,912300454.26,,carbon_api
2025-02-17 03:00:00,blended,"Data centre facility, hyperscale, Virginia (Zhang et al. 2025)","Data centre facility, hyperscale, Virginia (Zhang et al. 2025) (blended)",434.919,166,blended,0.434919,0.5650809999999999,434.919,565.0809999999999,0.0,,273333541.04619837,3,1600092000.0,695910412.548,904181587.4519999,,carbon_api
2025-02-17 03:30:00,blended,"Data centre facility, hyperscale, Virginia (Zhang et al. 2025)","Data centre facility, hyperscale, Virginia (Zhang et al. 2025) (blended)",434.919,186,blended,0.434919,0.5650809999999999,434.919,565.0809999999999,0.0,,287056903.6449732,3,1600092000.0,695910412.548,904181587.4519999,,carbon_api
2025-02-17 04:00:00,blended,"Data centre facility, hyperscale, Virginia (Zhang et al. 2025)","Data centre facility, hyperscale, Virginia (Zhang et al. 2025) (blended)",444.273,196,blended,0.44427300000000003,0.555727,444.273,555.727,0.0,,295745873.348056,3,1600092000.0,710877673.116,889214326.884,,carbon_api
2025-02-17 04:30:00,blended,"Data centre facility, hyperscale, Virginia (Zhang et al. 2025)","Data centre facility, hyperscale, Virginia (Zhang et al. 2025) (blended)",444.273,224,blended,0.44427300000000003,0.555727,444.273,555.727,0.0,,317757798.6752217,3,1600092000.0,710877673.116,889214326.884,,carbon_api
2025-02-17 05:00:00,blended,"Data centre facility, hyperscale, Virginia (Zhang et al. 2025)","Data centre facility, hyperscale, Virginia (Zhang et al. 2025) (blended)",444.274,224,blended,0.444274,0.5557259999999999,444.274,555.7259999999999,0.0,,318414675.23464173,3,1600092000.0,710879273.208,889212726.7919999,,carbon_api
2025-02-17 05:30:00,blended,"Data centre facility, hyperscale, Virginia (Zhang et al. 2025)","Data centre facility, hyperscale, Virginia (Zhang et al. 2025) (blended)",444.274,235,blended,0.444274,0.5557259999999999,444.274,555.7259999999999,0.0,,334438139.99305826,3,1600092000.0,710879273.208,889212726.7919999,,carbon_api
2025-02-17 06:00:00,blended,"Data centre facility, hyperscale, Virginia (Zhang et al. 2025)","Data centre facility, hyperscale, Virginia (Zhang et al. 2025) (blended)",433.902,242,blended,0.433902,0.566098,433.902,566.098,0.0,,350932403.3624826,3,1600092000.0,694283118.984,905808881.016,,carbon_api
2025-02-17 06:30:00,blended,"Data centre facility, hyperscale, Virginia (Zhang et al. 2025)","Data centre facility, hyperscale, Virginia (Zhang et al. 2025) (blended)",433.902,244,blended,0.433902,0.566098,433.902,566.098,0.0,,352736403.810483,3,1600092000.0,694283118.984,905808881.016,,carbon_api
2025-02-17 07:00:00,blended,"Data centre facility, hyperscale, Virginia (Zhang et al. 2025)","Data centre facility, hyperscale, Virginia (Zhang et al. 2025) (blended)",395.094,250,blended,0.395094,0.6049059999999999,395.094,604.906,0.0,,383525049.30650824,3,1600092000.0,632186748.648,967905251.3519999,,carbon_api
2025-02-17 07:30:00,blended,"Data centre facility, hyperscale, Virginia (Zhang et al. 2025)","Data centre facility, hyperscale, Virginia (Zhang et al. 2025) (blended)",395.094,260,blended,0.395094,0.6049059999999999,395.094,604.906,0.0,,399475765.0932709,3,1600092000.0,632186748.648,967905251.3519999,,carbon_api
2025-02-17 08:00:00,blended,"Data centre facility, hyperscale, Virginia (Zhang et al. 2025)","Data centre facility, hyperscale, Virginia (Zhang et al. 2025) (blended)",261.844,256,blended,0.261844,0.738156,261.844,738.1560000000001,0.0,,473313537.2414063,3,1600092000.0,418974489.64800006,1181117510.352,,carbon_api
2025-02-17 08:30:00,blended,"Data centre facility, hyperscale, Virginia (Zhang et al. 2025)","Data centre facility, hyperscale, Virginia (Zhang et al. 2025) (blended)",261.844,243,blended,0.261844,0.738156,261.844,738.1560000000001,0.0,,461071709.7679632,3,1600092000.0,418974489.64800006,1181117510.352,,carbon_api
2025-02-17 09:00:00,blended,"Data centre facility, hyperscale, Virginia (Zhang et al. 2025)","Data centre facility, hyperscale, Virginia (Zhang et al. 2025) (blended)",357.67,233,blended,0.35767000000000004,0.64233,357.67,642.3299999999999,0.0,,393655781.6493588,3,1600092000.0,572304905.6400001,1027787094.3599999,,carbon_api
2025-02-17 09:30:00,blended,"Data centre facility, hyperscale, Virginia (Zhang et al. 2025)","Data centre facility, hyperscale, Virginia (Zhang et al. 2025) (blended)",357.67,224,blended,0.35767000000000004,0.64233,357.67,642.3299999999999,0.0,,372713026.6284579,3,1600092000.0,572304905.6400001,1027787094.3599999,,carbon_api
2025-02-17 10:00:00,blended,"Data centre facility, hyperscale, Virginia (Zhang et al. 2025)","Data centre facility, hyperscale, Virginia (Zhang et al. 2025) (blended)",364.258,220,blended,0.36425799999999997,0.635742,364.258,635.7420000000001,0.0,,353046167.1219069,3,1600092000.0,582846311.736,1017245688.264,,carbon_api
2025-02-17 10:30:00,blended,"Data centre facility, hyperscale, Virginia (Zhang et al. 2025)","Data centre facility, hyperscale, Virginia (Zhang et al. 2025) (blended)",364.258,221,blended,0.36425799999999997,0.635742,364.258,635.7420000000001,0.0,,342922604.8589689,3,1600092000.0,582846311.736,1017245688.264,,carbon_api
2025-02-17 11:00:00,blended,"Data centre facility, hyperscale, Virginia (Zhang et al. 2025)","Data centre facility, hyperscale, Virginia (Zhang et al. 2025) (blended)",312.134,222,blended,0.312134,0.687866,312.134,687.866,0.0,,371628883.3823133,3,1600092000.0,499443116.328,1100648883.672,,carbon_api
2025-02-17 11:30:00,blended,"Data centre facility, hyperscale, Virginia (Zhang et al. 2025)","Data centre facility, hyperscale, Virginia (Zhang et al. 2025) (blended)",312.134,211,blended,0.312134,0.687866,312.134,687.866,0.0,,380037413.7315542,3,1600092000.0,499443116.328,1100648883.672,,carbon_api
2025-02-17 12:00:00,blended,"Data centre facility, hyperscale, Virginia (Zhang et al. 2025)","Data centre facility, hyperscale, Virginia (Zhang et al. 2025) (blended)",314.473,213,blended,0.314473,0.685527,314.473,685.527,0.0,,384526596.7127537,3,1600092000.0,503185731.51600003,1096906268.484,,carbon_api
2025-02-17 12:30:00,blended,"Data centre facility, hyperscale, Virginia (Zhang et al. 2025)","Data centre facility, hyperscale, Virginia (Zhang et al. 2025) (blended)",314.473,192,blended,0.314473,0.685527,314.473,685.527,0.0,,367188582.9831446,3,1600092000.0,503185731.51600003,1096906268.484,,carbon_api
2025-02-17 13:00:00,blended,"Data centre facility, hyperscale, Virginia (Zhang et al. 2025)","Data centre facility, hyperscale, Virginia (Zhang et al. 2025) (blended)",321.564,195,blended,0.321564,0.678436,321.564,678.436,0.0,,369423843.7203251,3,1600092000.0,514531983.888,1085560016.112,,carbon_api
2025-02-17 13:30:00,blended,"Data centre facility, hyperscale, Virginia (Zhang et al. 2025)","Data centre facility, hyperscale, Virginia (Zhang et al. 2025) (blended)",321.564,217,blended,0.321564,0.678436,321.564,678.436,0.0,,407300461.4560822,3,1600092000.0,514531983.888,1085560016.112,,carbon_api
2025-02-17 14:00:00,blended,"Data centre facility, hyperscale, Virginia (Zhang et al. 2025)","Data centre facility, hyperscale, Virginia (Zhang et al. 2025) (blended)",320.754,224,blended,0.32075400000000004,0.679246,320.754,679.246,0.0,,419216031.70939076,3,1600092000.0,513235909.3680001,1086856090.632,,carbon_api
2025-02-17 14:30:00,blended,"Data centre facility, hyperscale, Virginia (Zhang et al. 2025)","Data centre facility, hyperscale, Virginia (Zhang et al. 2025) (blended)",320.754,214,blended,0.32075400000000004,0.679246,320.754,679.246,0.0,,413921410.71137553,3,1600092000.0,513235909.3680001,1086856090.632,,carbon_api
2025-02-17 15:00:00,blended,"Data centre facility, hyperscale, Virginia (Zhang et al. 2025)","Data centre facility, hyperscale, Virginia (Zhang et al. 2025) (blended)",316.493,227,blended,0.31649299999999997,0.6835070000000001,316.493,683.5070000000001,0.0,,434390671.4593508,3,1600092000.0,506417917.35599995,1093674082.644,,carbon_api
2025-02-17 15:30:00,blended,"Data centre facility, hyperscale, Virginia (Zhang et al. 2025)","Data centre facility, hyperscale, Virginia (Zhang et al. 2025) (blended)",316.493,246,blended,0.31649299999999997,0.6835070000000001,316.493,683.5070000000001,0.0,,451970503.0284171,3,1600092000.0,506417917.35599995,1093674082.644,,carbon_api
2025-02-17 16:00:00,blended,"Data centre facility, hyperscale, Virginia (Zhang et al. 2025)","Data centre facility, hyperscale, Virginia (Zhang et al. 2025) (blended)",348.832,249,blended,0.348832,0.651168,348.832,651.168,0.0,,432864218.05884755,3,1600092000.0,558163292.5439999,1041928707.456,,carbon_api
2025-02-17 16:30:00,blended,"Data centre facility, hyperscale, Virginia (Zhang et al. 2025)","Data centre facility, hyperscale, Virginia (Zhang et al. 2025) (blended)",348.832,280,blended,0.348832,0.651168,348.832,651.168,0.0,,457135447.6531,3,1600092000.0,558163292.5439999,1041928707.456,,carbon_api
2025-02-17 17:00:00,blended,"Data centre facility, hyperscale, Virginia (Zhang et al. 2025)","Data centre facility, hyperscale, Virginia (Zhang et al. 2025) (blended)",438.627,281,blended,0.438627,0.561373,438.627,561.373,0.0,,400548763.1782019,3,1600092000.0,701843553.684,898248446.316,,carbon_api
2025-02-17 17:30:00,blended,"Data centre facility, hyperscale, Virginia (Zhang et al. 2025)","Data centre facility, hyperscale, Virginia (Zhang et al. 2025) (blended)",438.627,275,blended,0.438627,0.561373,438.627,561.373,0.0,,394072982.52503157,3,1600092000.0,701843553.684,898248446.316,,carbon_api
2025-02-17 18:00:00,blended,"Data centre facility, hyperscale, Virginia (Zhang et al. 2025)","Data centre facility, hyperscale, Virginia (Zhang et al. 2025) (blended)",459.814,276,blended,0.459814,0.540186,459.814,540.186,0.0,,381755732.9496925,3,1600092000.0,735744702.888,864347297.1120001,,carbon_api
2025-02-17 18:30:00,blended,"Data centre facility, hyperscale, Virginia (Zhang et al. 2025)","Data centre facility, hyperscale, Virginia (Zhang et al. 2025) (blended)",459.814,280,blended,0.459814,0.540186,459.814,540.186,0.0,,383784050.37743646,3,1600092000.0,735744702.888,864347297.1120001,,carbon_api
2025-02-17 19:00:00,blended,"Data centre facility, hyperscale, Virginia (Zhang et al. 2025)","Data centre facility, hyperscale, Virginia (Zhang et al. 2025) (blended)",460.034,280,blended,0.460034,0.539966,460.034,539.9659999999999,0.0,,383854003.4668648,3,1600092000.0,736096723.128,863995276.8719999,,carbon_api
2025-02-17 19:30:00,blended,"Data centre facility, hyperscale, Virginia (Zhang et al. 2025)","Data centre facility, hyperscale, Virginia (Zhang et al. 2025) (blended)",460.034,280,blended,0.460034,0.539966,460.034,539.9659999999999,0.0,,384353197.4548029,3,1600092000.0,736096723.128,863995276.8719999,,carbon_api
2025-02-17 20:00:00,blended,"Data centre facility, hyperscale, Virginia (Zhang et al. 2025)","Data centre facility, hyperscale, Virginia (Zhang et al. 2025) (blended)",456.65,276,blended,0.45665,0.54335,456.65,543.35,0.0,,381369174.71447396,3,1600092000.0,730682011.8,869409988.2,,carbon_api
2025-02-17 20:30:00,blended,"Data centre facility, hyperscale, Virginia (Zhang et al. 2025)","Data centre facility, hyperscale, Virginia (Zhang et al. 2025) (blended)",456.65,265,blended,0.45665,0.54335,456.65,543.35,0.0,,367277414.62485707,3,1600092000.0,730682011.8,869409988.2,,carbon_api
2025-02-17 21:00:00,blended,"Data centre facility, hyperscale, Virginia (Zhang et al. 2025)","Data centre facility, hyperscale, Virginia (Zhang et al. 2025) (blended)",416.964,251,blended,0.416964,0.583036,416.964,583.036,0.0,,371647788.16303056,3,1600092000.0,667180760.688,932911239.312,,carbon_api
2025-02-17 21:30:00,blended,"Data centre facility, hyperscale, Virginia (Zhang et al. 2025)","Data centre facility, hyperscale, Virginia (Zhang et al. 2025) (blended)",416.964,237,blended,0.416964,0.583036,416.964,583.036,0.0,,353163406.15704286,3,1600092000.0,667180760.688,932911239.312,,carbon_api
2025-02-17 22:00:00,blended,"Data centre facility, hyperscale, Virginia (Zhang et al. 2025)","Data centre facility, hyperscale, Virginia (Zhang et al. 2025) (blended)",373.715,234,blended,0.37371499999999996,0.626285,373.715,626.285,0.0,,370607428.9354696,3,1600092000.0,597978381.78,1002113618.2199999,,carbon_api
2025-02-17 22:30:00,blended,"Data centre facility, hyperscale, Virginia (Zhang et al. 2025)","Data centre facility, hyperscale, Virginia (Zhang et al. 2025) (blended)",373.715,225,blended,0.37371499999999996,0.626285,373.715,626.285,0.0,,358362496.78798306,3,1600092000.0,597978381.78,1002113618.2199999,,carbon_api
2025-02-17 23:00:00,blended,"Data centre facility, hyperscale, Virginia (Zhang et al. 2025)","Data centre facility, hyperscale, Virginia (Zhang et al. 2025) (blended)",345.947,228,blended,0.345947,0.654053,345.947,654.053,0.0,,377216300.6926519,3,1600092000.0,553547027.124,1046544972.876,,carbon_api
2025-02-17 23:30:00,blended,"Data centre facility, hyperscale, Virginia (Zhang et al. 2025)","Data centre facility, hyperscale, Virginia (Zhang et al. 2025) (blended)",345.947,233,blended,0.345947,0.654053,345.947,654.053,0.0,,385189877.14304614,3,1600092000.0,553547027.124,1046544972.876,,carbon_api
2025-02-18 00:00:00,blended,"Data centre facility, hyperscale, Virginia (Zhang et al. 2025)","Data centre facility, hyperscale, Virginia (Zhang et al. 2025) (blended)",378.933,237,blended,0.378933,0.621067,378.933,621.067,0.0,,373411781.5324228,3,1600092000.0,606327661.8360001,993764338.164,,carbon_api
2025-02-18 00:30:00,blended,"Data centre facility, hyperscale, Virginia (Zhang et al. 2025)","Data centre facility, hyperscale, Virginia (Zhang et al. 2025) (blended)",378.933,228,blended,0.378933,0.621067,378.933,621.067,0.0,,360932862.4345939,3,1600092000.0,606327661.8360001,993764338.164,,carbon_api
2025-02-18 01:00:00,blended,"Data centre facility, hyperscale, Virginia (Zhang et al. 2025)","Data centre facility, hyperscale, Virginia (Zhang et al. 2025) (blended)",397.786,207,blended,0.39778600000000003,0.602214,397.786,602.214,0.0,,321354586.99811965,3,1600092000.0,636494196.312,963597803.6880001,,carbon_api
2025-02-18 01:30:00,blended,"Data centre facility, hyperscale, Virginia (Zhang et al. 2025)","Data centre facility, hyperscale, Virginia (Zhang et al. 2025) (blended)",397.786,205,blended,0.39778600000000003,0.602214,397.786,602.214,0.0,,318618575.6632148,3,1600092000.0,636494196.312,963597803.6880001,,carbon_api
2025-02-18 02:00:00,blended,"Data centre facility, hyperscale, Virginia (Zhang et al. 2025)","Data centre facility, hyperscale, Virginia (Zhang et al. 2025) (blended)",362.718,201,blended,0.36271800000000004,0.6372819999999999,362.718,637.2819999999999,0.0,,328561208.01921463,3,1600092000.0,580382170.0560001,1019709829.9439999,,carbon_api
2025-02-18 02:30:00,blended,"Data centre facility, hyperscale, Virginia (Zhang et al. 2025)","Data centre facility, hyperscale, Virginia (Zhang et al. 2025) (blended)",362.718,190,blended,0.36271800000000004,0.6372819999999999,362.718,637.2819999999999,0.0,,312664711.2231318,3,1600092000.0,580382170.0560001,1019709829.9439999,,carbon_api
2025-02-18 03:00:00,blended,"Data centre facility, hyperscale, Virginia (Zhang et al. 2025)","Data centre facility, hyperscale, Virginia (Zhang et al. 2025) (blended)",325.185,183,blended,0.325185,0.6748149999999999,325.185,674.8149999999999,0.0,,318296269.14994407,3,1600092000.0,520325917.02,1079766082.98,,carbon_api
2025-02-18 03:30:00,blended,"Data centre facility, hyperscale, Virginia (Zhang et al. 2025)","Data centre facility, hyperscale, Virginia (Zhang et al. 2025) (blended)",325.185,190,blended,0.325185,0.6748149999999999,325.185,674.8149999999999,0.0,,328140189.52135426,3,1600092000.0,520325917.02,1079766082.98,,carbon_api
2025-02-18 04:00:00,blended,"Data centre facility, hyperscale, Virginia (Zhang et al. 2025)","Data centre facility, hyperscale, Virginia (Zhang et al. 2025) (blended)",332.778,198,blended,0.332778,0.667222,332.778,667.222,0.0,,337436377.2763564,3,1600092000.0,532475415.57600003,1067616584.424,,carbon_api
2025-02-18 04:30:00,blended,"Data centre facility, hyperscale, Virginia (Zhang et al. 2025)","Data centre facility, hyperscale, Virginia (Zhang et al. 2025) (blended)",332.778,207,blended,0.332778,0.667222,332.778,667.222,0.0,,349144544.02504885,3,1600092000.0,532475415.57600003,1067616584.424,,carbon_api
2025-02-18 05:00:00,blended,"Data centre facility, hyperscale, Virginia (Zhang et al. 2025)","Data centre facility, hyperscale, Virginia (Zhang et al. 2025) (blended)",361.639,221,blended,0.361639,0.638361,361.639,638.361,0.0,,357934161.5434191,3,1600092000.0,578655670.788,1021436329.2119999,,carbon_api
2025-02-18 05:30:00,blended,"Data centre facility, hyperscale, Virginia (Zhang et al. 2025)","Data centre facility, hyperscale, Virginia (Zhang et al. 2025) (blended)",361.639,228,blended,0.361639,0.638361,361.639,638.361,0.0,,372060240.64274096,3,1600092000.0,578655670.788,1021436329.2119999,,carbon_api
2025-02-18 06:00:00,blended,"Data centre facility, hyperscale, Virginia (Zhang et al. 2025)","Data centre facility, hyperscale, Virginia (Zhang et al. 2025) (blended)",391.046,222,blended,0.391046,0.608954,391.046,608.954,0.0,,349093997.12429905,3,1600092000.0,625709576.232,974382423.768,,carbon_api
2025-02-18 06:30:00,blended,"Data centre facility, hyperscale, Virginia (Zhang et al. 2025)","Data centre facility, hyperscale, Virginia (Zhang et al. 2025) (blended)",391.046,214,blended,0.391046,0.608954,391.046,608.954,0.0,,343349474.6648835,3,1600092000.0,625709576.232,974382423.768,,carbon_api
2025-02-18 07:00:00,blended,"Data centre facility, hyperscale, Virginia (Zhang et al. 2025)","Data centre facility, hyperscale, Virginia (Zhang et al. 2025) (blended)",395.425,206,blended,0.395425,0.604575,395.425,604.5749999999999,0.0,,330688151.9655479,3,1600092000.0,632716379.1,967375620.9,,carbon_api
2025-02-18 07:30:00,blended,"Data centre facility, hyperscale, Virginia (Zhang et al. 2025)","Data centre facility, hyperscale, Virginia (Zhang et al. 2025) (blended)",395.425,207,blended,0.395425,0.604575,395.425,604.5749999999999,0.0,,328122938.0060133,3,1600092000.0,632716379.1,967375620.9,,carbon_api
2025-02-18 08:00:00,blended,"Data centre facility, hyperscale, Virginia (Zhang et al. 2025)","Data centre facility, hyperscale, Virginia (Zhang et al. 2025) (blended)",304.952,217,blended,0.304952,0.695048,304.952,695.048,0.0,,364862625.1036961,3,1600092000.0,487951255.584,1112140744.416,,carbon_api
2025-02-18 08:30:00,blended,"Data centre facility, hyperscale, Virginia (Zhang et al. 2025)","Data centre facility, hyperscale, Virginia (Zhang et al. 2025) (blended)",304.952,184,blended,0.304952,0.695048,304.952,695.048,0.0,,340516438.5820091,3,1600092000.0,487951255.584,1112140744.416,,carbon_api
2025-02-18 09:00:00,blended,"Data centre facility, hyperscale, Virginia (Zhang et al. 2025)","Data centre facility, hyperscale, Virginia (Zhang et al. 2025) (blended)",400.488,179,blended,0.400488,0.599512,400.488,599.5120000000001,0.0,,276101783.4370034,3,1600092000.0,640817644.896,959274355.1040001,,carbon_api
2025-02-18 09:30:00,blended,"Data centre facility, hyperscale, Virginia (Zhang et al. 2025)","Data centre facility, hyperscale, Virginia (Zhang et al. 2025) (blended)",400.488,152,blended,0.400488,0.599512,400.488,599.5120000000001,0.0,,240923109.9770024,3,1600092000.0,640817644.896,959274355.1040001,,carbon_api
2025-02-18 10:00:00,blended,"Data centre facility, hyperscale, Virginia (Zhang et al. 2025)","Data centre facility, hyperscale, Virginia (Zhang et al. 2025) (blended)",456.751,140,blended,0.45675099999999996,0.5432490000000001,456.751,543.2490000000001,0.0,,209608035.36817363,3,1600092000.0,730843621.0919999,869248378.9080001,,carbon_api
2025-02-18 10:30:00,blended,"Data centre facility, hyperscale, Virginia (Zhang et al. 2025)","Data centre facility, hyperscale, Virginia (Zhang et al. 2025) (blended)",456.751,131,blended,0.45675099999999996,0.5432490000000001,456.751,543.2490000000001,0.0,,206282305.814803,3,1600092000.0,730843621.0919999,869248378.9080001,,carbon_api
2025-02-18 11:00:00,blended,"Data centre facility, hyperscale, Virginia (Zhang et al. 2025)","Data centre facility, hyperscale, Virginia (Zhang et al. 2025) (blended)",450.063,124,blended,0.450063,0.549937,450.063,549.937,0.0,,199148472.66045967,3,1600092000.0,720142205.796,879949794.204,,carbon_api
2025-02-18 11:30:00,blended,"Data centre facility, hyperscale, Virginia (Zhang et al. 2025)","Data centre facility, hyperscale, Virginia (Zhang et al. 2025) (blended)",450.063,120,blended,0.450063,0.549937,450.063,549.937,0.0,,198939892.42829436,3,1600092000.0,720142205.796,879949794.204,,carbon_api
2025-02-18 12:00:00,blended,"Data centre facility, hyperscale, Virginia (Zhang et al. 2025)","Data centre facility, hyperscale, Virginia (Zhang et al. 2025) (blended)",441.511,120,blended,0.44151100000000004,0.558489,441.511,558.489,0.0,,201280789.91397542,3,1600092000.0,706458219.0120001,893633780.988,,carbon_api
2025-02-18 12:30:00,blended,"Data centre facility, hyperscale, Virginia (Zhang et al. 2025)","Data centre facility, hyperscale, Virginia (Zhang et al. 2025) (blended)",441.511,121,blended,0.44151100000000004,0.558489,441.511,558.489,0.0,,201488218.39753878,3,1600092000.0,706458219.0120001,893633780.988,,carbon_api
2025-02-18 13:00:00,blended,"Data centre facility, hyperscale, Virginia (Zhang et al. 2025)","Data centre facility, hyperscale, Virginia (Zhang et al. 2025) (blended)",441.511,124,blended,0.44151100000000004,0.558489,441.511,558.489,0.0,,202849348.53947356,3,1600092000.0,706458219.0120001,893633780.988,,carbon_api
2025-02-18 13:30:00,blended,"Data centre facility, hyperscale, Virginia (Zhang et al. 2025)","Data centre facility, hyperscale, Virginia (Zhang et al. 2025) (blended)",441.511,133,blended,0.44151100000000004,0.558489,441.511,558.489,0.0,,207863737.33629218,3,1600092000.0,706458219.0120001,893633780.988,,carbon_api
2025-02-18 14:00:00,blended,"Data centre facility, hyperscale, Virginia (Zhang et al. 2025)","Data centre facility, hyperscale, Virginia (Zhang et al. 2025) (blended)",448.219,140,blended,0.448219,0.5517810000000001,448.219,551.7810000000001,0.0,,211838225.60641167,3,1600092000.0,717191636.148,882900363.8520001,,carbon_api
2025-02-18 14:30:00,blended,"Data centre facility, hyperscale, Virginia (Zhang et al. 2025)","Data centre facility, hyperscale, Virginia (Zhang et al. 2025) (blended)",448.219,142,blended,0.448219,0.5517810000000001,448.219,551.7810000000001,0.0,,239215279.63811868,3,1600092000.0,717191636.148,882900363.8520001,,carbon_api
2025-02-18 15:00:00,blended,"Data centre facility, hyperscale, Virginia (Zhang et al. 2025)","Data centre facility, hyperscale, Virginia (Zhang et al. 2025) (blended)",426.533,155,blended,0.426533,0.573467,426.533,573.467,0.0,,260480316.40155655,3,1600092000.0,682492041.036,917599958.9639999,,carbon_api
2025-02-18 15:30:00,blended,"Data centre facility, hyperscale, Virginia (Zhang et al. 2025)","Data centre facility, hyperscale, Virginia (Zhang et al. 2025) (blended)",426.533,161,blended,0.426533,0.573467,426.533,573.467,0.0,,271425904.4959001,3,1600092000.0,682492041.036,917599958.9639999,,carbon_api
2025-02-18 16:00:00,blended,"Data centre facility, hyperscale, Virginia (Zhang et al. 2025)","Data centre facility, hyperscale, Virginia (Zhang et al. 2025) (blended)",430.958,174,blended,0.430958,0.569042,430.958,569.042,0.0,,282173051.3373709,3,1600092000.0,689572448.136,910519551.8640001,,carbon_api
2025-02-18 16:30:00,blended,"Data centre facility, hyperscale, Virginia (Zhang et al. 2025)","Data centre facility, hyperscale, Virginia (Zhang et al. 2025) (blended)",430.958,185,blended,0.430958,0.569042,430.958,569.042,0.0,,290841966.4002769,3,1600092000.0,689572448.136,910519551.8640001,,carbon_api
2025-02-18 17:00:00,blended,"Data centre facility, hyperscale, Virginia (Zhang et al. 2025)","Data centre facility, hyperscale, Virginia (Zhang et al. 2025) (blended)",497.972,184,blended,0.49797199999999997,0.502028,497.972,502.028,0.0,,260933819.0344916,3,1600092000.0,796801013.4239999,803290986.5760001,,carbon_api
2025-02-18 17:30:00,blended,"Data centre facility, hyperscale, Virginia (Zhang et al. 2025)","Data centre facility, hyperscale, Virginia (Zhang et al. 2025) (blended)",497.972,184,blended,0.49797199999999997,0.502028,497.972,502.028,0.0,,256727461.53089947,3,1600092000.0,796801013.4239999,803290986.5760001,,carbon_api
2025-02-18 18:00:00,blended,"Data centre facility, hyperscale, Virginia (Zhang et al. 2025)","Data centre facility, hyperscale, Virginia (Zhang et al. 2025) (blended)",491.096,180,blended,0.491096,0.508904,491.096,508.904,0.0,,258044130.11011213,3,1600092000.0,785798780.832,814293219.168,,carbon_api
2025-02-18 18:30:00,blended,"Data centre facility, hyperscale, Virginia (Zhang et al. 2025)","Data centre facility, hyperscale, Virginia (Zhang et al. 2025) (blended)",491.096,177,blended,0.491096,0.508904,491.096,508.904,0.0,,248590778.01296717,3,1600092000.0,785798780.832,814293219.168,,carbon_api
2025-02-18 19:00:00,blended,"Data centre facility, hyperscale, Virginia (Zhang et al. 2025)","Data centre facility, hyperscale, Virginia (Zhang et al. 2025) (blended)",469.201,165,blended,0.46920100000000003,0.530799,469.201,530.799,0.0,,243751512.1946302,3,1600092000.0,750764766.4920001,849327233.508,,carbon_api
2025-02-18 19:30:00,blended,"Data centre facility, hyperscale, Virginia (Zhang et al. 2025)","Data centre facility, hyperscale, Virginia (Zhang et al. 2025) (blended)",469.201,156,blended,0.46920100000000003,0.530799,469.201,530.799,0.0,,226378392.27902168,3,1600092000.0,750764766.4920001,849327233.508,,carbon_api
2025-02-18 20:00:00,blended,"Data centre facility, hyperscale, Virginia (Zhang et al. 2025)","Data centre facility, hyperscale, Virginia (Zhang et al. 2025) (blended)",457.941,146,blended,0.457941,0.5420590000000001,457.941,542.0590000000001,0.0,,217903934.6888988,3,1600092000.0,732747730.572,867344269.4280001,,carbon_api
2025-02-18 20:30:00,blended,"Data centre facility, hyperscale, Virginia (Zhang et al. 2025)","Data centre facility, hyperscale, Virginia (Zhang et al. 2025) (blended)",457.941,135,blended,0.457941,0.5420590000000001,457.941,542.0590000000001,0.0,,201897300.68138203,3,1600092000.0,732747730.572,867344269.4280001,,carbon_api
2025-02-18 21:00:00,blended,"Data centre facility, hyperscale, Virginia (Zhang et al. 2025)","Data centre facility, hyperscale, Virginia (Zhang et al. 2025) (blended)",459.404,127,blended,0.459404,0.5405960000000001,459.404,540.5960000000001,0.0,,190901681.207032,3,1600092000.0,735088665.168,865003334.8320001,,carbon_api
2025-02-18 21:30:00,blended,"Data centre facility, hyperscale, Virginia (Zhang et al. 2025)","Data centre facility, hyperscale, Virginia (Zhang et al. 2025) (blended)",459.404,116,blended,0.459404,0.5405960000000001,459.404,540.5960000000001,0.0,,168537696.01373234,3,1600092000.0,735088665.168,865003334.8320001,,carbon_api
2025-02-18 22:00:00,blended,"Data centre facility, hyperscale, Virginia (Zhang et al. 2025)","Data centre facility, hyperscale, Virginia (Zhang et al. 2025) (blended)",458.833,98,blended,0.45883300000000005,0.541167,458.833,541.1669999999999,0.0,,142866900.10495114,3,1600092000.0,734175012.636,865916987.364,,carbon_api
2025-02-18 22:30:00,blended,"Data centre facility, hyperscale, Virginia (Zhang et al. 2025)","Data centre facility, hyperscale, Virginia (Zhang et al. 2025) (blended)",458.833,94,blended,0.45883300000000005,0.541167,458.833,541.1669999999999,0.0,,138188852.6381099,3,1600092000.0,734175012.636,865916987.364,,carbon_api
2025-02-18 23:00:00,blended,"Data centre facility, hyperscale, Virginia (Zhang et al. 2025)","Data centre facility, hyperscale, Virginia (Zhang et al. 2025) (blended)",454.247,98,blended,0.454247,0.5457529999999999,454.247,545.7529999999999,0.0,,144947703.15887064,3,1600092000.0,726836990.724,873255009.2759999,,carbon_api
2025-02-18 23:30:00,blended,"Data centre facility, hyperscale, Virginia (Zhang et al. 2025)","Data centre facility, hyperscale, Virginia (Zhang et al. 2025) (blended)",454.247,105,blended,0.454247,0.5457529999999999,454.247,545.7529999999999,0.0,,157593645.2520347,3,1600092000.0,726836990.724,873255009.2759999,,carbon_api
2025-02-19 00:00:00,blended,"Data centre facility, hyperscale, Virginia (Zhang et al. 2025)","Data centre facility, hyperscale, Virginia (Zhang et al. 2025) (blended)",456.265,112,blended,0.456265,0.5437350000000001,456.265,543.7350000000001,0.0,,167363116.85478893,3,1600092000.0,730065976.38,870026023.6200001,,carbon_api
2025-02-19 00:30:00,blended,"Data centre facility, hyperscale, Virginia (Zhang et al. 2025)","Data centre facility, hyperscale, Virginia (Zhang et al. 2025) (blended)",456.265,111,blended,0.456265,0.5437350000000001,456.265,543.7350000000001,0.0,,175010915.55946413,3,1600092000.0,730065976.38,870026023.6200001,,carbon_api
2025-02-19 01:00:00,blended,"Data centre facility, hyperscale, Virginia (Zhang et al. 2025)","Data centre facility, hyperscale, Virginia (Zhang et al. 2025) (blended)",459.395,94,blended,0.459395,0.540605,459.395,540.605,0.0,,154663058.07651624,3,1600092000.0,735074264.34,865017735.66,,carbon_api
2025-02-19 01:30:00,blended,"Data centre facility, hyperscale, Virginia (Zhang et al. 2025)","Data centre facility, hyperscale, Virginia (Zhang et al. 2025) (blended)",459.395,96,blended,0.459395,0.540605,459.395,540.605,0.0,,152215757.70508447,3,1600092000.0,735074264.34,865017735.66,,carbon_api
2025-02-19 02:00:00,blended,"Data centre facility, hyperscale, Virginia (Zhang et al. 2025)","Data centre facility, hyperscale, Virginia (Zhang et al. 2025) (blended)",462.212,98,blended,0.462212,0.5377879999999999,462.212,537.7879999999999,0.0,,152541603.70416564,3,1600092000.0,739581723.5040001,860510276.4959999,,carbon_api
2025-02-19 02:30:00,blended,"Data centre facility, hyperscale, Virginia (Zhang et al. 2025)","Data centre facility, hyperscale, Virginia (Zhang et al. 2025) (blended)",462.212,81,blended,0.462212,0.5377879999999999,462.212,537.7879999999999,0.0,,143601823.7890533,3,1600092000.0,739581723.5040001,860510276.4959999,,carbon_api
2025-02-19 03:00:00,blended,"Data centre facility, hyperscale, Virginia (Zhang et al. 2025)","Data centre facility, hyperscale, Virginia (Zhang et al. 2025) (blended)",504.461,81,blended,0.504461,0.49553899999999995,504.46100000000007,495.53899999999993,0.0,,138713376.45779026,3,1600092000.0,807184010.4120001,792907989.5879999,,carbon_api
2025-02-19 03:30:00,blended,"Data centre facility, hyperscale, Virginia (Zhang et al. 2025)","Data centre facility, hyperscale, Virginia (Zhang et al. 2025) (blended)",504.461,81,blended,0.504461,0.49553899999999995,504.46100000000007,495.53899999999993,0.0,,136127612.75475442,3,1600092000.0,807184010.4120001,792907989.5879999,,carbon_api
2025-02-19 04:00:00,blended,"Data centre facility, hyperscale, Virginia (Zhang et al. 2025)","Data centre facility, hyperscale, Virginia (Zhang et al. 2025) (blended)",500.713,72,blended,0.5007130000000001,0.4992869999999999,500.7130000000001,499.2869999999999,0.0,,126777289.79961139,3,1600092000.0,801186865.5960001,798905134.4039999,,carbon_api
2025-02-19 04:30:00,blended,"Data centre facility, hyperscale, Virginia (Zhang et al. 2025)","Data centre facility, hyperscale, Virginia (Zhang et al. 2025) (blended)",500.713,76,blended,0.5007130000000001,0.4992869999999999,500.7130000000001,499.2869999999999,0.0,,127219336.4520253,3,1600092000.0,801186865.5960001,798905134.4039999,,carbon_api
2025-02-19 05:00:00,blended,"Data centre facility, hyperscale, Virginia (Zhang et al. 2025)","Data centre facility, hyperscale, Virginia (Zhang et al. 2025) (blended)",472.528,96,blended,0.472528,0.5274719999999999,472.528,527.472,0.0,,155717242.15456662,3,1600092000.0,756088272.576,844003727.4239999,,carbon_api
2025-02-19 05:30:00,blended,"Data centre facility, hyperscale, Virginia (Zhang et al. 2025)","Data centre facility, hyperscale, Virginia (Zhang et al. 2025) (blended)",472.528,125,blended,0.472528,0.5274719999999999,472.528,527.472,0.0,,190464355.13237366,3,1600092000.0,756088272.576,844003727.4239999,,carbon_api
2025-02-19 06:00:00,blended,"Data centre facility, hyperscale, Virginia (Zhang et al. 2025)","Data centre facility, hyperscale, Virginia (Zhang et al. 2025) (blended)",430.119,158,blended,0.43011900000000003,0.569881,430.119,569.881,0.0,,245969119.80604357,3,1600092000.0,688229970.9480001,911862029.0519999,,carbon_api
2025-02-19 06:30:00,blended,"Data centre facility, hyperscale, Virginia (Zhang et al. 2025)","Data centre facility, hyperscale, Virginia (Zhang et al. 2025) (blended)",430.119,171,blended,0.43011900000000003,0.569881,430.119,569.881,0.0,,248420219.21345386,3,1600092000.0,688229970.9480001,911862029.0519999,,carbon_api
2025-02-19 07:00:00,blended,"Data centre facility, hyperscale, Virginia (Zhang et al. 2025)","Data centre facility, hyperscale, Virginia (Zhang et al. 2025) (blended)",380.172,172,blended,0.380172,0.619828,380.172,619.8280000000001,0.0,,267633038.93022165,3,1600092000.0,608310175.824,991781824.1760001,,carbon_api
2025-02-19 07:30:00,blended,"Data centre facility, hyperscale, Virginia (Zhang et al. 2025)","Data centre facility, hyperscale, Virginia (Zhang et al. 2025) (blended)",380.172,168,blended,0.380172,0.619828,380.172,619.8280000000001,0.0,,256543984.81858948,3,1600092000.0,608310175.824,991781824.1760001,,carbon_api
2025-02-19 08:00:00,blended,"Data centre facility, hyperscale, Virginia (Zhang et al. 2025)","Data centre facility, hyperscale, Virginia (Zhang et al. 2025) (blended)",364.273,169,blended,0.364273,0.6357269999999999,364.273,635.727,0.0,,264494073.19581503,3,1600092000.0,582870313.116,1017221686.884,,carbon_api
2025-02-19 08:30:00,blended,"Data centre facility, hyperscale, Virginia (Zhang et al. 2025)","Data centre facility, hyperscale, Virginia (Zhang et al. 2025) (blended)",364.273,170,blended,0.364273,0.6357269999999999,364.273,635.727,0.0,,260750829.58697227,3,1600092000.0,582870313.116,1017221686.884,,carbon_api
2025-02-19 09:00:00,blended,"Data centre facility, hyperscale, Virginia (Zhang et al. 2025)","Data centre facility, hyperscale, Virginia (Zhang et al. 2025) (blended)",341.616,166,blended,0.341616,0.6583840000000001,341.616,658.3840000000001,0.0,,268771030.86249423,3,1600092000.0,546617028.6719999,1053474971.3280002,,carbon_api
2025-02-19 09:30:00,blended,"Data centre facility, hyperscale, Virginia (Zhang et al. 2025)","Data centre facility, hyperscale, Virginia (Zhang et al. 2025) (blended)",341.616,163,blended,0.341616,0.6583840000000001,341.616,658.3840000000001,0.0,,270457222.8754368,3,1600092000.0,546617028.6719999,1053474971.3280002,,carbon_api
2025-02-19 10:00:00,blended,"Data centre facility, hyperscale, Virginia (Zhang et al. 2025)","Data centre facility, hyperscale, Virginia (Zhang et al. 2025) (blended)",305.204,167,blended,0.30520400000000003,0.694796,305.204,694.7959999999999,0.0,,288843776.9044286,3,1600092000.0,488354478.76800007,1111737521.2319999,,carbon_api
2025-02-19 10:30:00,blended,"Data centre facility, hyperscale, Virginia (Zhang et al. 2025)","Data centre facility, hyperscale, Virginia (Zhang et al. 2025) (blended)",305.204,169,blended,0.30520400000000003,0.694796,305.204,694.7959999999999,0.0,,295804348.26178026,3,1600092000.0,488354478.76800007,1111737521.2319999,,carbon_api
2025-02-19 11:00:00,blended,"Data centre facility, hyperscale, Virginia (Zhang et al. 2025)","Data centre facility, hyperscale, Virginia (Zhang et al. 2025) (blended)",304.801,176,blended,0.304801,0.695199,304.801,695.199,0.0,,309556444.11123544,3,1600092000.0,487709641.692,1112382358.308,,carbon_api
2025-02-19 11:30:00,blended,"Data centre facility, hyperscale, Virginia (Zhang et al. 2025)","Data centre facility, hyperscale, Virginia (Zhang et al. 2025) (blended)",304.801,182,blended,0.304801,0.695199,304.801,695.199,0.0,,316813274.70383835,3,1600092000.0,487709641.692,1112382358.308,,carbon_api
2025-02-19 12:00:00,blended,"Data centre facility, hyperscale, Virginia (Zhang et al. 2025)","Data centre facility, hyperscale, Virginia (Zhang et al. 2025) (blended)",277.843,180,blended,0.277843,0.7221569999999999,277.843,722.1569999999999,0.0,,325416801.18125194,3,1600092000.0,444574361.556,1155517638.444,,carbon_api
2025-02-19 12:30:00,blended,"Data centre facility, hyperscale, Virginia (Zhang et al. 2025)","Data centre facility, hyperscale, Virginia (Zhang et al. 2025) (blended)",277.843,180,blended,0.277843,0.7221569999999999,277.843,722.1569999999999,0.0,,329131624.82070506,3,1600092000.0,444574361.556,1155517638.444,,carbon_api
2025-02-19 13:00:00,blended,"Data centre facility, hyperscale, Virginia (Zhang et al. 2025)","Data centre facility, hyperscale, Virginia (Zhang et al. 2025) (blended)",252.87,182,blended,0.25287,0.7471300000000001,252.86999999999998,747.1300000000001,0.0,,343636247.336816,3,1600092000.0,404615264.03999996,1195476735.96,,carbon_api
2025-02-19 13:30:00,blended,"Data centre facility, hyperscale, Virginia (Zhang et al. 2025)","Data centre facility, hyperscale, Virginia (Zhang et al. 2025) (blended)",252.87,188,blended,0.25287,0.7471300000000001,252.86999999999998,747.1300000000001,0.0,,353132254.00608915,3,1600092000.0,404615264.03999996,1195476735.96,,carbon_api
2025-02-19 14:00:00,blended,"Data centre facility, hyperscale, Virginia (Zhang et al. 2025)","Data centre facility, hyperscale, Virginia (Zhang et al. 2025) (blended)",227.406,196,blended,0.227406,0.772594,227.406,772.594,0.0,,374357878.57228637,3,1600092000.0,363870521.352,1236221478.648,,carbon_api
2025-02-19 14:30:00,blended,"Data centre facility, hyperscale, Virginia (Zhang et al. 2025)","Data centre facility, hyperscale, Virginia (Zhang et al. 2025) (blended)",227.406,208,blended,0.227406,0.772594,227.406,772.594,0.0,,380684344.70655996,3,1600092000.0,363870521.352,1236221478.648,,carbon_api
2025-02-19 15:00:00,blended,"Data centre facility, hyperscale, Virginia (Zhang et al. 2025)","Data centre facility, hyperscale, Virginia (Zhang et al. 2025) (blended)",232.907,210,blended,0.232907,0.767093,232.907,767.0930000000001,0.0,,384644356.10917485,3,1600092000.0,372672627.444,1227419372.556,,carbon_api
2025-02-19 15:30:00,blended,"Data centre facility, hyperscale, Virginia (Zhang et al. 2025)","Data centre facility, hyperscale, Virginia (Zhang et al. 2025) (blended)",232.907,203,blended,0.232907,0.767093,232.907,767.0930000000001,0.0,,396917068.6217871,3,1600092000.0,372672627.444,1227419372.556,,carbon_api
2025-02-19 16:00:00,blended,"Data centre facility, hyperscale, Virginia (Zhang et al. 2025)","Data centre facility, hyperscale, Virginia (Zhang et al. 2025) (blended)",298.166,210,blended,0.298166,0.7018340000000001,298.166,701.8340000000001,0.0,,377841148.13436556,3,1600092000.0,477093031.27199996,1122998968.7280002,,carbon_api
2025-02-19 16:30:00,blended,"Data centre facility, hyperscale, Virginia (Zhang et al. 2025)","Data centre facility, hyperscale, Virginia (Zhang et al. 2025) (blended)",298.166,215,blended,0.298166,0.7018340000000001,298.166,701.8340000000001,0.0,,392873387.56528145,3,1600092000.0,477093031.27199996,1122998968.7280002,,carbon_api
2025-02-19 17:00:00,blended,"Data centre facility, hyperscale, Virginia (Zhang et al. 2025)","Data centre facility, hyperscale, Virginia (Zhang et al. 2025) (blended)",389.043,226,blended,0.389043,0.610957,389.043,610.957,0.0,,351028385.8269198,3,1600092000.0,622504591.9560001,977587408.0439999,,carbon_api
2025-02-19 17:30:00,blended,"Data centre facility, hyperscale, Virginia (Zhang et al. 2025)","Data centre facility, hyperscale, Virginia (Zhang et al. 2025) (blended)",389.043,227,blended,0.389043,0.610957,389.043,610.957,0.0,,351268389.84134054,3,1600092000.0,622504591.9560001,977587408.0439999,,carbon_api
2025-02-19 18:00:00,blended,"Data centre facility, hyperscale, Virginia (Zhang et al. 2025)","Data centre facility, hyperscale, Virginia (Zhang et al. 2025) (blended)",427.722,221,blended,0.427722,0.5722780000000001,427.722,572.278,0.0,,324814814.2865527,3,1600092000.0,684394550.424,915697449.5760001,,carbon_api
2025-02-19 18:30:00,blended,"Data centre facility, hyperscale, Virginia (Zhang et al. 2025)","Data centre facility, hyperscale, Virginia (Zhang et al. 2025) (blended)",427.722,224,blended,0.427722,0.5722780000000001,427.722,572.278,0.0,,323597694.0562283,3,1600092000.0,684394550.424,915697449.5760001,,carbon_api
2025-02-19 19:00:00,blended,"Data centre facility, hyperscale, Virginia (Zhang et al. 2025)","Data centre facility, hyperscale, Virginia (Zhang et al. 2025) (blended)",425.031,209,blended,0.425031,0.5749690000000001,425.031,574.969,0.0,,312471585.8514584,3,1600092000.0,680088702.852,920003297.1480001,,carbon_api
2025-02-19 19:30:00,blended,"Data centre facility, hyperscale, Virginia (Zhang et al. 2025)","Data centre facility, hyperscale, Virginia (Zhang et al. 2025) (blended)",425.031,197,blended,0.425031,0.5749690000000001,425.031,574.969,0.0,,289849903.1733561,3,1600092000.0,680088702.852,920003297.1480001,,carbon_api
2025-02-19 20:00:00,blended,"Data centre facility, hyperscale, Virginia (Zhang et al. 2025)","Data centre facility, hyperscale, Virginia (Zhang et al. 2025) (blended)",423.461,181,blended,0.42346100000000003,0.5765389999999999,423.461,576.5389999999999,0.0,,273423284.0384323,3,1600092000.0,677576558.4120001,922515441.5879998,,carbon_api
2025-02-19 20:30:00,blended,"Data centre facility, hyperscale, Virginia (Zhang et al. 2025)","Data centre facility, hyperscale, Virginia (Zhang et al. 2025) (blended)",423.461,163,blended,0.42346100000000003,0.5765389999999999,423.461,576.5389999999999,0.0,,254186145.09328368,3,1600092000.0,677576558.4120001,922515441.5879998,,carbon_api
2025-02-19 21:00:00,blended,"Data centre facility, hyperscale, Virginia (Zhang et al. 2025)","Data centre facility, hyperscale, Virginia (Zhang et al. 2025) (blended)",460.748,159,blended,0.460748,0.5392520000000001,460.748,539.2520000000001,0.0,,233085765.65395048,3,1600092000.0,737239188.816,862852811.1840001,,carbon_api
2025-02-19 21:30:00,blended,"Data centre facility, hyperscale, Virginia (Zhang et al. 2025)","Data centre facility, hyperscale, Virginia (Zhang et al. 2025) (blended)",460.748,165,blended,0.460748,0.5392520000000001,460.748,539.2520000000001,0.0,,230520572.47221217,3,1600092000.0,737239188.816,862852811.1840001,,carbon_api
2025-02-19 22:00:00,blended,"Data centre facility, hyperscale, Virginia (Zhang et al. 2025)","Data centre facility, hyperscale, Virginia (Zhang et al. 2025) (blended)",494.72,156,blended,0.49472000000000005,0.50528,494.72,505.28,0.0,,215166385.54691887,3,1600092000.0,791597514.2400001,808494485.7599999,,carbon_api
2025-02-19 22:30:00,blended,"Data centre facility, hyperscale, Virginia (Zhang et al. 2025)","Data centre facility, hyperscale, Virginia (Zhang et al. 2025) (blended)",494.72,136,blended,0.49472000000000005,0.50528,494.72,505.28,0.0,,196083525.26442075,3,1600092000.0,791597514.2400001,808494485.7599999,,carbon_api
2025-02-19 23:00:00,blended,"Data centre facility, hyperscale, Virginia (Zhang et al. 2025)","Data centre facility, hyperscale, Virginia (Zhang et al. 2025) (blended)",501.953,144,blended,0.501953,0.498047,501.953,498.047,0.0,,204347074.9244762,3,1600092000.0,803170979.676,796921020.324,,carbon_api
2025-02-19 23:30:00,blended,"Data centre facility, hyperscale, Virginia (Zhang et al. 2025)","Data centre facility, hyperscale, Virginia (Zhang et al. 2025) (blended)",501.953,137,blended,0.501953,0.498047,501.953,498.047,0.0,,199883416.52343675,3,1600092000.0,803170979.676,796921020.324,,carbon_api
2025-02-20 00:00:00,blended,"Data centre facility, hyperscale, Virginia (Zhang et al. 2025)","Data centre facility, hyperscale, Virginia (Zhang et al. 2025) (blended)",510.323,143,blended,0.510323,0.48967700000000003,510.323,489.677,0.0,,203676081.23091787,3,1600092000.0,816563749.716,783528250.284,,carbon_api
2025-02-20 00:30:00,blended,"Data centre facility, hyperscale, Virginia (Zhang et al. 2025)","Data centre facility, hyperscale, Virginia (Zhang et al. 2025) (blended)",510.323,144,blended,0.510323,0.48967700000000003,510.323,489.677,0.0,,205828707.5162579,3,1600092000.0,816563749.716,783528250.284,,carbon_api
2025-02-20 01:00:00,blended,"Data centre facility, hyperscale, Virginia (Zhang et al. 2025)","Data centre facility, hyperscale, Virginia (Zhang et al. 2025) (blended)",547.007,135,blended,0.5470069999999999,0.4529930000000001,547.007,452.9930000000001,0.0,,184436056.68370622,3,1600092000.0,875261524.6439998,724830475.3560002,,carbon_api
2025-02-20 01:30:00,blended,"Data centre facility, hyperscale, Virginia (Zhang et al. 2025)","Data centre facility, hyperscale, Virginia (Zhang et al. 2025) (blended)",547.007,133,blended,0.5470069999999999,0.4529930000000001,547.007,452.9930000000001,0.0,,181143030.87843376,3,1600092000.0,875261524.6439998,724830475.3560002,,carbon_api
2025-02-20 02:00:00,blended,"Data centre facility, hyperscale, Virginia (Zhang et al. 2025)","Data centre facility, hyperscale, Virginia (Zhang et al. 2025) (blended)",613.174,127,blended,0.613174,0.386826,613.174,386.826,0.0,,155901643.31050408,3,1600092000.0,981134812.008,618957187.992,,carbon_api
2025-02-20 02:30:00,blended,"Data centre facility, hyperscale, Virginia (Zhang et al. 2025)","Data centre facility, hyperscale, Virginia (Zhang et al. 2025) (blended)",613.174,132,blended,0.613174,0.386826,613.174,386.826,0.0,,159904808.47491518,3,1600092000.0,981134812.008,618957187.992,,carbon_api
2025-02-20 03:00:00,blended,"Data centre facility, hyperscale, Virginia (Zhang et al. 2025)","Data centre facility, hyperscale, Virginia (Zhang et al. 2025) (blended)",652.965,123,blended,0.652965,0.347035,652.965,347.03499999999997,0.0,,141323155.2658648,3,1600092000.0,1044804072.78,555287927.22,,carbon_api
2025-02-20 03:30:00,blended,"Data centre facility, hyperscale, Virginia (Zhang et al. 2025)","Data centre facility, hyperscale, Virginia (Zhang et al. 2025) (blended)",652.965,123,blended,0.652965,0.347035,652.965,347.03499999999997,0.0,,141150844.6695878,3,1600092000.0,1044804072.78,555287927.22,,carbon_api
2025-02-20 04:00:00,blended,"Data centre facility, hyperscale, Virginia (Zhang et al. 2025)","Data centre facility, hyperscale, Virginia (Zhang et al. 2025) (blended)",592.682,115,blended,0.592682,0.40731799999999996,592.682,407.318,0.0,,150119252.15161726,3,1600092000.0,948345726.7440001,651746273.2559999,,carbon_api
2025-02-20 04:30:00,blended,"Data centre facility, hyperscale, Virginia (Zhang et al. 2025)","Data centre facility, hyperscale, Virginia (Zhang et al. 2025) (blended)",592.682,96,blended,0.592682,0.40731799999999996,592.682,407.318,0.0,,132582440.71655577,3,1600092000.0,948345726.7440001,651746273.2559999,,carbon_api
2025-02-20 05:00:00,blended,"Data centre facility, hyperscale, Virginia (Zhang et al. 2025)","Data centre facility, hyperscale, Virginia (Zhang et al. 2025) (blended)",657.636,92,blended,0.657636,0.342364,657.636,342.364,0.0,,114825633.5191772,3,1600092000.0,1052278102.512,547813897.488,,carbon_api
2025-02-20 05:30:00,blended,"Data centre facility, hyperscale, Virginia (Zhang et al. 2025)","Data centre facility, hyperscale, Virginia (Zhang et al. 2025) (blended)",657.636,95,blended,0.657636,0.342364,657.636,342.364,0.0,,116820673.11554304,3,1600092000.0,1052278102.512,547813897.488,,carbon_api
2025-02-20 06:00:00,blended,"Data centre facility, hyperscale, Virginia (Zhang et al. 2025)","Data centre facility, hyperscale, Virginia (Zhang et al. 2025) (blended)",738.802,101,blended,0.7388020000000001,0.26119799999999993,738.802,261.1979999999999,0.0,,103010003.91236511,3,1600092000.0,1182151169.7840002,417940830.2159999,,carbon_api
2025-02-20 06:30:00,blended,"Data centre facility, hyperscale, Virginia (Zhang et al. 2025)","Data centre facility, hyperscale, Virginia (Zhang et al. 2025) (blended)",738.802,77,blended,0.7388020000000001,0.26119799999999993,738.802,261.1979999999999,0.0,,88637823.9092052,3,1600092000.0,1182151169.7840002,417940830.2159999,,carbon_api
2025-02-20 07:00:00,blended,"Data centre facility, hyperscale, Virginia (Zhang et al. 2025)","Data centre facility, hyperscale, Virginia (Zhang et al. 2025) (blended)",739.657,72,blended,0.739657,0.260343,739.657,260.343,0.0,,85120146.5322783,3,1600092000.0,1183519248.444,416572751.556,,carbon_api
2025-02-20 07:30:00,blended,"Data centre facility, hyperscale, Virginia (Zhang et al. 2025)","Data centre facility, hyperscale, Virginia (Zhang et al. 2025) (blended)",739.657,86,blended,0.739657,0.260343,739.657,260.343,0.0,,93133665.47313997,3,1600092000.0,1183519248.444,416572751.556,,carbon_api
2025-02-20 08:00:00,blended,"Data centre facility, hyperscale, Virginia (Zhang et al. 2025)","Data centre facility, hyperscale, Virginia (Zhang et al. 2025) (blended)",683.001,87,blended,0.683001,0.31699900000000003,683.001,316.999,0.0,,104978855.8711468,3,1600092000.0,1092864436.092,507227563.90800005,,carbon_api
2025-02-20 08:30:00,blended,"Data centre facility, hyperscale, Virginia (Zhang et al. 2025)","Data centre facility, hyperscale, Virginia (Zhang et al. 2025) (blended)",683.001,91,blended,0.683001,0.31699900000000003,683.001,316.999,0.0,,105369727.7193115,3,1600092000.0,1092864436.092,507227563.90800005,,carbon_api
2025-02-20 09:00:00,blended,"Data centre facility, hyperscale, Virginia (Zhang et al. 2025)","Data centre facility, hyperscale, Virginia (Zhang et al. 2025) (blended)",726.406,97,blended,0.726406,0.273594,726.406,273.594,0.0,,100472233.94341686,3,1600092000.0,1162316429.352,437775570.648,,carbon_api
2025-02-20 09:30:00,blended,"Data centre facility, hyperscale, Virginia (Zhang et al. 2025)","Data centre facility, hyperscale, Virginia (Zhang et al. 2025) (blended)",726.406,87,blended,0.726406,0.273594,726.406,273.594,0.0,,98632615.62759814,3,1600092000.0,1162316429.352,437775570.648,,carbon_api
2025-02-20 10:00:00,blended,"Data centre facility, hyperscale, Virginia (Zhang et al. 2025)","Data centre facility, hyperscale, Virginia (Zhang et al. 2025) (blended)",804.097,84,blended,0.804097,0.19590300000000005,804.097,195.90300000000005,0.0,,82334808.15410268,3,1600092000.0,1286629176.924,313462823.0760001,,carbon_api
2025-02-20 10:30:00,blended,"Data centre facility, hyperscale, Virginia (Zhang et al. 2025)","Data centre facility, hyperscale, Virginia (Zhang et al. 2025) (blended)",804.097,96,blended,0.804097,0.19590300000000005,804.097,195.90300000000005,0.0,,84171212.9660339,3,1600092000.0,1286629176.924,313462823.0760001,,carbon_api
2025-02-20 11:00:00,blended,"Data centre facility, hyperscale, Virginia (Zhang et al. 2025)","Data centre facility, hyperscale, Virginia (Zhang et al. 2025) (blended)",880.334,106,blended,0.880334,0.11966600000000005,880.334,119.66600000000005,0.0,,69075073.80310947,3,1600092000.0,1408615390.728,191476609.27200007,,carbon_api
2025-02-20 11:30:00,blended,"Data centre facility, hyperscale, Virginia (Zhang et al. 2025)","Data centre facility, hyperscale, Virginia (Zhang et al. 2025) (blended)",880.334,99,blended,0.880334,0.11966600000000005,880.334,119.66600000000005,0.0,,68832016.98605815,3,1600092000.0,1408615390.728,191476609.27200007,,carbon_api
2025-02-20 12:00:00,blended,"Data centre facility, hyperscale, Virginia (Zhang et al. 2025)","Data centre facility, hyperscale, Virginia (Zhang et al. 2025) (blended)",886.423,93,blended,0.886423,0.11357700000000004,886.423,113.57700000000004,0.0,,66172247.67484486,3,1600092000.0,1418358350.916,181733649.08400005,,carbon_api
2025-02-20 12:30:00,blended,"Data centre facility, hyperscale, Virginia (Zhang et al. 2025)","Data centre facility, hyperscale, Virginia (Zhang et al. 2025) (blended)",886.423,93,blended,0.886423,0.11357700000000004,886.423,113.57700000000004,0.0,,66868069.16003508,3,1600092000.0,1418358350.916,181733649.08400005,,carbon_api
2025-02-20 13:00:00,blended,"Data centre facility, hyperscale, Virginia (Zhang et al. 2025)","Data centre facility, hyperscale, Virginia (Zhang et al. 2025) (blended)",865.798,95,blended,0.865798,0.13420200000000004,865.798,134.20200000000006,0.0,,71354763.89291233,3,1600092000.0,1385356453.416,214735546.58400008,,carbon_api
2025-02-20 13:30:00,blended,"Data centre facility, hyperscale, Virginia (Zhang et al. 2025)","Data centre facility, hyperscale, Virginia (Zhang et al. 2025) (blended)",865.798,99,blended,0.865798,0.13420200000000004,865.798,134.20200000000006,0.0,,71892443.5401585,3,1600092000.0,1385356453.416,214735546.58400008,,carbon_api
2025-02-20 14:00:00,blended,"Data centre facility, hyperscale, Virginia (Zhang et al. 2025)","Data centre facility, hyperscale, Virginia (Zhang et al. 2025) (blended)",839.872,95,blended,0.839872,0.16012800000000005,839.872,160.12800000000004,0.0,,76110167.43383951,3,1600092000.0,1343872468.224,256219531.77600008,,carbon_api
2025-02-20 14:30:00,blended,"Data centre facility, hyperscale, Virginia (Zhang et al. 2025)","Data centre facility, hyperscale, Virginia (Zhang et al. 2025) (blended)",839.872,75,blended,0.839872,0.16012800000000005,839.872,160.12800000000004,0.0,,74233452.35779223,3,1600092000.0,1343872468.224,256219531.77600008,,carbon_api
2025-02-20 15:00:00,blended,"Data centre facility, hyperscale, Virginia (Zhang et al. 2025)","Data centre facility, hyperscale, Virginia (Zhang et al. 2025) (blended)",815.217,79,blended,0.815217,0.18478300000000003,815.217,184.78300000000004,0.0,,80497545.42950603,3,1600092000.0,1304422199.964,295669800.0360001,,carbon_api
2025-02-20 15:30:00,blended,"Data centre facility, hyperscale, Virginia (Zhang et al. 2025)","Data centre facility, hyperscale, Virginia (Zhang et al. 2025) (blended)",815.217,88,blended,0.815217,0.18478300000000003,815.217,184.78300000000004,0.0,,81260319.37679717,3,1600092000.0,1304422199.964,295669800.0360001,,carbon_api
2025-02-20 16:00:00,blended,"Data centre facility, hyperscale, Virginia (Zhang et al. 2025)","Data centre facility, hyperscale, Virginia (Zhang et al. 2025) (blended)",772.839,92,blended,0.772839,0.22716099999999995,772.839,227.16099999999994,0.0,,91504330.63354433,3,1600092000.0,1236613501.1880002,363478498.8119999,,carbon_api
2025-02-20 16:30:00,blended,"Data centre facility, hyperscale, Virginia (Zhang et al. 2025)","Data centre facility, hyperscale, Virginia (Zhang et al. 2025) (blended)",772.839,116,blended,0.772839,0.22716099999999995,772.839,227.16099999999994,0.0,,94050820.11243144,3,1600092000.0,1236613501.1880002,363478498.8119999,,carbon_api
2025-02-20 17:00:00,blended,"Data centre facility, hyperscale, Virginia (Zhang et al. 2025)","Data centre facility, hyperscale, Virginia (Zhang et al. 2025) (blended)",728.428,118,blended,0.728428,0.27157200000000004,728.428,271.57200000000006,0.0,,103044615.37367824,3,1600092000.0,1165551815.376,434540184.6240001,,carbon_api
2025-02-20 17:30:00,blended,"Data centre facility, hyperscale, Virginia (Zhang et al. 2025)","Data centre facility, hyperscale, Virginia (Zhang et al. 2025) (blended)",728.428,126,blended,0.728428,0.27157200000000004,728.428,271.57200000000006,0.0,,104184446.48619673,3,1600092000.0,1165551815.376,434540184.6240001,,carbon_api
2025-02-20 18:00:00,blended,"Data centre facility, hyperscale, Virginia (Zhang et al. 2025)","Data centre facility, hyperscale, Virginia (Zhang et al. 2025) (blended)",686.77,123,blended,0.68677,0.31323,686.77,313.23,0.0,,111277006.91979808,3,1600092000.0,1098895182.84,501196817.16,,carbon_api
2025-02-20 18:30:00,blended,"Data centre facility, hyperscale, Virginia (Zhang et al. 2025)","Data centre facility, hyperscale, Virginia (Zhang et al. 2025) (blended)",686.77,123,blended,0.68677,0.31323,686.77,313.23,0.0,,111763983.09841442,3,1600092000.0,1098895182.84,501196817.16,,carbon_api
2025-02-20 19:00:00,blended,"Data centre facility, hyperscale, Virginia (Zhang et al. 2025)","Data centre facility, hyperscale, Virginia (Zhang et al. 2025) (blended)",620.77,122,blended,0.6207699999999999,0.37923000000000007,620.77,379.2300000000001,0.0,,125690143.08174413,3,1600092000.0,993289110.8399999,606802889.1600001,,carbon_api
2025-02-20 19:30:00,blended,"Data centre facility, hyperscale, Virginia (Zhang et al. 2025)","Data centre facility, hyperscale, Virginia (Zhang et al. 2025) (blended)",620.77,124,blended,0.6207699999999999,0.37923000000000007,620.77,379.2300000000001,0.0,,130652716.51709518,3,1600092000.0,993289110.8399999,606802889.1600001,,carbon_api
2025-02-20 20:00:00,blended,"Data centre facility, hyperscale, Virginia (Zhang et al. 2025)","Data centre facility, hyperscale, Virginia (Zhang et al. 2025) (blended)",584.386,123,blended,0.584386,0.41561400000000004,584.386,415.61400000000003,0.0,,138987036.65081364,3,1600092000.0,935071363.512,665020636.488,,carbon_api
2025-02-20 20:30:00,blended,"Data centre facility, hyperscale, Virginia (Zhang et al. 2025)","Data centre facility, hyperscale, Virginia (Zhang et al. 2025) (blended)",584.386,133,blended,0.584386,0.41561400000000004,584.386,415.61400000000003,0.0,,135565978.08192822,3,1600092000.0,935071363.512,665020636.488,,carbon_api
2025-02-20 21:00:00,blended,"Data centre facility, hyperscale, Virginia (Zhang et al. 2025)","Data centre facility, hyperscale, Virginia (Zhang et al. 2025) (blended)",544.336,128,blended,0.544336,0.45566399999999996,544.336,455.66399999999993,0.0,,137635197.370429,3,1600092000.0,870987678.9120001,729104321.0879999,,carbon_api
2025-02-20 21:30:00,blended,"Data centre facility, hyperscale, Virginia (Zhang et al. 2025)","Data centre facility, hyperscale, Virginia (Zhang et al. 2025) (blended)",544.336,119,blended,0.544336,0.45566399999999996,544.336,455.66399999999993,0.0,,141783936.3015493,3,1600092000.0,870987678.9120001,729104321.0879999,,carbon_api
2025-02-20 22:00:00,blended,"Data centre facility, hyperscale, Virginia (Zhang et al. 2025)","Data centre facility, hyperscale, Virginia (Zhang et al. 2025) (blended)",526.348,116,blended,0.5263479999999999,0.4736520000000001,526.348,473.6520000000001,0.0,,145249056.67741796,3,1600092000.0,842205224.0159999,757886775.9840001,,carbon_api
2025-02-20 22:30:00,blended,"Data centre facility, hyperscale, Virginia (Zhang et al. 2025)","Data centre facility, hyperscale, Virginia (Zhang et al. 2025) (blended)",526.348,91,blended,0.5263479999999999,0.4736520000000001,526.348,473.6520000000001,0.0,,141849960.0231595,3,1600092000.0,842205224.0159999,757886775.9840001,,carbon_api
2025-02-20 23:00:00,blended,"Data centre facility, hyperscale, Virginia (Zhang et al. 2025)","Data centre facility, hyperscale, Virginia (Zhang et al. 2025) (blended)",525.35,99,blended,0.52535,0.47465,525.35,474.65000000000003,0.0,,151584023.21393043,3,1600092000.0,840608332.1999999,759483667.8000001,,carbon_api
2025-02-20 23:30:00,blended,"Data centre facility, hyperscale, Virginia (Zhang et al. 2025)","Data centre facility, hyperscale, Virginia (Zhang et al. 2025) (blended)",525.35,114,blended,0.52535,0.47465,525.35,474.65000000000003,0.0,,167431052.30051327,3,1600092000.0,840608332.1999999,759483667.8000001,,carbon_api
2025-02-21 00:00:00,blended,"Data centre facility, hyperscale, Virginia (Zhang et al. 2025)","Data centre facility, hyperscale, Virginia (Zhang et al. 2025) (blended)",571.085,120,blended,0.5710850000000001,0.42891499999999994,571.085,428.91499999999996,0.0,,161144970.63823837,3,1600092000.0,913788539.82,686303460.18,,carbon_api
2025-02-21 00:30:00,blended,"Data centre facility, hyperscale, Virginia (Zhang et al. 2025)","Data centre facility, hyperscale, Virginia (Zhang et al. 2025) (blended)",571.085,118,blended,0.5710850000000001,0.42891499999999994,571.085,428.91499999999996,0.0,,158350167.78484562,3,1600092000.0,913788539.82,686303460.18,,carbon_api
2025-02-21 01:00:00,blended,"Data centre facility, hyperscale, Virginia (Zhang et al. 2025)","Data centre facility, hyperscale, Virginia (Zhang et al. 2025) (blended)",597.298,117,blended,0.597298,0.402702,597.298,402.702,0.0,,150732848.182403,3,1600092000.0,955731751.416,644360248.584,,carbon_api
2025-02-21 01:30:00,blended,"Data centre facility, hyperscale, Virginia (Zhang et al. 2025)","Data centre facility, hyperscale, Virginia (Zhang et al. 2025) (blended)",597.298,118,blended,0.597298,0.402702,597.298,402.702,0.0,,151829675.67217177,3,1600092000.0,955731751.416,644360248.584,,carbon_api
2025-02-21 02:00:00,blended,"Data centre facility, hyperscale, Virginia (Zhang et al. 2025)","Data centre facility, hyperscale, Virginia (Zhang et al. 2025) (blended)",648.232,112,blended,0.6482319999999999,0.3517680000000001,648.232,351.7680000000001,0.0,,133645469.00354123,3,1600092000.0,1037230837.3439999,562861162.6560001,,carbon_api
2025-02-21 02:30:00,blended,"Data centre facility, hyperscale, Virginia (Zhang et al. 2025)","Data centre facility, hyperscale, Virginia (Zhang et al. 2025) (blended)",648.232,110,blended,0.6482319999999999,0.3517680000000001,648.232,351.7680000000001,0.0,,133069767.80359176,3,1600092000.0,1037230837.3439999,562861162.6560001,,carbon_api
2025-02-21 03:00:00,blended,"Data centre facility, hyperscale, Virginia (Zhang et al. 2025)","Data centre facility, hyperscale, Virginia (Zhang et al. 2025) (blended)",719.419,110,blended,0.719419,0.28058099999999997,719.419,280.58099999999996,0.0,,114527088.21042177,3,1600092000.0,1151136586.548,448955413.45199996,,carbon_api
2025-02-21 03:30:00,blended,"Data centre facility, hyperscale, Virginia (Zhang et al. 2025)","Data centre facility, hyperscale, Virginia (Zhang et al. 2025) (blended)",719.419,113,blended,0.719419,0.28058099999999997,719.419,280.58099999999996,0.0,,115621015.12278724,3,1600092000.0,1151136586.548,448955413.45199996,,carbon_api
2025-02-21 04:00:00,blended,"Data centre facility, hyperscale, Virginia (Zhang et al. 2025)","Data centre facility, hyperscale, Virginia (Zhang et al. 2025) (blended)",767.78,97,blended,0.76778,0.23221999999999998,767.78,232.21999999999997,0.0,,94886296.60377222,3,1600092000.0,1228518635.76,371573364.23999995,,carbon_api
2025-02-21 04:30:00,blended,"Data centre facility, hyperscale, Virginia (Zhang et al. 2025)","Data centre facility, hyperscale, Virginia (Zhang et al. 2025) (blended)",767.78,81,blended,0.76778,0.23221999999999998,767.78,232.21999999999997,0.0,,86378883.66910827,3,1600092000.0,1228518635.76,371573364.23999995,,carbon_api
2025-02-21 05:00:00,blended,"Data centre facility, hyperscale, Virginia (Zhang et al. 2025)","Data centre facility, hyperscale, Virginia (Zhang et al. 2025) (blended)",798.525,86,blended,0.7985249999999999,0.20147500000000007,798.525,201.47500000000008,0.0,,83335742.71420817,3,1600092000.0,1277713464.3,322378535.7000001,,carbon_api
2025-02-21 05:30:00,blended,"Data centre facility, hyperscale, Virginia (Zhang et al. 2025)","Data centre facility, hyperscale, Virginia (Zhang et al. 2025) (blended)",798.525,89,blended,0.7985249999999999,0.20147500000000007,798.525,201.47500000000008,0.0,,84633890.05518213,3,1600092000.0,1277713464.3,322378535.7000001,,carbon_api
2025-02-21 06:00:00,blended,"Data centre facility, hyperscale, Virginia (Zhang et al. 2025)","Data centre facility, hyperscale, Virginia (Zhang et al. 2025) (blended)",755.16,100,blended,0.7551599999999999,0.24484000000000006,755.16,244.84000000000006,0.0,,100038795.66279143,3,1600092000.0,1208325474.7199998,391766525.2800001,,carbon_api
2025-02-21 06:30:00,blended,"Data centre facility, hyperscale, Virginia (Zhang et al. 2025)","Data centre facility, hyperscale, Virginia (Zhang et al. 2025) (blended)",755.16,92,blended,0.7551599999999999,0.24484000000000006,755.16,244.84000000000006,0.0,,95773772.06770968,3,1600092000.0,1208325474.7199998,391766525.2800001,,carbon_api
2025-02-21 07:00:00,blended,"Data centre facility, hyperscale, Virginia (Zhang et al. 2025)","Data centre facility, hyperscale, Virginia (Zhang et al. 2025) (blended)",719.966,90,blended,0.719966,0.280034,719.966,280.034,0.0,,102820684.5915482,3,1600092000.0,1152011836.872,448080163.128,,carbon_api
2025-02-21 07:30:00,blended,"Data centre facility, hyperscale, Virginia (Zhang et al. 2025)","Data centre facility, hyperscale, Virginia (Zhang et al. 2025) (blended)",719.966,88,blended,0.719966,0.280034,719.966,280.034,0.0,,102181629.85758537,3,1600092000.0,1152011836.872,448080163.128,,carbon_api
2025-02-21 08:00:00,blended,"Data centre facility, hyperscale, Virginia (Zhang et al. 2025)","Data centre facility, hyperscale, Virginia (Zhang et al. 2025) (blended)",752.378,92,blended,0.752378,0.247622,752.378,247.622,0.0,,99977571.68875736,3,1600092000.0,1203874018.776,396217981.22400004,,carbon_api
2025-02-21 08:30:00,blended,"Data centre facility, hyperscale, Virginia (Zhang et al. 2025)","Data centre facility, hyperscale, Virginia (Zhang et al. 2025) (blended)",752.378,108,blended,0.752378,0.247622,752.378,247.622,0.0,,104178906.61368841,3,1600092000.0,1203874018.776,396217981.22400004,,carbon_api
2025-02-21 09:00:00,blended,"Data centre facility, hyperscale, Virginia (Zhang et al. 2025)","Data centre facility, hyperscale, Virginia (Zhang et al. 2025) (blended)",815.082,109,blended,0.815082,0.18491800000000003,815.082,184.91800000000003,0.0,,89321246.19647965,3,1600092000.0,1304206187.544,295885812.45600003,,carbon_api
2025-02-21 09:30:00,blended,"Data centre facility, hyperscale, Virginia (Zhang et al. 2025)","Data centre facility, hyperscale, Virginia (Zhang et al. 2025) (blended)",815.082,94,blended,0.815082,0.18491800000000003,815.082,184.91800000000003,0.0,,84561984.5743537,3,1600092000.0,1304206187.544,295885812.45600003,,carbon_api
2025-02-21 10:00:00,blended,"Data centre facility, hyperscale, Virginia (Zhang et al. 2025)","Data centre facility, hyperscale, Virginia (Zhang et al. 2025) (blended)",903.856,95,blended,0.903856,0.09614400000000001,903.856,96.144,0.0,,65816943.2608792,3,1600092000.0,1446252754.752,153839245.24800003,,carbon_api
2025-02-21 10:30:00,blended,"Data centre facility, hyperscale, Virginia (Zhang et al. 2025)","Data centre facility, hyperscale, Virginia (Zhang et al. 2025) (blended)",903.856,107,blended,0.903856,0.09614400000000001,903.856,96.144,0.0,,65213433.48998262,3,1600092000.0,1446252754.752,153839245.24800003,,carbon_api
2025-02-21 11:00:00,blended,"Data centre facility, hyperscale, Virginia (Zhang et al. 2025)","Data centre facility, hyperscale, Virginia (Zhang et al. 2025) (blended)",939.613,107,blended,0.939613,0.06038699999999997,939.613,60.38699999999997,0.0,,57539142.333332025,3,1600092000.0,1503467244.3960001,96624755.60399994,,carbon_api
2025-02-21 11:30:00,blended,"Data centre facility, hyperscale, Virginia (Zhang et al. 2025)","Data centre facility, hyperscale, Virginia (Zhang et al. 2025) (blended)",939.613,110,blended,0.939613,0.06038699999999997,939.613,60.38699999999997,0.0,,57419234.99017298,3,1600092000.0,1503467244.3960001,96624755.60399994,,carbon_api
2025-02-21 12:00:00,blended,"Data centre facility, hyperscale, Virginia (Zhang et al. 2025)","Data centre facility, hyperscale, Virginia (Zhang et al. 2025) (blended)",948.082,108,blended,0.948082,0.05191800000000002,948.082,51.91800000000002,0.0,,55369675.60770272,3,1600092000.0,1517018423.544,83073576.45600003,,carbon_api
2025-02-21 12:30:00,blended,"Data centre facility, hyperscale, Virginia (Zhang et al. 2025)","Data centre facility, hyperscale, Virginia (Zhang et al. 2025) (blended)",948.082,94,blended,0.948082,0.05191800000000002,948.082,51.91800000000002,0.0,,54775514.760711424,3,1600092000.0,1517018423.544,83073576.45600003,,carbon_api
2025-02-21 13:00:00,blended,"Data centre facility, hyperscale, Virginia (Zhang et al. 2025)","Data centre facility, hyperscale, Virginia (Zhang et al. 2025) (blended)",936.708,89,blended,0.936708,0.06329200000000001,936.708,63.292000000000016,0.0,,56383359.40816737,3,1600092000.0,1498818977.136,101273022.86400002,,carbon_api
2025-02-21 13:30:00,blended,"Data centre facility, hyperscale, Virginia (Zhang et al. 2025)","Data centre facility, hyperscale, Virginia (Zhang et al. 2025) (blended)",936.708,70,blended,0.936708,0.06329200000000001,936.708,63.292000000000016,0.0,,55989246.47446932,3,1600092000.0,1498818977.136,101273022.86400002,,carbon_api
2025-02-21 14:00:00,blended,"Data centre facility, hyperscale, Virginia (Zhang et al. 2025)","Data centre facility, hyperscale, Virginia (Zhang et al. 2025) (blended)",915.617,77,blended,0.915617,0.08438299999999999,915.617,84.38299999999998,0.0,,61199530.80238082,3,1600092000.0,1465071436.764,135020563.23599997,,carbon_api
2025-02-21 14:30:00,blended,"Data centre facility, hyperscale, Virginia (Zhang et al. 2025)","Data centre facility, hyperscale, Virginia (Zhang et al. 2025) (blended)",915.617,82,blended,0.915617,0.08438299999999999,915.617,84.38299999999998,0.0,,62044015.11896624,3,1600092000.0,1465071436.764,135020563.23599997,,carbon_api
2025-02-21 15:00:00,blended,"Data centre facility, hyperscale, Virginia (Zhang et al. 2025)","Data centre facility, hyperscale, Virginia (Zhang et al. 2025) (blended)",891.015,81,blended,0.891015,0.108985,891.015,108.985,0.0,,67205256.39429611,3,1600092000.0,1425705973.38,174386026.62,,carbon_api
2025-02-21 15:30:00,blended,"Data centre facility, hyperscale, Virginia (Zhang et al. 2025)","Data centre facility, hyperscale, Virginia (Zhang et al. 2025) (blended)",891.015,75,blended,0.891015,0.108985,891.015,108.985,0.0,,67361781.51182744,3,1600092000.0,1425705973.38,174386026.62,,carbon_api
2025-02-21 16:00:00,blended,"Data centre facility, hyperscale, Virginia (Zhang et al. 2025)","Data centre facility, hyperscale, Virginia (Zhang et al. 2025) (blended)",865.791,69,blended,0.8657910000000001,0.1342089999999999,865.791,134.20899999999992,0.0,,70820321.18818502,3,1600092000.0,1385345252.772,214746747.22799987,,carbon_api
2025-02-21 16:30:00,blended,"Data centre facility, hyperscale, Virginia (Zhang et al. 2025)","Data centre facility, hyperscale, Virginia (Zhang et al. 2025) (blended)",865.791,79,blended,0.8657910000000001,0.1342089999999999,865.791,134.20899999999992,0.0,,70651746.2350879,3,1600092000.0,1385345252.772,214746747.22799987,,carbon_api
2025-02-21 17:00:00,blended,"Data centre facility, hyperscale, Virginia (Zhang et al. 2025)","Data centre facility, hyperscale, Virginia (Zhang et al. 2025) (blended)",815.076,81,blended,0.815076,0.18492399999999998,815.076,184.92399999999998,0.0,,81124451.16637172,3,1600092000.0,1304196586.992,295895413.00799996,,carbon_api
2025-02-21 17:30:00,blended,"Data centre facility, hyperscale, Virginia (Zhang et al. 2025)","Data centre facility, hyperscale, Virginia (Zhang et al. 2025) (blended)",815.076,88,blended,0.815076,0.18492399999999998,815.076,184.92399999999998,0.0,,79224741.19146633,3,1600092000.0,1304196586.992,295895413.00799996,,carbon_api
2025-02-21 18:00:00,blended,"Data centre facility, hyperscale, Virginia (Zhang et al. 2025)","Data centre facility, hyperscale, Virginia (Zhang et al. 2025) (blended)",747.854,102,blended,0.747854,0.252146,747.854,252.146,0.0,,91006789.95975241,3,1600092000.0,1196635202.568,403456797.432,,carbon_api
2025-02-21 18:30:00,blended,"Data centre facility, hyperscale, Virginia (Zhang et al. 2025)","Data centre facility, hyperscale, Virginia (Zhang et al. 2025) (blended)",747.854,96,blended,0.747854,0.252146,747.854,252.146,0.0,,87905629.0776307,3,1600092000.0,1196635202.568,403456797.432,,carbon_api
2025-02-21 19:00:00,blended,"Data centre facility, hyperscale, Virginia (Zhang et al. 2025)","Data centre facility, hyperscale, Virginia (Zhang et al. 2025) (blended)",668.17,94,blended,0.6681699999999999,0.33183000000000007,668.17,331.83000000000004,0.0,,96154541.80796945,3,1600092000.0,1069133471.6399999,530958528.36000013,,carbon_api
2025-02-21 19:30:00,blended,"Data centre facility, hyperscale, Virginia (Zhang et al. 2025)","Data centre facility, hyperscale, Virginia (Zhang et al. 2025) (blended)",668.17,84,blended,0.6681699999999999,0.33183000000000007,668.17,331.83000000000004,0.0,,94425844.89940432,3,1600092000.0,1069133471.6399999,530958528.36000013,,carbon_api
2025-02-21 20:00:00,blended,"Data centre facility, hyperscale, Virginia (Zhang et al. 2025)","Data centre facility, hyperscale, Virginia (Zhang et al. 2025) (blended)",556.441,82,blended,0.5564410000000001,0.4435589999999999,556.441,443.5589999999999,0.0,,110876813.97576952,3,1600092000.0,890356792.5720001,709735207.4279999,,carbon_api
2025-02-21 20:30:00,blended,"Data centre facility, hyperscale, Virginia (Zhang et al. 2025)","Data centre facility, hyperscale, Virginia (Zhang et al. 2025) (blended)",556.441,61,blended,0.5564410000000001,0.4435589999999999,556.441,443.5589999999999,0.0,,102345590.72431567,3,1600092000.0,890356792.5720001,709735207.4279999,,carbon_api
2025-02-21 21:00:00,blended,"Data centre facility, hyperscale, Virginia (Zhang et al. 2025)","Data centre facility, hyperscale, Virginia (Zhang et al. 2025) (blended)",495.674,61,blended,0.495674,0.504326,495.674,504.3260000000001,0.0,,109603785.27025488,3,1600092000.0,793124002.008,806967997.9920001,,carbon_api
2025-02-21 21:30:00,blended,"Data centre facility, hyperscale, Virginia (Zhang et al. 2025)","Data centre facility, hyperscale, Virginia (Zhang et al. 2025) (blended)",495.674,56,blended,0.495674,0.504326,495.674,504.3260000000001,0.0,,108890658.8510024,3,1600092000.0,793124002.008,806967997.9920001,,carbon_api
2025-02-21 22:00:00,blended,"Data centre facility, hyperscale, Virginia (Zhang et al. 2025)","Data centre facility, hyperscale, Virginia (Zhang et al. 2025) (blended)",425.027,57,blended,0.425027,0.574973,425.027,574.973,0.0,,119716126.8518464,3,1600092000.0,680082302.484,920009697.5159999,,carbon_api
2025-02-21 22:30:00,blended,"Data centre facility, hyperscale, Virginia (Zhang et al. 2025)","Data centre facility, hyperscale, Virginia (Zhang et al. 2025) (blended)",425.027,70,blended,0.425027,0.574973,425.027,574.973,0.0,,137605206.11969864,3,1600092000.0,680082302.484,920009697.5159999,,carbon_api
2025-02-21 23:00:00,blended,"Data centre facility, hyperscale, Virginia (Zhang et al. 2025)","Data centre facility, hyperscale, Virginia (Zhang et al. 2025) (blended)",376.254,69,blended,0.37625400000000003,0.6237459999999999,376.254,623.7459999999999,0.0,,143566511.33786517,3,1600092000.0,602041015.368,998050984.6319999,,carbon_api
2025-02-21 23:30:00,blended,"Data centre facility, hyperscale, Virginia (Zhang et al. 2025)","Data centre facility, hyperscale, Virginia (Zhang et al. 2025) (blended)",376.254,61,blended,0.37625400000000003,0.6237459999999999,376.254,623.7459999999999,0.0,,134096501.10631815,3,1600092000.0,602041015.368,998050984.6319999,,carbon_api
2025-02-22 00:00:00,blended,"Data centre facility, hyperscale, Virginia (Zhang et al. 2025)","Data centre facility, hyperscale, Virginia (Zhang et al. 2025) (blended)",322.428,76,blended,0.322428,0.6775720000000001,322.428,677.5720000000001,0.0,,167552070.64330104,3,1600092000.0,515914463.376,1084177536.624,,carbon_api
2025-02-22 00:30:00,blended,"Data centre facility, hyperscale, Virginia (Zhang et al. 2025)","Data centre facility, hyperscale, Virginia (Zhang et al. 2025) (blended)",322.428,79,blended,0.322428,0.6775720000000001,322.428,677.5720000000001,0.0,,167650026.75788882,3,1600092000.0,515914463.376,1084177536.624,,carbon_api
2025-02-22 01:00:00,blended,"Data centre facility, hyperscale, Virginia (Zhang et al. 2025)","Data centre facility, hyperscale, Virginia (Zhang et al. 2025) (blended)",272.15,73,blended,0.27215,0.72785,272.15,727.85,0.0,,179353553.60783365,3,1600092000.0,435465037.8,1164626962.2,,carbon_api
2025-02-22 01:30:00,blended,"Data centre facility, hyperscale, Virginia (Zhang et al. 2025)","Data centre facility, hyperscale, Virginia (Zhang et al. 2025) (blended)",272.15,83,blended,0.27215,0.72785,272.15,727.85,0.0,,184358572.8903073,3,1600092000.0,435465037.8,1164626962.2,,carbon_api
2025-02-22 02:00:00,blended,"Data centre facility, hyperscale, Virginia (Zhang et al. 2025)","Data centre facility, hyperscale, Virginia (Zhang et al. 2025) (blended)",250.976,82,blended,0.250976,0.749024,250.97599999999997,749.024,0.0,,185953182.65858403,3,1600092000.0,401584689.79199994,1198507310.208,,carbon_api
2025-02-22 02:30:00,blended,"Data centre facility, hyperscale, Virginia (Zhang et al. 2025)","Data centre facility, hyperscale, Virginia (Zhang et al. 2025) (blended)",250.976,86,blended,0.250976,0.749024,250.97599999999997,749.024,0.0,,191562962.1339482,3,1600092000.0,401584689.79199994,1198507310.208,,carbon_api
2025-02-22 03:00:00,blended,"Data centre facility, hyperscale, Virginia (Zhang et al. 2025)","Data centre facility, hyperscale, Virginia (Zhang et al. 2025) (blended)",237.46,90,blended,0.23746,0.76254,237.46,762.54,0.0,,201559865.75039896,3,1600092000.0,379957846.32,1220134153.68,,carbon_api
2025-02-22 03:30:00,blended,"Data centre facility, hyperscale, Virginia (Zhang et al. 2025)","Data centre facility, hyperscale, Virginia (Zhang et al. 2025) (blended)",237.46,90,blended,0.23746,0.76254,237.46,762.54,0.0,,203043462.47067764,3,1600092000.0,379957846.32,1220134153.68,,carbon_api
2025-02-22 04:00:00,blended,"Data centre facility, hyperscale, Virginia (Zhang et al. 2025)","Data centre facility, hyperscale, Virginia (Zhang et al. 2025) (blended)",227.445,95,blended,0.22744499999999998,0.772555,227.445,772.555,0.0,,213093528.39382467,3,1600092000.0,363932924.94,1236159075.06,,carbon_api
2025-02-22 04:30:00,blended,"Data centre facility, hyperscale, Virginia (Zhang et al. 2025)","Data centre facility, hyperscale, Virginia (Zhang et al. 2025) (blended)",227.445,100,blended,0.22744499999999998,0.772555,227.445,772.555,0.0,,222039844.99978283,3,1600092000.0,363932924.94,1236159075.06,,carbon_api
2025-02-22 05:00:00,blended,"Data centre facility, hyperscale, Virginia (Zhang et al. 2025)","Data centre facility, hyperscale, Virginia (Zhang et al. 2025) (blended)",218.58,101,blended,0.21858000000000002,0.78142,218.58,781.42,0.0,,230942413.4989339,3,1600092000.0,349748109.36,1250343890.64,,carbon_api
2025-02-22 05:30:00,blended,"Data centre facility, hyperscale, Virginia (Zhang et al. 2025)","Data centre facility, hyperscale, Virginia (Zhang et al. 2025) (blended)",218.58,117,blended,0.21858000000000002,0.78142,218.58,781.42,0.0,,237459424.57442462,3,1600092000.0,349748109.36,1250343890.64,,carbon_api
2025-02-22 06:00:00,blended,"Data centre facility, hyperscale, Virginia (Zhang et al. 2025)","Data centre facility, hyperscale, Virginia (Zhang et al. 2025) (blended)",225.197,136,blended,0.225197,0.774803,225.197,774.803,0.0,,254484620.0131087,3,1600092000.0,360335918.124,1239756081.876,,carbon_api
2025-02-22 06:30:00,blended,"Data centre facility, hyperscale, Virginia (Zhang et al. 2025)","Data centre facility, hyperscale, Virginia (Zhang et al. 2025) (blended)",225.197,180,blended,0.225197,0.774803,225.197,774.803,0.0,,291719325.2201786,3,1600092000.0,360335918.124,1239756081.876,,carbon_api
2025-02-22 07:00:00,blended,"Data centre facility, hyperscale, Virginia (Zhang et al. 2025)","Data centre facility, hyperscale, Virginia (Zhang et al. 2025) (blended)",225.257,183,blended,0.225257,0.774743,225.257,774.7429999999999,0.0,,299812902.0694949,3,1600092000.0,360431923.644,1239660076.356,,carbon_api
2025-02-22 07:30:00,blended,"Data centre facility, hyperscale, Virginia (Zhang et al. 2025)","Data centre facility, hyperscale, Virginia (Zhang et al. 2025) (blended)",225.257,187,blended,0.225257,0.774743,225.257,774.7429999999999,0.0,,300439223.53965175,3,1600092000.0,360431923.644,1239660076.356,,carbon_api
2025-02-22 08:00:00,blended,"Data centre facility, hyperscale, Virginia (Zhang et al. 2025)","Data centre facility, hyperscale, Virginia (Zhang et al. 2025) (blended)",180.119,187,blended,0.180119,0.819881,180.119,819.881,0.0,,314394113.30986214,3,1600092000.0,288206970.948,1311885029.052,,carbon_api
2025-02-22 08:30:00,blended,"Data centre facility, hyperscale, Virginia (Zhang et al. 2025)","Data centre facility, hyperscale, Virginia (Zhang et al. 2025) (blended)",180.119,175,blended,0.180119,0.819881,180.119,819.881,0.0,,324255919.3525379,3,1600092000.0,288206970.948,1311885029.052,,carbon_api
2025-02-22 09:00:00,blended,"Data centre facility, hyperscale, Virginia (Zhang et al. 2025)","Data centre facility, hyperscale, Virginia (Zhang et al. 2025) (blended)",158.927,147,blended,0.15892699999999998,0.841073,158.927,841.073,0.0,,330453435.5243028,3,1600092000.0,254297821.28399998,1345794178.7159998,,carbon_api
2025-02-22 09:30:00,blended,"Data centre facility, hyperscale, Virginia (Zhang et al. 2025)","Data centre facility, hyperscale, Virginia (Zhang et al. 2025) (blended)",158.927,143,blended,0.15892699999999998,0.841073,158.927,841.073,0.0,,327717288.71133935,3,1600092000.0,254297821.28399998,1345794178.7159998,,carbon_api
2025-02-22 10:00:00,blended,"Data centre facility, hyperscale, Virginia (Zhang et al. 2025)","Data centre facility, hyperscale, Virginia (Zhang et al. 2025) (blended)",171.841,122,blended,0.17184100000000002,0.828159,171.841,828.159,0.0,,317970700.95064735,3,1600092000.0,274961409.37200004,1325130590.628,,carbon_api
2025-02-22 10:30:00,blended,"Data centre facility, hyperscale, Virginia (Zhang et al. 2025)","Data centre facility, hyperscale, Virginia (Zhang et al. 2025) (blended)",171.841,120,blended,0.17184100000000002,0.828159,171.841,828.159,0.0,,336726852.5995632,3,1600092000.0,274961409.37200004,1325130590.628,,carbon_api
2025-02-22 11:00:00,blended,"Data centre facility, hyperscale, Virginia (Zhang et al. 2025)","Data centre facility, hyperscale, Virginia (Zhang et al. 2025) (blended)",206.062,123,blended,0.20606200000000002,0.793938,206.062,793.938,0.0,,333921886.9508564,3,1600092000.0,329718157.70400006,1270373842.296,,carbon_api
2025-02-22 11:30:00,blended,"Data centre facility, hyperscale, Virginia (Zhang et al. 2025)","Data centre facility, hyperscale, Virginia (Zhang et al. 2025) (blended)",206.062,134,blended,0.20606200000000002,0.793938,206.062,793.938,0.0,,343760880.6744979,3,1600092000.0,329718157.70400006,1270373842.296,,carbon_api
2025-02-22 12:00:00,blended,"Data centre facility, hyperscale, Virginia (Zhang et al. 2025)","Data centre facility, hyperscale, Virginia (Zhang et al. 2025) (blended)",249.232,127,blended,0.249232,0.750768,249.232,750.768,0.0,,317254651.4636976,3,1600092000.0,398794129.34400004,1201297870.656,,carbon_api
2025-02-22 12:30:00,blended,"Data centre facility, hyperscale, Virginia (Zhang et al. 2025)","Data centre facility, hyperscale, Virginia (Zhang et al. 2025) (blended)",249.232,128,blended,0.249232,0.750768,249.232,750.768,0.0,,305393779.88022685,3,1600092000.0,398794129.34400004,1201297870.656,,carbon_api
2025-02-22 13:00:00,blended,"Data centre facility, hyperscale, Virginia (Zhang et al. 2025)","Data centre facility, hyperscale, Virginia (Zhang et al. 2025) (blended)",291.326,120,blended,0.29132600000000003,0.708674,291.326,708.674,0.0,,275042893.86059177,3,1600092000.0,466148401.99200004,1133943598.0080001,,carbon_api
2025-02-22 13:30:00,blended,"Data centre facility, hyperscale, Virginia (Zhang et al. 2025)","Data centre facility, hyperscale, Virginia (Zhang et al. 2025) (blended)",291.326,112,blended,0.29132600000000003,0.708674,291.326,708.674,0.0,,276410650.8519306,3,1600092000.0,466148401.99200004,1133943598.0080001,,carbon_api
2025-02-22 14:00:00,blended,"Data centre facility, hyperscale, Virginia (Zhang et al. 2025)","Data centre facility, hyperscale, Virginia (Zhang et al. 2025) (blended)",311.232,111,blended,0.311232,0.688768,311.232,688.768,0.0,,269527375.6929392,3,1600092000.0,497999833.34400004,1102092166.6560001,,carbon_api
2025-02-22 14:30:00,blended,"Data centre facility, hyperscale, Virginia (Zhang et al. 2025)","Data centre facility, hyperscale, Virginia (Zhang et al. 2025) (blended)",311.232,101,blended,0.311232,0.688768,311.232,688.768,0.0,,267603935.64380863,3,1600092000.0,497999833.34400004,1102092166.6560001,,carbon_api
2025-02-22 15:00:00,blended,"Data centre facility, hyperscale, Virginia (Zhang et al. 2025)","Data centre facility, hyperscale, Virginia (Zhang et al. 2025) (blended)",308.037,112,blended,0.308037,0.691963,308.037,691.963,0.0,,283177210.67103744,3,1600092000.0,492887539.404,1107204460.596,,carbon_api
2025-02-22 15:30:00,blended,"Data centre facility, hyperscale, Virginia (Zhang et al. 2025)","Data centre facility, hyperscale, Virginia (Zhang et al. 2025) (blended)",308.037,131,blended,0.308037,0.691963,308.037,691.963,0.0,,315809493.48550576,3,1600092000.0,492887539.404,1107204460.596,,carbon_api
2025-02-22 16:00:00,blended,"Data centre facility, hyperscale, Virginia (Zhang et al. 2025)","Data centre facility, hyperscale, Virginia (Zhang et al. 2025) (blended)",370.967,142,blended,0.370967,0.629033,370.967,629.0329999999999,0.0,,303834834.9800807,3,1600092000.0,593581328.964,1006510671.0359999,,carbon_api
2025-02-22 16:30:00,blended,"Data centre facility, hyperscale, Virginia (Zhang et al. 2025)","Data centre facility, hyperscale, Virginia (Zhang et al. 2025) (blended)",370.967,160,blended,0.370967,0.629033,370.967,629.0329999999999,0.0,,314434070.69297147,3,1600092000.0,593581328.964,1006510671.0359999,,carbon_api
2025-02-22 17:00:00,blended,"Data centre facility, hyperscale, Virginia (Zhang et al. 2025)","Data centre facility, hyperscale, Virginia (Zhang et al. 2025) (blended)",471.848,157,blended,0.471848,0.528152,471.848,528.1519999999999,0.0,,265884702.92528743,3,1600092000.0,755000210.016,845091789.984,,carbon_api
2025-02-22 17:30:00,blended,"Data centre facility, hyperscale, Virginia (Zhang et al. 2025)","Data centre facility, hyperscale, Virginia (Zhang et al. 2025) (blended)",471.848,141,blended,0.471848,0.528152,471.848,528.1519999999999,0.0,,249162895.75357768,3,1600092000.0,755000210.016,845091789.984,,carbon_api
2025-02-22 18:00:00,blended,"Data centre facility, hyperscale, Virginia (Zhang et al. 2025)","Data centre facility, hyperscale, Virginia (Zhang et al. 2025) (blended)",484.6,134,blended,0.48460000000000003,0.5154,484.6,515.4,0.0,,234297011.77828708,3,1600092000.0,775404583.2,824687416.8,,carbon_api
2025-02-22 18:30:00,blended,"Data centre facility, hyperscale, Virginia (Zhang et al. 2025)","Data centre facility, hyperscale, Virginia (Zhang et al. 2025) (blended)",484.6,129,blended,0.48460000000000003,0.5154,484.6,515.4,0.0,,220074495.57549194,3,1600092000.0,775404583.2,824687416.8,,carbon_api
2025-02-22 19:00:00,blended,"Data centre facility, hyperscale, Virginia (Zhang et al. 2025)","Data centre facility, hyperscale, Virginia (Zhang et al. 2025) (blended)",479.585,123,blended,0.479585,0.5204150000000001,479.585,520.4150000000001,0.0,,213338855.6475419,3,1600092000.0,767380121.8199999,832711878.1800001,,carbon_api
2025-02-22 19:30:00,blended,"Data centre facility, hyperscale, Virginia (Zhang et al. 2025)","Data centre facility, hyperscale, Virginia (Zhang et al. 2025) (blended)",479.585,127,blended,0.479585,0.5204150000000001,479.585,520.4150000000001,0.0,,207192814.17922416,3,1600092000.0,767380121.8199999,832711878.1800001,,carbon_api
2025-02-22 20:00:00,blended,"Data centre facility, hyperscale, Virginia (Zhang et al. 2025)","Data centre facility, hyperscale, Virginia (Zhang et al. 2025) (blended)",481.457,122,blended,0.48145699999999997,0.518543,481.457,518.543,0.0,,186835463.5578914,3,1600092000.0,770375494.0439999,829716505.956,,carbon_api
2025-02-22 20:30:00,blended,"Data centre facility, hyperscale, Virginia (Zhang et al. 2025)","Data centre facility, hyperscale, Virginia (Zhang et al. 2025) (blended)",481.457,112,blended,0.48145699999999997,0.518543,481.457,518.543,0.0,,167283034.81135866,3,1600092000.0,770375494.0439999,829716505.956,,carbon_api
2025-02-22 21:00:00,blended,"Data centre facility, hyperscale, Virginia (Zhang et al. 2025)","Data centre facility, hyperscale, Virginia (Zhang et al. 2025) (blended)",434.362,112,blended,0.434362,0.565638,434.362,565.6379999999999,0.0,,169054469.96391222,3,1600092000.0,695019161.304,905072838.696,,carbon_api
2025-02-22 21:30:00,blended,"Data centre facility, hyperscale, Virginia (Zhang et al. 2025)","Data centre facility, hyperscale, Virginia (Zhang et al. 2025) (blended)",434.362,104,blended,0.434362,0.565638,434.362,565.6379999999999,0.0,,156449215.34400004,3,1600092000.0,695019161.304,905072838.696,,carbon_api
2025-02-22 22:00:00,blended,"Data centre facility, hyperscale, Virginia (Zhang et al. 2025)","Data centre facility, hyperscale, Virginia (Zhang et al. 2025) (blended)",352.41,95,blended,0.35241,0.64759,352.41,647.59,0.0,,157718667.0083931,3,1600092000.0,563888421.72,1036203578.28,,carbon_api
2025-02-22 22:30:00,blended,"Data centre facility, hyperscale, Virginia (Zhang et al. 2025)","Data centre facility, hyperscale, Virginia (Zhang et al. 2025) (blended)",352.41,66,blended,0.35241,0.64759,352.41,647.59,0.0,,140639439.65425003,3,1600092000.0,563888421.72,1036203578.28,,carbon_api
2025-02-22 23:00:00,blended,"Data centre facility, hyperscale, Virginia (Zhang et al. 2025)","Data centre facility, hyperscale, Virginia (Zhang et al. 2025) (blended)",276.239,64,blended,0.27623899999999996,0.7237610000000001,276.239,723.7610000000001,0.0,,149200061.48185468,3,1600092000.0,442007813.9879999,1158084186.012,,carbon_api
2025-02-22 23:30:00,blended,"Data centre facility, hyperscale, Virginia (Zhang et al. 2025)","Data centre facility, hyperscale, Virginia (Zhang et al. 2025) (blended)",276.239,59,blended,0.27623899999999996,0.7237610000000001,276.239,723.7610000000001,0.0,,151261294.94151834,3,1600092000.0,442007813.9879999,1158084186.012,,carbon_api
2025-02-23 00:00:00,blended,"Data centre facility, hyperscale, Virginia (Zhang et al. 2025)","Data centre facility, hyperscale, Virginia (Zhang et al. 2025) (blended)",243.159,69,blended,0.243159,0.756841,243.159,756.841,0.0,,174103514.4249362,3,1600092000.0,389076770.62799996,1211015229.372,,carbon_api
2025-02-23 00:30:00,blended,"Data centre facility, hyperscale, Virginia (Zhang et al. 2025)","Data centre facility, hyperscale, Virginia (Zhang et al. 2025) (blended)",243.159,82,blended,0.243159,0.756841,243.159,756.841,0.0,,191845973.95094833,3,1600092000.0,389076770.62799996,1211015229.372,,carbon_api
2025-02-23 01:00:00,blended,"Data centre facility, hyperscale, Virginia (Zhang et al. 2025)","Data centre facility, hyperscale, Virginia (Zhang et al. 2025) (blended)",259.047,96,blended,0.259047,0.740953,259.047,740.953,0.0,,209050078.86263594,3,1600092000.0,414499032.32400006,1185592967.6759999,,carbon_api
2025-02-23 01:30:00,blended,"Data centre facility, hyperscale, Virginia (Zhang et al. 2025)","Data centre facility, hyperscale, Virginia (Zhang et al. 2025) (blended)",259.047,101,blended,0.259047,0.740953,259.047,740.953,0.0,,210438249.27217978,3,1600092000.0,414499032.32400006,1185592967.6759999,,carbon_api
2025-02-23 02:00:00,blended,"Data centre facility, hyperscale, Virginia (Zhang et al. 2025)","Data centre facility, hyperscale, Virginia (Zhang et al. 2025) (blended)",277.434,104,blended,0.277434,0.722566,277.434,722.566,0.0,,211632156.99784964,3,1600092000.0,443919923.92800003,1156172076.072,,carbon_api
2025-02-23 02:30:00,blended,"Data centre facility, hyperscale, Virginia (Zhang et al. 2025)","Data centre facility, hyperscale, Virginia (Zhang et al. 2025) (blended)",277.434,110,blended,0.277434,0.722566,277.434,722.566,0.0,,222864423.7830399,3,1600092000.0,443919923.92800003,1156172076.072,,carbon_api
2025-02-23 03:00:00,blended,"Data centre facility, hyperscale, Virginia (Zhang et al. 2025)","Data centre facility, hyperscale, Virginia (Zhang et al. 2025) (blended)",278.023,113,blended,0.278023,0.721977,278.023,721.977,0.0,,226961013.44460517,3,1600092000.0,444862378.11600006,1155229621.884,,carbon_api
2025-02-23 03:30:00,blended,"Data centre facility, hyperscale, Virginia (Zhang et al. 2025)","Data centre facility, hyperscale, Virginia (Zhang et al. 2025) (blended)",278.023,114,blended,0.278023,0.721977,278.023,721.977,0.0,,228187612.35938922,3,1600092000.0,444862378.11600006,1155229621.884,,carbon_api
2025-02-23 04:00:00,blended,"Data centre facility, hyperscale, Virginia (Zhang et al. 2025)","Data centre facility, hyperscale, Virginia (Zhang et al. 2025) (blended)",326.727,108,blended,0.326727,0.673273,326.727,673.273,0.0,,206506584.52629068,3,1600092000.0,522793258.884,1077298741.116,,carbon_api
2025-02-23 04:30:00,blended,"Data centre facility, hyperscale, Virginia (Zhang et al. 2025)","Data centre facility, hyperscale, Virginia (Zhang et al. 2025) (blended)",326.727,106,blended,0.326727,0.673273,326.727,673.273,0.0,,203094462.35618594,3,1600092000.0,522793258.884,1077298741.116,,carbon_api
2025-02-23 05:00:00,blended,"Data centre facility, hyperscale, Virginia (Zhang et al. 2025)","Data centre facility, hyperscale, Virginia (Zhang et al. 2025) (blended)",395.651,113,blended,0.39565100000000003,0.604349,395.651,604.349,0.0,,196586538.40527105,3,1600092000.0,633077999.8920001,967014000.108,,carbon_api
2025-02-23 05:30:00,blended,"Data centre facility, hyperscale, Virginia (Zhang et al. 2025)","Data centre facility, hyperscale, Virginia (Zhang et al. 2025) (blended)",395.651,111,blended,0.39565100000000003,0.604349,395.651,604.349,0.0,,194975518.27630305,3,1600092000.0,633077999.8920001,967014000.108,,carbon_api
2025-02-23 06:00:00,blended,"Data centre facility, hyperscale, Virginia (Zhang et al. 2025)","Data centre facility, hyperscale, Virginia (Zhang et al. 2025) (blended)",459.399,108,blended,0.459399,0.540601,459.399,540.601,0.0,,175577241.59891945,3,1600092000.0,735080664.708,865011335.292,,carbon_api
2025-02-23 06:30:00,blended,"Data centre facility, hyperscale, Virginia (Zhang et al. 2025)","Data centre facility, hyperscale, Virginia (Zhang et al. 2025) (blended)",459.399,101,blended,0.459399,0.540601,459.399,540.601,0.0,,166905132.25400308,3,1600092000.0,735080664.708,865011335.292,,carbon_api
2025-02-23 07:00:00,blended,"Data centre facility, hyperscale, Virginia (Zhang et al. 2025)","Data centre facility, hyperscale, Virginia (Zhang et al. 2025) (blended)",522.367,93,blended,0.5223669999999999,0.4776330000000001,522.367,477.6330000000001,0.0,,144283822.9420769,3,1600092000.0,835835257.7639998,764256742.2360002,,carbon_api
2025-02-23 07:30:00,blended,"Data centre facility, hyperscale, Virginia (Zhang et al. 2025)","Data centre facility, hyperscale, Virginia (Zhang et al. 2025) (blended)",522.367,90,blended,0.5223669999999999,0.4776330000000001,522.367,477.6330000000001,0.0,,141999631.3835497,3,1600092000.0,835835257.7639998,764256742.2360002,,carbon_api
2025-02-23 08:00:00,blended,"Data centre facility, hyperscale, Virginia (Zhang et al. 2025)","Data centre facility, hyperscale, Virginia (Zhang et al. 2025) (blended)",592.162,84,blended,0.5921620000000001,0.4078379999999999,592.162,407.8379999999999,0.0,,124580912.4420101,3,1600092000.0,947513678.9040002,652578321.0959998,,carbon_api
2025-02-23 08:30:00,blended,"Data centre facility, hyperscale, Virginia (Zhang et al. 2025)","Data centre facility, hyperscale, Virginia (Zhang et al. 2025) (blended)",592.162,80,blended,0.5921620000000001,0.4078379999999999,592.162,407.8379999999999,0.0,,123486120.64858323,3,1600092000.0,947513678.9040002,652578321.0959998,,carbon_api
2025-02-23 09:00:00,blended,"Data centre facility, hyperscale, Virginia (Zhang et al. 2025)","Data centre facility, hyperscale, Virginia (Zhang et al. 2025) (blended)",679.535,79,blended,0.679535,0.320465,679.535,320.465,0.0,,106749785.75248837,3,1600092000.0,1087318517.22,512773482.78,,carbon_api
2025-02-23 09:30:00,blended,"Data centre facility, hyperscale, Virginia (Zhang et al. 2025)","Data centre facility, hyperscale, Virginia (Zhang et al. 2025) (blended)",679.535,63,blended,0.679535,0.320465,679.535,320.465,0.0,,105836242.75002787,3,1600092000.0,1087318517.22,512773482.78,,carbon_api
2025-02-23 10:00:00,blended,"Data centre facility, hyperscale, Virginia (Zhang et al. 2025)","Data centre facility, hyperscale, Virginia (Zhang et al. 2025) (blended)",808.524,69,blended,0.808524,0.19147599999999998,808.524,191.47599999999997,0.0,,84260017.08114684,3,1600092000.0,1293712784.208,306379215.792,,carbon_api
2025-02-23 10:30:00,blended,"Data centre facility, hyperscale, Virginia (Zhang et al. 2025)","Data centre facility, hyperscale, Virginia (Zhang et al. 2025) (blended)",808.524,83,blended,0.808524,0.19147599999999998,808.524,191.47599999999997,0.0,,81926368.64599837,3,1600092000.0,1293712784.208,306379215.792,,carbon_api
2025-02-23 11:00:00,blended,"Data centre facility, hyperscale, Virginia (Zhang et al. 2025)","Data centre facility, hyperscale, Virginia (Zhang et al. 2025) (blended)",872.354,89,blended,0.8723540000000001,0.12764599999999993,872.354,127.64599999999993,0.0,,71238474.56700015,3,1600092000.0,1395846656.568,204245343.4319999,,carbon_api
2025-02-23 11:30:00,blended,"Data centre facility, hyperscale, Virginia (Zhang et al. 2025)","Data centre facility, hyperscale, Virginia (Zhang et al. 2025) (blended)",872.354,103,blended,0.8723540000000001,0.12764599999999993,872.354,127.64599999999993,0.0,,72243869.46547973,3,1600092000.0,1395846656.568,204245343.4319999,,carbon_api
2025-02-23 12:00:00,blended,"Data centre facility, hyperscale, Virginia (Zhang et al. 2025)","Data centre facility, hyperscale, Virginia (Zhang et al. 2025) (blended)",895.624,105,blended,0.895624,0.10437600000000002,895.624,104.37600000000002,0.0,,67376179.46035063,3,1600092000.0,1433080797.408,167011202.59200004,,carbon_api
2025-02-23 12:30:00,blended,"Data centre facility, hyperscale, Virginia (Zhang et al. 2025)","Data centre facility, hyperscale, Virginia (Zhang et al. 2025) (blended)",895.624,101,blended,0.895624,0.10437600000000002,895.624,104.37600000000002,0.0,,69577041.55689588,3,1600092000.0,1433080797.408,167011202.59200004,,carbon_api
2025-02-23 13:00:00,blended,"Data centre facility, hyperscale, Virginia (Zhang et al. 2025)","Data centre facility, hyperscale, Virginia (Zhang et al. 2025) (blended)",917.719,91,blended,0.9177190000000001,0.08228099999999994,917.719,82.28099999999993,0.0,,62831174.18432331,3,1600092000.0,1468434830.148,131657169.8519999,,carbon_api
2025-02-23 13:30:00,blended,"Data centre facility, hyperscale, Virginia (Zhang et al. 2025)","Data centre facility, hyperscale, Virginia (Zhang et al. 2025) (blended)",917.719,78,blended,0.9177190000000001,0.08228099999999994,917.719,82.28099999999993,0.0,,62071151.25647052,3,1600092000.0,1468434830.148,131657169.8519999,,carbon_api
2025-02-23 14:00:00,blended,"Data centre facility, hyperscale, Virginia (Zhang et al. 2025)","Data centre facility, hyperscale, Virginia (Zhang et al. 2025) (blended)",934.737,74,blended,0.9347369999999999,0.06526300000000007,934.737,65.26300000000008,0.0,,57733238.81048363,3,1600092000.0,1495665195.804,104426804.19600011,,carbon_api
2025-02-23 14:30:00,blended,"Data centre facility, hyperscale, Virginia (Zhang et al. 2025)","Data centre facility, hyperscale, Virginia (Zhang et al. 2025) (blended)",934.737,71,blended,0.9347369999999999,0.06526300000000007,934.737,65.26300000000008,0.0,,58353368.18240718,3,1600092000.0,1495665195.804,104426804.19600011,,carbon_api
2025-02-23 15:00:00,blended,"Data centre facility, hyperscale, Virginia (Zhang et al. 2025)","Data centre facility, hyperscale, Virginia (Zhang et al. 2025) (blended)",944.714,79,blended,0.944714,0.055285999999999946,944.714,55.285999999999945,0.0,,57239120.99275528,3,1600092000.0,1511629313.6880002,88462686.31199992,,carbon_api
2025-02-23 15:30:00,blended,"Data centre facility, hyperscale, Virginia (Zhang et al. 2025)","Data centre facility, hyperscale, Virginia (Zhang et al. 2025) (blended)",944.714,82,blended,0.944714,0.055285999999999946,944.714,55.285999999999945,0.0,,57677444.92534098,3,1600092000.0,1511629313.6880002,88462686.31199992,,carbon_api
2025-02-23 16:00:00,blended,"Data centre facility, hyperscale, Virginia (Zhang et al. 2025)","Data centre facility, hyperscale, Virginia (Zhang et al. 2025) (blended)",948.427,82,blended,0.948427,0.05157299999999998,948.427,51.57299999999998,0.0,,56565396.809479706,3,1600092000.0,1517570455.284,82521544.71599996,,carbon_api
2025-02-23 16:30:00,blended,"Data centre facility, hyperscale, Virginia (Zhang et al. 2025)","Data centre facility, hyperscale, Virginia (Zhang et al. 2025) (blended)",948.427,85,blended,0.948427,0.05157299999999998,948.427,51.57299999999998,0.0,,55534377.19819565,3,1600092000.0,1517570455.284,82521544.71599996,,carbon_api
2025-02-23 17:00:00,blended,"Data centre facility, hyperscale, Virginia (Zhang et al. 2025)","Data centre facility, hyperscale, Virginia (Zhang et al. 2025) (blended)",950.911,88,blended,0.950911,0.04908900000000005,950.911,49.08900000000005,0.0,,55181528.73382647,3,1600092000.0,1521545083.812,78546916.18800008,,carbon_api
2025-02-23 17:30:00,blended,"Data centre facility, hyperscale, Virginia (Zhang et al. 2025)","Data centre facility, hyperscale, Virginia (Zhang et al. 2025) (blended)",950.911,83,blended,0.950911,0.04908900000000005,950.911,49.08900000000005,0.0,,53659060.390780635,3,1600092000.0,1521545083.812,78546916.18800008,,carbon_api
2025-02-23 18:00:00,blended,"Data centre facility, hyperscale, Virginia (Zhang et al. 2025)","Data centre facility, hyperscale, Virginia (Zhang et al. 2025) (blended)",956.541,85,blended,0.9565410000000001,0.043458999999999914,956.541,43.45899999999992,0.0,,52701242.564964384,3,1600092000.0,1530553601.772,69538398.22799987,,carbon_api
2025-02-23 18:30:00,blended,"Data centre facility, hyperscale, Virginia (Zhang et al. 2025)","Data centre facility, hyperscale, Virginia (Zhang et al. 2025) (blended)",956.541,82,blended,0.9565410000000001,0.043458999999999914,956.541,43.45899999999992,0.0,,52686327.86451353,3,1600092000.0,1530553601.772,69538398.22799987,,carbon_api
2025-02-23 19:00:00,blended,"Data centre facility, hyperscale, Virginia (Zhang et al. 2025)","Data centre facility, hyperscale, Virginia (Zhang et al. 2025) (blended)",957.513,77,blended,0.9575130000000001,0.04248699999999994,957.513,42.48699999999994,0.0,,51992054.64089896,3,1600092000.0,1532108891.196,67983108.8039999,,carbon_api
2025-02-23 19:30:00,blended,"Data centre facility, hyperscale, Virginia (Zhang et al. 2025)","Data centre facility, hyperscale, Virginia (Zhang et al. 2025) (blended)",957.513,78,blended,0.9575130000000001,0.04248699999999994,957.513,42.48699999999994,0.0,,51779745.1646493,3,1600092000.0,1532108891.196,67983108.8039999,,carbon_api
2025-02-23 20:00:00,blended,"Data centre facility, hyperscale, Virginia (Zhang et al. 2025)","Data centre facility, hyperscale, Virginia (Zhang et al. 2025) (blended)",951.679,82,blended,0.9516789999999999,0.04832100000000006,951.679,48.321000000000055,0.0,,53286197.4874751,3,1600092000.0,1522773954.468,77318045.5320001,,carbon_api
2025-02-23 20:30:00,blended,"Data centre facility, hyperscale, Virginia (Zhang et al. 2025)","Data centre facility, hyperscale, Virginia (Zhang et al. 2025) (blended)",951.679,84,blended,0.9516789999999999,0.04832100000000006,951.679,48.321000000000055,0.0,,53421265.64638584,3,1600092000.0,1522773954.468,77318045.5320001,,carbon_api
2025-02-23 21:00:00,blended,"Data centre facility, hyperscale, Virginia (Zhang et al. 2025)","Data centre facility, hyperscale, Virginia (Zhang et al. 2025) (blended)",939.165,83,blended,0.9391649999999999,0.06083500000000008,939.165,60.835000000000086,0.0,,55693970.179339394,3,1600092000.0,1502750403.1799998,97341596.82000013,,carbon_api
2025-02-23 21:30:00,blended,"Data centre facility, hyperscale, Virginia (Zhang et al. 2025)","Data centre facility, hyperscale, Virginia (Zhang et al. 2025) (blended)",939.165,85,blended,0.9391649999999999,0.06083500000000008,939.165,60.835000000000086,0.0,,56003064.963870324,3,1600092000.0,1502750403.1799998,97341596.82000013,,carbon_api
2025-02-23 22:00:00,blended,"Data centre facility, hyperscale, Virginia (Zhang et al. 2025)","Data centre facility, hyperscale, Virginia (Zhang et al. 2025) (blended)",928.213,82,blended,0.928213,0.07178700000000005,928.213,71.78700000000005,0.0,,57560762.60943403,3,1600092000.0,1485226195.596,114865804.40400007,,carbon_api
2025-02-23 22:30:00,blended,"Data centre facility, hyperscale, Virginia (Zhang et al. 2025)","Data centre facility, hyperscale, Virginia (Zhang et al. 2025) (blended)",928.213,73,blended,0.928213,0.07178700000000005,928.213,71.78700000000005,0.0,,56122396.40722462,3,1600092000.0,1485226195.596,114865804.40400007,,carbon_api
2025-02-23 23:00:00,blended,"Data centre facility, hyperscale, Virginia (Zhang et al. 2025)","Data centre facility, hyperscale, Virginia (Zhang et al. 2025) (blended)",921.83,66,blended,0.92183,0.07816999999999996,921.83,78.16999999999996,0.0,,55822086.00380748,3,1600092000.0,1475012808.3600001,125079191.63999994,,carbon_api
2025-02-23 23:30:00,blended,"Data centre facility, hyperscale, Virginia (Zhang et al. 2025)","Data centre facility, hyperscale, Virginia (Zhang et al. 2025) (blended)",921.83,82,blended,0.92183,0.07816999999999996,921.83,78.16999999999996,0.0,,58646328.49468981,3,1600092000.0,1475012808.3600001,125079191.63999994,,carbon_api
2025-02-24 00:00:00,blended,"Data centre facility, hyperscale, Virginia (Zhang et al. 2025)","Data centre facility, hyperscale, Virginia (Zhang et al. 2025) (blended)",903.174,85,blended,0.903174,0.09682599999999997,903.174,96.82599999999996,0.0,,62703230.982583344,3,1600092000.0,1445161492.0080001,154930507.99199995,,carbon_api
2025-02-24 00:30:00,blended,"Data centre facility, hyperscale, Virginia (Zhang et al. 2025)","Data centre facility, hyperscale, Virginia (Zhang et al. 2025) (blended)",903.174,85,blended,0.903174,0.09682599999999997,903.174,96.82599999999996,0.0,,62753139.953458376,3,1600092000.0,1445161492.0080001,154930507.99199995,,carbon_api
2025-02-24 01:00:00,blended,"Data centre facility, hyperscale, Virginia (Zhang et al. 2025)","Data centre facility, hyperscale, Virginia (Zhang et al. 2025) (blended)",878.354,82,blended,0.8783540000000001,0.12164599999999992,878.354,121.64599999999992,0.0,,66831517.77380921,3,1600092000.0,1405447208.568,194644791.43199986,,carbon_api
2025-02-24 01:30:00,blended,"Data centre facility, hyperscale, Virginia (Zhang et al. 2025)","Data centre facility, hyperscale, Virginia (Zhang et al. 2025) (blended)",878.354,72,blended,0.8783540000000001,0.12164599999999992,878.354,121.64599999999992,0.0,,63956171.742692366,3,1600092000.0,1405447208.568,194644791.43199986,,carbon_api
2025-02-24 02:00:00,blended,"Data centre facility, hyperscale, Virginia (Zhang et al. 2025)","Data centre facility, hyperscale, Virginia (Zhang et al. 2025) (blended)",868.212,77,blended,0.868212,0.13178800000000002,868.212,131.788,0.0,,66964612.463237405,3,1600092000.0,1389219075.504,210872924.49600002,,carbon_api
2025-02-24 02:30:00,blended,"Data centre facility, hyperscale, Virginia (Zhang et al. 2025)","Data centre facility, hyperscale, Virginia (Zhang et al. 2025) (blended)",868.212,79,blended,0.868212,0.13178800000000002,868.212,131.788,0.0,,67658461.13470691,3,1600092000.0,1389219075.504,210872924.49600002,,carbon_api
2025-02-24 03:00:00,blended,"Data centre facility, hyperscale, Virginia (Zhang et al. 2025)","Data centre facility, hyperscale, Virginia (Zhang et al. 2025) (blended)",839.49,75,blended,0.83949,0.16051000000000004,839.49,160.51000000000005,0.0,,71403793.82496531,3,1600092000.0,1343261233.08,256830766.92000008,,carbon_api
2025-02-24 03:30:00,blended,"Data centre facility, hyperscale, Virginia (Zhang et al. 2025)","Data centre facility, hyperscale, Virginia (Zhang et al. 2025) (blended)",839.49,70,blended,0.83949,0.16051000000000004,839.49,160.51000000000005,0.0,,69460302.52200575,3,1600092000.0,1343261233.08,256830766.92000008,,carbon_api
2025-02-24 04:00:00,blended,"Data centre facility, hyperscale, Virginia (Zhang et al. 2025)","Data centre facility, hyperscale, Virginia (Zhang et al. 2025) (blended)",753.428,65,blended,0.753428,0.246572,753.428,246.572,0.0,,80590971.61404252,3,1600092000.0,1205554115.376,394537884.624,,carbon_api
2025-02-24 04:30:00,blended,"Data centre facility, hyperscale, Virginia (Zhang et al. 2025)","Data centre facility, hyperscale, Virginia (Zhang et al. 2025) (blended)",753.428,86,blended,0.753428,0.246572,753.428,246.572,0.0,,92135226.4931215,3,1600092000.0,1205554115.376,394537884.624,,carbon_api
2025-02-24 05:00:00,blended,"Data centre facility, hyperscale, Virginia (Zhang et al. 2025)","Data centre facility, hyperscale, Virginia (Zhang et al. 2025) (blended)",633.897,95,blended,0.633897,0.36610299999999996,633.897,366.10299999999995,0.0,,123090673.86377823,3,1600092000.0,1014293518.524,585798481.476,,carbon_api
2025-02-24 05:30:00,blended,"Data centre facility, hyperscale, Virginia (Zhang et al. 2025)","Data centre facility, hyperscale, Virginia (Zhang et al. 2025) (blended)",633.897,86,blended,0.633897,0.36610299999999996,633.897,366.10299999999995,0.0,,118423845.64168137,3,1600092000.0,1014293518.524,585798481.476,,carbon_api
2025-02-24 06:00:00,blended,"Data centre facility, hyperscale, Virginia (Zhang et al. 2025)","Data centre facility, hyperscale, Virginia (Zhang et al. 2025) (blended)",528.969,89,blended,0.528969,0.471031,528.969,471.03099999999995,0.0,,140291437.43563887,3,1600092000.0,846399065.148,753692934.852,,carbon_api
2025-02-24 06:30:00,blended,"Data centre facility, hyperscale, Virginia (Zhang et al. 2025)","Data centre facility, hyperscale, Virginia (Zhang et al. 2025) (blended)",528.969,109,blended,0.528969,0.471031,528.969,471.03099999999995,0.0,,145100137.71747005,3,1600092000.0,846399065.148,753692934.852,,carbon_api
2025-02-24 07:00:00,blended,"Data centre facility, hyperscale, Virginia (Zhang et al. 2025)","Data centre facility, hyperscale, Virginia (Zhang et al. 2025) (blended)",433.647,117,blended,0.433647,0.566353,433.647,566.353,0.0,,181379466.2832485,3,1600092000.0,693875095.524,906216904.476,,carbon_api
2025-02-24 07:30:00,blended,"Data centre facility, hyperscale, Virginia (Zhang et al. 2025)","Data centre facility, hyperscale, Virginia (Zhang et al. 2025) (blended)",433.647,134,blended,0.433647,0.566353,433.647,566.353,0.0,,197761134.9119188,3,1600092000.0,693875095.524,906216904.476,,carbon_api
2025-02-24 08:00:00,blended,"Data centre facility, hyperscale, Virginia (Zhang et al. 2025)","Data centre facility, hyperscale, Virginia (Zhang et al. 2025) (blended)",343.237,128,blended,0.343237,0.656763,343.237,656.763,0.0,,226536032.28828704,3,1600092000.0,549210777.804,1050881222.196,,carbon_api
2025-02-24 08:30:00,blended,"Data centre facility, hyperscale, Virginia (Zhang et al. 2025)","Data centre facility, hyperscale, Virginia (Zhang et al. 2025) (blended)",343.237,125,blended,0.343237,0.656763,343.237,656.763,0.0,,232967254.0812063,3,1600092000.0,549210777.804,1050881222.196,,carbon_api
2025-02-24 09:00:00,blended,"Data centre facility, hyperscale, Virginia (Zhang et al. 2025)","Data centre facility, hyperscale, Virginia (Zhang et al. 2025) (blended)",374.266,124,blended,0.37426600000000004,0.625734,374.266,625.734,0.0,,221025950.11442384,3,1600092000.0,598860032.4720001,1001231967.528,,carbon_api
2025-02-24 09:30:00,blended,"Data centre facility, hyperscale, Virginia (Zhang et al. 2025)","Data centre facility, hyperscale, Virginia (Zhang et al. 2025) (blended)",374.266,117,blended,0.37426600000000004,0.625734,374.266,625.734,0.0,,216603982.38546613,3,1600092000.0,598860032.4720001,1001231967.528,,carbon_api
2025-02-24 10:00:00,blended,"Data centre facility, hyperscale, Virginia (Zhang et al. 2025)","Data centre facility, hyperscale, Virginia (Zhang et al. 2025) (blended)",549.727,118,blended,0.549727,0.45027300000000003,549.727,450.273,0.0,,164179033.41358545,3,1600092000.0,879613774.884,720478225.116,,carbon_api
2025-02-24 10:30:00,blended,"Data centre facility, hyperscale, Virginia (Zhang et al. 2025)","Data centre facility, hyperscale, Virginia (Zhang et al. 2025) (blended)",549.727,108,blended,0.549727,0.45027300000000003,549.727,450.273,0.0,,165776340.29768404,3,1600092000.0,879613774.884,720478225.116,,carbon_api
2025-02-24 11:00:00,blended,"Data centre facility, hyperscale, Virginia (Zhang et al. 2025)","Data centre facility, hyperscale, Virginia (Zhang et al. 2025) (blended)",652.292,90,blended,0.652292,0.347708,652.292,347.708,0.0,,122528940.42000148,3,1600092000.0,1043727210.864,556364789.136,,carbon_api
2025-02-24 11:30:00,blended,"Data centre facility, hyperscale, Virginia (Zhang et al. 2025)","Data centre facility, hyperscale, Virginia (Zhang et al. 2025) (blended)",652.292,81,blended,0.652292,0.347708,652.292,347.708,0.0,,125906074.4711631,3,1600092000.0,1043727210.864,556364789.136,,carbon_api
2025-02-24 12:00:00,blended,"Data centre facility, hyperscale, Virginia (Zhang et al. 2025)","Data centre facility, hyperscale, Virginia (Zhang et al. 2025) (blended)",635.742,66,blended,0.6357419999999999,0.3642580000000001,635.742,364.2580000000001,0.0,,118334700.9940463,3,1600092000.0,1017245688.2639998,582846311.7360002,,carbon_api
2025-02-24 12:30:00,blended,"Data centre facility, hyperscale, Virginia (Zhang et al. 2025)","Data centre facility, hyperscale, Virginia (Zhang et al. 2025) (blended)",635.742,65,blended,0.6357419999999999,0.3642580000000001,635.742,364.2580000000001,0.0,,118685776.21866125,3,1600092000.0,1017245688.2639998,582846311.7360002,,carbon_api
2025-02-24 13:00:00,blended,"Data centre facility, hyperscale, Virginia (Zhang et al. 2025)","Data centre facility, hyperscale, Virginia (Zhang et al. 2025) (blended)",601.218,68,blended,0.6012179999999999,0.3987820000000001,601.218,398.7820000000001,0.0,,129171647.13403699,3,1600092000.0,962004112.0559999,638087887.9440001,,carbon_api
2025-02-24 13:30:00,blended,"Data centre facility, hyperscale, Virginia (Zhang et al. 2025)","Data centre facility, hyperscale, Virginia (Zhang et al. 2025) (blended)",601.218,78,blended,0.6012179999999999,0.3987820000000001,601.218,398.7820000000001,0.0,,128563271.98477015,3,1600092000.0,962004112.0559999,638087887.9440001,,carbon_api
2025-02-24 14:00:00,blended,"Data centre facility, hyperscale, Virginia (Zhang et al. 2025)","Data centre facility, hyperscale, Virginia (Zhang et al. 2025) (blended)",549.728,80,blended,0.549728,0.450272,549.728,450.272,0.0,,141997854.37829962,3,1600092000.0,879615374.976,720476625.024,,carbon_api
2025-02-24 14:30:00,blended,"Data centre facility, hyperscale, Virginia (Zhang et al. 2025)","Data centre facility, hyperscale, Virginia (Zhang et al. 2025) (blended)",549.728,91,blended,0.549728,0.450272,549.728,450.272,0.0,,149349788.858012,3,1600092000.0,879615374.976,720476625.024,,carbon_api
2025-02-24 15:00:00,blended,"Data centre facility, hyperscale, Virginia (Zhang et al. 2025)","Data centre facility, hyperscale, Virginia (Zhang et al. 2025) (blended)",446.996,107,blended,0.446996,0.553004,446.996,553.004,0.0,,191972992.014451,3,1600092000.0,715234723.632,884857276.368,,carbon_api
2025-02-24 15:30:00,blended,"Data centre facility, hyperscale, Virginia (Zhang et al. 2025)","Data centre facility, hyperscale, Virginia (Zhang et al. 2025) (blended)",446.996,119,blended,0.446996,0.553004,446.996,553.004,0.0,,227045062.3613894,3,1600092000.0,715234723.632,884857276.368,,carbon_api
2025-02-24 16:00:00,blended,"Data centre facility, hyperscale, Virginia (Zhang et al. 2025)","Data centre facility, hyperscale, Virginia (Zhang et al. 2025) (blended)",430.41,137,blended,0.43041,0.56959,430.41,569.59,0.0,,256397373.1719218,3,1600092000.0,688695597.72,911396402.2800001,,carbon_api
2025-02-24 16:30:00,blended,"Data centre facility, hyperscale, Virginia (Zhang et al. 2025)","Data centre facility, hyperscale, Virginia (Zhang et al. 2025) (blended)",430.41,152,blended,0.43041,0.56959,430.41,569.59,0.0,,265683787.27171436,3,1600092000.0,688695597.72,911396402.2800001,,carbon_api
2025-02-24 17:00:00,blended,"Data centre facility, hyperscale, Virginia (Zhang et al. 2025)","Data centre facility, hyperscale, Virginia (Zhang et al. 2025) (blended)",445.026,158,blended,0.44502600000000003,0.554974,445.026,554.9739999999999,0.0,,261015946.01845214,3,1600092000.0,712082542.3920001,888009457.6079999,,carbon_api
2025-02-24 17:30:00,blended,"Data centre facility, hyperscale, Virginia (Zhang et al. 2025)","Data centre facility, hyperscale, Virginia (Zhang et al. 2025) (blended)",445.026,173,blended,0.44502600000000003,0.554974,445.026,554.9739999999999,0.0,,265292462.79903716,3,1600092000.0,712082542.3920001,888009457.6079999,,carbon_api
2025-02-24 18:00:00,blended,"Data centre facility, hyperscale, Virginia (Zhang et al. 2025)","Data centre facility, hyperscale, Virginia (Zhang et al. 2025) (blended)",447.002,174,blended,0.447002,0.552998,447.002,552.9979999999999,0.0,,261012565.5649633,3,1600092000.0,715244324.184,884847675.816,,carbon_api
2025-02-24 18:30:00,blended,"Data centre facility, hyperscale, Virginia (Zhang et al. 2025)","Data centre facility, hyperscale, Virginia (Zhang et al. 2025) (blended)",447.002,165,blended,0.447002,0.552998,447.002,552.9979999999999,0.0,,249280676.74822316,3,1600092000.0,715244324.184,884847675.816,,carbon_api
2025-02-24 19:00:00,blended,"Data centre facility, hyperscale, Virginia (Zhang et al. 2025)","Data centre facility, hyperscale, Virginia (Zhang et al. 2025) (blended)",432.309,174,blended,0.432309,0.567691,432.309,567.6909999999999,0.0,,256837560.32690158,3,1600092000.0,691734172.428,908357827.5719999,,carbon_api
2025-02-24 19:30:00,blended,"Data centre facility, hyperscale, Virginia (Zhang et al. 2025)","Data centre facility, hyperscale, Virginia (Zhang et al. 2025) (blended)",432.309,179,blended,0.432309,0.567691,432.309,567.6909999999999,0.0,,265377647.06202322,3,1600092000.0,691734172.428,908357827.5719999,,carbon_api
2025-02-24 20:00:00,blended,"Data centre facility, hyperscale, Virginia (Zhang et al. 2025)","Data centre facility, hyperscale, Virginia (Zhang et al. 2025) (blended)",420.304,174,blended,0.42030399999999996,0.579696,420.304,579.696,0.0,,278606457.3796385,3,1600092000.0,672525067.9679999,927566932.032,,carbon_api
2025-02-24 20:30:00,blended,"Data centre facility, hyperscale, Virginia (Zhang et al. 2025)","Data centre facility, hyperscale, Virginia (Zhang et al. 2025) (blended)",420.304,167,blended,0.42030399999999996,0.579696,420.304,579.696,0.0,,266416786.36098608,3,1600092000.0,672525067.9679999,927566932.032,,carbon_api
2025-02-24 21:00:00,blended,"Data centre facility, hyperscale, Virginia (Zhang et al. 2025)","Data centre facility, hyperscale, Virginia (Zhang et al. 2025) (blended)",383.629,158,blended,0.383629,0.616371,383.629,616.371,0.0,,250260550.1935023,3,1600092000.0,613841693.868,986250306.132,,carbon_api
2025-02-24 21:30:00,blended,"Data centre facility, hyperscale, Virginia (Zhang et al. 2025)","Data centre facility, hyperscale, Virginia (Zhang et al. 2025) (blended)",383.629,131,blended,0.383629,0.616371,383.629,616.371,0.0,,228130973.04022452,3,1600092000.0,613841693.868,986250306.132,,carbon_api
2025-02-24 22:00:00,blended,"Data centre facility, hyperscale, Virginia (Zhang et al. 2025)","Data centre facility, hyperscale, Virginia (Zhang et al. 2025) (blended)",315.9,111,blended,0.31589999999999996,0.6841,315.9,684.1,0.0,,210222610.04626346,3,1600092000.0,505469062.79999995,1094622937.2,,carbon_api
2025-02-24 22:30:00,blended,"Data centre facility, hyperscale, Virginia (Zhang et al. 2025)","Data centre facility, hyperscale, Virginia (Zhang et al. 2025) (blended)",315.9,86,blended,0.31589999999999996,0.6841,315.9,684.1,0.0,,197893151.39949983,3,1600092000.0,505469062.79999995,1094622937.2,,carbon_api
2025-02-24 23:00:00,blended,"Data centre facility, hyperscale, Virginia (Zhang et al. 2025)","Data centre facility, hyperscale, Virginia (Zhang et al. 2025) (blended)",266.252,75,blended,0.266252,0.7337480000000001,266.252,733.748,0.0,,186081397.49729365,3,1600092000.0,426027695.18399996,1174064304.8160002,,carbon_api
2025-02-24 23:30:00,blended,"Data centre facility, hyperscale, Virginia (Zhang et al. 2025)","Data centre facility, hyperscale, Virginia (Zhang et al. 2025) (blended)",266.252,91,blended,0.266252,0.7337480000000001,266.252,733.748,0.0,,219429125.3172369,3,1600092000.0,426027695.18399996,1174064304.8160002,,carbon_api
2025-02-25 00:00:00,blended,"Data centre facility, hyperscale, Virginia (Zhang et al. 2025)","Data centre facility, hyperscale, Virginia (Zhang et al. 2025) (blended)",234.535,102,blended,0.234535,0.7654650000000001,234.535,765.465,0.0,,241651126.17696083,3,1600092000.0,375277577.21999997,1224814422.7800002,,carbon_api
2025-02-25 00:30:00,blended,"Data centre facility, hyperscale, Virginia (Zhang et al. 2025)","Data centre facility, hyperscale, Virginia (Zhang et al. 2025) (blended)",234.535,125,blended,0.234535,0.7654650000000001,234.535,765.465,0.0,,274257938.68853563,3,1600092000.0,375277577.21999997,1224814422.7800002,,carbon_api
2025-02-25 01:00:00,blended,"Data centre facility, hyperscale, Virginia (Zhang et al. 2025)","Data centre facility, hyperscale, Virginia (Zhang et al. 2025) (blended)",168.499,112,blended,0.16849899999999998,0.831501,168.499,831.5010000000001,0.0,,279720304.388472,3,1600092000.0,269613901.908,1330478098.092,,carbon_api
2025-02-25 01:30:00,blended,"Data centre facility, hyperscale, Virginia (Zhang et al. 2025)","Data centre facility, hyperscale, Virginia (Zhang et al. 2025) (blended)",168.499,106,blended,0.16849899999999998,0.831501,168.499,831.5010000000001,0.0,,274148612.351113,3,1600092000.0,269613901.908,1330478098.092,,carbon_api
2025-02-25 02:00:00,blended,"Data centre facility, hyperscale, Virginia (Zhang et al. 2025)","Data centre facility, hyperscale, Virginia (Zhang et al. 2025) (blended)",135.92,104,blended,0.13591999999999999,0.86408,135.92,864.0799999999999,0.0,,299167060.87255764,3,1600092000.0,217484504.64,1382607495.36,,carbon_api
2025-02-25 02:30:00,blended,"Data centre facility, hyperscale, Virginia (Zhang et al. 2025)","Data centre facility, hyperscale, Virginia (Zhang et al. 2025) (blended)",135.92,117,blended,0.13591999999999999,0.86408,135.92,864.0799999999999,0.0,,325048552.071517,3,1600092000.0,217484504.64,1382607495.36,,carbon_api
2025-02-25 03:00:00,blended,"Data centre facility, hyperscale, Virginia (Zhang et al. 2025)","Data centre facility, hyperscale, Virginia (Zhang et al. 2025) (blended)",114.889,140,blended,0.11488899999999999,0.885111,114.889,885.111,0.0,,362678527.20111275,3,1600092000.0,183832969.788,1416259030.212,,carbon_api
2025-02-25 03:30:00,blended,"Data centre facility, hyperscale, Virginia (Zhang et al. 2025)","Data centre facility, hyperscale, Virginia (Zhang et al. 2025) (blended)",114.889,158,blended,0.11488899999999999,0.885111,114.889,885.111,0.0,,397136492.30708504,3,1600092000.0,183832969.788,1416259030.212,,carbon_api
2025-02-25 04:00:00,blended,"Data centre facility, hyperscale, Virginia (Zhang et al. 2025)","Data centre facility, hyperscale, Virginia (Zhang et al. 2025) (blended)",98.665,169,blended,0.098665,0.901335,98.665,901.335,0.0,,420215690.3378131,3,1600092000.0,157873077.18,1442218922.82,,carbon_api
2025-02-25 04:30:00,blended,"Data centre facility, hyperscale, Virginia (Zhang et al. 2025)","Data centre facility, hyperscale, Virginia (Zhang et al. 2025) (blended)",98.665,193,blended,0.098665,0.901335,98.665,901.335,0.0,,466944314.2767169,3,1600092000.0,157873077.18,1442218922.82,,carbon_api
2025-02-25 05:00:00,blended,"Data centre facility, hyperscale, Virginia (Zhang et al. 2025)","Data centre facility, hyperscale, Virginia (Zhang et al. 2025) (blended)",86.199,216,blended,0.086199,0.913801,86.199,913.8009999999999,0.0,,530506221.35416293,3,1600092000.0,137926330.308,1462165669.692,,carbon_api
2025-02-25 05:30:00,blended,"Data centre facility, hyperscale, Virginia (Zhang et al. 2025)","Data centre facility, hyperscale, Virginia (Zhang et al. 2025) (blended)",86.199,234,blended,0.086199,0.913801,86.199,913.8009999999999,0.0,,573602880.5414749,3,1600092000.0,137926330.308,1462165669.692,,carbon_api
2025-02-25 06:00:00,blended,"Data centre facility, hyperscale, Virginia (Zhang et al. 2025)","Data centre facility, hyperscale, Virginia (Zhang et al. 2025) (blended)",82.691,242,blended,0.082691,0.917309,82.691,917.3090000000001,0.0,,582513540.3381474,3,1600092000.0,132313207.572,1467778792.428,,carbon_api
2025-02-25 06:30:00,blended,"Data centre facility, hyperscale, Virginia (Zhang et al. 2025)","Data centre facility, hyperscale, Virginia (Zhang et al. 2025) (blended)",82.691,217,blended,0.082691,0.917309,82.691,917.3090000000001,0.0,,546216322.2664325,3,1600092000.0,132313207.572,1467778792.428,,carbon_api
2025-02-25 07:00:00,blended,"Data centre facility, hyperscale, Virginia (Zhang et al. 2025)","Data centre facility, hyperscale, Virginia (Zhang et al. 2025) (blended)",81.151,205,blended,0.081151,0.918849,81.151,918.849,0.0,,520757573.13317335,3,1600092000.0,129849065.892,1470242934.108,,carbon_api
2025-02-25 07:30:00,blended,"Data centre facility, hyperscale, Virginia (Zhang et al. 2025)","Data centre facility, hyperscale, Virginia (Zhang et al. 2025) (blended)",81.151,216,blended,0.081151,0.918849,81.151,918.849,0.0,,530396593.7033932,3,1600092000.0,129849065.892,1470242934.108,,carbon_api
2025-02-25 08:00:00,blended,"Data centre facility, hyperscale, Virginia (Zhang et al. 2025)","Data centre facility, hyperscale, Virginia (Zhang et al. 2025) (blended)",92.782,212,blended,0.092782,0.907218,92.782,907.218,0.0,,523862330.20870143,3,1600092000.0,148459735.944,1451632264.056,,carbon_api
2025-02-25 08:30:00,blended,"Data centre facility, hyperscale, Virginia (Zhang et al. 2025)","Data centre facility, hyperscale, Virginia (Zhang et al. 2025) (blended)",92.782,207,blended,0.092782,0.907218,92.782,907.218,0.0,,510509811.87253875,3,1600092000.0,148459735.944,1451632264.056,,carbon_api
2025-02-25 09:00:00,blended,"Data centre facility, hyperscale, Virginia (Zhang et al. 2025)","Data centre facility, hyperscale, Virginia (Zhang et al. 2025) (blended)",126.473,194,blended,0.126473,0.8735269999999999,126.473,873.5269999999999,0.0,,472838829.6372982,3,1600092000.0,202368435.516,1397723564.484,,carbon_api
2025-02-25 09:30:00,blended,"Data centre facility, hyperscale, Virginia (Zhang et al. 2025)","Data centre facility, hyperscale, Virginia (Zhang et al. 2025) (blended)",126.473,183,blended,0.126473,0.8735269999999999,126.473,873.5269999999999,0.0,,459356177.2571606,3,1600092000.0,202368435.516,1397723564.484,,carbon_api
2025-02-25 10:00:00,blended,"Data centre facility, hyperscale, Virginia (Zhang et al. 2025)","Data centre facility, hyperscale, Virginia (Zhang et al. 2025) (blended)",160.048,171,blended,0.160048,0.839952,160.048,839.952,0.0,,428305550.71137905,3,1600092000.0,256091524.41599998,1344000475.584,,carbon_api
2025-02-25 10:30:00,blended,"Data centre facility, hyperscale, Virginia (Zhang et al. 2025)","Data centre facility, hyperscale, Virginia (Zhang et al. 2025) (blended)",160.048,168,blended,0.160048,0.839952,160.048,839.952,0.0,,429188213.431207,3,1600092000.0,256091524.41599998,1344000475.584,,carbon_api
2025-02-25 11:00:00,blended,"Data centre facility, hyperscale, Virginia (Zhang et al. 2025)","Data centre facility, hyperscale, Virginia (Zhang et al. 2025) (blended)",191.047,161,blended,0.191047,0.808953,191.047,808.9530000000001,0.0,,403307321.74977803,3,1600092000.0,305692776.324,1294399223.676,,carbon_api
2025-02-25 11:30:00,blended,"Data centre facility, hyperscale, Virginia (Zhang et al. 2025)","Data centre facility, hyperscale, Virginia (Zhang et al. 2025) (blended)",191.047,164,blended,0.191047,0.808953,191.047,808.9530000000001,0.0,,409044977.75603247,3,1600092000.0,305692776.324,1294399223.676,,carbon_api
2025-02-25 12:00:00,blended,"Data centre facility, hyperscale, Virginia (Zhang et al. 2025)","Data centre facility, hyperscale, Virginia (Zhang et al. 2025) (blended)",227.416,159,blended,0.227416,0.7725839999999999,227.416,772.584,0.0,,384501161.61200994,3,1600092000.0,363886522.272,1236205477.728,,carbon_api
2025-02-25 12:30:00,blended,"Data centre facility, hyperscale, Virginia (Zhang et al. 2025)","Data centre facility, hyperscale, Virginia (Zhang et al. 2025) (blended)",227.416,161,blended,0.227416,0.7725839999999999,227.416,772.584,0.0,,386273568.4137432,3,1600092000.0,363886522.272,1236205477.728,,carbon_api
2025-02-25 13:00:00,blended,"Data centre facility, hyperscale, Virginia (Zhang et al. 2025)","Data centre facility, hyperscale, Virginia (Zhang et al. 2025) (blended)",263.987,166,blended,0.263987,0.736013,263.987,736.013,0.0,,377489510.90694785,3,1600092000.0,422403486.804,1177688513.196,,carbon_api
2025-02-25 13:30:00,blended,"Data centre facility, hyperscale, Virginia (Zhang et al. 2025)","Data centre facility, hyperscale, Virginia (Zhang et al. 2025) (blended)",263.987,171,blended,0.263987,0.736013,263.987,736.013,0.0,,384582385.095565,3,1600092000.0,422403486.804,1177688513.196,,carbon_api
2025-02-25 14:00:00,blended,"Data centre facility, hyperscale, Virginia (Zhang et al. 2025)","Data centre facility, hyperscale, Virginia (Zhang et al. 2025) (blended)",296.904,172,blended,0.296904,0.7030959999999999,296.904,703.0959999999999,0.0,,369943493.2724959,3,1600092000.0,475073715.168,1125018284.832,,carbon_api
2025-02-25 14:30:00,blended,"Data centre facility, hyperscale, Virginia (Zhang et al. 2025)","Data centre facility, hyperscale, Virginia (Zhang et al. 2025) (blended)",296.904,183,blended,0.296904,0.7030959999999999,296.904,703.0959999999999,0.0,,384599923.089835,3,1600092000.0,475073715.168,1125018284.832,,carbon_api
2025-02-25 15:00:00,blended,"Data centre facility, hyperscale, Virginia (Zhang et al. 2025)","Data centre facility, hyperscale, Virginia (Zhang et al. 2025) (blended)",302.463,192,blended,0.30246300000000004,0.697537,302.463,697.5369999999999,0.0,,395049580.9592171,3,1600092000.0,483968626.5960001,1116123373.404,,carbon_api
2025-02-25 15:30:00,blended,"Data centre facility, hyperscale, Virginia (Zhang et al. 2025)","Data centre facility, hyperscale, Virginia (Zhang et al. 2025) (blended)",302.463,213,blended,0.30246300000000004,0.697537,302.463,697.5369999999999,0.0,,426649369.9297018,3,1600092000.0,483968626.5960001,1116123373.404,,carbon_api
2025-02-25 16:00:00,blended,"Data centre facility, hyperscale, Virginia (Zhang et al. 2025)","Data centre facility, hyperscale, Virginia (Zhang et al. 2025) (blended)",297.327,221,blended,0.297327,0.702673,297.327,702.673,0.0,,439473453.8364054,3,1600092000.0,475750554.084,1124341445.916,,carbon_api
2025-02-25 16:30:00,blended,"Data centre facility, hyperscale, Virginia (Zhang et al. 2025)","Data centre facility, hyperscale, Virginia (Zhang et al. 2025) (blended)",297.327,234,blended,0.297327,0.702673,297.327,702.673,0.0,,457059873.470337,3,1600092000.0,475750554.084,1124341445.916,,carbon_api
2025-02-25 17:00:00,blended,"Data centre facility, hyperscale, Virginia (Zhang et al. 2025)","Data centre facility, hyperscale, Virginia (Zhang et al. 2025) (blended)",352.383,240,blended,0.352383,0.647617,352.383,647.617,0.0,,430783083.41890025,3,1600092000.0,563845219.2360001,1036246780.7639999,,carbon_api
2025-02-25 17:30:00,blended,"Data centre facility, hyperscale, Virginia (Zhang et al. 2025)","Data centre facility, hyperscale, Virginia (Zhang et al. 2025) (blended)",352.383,241,blended,0.352383,0.647617,352.383,647.617,0.0,,428339631.23957396,3,1600092000.0,563845219.2360001,1036246780.7639999,,carbon_api
2025-02-25 18:00:00,blended,"Data centre facility, hyperscale, Virginia (Zhang et al. 2025)","Data centre facility, hyperscale, Virginia (Zhang et al. 2025) (blended)",400.349,236,blended,0.400349,0.5996509999999999,400.349,599.651,0.0,,392904226.6442671,3,1600092000.0,640595232.108,959496767.8919998,,carbon_api
2025-02-25 18:30:00,blended,"Data centre facility, hyperscale, Virginia (Zhang et al. 2025)","Data centre facility, hyperscale, Virginia (Zhang et al. 2025) (blended)",400.349,235,blended,0.400349,0.5996509999999999,400.349,599.651,0.0,,388517739.0896587,3,1600092000.0,640595232.108,959496767.8919998,,carbon_api
2025-02-25 19:00:00,blended,"Data centre facility, hyperscale, Virginia (Zhang et al. 2025)","Data centre facility, hyperscale, Virginia (Zhang et al. 2025) (blended)",422.314,228,blended,0.422314,0.5776859999999999,422.314,577.6859999999999,0.0,,366704431.13511604,3,1600092000.0,675741252.888,924350747.1119999,,carbon_api
2025-02-25 19:30:00,blended,"Data centre facility, hyperscale, Virginia (Zhang et al. 2025)","Data centre facility, hyperscale, Virginia (Zhang et al. 2025) (blended)",422.314,224,blended,0.422314,0.5776859999999999,422.314,577.6859999999999,0.0,,361503056.40188414,3,1600092000.0,675741252.888,924350747.1119999,,carbon_api
2025-02-25 20:00:00,blended,"Data centre facility, hyperscale, Virginia (Zhang et al. 2025)","Data centre facility, hyperscale, Virginia (Zhang et al. 2025) (blended)",421.583,254,blended,0.42158300000000004,0.578417,421.583,578.4169999999999,0.0,,382474333.98937535,3,1600092000.0,674571585.636,925520414.364,,carbon_api
2025-02-25 20:30:00,blended,"Data centre facility, hyperscale, Virginia (Zhang et al. 2025)","Data centre facility, hyperscale, Virginia (Zhang et al. 2025) (blended)",421.583,231,blended,0.42158300000000004,0.578417,421.583,578.4169999999999,0.0,,358413851.2860054,3,1600092000.0,674571585.636,925520414.364,,carbon_api
2025-02-25 21:00:00,blended,"Data centre facility, hyperscale, Virginia (Zhang et al. 2025)","Data centre facility, hyperscale, Virginia (Zhang et al. 2025) (blended)",419.548,221,blended,0.419548,0.580452,419.548,580.452,0.0,,345872264.90805453,3,1600092000.0,671315398.416,928776601.584,,carbon_api
2025-02-25 21:30:00,blended,"Data centre facility, hyperscale, Virginia (Zhang et al. 2025)","Data centre facility, hyperscale, Virginia (Zhang et al. 2025) (blended)",419.548,199,blended,0.419548,0.580452,419.548,580.452,0.0,,327429116.2721728,3,1600092000.0,671315398.416,928776601.584,,carbon_api
2025-02-25 22:00:00,blended,"Data centre facility, hyperscale, Virginia (Zhang et al. 2025)","Data centre facility, hyperscale, Virginia (Zhang et al. 2025) (blended)",404.291,186,blended,0.404291,0.595709,404.291,595.7090000000001,0.0,,323799523.48512864,3,1600092000.0,646902794.7720001,953189205.228,,carbon_api
2025-02-25 22:30:00,blended,"Data centre facility, hyperscale, Virginia (Zhang et al. 2025)","Data centre facility, hyperscale, Virginia (Zhang et al. 2025) (blended)",404.291,172,blended,0.404291,0.595709,404.291,595.7090000000001,0.0,,311841466.1017764,3,1600092000.0,646902794.7720001,953189205.228,,carbon_api
2025-02-25 23:00:00,blended,"Data centre facility, hyperscale, Virginia (Zhang et al. 2025)","Data centre facility, hyperscale, Virginia (Zhang et al. 2025) (blended)",341.366,163,blended,0.341366,0.6586339999999999,341.366,658.6339999999999,0.0,,330558509.3017749,3,1600092000.0,546217005.672,1053874994.328,,carbon_api
2025-02-25 23:30:00,blended,"Data centre facility, hyperscale, Virginia (Zhang et al. 2025)","Data centre facility, hyperscale, Virginia (Zhang et al. 2025) (blended)",341.366,168,blended,0.341366,0.6586339999999999,341.366,658.6339999999999,0.0,,350613602.5917356,3,1600092000.0,546217005.672,1053874994.328,,carbon_api
2025-02-26 00:00:00,blended,"Data centre facility, hyperscale, Virginia (Zhang et al. 2025)","Data centre facility, hyperscale, Virginia (Zhang et al. 2025) (blended)",269.64,173,blended,0.26964,0.73036,269.64,730.36,0.0,,391225122.7772113,3,1600092000.0,431448806.88,1168643193.1200001,,carbon_api
2025-02-26 00:30:00,blended,"Data centre facility, hyperscale, Virginia (Zhang et al. 2025)","Data centre facility, hyperscale, Virginia (Zhang et al. 2025) (blended)",269.64,193,blended,0.26964,0.73036,269.64,730.36,0.0,,422836592.51789373,3,1600092000.0,431448806.88,1168643193.1200001,,carbon_api
2025-02-26 01:00:00,blended,"Data centre facility, hyperscale, Virginia (Zhang et al. 2025)","Data centre facility, hyperscale, Virginia (Zhang et al. 2025) (blended)",194.412,187,blended,0.194412,0.805588,194.412,805.588,0.0,,452483987.38503164,3,1600092000.0,311077085.904,1289014914.096,,carbon_api
2025-02-26 01:30:00,blended,"Data centre facility, hyperscale, Virginia (Zhang et al. 2025)","Data centre facility, hyperscale, Virginia (Zhang et al. 2025) (blended)",194.412,166,blended,0.194412,0.805588,194.412,805.588,0.0,,418836359.635463,3,1600092000.0,311077085.904,1289014914.096,,carbon_api
2025-02-26 02:00:00,blended,"Data centre facility, hyperscale, Virginia (Zhang et al. 2025)","Data centre facility, hyperscale, Virginia (Zhang et al. 2025) (blended)",162.903,162,blended,0.162903,0.837097,162.903,837.097,0.0,,426474809.4725504,3,1600092000.0,260659787.07599998,1339432212.924,,carbon_api
2025-02-26 02:30:00,blended,"Data centre facility, hyperscale, Virginia (Zhang et al. 2025)","Data centre facility, hyperscale, Virginia (Zhang et al. 2025) (blended)",162.903,172,blended,0.162903,0.837097,162.903,837.097,0.0,,442799715.19025946,3,1600092000.0,260659787.07599998,1339432212.924,,carbon_api
2025-02-26 03:00:00,blended,"Data centre facility, hyperscale, Virginia (Zhang et al. 2025)","Data centre facility, hyperscale, Virginia (Zhang et al. 2025) (blended)",153.114,177,blended,0.153114,0.846886,153.114,846.8860000000001,0.0,,457294278.6841268,3,1600092000.0,244996486.488,1355095513.512,,carbon_api
2025-02-26 03:30:00,blended,"Data centre facility, hyperscale, Virginia (Zhang et al. 2025)","Data centre facility, hyperscale, Virginia (Zhang et al. 2025) (blended)",153.114,182,blended,0.153114,0.846886,153.114,846.8860000000001,0.0,,462507487.78688854,3,1600092000.0,244996486.488,1355095513.512,,carbon_api
2025-02-26 04:00:00,blended,"Data centre facility, hyperscale, Virginia (Zhang et al. 2025)","Data centre facility, hyperscale, Virginia (Zhang et al. 2025) (blended)",157.988,175,blended,0.157988,0.842012,157.988,842.012,0.0,,444799651.6035758,3,1600092000.0,252795334.896,1347296665.1039999,,carbon_api
2025-02-26 04:30:00,blended,"Data centre facility, hyperscale, Virginia (Zhang et al. 2025)","Data centre facility, hyperscale, Virginia (Zhang et al. 2025) (blended)",157.988,200,blended,0.157988,0.842012,157.988,842.012,0.0,,467312497.270796,3,1600092000.0,252795334.896,1347296665.1039999,,carbon_api
2025-02-26 05:00:00,blended,"Data centre facility, hyperscale, Virginia (Zhang et al. 2025)","Data centre facility, hyperscale, Virginia (Zhang et al. 2025) (blended)",187.952,211,blended,0.187952,0.812048,187.952,812.048,0.0,,470645040.99819344,3,1600092000.0,300740491.584,1299351508.416,,carbon_api
2025-02-26 05:30:00,blended,"Data centre facility, hyperscale, Virginia (Zhang et al. 2025)","Data centre facility, hyperscale, Virginia (Zhang et al. 2025) (blended)",187.952,233,blended,0.187952,0.812048,187.952,812.048,0.0,,491998743.7958089,3,1600092000.0,300740491.584,1299351508.416,,carbon_api
2025-02-26 06:00:00,blended,"Data centre facility, hyperscale, Virginia (Zhang et al. 2025)","Data centre facility, hyperscale, Virginia (Zhang et al. 2025) (blended)",230.121,237,blended,0.23012100000000002,0.769879,230.121,769.879,0.0,,473707738.0254282,3,1600092000.0,368214771.132,1231877228.868,,carbon_api
2025-02-26 06:30:00,blended,"Data centre facility, hyperscale, Virginia (Zhang et al. 2025)","Data centre facility, hyperscale, Virginia (Zhang et al. 2025) (blended)",230.121,219,blended,0.23012100000000002,0.769879,230.121,769.879,0.0,,470292634.9949216,3,1600092000.0,368214771.132,1231877228.868,,carbon_api
2025-02-26 07:00:00,blended,"Data centre facility, hyperscale, Virginia (Zhang et al. 2025)","Data centre facility, hyperscale, Virginia (Zhang et al. 2025) (blended)",280.296,222,blended,0.280296,0.719704,280.296,719.7040000000001,0.0,,446988585.8781498,3,1600092000.0,448499387.232,1151592612.7680001,,carbon_api
2025-02-26 07:30:00,blended,"Data centre facility, hyperscale, Virginia (Zhang et al. 2025)","Data centre facility, hyperscale, Virginia (Zhang et al. 2025) (blended)",280.296,201,blended,0.280296,0.719704,280.296,719.7040000000001,0.0,,421190684.9883208,3,1600092000.0,448499387.232,1151592612.7680001,,carbon_api
2025-02-26 08:00:00,blended,"Data centre facility, hyperscale, Virginia (Zhang et al. 2025)","Data centre facility, hyperscale, Virginia (Zhang et al. 2025) (blended)",400.479,193,blended,0.400479,0.599521,400.479,599.521,0.0,,350053166.26232207,3,1600092000.0,640803244.068,959288755.9319999,,carbon_api
2025-02-26 08:30:00,blended,"Data centre facility, hyperscale, Virginia (Zhang et al. 2025)","Data centre facility, hyperscale, Virginia (Zhang et al. 2025) (blended)",400.479,181,blended,0.400479,0.599521,400.479,599.521,0.0,,321027069.1788504,3,1600092000.0,640803244.068,959288755.9319999,,carbon_api
2025-02-26 09:00:00,blended,"Data centre facility, hyperscale, Virginia (Zhang et al. 2025)","Data centre facility, hyperscale, Virginia (Zhang et al. 2025) (blended)",518.523,174,blended,0.5185230000000001,0.48147699999999993,518.523,481.4769999999999,0.0,,254687887.73105454,3,1600092000.0,829684504.116,770407495.884,,carbon_api
2025-02-26 09:30:00,blended,"Data centre facility, hyperscale, Virginia (Zhang et al. 2025)","Data centre facility, hyperscale, Virginia (Zhang et al. 2025) (blended)",518.523,169,blended,0.5185230000000001,0.48147699999999993,518.523,481.4769999999999,0.0,,246901909.6930675,3,1600092000.0,829684504.116,770407495.884,,carbon_api
2025-02-26 10:00:00,blended,"Data centre facility, hyperscale, Virginia (Zhang et al. 2025)","Data centre facility, hyperscale, Virginia (Zhang et al. 2025) (blended)",666.718,160,blended,0.6667179999999999,0.3332820000000001,666.718,333.2820000000001,0.0,,177880279.50529733,3,1600092000.0,1066810138.0559999,533281861.9440001,,carbon_api
2025-02-26 10:30:00,blended,"Data centre facility, hyperscale, Virginia (Zhang et al. 2025)","Data centre facility, hyperscale, Virginia (Zhang et al. 2025) (blended)",666.718,162,blended,0.6667179999999999,0.3332820000000001,666.718,333.2820000000001,0.0,,176677349.51024532,3,1600092000.0,1066810138.0559999,533281861.9440001,,carbon_api
2025-02-26 11:00:00,blended,"Data centre facility, hyperscale, Virginia (Zhang et al. 2025)","Data centre facility, hyperscale, Virginia (Zhang et al. 2025) (blended)",619.41,158,blended,0.61941,0.38059,619.41,380.59,0.0,,191206320.27077177,3,1600092000.0,991112985.72,608979014.28,,carbon_api
2025-02-26 11:30:00,blended,"Data centre facility, hyperscale, Virginia (Zhang et al. 2025)","Data centre facility, hyperscale, Virginia (Zhang et al. 2025) (blended)",619.41,148,blended,0.61941,0.38059,619.41,380.59,0.0,,181664390.65725455,3,1600092000.0,991112985.72,608979014.28,,carbon_api
2025-02-26 12:00:00,blended,"Data centre facility, hyperscale, Virginia (Zhang et al. 2025)","Data centre facility, hyperscale, Virginia (Zhang et al. 2025) (blended)",457.491,144,blended,0.457491,0.542509,457.491,542.509,0.0,,231863299.3304235,3,1600092000.0,732027689.1719999,868064310.8280001,,carbon_api
2025-02-26 12:30:00,blended,"Data centre facility, hyperscale, Virginia (Zhang et al. 2025)","Data centre facility, hyperscale, Virginia (Zhang et al. 2025) (blended)",457.491,136,blended,0.457491,0.542509,457.491,542.509,0.0,,235398450.02843928,3,1600092000.0,732027689.1719999,868064310.8280001,,carbon_api
2025-02-26 13:00:00,blended,"Data centre facility, hyperscale, Virginia (Zhang et al. 2025)","Data centre facility, hyperscale, Virginia (Zhang et al. 2025) (blended)",340.36,136,blended,0.34036,0.65964,340.36,659.64,0.0,,277694335.4809464,3,1600092000.0,544607313.12,1055484686.88,,carbon_api
2025-02-26 13:30:00,blended,"Data centre facility, hyperscale, Virginia (Zhang et al. 2025)","Data centre facility, hyperscale, Virginia (Zhang et al. 2025) (blended)",340.36,139,blended,0.34036,0.65964,340.36,659.64,0.0,,291834367.61282766,3,1600092000.0,544607313.12,1055484686.88,,carbon_api
2025-02-26 14:00:00,blended,"Data centre facility, hyperscale, Virginia (Zhang et al. 2025)","Data centre facility, hyperscale, Virginia (Zhang et al. 2025) (blended)",273.202,139,blended,0.273202,0.726798,273.202,726.798,0.0,,318797343.3526555,3,1600092000.0,437148334.584,1162943665.4160001,,carbon_api
2025-02-26 14:30:00,blended,"Data centre facility, hyperscale, Virginia (Zhang et al. 2025)","Data centre facility, hyperscale, Virginia (Zhang et al. 2025) (blended)",273.202,148,blended,0.273202,0.726798,273.202,726.798,0.0,,337481161.9899372,3,1600092000.0,437148334.584,1162943665.4160001,,carbon_api
2025-02-26 15:00:00,blended,"Data centre facility, hyperscale, Virginia (Zhang et al. 2025)","Data centre facility, hyperscale, Virginia (Zhang et al. 2025) (blended)",317.16,172,blended,0.31716,0.68284,317.16,682.84,0.0,,357881484.1013029,3,1600092000.0,507485178.71999997,1092606821.28,,carbon_api
2025-02-26 15:30:00,blended,"Data centre facility, hyperscale, Virginia (Zhang et al. 2025)","Data centre facility, hyperscale, Virginia (Zhang et al. 2025) (blended)",317.16,192,blended,0.31716,0.68284,317.16,682.84,0.0,,388532111.4044601,3,1600092000.0,507485178.71999997,1092606821.28,,carbon_api
2025-02-26 16:00:00,blended,"Data centre facility, hyperscale, Virginia (Zhang et al. 2025)","Data centre facility, hyperscale, Virginia (Zhang et al. 2025) (blended)",395.074,206,blended,0.39507400000000004,0.604926,395.074,604.9259999999999,0.0,,366674082.2156975,3,1600092000.0,632154746.8080001,967937253.1919999,,carbon_api
2025-02-26 16:30:00,blended,"Data centre facility, hyperscale, Virginia (Zhang et al. 2025)","Data centre facility, hyperscale, Virginia (Zhang et al. 2025) (blended)",395.074,206,blended,0.39507400000000004,0.604926,395.074,604.9259999999999,0.0,,366715107.853119,3,1600092000.0,632154746.8080001,967937253.1919999,,carbon_api
2025-02-26 17:00:00,blended,"Data centre facility, hyperscale, Virginia (Zhang et al. 2025)","Data centre facility, hyperscale, Virginia (Zhang et al. 2025) (blended)",486.975,211,blended,0.48697500000000005,0.513025,486.975,513.025,0.0,,321404880.7451172,3,1600092000.0,779204801.7,820887198.3,,carbon_api
2025-02-26 17:30:00,blended,"Data centre facility, hyperscale, Virginia (Zhang et al. 2025)","Data centre facility, hyperscale, Virginia (Zhang et al. 2025) (blended)",486.975,236,blended,0.48697500000000005,0.513025,486.975,513.025,0.0,,335984735.8412558,3,1600092000.0,779204801.7,820887198.3,,carbon_api
2025-02-26 18:00:00,blended,"Data centre facility, hyperscale, Virginia (Zhang et al. 2025)","Data centre facility, hyperscale, Virginia (Zhang et al. 2025) (blended)",507.213,229,blended,0.507213,0.492787,507.213,492.787,0.0,,315296263.9470978,3,1600092000.0,811587463.5960001,788504536.4039999,,carbon_api
2025-02-26 18:30:00,blended,"Data centre facility, hyperscale, Virginia (Zhang et al. 2025)","Data centre facility, hyperscale, Virginia (Zhang et al. 2025) (blended)",507.213,192,blended,0.507213,0.492787,507.213,492.787,0.0,,282891851.6878427,3,1600092000.0,811587463.5960001,788504536.4039999,,carbon_api
2025-02-26 19:00:00,blended,"Data centre facility, hyperscale, Virginia (Zhang et al. 2025)","Data centre facility, hyperscale, Virginia (Zhang et al. 2025) (blended)",478.705,190,blended,0.478705,0.5212950000000001,478.705,521.2950000000001,0.0,,294806222.0261057,3,1600092000.0,765972040.86,834119959.1400001,,carbon_api
2025-02-26 19:30:00,blended,"Data centre facility, hyperscale, Virginia (Zhang et al. 2025)","Data centre facility, hyperscale, Virginia (Zhang et al. 2025) (blended)",478.705,201,blended,0.478705,0.5212950000000001,478.705,521.2950000000001,0.0,,295659185.7670944,3,1600092000.0,765972040.86,834119959.1400001,,carbon_api
2025-02-26 20:00:00,blended,"Data centre facility, hyperscale, Virginia (Zhang et al. 2025)","Data centre facility, hyperscale, Virginia (Zhang et al. 2025) (blended)",466.305,188,blended,0.466305,0.533695,466.305,533.695,0.0,,286500419.27182007,3,1600092000.0,746130900.0600001,853961099.94,,carbon_api
2025-02-26 20:30:00,blended,"Data centre facility, hyperscale, Virginia (Zhang et al. 2025)","Data centre facility, hyperscale, Virginia (Zhang et al. 2025) (blended)",466.305,199,blended,0.466305,0.533695,466.305,533.695,0.0,,280970925.14085937,3,1600092000.0,746130900.0600001,853961099.94,,carbon_api
2025-02-26 21:00:00,blended,"Data centre facility, hyperscale, Virginia (Zhang et al. 2025)","Data centre facility, hyperscale, Virginia (Zhang et al. 2025) (blended)",463.53,198,blended,0.46353,0.53647,463.53,536.47,0.0,,279780466.7604591,3,1600092000.0,741690644.76,858401355.24,,carbon_api
2025-02-26 21:30:00,blended,"Data centre facility, hyperscale, Virginia (Zhang et al. 2025)","Data centre facility, hyperscale, Virginia (Zhang et al. 2025) (blended)",463.53,181,blended,0.46353,0.53647,463.53,536.47,0.0,,255026488.5998887,3,1600092000.0,741690644.76,858401355.24,,carbon_api
2025-02-26 22:00:00,blended,"Data centre facility, hyperscale, Virginia (Zhang et al. 2025)","Data centre facility, hyperscale, Virginia (Zhang et al. 2025) (blended)",447.595,163,blended,0.447595,0.552405,447.595,552.4050000000001,0.0,,238604489.46044463,3,1600092000.0,716193178.74,883898821.2600001,,carbon_api
2025-02-26 22:30:00,blended,"Data centre facility, hyperscale, Virginia (Zhang et al. 2025)","Data centre facility, hyperscale, Virginia (Zhang et al. 2025) (blended)",447.595,158,blended,0.447595,0.552405,447.595,552.4050000000001,0.0,,246770989.96308985,3,1600092000.0,716193178.74,883898821.2600001,,carbon_api
2025-02-26 23:00:00,blended,"Data centre facility, hyperscale, Virginia (Zhang et al. 2025)","Data centre facility, hyperscale, Virginia (Zhang et al. 2025) (blended)",425.041,154,blended,0.425041,0.574959,425.041,574.959,0.0,,252214250.06732106,3,1600092000.0,680104703.772,919987296.228,,carbon_api
2025-02-26 23:30:00,blended,"Data centre facility, hyperscale, Virginia (Zhang et al. 2025)","Data centre facility, hyperscale, Virginia (Zhang et al. 2025) (blended)",425.041,146,blended,0.425041,0.574959,425.041,574.959,0.0,,244685071.6207657,3,1600092000.0,680104703.772,919987296.228,,carbon_api
2025-02-27 00:00:00,blended,"Data centre facility, hyperscale, Virginia (Zhang et al. 2025)","Data centre facility, hyperscale, Virginia (Zhang et al. 2025) (blended)",422.295,149,blended,0.42229500000000003,0.5777049999999999,422.295,577.7049999999999,0.0,,250204122.6955797,3,1600092000.0,675710851.1400001,924381148.8599999,,carbon_api
2025-02-27 00:30:00,blended,"Data centre facility, hyperscale, Virginia (Zhang et al. 2025)","Data centre facility, hyperscale, Virginia (Zhang et al. 2025) (blended)",422.295,149,blended,0.42229500000000003,0.5777049999999999,422.295,577.7049999999999,0.0,,249098298.80763498,3,1600092000.0,675710851.1400001,924381148.8599999,,carbon_api
2025-02-27 01:00:00,blended,"Data centre facility, hyperscale, Virginia (Zhang et al. 2025)","Data centre facility, hyperscale, Virginia (Zhang et al. 2025) (blended)",431.902,152,blended,0.431902,0.568098,431.902,568.098,0.0,,250219212.1862704,3,1600092000.0,691082934.984,909009065.016,,carbon_api
2025-02-27 01:30:00,blended,"Data centre facility, hyperscale, Virginia (Zhang et al. 2025)","Data centre facility, hyperscale, Virginia (Zhang et al. 2025) (blended)",431.902,162,blended,0.431902,0.568098,431.902,568.098,0.0,,267049819.58782405,3,1600092000.0,691082934.984,909009065.016,,carbon_api
2025-02-27 02:00:00,blended,"Data centre facility, hyperscale, Virginia (Zhang et al. 2025)","Data centre facility, hyperscale, Virginia (Zhang et al. 2025) (blended)",474.059,157,blended,0.474059,0.525941,474.059,525.941,0.0,,244086691.29789352,3,1600092000.0,758538013.428,841553986.572,,carbon_api
2025-02-27 02:30:00,blended,"Data centre facility, hyperscale, Virginia (Zhang et al. 2025)","Data centre facility, hyperscale, Virginia (Zhang et al. 2025) (blended)",474.059,153,blended,0.474059,0.525941,474.059,525.941,0.0,,241950683.57755184,3,1600092000.0,758538013.428,841553986.572,,carbon_api
2025-02-27 03:00:00,blended,"Data centre facility, hyperscale, Virginia (Zhang et al. 2025)","Data centre facility, hyperscale, Virginia (Zhang et al. 2025) (blended)",501.189,158,blended,0.501189,0.498811,501.189,498.811,0.0,,235874079.34619543,3,1600092000.0,801948509.388,798143490.612,,carbon_api
2025-02-27 03:30:00,blended,"Data centre facility, hyperscale, Virginia (Zhang et al. 2025)","Data centre facility, hyperscale, Virginia (Zhang et al. 2025) (blended)",501.189,181,blended,0.501189,0.498811,501.189,498.811,0.0,,248972239.84712803,3,1600092000.0,801948509.388,798143490.612,,carbon_api
2025-02-27 04:00:00,blended,"Data centre facility, hyperscale, Virginia (Zhang et al. 2025)","Data centre facility, hyperscale, Virginia (Zhang et al. 2025) (blended)",518.529,172,blended,0.518529,0.481471,518.529,481.471,0.0,,230713053.24964663,3,1600092000.0,829694104.668,770397895.332,,carbon_api
2025-02-27 04:30:00,blended,"Data centre facility, hyperscale, Virginia (Zhang et al. 2025)","Data centre facility, hyperscale, Virginia (Zhang et al. 2025) (blended)",518.529,184,blended,0.518529,0.481471,518.529,481.471,0.0,,241655196.68917856,3,1600092000.0,829694104.668,770397895.332,,carbon_api
2025-02-27 05:00:00,blended,"Data centre facility, hyperscale, Virginia (Zhang et al. 2025)","Data centre facility, hyperscale, Virginia (Zhang et al. 2025) (blended)",523.182,201,blended,0.523182,0.47681799999999996,523.182,476.818,0.0,,258711226.5010553,3,1600092000.0,837139332.7440001,762952667.2559999,,carbon_api
2025-02-27 05:30:00,blended,"Data centre facility, hyperscale, Virginia (Zhang et al. 2025)","Data centre facility, hyperscale, Virginia (Zhang et al. 2025) (blended)",523.182,218,blended,0.523182,0.47681799999999996,523.182,476.818,0.0,,277638932.2833675,3,1600092000.0,837139332.7440001,762952667.2559999,,carbon_api
2025-02-27 06:00:00,blended,"Data centre facility, hyperscale, Virginia (Zhang et al. 2025)","Data centre facility, hyperscale, Virginia (Zhang et al. 2025) (blended)",492.2,214,blended,0.49219999999999997,0.5078,492.2,507.8,0.0,,287622474.6163954,3,1600092000.0,787565282.4,812526717.6,,carbon_api
2025-02-27 06:30:00,blended,"Data centre facility, hyperscale, Virginia (Zhang et al. 2025)","Data centre facility, hyperscale, Virginia (Zhang et al. 2025) (blended)",492.2,217,blended,0.49219999999999997,0.5078,492.2,507.8,0.0,,291802995.7020154,3,1600092000.0,787565282.4,812526717.6,,carbon_api
2025-02-27 07:00:00,blended,"Data centre facility, hyperscale, Virginia (Zhang et al. 2025)","Data centre facility, hyperscale, Virginia (Zhang et al. 2025) (blended)",412.755,207,blended,0.412755,0.587245,412.755,587.245,0.0,,318336247.9134638,3,1600092000.0,660445973.4599999,939646026.5400001,,carbon_api
2025-02-27 07:30:00,blended,"Data centre facility, hyperscale, Virginia (Zhang et al. 2025)","Data centre facility, hyperscale, Virginia (Zhang et al. 2025) (blended)",412.755,173,blended,0.412755,0.587245,412.755,587.245,0.0,,292795484.0808994,3,1600092000.0,660445973.4599999,939646026.5400001,,carbon_api
2025-02-27 08:00:00,blended,"Data centre facility, hyperscale, Virginia (Zhang et al. 2025)","Data centre facility, hyperscale, Virginia (Zhang et al. 2025) (blended)",430.806,166,blended,0.43080599999999997,0.569194,430.806,569.194,0.0,,279458999.1838951,3,1600092000.0,689329234.152,910762765.8479999,,carbon_api
2025-02-27 08:30:00,blended,"Data centre facility, hyperscale, Virginia (Zhang et al. 2025)","Data centre facility, hyperscale, Virginia (Zhang et al. 2025) (blended)",430.806,170,blended,0.43080599999999997,0.569194,430.806,569.194,0.0,,279589332.3199345,3,1600092000.0,689329234.152,910762765.8479999,,carbon_api
2025-02-27 09:00:00,blended,"Data centre facility, hyperscale, Virginia (Zhang et al. 2025)","Data centre facility, hyperscale, Virginia (Zhang et al. 2025) (blended)",486.81,159,blended,0.48681,0.51319,486.81,513.19,0.0,,243736646.70742556,3,1600092000.0,778940786.52,821151213.48,,carbon_api
2025-02-27 09:30:00,blended,"Data centre facility, hyperscale, Virginia (Zhang et al. 2025)","Data centre facility, hyperscale, Virginia (Zhang et al. 2025) (blended)",486.81,142,blended,0.48681,0.51319,486.81,513.19,0.0,,231422956.0735105,3,1600092000.0,778940786.52,821151213.48,,carbon_api
2025-02-27 10:00:00,blended,"Data centre facility, hyperscale, Virginia (Zhang et al. 2025)","Data centre facility, hyperscale, Virginia (Zhang et al. 2025) (blended)",484.222,131,blended,0.484222,0.5157780000000001,484.222,515.778,0.0,,221441272.9159153,3,1600092000.0,774799748.424,825292251.5760001,,carbon_api
2025-02-27 10:30:00,blended,"Data centre facility, hyperscale, Virginia (Zhang et al. 2025)","Data centre facility, hyperscale, Virginia (Zhang et al. 2025) (blended)",484.222,123,blended,0.484222,0.5157780000000001,484.222,515.778,0.0,,218649851.32757863,3,1600092000.0,774799748.424,825292251.5760001,,carbon_api
2025-02-27 11:00:00,blended,"Data centre facility, hyperscale, Virginia (Zhang et al. 2025)","Data centre facility, hyperscale, Virginia (Zhang et al. 2025) (blended)",492.293,114,blended,0.492293,0.507707,492.293,507.707,0.0,,205291830.67812273,3,1600092000.0,787714090.956,812377909.044,,carbon_api
2025-02-27 11:30:00,blended,"Data centre facility, hyperscale, Virginia (Zhang et al. 2025)","Data centre facility, hyperscale, Virginia (Zhang et al. 2025) (blended)",492.293,108,blended,0.492293,0.507707,492.293,507.707,0.0,,199712290.14789608,3,1600092000.0,787714090.956,812377909.044,,carbon_api
2025-02-27 12:00:00,blended,"Data centre facility, hyperscale, Virginia (Zhang et al. 2025)","Data centre facility, hyperscale, Virginia (Zhang et al. 2025) (blended)",500.722,101,blended,0.500722,0.499278,500.722,499.278,0.0,,188737256.03296354,3,1600092000.0,801201266.424,798890733.576,,carbon_api
2025-02-27 12:30:00,blended,"Data centre facility, hyperscale, Virginia (Zhang et al. 2025)","Data centre facility, hyperscale, Virginia (Zhang et al. 2025) (blended)",500.722,95,blended,0.500722,0.499278,500.722,499.278,0.0,,181197356.08249664,3,1600092000.0,801201266.424,798890733.576,,carbon_api
2025-02-27 13:00:00,blended,"Data centre facility, hyperscale, Virginia (Zhang et al. 2025)","Data centre facility, hyperscale, Virginia (Zhang et al. 2025) (blended)",497.971,96,blended,0.497971,0.5020290000000001,497.971,502.02900000000005,0.0,,183546120.38969657,3,1600092000.0,796799413.332,803292586.6680001,,carbon_api
2025-02-27 13:30:00,blended,"Data centre facility, hyperscale, Virginia (Zhang et al. 2025)","Data centre facility, hyperscale, Virginia (Zhang et al. 2025) (blended)",497.971,104,blended,0.497971,0.5020290000000001,497.971,502.02900000000005,0.0,,190190564.14666212,3,1600092000.0,796799413.332,803292586.6680001,,carbon_api
2025-02-27 14:00:00,blended,"Data centre facility, hyperscale, Virginia (Zhang et al. 2025)","Data centre facility, hyperscale, Virginia (Zhang et al. 2025) (blended)",476.61,107,blended,0.47661000000000003,0.52339,476.61,523.39,0.0,,200406418.91590467,3,1600092000.0,762619848.12,837472151.88,,carbon_api
2025-02-27 14:30:00,blended,"Data centre facility, hyperscale, Virginia (Zhang et al. 2025)","Data centre facility, hyperscale, Virginia (Zhang et al. 2025) (blended)",476.61,125,blended,0.47661000000000003,0.52339,476.61,523.39,0.0,,213957501.24702775,3,1600092000.0,762619848.12,837472151.88,,carbon_api
2025-02-27 15:00:00,blended,"Data centre facility, hyperscale, Virginia (Zhang et al. 2025)","Data centre facility, hyperscale, Virginia (Zhang et al. 2025) (blended)",424.736,128,blended,0.424736,0.575264,424.736,575.264,0.0,,231868139.78691283,3,1600092000.0,679616675.712,920475324.288,,carbon_api
2025-02-27 15:30:00,blended,"Data centre facility, hyperscale, Virginia (Zhang et al. 2025)","Data centre facility, hyperscale, Virginia (Zhang et al. 2025) (blended)",424.736,146,blended,0.424736,0.575264,424.736,575.264,0.0,,248989628.47730717,3,1600092000.0,679616675.712,920475324.288,,carbon_api
2025-02-27 16:00:00,blended,"Data centre facility, hyperscale, Virginia (Zhang et al. 2025)","Data centre facility, hyperscale, Virginia (Zhang et al. 2025) (blended)",364.276,164,blended,0.364276,0.635724,364.276,635.7239999999999,0.0,,294410914.3757172,3,1600092000.0,582875113.392,1017216886.6079999,,carbon_api
2025-02-27 16:30:00,blended,"Data centre facility, hyperscale, Virginia (Zhang et al. 2025)","Data centre facility, hyperscale, Virginia (Zhang et al. 2025) (blended)",364.276,180,blended,0.364276,0.635724,364.276,635.7239999999999,0.0,,307977586.2207713,3,1600092000.0,582875113.392,1017216886.6079999,,carbon_api
2025-02-27 17:00:00,blended,"Data centre facility, hyperscale, Virginia (Zhang et al. 2025)","Data centre facility, hyperscale, Virginia (Zhang et al. 2025) (blended)",385.623,193,blended,0.385623,0.614377,385.623,614.377,0.0,,315342163.4152618,3,1600092000.0,617032277.316,983059722.6839999,,carbon_api
2025-02-27 17:30:00,blended,"Data centre facility, hyperscale, Virginia (Zhang et al. 2025)","Data centre facility, hyperscale, Virginia (Zhang et al. 2025) (blended)",385.623,198,blended,0.385623,0.614377,385.623,614.377,0.0,,313920158.57466847,3,1600092000.0,617032277.316,983059722.6839999,,carbon_api
2025-02-27 18:00:00,blended,"Data centre facility, hyperscale, Virginia (Zhang et al. 2025)","Data centre facility, hyperscale, Virginia (Zhang et al. 2025) (blended)",401.636,200,blended,0.40163600000000005,0.5983639999999999,401.636,598.3639999999999,0.0,,310496339.63603306,3,1600092000.0,642654550.5120001,957437449.4879998,,carbon_api
2025-02-27 18:30:00,blended,"Data centre facility, hyperscale, Virginia (Zhang et al. 2025)","Data centre facility, hyperscale, Virginia (Zhang et al. 2025) (blended)",401.636,197,blended,0.40163600000000005,0.5983639999999999,401.636,598.3639999999999,0.0,,299179649.55600333,3,1600092000.0,642654550.5120001,957437449.4879998,,carbon_api
2025-02-27 19:00:00,blended,"Data centre facility, hyperscale, Virginia (Zhang et al. 2025)","Data centre facility, hyperscale, Virginia (Zhang et al. 2025) (blended)",391.016,202,blended,0.39101600000000003,0.608984,391.016,608.9839999999999,0.0,,310844233.9609825,3,1600092000.0,625661573.472,974430426.528,,carbon_api
2025-02-27 19:30:00,blended,"Data centre facility, hyperscale, Virginia (Zhang et al. 2025)","Data centre facility, hyperscale, Virginia (Zhang et al. 2025) (blended)",391.016,222,blended,0.39101600000000003,0.608984,391.016,608.9839999999999,0.0,,321893249.9779826,3,1600092000.0,625661573.472,974430426.528,,carbon_api
2025-02-27 20:00:00,blended,"Data centre facility, hyperscale, Virginia (Zhang et al. 2025)","Data centre facility, hyperscale, Virginia (Zhang et al. 2025) (blended)",355.006,231,blended,0.355006,0.6449940000000001,355.006,644.994,0.0,,350038057.18751264,3,1600092000.0,568042260.5519999,1032049739.4480001,,carbon_api
2025-02-27 20:30:00,blended,"Data centre facility, hyperscale, Virginia (Zhang et al. 2025)","Data centre facility, hyperscale, Virginia (Zhang et al. 2025) (blended)",355.006,231,blended,0.355006,0.6449940000000001,355.006,644.994,0.0,,353163946.5278512,3,1600092000.0,568042260.5519999,1032049739.4480001,,carbon_api
2025-02-27 21:00:00,blended,"Data centre facility, hyperscale, Virginia (Zhang et al. 2025)","Data centre facility, hyperscale, Virginia (Zhang et al. 2025) (blended)",320.062,235,blended,0.320062,0.6799379999999999,320.062,679.9379999999999,0.0,,375234124.14875954,3,1600092000.0,512128645.704,1087963354.296,,carbon_api
2025-02-27 21:30:00,blended,"Data centre facility, hyperscale, Virginia (Zhang et al. 2025)","Data centre facility, hyperscale, Virginia (Zhang et al. 2025) (blended)",320.062,222,blended,0.320062,0.6799379999999999,320.062,679.9379999999999,0.0,,349972780.4992692,3,1600092000.0,512128645.704,1087963354.296,,carbon_api
2025-02-27 22:00:00,blended,"Data centre facility, hyperscale, Virginia (Zhang et al. 2025)","Data centre facility, hyperscale, Virginia (Zhang et al. 2025) (blended)",296.676,216,blended,0.296676,0.7033240000000001,296.676,703.3240000000001,0.0,,346884707.6951237,3,1600092000.0,474708894.192,1125383105.808,,carbon_api
2025-02-27 22:30:00,blended,"Data centre facility, hyperscale, Virginia (Zhang et al. 2025)","Data centre facility, hyperscale, Virginia (Zhang et al. 2025) (blended)",296.676,216,blended,0.296676,0.7033240000000001,296.676,703.3240000000001,0.0,,344427388.4538946,3,1600092000.0,474708894.192,1125383105.808,,carbon_api
2025-02-27 23:00:00,blended,"Data centre facility, hyperscale, Virginia (Zhang et al. 2025)","Data centre facility, hyperscale, Virginia (Zhang et al. 2025) (blended)",278.419,223,blended,0.27841899999999997,0.721581,278.419,721.581,0.0,,363294181.2313824,3,1600092000.0,445496014.548,1154595985.4520001,,carbon_api
2025-02-27 23:30:00,blended,"Data centre facility, hyperscale, Virginia (Zhang et al. 2025)","Data centre facility, hyperscale, Virginia (Zhang et al. 2025) (blended)",278.419,200,blended,0.27841899999999997,0.721581,278.419,721.581,0.0,,374385680.4226628,3,1600092000.0,445496014.548,1154595985.4520001,,carbon_api
2025-02-28 00:00:00,blended,"Data centre facility, hyperscale, Virginia (Zhang et al. 2025)","Data centre facility, hyperscale, Virginia (Zhang et al. 2025) (blended)",267.28,193,blended,0.26727999999999996,0.73272,267.28,732.72,0.0,,369865139.946123,3,1600092000.0,427672589.75999993,1172419410.24,,carbon_api
