datetime,capacity_factor,wind_generated_kwh,direct_kwh,to_electrolyser_kwh,curtailed_kwh,h2_stored_kg,h2_drawn_kg,soc_kg,fuel_cell_kwh,grid_kwh,unserved_kwh
2025-01-01 00:00:00,0.9755199999999999,48776.0,7310.0,25000.0,16466.0,462.962962962963,0.0,5462.962962962963,0.0,0.0,0.0
2025-01-01 01:00:00,0.975521,48776.049999999996,7310.0,25000.0,16466.049999999996,462.962962962963,0.0,5925.925925925925,0.0,0.0,0.0
2025-01-01 02:00:00,0.977368,48868.4,7310.0,25000.0,16558.4,462.962962962963,0.0,6388.888888888888,0.0,0.0,0.0
2025-01-01 03:00:00,0.9794660000000001,48973.3,7310.0,25000.0,16663.300000000003,462.962962962963,0.0,6851.85185185185,0.0,0.0,0.0
2025-01-01 04:00:00,0.9813099999999999,49065.49999999999,7310.0,25000.0,16755.499999999993,462.962962962963,0.0,7314.814814814813,0.0,0.0,0.0
2025-01-01 05:00:00,0.9832369999999999,49161.85,7310.0,25000.0,16851.85,462.962962962963,0.0,7777.777777777776,0.0,0.0,0.0
2025-01-01 06:00:00,0.984023,49201.15,7310.0,25000.0,16891.15,462.962962962963,0.0,8240.740740740739,0.0,0.0,0.0
2025-01-01 07:00:00,0.98553,49276.5,7310.0,25000.0,16966.5,462.962962962963,0.0,8703.703703703703,0.0,0.0,0.0
2025-01-01 08:00:00,0.9885430000000001,49427.15,7310.0,25000.0,17117.15,462.962962962963,0.0,9166.666666666666,0.0,0.0,0.0
2025-01-01 09:00:00,0.988537,49426.85,7310.0,25000.0,17116.85,462.962962962963,0.0,9629.62962962963,0.0,0.0,0.0
2025-01-01 10:00:00,0.983294,49164.7,7310.0,20000.000000000004,21854.699999999993,370.37037037037044,0.0,10000.0,0.0,0.0,0.0
2025-01-01 11:00:00,0.963978,48198.9,7310.0,0.0,40888.9,0.0,0.0,10000.0,0.0,0.0,0.0
2025-01-01 12:00:00,0.8997269999999999,44986.35,7310.0,0.0,37676.35,0.0,0.0,10000.0,0.0,0.0,0.0
2025-01-01 13:00:00,0.754669,37733.450000000004,7310.0,0.0,30423.450000000004,0.0,0.0,10000.0,0.0,0.0,0.0
2025-01-01 14:00:00,0.566075,28303.75,7310.0,0.0,20993.75,0.0,0.0,10000.0,0.0,0.0,0.0
2025-01-01 15:00:00,0.43791,21895.5,7310.0,0.0,14585.5,0.0,0.0,10000.0,0.0,0.0,0.0
2025-01-01 16:00:00,0.400501,20025.05,7310.0,0.0,12715.05,0.0,0.0,10000.0,0.0,0.0,0.0
2025-01-01 17:00:00,0.407281,20364.05,7310.0,0.0,13054.05,0.0,0.0,10000.0,0.0,0.0,0.0
2025-01-01 18:00:00,0.436517,21825.85,7310.0,0.0,14515.849999999999,0.0,0.0,10000.0,0.0,0.0,0.0
2025-01-01 19:00:00,0.45324000000000003,22662.0,7310.0,0.0,15352.0,0.0,0.0,10000.0,0.0,0.0,0.0
2025-01-01 20:00:00,0.431878,21593.899999999998,7310.0,0.0,14283.899999999998,0.0,0.0,10000.0,0.0,0.0,0.0
2025-01-01 21:00:00,0.38743,19371.5,7310.0,0.0,12061.5,0.0,0.0,10000.0,0.0,0.0,0.0
2025-01-01 22:00:00,0.34061,17030.5,7310.0,0.0,9720.5,0.0,0.0,10000.0,0.0,0.0,0.0
2025-01-01 23:00:00,0.271998,13599.900000000001,7310.0,0.0,6289.9000000000015,0.0,0.0,10000.0,0.0,0.0,0.0
2025-01-02 00:00:00,0.24073599999999998,12036.8,7310.0,0.0,4726.799999999999,0.0,0.0,10000.0,0.0,0.0,0.0
2025-01-02 01:00:00,0.256428,12821.4,7310.0,0.0,5511.4,0.0,0.0,10000.0,0.0,0.0,0.0
2025-01-02 02:00:00,0.26533999999999996,13266.999999999998,7310.0,0.0,5956.999999999998,0.0,0.0,10000.0,0.0,0.0,0.0
2025-01-02 03:00:00,0.284596,14229.800000000001,7310.0,0.0,6919.800000000001,0.0,0.0,10000.0,0.0,0.0,0.0
2025-01-02 04:00:00,0.280736,14036.8,7310.0,0.0,6726.799999999999,0.0,0.0,10000.0,0.0,0.0,0.0
2025-01-02 05:00:00,0.250936,12546.8,7310.0,0.0,5236.799999999999,0.0,0.0,10000.0,0.0,0.0,0.0
2025-01-02 06:00:00,0.23665,11832.5,7310.0,0.0,4522.5,0.0,0.0,10000.0,0.0,0.0,0.0
2025-01-02 07:00:00,0.22503499999999999,11251.75,7310.0,0.0,3941.75,0.0,0.0,10000.0,0.0,0.0,0.0
2025-01-02 08:00:00,0.226128,11306.4,7310.0,0.0,3996.3999999999996,0.0,0.0,10000.0,0.0,0.0,0.0
2025-01-02 09:00:00,0.21979300000000002,10989.650000000001,7310.0,0.0,3679.6500000000015,0.0,0.0,10000.0,0.0,0.0,0.0
2025-01-02 10:00:00,0.230679,11533.949999999999,7310.0,0.0,4223.949999999999,0.0,0.0,10000.0,0.0,0.0,0.0
2025-01-02 11:00:00,0.248318,12415.900000000001,7310.0,0.0,5105.9000000000015,0.0,0.0,10000.0,0.0,0.0,0.0
2025-01-02 12:00:00,0.28071199999999996,14035.599999999999,7310.0,0.0,6725.5999999999985,0.0,0.0,10000.0,0.0,0.0,0.0
2025-01-02 13:00:00,0.294062,14703.1,7310.0,0.0,7393.1,0.0,0.0,10000.0,0.0,0.0,0.0
2025-01-02 14:00:00,0.251563,12578.15,7310.0,0.0,5268.15,0.0,0.0,10000.0,0.0,0.0,0.0
2025-01-02 15:00:00,0.286006,14300.3,7310.0,0.0,6990.299999999999,0.0,0.0,10000.0,0.0,0.0,0.0
2025-01-02 16:00:00,0.36674799999999996,18337.399999999998,7310.0,0.0,11027.399999999998,0.0,0.0,10000.0,0.0,0.0,0.0
2025-01-02 17:00:00,0.40051,20025.5,7310.0,0.0,12715.5,0.0,0.0,10000.0,0.0,0.0,0.0
2025-01-02 18:00:00,0.410635,20531.75,7310.0,0.0,13221.75,0.0,0.0,10000.0,0.0,0.0,0.0
2025-01-02 19:00:00,0.404019,20200.95,7310.0,0.0,12890.95,0.0,0.0,10000.0,0.0,0.0,0.0
2025-01-02 20:00:00,0.37356900000000004,18678.45,7310.0,0.0,11368.45,0.0,0.0,10000.0,0.0,0.0,0.0
2025-01-02 21:00:00,0.325157,16257.849999999999,7310.0,0.0,8947.849999999999,0.0,0.0,10000.0,0.0,0.0,0.0
2025-01-02 22:00:00,0.27230200000000004,13615.100000000002,7310.0,0.0,6305.100000000002,0.0,0.0,10000.0,0.0,0.0,0.0
2025-01-02 23:00:00,0.240733,12036.65,7310.0,0.0,4726.65,0.0,0.0,10000.0,0.0,0.0,0.0
2025-01-03 00:00:00,0.218238,10911.9,7310.0,0.0,3601.8999999999996,0.0,0.0,10000.0,0.0,0.0,0.0
2025-01-03 01:00:00,0.201686,10084.300000000001,7310.0,0.0,2774.300000000001,0.0,0.0,10000.0,0.0,0.0,0.0
2025-01-03 02:00:00,0.191672,9583.6,7310.0,0.0,2273.6000000000004,0.0,0.0,10000.0,0.0,0.0,0.0
2025-01-03 03:00:00,0.202163,10108.15,7310.0,0.0,2798.1499999999996,0.0,0.0,10000.0,0.0,0.0,0.0
2025-01-03 04:00:00,0.222108,11105.4,7310.0,0.0,3795.3999999999996,0.0,0.0,10000.0,0.0,0.0,0.0
2025-01-03 05:00:00,0.24820599999999998,12410.3,7310.0,0.0,5100.299999999999,0.0,0.0,10000.0,0.0,0.0,0.0
2025-01-03 06:00:00,0.259067,12953.35,7310.0,0.0,5643.35,0.0,0.0,10000.0,0.0,0.0,0.0
2025-01-03 07:00:00,0.26941899999999996,13470.949999999999,7310.0,0.0,6160.949999999999,0.0,0.0,10000.0,0.0,0.0,0.0
2025-01-03 08:00:00,0.30809699999999995,15404.849999999999,7310.0,0.0,8094.8499999999985,0.0,0.0,10000.0,0.0,0.0,0.0
2025-01-03 09:00:00,0.307365,15368.25,7310.0,0.0,8058.25,0.0,0.0,10000.0,0.0,0.0,0.0
2025-01-03 10:00:00,0.23811000000000002,11905.5,7310.0,0.0,4595.5,0.0,0.0,10000.0,0.0,0.0,0.0
2025-01-03 11:00:00,0.225123,11256.15,7310.0,0.0,3946.1499999999996,0.0,0.0,10000.0,0.0,0.0,0.0
2025-01-03 12:00:00,0.277675,13883.75,7310.0,0.0,6573.75,0.0,0.0,10000.0,0.0,0.0,0.0
2025-01-03 13:00:00,0.296615,14830.75,7310.0,0.0,7520.75,0.0,0.0,10000.0,0.0,0.0,0.0
2025-01-03 14:00:00,0.278015,13900.75,7310.0,0.0,6590.75,0.0,0.0,10000.0,0.0,0.0,0.0
2025-01-03 15:00:00,0.345586,17279.3,7310.0,0.0,9969.3,0.0,0.0,10000.0,0.0,0.0,0.0
2025-01-03 16:00:00,0.397779,19888.95,7310.0,0.0,12578.95,0.0,0.0,10000.0,0.0,0.0,0.0
2025-01-03 17:00:00,0.366906,18345.3,7310.0,0.0,11035.3,0.0,0.0,10000.0,0.0,0.0,0.0
2025-01-03 18:00:00,0.302488,15124.4,7310.0,0.0,7814.4,0.0,0.0,10000.0,0.0,0.0,0.0
2025-01-03 19:00:00,0.231797,11589.85,7310.0,0.0,4279.85,0.0,0.0,10000.0,0.0,0.0,0.0
2025-01-03 20:00:00,0.181576,9078.8,7310.0,0.0,1768.7999999999993,0.0,0.0,10000.0,0.0,0.0,0.0
2025-01-03 21:00:00,0.14226499999999997,7113.249999999999,7113.249999999999,0.0,0.0,0.0,12.427558545328276,9987.572441454671,196.7500000000009,0.0,0.0
2025-01-03 22:00:00,0.10956999999999999,5478.499999999999,5478.499999999999,0.0,0.0,0.0,115.68525273579996,9871.88718871887,1831.500000000001,0.0,0.0
2025-01-03 23:00:00,0.085691,4284.55,4284.55,0.0,0.0,0.0,191.10016264784375,9680.787026071026,3025.45,0.0,0.0
2025-01-04 00:00:00,0.063503,3175.15,3175.15,0.0,0.0,0.0,261.1745385064823,9419.612487564544,4134.85,0.0,0.0
2025-01-04 01:00:00,0.045576,2278.7999999999997,2278.7999999999997,0.0,0.0,0.0,317.7917791779179,9101.820708386625,5031.200000000001,0.0,0.0
2025-01-04 02:00:00,0.041353,2067.65,2067.65,0.0,0.0,0.0,331.12890236392064,8770.691806022705,5242.35,0.0,0.0
2025-01-04 03:00:00,0.041697000000000005,2084.8500000000004,2084.8500000000004,0.0,0.0,0.0,330.04247793200375,8440.649328090702,5225.15,0.0,0.0
2025-01-04 04:00:00,0.046611,2330.55,2330.55,0.0,0.0,0.0,314.5230312504935,8126.126296840208,4979.45,0.0,0.0
2025-01-04 05:00:00,0.046188,2309.4,2309.4,0.0,0.0,0.0,315.85895431648436,7810.2673425237235,5000.6,0.0,0.0
2025-01-04 06:00:00,0.050089,2504.4500000000003,2504.4500000000003,0.0,0.0,0.0,303.5387749301246,7506.728567593599,4805.549999999999,0.0,0.0
2025-01-04 07:00:00,0.062731,3136.5499999999997,3136.5499999999997,0.0,0.0,0.0,263.6126770571795,7243.11589053642,4173.450000000001,0.0,0.0
2025-01-04 08:00:00,0.076432,3821.6,3821.6,0.0,0.0,0.0,220.34203420342038,7022.7738563329995,3488.4,0.0,0.0
2025-01-04 09:00:00,0.08770900000000001,4385.450000000001,4385.450000000001,0.0,0.0,0.0,184.72689374200576,6838.046962590994,2924.5499999999993,0.0,0.0
2025-01-04 10:00:00,0.090759,4537.950000000001,4537.950000000001,0.0,0.0,0.0,175.09435154041716,6662.952611050577,2772.0499999999993,0.0,0.0
2025-01-04 11:00:00,0.090392,4519.6,4519.6,0.0,0.0,0.0,176.2534148151657,6486.699196235411,2790.3999999999996,0.0,0.0
2025-01-04 12:00:00,0.107914,5395.7,5395.7,0.0,0.0,0.0,120.91524941967883,6365.783946815733,1914.3000000000002,0.0,0.0
2025-01-04 13:00:00,0.134148,6707.4,6707.4,0.0,0.0,0.0,38.062753643785456,6327.721193171948,602.6000000000004,0.0,0.0
2025-01-04 14:00:00,0.19146700000000003,9573.350000000002,7310.0,2263.350000000002,0.0,41.91388888888893,0.0,6369.635082060837,0.0,0.0,0.0
2025-01-04 15:00:00,0.24076599999999998,12038.3,7310.0,4728.299999999999,0.0,87.5611111111111,0.0,6457.196193171948,0.0,0.0,0.0
2025-01-04 16:00:00,0.331717,16585.85,7310.0,9275.849999999999,0.0,171.77499999999998,0.0,6628.971193171948,0.0,0.0,0.0
2025-01-04 17:00:00,0.40350400000000003,20175.2,7310.0,12865.2,0.0,238.24444444444447,0.0,6867.215637616392,0.0,0.0,0.0
2025-01-04 18:00:00,0.425119,21255.95,7310.0,13945.949999999999,1.8189894035458565e-12,258.2583333333333,0.0,7125.473970949725,0.0,0.0,0.0
2025-01-04 19:00:00,0.449549,22477.449999999997,7310.0,15167.449999999997,0.0,280.87870370370365,0.0,7406.352674653429,0.0,0.0,0.0
2025-01-04 20:00:00,0.491339,24566.95,7310.0,17256.95,0.0,319.57314814814816,0.0,7725.925822801577,0.0,0.0,0.0
2025-01-04 21:00:00,0.500715,25035.75,7310.0,17725.75,0.0,328.2546296296296,0.0,8054.1804524312065,0.0,0.0,0.0
2025-01-04 22:00:00,0.45390499999999995,22695.249999999996,7310.0,15385.249999999996,0.0,284.91203703703695,0.0,8339.092489468243,0.0,0.0,0.0
2025-01-04 23:00:00,0.477767,23888.35,7310.0,16578.35,0.0,307.00648148148144,0.0,8646.098970949724,0.0,0.0,0.0
2025-01-05 00:00:00,0.585616,29280.800000000003,7310.0,21970.800000000003,0.0,406.86666666666673,0.0,9052.965637616391,0.0,0.0,0.0
2025-01-05 01:00:00,0.7094429999999999,35472.149999999994,7310.0,25000.0,3162.149999999994,462.962962962963,0.0,9515.928600579355,0.0,0.0,0.0
2025-01-05 02:00:00,0.647174,32358.7,7310.0,25000.0,48.70000000000073,462.962962962963,0.0,9978.891563542318,0.0,0.0,0.0
2025-01-05 03:00:00,0.38990199999999997,19495.1,7310.0,1139.8555687148182,11045.24443128518,21.10843645768182,0.0,10000.0,0.0,0.0,0.0
2025-01-05 04:00:00,0.248692,12434.6,7310.0,0.0,5124.6,0.0,0.0,10000.0,0.0,0.0,0.0
2025-01-05 05:00:00,0.28157499999999996,14078.749999999998,7310.0,0.0,6768.749999999998,0.0,0.0,10000.0,0.0,0.0,0.0
2025-01-05 06:00:00,0.410092,20504.600000000002,7310.0,0.0,13194.600000000002,0.0,0.0,10000.0,0.0,0.0,0.0
2025-01-05 07:00:00,0.590333,29516.65,7310.0,0.0,22206.65,0.0,0.0,10000.0,0.0,0.0,0.0
2025-01-05 08:00:00,0.722681,36134.05,7310.0,0.0,28824.050000000003,0.0,0.0,10000.0,0.0,0.0,0.0
2025-01-05 09:00:00,0.7814500000000001,39072.50000000001,7310.0,0.0,31762.500000000007,0.0,0.0,10000.0,0.0,0.0,0.0
2025-01-05 10:00:00,0.778192,38909.6,7310.0,0.0,31599.6,0.0,0.0,10000.0,0.0,0.0,0.0
2025-01-05 11:00:00,0.770445,38522.25,7310.0,0.0,31212.25,0.0,0.0,10000.0,0.0,0.0,0.0
2025-01-05 12:00:00,0.820378,41018.9,7310.0,0.0,33708.9,0.0,0.0,10000.0,0.0,0.0,0.0
2025-01-05 13:00:00,0.848366,42418.299999999996,7310.0,0.0,35108.299999999996,0.0,0.0,10000.0,0.0,0.0,0.0
2025-01-05 14:00:00,0.850875,42543.75,7310.0,0.0,35233.75,0.0,0.0,10000.0,0.0,0.0,0.0
2025-01-05 15:00:00,0.815607,40780.35,7310.0,0.0,33470.35,0.0,0.0,10000.0,0.0,0.0,0.0
2025-01-05 16:00:00,0.803616,40180.8,7310.0,0.0,32870.8,0.0,0.0,10000.0,0.0,0.0,0.0
2025-01-05 17:00:00,0.8263980000000001,41319.9,7310.0,0.0,34009.9,0.0,0.0,10000.0,0.0,0.0,0.0
2025-01-05 18:00:00,0.834623,41731.15,7310.0,0.0,34421.15,0.0,0.0,10000.0,0.0,0.0,0.0
2025-01-05 19:00:00,0.869601,43480.049999999996,7310.0,0.0,36170.049999999996,0.0,0.0,10000.0,0.0,0.0,0.0
2025-01-05 20:00:00,0.897187,44859.35,7310.0,0.0,37549.35,0.0,0.0,10000.0,0.0,0.0,0.0
2025-01-05 21:00:00,0.9062830000000001,45314.15,7310.0,0.0,38004.15,0.0,0.0,10000.0,0.0,0.0,0.0
2025-01-05 22:00:00,0.919446,45972.3,7310.0,0.0,38662.3,0.0,0.0,10000.0,0.0,0.0,0.0
2025-01-05 23:00:00,0.939612,46980.6,7310.0,0.0,39670.6,0.0,0.0,10000.0,0.0,0.0,0.0
2025-01-06 00:00:00,0.9506,47530.0,7310.0,0.0,40220.0,0.0,0.0,10000.0,0.0,0.0,0.0
2025-01-06 01:00:00,0.956163,47808.15,7310.0,0.0,40498.15,0.0,0.0,10000.0,0.0,0.0,0.0
2025-01-06 02:00:00,0.960757,48037.85,7310.0,0.0,40727.85,0.0,0.0,10000.0,0.0,0.0,0.0
2025-01-06 03:00:00,0.972288,48614.4,7310.0,0.0,41304.4,0.0,0.0,10000.0,0.0,0.0,0.0
2025-01-06 04:00:00,0.9793350000000001,48966.75,7310.0,0.0,41656.75,0.0,0.0,10000.0,0.0,0.0,0.0
2025-01-06 05:00:00,0.978422,48921.1,7310.0,0.0,41611.1,0.0,0.0,10000.0,0.0,0.0,0.0
2025-01-06 06:00:00,0.950896,47544.799999999996,7310.0,0.0,40234.799999999996,0.0,0.0,10000.0,0.0,0.0,0.0
2025-01-06 07:00:00,0.817021,40851.05,7310.0,0.0,33541.05,0.0,0.0,10000.0,0.0,0.0,0.0
2025-01-06 08:00:00,0.786427,39321.35,7310.0,0.0,32011.35,0.0,0.0,10000.0,0.0,0.0,0.0
2025-01-06 09:00:00,0.8586630000000001,42933.15,7310.0,0.0,35623.15,0.0,0.0,10000.0,0.0,0.0,0.0
2025-01-06 10:00:00,0.90142,45071.0,7310.0,0.0,37761.0,0.0,0.0,10000.0,0.0,0.0,0.0
2025-01-06 11:00:00,0.9056609999999999,45283.049999999996,7310.0,0.0,37973.049999999996,0.0,0.0,10000.0,0.0,0.0,0.0
2025-01-06 12:00:00,0.892865,44643.25,7310.0,0.0,37333.25,0.0,0.0,10000.0,0.0,0.0,0.0
2025-01-06 13:00:00,0.8580059999999999,42900.299999999996,7310.0,0.0,35590.299999999996,0.0,0.0,10000.0,0.0,0.0,0.0
2025-01-06 14:00:00,0.800713,40035.65,7310.0,0.0,32725.65,0.0,0.0,10000.0,0.0,0.0,0.0
2025-01-06 15:00:00,0.750756,37537.799999999996,7310.0,0.0,30227.799999999996,0.0,0.0,10000.0,0.0,0.0,0.0
2025-01-06 16:00:00,0.668192,33409.6,7310.0,0.0,26099.6,0.0,0.0,10000.0,0.0,0.0,0.0
2025-01-06 17:00:00,0.561663,28083.15,7310.0,0.0,20773.15,0.0,0.0,10000.0,0.0,0.0,0.0
2025-01-06 18:00:00,0.498558,24927.9,7310.0,0.0,17617.9,0.0,0.0,10000.0,0.0,0.0,0.0
2025-01-06 19:00:00,0.456471,22823.55,7310.0,0.0,15513.55,0.0,0.0,10000.0,0.0,0.0,0.0
2025-01-06 20:00:00,0.443328,22166.4,7310.0,0.0,14856.400000000001,0.0,0.0,10000.0,0.0,0.0,0.0
2025-01-06 21:00:00,0.436848,21842.4,7310.0,0.0,14532.400000000001,0.0,0.0,10000.0,0.0,0.0,0.0
2025-01-06 22:00:00,0.453435,22671.75,7310.0,0.0,15361.75,0.0,0.0,10000.0,0.0,0.0,0.0
2025-01-06 23:00:00,0.47134,23567.0,7310.0,0.0,16257.0,0.0,0.0,10000.0,0.0,0.0,0.0
2025-01-07 00:00:00,0.48676600000000003,24338.300000000003,7310.0,0.0,17028.300000000003,0.0,0.0,10000.0,0.0,0.0,0.0
2025-01-07 01:00:00,0.49418,24709.0,7310.0,0.0,17399.0,0.0,0.0,10000.0,0.0,0.0,0.0
2025-01-07 02:00:00,0.494436,24721.8,7310.0,0.0,17411.8,0.0,0.0,10000.0,0.0,0.0,0.0
2025-01-07 03:00:00,0.46346499999999996,23173.249999999996,7310.0,0.0,15863.249999999996,0.0,0.0,10000.0,0.0,0.0,0.0
2025-01-07 04:00:00,0.445042,22252.1,7310.0,0.0,14942.099999999999,0.0,0.0,10000.0,0.0,0.0,0.0
2025-01-07 05:00:00,0.42997399999999997,21498.699999999997,7310.0,0.0,14188.699999999997,0.0,0.0,10000.0,0.0,0.0,0.0
2025-01-07 06:00:00,0.432623,21631.149999999998,7310.0,0.0,14321.149999999998,0.0,0.0,10000.0,0.0,0.0,0.0
2025-01-07 07:00:00,0.445242,22262.100000000002,7310.0,0.0,14952.100000000002,0.0,0.0,10000.0,0.0,0.0,0.0
2025-01-07 08:00:00,0.44151999999999997,22076.0,7310.0,0.0,14766.0,0.0,0.0,10000.0,0.0,0.0,0.0
2025-01-07 09:00:00,0.404175,20208.75,7310.0,0.0,12898.75,0.0,0.0,10000.0,0.0,0.0,0.0
2025-01-07 10:00:00,0.402983,20149.149999999998,7310.0,0.0,12839.149999999998,0.0,0.0,10000.0,0.0,0.0,0.0
2025-01-07 11:00:00,0.44810500000000003,22405.25,7310.0,0.0,15095.25,0.0,0.0,10000.0,0.0,0.0,0.0
2025-01-07 12:00:00,0.42723,21361.5,7310.0,0.0,14051.5,0.0,0.0,10000.0,0.0,0.0,0.0
2025-01-07 13:00:00,0.406072,20303.6,7310.0,0.0,12993.599999999999,0.0,0.0,10000.0,0.0,0.0,0.0
2025-01-07 14:00:00,0.37451100000000004,18725.550000000003,7310.0,0.0,11415.550000000003,0.0,0.0,10000.0,0.0,0.0,0.0
2025-01-07 15:00:00,0.42943000000000003,21471.5,7310.0,0.0,14161.5,0.0,0.0,10000.0,0.0,0.0,0.0
2025-01-07 16:00:00,0.46319,23159.5,7310.0,0.0,15849.5,0.0,0.0,10000.0,0.0,0.0,0.0
2025-01-07 17:00:00,0.45941899999999997,22970.949999999997,7310.0,0.0,15660.949999999997,0.0,0.0,10000.0,0.0,0.0,0.0
2025-01-07 18:00:00,0.42874,21437.0,7310.0,0.0,14127.0,0.0,0.0,10000.0,0.0,0.0,0.0
2025-01-07 19:00:00,0.40824900000000003,20412.45,7310.0,0.0,13102.45,0.0,0.0,10000.0,0.0,0.0,0.0
2025-01-07 20:00:00,0.38519400000000004,19259.7,7310.0,0.0,11949.7,0.0,0.0,10000.0,0.0,0.0,0.0
2025-01-07 21:00:00,0.411454,20572.7,7310.0,0.0,13262.7,0.0,0.0,10000.0,0.0,0.0,0.0
2025-01-07 22:00:00,0.361216,18060.8,7310.0,0.0,10750.8,0.0,0.0,10000.0,0.0,0.0,0.0
2025-01-07 23:00:00,0.322639,16131.95,7310.0,0.0,8821.95,0.0,0.0,10000.0,0.0,0.0,0.0
2025-01-08 00:00:00,0.267656,13382.800000000001,7310.0,0.0,6072.800000000001,0.0,0.0,10000.0,0.0,0.0,0.0
2025-01-08 01:00:00,0.227417,11370.85,7310.0,0.0,4060.8500000000004,0.0,0.0,10000.0,0.0,0.0,0.0
2025-01-08 02:00:00,0.22490000000000002,11245.0,7310.0,0.0,3935.0,0.0,0.0,10000.0,0.0,0.0,0.0
2025-01-08 03:00:00,0.183127,9156.35,7310.0,0.0,1846.3500000000004,0.0,0.0,10000.0,0.0,0.0,0.0
2025-01-08 04:00:00,0.132993,6649.65,6649.65,0.0,0.0,0.0,41.71048683815753,9958.289513161842,660.3500000000004,0.0,0.0
2025-01-08 05:00:00,0.071313,3565.65,3565.65,0.0,0.0,0.0,236.50891404929968,9721.780599112542,3744.35,0.0,0.0
2025-01-08 06:00:00,0.039253,1962.65,1962.65,0.0,0.0,0.0,337.7611445355062,9384.019454577036,5347.35,0.0,0.0
2025-01-08 07:00:00,0.018433,921.6500000000001,921.6500000000001,0.0,0.0,0.0,403.5150883509404,8980.504366226096,6388.35,0.0,0.0
2025-01-08 08:00:00,0.007594,379.7,379.7,0.0,0.0,0.0,437.74693258799573,8542.7574336381,6930.3,0.0,0.0
2025-01-08 09:00:00,0.009002000000000001,450.1000000000001,450.1000000000001,0.0,0.0,0.0,433.30017212247543,8109.457261515625,6859.9,0.0,0.0
2025-01-08 10:00:00,0.026237,1311.85,1311.85,0.0,0.0,0.0,378.8684131571052,7730.5888483585195,5998.15,0.0,0.0
2025-01-08 11:00:00,0.051438000000000005,2571.9,2571.9,0.0,0.0,0.0,299.2783488875204,7431.310499470999,4738.1,0.0,0.0
2025-01-08 12:00:00,0.07787000000000001,3893.5000000000005,3893.5000000000005,0.0,0.0,0.0,215.80052742116317,7215.5099720498365,3416.4999999999995,0.0,0.0
2025-01-08 13:00:00,0.12302500000000001,6151.250000000001,6151.250000000001,0.0,0.0,0.0,73.19152967928368,7142.3184423705525,1158.749999999999,0.0,0.0
2025-01-08 14:00:00,0.187725,9386.25,7310.0,2076.25,0.0,38.449074074074076,0.0,7180.767516444626,0.0,0.0,0.0
2025-01-08 15:00:00,0.220248,11012.4,7310.0,3702.3999999999996,0.0,68.56296296296296,0.0,7249.330479407589,0.0,0.0,0.0
2025-01-08 16:00:00,0.296723,14836.150000000001,7310.0,7526.1500000000015,0.0,139.37314814814818,0.0,7388.7036275557375,0.0,0.0,0.0
2025-01-08 17:00:00,0.237803,11890.15,7310.0,4580.15,0.0,84.81759259259259,0.0,7473.52122014833,0.0,0.0,0.0
2025-01-08 18:00:00,0.187688,9384.4,7310.0,2074.3999999999996,0.0,38.41481481481481,0.0,7511.936034963145,0.0,0.0,0.0
2025-01-08 19:00:00,0.184405,9220.25,7310.0,1910.25,0.0,35.375,0.0,7547.311034963145,0.0,0.0,0.0
2025-01-08 20:00:00,0.195309,9765.45,7310.0,2455.4500000000007,0.0,45.47129629629631,0.0,7592.782331259442,0.0,0.0,0.0
2025-01-08 21:00:00,0.21739,10869.5,7310.0,3559.5000000000005,-4.547473508864641e-13,65.91666666666667,0.0,7658.698997926109,0.0,0.0,0.0
2025-01-08 22:00:00,0.237357,11867.85,7310.0,4557.85,0.0,84.40462962962964,0.0,7743.103627555738,0.0,0.0,0.0
2025-01-08 23:00:00,0.218017,10900.849999999999,7310.0,3590.8499999999985,0.0,66.49722222222219,0.0,7809.60084977796,0.0,0.0,0.0
2025-01-09 00:00:00,0.19855799999999998,9927.9,7310.0,2617.8999999999996,0.0,48.47962962962962,0.0,7858.08047940759,0.0,0.0,0.0
2025-01-09 01:00:00,0.20928,10464.0,7310.0,3154.0,0.0,58.407407407407405,0.0,7916.487886814998,0.0,0.0,0.0
2025-01-09 02:00:00,0.242582,12129.1,7310.0,4819.1,0.0,89.2425925925926,0.0,8005.730479407591,0.0,0.0,0.0
2025-01-09 03:00:00,0.271929,13596.449999999999,7310.0,6286.449999999999,0.0,116.41574074074072,0.0,8122.146220148332,0.0,0.0,0.0
2025-01-09 04:00:00,0.29134899999999997,14567.449999999999,7310.0,7257.45,-9.094947017729282e-13,134.3972222222222,0.0,8256.543442370554,0.0,0.0,0.0
2025-01-09 05:00:00,0.284038,14201.900000000001,7310.0,6891.9000000000015,0.0,127.62777777777781,0.0,8384.171220148331,0.0,0.0,0.0
2025-01-09 06:00:00,0.26667599999999997,13333.8,7310.0,6023.799999999999,0.0,111.55185185185184,0.0,8495.723072000183,0.0,0.0,0.0
2025-01-09 07:00:00,0.24526599999999998,12263.3,7310.0,4953.299999999999,0.0,91.72777777777776,0.0,8587.45084977796,0.0,0.0,0.0
2025-01-09 08:00:00,0.225213,11260.65,7310.0,3950.65,-4.547473508864641e-13,73.16018518518518,0.0,8660.611034963145,0.0,0.0,0.0
2025-01-09 09:00:00,0.20515199999999997,10257.599999999999,7310.0,2947.5999999999985,0.0,54.58518518518516,0.0,8715.196220148331,0.0,0.0,0.0
2025-01-09 10:00:00,0.221245,11062.25,7310.0,3752.25,0.0,69.48611111111111,0.0,8784.682331259442,0.0,0.0,0.0
2025-01-09 11:00:00,0.243022,12151.099999999999,7310.0,4841.0999999999985,0.0,89.64999999999998,0.0,8874.332331259442,0.0,0.0,0.0
2025-01-09 12:00:00,0.288096,14404.800000000001,7310.0,7094.800000000001,0.0,131.3851851851852,0.0,9005.717516444627,0.0,0.0,0.0
2025-01-09 13:00:00,0.33657400000000004,16828.7,7310.0,9518.7,0.0,176.27222222222224,0.0,9181.989738666849,0.0,0.0,0.0
2025-01-09 14:00:00,0.34326799999999996,17163.399999999998,7310.0,9853.399999999998,0.0,182.47037037037032,0.0,9364.46010903722,0.0,0.0,0.0
2025-01-09 15:00:00,0.42505200000000004,21252.600000000002,7310.0,13942.600000000002,0.0,258.19629629629634,0.0,9622.656405333517,0.0,0.0,0.0
2025-01-09 16:00:00,0.5185230000000001,25926.150000000005,7310.0,18616.150000000005,0.0,344.7435185185186,0.0,9967.399923852035,0.0,0.0,0.0
2025-01-09 17:00:00,0.490712,24535.6,7310.0,1760.404111990083,15465.195888009916,32.6000761479645,0.0,10000.0,0.0,0.0,0.0
2025-01-09 18:00:00,0.407271,20363.55,7310.0,0.0,13053.55,0.0,0.0,10000.0,0.0,0.0,0.0
2025-01-09 19:00:00,0.366918,18345.9,7310.0,0.0,11035.900000000001,0.0,0.0,10000.0,0.0,0.0,0.0
2025-01-09 20:00:00,0.336728,16836.4,7310.0,0.0,9526.400000000001,0.0,0.0,10000.0,0.0,0.0,0.0
2025-01-09 21:00:00,0.27436900000000003,13718.45,7310.0,0.0,6408.450000000001,0.0,0.0,10000.0,0.0,0.0,0.0
2025-01-09 22:00:00,0.195407,9770.35,7310.0,0.0,2460.3500000000004,0.0,0.0,10000.0,0.0,0.0,0.0
2025-01-09 23:00:00,0.142067,7103.35,7103.35,0.0,0.0,0.0,13.052884235791979,9986.947115764207,206.64999999999964,0.0,0.0
2025-01-10 00:00:00,0.097939,4896.95,4896.95,0.0,0.0,0.0,152.41839973471033,9834.528716029497,2413.05,0.0,0.0
2025-01-10 01:00:00,0.071787,3589.3500000000004,3589.3500000000004,0.0,0.0,0.0,235.01192224485607,9599.516793784642,3720.6499999999996,0.0,0.0
2025-01-10 02:00:00,0.049893,2494.65,2494.65,0.0,0.0,0.0,304.15778419947264,9295.359009585169,4815.35,0.0,0.0
2025-01-10 03:00:00,0.034097,1704.8500000000001,1704.8500000000001,0.0,0.0,0.0,354.0448781720277,8941.31413141314,5605.15,0.0,0.0
2025-01-10 04:00:00,0.025142,1257.1000000000001,1257.1000000000001,0.0,0.0,0.0,382.3266537180034,8558.987477695136,6052.9,0.0,0.0
2025-01-10 05:00:00,0.014096000000000001,704.8000000000001,704.8000000000001,0.0,0.0,0.0,417.21224754054356,8141.775230154593,6605.2,0.0,0.0
2025-01-10 06:00:00,0.010546,527.3,527.3,0.0,0.0,0.0,428.4238950210811,7713.351335133512,6782.7,0.0,0.0
2025-01-10 07:00:00,0.013585000000000002,679.2500000000001,679.2500000000001,0.0,0.0,0.0,418.8260931356294,7294.525241997883,6630.75,0.0,0.0
2025-01-10 08:00:00,0.013675000000000001,683.7500000000001,683.7500000000001,0.0,0.0,0.0,418.5418541854186,6875.983387812465,6626.25,0.0,0.0
2025-01-10 09:00:00,0.010865,543.25,543.25,0.0,0.0,0.0,427.41642585311166,6448.566961959353,6766.75,0.0,0.0
2025-01-10 10:00:00,0.008653000000000001,432.65000000000003,432.65000000000003,0.0,0.0,0.0,434.4023876071818,6014.164574352171,6877.35,0.0,0.0
2025-01-10 11:00:00,0.008752000000000001,437.6000000000001,437.6000000000001,0.0,0.0,0.0,434.0897247619499,5580.074849590222,6872.4,0.0,0.0
2025-01-10 12:00:00,0.01923,961.5,961.5,0.0,0.0,0.0,400.9979945362958,5179.076855053926,6348.5,0.0,0.0
2025-01-10 13:00:00,0.032945,1647.25,1647.25,0.0,0.0,0.0,357.68313673472613,4821.3937183192,5662.75,0.0,0.0
2025-01-10 14:00:00,0.059027,2951.3500000000004,2951.3500000000004,0.0,0.0,0.0,275.3106889636332,4546.083029355567,4358.65,0.0,0.0
2025-01-10 15:00:00,0.09992100000000001,4996.05,4996.05,0.0,0.0,0.0,146.15882640895668,4399.92420294661,2313.95,0.0,0.0
2025-01-10 16:00:00,0.120575,6028.75,6028.75,0.0,0.0,0.0,80.92914554613357,4318.995057400477,1281.25,0.0,0.0
2025-01-10 17:00:00,0.136969,6848.450000000001,6848.450000000001,0.0,0.0,0.0,29.153441659955426,4289.841615740522,461.5499999999993,0.0,0.0
2025-01-10 18:00:00,0.152585,7629.25,7310.0,319.25,0.0,5.912037037037037,0.0,4295.753652777559,0.0,0.0,0.0
2025-01-10 19:00:00,0.1674,8370.0,7310.0,1060.0,0.0,19.62962962962963,0.0,4315.383282407189,0.0,0.0,0.0
2025-01-10 20:00:00,0.161265,8063.25,7310.0,753.25,0.0,13.949074074074074,0.0,4329.332356481263,0.0,0.0,0.0
2025-01-10 21:00:00,0.1154,5770.0,5770.0,0.0,0.0,0.0,97.27288518325518,4232.059471298007,1540.0,0.0,0.0
2025-01-10 22:00:00,0.068331,3416.55,3416.55,0.0,0.0,0.0,245.9266979329512,3986.132773365056,3893.45,0.0,0.0
2025-01-10 23:00:00,0.048402,2420.1,2420.1,0.0,0.0,0.0,308.86667614129834,3677.2660972237577,4889.9,0.0,0.0
2025-01-11 00:00:00,0.044634,2231.7,2231.7,0.0,0.0,0.0,320.76681352345764,3356.4992837003,5078.3,0.0,0.0
2025-01-11 01:00:00,0.045397,2269.85,2269.85,0.0,0.0,0.0,318.35709886778153,3038.1421848325185,5040.15,0.0,0.0
2025-01-11 02:00:00,0.051552,2577.6,2577.6,0.0,0.0,0.0,298.91831288392,2739.2238719485986,4732.4,0.0,0.0
2025-01-11 03:00:00,0.053683999999999996,2684.2,2684.2,0.0,0.0,0.0,292.1850079744817,2447.038863974117,4625.8,0.0,0.0
2025-01-11 04:00:00,0.051255,2562.75,2562.75,0.0,0.0,0.0,299.8563014196157,2147.182562554501,4747.25,0.0,0.0
2025-01-11 05:00:00,0.050614,2530.7,2530.7,0.0,0.0,0.0,301.88071438722824,1845.301848167273,4779.3,0.0,0.0
2025-01-11 06:00:00,0.049571,2478.5499999999997,2478.5499999999997,0.0,0.0,0.0,305.17472799911576,1540.1271201681573,4831.450000000001,0.0,0.0
2025-01-11 07:00:00,0.045692,2284.6000000000004,2284.6000000000004,0.0,0.0,0.0,317.42542675320163,1222.7016934149556,5025.4,0.0,0.0
2025-01-11 08:00:00,0.034279000000000004,1713.9500000000003,1713.9500000000003,0.0,0.0,0.0,353.4700838504903,869.2316095644653,5596.049999999999,0.0,0.0
2025-01-11 09:00:00,0.02225,1112.5,1112.5,0.0,0.0,0.0,391.46019865144416,477.77141091302116,6197.5,0.0,0.0
2025-01-11 10:00:00,0.018466,923.3,923.3,0.0,0.0,0.0,403.4108674025298,74.36054351049137,6386.7,0.0,0.0
2025-01-11 11:00:00,0.020076,1003.8,1003.8,0.0,0.0,0.0,74.36054351049137,0.0,1177.2575347222216,5128.942465277778,0.0
2025-01-11 12:00:00,0.022533,1126.65,1126.65,0.0,0.0,0.0,0.0,0.0,0.0,6183.35,0.0
2025-01-11 13:00:00,0.01982,991.0,991.0,0.0,0.0,0.0,0.0,0.0,0.0,6319.0,0.0
2025-01-11 14:00:00,0.018328,916.4,916.4,0.0,0.0,0.0,0.0,0.0,0.0,6393.6,0.0
2025-01-11 15:00:00,0.019155000000000002,957.7500000000001,957.7500000000001,0.0,0.0,0.0,0.0,0.0,0.0,6352.25,0.0
2025-01-11 16:00:00,0.021858,1092.8999999999999,1092.8999999999999,0.0,0.0,0.0,0.0,0.0,0.0,6217.1,0.0
2025-01-11 17:00:00,0.026992000000000002,1349.6000000000001,1349.6000000000001,0.0,0.0,0.0,0.0,0.0,0.0,5960.4,0.0
2025-01-11 18:00:00,0.028443000000000003,1422.15,1422.15,0.0,0.0,0.0,0.0,0.0,0.0,5887.85,0.0
2025-01-11 19:00:00,0.02544,1272.0,1272.0,0.0,0.0,0.0,0.0,0.0,0.0,6038.0,0.0
2025-01-11 20:00:00,0.021629000000000002,1081.45,1081.45,0.0,0.0,0.0,0.0,0.0,0.0,6228.55,0.0
2025-01-11 21:00:00,0.018062,903.1000000000001,903.1000000000001,0.0,0.0,0.0,0.0,0.0,0.0,6406.9,0.0
2025-01-11 22:00:00,0.018463999999999998,923.1999999999999,923.1999999999999,0.0,0.0,0.0,0.0,0.0,0.0,6386.8,0.0
2025-01-11 23:00:00,0.030453,1522.65,1522.65,0.0,0.0,0.0,0.0,0.0,0.0,5787.35,0.0
2025-01-12 00:00:00,0.037468,1873.4,1873.4,0.0,0.0,0.0,0.0,0.0,0.0,5436.6,0.0
2025-01-12 01:00:00,0.026021000000000002,1301.0500000000002,1301.0500000000002,0.0,0.0,0.0,0.0,0.0,0.0,6008.95,0.0
2025-01-12 02:00:00,0.019398,969.9,969.9,0.0,0.0,0.0,0.0,0.0,0.0,6340.1,0.0
2025-01-12 03:00:00,0.021140999999999997,1057.0499999999997,1057.0499999999997,0.0,0.0,0.0,0.0,0.0,0.0,6252.950000000001,0.0
2025-01-12 04:00:00,0.025157,1257.85,1257.85,0.0,0.0,0.0,0.0,0.0,0.0,6052.15,0.0
2025-01-12 05:00:00,0.032159999999999994,1607.9999999999998,1607.9999999999998,0.0,0.0,0.0,0.0,0.0,0.0,5702.0,0.0
2025-01-12 06:00:00,0.044153,2207.65,2207.65,0.0,0.0,0.0,0.0,0.0,0.0,5102.35,0.0
2025-01-12 07:00:00,0.047173,2358.65,2358.65,0.0,0.0,0.0,0.0,0.0,0.0,4951.35,0.0
2025-01-12 08:00:00,0.043848,2192.4,2192.4,0.0,0.0,0.0,0.0,0.0,0.0,5117.6,0.0
2025-01-12 09:00:00,0.041433,2071.65,2071.65,0.0,0.0,0.0,0.0,0.0,0.0,5238.35,0.0
2025-01-12 10:00:00,0.049216,2460.8,2460.8,0.0,0.0,0.0,0.0,0.0,0.0,4849.2,0.0
2025-01-12 11:00:00,0.057266,2863.2999999999997,2863.2999999999997,0.0,0.0,0.0,0.0,0.0,0.0,4446.700000000001,0.0
2025-01-12 12:00:00,0.059771,2988.5499999999997,2988.5499999999997,0.0,0.0,0.0,0.0,0.0,0.0,4321.450000000001,0.0
2025-01-12 13:00:00,0.067775,3388.75,3388.75,0.0,0.0,0.0,0.0,0.0,0.0,3921.25,0.0
2025-01-12 14:00:00,0.084104,4205.2,4205.2,0.0,0.0,0.0,0.0,0.0,0.0,3104.8,0.0
2025-01-12 15:00:00,0.11303400000000001,5651.700000000001,5651.700000000001,0.0,0.0,0.0,0.0,0.0,0.0,1658.2999999999993,0.0
2025-01-12 16:00:00,0.14963300000000002,7481.650000000001,7310.0,171.65000000000055,0.0,3.178703703703714,0.0,3.178703703703714,0.0,0.0,0.0
2025-01-12 17:00:00,0.187042,9352.1,7310.0,2042.1000000000001,2.2737367544323206e-13,37.81666666666667,0.0,40.99537037037038,0.0,0.0,0.0
2025-01-12 18:00:00,0.207675,10383.75,7310.0,3073.75,0.0,56.9212962962963,0.0,97.91666666666669,0.0,0.0,0.0
2025-01-12 19:00:00,0.22531700000000002,11265.85,7310.0,3955.8500000000004,0.0,73.25648148148149,0.0,171.1731481481482,0.0,0.0,0.0
2025-01-12 20:00:00,0.256558,12827.9,7310.0,5517.9,0.0,102.18333333333332,0.0,273.3564814814815,0.0,0.0,0.0
2025-01-12 21:00:00,0.298016,14900.8,7310.0,7590.8,-9.094947017729282e-13,140.57037037037037,0.0,413.9268518518519,0.0,0.0,0.0
2025-01-12 22:00:00,0.346032,17301.6,7310.0,9991.599999999999,0.0,185.0296296296296,0.0,598.9564814814814,0.0,0.0,0.0
2025-01-12 23:00:00,0.371392,18569.6,7310.0,11259.599999999999,0.0,208.5111111111111,0.0,807.4675925925925,0.0,0.0,0.0
2025-01-13 00:00:00,0.3738,18690.0,7310.0,11380.0,0.0,210.74074074074073,0.0,1018.2083333333333,0.0,0.0,0.0
2025-01-13 01:00:00,0.368984,18449.2,7310.0,11139.2,0.0,206.2814814814815,0.0,1224.4898148148147,0.0,0.0,0.0
2025-01-13 02:00:00,0.37047,18523.5,7310.0,11213.5,0.0,207.65740740740742,0.0,1432.1472222222221,0.0,0.0,0.0
2025-01-13 03:00:00,0.38258600000000004,19129.300000000003,7310.0,11819.300000000003,0.0,218.87592592592597,0.0,1651.023148148148,0.0,0.0,0.0
2025-01-13 04:00:00,0.418614,20930.7,7310.0,13620.7,0.0,252.2351851851852,0.0,1903.2583333333332,0.0,0.0,0.0
2025-01-13 05:00:00,0.450051,22502.55,7310.0,15192.55,0.0,281.3435185185185,0.0,2184.6018518518517,0.0,0.0,0.0
2025-01-13 06:00:00,0.48145299999999996,24072.649999999998,7310.0,16762.649999999998,0.0,310.4194444444444,0.0,2495.021296296296,0.0,0.0,0.0
2025-01-13 07:00:00,0.488509,24425.45,7310.0,17115.45,0.0,316.9527777777778,0.0,2811.9740740740735,0.0,0.0,0.0
2025-01-13 08:00:00,0.484223,24211.15,7310.0,16901.15,0.0,312.98425925925926,0.0,3124.958333333333,0.0,0.0,0.0
2025-01-13 09:00:00,0.400504,20025.2,7310.0,12715.2,0.0,235.46666666666667,0.0,3360.4249999999997,0.0,0.0,0.0
2025-01-13 10:00:00,0.313107,15655.35,7310.0,8345.35,0.0,154.54351851851854,0.0,3514.968518518518,0.0,0.0,0.0
2025-01-13 11:00:00,0.269606,13480.300000000001,7310.0,6170.300000000001,0.0,114.26481481481484,0.0,3629.233333333333,0.0,0.0,0.0
2025-01-13 12:00:00,0.285185,14259.250000000002,7310.0,6949.250000000001,9.094947017729282e-13,128.68981481481484,0.0,3757.923148148148,0.0,0.0,0.0
2025-01-13 13:00:00,0.33631599999999995,16815.799999999996,7310.0,9505.799999999996,0.0,176.03333333333325,0.0,3933.956481481481,0.0,0.0,0.0
2025-01-13 14:00:00,0.37102300000000005,18551.15,7310.0,11241.150000000001,0.0,208.16944444444448,0.0,4142.125925925926,0.0,0.0,0.0
2025-01-13 15:00:00,0.43681,21840.5,7310.0,14530.499999999998,1.8189894035458565e-12,269.0833333333333,0.0,4411.209259259259,0.0,0.0,0.0
2025-01-13 16:00:00,0.4594,22970.0,7310.0,15660.0,0.0,290.0,0.0,4701.209259259259,0.0,0.0,0.0
2025-01-13 17:00:00,0.44152199999999997,22076.1,7310.0,14766.099999999999,0.0,273.4462962962963,0.0,4974.655555555555,0.0,0.0,0.0
2025-01-13 18:00:00,0.431832,21591.6,7310.0,14281.599999999999,0.0,264.47407407407405,0.0,5239.12962962963,0.0,0.0,0.0
2025-01-13 19:00:00,0.446224,22311.2,7310.0,15001.2,0.0,277.8,0.0,5516.92962962963,0.0,0.0,0.0
2025-01-13 20:00:00,0.430319,21515.95,7310.0,14205.95,0.0,263.07314814814816,0.0,5780.002777777778,0.0,0.0,0.0
2025-01-13 21:00:00,0.434887,21744.350000000002,7310.0,14434.350000000002,0.0,267.3027777777778,0.0,6047.305555555556,0.0,0.0,0.0
2025-01-13 22:00:00,0.422308,21115.4,7310.0,13805.400000000001,0.0,255.6555555555556,0.0,6302.961111111112,0.0,0.0,0.0
2025-01-13 23:00:00,0.402889,20144.45,7310.0,12834.45,0.0,237.675,0.0,6540.636111111112,0.0,0.0,0.0
2025-01-14 00:00:00,0.36866699999999997,18433.35,7310.0,11123.349999999999,0.0,205.98796296296294,0.0,6746.624074074075,0.0,0.0,0.0
2025-01-14 01:00:00,0.362634,18131.7,7310.0,10821.7,0.0,200.40185185185186,0.0,6947.0259259259265,0.0,0.0,0.0
2025-01-14 02:00:00,0.340616,17030.8,7310.0,9720.8,0.0,180.0148148148148,0.0,7127.040740740741,0.0,0.0,0.0
2025-01-14 03:00:00,0.309752,15487.600000000002,7310.0,8177.600000000002,0.0,151.43703703703707,0.0,7278.477777777778,0.0,0.0,0.0
2025-01-14 04:00:00,0.316956,15847.800000000001,7310.0,8537.800000000001,0.0,158.10740740740744,0.0,7436.585185185186,0.0,0.0,0.0
2025-01-14 05:00:00,0.35033,17516.5,7310.0,10206.5,0.0,189.00925925925927,0.0,7625.594444444445,0.0,0.0,0.0
2025-01-14 06:00:00,0.35501799999999994,17750.899999999998,7310.0,10440.899999999998,0.0,193.34999999999997,0.0,7818.944444444445,0.0,0.0,0.0
2025-01-14 07:00:00,0.328001,16400.05,7310.0,9090.05,0.0,168.33425925925926,0.0,7987.278703703704,0.0,0.0,0.0
2025-01-14 08:00:00,0.284207,14210.349999999999,7310.0,6900.3499999999985,0.0,127.78425925925923,0.0,8115.062962962964,0.0,0.0,0.0
2025-01-14 09:00:00,0.230709,11535.45,7310.0,4225.450000000001,0.0,78.24907407407409,0.0,8193.312037037038,0.0,0.0,0.0
2025-01-14 10:00:00,0.202516,10125.8,7310.0,2815.7999999999993,0.0,52.14444444444443,0.0,8245.456481481482,0.0,0.0,0.0
2025-01-14 11:00:00,0.191679,9583.949999999999,7310.0,2273.949999999999,0.0,42.110185185185166,0.0,8287.566666666668,0.0,0.0,0.0
2025-01-14 12:00:00,0.217382,10869.1,7310.0,3559.100000000001,-4.547473508864641e-13,65.90925925925927,0.0,8353.475925925926,0.0,0.0,0.0
2025-01-14 13:00:00,0.200821,10041.05,7310.0,2731.0499999999993,0.0,50.57499999999999,0.0,8404.050925925927,0.0,0.0,0.0
2025-01-14 14:00:00,0.190673,9533.65,7310.0,2223.6499999999996,0.0,41.1787037037037,0.0,8445.22962962963,0.0,0.0,0.0
2025-01-14 15:00:00,0.209263,10463.15,7310.0,3153.1499999999996,0.0,58.39166666666666,0.0,8503.621296296296,0.0,0.0,0.0
2025-01-14 16:00:00,0.240754,12037.699999999999,7310.0,4727.699999999999,0.0,87.54999999999998,0.0,8591.171296296296,0.0,0.0,0.0
2025-01-14 17:00:00,0.249505,12475.25,7310.0,5165.25,0.0,95.65277777777777,0.0,8686.824074074073,0.0,0.0,0.0
2025-01-14 18:00:00,0.243014,12150.7,7310.0,4840.700000000001,0.0,89.6425925925926,0.0,8776.466666666665,0.0,0.0,0.0
2025-01-14 19:00:00,0.231441,11572.050000000001,7310.0,4262.050000000001,0.0,78.92685185185188,0.0,8855.393518518516,0.0,0.0,0.0
2025-01-14 20:00:00,0.23595500000000003,11797.750000000002,7310.0,4487.750000000002,0.0,83.10648148148151,0.0,8938.499999999998,0.0,0.0,0.0
2025-01-14 21:00:00,0.25908800000000004,12954.400000000001,7310.0,5644.4000000000015,0.0,104.52592592592595,0.0,9043.025925925924,0.0,0.0,0.0
2025-01-14 22:00:00,0.268275,13413.75,7310.0,6103.75,0.0,113.0324074074074,0.0,9156.05833333333,0.0,0.0,0.0
2025-01-14 23:00:00,0.252415,12620.75,7310.0,5310.75,0.0,98.34722222222223,0.0,9254.405555555553,0.0,0.0,0.0
2025-01-15 00:00:00,0.222997,11149.85,7310.0,3839.85,4.547473508864641e-13,71.10833333333333,0.0,9325.513888888887,0.0,0.0,0.0
2025-01-15 01:00:00,0.188698,9434.9,7310.0,2124.8999999999996,0.0,39.349999999999994,0.0,9364.863888888887,0.0,0.0,0.0
2025-01-15 02:00:00,0.159469,7973.45,7310.0,663.4499999999998,0.0,12.286111111111108,0.0,9377.149999999998,0.0,0.0,0.0
2025-01-15 03:00:00,0.133012,6650.599999999999,6650.599999999999,0.0,0.0,0.0,41.65048083755748,9335.49951916244,659.4000000000005,0.0,0.0
2025-01-15 04:00:00,0.117612,5880.599999999999,5880.599999999999,0.0,0.0,0.0,90.28692342918507,9245.212595733256,1429.4000000000005,0.0,0.0
2025-01-15 05:00:00,0.11518099999999999,5759.049999999999,5759.049999999999,0.0,0.0,0.0,97.96453329543486,9147.24806243782,1550.9500000000007,0.0,0.0
2025-01-15 06:00:00,0.11726,5863.0,5863.0,0.0,0.0,0.0,91.3986135455651,9055.849448892255,1447.0,0.0,0.0
2025-01-15 07:00:00,0.108784,5439.200000000001,5439.200000000001,0.0,0.0,0.0,118.16760623430761,8937.681842657948,1870.7999999999993,0.0,0.0
2025-01-15 08:00:00,0.086935,4346.75,4346.75,0.0,0.0,0.0,187.17134871381876,8750.51049394413,2963.25,0.0,0.0
2025-01-15 09:00:00,0.054035,2701.75,2701.75,0.0,0.0,0.0,291.07647606865953,8459.43401787547,4608.25,0.0,0.0
2025-01-15 10:00:00,0.027146,1357.3,1357.3,0.0,0.0,0.0,375.997599759976,8083.436418115494,5952.7,0.0,0.0
2025-01-15 11:00:00,0.018402,920.1000000000001,920.1000000000001,0.0,0.0,0.0,403.6129928782352,7679.823425237259,6389.9,0.0,0.0
2025-01-15 12:00:00,0.015293,764.65,764.65,0.0,0.0,0.0,413.4318695027398,7266.391555734519,6545.35,0.0,0.0
2025-01-15 13:00:00,0.012367000000000001,618.35,618.35,0.0,0.0,0.0,422.672793595149,6843.71876213937,6691.65,0.0,0.0
2025-01-15 14:00:00,0.010157,507.84999999999997,507.84999999999997,0.0,0.0,0.0,429.6524389281034,6414.0663232112665,6802.15,0.0,0.0
2025-01-15 15:00:00,0.012639,631.9499999999999,631.9499999999999,0.0,0.0,0.0,421.8137603234008,5992.252562887866,6678.05,0.0,0.0
2025-01-15 16:00:00,0.017152999999999998,857.6499999999999,857.6499999999999,0.0,0.0,0.0,407.55759786504973,5584.694965022816,6452.35,0.0,0.0
2025-01-15 17:00:00,0.022475000000000002,1123.75,1123.75,0.0,0.0,0.0,390.7496012759171,5193.945363746899,6186.25,0.0,0.0
2025-01-15 18:00:00,0.027754,1387.7,1387.7,0.0,0.0,0.0,374.0774077407741,4819.867956006125,5922.3,0.0,0.0
2025-01-15 19:00:00,0.033337000000000006,1666.8500000000004,1666.8500000000004,0.0,0.0,0.0,356.44511819603014,4463.422837810094,5643.15,0.0,0.0
2025-01-15 20:00:00,0.037876,1893.8,1893.8,0.0,0.0,0.0,342.1100004737316,4121.3128373363625,5416.2,0.0,0.0
2025-01-15 21:00:00,0.04519,2259.5,2259.5,0.0,0.0,0.0,319.0108484532664,3802.301988883096,5050.5,0.0,0.0
2025-01-15 22:00:00,0.057795,2889.75,2889.75,0.0,0.0,0.0,279.2016043709634,3523.100384512132,4420.25,0.0,0.0
2025-01-15 23:00:00,0.06964400000000001,3482.2000000000007,3482.2000000000007,0.0,0.0,0.0,241.77996747043125,3281.320417041701,3827.7999999999993,0.0,0.0
2025-01-16 00:00:00,0.076401,3820.0499999999997,3820.0499999999997,0.0,0.0,0.0,220.43993873071523,3060.880478310986,3489.9500000000003,0.0,0.0
2025-01-16 01:00:00,0.071159,3557.95,3557.95,0.0,0.0,0.0,236.99527847521597,2823.88519983577,3752.05,0.0,0.0
2025-01-16 02:00:00,0.058283,2914.15,2914.15,0.0,0.0,0.0,277.6603976187093,2546.2248022170606,4395.85,0.0,0.0
2025-01-16 03:00:00,0.040601,2030.05,2030.05,0.0,0.0,0.0,333.50387670345987,2212.720925513601,5279.95,0.0,0.0
2025-01-16 04:00:00,0.02819,1409.5,1409.5,0.0,0.0,0.0,372.70042793753066,1840.0204975760703,5900.5,0.0,0.0
2025-01-16 05:00:00,0.035467,1773.35,1773.35,0.0,0.0,0.0,349.71812970770765,1490.3023678683626,5536.65,0.0,0.0
2025-01-16 06:00:00,0.06815,3407.5,3407.5,0.0,0.0,0.0,246.49833404393073,1243.8040338244318,3902.5,0.0,0.0
2025-01-16 07:00:00,0.111153,5557.65,5557.65,0.0,0.0,0.0,110.68580542264756,1133.1182284017843,1752.3500000000004,0.0,0.0
2025-01-16 08:00:00,0.140183,7009.150000000001,7009.150000000001,0.0,0.0,0.0,19.002952926871604,1114.1152754749128,300.84999999999945,0.0,0.0
2025-01-16 09:00:00,0.146602,7330.1,7310.0,20.100000000000364,0.0,0.37222222222222895,0.0,1114.487497697135,0.0,0.0,0.0
2025-01-16 10:00:00,0.15224700000000002,7612.350000000001,7310.0,302.3500000000013,0.0,5.599074074074098,0.0,1120.086571771209,0.0,0.0,0.0
2025-01-16 11:00:00,0.139179,6958.95,6958.95,0.0,0.0,0.0,22.173796327001135,1097.912775444208,351.0500000000002,0.0,0.0
2025-01-16 12:00:00,0.131967,6598.35,6598.35,0.0,0.0,0.0,44.95081087056072,1052.9619645736473,711.6499999999996,0.0,0.0
2025-01-16 13:00:00,0.13311699999999999,6655.849999999999,6655.849999999999,0.0,0.0,0.0,41.3188687289782,1011.643095844669,654.1500000000005,0.0,0.0
2025-01-16 14:00:00,0.136329,6816.450000000001,6816.450000000001,0.0,0.0,0.0,31.17469641701008,980.4683994276589,493.5499999999993,0.0,0.0
2025-01-16 15:00:00,0.168546,8427.3,7310.0,1117.2999999999993,0.0,20.690740740740726,0.0,1001.1591401683996,0.0,0.0,0.0
2025-01-16 16:00:00,0.212457,10622.85,7310.0,3312.8500000000004,0.0,61.34907407407408,0.0,1062.5082142424737,0.0,0.0,0.0
2025-01-16 17:00:00,0.243301,12165.05,7310.0,4855.049999999999,0.0,89.90833333333332,0.0,1152.416547575807,0.0,0.0,0.0
2025-01-16 18:00:00,0.27904700000000005,13952.350000000002,7310.0,6642.350000000002,0.0,123.00648148148152,0.0,1275.4230290572887,0.0,0.0,0.0
2025-01-16 19:00:00,0.314453,15722.65,7310.0,8412.65,0.0,155.7898148148148,0.0,1431.2128438721033,0.0,0.0,0.0
2025-01-16 20:00:00,0.337642,16882.1,7310.0,9572.099999999999,0.0,177.2611111111111,0.0,1608.4739549832145,0.0,0.0,0.0
2025-01-16 21:00:00,0.34442500000000004,17221.250000000004,7310.0,9911.250000000004,0.0,183.54166666666674,0.0,1792.0156216498813,0.0,0.0,0.0
2025-01-16 22:00:00,0.336743,16837.15,7310.0,9527.150000000001,0.0,176.42870370370372,0.0,1968.444325353585,0.0,0.0,0.0
2025-01-16 23:00:00,0.32182799999999995,16091.399999999998,7310.0,8781.399999999998,0.0,162.61851851851847,0.0,2131.0628438721037,0.0,0.0,0.0
2025-01-17 00:00:00,0.322598,16129.9,7310.0,8819.9,0.0,163.33148148148146,0.0,2294.3943253535854,0.0,0.0,0.0
2025-01-17 01:00:00,0.304966,15248.300000000001,7310.0,7938.300000000002,-9.094947017729282e-13,147.0055555555556,0.0,2441.399880909141,0.0,0.0,0.0
2025-01-17 02:00:00,0.28889600000000004,14444.800000000003,7310.0,7134.800000000002,9.094947017729282e-13,132.12592592592597,0.0,2573.5258068350668,0.0,0.0,0.0
2025-01-17 03:00:00,0.29131999999999997,14565.999999999998,7310.0,7255.999999999997,9.094947017729282e-13,134.37037037037032,0.0,2707.896177205437,0.0,0.0,0.0
2025-01-17 04:00:00,0.289998,14499.9,7310.0,7189.900000000001,-9.094947017729282e-13,133.1462962962963,0.0,2841.0424735017336,0.0,0.0,0.0
2025-01-17 05:00:00,0.28184699999999996,14092.349999999999,7310.0,6782.3499999999985,0.0,125.59907407407405,0.0,2966.6415475758076,0.0,0.0,0.0
2025-01-17 06:00:00,0.25903699999999996,12951.849999999999,7310.0,5641.8499999999985,0.0,104.47870370370367,0.0,3071.120251279511,0.0,0.0,0.0
2025-01-17 07:00:00,0.219301,10965.05,7310.0,3655.0499999999997,-4.547473508864641e-13,67.6861111111111,0.0,3138.8063623906223,0.0,0.0,0.0
2025-01-17 08:00:00,0.178852,8942.6,7310.0,1632.6000000000004,0.0,30.23333333333334,0.0,3169.0396957239554,0.0,0.0,0.0
2025-01-17 09:00:00,0.131232,6561.599999999999,6561.599999999999,0.0,0.0,0.0,47.27209563061573,3121.7676000933398,748.4000000000005,0.0,0.0
2025-01-17 10:00:00,0.100953,5047.65,5047.65,0.0,0.0,0.0,142.8995531132061,2978.868046980134,2262.3500000000004,0.0,0.0
2025-01-17 11:00:00,0.07737300000000001,3868.6500000000005,3868.6500000000005,0.0,0.0,0.0,217.37015806843843,2761.4978889116956,3441.3499999999995,0.0,0.0
2025-01-17 12:00:00,0.062831,3141.5499999999997,3141.5499999999997,0.0,0.0,0.0,263.2968560013897,2498.201032910306,4168.450000000001,0.0,0.0
2025-01-17 13:00:00,0.053667,2683.35,2683.35,0.0,0.0,0.0,292.23869755396595,2205.96233535634,4626.65,0.0,0.0
2025-01-17 14:00:00,0.048655000000000004,2432.75,2432.75,0.0,0.0,0.0,308.0676488701502,1897.89468648619,4877.25,0.0,0.0
2025-01-17 15:00:00,0.059859,2992.9500000000003,2992.9500000000003,0.0,0.0,0.0,272.68305777946216,1625.2116287067279,4317.049999999999,0.0,0.0
2025-01-17 16:00:00,0.06492,3246.0000000000005,3246.0000000000005,0.0,0.0,0.0,256.6993541459409,1368.5122745607869,4063.9999999999995,0.0,0.0
2025-01-17 17:00:00,0.059425,2971.25,2971.25,0.0,0.0,0.0,274.05372116158986,1094.458553399197,4338.75,0.0,0.0
2025-01-17 18:00:00,0.054256,2712.7999999999997,2712.7999999999997,0.0,0.0,0.0,290.37851153536417,804.0800418638328,4597.200000000001,0.0,0.0
2025-01-17 19:00:00,0.053333,2666.65,2666.65,0.0,0.0,0.0,293.29353988030385,510.7865019835289,4643.35,0.0,0.0
2025-01-17 20:00:00,0.057892000000000006,2894.6000000000004,2894.6000000000004,0.0,0.0,0.0,278.8952579468473,231.8912440366816,4415.4,0.0,0.0
2025-01-17 21:00:00,0.06877899999999999,3438.95,3438.95,0.0,0.0,0.0,231.8912440366816,0.0,3671.2442027777333,199.80579722226685,0.0
2025-01-17 22:00:00,0.08494199999999999,4247.099999999999,4247.099999999999,0.0,0.0,0.0,0.0,0.0,0.0,3062.9000000000005,0.0
2025-01-17 23:00:00,0.09771500000000001,4885.750000000001,4885.750000000001,0.0,0.0,0.0,0.0,0.0,0.0,2424.249999999999,0.0
2025-01-18 00:00:00,0.09972199999999999,4986.099999999999,4986.099999999999,0.0,0.0,0.0,0.0,0.0,0.0,2323.9000000000005,0.0
2025-01-18 01:00:00,0.09428700000000001,4714.35,4714.35,0.0,0.0,0.0,0.0,0.0,0.0,2595.6499999999996,0.0
2025-01-18 02:00:00,0.08838800000000001,4419.400000000001,4419.400000000001,0.0,0.0,0.0,0.0,0.0,0.0,2890.5999999999995,0.0
2025-01-18 03:00:00,0.083244,4162.2,4162.2,0.0,0.0,0.0,0.0,0.0,0.0,3147.8,0.0
2025-01-18 04:00:00,0.073921,3696.05,3696.05,0.0,0.0,0.0,0.0,0.0,0.0,3613.95,0.0
2025-01-18 05:00:00,0.067919,3395.95,3395.95,0.0,0.0,0.0,0.0,0.0,0.0,3914.05,0.0
2025-01-18 06:00:00,0.061079999999999995,3053.9999999999995,3053.9999999999995,0.0,0.0,0.0,0.0,0.0,0.0,4256.0,0.0
2025-01-18 07:00:00,0.055953,2797.65,2797.65,0.0,0.0,0.0,0.0,0.0,0.0,4512.35,0.0
2025-01-18 08:00:00,0.051558,2577.9,2577.9,0.0,0.0,0.0,0.0,0.0,0.0,4732.1,0.0
2025-01-18 09:00:00,0.038959,1947.95,1947.95,0.0,0.0,0.0,0.0,0.0,0.0,5362.05,0.0
2025-01-18 10:00:00,0.029383,1469.1499999999999,1469.1499999999999,0.0,0.0,0.0,0.0,0.0,0.0,5840.85,0.0
2025-01-18 11:00:00,0.020904,1045.2,1045.2,0.0,0.0,0.0,0.0,0.0,0.0,6264.8,0.0
2025-01-18 12:00:00,0.016325,816.25,816.25,0.0,0.0,0.0,0.0,0.0,0.0,6493.75,0.0
2025-01-18 13:00:00,0.018549,927.4499999999999,927.4499999999999,0.0,0.0,0.0,0.0,0.0,0.0,6382.55,0.0
2025-01-18 14:00:00,0.028783,1439.15,1439.15,0.0,0.0,0.0,0.0,0.0,0.0,5870.85,0.0
2025-01-18 15:00:00,0.045064,2253.2,2253.2,0.0,0.0,0.0,0.0,0.0,0.0,5056.8,0.0
2025-01-18 16:00:00,0.070255,3512.75,3512.75,0.0,0.0,0.0,0.0,0.0,0.0,3797.25,0.0
2025-01-18 17:00:00,0.092734,4636.7,4636.7,0.0,0.0,0.0,0.0,0.0,0.0,2673.3,0.0
2025-01-18 18:00:00,0.10127,5063.5,5063.5,0.0,0.0,0.0,0.0,0.0,0.0,2246.5,0.0
2025-01-18 19:00:00,0.103645,5182.25,5182.25,0.0,0.0,0.0,0.0,0.0,0.0,2127.75,0.0
2025-01-18 20:00:00,0.09556100000000001,4778.05,4778.05,0.0,0.0,0.0,0.0,0.0,0.0,2531.95,0.0
2025-01-18 21:00:00,0.095011,4750.55,4750.55,0.0,0.0,0.0,0.0,0.0,0.0,2559.45,0.0
2025-01-18 22:00:00,0.100605,5030.25,5030.25,0.0,0.0,0.0,0.0,0.0,0.0,2279.75,0.0
2025-01-18 23:00:00,0.104108,5205.400000000001,5205.400000000001,0.0,0.0,0.0,0.0,0.0,0.0,2104.5999999999995,0.0
2025-01-19 00:00:00,0.11211,5605.5,5605.5,0.0,0.0,0.0,0.0,0.0,0.0,1704.5,0.0
2025-01-19 01:00:00,0.123817,6190.849999999999,6190.849999999999,0.0,0.0,0.0,0.0,0.0,0.0,1119.1500000000005,0.0
2025-01-19 02:00:00,0.144029,7201.45,7201.45,0.0,0.0,0.0,0.0,0.0,0.0,108.55000000000018,0.0
2025-01-19 03:00:00,0.161494,8074.7,7310.0,764.6999999999998,0.0,14.161111111111108,0.0,14.161111111111108,0.0,0.0,0.0
2025-01-19 04:00:00,0.173387,8669.35,7310.0,1359.3500000000004,0.0,25.173148148148154,0.0,39.33425925925926,0.0,0.0,0.0
2025-01-19 05:00:00,0.180564,9028.2,7310.0,1718.2000000000007,0.0,31.81851851851853,0.0,71.1527777777778,0.0,0.0,0.0
2025-01-19 06:00:00,0.181979,9098.95,7310.0,1788.9500000000005,2.2737367544323206e-13,33.128703703703714,0.0,104.2814814814815,0.0,0.0,0.0
2025-01-19 07:00:00,0.176513,8825.65,7310.0,1515.6499999999996,0.0,28.067592592592586,0.0,132.34907407407408,0.0,0.0,0.0
2025-01-19 08:00:00,0.160945,8047.25,7310.0,737.25,0.0,13.652777777777779,0.0,146.00185185185185,0.0,0.0,0.0
2025-01-19 09:00:00,0.11770699999999999,5885.349999999999,5885.349999999999,0.0,0.0,0.0,89.98689342618476,56.01495842566709,1424.6500000000005,0.0,0.0
2025-01-19 10:00:00,0.124231,6211.549999999999,6211.549999999999,0.0,0.0,0.0,56.01495842566709,0.0,886.8148180555548,211.6351819444459,0.0
2025-01-19 11:00:00,0.135856,6792.8,6792.8,0.0,0.0,0.0,0.0,0.0,0.0,517.1999999999998,0.0
2025-01-19 12:00:00,0.12282599999999999,6141.299999999999,6141.299999999999,0.0,0.0,0.0,0.0,0.0,0.0,1168.7000000000007,0.0
2025-01-19 13:00:00,0.106374,5318.7,5318.7,0.0,0.0,0.0,0.0,0.0,0.0,1991.3000000000002,0.0
2025-01-19 14:00:00,0.087365,4368.25,4368.25,0.0,0.0,0.0,0.0,0.0,0.0,2941.75,0.0
2025-01-19 15:00:00,0.083133,4156.65,4156.65,0.0,0.0,0.0,0.0,0.0,0.0,3153.3500000000004,0.0
2025-01-19 16:00:00,0.08459,4229.5,4229.5,0.0,0.0,0.0,0.0,0.0,0.0,3080.5,0.0
2025-01-19 17:00:00,0.077766,3888.3,3888.3,0.0,0.0,0.0,0.0,0.0,0.0,3421.7,0.0
2025-01-19 18:00:00,0.070289,3514.4500000000003,3514.4500000000003,0.0,0.0,0.0,0.0,0.0,0.0,3795.5499999999997,0.0
2025-01-19 19:00:00,0.067444,3372.2000000000003,3372.2000000000003,0.0,0.0,0.0,0.0,0.0,0.0,3937.7999999999997,0.0
2025-01-19 20:00:00,0.066618,3330.8999999999996,3330.8999999999996,0.0,0.0,0.0,0.0,0.0,0.0,3979.1000000000004,0.0
2025-01-19 21:00:00,0.065149,3257.45,3257.45,0.0,0.0,0.0,0.0,0.0,0.0,4052.55,0.0
2025-01-19 22:00:00,0.061286,3064.3,3064.3,0.0,0.0,0.0,0.0,0.0,0.0,4245.7,0.0
2025-01-19 23:00:00,0.055416,2770.8,2770.8,0.0,0.0,0.0,0.0,0.0,0.0,4539.2,0.0
2025-01-20 00:00:00,0.048924999999999996,2446.25,2446.25,0.0,0.0,0.0,0.0,0.0,0.0,4863.75,0.0
2025-01-20 01:00:00,0.039825000000000006,1991.2500000000002,1991.2500000000002,0.0,0.0,0.0,0.0,0.0,0.0,5318.75,0.0
2025-01-20 02:00:00,0.027233,1361.65,1361.65,0.0,0.0,0.0,0.0,0.0,0.0,5948.35,0.0
2025-01-20 03:00:00,0.017623999999999997,881.1999999999998,881.1999999999998,0.0,0.0,0.0,0.0,0.0,0.0,6428.8,0.0
2025-01-20 04:00:00,0.01514,757.0,757.0,0.0,0.0,0.0,0.0,0.0,0.0,6553.0,0.0
2025-01-20 05:00:00,0.017096,854.8,854.8,0.0,0.0,0.0,0.0,0.0,0.0,6455.2,0.0
2025-01-20 06:00:00,0.021204999999999998,1060.25,1060.25,0.0,0.0,0.0,0.0,0.0,0.0,6249.75,0.0
2025-01-20 07:00:00,0.027479,1373.95,1373.95,0.0,0.0,0.0,0.0,0.0,0.0,5936.05,0.0
2025-01-20 08:00:00,0.038636000000000004,1931.8000000000002,1931.8000000000002,0.0,0.0,0.0,0.0,0.0,0.0,5378.2,0.0
2025-01-20 09:00:00,0.047168,2358.4,2358.4,0.0,0.0,0.0,0.0,0.0,0.0,4951.6,0.0
2025-01-20 10:00:00,0.048948,2447.4,2447.4,0.0,0.0,0.0,0.0,0.0,0.0,4862.6,0.0
2025-01-20 11:00:00,0.051135,2556.75,2556.75,0.0,0.0,0.0,0.0,0.0,0.0,4753.25,0.0
2025-01-20 12:00:00,0.06344,3172.0,3172.0,0.0,0.0,0.0,0.0,0.0,0.0,4138.0,0.0
2025-01-20 13:00:00,0.074185,3709.25,3709.25,0.0,0.0,0.0,0.0,0.0,0.0,3600.75,0.0
2025-01-20 14:00:00,0.082128,4106.400000000001,4106.400000000001,0.0,0.0,0.0,0.0,0.0,0.0,3203.5999999999995,0.0
2025-01-20 15:00:00,0.076522,3826.1000000000004,3826.1000000000004,0.0,0.0,0.0,0.0,0.0,0.0,3483.8999999999996,0.0
2025-01-20 16:00:00,0.08007299999999999,4003.6499999999996,4003.6499999999996,0.0,0.0,0.0,0.0,0.0,0.0,3306.3500000000004,0.0
2025-01-20 17:00:00,0.101253,5062.65,5062.65,0.0,0.0,0.0,0.0,0.0,0.0,2247.3500000000004,0.0
2025-01-20 18:00:00,0.121082,6054.099999999999,6054.099999999999,0.0,0.0,0.0,0.0,0.0,0.0,1255.9000000000005,0.0
2025-01-20 19:00:00,0.139303,6965.150000000001,6965.150000000001,0.0,0.0,0.0,0.0,0.0,0.0,344.84999999999945,0.0
2025-01-20 20:00:00,0.154607,7730.349999999999,7310.0,420.34999999999945,0.0,7.784259259259249,0.0,7.784259259259249,0.0,0.0,0.0
2025-01-20 21:00:00,0.17103,8551.5,7310.0,1241.5,0.0,22.99074074074074,0.0,30.77499999999999,0.0,0.0,0.0
2025-01-20 22:00:00,0.195833,9791.65,7310.0,2481.6499999999996,0.0,45.956481481481475,0.0,76.73148148148147,0.0,0.0,0.0
2025-01-20 23:00:00,0.215434,10771.699999999999,7310.0,3461.6999999999994,-4.547473508864641e-13,64.10555555555554,0.0,140.83703703703702,0.0,0.0,0.0
2025-01-21 00:00:00,0.208072,10403.6,7310.0,3093.6000000000004,0.0,57.2888888888889,0.0,198.1259259259259,0.0,0.0,0.0
2025-01-21 01:00:00,0.179522,8976.099999999999,7310.0,1666.0999999999985,0.0,30.853703703703676,0.0,228.97962962962958,0.0,0.0,0.0
2025-01-21 02:00:00,0.16068000000000002,8034.000000000001,7310.0,724.0000000000009,0.0,13.407407407407424,0.0,242.387037037037,0.0,0.0,0.0
2025-01-21 03:00:00,0.146989,7349.450000000001,7310.0,39.45000000000073,0.0,0.7305555555555691,0.0,243.1175925925926,0.0,0.0,0.0
2025-01-21 04:00:00,0.120568,6028.4,6028.4,0.0,0.0,0.0,80.95125302003888,162.1663395725537,1281.6000000000004,0.0,0.0
2025-01-21 05:00:00,0.10006100000000001,5003.05,5003.05,0.0,0.0,0.0,145.71667693085098,16.44966264170273,2306.95,0.0,0.0
2025-01-21 06:00:00,0.084092,4204.6,4204.6,0.0,0.0,0.0,16.44966264170273,0.0,260.42694652777715,2844.9730534722225,0.0
2025-01-21 07:00:00,0.07601000000000001,3800.5000000000005,3800.5000000000005,0.0,0.0,0.0,0.0,0.0,0.0,3509.4999999999995,0.0
2025-01-21 08:00:00,0.082787,4139.35,4139.35,0.0,0.0,0.0,0.0,0.0,0.0,3170.6499999999996,0.0
2025-01-21 09:00:00,0.092226,4611.3,4611.3,0.0,0.0,0.0,0.0,0.0,0.0,2698.7,0.0
2025-01-21 10:00:00,0.100585,5029.25,5029.25,0.0,0.0,0.0,0.0,0.0,0.0,2280.75,0.0
2025-01-21 11:00:00,0.113469,5673.45,5673.45,0.0,0.0,0.0,0.0,0.0,0.0,1636.5500000000002,0.0
2025-01-21 12:00:00,0.114265,5713.25,5713.25,0.0,0.0,0.0,0.0,0.0,0.0,1596.75,0.0
2025-01-21 13:00:00,0.095956,4797.8,4797.8,0.0,0.0,0.0,0.0,0.0,0.0,2512.2,0.0
2025-01-21 14:00:00,0.08409799999999999,4204.9,4204.9,0.0,0.0,0.0,0.0,0.0,0.0,3105.1000000000004,0.0
2025-01-21 15:00:00,0.09446399999999999,4723.2,4723.2,0.0,0.0,0.0,0.0,0.0,0.0,2586.8,0.0
2025-01-21 16:00:00,0.107811,5390.55,5390.55,0.0,0.0,0.0,0.0,0.0,0.0,1919.4499999999998,0.0
2025-01-21 17:00:00,0.11075199999999999,5537.599999999999,5537.599999999999,0.0,0.0,0.0,0.0,0.0,0.0,1772.4000000000005,0.0
2025-01-21 18:00:00,0.086252,4312.599999999999,4312.599999999999,0.0,0.0,0.0,0.0,0.0,0.0,2997.4000000000005,0.0
2025-01-21 19:00:00,0.057288,2864.4,2864.4,0.0,0.0,0.0,0.0,0.0,0.0,4445.6,0.0
2025-01-21 20:00:00,0.04176,2088.0,2088.0,0.0,0.0,0.0,0.0,0.0,0.0,5222.0,0.0
2025-01-21 21:00:00,0.044155,2207.75,2207.75,0.0,0.0,0.0,0.0,0.0,0.0,5102.25,0.0
2025-01-21 22:00:00,0.048565,2428.25,2428.25,0.0,0.0,0.0,0.0,0.0,0.0,4881.75,0.0
2025-01-21 23:00:00,0.047402,2370.1,2370.1,0.0,0.0,0.0,0.0,0.0,0.0,4939.9,0.0
2025-01-22 00:00:00,0.037496,1874.8000000000002,1874.8000000000002,0.0,0.0,0.0,0.0,0.0,0.0,5435.2,0.0
2025-01-22 01:00:00,0.022258,1112.9,1112.9,0.0,0.0,0.0,0.0,0.0,0.0,6197.1,0.0
2025-01-22 02:00:00,0.012833,641.65,641.65,0.0,0.0,0.0,0.0,0.0,0.0,6668.35,0.0
2025-01-22 03:00:00,0.019271,963.55,963.55,0.0,0.0,0.0,0.0,0.0,0.0,6346.45,0.0
2025-01-22 04:00:00,0.03559300000000001,1779.6500000000003,1779.6500000000003,0.0,0.0,0.0,0.0,0.0,0.0,5530.349999999999,0.0
2025-01-22 05:00:00,0.048527,2426.35,2426.35,0.0,0.0,0.0,0.0,0.0,0.0,4883.65,0.0
2025-01-22 06:00:00,0.059252,2962.6,2962.6,0.0,0.0,0.0,0.0,0.0,0.0,4347.4,0.0
2025-01-22 07:00:00,0.063349,3167.4500000000003,3167.4500000000003,0.0,0.0,0.0,0.0,0.0,0.0,4142.549999999999,0.0
2025-01-22 08:00:00,0.064404,3220.2000000000003,3220.2000000000003,0.0,0.0,0.0,0.0,0.0,0.0,4089.7999999999997,0.0
2025-01-22 09:00:00,0.053763,2688.15,2688.15,0.0,0.0,0.0,0.0,0.0,0.0,4621.85,0.0
2025-01-22 10:00:00,0.045472,2273.6,2273.6,0.0,0.0,0.0,0.0,0.0,0.0,5036.4,0.0
2025-01-22 11:00:00,0.046652,2332.6,2332.6,0.0,0.0,0.0,0.0,0.0,0.0,4977.4,0.0
2025-01-22 12:00:00,0.067934,3396.7,3396.7,0.0,0.0,0.0,0.0,0.0,0.0,3913.3,0.0
2025-01-22 13:00:00,0.08895,4447.5,4447.5,0.0,0.0,0.0,0.0,0.0,0.0,2862.5,0.0
2025-01-22 14:00:00,0.10006399999999999,5003.199999999999,5003.199999999999,0.0,0.0,0.0,0.0,0.0,0.0,2306.800000000001,0.0
2025-01-22 15:00:00,0.126291,6314.549999999999,6314.549999999999,0.0,0.0,0.0,0.0,0.0,0.0,995.4500000000007,0.0
2025-01-22 16:00:00,0.156732,7836.6,7310.0,526.6000000000004,0.0,9.751851851851859,0.0,9.751851851851859,0.0,0.0,0.0
2025-01-22 17:00:00,0.177679,8883.95,7310.0,1573.9500000000007,0.0,29.147222222222236,0.0,38.89907407407409,0.0,0.0,0.0
2025-01-22 18:00:00,0.192466,9623.3,7310.0,2313.2999999999993,0.0,42.838888888888874,0.0,81.73796296296297,0.0,0.0,0.0
2025-01-22 19:00:00,0.21342,10671.0,7310.0,3361.0,0.0,62.24074074074074,0.0,143.9787037037037,0.0,0.0,0.0
2025-01-22 20:00:00,0.227934,11396.7,7310.0,4086.7000000000007,0.0,75.67962962962964,0.0,219.65833333333336,0.0,0.0,0.0
2025-01-22 21:00:00,0.23823,11911.5,7310.0,4601.5,0.0,85.21296296296296,0.0,304.87129629629635,0.0,0.0,0.0
2025-01-22 22:00:00,0.233113,11655.65,7310.0,4345.65,0.0,80.475,0.0,385.3462962962964,0.0,0.0,0.0
2025-01-22 23:00:00,0.22738999999999998,11369.499999999998,7310.0,4059.499999999998,0.0,75.1759259259259,0.0,460.52222222222224,0.0,0.0,0.0
2025-01-23 00:00:00,0.19597399999999998,9798.699999999999,7310.0,2488.699999999999,0.0,46.087037037037014,0.0,506.60925925925926,0.0,0.0,0.0
2025-01-23 01:00:00,0.148685,7434.250000000001,7310.0,124.25000000000092,-1.4210854715202004e-14,2.300925925925943,0.0,508.9101851851852,0.0,0.0,0.0
2025-01-23 02:00:00,0.136743,6837.150000000001,6837.150000000001,0.0,0.0,0.0,29.867197246040362,479.04298793914484,472.84999999999945,0.0,0.0
2025-01-23 03:00:00,0.157719,7885.95,7310.0,575.9499999999998,0.0,10.665740740740738,0.0,489.70872867988555,0.0,0.0,0.0
2025-01-23 04:00:00,0.165878,8293.9,7310.0,983.8999999999996,0.0,18.220370370370365,0.0,507.9290990502559,0.0,0.0,0.0
2025-01-23 05:00:00,0.170817,8540.85,7310.0,1230.8500000000004,0.0,22.793518518518525,0.0,530.7226175687745,0.0,0.0,0.0
2025-01-23 06:00:00,0.20966200000000002,10483.1,7310.0,3173.1000000000004,0.0,58.76111111111112,0.0,589.4837286798856,0.0,0.0,0.0
2025-01-23 07:00:00,0.255847,12792.35,7310.0,5482.35,0.0,101.525,0.0,691.0087286798856,0.0,0.0,0.0
2025-01-23 08:00:00,0.31491199999999997,15745.599999999999,7310.0,8435.599999999999,0.0,156.2148148148148,0.0,847.2235434947004,0.0,0.0,0.0
2025-01-23 09:00:00,0.39924200000000004,19962.100000000002,7310.0,12652.100000000002,0.0,234.2981481481482,0.0,1081.5216916428485,0.0,0.0,0.0
2025-01-23 10:00:00,0.484222,24211.1,7310.0,16901.1,0.0,312.9833333333333,0.0,1394.5050249761819,0.0,0.0,0.0
2025-01-23 11:00:00,0.609833,30491.649999999998,7310.0,23181.649999999998,0.0,429.28981481481475,0.0,1823.7948397909965,0.0,0.0,0.0
2025-01-23 12:00:00,0.756377,37818.85,7310.0,25000.0,5508.8499999999985,462.962962962963,0.0,2286.7578027539594,0.0,0.0,0.0
2025-01-23 13:00:00,0.8711599999999999,43558.0,7310.0,25000.0,11248.0,462.962962962963,0.0,2749.7207657169224,0.0,0.0,0.0
2025-01-23 14:00:00,0.9082060000000001,45410.3,7310.0,25000.0,13100.300000000003,462.962962962963,0.0,3212.6837286798855,0.0,0.0,0.0
2025-01-23 15:00:00,0.915746,45787.299999999996,7310.0,25000.0,13477.299999999996,462.962962962963,0.0,3675.6466916428485,0.0,0.0,0.0
2025-01-23 16:00:00,0.888068,44403.4,7310.0,25000.0,12093.400000000001,462.962962962963,0.0,4138.609654605812,0.0,0.0,0.0
2025-01-23 17:00:00,0.7842720000000001,39213.600000000006,7310.0,25000.0,6903.600000000006,462.962962962963,0.0,4601.572617568774,0.0,0.0,0.0
2025-01-23 18:00:00,0.5937039999999999,29685.199999999993,7310.0,22375.199999999993,0.0,414.35555555555544,0.0,5015.92817312433,0.0,0.0,0.0
2025-01-23 19:00:00,0.5617089999999999,28085.449999999993,7310.0,20775.449999999993,0.0,384.73055555555544,0.0,5400.658728679886,0.0,0.0,0.0
2025-01-23 20:00:00,0.563063,28153.149999999998,7310.0,20843.149999999998,0.0,385.9842592592592,0.0,5786.642987939145,0.0,0.0,0.0
2025-01-23 21:00:00,0.532149,26607.45,7310.0,19297.45,0.0,357.3601851851852,0.0,6144.003173124331,0.0,0.0,0.0
2025-01-23 22:00:00,0.500715,25035.75,7310.0,17725.75,0.0,328.2546296296296,0.0,6472.25780275396,0.0,0.0,0.0
2025-01-23 23:00:00,0.547933,27396.65,7310.0,20086.65,0.0,371.975,0.0,6844.232802753961,0.0,0.0,0.0
2025-01-24 00:00:00,0.601215,30060.750000000004,7310.0,22750.750000000004,0.0,421.3101851851853,0.0,7265.542987939146,0.0,0.0,0.0
2025-01-24 01:00:00,0.855795,42789.75,7310.0,25000.0,10479.75,462.962962962963,0.0,7728.505950902108,0.0,0.0,0.0
2025-01-24 02:00:00,0.9477559999999999,47387.799999999996,7310.0,25000.0,15077.799999999996,462.962962962963,0.0,8191.468913865071,0.0,0.0,0.0
2025-01-24 03:00:00,0.9712329999999999,48561.649999999994,7310.0,25000.0,16251.649999999994,462.962962962963,0.0,8654.431876828034,0.0,0.0,0.0
2025-01-24 04:00:00,0.985634,49281.7,7310.0,25000.0,16971.699999999997,462.962962962963,0.0,9117.394839790997,0.0,0.0,0.0
2025-01-24 05:00:00,0.991009,49550.450000000004,7310.0,25000.0,17240.450000000004,462.962962962963,0.0,9580.35780275396,0.0,0.0,0.0
2025-01-24 06:00:00,0.991343,49567.15,7310.0,22660.678651286125,19596.471348713876,419.64219724603936,0.0,10000.0,0.0,0.0,0.0
2025-01-24 07:00:00,0.9856240000000001,49281.200000000004,7310.0,0.0,41971.200000000004,0.0,0.0,10000.0,0.0,0.0,0.0
2025-01-24 08:00:00,0.958809,47940.450000000004,7310.0,0.0,40630.450000000004,0.0,0.0,10000.0,0.0,0.0,0.0
2025-01-24 09:00:00,0.923765,46188.25,7310.0,0.0,38878.25,0.0,0.0,10000.0,0.0,0.0,0.0
2025-01-24 10:00:00,0.920335,46016.75,7310.0,0.0,38706.75,0.0,0.0,10000.0,0.0,0.0,0.0
2025-01-24 11:00:00,0.917428,45871.4,7310.0,0.0,38561.4,0.0,0.0,10000.0,0.0,0.0,0.0
2025-01-24 12:00:00,0.9212079999999999,46060.399999999994,7310.0,0.0,38750.399999999994,0.0,0.0,10000.0,0.0,0.0,0.0
2025-01-24 13:00:00,0.907046,45352.3,7310.0,0.0,38042.3,0.0,0.0,10000.0,0.0,0.0,0.0
2025-01-24 14:00:00,0.8558060000000001,42790.3,7310.0,0.0,35480.3,0.0,0.0,10000.0,0.0,0.0,0.0
2025-01-24 15:00:00,0.7778619999999999,38893.1,7310.0,0.0,31583.1,0.0,0.0,10000.0,0.0,0.0,0.0
2025-01-24 16:00:00,0.655049,32752.45,7310.0,0.0,25442.45,0.0,0.0,10000.0,0.0,0.0,0.0
2025-01-24 17:00:00,0.513633,25681.65,7310.0,0.0,18371.65,0.0,0.0,10000.0,0.0,0.0,0.0
2025-01-24 18:00:00,0.48227499999999995,24113.749999999996,7310.0,0.0,16803.749999999996,0.0,0.0,10000.0,0.0,0.0,0.0
2025-01-24 19:00:00,0.473404,23670.2,7310.0,0.0,16360.2,0.0,0.0,10000.0,0.0,0.0,0.0
2025-01-24 20:00:00,0.475952,23797.6,7310.0,0.0,16487.6,0.0,0.0,10000.0,0.0,0.0,0.0
2025-01-24 21:00:00,0.485058,24252.899999999998,7310.0,0.0,16942.899999999998,0.0,0.0,10000.0,0.0,0.0,0.0
2025-01-24 22:00:00,0.491101,24555.05,7310.0,0.0,17245.05,0.0,0.0,10000.0,0.0,0.0,0.0
2025-01-24 23:00:00,0.44152199999999997,22076.1,7310.0,0.0,14766.099999999999,0.0,0.0,10000.0,0.0,0.0,0.0
2025-01-25 00:00:00,0.34677199999999997,17338.6,7310.0,0.0,10028.599999999999,0.0,0.0,10000.0,0.0,0.0,0.0
2025-01-25 01:00:00,0.251139,12556.95,7310.0,0.0,5246.950000000001,0.0,0.0,10000.0,0.0,0.0,0.0
2025-01-25 02:00:00,0.183274,9163.699999999999,7310.0,0.0,1853.699999999999,0.0,0.0,10000.0,0.0,0.0,0.0
2025-01-25 03:00:00,0.172026,8601.300000000001,7310.0,0.0,1291.300000000001,0.0,0.0,10000.0,0.0,0.0,0.0
2025-01-25 04:00:00,0.155351,7767.549999999999,7310.0,0.0,457.5499999999993,0.0,0.0,10000.0,0.0,0.0,0.0
2025-01-25 05:00:00,0.193177,9658.849999999999,7310.0,0.0,2348.8499999999985,0.0,0.0,10000.0,0.0,0.0,0.0
2025-01-25 06:00:00,0.254881,12744.050000000001,7310.0,0.0,5434.050000000001,0.0,0.0,10000.0,0.0,0.0,0.0
2025-01-25 07:00:00,0.22732,11366.0,7310.0,0.0,4056.0,0.0,0.0,10000.0,0.0,0.0,0.0
2025-01-25 08:00:00,0.23847300000000002,11923.650000000001,7310.0,0.0,4613.6500000000015,0.0,0.0,10000.0,0.0,0.0,0.0
2025-01-25 09:00:00,0.219696,10984.8,7310.0,0.0,3674.7999999999993,0.0,0.0,10000.0,0.0,0.0,0.0
2025-01-25 10:00:00,0.245261,12263.050000000001,7310.0,0.0,4953.050000000001,0.0,0.0,10000.0,0.0,0.0,0.0
2025-01-25 11:00:00,0.295601,14780.05,7310.0,0.0,7470.049999999999,0.0,0.0,10000.0,0.0,0.0,0.0
2025-01-25 12:00:00,0.24299199999999999,12149.599999999999,7310.0,0.0,4839.5999999999985,0.0,0.0,10000.0,0.0,0.0,0.0
2025-01-25 13:00:00,0.171647,8582.35,7310.0,0.0,1272.3500000000004,0.0,0.0,10000.0,0.0,0.0,0.0
2025-01-25 14:00:00,0.096854,4842.7,4842.7,0.0,0.0,0.0,155.84505819002956,9844.154941809971,2467.3,0.0,0.0
2025-01-25 15:00:00,0.058188000000000004,2909.4,2909.4,0.0,0.0,0.0,277.9604276217096,9566.194514188262,4400.6,0.0,0.0
2025-01-25 16:00:00,0.083386,4169.3,4169.3,0.0,0.0,0.0,198.37983798379838,9367.814676204463,3140.7,0.0,0.0
2025-01-25 17:00:00,0.121335,6066.75,6066.75,0.0,0.0,0.0,78.52890552213117,9289.285770682332,1243.25,0.0,0.0
2025-01-25 18:00:00,0.141193,7059.650000000001,7059.650000000001,0.0,0.0,0.0,15.813160263394728,9273.472610418938,250.34999999999945,0.0,0.0
2025-01-25 19:00:00,0.149581,7479.049999999999,7310.0,169.04999999999927,0.0,3.130555555555542,0.0,9276.603165974493,0.0,0.0,0.0
2025-01-25 20:00:00,0.154561,7728.05,7310.0,418.0500000000002,0.0,7.74166666666667,0.0,9284.34483264116,0.0,0.0,0.0
2025-01-25 21:00:00,0.179447,8972.35,7310.0,1662.3500000000004,0.0,30.784259259259265,0.0,9315.129091900419,0.0,0.0,0.0
2025-01-25 22:00:00,0.23791800000000002,11895.900000000001,7310.0,4585.9000000000015,0.0,84.9240740740741,0.0,9400.053165974492,0.0,0.0,0.0
2025-01-25 23:00:00,0.31035199999999996,15517.599999999999,7310.0,8207.599999999999,0.0,151.99259259259256,0.0,9552.045758567085,0.0,0.0,0.0
2025-01-26 00:00:00,0.379224,18961.2,7310.0,11651.2,0.0,215.76296296296297,0.0,9767.808721530047,0.0,0.0,0.0
2025-01-26 01:00:00,0.430258,21512.899999999998,7310.0,12538.329037377436,1664.5709626225616,232.19127846995252,0.0,10000.0,0.0,0.0,0.0
2025-01-26 02:00:00,0.484643,24232.149999999998,7310.0,0.0,16922.149999999998,0.0,0.0,10000.0,0.0,0.0,0.0
2025-01-26 03:00:00,0.5564410000000001,27822.050000000003,7310.0,0.0,20512.050000000003,0.0,0.0,10000.0,0.0,0.0,0.0
2025-01-26 04:00:00,0.604365,30218.250000000004,7310.0,0.0,22908.250000000004,0.0,0.0,10000.0,0.0,0.0,0.0
2025-01-26 05:00:00,0.619039,30951.95,7310.0,0.0,23641.95,0.0,0.0,10000.0,0.0,0.0,0.0
2025-01-26 06:00:00,0.605799,30289.949999999997,7310.0,0.0,22979.949999999997,0.0,0.0,10000.0,0.0,0.0,0.0
2025-01-26 07:00:00,0.6127910000000001,30639.550000000003,7310.0,0.0,23329.550000000003,0.0,0.0,10000.0,0.0,0.0,0.0
2025-01-26 08:00:00,0.653683,32684.15,7310.0,0.0,25374.15,0.0,0.0,10000.0,0.0,0.0,0.0
2025-01-26 09:00:00,0.727356,36367.8,7310.0,0.0,29057.800000000003,0.0,0.0,10000.0,0.0,0.0,0.0
2025-01-26 10:00:00,0.812428,40621.4,7310.0,0.0,33311.4,0.0,0.0,10000.0,0.0,0.0,0.0
2025-01-26 11:00:00,0.888154,44407.7,7310.0,0.0,37097.7,0.0,0.0,10000.0,0.0,0.0,0.0
2025-01-26 12:00:00,0.943991,47199.55,7310.0,0.0,39889.55,0.0,0.0,10000.0,0.0,0.0,0.0
2025-01-26 13:00:00,0.966767,48338.35,7310.0,0.0,41028.35,0.0,0.0,10000.0,0.0,0.0,0.0
2025-01-26 14:00:00,0.967201,48360.049999999996,7310.0,0.0,41050.049999999996,0.0,0.0,10000.0,0.0,0.0,0.0
2025-01-26 15:00:00,0.9472999999999999,47364.99999999999,7310.0,0.0,40054.99999999999,0.0,0.0,10000.0,0.0,0.0,0.0
2025-01-26 16:00:00,0.8906580000000001,44532.9,7310.0,0.0,37222.9,0.0,0.0,10000.0,0.0,0.0,0.0
2025-01-26 17:00:00,0.814265,40713.25,7310.0,0.0,33403.25,0.0,0.0,10000.0,0.0,0.0,0.0
2025-01-26 18:00:00,0.792339,39616.950000000004,7310.0,0.0,32306.950000000004,0.0,0.0,10000.0,0.0,0.0,0.0
2025-01-26 19:00:00,0.808016,40400.799999999996,7310.0,0.0,33090.799999999996,0.0,0.0,10000.0,0.0,0.0,0.0
2025-01-26 20:00:00,0.8188139999999999,40940.7,7310.0,0.0,33630.7,0.0,0.0,10000.0,0.0,0.0,0.0
2025-01-26 21:00:00,0.7846369999999999,39231.85,7310.0,0.0,31921.85,0.0,0.0,10000.0,0.0,0.0,0.0
2025-01-26 22:00:00,0.793099,39654.95,7310.0,0.0,32344.949999999997,0.0,0.0,10000.0,0.0,0.0,0.0
2025-01-26 23:00:00,0.7557630000000001,37788.15,7310.0,0.0,30478.15,0.0,0.0,10000.0,0.0,0.0,0.0
2025-01-27 00:00:00,0.653057,32652.85,7310.0,0.0,25342.85,0.0,0.0,10000.0,0.0,0.0,0.0
2025-01-27 01:00:00,0.57089,28544.5,7310.0,0.0,21234.5,0.0,0.0,10000.0,0.0,0.0,0.0
2025-01-27 02:00:00,0.494896,24744.8,7310.0,0.0,17434.8,0.0,0.0,10000.0,0.0,0.0,0.0
2025-01-27 03:00:00,0.592016,29600.8,7310.0,0.0,22290.8,0.0,0.0,10000.0,0.0,0.0,0.0
2025-01-27 04:00:00,0.749875,37493.75,7310.0,0.0,30183.75,0.0,0.0,10000.0,0.0,0.0,0.0
2025-01-27 05:00:00,0.7853559999999999,39267.799999999996,7310.0,0.0,31957.799999999996,0.0,0.0,10000.0,0.0,0.0,0.0
2025-01-27 06:00:00,0.8295399999999999,41477.0,7310.0,0.0,34167.0,0.0,0.0,10000.0,0.0,0.0,0.0
2025-01-27 07:00:00,0.8660950000000001,43304.75,7310.0,0.0,35994.75,0.0,0.0,10000.0,0.0,0.0,0.0
2025-01-27 08:00:00,0.8971910000000001,44859.55,7310.0,0.0,37549.55,0.0,0.0,10000.0,0.0,0.0,0.0
2025-01-27 09:00:00,0.927221,46361.049999999996,7310.0,0.0,39051.049999999996,0.0,0.0,10000.0,0.0,0.0,0.0
2025-01-27 10:00:00,0.941667,47083.35,7310.0,0.0,39773.35,0.0,0.0,10000.0,0.0,0.0,0.0
2025-01-27 11:00:00,0.949336,47466.799999999996,7310.0,0.0,40156.799999999996,0.0,0.0,10000.0,0.0,0.0,0.0
2025-01-27 12:00:00,0.948014,47400.700000000004,7310.0,0.0,40090.700000000004,0.0,0.0,10000.0,0.0,0.0,0.0
2025-01-27 13:00:00,0.9358110000000001,46790.55,7310.0,0.0,39480.55,0.0,0.0,10000.0,0.0,0.0,0.0
2025-01-27 14:00:00,0.9143830000000001,45719.15,7310.0,0.0,38409.15,0.0,0.0,10000.0,0.0,0.0,0.0
2025-01-27 15:00:00,0.9065489999999999,45327.45,7310.0,0.0,38017.45,0.0,0.0,10000.0,0.0,0.0,0.0
2025-01-27 16:00:00,0.909719,45485.950000000004,7310.0,0.0,38175.950000000004,0.0,0.0,10000.0,0.0,0.0,0.0
2025-01-27 17:00:00,0.898642,44932.100000000006,7310.0,0.0,37622.100000000006,0.0,0.0,10000.0,0.0,0.0,0.0
2025-01-27 18:00:00,0.89603,44801.5,7310.0,0.0,37491.5,0.0,0.0,10000.0,0.0,0.0,0.0
2025-01-27 19:00:00,0.906284,45314.2,7310.0,0.0,38004.2,0.0,0.0,10000.0,0.0,0.0,0.0
2025-01-27 20:00:00,0.919708,45985.4,7310.0,0.0,38675.4,0.0,0.0,10000.0,0.0,0.0,0.0
2025-01-27 21:00:00,0.9364560000000001,46822.8,7310.0,0.0,39512.8,0.0,0.0,10000.0,0.0,0.0,0.0
2025-01-27 22:00:00,0.945483,47274.15,7310.0,0.0,39964.15,0.0,0.0,10000.0,0.0,0.0,0.0
2025-01-27 23:00:00,0.950553,47527.65,7310.0,0.0,40217.65,0.0,0.0,10000.0,0.0,0.0,0.0
2025-01-28 00:00:00,0.947013,47350.65,7310.0,0.0,40040.65,0.0,0.0,10000.0,0.0,0.0,0.0
2025-01-28 01:00:00,0.929148,46457.4,7310.0,0.0,39147.4,0.0,0.0,10000.0,0.0,0.0,0.0
2025-01-28 02:00:00,0.893606,44680.3,7310.0,0.0,37370.3,0.0,0.0,10000.0,0.0,0.0,0.0
2025-01-28 03:00:00,0.868077,43403.85,7310.0,0.0,36093.85,0.0,0.0,10000.0,0.0,0.0,0.0
2025-01-28 04:00:00,0.845773,42288.65,7310.0,0.0,34978.65,0.0,0.0,10000.0,0.0,0.0,0.0
2025-01-28 05:00:00,0.815671,40783.55,7310.0,0.0,33473.55,0.0,0.0,10000.0,0.0,0.0,0.0
2025-01-28 06:00:00,0.758606,37930.3,7310.0,0.0,30620.300000000003,0.0,0.0,10000.0,0.0,0.0,0.0
2025-01-28 07:00:00,0.722102,36105.1,7310.0,0.0,28795.1,0.0,0.0,10000.0,0.0,0.0,0.0
2025-01-28 08:00:00,0.7076979999999999,35384.899999999994,7310.0,0.0,28074.899999999994,0.0,0.0,10000.0,0.0,0.0,0.0
2025-01-28 09:00:00,0.665592,33279.6,7310.0,0.0,25969.6,0.0,0.0,10000.0,0.0,0.0,0.0
2025-01-28 10:00:00,0.6153139999999999,30765.699999999997,7310.0,0.0,23455.699999999997,0.0,0.0,10000.0,0.0,0.0,0.0
2025-01-28 11:00:00,0.5895370000000001,29476.850000000006,7310.0,0.0,22166.850000000006,0.0,0.0,10000.0,0.0,0.0,0.0
2025-01-28 12:00:00,0.568452,28422.6,7310.0,0.0,21112.6,0.0,0.0,10000.0,0.0,0.0,0.0
2025-01-28 13:00:00,0.478394,23919.7,7310.0,0.0,16609.7,0.0,0.0,10000.0,0.0,0.0,0.0
2025-01-28 14:00:00,0.484223,24211.15,7310.0,0.0,16901.15,0.0,0.0,10000.0,0.0,0.0,0.0
2025-01-28 15:00:00,0.574767,28738.350000000002,7310.0,0.0,21428.350000000002,0.0,0.0,10000.0,0.0,0.0,0.0
2025-01-28 16:00:00,0.650221,32511.050000000003,7310.0,0.0,25201.050000000003,0.0,0.0,10000.0,0.0,0.0,0.0
2025-01-28 17:00:00,0.682203,34110.15,7310.0,0.0,26800.15,0.0,0.0,10000.0,0.0,0.0,0.0
2025-01-28 18:00:00,0.6956789999999999,34783.95,7310.0,0.0,27473.949999999997,0.0,0.0,10000.0,0.0,0.0,0.0
2025-01-28 19:00:00,0.698313,34915.65,7310.0,0.0,27605.65,0.0,0.0,10000.0,0.0,0.0,0.0
2025-01-28 20:00:00,0.6828289999999999,34141.45,7310.0,0.0,26831.449999999997,0.0,0.0,10000.0,0.0,0.0,0.0
2025-01-28 21:00:00,0.632938,31646.9,7310.0,0.0,24336.9,0.0,0.0,10000.0,0.0,0.0,0.0
2025-01-28 22:00:00,0.607776,30388.8,7310.0,0.0,23078.8,0.0,0.0,10000.0,0.0,0.0,0.0
2025-01-28 23:00:00,0.571111,28555.550000000003,7310.0,0.0,21245.550000000003,0.0,0.0,10000.0,0.0,0.0,0.0
2025-01-29 00:00:00,0.537574,26878.7,7310.0,0.0,19568.7,0.0,0.0,10000.0,0.0,0.0,0.0
2025-01-29 01:00:00,0.522638,26131.9,7310.0,0.0,18821.9,0.0,0.0,10000.0,0.0,0.0,0.0
2025-01-29 02:00:00,0.5323239999999999,26616.199999999997,7310.0,0.0,19306.199999999997,0.0,0.0,10000.0,0.0,0.0,0.0
2025-01-29 03:00:00,0.46656400000000003,23328.2,7310.0,0.0,16018.2,0.0,0.0,10000.0,0.0,0.0,0.0
2025-01-29 04:00:00,0.377408,18870.4,7310.0,0.0,11560.400000000001,0.0,0.0,10000.0,0.0,0.0,0.0
2025-01-29 05:00:00,0.343211,17160.55,7310.0,0.0,9850.55,0.0,0.0,10000.0,0.0,0.0,0.0
2025-01-29 06:00:00,0.310774,15538.699999999999,7310.0,0.0,8228.699999999999,0.0,0.0,10000.0,0.0,0.0,0.0
2025-01-29 07:00:00,0.255533,12776.65,7310.0,0.0,5466.65,0.0,0.0,10000.0,0.0,0.0,0.0
2025-01-29 08:00:00,0.19947,9973.5,7310.0,0.0,2663.5,0.0,0.0,10000.0,0.0,0.0,0.0
2025-01-29 09:00:00,0.133017,6650.849999999999,6650.849999999999,0.0,0.0,0.0,41.63468978476799,9958.365310215231,659.1500000000005,0.0,0.0
2025-01-29 10:00:00,0.090152,4507.599999999999,4507.599999999999,0.0,0.0,0.0,177.01138534906127,9781.35392486617,2802.4000000000005,0.0,0.0
2025-01-29 11:00:00,0.04857,2428.5,2428.5,0.0,0.0,0.0,308.3360967675715,9473.017828098598,4881.5,0.0,0.0
2025-01-29 12:00:00,0.026498999999999998,1324.9499999999998,1324.9499999999998,0.0,0.0,0.0,378.040961990936,9094.976866107663,5985.05,0.0,0.0
2025-01-29 13:00:00,0.028280999999999997,1414.05,1414.05,0.0,0.0,0.0,372.4130307767619,8722.5638353309,5895.95,0.0,0.0
2025-01-29 14:00:00,0.053855,2692.75,2692.75,0.0,0.0,0.0,291.64495396908114,8430.91888136182,4617.25,0.0,0.0
2025-01-29 15:00:00,0.098819,4940.95,4940.95,0.0,0.0,0.0,149.6391744437602,8281.27970691806,2369.05,0.0,0.0
2025-01-29 16:00:00,0.14832499999999998,7416.249999999999,7310.0,106.24999999999909,0.0,1.9675925925925757,0.0,8283.247299510653,0.0,0.0,0.0
2025-01-29 17:00:00,0.19919599999999998,9959.8,7310.0,2649.7999999999993,0.0,49.070370370370355,0.0,8332.317669881024,0.0,0.0,0.0
2025-01-29 18:00:00,0.260581,13029.050000000001,7310.0,5719.050000000001,0.0,105.90833333333336,0.0,8438.226003214357,0.0,0.0,0.0
2025-01-29 19:00:00,0.321473,16073.65,7310.0,8763.65,0.0,162.2898148148148,0.0,8600.515818029171,0.0,0.0,0.0
2025-01-29 20:00:00,0.361593,18079.65,7310.0,10769.650000000001,0.0,199.43796296296298,0.0,8799.953780992135,0.0,0.0,0.0
2025-01-29 21:00:00,0.382828,19141.4,7310.0,11831.400000000001,0.0,219.10000000000002,0.0,9019.053780992135,0.0,0.0,0.0
2025-01-29 22:00:00,0.378393,18919.649999999998,7310.0,11609.649999999998,0.0,214.99351851851847,0.0,9234.047299510654,0.0,0.0,0.0
2025-01-29 23:00:00,0.403565,20178.25,7310.0,12868.25,0.0,238.30092592592592,0.0,9472.348225436579,0.0,0.0,0.0
2025-01-30 00:00:00,0.42502999999999996,21251.499999999996,7310.0,13941.499999999996,0.0,258.17592592592587,0.0,9730.524151362504,0.0,0.0,0.0
2025-01-30 01:00:00,0.422317,21115.85,7310.0,13805.849999999999,0.0,255.66388888888886,0.0,9986.188040251393,0.0,0.0,0.0
2025-01-30 02:00:00,0.42232,21116.0,7310.0,745.8458264248038,13060.154173575196,13.811959748607478,0.0,10000.0,0.0,0.0,0.0
2025-01-30 03:00:00,0.393167,19658.35,7310.0,0.0,12348.349999999999,0.0,0.0,10000.0,0.0,0.0,0.0
2025-01-30 04:00:00,0.391032,19551.6,7310.0,0.0,12241.599999999999,0.0,0.0,10000.0,0.0,0.0,0.0
2025-01-30 05:00:00,0.386673,19333.649999999998,7310.0,0.0,12023.649999999998,0.0,0.0,10000.0,0.0,0.0,0.0
2025-01-30 06:00:00,0.366904,18345.2,7310.0,0.0,11035.2,0.0,0.0,10000.0,0.0,0.0,0.0
2025-01-30 07:00:00,0.326635,16331.75,7310.0,0.0,9021.75,0.0,0.0,10000.0,0.0,0.0,0.0
2025-01-30 08:00:00,0.325192,16259.599999999999,7310.0,0.0,8949.599999999999,0.0,0.0,10000.0,0.0,0.0,0.0
2025-01-30 09:00:00,0.26762400000000003,13381.2,7310.0,0.0,6071.200000000001,0.0,0.0,10000.0,0.0,0.0,0.0
2025-01-30 10:00:00,0.283231,14161.550000000001,7310.0,0.0,6851.550000000001,0.0,0.0,10000.0,0.0,0.0,0.0
2025-01-30 11:00:00,0.33158800000000005,16579.4,7310.0,0.0,9269.400000000001,0.0,0.0,10000.0,0.0,0.0,0.0
2025-01-30 12:00:00,0.336758,16837.9,7310.0,0.0,9527.900000000001,0.0,0.0,10000.0,0.0,0.0,0.0
2025-01-30 13:00:00,0.315191,15759.55,7310.0,0.0,8449.55,0.0,0.0,10000.0,0.0,0.0,0.0
2025-01-30 14:00:00,0.29995499999999997,14997.749999999998,7310.0,0.0,7687.749999999998,0.0,0.0,10000.0,0.0,0.0,0.0
2025-01-30 15:00:00,0.296356,14817.800000000001,7310.0,0.0,7507.800000000001,0.0,0.0,10000.0,0.0,0.0,0.0
2025-01-30 16:00:00,0.32259699999999997,16129.849999999999,7310.0,0.0,8819.849999999999,0.0,0.0,10000.0,0.0,0.0,0.0
2025-01-30 17:00:00,0.30245299999999997,15122.649999999998,7310.0,0.0,7812.649999999998,0.0,0.0,10000.0,0.0,0.0,0.0
2025-01-30 18:00:00,0.293967,14698.349999999999,7310.0,0.0,7388.3499999999985,0.0,0.0,10000.0,0.0,0.0,0.0
2025-01-30 19:00:00,0.32005700000000004,16002.850000000002,7310.0,0.0,8692.850000000002,0.0,0.0,10000.0,0.0,0.0,0.0
2025-01-30 20:00:00,0.343209,17160.45,7310.0,0.0,9850.45,0.0,0.0,10000.0,0.0,0.0,0.0
2025-01-30 21:00:00,0.355704,17785.2,7310.0,0.0,10475.2,0.0,0.0,10000.0,0.0,0.0,0.0
2025-01-30 22:00:00,0.358105,17905.25,7310.0,0.0,10595.25,0.0,0.0,10000.0,0.0,0.0,0.0
2025-01-30 23:00:00,0.325177,16258.85,7310.0,0.0,8948.85,0.0,0.0,10000.0,0.0,0.0,0.0
2025-01-31 00:00:00,0.27849799999999997,13924.899999999998,7310.0,0.0,6614.899999999998,0.0,0.0,10000.0,0.0,0.0,0.0
2025-01-31 01:00:00,0.26604,13302.0,7310.0,0.0,5992.0,0.0,0.0,10000.0,0.0,0.0,0.0
2025-01-31 02:00:00,0.29462299999999997,14731.149999999998,7310.0,0.0,7421.149999999998,0.0,0.0,10000.0,0.0,0.0,0.0
2025-01-31 03:00:00,0.357505,17875.25,7310.0,0.0,10565.25,0.0,0.0,10000.0,0.0,0.0,0.0
2025-01-31 04:00:00,0.41274299999999997,20637.149999999998,7310.0,0.0,13327.149999999998,0.0,0.0,10000.0,0.0,0.0,0.0
2025-01-31 05:00:00,0.487253,24362.649999999998,7310.0,0.0,17052.649999999998,0.0,0.0,10000.0,0.0,0.0,0.0
2025-01-31 06:00:00,0.49231,24615.5,7310.0,0.0,17305.5,0.0,0.0,10000.0,0.0,0.0,0.0
2025-01-31 07:00:00,0.379801,18990.05,7310.0,0.0,11680.05,0.0,0.0,10000.0,0.0,0.0,0.0
2025-01-31 08:00:00,0.264073,13203.65,7310.0,0.0,5893.65,0.0,0.0,10000.0,0.0,0.0,0.0
2025-01-31 09:00:00,0.207119,10355.95,7310.0,0.0,3045.9500000000007,0.0,0.0,10000.0,0.0,0.0,0.0
2025-01-31 10:00:00,0.14880600000000002,7440.300000000001,7310.0,0.0,130.3000000000011,0.0,0.0,10000.0,0.0,0.0,0.0
2025-01-31 11:00:00,0.14399199999999998,7199.599999999999,7199.599999999999,0.0,0.0,0.0,6.973328911838587,9993.02667108816,110.40000000000055,0.0,0.0
2025-01-31 12:00:00,0.139798,6989.900000000001,6989.900000000001,0.0,0.0,0.0,20.218863991662293,9972.807807096498,320.09999999999945,0.0,0.0
2025-01-31 13:00:00,0.117684,5884.2,5884.2,0.0,0.0,0.0,90.0595322690164,9882.748274827482,1425.8000000000002,0.0,0.0
2025-01-31 14:00:00,0.079994,3999.7,3999.7,0.0,0.0,0.0,209.09248819618807,9673.655786631294,3310.3,0.0,0.0
2025-01-31 15:00:00,0.061079,3053.9500000000003,3053.9500000000003,0.0,0.0,0.0,268.8300408988267,9404.825745732467,4256.049999999999,0.0,0.0
2025-01-31 16:00:00,0.057835,2891.75,2891.75,0.0,0.0,0.0,279.0752759486475,9125.75046978382,4418.25,0.0,0.0
2025-01-31 17:00:00,0.054041,2702.0499999999997,2702.0499999999997,0.0,0.0,0.0,291.0575268053122,8834.692942978507,4607.950000000001,0.0,0.0
2025-01-31 18:00:00,0.049470999999999994,2473.5499999999997,2473.5499999999997,0.0,0.0,0.0,305.49054905490556,8529.2023939236,4836.450000000001,0.0,0.0
2025-01-31 19:00:00,0.046307,2315.35,2315.35,0.0,0.0,0.0,315.4831272600944,8213.719266663506,4994.65,0.0,0.0
2025-01-31 20:00:00,0.042205,2110.25,2110.25,0.0,0.0,0.0,328.4381069685916,7885.281159694914,5199.75,0.0,0.0
2025-01-31 21:00:00,0.041733,2086.65,2086.65,0.0,0.0,0.0,329.92878235191944,7555.352377342994,5223.35,0.0,0.0
2025-01-31 22:00:00,0.050119,2505.95,2505.95,0.0,0.0,0.0,303.44402861338773,7251.908348729607,4804.05,0.0,0.0
2025-01-31 23:00:00,0.057983,2899.15,2899.15,0.0,0.0,0.0,278.6078607860787,6973.3004879435275,4410.85,0.0,0.0
2025-02-01 00:00:00,0.059969,2998.4500000000003,2998.4500000000003,0.0,0.0,0.0,272.3356546180934,6700.9648333254345,4311.549999999999,0.0,0.0
2025-02-01 01:00:00,0.06765,3382.5,3382.5,0.0,0.0,0.0,248.07743932287968,6452.887394002555,3927.5,0.0,0.0
2025-02-01 02:00:00,0.080203,4010.1499999999996,4010.1499999999996,0.0,0.0,0.0,208.43242218958744,6244.454971812967,3299.8500000000004,0.0,0.0
2025-02-01 03:00:00,0.096837,4841.85,4841.85,0.0,0.0,0.0,155.8987477695138,6088.556224043454,2468.1499999999996,0.0,0.0
2025-02-01 04:00:00,0.110538,5526.9,5526.9,0.0,0.0,0.0,112.62810491575478,5975.928119127699,1783.1000000000004,0.0,0.0
2025-02-01 05:00:00,0.11771599999999999,5885.799999999999,5885.799999999999,0.0,0.0,0.0,89.9584695311637,5885.9696495965345,1424.2000000000007,0.0,0.0
2025-02-01 06:00:00,0.119674,5983.7,5983.7,0.0,0.0,0.0,83.77469325879959,5802.194956337735,1326.3000000000002,0.0,0.0
2025-02-01 07:00:00,0.130412,6520.6,6520.6,0.0,0.0,0.0,49.86182828809195,5752.333128049643,789.3999999999996,0.0,0.0
2025-02-01 08:00:00,0.130589,6529.450000000001,6529.450000000001,0.0,0.0,0.0,49.302825019344,5703.030303030299,780.5499999999993,0.0,0.0
2025-02-01 09:00:00,0.130609,6530.45,6530.45,0.0,0.0,0.0,49.2396608081861,5653.790642222113,779.5500000000002,0.0,0.0
2025-02-01 10:00:00,0.143994,7199.700000000001,7199.700000000001,0.0,0.0,0.0,6.967012490722712,5646.823629731391,110.29999999999927,0.0,0.0
2025-02-01 11:00:00,0.153661,7683.049999999999,7310.0,373.0499999999993,0.0,6.90833333333332,0.0,5653.731963064724,0.0,0.0,0.0
2025-02-01 12:00:00,0.164128,8206.4,7310.0,896.3999999999996,0.0,16.599999999999994,0.0,5670.331963064725,0.0,0.0,0.0
2025-02-01 13:00:00,0.170471,8523.550000000001,7310.0,1213.550000000001,0.0,22.47314814814817,0.0,5692.805111212873,0.0,0.0,0.0
2025-02-01 14:00:00,0.174766,8738.300000000001,7310.0,1428.300000000001,0.0,26.45000000000002,0.0,5719.255111212873,0.0,0.0,0.0
2025-02-01 15:00:00,0.163245,8162.25,7310.0,852.25,0.0,15.782407407407407,0.0,5735.037518620281,0.0,0.0,0.0
2025-02-01 16:00:00,0.21870799999999999,10935.4,7310.0,3625.3999999999996,0.0,67.13703703703703,0.0,5802.174555657318,0.0,0.0,0.0
2025-02-01 17:00:00,0.288874,14443.7,7310.0,7133.700000000002,-9.094947017729282e-13,132.10555555555558,0.0,5934.280111212874,0.0,0.0,0.0
2025-02-01 18:00:00,0.325955,16297.75,7310.0,8987.75,0.0,166.4398148148148,0.0,6100.719926027688,0.0,0.0,0.0
2025-02-01 19:00:00,0.354993,17749.65,7310.0,10439.650000000001,0.0,193.32685185185187,0.0,6294.04677787954,0.0,0.0,0.0
2025-02-01 20:00:00,0.367959,18397.95,7310.0,11087.95,0.0,205.33240740740743,0.0,6499.379185286947,0.0,0.0,0.0
2025-02-01 21:00:00,0.370061,18503.05,7310.0,11193.05,0.0,207.27870370370368,0.0,6706.6578889906505,0.0,0.0,0.0
2025-02-01 22:00:00,0.357648,17882.4,7310.0,10572.400000000001,0.0,195.7851851851852,0.0,6902.443074175836,0.0,0.0,0.0
2025-02-01 23:00:00,0.32537299999999997,16268.649999999998,7310.0,8958.649999999998,0.0,165.9009259259259,0.0,7068.344000101762,0.0,0.0,0.0
2025-02-02 00:00:00,0.303086,15154.300000000001,7310.0,7844.300000000001,0.0,145.26481481481483,0.0,7213.608814916576,0.0,0.0,0.0
2025-02-02 01:00:00,0.287859,14392.949999999999,7310.0,7082.949999999999,0.0,131.16574074074072,0.0,7344.774555657317,0.0,0.0,0.0
2025-02-02 02:00:00,0.263741,13187.05,7310.0,5877.049999999999,0.0,108.83425925925924,0.0,7453.608814916576,0.0,0.0,0.0
2025-02-02 03:00:00,0.271167,13558.35,7310.0,6248.35,0.0,115.7101851851852,0.0,7569.319000101761,0.0,0.0,0.0
2025-02-02 04:00:00,0.272004,13600.2,7310.0,6290.200000000001,0.0,116.4851851851852,0.0,7685.804185286946,0.0,0.0,0.0
2025-02-02 05:00:00,0.26364499999999996,13182.249999999998,7310.0,5872.249999999998,0.0,108.74537037037034,0.0,7794.549555657317,0.0,0.0,0.0
2025-02-02 06:00:00,0.243012,12150.6,7310.0,4840.6,0.0,89.64074074074075,0.0,7884.190296398057,0.0,0.0,0.0
2025-02-02 07:00:00,0.225303,11265.15,7310.0,3955.1499999999996,0.0,73.24351851851851,0.0,7957.433814916576,0.0,0.0,0.0
2025-02-02 08:00:00,0.203104,10155.2,7310.0,2845.2000000000007,0.0,52.688888888888904,0.0,8010.122703805465,0.0,0.0,0.0
2025-02-02 09:00:00,0.154167,7708.35,7310.0,398.35000000000036,0.0,7.376851851851859,0.0,8017.499555657317,0.0,0.0,0.0
2025-02-02 10:00:00,0.168504,8425.199999999999,7310.0,1115.199999999999,0.0,20.65185185185183,0.0,8038.151407509168,0.0,0.0,0.0
2025-02-02 11:00:00,0.185455,9272.75,7310.0,1962.75,0.0,36.34722222222222,0.0,8074.498629731391,0.0,0.0,0.0
2025-02-02 12:00:00,0.175373,8768.65,7310.0,1458.6499999999996,0.0,27.01203703703703,0.0,8101.510666768428,0.0,0.0,0.0
2025-02-02 13:00:00,0.16982499999999998,8491.249999999998,7310.0,1181.2499999999982,0.0,21.874999999999968,0.0,8123.385666768428,0.0,0.0,0.0
2025-02-02 14:00:00,0.17318199999999997,8659.099999999999,7310.0,1349.0999999999985,0.0,24.983333333333306,0.0,8148.369000101761,0.0,0.0,0.0
2025-02-02 15:00:00,0.174984,8749.2,7310.0,1439.2000000000007,0.0,26.651851851851866,0.0,8175.020851953613,0.0,0.0,0.0
2025-02-02 16:00:00,0.186215,9310.75,7310.0,2000.75,0.0,37.050925925925924,0.0,8212.071777879539,0.0,0.0,0.0
2025-02-02 17:00:00,0.161208,8060.4,7310.0,750.3999999999996,0.0,13.89629629629629,0.0,8225.968074175835,0.0,0.0,0.0
2025-02-02 18:00:00,0.136472,6823.6,6823.6,0.0,0.0,0.0,30.723072307230705,8195.245001868605,486.39999999999964,0.0,0.0
2025-02-02 19:00:00,0.131252,6562.6,6562.6,0.0,0.0,0.0,47.20893141945772,8148.036070449147,747.3999999999996,0.0,0.0
2025-02-02 20:00:00,0.14510499999999998,7255.249999999999,7255.249999999999,0.0,0.0,0.0,3.458240560898253,8144.577829888249,54.75000000000091,0.0,0.0
2025-02-02 21:00:00,0.191719,9585.95,7310.0,2275.9500000000007,0.0,42.14722222222223,0.0,8186.725052110471,0.0,0.0,0.0
2025-02-02 22:00:00,0.254303,12715.15,7310.0,5405.15,0.0,100.09537037037036,0.0,8286.820422480841,0.0,0.0,0.0
2025-02-02 23:00:00,0.28800200000000004,14400.100000000002,7310.0,7090.100000000002,0.0,131.2981481481482,0.0,8418.118570628989,0.0,0.0,0.0
2025-02-03 00:00:00,0.261401,13070.05,7310.0,5760.049999999999,0.0,106.66759259259258,0.0,8524.78616322158,0.0,0.0,0.0
2025-02-03 01:00:00,0.21081999999999998,10540.999999999998,7310.0,3230.999999999998,0.0,59.8333333333333,0.0,8584.619496554915,0.0,0.0,0.0
2025-02-03 02:00:00,0.16422499999999998,8211.25,7310.0,901.2499999999999,1.1368683772161603e-13,16.689814814814813,0.0,8601.30931136973,0.0,0.0,0.0
2025-02-03 03:00:00,0.12731900000000002,6365.950000000001,6365.950000000001,0.0,0.0,0.0,59.63017354367012,8541.67913782606,944.0499999999993,0.0,0.0
2025-02-03 04:00:00,0.112314,5615.7,5615.7,0.0,0.0,0.0,107.0191229649281,8434.660014861132,1694.3000000000002,0.0,0.0
2025-02-03 05:00:00,0.130509,6525.449999999999,6525.449999999999,0.0,0.0,0.0,49.55548186397595,8385.104532997157,784.5500000000011,0.0,0.0
2025-02-03 06:00:00,0.165239,8261.95,7310.0,951.9500000000007,0.0,17.628703703703717,0.0,8402.73323670086,0.0,0.0,0.0
2025-02-03 07:00:00,0.197747,9887.35,7310.0,2577.3500000000004,0.0,47.72870370370371,0.0,8450.461940404564,0.0,0.0,0.0
2025-02-03 08:00:00,0.215474,10773.7,7310.0,3463.7000000000007,0.0,64.1425925925926,0.0,8514.604532997157,0.0,0.0,0.0
2025-02-03 09:00:00,0.23068100000000002,11534.050000000001,7310.0,4224.050000000001,0.0,78.22314814814817,0.0,8592.827681145305,0.0,0.0,0.0
2025-02-03 10:00:00,0.24302600000000002,12151.300000000001,7310.0,4841.300000000001,0.0,89.65370370370373,0.0,8682.481384849008,0.0,0.0,0.0
2025-02-03 11:00:00,0.261423,13071.150000000001,7310.0,5761.1500000000015,0.0,106.68796296296298,0.0,8789.169347811972,0.0,0.0,0.0
2025-02-03 12:00:00,0.293283,14664.150000000001,7310.0,7354.1500000000015,0.0,136.18796296296298,0.0,8925.357310774936,0.0,0.0,0.0
2025-02-03 13:00:00,0.325175,16258.75,7310.0,8948.75,0.0,165.71759259259258,0.0,9091.07490336753,0.0,0.0,0.0
2025-02-03 14:00:00,0.334178,16708.899999999998,7310.0,9398.899999999998,0.0,174.05370370370366,0.0,9265.128607071232,0.0,0.0,0.0
2025-02-03 15:00:00,0.382957,19147.85,7310.0,11837.849999999999,0.0,219.2194444444444,0.0,9484.348051515677,0.0,0.0,0.0
2025-02-03 16:00:00,0.430493,21524.65,7310.0,14214.65,1.8189894035458565e-12,263.23425925925926,0.0,9747.582310774937,0.0,0.0,0.0
2025-02-03 17:00:00,0.431059,21552.95,7310.0,13630.555218153426,612.3947818465749,252.41768922506344,0.0,10000.0,0.0,0.0,0.0
2025-02-03 18:00:00,0.42248,21124.0,7310.0,0.0,13814.0,0.0,0.0,10000.0,0.0,0.0,0.0
2025-02-03 19:00:00,0.42036599999999996,21018.3,7310.0,0.0,13708.3,0.0,0.0,10000.0,0.0,0.0,0.0
2025-02-03 20:00:00,0.39507400000000004,19753.7,7310.0,0.0,12443.7,0.0,0.0,10000.0,0.0,0.0,0.0
2025-02-03 21:00:00,0.38833,19416.5,7310.0,0.0,12106.5,0.0,0.0,10000.0,0.0,0.0,0.0
2025-02-03 22:00:00,0.370194,18509.7,7310.0,0.0,11199.7,0.0,0.0,10000.0,0.0,0.0,0.0
2025-02-03 23:00:00,0.370302,18515.100000000002,7310.0,0.0,11205.100000000002,0.0,0.0,10000.0,0.0,0.0,0.0
2025-02-04 00:00:00,0.395079,19753.95,7310.0,0.0,12443.95,0.0,0.0,10000.0,0.0,0.0,0.0
2025-02-04 01:00:00,0.420075,21003.75,7310.0,0.0,13693.75,0.0,0.0,10000.0,0.0,0.0,0.0
2025-02-04 02:00:00,0.45805799999999997,22902.899999999998,7310.0,0.0,15592.899999999998,0.0,0.0,10000.0,0.0,0.0,0.0
2025-02-04 03:00:00,0.5103179999999999,25515.899999999998,7310.0,0.0,18205.899999999998,0.0,0.0,10000.0,0.0,0.0,0.0
2025-02-04 04:00:00,0.577717,28885.850000000002,7310.0,0.0,21575.850000000002,0.0,0.0,10000.0,0.0,0.0,0.0
2025-02-04 05:00:00,0.666523,33326.15,7310.0,0.0,26016.15,0.0,0.0,10000.0,0.0,0.0,0.0
2025-02-04 06:00:00,0.6924790000000001,34623.950000000004,7310.0,0.0,27313.950000000004,0.0,0.0,10000.0,0.0,0.0,0.0
2025-02-04 07:00:00,0.712082,35604.1,7310.0,0.0,28294.1,0.0,0.0,10000.0,0.0,0.0,0.0
2025-02-04 08:00:00,0.713548,35677.4,7310.0,0.0,28367.4,0.0,0.0,10000.0,0.0,0.0,0.0
2025-02-04 09:00:00,0.7388250000000001,36941.25,7310.0,0.0,29631.25,0.0,0.0,10000.0,0.0,0.0,0.0
2025-02-04 10:00:00,0.798519,39925.95,7310.0,0.0,32615.949999999997,0.0,0.0,10000.0,0.0,0.0,0.0
2025-02-04 11:00:00,0.8388450000000001,41942.25,7310.0,0.0,34632.25,0.0,0.0,10000.0,0.0,0.0,0.0
2025-02-04 12:00:00,0.863118,43155.9,7310.0,0.0,35845.9,0.0,0.0,10000.0,0.0,0.0,0.0
2025-02-04 13:00:00,0.8484579999999999,42422.899999999994,7310.0,0.0,35112.899999999994,0.0,0.0,10000.0,0.0,0.0,0.0
2025-02-04 14:00:00,0.8301470000000001,41507.350000000006,7310.0,0.0,34197.350000000006,0.0,0.0,10000.0,0.0,0.0,0.0
2025-02-04 15:00:00,0.818852,40942.6,7310.0,0.0,33632.6,0.0,0.0,10000.0,0.0,0.0,0.0
2025-02-04 16:00:00,0.7705919999999999,38529.6,7310.0,0.0,31219.6,0.0,0.0,10000.0,0.0,0.0,0.0
2025-02-04 17:00:00,0.668153,33407.65,7310.0,0.0,26097.65,0.0,0.0,10000.0,0.0,0.0,0.0
2025-02-04 18:00:00,0.5697369999999999,28486.85,7310.0,0.0,21176.85,0.0,0.0,10000.0,0.0,0.0,0.0
2025-02-04 19:00:00,0.501203,25060.149999999998,7310.0,0.0,17750.149999999998,0.0,0.0,10000.0,0.0,0.0,0.0
2025-02-04 20:00:00,0.484438,24221.899999999998,7310.0,0.0,16911.899999999998,0.0,0.0,10000.0,0.0,0.0,0.0
2025-02-04 21:00:00,0.45350999999999997,22675.5,7310.0,0.0,15365.5,0.0,0.0,10000.0,0.0,0.0,0.0
2025-02-04 22:00:00,0.405011,20250.55,7310.0,0.0,12940.55,0.0,0.0,10000.0,0.0,0.0,0.0
2025-02-04 23:00:00,0.347543,17377.149999999998,7310.0,0.0,10067.149999999998,0.0,0.0,10000.0,0.0,0.0,0.0
2025-02-05 00:00:00,0.3285,16425.0,7310.0,0.0,9115.0,0.0,0.0,10000.0,0.0,0.0,0.0
2025-02-05 01:00:00,0.28167000000000003,14083.500000000002,7310.0,0.0,6773.500000000002,0.0,0.0,10000.0,0.0,0.0,0.0
2025-02-05 02:00:00,0.26371100000000003,13185.550000000001,7310.0,0.0,5875.550000000001,0.0,0.0,10000.0,0.0,0.0,0.0
2025-02-05 03:00:00,0.247584,12379.2,7310.0,0.0,5069.200000000001,0.0,0.0,10000.0,0.0,0.0,0.0
2025-02-05 04:00:00,0.212489,10624.45,7310.0,0.0,3314.4500000000007,0.0,0.0,10000.0,0.0,0.0,0.0
2025-02-05 05:00:00,0.206258,10312.9,7310.0,0.0,3002.8999999999996,0.0,0.0,10000.0,0.0,0.0,0.0
2025-02-05 06:00:00,0.20630199999999999,10315.099999999999,7310.0,0.0,3005.0999999999985,0.0,0.0,10000.0,0.0,0.0,0.0
2025-02-05 07:00:00,0.192626,9631.3,7310.0,0.0,2321.2999999999993,0.0,0.0,10000.0,0.0,0.0,0.0
2025-02-05 08:00:00,0.163599,8179.95,7310.0,0.0,869.9499999999998,0.0,0.0,10000.0,0.0,0.0,0.0
2025-02-05 09:00:00,0.13959200000000002,6979.600000000001,6979.600000000001,0.0,0.0,0.0,20.86945536658921,9979.13054463341,330.3999999999987,0.0,0.0
2025-02-05 10:00:00,0.138756,6937.799999999999,6937.799999999999,0.0,0.0,0.0,23.50971939299198,9955.620825240418,372.2000000000007,0.0,0.0
2025-02-05 11:00:00,0.157995,7899.75,7310.0,589.75,0.0,10.921296296296296,0.0,9966.542121536713,0.0,0.0,0.0
2025-02-05 12:00:00,0.182867,9143.35,7310.0,1806.725437017485,26.624562982515272,33.45787846328676,0.0,10000.0,0.0,0.0,0.0
2025-02-05 13:00:00,0.166452,8322.599999999999,7310.0,0.0,1012.5999999999985,0.0,0.0,10000.0,0.0,0.0,0.0
2025-02-05 14:00:00,0.125993,6299.65,6299.65,0.0,0.0,0.0,63.8179607434428,9936.182039256557,1010.3500000000004,0.0,0.0
2025-02-05 15:00:00,0.10329300000000001,5164.650000000001,5164.650000000001,0.0,0.0,0.0,135.50934040772498,9800.672698848832,2145.3499999999995,0.0,0.0
2025-02-05 16:00:00,0.11203300000000001,5601.650000000001,5601.650000000001,0.0,0.0,0.0,107.90658013169735,9692.766118717134,1708.3499999999995,0.0,0.0
2025-02-05 17:00:00,0.123597,6179.85,6179.85,0.0,0.0,0.0,71.38503324016611,9621.381085476969,1130.1499999999996,0.0,0.0
2025-02-05 18:00:00,0.14552400000000001,7276.200000000001,7276.200000000001,0.0,0.0,0.0,2.1349503371389313,9619.24613513983,33.79999999999927,0.0,0.0
2025-02-05 19:00:00,0.174399,8719.95,7310.0,1409.9500000000007,0.0,26.1101851851852,0.0,9645.356320325016,0.0,0.0,0.0
2025-02-05 20:00:00,0.207063,10353.15,7310.0,3043.1499999999996,0.0,56.35462962962962,0.0,9701.710949954646,0.0,0.0,0.0
2025-02-05 21:00:00,0.263735,13186.75,7310.0,5876.75,0.0,108.82870370370371,0.0,9810.53965365835,0.0,0.0,0.0
2025-02-05 22:00:00,0.32727300000000004,16363.650000000001,7310.0,9053.650000000001,0.0,167.6601851851852,0.0,9978.199838843535,0.0,0.0,0.0
2025-02-05 23:00:00,0.308738,15436.900000000001,7310.0,1177.208702449112,6949.691297550889,21.800161156465037,0.0,10000.0,0.0,0.0,0.0
2025-02-06 00:00:00,0.232888,11644.400000000001,7310.0,0.0,4334.4000000000015,0.0,0.0,10000.0,0.0,0.0,0.0
2025-02-06 01:00:00,0.18097300000000002,9048.650000000001,7310.0,0.0,1738.6500000000015,0.0,0.0,10000.0,0.0,0.0,0.0
2025-02-06 02:00:00,0.140528,7026.4,7026.4,0.0,0.0,0.0,17.913370284396887,9982.086629715603,283.60000000000036,0.0,0.0
2025-02-06 03:00:00,0.123313,6165.650000000001,6165.650000000001,0.0,0.0,0.0,72.2819650386091,9909.804664676993,1144.3499999999995,0.0,0.0
2025-02-06 04:00:00,0.121145,6057.25,6057.25,0.0,0.0,0.0,79.12896552813177,9830.67569914886,1252.75,0.0,0.0
2025-02-06 05:00:00,0.125233,6261.650000000001,6261.650000000001,0.0,0.0,0.0,66.21820076744514,9764.457498381415,1048.3499999999995,0.0,0.0
2025-02-06 06:00:00,0.126714,6335.7,6335.7,0.0,0.0,0.0,61.540890931198405,9702.916607450215,974.3000000000002,0.0,0.0
2025-02-06 07:00:00,0.13534200000000002,6767.100000000001,6767.100000000001,0.0,0.0,0.0,34.29185023765527,9668.62475721256,542.8999999999987,0.0,0.0
2025-02-06 08:00:00,0.135948,6797.400000000001,6797.400000000001,0.0,0.0,0.0,32.37797463956919,9636.246782572991,512.5999999999995,0.0,0.0
2025-02-06 09:00:00,0.157296,7864.799999999999,7310.0,554.7999999999993,0.0,10.274074074074061,0.0,9646.520856647065,0.0,0.0,0.0
2025-02-06 10:00:00,0.199546,9977.3,7310.0,2667.2999999999993,0.0,49.39444444444443,0.0,9695.915301091509,0.0,0.0,0.0
2025-02-06 11:00:00,0.261986,13099.3,7310.0,5789.299999999999,0.0,107.20925925925924,0.0,9803.124560350769,0.0,0.0,0.0
2025-02-06 12:00:00,0.338476,16923.8,7310.0,9613.8,0.0,178.03333333333333,0.0,9981.157893684102,0.0,0.0,0.0
2025-02-06 13:00:00,0.410024,20501.2,7310.0,1017.4737410585185,12173.726258941482,18.84210631589849,0.0,10000.0,0.0,0.0,0.0
2025-02-06 14:00:00,0.46701600000000004,23350.800000000003,7310.0,0.0,16040.800000000003,0.0,0.0,10000.0,0.0,0.0,0.0
2025-02-06 15:00:00,0.459418,22970.9,7310.0,0.0,15660.900000000001,0.0,0.0,10000.0,0.0,0.0,0.0
2025-02-06 16:00:00,0.523857,26192.850000000002,7310.0,0.0,18882.850000000002,0.0,0.0,10000.0,0.0,0.0,0.0
2025-02-06 17:00:00,0.561404,28070.2,7310.0,0.0,20760.2,0.0,0.0,10000.0,0.0,0.0,0.0
2025-02-06 18:00:00,0.561995,28099.75,7310.0,0.0,20789.75,0.0,0.0,10000.0,0.0,0.0,0.0
2025-02-06 19:00:00,0.544336,27216.800000000003,7310.0,0.0,19906.800000000003,0.0,0.0,10000.0,0.0,0.0,0.0
2025-02-06 20:00:00,0.556443,27822.15,7310.0,0.0,20512.15,0.0,0.0,10000.0,0.0,0.0,0.0
2025-02-06 21:00:00,0.576935,28846.75,7310.0,0.0,21536.75,0.0,0.0,10000.0,0.0,0.0,0.0
2025-02-06 22:00:00,0.58733,29366.5,7310.0,0.0,22056.5,0.0,0.0,10000.0,0.0,0.0,0.0
2025-02-06 23:00:00,0.5747559999999999,28737.799999999996,7310.0,0.0,21427.799999999996,0.0,0.0,10000.0,0.0,0.0,0.0
2025-02-07 00:00:00,0.578857,28942.85,7310.0,0.0,21632.85,0.0,0.0,10000.0,0.0,0.0,0.0
2025-02-07 01:00:00,0.5803529999999999,29017.649999999994,7310.0,0.0,21707.649999999994,0.0,0.0,10000.0,0.0,0.0,0.0
2025-02-07 02:00:00,0.6042150000000001,30210.750000000004,7310.0,0.0,22900.750000000004,0.0,0.0,10000.0,0.0,0.0,0.0
2025-02-07 03:00:00,0.620925,31046.249999999996,7310.0,0.0,23736.249999999996,0.0,0.0,10000.0,0.0,0.0,0.0
2025-02-07 04:00:00,0.6364339999999999,31821.699999999997,7310.0,0.0,24511.699999999997,0.0,0.0,10000.0,0.0,0.0,0.0
2025-02-07 05:00:00,0.688879,34443.950000000004,7310.0,0.0,27133.950000000004,0.0,0.0,10000.0,0.0,0.0,0.0
2025-02-07 06:00:00,0.737128,36856.4,7310.0,0.0,29546.4,0.0,0.0,10000.0,0.0,0.0,0.0
2025-02-07 07:00:00,0.740765,37038.25,7310.0,0.0,29728.25,0.0,0.0,10000.0,0.0,0.0,0.0
2025-02-07 08:00:00,0.720438,36021.9,7310.0,0.0,28711.9,0.0,0.0,10000.0,0.0,0.0,0.0
2025-02-07 09:00:00,0.743904,37195.2,7310.0,0.0,29885.199999999997,0.0,0.0,10000.0,0.0,0.0,0.0
2025-02-07 10:00:00,0.7789969999999999,38949.85,7310.0,0.0,31639.85,0.0,0.0,10000.0,0.0,0.0,0.0
2025-02-07 11:00:00,0.786088,39304.4,7310.0,0.0,31994.4,0.0,0.0,10000.0,0.0,0.0,0.0
2025-02-07 12:00:00,0.798543,39927.15,7310.0,0.0,32617.15,0.0,0.0,10000.0,0.0,0.0,0.0
2025-02-07 13:00:00,0.75652,37826.0,7310.0,0.0,30516.0,0.0,0.0,10000.0,0.0,0.0,0.0
2025-02-07 14:00:00,0.697802,34890.1,7310.0,0.0,27580.1,0.0,0.0,10000.0,0.0,0.0,0.0
2025-02-07 15:00:00,0.6972569999999999,34862.85,7310.0,0.0,27552.85,0.0,0.0,10000.0,0.0,0.0,0.0
2025-02-07 16:00:00,0.6924819999999999,34624.1,7310.0,0.0,27314.1,0.0,0.0,10000.0,0.0,0.0,0.0
2025-02-07 17:00:00,0.658273,32913.65,7310.0,0.0,25603.65,0.0,0.0,10000.0,0.0,0.0,0.0
2025-02-07 18:00:00,0.629743,31487.15,7310.0,0.0,24177.15,0.0,0.0,10000.0,0.0,0.0,0.0
2025-02-07 19:00:00,0.597862,29893.1,7310.0,0.0,22583.1,0.0,0.0,10000.0,0.0,0.0,0.0
2025-02-07 20:00:00,0.550662,27533.1,7310.0,0.0,20223.1,0.0,0.0,10000.0,0.0,0.0,0.0
2025-02-07 21:00:00,0.49945,24972.5,7310.0,0.0,17662.5,0.0,0.0,10000.0,0.0,0.0,0.0
2025-02-07 22:00:00,0.45391000000000004,22695.5,7310.0,0.0,15385.5,0.0,0.0,10000.0,0.0,0.0,0.0
2025-02-07 23:00:00,0.445909,22295.45,7310.0,0.0,14985.45,0.0,0.0,10000.0,0.0,0.0,0.0
2025-02-08 00:00:00,0.438308,21915.399999999998,7310.0,0.0,14605.399999999998,0.0,0.0,10000.0,0.0,0.0,0.0
2025-02-08 01:00:00,0.46034800000000003,23017.4,7310.0,0.0,15707.400000000001,0.0,0.0,10000.0,0.0,0.0,0.0
2025-02-08 02:00:00,0.45017599999999997,22508.8,7310.0,0.0,15198.8,0.0,0.0,10000.0,0.0,0.0,0.0
2025-02-08 03:00:00,0.433625,21681.25,7310.0,0.0,14371.25,0.0,0.0,10000.0,0.0,0.0,0.0
2025-02-08 04:00:00,0.412728,20636.399999999998,7310.0,0.0,13326.399999999998,0.0,0.0,10000.0,0.0,0.0,0.0
2025-02-08 05:00:00,0.396026,19801.3,7310.0,0.0,12491.3,0.0,0.0,10000.0,0.0,0.0,0.0
2025-02-08 06:00:00,0.37771699999999997,18885.85,7310.0,0.0,11575.849999999999,0.0,0.0,10000.0,0.0,0.0,0.0
2025-02-08 07:00:00,0.322609,16130.449999999999,7310.0,0.0,8820.449999999999,0.0,0.0,10000.0,0.0,0.0,0.0
2025-02-08 08:00:00,0.288912,14445.6,7310.0,0.0,7135.6,0.0,0.0,10000.0,0.0,0.0,0.0
2025-02-08 09:00:00,0.225242,11262.1,7310.0,0.0,3952.1000000000004,0.0,0.0,10000.0,0.0,0.0,0.0
2025-02-08 10:00:00,0.186065,9303.25,7310.0,0.0,1993.25,0.0,0.0,10000.0,0.0,0.0,0.0
2025-02-08 11:00:00,0.143996,7199.800000000001,7199.800000000001,0.0,0.0,0.0,6.960696069606892,9993.039303930393,110.19999999999891,0.0,0.0
2025-02-08 12:00:00,0.10641500000000001,5320.750000000001,5320.750000000001,0.0,0.0,0.0,125.6494070459677,9867.389896884424,1989.249999999999,0.0,0.0
2025-02-08 13:00:00,0.09223999999999999,4611.999999999999,4611.999999999999,0.0,0.0,0.0,170.4170417041705,9696.972855180255,2698.000000000001,0.0,0.0
2025-02-08 14:00:00,0.094107,4705.349999999999,4705.349999999999,0.0,0.0,0.0,164.5206625925751,9532.45219258768,2604.6500000000005,0.0,0.0
2025-02-08 15:00:00,0.112808,5640.400000000001,5640.400000000001,0.0,0.0,0.0,105.4589669493265,9426.993225638353,1669.5999999999995,0.0,0.0
2025-02-08 16:00:00,0.138608,6930.400000000001,6930.400000000001,0.0,0.0,0.0,23.977134555560788,9403.016091082793,379.59999999999945,0.0,0.0
2025-02-08 17:00:00,0.16147,8073.5,7310.0,763.5,0.0,14.13888888888889,0.0,9417.154979971681,0.0,0.0,0.0
2025-02-08 18:00:00,0.162591,8129.550000000001,7310.0,819.5500000000011,0.0,15.176851851851872,0.0,9432.331831823532,0.0,0.0,0.0
2025-02-08 19:00:00,0.154166,7708.3,7310.0,398.3000000000002,0.0,7.375925925925929,0.0,9439.707757749458,0.0,0.0,0.0
2025-02-08 20:00:00,0.13780199999999998,6890.099999999999,6890.099999999999,0.0,0.0,0.0,26.52265226522656,9413.185105484232,419.90000000000055,0.0,0.0
2025-02-08 21:00:00,0.103003,5150.15,5150.15,0.0,0.0,0.0,136.4252214695154,9276.759884014717,2159.8500000000004,0.0,0.0
2025-02-08 22:00:00,0.06796200000000001,3398.1000000000004,3398.1000000000004,0.0,0.0,0.0,247.09207762881553,9029.667806385902,3911.8999999999996,0.0,0.0
2025-02-08 23:00:00,0.05779,2889.5,2889.5,0.0,0.0,0.0,279.2173954237529,8750.450410962148,4420.5,0.0,0.0
2025-02-09 00:00:00,0.07187099999999999,3593.5499999999997,3593.5499999999997,0.0,0.0,0.0,234.74663255799268,8515.703778404155,3716.4500000000003,0.0,0.0
2025-02-09 01:00:00,0.110414,5520.7,5520.7,0.0,0.0,0.0,113.0197230249341,8402.68405537922,1789.3000000000002,0.0,0.0
2025-02-09 02:00:00,0.16736099999999998,8368.05,7310.0,1058.0499999999993,0.0,19.593518518518504,0.0,8422.27757389774,0.0,0.0,0.0
2025-02-09 03:00:00,0.238172,11908.6,7310.0,4598.6,0.0,85.15925925925927,0.0,8507.436833156999,0.0,0.0,0.0
2025-02-09 04:00:00,0.291647,14582.35,7310.0,7272.35,0.0,134.67314814814816,0.0,8642.109981305146,0.0,0.0,0.0
2025-02-09 05:00:00,0.281305,14065.250000000002,7310.0,6755.250000000002,0.0,125.09722222222226,0.0,8767.207203527369,0.0,0.0,0.0
2025-02-09 06:00:00,0.231118,11555.9,7310.0,4245.9,0.0,78.62777777777777,0.0,8845.834981305146,0.0,0.0,0.0
2025-02-09 07:00:00,0.20674199999999998,10337.099999999999,7310.0,3027.0999999999985,0.0,56.05740740740738,0.0,8901.892388712553,0.0,0.0,0.0
2025-02-09 08:00:00,0.20512799999999998,10256.4,7310.0,2946.3999999999996,0.0,54.562962962962956,0.0,8956.455351675515,0.0,0.0,0.0
2025-02-09 09:00:00,0.187504,9375.2,7310.0,2065.2000000000007,0.0,38.24444444444446,0.0,8994.69979611996,0.0,0.0,0.0
2025-02-09 10:00:00,0.20211199999999999,10105.599999999999,7310.0,2795.5999999999985,0.0,51.770370370370344,0.0,9046.47016649033,0.0,0.0,0.0
2025-02-09 11:00:00,0.24525899999999998,12262.949999999999,7310.0,4952.949999999999,0.0,91.72129629629627,0.0,9138.191462786626,0.0,0.0,0.0
2025-02-09 12:00:00,0.303556,15177.8,7310.0,7867.799999999999,0.0,145.7,0.0,9283.891462786627,0.0,0.0,0.0
2025-02-09 13:00:00,0.352408,17620.4,7310.0,10310.400000000001,0.0,190.93333333333337,0.0,9474.82479611996,0.0,0.0,0.0
2025-02-09 14:00:00,0.343247,17162.350000000002,7310.0,9852.350000000002,0.0,182.45092592592596,0.0,9657.275722045886,0.0,0.0,0.0
2025-02-09 15:00:00,0.340626,17031.3,7310.0,9721.3,0.0,180.02407407407406,0.0,9837.29979611996,0.0,0.0,0.0
2025-02-09 16:00:00,0.410009,20500.45,7310.0,8785.811009522167,4404.638990477833,162.70020388004014,0.0,10000.0,0.0,0.0,0.0
2025-02-09 17:00:00,0.453892,22694.600000000002,7310.0,0.0,15384.600000000002,0.0,0.0,10000.0,0.0,0.0,0.0
2025-02-09 18:00:00,0.457171,22858.55,7310.0,0.0,15548.55,0.0,0.0,10000.0,0.0,0.0,0.0
2025-02-09 19:00:00,0.45941699999999996,22970.85,7310.0,0.0,15660.849999999999,0.0,0.0,10000.0,0.0,0.0,0.0
2025-02-09 20:00:00,0.473578,23678.9,7310.0,0.0,16368.900000000001,0.0,0.0,10000.0,0.0,0.0,0.0
2025-02-09 21:00:00,0.497967,24898.35,7310.0,0.0,17588.35,0.0,0.0,10000.0,0.0,0.0,0.0
2025-02-09 22:00:00,0.5226230000000001,26131.15,7310.0,0.0,18821.15,0.0,0.0,10000.0,0.0,0.0,0.0
2025-02-09 23:00:00,0.534865,26743.25,7310.0,0.0,19433.25,0.0,0.0,10000.0,0.0,0.0,0.0
2025-02-10 00:00:00,0.534576,26728.800000000003,7310.0,0.0,19418.800000000003,0.0,0.0,10000.0,0.0,0.0,0.0
2025-02-10 01:00:00,0.5253479999999999,26267.399999999998,7310.0,0.0,18957.399999999998,0.0,0.0,10000.0,0.0,0.0,0.0
2025-02-10 02:00:00,0.513061,25653.05,7310.0,0.0,18343.05,0.0,0.0,10000.0,0.0,0.0,0.0
2025-02-10 03:00:00,0.504708,25235.4,7310.0,0.0,17925.4,0.0,0.0,10000.0,0.0,0.0,0.0
2025-02-10 04:00:00,0.5035160000000001,25175.800000000003,7310.0,0.0,17865.800000000003,0.0,0.0,10000.0,0.0,0.0,0.0
2025-02-10 05:00:00,0.50544,25272.0,7310.0,0.0,17962.0,0.0,0.0,10000.0,0.0,0.0,0.0
2025-02-10 06:00:00,0.51306,25652.999999999996,7310.0,0.0,18342.999999999996,0.0,0.0,10000.0,0.0,0.0,0.0
2025-02-10 07:00:00,0.5035729999999999,25178.649999999998,7310.0,0.0,17868.649999999998,0.0,0.0,10000.0,0.0,0.0,0.0
2025-02-10 08:00:00,0.48145299999999996,24072.649999999998,7310.0,0.0,16762.649999999998,0.0,0.0,10000.0,0.0,0.0,0.0
2025-02-10 09:00:00,0.549727,27486.35,7310.0,0.0,20176.35,0.0,0.0,10000.0,0.0,0.0,0.0
2025-02-10 10:00:00,0.644058,32202.9,7310.0,0.0,24892.9,0.0,0.0,10000.0,0.0,0.0,0.0
2025-02-10 11:00:00,0.636792,31839.600000000002,7310.0,0.0,24529.600000000002,0.0,0.0,10000.0,0.0,0.0,0.0
2025-02-10 12:00:00,0.6160209999999999,30801.049999999996,7310.0,0.0,23491.049999999996,0.0,0.0,10000.0,0.0,0.0,0.0
2025-02-10 13:00:00,0.601232,30061.6,7310.0,0.0,22751.6,0.0,0.0,10000.0,0.0,0.0,0.0
2025-02-10 14:00:00,0.549728,27486.4,7310.0,0.0,20176.4,0.0,0.0,10000.0,0.0,0.0,0.0
2025-02-10 15:00:00,0.491092,24554.6,7310.0,0.0,17244.6,0.0,0.0,10000.0,0.0,0.0,0.0
2025-02-10 16:00:00,0.488344,24417.2,7310.0,0.0,17107.2,0.0,0.0,10000.0,0.0,0.0,0.0
2025-02-10 17:00:00,0.484712,24235.6,7310.0,0.0,16925.6,0.0,0.0,10000.0,0.0,0.0,0.0
2025-02-10 18:00:00,0.469026,23451.3,7310.0,0.0,16141.3,0.0,0.0,10000.0,0.0,0.0,0.0
2025-02-10 19:00:00,0.44150599999999995,22075.3,7310.0,0.0,14765.3,0.0,0.0,10000.0,0.0,0.0,0.0
2025-02-10 20:00:00,0.431887,21594.350000000002,7310.0,0.0,14284.350000000002,0.0,0.0,10000.0,0.0,0.0,0.0
2025-02-10 21:00:00,0.40162400000000004,20081.2,7310.0,0.0,12771.2,0.0,0.0,10000.0,0.0,0.0,0.0
2025-02-10 22:00:00,0.35628899999999997,17814.449999999997,7310.0,0.0,10504.449999999997,0.0,0.0,10000.0,0.0,0.0,0.0
2025-02-10 23:00:00,0.33372399999999997,16686.199999999997,7310.0,0.0,9376.199999999997,0.0,0.0,10000.0,0.0,0.0,0.0
2025-02-11 00:00:00,0.304894,15244.7,7310.0,0.0,7934.700000000001,0.0,0.0,10000.0,0.0,0.0,0.0
2025-02-11 01:00:00,0.257515,12875.75,7310.0,0.0,5565.75,0.0,0.0,10000.0,0.0,0.0,0.0
2025-02-11 02:00:00,0.233315,11665.75,7310.0,0.0,4355.75,0.0,0.0,10000.0,0.0,0.0,0.0
2025-02-11 03:00:00,0.21574000000000002,10787.0,7310.0,0.0,3477.0,0.0,0.0,10000.0,0.0,0.0,0.0
2025-02-11 04:00:00,0.199875,9993.75,7310.0,0.0,2683.75,0.0,0.0,10000.0,0.0,0.0,0.0
2025-02-11 05:00:00,0.188038,9401.9,7310.0,0.0,2091.8999999999996,0.0,0.0,10000.0,0.0,0.0,0.0
2025-02-11 06:00:00,0.194834,9741.7,7310.0,0.0,2431.7000000000007,0.0,0.0,10000.0,0.0,0.0,0.0
2025-02-11 07:00:00,0.191727,9586.35,7310.0,0.0,2276.3500000000004,0.0,0.0,10000.0,0.0,0.0,0.0
2025-02-11 08:00:00,0.148209,7410.450000000001,7310.0,0.0,100.45000000000073,0.0,0.0,10000.0,0.0,0.0,0.0
2025-02-11 09:00:00,0.15565199999999998,7782.599999999999,7310.0,0.0,472.59999999999945,0.0,0.0,10000.0,0.0,0.0,0.0
2025-02-11 10:00:00,0.136629,6831.45,6831.45,0.0,0.0,0.0,30.22723324964077,9969.772766750359,478.5500000000002,0.0,0.0
2025-02-11 11:00:00,0.105015,5250.75,5250.75,0.0,0.0,0.0,130.0709018270248,9839.701864923334,2059.25,0.0,0.0
2025-02-11 12:00:00,0.090242,4512.1,4512.1,0.0,0.0,0.0,176.7271463988504,9662.974718524483,2797.8999999999996,0.0,0.0
2025-02-11 13:00:00,0.095251,4762.55,4762.55,0.0,0.0,0.0,160.90766971433987,9502.067048810144,2547.45,0.0,0.0
2025-02-11 14:00:00,0.101717,5085.85,5085.85,0.0,0.0,0.0,140.48668024697207,9361.580368563173,2224.1499999999996,0.0,0.0
2025-02-11 15:00:00,0.095872,4793.6,4793.6,0.0,0.0,0.0,158.94642095788527,9202.633947605287,2516.3999999999996,0.0,0.0
2025-02-11 16:00:00,0.11521200000000001,5760.6,5760.6,0.0,0.0,0.0,97.86662876813996,9104.767318837146,1549.3999999999996,0.0,0.0
2025-02-11 17:00:00,0.144427,7221.35,7221.35,0.0,0.0,0.0,5.599507319152946,9099.167811517993,88.64999999999964,0.0,0.0
2025-02-11 18:00:00,0.158049,7902.45,7310.0,592.4499999999998,0.0,10.971296296296293,0.0,9110.13910781429,0.0,0.0,0.0
2025-02-11 19:00:00,0.161501,8075.05,7310.0,765.0500000000002,0.0,14.167592592592596,0.0,9124.306700406882,0.0,0.0,0.0
2025-02-11 20:00:00,0.15940100000000001,7970.050000000001,7310.0,660.0500000000011,0.0,12.223148148148168,0.0,9136.52984855503,0.0,0.0,0.0
2025-02-11 21:00:00,0.15641999999999998,7820.999999999999,7310.0,510.9999999999991,0.0,9.462962962962946,0.0,9145.992811517994,0.0,0.0,0.0
2025-02-11 22:00:00,0.14446199999999998,7223.0999999999985,7223.0999999999985,0.0,0.0,0.0,5.488969949626634,9140.503841568367,86.90000000000146,0.0,0.0
2025-02-11 23:00:00,0.127504,6375.200000000001,6375.200000000001,0.0,0.0,0.0,59.04590459045901,9081.457936977908,934.7999999999993,0.0,0.0
2025-02-12 00:00:00,0.118346,5917.3,5917.3,0.0,0.0,0.0,87.96879687968797,8993.48914009822,1392.6999999999998,0.0,0.0
2025-02-12 01:00:00,0.12395300000000001,6197.650000000001,6197.650000000001,0.0,0.0,0.0,70.26071028155444,8923.228429816665,1112.3499999999995,0.0,0.0
2025-02-12 02:00:00,0.137828,6891.400000000001,6891.400000000001,0.0,0.0,0.0,26.440538790721146,8896.787891025944,418.59999999999945,0.0,0.0
2025-02-12 03:00:00,0.151008,7550.400000000001,7310.0,240.40000000000057,-2.842170943040401e-14,4.451851851851862,0.0,8901.239742877797,0.0,0.0,0.0
2025-02-12 04:00:00,0.158311,7915.55,7310.0,605.5500000000002,0.0,11.213888888888892,0.0,8912.453631766686,0.0,0.0,0.0
2025-02-12 05:00:00,0.162495,8124.75,7310.0,814.75,0.0,15.087962962962964,0.0,8927.54159472965,0.0,0.0,0.0
2025-02-12 06:00:00,0.162226,8111.3,7310.0,801.3000000000002,0.0,14.838888888888892,0.0,8942.380483618539,0.0,0.0,0.0
2025-02-12 07:00:00,0.14901,7450.5,7310.0,140.5,0.0,2.6018518518518516,0.0,8944.982335470391,0.0,0.0,0.0
2025-02-12 08:00:00,0.10891200000000001,5445.6,5445.6,0.0,0.0,0.0,117.7633552828967,8827.218980187494,1864.3999999999996,0.0,0.0
2025-02-12 09:00:00,0.097607,4880.35,4880.35,0.0,0.0,0.0,153.4669256399324,8673.752054547562,2429.6499999999996,0.0,0.0
2025-02-12 10:00:00,0.118051,5902.55,5902.55,0.0,0.0,0.0,88.90046899426785,8584.851585553293,1407.4499999999998,0.0,0.0
2025-02-12 11:00:00,0.113285,5664.25,5664.25,0.0,0.0,0.0,103.95250051320923,8480.899085040084,1645.75,0.0,0.0
2025-02-12 12:00:00,0.118874,5943.7,5943.7,0.0,0.0,0.0,86.3012617051179,8394.597823334967,1366.3000000000002,0.0,0.0
2025-02-12 13:00:00,0.14071,7035.5,7035.5,0.0,0.0,0.0,17.338575962859444,8377.259247372107,274.5,0.0,0.0
2025-02-12 14:00:00,0.161883,8094.15,7310.0,784.1499999999996,0.0,14.52129629629629,0.0,8391.780543668403,0.0,0.0,0.0
2025-02-12 15:00:00,0.154485,7724.250000000001,7310.0,414.2500000000009,0.0,7.671296296296313,0.0,8399.451839964699,0.0,0.0,0.0
2025-02-12 16:00:00,0.18761000000000003,9380.500000000002,7310.0,2070.500000000002,0.0,38.342592592592624,0.0,8437.794432557292,0.0,0.0,0.0
2025-02-12 17:00:00,0.25994,12997.0,7310.0,5687.0,0.0,105.31481481481481,0.0,8543.109247372107,0.0,0.0,0.0
2025-02-12 18:00:00,0.31528500000000004,15764.250000000002,7310.0,8454.250000000002,0.0,156.56018518518522,0.0,8699.669432557293,0.0,0.0,0.0
2025-02-12 19:00:00,0.33415100000000003,16707.550000000003,7310.0,9397.550000000003,0.0,174.02870370370377,0.0,8873.698136260997,0.0,0.0,0.0
2025-02-12 20:00:00,0.32519099999999995,16259.549999999997,7310.0,8949.549999999997,0.0,165.73240740740735,0.0,9039.430543668404,0.0,0.0,0.0
2025-02-12 21:00:00,0.296226,14811.3,7310.0,7501.299999999999,0.0,138.91296296296295,0.0,9178.343506631367,0.0,0.0,0.0
2025-02-12 22:00:00,0.26292000000000004,13146.000000000002,7310.0,5836.000000000002,0.0,108.0740740740741,0.0,9286.417580705442,0.0,0.0,0.0
2025-02-12 23:00:00,0.234589,11729.449999999999,7310.0,4419.449999999999,0.0,81.84166666666664,0.0,9368.259247372109,0.0,0.0,0.0
2025-02-13 00:00:00,0.230731,11536.55,7310.0,4226.549999999999,0.0,78.26944444444443,0.0,9446.528691816553,0.0,0.0,0.0
2025-02-13 01:00:00,0.227223,11361.15,7310.0,4051.149999999999,4.547473508864641e-13,75.02129629629628,0.0,9521.549988112849,0.0,0.0,0.0
2025-02-13 02:00:00,0.23447800000000002,11723.900000000001,7310.0,4413.9000000000015,0.0,81.73888888888892,0.0,9603.288877001738,0.0,0.0,0.0
2025-02-13 03:00:00,0.243448,12172.4,7310.0,4862.4,0.0,90.04444444444444,0.0,9693.333321446182,0.0,0.0,0.0
2025-02-13 04:00:00,0.251419,12570.95,7310.0,5260.950000000001,0.0,97.42500000000001,0.0,9790.758321446181,0.0,0.0,0.0
2025-02-13 05:00:00,0.292058,14602.9,7310.0,7292.9,0.0,135.0537037037037,0.0,9925.812025149884,0.0,0.0,0.0
2025-02-13 06:00:00,0.314014,15700.7,7310.0,4006.1506419062644,4384.549358093736,74.187974850116,0.0,10000.0,0.0,0.0,0.0
2025-02-13 07:00:00,0.320075,16003.75,7310.0,0.0,8693.75,0.0,0.0,10000.0,0.0,0.0,0.0
2025-02-13 08:00:00,0.269241,13462.050000000001,7310.0,0.0,6152.050000000001,0.0,0.0,10000.0,0.0,0.0,0.0
2025-02-13 09:00:00,0.253123,12656.15,7310.0,0.0,5346.15,0.0,0.0,10000.0,0.0,0.0,0.0
2025-02-13 10:00:00,0.271997,13599.849999999999,7310.0,0.0,6289.8499999999985,0.0,0.0,10000.0,0.0,0.0,0.0
2025-02-13 11:00:00,0.220195,11009.75,7310.0,0.0,3699.75,0.0,0.0,10000.0,0.0,0.0,0.0
2025-02-13 12:00:00,0.174049,8702.45,7310.0,0.0,1392.4500000000007,0.0,0.0,10000.0,0.0,0.0,0.0
2025-02-13 13:00:00,0.151906,7595.300000000001,7310.0,0.0,285.3000000000011,0.0,0.0,10000.0,0.0,0.0,0.0
2025-02-13 14:00:00,0.147031,7351.55,7310.0,0.0,41.55000000000018,0.0,0.0,10000.0,0.0,0.0,0.0
2025-02-13 15:00:00,0.15470599999999998,7735.299999999999,7310.0,0.0,425.2999999999993,0.0,0.0,10000.0,0.0,0.0,0.0
2025-02-13 16:00:00,0.205861,10293.05,7310.0,0.0,2983.0499999999993,0.0,0.0,10000.0,0.0,0.0,0.0
2025-02-13 17:00:00,0.28967200000000004,14483.600000000002,7310.0,0.0,7173.600000000002,0.0,0.0,10000.0,0.0,0.0,0.0
2025-02-13 18:00:00,0.343242,17162.1,7310.0,0.0,9852.099999999999,0.0,0.0,10000.0,0.0,0.0,0.0
2025-02-13 19:00:00,0.364281,18214.05,7310.0,0.0,10904.05,0.0,0.0,10000.0,0.0,0.0,0.0
2025-02-13 20:00:00,0.35767200000000005,17883.600000000002,7310.0,0.0,10573.600000000002,0.0,0.0,10000.0,0.0,0.0,0.0
2025-02-13 21:00:00,0.34848700000000005,17424.350000000002,7310.0,0.0,10114.350000000002,0.0,0.0,10000.0,0.0,0.0,0.0
2025-02-13 22:00:00,0.342906,17145.3,7310.0,0.0,9835.3,0.0,0.0,10000.0,0.0,0.0,0.0
2025-02-13 23:00:00,0.33672399999999997,16836.199999999997,7310.0,0.0,9526.199999999997,0.0,0.0,10000.0,0.0,0.0,0.0
2025-02-14 00:00:00,0.33977300000000005,16988.65,7310.0,0.0,9678.650000000001,0.0,0.0,10000.0,0.0,0.0,0.0
2025-02-14 01:00:00,0.35396,17698.0,7310.0,0.0,10388.0,0.0,0.0,10000.0,0.0,0.0,0.0
2025-02-14 02:00:00,0.370531,18526.55,7310.0,0.0,11216.55,0.0,0.0,10000.0,0.0,0.0,0.0
2025-02-14 03:00:00,0.395066,19753.3,7310.0,0.0,12443.3,0.0,0.0,10000.0,0.0,0.0,0.0
2025-02-14 04:00:00,0.404395,20219.75,7310.0,0.0,12909.75,0.0,0.0,10000.0,0.0,0.0,0.0
2025-02-14 05:00:00,0.411692,20584.6,7310.0,0.0,13274.599999999999,0.0,0.0,10000.0,0.0,0.0,0.0
2025-02-14 06:00:00,0.42230700000000004,21115.350000000002,7310.0,0.0,13805.350000000002,0.0,0.0,10000.0,0.0,0.0,0.0
2025-02-14 07:00:00,0.425037,21251.85,7310.0,0.0,13941.849999999999,0.0,0.0,10000.0,0.0,0.0,0.0
2025-02-14 08:00:00,0.361601,18080.05,7310.0,0.0,10770.05,0.0,0.0,10000.0,0.0,0.0,0.0
2025-02-14 09:00:00,0.364274,18213.7,7310.0,0.0,10903.7,0.0,0.0,10000.0,0.0,0.0,0.0
2025-02-14 10:00:00,0.444248,22212.399999999998,7310.0,0.0,14902.399999999998,0.0,0.0,10000.0,0.0,0.0,0.0
2025-02-14 11:00:00,0.44426,22213.0,7310.0,0.0,14903.0,0.0,0.0,10000.0,0.0,0.0,0.0
2025-02-14 12:00:00,0.42288600000000004,21144.300000000003,7310.0,0.0,13834.300000000003,0.0,0.0,10000.0,0.0,0.0,0.0
2025-02-14 13:00:00,0.395084,19754.2,7310.0,0.0,12444.2,0.0,0.0,10000.0,0.0,0.0,0.0
2025-02-14 14:00:00,0.364267,18213.350000000002,7310.0,0.0,10903.350000000002,0.0,0.0,10000.0,0.0,0.0,0.0
2025-02-14 15:00:00,0.30733699999999997,15366.849999999999,7310.0,0.0,8056.8499999999985,0.0,0.0,10000.0,0.0,0.0,0.0
2025-02-14 16:00:00,0.31123500000000004,15561.750000000002,7310.0,0.0,8251.750000000002,0.0,0.0,10000.0,0.0,0.0,0.0
2025-02-14 17:00:00,0.40425,20212.5,7310.0,0.0,12902.5,0.0,0.0,10000.0,0.0,0.0,0.0
2025-02-14 18:00:00,0.42230399999999996,21115.199999999997,7310.0,0.0,13805.199999999997,0.0,0.0,10000.0,0.0,0.0,0.0
2025-02-14 19:00:00,0.409994,20499.7,7310.0,0.0,13189.7,0.0,0.0,10000.0,0.0,0.0,0.0
2025-02-14 20:00:00,0.414438,20721.899999999998,7310.0,0.0,13411.899999999998,0.0,0.0,10000.0,0.0,0.0,0.0
2025-02-14 21:00:00,0.444249,22212.45,7310.0,0.0,14902.45,0.0,0.0,10000.0,0.0,0.0,0.0
2025-02-14 22:00:00,0.36708999999999997,18354.5,7310.0,0.0,11044.5,0.0,0.0,10000.0,0.0,0.0,0.0
2025-02-14 23:00:00,0.320972,16048.599999999999,7310.0,0.0,8738.599999999999,0.0,0.0,10000.0,0.0,0.0,0.0
2025-02-15 00:00:00,0.31264800000000004,15632.400000000001,7310.0,0.0,8322.400000000001,0.0,0.0,10000.0,0.0,0.0,0.0
2025-02-15 01:00:00,0.310021,15501.05,7310.0,0.0,8191.049999999999,0.0,0.0,10000.0,0.0,0.0,0.0
2025-02-15 02:00:00,0.302435,15121.75,7310.0,0.0,7811.75,0.0,0.0,10000.0,0.0,0.0,0.0
2025-02-15 03:00:00,0.294903,14745.150000000001,7310.0,0.0,7435.1500000000015,0.0,0.0,10000.0,0.0,0.0,0.0
2025-02-15 04:00:00,0.282353,14117.650000000001,7310.0,0.0,6807.6500000000015,0.0,0.0,10000.0,0.0,0.0,0.0
2025-02-15 05:00:00,0.26960700000000004,13480.350000000002,7310.0,0.0,6170.350000000002,0.0,0.0,10000.0,0.0,0.0,0.0
2025-02-15 06:00:00,0.263752,13187.599999999999,7310.0,0.0,5877.5999999999985,0.0,0.0,10000.0,0.0,0.0,0.0
2025-02-15 07:00:00,0.254463,12723.15,7310.0,0.0,5413.15,0.0,0.0,10000.0,0.0,0.0,0.0
2025-02-15 08:00:00,0.230686,11534.3,7310.0,0.0,4224.299999999999,0.0,0.0,10000.0,0.0,0.0,0.0
2025-02-15 09:00:00,0.220113,11005.65,7310.0,0.0,3695.6499999999996,0.0,0.0,10000.0,0.0,0.0,0.0
2025-02-15 10:00:00,0.200693,10034.65,7310.0,0.0,2724.6499999999996,0.0,0.0,10000.0,0.0,0.0,0.0
2025-02-15 11:00:00,0.20488800000000001,10244.400000000001,7310.0,0.0,2934.4000000000015,0.0,0.0,10000.0,0.0,0.0,0.0
2025-02-15 12:00:00,0.214389,10719.449999999999,7310.0,0.0,3409.449999999999,0.0,0.0,10000.0,0.0,0.0,0.0
2025-02-15 13:00:00,0.218279,10913.95,7310.0,0.0,3603.9500000000007,0.0,0.0,10000.0,0.0,0.0,0.0
2025-02-15 14:00:00,0.209627,10481.35,7310.0,0.0,3171.3500000000004,0.0,0.0,10000.0,0.0,0.0,0.0
2025-02-15 15:00:00,0.196437,9821.85,7310.0,0.0,2511.8500000000004,0.0,0.0,10000.0,0.0,0.0,0.0
2025-02-15 16:00:00,0.200284,10014.199999999999,7310.0,0.0,2704.199999999999,0.0,0.0,10000.0,0.0,0.0,0.0
2025-02-15 17:00:00,0.20716900000000002,10358.45,7310.0,0.0,3048.4500000000007,0.0,0.0,10000.0,0.0,0.0,0.0
2025-02-15 18:00:00,0.212347,10617.35,7310.0,0.0,3307.3500000000004,0.0,0.0,10000.0,0.0,0.0,0.0
2025-02-15 19:00:00,0.219742,10987.1,7310.0,0.0,3677.1000000000004,0.0,0.0,10000.0,0.0,0.0,0.0
2025-02-15 20:00:00,0.223029,11151.45,7310.0,0.0,3841.4500000000007,0.0,0.0,10000.0,0.0,0.0,0.0
2025-02-15 21:00:00,0.23068100000000002,11534.050000000001,7310.0,0.0,4224.050000000001,0.0,0.0,10000.0,0.0,0.0,0.0
2025-02-15 22:00:00,0.238036,11901.8,7310.0,0.0,4591.799999999999,0.0,0.0,10000.0,0.0,0.0,0.0
2025-02-15 23:00:00,0.250807,12540.35,7310.0,0.0,5230.35,0.0,0.0,10000.0,0.0,0.0,0.0
2025-02-16 00:00:00,0.245562,12278.1,7310.0,0.0,4968.1,0.0,0.0,10000.0,0.0,0.0,0.0
2025-02-16 01:00:00,0.26884600000000003,13442.300000000001,7310.0,0.0,6132.300000000001,0.0,0.0,10000.0,0.0,0.0,0.0
2025-02-16 02:00:00,0.277068,13853.4,7310.0,0.0,6543.4,0.0,0.0,10000.0,0.0,0.0,0.0
2025-02-16 03:00:00,0.295691,14784.55,7310.0,0.0,7474.549999999999,0.0,0.0,10000.0,0.0,0.0,0.0
2025-02-16 04:00:00,0.304969,15248.449999999999,7310.0,0.0,7938.449999999999,0.0,0.0,10000.0,0.0,0.0,0.0
2025-02-16 05:00:00,0.325153,16257.650000000001,7310.0,0.0,8947.650000000001,0.0,0.0,10000.0,0.0,0.0,0.0
2025-02-16 06:00:00,0.340118,17005.899999999998,7310.0,0.0,9695.899999999998,0.0,0.0,10000.0,0.0,0.0,0.0
2025-02-16 07:00:00,0.346877,17343.85,7310.0,0.0,10033.849999999999,0.0,0.0,10000.0,0.0,0.0,0.0
2025-02-16 08:00:00,0.312101,15605.050000000001,7310.0,0.0,8295.050000000001,0.0,0.0,10000.0,0.0,0.0,0.0
2025-02-16 09:00:00,0.34737,17368.5,7310.0,0.0,10058.5,0.0,0.0,10000.0,0.0,0.0,0.0
2025-02-16 10:00:00,0.346829,17341.45,7310.0,0.0,10031.45,0.0,0.0,10000.0,0.0,0.0,0.0
2025-02-16 11:00:00,0.32008499999999995,16004.249999999998,7310.0,0.0,8694.249999999998,0.0,0.0,10000.0,0.0,0.0,0.0
2025-02-16 12:00:00,0.28889600000000004,14444.800000000003,7310.0,0.0,7134.800000000003,0.0,0.0,10000.0,0.0,0.0,0.0
2025-02-16 13:00:00,0.27098099999999997,13549.05,7310.0,0.0,6239.049999999999,0.0,0.0,10000.0,0.0,0.0,0.0
2025-02-16 14:00:00,0.279709,13985.449999999999,7310.0,0.0,6675.449999999999,0.0,0.0,10000.0,0.0,0.0,0.0
2025-02-16 15:00:00,0.296803,14840.15,7310.0,0.0,7530.15,0.0,0.0,10000.0,0.0,0.0,0.0
2025-02-16 16:00:00,0.336719,16835.95,7310.0,0.0,9525.95,0.0,0.0,10000.0,0.0,0.0,0.0
2025-02-16 17:00:00,0.400437,20021.85,7310.0,0.0,12711.849999999999,0.0,0.0,10000.0,0.0,0.0,0.0
2025-02-16 18:00:00,0.39508,19754.0,7310.0,0.0,12444.0,0.0,0.0,10000.0,0.0,0.0,0.0
2025-02-16 19:00:00,0.367076,18353.8,7310.0,0.0,11043.8,0.0,0.0,10000.0,0.0,0.0,0.0
2025-02-16 20:00:00,0.357662,17883.1,7310.0,0.0,10573.099999999999,0.0,0.0,10000.0,0.0,0.0,0.0
2025-02-16 21:00:00,0.355785,17789.25,7310.0,0.0,10479.25,0.0,0.0,10000.0,0.0,0.0,0.0
2025-02-16 22:00:00,0.361622,18081.1,7310.0,0.0,10771.099999999999,0.0,0.0,10000.0,0.0,0.0,0.0
2025-02-16 23:00:00,0.378924,18946.2,7310.0,0.0,11636.2,0.0,0.0,10000.0,0.0,0.0,0.0
2025-02-17 00:00:00,0.397789,19889.45,7310.0,0.0,12579.45,0.0,0.0,10000.0,0.0,0.0,0.0
2025-02-17 01:00:00,0.410018,20500.9,7310.0,0.0,13190.900000000001,0.0,0.0,10000.0,0.0,0.0,0.0
2025-02-17 02:00:00,0.42984500000000003,21492.25,7310.0,0.0,14182.25,0.0,0.0,10000.0,0.0,0.0,0.0
2025-02-17 03:00:00,0.434919,21745.95,7310.0,0.0,14435.95,0.0,0.0,10000.0,0.0,0.0,0.0
2025-02-17 04:00:00,0.44427300000000003,22213.65,7310.0,0.0,14903.650000000001,0.0,0.0,10000.0,0.0,0.0,0.0
2025-02-17 05:00:00,0.444274,22213.7,7310.0,0.0,14903.7,0.0,0.0,10000.0,0.0,0.0,0.0
2025-02-17 06:00:00,0.433902,21695.100000000002,7310.0,0.0,14385.100000000002,0.0,0.0,10000.0,0.0,0.0,0.0
2025-02-17 07:00:00,0.395094,19754.7,7310.0,0.0,12444.7,0.0,0.0,10000.0,0.0,0.0,0.0
2025-02-17 08:00:00,0.261844,13092.2,7310.0,0.0,5782.200000000001,0.0,0.0,10000.0,0.0,0.0,0.0
2025-02-17 09:00:00,0.35767000000000004,17883.500000000004,7310.0,0.0,10573.500000000004,0.0,0.0,10000.0,0.0,0.0,0.0
2025-02-17 10:00:00,0.36425799999999997,18212.899999999998,7310.0,0.0,10902.899999999998,0.0,0.0,10000.0,0.0,0.0,0.0
2025-02-17 11:00:00,0.312134,15606.7,7310.0,0.0,8296.7,0.0,0.0,10000.0,0.0,0.0,0.0
2025-02-17 12:00:00,0.314473,15723.65,7310.0,0.0,8413.65,0.0,0.0,10000.0,0.0,0.0,0.0
2025-02-17 13:00:00,0.321564,16078.2,7310.0,0.0,8768.2,0.0,0.0,10000.0,0.0,0.0,0.0
2025-02-17 14:00:00,0.32075400000000004,16037.700000000003,7310.0,0.0,8727.700000000003,0.0,0.0,10000.0,0.0,0.0,0.0
2025-02-17 15:00:00,0.31649299999999997,15824.649999999998,7310.0,0.0,8514.649999999998,0.0,0.0,10000.0,0.0,0.0,0.0
2025-02-17 16:00:00,0.348832,17441.6,7310.0,0.0,10131.599999999999,0.0,0.0,10000.0,0.0,0.0,0.0
2025-02-17 17:00:00,0.438627,21931.35,7310.0,0.0,14621.349999999999,0.0,0.0,10000.0,0.0,0.0,0.0
2025-02-17 18:00:00,0.459814,22990.7,7310.0,0.0,15680.7,0.0,0.0,10000.0,0.0,0.0,0.0
2025-02-17 19:00:00,0.460034,23001.7,7310.0,0.0,15691.7,0.0,0.0,10000.0,0.0,0.0,0.0
2025-02-17 20:00:00,0.45665,22832.5,7310.0,0.0,15522.5,0.0,0.0,10000.0,0.0,0.0,0.0
2025-02-17 21:00:00,0.416964,20848.2,7310.0,0.0,13538.2,0.0,0.0,10000.0,0.0,0.0,0.0
2025-02-17 22:00:00,0.37371499999999996,18685.75,7310.0,0.0,11375.75,0.0,0.0,10000.0,0.0,0.0,0.0
2025-02-17 23:00:00,0.345947,17297.35,7310.0,0.0,9987.349999999999,0.0,0.0,10000.0,0.0,0.0,0.0
2025-02-18 00:00:00,0.378933,18946.65,7310.0,0.0,11636.650000000001,0.0,0.0,10000.0,0.0,0.0,0.0
2025-02-18 01:00:00,0.39778600000000003,19889.300000000003,7310.0,0.0,12579.300000000003,0.0,0.0,10000.0,0.0,0.0,0.0
2025-02-18 02:00:00,0.36271800000000004,18135.9,7310.0,0.0,10825.900000000001,0.0,0.0,10000.0,0.0,0.0,0.0
2025-02-18 03:00:00,0.325185,16259.25,7310.0,0.0,8949.25,0.0,0.0,10000.0,0.0,0.0,0.0
2025-02-18 04:00:00,0.332778,16638.9,7310.0,0.0,9328.900000000001,0.0,0.0,10000.0,0.0,0.0,0.0
2025-02-18 05:00:00,0.361639,18081.95,7310.0,0.0,10771.95,0.0,0.0,10000.0,0.0,0.0,0.0
2025-02-18 06:00:00,0.391046,19552.3,7310.0,0.0,12242.3,0.0,0.0,10000.0,0.0,0.0,0.0
2025-02-18 07:00:00,0.395425,19771.25,7310.0,0.0,12461.25,0.0,0.0,10000.0,0.0,0.0,0.0
2025-02-18 08:00:00,0.304952,15247.6,7310.0,0.0,7937.6,0.0,0.0,10000.0,0.0,0.0,0.0
2025-02-18 09:00:00,0.400488,20024.4,7310.0,0.0,12714.400000000001,0.0,0.0,10000.0,0.0,0.0,0.0
2025-02-18 10:00:00,0.45675099999999996,22837.55,7310.0,0.0,15527.55,0.0,0.0,10000.0,0.0,0.0,0.0
2025-02-18 11:00:00,0.450063,22503.149999999998,7310.0,0.0,15193.149999999998,0.0,0.0,10000.0,0.0,0.0,0.0
2025-02-18 12:00:00,0.44151100000000004,22075.550000000003,7310.0,0.0,14765.550000000003,0.0,0.0,10000.0,0.0,0.0,0.0
2025-02-18 13:00:00,0.44151100000000004,22075.550000000003,7310.0,0.0,14765.550000000003,0.0,0.0,10000.0,0.0,0.0,0.0
2025-02-18 14:00:00,0.448219,22410.95,7310.0,0.0,15100.95,0.0,0.0,10000.0,0.0,0.0,0.0
2025-02-18 15:00:00,0.426533,21326.65,7310.0,0.0,14016.650000000001,0.0,0.0,10000.0,0.0,0.0,0.0
2025-02-18 16:00:00,0.430958,21547.9,7310.0,0.0,14237.900000000001,0.0,0.0,10000.0,0.0,0.0,0.0
2025-02-18 17:00:00,0.49797199999999997,24898.6,7310.0,0.0,17588.6,0.0,0.0,10000.0,0.0,0.0,0.0
2025-02-18 18:00:00,0.491096,24554.8,7310.0,0.0,17244.8,0.0,0.0,10000.0,0.0,0.0,0.0
2025-02-18 19:00:00,0.46920100000000003,23460.050000000003,7310.0,0.0,16150.050000000003,0.0,0.0,10000.0,0.0,0.0,0.0
2025-02-18 20:00:00,0.457941,22897.05,7310.0,0.0,15587.05,0.0,0.0,10000.0,0.0,0.0,0.0
2025-02-18 21:00:00,0.459404,22970.2,7310.0,0.0,15660.2,0.0,0.0,10000.0,0.0,0.0,0.0
2025-02-18 22:00:00,0.45883300000000005,22941.65,7310.0,0.0,15631.650000000001,0.0,0.0,10000.0,0.0,0.0,0.0
2025-02-18 23:00:00,0.454247,22712.350000000002,7310.0,0.0,15402.350000000002,0.0,0.0,10000.0,0.0,0.0,0.0
2025-02-19 00:00:00,0.456265,22813.25,7310.0,0.0,15503.25,0.0,0.0,10000.0,0.0,0.0,0.0
2025-02-19 01:00:00,0.459395,22969.75,7310.0,0.0,15659.75,0.0,0.0,10000.0,0.0,0.0,0.0
2025-02-19 02:00:00,0.462212,23110.600000000002,7310.0,0.0,15800.600000000002,0.0,0.0,10000.0,0.0,0.0,0.0
2025-02-19 03:00:00,0.504461,25223.050000000003,7310.0,0.0,17913.050000000003,0.0,0.0,10000.0,0.0,0.0,0.0
2025-02-19 04:00:00,0.5007130000000001,25035.650000000005,7310.0,0.0,17725.650000000005,0.0,0.0,10000.0,0.0,0.0,0.0
2025-02-19 05:00:00,0.472528,23626.4,7310.0,0.0,16316.400000000001,0.0,0.0,10000.0,0.0,0.0,0.0
2025-02-19 06:00:00,0.43011900000000003,21505.95,7310.0,0.0,14195.95,0.0,0.0,10000.0,0.0,0.0,0.0
2025-02-19 07:00:00,0.380172,19008.600000000002,7310.0,0.0,11698.600000000002,0.0,0.0,10000.0,0.0,0.0,0.0
2025-02-19 08:00:00,0.364273,18213.65,7310.0,0.0,10903.650000000001,0.0,0.0,10000.0,0.0,0.0,0.0
2025-02-19 09:00:00,0.341616,17080.8,7310.0,0.0,9770.8,0.0,0.0,10000.0,0.0,0.0,0.0
2025-02-19 10:00:00,0.30520400000000003,15260.2,7310.0,0.0,7950.200000000001,0.0,0.0,10000.0,0.0,0.0,0.0
2025-02-19 11:00:00,0.304801,15240.05,7310.0,0.0,7930.049999999999,0.0,0.0,10000.0,0.0,0.0,0.0
2025-02-19 12:00:00,0.277843,13892.15,7310.0,0.0,6582.15,0.0,0.0,10000.0,0.0,0.0,0.0
2025-02-19 13:00:00,0.25287,12643.5,7310.0,0.0,5333.5,0.0,0.0,10000.0,0.0,0.0,0.0
2025-02-19 14:00:00,0.227406,11370.3,7310.0,0.0,4060.2999999999993,0.0,0.0,10000.0,0.0,0.0,0.0
2025-02-19 15:00:00,0.232907,11645.35,7310.0,0.0,4335.35,0.0,0.0,10000.0,0.0,0.0,0.0
2025-02-19 16:00:00,0.298166,14908.3,7310.0,0.0,7598.299999999999,0.0,0.0,10000.0,0.0,0.0,0.0
2025-02-19 17:00:00,0.389043,19452.15,7310.0,0.0,12142.150000000001,0.0,0.0,10000.0,0.0,0.0,0.0
2025-02-19 18:00:00,0.427722,21386.1,7310.0,0.0,14076.099999999999,0.0,0.0,10000.0,0.0,0.0,0.0
2025-02-19 19:00:00,0.425031,21251.55,7310.0,0.0,13941.55,0.0,0.0,10000.0,0.0,0.0,0.0
2025-02-19 20:00:00,0.42346100000000003,21173.050000000003,7310.0,0.0,13863.050000000003,0.0,0.0,10000.0,0.0,0.0,0.0
2025-02-19 21:00:00,0.460748,23037.399999999998,7310.0,0.0,15727.399999999998,0.0,0.0,10000.0,0.0,0.0,0.0
2025-02-19 22:00:00,0.49472000000000005,24736.000000000004,7310.0,0.0,17426.000000000004,0.0,0.0,10000.0,0.0,0.0,0.0
2025-02-19 23:00:00,0.501953,25097.649999999998,7310.0,0.0,17787.649999999998,0.0,0.0,10000.0,0.0,0.0,0.0
2025-02-20 00:00:00,0.510323,25516.149999999998,7310.0,0.0,18206.149999999998,0.0,0.0,10000.0,0.0,0.0,0.0
2025-02-20 01:00:00,0.5470069999999999,27350.349999999995,7310.0,0.0,20040.349999999995,0.0,0.0,10000.0,0.0,0.0,0.0
2025-02-20 02:00:00,0.613174,30658.7,7310.0,0.0,23348.7,0.0,0.0,10000.0,0.0,0.0,0.0
2025-02-20 03:00:00,0.652965,32648.25,7310.0,0.0,25338.25,0.0,0.0,10000.0,0.0,0.0,0.0
2025-02-20 04:00:00,0.592682,29634.100000000002,7310.0,0.0,22324.100000000002,0.0,0.0,10000.0,0.0,0.0,0.0
2025-02-20 05:00:00,0.657636,32881.8,7310.0,0.0,25571.800000000003,0.0,0.0,10000.0,0.0,0.0,0.0
2025-02-20 06:00:00,0.7388020000000001,36940.100000000006,7310.0,0.0,29630.100000000006,0.0,0.0,10000.0,0.0,0.0,0.0
2025-02-20 07:00:00,0.739657,36982.85,7310.0,0.0,29672.85,0.0,0.0,10000.0,0.0,0.0,0.0
2025-02-20 08:00:00,0.683001,34150.049999999996,7310.0,0.0,26840.049999999996,0.0,0.0,10000.0,0.0,0.0,0.0
2025-02-20 09:00:00,0.726406,36320.3,7310.0,0.0,29010.300000000003,0.0,0.0,10000.0,0.0,0.0,0.0
2025-02-20 10:00:00,0.804097,40204.85,7310.0,0.0,32894.85,0.0,0.0,10000.0,0.0,0.0,0.0
2025-02-20 11:00:00,0.880334,44016.7,7310.0,0.0,36706.7,0.0,0.0,10000.0,0.0,0.0,0.0
2025-02-20 12:00:00,0.886423,44321.15,7310.0,0.0,37011.15,0.0,0.0,10000.0,0.0,0.0,0.0
2025-02-20 13:00:00,0.865798,43289.9,7310.0,0.0,35979.9,0.0,0.0,10000.0,0.0,0.0,0.0
2025-02-20 14:00:00,0.839872,41993.6,7310.0,0.0,34683.6,0.0,0.0,10000.0,0.0,0.0,0.0
2025-02-20 15:00:00,0.815217,40760.85,7310.0,0.0,33450.85,0.0,0.0,10000.0,0.0,0.0,0.0
2025-02-20 16:00:00,0.772839,38641.950000000004,7310.0,0.0,31331.950000000004,0.0,0.0,10000.0,0.0,0.0,0.0
2025-02-20 17:00:00,0.728428,36421.4,7310.0,0.0,29111.4,0.0,0.0,10000.0,0.0,0.0,0.0
2025-02-20 18:00:00,0.68677,34338.5,7310.0,0.0,27028.5,0.0,0.0,10000.0,0.0,0.0,0.0
2025-02-20 19:00:00,0.6207699999999999,31038.499999999996,7310.0,0.0,23728.499999999996,0.0,0.0,10000.0,0.0,0.0,0.0
2025-02-20 20:00:00,0.584386,29219.3,7310.0,0.0,21909.3,0.0,0.0,10000.0,0.0,0.0,0.0
2025-02-20 21:00:00,0.544336,27216.800000000003,7310.0,0.0,19906.800000000003,0.0,0.0,10000.0,0.0,0.0,0.0
2025-02-20 22:00:00,0.5263479999999999,26317.399999999998,7310.0,0.0,19007.399999999998,0.0,0.0,10000.0,0.0,0.0,0.0
2025-02-20 23:00:00,0.52535,26267.5,7310.0,0.0,18957.5,0.0,0.0,10000.0,0.0,0.0,0.0
2025-02-21 00:00:00,0.5710850000000001,28554.250000000004,7310.0,0.0,21244.250000000004,0.0,0.0,10000.0,0.0,0.0,0.0
2025-02-21 01:00:00,0.597298,29864.9,7310.0,0.0,22554.9,0.0,0.0,10000.0,0.0,0.0,0.0
2025-02-21 02:00:00,0.6482319999999999,32411.599999999995,7310.0,0.0,25101.599999999995,0.0,0.0,10000.0,0.0,0.0,0.0
2025-02-21 03:00:00,0.719419,35970.950000000004,7310.0,0.0,28660.950000000004,0.0,0.0,10000.0,0.0,0.0,0.0
2025-02-21 04:00:00,0.76778,38389.0,7310.0,0.0,31079.0,0.0,0.0,10000.0,0.0,0.0,0.0
2025-02-21 05:00:00,0.7985249999999999,39926.25,7310.0,0.0,32616.25,0.0,0.0,10000.0,0.0,0.0,0.0
2025-02-21 06:00:00,0.7551599999999999,37758.0,7310.0,0.0,30448.0,0.0,0.0,10000.0,0.0,0.0,0.0
2025-02-21 07:00:00,0.719966,35998.3,7310.0,0.0,28688.300000000003,0.0,0.0,10000.0,0.0,0.0,0.0
2025-02-21 08:00:00,0.752378,37618.9,7310.0,0.0,30308.9,0.0,0.0,10000.0,0.0,0.0,0.0
2025-02-21 09:00:00,0.815082,40754.1,7310.0,0.0,33444.1,0.0,0.0,10000.0,0.0,0.0,0.0
2025-02-21 10:00:00,0.903856,45192.8,7310.0,0.0,37882.8,0.0,0.0,10000.0,0.0,0.0,0.0
2025-02-21 11:00:00,0.939613,46980.65,7310.0,0.0,39670.65,0.0,0.0,10000.0,0.0,0.0,0.0
2025-02-21 12:00:00,0.948082,47404.1,7310.0,0.0,40094.1,0.0,0.0,10000.0,0.0,0.0,0.0
2025-02-21 13:00:00,0.936708,46835.4,7310.0,0.0,39525.4,0.0,0.0,10000.0,0.0,0.0,0.0
2025-02-21 14:00:00,0.915617,45780.85,7310.0,0.0,38470.85,0.0,0.0,10000.0,0.0,0.0,0.0
2025-02-21 15:00:00,0.891015,44550.75,7310.0,0.0,37240.75,0.0,0.0,10000.0,0.0,0.0,0.0
2025-02-21 16:00:00,0.8657910000000001,43289.55,7310.0,0.0,35979.55,0.0,0.0,10000.0,0.0,0.0,0.0
2025-02-21 17:00:00,0.815076,40753.8,7310.0,0.0,33443.8,0.0,0.0,10000.0,0.0,0.0,0.0
2025-02-21 18:00:00,0.747854,37392.700000000004,7310.0,0.0,30082.700000000004,0.0,0.0,10000.0,0.0,0.0,0.0
2025-02-21 19:00:00,0.6681699999999999,33408.5,7310.0,0.0,26098.5,0.0,0.0,10000.0,0.0,0.0,0.0
2025-02-21 20:00:00,0.5564410000000001,27822.050000000003,7310.0,0.0,20512.050000000003,0.0,0.0,10000.0,0.0,0.0,0.0
2025-02-21 21:00:00,0.495674,24783.7,7310.0,0.0,17473.7,0.0,0.0,10000.0,0.0,0.0,0.0
2025-02-21 22:00:00,0.425027,21251.35,7310.0,0.0,13941.349999999999,0.0,0.0,10000.0,0.0,0.0,0.0
2025-02-21 23:00:00,0.37625400000000003,18812.7,7310.0,0.0,11502.7,0.0,0.0,10000.0,0.0,0.0,0.0
2025-02-22 00:00:00,0.322428,16121.4,7310.0,0.0,8811.4,0.0,0.0,10000.0,0.0,0.0,0.0
2025-02-22 01:00:00,0.27215,13607.5,7310.0,0.0,6297.5,0.0,0.0,10000.0,0.0,0.0,0.0
2025-02-22 02:00:00,0.250976,12548.8,7310.0,0.0,5238.799999999999,0.0,0.0,10000.0,0.0,0.0,0.0
2025-02-22 03:00:00,0.23746,11873.0,7310.0,0.0,4563.0,0.0,0.0,10000.0,0.0,0.0,0.0
2025-02-22 04:00:00,0.22744499999999998,11372.249999999998,7310.0,0.0,4062.249999999998,0.0,0.0,10000.0,0.0,0.0,0.0
2025-02-22 05:00:00,0.21858000000000002,10929.000000000002,7310.0,0.0,3619.000000000002,0.0,0.0,10000.0,0.0,0.0,0.0
2025-02-22 06:00:00,0.225197,11259.85,7310.0,0.0,3949.8500000000004,0.0,0.0,10000.0,0.0,0.0,0.0
2025-02-22 07:00:00,0.225257,11262.85,7310.0,0.0,3952.8500000000004,0.0,0.0,10000.0,0.0,0.0,0.0
2025-02-22 08:00:00,0.180119,9005.95,7310.0,0.0,1695.9500000000007,0.0,0.0,10000.0,0.0,0.0,0.0
2025-02-22 09:00:00,0.15892699999999998,7946.349999999999,7310.0,0.0,636.3499999999995,0.0,0.0,10000.0,0.0,0.0,0.0
2025-02-22 10:00:00,0.17184100000000002,8592.050000000001,7310.0,0.0,1282.050000000001,0.0,0.0,10000.0,0.0,0.0,0.0
2025-02-22 11:00:00,0.20606200000000002,10303.1,7310.0,0.0,2993.1000000000004,0.0,0.0,10000.0,0.0,0.0,0.0
2025-02-22 12:00:00,0.249232,12461.6,7310.0,0.0,5151.6,0.0,0.0,10000.0,0.0,0.0,0.0
2025-02-22 13:00:00,0.29132600000000003,14566.300000000001,7310.0,0.0,7256.300000000001,0.0,0.0,10000.0,0.0,0.0,0.0
2025-02-22 14:00:00,0.311232,15561.6,7310.0,0.0,8251.6,0.0,0.0,10000.0,0.0,0.0,0.0
2025-02-22 15:00:00,0.308037,15401.85,7310.0,0.0,8091.85,0.0,0.0,10000.0,0.0,0.0,0.0
2025-02-22 16:00:00,0.370967,18548.35,7310.0,0.0,11238.349999999999,0.0,0.0,10000.0,0.0,0.0,0.0
2025-02-22 17:00:00,0.471848,23592.399999999998,7310.0,0.0,16282.399999999998,0.0,0.0,10000.0,0.0,0.0,0.0
2025-02-22 18:00:00,0.48460000000000003,24230.0,7310.0,0.0,16920.0,0.0,0.0,10000.0,0.0,0.0,0.0
2025-02-22 19:00:00,0.479585,23979.25,7310.0,0.0,16669.25,0.0,0.0,10000.0,0.0,0.0,0.0
2025-02-22 20:00:00,0.48145699999999997,24072.85,7310.0,0.0,16762.85,0.0,0.0,10000.0,0.0,0.0,0.0
2025-02-22 21:00:00,0.434362,21718.100000000002,7310.0,0.0,14408.100000000002,0.0,0.0,10000.0,0.0,0.0,0.0
2025-02-22 22:00:00,0.35241,17620.5,7310.0,0.0,10310.5,0.0,0.0,10000.0,0.0,0.0,0.0
2025-02-22 23:00:00,0.27623899999999996,13811.949999999997,7310.0,0.0,6501.949999999997,0.0,0.0,10000.0,0.0,0.0,0.0
2025-02-23 00:00:00,0.243159,12157.949999999999,7310.0,0.0,4847.949999999999,0.0,0.0,10000.0,0.0,0.0,0.0
2025-02-23 01:00:00,0.259047,12952.350000000002,7310.0,0.0,5642.350000000002,0.0,0.0,10000.0,0.0,0.0,0.0
2025-02-23 02:00:00,0.277434,13871.7,7310.0,0.0,6561.700000000001,0.0,0.0,10000.0,0.0,0.0,0.0
2025-02-23 03:00:00,0.278023,13901.150000000001,7310.0,0.0,6591.1500000000015,0.0,0.0,10000.0,0.0,0.0,0.0
2025-02-23 04:00:00,0.326727,16336.35,7310.0,0.0,9026.35,0.0,0.0,10000.0,0.0,0.0,0.0
2025-02-23 05:00:00,0.39565100000000003,19782.550000000003,7310.0,0.0,12472.550000000003,0.0,0.0,10000.0,0.0,0.0,0.0
2025-02-23 06:00:00,0.459399,22969.95,7310.0,0.0,15659.95,0.0,0.0,10000.0,0.0,0.0,0.0
2025-02-23 07:00:00,0.5223669999999999,26118.349999999995,7310.0,0.0,18808.349999999995,0.0,0.0,10000.0,0.0,0.0,0.0
2025-02-23 08:00:00,0.5921620000000001,29608.100000000002,7310.0,0.0,22298.100000000002,0.0,0.0,10000.0,0.0,0.0,0.0
2025-02-23 09:00:00,0.679535,33976.75,7310.0,0.0,26666.75,0.0,0.0,10000.0,0.0,0.0,0.0
2025-02-23 10:00:00,0.808524,40426.200000000004,7310.0,0.0,33116.200000000004,0.0,0.0,10000.0,0.0,0.0,0.0
2025-02-23 11:00:00,0.8723540000000001,43617.700000000004,7310.0,0.0,36307.700000000004,0.0,0.0,10000.0,0.0,0.0,0.0
2025-02-23 12:00:00,0.895624,44781.2,7310.0,0.0,37471.2,0.0,0.0,10000.0,0.0,0.0,0.0
2025-02-23 13:00:00,0.9177190000000001,45885.950000000004,7310.0,0.0,38575.950000000004,0.0,0.0,10000.0,0.0,0.0,0.0
2025-02-23 14:00:00,0.9347369999999999,46736.85,7310.0,0.0,39426.85,0.0,0.0,10000.0,0.0,0.0,0.0
2025-02-23 15:00:00,0.944714,47235.700000000004,7310.0,0.0,39925.700000000004,0.0,0.0,10000.0,0.0,0.0,0.0
2025-02-23 16:00:00,0.948427,47421.35,7310.0,0.0,40111.35,0.0,0.0,10000.0,0.0,0.0,0.0
2025-02-23 17:00:00,0.950911,47545.549999999996,7310.0,0.0,40235.549999999996,0.0,0.0,10000.0,0.0,0.0,0.0
2025-02-23 18:00:00,0.9565410000000001,47827.05,7310.0,0.0,40517.05,0.0,0.0,10000.0,0.0,0.0,0.0
2025-02-23 19:00:00,0.9575130000000001,47875.65,7310.0,0.0,40565.65,0.0,0.0,10000.0,0.0,0.0,0.0
2025-02-23 20:00:00,0.9516789999999999,47583.95,7310.0,0.0,40273.95,0.0,0.0,10000.0,0.0,0.0,0.0
2025-02-23 21:00:00,0.9391649999999999,46958.24999999999,7310.0,0.0,39648.24999999999,0.0,0.0,10000.0,0.0,0.0,0.0
2025-02-23 22:00:00,0.928213,46410.649999999994,7310.0,0.0,39100.649999999994,0.0,0.0,10000.0,0.0,0.0,0.0
2025-02-23 23:00:00,0.92183,46091.5,7310.0,0.0,38781.5,0.0,0.0,10000.0,0.0,0.0,0.0
2025-02-24 00:00:00,0.903174,45158.700000000004,7310.0,0.0,37848.700000000004,0.0,0.0,10000.0,0.0,0.0,0.0
2025-02-24 01:00:00,0.8783540000000001,43917.700000000004,7310.0,0.0,36607.700000000004,0.0,0.0,10000.0,0.0,0.0,0.0
2025-02-24 02:00:00,0.868212,43410.6,7310.0,0.0,36100.6,0.0,0.0,10000.0,0.0,0.0,0.0
2025-02-24 03:00:00,0.83949,41974.5,7310.0,0.0,34664.5,0.0,0.0,10000.0,0.0,0.0,0.0
2025-02-24 04:00:00,0.753428,37671.4,7310.0,0.0,30361.4,0.0,0.0,10000.0,0.0,0.0,0.0
2025-02-24 05:00:00,0.633897,31694.850000000002,7310.0,0.0,24384.850000000002,0.0,0.0,10000.0,0.0,0.0,0.0
2025-02-24 06:00:00,0.528969,26448.45,7310.0,0.0,19138.45,0.0,0.0,10000.0,0.0,0.0,0.0
2025-02-24 07:00:00,0.433647,21682.35,7310.0,0.0,14372.349999999999,0.0,0.0,10000.0,0.0,0.0,0.0
2025-02-24 08:00:00,0.343237,17161.850000000002,7310.0,0.0,9851.850000000002,0.0,0.0,10000.0,0.0,0.0,0.0
2025-02-24 09:00:00,0.37426600000000004,18713.300000000003,7310.0,0.0,11403.300000000003,0.0,0.0,10000.0,0.0,0.0,0.0
2025-02-24 10:00:00,0.549727,27486.35,7310.0,0.0,20176.35,0.0,0.0,10000.0,0.0,0.0,0.0
2025-02-24 11:00:00,0.652292,32614.6,7310.0,0.0,25304.6,0.0,0.0,10000.0,0.0,0.0,0.0
2025-02-24 12:00:00,0.6357419999999999,31787.099999999995,7310.0,0.0,24477.099999999995,0.0,0.0,10000.0,0.0,0.0,0.0
2025-02-24 13:00:00,0.6012179999999999,30060.899999999994,7310.0,0.0,22750.899999999994,0.0,0.0,10000.0,0.0,0.0,0.0
2025-02-24 14:00:00,0.549728,27486.4,7310.0,0.0,20176.4,0.0,0.0,10000.0,0.0,0.0,0.0
2025-02-24 15:00:00,0.446996,22349.8,7310.0,0.0,15039.8,0.0,0.0,10000.0,0.0,0.0,0.0
2025-02-24 16:00:00,0.43041,21520.5,7310.0,0.0,14210.5,0.0,0.0,10000.0,0.0,0.0,0.0
2025-02-24 17:00:00,0.44502600000000003,22251.300000000003,7310.0,0.0,14941.300000000003,0.0,0.0,10000.0,0.0,0.0,0.0
2025-02-24 18:00:00,0.447002,22350.100000000002,7310.0,0.0,15040.100000000002,0.0,0.0,10000.0,0.0,0.0,0.0
2025-02-24 19:00:00,0.432309,21615.45,7310.0,0.0,14305.45,0.0,0.0,10000.0,0.0,0.0,0.0
2025-02-24 20:00:00,0.42030399999999996,21015.199999999997,7310.0,0.0,13705.199999999997,0.0,0.0,10000.0,0.0,0.0,0.0
2025-02-24 21:00:00,0.383629,19181.45,7310.0,0.0,11871.45,0.0,0.0,10000.0,0.0,0.0,0.0
2025-02-24 22:00:00,0.31589999999999996,15794.999999999998,7310.0,0.0,8484.999999999998,0.0,0.0,10000.0,0.0,0.0,0.0
2025-02-24 23:00:00,0.266252,13312.599999999999,7310.0,0.0,6002.5999999999985,0.0,0.0,10000.0,0.0,0.0,0.0
2025-02-25 00:00:00,0.234535,11726.75,7310.0,0.0,4416.75,0.0,0.0,10000.0,0.0,0.0,0.0
2025-02-25 01:00:00,0.16849899999999998,8424.949999999999,7310.0,0.0,1114.949999999999,0.0,0.0,10000.0,0.0,0.0,0.0
2025-02-25 02:00:00,0.13591999999999999,6795.999999999999,6795.999999999999,0.0,0.0,0.0,32.46640453519042,9967.533595464809,514.0000000000009,0.0,0.0
2025-02-25 03:00:00,0.11488899999999999,5744.45,5744.45,0.0,0.0,0.0,98.88673077834102,9868.646864686469,1565.5500000000002,0.0,0.0
2025-02-25 04:00:00,0.098665,4933.25,4933.25,0.0,0.0,0.0,150.12553886967646,9718.521325816791,2376.75,0.0,0.0
2025-02-25 05:00:00,0.086199,4309.95,4309.95,0.0,0.0,0.0,189.49579168443162,9529.02553413236,3000.05,0.0,0.0
2025-02-25 06:00:00,0.082691,4134.55,4134.55,0.0,0.0,0.0,200.57479432153744,9328.450739810822,3175.45,0.0,0.0
2025-02-25 07:00:00,0.081151,4057.55,4057.55,0.0,0.0,0.0,205.4384385807002,9123.012301230121,3252.45,0.0,0.0
2025-02-25 08:00:00,0.092782,4639.1,4639.1,0.0,0.0,0.0,168.70529158178977,8954.307009648332,2670.8999999999996,0.0,0.0
2025-02-25 09:00:00,0.126473,6323.650000000001,6323.650000000001,0.0,0.0,0.0,62.30201967565175,8892.00498997268,986.3499999999995,0.0,0.0
2025-02-25 10:00:00,0.160048,8002.4,7310.0,692.3999999999996,0.0,12.822222222222216,0.0,8904.827212194903,0.0,0.0,0.0
2025-02-25 11:00:00,0.191047,9552.35,7310.0,2242.3500000000004,0.0,41.525000000000006,0.0,8946.352212194903,0.0,0.0,0.0
2025-02-25 12:00:00,0.227416,11370.800000000001,7310.0,4060.800000000001,0.0,75.20000000000002,0.0,9021.552212194903,0.0,0.0,0.0
2025-02-25 13:00:00,0.263987,13199.350000000002,7310.0,5889.350000000002,0.0,109.06203703703707,0.0,9130.614249231941,0.0,0.0,0.0
2025-02-25 14:00:00,0.296904,14845.2,7310.0,7535.2,9.094947017729282e-13,139.54074074074074,0.0,9270.154989972682,0.0,0.0,0.0
2025-02-25 15:00:00,0.30246300000000004,15123.150000000001,7310.0,7813.1500000000015,0.0,144.68796296296298,0.0,9414.842952935645,0.0,0.0,0.0
2025-02-25 16:00:00,0.297327,14866.35,7310.0,7556.350000000001,-9.094947017729282e-13,139.93240740740742,0.0,9554.775360343052,0.0,0.0,0.0
2025-02-25 17:00:00,0.352383,17619.15,7310.0,10309.150000000001,0.0,190.9101851851852,0.0,9745.685545528237,0.0,0.0,0.0
2025-02-25 18:00:00,0.400349,20017.45,7310.0,12707.45,0.0,235.32314814814816,0.0,9981.008693676386,0.0,0.0,0.0
2025-02-25 19:00:00,0.422314,21115.7,7310.0,1025.530541475182,12780.169458524819,18.99130632361448,0.0,10000.0,0.0,0.0,0.0
2025-02-25 20:00:00,0.42158300000000004,21079.15,7310.0,0.0,13769.150000000001,0.0,0.0,10000.0,0.0,0.0,0.0
2025-02-25 21:00:00,0.419548,20977.399999999998,7310.0,0.0,13667.399999999998,0.0,0.0,10000.0,0.0,0.0,0.0
2025-02-25 22:00:00,0.404291,20214.55,7310.0,0.0,12904.55,0.0,0.0,10000.0,0.0,0.0,0.0
2025-02-25 23:00:00,0.341366,17068.3,7310.0,0.0,9758.3,0.0,0.0,10000.0,0.0,0.0,0.0
2025-02-26 00:00:00,0.26964,13482.0,7310.0,0.0,6172.0,0.0,0.0,10000.0,0.0,0.0,0.0
2025-02-26 01:00:00,0.194412,9720.6,7310.0,0.0,2410.6000000000004,0.0,0.0,10000.0,0.0,0.0,0.0
2025-02-26 02:00:00,0.162903,8145.15,7310.0,0.0,835.1499999999996,0.0,0.0,10000.0,0.0,0.0,0.0
2025-02-26 03:00:00,0.153114,7655.7,7310.0,0.0,345.6999999999998,0.0,0.0,10000.0,0.0,0.0,0.0
2025-02-26 04:00:00,0.157988,7899.4,7310.0,0.0,589.3999999999996,0.0,0.0,10000.0,0.0,0.0,0.0
2025-02-26 05:00:00,0.187952,9397.6,7310.0,0.0,2087.6000000000004,0.0,0.0,10000.0,0.0,0.0,0.0
2025-02-26 06:00:00,0.23012100000000002,11506.050000000001,7310.0,0.0,4196.050000000001,0.0,0.0,10000.0,0.0,0.0,0.0
2025-02-26 07:00:00,0.280296,14014.8,7310.0,0.0,6704.799999999999,0.0,0.0,10000.0,0.0,0.0,0.0
2025-02-26 08:00:00,0.400479,20023.949999999997,7310.0,0.0,12713.949999999997,0.0,0.0,10000.0,0.0,0.0,0.0
2025-02-26 09:00:00,0.5185230000000001,25926.150000000005,7310.0,0.0,18616.150000000005,0.0,0.0,10000.0,0.0,0.0,0.0
2025-02-26 10:00:00,0.6667179999999999,33335.899999999994,7310.0,0.0,26025.899999999994,0.0,0.0,10000.0,0.0,0.0,0.0
2025-02-26 11:00:00,0.61941,30970.5,7310.0,0.0,23660.5,0.0,0.0,10000.0,0.0,0.0,0.0
2025-02-26 12:00:00,0.457491,22874.55,7310.0,0.0,15564.55,0.0,0.0,10000.0,0.0,0.0,0.0
2025-02-26 13:00:00,0.34036,17018.0,7310.0,0.0,9708.0,0.0,0.0,10000.0,0.0,0.0,0.0
2025-02-26 14:00:00,0.273202,13660.1,7310.0,0.0,6350.1,0.0,0.0,10000.0,0.0,0.0,0.0
2025-02-26 15:00:00,0.31716,15858.0,7310.0,0.0,8548.0,0.0,0.0,10000.0,0.0,0.0,0.0
2025-02-26 16:00:00,0.39507400000000004,19753.7,7310.0,0.0,12443.7,0.0,0.0,10000.0,0.0,0.0,0.0
2025-02-26 17:00:00,0.48697500000000005,24348.750000000004,7310.0,0.0,17038.750000000004,0.0,0.0,10000.0,0.0,0.0,0.0
2025-02-26 18:00:00,0.507213,25360.65,7310.0,0.0,18050.65,0.0,0.0,10000.0,0.0,0.0,0.0
2025-02-26 19:00:00,0.478705,23935.25,7310.0,0.0,16625.25,0.0,0.0,10000.0,0.0,0.0,0.0
2025-02-26 20:00:00,0.466305,23315.25,7310.0,0.0,16005.25,0.0,0.0,10000.0,0.0,0.0,0.0
2025-02-26 21:00:00,0.46353,23176.5,7310.0,0.0,15866.5,0.0,0.0,10000.0,0.0,0.0,0.0
2025-02-26 22:00:00,0.447595,22379.75,7310.0,0.0,15069.75,0.0,0.0,10000.0,0.0,0.0,0.0
2025-02-26 23:00:00,0.425041,21252.05,7310.0,0.0,13942.05,0.0,0.0,10000.0,0.0,0.0,0.0
2025-02-27 00:00:00,0.42229500000000003,21114.75,7310.0,0.0,13804.75,0.0,0.0,10000.0,0.0,0.0,0.0
2025-02-27 01:00:00,0.431902,21595.100000000002,7310.0,0.0,14285.100000000002,0.0,0.0,10000.0,0.0,0.0,0.0
2025-02-27 02:00:00,0.474059,23702.95,7310.0,0.0,16392.95,0.0,0.0,10000.0,0.0,0.0,0.0
2025-02-27 03:00:00,0.501189,25059.45,7310.0,0.0,17749.45,0.0,0.0,10000.0,0.0,0.0,0.0
2025-02-27 04:00:00,0.518529,25926.45,7310.0,0.0,18616.45,0.0,0.0,10000.0,0.0,0.0,0.0
2025-02-27 05:00:00,0.523182,26159.100000000002,7310.0,0.0,18849.100000000002,0.0,0.0,10000.0,0.0,0.0,0.0
2025-02-27 06:00:00,0.49219999999999997,24610.0,7310.0,0.0,17300.0,0.0,0.0,10000.0,0.0,0.0,0.0
2025-02-27 07:00:00,0.412755,20637.75,7310.0,0.0,13327.75,0.0,0.0,10000.0,0.0,0.0,0.0
2025-02-27 08:00:00,0.43080599999999997,21540.3,7310.0,0.0,14230.3,0.0,0.0,10000.0,0.0,0.0,0.0
2025-02-27 09:00:00,0.48681,24340.5,7310.0,0.0,17030.5,0.0,0.0,10000.0,0.0,0.0,0.0
2025-02-27 10:00:00,0.484222,24211.1,7310.0,0.0,16901.1,0.0,0.0,10000.0,0.0,0.0,0.0
2025-02-27 11:00:00,0.492293,24614.649999999998,7310.0,0.0,17304.649999999998,0.0,0.0,10000.0,0.0,0.0,0.0
2025-02-27 12:00:00,0.500722,25036.1,7310.0,0.0,17726.1,0.0,0.0,10000.0,0.0,0.0,0.0
2025-02-27 13:00:00,0.497971,24898.55,7310.0,0.0,17588.55,0.0,0.0,10000.0,0.0,0.0,0.0
2025-02-27 14:00:00,0.47661000000000003,23830.5,7310.0,0.0,16520.5,0.0,0.0,10000.0,0.0,0.0,0.0
2025-02-27 15:00:00,0.424736,21236.8,7310.0,0.0,13926.8,0.0,0.0,10000.0,0.0,0.0,0.0
2025-02-27 16:00:00,0.364276,18213.8,7310.0,0.0,10903.8,0.0,0.0,10000.0,0.0,0.0,0.0
2025-02-27 17:00:00,0.385623,19281.15,7310.0,0.0,11971.150000000001,0.0,0.0,10000.0,0.0,0.0,0.0
2025-02-27 18:00:00,0.40163600000000005,20081.800000000003,7310.0,0.0,12771.800000000003,0.0,0.0,10000.0,0.0,0.0,0.0
2025-02-27 19:00:00,0.39101600000000003,19550.800000000003,7310.0,0.0,12240.800000000003,0.0,0.0,10000.0,0.0,0.0,0.0
2025-02-27 20:00:00,0.355006,17750.3,7310.0,0.0,10440.3,0.0,0.0,10000.0,0.0,0.0,0.0
2025-02-27 21:00:00,0.320062,16003.1,7310.0,0.0,8693.1,0.0,0.0,10000.0,0.0,0.0,0.0
2025-02-27 22:00:00,0.296676,14833.8,7310.0,0.0,7523.799999999999,0.0,0.0,10000.0,0.0,0.0,0.0
2025-02-27 23:00:00,0.27841899999999997,13920.949999999999,7310.0,0.0,6610.949999999999,0.0,0.0,10000.0,0.0,0.0,0.0
2025-02-28 00:00:00,0.26727999999999996,13363.999999999998,7310.0,0.0,6053.999999999998,0.0,0.0,10000.0,0.0,0.0,0.0
2025-02-28 01:00:00,0.25698200000000004,12849.100000000002,7310.0,0.0,5539.100000000002,0.0,0.0,10000.0,0.0,0.0,0.0
2025-02-28 02:00:00,0.22969,11484.5,7310.0,0.0,4174.5,0.0,0.0,10000.0,0.0,0.0,0.0
2025-02-28 03:00:00,0.17975,8987.5,7310.0,0.0,1677.5,0.0,0.0,10000.0,0.0,0.0,0.0
2025-02-28 04:00:00,0.120144,6007.2,6007.2,0.0,0.0,0.0,82.29033429658757,9917.709665703413,1302.8000000000002,0.0,0.0
2025-02-28 05:00:00,0.076391,3819.55,3819.55,0.0,0.0,0.0,220.47152083629416,9697.238144867119,3490.45,0.0,0.0
2025-02-28 06:00:00,0.061095,3054.75,3054.75,0.0,0.0,0.0,268.7795095299004,9428.458635337218,4255.25,0.0,0.0
2025-02-28 07:00:00,0.061159,3057.95,3057.95,0.0,0.0,0.0,268.5773840541949,9159.881251283023,4252.05,0.0,0.0
2025-02-28 08:00:00,0.054493,2724.65,2724.65,0.0,0.0,0.0,289.6300156331423,8870.251235649881,4585.35,0.0,0.0
2025-02-28 09:00:00,0.044717,2235.85,2235.85,0.0,0.0,0.0,320.5046820471521,8549.746553602728,5074.15,0.0,0.0
2025-02-28 10:00:00,0.047069,2353.45,2353.45,0.0,0.0,0.0,313.07657081497626,8236.669982787753,4956.55,0.0,0.0
2025-02-28 11:00:00,0.041336,2066.7999999999997,2066.7999999999997,0.0,0.0,0.0,331.18259194340493,7905.487390844348,5243.200000000001,0.0,0.0
2025-02-28 12:00:00,0.04625,2312.5,2312.5,0.0,0.0,0.0,315.66314526189467,7589.824245582453,4997.5,0.0,0.0
2025-02-28 13:00:00,0.052988,2649.4,2649.4,0.0,0.0,0.0,294.38312252277865,7295.441123059674,4660.6,0.0,0.0
2025-02-28 14:00:00,0.059438000000000005,2971.9,2971.9,0.0,0.0,0.0,274.01266442433723,7021.428458635337,4338.1,0.0,0.0
2025-02-28 15:00:00,0.067152,3357.6000000000004,3357.6000000000004,0.0,0.0,0.0,249.65022818071282,6771.7782304546245,3952.3999999999996,0.0,0.0
2025-02-28 16:00:00,0.082823,4141.15,4141.15,0.0,0.0,0.0,200.15791052789496,6571.620319926729,3168.8500000000004,0.0,0.0
2025-02-28 17:00:00,0.10688299999999999,5344.15,5344.15,0.0,0.0,0.0,124.17136450487158,6447.448955421858,1965.8500000000004,0.0,0.0
2025-02-28 18:00:00,0.124288,6214.4,6214.4,0.0,0.0,0.0,69.2027097446587,6378.246245677199,1095.6000000000004,0.0,0.0
2025-02-28 19:00:00,0.139129,6956.45,6956.45,0.0,0.0,0.0,22.33170685489603,6355.914538822303,353.5500000000002,0.0,0.0
2025-02-28 20:00:00,0.149154,7457.700000000001,7310.0,147.70000000000073,0.0,2.7351851851851987,0.0,6358.649724007489,0.0,0.0,0.0
2025-02-28 21:00:00,0.15515199999999998,7757.599999999999,7310.0,447.59999999999945,0.0,8.288888888888879,0.0,6366.938612896378,0.0,0.0,0.0
2025-02-28 22:00:00,0.14904,7452.0,7310.0,142.0,0.0,2.6296296296296298,0.0,6369.568242526007,0.0,0.0,0.0
2025-02-28 23:00:00,0.127425,6371.250000000001,6371.250000000001,0.0,0.0,0.0,59.295403224532926,6310.272839301475,938.7499999999991,0.0,0.0
2025-03-01 00:00:00,0.09809,4904.5,4904.5,0.0,0.0,0.0,151.94150994046774,6158.331329361007,2405.5,0.0,0.0
2025-03-01 01:00:00,0.060762000000000004,3038.1000000000004,3038.1000000000004,0.0,0.0,0.0,269.83119364568034,5888.500135715327,4271.9,0.0,0.0
2025-03-01 02:00:00,0.027247,1362.35,1362.35,0.0,0.0,0.0,375.67862049362833,5512.821515221699,5947.65,0.0,0.0
2025-03-01 03:00:00,0.012576,628.8000000000001,628.8000000000001,0.0,0.0,0.0,422.0127275885484,5090.80878763315,6681.2,0.0,0.0
2025-03-01 04:00:00,0.009229,461.45,461.45,0.0,0.0,0.0,432.5832583258327,4658.225529307318,6848.55,0.0,0.0
2025-03-01 05:00:00,0.009634,481.7,481.7,0.0,0.0,0.0,431.304183049884,4226.9213462574335,6828.3,0.0,0.0
2025-03-01 06:00:00,0.010809,540.4499999999999,540.4499999999999,0.0,0.0,0.0,427.59328564435395,3799.3280606130793,6769.55,0.0,0.0
2025-03-01 07:00:00,0.010551999999999999,527.5999999999999,527.5999999999999,0.0,0.0,0.0,428.4049457577337,3370.9231148553454,6782.4,0.0,0.0
2025-03-01 08:00:00,0.009474,473.7,473.7,0.0,0.0,0.0,431.8094967391477,2939.113618116198,6836.3,0.0,0.0
2025-03-01 09:00:00,0.016363,818.15,818.15,0.0,0.0,0.0,410.05258420578906,2529.0610339104087,6491.85,0.0,0.0
2025-03-01 10:00:00,0.035508000000000005,1775.4000000000003,1775.4000000000003,0.0,0.0,0.0,349.5886430748338,2179.472390835575,5534.599999999999,0.0,0.0
2025-03-01 11:00:00,0.050393,2519.65,2519.65,0.0,0.0,0.0,302.5786789205237,1876.8937119150512,4790.35,0.0,0.0
2025-03-01 12:00:00,0.056837000000000006,2841.8500000000004,2841.8500000000004,0.0,0.0,0.0,282.22717008542963,1594.6665418296216,4468.15,0.0,0.0
2025-03-01 13:00:00,0.056195999999999996,2809.7999999999997,2809.7999999999997,0.0,0.0,0.0,284.2515830530422,1310.4149587765794,4500.200000000001,0.0,0.0
2025-03-01 14:00:00,0.052829,2641.4500000000003,2641.4500000000003,0.0,0.0,0.0,294.8852780014843,1015.5296807750951,4668.549999999999,0.0,0.0
2025-03-01 15:00:00,0.04675,2337.5,2337.5,0.0,0.0,0.0,314.0840399829457,701.4456407921494,4972.5,0.0,0.0
2025-03-01 16:00:00,0.046157,2307.85,2307.85,0.0,0.0,0.0,315.9568588437791,385.48878194837033,5002.15,0.0,0.0
2025-03-01 17:00:00,0.044617,2230.85,2230.85,0.0,0.0,0.0,320.82050310294187,64.66827884542846,5079.15,0.0,0.0
2025-03-01 18:00:00,0.039047,1952.35,1952.35,0.0,0.0,0.0,64.66827884542846,0.0,1023.812023611112,4333.837976388888,0.0
2025-03-01 19:00:00,0.032619,1630.95,1630.95,0.0,0.0,0.0,0.0,0.0,0.0,5679.05,0.0
2025-03-01 20:00:00,0.029168,1458.3999999999999,1458.3999999999999,0.0,0.0,0.0,0.0,0.0,0.0,5851.6,0.0
2025-03-01 21:00:00,0.035467,1773.35,1773.35,0.0,0.0,0.0,0.0,0.0,0.0,5536.65,0.0
2025-03-01 22:00:00,0.057152,2857.6,2857.6,0.0,0.0,0.0,0.0,0.0,0.0,4452.4,0.0
2025-03-01 23:00:00,0.08562099999999999,4281.049999999999,4281.049999999999,0.0,0.0,0.0,0.0,0.0,0.0,3028.9500000000007,0.0
2025-03-02 00:00:00,0.088309,4415.45,4415.45,0.0,0.0,0.0,0.0,0.0,0.0,2894.55,0.0
2025-03-02 01:00:00,0.054436,2721.7999999999997,2721.7999999999997,0.0,0.0,0.0,0.0,0.0,0.0,4588.200000000001,0.0
2025-03-02 02:00:00,0.022643,1132.15,1132.15,0.0,0.0,0.0,0.0,0.0,0.0,6177.85,0.0
2025-03-02 03:00:00,0.013692,684.5999999999999,684.5999999999999,0.0,0.0,0.0,0.0,0.0,0.0,6625.4,0.0
2025-03-02 04:00:00,0.01367,683.5,683.5,0.0,0.0,0.0,0.0,0.0,0.0,6626.5,0.0
2025-03-02 05:00:00,0.014374000000000001,718.7,718.7,0.0,0.0,0.0,0.0,0.0,0.0,6591.3,0.0
2025-03-02 06:00:00,0.016898,844.9,844.9,0.0,0.0,0.0,0.0,0.0,0.0,6465.1,0.0
2025-03-02 07:00:00,0.019059999999999997,952.9999999999999,952.9999999999999,0.0,0.0,0.0,0.0,0.0,0.0,6357.0,0.0
2025-03-02 08:00:00,0.019420000000000003,971.0000000000001,971.0000000000001,0.0,0.0,0.0,0.0,0.0,0.0,6339.0,0.0
2025-03-02 09:00:00,0.025325,1266.25,1266.25,0.0,0.0,0.0,0.0,0.0,0.0,6043.75,0.0
2025-03-02 10:00:00,0.051335,2566.75,2566.75,0.0,0.0,0.0,0.0,0.0,0.0,4743.25,0.0
2025-03-02 11:00:00,0.050548,2527.4,2527.4,0.0,0.0,0.0,0.0,0.0,0.0,4782.6,0.0
2025-03-02 12:00:00,0.037255,1862.7500000000002,1862.7500000000002,0.0,0.0,0.0,0.0,0.0,0.0,5447.25,0.0
2025-03-02 13:00:00,0.023844,1192.2,1192.2,0.0,0.0,0.0,0.0,0.0,0.0,6117.8,0.0
2025-03-02 14:00:00,0.013718999999999999,685.9499999999999,685.9499999999999,0.0,0.0,0.0,0.0,0.0,0.0,6624.05,0.0
2025-03-02 15:00:00,0.008577,428.84999999999997,428.84999999999997,0.0,0.0,0.0,0.0,0.0,0.0,6881.15,0.0
2025-03-02 16:00:00,0.007942,397.09999999999997,397.09999999999997,0.0,0.0,0.0,0.0,0.0,0.0,6912.9,0.0
2025-03-02 17:00:00,0.011374,568.7,568.7,0.0,0.0,0.0,0.0,0.0,0.0,6741.3,0.0
2025-03-02 18:00:00,0.022763000000000002,1138.15,1138.15,0.0,0.0,0.0,0.0,0.0,0.0,6171.85,0.0
2025-03-02 19:00:00,0.039109000000000005,1955.4500000000003,1955.4500000000003,0.0,0.0,0.0,0.0,0.0,0.0,5354.549999999999,0.0
2025-03-02 20:00:00,0.050248,2512.4,2512.4,0.0,0.0,0.0,0.0,0.0,0.0,4797.6,0.0
2025-03-02 21:00:00,0.057443,2872.15,2872.15,0.0,0.0,0.0,0.0,0.0,0.0,4437.85,0.0
2025-03-02 22:00:00,0.059948,2997.4,2997.4,0.0,0.0,0.0,0.0,0.0,0.0,4312.6,0.0
2025-03-02 23:00:00,0.063351,3167.55,3167.55,0.0,0.0,0.0,0.0,0.0,0.0,4142.45,0.0
2025-03-03 00:00:00,0.07141800000000001,3570.9000000000005,3570.9000000000005,0.0,0.0,0.0,0.0,0.0,0.0,3739.0999999999995,0.0
2025-03-03 01:00:00,0.071929,3596.4500000000003,3596.4500000000003,0.0,0.0,0.0,0.0,0.0,0.0,3713.5499999999997,0.0
2025-03-03 02:00:00,0.052351999999999996,2617.6,2617.6,0.0,0.0,0.0,0.0,0.0,0.0,4692.4,0.0
2025-03-03 03:00:00,0.035195,1759.7499999999998,1759.7499999999998,0.0,0.0,0.0,0.0,0.0,0.0,5550.25,0.0
2025-03-03 04:00:00,0.040515999999999996,2025.7999999999997,2025.7999999999997,0.0,0.0,0.0,0.0,0.0,0.0,5284.200000000001,0.0
2025-03-03 05:00:00,0.042182000000000004,2109.1000000000004,2109.1000000000004,0.0,0.0,0.0,0.0,0.0,0.0,5200.9,0.0
2025-03-03 06:00:00,0.040548,2027.4,2027.4,0.0,0.0,0.0,0.0,0.0,0.0,5282.6,0.0
2025-03-03 07:00:00,0.040749,2037.45,2037.45,0.0,0.0,0.0,0.0,0.0,0.0,5272.55,0.0
2025-03-03 08:00:00,0.031489,1574.45,1574.45,0.0,0.0,0.0,0.0,0.0,0.0,5735.55,0.0
2025-03-03 09:00:00,0.02517,1258.5,1258.5,0.0,0.0,0.0,0.0,0.0,0.0,6051.5,0.0
2025-03-03 10:00:00,0.043675,2183.75,2183.75,0.0,0.0,0.0,0.0,0.0,0.0,5126.25,0.0
2025-03-03 11:00:00,0.035275,1763.75,1763.75,0.0,0.0,0.0,0.0,0.0,0.0,5546.25,0.0
2025-03-03 12:00:00,0.021632000000000002,1081.6000000000001,1081.6000000000001,0.0,0.0,0.0,0.0,0.0,0.0,6228.4,0.0
2025-03-03 13:00:00,0.010839,541.9499999999999,541.9499999999999,0.0,0.0,0.0,0.0,0.0,0.0,6768.05,0.0
2025-03-03 14:00:00,0.008504,425.2,425.2,0.0,0.0,0.0,0.0,0.0,0.0,6884.8,0.0
2025-03-03 15:00:00,0.01009,504.5,504.5,0.0,0.0,0.0,0.0,0.0,0.0,6805.5,0.0
2025-03-03 16:00:00,0.015574999999999999,778.7499999999999,778.7499999999999,0.0,0.0,0.0,0.0,0.0,0.0,6531.25,0.0
2025-03-03 17:00:00,0.030493,1524.6499999999999,1524.6499999999999,0.0,0.0,0.0,0.0,0.0,0.0,5785.35,0.0
2025-03-03 18:00:00,0.048033,2401.65,2401.65,0.0,0.0,0.0,0.0,0.0,0.0,4908.35,0.0
2025-03-03 19:00:00,0.049497,2474.85,2474.85,0.0,0.0,0.0,0.0,0.0,0.0,4835.15,0.0
2025-03-03 20:00:00,0.041326999999999996,2066.35,2066.35,0.0,0.0,0.0,0.0,0.0,0.0,5243.65,0.0
2025-03-03 21:00:00,0.034709000000000004,1735.4500000000003,1735.4500000000003,0.0,0.0,0.0,0.0,0.0,0.0,5574.549999999999,0.0
2025-03-03 22:00:00,0.029966,1498.3,1498.3,0.0,0.0,0.0,0.0,0.0,0.0,5811.7,0.0
2025-03-03 23:00:00,0.029478,1473.9,1473.9,0.0,0.0,0.0,0.0,0.0,0.0,5836.1,0.0
2025-03-04 00:00:00,0.030909,1545.45,1545.45,0.0,0.0,0.0,0.0,0.0,0.0,5764.55,0.0
2025-03-04 01:00:00,0.032635,1631.7499999999998,1631.7499999999998,0.0,0.0,0.0,0.0,0.0,0.0,5678.25,0.0
2025-03-04 02:00:00,0.034719,1735.95,1735.95,0.0,0.0,0.0,0.0,0.0,0.0,5574.05,0.0
2025-03-04 03:00:00,0.027414,1370.7,1370.7,0.0,0.0,0.0,0.0,0.0,0.0,5939.3,0.0
2025-03-04 04:00:00,0.014916,745.8000000000001,745.8000000000001,0.0,0.0,0.0,0.0,0.0,0.0,6564.2,0.0
2025-03-04 05:00:00,0.016602,830.0999999999999,830.0999999999999,0.0,0.0,0.0,0.0,0.0,0.0,6479.9,0.0
2025-03-04 06:00:00,0.034578000000000005,1728.9000000000003,1728.9000000000003,0.0,0.0,0.0,0.0,0.0,0.0,5581.099999999999,0.0
2025-03-04 07:00:00,0.05077,2538.5,2538.5,0.0,0.0,0.0,0.0,0.0,0.0,4771.5,0.0
2025-03-04 08:00:00,0.04234,2117.0,2117.0,0.0,0.0,0.0,0.0,0.0,0.0,5193.0,0.0
2025-03-04 09:00:00,0.031299,1564.95,1564.95,0.0,0.0,0.0,0.0,0.0,0.0,5745.05,0.0
2025-03-04 10:00:00,0.042796,2139.8,2139.8,0.0,0.0,0.0,0.0,0.0,0.0,5170.2,0.0
2025-03-04 11:00:00,0.054873,2743.65,2743.65,0.0,0.0,0.0,0.0,0.0,0.0,4566.35,0.0
2025-03-04 12:00:00,0.085915,4295.75,4295.75,0.0,0.0,0.0,0.0,0.0,0.0,3014.25,0.0
2025-03-04 13:00:00,0.113672,5683.599999999999,5683.599999999999,0.0,0.0,0.0,0.0,0.0,0.0,1626.4000000000005,0.0
2025-03-04 14:00:00,0.120352,6017.6,6017.6,0.0,0.0,0.0,0.0,0.0,0.0,1292.3999999999996,0.0
2025-03-04 15:00:00,0.120027,6001.349999999999,6001.349999999999,0.0,0.0,0.0,0.0,0.0,0.0,1308.6500000000005,0.0
2025-03-04 16:00:00,0.13541399999999998,6770.699999999999,6770.699999999999,0.0,0.0,0.0,0.0,0.0,0.0,539.3000000000011,0.0
2025-03-04 17:00:00,0.23349,11674.5,7310.0,4364.5,0.0,80.82407407407408,0.0,80.82407407407408,0.0,0.0,0.0
2025-03-04 18:00:00,0.39787900000000004,19893.95,7310.0,12583.95,0.0,233.03611111111113,0.0,313.8601851851852,0.0,0.0,0.0
2025-03-04 19:00:00,0.43547,21773.5,7310.0,14463.5,0.0,267.8425925925926,0.0,581.7027777777778,0.0,0.0,0.0
2025-03-04 20:00:00,0.412006,20600.3,7310.0,13290.3,0.0,246.11666666666665,0.0,827.8194444444445,0.0,0.0,0.0
2025-03-04 21:00:00,0.373567,18678.35,7310.0,11368.349999999999,0.0,210.52499999999998,0.0,1038.3444444444444,0.0,0.0,0.0
2025-03-04 22:00:00,0.31002300000000005,15501.150000000003,7310.0,8191.150000000002,9.094947017729282e-13,151.687962962963,0.0,1190.0324074074074,0.0,0.0,0.0
2025-03-04 23:00:00,0.253132,12656.6,7310.0,5346.6,0.0,99.01111111111112,0.0,1289.0435185185186,0.0,0.0,0.0
2025-03-05 00:00:00,0.22928700000000002,11464.35,7310.0,4154.35,0.0,76.93240740740741,0.0,1365.975925925926,0.0,0.0,0.0
2025-03-05 01:00:00,0.248678,12433.9,7310.0,5123.9,0.0,94.88703703703703,0.0,1460.8629629629631,0.0,0.0,0.0
2025-03-05 02:00:00,0.295569,14778.45,7310.0,7468.45,9.094947017729282e-13,138.30462962962963,0.0,1599.1675925925929,0.0,0.0,0.0
2025-03-05 03:00:00,0.353811,17690.55,7310.0,10380.55,0.0,192.2324074074074,0.0,1791.4000000000003,0.0,0.0,0.0
2025-03-05 04:00:00,0.395094,19754.7,7310.0,12444.7,0.0,230.45740740740743,0.0,2021.8574074074077,0.0,0.0,0.0
2025-03-05 05:00:00,0.39508699999999997,19754.35,7310.0,12444.349999999999,0.0,230.4509259259259,0.0,2252.3083333333334,0.0,0.0,0.0
2025-03-05 06:00:00,0.35503199999999996,17751.6,7310.0,10441.599999999999,0.0,193.36296296296294,0.0,2445.6712962962965,0.0,0.0,0.0
2025-03-05 07:00:00,0.254179,12708.949999999999,7310.0,5398.949999999999,0.0,99.98055555555554,0.0,2545.651851851852,0.0,0.0,0.0
2025-03-05 08:00:00,0.186337,9316.85,7310.0,2006.8500000000006,-2.2737367544323206e-13,37.1638888888889,0.0,2582.8157407407407,0.0,0.0,0.0
2025-03-05 09:00:00,0.200873,10043.65,7310.0,2733.6499999999996,0.0,50.62314814814814,0.0,2633.438888888889,0.0,0.0,0.0
2025-03-05 10:00:00,0.209559,10477.949999999999,7310.0,3167.949999999999,0.0,58.66574074074072,0.0,2692.1046296296295,0.0,0.0,0.0
2025-03-05 11:00:00,0.21237799999999998,10618.9,7310.0,3308.8999999999996,0.0,61.27592592592592,0.0,2753.3805555555555,0.0,0.0,0.0
2025-03-05 12:00:00,0.209302,10465.099999999999,7310.0,3155.0999999999985,0.0,58.42777777777775,0.0,2811.8083333333334,0.0,0.0,0.0
2025-03-05 13:00:00,0.200516,10025.8,7310.0,2715.7999999999993,0.0,50.29259259259258,0.0,2862.100925925926,0.0,0.0,0.0
2025-03-05 14:00:00,0.182669,9133.45,7310.0,1823.4500000000007,0.0,33.76759259259261,0.0,2895.8685185185186,0.0,0.0,0.0
2025-03-05 15:00:00,0.167107,8355.35,7310.0,1045.3500000000004,0.0,19.35833333333334,0.0,2915.2268518518517,0.0,0.0,0.0
2025-03-05 16:00:00,0.185621,9281.050000000001,7310.0,1971.050000000001,0.0,36.50092592592595,0.0,2951.7277777777776,0.0,0.0,0.0
2025-03-05 17:00:00,0.261369,13068.45,7310.0,5758.450000000001,0.0,106.63796296296297,0.0,3058.3657407407404,0.0,0.0,0.0
2025-03-05 18:00:00,0.316419,15820.95,7310.0,8510.95,0.0,157.6101851851852,0.0,3215.975925925926,0.0,0.0,0.0
2025-03-05 19:00:00,0.344966,17248.3,7310.0,9938.3,0.0,184.04259259259257,0.0,3400.0185185185182,0.0,0.0,0.0
2025-03-05 20:00:00,0.350998,17549.899999999998,7310.0,10239.899999999998,0.0,189.62777777777774,0.0,3589.646296296296,0.0,0.0,0.0
2025-03-05 21:00:00,0.344099,17204.95,7310.0,9894.95,0.0,183.23981481481482,0.0,3772.886111111111,0.0,0.0,0.0
2025-03-05 22:00:00,0.33752499999999996,16876.25,7310.0,9566.25,0.0,177.15277777777777,0.0,3950.038888888889,0.0,0.0,0.0
2025-03-05 23:00:00,0.335418,16770.9,7310.0,9460.900000000001,0.0,175.20185185185187,0.0,4125.240740740741,0.0,0.0,0.0
2025-03-06 00:00:00,0.33112,16556.0,7310.0,9246.0,0.0,171.22222222222223,0.0,4296.4629629629635,0.0,0.0,0.0
2025-03-06 01:00:00,0.320076,16003.800000000001,7310.0,8693.800000000001,0.0,160.99629629629632,0.0,4457.45925925926,0.0,0.0,0.0
2025-03-06 02:00:00,0.302467,15123.349999999999,7310.0,7813.3499999999985,0.0,144.69166666666663,0.0,4602.1509259259265,0.0,0.0,0.0
2025-03-06 03:00:00,0.281439,14071.949999999999,7310.0,6761.949999999999,0.0,125.22129629629627,0.0,4727.372222222223,0.0,0.0,0.0
2025-03-06 04:00:00,0.262434,13121.7,7310.0,5811.700000000001,0.0,107.62407407407409,0.0,4834.996296296297,0.0,0.0,0.0
2025-03-06 05:00:00,0.251197,12559.85,7310.0,5249.85,0.0,97.21944444444445,0.0,4932.215740740742,0.0,0.0,0.0
2025-03-06 06:00:00,0.263727,13186.35,7310.0,5876.35,0.0,108.8212962962963,0.0,5041.037037037038,0.0,0.0,0.0
2025-03-06 07:00:00,0.269658,13482.9,7310.0,6172.9,0.0,114.31296296296296,0.0,5155.350000000001,0.0,0.0,0.0
2025-03-06 08:00:00,0.1829,9145.0,7310.0,1835.0,0.0,33.98148148148148,0.0,5189.331481481483,0.0,0.0,0.0
2025-03-06 09:00:00,0.130105,6505.25,6505.25,0.0,0.0,0.0,50.83139892936663,5138.5000825521165,804.75,0.0,0.0
2025-03-06 10:00:00,0.209984,10499.2,7310.0,3189.2000000000007,0.0,59.05925925925927,0.0,5197.559341811376,0.0,0.0,0.0
2025-03-06 11:00:00,0.325175,16258.75,7310.0,8948.75,0.0,165.71759259259258,0.0,5363.276934403968,0.0,0.0,0.0
2025-03-06 12:00:00,0.463543,23177.149999999998,7310.0,15867.149999999996,1.8189894035458565e-12,293.83611111111105,0.0,5657.113045515079,0.0,0.0,0.0
2025-03-06 13:00:00,0.551365,27568.25,7310.0,20258.25,0.0,375.15277777777777,0.0,6032.265823292856,0.0,0.0,0.0
2025-03-06 14:00:00,0.5621900000000001,28109.500000000004,7310.0,20799.500000000004,0.0,385.175925925926,0.0,6417.441749218782,0.0,0.0,0.0
2025-03-06 15:00:00,0.48833699999999997,24416.85,7310.0,17106.85,0.0,316.7935185185185,0.0,6734.235267737301,0.0,0.0,0.0
2025-03-06 16:00:00,0.43155099999999996,21577.55,7310.0,14267.550000000001,-1.8189894035458565e-12,264.2138888888889,0.0,6998.4491566261895,0.0,0.0,0.0
2025-03-06 17:00:00,0.460491,23024.55,7310.0,15714.549999999997,1.8189894035458565e-12,291.01018518518515,0.0,7289.4593418113745,0.0,0.0,0.0
2025-03-06 18:00:00,0.478697,23934.85,7310.0,16624.85,0.0,307.8675925925926,0.0,7597.326934403967,0.0,0.0,0.0
2025-03-06 19:00:00,0.49241399999999996,24620.699999999997,7310.0,17310.699999999997,0.0,320.5685185185185,0.0,7917.895452922486,0.0,0.0,0.0
2025-03-06 20:00:00,0.497967,24898.35,7310.0,17588.35,0.0,325.71018518518514,0.0,8243.60563810767,0.0,0.0,0.0
2025-03-06 21:00:00,0.513053,25652.649999999998,7310.0,18342.649999999998,0.0,339.67870370370366,0.0,8583.284341811373,0.0,0.0,0.0
2025-03-06 22:00:00,0.510317,25515.850000000002,7310.0,18205.850000000002,0.0,337.1453703703704,0.0,8920.429712181744,0.0,0.0,0.0
2025-03-06 23:00:00,0.5334180000000001,26670.9,7310.0,19360.9,0.0,358.5351851851852,0.0,9278.964897366928,0.0,0.0,0.0
2025-03-07 00:00:00,0.475945,23797.25,7310.0,16487.25,0.0,305.31944444444446,0.0,9584.284341811373,0.0,0.0,0.0
2025-03-07 01:00:00,0.444127,22206.35,7310.0,14896.349999999999,0.0,275.8583333333333,0.0,9860.142675144707,0.0,0.0,0.0
2025-03-07 02:00:00,0.437308,21865.399999999998,7310.0,7552.2955421858205,7003.104457814177,139.85732485529297,0.0,10000.0,0.0,0.0,0.0
2025-03-07 03:00:00,0.429572,21478.600000000002,7310.0,0.0,14168.600000000002,0.0,0.0,10000.0,0.0,0.0,0.0
2025-03-07 04:00:00,0.410023,20501.15,7310.0,0.0,13191.150000000001,0.0,0.0,10000.0,0.0,0.0,0.0
2025-03-07 05:00:00,0.378936,18946.8,7310.0,0.0,11636.8,0.0,0.0,10000.0,0.0,0.0,0.0
2025-03-07 06:00:00,0.368421,18421.05,7310.0,0.0,11111.05,0.0,0.0,10000.0,0.0,0.0,0.0
2025-03-07 07:00:00,0.352406,17620.3,7310.0,0.0,10310.3,0.0,0.0,10000.0,0.0,0.0,0.0
2025-03-07 08:00:00,0.317276,15863.8,7310.0,0.0,8553.8,0.0,0.0,10000.0,0.0,0.0,0.0
2025-03-07 09:00:00,0.302452,15122.6,7310.0,0.0,7812.6,0.0,0.0,10000.0,0.0,0.0,0.0
2025-03-07 10:00:00,0.319377,15968.85,7310.0,0.0,8658.85,0.0,0.0,10000.0,0.0,0.0,0.0
2025-03-07 11:00:00,0.368425,18421.25,7310.0,0.0,11111.25,0.0,0.0,10000.0,0.0,0.0,0.0
2025-03-07 12:00:00,0.409711,20485.55,7310.0,0.0,13175.55,0.0,0.0,10000.0,0.0,0.0,0.0
2025-03-07 13:00:00,0.434264,21713.2,7310.0,0.0,14403.2,0.0,0.0,10000.0,0.0,0.0,0.0
2025-03-07 14:00:00,0.436048,21802.399999999998,7310.0,0.0,14492.399999999998,0.0,0.0,10000.0,0.0,0.0,0.0
2025-03-07 15:00:00,0.391024,19551.2,7310.0,0.0,12241.2,0.0,0.0,10000.0,0.0,0.0,0.0
2025-03-07 16:00:00,0.312165,15608.250000000002,7310.0,0.0,8298.250000000002,0.0,0.0,10000.0,0.0,0.0,0.0
2025-03-07 17:00:00,0.34063499999999997,17031.75,7310.0,0.0,9721.75,0.0,0.0,10000.0,0.0,0.0,0.0
2025-03-07 18:00:00,0.39778800000000003,19889.4,7310.0,0.0,12579.400000000001,0.0,0.0,10000.0,0.0,0.0,0.0
2025-03-07 19:00:00,0.410005,20500.25,7310.0,0.0,13190.25,0.0,0.0,10000.0,0.0,0.0,0.0
2025-03-07 20:00:00,0.41274299999999997,20637.149999999998,7310.0,0.0,13327.149999999998,0.0,0.0,10000.0,0.0,0.0,0.0
2025-03-07 21:00:00,0.407294,20364.7,7310.0,0.0,13054.7,0.0,0.0,10000.0,0.0,0.0,0.0
2025-03-07 22:00:00,0.38028500000000004,19014.250000000004,7310.0,0.0,11704.250000000004,0.0,0.0,10000.0,0.0,0.0,0.0
2025-03-07 23:00:00,0.34324099999999996,17162.05,7310.0,0.0,9852.05,0.0,0.0,10000.0,0.0,0.0,0.0
2025-03-08 00:00:00,0.315802,15790.100000000002,7310.0,0.0,8480.100000000002,0.0,0.0,10000.0,0.0,0.0,0.0
2025-03-08 01:00:00,0.314375,15718.75,7310.0,0.0,8408.75,0.0,0.0,10000.0,0.0,0.0,0.0
2025-03-08 02:00:00,0.343615,17180.75,7310.0,0.0,9870.75,0.0,0.0,10000.0,0.0,0.0,0.0
2025-03-08 03:00:00,0.38243099999999997,19121.55,7310.0,0.0,11811.55,0.0,0.0,10000.0,0.0,0.0,0.0
2025-03-08 04:00:00,0.40098500000000004,20049.25,7310.0,0.0,12739.25,0.0,0.0,10000.0,0.0,0.0,0.0
2025-03-08 05:00:00,0.397779,19888.95,7310.0,0.0,12578.95,0.0,0.0,10000.0,0.0,0.0,0.0
2025-03-08 06:00:00,0.360968,18048.4,7310.0,0.0,10738.400000000001,0.0,0.0,10000.0,0.0,0.0,0.0
2025-03-08 07:00:00,0.279291,13964.550000000001,7310.0,0.0,6654.550000000001,0.0,0.0,10000.0,0.0,0.0,0.0
2025-03-08 08:00:00,0.225116,11255.800000000001,7310.0,0.0,3945.800000000001,0.0,0.0,10000.0,0.0,0.0,0.0
2025-03-08 09:00:00,0.272519,13625.95,7310.0,0.0,6315.950000000001,0.0,0.0,10000.0,0.0,0.0,0.0
2025-03-08 10:00:00,0.315167,15758.349999999999,7310.0,0.0,8448.349999999999,0.0,0.0,10000.0,0.0,0.0,0.0
2025-03-08 11:00:00,0.36162700000000003,18081.350000000002,7310.0,0.0,10771.350000000002,0.0,0.0,10000.0,0.0,0.0,0.0
2025-03-08 12:00:00,0.358533,17926.649999999998,7310.0,0.0,10616.649999999998,0.0,0.0,10000.0,0.0,0.0,0.0
2025-03-08 13:00:00,0.325153,16257.650000000001,7310.0,0.0,8947.650000000001,0.0,0.0,10000.0,0.0,0.0,0.0
2025-03-08 14:00:00,0.291337,14566.85,7310.0,0.0,7256.85,0.0,0.0,10000.0,0.0,0.0,0.0
2025-03-08 15:00:00,0.256036,12801.8,7310.0,0.0,5491.799999999999,0.0,0.0,10000.0,0.0,0.0,0.0
2025-03-08 16:00:00,0.267727,13386.35,7310.0,0.0,6076.35,0.0,0.0,10000.0,0.0,0.0,0.0
2025-03-08 17:00:00,0.36914800000000003,18457.4,7310.0,0.0,11147.400000000001,0.0,0.0,10000.0,0.0,0.0,0.0
2025-03-08 18:00:00,0.44475400000000004,22237.7,7310.0,0.0,14927.7,0.0,0.0,10000.0,0.0,0.0,0.0
2025-03-08 19:00:00,0.441504,22075.2,7310.0,0.0,14765.2,0.0,0.0,10000.0,0.0,0.0,0.0
2025-03-08 20:00:00,0.427879,21393.95,7310.0,0.0,14083.95,0.0,0.0,10000.0,0.0,0.0,0.0
2025-03-08 21:00:00,0.43181400000000003,21590.7,7310.0,0.0,14280.7,0.0,0.0,10000.0,0.0,0.0,0.0
2025-03-08 22:00:00,0.431684,21584.2,7310.0,0.0,14274.2,0.0,0.0,10000.0,0.0,0.0,0.0
2025-03-08 23:00:00,0.428828,21441.399999999998,7310.0,0.0,14131.399999999998,0.0,0.0,10000.0,0.0,0.0,0.0
2025-03-09 00:00:00,0.428375,21418.75,7310.0,0.0,14108.75,0.0,0.0,10000.0,0.0,0.0,0.0
2025-03-09 01:00:00,0.400497,20024.85,7310.0,0.0,12714.849999999999,0.0,0.0,10000.0,0.0,0.0,0.0
2025-03-09 02:00:00,0.378939,18946.95,7310.0,0.0,11636.95,0.0,0.0,10000.0,0.0,0.0,0.0
2025-03-09 03:00:00,0.373099,18654.95,7310.0,0.0,11344.95,0.0,0.0,10000.0,0.0,0.0,0.0
2025-03-09 04:00:00,0.36482400000000004,18241.2,7310.0,0.0,10931.2,0.0,0.0,10000.0,0.0,0.0,0.0
2025-03-09 05:00:00,0.369653,18482.65,7310.0,0.0,11172.650000000001,0.0,0.0,10000.0,0.0,0.0,0.0
2025-03-09 06:00:00,0.36692,18346.0,7310.0,0.0,11036.0,0.0,0.0,10000.0,0.0,0.0,0.0
2025-03-09 07:00:00,0.278789,13939.45,7310.0,0.0,6629.450000000001,0.0,0.0,10000.0,0.0,0.0,0.0
2025-03-09 08:00:00,0.16744,8372.0,7310.0,0.0,1062.0,0.0,0.0,10000.0,0.0,0.0,0.0
2025-03-09 09:00:00,0.137992,6899.6,6899.6,0.0,0.0,0.0,25.9225922592259,9974.077407740773,410.39999999999964,0.0,0.0
2025-03-09 10:00:00,0.196625,9831.25,7310.0,1399.8199819982474,1121.4300180017526,25.922592259226803,0.0,10000.0,0.0,0.0,0.0
2025-03-09 11:00:00,0.24870799999999998,12435.4,7310.0,0.0,5125.4,0.0,0.0,10000.0,0.0,0.0,0.0
2025-03-09 12:00:00,0.27721300000000004,13860.650000000001,7310.0,0.0,6550.6500000000015,0.0,0.0,10000.0,0.0,0.0,0.0
2025-03-09 13:00:00,0.272026,13601.3,7310.0,0.0,6291.299999999999,0.0,0.0,10000.0,0.0,0.0,0.0
2025-03-09 14:00:00,0.264224,13211.2,7310.0,0.0,5901.200000000001,0.0,0.0,10000.0,0.0,0.0,0.0
2025-03-09 15:00:00,0.237146,11857.3,7310.0,0.0,4547.299999999999,0.0,0.0,10000.0,0.0,0.0,0.0
2025-03-09 16:00:00,0.240767,12038.35,7310.0,0.0,4728.35,0.0,0.0,10000.0,0.0,0.0,0.0
2025-03-09 17:00:00,0.319106,15955.3,7310.0,0.0,8645.3,0.0,0.0,10000.0,0.0,0.0,0.0
2025-03-09 18:00:00,0.37457799999999997,18728.899999999998,7310.0,0.0,11418.899999999998,0.0,0.0,10000.0,0.0,0.0,0.0
2025-03-09 19:00:00,0.36792,18396.0,7310.0,0.0,11086.0,0.0,0.0,10000.0,0.0,0.0,0.0
2025-03-09 20:00:00,0.327757,16387.850000000002,7310.0,0.0,9077.850000000002,0.0,0.0,10000.0,0.0,0.0,0.0
2025-03-09 21:00:00,0.280793,14039.650000000001,7310.0,0.0,6729.6500000000015,0.0,0.0,10000.0,0.0,0.0,0.0
2025-03-09 22:00:00,0.230013,11500.65,7310.0,0.0,4190.65,0.0,0.0,10000.0,0.0,0.0,0.0
2025-03-09 23:00:00,0.179066,8953.3,7310.0,0.0,1643.2999999999993,0.0,0.0,10000.0,0.0,0.0,0.0
2025-03-10 00:00:00,0.143894,7194.7,7194.7,0.0,0.0,0.0,7.282833546512558,9992.717166453487,115.30000000000018,0.0,0.0
2025-03-10 01:00:00,0.129094,6454.699999999999,6454.699999999999,0.0,0.0,0.0,54.02434980340147,9938.692816650086,855.3000000000011,0.0,0.0
2025-03-10 02:00:00,0.141317,7065.849999999999,7065.849999999999,0.0,0.0,0.0,15.421542154215459,9923.27127449587,244.15000000000055,0.0,0.0
2025-03-10 03:00:00,0.175383,8769.150000000001,7310.0,1459.1500000000015,0.0,27.021296296296324,0.0,9950.292570792166,0.0,0.0,0.0
2025-03-10 04:00:00,0.20599199999999998,10299.599999999999,7310.0,2684.2011772230435,305.39882277695506,49.70742920783414,0.0,10000.0,0.0,0.0,0.0
2025-03-10 05:00:00,0.21470599999999998,10735.3,7310.0,0.0,3425.2999999999993,0.0,0.0,10000.0,0.0,0.0,0.0
2025-03-10 06:00:00,0.209728,10486.4,7310.0,0.0,3176.3999999999996,0.0,0.0,10000.0,0.0,0.0,0.0
2025-03-10 07:00:00,0.18453999999999998,9227.0,7310.0,0.0,1917.0,0.0,0.0,10000.0,0.0,0.0,0.0
2025-03-10 08:00:00,0.163699,8184.950000000001,7310.0,0.0,874.9500000000007,0.0,0.0,10000.0,0.0,0.0,0.0
2025-03-10 09:00:00,0.14744900000000002,7372.450000000002,7310.0,0.0,62.45000000000164,0.0,0.0,10000.0,0.0,0.0,0.0
2025-03-10 10:00:00,0.148597,7429.85,7310.0,0.0,119.85000000000036,0.0,0.0,10000.0,0.0,0.0,0.0
2025-03-10 11:00:00,0.16449,8224.5,7310.0,0.0,914.5,0.0,0.0,10000.0,0.0,0.0,0.0
2025-03-10 12:00:00,0.18551900000000002,9275.95,7310.0,0.0,1965.9500000000007,0.0,0.0,10000.0,0.0,0.0,0.0
2025-03-10 13:00:00,0.212869,10643.45,7310.0,0.0,3333.4500000000007,0.0,0.0,10000.0,0.0,0.0,0.0
2025-03-10 14:00:00,0.240113,12005.65,7310.0,0.0,4695.65,0.0,0.0,10000.0,0.0,0.0,0.0
2025-03-10 15:00:00,0.27823200000000003,13911.600000000002,7310.0,0.0,6601.600000000002,0.0,0.0,10000.0,0.0,0.0,0.0
2025-03-10 16:00:00,0.371973,18598.65,7310.0,0.0,11288.650000000001,0.0,0.0,10000.0,0.0,0.0,0.0
2025-03-10 17:00:00,0.460951,23047.55,7310.0,0.0,15737.55,0.0,0.0,10000.0,0.0,0.0,0.0
2025-03-10 18:00:00,0.504636,25231.8,7310.0,0.0,17921.8,0.0,0.0,10000.0,0.0,0.0,0.0
2025-03-10 19:00:00,0.478694,23934.7,7310.0,0.0,16624.7,0.0,0.0,10000.0,0.0,0.0,0.0
2025-03-10 20:00:00,0.45042899999999997,22521.449999999997,7310.0,0.0,15211.449999999997,0.0,0.0,10000.0,0.0,0.0,0.0
2025-03-10 21:00:00,0.41275799999999996,20637.899999999998,7310.0,0.0,13327.899999999998,0.0,0.0,10000.0,0.0,0.0,0.0
2025-03-10 22:00:00,0.37887400000000004,18943.7,7310.0,0.0,11633.7,0.0,0.0,10000.0,0.0,0.0,0.0
2025-03-10 23:00:00,0.41000400000000004,20500.2,7310.0,0.0,13190.2,0.0,0.0,10000.0,0.0,0.0,0.0
2025-03-11 00:00:00,0.413879,20693.95,7310.0,0.0,13383.95,0.0,0.0,10000.0,0.0,0.0,0.0
2025-03-11 01:00:00,0.459807,22990.350000000002,7310.0,0.0,15680.350000000002,0.0,0.0,10000.0,0.0,0.0,0.0
2025-03-11 02:00:00,0.497964,24898.2,7310.0,0.0,17588.2,0.0,0.0,10000.0,0.0,0.0,0.0
2025-03-11 03:00:00,0.51239,25619.5,7310.0,0.0,18309.5,0.0,0.0,10000.0,0.0,0.0,0.0
2025-03-11 04:00:00,0.497969,24898.45,7310.0,0.0,17588.45,0.0,0.0,10000.0,0.0,0.0,0.0
2025-03-11 05:00:00,0.43329700000000004,21664.850000000002,7310.0,0.0,14354.850000000002,0.0,0.0,10000.0,0.0,0.0,0.0
2025-03-11 06:00:00,0.41958,20979.0,7310.0,0.0,13669.0,0.0,0.0,10000.0,0.0,0.0,0.0
2025-03-11 07:00:00,0.357632,17881.6,7310.0,0.0,10571.599999999999,0.0,0.0,10000.0,0.0,0.0,0.0
2025-03-11 08:00:00,0.453893,22694.649999999998,7310.0,0.0,15384.649999999998,0.0,0.0,10000.0,0.0,0.0,0.0
2025-03-11 09:00:00,0.459686,22984.3,7310.0,0.0,15674.3,0.0,0.0,10000.0,0.0,0.0,0.0
2025-03-11 10:00:00,0.404993,20249.649999999998,7310.0,0.0,12939.649999999998,0.0,0.0,10000.0,0.0,0.0,0.0
2025-03-11 11:00:00,0.374905,18745.25,7310.0,0.0,11435.25,0.0,0.0,10000.0,0.0,0.0,0.0
2025-03-11 12:00:00,0.36425799999999997,18212.899999999998,7310.0,0.0,10902.899999999998,0.0,0.0,10000.0,0.0,0.0,0.0
2025-03-11 13:00:00,0.357671,17883.55,7310.0,0.0,10573.55,0.0,0.0,10000.0,0.0,0.0,0.0
2025-03-11 14:00:00,0.35765399999999997,17882.699999999997,7310.0,0.0,10572.699999999997,0.0,0.0,10000.0,0.0,0.0,0.0
2025-03-11 15:00:00,0.352904,17645.2,7310.0,0.0,10335.2,0.0,0.0,10000.0,0.0,0.0,0.0
2025-03-11 16:00:00,0.30402999999999997,15201.499999999998,7310.0,0.0,7891.499999999998,0.0,0.0,10000.0,0.0,0.0,0.0
2025-03-11 17:00:00,0.296562,14828.1,7310.0,0.0,7518.1,0.0,0.0,10000.0,0.0,0.0,0.0
2025-03-11 18:00:00,0.316013,15800.65,7310.0,0.0,8490.65,0.0,0.0,10000.0,0.0,0.0,0.0
2025-03-11 19:00:00,0.296276,14813.8,7310.0,0.0,7503.799999999999,0.0,0.0,10000.0,0.0,0.0,0.0
2025-03-11 20:00:00,0.276934,13846.7,7310.0,0.0,6536.700000000001,0.0,0.0,10000.0,0.0,0.0,0.0
2025-03-11 21:00:00,0.264518,13225.9,7310.0,0.0,5915.9,0.0,0.0,10000.0,0.0,0.0,0.0
2025-03-11 22:00:00,0.250964,12548.2,7310.0,0.0,5238.200000000001,0.0,0.0,10000.0,0.0,0.0,0.0
2025-03-11 23:00:00,0.250316,12515.8,7310.0,0.0,5205.799999999999,0.0,0.0,10000.0,0.0,0.0,0.0
2025-03-12 00:00:00,0.261291,13064.55,7310.0,0.0,5754.549999999999,0.0,0.0,10000.0,0.0,0.0,0.0
2025-03-12 01:00:00,0.28889800000000004,14444.900000000001,7310.0,0.0,7134.9000000000015,0.0,0.0,10000.0,0.0,0.0,0.0
2025-03-12 02:00:00,0.306651,15332.550000000001,7310.0,0.0,8022.550000000001,0.0,0.0,10000.0,0.0,0.0,0.0
2025-03-12 03:00:00,0.291795,14589.750000000002,7310.0,0.0,7279.750000000002,0.0,0.0,10000.0,0.0,0.0,0.0
2025-03-12 04:00:00,0.26375400000000004,13187.700000000003,7310.0,0.0,5877.700000000003,0.0,0.0,10000.0,0.0,0.0,0.0
2025-03-12 05:00:00,0.227435,11371.75,7310.0,0.0,4061.75,0.0,0.0,10000.0,0.0,0.0,0.0
2025-03-12 06:00:00,0.179395,8969.75,7310.0,0.0,1659.75,0.0,0.0,10000.0,0.0,0.0,0.0
2025-03-12 07:00:00,0.12007999999999999,6004.0,6004.0,0.0,0.0,0.0,82.49245977229303,9917.507540227707,1306.0,0.0,0.0
2025-03-12 08:00:00,0.095829,4791.45,4791.45,0.0,0.0,0.0,159.0822240118749,9758.425316215833,2518.55,0.0,0.0
2025-03-12 09:00:00,0.13380099999999998,6690.049999999998,6690.049999999998,0.0,0.0,0.0,39.158652707376106,9719.266663508457,619.9500000000016,0.0,0.0
2025-03-12 10:00:00,0.167422,8371.099999999999,7310.0,1061.0999999999985,0.0,19.649999999999974,0.0,9738.916663508457,0.0,0.0,0.0
2025-03-12 11:00:00,0.199731,9986.55,7310.0,2676.5499999999993,0.0,49.56574074074073,0.0,9788.482404249198,0.0,0.0,0.0
2025-03-12 12:00:00,0.230701,11535.05,7310.0,4225.049999999999,0.0,78.24166666666666,0.0,9866.724070915865,0.0,0.0,0.0
2025-03-12 13:00:00,0.251929,12596.45,7310.0,5286.450000000001,0.0,97.89722222222224,0.0,9964.621293138087,0.0,0.0,0.0
2025-03-12 14:00:00,0.255537,12776.85,7310.0,1910.4501705433067,3556.3998294566936,35.37870686191309,0.0,10000.0,0.0,0.0,0.0
2025-03-12 15:00:00,0.24299700000000002,12149.85,7310.0,0.0,4839.85,0.0,0.0,10000.0,0.0,0.0,0.0
2025-03-12 16:00:00,0.187303,9365.15,7310.0,0.0,2055.1499999999996,0.0,0.0,10000.0,0.0,0.0,0.0
2025-03-12 17:00:00,0.21331999999999998,10666.0,7310.0,0.0,3356.0,0.0,0.0,10000.0,0.0,0.0,0.0
2025-03-12 18:00:00,0.30246,15123.0,7310.0,0.0,7813.0,0.0,0.0,10000.0,0.0,0.0,0.0
2025-03-12 19:00:00,0.36424599999999996,18212.3,7310.0,0.0,10902.3,0.0,0.0,10000.0,0.0,0.0,0.0
2025-03-12 20:00:00,0.379396,18969.8,7310.0,0.0,11659.8,0.0,0.0,10000.0,0.0,0.0,0.0
2025-03-12 21:00:00,0.370488,18524.399999999998,7310.0,0.0,11214.399999999998,0.0,0.0,10000.0,0.0,0.0,0.0
2025-03-12 22:00:00,0.343257,17162.85,7310.0,0.0,9852.849999999999,0.0,0.0,10000.0,0.0,0.0,0.0
2025-03-12 23:00:00,0.29477,14738.499999999998,7310.0,0.0,7428.499999999998,0.0,0.0,10000.0,0.0,0.0,0.0
2025-03-13 00:00:00,0.263728,13186.400000000001,7310.0,0.0,5876.4000000000015,0.0,0.0,10000.0,0.0,0.0,0.0
2025-03-13 01:00:00,0.240748,12037.4,7310.0,0.0,4727.4,0.0,0.0,10000.0,0.0,0.0,0.0
2025-03-13 02:00:00,0.234804,11740.2,7310.0,0.0,4430.200000000001,0.0,0.0,10000.0,0.0,0.0,0.0
2025-03-13 03:00:00,0.279424,13971.2,7310.0,0.0,6661.200000000001,0.0,0.0,10000.0,0.0,0.0,0.0
2025-03-13 04:00:00,0.31121,15560.5,7310.0,0.0,8250.5,0.0,0.0,10000.0,0.0,0.0,0.0
2025-03-13 05:00:00,0.34582,17291.0,7310.0,0.0,9981.0,0.0,0.0,10000.0,0.0,0.0,0.0
2025-03-13 06:00:00,0.382221,19111.05,7310.0,0.0,11801.05,0.0,0.0,10000.0,0.0,0.0,0.0
2025-03-13 07:00:00,0.37339,18669.5,7310.0,0.0,11359.5,0.0,0.0,10000.0,0.0,0.0,0.0
2025-03-13 08:00:00,0.40760399999999997,20380.199999999997,7310.0,0.0,13070.199999999997,0.0,0.0,10000.0,0.0,0.0,0.0
2025-03-13 09:00:00,0.417554,20877.7,7310.0,0.0,13567.7,0.0,0.0,10000.0,0.0,0.0,0.0
2025-03-13 10:00:00,0.376239,18811.95,7310.0,0.0,11501.95,0.0,0.0,10000.0,0.0,0.0,0.0
2025-03-13 11:00:00,0.33556,16778.0,7310.0,0.0,9468.0,0.0,0.0,10000.0,0.0,0.0,0.0
2025-03-13 12:00:00,0.312456,15622.800000000001,7310.0,0.0,8312.800000000001,0.0,0.0,10000.0,0.0,0.0,0.0
2025-03-13 13:00:00,0.298282,14914.1,7310.0,0.0,7604.1,0.0,0.0,10000.0,0.0,0.0,0.0
2025-03-13 14:00:00,0.290642,14532.1,7310.0,0.0,7222.1,0.0,0.0,10000.0,0.0,0.0,0.0
2025-03-13 15:00:00,0.277219,13860.949999999999,7310.0,0.0,6550.949999999999,0.0,0.0,10000.0,0.0,0.0,0.0
2025-03-13 16:00:00,0.224772,11238.6,7310.0,0.0,3928.6000000000004,0.0,0.0,10000.0,0.0,0.0,0.0
2025-03-13 17:00:00,0.225232,11261.599999999999,7310.0,0.0,3951.5999999999985,0.0,0.0,10000.0,0.0,0.0,0.0
2025-03-13 18:00:00,0.25791000000000003,12895.500000000002,7310.0,0.0,5585.500000000002,0.0,0.0,10000.0,0.0,0.0,0.0
2025-03-13 19:00:00,0.256454,12822.7,7310.0,0.0,5512.700000000001,0.0,0.0,10000.0,0.0,0.0,0.0
2025-03-13 20:00:00,0.22512700000000002,11256.35,7310.0,0.0,3946.3500000000004,0.0,0.0,10000.0,0.0,0.0,0.0
2025-03-13 21:00:00,0.178877,8943.85,7310.0,0.0,1633.8500000000004,0.0,0.0,10000.0,0.0,0.0,0.0
2025-03-13 22:00:00,0.131591,6579.550000000001,6579.550000000001,0.0,0.0,0.0,46.138298040330284,9953.86170195967,730.4499999999989,0.0,0.0
2025-03-13 23:00:00,0.092792,4639.6,4639.6,0.0,0.0,0.0,168.67370947621077,9785.18799248346,2670.3999999999996,0.0,0.0
2025-03-14 00:00:00,0.07470099999999999,3735.0499999999993,3735.0499999999993,0.0,0.0,0.0,225.80889667914167,9559.379095804317,3574.9500000000007,0.0,0.0
2025-03-14 01:00:00,0.069345,3467.25,3467.25,0.0,0.0,0.0,242.72427242724277,9316.654823377075,3842.75,0.0,0.0
2025-03-14 02:00:00,0.064739,3236.9500000000003,3236.9500000000003,0.0,0.0,0.0,257.27099025692047,9059.383833120155,4073.05,0.0,0.0
2025-03-14 03:00:00,0.063921,3196.05,3196.05,0.0,0.0,0.0,259.8544064932809,8799.529426626874,4113.95,0.0,0.0
2025-03-14 04:00:00,0.066134,3306.7,3306.7,0.0,0.0,0.0,252.86528652865292,8546.66414009822,4003.3,0.0,0.0
2025-03-14 05:00:00,0.06455200000000001,3227.600000000001,3227.600000000001,0.0,0.0,0.0,257.8615756312473,8288.802564466974,4082.399999999999,0.0,0.0
2025-03-14 06:00:00,0.061097,3054.85,3054.85,0.0,0.0,0.0,268.7731931087846,8020.02937135819,4255.15,0.0,0.0
2025-03-14 07:00:00,0.053588000000000004,2679.4,2679.4,0.0,0.0,0.0,292.4881961880399,7727.5411751701495,4630.6,0.0,0.0
2025-03-14 08:00:00,0.054054000000000005,2702.7000000000003,2702.7000000000003,0.0,0.0,0.0,291.01647006805945,7436.52470510209,4607.299999999999,0.0,0.0
2025-03-14 09:00:00,0.08696599999999999,4348.299999999999,4348.299999999999,0.0,0.0,0.0,187.07344418652397,7249.451260915565,2961.7000000000007,0.0,0.0
2025-03-14 10:00:00,0.13402099999999997,6701.049999999998,6701.049999999998,0.0,0.0,0.0,38.46384638463857,7210.987414530927,608.9500000000016,0.0,0.0
2025-03-14 11:00:00,0.155296,7764.799999999999,7310.0,454.7999999999993,0.0,8.422222222222208,0.0,7219.409636753149,0.0,0.0,0.0
2025-03-14 12:00:00,0.18356,9178.0,7310.0,1868.0000000000002,-2.2737367544323206e-13,34.592592592592595,0.0,7254.002229345741,0.0,0.0,0.0
2025-03-14 13:00:00,0.227416,11370.800000000001,7310.0,4060.800000000001,0.0,75.20000000000002,0.0,7329.202229345741,0.0,0.0,0.0
2025-03-14 14:00:00,0.27801600000000004,13900.800000000003,7310.0,6590.800000000003,0.0,122.05185185185191,0.0,7451.254081197593,0.0,0.0,0.0
2025-03-14 15:00:00,0.301068,15053.4,7310.0,7743.400000000001,-9.094947017729282e-13,143.3962962962963,0.0,7594.650377493889,0.0,0.0,0.0
2025-03-14 16:00:00,0.261368,13068.4,7310.0,5758.4,0.0,106.63703703703703,0.0,7701.287414530926,0.0,0.0,0.0
2025-03-14 17:00:00,0.276782,13839.099999999999,7310.0,6529.0999999999985,0.0,120.90925925925923,0.0,7822.196673790186,0.0,0.0,0.0
2025-03-14 18:00:00,0.32569400000000004,16284.700000000003,7310.0,8974.700000000003,0.0,166.1981481481482,0.0,7988.394821938334,0.0,0.0,0.0
2025-03-14 19:00:00,0.343219,17160.95,7310.0,9850.95,0.0,182.425,0.0,8170.819821938334,0.0,0.0,0.0
2025-03-14 20:00:00,0.33067799999999997,16533.899999999998,7310.0,9223.899999999998,0.0,170.81296296296293,0.0,8341.632784901296,0.0,0.0,0.0
2025-03-14 21:00:00,0.313045,15652.25,7310.0,8342.25,0.0,154.48611111111111,0.0,8496.118896012407,0.0,0.0,0.0
2025-03-14 22:00:00,0.295711,14785.55,7310.0,7475.549999999999,0.0,138.4361111111111,0.0,8634.555007123517,0.0,0.0,0.0
2025-03-14 23:00:00,0.284032,14201.6,7310.0,6891.6,0.0,127.62222222222223,0.0,8762.17722934574,0.0,0.0,0.0
2025-03-15 00:00:00,0.29136900000000004,14568.450000000003,7310.0,7258.4500000000035,-9.094947017729282e-13,134.4157407407408,0.0,8896.59297008648,0.0,0.0,0.0
2025-03-15 01:00:00,0.31498899999999996,15749.449999999999,7310.0,8439.449999999999,0.0,156.2861111111111,0.0,9052.87908119759,0.0,0.0,0.0
2025-03-15 02:00:00,0.336717,16835.85,7310.0,9525.849999999999,0.0,176.4046296296296,0.0,9229.28371082722,0.0,0.0,0.0
2025-03-15 03:00:00,0.351598,17579.9,7310.0,10269.900000000001,0.0,190.18333333333337,0.0,9419.467044160552,0.0,0.0,0.0
2025-03-15 04:00:00,0.339331,16966.55,7310.0,9656.55,0.0,178.825,0.0,9598.292044160553,0.0,0.0,0.0
2025-03-15 05:00:00,0.303556,15177.8,7310.0,7867.799999999999,0.0,145.7,0.0,9743.992044160554,0.0,0.0,0.0
2025-03-15 06:00:00,0.284325,14216.25,7310.0,6906.25,0.0,127.89351851851852,0.0,9871.885562679072,0.0,0.0,0.0
2025-03-15 07:00:00,0.248339,12416.95,7310.0,5106.950000000001,0.0,94.57314814814816,0.0,9966.45871082722,0.0,0.0,0.0
2025-03-15 08:00:00,0.307515,15375.75,7310.0,1811.2296153300776,6254.520384669922,33.541289172779216,0.0,10000.0,0.0,0.0,0.0
2025-03-15 09:00:00,0.406934,20346.7,7310.0,0.0,13036.7,0.0,0.0,10000.0,0.0,0.0,0.0
2025-03-15 10:00:00,0.434957,21747.85,7310.0,0.0,14437.849999999999,0.0,0.0,10000.0,0.0,0.0,0.0
2025-03-15 11:00:00,0.436893,21844.649999999998,7310.0,0.0,14534.649999999998,0.0,0.0,10000.0,0.0,0.0,0.0
2025-03-15 12:00:00,0.425043,21252.15,7310.0,0.0,13942.150000000001,0.0,0.0,10000.0,0.0,0.0,0.0
2025-03-15 13:00:00,0.425057,21252.850000000002,7310.0,0.0,13942.850000000002,0.0,0.0,10000.0,0.0,0.0,0.0
2025-03-15 14:00:00,0.447661,22383.05,7310.0,0.0,15073.05,0.0,0.0,10000.0,0.0,0.0,0.0
2025-03-15 15:00:00,0.481465,24073.25,7310.0,0.0,16763.25,0.0,0.0,10000.0,0.0,0.0,0.0
2025-03-15 16:00:00,0.488344,24417.2,7310.0,0.0,17107.2,0.0,0.0,10000.0,0.0,0.0,0.0
2025-03-15 17:00:00,0.48145699999999997,24072.85,7310.0,0.0,16762.85,0.0,0.0,10000.0,0.0,0.0,0.0
2025-03-15 18:00:00,0.500716,25035.800000000003,7310.0,0.0,17725.800000000003,0.0,0.0,10000.0,0.0,0.0,0.0
2025-03-15 19:00:00,0.466326,23316.3,7310.0,0.0,16006.3,0.0,0.0,10000.0,0.0,0.0,0.0
2025-03-15 20:00:00,0.431054,21552.7,7310.0,0.0,14242.7,0.0,0.0,10000.0,0.0,0.0,0.0
2025-03-15 21:00:00,0.412733,20636.65,7310.0,0.0,13326.650000000001,0.0,0.0,10000.0,0.0,0.0,0.0
2025-03-15 22:00:00,0.400483,20024.149999999998,7310.0,0.0,12714.149999999998,0.0,0.0,10000.0,0.0,0.0,0.0
2025-03-15 23:00:00,0.39100599999999996,19550.3,7310.0,0.0,12240.3,0.0,0.0,10000.0,0.0,0.0,0.0
2025-03-16 00:00:00,0.380309,19015.45,7310.0,0.0,11705.45,0.0,0.0,10000.0,0.0,0.0,0.0
2025-03-16 01:00:00,0.36476,18238.0,7310.0,0.0,10928.0,0.0,0.0,10000.0,0.0,0.0,0.0
2025-03-16 02:00:00,0.346345,17317.25,7310.0,0.0,10007.25,0.0,0.0,10000.0,0.0,0.0,0.0
2025-03-16 03:00:00,0.329166,16458.3,7310.0,0.0,9148.3,0.0,0.0,10000.0,0.0,0.0,0.0
2025-03-16 04:00:00,0.327704,16385.2,7310.0,0.0,9075.2,0.0,0.0,10000.0,0.0,0.0,0.0
2025-03-16 05:00:00,0.30971499999999996,15485.749999999998,7310.0,0.0,8175.749999999998,0.0,0.0,10000.0,0.0,0.0,0.0
2025-03-16 06:00:00,0.2857,14285.0,7310.0,0.0,6975.0,0.0,0.0,10000.0,0.0,0.0,0.0
2025-03-16 07:00:00,0.230707,11535.35,7310.0,0.0,4225.35,0.0,0.0,10000.0,0.0,0.0,0.0
2025-03-16 08:00:00,0.277842,13892.099999999999,7310.0,0.0,6582.0999999999985,0.0,0.0,10000.0,0.0,0.0,0.0
2025-03-16 09:00:00,0.336741,16837.05,7310.0,0.0,9527.05,0.0,0.0,10000.0,0.0,0.0,0.0
2025-03-16 10:00:00,0.334493,16724.649999999998,7310.0,0.0,9414.649999999998,0.0,0.0,10000.0,0.0,0.0,0.0
2025-03-16 11:00:00,0.33417899999999995,16708.949999999997,7310.0,0.0,9398.949999999997,0.0,0.0,10000.0,0.0,0.0,0.0
2025-03-16 12:00:00,0.33901299999999995,16950.649999999998,7310.0,0.0,9640.649999999998,0.0,0.0,10000.0,0.0,0.0,0.0
2025-03-16 13:00:00,0.34907299999999997,17453.649999999998,7310.0,0.0,10143.649999999998,0.0,0.0,10000.0,0.0,0.0,0.0
2025-03-16 14:00:00,0.364279,18213.95,7310.0,0.0,10903.95,0.0,0.0,10000.0,0.0,0.0,0.0
2025-03-16 15:00:00,0.375786,18789.3,7310.0,0.0,11479.3,0.0,0.0,10000.0,0.0,0.0,0.0
2025-03-16 16:00:00,0.336947,16847.35,7310.0,0.0,9537.349999999999,0.0,0.0,10000.0,0.0,0.0,0.0
2025-03-16 17:00:00,0.327721,16386.05,7310.0,0.0,9076.05,0.0,0.0,10000.0,0.0,0.0,0.0
2025-03-16 18:00:00,0.353803,17690.149999999998,7310.0,0.0,10380.149999999998,0.0,0.0,10000.0,0.0,0.0,0.0
2025-03-16 19:00:00,0.334148,16707.4,7310.0,0.0,9397.400000000001,0.0,0.0,10000.0,0.0,0.0,0.0
2025-03-16 20:00:00,0.32261900000000004,16130.950000000003,7310.0,0.0,8820.950000000003,0.0,0.0,10000.0,0.0,0.0,0.0
2025-03-16 21:00:00,0.32866300000000004,16433.15,7310.0,0.0,9123.150000000001,0.0,0.0,10000.0,0.0,0.0,0.0
2025-03-16 22:00:00,0.31589,15794.5,7310.0,0.0,8484.5,0.0,0.0,10000.0,0.0,0.0,0.0
2025-03-16 23:00:00,0.313878,15693.9,7310.0,0.0,8383.9,0.0,0.0,10000.0,0.0,0.0,0.0
2025-03-17 00:00:00,0.30701100000000003,15350.550000000001,7310.0,0.0,8040.550000000001,0.0,0.0,10000.0,0.0,0.0,0.0
2025-03-17 01:00:00,0.295705,14785.25,7310.0,0.0,7475.25,0.0,0.0,10000.0,0.0,0.0,0.0
2025-03-17 02:00:00,0.29396300000000003,14698.150000000001,7310.0,0.0,7388.1500000000015,0.0,0.0,10000.0,0.0,0.0,0.0
2025-03-17 03:00:00,0.291936,14596.8,7310.0,0.0,7286.799999999999,0.0,0.0,10000.0,0.0,0.0,0.0
2025-03-17 04:00:00,0.273497,13674.85,7310.0,0.0,6364.85,0.0,0.0,10000.0,0.0,0.0,0.0
2025-03-17 05:00:00,0.300365,15018.25,7310.0,0.0,7708.25,0.0,0.0,10000.0,0.0,0.0,0.0
2025-03-17 06:00:00,0.300464,15023.2,7310.0,0.0,7713.200000000001,0.0,0.0,10000.0,0.0,0.0,0.0
2025-03-17 07:00:00,0.268375,13418.749999999998,7310.0,0.0,6108.749999999998,0.0,0.0,10000.0,0.0,0.0,0.0
2025-03-17 08:00:00,0.33148,16574.0,7310.0,0.0,9264.0,0.0,0.0,10000.0,0.0,0.0,0.0
2025-03-17 09:00:00,0.322228,16111.400000000001,7310.0,0.0,8801.400000000001,0.0,0.0,10000.0,0.0,0.0,0.0
2025-03-17 10:00:00,0.28891,14445.5,7310.0,0.0,7135.5,0.0,0.0,10000.0,0.0,0.0,0.0
2025-03-17 11:00:00,0.282592,14129.6,7310.0,0.0,6819.6,0.0,0.0,10000.0,0.0,0.0,0.0
2025-03-17 12:00:00,0.299958,14997.9,7310.0,0.0,7687.9,0.0,0.0,10000.0,0.0,0.0,0.0
2025-03-17 13:00:00,0.331573,16578.65,7310.0,0.0,9268.650000000001,0.0,0.0,10000.0,0.0,0.0,0.0
2025-03-17 14:00:00,0.370512,18525.600000000002,7310.0,0.0,11215.600000000002,0.0,0.0,10000.0,0.0,0.0,0.0
2025-03-17 15:00:00,0.409089,20454.45,7310.0,0.0,13144.45,0.0,0.0,10000.0,0.0,0.0,0.0
2025-03-17 16:00:00,0.427191,21359.55,7310.0,0.0,14049.55,0.0,0.0,10000.0,0.0,0.0,0.0
2025-03-17 17:00:00,0.44203699999999996,22101.85,7310.0,0.0,14791.849999999999,0.0,0.0,10000.0,0.0,0.0,0.0
2025-03-17 18:00:00,0.47126999999999997,23563.5,7310.0,0.0,16253.5,0.0,0.0,10000.0,0.0,0.0,0.0
2025-03-17 19:00:00,0.484208,24210.4,7310.0,0.0,16900.4,0.0,0.0,10000.0,0.0,0.0,0.0
2025-03-17 20:00:00,0.46872199999999997,23436.1,7310.0,0.0,16126.099999999999,0.0,0.0,10000.0,0.0,0.0,0.0
2025-03-17 21:00:00,0.480005,24000.25,7310.0,0.0,16690.25,0.0,0.0,10000.0,0.0,0.0,0.0
2025-03-17 22:00:00,0.49384100000000003,24692.050000000003,7310.0,0.0,17382.050000000003,0.0,0.0,10000.0,0.0,0.0,0.0
2025-03-17 23:00:00,0.502934,25146.7,7310.0,0.0,17836.7,0.0,0.0,10000.0,0.0,0.0,0.0
2025-03-18 00:00:00,0.506238,25311.899999999998,7310.0,0.0,18001.899999999998,0.0,0.0,10000.0,0.0,0.0,0.0
2025-03-18 01:00:00,0.504313,25215.65,7310.0,0.0,17905.65,0.0,0.0,10000.0,0.0,0.0,0.0
2025-03-18 02:00:00,0.501544,25077.2,7310.0,0.0,17767.2,0.0,0.0,10000.0,0.0,0.0,0.0
2025-03-18 03:00:00,0.498798,24939.9,7310.0,0.0,17629.9,0.0,0.0,10000.0,0.0,0.0,0.0
2025-03-18 04:00:00,0.484221,24211.05,7310.0,0.0,16901.05,0.0,0.0,10000.0,0.0,0.0,0.0
2025-03-18 05:00:00,0.48145699999999997,24072.85,7310.0,0.0,16762.85,0.0,0.0,10000.0,0.0,0.0,0.0
2025-03-18 06:00:00,0.45665100000000003,22832.550000000003,7310.0,0.0,15522.550000000003,0.0,0.0,10000.0,0.0,0.0,0.0
2025-03-18 07:00:00,0.339878,16993.9,7310.0,0.0,9683.900000000001,0.0,0.0,10000.0,0.0,0.0,0.0
2025-03-18 08:00:00,0.39221300000000003,19610.65,7310.0,0.0,12300.650000000001,0.0,0.0,10000.0,0.0,0.0,0.0
2025-03-18 09:00:00,0.552417,27620.850000000002,7310.0,0.0,20310.850000000002,0.0,0.0,10000.0,0.0,0.0,0.0
2025-03-18 10:00:00,0.547476,27373.8,7310.0,0.0,20063.8,0.0,0.0,10000.0,0.0,0.0,0.0
2025-03-18 11:00:00,0.515687,25784.35,7310.0,0.0,18474.35,0.0,0.0,10000.0,0.0,0.0,0.0
2025-03-18 12:00:00,0.49487400000000004,24743.7,7310.0,0.0,17433.7,0.0,0.0,10000.0,0.0,0.0,0.0
2025-03-18 13:00:00,0.49385199999999996,24692.6,7310.0,0.0,17382.6,0.0,0.0,10000.0,0.0,0.0,0.0
2025-03-18 14:00:00,0.5022869999999999,25114.349999999995,7310.0,0.0,17804.349999999995,0.0,0.0,10000.0,0.0,0.0,0.0
2025-03-18 15:00:00,0.507166,25358.3,7310.0,0.0,18048.3,0.0,0.0,10000.0,0.0,0.0,0.0
2025-03-18 16:00:00,0.470466,23523.3,7310.0,0.0,16213.3,0.0,0.0,10000.0,0.0,0.0,0.0
2025-03-18 17:00:00,0.461296,23064.8,7310.0,0.0,15754.8,0.0,0.0,10000.0,0.0,0.0,0.0
2025-03-18 18:00:00,0.525346,26267.3,7310.0,0.0,18957.3,0.0,0.0,10000.0,0.0,0.0,0.0
2025-03-18 19:00:00,0.5106390000000001,25531.950000000004,7310.0,0.0,18221.950000000004,0.0,0.0,10000.0,0.0,0.0,0.0
2025-03-18 20:00:00,0.47870100000000004,23935.050000000003,7310.0,0.0,16625.050000000003,0.0,0.0,10000.0,0.0,0.0,0.0
2025-03-18 21:00:00,0.46219299999999996,23109.649999999998,7310.0,0.0,15799.649999999998,0.0,0.0,10000.0,0.0,0.0,0.0
2025-03-18 22:00:00,0.44182299999999997,22091.149999999998,7310.0,0.0,14781.149999999998,0.0,0.0,10000.0,0.0,0.0,0.0
2025-03-18 23:00:00,0.410025,20501.25,7310.0,0.0,13191.25,0.0,0.0,10000.0,0.0,0.0,0.0
2025-03-19 00:00:00,0.366942,18347.1,7310.0,0.0,11037.099999999999,0.0,0.0,10000.0,0.0,0.0,0.0
2025-03-19 01:00:00,0.31521499999999997,15760.749999999998,7310.0,0.0,8450.749999999998,0.0,0.0,10000.0,0.0,0.0,0.0
2025-03-19 02:00:00,0.269661,13483.05,7310.0,0.0,6173.049999999999,0.0,0.0,10000.0,0.0,0.0,0.0
2025-03-19 03:00:00,0.23291800000000001,11645.900000000001,7310.0,0.0,4335.9000000000015,0.0,0.0,10000.0,0.0,0.0,0.0
2025-03-19 04:00:00,0.194846,9742.3,7310.0,0.0,2432.2999999999993,0.0,0.0,10000.0,0.0,0.0,0.0
2025-03-19 05:00:00,0.163697,8184.85,7310.0,0.0,874.8500000000004,0.0,0.0,10000.0,0.0,0.0,0.0
2025-03-19 06:00:00,0.139065,6953.25,6953.25,0.0,0.0,0.0,22.533832330601484,9977.466167669398,356.75,0.0,0.0
2025-03-19 07:00:00,0.08954300000000001,4477.150000000001,4477.150000000001,0.0,0.0,0.0,178.93473557882103,9798.531432090576,2832.8499999999995,0.0,0.0
2025-03-19 08:00:00,0.042864,2143.2,2143.2,0.0,0.0,0.0,326.3568462109369,9472.17458587964,5166.8,0.0,0.0
2025-03-19 09:00:00,0.044349,2217.45,2217.45,0.0,0.0,0.0,321.66690353245855,9150.50768234718,5092.55,0.0,0.0
2025-03-19 10:00:00,0.061090000000000005,3054.5000000000005,3054.5000000000005,0.0,0.0,0.0,268.7953005826899,8881.712381764492,4255.5,0.0,0.0
2025-03-19 11:00:00,0.074999,3749.95,3749.95,0.0,0.0,0.0,224.86774993288807,8656.844631831604,3560.05,0.0,0.0
2025-03-19 12:00:00,0.085941,4297.05,4297.05,0.0,0.0,0.0,190.31061000836928,8466.534021823234,3012.95,0.0,0.0
2025-03-19 13:00:00,0.092811,4640.55,4640.55,0.0,0.0,0.0,168.61370347561072,8297.920318347624,2669.45,0.0,0.0
2025-03-19 14:00:00,0.102979,5148.95,5148.95,0.0,0.0,0.0,136.50101852290496,8161.419299824719,2161.05,0.0,0.0
2025-03-19 15:00:00,0.114815,5740.75,5740.75,0.0,0.0,0.0,99.12043835962545,8062.298861465094,1569.25,0.0,0.0
2025-03-19 16:00:00,0.11992799999999999,5996.4,5996.4,0.0,0.0,0.0,82.97250777709353,7979.326353688,1313.6000000000004,0.0,0.0
2025-03-19 17:00:00,0.145922,7296.099999999999,7296.099999999999,0.0,0.0,0.0,0.8779825350956494,7978.448371152905,13.900000000000546,0.0,0.0
2025-03-19 18:00:00,0.171571,8578.55,7310.0,1268.5499999999993,0.0,23.491666666666653,0.0,8001.940037819571,0.0,0.0,0.0
2025-03-19 19:00:00,0.181955,9097.75,7310.0,1787.75,0.0,33.10648148148148,0.0,8035.046519301053,0.0,0.0,0.0
2025-03-19 20:00:00,0.17976,8988.0,7310.0,1678.0,0.0,31.074074074074073,0.0,8066.120593375127,0.0,0.0,0.0
2025-03-19 21:00:00,0.169157,8457.85,7310.0,1147.8500000000004,0.0,21.256481481481487,0.0,8087.3770748566085,0.0,0.0,0.0
2025-03-19 22:00:00,0.154565,7728.25,7310.0,418.25,0.0,7.74537037037037,0.0,8095.122445226979,0.0,0.0,0.0
2025-03-19 23:00:00,0.132187,6609.35,6609.35,0.0,0.0,0.0,44.25600454782319,8050.866440679156,700.6499999999996,0.0,0.0
2025-03-20 00:00:00,0.10126900000000001,5063.450000000001,5063.450000000001,0.0,0.0,0.0,141.9015585769103,7908.964882102246,2246.5499999999993,0.0,0.0
2025-03-20 01:00:00,0.067333,3366.65,3366.65,0.0,0.0,0.0,249.0785920697333,7659.886290032512,3943.35,0.0,0.0
2025-03-20 02:00:00,0.038052,1902.6000000000001,1902.6000000000001,0.0,0.0,0.0,341.5541554155416,7318.3321346169705,5407.4,0.0,0.0
2025-03-20 03:00:00,0.021573000000000002,1078.65,1078.65,0.0,0.0,0.0,393.59830719914106,6924.733827417829,6231.35,0.0,0.0
2025-03-20 04:00:00,0.01419,709.5,709.5,0.0,0.0,0.0,416.91537574810116,6507.818451669728,6600.5,0.0,0.0
2025-03-20 05:00:00,0.016936,846.8,846.8,0.0,0.0,0.0,408.24292955611355,6099.575522113615,6463.2,0.0,0.0
2025-03-20 06:00:00,0.037152000000000004,1857.6000000000001,1857.6000000000001,0.0,0.0,0.0,344.3965449176497,5755.178977195966,5452.4,0.0,0.0
2025-03-20 07:00:00,0.05777,2888.5,2888.5,0.0,0.0,0.0,279.2805596349109,5475.898417561055,4421.5,0.0,0.0
2025-03-20 08:00:00,0.042506999999999996,2125.35,2125.35,0.0,0.0,0.0,327.48432738010644,5148.414090180949,5184.65,0.0,0.0
2025-03-20 09:00:00,0.059381,2969.05,2969.05,0.0,0.0,0.0,274.19268242613737,4874.2214077548115,4340.95,0.0,0.0
2025-03-20 10:00:00,0.097512,4875.6,4875.6,0.0,0.0,0.0,153.76695564293271,4720.454452111879,2434.3999999999996,0.0,0.0
2025-03-20 11:00:00,0.09881699999999999,4940.849999999999,4940.849999999999,0.0,0.0,0.0,149.64549086487602,4570.808961247003,2369.1500000000005,0.0,0.0
2025-03-20 12:00:00,0.10573099999999999,5286.549999999999,5286.549999999999,0.0,0.0,0.0,127.80962306756997,4442.999338179433,2023.4500000000007,0.0,0.0
2025-03-20 13:00:00,0.11773600000000001,5886.8,5886.8,0.0,0.0,0.0,89.89530532000569,4353.104032859427,1423.1999999999998,0.0,0.0
2025-03-20 14:00:00,0.130624,6531.2,6531.2,0.0,0.0,0.0,49.19228764981763,4303.91174520961,778.8000000000002,0.0,0.0
2025-03-20 15:00:00,0.149345,7467.25,7310.0,157.25,0.0,2.912037037037037,0.0,4306.823782246647,0.0,0.0,0.0
2025-03-20 16:00:00,0.184173,9208.65,7310.0,1898.6499999999996,0.0,35.16018518518518,0.0,4341.983967431833,0.0,0.0,0.0
2025-03-20 17:00:00,0.302529,15126.449999999999,7310.0,7816.449999999999,0.0,144.74907407407406,0.0,4486.733041505907,0.0,0.0,0.0
2025-03-20 18:00:00,0.450798,22539.899999999998,7310.0,15229.899999999998,0.0,282.0351851851851,0.0,4768.768226691092,0.0,0.0,0.0
2025-03-20 19:00:00,0.513053,25652.649999999998,7310.0,18342.649999999998,0.0,339.67870370370366,0.0,5108.446930394796,0.0,0.0,0.0
2025-03-20 20:00:00,0.5046080000000001,25230.4,7310.0,17920.4,0.0,331.85925925925926,0.0,5440.306189654056,0.0,0.0,0.0
2025-03-20 21:00:00,0.491103,24555.15,7310.0,17245.15,0.0,319.35462962962964,0.0,5759.660819283686,0.0,0.0,0.0
2025-03-20 22:00:00,0.478902,23945.1,7310.0,16635.1,0.0,308.05740740740737,0.0,6067.718226691093,0.0,0.0,0.0
2025-03-20 23:00:00,0.47901299999999997,23950.649999999998,7310.0,16640.649999999998,0.0,308.1601851851851,0.0,6375.878411876278,0.0,0.0,0.0
2025-03-21 00:00:00,0.479637,23981.85,7310.0,16671.85,0.0,308.7379629629629,0.0,6684.616374839241,0.0,0.0,0.0
2025-03-21 01:00:00,0.46628800000000004,23314.4,7310.0,16004.400000000001,0.0,296.3777777777778,0.0,6980.994152617019,0.0,0.0,0.0
2025-03-21 02:00:00,0.423788,21189.4,7310.0,13879.400000000001,0.0,257.02592592592595,0.0,7238.020078542944,0.0,0.0,0.0
2025-03-21 03:00:00,0.394278,19713.9,7310.0,12403.900000000001,0.0,229.70185185185187,0.0,7467.721930394796,0.0,0.0,0.0
2025-03-21 04:00:00,0.407296,20364.8,7310.0,13054.8,0.0,241.75555555555553,0.0,7709.477485950351,0.0,0.0,0.0
2025-03-21 05:00:00,0.378985,18949.25,7310.0,11639.25,0.0,215.54166666666666,0.0,7925.019152617018,0.0,0.0,0.0
2025-03-21 06:00:00,0.36950099999999997,18475.05,7310.0,11165.05,0.0,206.76018518518518,0.0,8131.779337802203,0.0,0.0,0.0
2025-03-21 07:00:00,0.41274099999999997,20637.05,7310.0,13327.05,0.0,246.79722222222222,0.0,8378.576560024425,0.0,0.0,0.0
2025-03-21 08:00:00,0.366939,18346.95,7310.0,11036.95,0.0,204.38796296296297,0.0,8582.964522987388,0.0,0.0,0.0
2025-03-21 09:00:00,0.389627,19481.35,7310.0,12171.349999999999,0.0,225.39537037037033,0.0,8808.359893357758,0.0,0.0,0.0
2025-03-21 10:00:00,0.519537,25976.850000000002,7310.0,18666.850000000002,0.0,345.6824074074074,0.0,9154.042300765164,0.0,0.0,0.0
2025-03-21 11:00:00,0.603749,30187.45,7310.0,22877.45,0.0,423.6564814814815,0.0,9577.698782246645,0.0,0.0,0.0
2025-03-21 12:00:00,0.5875779999999999,29378.899999999998,7310.0,22068.899999999998,0.0,408.6833333333333,0.0,9986.382115579978,0.0,0.0,0.0
2025-03-21 13:00:00,0.549725,27486.25,7310.0,735.3657586811969,19440.884241318803,13.617884420022165,0.0,10000.0,0.0,0.0,0.0
2025-03-21 14:00:00,0.51979,25989.5,7310.0,0.0,18679.5,0.0,0.0,10000.0,0.0,0.0,0.0
2025-03-21 15:00:00,0.478709,23935.45,7310.0,0.0,16625.45,0.0,0.0,10000.0,0.0,0.0,0.0
2025-03-21 16:00:00,0.418528,20926.4,7310.0,0.0,13616.400000000001,0.0,0.0,10000.0,0.0,0.0,0.0
2025-03-21 17:00:00,0.412737,20636.850000000002,7310.0,0.0,13326.850000000002,0.0,0.0,10000.0,0.0,0.0,0.0
2025-03-21 18:00:00,0.453901,22695.05,7310.0,0.0,15385.05,0.0,0.0,10000.0,0.0,0.0,0.0
2025-03-21 19:00:00,0.475048,23752.4,7310.0,0.0,16442.4,0.0,0.0,10000.0,0.0,0.0,0.0
2025-03-21 20:00:00,0.429834,21491.7,7310.0,0.0,14181.7,0.0,0.0,10000.0,0.0,0.0,0.0
2025-03-21 21:00:00,0.4223,21115.0,7310.0,0.0,13805.0,0.0,0.0,10000.0,0.0,0.0,0.0
2025-03-21 22:00:00,0.36694299999999996,18347.149999999998,7310.0,0.0,11037.149999999998,0.0,0.0,10000.0,0.0,0.0,0.0
2025-03-21 23:00:00,0.39077,19538.5,7310.0,0.0,12228.5,0.0,0.0,10000.0,0.0,0.0,0.0
2025-03-22 00:00:00,0.382404,19120.2,7310.0,0.0,11810.2,0.0,0.0,10000.0,0.0,0.0,0.0
2025-03-22 01:00:00,0.353676,17683.8,7310.0,0.0,10373.8,0.0,0.0,10000.0,0.0,0.0,0.0
2025-03-22 02:00:00,0.314591,15729.550000000001,7310.0,0.0,8419.550000000001,0.0,0.0,10000.0,0.0,0.0,0.0
2025-03-22 03:00:00,0.32143099999999997,16071.549999999997,7310.0,0.0,8761.549999999997,0.0,0.0,10000.0,0.0,0.0,0.0
2025-03-22 04:00:00,0.32003899999999996,16001.949999999999,7310.0,0.0,8691.949999999999,0.0,0.0,10000.0,0.0,0.0,0.0
2025-03-22 05:00:00,0.319483,15974.150000000001,7310.0,0.0,8664.150000000001,0.0,0.0,10000.0,0.0,0.0,0.0
2025-03-22 06:00:00,0.296148,14807.400000000001,7310.0,0.0,7497.4000000000015,0.0,0.0,10000.0,0.0,0.0,0.0
2025-03-22 07:00:00,0.224306,11215.300000000001,7310.0,0.0,3905.300000000001,0.0,0.0,10000.0,0.0,0.0,0.0
2025-03-22 08:00:00,0.17595,8797.5,7310.0,0.0,1487.5,0.0,0.0,10000.0,0.0,0.0,0.0
2025-03-22 09:00:00,0.146964,7348.200000000001,7310.0,0.0,38.20000000000073,0.0,0.0,10000.0,0.0,0.0,0.0
2025-03-22 10:00:00,0.162935,8146.75,7310.0,0.0,836.75,0.0,0.0,10000.0,0.0,0.0,0.0
2025-03-22 11:00:00,0.17604,8802.0,7310.0,0.0,1492.0,0.0,0.0,10000.0,0.0,0.0,0.0
2025-03-22 12:00:00,0.17621299999999998,8810.65,7310.0,0.0,1500.6499999999996,0.0,0.0,10000.0,0.0,0.0,0.0
2025-03-22 13:00:00,0.163487,8174.349999999999,7310.0,0.0,864.3499999999995,0.0,0.0,10000.0,0.0,0.0,0.0
2025-03-22 14:00:00,0.151447,7572.35,7310.0,0.0,262.35000000000036,0.0,0.0,10000.0,0.0,0.0,0.0
2025-03-22 15:00:00,0.13300499999999998,6650.249999999999,6650.249999999999,0.0,0.0,0.0,41.67258831146279,9958.327411688537,659.7500000000009,0.0,0.0
2025-03-22 16:00:00,0.11179,5589.5,5589.5,0.0,0.0,0.0,108.67402529726658,9849.65338639127,1720.5,0.0,0.0
2025-03-22 17:00:00,0.118221,5911.05,5911.05,0.0,0.0,0.0,88.3635731994252,9761.289813191845,1398.9499999999998,0.0,0.0
2025-03-22 18:00:00,0.14066800000000002,7033.400000000001,7033.400000000001,0.0,0.0,0.0,17.47122080629112,9743.818592385553,276.59999999999945,0.0,0.0
2025-03-22 19:00:00,0.155941,7797.05,7310.0,487.0500000000002,0.0,9.019444444444447,0.0,9752.838036829997,0.0,0.0,0.0
2025-03-22 20:00:00,0.158273,7913.65,7310.0,603.6499999999996,0.0,11.178703703703697,0.0,9764.0167405337,0.0,0.0,0.0
2025-03-22 21:00:00,0.152222,7611.099999999999,7310.0,301.09999999999945,0.0,5.575925925925916,0.0,9769.592666459626,0.0,0.0,0.0
2025-03-22 22:00:00,0.132833,6641.650000000001,6641.650000000001,0.0,0.0,0.0,42.21580052742113,9727.376865932205,668.3499999999995,0.0,0.0
2025-03-22 23:00:00,0.106884,5344.200000000001,5344.200000000001,0.0,0.0,0.0,124.1682062943136,9603.208659637892,1965.7999999999993,0.0,0.0
2025-03-23 00:00:00,0.093057,4652.85,4652.85,0.0,0.0,0.0,167.83678367836782,9435.371875959525,2657.1499999999996,0.0,0.0
2025-03-23 01:00:00,0.10846299999999999,5423.15,5423.15,0.0,0.0,0.0,119.1813918233929,9316.190484136132,1886.8500000000004,0.0,0.0
2025-03-23 02:00:00,0.171267,8563.35,7310.0,1253.3500000000004,0.0,23.210185185185193,0.0,9339.400669321318,0.0,0.0,0.0
2025-03-23 03:00:00,0.217545,10877.25,7310.0,3567.2500000000005,-4.547473508864641e-13,66.06018518518519,0.0,9405.460854506502,0.0,0.0,0.0
2025-03-23 04:00:00,0.203426,10171.3,7310.0,2861.2999999999993,0.0,52.98703703703703,0.0,9458.44789154354,0.0,0.0,0.0
2025-03-23 05:00:00,0.17016,8508.0,7310.0,1198.0,0.0,22.185185185185187,0.0,9480.633076728724,0.0,0.0,0.0
2025-03-23 06:00:00,0.13847800000000002,6923.900000000001,6923.900000000001,0.0,0.0,0.0,24.387701928087512,9456.245374800636,386.09999999999945,0.0,0.0
2025-03-23 07:00:00,0.108789,5439.45,5439.45,0.0,0.0,0.0,118.15181518151817,9338.093559619118,1870.5500000000002,0.0,0.0
2025-03-23 08:00:00,0.094565,4728.25,4728.25,0.0,0.0,0.0,163.07420215705784,9175.019357462059,2581.75,0.0,0.0
2025-03-23 09:00:00,0.090919,4545.95,4545.95,0.0,0.0,0.0,174.58903785115356,9000.430319610905,2764.05,0.0,0.0
2025-03-23 10:00:00,0.09844,4922.0,4922.0,0.0,0.0,0.0,150.83613624520348,8849.594183365702,2388.0,0.0,0.0
2025-03-23 11:00:00,0.102402,5120.1,5120.1,0.0,0.0,0.0,138.323306014812,8711.27087735089,2189.8999999999996,0.0,0.0
2025-03-23 12:00:00,0.11186,5593.0,5593.0,0.0,0.0,0.0,108.45295055821373,8602.817926792675,1717.0,0.0,0.0
2025-03-23 13:00:00,0.125057,6252.85,6252.85,0.0,0.0,0.0,66.77404582563518,8536.04388096704,1057.1499999999996,0.0,0.0
2025-03-23 14:00:00,0.15172,7586.0,7310.0,276.0,0.0,5.111111111111111,0.0,8541.15499207815,0.0,0.0,0.0
2025-03-23 15:00:00,0.197617,9880.849999999999,7310.0,2570.8499999999985,0.0,47.608333333333306,0.0,8588.763325411484,0.0,0.0,0.0
2025-03-23 16:00:00,0.23929499999999998,11964.749999999998,7310.0,4654.749999999998,0.0,86.19907407407403,0.0,8674.96239948556,0.0,0.0,0.0
2025-03-23 17:00:00,0.295056,14752.8,7310.0,7442.799999999999,0.0,137.8296296296296,0.0,8812.79202911519,0.0,0.0,0.0
2025-03-23 18:00:00,0.364248,18212.4,7310.0,10902.400000000001,0.0,201.89629629629633,0.0,9014.688325411485,0.0,0.0,0.0
2025-03-23 19:00:00,0.423263,21163.15,7310.0,13853.150000000003,-1.8189894035458565e-12,256.53981481481486,0.0,9271.2281402263,0.0,0.0,0.0
2025-03-23 20:00:00,0.412742,20637.1,7310.0,13327.099999999999,0.0,246.79814814814813,0.0,9518.026288374447,0.0,0.0,0.0
2025-03-23 21:00:00,0.36428,18214.0,7310.0,10904.0,0.0,201.92592592592592,0.0,9719.952214300372,0.0,0.0,0.0
2025-03-23 22:00:00,0.337154,16857.7,7310.0,9547.7,0.0,176.80925925925928,0.0,9896.76147355963,0.0,0.0,0.0
2025-03-23 23:00:00,0.349056,17452.8,7310.0,5574.880427779939,4567.91957222006,103.23852644036924,0.0,10000.0,0.0,0.0,0.0
2025-03-24 00:00:00,0.339209,16960.45,7310.0,0.0,9650.45,0.0,0.0,10000.0,0.0,0.0,0.0
2025-03-24 01:00:00,0.336777,16838.85,7310.0,0.0,9528.849999999999,0.0,0.0,10000.0,0.0,0.0,0.0
2025-03-24 02:00:00,0.343246,17162.3,7310.0,0.0,9852.3,0.0,0.0,10000.0,0.0,0.0,0.0
2025-03-24 03:00:00,0.304187,15209.349999999999,7310.0,0.0,7899.3499999999985,0.0,0.0,10000.0,0.0,0.0,0.0
2025-03-24 04:00:00,0.248645,12432.25,7310.0,0.0,5122.25,0.0,0.0,10000.0,0.0,0.0,0.0
2025-03-24 05:00:00,0.24535099999999999,12267.55,7310.0,0.0,4957.549999999999,0.0,0.0,10000.0,0.0,0.0,0.0
2025-03-24 06:00:00,0.24296500000000001,12148.25,7310.0,0.0,4838.25,0.0,0.0,10000.0,0.0,0.0,0.0
2025-03-24 07:00:00,0.23690899999999998,11845.449999999999,7310.0,0.0,4535.449999999999,0.0,0.0,10000.0,0.0,0.0,0.0
2025-03-24 08:00:00,0.223076,11153.8,7310.0,0.0,3843.7999999999993,0.0,0.0,10000.0,0.0,0.0,0.0
2025-03-24 09:00:00,0.19520099999999999,9760.05,7310.0,0.0,2450.0499999999993,0.0,0.0,10000.0,0.0,0.0,0.0
2025-03-24 10:00:00,0.152858,7642.9,7310.0,0.0,332.89999999999964,0.0,0.0,10000.0,0.0,0.0,0.0
2025-03-24 11:00:00,0.11865600000000001,5932.8,5932.8,0.0,0.0,0.0,86.98975160673962,9913.01024839326,1377.1999999999998,0.0,0.0
2025-03-24 12:00:00,0.093206,4660.3,4660.3,0.0,0.0,0.0,167.36621030524105,9745.64403808802,2649.7,0.0,0.0
2025-03-24 13:00:00,0.076973,3848.65,3848.65,0.0,0.0,0.0,218.6334422915976,9527.010595796422,3461.35,0.0,0.0
2025-03-24 14:00:00,0.06864400000000001,3432.2000000000007,3432.2000000000007,0.0,0.0,0.0,244.93817802832913,9282.072417768093,3877.7999999999993,0.0,0.0
2025-03-24 15:00:00,0.058076,2903.8,2903.8,0.0,0.0,0.0,278.3141472041941,9003.7582705639,4406.2,0.0,0.0
2025-03-24 16:00:00,0.046253999999999997,2312.7,2312.7,0.0,0.0,0.0,315.6505124196631,8688.107758144237,4997.3,0.0,0.0
2025-03-24 17:00:00,0.035952,1797.6,1797.6,0.0,0.0,0.0,348.18639758712715,8339.92136055711,5512.4,0.0,0.0
2025-03-24 18:00:00,0.023999,1199.95,1199.95,0.0,0.0,0.0,385.9364883856807,7953.984872171429,6110.05,0.0,0.0
2025-03-24 19:00:00,0.019076,953.8,953.8,0.0,0.0,0.0,401.48435896221207,7552.5005132092165,6356.2,0.0,0.0
2025-03-24 20:00:00,0.033593000000000005,1679.6500000000003,1679.6500000000003,0.0,0.0,0.0,355.63661629320825,7196.863896916008,5630.349999999999,0.0,0.0
2025-03-24 21:00:00,0.07640300000000001,3820.1500000000005,3820.1500000000005,0.0,0.0,0.0,220.43362230959937,6976.430274606409,3489.8499999999995,0.0,0.0
2025-03-24 22:00:00,0.14561600000000002,7280.800000000001,7280.800000000001,0.0,0.0,0.0,1.844394965812302,6974.585879640596,29.19999999999891,0.0,0.0
2025-03-24 23:00:00,0.224363,11218.15,7310.0,3908.15,-4.547473508864641e-13,72.37314814814815,0.0,7046.959027788745,0.0,0.0,0.0
2025-03-25 00:00:00,0.29152999999999996,14576.499999999998,7310.0,7266.499999999998,0.0,134.56481481481478,0.0,7181.523842603559,0.0,0.0,0.0
2025-03-25 01:00:00,0.33674400000000004,16837.2,7310.0,9527.2,0.0,176.42962962962963,0.0,7357.953472233189,0.0,0.0,0.0
2025-03-25 02:00:00,0.35504,17752.0,7310.0,10442.0,0.0,193.37037037037038,0.0,7551.32384260356,0.0,0.0,0.0
2025-03-25 03:00:00,0.341216,17060.8,7310.0,9750.8,0.0,180.57037037037037,0.0,7731.89421297393,0.0,0.0,0.0
2025-03-25 04:00:00,0.297255,14862.75,7310.0,7552.75,0.0,139.86574074074073,0.0,7871.759953714671,0.0,0.0,0.0
2025-03-25 05:00:00,0.228997,11449.85,7310.0,4139.85,0.0,76.66388888888889,0.0,7948.42384260356,0.0,0.0,0.0
2025-03-25 06:00:00,0.172297,8614.85,7310.0,1304.8500000000004,0.0,24.163888888888895,0.0,7972.587731492449,0.0,0.0,0.0
2025-03-25 07:00:00,0.146074,7303.700000000001,7303.700000000001,0.0,0.0,0.0,0.39793453029508885,7972.189796962154,6.299999999999272,0.0,0.0
2025-03-25 08:00:00,0.151762,7588.1,7310.0,278.10000000000036,0.0,5.150000000000007,0.0,7977.339796962154,0.0,0.0,0.0
2025-03-25 09:00:00,0.158917,7945.85,7310.0,635.8500000000004,0.0,11.775000000000007,0.0,7989.114796962153,0.0,0.0,0.0
2025-03-25 10:00:00,0.17109100000000002,8554.550000000001,7310.0,1244.550000000001,0.0,23.047222222222242,0.0,8012.162019184376,0.0,0.0,0.0
2025-03-25 11:00:00,0.178194,8909.699999999999,7310.0,1599.699999999999,0.0,29.624074074074056,0.0,8041.78609325845,0.0,0.0,0.0
2025-03-25 12:00:00,0.18335300000000002,9167.650000000001,7310.0,1857.6500000000015,0.0,34.400925925925954,0.0,8076.1870191843755,0.0,0.0,0.0
2025-03-25 13:00:00,0.186365,9318.25,7310.0,2008.25,0.0,37.18981481481482,0.0,8113.37683399919,0.0,0.0,0.0
2025-03-25 14:00:00,0.183801,9190.05,7310.0,1880.0499999999993,0.0,34.81574074074073,0.0,8148.192574739931,0.0,0.0,0.0
2025-03-25 15:00:00,0.15851300000000001,7925.650000000001,7310.0,615.6500000000005,0.0,11.400925925925936,0.0,8159.5935006658565,0.0,0.0,0.0
2025-03-25 16:00:00,0.132457,6622.849999999999,6622.849999999999,0.0,0.0,0.0,43.40328769719081,8116.190212968666,687.1500000000005,0.0,0.0
2025-03-25 17:00:00,0.156297,7814.849999999999,7310.0,504.84999999999945,0.0,9.349074074074064,0.0,8125.53928704274,0.0,0.0,0.0
2025-03-25 18:00:00,0.195888,9794.4,7310.0,2484.3999999999996,0.0,46.0074074074074,0.0,8171.546694450148,0.0,0.0,0.0
2025-03-25 19:00:00,0.225219,11260.95,7310.0,3950.950000000001,-4.547473508864641e-13,73.16574074074076,0.0,8244.712435190888,0.0,0.0,0.0
2025-03-25 20:00:00,0.22525499999999998,11262.75,7310.0,3952.75,0.0,73.19907407407408,0.0,8317.911509264963,0.0,0.0,0.0
2025-03-25 21:00:00,0.208731,10436.55,7310.0,3126.5499999999993,0.0,57.89907407407406,0.0,8375.810583339036,0.0,0.0,0.0
2025-03-25 22:00:00,0.187675,9383.75,7310.0,2073.75,0.0,38.40277777777778,0.0,8414.213361116814,0.0,0.0,0.0
2025-03-25 23:00:00,0.15788,7894.0,7310.0,584.0,0.0,10.814814814814815,0.0,8425.02817593163,0.0,0.0,0.0
2025-03-26 00:00:00,0.125815,6290.750000000001,6290.750000000001,0.0,0.0,0.0,64.38012222274854,8360.648053708881,1019.2499999999991,0.0,0.0
2025-03-26 01:00:00,0.09493800000000001,4746.900000000001,4746.900000000001,0.0,0.0,0.0,161.89618961896187,8198.75186408992,2563.0999999999995,0.0,0.0
2025-03-26 02:00:00,0.066282,3314.1,3314.1,0.0,0.0,0.0,252.39787136608402,7946.353992723836,3995.9,0.0,0.0
2025-03-26 03:00:00,0.044247999999999996,2212.3999999999996,2212.3999999999996,0.0,0.0,0.0,321.98588279880624,7624.36810992503,5097.6,0.0,0.0
2025-03-26 04:00:00,0.029946999999999998,1497.35,1497.35,0.0,0.0,0.0,367.15145198730403,7257.216657937725,5812.65,0.0,0.0
2025-03-26 05:00:00,0.021714999999999998,1085.75,1085.75,0.0,0.0,0.0,393.1498412999195,6864.0668166378055,6224.25,0.0,0.0
2025-03-26 06:00:00,0.018093,904.6500000000001,904.6500000000001,0.0,0.0,0.0,404.5888799406257,6459.47793669718,6405.35,0.0,0.0
2025-03-26 07:00:00,0.012392,619.6,619.6,0.0,0.0,0.0,422.5938383312016,6036.884098365978,6690.4,0.0,0.0
2025-03-26 08:00:00,0.0059370000000000004,296.85,296.85,0.0,0.0,0.0,442.9800874824325,5593.904010883546,7013.15,0.0,0.0
2025-03-26 09:00:00,0.003048,152.4,152.4,0.0,0.0,0.0,452.1041577841996,5141.799853099346,7157.6,0.0,0.0
2025-03-26 10:00:00,0.0033889999999999997,169.45,169.45,0.0,0.0,0.0,451.0272079839564,4690.77264511539,7140.55,0.0,0.0
2025-03-26 11:00:00,0.004409,220.45,220.45,0.0,0.0,0.0,447.8058332149005,4242.96681190049,7089.55,0.0,0.0
2025-03-26 12:00:00,0.008839,441.95,441.95,0.0,0.0,0.0,433.8149604434128,3809.151851457077,6868.05,0.0,0.0
2025-03-26 13:00:00,0.020502,1025.1,1025.1,0.0,0.0,0.0,396.98075070664964,3412.1711007504273,6284.9,0.0,0.0
2025-03-26 14:00:00,0.033305,1665.25,1665.25,0.0,0.0,0.0,356.5461809338829,3055.624919816544,5644.75,0.0,0.0
2025-03-26 15:00:00,0.039299999999999995,1964.9999999999998,1964.9999999999998,0.0,0.0,0.0,337.612708639285,2718.0122111772594,5345.0,0.0,0.0
2025-03-26 16:00:00,0.041458,2072.9,2072.9,0.0,0.0,0.0,330.7972902553414,2387.214920921918,5237.1,0.0,0.0
2025-03-26 17:00:00,0.057426000000000005,2871.3,2871.3,0.0,0.0,0.0,280.36698406682774,2106.84793685509,4438.7,0.0,0.0
2025-03-26 18:00:00,0.09277500000000001,4638.750000000001,4638.750000000001,0.0,0.0,0.0,168.727399055695,1938.1205377993952,2671.249999999999,0.0,0.0
2025-03-26 19:00:00,0.132996,6649.8,6649.8,0.0,0.0,0.0,41.7010122064838,1896.4195255929114,660.1999999999998,0.0,0.0
2025-03-26 20:00:00,0.170936,8546.800000000001,7310.0,1236.800000000001,0.0,22.903703703703723,0.0,1919.3232292966152,0.0,0.0,0.0
2025-03-26 21:00:00,0.206844,10342.2,7310.0,3032.2000000000007,0.0,56.151851851851866,0.0,1975.475081148467,0.0,0.0,0.0
2025-03-26 22:00:00,0.232875,11643.75,7310.0,4333.75,0.0,80.25462962962963,0.0,2055.729710778097,0.0,0.0,0.0
2025-03-26 23:00:00,0.235929,11796.45,7310.0,4486.450000000001,0.0,83.08240740740742,0.0,2138.8121181855045,0.0,0.0,0.0
2025-03-27 00:00:00,0.21778,10889.0,7310.0,3578.9999999999995,4.547473508864641e-13,66.27777777777777,0.0,2205.0898959632823,0.0,0.0,0.0
2025-03-27 01:00:00,0.178851,8942.550000000001,7310.0,1632.550000000001,0.0,30.23240740740743,0.0,2235.3223033706895,0.0,0.0,0.0
2025-03-27 02:00:00,0.131895,6594.750000000001,6594.750000000001,0.0,0.0,0.0,45.17820203072934,2190.1441013399603,715.2499999999991,0.0,0.0
2025-03-27 03:00:00,0.080839,4041.95,4041.95,0.0,0.0,0.0,206.42380027476435,1983.720301065196,3268.05,0.0,0.0
2025-03-27 04:00:00,0.050108,2505.4,2505.4,0.0,0.0,0.0,303.47876892952456,1680.2415321356716,4804.6,0.0,0.0
2025-03-27 05:00:00,0.046187,2309.35,2309.35,0.0,0.0,0.0,315.8621125270422,1364.3794196086294,5000.65,0.0,0.0
2025-03-27 06:00:00,0.054653,2732.65,2732.65,0.0,0.0,0.0,289.1247019438787,1075.2547176647508,4577.35,0.0,0.0
2025-03-27 07:00:00,0.064853,3242.6499999999996,3242.6499999999996,0.0,0.0,0.0,256.91095425332014,818.3437634114307,4067.350000000001,0.0,0.0
2025-03-27 08:00:00,0.0751,3755.0,3755.0,0.0,0.0,0.0,224.54877066654038,593.7949927448904,3555.0,0.0,0.0
2025-03-27 09:00:00,0.107151,5357.55,5357.55,0.0,0.0,0.0,123.32496407535491,470.47002866953545,1952.4499999999998,0.0,0.0
2025-03-27 10:00:00,0.141493,7074.650000000001,7074.650000000001,0.0,0.0,0.0,14.86569709602536,455.6043315735101,235.34999999999945,0.0,0.0
2025-03-27 11:00:00,0.162363,8118.150000000001,7310.0,808.1500000000005,0.0,14.96574074074075,0.0,470.5700723142508,0.0,0.0,0.0
2025-03-27 12:00:00,0.187992,9399.6,7310.0,2089.6000000000004,0.0,38.6962962962963,0.0,509.2663686105471,0.0,0.0,0.0
2025-03-27 13:00:00,0.216287,10814.35,7310.0,3504.35,4.547473508864641e-13,64.89537037037037,0.0,574.1617389809174,0.0,0.0,0.0
2025-03-27 14:00:00,0.24279499999999998,12139.75,7310.0,4829.75,0.0,89.43981481481481,0.0,663.6015537957322,0.0,0.0,0.0
2025-03-27 15:00:00,0.269603,13480.15,7310.0,6170.15,0.0,114.26203703703703,0.0,777.8635908327692,0.0,0.0,0.0
2025-03-27 16:00:00,0.27993599999999996,13996.799999999997,7310.0,6686.799999999997,0.0,123.82962962962958,0.0,901.6932204623988,0.0,0.0,0.0
2025-03-27 17:00:00,0.28090699999999996,14045.349999999999,7310.0,6735.3499999999985,0.0,124.72870370370367,0.0,1026.4219241661026,0.0,0.0,0.0
2025-03-27 18:00:00,0.368406,18420.3,7310.0,11110.3,0.0,205.7462962962963,0.0,1232.168220462399,0.0,0.0,0.0
2025-03-27 19:00:00,0.431908,21595.4,7310.0,14285.400000000001,0.0,264.5444444444445,0.0,1496.7126649068434,0.0,0.0,0.0
2025-03-27 20:00:00,0.441513,22075.649999999998,7310.0,14765.649999999996,1.8189894035458565e-12,273.4379629629629,0.0,1770.1506278698064,0.0,0.0,0.0
2025-03-27 21:00:00,0.41956099999999996,20978.05,7310.0,13668.05,0.0,253.11203703703703,0.0,2023.2626649068434,0.0,0.0,0.0
2025-03-27 22:00:00,0.39649599999999996,19824.8,7310.0,12514.8,0.0,231.75555555555553,0.0,2255.018220462399,0.0,0.0,0.0
2025-03-27 23:00:00,0.388349,19417.45,7310.0,12107.45,0.0,224.21203703703705,0.0,2479.230257499436,0.0,0.0,0.0
2025-03-28 00:00:00,0.37797699999999995,18898.85,7310.0,11588.849999999999,0.0,214.60833333333332,0.0,2693.838590832769,0.0,0.0,0.0
2025-03-28 01:00:00,0.394003,19700.149999999998,7310.0,12390.149999999998,0.0,229.4472222222222,0.0,2923.285813054991,0.0,0.0,0.0
2025-03-28 02:00:00,0.372433,18621.65,7310.0,11311.650000000001,0.0,209.47500000000002,0.0,3132.760813054991,0.0,0.0,0.0
2025-03-28 03:00:00,0.398167,19908.35,7310.0,12598.349999999999,0.0,233.30277777777775,0.0,3366.063590832769,0.0,0.0,0.0
2025-03-28 04:00:00,0.404491,20224.55,7310.0,12914.55,0.0,239.15833333333333,0.0,3605.2219241661023,0.0,0.0,0.0
2025-03-28 05:00:00,0.429124,21456.2,7310.0,14146.2,0.0,261.9666666666667,0.0,3867.188590832769,0.0,0.0,0.0
2025-03-28 06:00:00,0.41577600000000003,20788.800000000003,7310.0,13478.800000000003,0.0,249.60740740740746,0.0,4116.795998240176,0.0,0.0,0.0
2025-03-28 07:00:00,0.374112,18705.6,7310.0,11395.599999999999,0.0,211.0296296296296,0.0,4327.825627869805,0.0,0.0,0.0
2025-03-28 08:00:00,0.299367,14968.35,7310.0,7658.35,0.0,141.8212962962963,0.0,4469.646924166102,0.0,0.0,0.0
2025-03-28 09:00:00,0.313598,15679.9,7310.0,8369.9,0.0,154.99814814814815,0.0,4624.64507231425,0.0,0.0,0.0
2025-03-28 10:00:00,0.31946800000000003,15973.400000000001,7310.0,8663.400000000001,0.0,160.43333333333337,0.0,4785.078405647583,0.0,0.0,0.0
2025-03-28 11:00:00,0.32259699999999997,16129.849999999999,7310.0,8819.849999999999,0.0,163.33055555555552,0.0,4948.4089612031385,0.0,0.0,0.0
2025-03-28 12:00:00,0.361625,18081.25,7310.0,10771.25,0.0,199.46759259259258,0.0,5147.876553795731,0.0,0.0,0.0
2025-03-28 13:00:00,0.435012,21750.600000000002,7310.0,14440.600000000002,0.0,267.41851851851857,0.0,5415.295072314249,0.0,0.0,0.0
2025-03-28 14:00:00,0.534864,26743.2,7310.0,19433.2,0.0,359.8740740740741,0.0,5775.1691463883235,0.0,0.0,0.0
2025-03-28 15:00:00,0.595638,29781.9,7310.0,22471.9,0.0,416.1462962962963,0.0,6191.3154426846195,0.0,0.0,0.0
2025-03-28 16:00:00,0.562687,28134.350000000002,7310.0,20824.350000000002,0.0,385.6361111111112,0.0,6576.95155379573,0.0,0.0,0.0
2025-03-28 17:00:00,0.485945,24297.25,7310.0,16987.25,0.0,314.5787037037037,0.0,6891.530257499434,0.0,0.0,0.0
2025-03-28 18:00:00,0.458656,22932.8,7310.0,15622.799999999997,1.8189894035458565e-12,289.3111111111111,0.0,7180.841368610545,0.0,0.0,0.0
2025-03-28 19:00:00,0.469481,23474.05,7310.0,16164.049999999997,1.8189894035458565e-12,299.3342592592592,0.0,7480.175627869804,0.0,0.0,0.0
2025-03-28 20:00:00,0.456964,22848.2,7310.0,15538.2,0.0,287.74444444444447,0.0,7767.9200723142485,0.0,0.0,0.0
2025-03-28 21:00:00,0.44923599999999997,22461.8,7310.0,15151.800000000001,-1.8189894035458565e-12,280.5888888888889,0.0,8048.508961203137,0.0,0.0,0.0
2025-03-28 22:00:00,0.433867,21693.35,7310.0,14383.349999999999,0.0,266.3583333333333,0.0,8314.86729453647,0.0,0.0,0.0
2025-03-28 23:00:00,0.419305,20965.25,7310.0,13655.25,0.0,252.875,0.0,8567.74229453647,0.0,0.0,0.0
2025-03-29 00:00:00,0.389646,19482.3,7310.0,12172.3,0.0,225.41296296296295,0.0,8793.155257499433,0.0,0.0,0.0
2025-03-29 01:00:00,0.35739800000000005,17869.9,7310.0,10559.900000000001,0.0,195.55370370370372,0.0,8988.708961203136,0.0,0.0,0.0
2025-03-29 02:00:00,0.31323700000000004,15661.850000000002,7310.0,8351.850000000002,0.0,154.66388888888892,0.0,9143.372850092024,0.0,0.0,0.0
2025-03-29 03:00:00,0.269827,13491.349999999999,7310.0,6181.3499999999985,0.0,114.46944444444442,0.0,9257.84229453647,0.0,0.0,0.0
2025-03-29 04:00:00,0.267462,13373.099999999999,7310.0,6063.0999999999985,0.0,112.2796296296296,0.0,9370.121924166098,0.0,0.0,0.0
2025-03-29 05:00:00,0.217691,10884.55,7310.0,3574.5499999999993,0.0,66.19537037037036,0.0,9436.31729453647,0.0,0.0,0.0
2025-03-29 06:00:00,0.155391,7769.55,7310.0,459.5500000000001,5.684341886080802e-14,8.510185185185188,0.0,9444.827479721655,0.0,0.0,0.0
2025-03-29 07:00:00,0.110268,5513.400000000001,5513.400000000001,0.0,0.0,0.0,113.48082176638714,9331.346657955268,1796.5999999999995,0.0,0.0
2025-03-29 08:00:00,0.087866,4393.3,4393.3,0.0,0.0,0.0,184.23105468441582,9147.115603270851,2916.7,0.0,0.0
2025-03-29 09:00:00,0.07819799999999999,3909.8999999999996,3909.8999999999996,0.0,0.0,0.0,214.7646343581727,8932.350968912679,3400.1000000000004,0.0,0.0
2025-03-29 10:00:00,0.099206,4960.3,4960.3,0.0,0.0,0.0,148.4169469578537,8783.934021954825,2349.7,0.0,0.0
2025-03-29 11:00:00,0.173431,8671.55,7310.0,1361.5499999999993,0.0,25.213888888888874,0.0,8809.147910843714,0.0,0.0,0.0
2025-03-29 12:00:00,0.283972,14198.6,7310.0,6888.6,0.0,127.56666666666668,0.0,8936.714577510382,0.0,0.0,0.0
2025-03-29 13:00:00,0.39958,19979.0,7310.0,12669.0,0.0,234.61111111111111,0.0,9171.325688621493,0.0,0.0,0.0
2025-03-29 14:00:00,0.497966,24898.3,7310.0,17588.3,0.0,325.7092592592592,0.0,9497.034947880753,0.0,0.0,0.0
2025-03-29 15:00:00,0.547033,27351.649999999998,7310.0,20041.649999999998,0.0,371.14166666666665,0.0,9868.17661454742,0.0,0.0,0.0
2025-03-29 16:00:00,0.577726,28886.3,7310.0,7118.462814439354,14457.837185560646,131.82338545258062,0.0,10000.0,0.0,0.0,0.0
2025-03-29 17:00:00,0.5711029999999999,28555.149999999994,7310.0,0.0,21245.149999999994,0.0,0.0,10000.0,0.0,0.0,0.0
2025-03-29 18:00:00,0.573079,28653.95,7310.0,0.0,21343.95,0.0,0.0,10000.0,0.0,0.0,0.0
2025-03-29 19:00:00,0.571105,28555.25,7310.0,0.0,21245.25,0.0,0.0,10000.0,0.0,0.0,0.0
2025-03-29 20:00:00,0.604085,30204.25,7310.0,0.0,22894.25,0.0,0.0,10000.0,0.0,0.0,0.0
2025-03-29 21:00:00,0.601235,30061.75,7310.0,0.0,22751.75,0.0,0.0,10000.0,0.0,0.0,0.0
2025-03-29 22:00:00,0.5829880000000001,29149.4,7310.0,0.0,21839.4,0.0,0.0,10000.0,0.0,0.0,0.0
2025-03-29 23:00:00,0.5724980000000001,28624.9,7310.0,0.0,21314.9,0.0,0.0,10000.0,0.0,0.0,0.0
2025-03-30 00:00:00,0.631572,31578.600000000002,7310.0,0.0,24268.600000000002,0.0,0.0,10000.0,0.0,0.0,0.0
2025-03-30 01:00:00,0.622565,31128.25,7310.0,0.0,23818.25,0.0,0.0,10000.0,0.0,0.0,0.0
2025-03-30 02:00:00,0.546353,27317.649999999998,7310.0,0.0,20007.649999999998,0.0,0.0,10000.0,0.0,0.0,0.0
2025-03-30 03:00:00,0.548394,27419.7,7310.0,0.0,20109.7,0.0,0.0,10000.0,0.0,0.0,0.0
2025-03-30 04:00:00,0.544336,27216.800000000003,7310.0,0.0,19906.800000000003,0.0,0.0,10000.0,0.0,0.0,0.0
2025-03-30 05:00:00,0.519624,25981.199999999997,7310.0,0.0,18671.199999999997,0.0,0.0,10000.0,0.0,0.0,0.0
2025-03-30 06:00:00,0.44285199999999997,22142.6,7310.0,0.0,14832.599999999999,0.0,0.0,10000.0,0.0,0.0,0.0
2025-03-30 07:00:00,0.444074,22203.7,7310.0,0.0,14893.7,0.0,0.0,10000.0,0.0,0.0,0.0
2025-03-30 08:00:00,0.665796,33289.8,7310.0,0.0,25979.800000000003,0.0,0.0,10000.0,0.0,0.0,0.0
2025-03-30 09:00:00,0.6854750000000001,34273.75,7310.0,0.0,26963.75,0.0,0.0,10000.0,0.0,0.0,0.0
2025-03-30 10:00:00,0.67908,33954.0,7310.0,0.0,26644.0,0.0,0.0,10000.0,0.0,0.0,0.0
2025-03-30 11:00:00,0.668173,33408.65,7310.0,0.0,26098.65,0.0,0.0,10000.0,0.0,0.0,0.0
2025-03-30 12:00:00,0.651824,32591.199999999997,7310.0,0.0,25281.199999999997,0.0,0.0,10000.0,0.0,0.0,0.0
2025-03-30 13:00:00,0.634735,31736.750000000004,7310.0,0.0,24426.750000000004,0.0,0.0,10000.0,0.0,0.0,0.0
2025-03-30 14:00:00,0.61113,30556.499999999996,7310.0,0.0,23246.499999999996,0.0,0.0,10000.0,0.0,0.0,0.0
2025-03-30 15:00:00,0.585324,29266.199999999997,7310.0,0.0,21956.199999999997,0.0,0.0,10000.0,0.0,0.0,0.0
2025-03-30 16:00:00,0.531851,26592.55,7310.0,0.0,19282.55,0.0,0.0,10000.0,0.0,0.0,0.0
2025-03-30 17:00:00,0.46225700000000003,23112.850000000002,7310.0,0.0,15802.850000000002,0.0,0.0,10000.0,0.0,0.0,0.0
2025-03-30 18:00:00,0.44074,22037.0,7310.0,0.0,14727.0,0.0,0.0,10000.0,0.0,0.0,0.0
2025-03-30 19:00:00,0.443444,22172.2,7310.0,0.0,14862.2,0.0,0.0,10000.0,0.0,0.0,0.0
2025-03-30 20:00:00,0.41000099999999995,20500.049999999996,7310.0,0.0,13190.049999999996,0.0,0.0,10000.0,0.0,0.0,0.0
2025-03-30 21:00:00,0.361942,18097.1,7310.0,0.0,10787.099999999999,0.0,0.0,10000.0,0.0,0.0,0.0
2025-03-30 22:00:00,0.302473,15123.65,7310.0,0.0,7813.65,0.0,0.0,10000.0,0.0,0.0,0.0
2025-03-30 23:00:00,0.25005299999999997,12502.649999999998,7310.0,0.0,5192.649999999998,0.0,0.0,10000.0,0.0,0.0,0.0
2025-03-31 00:00:00,0.20867,10433.5,7310.0,0.0,3123.5,0.0,0.0,10000.0,0.0,0.0,0.0
2025-03-31 01:00:00,0.16656100000000001,8328.050000000001,7310.0,0.0,1018.0500000000011,0.0,0.0,10000.0,0.0,0.0,0.0
2025-03-31 02:00:00,0.132986,6649.299999999999,6649.299999999999,0.0,0.0,0.0,41.73259431206284,9958.267405687937,660.7000000000007,0.0,0.0
2025-03-31 03:00:00,0.104897,5244.85,5244.85,0.0,0.0,0.0,130.44357067285677,9827.82383501508,2065.1499999999996,0.0,0.0
2025-03-31 04:00:00,0.07791,3895.4999999999995,3895.4999999999995,0.0,0.0,0.0,215.67419899884732,9612.149636016233,3414.5000000000005,0.0,0.0
2025-03-31 05:00:00,0.055121,2756.05,2756.05,0.0,0.0,0.0,287.6466594027824,9324.50297661345,4553.95,0.0,0.0
2025-03-31 06:00:00,0.038640999999999995,1932.0499999999997,1932.0499999999997,0.0,0.0,0.0,339.6939693969398,8984.80900721651,5377.950000000001,0.0,0.0
2025-03-31 07:00:00,0.017852,892.6,892.6,0.0,0.0,0.0,405.35000868507905,8579.45899853143,6417.4,0.0,0.0
2025-03-31 08:00:00,0.021913000000000002,1095.65,1095.65,0.0,0.0,0.0,392.52451560945576,8186.934482921974,6214.35,0.0,0.0
2025-03-31 09:00:00,0.035088999999999995,1754.4499999999998,1754.4499999999998,0.0,0.0,0.0,350.91193329859306,7836.022549623382,5555.55,0.0,0.0
2025-03-31 10:00:00,0.047117,2355.85,2355.85,0.0,0.0,0.0,312.92497670819716,7523.097572915184,4954.15,0.0,0.0
2025-03-31 11:00:00,0.054061,2703.0499999999997,2703.0499999999997,0.0,0.0,0.0,290.9943625941542,7232.10321032103,4606.950000000001,0.0,0.0
2025-03-31 12:00:00,0.058225,2911.25,2911.25,0.0,0.0,0.0,277.8435738310674,6954.259636489963,4398.75,0.0,0.0
2025-03-31 13:00:00,0.059848,2992.4,2992.4,0.0,0.0,0.0,272.7177980955991,6681.541838394363,4317.6,0.0,0.0
2025-03-31 14:00:00,0.06303199999999999,3151.5999999999995,3151.5999999999995,0.0,0.0,0.0,262.6620556792522,6418.879782715111,4158.400000000001,0.0,0.0
2025-03-31 15:00:00,0.075181,3759.0499999999997,3759.0499999999997,0.0,0.0,0.0,224.29295561135066,6194.586827103761,3550.9500000000003,0.0,0.0
2025-03-31 16:00:00,0.105409,5270.45,5270.45,0.0,0.0,0.0,128.82656686721307,6065.760260236548,2039.5500000000004,0.0,0.0
2025-03-31 17:00:00,0.188201,9410.050000000001,7310.0,2100.050000000001,0.0,38.889814814814834,0.0,6104.650075051362,0.0,0.0,0.0
2025-03-31 18:00:00,0.331589,16579.45,7310.0,9269.45,0.0,171.6564814814815,0.0,6276.306556532844,0.0,0.0,0.0
2025-03-31 19:00:00,0.407289,20364.45,7310.0,13054.45,0.0,241.7490740740741,0.0,6518.055630606918,0.0,0.0,0.0
2025-03-31 20:00:00,0.376231,18811.55,7310.0,11501.55,0.0,212.99166666666665,0.0,6731.047297273585,0.0,0.0,0.0
2025-03-31 21:00:00,0.33477999999999997,16739.0,7310.0,9429.0,0.0,174.61111111111111,0.0,6905.6584083846965,0.0,0.0,0.0
2025-03-31 22:00:00,0.304588,15229.400000000001,7310.0,7919.400000000002,-9.094947017729282e-13,146.6555555555556,0.0,7052.3139639402525,0.0,0.0,0.0
2025-03-31 23:00:00,0.26414299999999996,13207.149999999998,7310.0,5897.149999999998,0.0,109.20648148148145,0.0,7161.520445421734,0.0,0.0,0.0
2025-04-01 00:00:00,0.252915,12645.75,7310.0,5335.75,0.0,98.81018518518519,0.0,7260.330630606919,0.0,0.0,0.0
2025-04-01 01:00:00,0.248668,12433.4,7310.0,5123.4,0.0,94.87777777777777,0.0,7355.208408384697,0.0,0.0,0.0
2025-04-01 02:00:00,0.23502699999999999,11751.349999999999,7310.0,4441.3499999999985,0.0,82.24722222222219,0.0,7437.455630606919,0.0,0.0,0.0
2025-04-01 03:00:00,0.241292,12064.6,7310.0,4754.6,0.0,88.04814814814816,0.0,7525.503778755067,0.0,0.0,0.0
2025-04-01 04:00:00,0.234246,11712.300000000001,7310.0,4402.300000000001,0.0,81.5240740740741,0.0,7607.027852829141,0.0,0.0,0.0
2025-04-01 05:00:00,0.252844,12642.2,7310.0,5332.200000000001,0.0,98.74444444444445,0.0,7705.7722972735855,0.0,0.0,0.0
2025-04-01 06:00:00,0.275281,13764.05,7310.0,6454.049999999999,0.0,119.51944444444443,0.0,7825.29174171803,0.0,0.0,0.0
2025-04-01 07:00:00,0.352372,17618.600000000002,7310.0,10308.600000000002,0.0,190.90000000000003,0.0,8016.191741718029,0.0,0.0,0.0
2025-04-01 08:00:00,0.43798200000000004,21899.100000000002,7310.0,14589.100000000002,0.0,270.16851851851857,0.0,8286.360260236548,0.0,0.0,0.0
2025-04-01 09:00:00,0.49407799999999996,24703.899999999998,7310.0,17393.899999999998,0.0,322.1092592592592,0.0,8608.469519495808,0.0,0.0,0.0
2025-04-01 10:00:00,0.523313,26165.65,7310.0,18855.65,0.0,349.1787037037037,0.0,8957.64822319951,0.0,0.0,0.0
2025-04-01 11:00:00,0.5349740000000001,26748.700000000004,7310.0,19438.700000000004,0.0,359.975925925926,0.0,9317.624149125437,0.0,0.0,0.0
2025-04-01 12:00:00,0.546879,27343.95,7310.0,20033.95,0.0,370.9990740740741,0.0,9688.62322319951,0.0,0.0,0.0
2025-04-01 13:00:00,0.56313,28156.5,7310.0,16814.34594722641,4032.154052773589,311.3767768004891,0.0,10000.0,0.0,0.0,0.0
2025-04-01 14:00:00,0.586232,29311.6,7310.0,0.0,22001.6,0.0,0.0,10000.0,0.0,0.0,0.0
2025-04-01 15:00:00,0.617725,30886.25,7310.0,0.0,23576.25,0.0,0.0,10000.0,0.0,0.0,0.0
2025-04-01 16:00:00,0.642341,32117.050000000003,7310.0,0.0,24807.050000000003,0.0,0.0,10000.0,0.0,0.0,0.0
2025-04-01 17:00:00,0.612784,30639.2,7310.0,0.0,23329.2,0.0,0.0,10000.0,0.0,0.0,0.0
2025-04-01 18:00:00,0.577727,28886.35,7310.0,0.0,21576.35,0.0,0.0,10000.0,0.0,0.0,0.0
2025-04-01 19:00:00,0.5543819999999999,27719.099999999995,7310.0,0.0,20409.099999999995,0.0,0.0,10000.0,0.0,0.0,0.0
2025-04-01 20:00:00,0.523244,26162.2,7310.0,0.0,18852.2,0.0,0.0,10000.0,0.0,0.0,0.0
2025-04-01 21:00:00,0.500716,25035.800000000003,7310.0,0.0,17725.800000000003,0.0,0.0,10000.0,0.0,0.0,0.0
2025-04-01 22:00:00,0.502995,25149.75,7310.0,0.0,17839.75,0.0,0.0,10000.0,0.0,0.0,0.0
2025-04-01 23:00:00,0.510766,25538.300000000003,7310.0,0.0,18228.300000000003,0.0,0.0,10000.0,0.0,0.0,0.0
2025-04-02 00:00:00,0.488342,24417.1,7310.0,0.0,17107.1,0.0,0.0,10000.0,0.0,0.0,0.0
2025-04-02 01:00:00,0.46741699999999997,23370.85,7310.0,0.0,16060.849999999999,0.0,0.0,10000.0,0.0,0.0,0.0
2025-04-02 02:00:00,0.459411,22970.55,7310.0,0.0,15660.55,0.0,0.0,10000.0,0.0,0.0,0.0
2025-04-02 03:00:00,0.46733600000000003,23366.800000000003,7310.0,0.0,16056.800000000003,0.0,0.0,10000.0,0.0,0.0,0.0
2025-04-02 04:00:00,0.47530500000000003,23765.25,7310.0,0.0,16455.25,0.0,0.0,10000.0,0.0,0.0,0.0
2025-04-02 05:00:00,0.488341,24417.050000000003,7310.0,0.0,17107.050000000003,0.0,0.0,10000.0,0.0,0.0,0.0
2025-04-02 06:00:00,0.46129000000000003,23064.5,7310.0,0.0,15754.5,0.0,0.0,10000.0,0.0,0.0,0.0
2025-04-02 07:00:00,0.424328,21216.399999999998,7310.0,0.0,13906.399999999998,0.0,0.0,10000.0,0.0,0.0,0.0
2025-04-02 08:00:00,0.6172960000000001,30864.800000000003,7310.0,0.0,23554.800000000003,0.0,0.0,10000.0,0.0,0.0,0.0
2025-04-02 09:00:00,0.7537590000000001,37687.950000000004,7310.0,0.0,30377.950000000004,0.0,0.0,10000.0,0.0,0.0,0.0
2025-04-02 10:00:00,0.7757229999999999,38786.149999999994,7310.0,0.0,31476.149999999994,0.0,0.0,10000.0,0.0,0.0,0.0
2025-04-02 11:00:00,0.773556,38677.8,7310.0,0.0,31367.800000000003,0.0,0.0,10000.0,0.0,0.0,0.0
2025-04-02 12:00:00,0.778711,38935.55,7310.0,0.0,31625.550000000003,0.0,0.0,10000.0,0.0,0.0,0.0
2025-04-02 13:00:00,0.788886,39444.299999999996,7310.0,0.0,32134.299999999996,0.0,0.0,10000.0,0.0,0.0,0.0
2025-04-02 14:00:00,0.788154,39407.700000000004,7310.0,0.0,32097.700000000004,0.0,0.0,10000.0,0.0,0.0,0.0
2025-04-02 15:00:00,0.765396,38269.799999999996,7310.0,0.0,30959.799999999996,0.0,0.0,10000.0,0.0,0.0,0.0
2025-04-02 16:00:00,0.6969890000000001,34849.450000000004,7310.0,0.0,27539.450000000004,0.0,0.0,10000.0,0.0,0.0,0.0
2025-04-02 17:00:00,0.607793,30389.65,7310.0,0.0,23079.65,0.0,0.0,10000.0,0.0,0.0,0.0
2025-04-02 18:00:00,0.620903,31045.149999999998,7310.0,0.0,23735.149999999998,0.0,0.0,10000.0,0.0,0.0,0.0
2025-04-02 19:00:00,0.557515,27875.75,7310.0,0.0,20565.75,0.0,0.0,10000.0,0.0,0.0,0.0
2025-04-02 20:00:00,0.500717,25035.85,7310.0,0.0,17725.85,0.0,0.0,10000.0,0.0,0.0,0.0
2025-04-02 21:00:00,0.500722,25036.1,7310.0,0.0,17726.1,0.0,0.0,10000.0,0.0,0.0,0.0
2025-04-02 22:00:00,0.513057,25652.85,7310.0,0.0,18342.85,0.0,0.0,10000.0,0.0,0.0,0.0
2025-04-02 23:00:00,0.510324,25516.2,7310.0,0.0,18206.2,0.0,0.0,10000.0,0.0,0.0,0.0
2025-04-03 00:00:00,0.500721,25036.05,7310.0,0.0,17726.05,0.0,0.0,10000.0,0.0,0.0,0.0
2025-04-03 01:00:00,0.48421499999999995,24210.749999999996,7310.0,0.0,16900.749999999996,0.0,0.0,10000.0,0.0,0.0,0.0
2025-04-03 02:00:00,0.47593599999999997,23796.8,7310.0,0.0,16486.8,0.0,0.0,10000.0,0.0,0.0,0.0
2025-04-03 03:00:00,0.47558,23779.0,7310.0,0.0,16469.0,0.0,0.0,10000.0,0.0,0.0,0.0
2025-04-03 04:00:00,0.46353300000000003,23176.65,7310.0,0.0,15866.650000000001,0.0,0.0,10000.0,0.0,0.0,0.0
2025-04-03 05:00:00,0.460571,23028.55,7310.0,0.0,15718.55,0.0,0.0,10000.0,0.0,0.0,0.0
2025-04-03 06:00:00,0.397795,19889.75,7310.0,0.0,12579.75,0.0,0.0,10000.0,0.0,0.0,0.0
2025-04-03 07:00:00,0.261415,13070.75,7310.0,0.0,5760.75,0.0,0.0,10000.0,0.0,0.0,0.0
2025-04-03 08:00:00,0.378596,18929.8,7310.0,0.0,11619.8,0.0,0.0,10000.0,0.0,0.0,0.0
2025-04-03 09:00:00,0.478704,23935.2,7310.0,0.0,16625.2,0.0,0.0,10000.0,0.0,0.0,0.0
2025-04-03 10:00:00,0.555215,27760.75,7310.0,0.0,20450.75,0.0,0.0,10000.0,0.0,0.0,0.0
2025-04-03 11:00:00,0.560093,28004.649999999998,7310.0,0.0,20694.649999999998,0.0,0.0,10000.0,0.0,0.0,0.0
2025-04-03 12:00:00,0.5266109999999999,26330.549999999996,7310.0,0.0,19020.549999999996,0.0,0.0,10000.0,0.0,0.0,0.0
2025-04-03 13:00:00,0.500665,25033.25,7310.0,0.0,17723.25,0.0,0.0,10000.0,0.0,0.0,0.0
2025-04-03 14:00:00,0.493139,24656.95,7310.0,0.0,17346.95,0.0,0.0,10000.0,0.0,0.0,0.0
2025-04-03 15:00:00,0.484211,24210.55,7310.0,0.0,16900.55,0.0,0.0,10000.0,0.0,0.0,0.0
2025-04-03 16:00:00,0.442064,22103.2,7310.0,0.0,14793.2,0.0,0.0,10000.0,0.0,0.0,0.0
2025-04-03 17:00:00,0.412735,20636.75,7310.0,0.0,13326.75,0.0,0.0,10000.0,0.0,0.0,0.0
2025-04-03 18:00:00,0.46273899999999996,23136.949999999997,7310.0,0.0,15826.949999999997,0.0,0.0,10000.0,0.0,0.0,0.0
2025-04-03 19:00:00,0.4748,23740.0,7310.0,0.0,16430.0,0.0,0.0,10000.0,0.0,0.0,0.0
2025-04-03 20:00:00,0.419551,20977.55,7310.0,0.0,13667.55,0.0,0.0,10000.0,0.0,0.0,0.0
2025-04-03 21:00:00,0.36668599999999996,18334.3,7310.0,0.0,11024.3,0.0,0.0,10000.0,0.0,0.0,0.0
2025-04-03 22:00:00,0.32774400000000004,16387.2,7310.0,0.0,9077.2,0.0,0.0,10000.0,0.0,0.0,0.0
2025-04-03 23:00:00,0.277688,13884.4,7310.0,0.0,6574.4,0.0,0.0,10000.0,0.0,0.0,0.0
2025-04-04 00:00:00,0.23093,11546.5,7310.0,0.0,4236.5,0.0,0.0,10000.0,0.0,0.0,0.0
2025-04-04 01:00:00,0.219809,10990.45,7310.0,0.0,3680.4500000000007,0.0,0.0,10000.0,0.0,0.0,0.0
2025-04-04 02:00:00,0.23537200000000003,11768.600000000002,7310.0,0.0,4458.600000000002,0.0,0.0,10000.0,0.0,0.0,0.0
2025-04-04 03:00:00,0.248688,12434.4,7310.0,0.0,5124.4,0.0,0.0,10000.0,0.0,0.0,0.0
2025-04-04 04:00:00,0.265052,13252.6,7310.0,0.0,5942.6,0.0,0.0,10000.0,0.0,0.0,0.0
2025-04-04 05:00:00,0.29068299999999997,14534.149999999998,7310.0,0.0,7224.149999999998,0.0,0.0,10000.0,0.0,0.0,0.0
2025-04-04 06:00:00,0.296526,14826.300000000001,7310.0,0.0,7516.300000000001,0.0,0.0,10000.0,0.0,0.0,0.0
2025-04-04 07:00:00,0.291363,14568.15,7310.0,0.0,7258.15,0.0,0.0,10000.0,0.0,0.0,0.0
2025-04-04 08:00:00,0.307624,15381.2,7310.0,0.0,8071.200000000001,0.0,0.0,10000.0,0.0,0.0,0.0
2025-04-04 09:00:00,0.344608,17230.4,7310.0,0.0,9920.400000000001,0.0,0.0,10000.0,0.0,0.0,0.0
2025-04-04 10:00:00,0.40999599999999997,20499.8,7310.0,0.0,13189.8,0.0,0.0,10000.0,0.0,0.0,0.0
2025-04-04 11:00:00,0.475954,23797.7,7310.0,0.0,16487.7,0.0,0.0,10000.0,0.0,0.0,0.0
2025-04-04 12:00:00,0.505037,25251.85,7310.0,0.0,17941.85,0.0,0.0,10000.0,0.0,0.0,0.0
2025-04-04 13:00:00,0.521023,26051.15,7310.0,0.0,18741.15,0.0,0.0,10000.0,0.0,0.0,0.0
2025-04-04 14:00:00,0.537574,26878.7,7310.0,0.0,19568.7,0.0,0.0,10000.0,0.0,0.0,0.0
2025-04-04 15:00:00,0.558327,27916.350000000002,7310.0,0.0,20606.350000000002,0.0,0.0,10000.0,0.0,0.0,0.0
2025-04-04 16:00:00,0.549728,27486.4,7310.0,0.0,20176.4,0.0,0.0,10000.0,0.0,0.0,0.0
2025-04-04 17:00:00,0.537573,26878.649999999998,7310.0,0.0,19568.649999999998,0.0,0.0,10000.0,0.0,0.0,0.0
2025-04-04 18:00:00,0.5856140000000001,29280.700000000004,7310.0,0.0,21970.700000000004,0.0,0.0,10000.0,0.0,0.0,0.0
2025-04-04 19:00:00,0.601368,30068.4,7310.0,0.0,22758.4,0.0,0.0,10000.0,0.0,0.0,0.0
2025-04-04 20:00:00,0.5895309999999999,29476.549999999996,7310.0,0.0,22166.549999999996,0.0,0.0,10000.0,0.0,0.0,0.0
2025-04-04 21:00:00,0.582991,29149.550000000003,7310.0,0.0,21839.550000000003,0.0,0.0,10000.0,0.0,0.0,0.0
2025-04-04 22:00:00,0.571106,28555.3,7310.0,0.0,21245.3,0.0,0.0,10000.0,0.0,0.0,0.0
2025-04-04 23:00:00,0.615328,30766.399999999998,7310.0,0.0,23456.399999999998,0.0,0.0,10000.0,0.0,0.0,0.0
2025-04-05 00:00:00,0.6153139999999999,30765.699999999997,7310.0,0.0,23455.699999999997,0.0,0.0,10000.0,0.0,0.0,0.0
2025-04-05 01:00:00,0.540584,27029.199999999997,7310.0,0.0,19719.199999999997,0.0,0.0,10000.0,0.0,0.0,0.0
2025-04-05 02:00:00,0.535894,26794.7,7310.0,0.0,19484.7,0.0,0.0,10000.0,0.0,0.0,0.0
2025-04-05 03:00:00,0.491829,24591.45,7310.0,0.0,17281.45,0.0,0.0,10000.0,0.0,0.0,0.0
2025-04-05 04:00:00,0.44149400000000005,22074.700000000004,7310.0,0.0,14764.700000000004,0.0,0.0,10000.0,0.0,0.0,0.0
2025-04-05 05:00:00,0.44814299999999996,22407.149999999998,7310.0,0.0,15097.149999999998,0.0,0.0,10000.0,0.0,0.0,0.0
2025-04-05 06:00:00,0.471011,23550.55,7310.0,0.0,16240.55,0.0,0.0,10000.0,0.0,0.0,0.0
2025-04-05 07:00:00,0.554261,27713.05,7310.0,0.0,20403.05,0.0,0.0,10000.0,0.0,0.0,0.0
2025-04-05 08:00:00,0.598406,29920.3,7310.0,0.0,22610.3,0.0,0.0,10000.0,0.0,0.0,0.0
2025-04-05 09:00:00,0.617859,30892.95,7310.0,0.0,23582.95,0.0,0.0,10000.0,0.0,0.0,0.0
2025-04-05 10:00:00,0.641857,32092.850000000002,7310.0,0.0,24782.850000000002,0.0,0.0,10000.0,0.0,0.0,0.0
2025-04-05 11:00:00,0.652694,32634.7,7310.0,0.0,25324.7,0.0,0.0,10000.0,0.0,0.0,0.0
2025-04-05 12:00:00,0.649563,32478.15,7310.0,0.0,25168.15,0.0,0.0,10000.0,0.0,0.0,0.0
2025-04-05 13:00:00,0.6371749999999999,31858.749999999996,7310.0,0.0,24548.749999999996,0.0,0.0,10000.0,0.0,0.0,0.0
2025-04-05 14:00:00,0.632222,31611.1,7310.0,0.0,24301.1,0.0,0.0,10000.0,0.0,0.0,0.0
2025-04-05 15:00:00,0.63897,31948.500000000004,7310.0,0.0,24638.500000000004,0.0,0.0,10000.0,0.0,0.0,0.0
2025-04-05 16:00:00,0.6354310000000001,31771.550000000003,7310.0,0.0,24461.550000000003,0.0,0.0,10000.0,0.0,0.0,0.0
2025-04-05 17:00:00,0.610127,30506.35,7310.0,0.0,23196.35,0.0,0.0,10000.0,0.0,0.0,0.0
2025-04-05 18:00:00,0.5918669999999999,29593.349999999995,7310.0,0.0,22283.349999999995,0.0,0.0,10000.0,0.0,0.0,0.0
2025-04-05 19:00:00,0.57563,28781.5,7310.0,0.0,21471.5,0.0,0.0,10000.0,0.0,0.0,0.0
2025-04-05 20:00:00,0.552418,27620.899999999998,7310.0,0.0,20310.899999999998,0.0,0.0,10000.0,0.0,0.0,0.0
2025-04-05 21:00:00,0.5385019999999999,26925.099999999995,7310.0,0.0,19615.099999999995,0.0,0.0,10000.0,0.0,0.0,0.0
2025-04-05 22:00:00,0.522624,26131.199999999997,7310.0,0.0,18821.199999999997,0.0,0.0,10000.0,0.0,0.0,0.0
2025-04-05 23:00:00,0.504772,25238.6,7310.0,0.0,17928.6,0.0,0.0,10000.0,0.0,0.0,0.0
2025-04-06 00:00:00,0.468616,23430.8,7310.0,0.0,16120.8,0.0,0.0,10000.0,0.0,0.0,0.0
2025-04-06 01:00:00,0.42820600000000003,21410.300000000003,7310.0,0.0,14100.300000000003,0.0,0.0,10000.0,0.0,0.0,0.0
2025-04-06 02:00:00,0.417041,20852.05,7310.0,0.0,13542.05,0.0,0.0,10000.0,0.0,0.0,0.0
2025-04-06 03:00:00,0.388853,19442.65,7310.0,0.0,12132.650000000001,0.0,0.0,10000.0,0.0,0.0,0.0
2025-04-06 04:00:00,0.402737,20136.850000000002,7310.0,0.0,12826.850000000002,0.0,0.0,10000.0,0.0,0.0,0.0
2025-04-06 05:00:00,0.37726299999999996,18863.149999999998,7310.0,0.0,11553.149999999998,0.0,0.0,10000.0,0.0,0.0,0.0
2025-04-06 06:00:00,0.331895,16594.75,7310.0,0.0,9284.75,0.0,0.0,10000.0,0.0,0.0,0.0
2025-04-06 07:00:00,0.303502,15175.1,7310.0,0.0,7865.1,0.0,0.0,10000.0,0.0,0.0,0.0
2025-04-06 08:00:00,0.36762900000000004,18381.45,7310.0,0.0,11071.45,0.0,0.0,10000.0,0.0,0.0,0.0
2025-04-06 09:00:00,0.39525299999999997,19762.649999999998,7310.0,0.0,12452.649999999998,0.0,0.0,10000.0,0.0,0.0,0.0
2025-04-06 10:00:00,0.396944,19847.2,7310.0,0.0,12537.2,0.0,0.0,10000.0,0.0,0.0,0.0
2025-04-06 11:00:00,0.38189999999999996,19094.999999999996,7310.0,0.0,11784.999999999996,0.0,0.0,10000.0,0.0,0.0,0.0
2025-04-06 12:00:00,0.372641,18632.05,7310.0,0.0,11322.05,0.0,0.0,10000.0,0.0,0.0,0.0
2025-04-06 13:00:00,0.364271,18213.55,7310.0,0.0,10903.55,0.0,0.0,10000.0,0.0,0.0,0.0
2025-04-06 14:00:00,0.360516,18025.8,7310.0,0.0,10715.8,0.0,0.0,10000.0,0.0,0.0,0.0
2025-04-06 15:00:00,0.361498,18074.899999999998,7310.0,0.0,10764.899999999998,0.0,0.0,10000.0,0.0,0.0,0.0
2025-04-06 16:00:00,0.361257,18062.85,7310.0,0.0,10752.849999999999,0.0,0.0,10000.0,0.0,0.0,0.0
2025-04-06 17:00:00,0.346146,17307.3,7310.0,0.0,9997.3,0.0,0.0,10000.0,0.0,0.0,0.0
2025-04-06 18:00:00,0.409113,20455.65,7310.0,0.0,13145.650000000001,0.0,0.0,10000.0,0.0,0.0,0.0
2025-04-06 19:00:00,0.484208,24210.4,7310.0,0.0,16900.4,0.0,0.0,10000.0,0.0,0.0,0.0
2025-04-06 20:00:00,0.488346,24417.3,7310.0,0.0,17107.3,0.0,0.0,10000.0,0.0,0.0,0.0
2025-04-06 21:00:00,0.466962,23348.1,7310.0,0.0,16038.099999999999,0.0,0.0,10000.0,0.0,0.0,0.0
2025-04-06 22:00:00,0.436659,21832.95,7310.0,0.0,14522.95,0.0,0.0,10000.0,0.0,0.0,0.0
2025-04-06 23:00:00,0.416404,20820.2,7310.0,0.0,13510.2,0.0,0.0,10000.0,0.0,0.0,0.0
2025-04-07 00:00:00,0.403823,20191.149999999998,7310.0,0.0,12881.149999999998,0.0,0.0,10000.0,0.0,0.0,0.0
2025-04-07 01:00:00,0.382369,19118.45,7310.0,0.0,11808.45,0.0,0.0,10000.0,0.0,0.0,0.0
2025-04-07 02:00:00,0.341175,17058.75,7310.0,0.0,9748.75,0.0,0.0,10000.0,0.0,0.0,0.0
2025-04-07 03:00:00,0.29582600000000003,14791.300000000001,7310.0,0.0,7481.300000000001,0.0,0.0,10000.0,0.0,0.0,0.0
2025-04-07 04:00:00,0.262289,13114.449999999999,7310.0,0.0,5804.449999999999,0.0,0.0,10000.0,0.0,0.0,0.0
2025-04-07 05:00:00,0.245252,12262.6,7310.0,0.0,4952.6,0.0,0.0,10000.0,0.0,0.0,0.0
2025-04-07 06:00:00,0.214379,10718.949999999999,7310.0,0.0,3408.949999999999,0.0,0.0,10000.0,0.0,0.0,0.0
2025-04-07 07:00:00,0.197336,9866.800000000001,7310.0,0.0,2556.800000000001,0.0,0.0,10000.0,0.0,0.0,0.0
2025-04-07 08:00:00,0.24076599999999998,12038.3,7310.0,0.0,4728.299999999999,0.0,0.0,10000.0,0.0,0.0,0.0
2025-04-07 09:00:00,0.255529,12776.45,7310.0,0.0,5466.450000000001,0.0,0.0,10000.0,0.0,0.0,0.0
2025-04-07 10:00:00,0.235358,11767.900000000001,7310.0,0.0,4457.9000000000015,0.0,0.0,10000.0,0.0,0.0,0.0
2025-04-07 11:00:00,0.202691,10134.550000000001,7310.0,0.0,2824.550000000001,0.0,0.0,10000.0,0.0,0.0,0.0
2025-04-07 12:00:00,0.168547,8427.35,7310.0,0.0,1117.3500000000004,0.0,0.0,10000.0,0.0,0.0,0.0
2025-04-07 13:00:00,0.139638,6981.900000000001,6981.900000000001,0.0,0.0,0.0,20.724177680925955,9979.275822319074,328.09999999999945,0.0,0.0
2025-04-07 14:00:00,0.119756,5987.8,5987.8,0.0,0.0,0.0,83.51571999305193,9895.760102326021,1322.1999999999998,0.0,0.0
2025-04-07 15:00:00,0.11740300000000001,5870.150000000001,5870.150000000001,0.0,0.0,0.0,90.94698943578565,9804.813112890235,1439.8499999999995,0.0,0.0
2025-04-07 16:00:00,0.133353,6667.65,6667.65,0.0,0.0,0.0,40.57353103731428,9764.23958185292,642.3500000000004,0.0,0.0
2025-04-07 17:00:00,0.18142,9071.0,7310.0,1761.0000000000002,-2.2737367544323206e-13,32.611111111111114,0.0,9796.850692964032,0.0,0.0,0.0
2025-04-07 18:00:00,0.277669,13883.45,7310.0,6573.450000000001,0.0,121.73055555555557,0.0,9918.581248519587,0.0,0.0,0.0
2025-04-07 19:00:00,0.340654,17032.7,7310.0,4396.612579942277,5326.087420057724,81.41875148041254,0.0,10000.0,0.0,0.0,0.0
2025-04-07 20:00:00,0.334172,16708.600000000002,7310.0,0.0,9398.600000000002,0.0,0.0,10000.0,0.0,0.0,0.0
2025-04-07 21:00:00,0.293811,14690.55,7310.0,0.0,7380.549999999999,0.0,0.0,10000.0,0.0,0.0,0.0
2025-04-07 22:00:00,0.250975,12548.75,7310.0,0.0,5238.75,0.0,0.0,10000.0,0.0,0.0,0.0
2025-04-07 23:00:00,0.22234600000000002,11117.300000000001,7310.0,0.0,3807.300000000001,0.0,0.0,10000.0,0.0,0.0,0.0
2025-04-08 00:00:00,0.207531,10376.55,7310.0,0.0,3066.5499999999993,0.0,0.0,10000.0,0.0,0.0,0.0
2025-04-08 01:00:00,0.20087200000000002,10043.6,7310.0,0.0,2733.6000000000004,0.0,0.0,10000.0,0.0,0.0,0.0
2025-04-08 02:00:00,0.19804,9902.0,7310.0,0.0,2592.0,0.0,0.0,10000.0,0.0,0.0,0.0
2025-04-08 03:00:00,0.184333,9216.65,7310.0,0.0,1906.6499999999996,0.0,0.0,10000.0,0.0,0.0,0.0
2025-04-08 04:00:00,0.139494,6974.700000000001,6974.700000000001,0.0,0.0,0.0,21.178960001263242,9978.821039998737,335.2999999999993,0.0,0.0
2025-04-08 05:00:00,0.102217,5110.85,5110.85,0.0,0.0,0.0,138.9075749680231,9839.913465030713,2199.1499999999996,0.0,0.0
2025-04-08 06:00:00,0.09161499999999999,4580.749999999999,4580.749999999999,0.0,0.0,0.0,172.3909233028567,9667.522541727856,2729.250000000001,0.0,0.0
2025-04-08 07:00:00,0.08759099999999999,4379.549999999999,4379.549999999999,0.0,0.0,0.0,185.0995625878378,9482.422979140018,2930.4500000000007,0.0,0.0
2025-04-08 08:00:00,0.085279,4263.95,4263.95,0.0,0.0,0.0,192.4013453976977,9290.021633742319,3046.05,0.0,0.0
2025-04-08 09:00:00,0.07925199999999999,3962.5999999999995,3962.5999999999995,0.0,0.0,0.0,211.43588043014833,9078.58575331217,3347.4000000000005,0.0,0.0
2025-04-08 10:00:00,0.073832,3691.6,3691.6,0.0,0.0,0.0,228.55338165395492,8850.032371658215,3618.4,0.0,0.0
2025-04-08 11:00:00,0.06648699999999999,3324.3499999999995,3324.3499999999995,0.0,0.0,0.0,251.75043820171499,8598.281933456501,3985.6500000000005,0.0,0.0
2025-04-08 12:00:00,0.057449,2872.45,2872.45,0.0,0.0,0.0,280.2943452239961,8317.987588232505,4437.55,0.0,0.0
2025-04-08 13:00:00,0.057594,2879.7,2879.7,0.0,0.0,0.0,279.8364046931009,8038.151183539404,4430.3,0.0,0.0
2025-04-08 14:00:00,0.066432,3321.6000000000004,3321.6000000000004,0.0,0.0,0.0,251.9241397823993,7786.227043757005,3988.3999999999996,0.0,0.0
2025-04-08 15:00:00,0.08779,4389.5,4389.5,0.0,0.0,0.0,184.47107868681607,7601.755965070189,2920.5,0.0,0.0
2025-04-08 16:00:00,0.11811100000000001,5905.55,5905.55,0.0,0.0,0.0,88.71097636079398,7513.044988709395,1404.4499999999998,0.0,0.0
2025-04-08 17:00:00,0.161265,8063.25,7310.0,753.25,0.0,13.949074074074074,0.0,7526.9940627834685,0.0,0.0,0.0
2025-04-08 18:00:00,0.23613800000000001,11806.900000000001,7310.0,4496.9000000000015,0.0,83.27592592592595,0.0,7610.269988709394,0.0,0.0,0.0
2025-04-08 19:00:00,0.294699,14734.949999999999,7310.0,7424.949999999999,0.0,137.49907407407406,0.0,7747.769062783468,0.0,0.0,0.0
2025-04-08 20:00:00,0.321116,16055.800000000001,7310.0,8745.800000000001,0.0,161.95925925925928,0.0,7909.728322042727,0.0,0.0,0.0
2025-04-08 21:00:00,0.3112,15559.999999999998,7310.0,8249.999999999998,0.0,152.77777777777774,0.0,8062.5060998205045,0.0,0.0,0.0
2025-04-08 22:00:00,0.2851,14255.000000000002,7310.0,6945.000000000002,0.0,128.61111111111114,0.0,8191.117210931616,0.0,0.0,0.0
2025-04-08 23:00:00,0.270141,13507.050000000001,7310.0,6197.050000000001,0.0,114.76018518518521,0.0,8305.8773961168,0.0,0.0,0.0
2025-04-09 00:00:00,0.265063,13253.15,7310.0,5943.15,0.0,110.05833333333332,0.0,8415.935729450133,0.0,0.0,0.0
2025-04-09 01:00:00,0.269204,13460.2,7310.0,6150.200000000001,0.0,113.8925925925926,0.0,8529.828322042726,0.0,0.0,0.0
2025-04-09 02:00:00,0.26932999999999996,13466.499999999998,7310.0,6156.499999999998,0.0,114.00925925925922,0.0,8643.837581301985,0.0,0.0,0.0
2025-04-09 03:00:00,0.26966500000000004,13483.250000000002,7310.0,6173.250000000002,0.0,114.31944444444447,0.0,8758.15702574643,0.0,0.0,0.0
2025-04-09 04:00:00,0.256509,12825.449999999999,7310.0,5515.449999999999,0.0,102.13796296296294,0.0,8860.294988709393,0.0,0.0,0.0
2025-04-09 05:00:00,0.235579,11778.95,7310.0,4468.950000000001,0.0,82.75833333333334,0.0,8943.053322042726,0.0,0.0,0.0
2025-04-09 06:00:00,0.219369,10968.45,7310.0,3658.4500000000007,0.0,67.74907407407409,0.0,9010.8023961168,0.0,0.0,0.0
2025-04-09 07:00:00,0.28014100000000003,14007.050000000001,7310.0,6697.050000000001,0.0,124.01944444444446,0.0,9134.821840561244,0.0,0.0,0.0
2025-04-09 08:00:00,0.338681,16934.05,7310.0,9624.05,0.0,178.22314814814814,0.0,9313.044988709393,0.0,0.0,0.0
2025-04-09 09:00:00,0.348034,17401.7,7310.0,10091.7,0.0,186.88333333333335,0.0,9499.928322042726,0.0,0.0,0.0
2025-04-09 10:00:00,0.342292,17114.6,7310.0,9804.599999999999,0.0,181.56666666666663,0.0,9681.494988709394,0.0,0.0,0.0
2025-04-09 11:00:00,0.336738,16836.899999999998,7310.0,9526.899999999998,0.0,176.42407407407404,0.0,9857.919062783467,0.0,0.0,0.0
2025-04-09 12:00:00,0.33314699999999997,16657.35,7310.0,7672.370609692789,1674.9793903072095,142.08093721653313,0.0,10000.0,0.0,0.0,0.0
2025-04-09 13:00:00,0.323679,16183.949999999999,7310.0,0.0,8873.949999999999,0.0,0.0,10000.0,0.0,0.0,0.0
2025-04-09 14:00:00,0.293983,14699.15,7310.0,0.0,7389.15,0.0,0.0,10000.0,0.0,0.0,0.0
2025-04-09 15:00:00,0.270638,13531.9,7310.0,0.0,6221.9,0.0,0.0,10000.0,0.0,0.0,0.0
2025-04-09 16:00:00,0.276765,13838.25,7310.0,0.0,6528.25,0.0,0.0,10000.0,0.0,0.0,0.0
2025-04-09 17:00:00,0.285387,14269.35,7310.0,0.0,6959.35,0.0,0.0,10000.0,0.0,0.0,0.0
2025-04-09 18:00:00,0.352379,17618.95,7310.0,0.0,10308.95,0.0,0.0,10000.0,0.0,0.0,0.0
2025-04-09 19:00:00,0.397766,19888.3,7310.0,0.0,12578.3,0.0,0.0,10000.0,0.0,0.0,0.0
2025-04-09 20:00:00,0.366931,18346.55,7310.0,0.0,11036.55,0.0,0.0,10000.0,0.0,0.0,0.0
2025-04-09 21:00:00,0.342139,17106.95,7310.0,0.0,9796.95,0.0,0.0,10000.0,0.0,0.0,0.0
2025-04-09 22:00:00,0.316212,15810.6,7310.0,0.0,8500.6,0.0,0.0,10000.0,0.0,0.0,0.0
2025-04-09 23:00:00,0.285834,14291.699999999999,7310.0,0.0,6981.699999999999,0.0,0.0,10000.0,0.0,0.0,0.0
2025-04-10 00:00:00,0.25905700000000004,12952.850000000002,7310.0,0.0,5642.850000000002,0.0,0.0,10000.0,0.0,0.0,0.0
2025-04-10 01:00:00,0.23818,11909.0,7310.0,0.0,4599.0,0.0,0.0,10000.0,0.0,0.0,0.0
2025-04-10 02:00:00,0.207232,10361.6,7310.0,0.0,3051.6000000000004,0.0,0.0,10000.0,0.0,0.0,0.0
2025-04-10 03:00:00,0.167746,8387.300000000001,7310.0,0.0,1077.300000000001,0.0,0.0,10000.0,0.0,0.0,0.0
2025-04-10 04:00:00,0.134906,6745.3,6745.3,0.0,0.0,0.0,35.66883004089882,9964.331169959101,564.6999999999998,0.0,0.0
2025-04-10 05:00:00,0.121114,6055.7,6055.7,0.0,0.0,0.0,79.22687005542662,9885.104299903674,1254.3000000000002,0.0,0.0
2025-04-10 06:00:00,0.10253,5126.5,5126.5,0.0,0.0,0.0,137.9190550634011,9747.185244840273,2183.5,0.0,0.0
2025-04-10 07:00:00,0.10122400000000001,5061.200000000001,5061.200000000001,0.0,0.0,0.0,142.0436780520157,9605.141566788257,2248.7999999999993,0.0,0.0
2025-04-10 08:00:00,0.084057,4202.85,4202.85,0.0,0.0,0.0,196.2606786994489,9408.880888088808,3107.1499999999996,0.0,0.0
2025-04-10 09:00:00,0.06536,3268.0,3268.0,0.0,0.0,0.0,255.30974150046586,9153.571146588343,4042.0,0.0,0.0
2025-04-10 10:00:00,0.051331,2566.55,2566.55,0.0,0.0,0.0,299.61627741721543,8853.954869171128,4743.45,0.0,0.0
2025-04-10 11:00:00,0.041349,2067.45,2067.45,0.0,0.0,0.0,331.14153520615224,8522.813333964976,5242.55,0.0,0.0
2025-04-10 12:00:00,0.030746,1537.3,1537.3,0.0,0.0,0.0,364.6280417515436,8158.185292213432,5772.7,0.0,0.0
2025-04-10 13:00:00,0.019209,960.45,960.45,0.0,0.0,0.0,401.06431695801166,7757.1209752554205,6349.55,0.0,0.0
2025-04-10 14:00:00,0.010815,540.75,540.75,0.0,0.0,0.0,427.57433638100656,7329.5466388744135,6769.25,0.0,0.0
2025-04-10 15:00:00,0.0056619999999999995,283.09999999999997,283.09999999999997,0.0,0.0,0.0,443.8485953858544,6885.698043488559,7026.9,0.0,0.0
2025-04-10 16:00:00,0.0035819999999999997,179.1,179.1,0.0,0.0,0.0,450.417673346282,6435.280370142277,7130.9,0.0,0.0
2025-04-10 17:00:00,0.003947,197.35,197.35,0.0,0.0,0.0,449.2649264926493,5986.015443649628,7112.65,0.0,0.0
2025-04-10 18:00:00,0.005338,266.9,266.9,0.0,0.0,0.0,444.8718556066134,5541.1435880430145,7043.1,0.0,0.0
2025-04-10 19:00:00,0.017012,850.6,850.6,0.0,0.0,0.0,408.0029055537133,5133.140682489301,6459.4,0.0,0.0
2025-04-10 20:00:00,0.038857,1942.8500000000001,1942.8500000000001,0.0,0.0,0.0,339.01179591643375,4794.1288865728675,5367.15,0.0,0.0
2025-04-10 21:00:00,0.062481999999999996,3124.1,3124.1,0.0,0.0,0.0,264.399071486096,4529.729815086772,4185.9,0.0,0.0
2025-04-10 22:00:00,0.083745,4187.25,4187.25,0.0,0.0,0.0,197.24604039351306,4332.483774693259,3122.75,0.0,0.0
2025-04-10 23:00:00,0.098569,4928.45,4928.45,0.0,0.0,0.0,150.42872708323466,4182.055047610024,2381.55,0.0,0.0
2025-04-11 00:00:00,0.107514,5375.7,5375.7,0.0,0.0,0.0,122.17853364283799,4059.8765139671864,1934.3000000000002,0.0,0.0
2025-04-11 01:00:00,0.116523,5826.15,5826.15,0.0,0.0,0.0,93.72621472673586,3966.1502992404503,1483.8500000000004,0.0,0.0
2025-04-11 02:00:00,0.127963,6398.15,6398.15,0.0,0.0,0.0,57.59628594438394,3908.5540132960664,911.8500000000004,0.0,0.0
2025-04-11 03:00:00,0.149436,7471.800000000001,7310.0,161.8000000000011,0.0,2.9962962962963164,0.0,3911.5503095923627,0.0,0.0,0.0
2025-04-11 04:00:00,0.161826,8091.3,7310.0,781.3000000000002,0.0,14.468518518518522,0.0,3926.0188281108813,0.0,0.0,0.0
2025-04-11 05:00:00,0.15504099999999998,7752.049999999999,7310.0,442.0499999999993,0.0,8.186111111111098,0.0,3934.2049392219924,0.0,0.0,0.0
2025-04-11 06:00:00,0.10488299999999999,5244.15,5244.15,0.0,0.0,0.0,130.48778562066738,3803.717153601325,2065.8500000000004,0.0,0.0
2025-04-11 07:00:00,0.042582,2129.1,2129.1,0.0,0.0,0.0,327.2474615882641,3476.469692013061,5180.9,0.0,0.0
2025-04-11 08:00:00,0.026383,1319.15,1319.15,0.0,0.0,0.0,378.40731441565214,3098.0623775974086,5990.85,0.0,0.0
2025-04-11 09:00:00,0.025124,1256.2,1256.2,0.0,0.0,0.0,382.3835015080456,2715.6788760893633,6053.8,0.0,0.0
2025-04-11 10:00:00,0.022513000000000002,1125.65,1125.65,0.0,0.0,0.0,390.62958927471703,2325.049286814646,6184.35,0.0,0.0
2025-04-11 11:00:00,0.020359000000000002,1017.9500000000002,1017.9500000000002,0.0,0.0,0.0,397.43237481642905,1927.6169119982171,6292.05,0.0,0.0
2025-04-11 12:00:00,0.013654,682.6999999999999,682.6999999999999,0.0,0.0,0.0,418.60817660713445,1509.0087353910826,6627.3,0.0,0.0
2025-04-11 13:00:00,0.007055,352.75,352.75,0.0,0.0,0.0,439.44920807870267,1069.55952731238,6957.25,0.0,0.0
2025-04-11 14:00:00,0.005472,273.6,273.6,0.0,0.0,0.0,444.448655391855,625.1108719205249,7036.4,0.0,0.0
2025-04-11 15:00:00,0.011106999999999999,555.3499999999999,555.3499999999999,0.0,0.0,0.0,426.65213889810036,198.45873302242455,6754.65,0.0,0.0
2025-04-11 16:00:00,0.028305,1415.25,1415.25,0.0,0.0,0.0,198.45873302242455,0.0,3141.9490465277695,2752.8009534722305,0.0
2025-04-11 17:00:00,0.070722,3536.0999999999995,3536.0999999999995,0.0,0.0,0.0,0.0,0.0,0.0,3773.9000000000005,0.0
2025-04-11 18:00:00,0.160403,8020.15,7310.0,710.1499999999996,0.0,13.15092592592592,0.0,13.15092592592592,0.0,0.0,0.0
2025-04-11 19:00:00,0.268719,13435.949999999999,7310.0,6125.949999999999,0.0,113.4435185185185,0.0,126.59444444444442,0.0,0.0,0.0
2025-04-11 20:00:00,0.331609,16580.45,7310.0,9270.45,0.0,171.675,0.0,298.26944444444445,0.0,0.0,0.0
2025-04-11 21:00:00,0.33323,16661.5,7310.0,9351.5,0.0,173.17592592592592,0.0,471.44537037037037,0.0,0.0,0.0
2025-04-11 22:00:00,0.29602300000000004,14801.150000000001,7310.0,7491.1500000000015,0.0,138.72500000000002,0.0,610.1703703703704,0.0,0.0,0.0
2025-04-11 23:00:00,0.259033,12951.650000000001,7310.0,5641.6500000000015,0.0,104.47500000000002,0.0,714.6453703703704,0.0,0.0,0.0
2025-04-12 00:00:00,0.237142,11857.1,7310.0,4547.1,0.0,84.20555555555556,0.0,798.8509259259259,0.0,0.0,0.0
2025-04-12 01:00:00,0.228441,11422.050000000001,7310.0,4112.050000000001,0.0,76.1490740740741,0.0,875.0,0.0,0.0,0.0
2025-04-12 02:00:00,0.232928,11646.4,7310.0,4336.4,0.0,80.3037037037037,0.0,955.3037037037037,0.0,0.0,0.0
2025-04-12 03:00:00,0.261414,13070.699999999999,7310.0,5760.699999999999,0.0,106.67962962962962,0.0,1061.9833333333333,0.0,0.0,0.0
2025-04-12 04:00:00,0.300325,15016.25,7310.0,7706.250000000001,-9.094947017729282e-13,142.70833333333334,0.0,1204.6916666666666,0.0,0.0,0.0
2025-04-12 05:00:00,0.284733,14236.650000000001,7310.0,6926.6500000000015,0.0,128.27129629629633,0.0,1332.962962962963,0.0,0.0,0.0
2025-04-12 06:00:00,0.206386,10319.3,7310.0,3009.2999999999993,0.0,55.72777777777777,0.0,1388.690740740741,0.0,0.0,0.0
2025-04-12 07:00:00,0.133103,6655.15,6655.15,0.0,0.0,0.0,41.36308367678876,1347.327657063952,654.8500000000004,0.0,0.0
2025-04-12 08:00:00,0.14222800000000002,7111.4000000000015,7111.4000000000015,0.0,0.0,0.0,12.544412335970348,1334.7832447279818,198.59999999999854,0.0,0.0
2025-04-12 09:00:00,0.166956,8347.8,7310.0,1037.7999999999993,0.0,19.218518518518504,0.0,1354.0017632465003,0.0,0.0,0.0
2025-04-12 10:00:00,0.19150299999999998,9575.15,7310.0,2265.1499999999996,0.0,41.947222222222216,0.0,1395.9489854687226,0.0,0.0,0.0
2025-04-12 11:00:00,0.245293,12264.650000000001,7310.0,4954.6500000000015,0.0,91.75277777777781,0.0,1487.7017632465004,0.0,0.0,0.0
2025-04-12 12:00:00,0.27993,13996.5,7310.0,6686.5,0.0,123.82407407407408,0.0,1611.5258373205745,0.0,0.0,0.0
2025-04-12 13:00:00,0.292101,14605.05,7310.0,7295.049999999998,9.094947017729282e-13,135.0935185185185,0.0,1746.619355839093,0.0,0.0,0.0
2025-04-12 14:00:00,0.27729899999999996,13864.949999999999,7310.0,6554.949999999999,0.0,121.38796296296294,0.0,1868.007318802056,0.0,0.0,0.0
2025-04-12 15:00:00,0.228746,11437.300000000001,7310.0,4127.300000000001,0.0,76.4314814814815,0.0,1944.4388002835376,0.0,0.0,0.0
2025-04-12 16:00:00,0.167284,8364.199999999999,7310.0,1054.199999999999,0.0,19.5222222222222,0.0,1963.9610225057597,0.0,0.0,0.0
2025-04-12 17:00:00,0.13988599999999998,6994.299999999999,6994.299999999999,0.0,0.0,0.0,19.94094146256736,1944.0200810431925,315.7000000000007,0.0,0.0
2025-04-12 18:00:00,0.145132,7256.6,7256.6,0.0,0.0,0.0,3.372968875834929,1940.6471121673576,53.399999999999636,0.0,0.0
2025-04-12 19:00:00,0.178853,8942.650000000001,7310.0,1632.6500000000015,0.0,30.234259259259286,0.0,1970.8813714266169,0.0,0.0,0.0
2025-04-12 20:00:00,0.24072900000000003,12036.45,7310.0,4726.450000000001,0.0,87.52685185185186,0.0,2058.4082232784685,0.0,0.0,0.0
2025-04-12 21:00:00,0.326364,16318.199999999999,7310.0,9008.199999999999,0.0,166.8185185185185,0.0,2225.226741796987,0.0,0.0,0.0
2025-04-12 22:00:00,0.368453,18422.649999999998,7310.0,11112.649999999998,0.0,205.78981481481478,0.0,2431.0165566118017,0.0,0.0,0.0
2025-04-12 23:00:00,0.37920299999999996,18960.149999999998,7310.0,11650.149999999998,0.0,215.74351851851847,0.0,2646.7600751303203,0.0,0.0,0.0
2025-04-13 00:00:00,0.379121,18956.05,7310.0,11646.05,0.0,215.66759259259257,0.0,2862.4276677229127,0.0,0.0,0.0
2025-04-13 01:00:00,0.37355900000000003,18677.95,7310.0,11367.95,0.0,210.5175925925926,0.0,3072.9452603155055,0.0,0.0,0.0
2025-04-13 02:00:00,0.355781,17789.05,7310.0,10479.05,0.0,194.05648148148146,0.0,3267.001741796987,0.0,0.0,0.0
2025-04-13 03:00:00,0.311247,15562.35,7310.0,8252.35,0.0,152.8212962962963,0.0,3419.8230380932832,0.0,0.0,0.0
2025-04-13 04:00:00,0.255989,12799.45,7310.0,5489.450000000001,0.0,101.65648148148149,0.0,3521.4795195747647,0.0,0.0,0.0
2025-04-13 05:00:00,0.203215,10160.75,7310.0,2850.75,0.0,52.791666666666664,0.0,3574.271186241431,0.0,0.0,0.0
2025-04-13 06:00:00,0.16076300000000002,8038.150000000001,7310.0,728.1500000000005,0.0,13.48425925925927,0.0,3587.7554455006907,0.0,0.0,0.0
2025-04-13 07:00:00,0.178999,8949.949999999999,7310.0,1639.949999999999,0.0,30.369444444444426,0.0,3618.1248899451352,0.0,0.0,0.0
2025-04-13 08:00:00,0.20846,10423.0,7310.0,3113.0,0.0,57.648148148148145,0.0,3675.7730380932835,0.0,0.0,0.0
2025-04-13 09:00:00,0.243441,12172.05,7310.0,4862.049999999999,0.0,90.03796296296295,0.0,3765.8110010562464,0.0,0.0,0.0
2025-04-13 10:00:00,0.261407,13070.35,7310.0,5760.35,0.0,106.67314814814816,0.0,3872.4841492043947,0.0,0.0,0.0
2025-04-13 11:00:00,0.282605,14130.25,7310.0,6820.25,0.0,126.30092592592592,0.0,3998.785075130321,0.0,0.0,0.0
2025-04-13 12:00:00,0.303327,15166.35,7310.0,7856.35,0.0,145.48796296296297,0.0,4144.2730380932835,0.0,0.0,0.0
2025-04-13 13:00:00,0.322124,16106.2,7310.0,8796.2,0.0,162.8925925925926,0.0,4307.165630685876,0.0,0.0,0.0
2025-04-13 14:00:00,0.34957499999999997,17478.75,7310.0,10168.75,0.0,188.3101851851852,0.0,4495.475815871061,0.0,0.0,0.0
2025-04-13 15:00:00,0.38170299999999996,19085.149999999998,7310.0,11775.149999999998,0.0,218.05833333333328,0.0,4713.534149204394,0.0,0.0,0.0
2025-04-13 16:00:00,0.370825,18541.25,7310.0,11231.25,0.0,207.98611111111111,0.0,4921.520260315506,0.0,0.0,0.0
2025-04-13 17:00:00,0.34496899999999997,17248.449999999997,7310.0,9938.449999999997,0.0,184.0453703703703,0.0,5105.565630685876,0.0,0.0,0.0
2025-04-13 18:00:00,0.333561,16678.05,7310.0,9368.05,0.0,173.4824074074074,0.0,5279.048038093284,0.0,0.0,0.0
2025-04-13 19:00:00,0.29135500000000003,14567.750000000002,7310.0,7257.750000000001,9.094947017729282e-13,134.4027777777778,0.0,5413.450815871061,0.0,0.0,0.0
2025-04-13 20:00:00,0.266097,13304.849999999999,7310.0,5994.8499999999985,0.0,111.01574074074071,0.0,5524.466556611802,0.0,0.0,0.0
2025-04-13 21:00:00,0.294859,14742.949999999999,7310.0,7432.95,-9.094947017729282e-13,137.6472222222222,0.0,5662.113778834024,0.0,0.0,0.0
2025-04-13 22:00:00,0.315605,15780.250000000002,7310.0,8470.250000000002,0.0,156.85648148148152,0.0,5818.970260315506,0.0,0.0,0.0
2025-04-13 23:00:00,0.30541199999999996,15270.599999999999,7310.0,7960.599999999998,9.094947017729282e-13,147.41851851851848,0.0,5966.388778834024,0.0,0.0,0.0
2025-04-14 00:00:00,0.253725,12686.249999999998,7310.0,5376.249999999998,0.0,99.56018518518515,0.0,6065.94896401921,0.0,0.0,0.0
2025-04-14 01:00:00,0.208804,10440.199999999999,7310.0,3130.199999999999,0.0,57.96666666666665,0.0,6123.915630685876,0.0,0.0,0.0
2025-04-14 02:00:00,0.19098099999999998,9549.05,7310.0,2239.0499999999993,0.0,41.463888888888874,0.0,6165.379519574764,0.0,0.0,0.0
2025-04-14 03:00:00,0.15762700000000002,7881.350000000001,7310.0,571.3500000000013,0.0,10.580555555555579,0.0,6175.96007513032,0.0,0.0,0.0
2025-04-14 04:00:00,0.103748,5187.400000000001,5187.400000000001,0.0,0.0,0.0,134.07235460388142,6041.887720526438,2122.5999999999995,0.0,0.0
2025-04-14 05:00:00,0.098634,4931.7,4931.7,0.0,0.0,0.0,150.2234433969713,5891.664277129466,2378.3,0.0,0.0
2025-04-14 06:00:00,0.120323,6016.15,6016.15,0.0,0.0,0.0,81.72501460672386,5809.939262522743,1293.8500000000004,0.0,0.0
2025-04-14 07:00:00,0.18932300000000002,9466.150000000001,7310.0,2156.1500000000015,0.0,39.92870370370373,0.0,5849.867966226447,0.0,0.0,0.0
2025-04-14 08:00:00,0.29316000000000003,14658.000000000002,7310.0,7348.000000000002,0.0,136.0740740740741,0.0,5985.942040300521,0.0,0.0,0.0
2025-04-14 09:00:00,0.360553,18027.65,7310.0,10717.650000000001,0.0,198.47500000000002,0.0,6184.417040300521,0.0,0.0,0.0
2025-04-14 10:00:00,0.407275,20363.75,7310.0,13053.75,0.0,241.73611111111111,0.0,6426.153151411632,0.0,0.0,0.0
2025-04-14 11:00:00,0.456567,22828.35,7310.0,15518.349999999999,0.0,287.3768518518518,0.0,6713.530003263484,0.0,0.0,0.0
2025-04-14 12:00:00,0.488301,24415.05,7310.0,17105.05,0.0,316.76018518518515,0.0,7030.290188448669,0.0,0.0,0.0
2025-04-14 13:00:00,0.467071,23353.55,7310.0,16043.55,0.0,297.10277777777776,0.0,7327.392966226447,0.0,0.0,0.0
2025-04-14 14:00:00,0.409476,20473.8,7310.0,13163.8,0.0,243.77407407407406,0.0,7571.167040300521,0.0,0.0,0.0
2025-04-14 15:00:00,0.34680700000000003,17340.350000000002,7310.0,10030.350000000002,0.0,185.74722222222226,0.0,7756.914262522743,0.0,0.0,0.0
2025-04-14 16:00:00,0.256638,12831.9,7310.0,5521.9,0.0,102.2574074074074,0.0,7859.1716699301505,0.0,0.0,0.0
2025-04-14 17:00:00,0.181376,9068.800000000001,7310.0,1758.800000000001,0.0,32.57037037037039,0.0,7891.742040300521,0.0,0.0,0.0
2025-04-14 18:00:00,0.182294,9114.7,7310.0,1804.7000000000007,0.0,33.420370370370385,0.0,7925.162410670891,0.0,0.0,0.0
2025-04-14 19:00:00,0.21632300000000002,10816.150000000001,7310.0,3506.1500000000015,0.0,64.92870370370373,0.0,7990.091114374595,0.0,0.0,0.0
2025-04-14 20:00:00,0.25435800000000003,12717.900000000001,7310.0,5407.9000000000015,0.0,100.14629629629633,0.0,8090.237410670891,0.0,0.0,0.0
2025-04-14 21:00:00,0.26446499999999995,13223.249999999998,7310.0,5913.249999999998,0.0,109.50462962962959,0.0,8199.742040300522,0.0,0.0,0.0
2025-04-14 22:00:00,0.219965,10998.25,7310.0,3688.25,0.0,68.30092592592592,0.0,8268.042966226447,0.0,0.0,0.0
2025-04-14 23:00:00,0.157502,7875.1,7310.0,565.1000000000004,0.0,10.464814814814822,0.0,8278.507781041262,0.0,0.0,0.0
2025-04-15 00:00:00,0.12150799999999999,6075.4,6075.4,0.0,0.0,0.0,77.98253509561485,8200.525245945648,1234.6000000000004,0.0,0.0
2025-04-15 01:00:00,0.116965,5848.25,5848.25,0.0,0.0,0.0,92.33028566014497,8108.194960285503,1461.75,0.0,0.0
2025-04-15 02:00:00,0.121041,6052.05,6052.05,0.0,0.0,0.0,79.45741942615314,8028.73754085935,1257.9499999999998,0.0,0.0
2025-04-15 03:00:00,0.112334,5616.7,5616.7,0.0,0.0,0.0,106.95595875377013,7921.781582105579,1693.3000000000002,0.0,0.0
2025-04-15 04:00:00,0.096008,4800.4,4800.4,0.0,0.0,0.0,158.5169043220112,7763.264677783568,2509.6000000000004,0.0,0.0
2025-04-15 05:00:00,0.090374,4518.7,4518.7,0.0,0.0,0.0,176.31026260520792,7586.95441517836,2791.3,0.0,0.0
2025-04-15 06:00:00,0.081106,4055.2999999999997,4055.2999999999997,0.0,0.0,0.0,205.58055805580562,7381.373857122555,3254.7000000000003,0.0,0.0
2025-04-15 07:00:00,0.067939,3396.95,3396.95,0.0,0.0,0.0,247.1647164716472,7134.209140650908,3913.05,0.0,0.0
2025-04-15 08:00:00,0.055867,2793.35,2793.35,0.0,0.0,0.0,285.2906343265906,6848.918506324318,4516.65,0.0,0.0
2025-04-15 09:00:00,0.042643,2132.15,2132.15,0.0,0.0,0.0,327.0548107442324,6521.863695580085,5177.85,0.0,0.0
2025-04-15 10:00:00,0.036492,1824.6,1824.6,0.0,0.0,0.0,346.4809638858623,6175.3827316942225,5485.4,0.0,0.0
2025-04-15 11:00:00,0.037991,1899.55,1899.55,0.0,0.0,0.0,341.74680625957336,5833.635925434649,5410.45,0.0,0.0
2025-04-15 12:00:00,0.050305,2515.25,2515.25,0.0,0.0,0.0,302.85660144961867,5530.779323985031,4794.75,0.0,0.0
2025-04-15 13:00:00,0.083038,4151.9,4151.9,0.0,0.0,0.0,199.4788952579469,5331.300428727084,3158.1000000000004,0.0,0.0
2025-04-15 14:00:00,0.130478,6523.900000000001,6523.900000000001,0.0,0.0,0.0,49.65338639127068,5281.647042335813,786.0999999999995,0.0,0.0
2025-04-15 15:00:00,0.180493,9024.65,7310.0,1714.6499999999996,0.0,31.75277777777777,0.0,5313.399820113591,0.0,0.0,0.0
2025-04-15 16:00:00,0.18445599999999998,9222.8,7310.0,1912.7999999999993,0.0,35.42222222222221,0.0,5348.822042335813,0.0,0.0,0.0
2025-04-15 17:00:00,0.185543,9277.150000000001,7310.0,1967.1500000000015,0.0,36.42870370370373,0.0,5385.250746039517,0.0,0.0,0.0
2025-04-15 18:00:00,0.27187900000000004,13593.950000000003,7310.0,6283.950000000003,0.0,116.3694444444445,0.0,5501.620190483962,0.0,0.0,0.0
2025-04-15 19:00:00,0.36959699999999995,18479.85,7310.0,11169.849999999999,0.0,206.84907407407405,0.0,5708.469264558036,0.0,0.0,0.0
2025-04-15 20:00:00,0.419548,20977.399999999998,7310.0,13667.399999999998,0.0,253.09999999999997,0.0,5961.569264558037,0.0,0.0,0.0
2025-04-15 21:00:00,0.437287,21864.35,7310.0,14554.349999999999,0.0,269.525,0.0,6231.094264558036,0.0,0.0,0.0
2025-04-15 22:00:00,0.473123,23656.15,7310.0,16346.15,1.8189894035458565e-12,302.7064814814815,0.0,6533.800746039517,0.0,0.0,0.0
2025-04-15 23:00:00,0.527264,26363.199999999997,7310.0,19053.199999999997,0.0,352.83703703703696,0.0,6886.637783076554,0.0,0.0,0.0
2025-04-16 00:00:00,0.5745589999999999,28727.949999999997,7310.0,21417.949999999997,0.0,396.62870370370365,0.0,7283.266486780258,0.0,0.0,0.0
2025-04-16 01:00:00,0.643851,32192.55,7310.0,24882.55,0.0,460.7879629629629,0.0,7744.054449743221,0.0,0.0,0.0
2025-04-16 02:00:00,0.7242390000000001,36211.950000000004,7310.0,25000.0,3901.9500000000044,462.962962962963,0.0,8207.017412706184,0.0,0.0,0.0
2025-04-16 03:00:00,0.795454,39772.7,7310.0,25000.0,7462.699999999997,462.962962962963,0.0,8669.980375669147,0.0,0.0,0.0
2025-04-16 04:00:00,0.83893,41946.5,7310.0,25000.0,9636.5,462.962962962963,0.0,9132.94333863211,0.0,0.0,0.0
2025-04-16 05:00:00,0.872677,43633.85,7310.0,25000.0,11323.849999999999,462.962962962963,0.0,9595.906301595074,0.0,0.0,0.0
2025-04-16 06:00:00,0.884417,44220.85,7310.0,21821.059713865994,15089.790286134004,404.0936984049258,0.0,10000.0,0.0,0.0,0.0
2025-04-16 07:00:00,0.907433,45371.65,7310.0,0.0,38061.65,0.0,0.0,10000.0,0.0,0.0,0.0
2025-04-16 08:00:00,0.921458,46072.9,7310.0,0.0,38762.9,0.0,0.0,10000.0,0.0,0.0,0.0
2025-04-16 09:00:00,0.9117730000000001,45588.65,7310.0,0.0,38278.65,0.0,0.0,10000.0,0.0,0.0,0.0
2025-04-16 10:00:00,0.886895,44344.75,7310.0,0.0,37034.75,0.0,0.0,10000.0,0.0,0.0,0.0
2025-04-16 11:00:00,0.8665470000000001,43327.350000000006,7310.0,0.0,36017.350000000006,0.0,0.0,10000.0,0.0,0.0,0.0
2025-04-16 12:00:00,0.850619,42530.95,7310.0,0.0,35220.95,0.0,0.0,10000.0,0.0,0.0,0.0
2025-04-16 13:00:00,0.825686,41284.3,7310.0,0.0,33974.3,0.0,0.0,10000.0,0.0,0.0,0.0
2025-04-16 14:00:00,0.79216,39608.0,7310.0,0.0,32298.0,0.0,0.0,10000.0,0.0,0.0,0.0
2025-04-16 15:00:00,0.754487,37724.35,7310.0,0.0,30414.35,0.0,0.0,10000.0,0.0,0.0,0.0
2025-04-16 16:00:00,0.697141,34857.05,7310.0,0.0,27547.050000000003,0.0,0.0,10000.0,0.0,0.0,0.0
2025-04-16 17:00:00,0.5856180000000001,29280.900000000005,7310.0,0.0,21970.900000000005,0.0,0.0,10000.0,0.0,0.0,0.0
2025-04-16 18:00:00,0.47594099999999995,23797.049999999996,7310.0,0.0,16487.049999999996,0.0,0.0,10000.0,0.0,0.0,0.0
2025-04-16 19:00:00,0.443967,22198.35,7310.0,0.0,14888.349999999999,0.0,0.0,10000.0,0.0,0.0,0.0
2025-04-16 20:00:00,0.42002999999999996,21001.499999999996,7310.0,0.0,13691.499999999996,0.0,0.0,10000.0,0.0,0.0,0.0
2025-04-16 21:00:00,0.363194,18159.7,7310.0,0.0,10849.7,0.0,0.0,10000.0,0.0,0.0,0.0
2025-04-16 22:00:00,0.294554,14727.699999999999,7310.0,0.0,7417.699999999999,0.0,0.0,10000.0,0.0,0.0,0.0
2025-04-16 23:00:00,0.229105,11455.25,7310.0,0.0,4145.25,0.0,0.0,10000.0,0.0,0.0,0.0
2025-04-17 00:00:00,0.1701,8505.0,7310.0,0.0,1195.0,0.0,0.0,10000.0,0.0,0.0,0.0
2025-04-17 01:00:00,0.113554,5677.7,5677.7,0.0,0.0,0.0,103.10294187313471,9896.897058126866,1632.3000000000002,0.0,0.0
2025-04-17 02:00:00,0.063417,3170.85,3170.85,0.0,0.0,0.0,261.44614461446145,9635.450913512404,4139.15,0.0,0.0
2025-04-17 03:00:00,0.028793,1439.6499999999999,1439.6499999999999,0.0,0.0,0.0,370.79602697111824,9264.654886541286,5870.35,0.0,0.0
2025-04-17 04:00:00,0.010257,512.85,512.85,0.0,0.0,0.0,429.3366178723136,8835.318268668972,6797.15,0.0,0.0
2025-04-17 05:00:00,0.01044,522.0,522.0,0.0,0.0,0.0,428.7586653402183,8406.559603328755,6788.0,0.0,0.0
2025-04-17 06:00:00,0.009250999999999999,462.54999999999995,462.54999999999995,0.0,0.0,0.0,432.5137776935589,7974.045825635196,6847.45,0.0,0.0
2025-04-17 07:00:00,0.006547,327.34999999999997,327.34999999999997,0.0,0.0,0.0,441.0535790421148,7532.992246593081,6982.65,0.0,0.0
2025-04-17 08:00:00,0.0052759999999999994,263.79999999999995,263.79999999999995,0.0,0.0,0.0,445.067664661203,7087.9245819318785,7046.2,0.0,0.0
2025-04-17 09:00:00,0.015652,782.5999999999999,782.5999999999999,0.0,0.0,0.0,412.2980719124544,6675.626510019424,6527.4,0.0,0.0
2025-04-17 10:00:00,0.020024,1001.2,1001.2,0.0,0.0,0.0,398.49037535332485,6277.1361346661,6308.8,0.0,0.0
2025-04-17 11:00:00,0.020635999999999998,1031.8,1031.8,0.0,0.0,0.0,396.55755049189133,5880.578584174208,6278.2,0.0,0.0
2025-04-17 12:00:00,0.021768999999999997,1088.4499999999998,1088.4499999999998,0.0,0.0,0.0,392.97929792979306,5487.599286244415,6221.55,0.0,0.0
2025-04-17 13:00:00,0.024712,1235.6000000000001,1235.6000000000001,0.0,0.0,0.0,383.6846842578995,5103.914601986516,6074.4,0.0,0.0
2025-04-17 14:00:00,0.027537,1376.85,1376.85,0.0,0.0,0.0,374.76273943183793,4729.151862554678,5933.15,0.0,0.0
2025-04-17 15:00:00,0.02998,1499.0,1499.0,0.0,0.0,0.0,367.0472310388934,4362.104631515785,5811.0,0.0,0.0
2025-04-17 16:00:00,0.033441000000000005,1672.0500000000002,1672.0500000000002,0.0,0.0,0.0,356.1166642980088,4005.987967217776,5637.95,0.0,0.0
2025-04-17 17:00:00,0.051145,2557.25,2557.25,0.0,0.0,0.0,300.20370458098444,3705.7842626367915,4752.75,0.0,0.0
2025-04-17 18:00:00,0.109693,5484.65,5484.65,0.0,0.0,0.0,115.29679283717849,3590.487469799613,1825.3500000000004,0.0,0.0
2025-04-17 19:00:00,0.210006,10500.3,7310.0,3190.2999999999993,0.0,59.079629629629615,0.0,3649.5670994292427,0.0,0.0,0.0
2025-04-17 20:00:00,0.28433800000000004,14216.900000000001,7310.0,6906.9000000000015,0.0,127.90555555555558,0.0,3777.4726549847983,0.0,0.0,0.0
2025-04-17 21:00:00,0.28709500000000004,14354.750000000002,7310.0,7044.750000000002,0.0,130.45833333333337,0.0,3907.9309883181318,0.0,0.0,0.0
2025-04-17 22:00:00,0.266177,13308.85,7310.0,5998.85,0.0,111.08981481481482,0.0,4019.0208031329466,0.0,0.0,0.0
2025-04-17 23:00:00,0.26963400000000004,13481.700000000003,7310.0,6171.700000000003,0.0,114.29074074074079,0.0,4133.311543873688,0.0,0.0,0.0
2025-04-18 00:00:00,0.283991,14199.55,7310.0,6889.549999999999,0.0,127.58425925925924,0.0,4260.895803132947,0.0,0.0,0.0
2025-04-18 01:00:00,0.300005,15000.250000000002,7310.0,7690.250000000002,0.0,142.41203703703707,0.0,4403.307840169984,0.0,0.0,0.0
2025-04-18 02:00:00,0.310041,15502.050000000001,7310.0,8192.050000000001,0.0,151.70462962962964,0.0,4555.012469799613,0.0,0.0,0.0
2025-04-18 03:00:00,0.29931599999999997,14965.8,7310.0,7655.799999999999,0.0,141.77407407407406,0.0,4696.786543873687,0.0,0.0,0.0
2025-04-18 04:00:00,0.28104700000000005,14052.350000000002,7310.0,6742.350000000002,0.0,124.85833333333338,0.0,4821.644877207021,0.0,0.0,0.0
2025-04-18 05:00:00,0.263042,13152.1,7310.0,5842.1,0.0,108.18703703703704,0.0,4929.831914244058,0.0,0.0,0.0
2025-04-18 06:00:00,0.237715,11885.75,7310.0,4575.75,0.0,84.73611111111111,0.0,5014.568025355169,0.0,0.0,0.0
2025-04-18 07:00:00,0.24286000000000002,12143.000000000002,7310.0,4833.000000000002,0.0,89.50000000000003,0.0,5104.068025355169,0.0,0.0,0.0
2025-04-18 08:00:00,0.346096,17304.8,7310.0,9994.8,0.0,185.08888888888887,0.0,5289.156914244058,0.0,0.0,0.0
2025-04-18 09:00:00,0.47211200000000003,23605.600000000002,7310.0,16295.600000000002,0.0,301.7703703703704,0.0,5590.927284614428,0.0,0.0,0.0
2025-04-18 10:00:00,0.552416,27620.8,7310.0,20310.8,0.0,376.1259259259259,0.0,5967.053210540354,0.0,0.0,0.0
2025-04-18 11:00:00,0.591767,29588.350000000002,7310.0,22278.350000000002,0.0,412.5620370370371,0.0,6379.615247577391,0.0,0.0,0.0
2025-04-18 12:00:00,0.6115280000000001,30576.400000000005,7310.0,23266.400000000005,0.0,430.8592592592594,0.0,6810.47450683665,0.0,0.0,0.0
2025-04-18 13:00:00,0.622136,31106.800000000003,7310.0,23796.800000000003,0.0,440.6814814814815,0.0,7251.155988318132,0.0,0.0,0.0
2025-04-18 14:00:00,0.601352,30067.6,7310.0,22757.6,0.0,421.437037037037,0.0,7672.593025355169,0.0,0.0,0.0
2025-04-18 15:00:00,0.522625,26131.25,7310.0,18821.25,0.0,348.5416666666667,0.0,8021.134692021836,0.0,0.0,0.0
2025-04-18 16:00:00,0.419569,20978.45,7310.0,13668.45,0.0,253.11944444444447,0.0,8274.25413646628,0.0,0.0,0.0
2025-04-18 17:00:00,0.378909,18945.45,7310.0,11635.45,0.0,215.47129629629632,0.0,8489.725432762576,0.0,0.0,0.0
2025-04-18 18:00:00,0.412751,20637.55,7310.0,13327.55,0.0,246.80648148148146,0.0,8736.531914244057,0.0,0.0,0.0
2025-04-18 19:00:00,0.47183600000000003,23591.800000000003,7310.0,16281.800000000003,0.0,301.5148148148149,0.0,9038.046729058871,0.0,0.0,0.0
2025-04-18 20:00:00,0.5338440000000001,26692.200000000004,7310.0,19382.200000000004,0.0,358.9296296296297,0.0,9396.9763586885,0.0,0.0,0.0
2025-04-18 21:00:00,0.574886,28744.3,7310.0,21434.3,0.0,396.93148148148146,0.0,9793.90784016998,0.0,0.0,0.0
2025-04-18 22:00:00,0.6012329999999999,30061.649999999994,7310.0,11128.976630821038,11622.673369178956,206.09215983001923,0.0,10000.0,0.0,0.0,0.0
2025-04-18 23:00:00,0.637695,31884.75,7310.0,0.0,24574.75,0.0,0.0,10000.0,0.0,0.0,0.0
2025-04-19 00:00:00,0.6262340000000001,31311.700000000004,7310.0,0.0,24001.700000000004,0.0,0.0,10000.0,0.0,0.0,0.0
2025-04-19 01:00:00,0.585604,29280.2,7310.0,0.0,21970.2,0.0,0.0,10000.0,0.0,0.0,0.0
2025-04-19 02:00:00,0.559172,27958.6,7310.0,0.0,20648.6,0.0,0.0,10000.0,0.0,0.0,0.0
2025-04-19 03:00:00,0.52792,26395.999999999996,7310.0,0.0,19085.999999999996,0.0,0.0,10000.0,0.0,0.0,0.0
2025-04-19 04:00:00,0.5157889999999999,25789.449999999997,7310.0,0.0,18479.449999999997,0.0,0.0,10000.0,0.0,0.0,0.0
2025-04-19 05:00:00,0.481456,24072.8,7310.0,0.0,16762.8,0.0,0.0,10000.0,0.0,0.0,0.0
2025-04-19 06:00:00,0.45665300000000003,22832.65,7310.0,0.0,15522.650000000001,0.0,0.0,10000.0,0.0,0.0,0.0
2025-04-19 07:00:00,0.447428,22371.399999999998,7310.0,0.0,15061.399999999998,0.0,0.0,10000.0,0.0,0.0,0.0
2025-04-19 08:00:00,0.504737,25236.85,7310.0,0.0,17926.85,0.0,0.0,10000.0,0.0,0.0,0.0
2025-04-19 09:00:00,0.56845,28422.5,7310.0,0.0,21112.5,0.0,0.0,10000.0,0.0,0.0,0.0
2025-04-19 10:00:00,0.6019070000000001,30095.350000000006,7310.0,0.0,22785.350000000006,0.0,0.0,10000.0,0.0,0.0,0.0
2025-04-19 11:00:00,0.612784,30639.2,7310.0,0.0,23329.2,0.0,0.0,10000.0,0.0,0.0,0.0
2025-04-19 12:00:00,0.6303690000000001,31518.450000000004,7310.0,0.0,24208.450000000004,0.0,0.0,10000.0,0.0,0.0,0.0
2025-04-19 13:00:00,0.656047,32802.350000000006,7310.0,0.0,25492.350000000006,0.0,0.0,10000.0,0.0,0.0,0.0
2025-04-19 14:00:00,0.676705,33835.25,7310.0,0.0,26525.25,0.0,0.0,10000.0,0.0,0.0,0.0
2025-04-19 15:00:00,0.671693,33584.65,7310.0,0.0,26274.65,0.0,0.0,10000.0,0.0,0.0,0.0
2025-04-19 16:00:00,0.635691,31784.55,7310.0,0.0,24474.55,0.0,0.0,10000.0,0.0,0.0,0.0
2025-04-19 17:00:00,0.5708390000000001,28541.950000000004,7310.0,0.0,21231.950000000004,0.0,0.0,10000.0,0.0,0.0,0.0
2025-04-19 18:00:00,0.494965,24748.25,7310.0,0.0,17438.25,0.0,0.0,10000.0,0.0,0.0,0.0
2025-04-19 19:00:00,0.494645,24732.25,7310.0,0.0,17422.25,0.0,0.0,10000.0,0.0,0.0,0.0
2025-04-19 20:00:00,0.472567,23628.350000000002,7310.0,0.0,16318.350000000002,0.0,0.0,10000.0,0.0,0.0,0.0
2025-04-19 21:00:00,0.44475400000000004,22237.7,7310.0,0.0,14927.7,0.0,0.0,10000.0,0.0,0.0,0.0
2025-04-19 22:00:00,0.42502999999999996,21251.499999999996,7310.0,0.0,13941.499999999996,0.0,0.0,10000.0,0.0,0.0,0.0
2025-04-19 23:00:00,0.41475,20737.5,7310.0,0.0,13427.5,0.0,0.0,10000.0,0.0,0.0,0.0
2025-04-20 00:00:00,0.403083,20154.15,7310.0,0.0,12844.150000000001,0.0,0.0,10000.0,0.0,0.0,0.0
2025-04-20 01:00:00,0.378921,18946.05,7310.0,0.0,11636.05,0.0,0.0,10000.0,0.0,0.0,0.0
2025-04-20 02:00:00,0.39101600000000003,19550.800000000003,7310.0,0.0,12240.800000000003,0.0,0.0,10000.0,0.0,0.0,0.0
2025-04-20 03:00:00,0.34853500000000004,17426.750000000004,7310.0,0.0,10116.750000000004,0.0,0.0,10000.0,0.0,0.0,0.0
2025-04-20 04:00:00,0.31564600000000004,15782.300000000001,7310.0,0.0,8472.300000000001,0.0,0.0,10000.0,0.0,0.0,0.0
2025-04-20 05:00:00,0.322637,16131.85,7310.0,0.0,8821.85,0.0,0.0,10000.0,0.0,0.0,0.0
2025-04-20 06:00:00,0.307458,15372.9,7310.0,0.0,8062.9,0.0,0.0,10000.0,0.0,0.0,0.0
2025-04-20 07:00:00,0.329218,16460.9,7310.0,0.0,9150.900000000001,0.0,0.0,10000.0,0.0,0.0,0.0
2025-04-20 08:00:00,0.269641,13482.050000000001,7310.0,0.0,6172.050000000001,0.0,0.0,10000.0,0.0,0.0,0.0
2025-04-20 09:00:00,0.21105500000000002,10552.750000000002,7310.0,0.0,3242.750000000002,0.0,0.0,10000.0,0.0,0.0,0.0
2025-04-20 10:00:00,0.16799799999999998,8399.9,7310.0,0.0,1089.8999999999996,0.0,0.0,10000.0,0.0,0.0,0.0
2025-04-20 11:00:00,0.137042,6852.099999999999,6852.099999999999,0.0,0.0,0.0,28.92289228922896,9971.077107710771,457.90000000000055,0.0,0.0
2025-04-20 12:00:00,0.118634,5931.7,5931.7,0.0,0.0,0.0,87.0592322390134,9884.017875471758,1378.3000000000002,0.0,0.0
2025-04-20 13:00:00,0.112199,5609.95,5609.95,0.0,0.0,0.0,107.38231717908636,9776.635558292672,1700.0500000000002,0.0,0.0
2025-04-20 14:00:00,0.114021,5701.05,5701.05,0.0,0.0,0.0,101.62805754259637,9675.007500750075,1608.9499999999998,0.0,0.0
2025-04-20 15:00:00,0.121897,6094.85,6094.85,0.0,0.0,0.0,76.75399118859254,9598.253509561482,1215.1499999999996,0.0,0.0
2025-04-20 16:00:00,0.129273,6463.65,6463.65,0.0,0.0,0.0,53.4590301135377,9544.794479447944,846.3500000000004,0.0,0.0
2025-04-20 17:00:00,0.13452099999999997,6726.049999999998,6726.049999999998,0.0,0.0,0.0,36.88474110568962,9507.909738342254,583.9500000000016,0.0,0.0
2025-04-20 18:00:00,0.151869,7593.45,7310.0,283.4499999999998,0.0,5.249074074074071,0.0,9513.158812416328,0.0,0.0,0.0
2025-04-20 19:00:00,0.16794399999999998,8397.199999999999,7310.0,1087.199999999999,0.0,20.13333333333331,0.0,9533.292145749661,0.0,0.0,0.0
2025-04-20 20:00:00,0.161706,8085.299999999999,7310.0,775.2999999999993,0.0,14.357407407407393,0.0,9547.649553157069,0.0,0.0,0.0
2025-04-20 21:00:00,0.151705,7585.25,7310.0,275.25,0.0,5.097222222222222,0.0,9552.746775379292,0.0,0.0,0.0
2025-04-20 22:00:00,0.12264,6132.0,6132.0,0.0,0.0,0.0,74.40744074407442,9478.339334635217,1178.0,0.0,0.0
2025-04-20 23:00:00,0.089832,4491.599999999999,4491.599999999999,0.0,0.0,0.0,178.02201272758862,9300.317321907629,2818.4000000000005,0.0,0.0
2025-04-21 00:00:00,0.068543,3427.1500000000005,3427.1500000000005,0.0,0.0,0.0,245.25715729467683,9055.060164612953,3882.8499999999995,0.0,0.0
2025-04-21 01:00:00,0.057774,2888.7,2888.7,0.0,0.0,0.0,279.2679267926793,8775.792237820273,4421.3,0.0,0.0
2025-04-21 02:00:00,0.054638,2731.9,2731.9,0.0,0.0,0.0,289.1720751022471,8486.620162718025,4578.1,0.0,0.0
2025-04-21 03:00:00,0.048519,2425.95,2425.95,0.0,0.0,0.0,308.4971655060243,8178.122997212001,4884.05,0.0,0.0
2025-04-21 04:00:00,0.037433,1871.65,1871.65,0.0,0.0,0.0,343.50908775088044,7834.613909461121,5438.35,0.0,0.0
2025-04-21 05:00:00,0.025296,1264.8,1264.8,0.0,0.0,0.0,381.84028929208716,7452.773620169033,6045.2,0.0,0.0
2025-04-21 06:00:00,0.009904,495.2,495.2,0.0,0.0,0.0,430.45146619925157,7022.3221539697815,6814.8,0.0,0.0
2025-04-21 07:00:00,0.004702,235.09999999999997,235.09999999999997,0.0,0.0,0.0,446.8804775214364,6575.441676448345,7074.9,0.0,0.0
2025-04-21 08:00:00,0.009205,460.25,460.25,0.0,0.0,0.0,432.6590553792222,6142.782621069123,6849.75,0.0,0.0
2025-04-21 09:00:00,0.029077000000000002,1453.8500000000001,1453.8500000000001,0.0,0.0,0.0,369.8990951726752,5772.883525896447,5856.15,0.0,0.0
2025-04-21 10:00:00,0.056263,2813.15,2813.15,0.0,0.0,0.0,284.03998294566304,5488.8435429507845,4496.85,0.0,0.0
2025-04-21 11:00:00,0.07321599999999999,3660.7999999999993,3660.7999999999993,0.0,0.0,0.0,230.49883935762006,5258.344703593164,3649.2000000000007,0.0,0.0
2025-04-21 12:00:00,0.078565,3928.25,3928.25,0.0,0.0,0.0,213.60557108342417,5044.73913250974,3381.75,0.0,0.0
2025-04-21 13:00:00,0.08967900000000001,4483.950000000001,4483.950000000001,0.0,0.0,0.0,178.5052189429469,4866.233913566793,2826.0499999999993,0.0,0.0
2025-04-21 14:00:00,0.115667,5783.35,5783.35,0.0,0.0,0.0,96.42964296429642,4769.804270602496,1526.6499999999996,0.0,0.0
2025-04-21 15:00:00,0.154057,7702.85,7310.0,392.85000000000036,0.0,7.275000000000007,0.0,4777.079270602496,0.0,0.0,0.0
2025-04-21 16:00:00,0.165908,8295.4,7310.0,985.3999999999997,-1.1368683772161603e-13,18.248148148148143,0.0,4795.327418750644,0.0,0.0,0.0
2025-04-21 17:00:00,0.161989,8099.45,7310.0,789.4499999999998,0.0,14.619444444444442,0.0,4809.946863195089,0.0,0.0,0.0
2025-04-21 18:00:00,0.194575,9728.75,7310.0,2418.75,0.0,44.791666666666664,0.0,4854.7385298617555,0.0,0.0,0.0
2025-04-21 19:00:00,0.245826,12291.3,7310.0,4981.299999999999,0.0,92.24629629629628,0.0,4946.984826158052,0.0,0.0,0.0
2025-04-21 20:00:00,0.288879,14443.95,7310.0,7133.950000000001,0.0,132.1101851851852,0.0,5079.095011343237,0.0,0.0,0.0
2025-04-21 21:00:00,0.337254,16862.7,7310.0,9552.7,0.0,176.90185185185186,0.0,5255.996863195089,0.0,0.0,0.0
2025-04-21 22:00:00,0.37256599999999995,18628.3,7310.0,11318.3,0.0,209.59814814814814,0.0,5465.595011343237,0.0,0.0,0.0
2025-04-21 23:00:00,0.362622,18131.1,7310.0,10821.099999999999,0.0,200.3907407407407,0.0,5665.985752083978,0.0,0.0,0.0
2025-04-22 00:00:00,0.32673399999999997,16336.699999999999,7310.0,9026.699999999999,0.0,167.1611111111111,0.0,5833.146863195089,0.0,0.0,0.0
2025-04-22 01:00:00,0.27231900000000003,13615.950000000003,7310.0,6305.950000000003,0.0,116.7768518518519,0.0,5949.923715046941,0.0,0.0,0.0
2025-04-22 02:00:00,0.21109999999999998,10555.0,7310.0,3245.0,0.0,60.092592592592595,0.0,6010.016307639533,0.0,0.0,0.0
2025-04-22 03:00:00,0.144297,7214.85,7214.85,0.0,0.0,0.0,6.010074691679672,6004.006232947853,95.14999999999964,0.0,0.0
2025-04-22 04:00:00,0.09604399999999999,4802.2,4802.2,0.0,0.0,0.0,158.40320874192685,5845.603024205926,2507.8,0.0,0.0
2025-04-22 05:00:00,0.070837,3541.85,3541.85,0.0,0.0,0.0,238.0122222748591,5607.590801931067,3768.15,0.0,0.0
2025-04-22 06:00:00,0.062025,3101.25,3101.25,0.0,0.0,0.0,265.84237371105536,5341.748428220012,4208.75,0.0,0.0
2025-04-22 07:00:00,0.075449,3772.4500000000003,3772.4500000000003,0.0,0.0,0.0,223.446555181834,5118.301873038178,3537.5499999999997,0.0,0.0
2025-04-22 08:00:00,0.117713,5885.65,5885.65,0.0,0.0,0.0,89.96794416283737,5028.3339288753405,1424.3500000000004,0.0,0.0
2025-04-22 09:00:00,0.17089400000000002,8544.7,7310.0,1234.7000000000007,0.0,22.864814814814828,0.0,5051.198743690155,0.0,0.0,0.0
2025-04-22 10:00:00,0.19525800000000001,9762.900000000001,7310.0,2452.9000000000015,0.0,45.4240740740741,0.0,5096.62281776423,0.0,0.0,0.0
2025-04-22 11:00:00,0.20168899999999998,10084.449999999999,7310.0,2774.449999999999,0.0,51.378703703703685,0.0,5148.001521467933,0.0,0.0,0.0
2025-04-22 12:00:00,0.207799,10389.95,7310.0,3079.9500000000007,0.0,57.036111111111126,0.0,5205.037632579045,0.0,0.0,0.0
2025-04-22 13:00:00,0.221592,11079.6,7310.0,3769.6000000000004,0.0,69.80740740740741,0.0,5274.845039986452,0.0,0.0,0.0
2025-04-22 14:00:00,0.23795,11897.5,7310.0,4587.5,0.0,84.95370370370371,0.0,5359.798743690156,0.0,0.0,0.0
2025-04-22 15:00:00,0.263731,13186.55,7310.0,5876.549999999999,0.0,108.82499999999999,0.0,5468.623743690156,0.0,0.0,0.0
2025-04-22 16:00:00,0.294549,14727.45,7310.0,7417.450000000001,0.0,137.3601851851852,0.0,5605.983928875341,0.0,0.0,0.0
2025-04-22 17:00:00,0.299993,14999.65,7310.0,7689.65,0.0,142.40092592592592,0.0,5748.384854801267,0.0,0.0,0.0
2025-04-22 18:00:00,0.33675700000000003,16837.850000000002,7310.0,9527.850000000002,0.0,176.44166666666672,0.0,5924.826521467933,0.0,0.0,0.0
2025-04-22 19:00:00,0.431909,21595.45,7310.0,14285.45,0.0,264.5453703703704,0.0,6189.371891838304,0.0,0.0,0.0
2025-04-22 20:00:00,0.447017,22350.85,7310.0,15040.849999999999,0.0,278.5342592592592,0.0,6467.9061510975625,0.0,0.0,0.0
2025-04-22 21:00:00,0.405521,20276.05,7310.0,12966.05,0.0,240.11203703703703,0.0,6708.0181881346,0.0,0.0,0.0
2025-04-22 22:00:00,0.366911,18345.55,7310.0,11035.55,0.0,204.36203703703703,0.0,6912.380225171637,0.0,0.0,0.0
2025-04-22 23:00:00,0.367347,18367.35,7310.0,11057.349999999999,0.0,204.7657407407407,0.0,7117.1459659123775,0.0,0.0,0.0
2025-04-23 00:00:00,0.3951,19755.0,7310.0,12445.0,0.0,230.46296296296296,0.0,7347.60892887534,0.0,0.0,0.0
2025-04-23 01:00:00,0.446603,22330.15,7310.0,15020.150000000001,0.0,278.15092592592595,0.0,7625.759854801266,0.0,0.0,0.0
2025-04-23 02:00:00,0.506084,25304.2,7310.0,17994.2,0.0,333.22592592592594,0.0,7958.985780727192,0.0,0.0,0.0
2025-04-23 03:00:00,0.559072,27953.600000000002,7310.0,20643.600000000002,0.0,382.28888888888895,0.0,8341.274669616081,0.0,0.0,0.0
2025-04-23 04:00:00,0.557903,27895.15,7310.0,20585.15,0.0,381.2064814814815,0.0,8722.481151097563,0.0,0.0,0.0
2025-04-23 05:00:00,0.50082,25041.000000000004,7310.0,17731.000000000004,0.0,328.3518518518519,0.0,9050.833002949415,0.0,0.0,0.0
2025-04-23 06:00:00,0.460289,23014.45,7310.0,15704.45,0.0,290.82314814814816,0.0,9341.656151097564,0.0,0.0,0.0
2025-04-23 07:00:00,0.497965,24898.25,7310.0,17588.25,0.0,325.7083333333333,0.0,9667.364484430898,0.0,0.0,0.0
2025-04-23 08:00:00,0.505382,25269.1,7310.0,17959.1,0.0,332.5759259259259,0.0,9999.940410356825,0.0,0.0,0.0
2025-04-23 09:00:00,0.47099799999999997,23549.899999999998,7310.0,3.2178407314531796,16236.682159268545,0.05958964317505888,0.0,10000.0,0.0,0.0,0.0
2025-04-23 10:00:00,0.426608,21330.399999999998,7310.0,0.0,14020.399999999998,0.0,0.0,10000.0,0.0,0.0,0.0
2025-04-23 11:00:00,0.38470499999999996,19235.25,7310.0,0.0,11925.25,0.0,0.0,10000.0,0.0,0.0,0.0
2025-04-23 12:00:00,0.388339,19416.95,7310.0,0.0,12106.95,0.0,0.0,10000.0,0.0,0.0,0.0
2025-04-23 13:00:00,0.414173,20708.65,7310.0,0.0,13398.650000000001,0.0,0.0,10000.0,0.0,0.0,0.0
2025-04-23 14:00:00,0.402167,20108.35,7310.0,0.0,12798.349999999999,0.0,0.0,10000.0,0.0,0.0,0.0
2025-04-23 15:00:00,0.35073200000000004,17536.600000000002,7310.0,0.0,10226.600000000002,0.0,0.0,10000.0,0.0,0.0,0.0
2025-04-23 16:00:00,0.29507799999999995,14753.899999999998,7310.0,0.0,7443.899999999998,0.0,0.0,10000.0,0.0,0.0,0.0
2025-04-23 17:00:00,0.22742099999999998,11371.05,7310.0,0.0,4061.0499999999993,0.0,0.0,10000.0,0.0,0.0,0.0
2025-04-23 18:00:00,0.180863,9043.15,7310.0,0.0,1733.1499999999996,0.0,0.0,10000.0,0.0,0.0,0.0
2025-04-23 19:00:00,0.168847,8442.35,7310.0,0.0,1132.3500000000004,0.0,0.0,10000.0,0.0,0.0,0.0
2025-04-23 20:00:00,0.138127,6906.35,6906.35,0.0,0.0,0.0,25.496233833909688,9974.50376616609,403.64999999999964,0.0,0.0
2025-04-23 21:00:00,0.124168,6208.4,6208.4,0.0,0.0,0.0,69.58169501160646,9904.922071154484,1101.6000000000004,0.0,0.0
2025-04-23 22:00:00,0.144013,7200.650000000001,7200.650000000001,0.0,0.0,0.0,6.907006490122662,9898.015064664361,109.34999999999945,0.0,0.0
2025-04-23 23:00:00,0.180757,9037.85,7310.0,1727.8500000000004,0.0,31.99722222222223,0.0,9930.012286886584,0.0,0.0,0.0
2025-04-24 00:00:00,0.21141900000000002,10570.95,7310.0,3260.9500000000007,0.0,60.38796296296297,0.0,9990.400249849547,0.0,0.0,0.0
2025-04-24 01:00:00,0.23593,11796.5,7310.0,518.3865081244876,3968.1134918755124,9.599750150453474,0.0,10000.0,0.0,0.0,0.0
2025-04-24 02:00:00,0.248649,12432.45,7310.0,0.0,5122.450000000001,0.0,0.0,10000.0,0.0,0.0,0.0
2025-04-24 03:00:00,0.24528,12264.0,7310.0,0.0,4954.0,0.0,0.0,10000.0,0.0,0.0,0.0
2025-04-24 04:00:00,0.23294399999999998,11647.199999999999,7310.0,0.0,4337.199999999999,0.0,0.0,10000.0,0.0,0.0,0.0
2025-04-24 05:00:00,0.20011,10005.5,7310.0,0.0,2695.5,0.0,0.0,10000.0,0.0,0.0,0.0
2025-04-24 06:00:00,0.182328,9116.4,7310.0,0.0,1806.3999999999996,0.0,0.0,10000.0,0.0,0.0,0.0
2025-04-24 07:00:00,0.17547200000000002,8773.6,7310.0,0.0,1463.6000000000004,0.0,0.0,10000.0,0.0,0.0,0.0
2025-04-24 08:00:00,0.134947,6747.35,6747.35,0.0,0.0,0.0,35.539343408025,9964.460656591975,562.6499999999996,0.0,0.0
2025-04-24 09:00:00,0.11233499999999999,5616.749999999999,5616.749999999999,0.0,0.0,0.0,106.95280054321229,9857.507856048762,1693.250000000001,0.0,0.0
2025-04-24 10:00:00,0.097062,4853.099999999999,4853.099999999999,0.0,0.0,0.0,155.18815039398683,9702.319705654774,2456.9000000000005,0.0,0.0
2025-04-24 11:00:00,0.080879,4043.9500000000003,4043.9500000000003,0.0,0.0,0.0,206.2974718524484,9496.022233802325,3266.0499999999997,0.0,0.0
2025-04-24 12:00:00,0.068668,3433.4000000000005,3433.4000000000005,0.0,0.0,0.0,244.86238097493958,9251.159852827386,3876.5999999999995,0.0,0.0
2025-04-24 13:00:00,0.064926,3246.2999999999997,3246.2999999999997,0.0,0.0,0.0,256.68040488259356,8994.479447944792,4063.7000000000003,0.0,0.0
2025-04-24 14:00:00,0.067221,3361.05,3361.05,0.0,0.0,0.0,249.43231165221786,8745.047136292575,3948.95,0.0,0.0
2025-04-24 15:00:00,0.071883,3594.15,3594.15,0.0,0.0,0.0,234.7087340312979,8510.338402261277,3715.85,0.0,0.0
2025-04-24 16:00:00,0.080546,4027.3,4027.3,0.0,0.0,0.0,207.34915596822842,8302.98924629305,3282.7,0.0,0.0
2025-04-24 17:00:00,0.101047,5052.349999999999,5052.349999999999,0.0,0.0,0.0,142.6026813207637,8160.386564972286,2257.6500000000005,0.0,0.0
2025-04-24 18:00:00,0.154013,7700.650000000001,7310.0,390.65000000000055,0.0,7.234259259259269,0.0,8167.620824231545,0.0,0.0,0.0
2025-04-24 19:00:00,0.25093899999999997,12546.949999999999,7310.0,5236.949999999999,0.0,96.98055555555554,0.0,8264.6013797871,0.0,0.0,0.0
2025-04-24 20:00:00,0.314948,15747.4,7310.0,8437.4,0.0,156.24814814814815,0.0,8420.849527935248,0.0,0.0,0.0
2025-04-24 21:00:00,0.322625,16131.25,7310.0,8821.25,0.0,163.3564814814815,0.0,8584.20600941673,0.0,0.0,0.0
2025-04-24 22:00:00,0.290967,14548.349999999999,7310.0,7238.349999999998,9.094947017729282e-13,134.04351851851848,0.0,8718.249527935248,0.0,0.0,0.0
2025-04-24 23:00:00,0.244243,12212.15,7310.0,4902.15,0.0,90.78055555555555,0.0,8809.030083490803,0.0,0.0,0.0
2025-04-25 00:00:00,0.18671700000000002,9335.85,7310.0,2025.8500000000004,0.0,37.515740740740746,0.0,8846.545824231544,0.0,0.0,0.0
2025-04-25 01:00:00,0.133013,6650.65,6650.65,0.0,0.0,0.0,41.64732262699957,8804.898501604544,659.3500000000004,0.0,0.0
2025-04-25 02:00:00,0.090818,4540.9,4540.9,0.0,0.0,0.0,174.90801711750126,8629.990484487043,2769.1000000000004,0.0,0.0
2025-04-25 03:00:00,0.06131,3065.5,3065.5,0.0,0.0,0.0,268.10049425995237,8361.889990227091,4244.5,0.0,0.0
2025-04-25 04:00:00,0.047976,2398.7999999999997,2398.7999999999997,0.0,0.0,0.0,310.2120738389629,8051.677916388128,4911.200000000001,0.0,0.0
2025-04-25 05:00:00,0.042767000000000006,2138.3500000000004,2138.3500000000004,0.0,0.0,0.0,326.663192635053,7725.0147237530755,5171.65,0.0,0.0
2025-04-25 06:00:00,0.041183,2059.15,2059.15,0.0,0.0,0.0,331.6657981587633,7393.348925594312,5250.85,0.0,0.0
2025-04-25 07:00:00,0.037884,1894.2,1894.2,0.0,0.0,0.0,342.08473478926845,7051.264190805044,5415.8,0.0,0.0
2025-04-25 08:00:00,0.029768,1488.3999999999999,1488.3999999999999,0.0,0.0,0.0,367.7167716771678,6683.547419127875,5821.6,0.0,0.0
2025-04-25 09:00:00,0.02503,1251.5,1251.5,0.0,0.0,0.0,382.680373300488,6300.867045827387,6058.5,0.0,0.0
2025-04-25 10:00:00,0.022668,1133.4,1133.4,0.0,0.0,0.0,390.14006663824284,5910.726979189145,6176.6,0.0,0.0
2025-04-25 11:00:00,0.022666,1133.3,1133.3,0.0,0.0,0.0,390.1463830593586,5520.5805961297865,6176.7,0.0,0.0
2025-04-25 12:00:00,0.025384,1269.2,1269.2,0.0,0.0,0.0,381.56236676299216,5139.018229366794,6040.8,0.0,0.0
2025-04-25 13:00:00,0.030811,1540.5500000000002,1540.5500000000002,0.0,0.0,0.0,364.4227580652802,4774.5954713015135,5769.45,0.0,0.0
2025-04-25 14:00:00,0.038845,1942.2499999999998,1942.2499999999998,0.0,0.0,0.0,339.04969444312854,4435.545776858385,5367.75,0.0,0.0
2025-04-25 15:00:00,0.046793999999999995,2339.7,2339.7,0.0,0.0,0.0,313.9450787183982,4121.600698139987,4970.3,0.0,0.0
2025-04-25 16:00:00,0.056489,2824.45,2824.45,0.0,0.0,0.0,283.3262273595781,3838.2744707804086,4485.55,0.0,0.0
2025-04-25 17:00:00,0.080728,4036.3999999999996,4036.3999999999996,0.0,0.0,0.0,206.77436164669103,3631.5001091337176,3273.6000000000004,0.0,0.0
2025-04-25 18:00:00,0.14879,7439.5,7310.0,129.5,0.0,2.3981481481481484,0.0,3633.898257281866,0.0,0.0,0.0
2025-04-25 19:00:00,0.264124,13206.2,7310.0,5896.200000000001,0.0,109.1888888888889,0.0,3743.0871461707547,0.0,0.0,0.0
2025-04-25 20:00:00,0.32261399999999996,16130.699999999997,7310.0,8820.699999999997,0.0,163.34629629629623,0.0,3906.433442467051,0.0,0.0,0.0
2025-04-25 21:00:00,0.284048,14202.400000000001,7310.0,6892.4000000000015,0.0,127.63703703703706,0.0,4034.070479504088,0.0,0.0,0.0
2025-04-25 22:00:00,0.223082,11154.1,7310.0,3844.1000000000004,0.0,71.18703703703704,0.0,4105.257516541125,0.0,0.0,0.0
2025-04-25 23:00:00,0.17416,8708.0,7310.0,1398.0,0.0,25.88888888888889,0.0,4131.146405430014,0.0,0.0,0.0
2025-04-26 00:00:00,0.14975,7487.5,7310.0,177.5,0.0,3.287037037037037,0.0,4134.4334424670515,0.0,0.0,0.0
2025-04-26 01:00:00,0.136101,6805.05,6805.05,0.0,0.0,0.0,31.894768424210834,4102.53867404284,504.9499999999998,0.0,0.0
2025-04-26 02:00:00,0.124303,6215.15,6215.15,0.0,0.0,0.0,69.15533658629023,4033.38333745655,1094.8500000000004,0.0,0.0
2025-04-26 03:00:00,0.118214,5910.7,5910.7,0.0,0.0,0.0,88.38568067333051,3944.9976567832196,1399.3000000000002,0.0,0.0
2025-04-26 04:00:00,0.11279399999999999,5639.7,5639.7,0.0,0.0,0.0,105.50318189713711,3839.4944748860826,1670.3000000000002,0.0,0.0
2025-04-26 05:00:00,0.098388,4919.400000000001,4919.400000000001,0.0,0.0,0.0,151.00036319421415,3688.4941116918685,2390.5999999999995,0.0,0.0
2025-04-26 06:00:00,0.073052,3652.6000000000004,3652.6000000000004,0.0,0.0,0.0,231.01678588911523,3457.4773258027535,3657.3999999999996,0.0,0.0
2025-04-26 07:00:00,0.061972,3098.6,3098.6,0.0,0.0,0.0,266.0097588706239,3191.4675669321296,4211.4,0.0,0.0
2025-04-26 08:00:00,0.05169,2584.5,2584.5,0.0,0.0,0.0,298.4824798269301,2892.9850871051995,4725.5,0.0,0.0
2025-04-26 09:00:00,0.046126,2306.3,2306.3,0.0,0.0,0.0,316.054763371074,2576.9303237341255,5003.7,0.0,0.0
2025-04-26 10:00:00,0.041774,2088.7,2088.7,0.0,0.0,0.0,329.79929571904563,2247.13102801508,5221.3,0.0,0.0
2025-04-26 11:00:00,0.038488,1924.4,1924.4,0.0,0.0,0.0,340.17717561229813,1906.953852402782,5385.6,0.0,0.0
2025-04-26 12:00:00,0.036432,1821.6,1821.6,0.0,0.0,0.0,346.67045651933614,1560.283395883446,5488.4,0.0,0.0
2025-04-26 13:00:00,0.035171,1758.55,1758.55,0.0,0.0,0.0,350.65296003284544,1209.6304358506006,5551.45,0.0,0.0
2025-04-26 14:00:00,0.029141999999999998,1457.1,1457.1,0.0,0.0,0.0,369.69381148641185,839.9366243641888,5852.9,0.0,0.0
2025-04-26 15:00:00,0.02479,1239.5,1239.5,0.0,0.0,0.0,383.4383438343835,456.4982805298053,6070.5,0.0,0.0
2025-04-26 16:00:00,0.024437999999999998,1221.8999999999999,1221.8999999999999,0.0,0.0,0.0,384.5500339507636,71.94824657904172,6088.1,0.0,0.0
2025-04-26 17:00:00,0.029949,1497.45,1497.45,0.0,0.0,0.0,71.94824657904172,0.0,1139.0666527777437,4673.483347222256,0.0
2025-04-26 18:00:00,0.0526,2630.0,2630.0,0.0,0.0,0.0,0.0,0.0,0.0,4680.0,0.0
2025-04-26 19:00:00,0.095428,4771.4,4771.4,0.0,0.0,0.0,0.0,0.0,0.0,2538.6000000000004,0.0
2025-04-26 20:00:00,0.143883,7194.150000000001,7194.150000000001,0.0,0.0,0.0,0.0,0.0,0.0,115.84999999999945,0.0
2025-04-26 21:00:00,0.156139,7806.95,7310.0,496.9499999999998,0.0,9.202777777777774,0.0,9.202777777777774,0.0,0.0,0.0
2025-04-26 22:00:00,0.138243,6912.150000000001,6912.150000000001,0.0,0.0,0.0,9.202777777777774,0.0,145.69607708333325,252.1539229166662,0.0
2025-04-26 23:00:00,0.11084000000000001,5542.0,5542.0,0.0,0.0,0.0,0.0,0.0,0.0,1768.0,0.0
2025-04-27 00:00:00,0.079042,3952.1,3952.1,0.0,0.0,0.0,0.0,0.0,0.0,3357.9,0.0
2025-04-27 01:00:00,0.055418,2770.9,2770.9,0.0,0.0,0.0,0.0,0.0,0.0,4539.1,0.0
2025-04-27 02:00:00,0.036133000000000005,1806.6500000000003,1806.6500000000003,0.0,0.0,0.0,0.0,0.0,0.0,5503.349999999999,0.0
2025-04-27 03:00:00,0.021661,1083.05,1083.05,0.0,0.0,0.0,0.0,0.0,0.0,6226.95,0.0
2025-04-27 04:00:00,0.013529,676.4499999999999,676.4499999999999,0.0,0.0,0.0,0.0,0.0,0.0,6633.55,0.0
2025-04-27 05:00:00,0.011042,552.1,552.1,0.0,0.0,0.0,0.0,0.0,0.0,6757.9,0.0
2025-04-27 06:00:00,0.008315,415.75,415.75,0.0,0.0,0.0,0.0,0.0,0.0,6894.25,0.0
2025-04-27 07:00:00,0.00744,372.0,372.0,0.0,0.0,0.0,0.0,0.0,0.0,6938.0,0.0
2025-04-27 08:00:00,0.010493,524.65,524.65,0.0,0.0,0.0,0.0,0.0,0.0,6785.35,0.0
2025-04-27 09:00:00,0.015224999999999999,761.25,761.25,0.0,0.0,0.0,0.0,0.0,0.0,6548.75,0.0
2025-04-27 10:00:00,0.026947,1347.35,1347.35,0.0,0.0,0.0,0.0,0.0,0.0,5962.65,0.0
2025-04-27 11:00:00,0.038979,1948.95,1948.95,0.0,0.0,0.0,0.0,0.0,0.0,5361.05,0.0
2025-04-27 12:00:00,0.05098,2549.0,2549.0,0.0,0.0,0.0,0.0,0.0,0.0,4761.0,0.0
2025-04-27 13:00:00,0.05863,2931.5,2931.5,0.0,0.0,0.0,0.0,0.0,0.0,4378.5,0.0
2025-04-27 14:00:00,0.062935,3146.7500000000005,3146.7500000000005,0.0,0.0,0.0,0.0,0.0,0.0,4163.25,0.0
2025-04-27 15:00:00,0.06747,3373.5,3373.5,0.0,0.0,0.0,0.0,0.0,0.0,3936.5,0.0
2025-04-27 16:00:00,0.069297,3464.85,3464.85,0.0,0.0,0.0,0.0,0.0,0.0,3845.15,0.0
2025-04-27 17:00:00,0.07432899999999999,3716.45,3716.45,0.0,0.0,0.0,0.0,0.0,0.0,3593.55,0.0
2025-04-27 18:00:00,0.09403700000000001,4701.85,4701.85,0.0,0.0,0.0,0.0,0.0,0.0,2608.1499999999996,0.0
2025-04-27 19:00:00,0.138876,6943.8,6943.8,0.0,0.0,0.0,0.0,0.0,0.0,366.1999999999998,0.0
2025-04-27 20:00:00,0.185469,9273.449999999999,7310.0,1963.449999999999,0.0,36.360185185185166,0.0,36.360185185185166,0.0,0.0,0.0
2025-04-27 21:00:00,0.21298599999999998,10649.3,7310.0,3339.2999999999993,0.0,61.838888888888874,0.0,98.19907407407405,0.0,0.0,0.0
2025-04-27 22:00:00,0.223026,11151.3,7310.0,3841.299999999999,4.547473508864641e-13,71.13518518518516,0.0,169.33425925925923,0.0,0.0,0.0
2025-04-27 23:00:00,0.215908,10795.4,7310.0,3485.3999999999996,0.0,64.54444444444444,0.0,233.87870370370365,0.0,0.0,0.0
2025-04-28 00:00:00,0.192228,9611.4,7310.0,2301.3999999999996,0.0,42.61851851851851,0.0,276.49722222222215,0.0,0.0,0.0
2025-04-28 01:00:00,0.159069,7953.45,7310.0,643.4499999999998,0.0,11.915740740740738,0.0,288.41296296296287,0.0,0.0,0.0
2025-04-28 02:00:00,0.12011,6005.5,6005.5,0.0,0.0,0.0,82.39771345555609,206.0152495074068,1304.5,0.0,0.0
2025-04-28 03:00:00,0.088154,4407.7,4407.7,0.0,0.0,0.0,183.32149004374125,22.693759463665543,2902.3,0.0,0.0
2025-04-28 04:00:00,0.063411,3170.5499999999997,3170.5499999999997,0.0,0.0,0.0,22.693759463665543,0.0,359.2819263888869,3780.168073611114,0.0
2025-04-28 05:00:00,0.045037999999999995,2251.8999999999996,2251.8999999999996,0.0,0.0,0.0,0.0,0.0,0.0,5058.1,0.0
2025-04-28 06:00:00,0.021803999999999997,1090.1999999999998,1090.1999999999998,0.0,0.0,0.0,0.0,0.0,0.0,6219.8,0.0
2025-04-28 07:00:00,0.007046,352.3,352.3,0.0,0.0,0.0,0.0,0.0,0.0,6957.7,0.0
2025-04-28 08:00:00,0.0071189999999999995,355.95,355.95,0.0,0.0,0.0,0.0,0.0,0.0,6954.05,0.0
2025-04-28 09:00:00,0.016212,810.6,810.6,0.0,0.0,0.0,0.0,0.0,0.0,6499.4,0.0
2025-04-28 10:00:00,0.018172,908.6,908.6,0.0,0.0,0.0,0.0,0.0,0.0,6401.4,0.0
2025-04-28 11:00:00,0.017742,887.1,887.1,0.0,0.0,0.0,0.0,0.0,0.0,6422.9,0.0
2025-04-28 12:00:00,0.016999,849.95,849.95,0.0,0.0,0.0,0.0,0.0,0.0,6460.05,0.0
2025-04-28 13:00:00,0.0167,835.0,835.0,0.0,0.0,0.0,0.0,0.0,0.0,6475.0,0.0
2025-04-28 14:00:00,0.01648,824.0000000000001,824.0000000000001,0.0,0.0,0.0,0.0,0.0,0.0,6486.0,0.0
2025-04-28 15:00:00,0.01815,907.5,907.5,0.0,0.0,0.0,0.0,0.0,0.0,6402.5,0.0
2025-04-28 16:00:00,0.026025,1301.25,1301.25,0.0,0.0,0.0,0.0,0.0,0.0,6008.75,0.0
2025-04-28 17:00:00,0.048312,2415.6,2415.6,0.0,0.0,0.0,0.0,0.0,0.0,4894.4,0.0
2025-04-28 18:00:00,0.10127,5063.5,5063.5,0.0,0.0,0.0,0.0,0.0,0.0,2246.5,0.0
2025-04-28 19:00:00,0.182525,9126.25,7310.0,1816.25,0.0,33.63425925925926,0.0,33.63425925925926,0.0,0.0,0.0
2025-04-28 20:00:00,0.245256,12262.8,7310.0,4952.799999999999,0.0,91.71851851851851,0.0,125.35277777777776,0.0,0.0,0.0
2025-04-28 21:00:00,0.26169600000000004,13084.800000000001,7310.0,5774.800000000001,0.0,106.94074074074076,0.0,232.2935185185185,0.0,0.0,0.0
2025-04-28 22:00:00,0.246174,12308.7,7310.0,4998.700000000001,0.0,92.56851851851853,0.0,324.86203703703706,0.0,0.0,0.0
2025-04-28 23:00:00,0.211748,10587.4,7310.0,3277.3999999999996,0.0,60.69259259259258,0.0,385.55462962962963,0.0,0.0,0.0
2025-04-29 00:00:00,0.172003,8600.15,7310.0,1290.1499999999996,0.0,23.89166666666666,0.0,409.4462962962963,0.0,0.0,0.0
2025-04-29 01:00:00,0.13572,6786.0,6786.0,0.0,0.0,0.0,33.098046646769944,376.34824964952634,524.0,0.0,0.0
2025-04-29 02:00:00,0.108441,5422.05,5422.05,0.0,0.0,0.0,119.25087245566662,257.0973771938597,1887.9499999999998,0.0,0.0
2025-04-29 03:00:00,0.09282800000000001,4641.400000000001,4641.400000000001,0.0,0.0,0.0,168.56001389612643,88.53736329773326,2668.5999999999995,0.0,0.0
2025-04-29 04:00:00,0.09225,4612.5,4612.5,0.0,0.0,0.0,88.53736329773326,0.0,1401.7014013888884,1295.7985986111116,0.0
2025-04-29 05:00:00,0.104965,5248.25,5248.25,0.0,0.0,0.0,0.0,0.0,0.0,2061.75,0.0
2025-04-29 06:00:00,0.081614,4080.7000000000003,4080.7000000000003,0.0,0.0,0.0,0.0,0.0,0.0,3229.2999999999997,0.0
2025-04-29 07:00:00,0.049524,2476.2,2476.2,0.0,0.0,0.0,0.0,0.0,0.0,4833.8,0.0
2025-04-29 08:00:00,0.065058,3252.9,3252.9,0.0,0.0,0.0,0.0,0.0,0.0,4057.1,0.0
2025-04-29 09:00:00,0.092274,4613.7,4613.7,0.0,0.0,0.0,0.0,0.0,0.0,2696.3,0.0
2025-04-29 10:00:00,0.10533799999999999,5266.9,5266.9,0.0,0.0,0.0,0.0,0.0,0.0,2043.1000000000004,0.0
2025-04-29 11:00:00,0.12340300000000001,6170.150000000001,6170.150000000001,0.0,0.0,0.0,0.0,0.0,0.0,1139.8499999999995,0.0
2025-04-29 12:00:00,0.142047,7102.35,7102.35,0.0,0.0,0.0,0.0,0.0,0.0,207.64999999999964,0.0
2025-04-29 13:00:00,0.155424,7771.200000000001,7310.0,461.20000000000067,5.684341886080802e-14,8.540740740740754,0.0,8.540740740740754,0.0,0.0,0.0
2025-04-29 14:00:00,0.16190000000000002,8095.000000000001,7310.0,785.0000000000009,0.0,14.537037037037054,0.0,23.077777777777808,0.0,0.0,0.0
2025-04-29 15:00:00,0.167176,8358.8,7310.0,1048.7999999999993,0.0,19.42222222222221,0.0,42.500000000000014,0.0,0.0,0.0
2025-04-29 16:00:00,0.17430400000000001,8715.2,7310.0,1405.2000000000007,0.0,26.022222222222236,0.0,68.52222222222225,0.0,0.0,0.0
2025-04-29 17:00:00,0.188196,9409.8,7310.0,2099.7999999999993,0.0,38.88518518518517,0.0,107.40740740740742,0.0,0.0,0.0
2025-04-29 18:00:00,0.245252,12262.6,7310.0,4952.6,0.0,91.71481481481482,0.0,199.12222222222223,0.0,0.0,0.0
2025-04-29 19:00:00,0.327731,16386.55,7310.0,9076.55,0.0,168.08425925925926,0.0,367.2064814814815,0.0,0.0,0.0
2025-04-29 20:00:00,0.357673,17883.65,7310.0,10573.650000000001,0.0,195.80833333333337,0.0,563.0148148148148,0.0,0.0,0.0
2025-04-29 21:00:00,0.347957,17397.850000000002,7310.0,10087.850000000002,0.0,186.81203703703707,0.0,749.8268518518519,0.0,0.0,0.0
2025-04-29 22:00:00,0.328445,16422.25,7310.0,9112.25,0.0,168.74537037037038,0.0,918.5722222222223,0.0,0.0,0.0
2025-04-29 23:00:00,0.310652,15532.599999999999,7310.0,8222.599999999999,0.0,152.27037037037033,0.0,1070.8425925925926,0.0,0.0,0.0
2025-04-30 00:00:00,0.28610800000000003,14305.400000000001,7310.0,6995.4000000000015,0.0,129.54444444444448,0.0,1200.387037037037,0.0,0.0,0.0
2025-04-30 01:00:00,0.258195,12909.75,7310.0,5599.75,0.0,103.69907407407408,0.0,1304.0861111111112,0.0,0.0,0.0
2025-04-30 02:00:00,0.223542,11177.1,7310.0,3867.1000000000004,0.0,71.61296296296297,0.0,1375.6990740740741,0.0,0.0,0.0
2025-04-30 03:00:00,0.181709,9085.45,7310.0,1775.4500000000005,2.2737367544323206e-13,32.878703703703714,0.0,1408.5777777777778,0.0,0.0,0.0
2025-04-30 04:00:00,0.135989,6799.45,6799.45,0.0,0.0,0.0,32.248488006695425,1376.3292897710824,510.55000000000024,0.0,0.0
2025-04-30 05:00:00,0.09052400000000001,4526.200000000001,4526.200000000001,0.0,0.0,0.0,175.83653102152317,1200.4927587495592,2783.7999999999993,0.0,0.0
2025-04-30 06:00:00,0.03408,1704.0,1704.0,0.0,0.0,0.0,354.098567751512,846.3941909980472,5606.0,0.0,0.0
2025-04-30 07:00:00,0.010955999999999999,547.8,547.8,0.0,0.0,0.0,427.12902869234296,419.2651623057042,6762.2,0.0,0.0
2025-04-30 08:00:00,0.008069000000000002,403.4500000000001,403.4500000000001,0.0,0.0,0.0,419.2651623057042,0.0,6637.701233333332,268.84876666666787,0.0
2025-04-30 09:00:00,0.010595,529.75,529.75,0.0,0.0,0.0,0.0,0.0,0.0,6780.25,0.0
2025-04-30 10:00:00,0.010327999999999999,516.4,516.4,0.0,0.0,0.0,0.0,0.0,0.0,6793.6,0.0
2025-04-30 11:00:00,0.012202999999999999,610.15,610.15,0.0,0.0,0.0,0.0,0.0,0.0,6699.85,0.0
2025-04-30 12:00:00,0.016318000000000003,815.9000000000001,815.9000000000001,0.0,0.0,0.0,0.0,0.0,0.0,6494.1,0.0
2025-04-30 13:00:00,0.021353,1067.65,1067.65,0.0,0.0,0.0,0.0,0.0,0.0,6242.35,0.0
2025-04-30 14:00:00,0.027241,1362.05,1362.05,0.0,0.0,0.0,0.0,0.0,0.0,5947.95,0.0
2025-04-30 15:00:00,0.038213000000000004,1910.65,1910.65,0.0,0.0,0.0,0.0,0.0,0.0,5399.35,0.0
2025-04-30 16:00:00,0.058986,2949.2999999999997,2949.2999999999997,0.0,0.0,0.0,0.0,0.0,0.0,4360.700000000001,0.0
2025-04-30 17:00:00,0.090167,4508.349999999999,4508.349999999999,0.0,0.0,0.0,0.0,0.0,0.0,2801.6500000000005,0.0
2025-04-30 18:00:00,0.173957,8697.85,7310.0,1387.8500000000004,0.0,25.700925925925933,0.0,25.700925925925933,0.0,0.0,0.0
2025-04-30 19:00:00,0.288879,14443.95,7310.0,7133.950000000001,0.0,132.1101851851852,0.0,157.81111111111113,0.0,0.0,0.0
2025-04-30 20:00:00,0.35500400000000004,17750.2,7310.0,10440.2,0.0,193.33703703703705,0.0,351.14814814814815,0.0,0.0,0.0
2025-04-30 21:00:00,0.34266399999999997,17133.199999999997,7310.0,9823.199999999997,0.0,181.91111111111107,0.0,533.0592592592592,0.0,0.0,0.0
2025-04-30 22:00:00,0.30225799999999997,15112.899999999998,7310.0,7802.899999999999,-9.094947017729282e-13,144.49814814814812,0.0,677.5574074074073,0.0,0.0,0.0
2025-04-30 23:00:00,0.27035000000000003,13517.500000000002,7310.0,6207.500000000002,0.0,114.95370370370374,0.0,792.511111111111,0.0,0.0,0.0
2025-05-01 00:00:00,0.250954,12547.7,7310.0,5237.700000000001,0.0,96.99444444444445,0.0,889.5055555555554,0.0,0.0,0.0
2025-05-01 01:00:00,0.23801,11900.5,7310.0,4590.5,0.0,85.00925925925925,0.0,974.5148148148146,0.0,0.0,0.0
2025-05-01 02:00:00,0.223083,11154.15,7310.0,3844.1499999999996,0.0,71.18796296296296,0.0,1045.7027777777776,0.0,0.0,0.0
2025-05-01 03:00:00,0.198943,9947.15,7310.0,2637.1499999999996,0.0,48.8361111111111,0.0,1094.5388888888886,0.0,0.0,0.0
2025-05-01 04:00:00,0.171709,8585.45,7310.0,1275.4500000000007,0.0,23.619444444444458,0.0,1118.158333333333,0.0,0.0,0.0
2025-05-01 05:00:00,0.144846,7242.3,7242.3,0.0,0.0,0.0,4.276217095393739,1113.8821162379393,67.69999999999982,0.0,0.0
2025-05-01 06:00:00,0.072437,3621.85,3621.85,0.0,0.0,0.0,232.95908538222247,880.9230308557168,3688.15,0.0,0.0
2025-05-01 07:00:00,0.022458,1122.8999999999999,1122.8999999999999,0.0,0.0,0.0,390.80329085540137,490.1197400003154,6187.1,0.0,0.0
2025-05-01 08:00:00,0.013493,674.65,674.65,0.0,0.0,0.0,419.11664850695604,71.00309149335936,6635.35,0.0,0.0
2025-05-01 09:00:00,0.030676,1533.8,1533.8,0.0,0.0,0.0,71.00309149335936,0.0,1124.103193749992,4652.096806250008,0.0
2025-05-01 10:00:00,0.048825,2441.25,2441.25,0.0,0.0,0.0,0.0,0.0,0.0,4868.75,0.0
2025-05-01 11:00:00,0.056841,2842.05,2842.05,0.0,0.0,0.0,0.0,0.0,0.0,4467.95,0.0
2025-05-01 12:00:00,0.060947,3047.35,3047.35,0.0,0.0,0.0,0.0,0.0,0.0,4262.65,0.0
2025-05-01 13:00:00,0.066191,3309.55,3309.55,0.0,0.0,0.0,0.0,0.0,0.0,4000.45,0.0
2025-05-01 14:00:00,0.076393,3819.65,3819.65,0.0,0.0,0.0,0.0,0.0,0.0,3490.35,0.0
2025-05-01 15:00:00,0.096251,4812.55,4812.55,0.0,0.0,0.0,0.0,0.0,0.0,2497.45,0.0
2025-05-01 16:00:00,0.115907,5795.349999999999,5795.349999999999,0.0,0.0,0.0,0.0,0.0,0.0,1514.6500000000005,0.0
2025-05-01 17:00:00,0.14403200000000002,7201.600000000001,7201.600000000001,0.0,0.0,0.0,0.0,0.0,0.0,108.39999999999873,0.0
2025-05-01 18:00:00,0.190912,9545.6,7310.0,2235.6000000000004,0.0,41.400000000000006,0.0,41.400000000000006,0.0,0.0,0.0
2025-05-01 19:00:00,0.21919999999999998,10959.999999999998,7310.0,3649.9999999999977,4.547473508864641e-13,67.59259259259255,0.0,108.99259259259256,0.0,0.0,0.0
2025-05-01 20:00:00,0.23343,11671.5,7310.0,4361.5,0.0,80.76851851851852,0.0,189.76111111111106,0.0,0.0,0.0
2025-05-01 21:00:00,0.251293,12564.65,7310.0,5254.65,0.0,97.30833333333332,0.0,287.0694444444444,0.0,0.0,0.0
2025-05-01 22:00:00,0.243018,12150.900000000001,7310.0,4840.9000000000015,0.0,89.64629629629633,0.0,376.7157407407407,0.0,0.0,0.0
2025-05-01 23:00:00,0.219432,10971.599999999999,7310.0,3661.5999999999985,0.0,67.80740740740738,0.0,444.5231481481481,0.0,0.0,0.0
2025-05-02 00:00:00,0.23826599999999998,11913.3,7310.0,4603.299999999999,0.0,85.24629629629628,0.0,529.7694444444444,0.0,0.0,0.0
2025-05-02 01:00:00,0.29538099999999995,14769.049999999997,7310.0,7459.049999999997,0.0,138.1305555555555,0.0,667.8999999999999,0.0,0.0,0.0
2025-05-02 02:00:00,0.315012,15750.6,7310.0,8440.6,0.0,156.30740740740742,0.0,824.2074074074073,0.0,0.0,0.0
2025-05-02 03:00:00,0.309273,15463.650000000001,7310.0,8153.650000000002,-9.094947017729282e-13,150.99351851851856,0.0,975.200925925926,0.0,0.0,0.0
2025-05-02 04:00:00,0.289743,14487.149999999998,7310.0,7177.149999999999,-9.094947017729282e-13,132.91018518518516,0.0,1108.111111111111,0.0,0.0,0.0
2025-05-02 05:00:00,0.247978,12398.9,7310.0,5088.9,0.0,94.23888888888888,0.0,1202.35,0.0,0.0,0.0
2025-05-02 06:00:00,0.164062,8203.1,7310.0,893.1000000000004,0.0,16.538888888888895,0.0,1218.888888888889,0.0,0.0,0.0
2025-05-02 07:00:00,0.12836799999999998,6418.399999999999,6418.399999999999,0.0,0.0,0.0,56.31721066843535,1162.5716782204536,891.6000000000013,0.0,0.0
2025-05-02 08:00:00,0.10524599999999999,5262.299999999999,5262.299999999999,0.0,0.0,0.0,129.34135518815046,1033.2303230323032,2047.7000000000007,0.0,0.0
2025-05-02 09:00:00,0.076125,3806.25,3806.25,0.0,0.0,0.0,221.311604844695,811.9187181876082,3503.75,0.0,0.0
2025-05-02 10:00:00,0.061064999999999994,3053.2499999999995,3053.2499999999995,0.0,0.0,0.0,268.8742558466373,543.0444623409709,4256.75,0.0,0.0
2025-05-02 11:00:00,0.057808,2890.4,2890.4,0.0,0.0,0.0,279.1605476337108,263.8839147072601,4419.6,0.0,0.0
2025-05-02 12:00:00,0.050402999999999996,2520.1499999999996,2520.1499999999996,0.0,0.0,0.0,263.8839147072601,0.0,4177.744166666665,612.1058333333358,0.0
2025-05-02 13:00:00,0.049659999999999996,2483.0,2483.0,0.0,0.0,0.0,0.0,0.0,0.0,4827.0,0.0
2025-05-02 14:00:00,0.05768,2884.0,2884.0,0.0,0.0,0.0,0.0,0.0,0.0,4426.0,0.0
2025-05-02 15:00:00,0.072143,3607.15,3607.15,0.0,0.0,0.0,0.0,0.0,0.0,3702.85,0.0
2025-05-02 16:00:00,0.096923,4846.15,4846.15,0.0,0.0,0.0,0.0,0.0,0.0,2463.8500000000004,0.0
2025-05-02 17:00:00,0.155998,7799.9,7310.0,489.89999999999964,0.0,9.072222222222216,0.0,9.072222222222216,0.0,0.0,0.0
2025-05-02 18:00:00,0.254054,12702.7,7310.0,5392.700000000001,0.0,99.86481481481484,0.0,108.93703703703704,0.0,0.0,0.0
2025-05-02 19:00:00,0.34682,17341.0,7310.0,10031.0,0.0,185.75925925925927,0.0,294.6962962962963,0.0,0.0,0.0
2025-05-02 20:00:00,0.347358,17367.9,7310.0,10057.900000000001,0.0,186.25740740740744,0.0,480.9537037037037,0.0,0.0,0.0
2025-05-02 21:00:00,0.292305,14615.249999999998,7310.0,7305.249999999997,9.094947017729282e-13,135.28240740740736,0.0,616.2361111111111,0.0,0.0,0.0
2025-05-02 22:00:00,0.240186,12009.300000000001,7310.0,4699.300000000001,0.0,87.0240740740741,0.0,703.2601851851852,0.0,0.0,0.0
2025-05-02 23:00:00,0.220505,11025.25,7310.0,3715.25,0.0,68.80092592592592,0.0,772.0611111111111,0.0,0.0,0.0
2025-05-03 00:00:00,0.199428,9971.4,7310.0,2661.3999999999996,0.0,49.28518518518518,0.0,821.3462962962963,0.0,0.0,0.0
2025-05-03 01:00:00,0.16513,8256.5,7310.0,946.5,0.0,17.52777777777778,0.0,838.8740740740741,0.0,0.0,0.0
2025-05-03 02:00:00,0.140493,7024.650000000001,7024.650000000001,0.0,0.0,0.0,18.023907653923256,820.8501664201508,285.34999999999945,0.0,0.0
2025-05-03 03:00:00,0.105557,5277.849999999999,5277.849999999999,0.0,0.0,0.0,128.3591517046442,692.4910147155066,2032.1500000000005,0.0,0.0
2025-05-03 04:00:00,0.057817999999999994,2890.8999999999996,2890.8999999999996,0.0,0.0,0.0,279.1289655281318,413.3620491873748,4419.1,0.0,0.0
2025-05-03 05:00:00,0.025716000000000003,1285.8000000000002,1285.8000000000002,0.0,0.0,0.0,380.51384085777005,32.848208329604745,6024.2,0.0,0.0
2025-05-03 06:00:00,0.024195,1209.75,1209.75,0.0,0.0,0.0,32.848208329604745,0.0,520.0446222222199,5580.20537777778,0.0
2025-05-03 07:00:00,0.06331,3165.5000000000005,3165.5000000000005,0.0,0.0,0.0,0.0,0.0,0.0,4144.5,0.0
2025-05-03 08:00:00,0.133207,6660.349999999999,6660.349999999999,0.0,0.0,0.0,0.0,0.0,0.0,649.6500000000005,0.0
2025-05-03 09:00:00,0.18803299999999998,9401.65,7310.0,2091.6499999999996,0.0,38.734259259259254,0.0,38.734259259259254,0.0,0.0,0.0
2025-05-03 10:00:00,0.238632,11931.6,7310.0,4621.6,0.0,85.5851851851852,0.0,124.31944444444446,0.0,0.0,0.0
2025-05-03 11:00:00,0.299969,14998.449999999999,7310.0,7688.449999999999,0.0,142.37870370370368,0.0,266.6981481481481,0.0,0.0,0.0
2025-05-03 12:00:00,0.34881599999999996,17440.8,7310.0,10130.8,0.0,187.6074074074074,0.0,454.30555555555554,0.0,0.0,0.0
2025-05-03 13:00:00,0.365575,18278.75,7310.0,10968.75,0.0,203.125,0.0,657.4305555555555,0.0,0.0,0.0
2025-05-03 14:00:00,0.36513799999999996,18256.899999999998,7310.0,10946.899999999998,0.0,202.72037037037032,0.0,860.1509259259259,0.0,0.0,0.0
2025-05-03 15:00:00,0.381757,19087.850000000002,7310.0,11777.850000000002,0.0,218.10833333333338,0.0,1078.2592592592594,0.0,0.0,0.0
2025-05-03 16:00:00,0.437972,21898.6,7310.0,14588.599999999999,0.0,270.1592592592592,0.0,1348.4185185185186,0.0,0.0,0.0
2025-05-03 17:00:00,0.497977,24898.85,7310.0,17588.85,0.0,325.71944444444443,0.0,1674.137962962963,0.0,0.0,0.0
2025-05-03 18:00:00,0.490104,24505.2,7310.0,17195.2,0.0,318.42962962962963,0.0,1992.5675925925925,0.0,0.0,0.0
2025-05-03 19:00:00,0.439015,21950.75,7310.0,14640.75,0.0,271.125,0.0,2263.6925925925925,0.0,0.0,0.0
2025-05-03 20:00:00,0.380005,19000.25,7310.0,11690.25,0.0,216.48611111111111,0.0,2480.178703703704,0.0,0.0,0.0
2025-05-03 21:00:00,0.328149,16407.45,7310.0,9097.45,0.0,168.47129629629632,0.0,2648.65,0.0,0.0,0.0
2025-05-03 22:00:00,0.295763,14788.15,7310.0,7478.15,0.0,138.48425925925926,0.0,2787.134259259259,0.0,0.0,0.0
2025-05-03 23:00:00,0.272,13600.000000000002,7310.0,6290.000000000002,0.0,116.48148148148151,0.0,2903.6157407407404,0.0,0.0,0.0
2025-05-04 00:00:00,0.26019400000000004,13009.700000000003,7310.0,5699.700000000003,0.0,105.55000000000005,0.0,3009.1657407407406,0.0,0.0,0.0
2025-05-04 01:00:00,0.266208,13310.4,7310.0,6000.4,0.0,111.11851851851851,0.0,3120.284259259259,0.0,0.0,0.0
2025-05-04 02:00:00,0.264369,13218.45,7310.0,5908.450000000001,0.0,109.41574074074076,0.0,3229.7,0.0,0.0,0.0
2025-05-04 03:00:00,0.240436,12021.800000000001,7310.0,4711.800000000001,0.0,87.25555555555557,0.0,3316.9555555555553,0.0,0.0,0.0
2025-05-04 04:00:00,0.19737100000000002,9868.550000000001,7310.0,2558.550000000001,0.0,47.380555555555574,0.0,3364.3361111111108,0.0,0.0,0.0
2025-05-04 05:00:00,0.182548,9127.4,7310.0,1817.3999999999999,-2.2737367544323206e-13,33.65555555555555,0.0,3397.9916666666663,0.0,0.0,0.0
2025-05-04 06:00:00,0.254602,12730.1,7310.0,5420.1,0.0,100.37222222222223,0.0,3498.3638888888886,0.0,0.0,0.0
2025-05-04 07:00:00,0.357677,17883.850000000002,7310.0,10573.850000000002,0.0,195.81203703703707,0.0,3694.1759259259256,0.0,0.0,0.0
2025-05-04 08:00:00,0.434572,21728.600000000002,7310.0,14418.600000000004,-1.8189894035458565e-12,267.0111111111112,0.0,3961.187037037037,0.0,0.0,0.0
2025-05-04 09:00:00,0.49385399999999996,24692.699999999997,7310.0,17382.699999999997,0.0,321.9018518518518,0.0,4283.0888888888885,0.0,0.0,0.0
2025-05-04 10:00:00,0.5226190000000001,26130.950000000004,7310.0,18820.950000000004,0.0,348.5361111111112,0.0,4631.625,0.0,0.0,0.0
2025-05-04 11:00:00,0.525346,26267.3,7310.0,18957.3,0.0,351.0611111111111,0.0,4982.686111111111,0.0,0.0,0.0
2025-05-04 12:00:00,0.515791,25789.55,7310.0,18479.55,0.0,342.2138888888889,0.0,5324.9,0.0,0.0,0.0
2025-05-04 13:00:00,0.508223,25411.149999999998,7310.0,18101.149999999998,0.0,335.20648148148143,0.0,5660.106481481481,0.0,0.0,0.0
2025-05-04 14:00:00,0.5211520000000001,26057.600000000002,7310.0,18747.600000000002,0.0,347.1777777777778,0.0,6007.284259259259,0.0,0.0,0.0
2025-05-04 15:00:00,0.544336,27216.800000000003,7310.0,19906.800000000003,0.0,368.6444444444445,0.0,6375.928703703703,0.0,0.0,0.0
2025-05-04 16:00:00,0.5684560000000001,28422.800000000003,7310.0,21112.800000000003,0.0,390.9777777777778,0.0,6766.906481481481,0.0,0.0,0.0
2025-05-04 17:00:00,0.573174,28658.699999999997,7310.0,21348.699999999997,0.0,395.34629629629626,0.0,7162.252777777778,0.0,0.0,0.0
2025-05-04 18:00:00,0.5321480000000001,26607.4,7310.0,19297.4,0.0,357.35925925925926,0.0,7519.612037037037,0.0,0.0,0.0
2025-05-04 19:00:00,0.47481,23740.5,7310.0,16430.5,0.0,304.26851851851853,0.0,7823.8805555555555,0.0,0.0,0.0
2025-05-04 20:00:00,0.382944,19147.2,7310.0,11837.2,0.0,219.20740740740743,0.0,8043.087962962963,0.0,0.0,0.0
2025-05-04 21:00:00,0.357637,17881.85,7310.0,10571.849999999999,0.0,195.77499999999998,0.0,8238.862962962963,0.0,0.0,0.0
2025-05-04 22:00:00,0.386861,19343.05,7310.0,12033.05,0.0,222.83425925925926,0.0,8461.697222222223,0.0,0.0,0.0
2025-05-04 23:00:00,0.41001600000000005,20500.800000000003,7310.0,13190.800000000003,0.0,244.27407407407412,0.0,8705.971296296297,0.0,0.0,0.0
2025-05-05 00:00:00,0.412734,20636.7,7310.0,13326.7,0.0,246.79074074074074,0.0,8952.762037037037,0.0,0.0,0.0
2025-05-05 01:00:00,0.414243,20712.149999999998,7310.0,13402.149999999998,0.0,248.18796296296293,0.0,9200.949999999999,0.0,0.0,0.0
2025-05-05 02:00:00,0.41782600000000003,20891.300000000003,7310.0,13581.300000000003,0.0,251.50555555555562,0.0,9452.455555555554,0.0,0.0,0.0
2025-05-05 03:00:00,0.41653300000000004,20826.65,7310.0,13516.650000000001,0.0,250.30833333333337,0.0,9702.763888888887,0.0,0.0,0.0
2025-05-05 04:00:00,0.397806,19890.3,7310.0,12580.3,0.0,232.9685185185185,0.0,9935.732407407406,0.0,0.0,0.0
2025-05-05 05:00:00,0.443418,22170.899999999998,7310.0,3470.4500000000844,11390.449999999913,64.26759259259416,0.0,10000.0,0.0,0.0,0.0
2025-05-05 06:00:00,0.447014,22350.7,7310.0,0.0,15040.7,0.0,0.0,10000.0,0.0,0.0,0.0
2025-05-05 07:00:00,0.524068,26203.399999999998,7310.0,0.0,18893.399999999998,0.0,0.0,10000.0,0.0,0.0,0.0
2025-05-05 08:00:00,0.623653,31182.65,7310.0,0.0,23872.65,0.0,0.0,10000.0,0.0,0.0,0.0
2025-05-05 09:00:00,0.685645,34282.25,7310.0,0.0,26972.25,0.0,0.0,10000.0,0.0,0.0,0.0
2025-05-05 10:00:00,0.722811,36140.549999999996,7310.0,0.0,28830.549999999996,0.0,0.0,10000.0,0.0,0.0,0.0
2025-05-05 11:00:00,0.743836,37191.8,7310.0,0.0,29881.800000000003,0.0,0.0,10000.0,0.0,0.0,0.0
2025-05-05 12:00:00,0.744872,37243.6,7310.0,0.0,29933.6,0.0,0.0,10000.0,0.0,0.0,0.0
2025-05-05 13:00:00,0.724653,36232.65,7310.0,0.0,28922.65,0.0,0.0,10000.0,0.0,0.0,0.0
2025-05-05 14:00:00,0.6974049999999999,34870.25,7310.0,0.0,27560.25,0.0,0.0,10000.0,0.0,0.0,0.0
2025-05-05 15:00:00,0.678352,33917.6,7310.0,0.0,26607.6,0.0,0.0,10000.0,0.0,0.0,0.0
2025-05-05 16:00:00,0.663421,33171.05,7310.0,0.0,25861.050000000003,0.0,0.0,10000.0,0.0,0.0,0.0
2025-05-05 17:00:00,0.630467,31523.35,7310.0,0.0,24213.35,0.0,0.0,10000.0,0.0,0.0,0.0
2025-05-05 18:00:00,0.5559160000000001,27795.800000000003,7310.0,0.0,20485.800000000003,0.0,0.0,10000.0,0.0,0.0,0.0
2025-05-05 19:00:00,0.473048,23652.4,7310.0,0.0,16342.400000000001,0.0,0.0,10000.0,0.0,0.0,0.0
2025-05-05 20:00:00,0.441524,22076.2,7310.0,0.0,14766.2,0.0,0.0,10000.0,0.0,0.0,0.0
2025-05-05 21:00:00,0.42133699999999996,21066.85,7310.0,0.0,13756.849999999999,0.0,0.0,10000.0,0.0,0.0,0.0
2025-05-05 22:00:00,0.397779,19888.95,7310.0,0.0,12578.95,0.0,0.0,10000.0,0.0,0.0,0.0
2025-05-05 23:00:00,0.375595,18779.75,7310.0,0.0,11469.75,0.0,0.0,10000.0,0.0,0.0,0.0
2025-05-06 00:00:00,0.361068,18053.4,7310.0,0.0,10743.400000000001,0.0,0.0,10000.0,0.0,0.0,0.0
2025-05-06 01:00:00,0.349288,17464.399999999998,7310.0,0.0,10154.399999999998,0.0,0.0,10000.0,0.0,0.0,0.0
2025-05-06 02:00:00,0.334735,16736.75,7310.0,0.0,9426.75,0.0,0.0,10000.0,0.0,0.0,0.0
2025-05-06 03:00:00,0.327019,16350.95,7310.0,0.0,9040.95,0.0,0.0,10000.0,0.0,0.0,0.0
2025-05-06 04:00:00,0.33674,16837.0,7310.0,0.0,9527.0,0.0,0.0,10000.0,0.0,0.0,0.0
2025-05-06 05:00:00,0.312106,15605.3,7310.0,0.0,8295.3,0.0,0.0,10000.0,0.0,0.0,0.0
2025-05-06 06:00:00,0.292531,14626.55,7310.0,0.0,7316.549999999999,0.0,0.0,10000.0,0.0,0.0,0.0
2025-05-06 07:00:00,0.35104199999999997,17552.1,7310.0,0.0,10242.099999999999,0.0,0.0,10000.0,0.0,0.0,0.0
2025-05-06 08:00:00,0.325093,16254.650000000001,7310.0,0.0,8944.650000000001,0.0,0.0,10000.0,0.0,0.0,0.0
2025-05-06 09:00:00,0.304977,15248.85,7310.0,0.0,7938.85,0.0,0.0,10000.0,0.0,0.0,0.0
2025-05-06 10:00:00,0.28756400000000004,14378.200000000003,7310.0,0.0,7068.200000000003,0.0,0.0,10000.0,0.0,0.0,0.0
2025-05-06 11:00:00,0.272004,13600.2,7310.0,0.0,6290.200000000001,0.0,0.0,10000.0,0.0,0.0,0.0
2025-05-06 12:00:00,0.267816,13390.8,7310.0,0.0,6080.799999999999,0.0,0.0,10000.0,0.0,0.0,0.0
2025-05-06 13:00:00,0.28081900000000004,14040.950000000003,7310.0,0.0,6730.950000000003,0.0,0.0,10000.0,0.0,0.0,0.0
2025-05-06 14:00:00,0.29995499999999997,14997.749999999998,7310.0,0.0,7687.749999999998,0.0,0.0,10000.0,0.0,0.0,0.0
2025-05-06 15:00:00,0.305828,15291.4,7310.0,0.0,7981.4,0.0,0.0,10000.0,0.0,0.0,0.0
2025-05-06 16:00:00,0.29609500000000005,14804.750000000002,7310.0,0.0,7494.750000000002,0.0,0.0,10000.0,0.0,0.0,0.0
2025-05-06 17:00:00,0.27357,13678.499999999998,7310.0,0.0,6368.499999999998,0.0,0.0,10000.0,0.0,0.0,0.0
2025-05-06 18:00:00,0.226398,11319.9,7310.0,0.0,4009.8999999999996,0.0,0.0,10000.0,0.0,0.0,0.0
2025-05-06 19:00:00,0.220734,11036.7,7310.0,0.0,3726.7000000000007,0.0,0.0,10000.0,0.0,0.0,0.0
2025-05-06 20:00:00,0.250881,12544.050000000001,7310.0,0.0,5234.050000000001,0.0,0.0,10000.0,0.0,0.0,0.0
2025-05-06 21:00:00,0.251438,12571.9,7310.0,0.0,5261.9,0.0,0.0,10000.0,0.0,0.0,0.0
2025-05-06 22:00:00,0.235118,11755.9,7310.0,0.0,4445.9,0.0,0.0,10000.0,0.0,0.0,0.0
2025-05-06 23:00:00,0.215678,10783.9,7310.0,0.0,3473.8999999999996,0.0,0.0,10000.0,0.0,0.0,0.0
2025-05-07 00:00:00,0.201564,10078.199999999999,7310.0,0.0,2768.199999999999,0.0,0.0,10000.0,0.0,0.0,0.0
2025-05-07 01:00:00,0.195002,9750.1,7310.0,0.0,2440.1000000000004,0.0,0.0,10000.0,0.0,0.0,0.0
2025-05-07 02:00:00,0.192528,9626.4,7310.0,0.0,2316.3999999999996,0.0,0.0,10000.0,0.0,0.0,0.0
2025-05-07 03:00:00,0.188891,9444.55,7310.0,0.0,2134.5499999999993,0.0,0.0,10000.0,0.0,0.0,0.0
2025-05-07 04:00:00,0.18467699999999998,9233.849999999999,7310.0,0.0,1923.8499999999985,0.0,0.0,10000.0,0.0,0.0,0.0
2025-05-07 05:00:00,0.172603,8630.15,7310.0,0.0,1320.1499999999996,0.0,0.0,10000.0,0.0,0.0,0.0
2025-05-07 06:00:00,0.187607,9380.35,7310.0,0.0,2070.3500000000004,0.0,0.0,10000.0,0.0,0.0,0.0
2025-05-07 07:00:00,0.24870799999999998,12435.4,7310.0,0.0,5125.4,0.0,0.0,10000.0,0.0,0.0,0.0
2025-05-07 08:00:00,0.269629,13481.45,7310.0,0.0,6171.450000000001,0.0,0.0,10000.0,0.0,0.0,0.0
2025-05-07 09:00:00,0.28144600000000003,14072.300000000001,7310.0,0.0,6762.300000000001,0.0,0.0,10000.0,0.0,0.0,0.0
2025-05-07 10:00:00,0.294891,14744.550000000001,7310.0,0.0,7434.550000000001,0.0,0.0,10000.0,0.0,0.0,0.0
2025-05-07 11:00:00,0.317207,15860.35,7310.0,0.0,8550.35,0.0,0.0,10000.0,0.0,0.0,0.0
2025-05-07 12:00:00,0.348656,17432.8,7310.0,0.0,10122.8,0.0,0.0,10000.0,0.0,0.0,0.0
2025-05-07 13:00:00,0.373563,18678.149999999998,7310.0,0.0,11368.149999999998,0.0,0.0,10000.0,0.0,0.0,0.0
2025-05-07 14:00:00,0.37517399999999995,18758.699999999997,7310.0,0.0,11448.699999999997,0.0,0.0,10000.0,0.0,0.0,0.0
2025-05-07 15:00:00,0.38215499999999997,19107.75,7310.0,0.0,11797.75,0.0,0.0,10000.0,0.0,0.0,0.0
2025-05-07 16:00:00,0.402141,20107.050000000003,7310.0,0.0,12797.050000000003,0.0,0.0,10000.0,0.0,0.0,0.0
2025-05-07 17:00:00,0.39791899999999997,19895.949999999997,7310.0,0.0,12585.949999999997,0.0,0.0,10000.0,0.0,0.0,0.0
2025-05-07 18:00:00,0.361273,18063.65,7310.0,0.0,10753.650000000001,0.0,0.0,10000.0,0.0,0.0,0.0
2025-05-07 19:00:00,0.337072,16853.6,7310.0,0.0,9543.599999999999,0.0,0.0,10000.0,0.0,0.0,0.0
2025-05-07 20:00:00,0.338003,16900.15,7310.0,0.0,9590.150000000001,0.0,0.0,10000.0,0.0,0.0,0.0
2025-05-07 21:00:00,0.32319200000000003,16159.600000000002,7310.0,0.0,8849.600000000002,0.0,0.0,10000.0,0.0,0.0,0.0
2025-05-07 22:00:00,0.327701,16385.05,7310.0,0.0,9075.05,0.0,0.0,10000.0,0.0,0.0,0.0
2025-05-07 23:00:00,0.325555,16277.75,7310.0,0.0,8967.75,0.0,0.0,10000.0,0.0,0.0,0.0
2025-05-08 00:00:00,0.31529199999999996,15764.599999999999,7310.0,0.0,8454.599999999999,0.0,0.0,10000.0,0.0,0.0,0.0
2025-05-08 01:00:00,0.293805,14690.25,7310.0,0.0,7380.25,0.0,0.0,10000.0,0.0,0.0,0.0
2025-05-08 02:00:00,0.27024000000000004,13512.000000000002,7310.0,0.0,6202.000000000002,0.0,0.0,10000.0,0.0,0.0,0.0
2025-05-08 03:00:00,0.240631,12031.550000000001,7310.0,0.0,4721.550000000001,0.0,0.0,10000.0,0.0,0.0,0.0
2025-05-08 04:00:00,0.219821,10991.05,7310.0,0.0,3681.0499999999993,0.0,0.0,10000.0,0.0,0.0,0.0
2025-05-08 05:00:00,0.21096700000000002,10548.35,7310.0,0.0,3238.3500000000004,0.0,0.0,10000.0,0.0,0.0,0.0
2025-05-08 06:00:00,0.266578,13328.9,7310.0,0.0,6018.9,0.0,0.0,10000.0,0.0,0.0,0.0
2025-05-08 07:00:00,0.343304,17165.2,7310.0,0.0,9855.2,0.0,0.0,10000.0,0.0,0.0,0.0
2025-05-08 08:00:00,0.304958,15247.9,7310.0,0.0,7937.9,0.0,0.0,10000.0,0.0,0.0,0.0
2025-05-08 09:00:00,0.259083,12954.15,7310.0,0.0,5644.15,0.0,0.0,10000.0,0.0,0.0,0.0
2025-05-08 10:00:00,0.227398,11369.9,7310.0,0.0,4059.8999999999996,0.0,0.0,10000.0,0.0,0.0,0.0
2025-05-08 11:00:00,0.20759,10379.5,7310.0,0.0,3069.5,0.0,0.0,10000.0,0.0,0.0,0.0
2025-05-08 12:00:00,0.200835,10041.75,7310.0,0.0,2731.75,0.0,0.0,10000.0,0.0,0.0,0.0
2025-05-08 13:00:00,0.199984,9999.199999999999,7310.0,0.0,2689.199999999999,0.0,0.0,10000.0,0.0,0.0,0.0
2025-05-08 14:00:00,0.200883,10044.15,7310.0,0.0,2734.1499999999996,0.0,0.0,10000.0,0.0,0.0,0.0
2025-05-08 15:00:00,0.209037,10451.85,7310.0,0.0,3141.8500000000004,0.0,0.0,10000.0,0.0,0.0,0.0
2025-05-08 16:00:00,0.22998500000000002,11499.250000000002,7310.0,0.0,4189.250000000002,0.0,0.0,10000.0,0.0,0.0,0.0
2025-05-08 17:00:00,0.259701,12985.050000000001,7310.0,0.0,5675.050000000001,0.0,0.0,10000.0,0.0,0.0,0.0
2025-05-08 18:00:00,0.285449,14272.45,7310.0,0.0,6962.450000000001,0.0,0.0,10000.0,0.0,0.0,0.0
2025-05-08 19:00:00,0.378996,18949.8,7310.0,0.0,11639.8,0.0,0.0,10000.0,0.0,0.0,0.0
2025-05-08 20:00:00,0.427496,21374.8,7310.0,0.0,14064.8,0.0,0.0,10000.0,0.0,0.0,0.0
2025-05-08 21:00:00,0.399286,19964.3,7310.0,0.0,12654.3,0.0,0.0,10000.0,0.0,0.0,0.0
2025-05-08 22:00:00,0.360274,18013.7,7310.0,0.0,10703.7,0.0,0.0,10000.0,0.0,0.0,0.0
2025-05-08 23:00:00,0.33672199999999997,16836.1,7310.0,0.0,9526.099999999999,0.0,0.0,10000.0,0.0,0.0,0.0
2025-05-09 00:00:00,0.31873700000000005,15936.850000000002,7310.0,0.0,8626.850000000002,0.0,0.0,10000.0,0.0,0.0,0.0
2025-05-09 01:00:00,0.294648,14732.400000000001,7310.0,0.0,7422.4000000000015,0.0,0.0,10000.0,0.0,0.0,0.0
2025-05-09 02:00:00,0.26147699999999996,13073.849999999999,7310.0,0.0,5763.8499999999985,0.0,0.0,10000.0,0.0,0.0,0.0
2025-05-09 03:00:00,0.223023,11151.15,7310.0,0.0,3841.1499999999996,0.0,0.0,10000.0,0.0,0.0,0.0
2025-05-09 04:00:00,0.187347,9367.35,7310.0,0.0,2057.3500000000004,0.0,0.0,10000.0,0.0,0.0,0.0
2025-05-09 05:00:00,0.174028,8701.4,7310.0,0.0,1391.3999999999996,0.0,0.0,10000.0,0.0,0.0,0.0
2025-05-09 06:00:00,0.16425499999999998,8212.75,7310.0,0.0,902.75,0.0,0.0,10000.0,0.0,0.0,0.0
2025-05-09 07:00:00,0.15841999999999998,7920.999999999999,7310.0,0.0,610.9999999999991,0.0,0.0,10000.0,0.0,0.0,0.0
2025-05-09 08:00:00,0.18037899999999998,9018.949999999999,7310.0,0.0,1708.949999999999,0.0,0.0,10000.0,0.0,0.0,0.0
2025-05-09 09:00:00,0.233526,11676.300000000001,7310.0,0.0,4366.300000000001,0.0,0.0,10000.0,0.0,0.0,0.0
2025-05-09 10:00:00,0.277969,13898.45,7310.0,0.0,6588.450000000001,0.0,0.0,10000.0,0.0,0.0,0.0
2025-05-09 11:00:00,0.30147500000000005,15073.750000000002,7310.0,0.0,7763.750000000002,0.0,0.0,10000.0,0.0,0.0,0.0
2025-05-09 12:00:00,0.325641,16282.050000000001,7310.0,0.0,8972.050000000001,0.0,0.0,10000.0,0.0,0.0,0.0
2025-05-09 13:00:00,0.348582,17429.1,7310.0,0.0,10119.099999999999,0.0,0.0,10000.0,0.0,0.0,0.0
2025-05-09 14:00:00,0.361599,18079.95,7310.0,0.0,10769.95,0.0,0.0,10000.0,0.0,0.0,0.0
2025-05-09 15:00:00,0.363634,18181.7,7310.0,0.0,10871.7,0.0,0.0,10000.0,0.0,0.0,0.0
2025-05-09 16:00:00,0.35434699999999997,17717.35,7310.0,0.0,10407.349999999999,0.0,0.0,10000.0,0.0,0.0,0.0
2025-05-09 17:00:00,0.305909,15295.449999999999,7310.0,0.0,7985.449999999999,0.0,0.0,10000.0,0.0,0.0,0.0
2025-05-09 18:00:00,0.271994,13599.7,7310.0,0.0,6289.700000000001,0.0,0.0,10000.0,0.0,0.0,0.0
2025-05-09 19:00:00,0.32192899999999997,16096.449999999999,7310.0,0.0,8786.449999999999,0.0,0.0,10000.0,0.0,0.0,0.0
2025-05-09 20:00:00,0.37332499999999996,18666.249999999996,7310.0,0.0,11356.249999999996,0.0,0.0,10000.0,0.0,0.0,0.0
2025-05-09 21:00:00,0.40378,20189.0,7310.0,0.0,12879.0,0.0,0.0,10000.0,0.0,0.0,0.0
2025-05-09 22:00:00,0.404278,20213.9,7310.0,0.0,12903.900000000001,0.0,0.0,10000.0,0.0,0.0,0.0
2025-05-09 23:00:00,0.36318,18159.0,7310.0,0.0,10849.0,0.0,0.0,10000.0,0.0,0.0,0.0
2025-05-10 00:00:00,0.312231,15611.55,7310.0,0.0,8301.55,0.0,0.0,10000.0,0.0,0.0,0.0
2025-05-10 01:00:00,0.263748,13187.4,7310.0,0.0,5877.4,0.0,0.0,10000.0,0.0,0.0,0.0
2025-05-10 02:00:00,0.22081800000000001,11040.900000000001,7310.0,0.0,3730.9000000000015,0.0,0.0,10000.0,0.0,0.0,0.0
2025-05-10 03:00:00,0.18704300000000001,9352.150000000001,7310.0,0.0,2042.1500000000015,0.0,0.0,10000.0,0.0,0.0,0.0
2025-05-10 04:00:00,0.168844,8442.199999999999,7310.0,0.0,1132.199999999999,0.0,0.0,10000.0,0.0,0.0,0.0
2025-05-10 05:00:00,0.14402500000000001,7201.250000000001,7201.250000000001,0.0,0.0,0.0,6.869107963427865,9993.130892036572,108.74999999999909,0.0,0.0
2025-05-10 06:00:00,0.100262,5013.1,5013.1,0.0,0.0,0.0,145.0818766087135,9848.049015427858,2296.8999999999996,0.0,0.0
2025-05-10 07:00:00,0.094231,4711.55,4711.55,0.0,0.0,0.0,164.12904448339572,9683.919970944462,2598.45,0.0,0.0
2025-05-10 08:00:00,0.131435,6571.75,6571.75,0.0,0.0,0.0,46.630978887362424,9637.2889920571,738.25,0.0,0.0
2025-05-10 09:00:00,0.214416,10720.8,7310.0,3410.7999999999993,0.0,63.16296296296295,0.0,9700.451955020062,0.0,0.0,0.0
2025-05-10 10:00:00,0.29421800000000004,14710.900000000001,7310.0,7400.900000000001,9.094947017729282e-13,137.05370370370372,0.0,9837.505658723765,0.0,0.0,0.0
2025-05-10 11:00:00,0.343248,17162.4,7310.0,8774.69442891669,1077.705571083312,162.494341276235,0.0,10000.0,0.0,0.0,0.0
2025-05-10 12:00:00,0.369212,18460.6,7310.0,0.0,11150.599999999999,0.0,0.0,10000.0,0.0,0.0,0.0
2025-05-10 13:00:00,0.38033999999999996,19016.999999999996,7310.0,0.0,11706.999999999996,0.0,0.0,10000.0,0.0,0.0,0.0
2025-05-10 14:00:00,0.38561900000000005,19280.95,7310.0,0.0,11970.95,0.0,0.0,10000.0,0.0,0.0,0.0
2025-05-10 15:00:00,0.378933,18946.65,7310.0,0.0,11636.650000000001,0.0,0.0,10000.0,0.0,0.0,0.0
2025-05-10 16:00:00,0.35281999999999997,17641.0,7310.0,0.0,10331.0,0.0,0.0,10000.0,0.0,0.0,0.0
2025-05-10 17:00:00,0.27671100000000004,13835.550000000003,7310.0,0.0,6525.550000000003,0.0,0.0,10000.0,0.0,0.0,0.0
2025-05-10 18:00:00,0.30126400000000003,15063.2,7310.0,0.0,7753.200000000001,0.0,0.0,10000.0,0.0,0.0,0.0
2025-05-10 19:00:00,0.43360000000000004,21680.000000000004,7310.0,0.0,14370.000000000004,0.0,0.0,10000.0,0.0,0.0,0.0
2025-05-10 20:00:00,0.491093,24554.65,7310.0,0.0,17244.65,0.0,0.0,10000.0,0.0,0.0,0.0
2025-05-10 21:00:00,0.45666500000000004,22833.250000000004,7310.0,0.0,15523.250000000004,0.0,0.0,10000.0,0.0,0.0,0.0
2025-05-10 22:00:00,0.425041,21252.05,7310.0,0.0,13942.05,0.0,0.0,10000.0,0.0,0.0,0.0
2025-05-10 23:00:00,0.41275599999999996,20637.8,7310.0,0.0,13327.8,0.0,0.0,10000.0,0.0,0.0,0.0
2025-05-11 00:00:00,0.389293,19464.65,7310.0,0.0,12154.650000000001,0.0,0.0,10000.0,0.0,0.0,0.0
2025-05-11 01:00:00,0.379239,18961.95,7310.0,0.0,11651.95,0.0,0.0,10000.0,0.0,0.0,0.0
2025-05-11 02:00:00,0.383681,19184.05,7310.0,0.0,11874.05,0.0,0.0,10000.0,0.0,0.0,0.0
2025-05-11 03:00:00,0.373575,18678.75,7310.0,0.0,11368.75,0.0,0.0,10000.0,0.0,0.0,0.0
2025-05-11 04:00:00,0.36038400000000004,18019.2,7310.0,0.0,10709.2,0.0,0.0,10000.0,0.0,0.0,0.0
2025-05-11 05:00:00,0.308339,15416.949999999999,7310.0,0.0,8106.949999999999,0.0,0.0,10000.0,0.0,0.0,0.0
2025-05-11 06:00:00,0.190949,9547.45,7310.0,0.0,2237.4500000000007,0.0,0.0,10000.0,0.0,0.0,0.0
2025-05-11 07:00:00,0.148304,7415.2,7310.0,0.0,105.19999999999982,0.0,0.0,10000.0,0.0,0.0,0.0
2025-05-11 08:00:00,0.269606,13480.300000000001,7310.0,0.0,6170.300000000001,0.0,0.0,10000.0,0.0,0.0,0.0
2025-05-11 09:00:00,0.376406,18820.3,7310.0,0.0,11510.3,0.0,0.0,10000.0,0.0,0.0,0.0
2025-05-11 10:00:00,0.4223,21115.0,7310.0,0.0,13805.0,0.0,0.0,10000.0,0.0,0.0,0.0
2025-05-11 11:00:00,0.434861,21743.05,7310.0,0.0,14433.05,0.0,0.0,10000.0,0.0,0.0,0.0
2025-05-11 12:00:00,0.444264,22213.2,7310.0,0.0,14903.2,0.0,0.0,10000.0,0.0,0.0,0.0
2025-05-11 13:00:00,0.44149900000000003,22074.95,7310.0,0.0,14764.95,0.0,0.0,10000.0,0.0,0.0,0.0
2025-05-11 14:00:00,0.41705000000000003,20852.5,7310.0,0.0,13542.5,0.0,0.0,10000.0,0.0,0.0,0.0
2025-05-11 15:00:00,0.372079,18603.95,7310.0,0.0,11293.95,0.0,0.0,10000.0,0.0,0.0,0.0
2025-05-11 16:00:00,0.307601,15380.050000000001,7310.0,0.0,8070.050000000001,0.0,0.0,10000.0,0.0,0.0,0.0
2025-05-11 17:00:00,0.214361,10718.05,7310.0,0.0,3408.0499999999993,0.0,0.0,10000.0,0.0,0.0,0.0
2025-05-11 18:00:00,0.191879,9593.949999999999,7310.0,0.0,2283.949999999999,0.0,0.0,10000.0,0.0,0.0,0.0
2025-05-11 19:00:00,0.221371,11068.550000000001,7310.0,0.0,3758.550000000001,0.0,0.0,10000.0,0.0,0.0,0.0
2025-05-11 20:00:00,0.21757400000000002,10878.7,7310.0,0.0,3568.7000000000007,0.0,0.0,10000.0,0.0,0.0,0.0
2025-05-11 21:00:00,0.181425,9071.25,7310.0,0.0,1761.25,0.0,0.0,10000.0,0.0,0.0,0.0
2025-05-11 22:00:00,0.15181299999999998,7590.649999999999,7310.0,0.0,280.6499999999987,0.0,0.0,10000.0,0.0,0.0,0.0
2025-05-11 23:00:00,0.143042,7152.1,7152.1,0.0,0.0,0.0,9.97362894184153,9990.026371058158,157.89999999999964,0.0,0.0
2025-05-12 00:00:00,0.161832,8091.6,7310.0,538.5759628594424,243.024037140558,9.973628941841525,0.0,10000.0,0.0,0.0,0.0
2025-05-12 01:00:00,0.212418,10620.9,7310.0,0.0,3310.8999999999996,0.0,0.0,10000.0,0.0,0.0,0.0
2025-05-12 02:00:00,0.28374299999999997,14187.149999999998,7310.0,0.0,6877.149999999998,0.0,0.0,10000.0,0.0,0.0,0.0
2025-05-12 03:00:00,0.30271699999999996,15135.849999999999,7310.0,0.0,7825.8499999999985,0.0,0.0,10000.0,0.0,0.0,0.0
2025-05-12 04:00:00,0.246808,12340.4,7310.0,0.0,5030.4,0.0,0.0,10000.0,0.0,0.0,0.0
2025-05-12 05:00:00,0.15826099999999999,7913.049999999999,7310.0,0.0,603.0499999999993,0.0,0.0,10000.0,0.0,0.0,0.0
2025-05-12 06:00:00,0.061396,3069.8,3069.8,0.0,0.0,0.0,267.8288881519731,9732.171111848027,4240.2,0.0,0.0
2025-05-12 07:00:00,0.045058,2252.9,2252.9,0.0,0.0,0.0,319.427732246909,9412.743379601117,5057.1,0.0,0.0
2025-05-12 08:00:00,0.052598,2629.9,2629.9,0.0,0.0,0.0,295.61482464035885,9117.128554960758,4680.1,0.0,0.0
2025-05-12 09:00:00,0.070976,3548.7999999999997,3548.7999999999997,0.0,0.0,0.0,237.5732310073113,8879.555323953447,3761.2000000000003,0.0,0.0
2025-05-12 10:00:00,0.096426,4821.3,4821.3,0.0,0.0,0.0,157.19677230880984,8722.358551644638,2488.7,0.0,0.0
2025-05-12 11:00:00,0.122526,6126.3,6126.3,0.0,0.0,0.0,74.76747674767476,8647.591074896964,1183.6999999999998,0.0,0.0
2025-05-12 12:00:00,0.150791,7539.55,7310.0,229.55000000000018,0.0,4.250925925925929,0.0,8651.84200082289,0.0,0.0,0.0
2025-05-12 13:00:00,0.170707,8535.35,7310.0,1225.3500000000004,0.0,22.691666666666674,0.0,8674.533667489557,0.0,0.0,0.0
2025-05-12 14:00:00,0.176374,8818.7,7310.0,1508.7000000000007,0.0,27.9388888888889,0.0,8702.472556378447,0.0,0.0,0.0
2025-05-12 15:00:00,0.168654,8432.7,7310.0,1122.7000000000007,0.0,20.790740740740755,0.0,8723.263297119187,0.0,0.0,0.0
2025-05-12 16:00:00,0.154605,7730.25,7310.0,420.25,0.0,7.782407407407407,0.0,8731.045704526594,0.0,0.0,0.0
2025-05-12 17:00:00,0.142679,7133.95,7133.95,0.0,0.0,0.0,11.120059374358501,8719.925645152236,176.05000000000018,0.0,0.0
2025-05-12 18:00:00,0.144568,7228.400000000001,7228.400000000001,0.0,0.0,0.0,5.154199630489331,8714.771445521747,81.59999999999945,0.0,0.0
2025-05-12 19:00:00,0.15146199999999999,7573.099999999999,7310.0,263.09999999999945,0.0,4.872222222222212,0.0,8719.643667743969,0.0,0.0,0.0
2025-05-12 20:00:00,0.119348,5967.4,5967.4,0.0,0.0,0.0,84.80426990067431,8634.839397843294,1342.6000000000004,0.0,0.0
2025-05-12 21:00:00,0.075121,3756.0499999999997,3756.0499999999997,0.0,0.0,0.0,224.48244824482452,8410.35694959847,3553.9500000000003,0.0,0.0
2025-05-12 22:00:00,0.054076,2703.7999999999997,2703.7999999999997,0.0,0.0,0.0,290.9469894357858,8119.409960162684,4606.200000000001,0.0,0.0
2025-05-12 23:00:00,0.068819,3440.9500000000003,3440.9500000000003,0.0,0.0,0.0,244.38549118069702,7875.024468981987,3869.0499999999997,0.0,0.0
2025-05-13 00:00:00,0.114439,5721.95,5721.95,0.0,0.0,0.0,100.30792552939506,7774.716543452592,1588.0500000000002,0.0,0.0
2025-05-13 01:00:00,0.1674,8370.0,7310.0,1060.0,0.0,19.62962962962963,0.0,7794.346173082222,0.0,0.0,0.0
2025-05-13 02:00:00,0.201216,10060.800000000001,7310.0,2750.800000000001,0.0,50.94074074074076,0.0,7845.286913822963,0.0,0.0,0.0
2025-05-13 03:00:00,0.21983000000000003,10991.500000000002,7310.0,3681.5000000000023,-4.547473508864641e-13,68.17592592592597,0.0,7913.462839748889,0.0,0.0,0.0
2025-05-13 04:00:00,0.223071,11153.55,7310.0,3843.5499999999993,0.0,71.17685185185184,0.0,7984.639691600741,0.0,0.0,0.0
2025-05-13 05:00:00,0.169167,8458.35,7310.0,1148.3500000000004,0.0,21.265740740740746,0.0,8005.905432341481,0.0,0.0,0.0
2025-05-13 06:00:00,0.096869,4843.45,4843.45,0.0,0.0,0.0,155.7976850316611,7850.10774730982,2466.55,0.0,0.0
2025-05-13 07:00:00,0.09115300000000001,4557.650000000001,4557.650000000001,0.0,0.0,0.0,173.85001658060543,7676.257730729215,2752.3499999999995,0.0,0.0
2025-05-13 08:00:00,0.098314,4915.7,4915.7,0.0,0.0,0.0,151.23407077549862,7525.023659953717,2394.3,0.0,0.0
2025-05-13 09:00:00,0.11011499999999999,5505.749999999999,5505.749999999999,0.0,0.0,0.0,113.96402798174562,7411.059631971971,1804.250000000001,0.0,0.0
2025-05-13 10:00:00,0.117711,5885.55,5885.55,0.0,0.0,0.0,89.97426058395313,7321.085371388018,1424.4499999999998,0.0,0.0
2025-05-13 11:00:00,0.133937,6696.85,6696.85,0.0,0.0,0.0,38.72913607150187,7282.356235316516,613.1499999999996,0.0,0.0
2025-05-13 12:00:00,0.167437,8371.85,7310.0,1061.8500000000004,0.0,19.663888888888895,0.0,7302.020124205405,0.0,0.0,0.0
2025-05-13 13:00:00,0.209027,10451.35,7310.0,3141.3500000000004,0.0,58.17314814814816,0.0,7360.193272353554,0.0,0.0,0.0
2025-05-13 14:00:00,0.25555,12777.5,7310.0,5467.5,0.0,101.25,0.0,7461.443272353554,0.0,0.0,0.0
2025-05-13 15:00:00,0.29593200000000003,14796.600000000002,7310.0,7486.600000000001,9.094947017729282e-13,138.64074074074077,0.0,7600.084013094294,0.0,0.0,0.0
2025-05-13 16:00:00,0.323704,16185.199999999999,7310.0,8875.199999999999,0.0,164.35555555555553,0.0,7764.43956864985,0.0,0.0,0.0
2025-05-13 17:00:00,0.318777,15938.849999999999,7310.0,8628.849999999999,0.0,159.79351851851848,0.0,7924.233087168369,0.0,0.0,0.0
2025-05-13 18:00:00,0.325082,16254.099999999999,7310.0,8944.099999999999,0.0,165.63148148148144,0.0,8089.86456864985,0.0,0.0,0.0
2025-05-13 19:00:00,0.381184,19059.2,7310.0,11749.2,0.0,217.57777777777778,0.0,8307.442346427628,0.0,0.0,0.0
2025-05-13 20:00:00,0.39409,19704.5,7310.0,12394.5,0.0,229.52777777777777,0.0,8536.970124205405,0.0,0.0,0.0
2025-05-13 21:00:00,0.36159600000000003,18079.800000000003,7310.0,10769.800000000003,0.0,199.4407407407408,0.0,8736.410864946147,0.0,0.0,0.0
2025-05-13 22:00:00,0.332337,16616.85,7310.0,9306.849999999999,0.0,172.34907407407405,0.0,8908.759939020221,0.0,0.0,0.0
2025-05-13 23:00:00,0.331601,16580.05,7310.0,9270.05,0.0,171.66759259259257,0.0,9080.427531612813,0.0,0.0,0.0
2025-05-14 00:00:00,0.357649,17882.45,7310.0,10572.45,0.0,195.78611111111113,0.0,9276.213642723924,0.0,0.0,0.0
2025-05-14 01:00:00,0.369505,18475.25,7310.0,11165.25,0.0,206.76388888888889,0.0,9482.977531612813,0.0,0.0,0.0
2025-05-14 02:00:00,0.357628,17881.4,7310.0,10571.400000000001,0.0,195.76666666666668,0.0,9678.744198279479,0.0,0.0,0.0
2025-05-14 03:00:00,0.326918,16345.9,7310.0,9035.9,0.0,167.33148148148146,0.0,9846.075679760961,0.0,0.0,0.0
2025-05-14 04:00:00,0.295951,14797.550000000001,7310.0,7487.550000000001,0.0,138.65833333333336,0.0,9984.734013094294,0.0,0.0,0.0
2025-05-14 05:00:00,0.248662,12433.1,7310.0,824.3632929081286,4298.736707091872,15.265986905706086,0.0,10000.0,0.0,0.0,0.0
2025-05-14 06:00:00,0.221233,11061.650000000001,7310.0,0.0,3751.6500000000015,0.0,0.0,10000.0,0.0,0.0,0.0
2025-05-14 07:00:00,0.280217,14010.85,7310.0,0.0,6700.85,0.0,0.0,10000.0,0.0,0.0,0.0
2025-05-14 08:00:00,0.310269,15513.45,7310.0,0.0,8203.45,0.0,0.0,10000.0,0.0,0.0,0.0
2025-05-14 09:00:00,0.310647,15532.35,7310.0,0.0,8222.35,0.0,0.0,10000.0,0.0,0.0,0.0
2025-05-14 10:00:00,0.29994600000000005,14997.300000000003,7310.0,0.0,7687.300000000003,0.0,0.0,10000.0,0.0,0.0,0.0
2025-05-14 11:00:00,0.283857,14192.850000000002,7310.0,0.0,6882.850000000002,0.0,0.0,10000.0,0.0,0.0,0.0
2025-05-14 12:00:00,0.267218,13360.900000000001,7310.0,0.0,6050.9000000000015,0.0,0.0,10000.0,0.0,0.0,0.0
2025-05-14 13:00:00,0.252639,12631.95,7310.0,0.0,5321.950000000001,0.0,0.0,10000.0,0.0,0.0,0.0
2025-05-14 14:00:00,0.247195,12359.75,7310.0,0.0,5049.75,0.0,0.0,10000.0,0.0,0.0,0.0
2025-05-14 15:00:00,0.260762,13038.1,7310.0,0.0,5728.1,0.0,0.0,10000.0,0.0,0.0,0.0
2025-05-14 16:00:00,0.299957,14997.849999999999,7310.0,0.0,7687.8499999999985,0.0,0.0,10000.0,0.0,0.0,0.0
2025-05-14 17:00:00,0.339243,16962.15,7310.0,0.0,9652.150000000001,0.0,0.0,10000.0,0.0,0.0,0.0
2025-05-14 18:00:00,0.37435700000000005,18717.850000000002,7310.0,0.0,11407.850000000002,0.0,0.0,10000.0,0.0,0.0,0.0
2025-05-14 19:00:00,0.400501,20025.05,7310.0,0.0,12715.05,0.0,0.0,10000.0,0.0,0.0,0.0
2025-05-14 20:00:00,0.386973,19348.65,7310.0,0.0,12038.650000000001,0.0,0.0,10000.0,0.0,0.0,0.0
2025-05-14 21:00:00,0.33155599999999996,16577.8,7310.0,0.0,9267.8,0.0,0.0,10000.0,0.0,0.0,0.0
2025-05-14 22:00:00,0.294703,14735.15,7310.0,0.0,7425.15,0.0,0.0,10000.0,0.0,0.0,0.0
2025-05-14 23:00:00,0.290794,14539.7,7310.0,0.0,7229.700000000001,0.0,0.0,10000.0,0.0,0.0,0.0
2025-05-15 00:00:00,0.310068,15503.4,7310.0,0.0,8193.4,0.0,0.0,10000.0,0.0,0.0,0.0
2025-05-15 01:00:00,0.307691,15384.55,7310.0,0.0,8074.549999999999,0.0,0.0,10000.0,0.0,0.0,0.0
2025-05-15 02:00:00,0.296466,14823.300000000001,7310.0,0.0,7513.300000000001,0.0,0.0,10000.0,0.0,0.0,0.0
2025-05-15 03:00:00,0.227856,11392.8,7310.0,0.0,4082.7999999999993,0.0,0.0,10000.0,0.0,0.0,0.0
2025-05-15 04:00:00,0.204951,10247.55,7310.0,0.0,2937.5499999999993,0.0,0.0,10000.0,0.0,0.0,0.0
2025-05-15 05:00:00,0.218979,10948.95,7310.0,0.0,3638.9500000000007,0.0,0.0,10000.0,0.0,0.0,0.0
2025-05-15 06:00:00,0.346432,17321.600000000002,7310.0,0.0,10011.600000000002,0.0,0.0,10000.0,0.0,0.0,0.0
2025-05-15 07:00:00,0.357666,17883.3,7310.0,0.0,10573.3,0.0,0.0,10000.0,0.0,0.0,0.0
2025-05-15 08:00:00,0.36128899999999997,18064.449999999997,7310.0,0.0,10754.449999999997,0.0,0.0,10000.0,0.0,0.0,0.0
2025-05-15 09:00:00,0.38337099999999996,19168.55,7310.0,0.0,11858.55,0.0,0.0,10000.0,0.0,0.0,0.0
2025-05-15 10:00:00,0.41534899999999997,20767.449999999997,7310.0,0.0,13457.449999999997,0.0,0.0,10000.0,0.0,0.0,0.0
2025-05-15 11:00:00,0.44699700000000003,22349.850000000002,7310.0,0.0,15039.850000000002,0.0,0.0,10000.0,0.0,0.0,0.0
2025-05-15 12:00:00,0.469916,23495.8,7310.0,0.0,16185.8,0.0,0.0,10000.0,0.0,0.0,0.0
2025-05-15 13:00:00,0.48145499999999997,24072.75,7310.0,0.0,16762.75,0.0,0.0,10000.0,0.0,0.0,0.0
2025-05-15 14:00:00,0.4787,23935.0,7310.0,0.0,16625.0,0.0,0.0,10000.0,0.0,0.0,0.0
2025-05-15 15:00:00,0.469,23450.0,7310.0,0.0,16140.0,0.0,0.0,10000.0,0.0,0.0,0.0
2025-05-15 16:00:00,0.453897,22694.85,7310.0,0.0,15384.849999999999,0.0,0.0,10000.0,0.0,0.0,0.0
2025-05-15 17:00:00,0.43188,21594.0,7310.0,0.0,14284.0,0.0,0.0,10000.0,0.0,0.0,0.0
2025-05-15 18:00:00,0.378958,18947.9,7310.0,0.0,11637.900000000001,0.0,0.0,10000.0,0.0,0.0,0.0
2025-05-15 19:00:00,0.325175,16258.75,7310.0,0.0,8948.75,0.0,0.0,10000.0,0.0,0.0,0.0
2025-05-15 20:00:00,0.31229399999999996,15614.699999999999,7310.0,0.0,8304.699999999999,0.0,0.0,10000.0,0.0,0.0,0.0
2025-05-15 21:00:00,0.320083,16004.15,7310.0,0.0,8694.15,0.0,0.0,10000.0,0.0,0.0,0.0
2025-05-15 22:00:00,0.327473,16373.650000000001,7310.0,0.0,9063.650000000001,0.0,0.0,10000.0,0.0,0.0,0.0
2025-05-15 23:00:00,0.32093299999999997,16046.649999999998,7310.0,0.0,8736.649999999998,0.0,0.0,10000.0,0.0,0.0,0.0
2025-05-16 00:00:00,0.314817,15740.85,7310.0,0.0,8430.85,0.0,0.0,10000.0,0.0,0.0,0.0
2025-05-16 01:00:00,0.29330599999999996,14665.299999999997,7310.0,0.0,7355.299999999997,0.0,0.0,10000.0,0.0,0.0,0.0
2025-05-16 02:00:00,0.242982,12149.1,7310.0,0.0,4839.1,0.0,0.0,10000.0,0.0,0.0,0.0
2025-05-16 03:00:00,0.20458,10229.0,7310.0,0.0,2919.0,0.0,0.0,10000.0,0.0,0.0,0.0
2025-05-16 04:00:00,0.16297,8148.5,7310.0,0.0,838.5,0.0,0.0,10000.0,0.0,0.0,0.0
2025-05-16 05:00:00,0.132583,6629.150000000001,6629.150000000001,0.0,0.0,0.0,43.00535316689561,9956.994646833104,680.8499999999995,0.0,0.0
2025-05-16 06:00:00,0.189547,9477.35,7310.0,2167.3500000000004,0.0,40.13611111111112,0.0,9997.130757944215,0.0,0.0,0.0
2025-05-16 07:00:00,0.204234,10211.7,7310.0,154.93907101241348,2746.7609289875872,2.869242055785435,0.0,10000.0,0.0,0.0,0.0
2025-05-16 08:00:00,0.234435,11721.75,7310.0,0.0,4411.75,0.0,0.0,10000.0,0.0,0.0,0.0
2025-05-16 09:00:00,0.263759,13187.95,7310.0,0.0,5877.950000000001,0.0,0.0,10000.0,0.0,0.0,0.0
2025-05-16 10:00:00,0.291354,14567.7,7310.0,0.0,7257.700000000001,0.0,0.0,10000.0,0.0,0.0,0.0
2025-05-16 11:00:00,0.320738,16036.900000000001,7310.0,0.0,8726.900000000001,0.0,0.0,10000.0,0.0,0.0,0.0
2025-05-16 12:00:00,0.347811,17390.55,7310.0,0.0,10080.55,0.0,0.0,10000.0,0.0,0.0,0.0
2025-05-16 13:00:00,0.369418,18470.9,7310.0,0.0,11160.900000000001,0.0,0.0,10000.0,0.0,0.0,0.0
2025-05-16 14:00:00,0.38277300000000003,19138.65,7310.0,0.0,11828.650000000001,0.0,0.0,10000.0,0.0,0.0,0.0
2025-05-16 15:00:00,0.394659,19732.95,7310.0,0.0,12422.95,0.0,0.0,10000.0,0.0,0.0,0.0
2025-05-16 16:00:00,0.407988,20399.4,7310.0,0.0,13089.400000000001,0.0,0.0,10000.0,0.0,0.0,0.0
2025-05-16 17:00:00,0.411342,20567.1,7310.0,0.0,13257.099999999999,0.0,0.0,10000.0,0.0,0.0,0.0
2025-05-16 18:00:00,0.391564,19578.2,7310.0,0.0,12268.2,0.0,0.0,10000.0,0.0,0.0,0.0
2025-05-16 19:00:00,0.37891699999999995,18945.85,7310.0,0.0,11635.849999999999,0.0,0.0,10000.0,0.0,0.0,0.0
2025-05-16 20:00:00,0.370938,18546.899999999998,7310.0,0.0,11236.899999999998,0.0,0.0,10000.0,0.0,0.0,0.0
2025-05-16 21:00:00,0.33675499999999997,16837.75,7310.0,0.0,9527.75,0.0,0.0,10000.0,0.0,0.0,0.0
2025-05-16 22:00:00,0.34391000000000005,17195.500000000004,7310.0,0.0,9885.500000000004,0.0,0.0,10000.0,0.0,0.0,0.0
2025-05-16 23:00:00,0.347074,17353.7,7310.0,0.0,10043.7,0.0,0.0,10000.0,0.0,0.0,0.0
2025-05-17 00:00:00,0.33675,16837.5,7310.0,0.0,9527.5,0.0,0.0,10000.0,0.0,0.0,0.0
2025-05-17 01:00:00,0.316236,15811.800000000001,7310.0,0.0,8501.800000000001,0.0,0.0,10000.0,0.0,0.0,0.0
2025-05-17 02:00:00,0.30248899999999995,15124.449999999997,7310.0,0.0,7814.449999999997,0.0,0.0,10000.0,0.0,0.0,0.0
2025-05-17 03:00:00,0.304162,15208.099999999999,7310.0,0.0,7898.0999999999985,0.0,0.0,10000.0,0.0,0.0,0.0
2025-05-17 04:00:00,0.29918,14959.0,7310.0,0.0,7649.0,0.0,0.0,10000.0,0.0,0.0,0.0
2025-05-17 05:00:00,0.242993,12149.65,7310.0,0.0,4839.65,0.0,0.0,10000.0,0.0,0.0,0.0
2025-05-17 06:00:00,0.256722,12836.1,7310.0,0.0,5526.1,0.0,0.0,10000.0,0.0,0.0,0.0
2025-05-17 07:00:00,0.222351,11117.55,7310.0,0.0,3807.5499999999993,0.0,0.0,10000.0,0.0,0.0,0.0
2025-05-17 08:00:00,0.179847,8992.35,7310.0,0.0,1682.3500000000004,0.0,0.0,10000.0,0.0,0.0,0.0
2025-05-17 09:00:00,0.147398,7369.9,7310.0,0.0,59.899999999999636,0.0,0.0,10000.0,0.0,0.0,0.0
2025-05-17 10:00:00,0.121614,6080.7,6080.7,0.0,0.0,0.0,77.64776477647767,9922.352235223523,1229.3000000000002,0.0,0.0
2025-05-17 11:00:00,0.10233,5116.5,5116.5,0.0,0.0,0.0,138.55069717498068,9783.801538048543,2193.5,0.0,0.0
2025-05-17 12:00:00,0.09254699999999999,4627.349999999999,4627.349999999999,0.0,0.0,0.0,169.44747106289583,9614.354066985647,2682.6500000000005,0.0,0.0
2025-05-17 13:00:00,0.09116500000000001,4558.250000000001,4558.250000000001,0.0,0.0,0.0,173.8121180539106,9440.541948931736,2751.749999999999,0.0,0.0
2025-05-17 14:00:00,0.097915,4895.75,4895.75,0.0,0.0,0.0,152.49419678809988,9288.047752143635,2414.25,0.0,0.0
2025-05-17 15:00:00,0.109584,5479.2,5479.2,0.0,0.0,0.0,115.64103778798935,9172.406714355646,1830.8000000000002,0.0,0.0
2025-05-17 16:00:00,0.12327800000000001,6163.900000000001,6163.900000000001,0.0,0.0,0.0,72.39250240813553,9100.01421194751,1146.0999999999995,0.0,0.0
2025-05-17 17:00:00,0.13928000000000001,6964.000000000001,6964.000000000001,0.0,0.0,0.0,21.854817060653378,9078.159394886856,345.9999999999991,0.0,0.0
2025-05-17 18:00:00,0.156227,7811.35,7310.0,501.3500000000003,5.684341886080802e-14,9.284259259259265,0.0,9087.443654146115,0.0,0.0,0.0
2025-05-17 19:00:00,0.204087,10204.35,7310.0,2894.3500000000004,0.0,53.59907407407408,0.0,9141.042728220189,0.0,0.0,0.0
2025-05-17 20:00:00,0.241831,12091.55,7310.0,4781.549999999999,0.0,88.5472222222222,0.0,9229.58995044241,0.0,0.0,0.0
2025-05-17 21:00:00,0.255411,12770.55,7310.0,5460.549999999999,0.0,101.12129629629628,0.0,9330.711246738707,0.0,0.0,0.0
2025-05-17 22:00:00,0.24870699999999998,12435.349999999999,7310.0,5125.3499999999985,0.0,94.91388888888886,0.0,9425.625135627595,0.0,0.0,0.0
2025-05-17 23:00:00,0.241731,12086.55,7310.0,4776.549999999999,0.0,88.45462962962962,0.0,9514.079765257226,0.0,0.0,0.0
2025-05-18 00:00:00,0.239921,11996.05,7310.0,4686.049999999999,0.0,86.77870370370368,0.0,9600.858468960929,0.0,0.0,0.0
2025-05-18 01:00:00,0.247679,12383.95,7310.0,5073.950000000001,0.0,93.96203703703705,0.0,9694.820505997966,0.0,0.0,0.0
2025-05-18 02:00:00,0.253322,12666.1,7310.0,5356.1,0.0,99.18703703703704,0.0,9794.007543035004,0.0,0.0,0.0
2025-05-18 03:00:00,0.23803,11901.5,7310.0,4591.5,0.0,85.02777777777777,0.0,9879.035320812782,0.0,0.0,0.0
2025-05-18 04:00:00,0.19017099999999998,9508.55,7310.0,2198.5499999999993,0.0,40.713888888888874,0.0,9919.749209701671,0.0,0.0,0.0
2025-05-18 05:00:00,0.14402500000000001,7201.250000000001,7201.250000000001,0.0,0.0,0.0,6.869107963427865,9912.880101738243,108.74999999999909,0.0,0.0
2025-05-18 06:00:00,0.147008,7350.4,7310.0,40.399999999999636,0.0,0.7481481481481415,0.0,9913.628249886391,0.0,0.0,0.0
2025-05-18 07:00:00,0.15181,7590.5,7310.0,280.5,0.0,5.194444444444445,0.0,9918.822694330836,0.0,0.0,0.0
2025-05-18 08:00:00,0.156668,7833.4,7310.0,523.3999999999996,0.0,9.692592592592586,0.0,9928.51528692343,0.0,0.0,0.0
2025-05-18 09:00:00,0.15184999999999998,7592.499999999999,7310.0,282.4999999999991,0.0,5.231481481481465,0.0,9933.746768404912,0.0,0.0,0.0
2025-05-18 10:00:00,0.137434,6871.7,6871.7,0.0,0.0,0.0,27.68487375053296,9906.061894654378,438.3000000000002,0.0,0.0
2025-05-18 11:00:00,0.118872,5943.6,5943.6,0.0,0.0,0.0,86.30757812623366,9819.754316528144,1366.3999999999996,0.0,0.0
2025-05-18 12:00:00,0.10026900000000001,5013.450000000001,5013.450000000001,0.0,0.0,0.0,145.0597691348082,9674.694547393336,2296.5499999999993,0.0,0.0
2025-05-18 13:00:00,0.084585,4229.25,4229.25,0.0,0.0,0.0,194.59314352487883,9480.101403868457,3080.75,0.0,0.0
2025-05-18 14:00:00,0.075705,3785.2499999999995,3785.2499999999995,0.0,0.0,0.0,222.63805327901215,9257.463350589445,3524.7500000000005,0.0,0.0
2025-05-18 15:00:00,0.076211,3810.55,3810.55,0.0,0.0,0.0,221.0399987367158,9036.423351852729,3499.45,0.0,0.0
2025-05-18 16:00:00,0.08771899999999999,4385.95,4385.95,0.0,0.0,0.0,184.69531163642682,8851.728040216301,2924.05,0.0,0.0
2025-05-18 17:00:00,0.11264,5632.0,5632.0,0.0,0.0,0.0,105.98954632305337,8745.738493893248,1678.0,0.0,0.0
2025-05-18 18:00:00,0.152667,7633.349999999999,7310.0,323.34999999999945,0.0,5.9879629629629525,0.0,8751.726456856211,0.0,0.0,0.0
2025-05-18 19:00:00,0.225245,11262.25,7310.0,3952.2499999999995,4.547473508864641e-13,73.18981481481481,0.0,8824.916271671027,0.0,0.0,0.0
2025-05-18 20:00:00,0.274414,13720.699999999999,7310.0,6410.699999999999,0.0,118.71666666666664,0.0,8943.632938337694,0.0,0.0,0.0
2025-05-18 21:00:00,0.256484,12824.199999999999,7310.0,5514.199999999999,0.0,102.11481481481479,0.0,9045.74775315251,0.0,0.0,0.0
2025-05-18 22:00:00,0.225182,11259.1,7310.0,3949.1000000000004,0.0,73.13148148148149,0.0,9118.87923463399,0.0,0.0,0.0
2025-05-18 23:00:00,0.20047900000000002,10023.95,7310.0,2713.9500000000007,0.0,50.25833333333335,0.0,9169.137567967324,0.0,0.0,0.0
2025-05-19 00:00:00,0.191683,9584.15,7310.0,2274.1499999999996,0.0,42.11388888888888,0.0,9211.251456856213,0.0,0.0,0.0
2025-05-19 01:00:00,0.192905,9645.25,7310.0,2335.25,0.0,43.245370370370374,0.0,9254.496827226583,0.0,0.0,0.0
2025-05-19 02:00:00,0.19373500000000002,9686.750000000002,7310.0,2376.750000000002,0.0,44.01388888888892,0.0,9298.510716115472,0.0,0.0,0.0
2025-05-19 03:00:00,0.180574,9028.7,7310.0,1718.7000000000007,0.0,31.82777777777779,0.0,9330.33849389325,0.0,0.0,0.0
2025-05-19 04:00:00,0.157392,7869.6,7310.0,559.6000000000004,0.0,10.36296296296297,0.0,9340.701456856214,0.0,0.0,0.0
2025-05-19 05:00:00,0.129927,6496.349999999999,6496.349999999999,0.0,0.0,0.0,51.393560408672485,9289.30789644754,813.6500000000005,0.0,0.0
2025-05-19 06:00:00,0.13399799999999998,6699.899999999999,6699.899999999999,0.0,0.0,0.0,38.5364852274702,9250.77141122007,610.1000000000013,0.0,0.0
2025-05-19 07:00:00,0.12875899999999998,6437.949999999999,6437.949999999999,0.0,0.0,0.0,55.08235034029726,9195.689060879773,872.0500000000011,0.0,0.0
2025-05-19 08:00:00,0.11768200000000001,5884.1,5884.1,0.0,0.0,0.0,90.06584869013216,9105.623212189641,1425.8999999999996,0.0,0.0
2025-05-19 09:00:00,0.116566,5828.3,5828.3,0.0,0.0,0.0,93.59041167274623,9012.032800516894,1481.6999999999998,0.0,0.0
2025-05-19 10:00:00,0.127879,6393.95,6393.95,0.0,0.0,0.0,57.861575631247355,8954.171224885647,916.0500000000002,0.0,0.0
2025-05-19 11:00:00,0.145541,7277.05,7277.05,0.0,0.0,0.0,2.0812607576547015,8952.089964127992,32.94999999999982,0.0,0.0
2025-05-19 12:00:00,0.163273,8163.65,7310.0,853.6499999999996,0.0,15.808333333333326,0.0,8967.898297461325,0.0,0.0,0.0
2025-05-19 13:00:00,0.179459,8972.95,7310.0,1662.9500000000007,0.0,30.795370370370385,0.0,8998.693667831694,0.0,0.0,0.0
2025-05-19 14:00:00,0.19679,9839.5,7310.0,2529.5,0.0,46.842592592592595,0.0,9045.536260424287,0.0,0.0,0.0
2025-05-19 15:00:00,0.214605,10730.25,7310.0,3420.25,0.0,63.33796296296296,0.0,9108.87422338725,0.0,0.0,0.0
2025-05-19 16:00:00,0.227856,11392.8,7310.0,4082.7999999999993,0.0,75.6074074074074,0.0,9184.481630794658,0.0,0.0,0.0
2025-05-19 17:00:00,0.23555600000000002,11777.800000000001,7310.0,4467.800000000001,0.0,82.73703703703706,0.0,9267.218667831696,0.0,0.0,0.0
2025-05-19 18:00:00,0.256349,12817.449999999999,7310.0,5507.449999999999,0.0,101.98981481481479,0.0,9369.20848264651,0.0,0.0,0.0
2025-05-19 19:00:00,0.334159,16707.95,7310.0,9397.95,0.0,174.03611111111113,0.0,9543.244593757621,0.0,0.0,0.0
2025-05-19 20:00:00,0.39100799999999997,19550.399999999998,7310.0,12240.399999999998,0.0,226.67407407407404,0.0,9769.918667831695,0.0,0.0,0.0
2025-05-19 21:00:00,0.385623,19281.15,7310.0,11971.150000000001,0.0,221.68796296296298,0.0,9991.606630794658,0.0,0.0,0.0
2025-05-19 22:00:00,0.368318,18415.899999999998,7310.0,453.2419370884418,10652.658062911556,8.393369205341514,0.0,10000.0,0.0,0.0,0.0
2025-05-19 23:00:00,0.357041,17852.05,7310.0,0.0,10542.05,0.0,0.0,10000.0,0.0,0.0,0.0
2025-05-20 00:00:00,0.347419,17370.949999999997,7310.0,0.0,10060.949999999997,0.0,0.0,10000.0,0.0,0.0,0.0
2025-05-20 01:00:00,0.348827,17441.35,7310.0,0.0,10131.349999999999,0.0,0.0,10000.0,0.0,0.0,0.0
2025-05-20 02:00:00,0.347145,17357.25,7310.0,0.0,10047.25,0.0,0.0,10000.0,0.0,0.0,0.0
2025-05-20 03:00:00,0.32005,16002.5,7310.0,0.0,8692.5,0.0,0.0,10000.0,0.0,0.0,0.0
2025-05-20 04:00:00,0.259048,12952.4,7310.0,0.0,5642.4,0.0,0.0,10000.0,0.0,0.0,0.0
2025-05-20 05:00:00,0.17133600000000002,8566.800000000001,7310.0,0.0,1256.800000000001,0.0,0.0,10000.0,0.0,0.0,0.0
2025-05-20 06:00:00,0.12951400000000002,6475.700000000001,6475.700000000001,0.0,0.0,0.0,52.697901369084235,9947.302098630917,834.2999999999993,0.0,0.0
2025-05-20 07:00:00,0.167467,8373.35,7310.0,1063.3500000000004,0.0,19.691666666666674,0.0,9966.993765297584,0.0,0.0,0.0
2025-05-20 08:00:00,0.15456299999999998,7728.149999999999,7310.0,418.1499999999987,0.0,7.743518518518495,0.0,9974.737283816103,0.0,0.0,0.0
2025-05-20 09:00:00,0.114767,5738.349999999999,5738.349999999999,0.0,0.0,0.0,99.27203246640458,9875.465251349699,1571.6500000000005,0.0,0.0
2025-05-20 10:00:00,0.073049,3652.4500000000003,3652.4500000000003,0.0,0.0,0.0,231.02626052078892,9644.43899082891,3657.5499999999997,0.0,0.0
2025-05-20 11:00:00,0.045291,2264.5499999999997,2264.5499999999997,0.0,0.0,0.0,318.6918691869188,9325.74712164199,5045.450000000001,0.0,0.0
2025-05-20 12:00:00,0.030059000000000002,1502.95,1502.95,0.0,0.0,0.0,366.7977324048195,8958.949389237172,5807.05,0.0,0.0
2025-05-20 13:00:00,0.024769,1238.45,1238.45,0.0,0.0,0.0,383.50466625609937,8575.444722981072,6071.55,0.0,0.0
2025-05-20 14:00:00,0.025338999999999997,1266.9499999999998,1266.9499999999998,0.0,0.0,0.0,381.70448623809756,8193.740236742975,6043.05,0.0,0.0
2025-05-20 15:00:00,0.031486,1574.3,1574.3,0.0,0.0,0.0,362.2909659386992,7831.449270804276,5735.7,0.0,0.0
2025-05-20 16:00:00,0.041121000000000005,2056.05,2056.05,0.0,0.0,0.0,331.86160721335295,7499.5876635909235,5253.95,0.0,0.0
2025-05-20 17:00:00,0.048114,2405.7,2405.7,0.0,0.0,0.0,309.776240781973,7189.811422808951,4904.3,0.0,0.0
2025-05-20 18:00:00,0.064739,3236.9500000000003,3236.9500000000003,0.0,0.0,0.0,257.27099025692047,6932.54043255203,4073.05,0.0,0.0
2025-05-20 19:00:00,0.08568600000000001,4284.3,4284.3,0.0,0.0,0.0,191.11595370063324,6741.424478851397,3025.7,0.0,0.0
2025-05-20 20:00:00,0.09834,4917.0,4917.0,0.0,0.0,0.0,151.15195730099327,6590.272521550403,2393.0,0.0,0.0
2025-05-20 21:00:00,0.105303,5265.15,5265.15,0.0,0.0,0.0,129.16133718635027,6461.111184364053,2044.8500000000006,0.0,0.0
2025-05-20 22:00:00,0.10370900000000001,5185.450000000001,5185.450000000001,0.0,0.0,0.0,134.19552481563943,6326.915659548414,2124.5499999999993,0.0,0.0
2025-05-20 23:00:00,0.100321,5016.049999999999,5016.049999999999,0.0,0.0,0.0,144.89554218579758,6182.0201173626165,2293.9500000000007,0.0,0.0
2025-05-21 00:00:00,0.087427,4371.35,4371.35,0.0,0.0,0.0,185.617509119333,5996.402608243284,2938.6499999999996,0.0,0.0
2025-05-21 01:00:00,0.061106,3055.3,3055.3,0.0,0.0,0.0,268.7447692137635,5727.65783902952,4254.7,0.0,0.0
2025-05-21 02:00:00,0.04672,2336.0,2336.0,0.0,0.0,0.0,314.17878629968266,5413.479052729837,4974.0,0.0,0.0
2025-05-21 03:00:00,0.055129,2756.45,2756.45,0.0,0.0,0.0,287.62139371831927,5125.857659011518,4553.55,0.0,0.0
2025-05-21 04:00:00,0.080353,4017.6499999999996,4017.6499999999996,0.0,0.0,0.0,207.95869060590275,4917.898968405615,3292.3500000000004,0.0,0.0
2025-05-21 05:00:00,0.099761,4988.05,4988.05,0.0,0.0,0.0,146.66414009822034,4771.234828307394,2321.95,0.0,0.0
2025-05-21 06:00:00,0.101259,5062.95,5062.95,0.0,0.0,0.0,141.93314068248932,4629.301687624905,2247.05,0.0,0.0
2025-05-21 07:00:00,0.100464,5023.2,5023.2,0.0,0.0,0.0,144.44391807601815,4484.857769548887,2286.8,0.0,0.0
2025-05-21 08:00:00,0.11536199999999999,5768.099999999999,5768.099999999999,0.0,0.0,0.0,97.39289718445534,4387.464872364431,1541.9000000000005,0.0,0.0
2025-05-21 09:00:00,0.11915300000000001,5957.650000000001,5957.650000000001,0.0,0.0,0.0,85.42012095946434,4302.044751404967,1352.3499999999995,0.0,0.0
2025-05-21 10:00:00,0.105503,5275.15,5275.15,0.0,0.0,0.0,128.52969507477067,4173.515056330197,2034.8500000000004,0.0,0.0
2025-05-21 11:00:00,0.098089,4904.45,4904.45,0.0,0.0,0.0,151.94466815102567,4021.570388179171,2405.55,0.0,0.0
2025-05-21 12:00:00,0.102896,5144.8,5144.8,0.0,0.0,0.0,136.76314999921044,3884.8072381799607,2165.2,0.0,0.0
2025-05-21 13:00:00,0.118456,5922.8,5922.8,0.0,0.0,0.0,87.6213937183192,3797.1858444616414,1387.1999999999998,0.0,0.0
2025-05-21 14:00:00,0.144327,7216.35,7216.35,0.0,0.0,0.0,5.915328374942735,3791.2705160866985,93.64999999999964,0.0,0.0
2025-05-21 15:00:00,0.174598,8729.9,7310.0,1419.8999999999996,0.0,26.294444444444437,0.0,3817.564960531143,0.0,0.0,0.0
2025-05-21 16:00:00,0.204006,10200.3,7310.0,2890.2999999999993,0.0,53.52407407407406,0.0,3871.089034605217,0.0,0.0,0.0
2025-05-21 17:00:00,0.22704400000000002,11352.2,7310.0,4042.2000000000007,0.0,74.85555555555557,0.0,3945.9445901607723,0.0,0.0,0.0
2025-05-21 18:00:00,0.22568000000000002,11284.000000000002,7310.0,3974.000000000002,0.0,73.59259259259262,0.0,4019.537182753365,0.0,0.0,0.0
2025-05-21 19:00:00,0.265237,13261.85,7310.0,5951.85,0.0,110.21944444444445,0.0,4129.756627197809,0.0,0.0,0.0
2025-05-21 20:00:00,0.296365,14818.25,7310.0,7508.249999999999,9.094947017729282e-13,139.04166666666666,0.0,4268.798293864476,0.0,0.0,0.0
2025-05-21 21:00:00,0.26546,13272.999999999998,7310.0,5962.999999999998,0.0,110.4259259259259,0.0,4379.2242197904025,0.0,0.0,0.0
2025-05-21 22:00:00,0.207279,10363.949999999999,7310.0,3053.949999999999,0.0,56.55462962962961,0.0,4435.778849420032,0.0,0.0,0.0
2025-05-21 23:00:00,0.14737899999999998,7368.949999999999,7310.0,58.9499999999989,7.105427357601002e-15,1.0916666666666464,0.0,4436.870516086698,0.0,0.0,0.0
2025-05-22 00:00:00,0.09599500000000001,4799.750000000001,4799.750000000001,0.0,0.0,0.0,158.5579610592638,4278.312555027434,2510.249999999999,0.0,0.0
2025-05-22 01:00:00,0.059189,2959.45,2959.45,0.0,0.0,0.0,274.79905885325377,4003.5134961741805,4350.55,0.0,0.0
2025-05-22 02:00:00,0.037521,1876.05,1876.05,0.0,0.0,0.0,343.2311652217854,3660.282330952395,5433.95,0.0,0.0
2025-05-22 03:00:00,0.031069,1553.45,1553.45,0.0,0.0,0.0,363.6079397413426,3296.6743912110524,5756.55,0.0,0.0
2025-05-22 04:00:00,0.033427,1671.35,1671.35,0.0,0.0,0.0,356.16087924581933,2940.513511965233,5638.65,0.0,0.0
2025-05-22 05:00:00,0.027989999999999998,1399.4999999999998,1399.4999999999998,0.0,0.0,0.0,373.3320700491102,2567.181441916123,5910.5,0.0,0.0
2025-05-22 06:00:00,0.036208,1810.3999999999999,1810.3999999999999,0.0,0.0,0.0,347.3778956843053,2219.8035462318176,5499.6,0.0,0.0
2025-05-22 07:00:00,0.046037,2301.85,2301.85,0.0,0.0,0.0,316.3358441107269,1903.4677021210907,5008.15,0.0,0.0
2025-05-22 08:00:00,0.05306,2653.0,2653.0,0.0,0.0,0.0,294.15573136260997,1609.3119707584808,4657.0,0.0,0.0
2025-05-22 09:00:00,0.054079,2703.9500000000003,2703.9500000000003,0.0,0.0,0.0,290.93751480411197,1318.3744559543688,4606.049999999999,0.0,0.0
2025-05-22 10:00:00,0.058146,2907.3,2907.3,0.0,0.0,0.0,278.0930724651413,1040.2813834892277,4402.7,0.0,0.0
2025-05-22 11:00:00,0.071146,3557.3,3557.3,0.0,0.0,0.0,237.03633521246863,803.245048276759,3752.7,0.0,0.0
2025-05-22 12:00:00,0.09281199999999999,4640.599999999999,4640.599999999999,0.0,0.0,0.0,168.61054526505288,634.6345030117061,2669.4000000000005,0.0,0.0
2025-05-22 13:00:00,0.118604,5930.2,5930.2,0.0,0.0,0.0,87.15397855575033,547.4805244559558,1379.8000000000002,0.0,0.0
2025-05-22 14:00:00,0.146469,7323.45,7310.0,13.449999999999818,0.0,0.2490740740740707,0.0,547.7295985300299,0.0,0.0,0.0
2025-05-22 15:00:00,0.17005699999999999,8502.849999999999,7310.0,1192.8499999999985,0.0,22.089814814814787,0.0,569.8194133448446,0.0,0.0,0.0
2025-05-22 16:00:00,0.178852,8942.6,7310.0,1632.6000000000004,0.0,30.23333333333334,0.0,600.052746678178,0.0,0.0,0.0
2025-05-22 17:00:00,0.175649,8782.45,7310.0,1472.4500000000007,0.0,27.267592592592607,0.0,627.3203392707705,0.0,0.0,0.0
2025-05-22 18:00:00,0.160876,8043.799999999999,7310.0,733.7999999999993,0.0,13.588888888888876,0.0,640.9092281596594,0.0,0.0,0.0
2025-05-22 19:00:00,0.182174,9108.7,7310.0,1798.7000000000007,0.0,33.30925925925927,0.0,674.2184874189187,0.0,0.0,0.0
2025-05-22 20:00:00,0.213908,10695.4,7310.0,3385.3999999999996,0.0,62.69259259259258,0.0,736.9110800115113,0.0,0.0,0.0
2025-05-22 21:00:00,0.21172300000000002,10586.150000000001,7310.0,3276.1500000000015,0.0,60.66944444444447,0.0,797.5805244559558,0.0,0.0,0.0
2025-05-22 22:00:00,0.17328100000000002,8664.050000000001,7310.0,1354.050000000001,0.0,25.07500000000002,0.0,822.6555244559559,0.0,0.0,0.0
2025-05-22 23:00:00,0.111122,5556.1,5556.1,0.0,0.0,0.0,110.78370994994235,711.8718145060135,1753.8999999999996,0.0,0.0
2025-05-23 00:00:00,0.055455,2772.75,2772.75,0.0,0.0,0.0,286.5918170764445,425.279997429569,4537.25,0.0,0.0
2025-05-23 01:00:00,0.025348,1267.3999999999999,1267.3999999999999,0.0,0.0,0.0,381.67606234307647,43.60393508649253,6042.6,0.0,0.0
2025-05-23 02:00:00,0.017279,863.9499999999999,863.9499999999999,0.0,0.0,0.0,43.60393508649253,0.0,690.3265993055779,5755.723400694422,0.0
2025-05-23 03:00:00,0.018565,928.2500000000001,928.2500000000001,0.0,0.0,0.0,0.0,0.0,0.0,6381.75,0.0
2025-05-23 04:00:00,0.027443000000000002,1372.15,1372.15,0.0,0.0,0.0,0.0,0.0,0.0,5937.85,0.0
2025-05-23 05:00:00,0.031511,1575.55,1575.55,0.0,0.0,0.0,0.0,0.0,0.0,5734.45,0.0
2025-05-23 06:00:00,0.02577,1288.5,1288.5,0.0,0.0,0.0,0.0,0.0,0.0,6021.5,0.0
2025-05-23 07:00:00,0.051018999999999995,2550.95,2550.95,0.0,0.0,0.0,0.0,0.0,0.0,4759.05,0.0
2025-05-23 08:00:00,0.089423,4471.150000000001,4471.150000000001,0.0,0.0,0.0,0.0,0.0,0.0,2838.8499999999995,0.0
2025-05-23 09:00:00,0.11618600000000001,5809.3,5809.3,0.0,0.0,0.0,0.0,0.0,0.0,1500.6999999999998,0.0
2025-05-23 10:00:00,0.13300499999999998,6650.249999999999,6650.249999999999,0.0,0.0,0.0,0.0,0.0,0.0,659.7500000000009,0.0
2025-05-23 11:00:00,0.16462700000000002,8231.35,7310.0,921.3500000000004,0.0,17.062037037037044,0.0,17.062037037037044,0.0,0.0,0.0
2025-05-23 12:00:00,0.211977,10598.85,7310.0,3288.8500000000004,0.0,60.90462962962964,0.0,77.96666666666668,0.0,0.0,0.0
2025-05-23 13:00:00,0.25099,12549.5,7310.0,5239.5,0.0,97.02777777777777,0.0,174.99444444444447,0.0,0.0,0.0
2025-05-23 14:00:00,0.271443,13572.15,7310.0,6262.15,0.0,115.96574074074073,0.0,290.9601851851852,0.0,0.0,0.0
2025-05-23 15:00:00,0.27441699999999997,13720.849999999999,7310.0,6410.8499999999985,0.0,118.71944444444442,0.0,409.67962962962963,0.0,0.0,0.0
2025-05-23 16:00:00,0.271984,13599.2,7310.0,6289.200000000001,0.0,116.46666666666668,0.0,526.1462962962963,0.0,0.0,0.0
2025-05-23 17:00:00,0.27979899999999996,13989.949999999999,7310.0,6679.949999999999,0.0,123.70277777777775,0.0,649.8490740740741,0.0,0.0,0.0
2025-05-23 18:00:00,0.34063299999999996,17031.649999999998,7310.0,9721.649999999998,0.0,180.0305555555555,0.0,829.8796296296296,0.0,0.0,0.0
2025-05-23 19:00:00,0.43155099999999996,21577.55,7310.0,14267.550000000001,-1.8189894035458565e-12,264.2138888888889,0.0,1094.0935185185185,0.0,0.0,0.0
2025-05-23 20:00:00,0.459783,22989.15,7310.0,15679.150000000001,0.0,290.35462962962964,0.0,1384.4481481481482,0.0,0.0,0.0
2025-05-23 21:00:00,0.446253,22312.65,7310.0,15002.650000000001,0.0,277.82685185185187,0.0,1662.275,0.0,0.0,0.0
2025-05-23 22:00:00,0.402022,20101.1,7310.0,12791.099999999999,0.0,236.8722222222222,0.0,1899.1472222222224,0.0,0.0,0.0
2025-05-23 23:00:00,0.40118400000000004,20059.2,7310.0,12749.2,0.0,236.09629629629632,0.0,2135.2435185185186,0.0,0.0,0.0
2025-05-24 00:00:00,0.372508,18625.4,7310.0,11315.400000000001,0.0,209.54444444444448,0.0,2344.7879629629633,0.0,0.0,0.0
2025-05-24 01:00:00,0.306582,15329.1,7310.0,8019.1,0.0,148.50185185185185,0.0,2493.289814814815,0.0,0.0,0.0
2025-05-24 02:00:00,0.26967,13483.500000000002,7310.0,6173.500000000002,0.0,114.3240740740741,0.0,2607.613888888889,0.0,0.0,0.0
2025-05-24 03:00:00,0.30948200000000003,15474.100000000002,7310.0,8164.100000000002,0.0,151.18703703703707,0.0,2758.800925925926,0.0,0.0,0.0
2025-05-24 04:00:00,0.361496,18074.8,7310.0,10764.8,0.0,199.34814814814814,0.0,2958.149074074074,0.0,0.0,0.0
2025-05-24 05:00:00,0.40049599999999996,20024.8,7310.0,12714.8,0.0,235.45925925925926,0.0,3193.6083333333336,0.0,0.0,0.0
2025-05-24 06:00:00,0.394772,19738.600000000002,7310.0,12428.600000000002,0.0,230.1592592592593,0.0,3423.767592592593,0.0,0.0,0.0
2025-05-24 07:00:00,0.464111,23205.55,7310.0,15895.549999999997,1.8189894035458565e-12,294.362037037037,0.0,3718.1296296296296,0.0,0.0,0.0
2025-05-24 08:00:00,0.555348,27767.399999999998,7310.0,20457.399999999998,0.0,378.8407407407407,0.0,4096.97037037037,0.0,0.0,0.0
2025-05-24 09:00:00,0.548614,27430.7,7310.0,20120.7,0.0,372.60555555555555,0.0,4469.575925925926,0.0,0.0,0.0
2025-05-24 10:00:00,0.565277,28263.850000000002,7310.0,20953.850000000002,0.0,388.0342592592593,0.0,4857.610185185185,0.0,0.0,0.0
2025-05-24 11:00:00,0.592518,29625.899999999998,7310.0,22315.899999999998,0.0,413.25740740740736,0.0,5270.867592592593,0.0,0.0,0.0
2025-05-24 12:00:00,0.628989,31449.45,7310.0,24139.45,0.0,447.02685185185186,0.0,5717.894444444444,0.0,0.0,0.0
2025-05-24 13:00:00,0.665803,33290.15,7310.0,25000.0,980.1500000000015,462.962962962963,0.0,6180.857407407407,0.0,0.0,0.0
2025-05-24 14:00:00,0.7000259999999999,35001.299999999996,7310.0,25000.0,2691.2999999999956,462.962962962963,0.0,6643.820370370369,0.0,0.0,0.0
2025-05-24 15:00:00,0.7108949999999999,35544.75,7310.0,25000.0,3234.75,462.962962962963,0.0,7106.783333333332,0.0,0.0,0.0
2025-05-24 16:00:00,0.668166,33408.3,7310.0,25000.0,1098.300000000003,462.962962962963,0.0,7569.7462962962945,0.0,0.0,0.0
2025-05-24 17:00:00,0.607114,30355.7,7310.0,23045.7,0.0,426.77222222222224,0.0,7996.518518518516,0.0,0.0,0.0
2025-05-24 18:00:00,0.577722,28886.1,7310.0,21576.1,0.0,399.55740740740737,0.0,8396.075925925923,0.0,0.0,0.0
2025-05-24 19:00:00,0.569234,28461.7,7310.0,21151.7,0.0,391.69814814814816,0.0,8787.774074074072,0.0,0.0,0.0
2025-05-24 20:00:00,0.562288,28114.4,7310.0,20804.4,0.0,385.2666666666667,0.0,9173.040740740738,0.0,0.0,0.0
2025-05-24 21:00:00,0.5657920000000001,28289.600000000002,7310.0,20979.600000000002,0.0,388.5111111111112,0.0,9561.55185185185,0.0,0.0,0.0
2025-05-24 22:00:00,0.597825,29891.250000000004,7310.0,22581.250000000004,0.0,418.17129629629636,0.0,9979.723148148145,0.0,0.0,0.0
2025-05-24 23:00:00,0.625513,31275.649999999998,7310.0,1094.9500000001754,22870.699999999822,20.2768518518551,0.0,10000.0,0.0,0.0,0.0
2025-05-25 00:00:00,0.63719,31859.5,7310.0,0.0,24549.5,0.0,0.0,10000.0,0.0,0.0,0.0
2025-05-25 01:00:00,0.646044,32302.199999999997,7310.0,0.0,24992.199999999997,0.0,0.0,10000.0,0.0,0.0,0.0
2025-05-25 02:00:00,0.72001,36000.5,7310.0,0.0,28690.5,0.0,0.0,10000.0,0.0,0.0,0.0
2025-05-25 03:00:00,0.736769,36838.45,7310.0,0.0,29528.449999999997,0.0,0.0,10000.0,0.0,0.0,0.0
2025-05-25 04:00:00,0.719019,35950.95,7310.0,0.0,28640.949999999997,0.0,0.0,10000.0,0.0,0.0,0.0
2025-05-25 05:00:00,0.69056,34528.0,7310.0,0.0,27218.0,0.0,0.0,10000.0,0.0,0.0,0.0
2025-05-25 06:00:00,0.709911,35495.549999999996,7310.0,0.0,28185.549999999996,0.0,0.0,10000.0,0.0,0.0,0.0
2025-05-25 07:00:00,0.743795,37189.75,7310.0,0.0,29879.75,0.0,0.0,10000.0,0.0,0.0,0.0
2025-05-25 08:00:00,0.747837,37391.85,7310.0,0.0,30081.85,0.0,0.0,10000.0,0.0,0.0,0.0
2025-05-25 09:00:00,0.7393379999999999,36966.899999999994,7310.0,0.0,29656.899999999994,0.0,0.0,10000.0,0.0,0.0,0.0
2025-05-25 10:00:00,0.726094,36304.700000000004,7310.0,0.0,28994.700000000004,0.0,0.0,10000.0,0.0,0.0,0.0
2025-05-25 11:00:00,0.705364,35268.2,7310.0,0.0,27958.199999999997,0.0,0.0,10000.0,0.0,0.0,0.0
2025-05-25 12:00:00,0.682948,34147.4,7310.0,0.0,26837.4,0.0,0.0,10000.0,0.0,0.0,0.0
2025-05-25 13:00:00,0.681593,34079.65,7310.0,0.0,26769.65,0.0,0.0,10000.0,0.0,0.0,0.0
2025-05-25 14:00:00,0.703584,35179.2,7310.0,0.0,27869.199999999997,0.0,0.0,10000.0,0.0,0.0,0.0
2025-05-25 15:00:00,0.7130489999999999,35652.45,7310.0,0.0,28342.449999999997,0.0,0.0,10000.0,0.0,0.0,0.0
2025-05-25 16:00:00,0.713536,35676.799999999996,7310.0,0.0,28366.799999999996,0.0,0.0,10000.0,0.0,0.0,0.0
2025-05-25 17:00:00,0.690361,34518.05,7310.0,0.0,27208.050000000003,0.0,0.0,10000.0,0.0,0.0,0.0
2025-05-25 18:00:00,0.636931,31846.550000000003,7310.0,0.0,24536.550000000003,0.0,0.0,10000.0,0.0,0.0,0.0
2025-05-25 19:00:00,0.6003740000000001,30018.700000000004,7310.0,0.0,22708.700000000004,0.0,0.0,10000.0,0.0,0.0,0.0
2025-05-25 20:00:00,0.543537,27176.850000000002,7310.0,0.0,19866.850000000002,0.0,0.0,10000.0,0.0,0.0,0.0
2025-05-25 21:00:00,0.47966899999999996,23983.449999999997,7310.0,0.0,16673.449999999997,0.0,0.0,10000.0,0.0,0.0,0.0
2025-05-25 22:00:00,0.47594200000000003,23797.100000000002,7310.0,0.0,16487.100000000002,0.0,0.0,10000.0,0.0,0.0,0.0
2025-05-25 23:00:00,0.468908,23445.399999999998,7310.0,0.0,16135.399999999998,0.0,0.0,10000.0,0.0,0.0,0.0
2025-05-26 00:00:00,0.45234399999999997,22617.199999999997,7310.0,0.0,15307.199999999997,0.0,0.0,10000.0,0.0,0.0,0.0
2025-05-26 01:00:00,0.43485199999999996,21742.6,7310.0,0.0,14432.599999999999,0.0,0.0,10000.0,0.0,0.0,0.0
2025-05-26 02:00:00,0.41545,20772.5,7310.0,0.0,13462.5,0.0,0.0,10000.0,0.0,0.0,0.0
2025-05-26 03:00:00,0.408243,20412.15,7310.0,0.0,13102.150000000001,0.0,0.0,10000.0,0.0,0.0,0.0
2025-05-26 04:00:00,0.388339,19416.95,7310.0,0.0,12106.95,0.0,0.0,10000.0,0.0,0.0,0.0
2025-05-26 05:00:00,0.340528,17026.4,7310.0,0.0,9716.400000000001,0.0,0.0,10000.0,0.0,0.0,0.0
2025-05-26 06:00:00,0.36820600000000003,18410.300000000003,7310.0,0.0,11100.300000000003,0.0,0.0,10000.0,0.0,0.0,0.0
2025-05-26 07:00:00,0.468715,23435.75,7310.0,0.0,16125.75,0.0,0.0,10000.0,0.0,0.0,0.0
2025-05-26 08:00:00,0.497973,24898.65,7310.0,0.0,17588.65,0.0,0.0,10000.0,0.0,0.0,0.0
2025-05-26 09:00:00,0.537307,26865.35,7310.0,0.0,19555.35,0.0,0.0,10000.0,0.0,0.0,0.0
2025-05-26 10:00:00,0.58986,29493.000000000004,7310.0,0.0,22183.000000000004,0.0,0.0,10000.0,0.0,0.0,0.0
2025-05-26 11:00:00,0.6377820000000001,31889.100000000002,7310.0,0.0,24579.100000000002,0.0,0.0,10000.0,0.0,0.0,0.0
2025-05-26 12:00:00,0.6834669999999999,34173.35,7310.0,0.0,26863.35,0.0,0.0,10000.0,0.0,0.0,0.0
2025-05-26 13:00:00,0.726274,36313.7,7310.0,0.0,29003.699999999997,0.0,0.0,10000.0,0.0,0.0,0.0
2025-05-26 14:00:00,0.766146,38307.3,7310.0,0.0,30997.300000000003,0.0,0.0,10000.0,0.0,0.0,0.0
2025-05-26 15:00:00,0.7911950000000001,39559.75000000001,7310.0,0.0,32249.750000000007,0.0,0.0,10000.0,0.0,0.0,0.0
2025-05-26 16:00:00,0.7630410000000001,38152.05,7310.0,0.0,30842.050000000003,0.0,0.0,10000.0,0.0,0.0,0.0
2025-05-26 17:00:00,0.7178669999999999,35893.35,7310.0,0.0,28583.35,0.0,0.0,10000.0,0.0,0.0,0.0
2025-05-26 18:00:00,0.715129,35756.450000000004,7310.0,0.0,28446.450000000004,0.0,0.0,10000.0,0.0,0.0,0.0
2025-05-26 19:00:00,0.76376,38188.0,7310.0,0.0,30878.0,0.0,0.0,10000.0,0.0,0.0,0.0
2025-05-26 20:00:00,0.800203,40010.15,7310.0,0.0,32700.15,0.0,0.0,10000.0,0.0,0.0,0.0
2025-05-26 21:00:00,0.827234,41361.700000000004,7310.0,0.0,34051.700000000004,0.0,0.0,10000.0,0.0,0.0,0.0
2025-05-26 22:00:00,0.860307,43015.350000000006,7310.0,0.0,35705.350000000006,0.0,0.0,10000.0,0.0,0.0,0.0
2025-05-26 23:00:00,0.875448,43772.4,7310.0,0.0,36462.4,0.0,0.0,10000.0,0.0,0.0,0.0
2025-05-27 00:00:00,0.8723630000000001,43618.15000000001,7310.0,0.0,36308.15000000001,0.0,0.0,10000.0,0.0,0.0,0.0
2025-05-27 01:00:00,0.8392390000000001,41961.950000000004,7310.0,0.0,34651.950000000004,0.0,0.0,10000.0,0.0,0.0,0.0
2025-05-27 02:00:00,0.789963,39498.15,7310.0,0.0,32188.15,0.0,0.0,10000.0,0.0,0.0,0.0
2025-05-27 03:00:00,0.677689,33884.45,7310.0,0.0,26574.449999999997,0.0,0.0,10000.0,0.0,0.0,0.0
2025-05-27 04:00:00,0.620533,31026.65,7310.0,0.0,23716.65,0.0,0.0,10000.0,0.0,0.0,0.0
2025-05-27 05:00:00,0.5684560000000001,28422.800000000003,7310.0,0.0,21112.800000000003,0.0,0.0,10000.0,0.0,0.0,0.0
2025-05-27 06:00:00,0.527912,26395.600000000002,7310.0,0.0,19085.600000000002,0.0,0.0,10000.0,0.0,0.0,0.0
2025-05-27 07:00:00,0.459412,22970.6,7310.0,0.0,15660.599999999999,0.0,0.0,10000.0,0.0,0.0,0.0
2025-05-27 08:00:00,0.42230700000000004,21115.350000000002,7310.0,0.0,13805.350000000002,0.0,0.0,10000.0,0.0,0.0,0.0
2025-05-27 09:00:00,0.49438099999999996,24719.05,7310.0,0.0,17409.05,0.0,0.0,10000.0,0.0,0.0,0.0
2025-05-27 10:00:00,0.5906849999999999,29534.249999999996,7310.0,0.0,22224.249999999996,0.0,0.0,10000.0,0.0,0.0,0.0
2025-05-27 11:00:00,0.671227,33561.35,7310.0,0.0,26251.35,0.0,0.0,10000.0,0.0,0.0,0.0
2025-05-27 12:00:00,0.714352,35717.6,7310.0,0.0,28407.6,0.0,0.0,10000.0,0.0,0.0,0.0
2025-05-27 13:00:00,0.806581,40329.05,7310.0,0.0,33019.05,0.0,0.0,10000.0,0.0,0.0,0.0
2025-05-27 14:00:00,0.872383,43619.15,7310.0,0.0,36309.15,0.0,0.0,10000.0,0.0,0.0,0.0
2025-05-27 15:00:00,0.8880589999999999,44402.95,7310.0,0.0,37092.95,0.0,0.0,10000.0,0.0,0.0,0.0
2025-05-27 16:00:00,0.8741140000000001,43705.700000000004,7310.0,0.0,36395.700000000004,0.0,0.0,10000.0,0.0,0.0,0.0
2025-05-27 17:00:00,0.8525280000000001,42626.4,7310.0,0.0,35316.4,0.0,0.0,10000.0,0.0,0.0,0.0
2025-05-27 18:00:00,0.831296,41564.8,7310.0,0.0,34254.8,0.0,0.0,10000.0,0.0,0.0,0.0
2025-05-27 19:00:00,0.813297,40664.850000000006,7310.0,0.0,33354.850000000006,0.0,0.0,10000.0,0.0,0.0,0.0
2025-05-27 20:00:00,0.793514,39675.700000000004,7310.0,0.0,32365.700000000004,0.0,0.0,10000.0,0.0,0.0,0.0
2025-05-27 21:00:00,0.7653369999999999,38266.85,7310.0,0.0,30956.85,0.0,0.0,10000.0,0.0,0.0,0.0
2025-05-27 22:00:00,0.704348,35217.4,7310.0,0.0,27907.4,0.0,0.0,10000.0,0.0,0.0,0.0
2025-05-27 23:00:00,0.682698,34134.9,7310.0,0.0,26824.9,0.0,0.0,10000.0,0.0,0.0,0.0
2025-05-28 00:00:00,0.65513,32756.5,7310.0,0.0,25446.5,0.0,0.0,10000.0,0.0,0.0,0.0
2025-05-28 01:00:00,0.625948,31297.399999999998,7310.0,0.0,23987.399999999998,0.0,0.0,10000.0,0.0,0.0,0.0
2025-05-28 02:00:00,0.584048,29202.4,7310.0,0.0,21892.4,0.0,0.0,10000.0,0.0,0.0,0.0
2025-05-28 03:00:00,0.573758,28687.899999999998,7310.0,0.0,21377.899999999998,0.0,0.0,10000.0,0.0,0.0,0.0
2025-05-28 04:00:00,0.545902,27295.1,7310.0,0.0,19985.1,0.0,0.0,10000.0,0.0,0.0,0.0
2025-05-28 05:00:00,0.493975,24698.75,7310.0,0.0,17388.75,0.0,0.0,10000.0,0.0,0.0,0.0
2025-05-28 06:00:00,0.518524,25926.2,7310.0,0.0,18616.2,0.0,0.0,10000.0,0.0,0.0,0.0
2025-05-28 07:00:00,0.6329600000000001,31648.000000000004,7310.0,0.0,24338.000000000004,0.0,0.0,10000.0,0.0,0.0,0.0
2025-05-28 08:00:00,0.644281,32214.05,7310.0,0.0,24904.05,0.0,0.0,10000.0,0.0,0.0,0.0
2025-05-28 09:00:00,0.604914,30245.699999999997,7310.0,0.0,22935.699999999997,0.0,0.0,10000.0,0.0,0.0,0.0
2025-05-28 10:00:00,0.540313,27015.65,7310.0,0.0,19705.65,0.0,0.0,10000.0,0.0,0.0,0.0
2025-05-28 11:00:00,0.479989,23999.45,7310.0,0.0,16689.45,0.0,0.0,10000.0,0.0,0.0,0.0
2025-05-28 12:00:00,0.42193,21096.5,7310.0,0.0,13786.5,0.0,0.0,10000.0,0.0,0.0,0.0
2025-05-28 13:00:00,0.391005,19550.25,7310.0,0.0,12240.25,0.0,0.0,10000.0,0.0,0.0,0.0
2025-05-28 14:00:00,0.403729,20186.45,7310.0,0.0,12876.45,0.0,0.0,10000.0,0.0,0.0,0.0
2025-05-28 15:00:00,0.343686,17184.3,7310.0,0.0,9874.3,0.0,0.0,10000.0,0.0,0.0,0.0
2025-05-28 16:00:00,0.28454599999999997,14227.299999999997,7310.0,0.0,6917.299999999997,0.0,0.0,10000.0,0.0,0.0,0.0
2025-05-28 17:00:00,0.220371,11018.550000000001,7310.0,0.0,3708.550000000001,0.0,0.0,10000.0,0.0,0.0,0.0
2025-05-28 18:00:00,0.175703,8785.15,7310.0,0.0,1475.1499999999996,0.0,0.0,10000.0,0.0,0.0,0.0
2025-05-28 19:00:00,0.15543600000000002,7771.800000000001,7310.0,0.0,461.8000000000011,0.0,0.0,10000.0,0.0,0.0,0.0
2025-05-28 20:00:00,0.159153,7957.65,7310.0,0.0,647.6499999999996,0.0,0.0,10000.0,0.0,0.0,0.0
2025-05-28 21:00:00,0.217576,10878.8,7310.0,0.0,3568.7999999999993,0.0,0.0,10000.0,0.0,0.0,0.0
2025-05-28 22:00:00,0.28518099999999996,14259.049999999997,7310.0,0.0,6949.049999999997,0.0,0.0,10000.0,0.0,0.0,0.0
2025-05-28 23:00:00,0.30386,15193.000000000002,7310.0,0.0,7883.000000000002,0.0,0.0,10000.0,0.0,0.0,0.0
2025-05-29 00:00:00,0.274377,13718.849999999999,7310.0,0.0,6408.8499999999985,0.0,0.0,10000.0,0.0,0.0,0.0
2025-05-29 01:00:00,0.23916300000000001,11958.150000000001,7310.0,0.0,4648.1500000000015,0.0,0.0,10000.0,0.0,0.0,0.0
2025-05-29 02:00:00,0.246397,12319.85,7310.0,0.0,5009.85,0.0,0.0,10000.0,0.0,0.0,0.0
2025-05-29 03:00:00,0.31905,15952.5,7310.0,0.0,8642.5,0.0,0.0,10000.0,0.0,0.0,0.0
2025-05-29 04:00:00,0.453903,22695.15,7310.0,0.0,15385.150000000001,0.0,0.0,10000.0,0.0,0.0,0.0
2025-05-29 05:00:00,0.570523,28526.15,7310.0,0.0,21216.15,0.0,0.0,10000.0,0.0,0.0,0.0
2025-05-29 06:00:00,0.582989,29149.45,7310.0,0.0,21839.45,0.0,0.0,10000.0,0.0,0.0,0.0
2025-05-29 07:00:00,0.6120800000000001,30604.000000000004,7310.0,0.0,23294.000000000004,0.0,0.0,10000.0,0.0,0.0,0.0
2025-05-29 08:00:00,0.724222,36211.1,7310.0,0.0,28901.1,0.0,0.0,10000.0,0.0,0.0,0.0
2025-05-29 09:00:00,0.7846380000000001,39231.9,7310.0,0.0,31921.9,0.0,0.0,10000.0,0.0,0.0,0.0
2025-05-29 10:00:00,0.793103,39655.15,7310.0,0.0,32345.15,0.0,0.0,10000.0,0.0,0.0,0.0
2025-05-29 11:00:00,0.802879,40143.95,7310.0,0.0,32833.95,0.0,0.0,10000.0,0.0,0.0,0.0
2025-05-29 12:00:00,0.811726,40586.299999999996,7310.0,0.0,33276.299999999996,0.0,0.0,10000.0,0.0,0.0,0.0
2025-05-29 13:00:00,0.813674,40683.7,7310.0,0.0,33373.7,0.0,0.0,10000.0,0.0,0.0,0.0
2025-05-29 14:00:00,0.812504,40625.2,7310.0,0.0,33315.2,0.0,0.0,10000.0,0.0,0.0,0.0
2025-05-29 15:00:00,0.80702,40351.0,7310.0,0.0,33041.0,0.0,0.0,10000.0,0.0,0.0,0.0
2025-05-29 16:00:00,0.776479,38823.950000000004,7310.0,0.0,31513.950000000004,0.0,0.0,10000.0,0.0,0.0,0.0
2025-05-29 17:00:00,0.7064239999999999,35321.2,7310.0,0.0,28011.199999999997,0.0,0.0,10000.0,0.0,0.0,0.0
2025-05-29 18:00:00,0.61022,30511.0,7310.0,0.0,23201.0,0.0,0.0,10000.0,0.0,0.0,0.0
2025-05-29 19:00:00,0.540785,27039.249999999996,7310.0,0.0,19729.249999999996,0.0,0.0,10000.0,0.0,0.0,0.0
2025-05-29 20:00:00,0.491099,24554.95,7310.0,0.0,17244.95,0.0,0.0,10000.0,0.0,0.0,0.0
2025-05-29 21:00:00,0.44994799999999996,22497.399999999998,7310.0,0.0,15187.399999999998,0.0,0.0,10000.0,0.0,0.0,0.0
2025-05-29 22:00:00,0.425575,21278.75,7310.0,0.0,13968.75,0.0,0.0,10000.0,0.0,0.0,0.0
2025-05-29 23:00:00,0.406853,20342.65,7310.0,0.0,13032.650000000001,0.0,0.0,10000.0,0.0,0.0,0.0
2025-05-30 00:00:00,0.39778600000000003,19889.300000000003,7310.0,0.0,12579.300000000003,0.0,0.0,10000.0,0.0,0.0,0.0
2025-05-30 01:00:00,0.395062,19753.100000000002,7310.0,0.0,12443.100000000002,0.0,0.0,10000.0,0.0,0.0,0.0
2025-05-30 02:00:00,0.395077,19753.850000000002,7310.0,0.0,12443.850000000002,0.0,0.0,10000.0,0.0,0.0,0.0
2025-05-30 03:00:00,0.39370499999999997,19685.25,7310.0,0.0,12375.25,0.0,0.0,10000.0,0.0,0.0,0.0
2025-05-30 04:00:00,0.364284,18214.2,7310.0,0.0,10904.2,0.0,0.0,10000.0,0.0,0.0,0.0
2025-05-30 05:00:00,0.256318,12815.9,7310.0,0.0,5505.9,0.0,0.0,10000.0,0.0,0.0,0.0
2025-05-30 06:00:00,0.292488,14624.400000000001,7310.0,0.0,7314.4000000000015,0.0,0.0,10000.0,0.0,0.0,0.0
2025-05-30 07:00:00,0.34324099999999996,17162.05,7310.0,0.0,9852.05,0.0,0.0,10000.0,0.0,0.0,0.0
2025-05-30 08:00:00,0.348374,17418.7,7310.0,0.0,10108.7,0.0,0.0,10000.0,0.0,0.0,0.0
2025-05-30 09:00:00,0.366897,18344.85,7310.0,0.0,11034.849999999999,0.0,0.0,10000.0,0.0,0.0,0.0
2025-05-30 10:00:00,0.38287099999999996,19143.55,7310.0,0.0,11833.55,0.0,0.0,10000.0,0.0,0.0,0.0
2025-05-30 11:00:00,0.382368,19118.399999999998,7310.0,0.0,11808.399999999998,0.0,0.0,10000.0,0.0,0.0,0.0
2025-05-30 12:00:00,0.368036,18401.8,7310.0,0.0,11091.8,0.0,0.0,10000.0,0.0,0.0,0.0
2025-05-30 13:00:00,0.35238400000000003,17619.2,7310.0,0.0,10309.2,0.0,0.0,10000.0,0.0,0.0,0.0
2025-05-30 14:00:00,0.34103100000000003,17051.550000000003,7310.0,0.0,9741.550000000003,0.0,0.0,10000.0,0.0,0.0,0.0
2025-05-30 15:00:00,0.337468,16873.399999999998,7310.0,0.0,9563.399999999998,0.0,0.0,10000.0,0.0,0.0,0.0
2025-05-30 16:00:00,0.31073700000000004,15536.850000000002,7310.0,0.0,8226.850000000002,0.0,0.0,10000.0,0.0,0.0,0.0
2025-05-30 17:00:00,0.243863,12193.15,7310.0,0.0,4883.15,0.0,0.0,10000.0,0.0,0.0,0.0
2025-05-30 18:00:00,0.22641399999999998,11320.699999999999,7310.0,0.0,4010.699999999999,0.0,0.0,10000.0,0.0,0.0,0.0
2025-05-30 19:00:00,0.25737099999999996,12868.549999999997,7310.0,0.0,5558.549999999997,0.0,0.0,10000.0,0.0,0.0,0.0
2025-05-30 20:00:00,0.28709300000000004,14354.650000000001,7310.0,0.0,7044.6500000000015,0.0,0.0,10000.0,0.0,0.0,0.0
2025-05-30 21:00:00,0.309013,15450.65,7310.0,0.0,8140.65,0.0,0.0,10000.0,0.0,0.0,0.0
2025-05-30 22:00:00,0.30069799999999997,15034.899999999998,7310.0,0.0,7724.899999999998,0.0,0.0,10000.0,0.0,0.0,0.0
2025-05-30 23:00:00,0.261044,13052.2,7310.0,0.0,5742.200000000001,0.0,0.0,10000.0,0.0,0.0,0.0
2025-05-31 00:00:00,0.223266,11163.3,7310.0,0.0,3853.2999999999993,0.0,0.0,10000.0,0.0,0.0,0.0
2025-05-31 01:00:00,0.193586,9679.300000000001,7310.0,0.0,2369.300000000001,0.0,0.0,10000.0,0.0,0.0,0.0
2025-05-31 02:00:00,0.173003,8650.15,7310.0,0.0,1340.1499999999996,0.0,0.0,10000.0,0.0,0.0,0.0
2025-05-31 03:00:00,0.14920599999999998,7460.299999999999,7310.0,0.0,150.29999999999927,0.0,0.0,10000.0,0.0,0.0,0.0
2025-05-31 04:00:00,0.12256,6128.0,6128.0,0.0,0.0,0.0,74.66009758870625,9925.339902411293,1182.0,0.0,0.0
2025-05-31 05:00:00,0.07841,3920.4999999999995,3920.4999999999995,0.0,0.0,0.0,214.09509371989836,9711.244808691396,3389.5000000000005,0.0,0.0
2025-05-31 06:00:00,0.047217,2360.85,2360.85,0.0,0.0,0.0,312.60915565240737,9398.635653038988,4949.15,0.0,0.0
2025-05-31 07:00:00,0.051976999999999995,2598.85,2598.85,0.0,0.0,0.0,297.5760733968134,9101.059579642175,4711.15,0.0,0.0
2025-05-31 08:00:00,0.07845099999999999,3922.5499999999997,3922.5499999999997,0.0,0.0,0.0,213.96560708702452,8887.09397255515,3387.4500000000003,0.0,0.0
2025-05-31 09:00:00,0.110811,5540.55,5540.55,0.0,0.0,0.0,111.76591343344862,8775.328059121703,1769.4499999999998,0.0,0.0
2025-05-31 10:00:00,0.133015,6650.75,6650.75,0.0,0.0,0.0,41.64100620588375,8733.687052915819,659.25,0.0,0.0
2025-05-31 11:00:00,0.15113300000000002,7556.650000000001,7310.0,246.65000000000055,0.0,4.567592592592603,0.0,8738.254645508412,0.0,0.0,0.0
2025-05-31 12:00:00,0.17719200000000002,8859.6,7310.0,1549.6000000000004,0.0,28.696296296296303,0.0,8766.95094180471,0.0,0.0,0.0
2025-05-31 13:00:00,0.211636,10581.8,7310.0,3271.7999999999993,0.0,60.588888888888874,0.0,8827.539830693599,0.0,0.0,0.0
2025-05-31 14:00:00,0.250977,12548.85,7310.0,5238.85,0.0,97.01574074074075,0.0,8924.555571434339,0.0,0.0,0.0
2025-05-31 15:00:00,0.294231,14711.550000000001,7310.0,7401.55,9.094947017729282e-13,137.06574074074075,0.0,9061.62131217508,0.0,0.0,0.0
2025-05-31 16:00:00,0.34836700000000004,17418.350000000002,7310.0,10108.350000000002,0.0,187.19166666666672,0.0,9248.812978841748,0.0,0.0,0.0
2025-05-31 17:00:00,0.364255,18212.75,7310.0,10902.75,0.0,201.90277777777777,0.0,9450.715756619526,0.0,0.0,0.0
2025-05-31 18:00:00,0.37623,18811.5,7310.0,11501.5,0.0,212.99074074074073,0.0,9663.706497360266,0.0,0.0,0.0
2025-05-31 19:00:00,0.435668,21783.4,7310.0,14473.400000000001,0.0,268.02592592592595,0.0,9931.732423286192,0.0,0.0,0.0
2025-05-31 20:00:00,0.46075099999999997,23037.55,7310.0,3686.4491425456326,12041.100857454367,68.26757671380801,0.0,10000.0,0.0,0.0,0.0
2025-05-31 21:00:00,0.432245,21612.25,7310.0,0.0,14302.25,0.0,0.0,10000.0,0.0,0.0,0.0
2025-05-31 22:00:00,0.38719600000000004,19359.800000000003,7310.0,0.0,12049.800000000003,0.0,0.0,10000.0,0.0,0.0,0.0
2025-05-31 23:00:00,0.352392,17619.6,7310.0,0.0,10309.599999999999,0.0,0.0,10000.0,0.0,0.0,0.0
2025-06-01 00:00:00,0.3381,16905.0,7310.0,0.0,9595.0,0.0,0.0,10000.0,0.0,0.0,0.0
2025-06-01 01:00:00,0.344752,17237.6,7310.0,0.0,9927.599999999999,0.0,0.0,10000.0,0.0,0.0,0.0
2025-06-01 02:00:00,0.354997,17749.85,7310.0,0.0,10439.849999999999,0.0,0.0,10000.0,0.0,0.0,0.0
2025-06-01 03:00:00,0.351491,17574.55,7310.0,0.0,10264.55,0.0,0.0,10000.0,0.0,0.0,0.0
2025-06-01 04:00:00,0.336764,16838.2,7310.0,0.0,9528.2,0.0,0.0,10000.0,0.0,0.0,0.0
2025-06-01 05:00:00,0.254872,12743.599999999999,7310.0,0.0,5433.5999999999985,0.0,0.0,10000.0,0.0,0.0,0.0
2025-06-01 06:00:00,0.328139,16406.95,7310.0,0.0,9096.95,0.0,0.0,10000.0,0.0,0.0,0.0
2025-06-01 07:00:00,0.391029,19551.45,7310.0,0.0,12241.45,0.0,0.0,10000.0,0.0,0.0,0.0
2025-06-01 08:00:00,0.446856,22342.8,7310.0,0.0,15032.8,0.0,0.0,10000.0,0.0,0.0,0.0
2025-06-01 09:00:00,0.48145299999999996,24072.649999999998,7310.0,0.0,16762.649999999998,0.0,0.0,10000.0,0.0,0.0,0.0
2025-06-01 10:00:00,0.5202100000000001,26010.500000000004,7310.0,0.0,18700.500000000004,0.0,0.0,10000.0,0.0,0.0,0.0
2025-06-01 11:00:00,0.552417,27620.850000000002,7310.0,0.0,20310.850000000002,0.0,0.0,10000.0,0.0,0.0,0.0
2025-06-01 12:00:00,0.5829829999999999,29149.149999999994,7310.0,0.0,21839.149999999994,0.0,0.0,10000.0,0.0,0.0,0.0
2025-06-01 13:00:00,0.610229,30511.45,7310.0,0.0,23201.45,0.0,0.0,10000.0,0.0,0.0,0.0
2025-06-01 14:00:00,0.6244740000000001,31223.700000000004,7310.0,0.0,23913.700000000004,0.0,0.0,10000.0,0.0,0.0,0.0
2025-06-01 15:00:00,0.620971,31048.550000000003,7310.0,0.0,23738.550000000003,0.0,0.0,10000.0,0.0,0.0,0.0
2025-06-01 16:00:00,0.601226,30061.300000000003,7310.0,0.0,22751.300000000003,0.0,0.0,10000.0,0.0,0.0,0.0
2025-06-01 17:00:00,0.55644,27822.000000000004,7310.0,0.0,20512.000000000004,0.0,0.0,10000.0,0.0,0.0,0.0
2025-06-01 18:00:00,0.49108999999999997,24554.5,7310.0,0.0,17244.5,0.0,0.0,10000.0,0.0,0.0,0.0
2025-06-01 19:00:00,0.465277,23263.85,7310.0,0.0,15953.849999999999,0.0,0.0,10000.0,0.0,0.0,0.0
2025-06-01 20:00:00,0.460632,23031.6,7310.0,0.0,15721.599999999999,0.0,0.0,10000.0,0.0,0.0,0.0
2025-06-01 21:00:00,0.43861500000000003,21930.75,7310.0,0.0,14620.75,0.0,0.0,10000.0,0.0,0.0,0.0
2025-06-01 22:00:00,0.38109,19054.5,7310.0,0.0,11744.5,0.0,0.0,10000.0,0.0,0.0,0.0
2025-06-01 23:00:00,0.360773,18038.65,7310.0,0.0,10728.650000000001,0.0,0.0,10000.0,0.0,0.0,0.0
2025-06-02 00:00:00,0.322243,16112.15,7310.0,0.0,8802.15,0.0,0.0,10000.0,0.0,0.0,0.0
2025-06-02 01:00:00,0.302483,15124.15,7310.0,0.0,7814.15,0.0,0.0,10000.0,0.0,0.0,0.0
2025-06-02 02:00:00,0.296843,14842.150000000001,7310.0,0.0,7532.1500000000015,0.0,0.0,10000.0,0.0,0.0,0.0
2025-06-02 03:00:00,0.307818,15390.9,7310.0,0.0,8080.9,0.0,0.0,10000.0,0.0,0.0,0.0
2025-06-02 04:00:00,0.284706,14235.300000000001,7310.0,0.0,6925.300000000001,0.0,0.0,10000.0,0.0,0.0,0.0
2025-06-02 05:00:00,0.20211600000000002,10105.800000000001,7310.0,0.0,2795.800000000001,0.0,0.0,10000.0,0.0,0.0,0.0
2025-06-02 06:00:00,0.25638299999999997,12819.149999999998,7310.0,0.0,5509.149999999998,0.0,0.0,10000.0,0.0,0.0,0.0
2025-06-02 07:00:00,0.248668,12433.4,7310.0,0.0,5123.4,0.0,0.0,10000.0,0.0,0.0,0.0
2025-06-02 08:00:00,0.219591,10979.550000000001,7310.0,0.0,3669.550000000001,0.0,0.0,10000.0,0.0,0.0,0.0
2025-06-02 09:00:00,0.178842,8942.1,7310.0,0.0,1632.1000000000004,0.0,0.0,10000.0,0.0,0.0,0.0
2025-06-02 10:00:00,0.141285,7064.25,7064.25,0.0,0.0,0.0,15.522604892068156,9984.477395107931,245.75,0.0,0.0
2025-06-02 11:00:00,0.11988800000000001,5994.400000000001,5994.400000000001,0.0,0.0,0.0,83.09883619940939,9901.378558908522,1315.5999999999995,0.0,0.0
2025-06-02 12:00:00,0.11328700000000001,5664.35,5664.35,0.0,0.0,0.0,103.9461840920934,9797.432374816428,1645.6499999999996,0.0,0.0
2025-06-02 13:00:00,0.124804,6240.2,6240.2,0.0,0.0,0.0,67.57307309678338,9729.859301719645,1069.8000000000002,0.0,0.0
2025-06-02 14:00:00,0.150491,7524.550000000001,7310.0,214.5500000000011,0.0,3.9731481481481685,0.0,9733.832449867794,0.0,0.0,0.0
2025-06-02 15:00:00,0.18640199999999998,9320.099999999999,7310.0,2010.0999999999985,0.0,37.224074074074046,0.0,9771.056523941868,0.0,0.0,0.0
2025-06-02 16:00:00,0.2307,11535.0,7310.0,4225.0,0.0,78.24074074074075,0.0,9849.29726468261,0.0,0.0,0.0
2025-06-02 17:00:00,0.277081,13854.050000000001,7310.0,6544.050000000001,0.0,121.18611111111113,0.0,9970.48337579372,0.0,0.0,0.0
2025-06-02 18:00:00,0.311961,15598.05,7310.0,1593.8977071391491,6694.15229286085,29.51662420628054,0.0,10000.0,0.0,0.0,0.0
2025-06-02 19:00:00,0.40730900000000003,20365.45,7310.0,0.0,13055.45,0.0,0.0,10000.0,0.0,0.0,0.0
2025-06-02 20:00:00,0.507,25350.0,7310.0,0.0,18040.0,0.0,0.0,10000.0,0.0,0.0,0.0
2025-06-02 21:00:00,0.509175,25458.750000000004,7310.0,0.0,18148.750000000004,0.0,0.0,10000.0,0.0,0.0,0.0
2025-06-02 22:00:00,0.481465,24073.25,7310.0,0.0,16763.25,0.0,0.0,10000.0,0.0,0.0,0.0
2025-06-02 23:00:00,0.47871199999999997,23935.6,7310.0,0.0,16625.6,0.0,0.0,10000.0,0.0,0.0,0.0
2025-06-03 00:00:00,0.486867,24343.35,7310.0,0.0,17033.35,0.0,0.0,10000.0,0.0,0.0,0.0
2025-06-03 01:00:00,0.497567,24878.35,7310.0,0.0,17568.35,0.0,0.0,10000.0,0.0,0.0,0.0
2025-06-03 02:00:00,0.5185270000000001,25926.350000000002,7310.0,0.0,18616.350000000002,0.0,0.0,10000.0,0.0,0.0,0.0
2025-06-03 03:00:00,0.549726,27486.300000000003,7310.0,0.0,20176.300000000003,0.0,0.0,10000.0,0.0,0.0,0.0
2025-06-03 04:00:00,0.583447,29172.350000000002,7310.0,0.0,21862.350000000002,0.0,0.0,10000.0,0.0,0.0,0.0
2025-06-03 05:00:00,0.64409,32204.500000000004,7310.0,0.0,24894.500000000004,0.0,0.0,10000.0,0.0,0.0,0.0
2025-06-03 06:00:00,0.833809,41690.450000000004,7310.0,0.0,34380.450000000004,0.0,0.0,10000.0,0.0,0.0,0.0
2025-06-03 07:00:00,0.881421,44071.05,7310.0,0.0,36761.05,0.0,0.0,10000.0,0.0,0.0,0.0
2025-06-03 08:00:00,0.897602,44880.1,7310.0,0.0,37570.1,0.0,0.0,10000.0,0.0,0.0,0.0
2025-06-03 09:00:00,0.912766,45638.299999999996,7310.0,0.0,38328.299999999996,0.0,0.0,10000.0,0.0,0.0,0.0
2025-06-03 10:00:00,0.912316,45615.8,7310.0,0.0,38305.8,0.0,0.0,10000.0,0.0,0.0,0.0
2025-06-03 11:00:00,0.9045449999999999,45227.25,7310.0,0.0,37917.25,0.0,0.0,10000.0,0.0,0.0,0.0
2025-06-03 12:00:00,0.886459,44322.95,7310.0,0.0,37012.95,0.0,0.0,10000.0,0.0,0.0,0.0
2025-06-03 13:00:00,0.82988,41494.0,7310.0,0.0,34184.0,0.0,0.0,10000.0,0.0,0.0,0.0
2025-06-03 14:00:00,0.7802060000000001,39010.3,7310.0,0.0,31700.300000000003,0.0,0.0,10000.0,0.0,0.0,0.0
2025-06-03 15:00:00,0.738796,36939.8,7310.0,0.0,29629.800000000003,0.0,0.0,10000.0,0.0,0.0,0.0
2025-06-03 16:00:00,0.704311,35215.55,7310.0,0.0,27905.550000000003,0.0,0.0,10000.0,0.0,0.0,0.0
2025-06-03 17:00:00,0.649697,32484.85,7310.0,0.0,25174.85,0.0,0.0,10000.0,0.0,0.0,0.0
2025-06-03 18:00:00,0.552415,27620.75,7310.0,0.0,20310.75,0.0,0.0,10000.0,0.0,0.0,0.0
2025-06-03 19:00:00,0.47234899999999996,23617.449999999997,7310.0,0.0,16307.449999999997,0.0,0.0,10000.0,0.0,0.0,0.0
2025-06-03 20:00:00,0.444244,22212.2,7310.0,0.0,14902.2,0.0,0.0,10000.0,0.0,0.0,0.0
2025-06-03 21:00:00,0.426748,21337.4,7310.0,0.0,14027.400000000001,0.0,0.0,10000.0,0.0,0.0,0.0
2025-06-03 22:00:00,0.400508,20025.399999999998,7310.0,0.0,12715.399999999998,0.0,0.0,10000.0,0.0,0.0,0.0
2025-06-03 23:00:00,0.377082,18854.1,7310.0,0.0,11544.099999999999,0.0,0.0,10000.0,0.0,0.0,0.0
2025-06-04 00:00:00,0.35698399999999997,17849.199999999997,7310.0,0.0,10539.199999999997,0.0,0.0,10000.0,0.0,0.0,0.0
2025-06-04 01:00:00,0.343677,17183.850000000002,7310.0,0.0,9873.850000000002,0.0,0.0,10000.0,0.0,0.0,0.0
2025-06-04 02:00:00,0.34289299999999995,17144.649999999998,7310.0,0.0,9834.649999999998,0.0,0.0,10000.0,0.0,0.0,0.0
2025-06-04 03:00:00,0.334177,16708.85,7310.0,0.0,9398.849999999999,0.0,0.0,10000.0,0.0,0.0,0.0
2025-06-04 04:00:00,0.293785,14689.250000000002,7310.0,0.0,7379.250000000002,0.0,0.0,10000.0,0.0,0.0,0.0
2025-06-04 05:00:00,0.203819,10190.95,7310.0,0.0,2880.9500000000007,0.0,0.0,10000.0,0.0,0.0,0.0
2025-06-04 06:00:00,0.19696,9848.0,7310.0,0.0,2538.0,0.0,0.0,10000.0,0.0,0.0,0.0
2025-06-04 07:00:00,0.216394,10819.7,7310.0,0.0,3509.7000000000007,0.0,0.0,10000.0,0.0,0.0,0.0
2025-06-04 08:00:00,0.261382,13069.1,7310.0,0.0,5759.1,0.0,0.0,10000.0,0.0,0.0,0.0
2025-06-04 09:00:00,0.30968599999999996,15484.299999999997,7310.0,0.0,8174.299999999997,0.0,0.0,10000.0,0.0,0.0,0.0
2025-06-04 10:00:00,0.356624,17831.2,7310.0,0.0,10521.2,0.0,0.0,10000.0,0.0,0.0,0.0
2025-06-04 11:00:00,0.410017,20500.850000000002,7310.0,0.0,13190.850000000002,0.0,0.0,10000.0,0.0,0.0,0.0
2025-06-04 12:00:00,0.46631,23315.5,7310.0,0.0,16005.5,0.0,0.0,10000.0,0.0,0.0,0.0
2025-06-04 13:00:00,0.503042,25152.1,7310.0,0.0,17842.1,0.0,0.0,10000.0,0.0,0.0,0.0
2025-06-04 14:00:00,0.515788,25789.4,7310.0,0.0,18479.4,0.0,0.0,10000.0,0.0,0.0,0.0
2025-06-04 15:00:00,0.510321,25516.050000000003,7310.0,0.0,18206.050000000003,0.0,0.0,10000.0,0.0,0.0,0.0
2025-06-04 16:00:00,0.488339,24416.95,7310.0,0.0,17106.95,0.0,0.0,10000.0,0.0,0.0,0.0
2025-06-04 17:00:00,0.430418,21520.9,7310.0,0.0,14210.900000000001,0.0,0.0,10000.0,0.0,0.0,0.0
2025-06-04 18:00:00,0.360435,18021.75,7310.0,0.0,10711.75,0.0,0.0,10000.0,0.0,0.0,0.0
2025-06-04 19:00:00,0.366906,18345.3,7310.0,0.0,11035.3,0.0,0.0,10000.0,0.0,0.0,0.0
2025-06-04 20:00:00,0.409238,20461.899999999998,7310.0,0.0,13151.899999999998,0.0,0.0,10000.0,0.0,0.0,0.0
2025-06-04 21:00:00,0.406853,20342.65,7310.0,0.0,13032.650000000001,0.0,0.0,10000.0,0.0,0.0,0.0
2025-06-04 22:00:00,0.391027,19551.350000000002,7310.0,0.0,12241.350000000002,0.0,0.0,10000.0,0.0,0.0,0.0
2025-06-04 23:00:00,0.378386,18919.3,7310.0,0.0,11609.3,0.0,0.0,10000.0,0.0,0.0,0.0
2025-06-05 00:00:00,0.366936,18346.8,7310.0,0.0,11036.8,0.0,0.0,10000.0,0.0,0.0,0.0
2025-06-05 01:00:00,0.36177499999999996,18088.749999999996,7310.0,0.0,10778.749999999996,0.0,0.0,10000.0,0.0,0.0,0.0
2025-06-05 02:00:00,0.36741500000000005,18370.750000000004,7310.0,0.0,11060.750000000004,0.0,0.0,10000.0,0.0,0.0,0.0
2025-06-05 03:00:00,0.37478300000000003,18739.15,7310.0,0.0,11429.150000000001,0.0,0.0,10000.0,0.0,0.0,0.0
2025-06-05 04:00:00,0.385642,19282.1,7310.0,0.0,11972.099999999999,0.0,0.0,10000.0,0.0,0.0,0.0
2025-06-05 05:00:00,0.397767,19888.35,7310.0,0.0,12578.349999999999,0.0,0.0,10000.0,0.0,0.0,0.0
2025-06-05 06:00:00,0.381348,19067.4,7310.0,0.0,11757.400000000001,0.0,0.0,10000.0,0.0,0.0,0.0
2025-06-05 07:00:00,0.574688,28734.399999999998,7310.0,0.0,21424.399999999998,0.0,0.0,10000.0,0.0,0.0,0.0
2025-06-05 08:00:00,0.682605,34130.25,7310.0,0.0,26820.25,0.0,0.0,10000.0,0.0,0.0,0.0
2025-06-05 09:00:00,0.720589,36029.450000000004,7310.0,0.0,28719.450000000004,0.0,0.0,10000.0,0.0,0.0,0.0
2025-06-05 10:00:00,0.74037,37018.5,7310.0,0.0,29708.5,0.0,0.0,10000.0,0.0,0.0,0.0
2025-06-05 11:00:00,0.7535839999999999,37679.2,7310.0,0.0,30369.199999999997,0.0,0.0,10000.0,0.0,0.0,0.0
2025-06-05 12:00:00,0.7460410000000001,37302.05,7310.0,0.0,29992.050000000003,0.0,0.0,10000.0,0.0,0.0,0.0
2025-06-05 13:00:00,0.711705,35585.25,7310.0,0.0,28275.25,0.0,0.0,10000.0,0.0,0.0,0.0
2025-06-05 14:00:00,0.631751,31587.55,7310.0,0.0,24277.55,0.0,0.0,10000.0,0.0,0.0,0.0
2025-06-05 15:00:00,0.49177699999999996,24588.85,7310.0,0.0,17278.85,0.0,0.0,10000.0,0.0,0.0,0.0
2025-06-05 16:00:00,0.328927,16446.350000000002,7310.0,0.0,9136.350000000002,0.0,0.0,10000.0,0.0,0.0,0.0
2025-06-05 17:00:00,0.248045,12402.25,7310.0,0.0,5092.25,0.0,0.0,10000.0,0.0,0.0,0.0
2025-06-05 18:00:00,0.308998,15449.9,7310.0,0.0,8139.9,0.0,0.0,10000.0,0.0,0.0,0.0
2025-06-05 19:00:00,0.422392,21119.6,7310.0,0.0,13809.599999999999,0.0,0.0,10000.0,0.0,0.0,0.0
2025-06-05 20:00:00,0.453884,22694.2,7310.0,0.0,15384.2,0.0,0.0,10000.0,0.0,0.0,0.0
2025-06-05 21:00:00,0.448226,22411.3,7310.0,0.0,15101.3,0.0,0.0,10000.0,0.0,0.0,0.0
2025-06-05 22:00:00,0.430444,21522.2,7310.0,0.0,14212.2,0.0,0.0,10000.0,0.0,0.0,0.0
2025-06-05 23:00:00,0.453909,22695.45,7310.0,0.0,15385.45,0.0,0.0,10000.0,0.0,0.0,0.0
2025-06-06 00:00:00,0.46111399999999997,23055.699999999997,7310.0,0.0,15745.699999999997,0.0,0.0,10000.0,0.0,0.0,0.0
2025-06-06 01:00:00,0.459615,22980.75,7310.0,0.0,15670.75,0.0,0.0,10000.0,0.0,0.0,0.0
2025-06-06 02:00:00,0.456638,22831.899999999998,7310.0,0.0,15521.899999999998,0.0,0.0,10000.0,0.0,0.0,0.0
2025-06-06 03:00:00,0.448013,22400.65,7310.0,0.0,15090.650000000001,0.0,0.0,10000.0,0.0,0.0,0.0
2025-06-06 04:00:00,0.416185,20809.25,7310.0,0.0,13499.25,0.0,0.0,10000.0,0.0,0.0,0.0
2025-06-06 05:00:00,0.37519600000000003,18759.800000000003,7310.0,0.0,11449.800000000003,0.0,0.0,10000.0,0.0,0.0,0.0
2025-06-06 06:00:00,0.41230700000000003,20615.350000000002,7310.0,0.0,13305.350000000002,0.0,0.0,10000.0,0.0,0.0,0.0
2025-06-06 07:00:00,0.498905,24945.25,7310.0,0.0,17635.25,0.0,0.0,10000.0,0.0,0.0,0.0
2025-06-06 08:00:00,0.534862,26743.1,7310.0,0.0,19433.1,0.0,0.0,10000.0,0.0,0.0,0.0
2025-06-06 09:00:00,0.531869,26593.45,7310.0,0.0,19283.45,0.0,0.0,10000.0,0.0,0.0,0.0
2025-06-06 10:00:00,0.521851,26092.55,7310.0,0.0,18782.55,0.0,0.0,10000.0,0.0,0.0,0.0
2025-06-06 11:00:00,0.5157889999999999,25789.449999999997,7310.0,0.0,18479.449999999997,0.0,0.0,10000.0,0.0,0.0,0.0
2025-06-06 12:00:00,0.515792,25789.600000000002,7310.0,0.0,18479.600000000002,0.0,0.0,10000.0,0.0,0.0,0.0
2025-06-06 13:00:00,0.521813,26090.649999999998,7310.0,0.0,18780.649999999998,0.0,0.0,10000.0,0.0,0.0,0.0
2025-06-06 14:00:00,0.52535,26267.5,7310.0,0.0,18957.5,0.0,0.0,10000.0,0.0,0.0,0.0
2025-06-06 15:00:00,0.514389,25719.45,7310.0,0.0,18409.45,0.0,0.0,10000.0,0.0,0.0,0.0
2025-06-06 16:00:00,0.472691,23634.55,7310.0,0.0,16324.55,0.0,0.0,10000.0,0.0,0.0,0.0
2025-06-06 17:00:00,0.408386,20419.300000000003,7310.0,0.0,13109.300000000003,0.0,0.0,10000.0,0.0,0.0,0.0
2025-06-06 18:00:00,0.367178,18358.9,7310.0,0.0,11048.900000000001,0.0,0.0,10000.0,0.0,0.0,0.0
2025-06-06 19:00:00,0.352374,17618.7,7310.0,0.0,10308.7,0.0,0.0,10000.0,0.0,0.0,0.0
2025-06-06 20:00:00,0.33782999999999996,16891.5,7310.0,0.0,9581.5,0.0,0.0,10000.0,0.0,0.0,0.0
2025-06-06 21:00:00,0.32665,16332.5,7310.0,0.0,9022.5,0.0,0.0,10000.0,0.0,0.0,0.0
2025-06-06 22:00:00,0.293779,14688.95,7310.0,0.0,7378.950000000001,0.0,0.0,10000.0,0.0,0.0,0.0
2025-06-06 23:00:00,0.263757,13187.85,7310.0,0.0,5877.85,0.0,0.0,10000.0,0.0,0.0,0.0
2025-06-07 00:00:00,0.245255,12262.75,7310.0,0.0,4952.75,0.0,0.0,10000.0,0.0,0.0,0.0
2025-06-07 01:00:00,0.213567,10678.35,7310.0,0.0,3368.3500000000004,0.0,0.0,10000.0,0.0,0.0,0.0
2025-06-07 02:00:00,0.198928,9946.4,7310.0,0.0,2636.3999999999996,0.0,0.0,10000.0,0.0,0.0,0.0
2025-06-07 03:00:00,0.187579,9378.949999999999,7310.0,0.0,2068.949999999999,0.0,0.0,10000.0,0.0,0.0,0.0
2025-06-07 04:00:00,0.167868,8393.4,7310.0,0.0,1083.3999999999996,0.0,0.0,10000.0,0.0,0.0,0.0
2025-06-07 05:00:00,0.117887,5894.35,5894.35,0.0,0.0,0.0,89.4184155257631,9910.581584474237,1415.6499999999996,0.0,0.0
2025-06-07 06:00:00,0.116937,5846.85,5846.85,0.0,0.0,0.0,92.41871555576608,9818.16286891847,1463.1499999999996,0.0,0.0
2025-06-07 07:00:00,0.15554400000000002,7777.200000000001,7310.0,467.2000000000008,-5.684341886080802e-14,8.651851851851866,0.0,9826.814720770322,0.0,0.0,0.0
2025-06-07 08:00:00,0.214772,10738.6,7310.0,3428.6000000000004,0.0,63.4925925925926,0.0,9890.307313362915,0.0,0.0,0.0
2025-06-07 09:00:00,0.277306,13865.3,7310.0,5923.405078402589,631.8949215974098,109.69268663708499,0.0,10000.0,0.0,0.0,0.0
2025-06-07 10:00:00,0.338615,16930.75,7310.0,0.0,9620.75,0.0,0.0,10000.0,0.0,0.0,0.0
2025-06-07 11:00:00,0.410246,20512.3,7310.0,0.0,13202.3,0.0,0.0,10000.0,0.0,0.0,0.0
2025-06-07 12:00:00,0.47269900000000004,23634.95,7310.0,0.0,16324.95,0.0,0.0,10000.0,0.0,0.0,0.0
2025-06-07 13:00:00,0.49384500000000003,24692.25,7310.0,0.0,17382.25,0.0,0.0,10000.0,0.0,0.0,0.0
2025-06-07 14:00:00,0.46735899999999997,23367.949999999997,7310.0,0.0,16057.949999999997,0.0,0.0,10000.0,0.0,0.0,0.0
2025-06-07 15:00:00,0.42230900000000005,21115.45,7310.0,0.0,13805.45,0.0,0.0,10000.0,0.0,0.0,0.0
2025-06-07 16:00:00,0.336736,16836.8,7310.0,0.0,9526.8,0.0,0.0,10000.0,0.0,0.0,0.0
2025-06-07 17:00:00,0.242984,12149.2,7310.0,0.0,4839.200000000001,0.0,0.0,10000.0,0.0,0.0,0.0
2025-06-07 18:00:00,0.228346,11417.3,7310.0,0.0,4107.299999999999,0.0,0.0,10000.0,0.0,0.0,0.0
2025-06-07 19:00:00,0.309732,15486.6,7310.0,0.0,8176.6,0.0,0.0,10000.0,0.0,0.0,0.0
2025-06-07 20:00:00,0.36426400000000003,18213.2,7310.0,0.0,10903.2,0.0,0.0,10000.0,0.0,0.0,0.0
2025-06-07 21:00:00,0.400476,20023.8,7310.0,0.0,12713.8,0.0,0.0,10000.0,0.0,0.0,0.0
2025-06-07 22:00:00,0.39147699999999996,19573.85,7310.0,0.0,12263.849999999999,0.0,0.0,10000.0,0.0,0.0,0.0
2025-06-07 23:00:00,0.410026,20501.3,7310.0,0.0,13191.3,0.0,0.0,10000.0,0.0,0.0,0.0
2025-06-08 00:00:00,0.436243,21812.149999999998,7310.0,0.0,14502.149999999998,0.0,0.0,10000.0,0.0,0.0,0.0
2025-06-08 01:00:00,0.459407,22970.350000000002,7310.0,0.0,15660.350000000002,0.0,0.0,10000.0,0.0,0.0,0.0
2025-06-08 02:00:00,0.47013099999999997,23506.55,7310.0,0.0,16196.55,0.0,0.0,10000.0,0.0,0.0,0.0
2025-06-08 03:00:00,0.467343,23367.15,7310.0,0.0,16057.150000000001,0.0,0.0,10000.0,0.0,0.0,0.0
2025-06-08 04:00:00,0.434404,21720.2,7310.0,0.0,14410.2,0.0,0.0,10000.0,0.0,0.0,0.0
2025-06-08 05:00:00,0.412757,20637.85,7310.0,0.0,13327.849999999999,0.0,0.0,10000.0,0.0,0.0,0.0
2025-06-08 06:00:00,0.410019,20500.95,7310.0,0.0,13190.95,0.0,0.0,10000.0,0.0,0.0,0.0
2025-06-08 07:00:00,0.525347,26267.350000000002,7310.0,0.0,18957.350000000002,0.0,0.0,10000.0,0.0,0.0,0.0
2025-06-08 08:00:00,0.5346069999999999,26730.35,7310.0,0.0,19420.35,0.0,0.0,10000.0,0.0,0.0,0.0
2025-06-08 09:00:00,0.497948,24897.4,7310.0,0.0,17587.4,0.0,0.0,10000.0,0.0,0.0,0.0
2025-06-08 10:00:00,0.44700599999999996,22350.3,7310.0,0.0,15040.3,0.0,0.0,10000.0,0.0,0.0,0.0
2025-06-08 11:00:00,0.414048,20702.4,7310.0,0.0,13392.400000000001,0.0,0.0,10000.0,0.0,0.0,0.0
2025-06-08 12:00:00,0.419553,20977.65,7310.0,0.0,13667.650000000001,0.0,0.0,10000.0,0.0,0.0,0.0
2025-06-08 13:00:00,0.446423,22321.15,7310.0,0.0,15011.150000000001,0.0,0.0,10000.0,0.0,0.0,0.0
2025-06-08 14:00:00,0.483725,24186.25,7310.0,0.0,16876.25,0.0,0.0,10000.0,0.0,0.0,0.0
2025-06-08 15:00:00,0.503979,25198.949999999997,7310.0,0.0,17888.949999999997,0.0,0.0,10000.0,0.0,0.0,0.0
2025-06-08 16:00:00,0.488841,24442.050000000003,7310.0,0.0,17132.050000000003,0.0,0.0,10000.0,0.0,0.0,0.0
2025-06-08 17:00:00,0.400495,20024.75,7310.0,0.0,12714.75,0.0,0.0,10000.0,0.0,0.0,0.0
2025-06-08 18:00:00,0.31893900000000003,15946.95,7310.0,0.0,8636.95,0.0,0.0,10000.0,0.0,0.0,0.0
2025-06-08 19:00:00,0.325551,16277.55,7310.0,0.0,8967.55,0.0,0.0,10000.0,0.0,0.0,0.0
2025-06-08 20:00:00,0.369614,18480.7,7310.0,0.0,11170.7,0.0,0.0,10000.0,0.0,0.0,0.0
2025-06-08 21:00:00,0.389201,19460.05,7310.0,0.0,12150.05,0.0,0.0,10000.0,0.0,0.0,0.0
2025-06-08 22:00:00,0.37837400000000004,18918.7,7310.0,0.0,11608.7,0.0,0.0,10000.0,0.0,0.0,0.0
2025-06-08 23:00:00,0.361631,18081.55,7310.0,0.0,10771.55,0.0,0.0,10000.0,0.0,0.0,0.0
2025-06-09 00:00:00,0.34897100000000003,17448.550000000003,7310.0,0.0,10138.550000000003,0.0,0.0,10000.0,0.0,0.0,0.0
2025-06-09 01:00:00,0.337202,16860.1,7310.0,0.0,9550.099999999999,0.0,0.0,10000.0,0.0,0.0,0.0
2025-06-09 02:00:00,0.328296,16414.8,7310.0,0.0,9104.8,0.0,0.0,10000.0,0.0,0.0,0.0
2025-06-09 03:00:00,0.324911,16245.550000000001,7310.0,0.0,8935.550000000001,0.0,0.0,10000.0,0.0,0.0,0.0
2025-06-09 04:00:00,0.299957,14997.849999999999,7310.0,0.0,7687.8499999999985,0.0,0.0,10000.0,0.0,0.0,0.0
2025-06-09 05:00:00,0.18268700000000002,9134.35,7310.0,0.0,1824.3500000000004,0.0,0.0,10000.0,0.0,0.0,0.0
2025-06-09 06:00:00,0.119976,5998.8,5998.8,0.0,0.0,0.0,82.8209136703144,9917.179086329686,1311.1999999999998,0.0,0.0
2025-06-09 07:00:00,0.117226,5861.3,5861.3,0.0,0.0,0.0,91.50599270453361,9825.673093625153,1448.6999999999998,0.0,0.0
2025-06-09 08:00:00,0.127127,6356.349999999999,6356.349999999999,0.0,0.0,0.0,60.23654997078659,9765.436543654367,953.6500000000005,0.0,0.0
2025-06-09 09:00:00,0.148606,7430.299999999999,7310.0,120.29999999999926,1.4210854715202004e-14,2.227777777777764,0.0,9767.664321432145,0.0,0.0,0.0
2025-06-09 10:00:00,0.185919,9295.95,7310.0,1985.9500000000007,0.0,36.776851851851866,0.0,9804.441173283996,0.0,0.0,0.0
2025-06-09 11:00:00,0.227332,11366.6,7310.0,4056.600000000001,-4.547473508864641e-13,75.12222222222223,0.0,9879.563395506219,0.0,0.0,0.0
2025-06-09 12:00:00,0.261612,13080.6,7310.0,5770.6,0.0,106.86296296296297,0.0,9986.426358469182,0.0,0.0,0.0
2025-06-09 13:00:00,0.289107,14455.35,7310.0,732.9766426641909,6412.3733573358095,13.57364153081835,0.0,10000.0,0.0,0.0,0.0
2025-06-09 14:00:00,0.309239,15461.949999999999,7310.0,0.0,8151.949999999999,0.0,0.0,10000.0,0.0,0.0,0.0
2025-06-09 15:00:00,0.309182,15459.1,7310.0,0.0,8149.1,0.0,0.0,10000.0,0.0,0.0,0.0
2025-06-09 16:00:00,0.29306,14653.0,7310.0,0.0,7343.0,0.0,0.0,10000.0,0.0,0.0,0.0
2025-06-09 17:00:00,0.340105,17005.25,7310.0,0.0,9695.25,0.0,0.0,10000.0,0.0,0.0,0.0
2025-06-09 18:00:00,0.36910000000000004,18455.000000000004,7310.0,0.0,11145.000000000004,0.0,0.0,10000.0,0.0,0.0,0.0
2025-06-09 19:00:00,0.401243,20062.15,7310.0,0.0,12752.150000000001,0.0,0.0,10000.0,0.0,0.0,0.0
2025-06-09 20:00:00,0.452259,22612.95,7310.0,0.0,15302.95,0.0,0.0,10000.0,0.0,0.0,0.0
2025-06-09 21:00:00,0.441524,22076.2,7310.0,0.0,14766.2,0.0,0.0,10000.0,0.0,0.0,0.0
2025-06-09 22:00:00,0.431887,21594.350000000002,7310.0,0.0,14284.350000000002,0.0,0.0,10000.0,0.0,0.0,0.0
2025-06-09 23:00:00,0.453907,22695.35,7310.0,0.0,15385.349999999999,0.0,0.0,10000.0,0.0,0.0,0.0
2025-06-10 00:00:00,0.483128,24156.4,7310.0,0.0,16846.4,0.0,0.0,10000.0,0.0,0.0,0.0
2025-06-10 01:00:00,0.52616,26307.999999999996,7310.0,0.0,18997.999999999996,0.0,0.0,10000.0,0.0,0.0,0.0
2025-06-10 02:00:00,0.544336,27216.800000000003,7310.0,0.0,19906.800000000003,0.0,0.0,10000.0,0.0,0.0,0.0
2025-06-10 03:00:00,0.541164,27058.2,7310.0,0.0,19748.2,0.0,0.0,10000.0,0.0,0.0,0.0
2025-06-10 04:00:00,0.539211,26960.55,7310.0,0.0,19650.55,0.0,0.0,10000.0,0.0,0.0,0.0
2025-06-10 05:00:00,0.534864,26743.2,7310.0,0.0,19433.2,0.0,0.0,10000.0,0.0,0.0,0.0
2025-06-10 06:00:00,0.544336,27216.800000000003,7310.0,0.0,19906.800000000003,0.0,0.0,10000.0,0.0,0.0,0.0
2025-06-10 07:00:00,0.615325,30766.25,7310.0,0.0,23456.25,0.0,0.0,10000.0,0.0,0.0,0.0
2025-06-10 08:00:00,0.620599,31029.95,7310.0,0.0,23719.95,0.0,0.0,10000.0,0.0,0.0,0.0
2025-06-10 09:00:00,0.58298,29149.000000000004,7310.0,0.0,21839.000000000004,0.0,0.0,10000.0,0.0,0.0,0.0
2025-06-10 10:00:00,0.524068,26203.399999999998,7310.0,0.0,18893.399999999998,0.0,0.0,10000.0,0.0,0.0,0.0
2025-06-10 11:00:00,0.455964,22798.2,7310.0,0.0,15488.2,0.0,0.0,10000.0,0.0,0.0,0.0
2025-06-10 12:00:00,0.389622,19481.100000000002,7310.0,0.0,12171.100000000002,0.0,0.0,10000.0,0.0,0.0,0.0
2025-06-10 13:00:00,0.325267,16263.349999999999,7310.0,0.0,8953.349999999999,0.0,0.0,10000.0,0.0,0.0,0.0
2025-06-10 14:00:00,0.26374000000000003,13187.000000000002,7310.0,0.0,5877.000000000002,0.0,0.0,10000.0,0.0,0.0,0.0
2025-06-10 15:00:00,0.208228,10411.4,7310.0,0.0,3101.3999999999996,0.0,0.0,10000.0,0.0,0.0,0.0
2025-06-10 16:00:00,0.16061,8030.5,7310.0,0.0,720.5,0.0,0.0,10000.0,0.0,0.0,0.0
2025-06-10 17:00:00,0.123186,6159.3,6159.3,0.0,0.0,0.0,72.68305777946216,9927.316942220537,1150.6999999999998,0.0,0.0
2025-06-10 18:00:00,0.117604,5880.2,5880.2,0.0,0.0,0.0,90.31218911364823,9837.004753106889,1429.8000000000002,0.0,0.0
2025-06-10 19:00:00,0.157909,7895.45,7310.0,585.4499999999998,0.0,10.841666666666663,0.0,9847.846419773556,0.0,0.0,0.0
2025-06-10 20:00:00,0.190945,9547.25,7310.0,2237.25,0.0,41.43055555555556,0.0,9889.27697532911,0.0,0.0,0.0
2025-06-10 21:00:00,0.20366900000000002,10183.45,7310.0,2873.4500000000007,0.0,53.21203703703705,0.0,9942.489012366148,0.0,0.0,0.0
2025-06-10 22:00:00,0.211048,10552.400000000001,7310.0,3105.593332228007,136.8066677719944,57.51098763385198,0.0,10000.0,0.0,0.0,0.0
2025-06-10 23:00:00,0.211984,10599.2,7310.0,0.0,3289.2000000000007,0.0,0.0,10000.0,0.0,0.0,0.0
2025-06-11 00:00:00,0.224135,11206.75,7310.0,0.0,3896.75,0.0,0.0,10000.0,0.0,0.0,0.0
2025-06-11 01:00:00,0.24296500000000001,12148.25,7310.0,0.0,4838.25,0.0,0.0,10000.0,0.0,0.0,0.0
2025-06-11 02:00:00,0.269504,13475.2,7310.0,0.0,6165.200000000001,0.0,0.0,10000.0,0.0,0.0,0.0
2025-06-11 03:00:00,0.288803,14440.15,7310.0,0.0,7130.15,0.0,0.0,10000.0,0.0,0.0,0.0
2025-06-11 04:00:00,0.299166,14958.3,7310.0,0.0,7648.299999999999,0.0,0.0,10000.0,0.0,0.0,0.0
2025-06-11 05:00:00,0.223828,11191.4,7310.0,0.0,3881.3999999999996,0.0,0.0,10000.0,0.0,0.0,0.0
2025-06-11 06:00:00,0.246841,12342.050000000001,7310.0,0.0,5032.050000000001,0.0,0.0,10000.0,0.0,0.0,0.0
2025-06-11 07:00:00,0.282068,14103.4,7310.0,0.0,6793.4,0.0,0.0,10000.0,0.0,0.0,0.0
2025-06-11 08:00:00,0.25476499999999996,12738.249999999998,7310.0,0.0,5428.249999999998,0.0,0.0,10000.0,0.0,0.0,0.0
2025-06-11 09:00:00,0.223059,11152.95,7310.0,0.0,3842.9500000000007,0.0,0.0,10000.0,0.0,0.0,0.0
2025-06-11 10:00:00,0.22089799999999998,11044.9,7310.0,0.0,3734.8999999999996,0.0,0.0,10000.0,0.0,0.0,0.0
2025-06-11 11:00:00,0.25190799999999997,12595.399999999998,7310.0,0.0,5285.399999999998,0.0,0.0,10000.0,0.0,0.0,0.0
2025-06-11 12:00:00,0.29356299999999996,14678.149999999998,7310.0,0.0,7368.149999999998,0.0,0.0,10000.0,0.0,0.0,0.0
2025-06-11 13:00:00,0.318769,15938.45,7310.0,0.0,8628.45,0.0,0.0,10000.0,0.0,0.0,0.0
2025-06-11 14:00:00,0.320096,16004.8,7310.0,0.0,8694.8,0.0,0.0,10000.0,0.0,0.0,0.0
2025-06-11 15:00:00,0.31124799999999997,15562.399999999998,7310.0,0.0,8252.399999999998,0.0,0.0,10000.0,0.0,0.0,0.0
2025-06-11 16:00:00,0.314408,15720.400000000001,7310.0,0.0,8410.400000000001,0.0,0.0,10000.0,0.0,0.0,0.0
2025-06-11 17:00:00,0.35492399999999996,17746.199999999997,7310.0,0.0,10436.199999999997,0.0,0.0,10000.0,0.0,0.0,0.0
2025-06-11 18:00:00,0.398818,19940.9,7310.0,0.0,12630.900000000001,0.0,0.0,10000.0,0.0,0.0,0.0
2025-06-11 19:00:00,0.43188,21594.0,7310.0,0.0,14284.0,0.0,0.0,10000.0,0.0,0.0,0.0
2025-06-11 20:00:00,0.46196,23098.0,7310.0,0.0,15788.0,0.0,0.0,10000.0,0.0,0.0,0.0
2025-06-11 21:00:00,0.448984,22449.2,7310.0,0.0,15139.2,0.0,0.0,10000.0,0.0,0.0,0.0
2025-06-11 22:00:00,0.432435,21621.75,7310.0,0.0,14311.75,0.0,0.0,10000.0,0.0,0.0,0.0
2025-06-11 23:00:00,0.435159,21757.95,7310.0,0.0,14447.95,0.0,0.0,10000.0,0.0,0.0,0.0
2025-06-12 00:00:00,0.44700799999999996,22350.399999999998,7310.0,0.0,15040.399999999998,0.0,0.0,10000.0,0.0,0.0,0.0
2025-06-12 01:00:00,0.468118,23405.899999999998,7310.0,0.0,16095.899999999998,0.0,0.0,10000.0,0.0,0.0,0.0
2025-06-12 02:00:00,0.5195839999999999,25979.199999999997,7310.0,0.0,18669.199999999997,0.0,0.0,10000.0,0.0,0.0,0.0
2025-06-12 03:00:00,0.544336,27216.800000000003,7310.0,0.0,19906.800000000003,0.0,0.0,10000.0,0.0,0.0,0.0
2025-06-12 04:00:00,0.469028,23451.4,7310.0,0.0,16141.400000000001,0.0,0.0,10000.0,0.0,0.0,0.0
2025-06-12 05:00:00,0.327738,16386.899999999998,7310.0,0.0,9076.899999999998,0.0,0.0,10000.0,0.0,0.0,0.0
2025-06-12 06:00:00,0.30156099999999997,15078.05,7310.0,0.0,7768.049999999999,0.0,0.0,10000.0,0.0,0.0,0.0
2025-06-12 07:00:00,0.329023,16451.15,7310.0,0.0,9141.150000000001,0.0,0.0,10000.0,0.0,0.0,0.0
2025-06-12 08:00:00,0.372663,18633.15,7310.0,0.0,11323.150000000001,0.0,0.0,10000.0,0.0,0.0,0.0
2025-06-12 09:00:00,0.45813099999999995,22906.55,7310.0,0.0,15596.55,0.0,0.0,10000.0,0.0,0.0,0.0
2025-06-12 10:00:00,0.509462,25473.1,7310.0,0.0,18163.1,0.0,0.0,10000.0,0.0,0.0,0.0
2025-06-12 11:00:00,0.538528,26926.4,7310.0,0.0,19616.4,0.0,0.0,10000.0,0.0,0.0,0.0
2025-06-12 12:00:00,0.553258,27662.9,7310.0,0.0,20352.9,0.0,0.0,10000.0,0.0,0.0,0.0
2025-06-12 13:00:00,0.51306,25652.999999999996,7310.0,0.0,18342.999999999996,0.0,0.0,10000.0,0.0,0.0,0.0
2025-06-12 14:00:00,0.484205,24210.25,7310.0,0.0,16900.25,0.0,0.0,10000.0,0.0,0.0,0.0
2025-06-12 15:00:00,0.5034069999999999,25170.35,7310.0,0.0,17860.35,0.0,0.0,10000.0,0.0,0.0,0.0
2025-06-12 16:00:00,0.506733,25336.649999999998,7310.0,0.0,18026.649999999998,0.0,0.0,10000.0,0.0,0.0,0.0
2025-06-12 17:00:00,0.469754,23487.7,7310.0,0.0,16177.7,0.0,0.0,10000.0,0.0,0.0,0.0
2025-06-12 18:00:00,0.378406,18920.3,7310.0,0.0,11610.3,0.0,0.0,10000.0,0.0,0.0,0.0
2025-06-12 19:00:00,0.288891,14444.550000000001,7310.0,0.0,7134.550000000001,0.0,0.0,10000.0,0.0,0.0,0.0
2025-06-12 20:00:00,0.243019,12150.95,7310.0,0.0,4840.950000000001,0.0,0.0,10000.0,0.0,0.0,0.0
2025-06-12 21:00:00,0.218485,10924.25,7310.0,0.0,3614.25,0.0,0.0,10000.0,0.0,0.0,0.0
2025-06-12 22:00:00,0.203818,10190.9,7310.0,0.0,2880.8999999999996,0.0,0.0,10000.0,0.0,0.0,0.0
2025-06-12 23:00:00,0.187919,9395.95,7310.0,0.0,2085.9500000000007,0.0,0.0,10000.0,0.0,0.0,0.0
2025-06-13 00:00:00,0.19100399999999998,9550.199999999999,7310.0,0.0,2240.199999999999,0.0,0.0,10000.0,0.0,0.0,0.0
2025-06-13 01:00:00,0.218389,10919.45,7310.0,0.0,3609.4500000000007,0.0,0.0,10000.0,0.0,0.0,0.0
2025-06-13 02:00:00,0.24072200000000002,12036.1,7310.0,0.0,4726.1,0.0,0.0,10000.0,0.0,0.0,0.0
2025-06-13 03:00:00,0.24796700000000002,12398.35,7310.0,0.0,5088.35,0.0,0.0,10000.0,0.0,0.0,0.0
2025-06-13 04:00:00,0.24310400000000001,12155.2,7310.0,0.0,4845.200000000001,0.0,0.0,10000.0,0.0,0.0,0.0
2025-06-13 05:00:00,0.169475,8473.75,7310.0,0.0,1163.75,0.0,0.0,10000.0,0.0,0.0,0.0
2025-06-13 06:00:00,0.135692,6784.6,6784.6,0.0,0.0,0.0,33.18647654239106,9966.81352345761,525.3999999999996,0.0,0.0
2025-06-13 07:00:00,0.18663300000000002,9331.650000000001,7310.0,1792.069733289096,229.58026671090556,33.186476542390665,0.0,10000.0,0.0,0.0,0.0
2025-06-13 08:00:00,0.192947,9647.35,7310.0,0.0,2337.3500000000004,0.0,0.0,10000.0,0.0,0.0,0.0
2025-06-13 09:00:00,0.170359,8517.95,7310.0,0.0,1207.9500000000007,0.0,0.0,10000.0,0.0,0.0,0.0
2025-06-13 10:00:00,0.125362,6268.1,6268.1,0.0,0.0,0.0,65.81079160547633,9934.189208394524,1041.8999999999996,0.0,0.0
2025-06-13 11:00:00,0.08298699999999999,4149.349999999999,4149.349999999999,0.0,0.0,0.0,199.6399639963997,9734.549244398124,3160.6500000000005,0.0,0.0
2025-06-13 12:00:00,0.065856,3292.7999999999997,3292.7999999999997,0.0,0.0,0.0,253.74326906374853,9480.805975334375,4017.2000000000003,0.0,0.0
2025-06-13 13:00:00,0.062517,3125.8500000000004,3125.8500000000004,0.0,0.0,0.0,264.28853411656956,9216.517441217806,4184.15,0.0,0.0
2025-06-13 14:00:00,0.053725,2686.25,2686.25,0.0,0.0,0.0,292.05552134160786,8924.461919876197,4623.75,0.0,0.0
2025-06-13 15:00:00,0.049179,2458.95,2458.95,0.0,0.0,0.0,306.4127465378117,8618.049173338386,4851.05,0.0,0.0
2025-06-13 16:00:00,0.061081,3054.05,3054.05,0.0,0.0,0.0,268.8237244777109,8349.225448860676,4255.95,0.0,0.0
2025-06-13 17:00:00,0.096513,4825.65,4825.65,0.0,0.0,0.0,156.92200799027276,8192.303440870402,2484.3500000000004,0.0,0.0
2025-06-13 18:00:00,0.207117,10355.85,7310.0,3045.8500000000004,0.0,56.40462962962964,0.0,8248.708070500032,0.0,0.0,0.0
2025-06-13 19:00:00,0.410025,20501.25,7310.0,13191.25,0.0,244.28240740740742,0.0,8492.990477907439,0.0,0.0,0.0
2025-06-13 20:00:00,0.334177,16708.85,7310.0,9398.849999999999,0.0,174.05277777777775,0.0,8667.043255685216,0.0,0.0,0.0
2025-06-13 21:00:00,0.346491,17324.55,7310.0,10014.55,0.0,185.4546296296296,0.0,8852.497885314846,0.0,0.0,0.0
2025-06-13 22:00:00,0.317487,15874.35,7310.0,8564.35,0.0,158.59907407407408,0.0,9011.09695938892,0.0,0.0,0.0
2025-06-13 23:00:00,0.25330600000000003,12665.300000000001,7310.0,5355.300000000001,0.0,99.17222222222225,0.0,9110.269181611142,0.0,0.0,0.0
2025-06-14 00:00:00,0.17258500000000002,8629.25,7310.0,1319.25,0.0,24.430555555555557,0.0,9134.699737166697,0.0,0.0,0.0
2025-06-14 01:00:00,0.16473500000000002,8236.750000000002,7310.0,926.7500000000018,0.0,17.16203703703707,0.0,9151.861774203733,0.0,0.0,0.0
2025-06-14 02:00:00,0.232926,11646.3,7310.0,4336.299999999999,0.0,80.30185185185184,0.0,9232.163626055584,0.0,0.0,0.0
2025-06-14 03:00:00,0.249578,12478.9,7310.0,5168.9,0.0,95.72037037037036,0.0,9327.883996425955,0.0,0.0,0.0
2025-06-14 04:00:00,0.251008,12550.4,7310.0,5240.4,0.0,97.04444444444444,0.0,9424.928440870399,0.0,0.0,0.0
2025-06-14 05:00:00,0.27199,13599.5,7310.0,6289.5,0.0,116.47222222222223,0.0,9541.400663092621,0.0,0.0,0.0
2025-06-14 06:00:00,0.3524,17620.0,7310.0,10310.0,0.0,190.92592592592592,0.0,9732.326589018547,0.0,0.0,0.0
2025-06-14 07:00:00,0.5087200000000001,25436.000000000004,7310.0,14454.36419299848,3671.635807001523,267.67341098145334,0.0,10000.0,0.0,0.0,0.0
2025-06-14 08:00:00,0.613436,30671.8,7310.0,0.0,23361.8,0.0,0.0,10000.0,0.0,0.0,0.0
2025-06-14 09:00:00,0.6661549999999999,33307.75,7310.0,0.0,25997.75,0.0,0.0,10000.0,0.0,0.0,0.0
2025-06-14 10:00:00,0.675975,33798.75,7310.0,0.0,26488.75,0.0,0.0,10000.0,0.0,0.0,0.0
2025-06-14 11:00:00,0.682416,34120.8,7310.0,0.0,26810.800000000003,0.0,0.0,10000.0,0.0,0.0,0.0
2025-06-14 12:00:00,0.684633,34231.65,7310.0,0.0,26921.65,0.0,0.0,10000.0,0.0,0.0,0.0
2025-06-14 13:00:00,0.672667,33633.35,7310.0,0.0,26323.35,0.0,0.0,10000.0,0.0,0.0,0.0
2025-06-14 14:00:00,0.633405,31670.25,7310.0,0.0,24360.25,0.0,0.0,10000.0,0.0,0.0,0.0
2025-06-14 15:00:00,0.5886760000000001,29433.800000000003,7310.0,0.0,22123.800000000003,0.0,0.0,10000.0,0.0,0.0,0.0
2025-06-14 16:00:00,0.559179,27958.95,7310.0,0.0,20648.95,0.0,0.0,10000.0,0.0,0.0,0.0
2025-06-14 17:00:00,0.534073,26703.65,7310.0,0.0,19393.65,0.0,0.0,10000.0,0.0,0.0,0.0
2025-06-14 18:00:00,0.488353,24417.649999999998,7310.0,0.0,17107.649999999998,0.0,0.0,10000.0,0.0,0.0,0.0
2025-06-14 19:00:00,0.43835399999999997,21917.699999999997,7310.0,0.0,14607.699999999997,0.0,0.0,10000.0,0.0,0.0,0.0
2025-06-14 20:00:00,0.44426299999999996,22213.149999999998,7310.0,0.0,14903.149999999998,0.0,0.0,10000.0,0.0,0.0,0.0
2025-06-14 21:00:00,0.423028,21151.4,7310.0,0.0,13841.400000000001,0.0,0.0,10000.0,0.0,0.0,0.0
2025-06-14 22:00:00,0.36805200000000005,18402.600000000002,7310.0,0.0,11092.600000000002,0.0,0.0,10000.0,0.0,0.0,0.0
2025-06-14 23:00:00,0.33286,16643.0,7310.0,0.0,9333.0,0.0,0.0,10000.0,0.0,0.0,0.0
2025-06-15 00:00:00,0.302445,15122.250000000002,7310.0,0.0,7812.250000000002,0.0,0.0,10000.0,0.0,0.0,0.0
2025-06-15 01:00:00,0.290283,14514.150000000001,7310.0,0.0,7204.1500000000015,0.0,0.0,10000.0,0.0,0.0,0.0
2025-06-15 02:00:00,0.304979,15248.95,7310.0,0.0,7938.950000000001,0.0,0.0,10000.0,0.0,0.0,0.0
2025-06-15 03:00:00,0.320078,16003.899999999998,7310.0,0.0,8693.899999999998,0.0,0.0,10000.0,0.0,0.0,0.0
2025-06-15 04:00:00,0.27860399999999996,13930.199999999999,7310.0,0.0,6620.199999999999,0.0,0.0,10000.0,0.0,0.0,0.0
2025-06-15 05:00:00,0.199405,9970.25,7310.0,0.0,2660.25,0.0,0.0,10000.0,0.0,0.0,0.0
2025-06-15 06:00:00,0.219788,10989.400000000001,7310.0,0.0,3679.4000000000015,0.0,0.0,10000.0,0.0,0.0,0.0
2025-06-15 07:00:00,0.208386,10419.3,7310.0,0.0,3109.2999999999993,0.0,0.0,10000.0,0.0,0.0,0.0
2025-06-15 08:00:00,0.213681,10684.050000000001,7310.0,0.0,3374.050000000001,0.0,0.0,10000.0,0.0,0.0,0.0
2025-06-15 09:00:00,0.22796100000000002,11398.050000000001,7310.0,0.0,4088.050000000001,0.0,0.0,10000.0,0.0,0.0,0.0
2025-06-15 10:00:00,0.237177,11858.85,7310.0,0.0,4548.85,0.0,0.0,10000.0,0.0,0.0,0.0
2025-06-15 11:00:00,0.251959,12597.949999999999,7310.0,0.0,5287.949999999999,0.0,0.0,10000.0,0.0,0.0,0.0
2025-06-15 12:00:00,0.279063,13953.15,7310.0,0.0,6643.15,0.0,0.0,10000.0,0.0,0.0,0.0
2025-06-15 13:00:00,0.313399,15669.949999999999,7310.0,0.0,8359.949999999999,0.0,0.0,10000.0,0.0,0.0,0.0
2025-06-15 14:00:00,0.337933,16896.649999999998,7310.0,0.0,9586.649999999998,0.0,0.0,10000.0,0.0,0.0,0.0
2025-06-15 15:00:00,0.336352,16817.6,7310.0,0.0,9507.599999999999,0.0,0.0,10000.0,0.0,0.0,0.0
2025-06-15 16:00:00,0.31121,15560.5,7310.0,0.0,8250.5,0.0,0.0,10000.0,0.0,0.0,0.0
2025-06-15 17:00:00,0.28630900000000004,14315.450000000003,7310.0,0.0,7005.450000000003,0.0,0.0,10000.0,0.0,0.0,0.0
2025-06-15 18:00:00,0.285511,14275.550000000001,7310.0,0.0,6965.550000000001,0.0,0.0,10000.0,0.0,0.0,0.0
2025-06-15 19:00:00,0.338229,16911.45,7310.0,0.0,9601.45,0.0,0.0,10000.0,0.0,0.0,0.0
2025-06-15 20:00:00,0.390396,19519.8,7310.0,0.0,12209.8,0.0,0.0,10000.0,0.0,0.0,0.0
2025-06-15 21:00:00,0.407276,20363.800000000003,7310.0,0.0,13053.800000000003,0.0,0.0,10000.0,0.0,0.0,0.0
2025-06-15 22:00:00,0.38564800000000005,19282.4,7310.0,0.0,11972.400000000001,0.0,0.0,10000.0,0.0,0.0,0.0
2025-06-15 23:00:00,0.349254,17462.7,7310.0,0.0,10152.7,0.0,0.0,10000.0,0.0,0.0,0.0
2025-06-16 00:00:00,0.312738,15636.900000000001,7310.0,0.0,8326.900000000001,0.0,0.0,10000.0,0.0,0.0,0.0
2025-06-16 01:00:00,0.272728,13636.400000000001,7310.0,0.0,6326.4000000000015,0.0,0.0,10000.0,0.0,0.0,0.0
2025-06-16 02:00:00,0.225223,11261.15,7310.0,0.0,3951.1499999999996,0.0,0.0,10000.0,0.0,0.0,0.0
2025-06-16 03:00:00,0.17765799999999998,8882.9,7310.0,0.0,1572.8999999999996,0.0,0.0,10000.0,0.0,0.0,0.0
2025-06-16 04:00:00,0.134161,6708.05,6708.05,0.0,0.0,0.0,38.02169690653275,9961.978303093467,601.9499999999998,0.0,0.0
2025-06-16 05:00:00,0.073276,3663.7999999999997,3663.7999999999997,0.0,0.0,0.0,230.30934672414614,9731.66895636932,3646.2000000000003,0.0,0.0
2025-06-16 06:00:00,0.042217,2110.85,2110.85,0.0,0.0,0.0,328.40020844189684,9403.268747927423,5199.15,0.0,0.0
2025-06-16 07:00:00,0.036666,1833.3,1833.3,0.0,0.0,0.0,345.9314352487881,9057.337312678635,5476.7,0.0,0.0
2025-06-16 08:00:00,0.035186999999999996,1759.35,1759.35,0.0,0.0,0.0,350.60242866391906,8706.734884014717,5550.65,0.0,0.0
2025-06-16 09:00:00,0.033213,1660.6499999999999,1660.6499999999999,0.0,0.0,0.0,356.8367363052095,8349.898147709508,5649.35,0.0,0.0
2025-06-16 10:00:00,0.0332,1660.0,1660.0,0.0,0.0,0.0,356.8777930424622,7993.0203546670455,5650.0,0.0,0.0
2025-06-16 11:00:00,0.035633000000000005,1781.6500000000003,1781.6500000000003,0.0,0.0,0.0,349.19386675509656,7643.826487911949,5528.349999999999,0.0,0.0
2025-06-16 12:00:00,0.042368,2118.4,2118.4,0.0,0.0,0.0,327.9233186476543,7315.903169264295,5191.6,0.0,0.0
2025-06-16 13:00:00,0.052746,2637.3,2637.3,0.0,0.0,0.0,295.1474094777899,7020.755759786505,4672.7,0.0,0.0
2025-06-16 14:00:00,0.06339800000000001,3169.9000000000005,3169.9000000000005,0.0,0.0,0.0,261.50615061506153,6759.249609171444,4140.099999999999,0.0,0.0
2025-06-16 15:00:00,0.072426,3621.3,3621.3,0.0,0.0,0.0,232.99382569835933,6526.255783473084,3688.7,0.0,0.0
2025-06-16 16:00:00,0.07969,3984.5,3984.5,0.0,0.0,0.0,210.05258420578903,6316.2031992672955,3325.5,0.0,0.0
2025-06-16 17:00:00,0.089167,4458.349999999999,4458.349999999999,0.0,0.0,0.0,180.1222227485907,6136.080976518705,2851.6500000000005,0.0,0.0
2025-06-16 18:00:00,0.112155,5607.75,5607.75,0.0,0.0,0.0,107.52127844363385,6028.5596980750715,1702.25,0.0,0.0
2025-06-16 19:00:00,0.16930699999999999,8465.349999999999,7310.0,1155.3499999999985,0.0,21.395370370370344,0.0,6049.955068445442,0.0,0.0,0.0
2025-06-16 20:00:00,0.250058,12502.9,7310.0,5192.9,0.0,96.1648148148148,0.0,6146.119883260257,0.0,0.0,0.0
2025-06-16 21:00:00,0.307996,15399.8,7310.0,8089.799999999999,0.0,149.8111111111111,0.0,6295.930994371368,0.0,0.0,0.0
2025-06-16 22:00:00,0.33157,16578.5,7310.0,9268.5,0.0,171.63888888888889,0.0,6467.569883260257,0.0,0.0,0.0
2025-06-16 23:00:00,0.32861599999999996,16430.8,7310.0,9120.8,0.0,168.90370370370368,0.0,6636.47358696396,0.0,0.0,0.0
2025-06-17 00:00:00,0.30494099999999996,15247.049999999997,7310.0,7937.0499999999965,9.094947017729282e-13,146.98240740740735,0.0,6783.4559943713675,0.0,0.0,0.0
2025-06-17 01:00:00,0.27111900000000005,13555.950000000003,7310.0,6245.950000000003,0.0,115.66574074074079,0.0,6899.121735112109,0.0,0.0,0.0
2025-06-17 02:00:00,0.250957,12547.849999999999,7310.0,5237.8499999999985,0.0,96.99722222222219,0.0,6996.118957334331,0.0,0.0,0.0
2025-06-17 03:00:00,0.234808,11740.4,7310.0,4430.4,0.0,82.04444444444444,0.0,7078.163401778776,0.0,0.0,0.0
2025-06-17 04:00:00,0.20083,10041.5,7310.0,2731.5,0.0,50.583333333333336,0.0,7128.746735112109,0.0,0.0,0.0
2025-06-17 05:00:00,0.10123099999999999,5061.549999999999,5061.549999999999,0.0,0.0,0.0,142.0215705781105,6986.725164533998,2248.4500000000007,0.0,0.0
2025-06-17 06:00:00,0.08641299999999999,4320.65,4320.65,0.0,0.0,0.0,188.8199346250415,6797.905229908957,2989.3500000000004,0.0,0.0
2025-06-17 07:00:00,0.136285,6814.249999999999,6814.249999999999,0.0,0.0,0.0,31.31365768155769,6766.591572227399,495.7500000000009,0.0,0.0
2025-06-17 08:00:00,0.16752899999999998,8376.449999999999,7310.0,1066.449999999999,0.0,19.749074074074056,0.0,6786.3406463014735,0.0,0.0,0.0
2025-06-17 09:00:00,0.178881,8944.050000000001,7310.0,1634.050000000001,0.0,30.260185185185204,0.0,6816.6008314866585,0.0,0.0,0.0
2025-06-17 10:00:00,0.181774,9088.699999999999,7310.0,1778.699999999999,0.0,32.93888888888887,0.0,6849.539720375547,0.0,0.0,0.0
2025-06-17 11:00:00,0.184615,9230.75,7310.0,1920.75,0.0,35.56944444444444,0.0,6885.109164819992,0.0,0.0,0.0
2025-06-17 12:00:00,0.18934399999999998,9467.199999999999,7310.0,2157.199999999999,0.0,39.94814814814813,0.0,6925.05731296814,0.0,0.0,0.0
2025-06-17 13:00:00,0.20086099999999998,10043.05,7310.0,2733.0499999999993,0.0,50.61203703703703,0.0,6975.669350005177,0.0,0.0,0.0
2025-06-17 14:00:00,0.214858,10742.9,7310.0,3432.8999999999996,0.0,63.572222222222216,0.0,7039.241572227399,0.0,0.0,0.0
2025-06-17 15:00:00,0.223267,11163.35,7310.0,3853.35,4.547473508864641e-13,71.35833333333333,0.0,7110.599905560733,0.0,0.0,0.0
2025-06-17 16:00:00,0.225208,11260.4,7310.0,3950.3999999999996,0.0,73.15555555555555,0.0,7183.755461116288,0.0,0.0,0.0
2025-06-17 17:00:00,0.226833,11341.65,7310.0,4031.65,-4.547473508864641e-13,74.66018518518518,0.0,7258.415646301473,0.0,0.0,0.0
2025-06-17 18:00:00,0.23600200000000002,11800.1,7310.0,4490.1,0.0,83.15,0.0,7341.565646301473,0.0,0.0,0.0
2025-06-17 19:00:00,0.296308,14815.400000000001,7310.0,7505.4000000000015,0.0,138.9888888888889,0.0,7480.554535190362,0.0,0.0,0.0
2025-06-17 20:00:00,0.352403,17620.15,7310.0,10310.150000000001,0.0,190.92870370370372,0.0,7671.483238894066,0.0,0.0,0.0
2025-06-17 21:00:00,0.38758499999999996,19379.249999999996,7310.0,12069.249999999996,0.0,223.50462962962956,0.0,7894.987868523695,0.0,0.0,0.0
2025-06-17 22:00:00,0.379795,18989.75,7310.0,11679.75,0.0,216.29166666666666,0.0,8111.279535190362,0.0,0.0,0.0
2025-06-17 23:00:00,0.332944,16647.2,7310.0,9337.2,0.0,172.91111111111113,0.0,8284.190646301473,0.0,0.0,0.0
2025-06-18 00:00:00,0.30494499999999997,15247.249999999998,7310.0,7937.249999999998,0.0,146.9861111111111,0.0,8431.176757412584,0.0,0.0,0.0
2025-06-18 01:00:00,0.294499,14724.95,7310.0,7414.950000000001,0.0,137.3138888888889,0.0,8568.490646301474,0.0,0.0,0.0
2025-06-18 02:00:00,0.26964,13482.0,7310.0,6172.0,0.0,114.29629629629629,0.0,8682.78694259777,0.0,0.0,0.0
2025-06-18 03:00:00,0.23638900000000002,11819.45,7310.0,4509.450000000001,0.0,83.50833333333334,0.0,8766.295275931103,0.0,0.0,0.0
2025-06-18 04:00:00,0.19914199999999999,9957.099999999999,7310.0,2647.0999999999985,0.0,49.020370370370344,0.0,8815.315646301473,0.0,0.0,0.0
2025-06-18 05:00:00,0.09803700000000001,4901.85,4901.85,0.0,0.0,0.0,152.1088951000363,8663.206751201436,2408.1499999999996,0.0,0.0
2025-06-18 06:00:00,0.052478000000000004,2623.9,2623.9,0.0,0.0,0.0,295.99380990730657,8367.21294129413,4686.1,0.0,0.0
2025-06-18 07:00:00,0.023534,1176.7,1176.7,0.0,0.0,0.0,387.40505629510324,7979.807884999027,6133.3,0.0,0.0
2025-06-18 08:00:00,0.018544,927.2,927.2,0.0,0.0,0.0,403.1645269790138,7576.643358020014,6382.8,0.0,0.0
2025-06-18 09:00:00,0.020352000000000002,1017.6000000000001,1017.6000000000001,0.0,0.0,0.0,397.45448229033434,7179.188875729679,6292.4,0.0,0.0
2025-06-18 10:00:00,0.019771,988.5500000000001,988.5500000000001,0.0,0.0,0.0,399.289402624473,6779.899473105206,6321.45,0.0,0.0
2025-06-18 11:00:00,0.018347000000000002,917.3500000000001,917.3500000000001,0.0,0.0,0.0,403.7866944589196,6376.112778646287,6392.65,0.0,0.0
2025-06-18 12:00:00,0.019158,957.9000000000001,957.9000000000001,0.0,0.0,0.0,401.22538569646446,5974.887392949822,6352.1,0.0,0.0
2025-06-18 13:00:00,0.022878,1143.8999999999999,1143.8999999999999,0.0,0.0,0.0,389.47684242108426,5585.410550528738,6166.1,0.0,0.0
2025-06-18 14:00:00,0.029241,1462.05,1462.05,0.0,0.0,0.0,369.38114864117995,5216.029401887558,5847.95,0.0,0.0
2025-06-18 15:00:00,0.037338,1866.9,1866.9,0.0,0.0,0.0,343.80911775388074,4872.2202841336775,5443.1,0.0,0.0
2025-06-18 16:00:00,0.043017,2150.85,2150.85,0.0,0.0,0.0,325.8736399955785,4546.346644138099,5159.15,0.0,0.0
2025-06-18 17:00:00,0.045698,2284.9,2284.9,0.0,0.0,0.0,317.4064774898543,4228.9401666482445,5025.1,0.0,0.0
2025-06-18 18:00:00,0.048881999999999995,2444.1,2444.1,0.0,0.0,0.0,307.35073507350734,3921.5894315747373,4865.9,0.0,0.0
2025-06-18 19:00:00,0.051482999999999994,2574.1499999999996,2574.1499999999996,0.0,0.0,0.0,299.136229412415,3622.453202162322,4735.85,0.0,0.0
2025-06-18 20:00:00,0.052497999999999996,2624.8999999999996,2624.8999999999996,0.0,0.0,0.0,295.93064569614864,3326.5225564661737,4685.1,0.0,0.0
2025-06-18 21:00:00,0.050646000000000004,2532.3,2532.3,0.0,0.0,0.0,301.77965164937547,3024.7429048167983,4777.7,0.0,0.0
2025-06-18 22:00:00,0.047955,2397.75,2397.75,0.0,0.0,0.0,310.27839626067873,2714.4645085561197,4912.25,0.0,0.0
2025-06-18 23:00:00,0.042552,2127.6,2127.6,0.0,0.0,0.0,327.34220790500103,2387.1223006511186,5182.4,0.0,0.0
2025-06-19 00:00:00,0.036448999999999995,1822.4499999999998,1822.4499999999998,0.0,0.0,0.0,346.6167669398519,2040.5055337112667,5487.55,0.0,0.0
2025-06-19 01:00:00,0.032561,1628.05,1628.05,0.0,0.0,0.0,358.89588958895894,1681.6096441223078,5681.95,0.0,0.0
2025-06-19 02:00:00,0.030955,1547.75,1547.75,0.0,0.0,0.0,363.967975744943,1317.6416683773648,5762.25,0.0,0.0
2025-06-19 03:00:00,0.031598,1579.9,1579.9,0.0,0.0,0.0,361.93724635621464,955.7044220211501,5730.1,0.0,0.0
2025-06-19 04:00:00,0.032395,1619.75,1619.75,0.0,0.0,0.0,359.42015254156996,596.2842694795802,5690.25,0.0,0.0
2025-06-19 05:00:00,0.024014,1200.7,1200.7,0.0,0.0,0.0,385.8891152273123,210.3951542522679,6109.3,0.0,0.0
2025-06-19 06:00:00,0.013446999999999999,672.3499999999999,672.3499999999999,0.0,0.0,0.0,210.3951542522679,0.0,3330.923483333342,3306.7265166666575,0.0
2025-06-19 07:00:00,0.011518,575.9,575.9,0.0,0.0,0.0,0.0,0.0,0.0,6734.1,0.0
2025-06-19 08:00:00,0.006719999999999999,335.99999999999994,335.99999999999994,0.0,0.0,0.0,0.0,0.0,0.0,6974.0,0.0
2025-06-19 09:00:00,0.003287,164.35,164.35,0.0,0.0,0.0,0.0,0.0,0.0,7145.65,0.0
2025-06-19 10:00:00,0.002875,143.75,143.75,0.0,0.0,0.0,0.0,0.0,0.0,7166.25,0.0
2025-06-19 11:00:00,0.003544,177.2,177.2,0.0,0.0,0.0,0.0,0.0,0.0,7132.8,0.0
2025-06-19 12:00:00,0.0052640000000000004,263.20000000000005,263.20000000000005,0.0,0.0,0.0,0.0,0.0,0.0,7046.8,0.0
2025-06-19 13:00:00,0.012865999999999999,643.3,643.3,0.0,0.0,0.0,0.0,0.0,0.0,6666.7,0.0
2025-06-19 14:00:00,0.02659,1329.5,1329.5,0.0,0.0,0.0,0.0,0.0,0.0,5980.5,0.0
2025-06-19 15:00:00,0.046435000000000004,2321.75,2321.75,0.0,0.0,0.0,0.0,0.0,0.0,4988.25,0.0
2025-06-19 16:00:00,0.071268,3563.4,3563.4,0.0,0.0,0.0,0.0,0.0,0.0,3746.6,0.0
2025-06-19 17:00:00,0.119514,5975.7,5975.7,0.0,0.0,0.0,0.0,0.0,0.0,1334.3000000000002,0.0
2025-06-19 18:00:00,0.218055,10902.75,7310.0,3592.75,0.0,66.5324074074074,0.0,66.5324074074074,0.0,0.0,0.0
2025-06-19 19:00:00,0.35236700000000004,17618.350000000002,7310.0,10308.350000000002,0.0,190.89537037037042,0.0,257.4277777777778,0.0,0.0,0.0
2025-06-19 20:00:00,0.40219600000000005,20109.800000000003,7310.0,12799.800000000003,0.0,237.0333333333334,0.0,494.4611111111112,0.0,0.0,0.0
2025-06-19 21:00:00,0.33775499999999997,16887.75,7310.0,9577.75,0.0,177.36574074074073,0.0,671.826851851852,0.0,0.0,0.0
2025-06-19 22:00:00,0.255799,12789.95,7310.0,5479.950000000001,0.0,101.48055555555557,0.0,773.3074074074076,0.0,0.0,0.0
2025-06-19 23:00:00,0.223077,11153.85,7310.0,3843.8500000000004,0.0,71.18240740740741,0.0,844.489814814815,0.0,0.0,0.0
2025-06-20 00:00:00,0.240937,12046.85,7310.0,4736.85,0.0,87.71944444444445,0.0,932.2092592592594,0.0,0.0,0.0
2025-06-20 01:00:00,0.264154,13207.7,7310.0,5897.700000000001,0.0,109.21666666666668,0.0,1041.425925925926,0.0,0.0,0.0
2025-06-20 02:00:00,0.27202699999999996,13601.349999999999,7310.0,6291.3499999999985,0.0,116.50648148148146,0.0,1157.9324074074075,0.0,0.0,0.0
2025-06-20 03:00:00,0.28263,14131.5,7310.0,6821.5,0.0,126.32407407407408,0.0,1284.2564814814816,0.0,0.0,0.0
2025-06-20 04:00:00,0.265787,13289.35,7310.0,5979.35,0.0,110.72870370370372,0.0,1394.9851851851854,0.0,0.0,0.0
2025-06-20 05:00:00,0.178118,8905.9,7310.0,1595.8999999999996,0.0,29.553703703703697,0.0,1424.538888888889,0.0,0.0,0.0
2025-06-20 06:00:00,0.107318,5365.9,5365.9,0.0,0.0,0.0,122.79754291218599,1301.741345976703,1944.1000000000004,0.0,0.0
2025-06-20 07:00:00,0.130586,6529.3,6529.3,0.0,0.0,0.0,49.312299651017724,1252.4290463256852,780.6999999999998,0.0,0.0
2025-06-20 08:00:00,0.219999,10999.95,7310.0,3689.9500000000003,4.547473508864641e-13,68.33240740740742,0.0,1320.7614537330926,0.0,0.0,0.0
2025-06-20 09:00:00,0.226918,11345.9,7310.0,4035.8999999999996,0.0,74.73888888888888,0.0,1395.5003426219814,0.0,0.0,0.0
2025-06-20 10:00:00,0.256724,12836.2,7310.0,5526.200000000001,0.0,102.33703703703705,0.0,1497.8373796590186,0.0,0.0,0.0
2025-06-20 11:00:00,0.32243900000000003,16121.95,7310.0,8811.95,0.0,163.18425925925928,0.0,1661.0216389182779,0.0,0.0,0.0
2025-06-20 12:00:00,0.375662,18783.1,7310.0,11473.099999999999,0.0,212.4648148148148,0.0,1873.4864537330927,0.0,0.0,0.0
2025-06-20 13:00:00,0.369298,18464.9,7310.0,11154.900000000001,0.0,206.57222222222225,0.0,2080.058675955315,0.0,0.0,0.0
2025-06-20 14:00:00,0.317238,15861.900000000001,7310.0,8551.900000000001,0.0,158.36851851851856,0.0,2238.4271944738334,0.0,0.0,0.0
2025-06-20 15:00:00,0.269635,13481.75,7310.0,6171.75,0.0,114.29166666666667,0.0,2352.7188611405,0.0,0.0,0.0
2025-06-20 16:00:00,0.24297300000000002,12148.650000000001,7310.0,4838.6500000000015,0.0,89.60462962962966,0.0,2442.3234907701294,0.0,0.0,0.0
2025-06-20 17:00:00,0.225553,11277.65,7310.0,3967.6499999999996,0.0,73.475,0.0,2515.7984907701293,0.0,0.0,0.0
2025-06-20 18:00:00,0.22520199999999999,11260.099999999999,7310.0,3950.0999999999985,0.0,73.14999999999998,0.0,2588.9484907701294,0.0,0.0,0.0
2025-06-20 19:00:00,0.29058999999999996,14529.499999999998,7310.0,7219.499999999997,9.094947017729282e-13,133.6944444444444,0.0,2722.6429352145738,0.0,0.0,0.0
2025-06-20 20:00:00,0.394061,19703.05,7310.0,12393.05,0.0,229.5009259259259,0.0,2952.1438611404997,0.0,0.0,0.0
2025-06-20 21:00:00,0.43997,21998.5,7310.0,14688.499999999998,1.8189894035458565e-12,272.00925925925924,0.0,3224.153120399759,0.0,0.0,0.0
2025-06-20 22:00:00,0.42502300000000004,21251.15,7310.0,13941.150000000001,0.0,258.1694444444445,0.0,3482.322564844203,0.0,0.0,0.0
2025-06-20 23:00:00,0.404492,20224.600000000002,7310.0,12914.600000000002,0.0,239.1592592592593,0.0,3721.4818241034623,0.0,0.0,0.0
2025-06-21 00:00:00,0.393791,19689.55,7310.0,12379.55,0.0,229.2509259259259,0.0,3950.732750029388,0.0,0.0,0.0
2025-06-21 01:00:00,0.383017,19150.85,7310.0,11840.849999999999,0.0,219.27499999999998,0.0,4170.007750029388,0.0,0.0,0.0
2025-06-21 02:00:00,0.37358800000000003,18679.4,7310.0,11369.400000000001,0.0,210.54444444444448,0.0,4380.552194473833,0.0,0.0,0.0
2025-06-21 03:00:00,0.36129300000000003,18064.65,7310.0,10754.650000000001,0.0,199.1601851851852,0.0,4579.712379659019,0.0,0.0,0.0
2025-06-21 04:00:00,0.322624,16131.2,7310.0,8821.2,0.0,163.35555555555558,0.0,4743.067935214574,0.0,0.0,0.0
2025-06-21 05:00:00,0.195163,9758.15,7310.0,2448.1499999999996,0.0,45.3361111111111,0.0,4788.404046325685,0.0,0.0,0.0
2025-06-21 06:00:00,0.112361,5618.05,5618.05,0.0,0.0,0.0,106.87068706870687,4681.533359256979,1691.9499999999998,0.0,0.0
2025-06-21 07:00:00,0.088992,4449.6,4449.6,0.0,0.0,0.0,180.6749095962228,4500.8584496607555,2860.3999999999996,0.0,0.0
2025-06-21 08:00:00,0.191678,9583.9,7310.0,2273.8999999999996,0.0,42.109259259259254,0.0,4542.967708920015,0.0,0.0,0.0
2025-06-21 09:00:00,0.197596,9879.8,7310.0,2569.7999999999993,0.0,47.588888888888874,0.0,4590.5565978089035,0.0,0.0,0.0
2025-06-21 10:00:00,0.16228299999999998,8114.149999999999,7310.0,804.1499999999987,0.0,14.891666666666643,0.0,4605.44826447557,0.0,0.0,0.0
2025-06-21 11:00:00,0.132988,6649.4,6649.4,0.0,0.0,0.0,41.72627789094702,4563.721986584623,660.6000000000004,0.0,0.0
2025-06-21 12:00:00,0.147135,7356.749999999999,7310.0,46.74999999999909,0.0,0.8657407407407239,0.0,4564.587727325364,0.0,0.0,0.0
2025-06-21 13:00:00,0.205587,10279.35,7310.0,2969.3500000000004,0.0,54.98796296296297,0.0,4619.575690288327,0.0,0.0,0.0
2025-06-21 14:00:00,0.291962,14598.1,7310.0,7288.1,0.0,134.96481481481482,0.0,4754.540505103141,0.0,0.0,0.0
2025-06-21 15:00:00,0.350217,17510.85,7310.0,10200.849999999999,0.0,188.9046296296296,0.0,4943.44513473277,0.0,0.0,0.0
2025-06-21 16:00:00,0.371219,18560.95,7310.0,11250.95,0.0,208.35092592592594,0.0,5151.796060658697,0.0,0.0,0.0
2025-06-21 17:00:00,0.375189,18759.45,7310.0,11449.45,0.0,212.02685185185186,0.0,5363.822912510548,0.0,0.0,0.0
2025-06-21 18:00:00,0.3703,18515.0,7310.0,11205.0,0.0,207.5,0.0,5571.322912510548,0.0,0.0,0.0
2025-06-21 19:00:00,0.392778,19638.9,7310.0,12328.900000000001,0.0,228.31296296296298,0.0,5799.635875473511,0.0,0.0,0.0
2025-06-21 20:00:00,0.41956099999999996,20978.05,7310.0,13668.05,0.0,253.11203703703703,0.0,6052.747912510548,0.0,0.0,0.0
2025-06-21 21:00:00,0.407297,20364.850000000002,7310.0,13054.850000000002,0.0,241.75648148148153,0.0,6294.50439399203,0.0,0.0,0.0
2025-06-21 22:00:00,0.371879,18593.95,7310.0,11283.95,0.0,208.96203703703705,0.0,6503.466431029066,0.0,0.0,0.0
2025-06-21 23:00:00,0.320094,16004.699999999999,7310.0,8694.699999999999,0.0,161.01296296296294,0.0,6664.479393992029,0.0,0.0,0.0
2025-06-22 00:00:00,0.26376299999999997,13188.149999999998,7310.0,5878.149999999998,0.0,108.85462962962958,0.0,6773.334023621659,0.0,0.0,0.0
2025-06-22 01:00:00,0.247666,12383.3,7310.0,5073.299999999999,0.0,93.94999999999999,0.0,6867.284023621659,0.0,0.0,0.0
2025-06-22 02:00:00,0.291043,14552.15,7310.0,7242.15,0.0,134.11388888888888,0.0,7001.397912510548,0.0,0.0,0.0
2025-06-22 03:00:00,0.33786,16893.0,7310.0,9583.0,0.0,177.46296296296296,0.0,7178.8608754735105,0.0,0.0,0.0
2025-06-22 04:00:00,0.297223,14861.150000000001,7310.0,7551.1500000000015,0.0,139.83611111111114,0.0,7318.696986584621,0.0,0.0,0.0
2025-06-22 05:00:00,0.23772900000000002,11886.45,7310.0,4576.450000000001,0.0,84.74907407407409,0.0,7403.446060658695,0.0,0.0,0.0
2025-06-22 06:00:00,0.32514299999999996,16257.149999999998,7310.0,8947.149999999998,0.0,165.68796296296293,0.0,7569.134023621658,0.0,0.0,0.0
2025-06-22 07:00:00,0.376229,18811.45,7310.0,11501.45,0.0,212.98981481481482,0.0,7782.123838436473,0.0,0.0,0.0
2025-06-22 08:00:00,0.419574,20978.7,7310.0,13668.7,0.0,253.1240740740741,0.0,8035.247912510547,0.0,0.0,0.0
2025-06-22 09:00:00,0.47177600000000003,23588.800000000003,7310.0,16278.800000000005,-1.8189894035458565e-12,301.45925925925934,0.0,8336.707171769807,0.0,0.0,0.0
2025-06-22 10:00:00,0.547033,27351.649999999998,7310.0,20041.649999999998,0.0,371.14166666666665,0.0,8707.848838436474,0.0,0.0,0.0
2025-06-22 11:00:00,0.630467,31523.35,7310.0,24213.35,0.0,448.39537037037036,0.0,9156.244208806844,0.0,0.0,0.0
2025-06-22 12:00:00,0.69659,34829.5,7310.0,25000.0,2519.5,462.962962962963,0.0,9619.207171769807,0.0,0.0,0.0
2025-06-22 13:00:00,0.7323189999999999,36615.95,7310.0,20562.81272443041,8743.137275569588,380.79282823019275,0.0,10000.0,0.0,0.0,0.0
2025-06-22 14:00:00,0.751327,37566.35,7310.0,0.0,30256.35,0.0,0.0,10000.0,0.0,0.0,0.0
2025-06-22 15:00:00,0.778192,38909.6,7310.0,0.0,31599.6,0.0,0.0,10000.0,0.0,0.0,0.0
2025-06-22 16:00:00,0.793008,39650.4,7310.0,0.0,32340.4,0.0,0.0,10000.0,0.0,0.0,0.0
2025-06-22 17:00:00,0.777088,38854.4,7310.0,0.0,31544.4,0.0,0.0,10000.0,0.0,0.0,0.0
2025-06-22 18:00:00,0.739497,36974.85,7310.0,0.0,29664.85,0.0,0.0,10000.0,0.0,0.0,0.0
2025-06-22 19:00:00,0.69165,34582.5,7310.0,0.0,27272.5,0.0,0.0,10000.0,0.0,0.0,0.0
2025-06-22 20:00:00,0.652046,32602.3,7310.0,0.0,25292.3,0.0,0.0,10000.0,0.0,0.0,0.0
2025-06-22 21:00:00,0.65466,32733.0,7310.0,0.0,25423.0,0.0,0.0,10000.0,0.0,0.0,0.0
2025-06-22 22:00:00,0.656498,32824.9,7310.0,0.0,25514.9,0.0,0.0,10000.0,0.0,0.0,0.0
2025-06-22 23:00:00,0.656239,32811.950000000004,7310.0,0.0,25501.950000000004,0.0,0.0,10000.0,0.0,0.0,0.0
2025-06-23 00:00:00,0.665782,33289.1,7310.0,0.0,25979.1,0.0,0.0,10000.0,0.0,0.0,0.0
2025-06-23 01:00:00,0.6634479999999999,33172.399999999994,7310.0,0.0,25862.399999999994,0.0,0.0,10000.0,0.0,0.0,0.0
2025-06-23 02:00:00,0.644702,32235.1,7310.0,0.0,24925.1,0.0,0.0,10000.0,0.0,0.0,0.0
2025-06-23 03:00:00,0.6153160000000001,30765.800000000003,7310.0,0.0,23455.800000000003,0.0,0.0,10000.0,0.0,0.0,0.0
2025-06-23 04:00:00,0.597623,29881.15,7310.0,0.0,22571.15,0.0,0.0,10000.0,0.0,0.0,0.0
2025-06-23 05:00:00,0.586628,29331.4,7310.0,0.0,22021.4,0.0,0.0,10000.0,0.0,0.0,0.0
2025-06-23 06:00:00,0.653269,32663.45,7310.0,0.0,25353.45,0.0,0.0,10000.0,0.0,0.0,0.0
2025-06-23 07:00:00,0.6418010000000001,32090.050000000003,7310.0,0.0,24780.050000000003,0.0,0.0,10000.0,0.0,0.0,0.0
2025-06-23 08:00:00,0.603599,30179.95,7310.0,0.0,22869.95,0.0,0.0,10000.0,0.0,0.0,0.0
2025-06-23 09:00:00,0.577721,28886.050000000003,7310.0,0.0,21576.050000000003,0.0,0.0,10000.0,0.0,0.0,0.0
2025-06-23 10:00:00,0.5651889999999999,28259.449999999997,7310.0,0.0,20949.449999999997,0.0,0.0,10000.0,0.0,0.0,0.0
2025-06-23 11:00:00,0.558475,27923.750000000004,7310.0,0.0,20613.750000000004,0.0,0.0,10000.0,0.0,0.0,0.0
2025-06-23 12:00:00,0.565789,28289.45,7310.0,0.0,20979.45,0.0,0.0,10000.0,0.0,0.0,0.0
2025-06-23 13:00:00,0.562142,28107.100000000002,7310.0,0.0,20797.100000000002,0.0,0.0,10000.0,0.0,0.0,0.0
2025-06-23 14:00:00,0.5589729999999999,27948.649999999998,7310.0,0.0,20638.649999999998,0.0,0.0,10000.0,0.0,0.0,0.0
2025-06-23 15:00:00,0.575941,28797.050000000003,7310.0,0.0,21487.050000000003,0.0,0.0,10000.0,0.0,0.0,0.0
2025-06-23 16:00:00,0.5986319999999999,29931.6,7310.0,0.0,22621.6,0.0,0.0,10000.0,0.0,0.0,0.0
2025-06-23 17:00:00,0.594878,29743.9,7310.0,0.0,22433.9,0.0,0.0,10000.0,0.0,0.0,0.0
2025-06-23 18:00:00,0.5348630000000001,26743.150000000005,7310.0,0.0,19433.150000000005,0.0,0.0,10000.0,0.0,0.0,0.0
2025-06-23 19:00:00,0.460449,23022.45,7310.0,0.0,15712.45,0.0,0.0,10000.0,0.0,0.0,0.0
2025-06-23 20:00:00,0.439543,21977.15,7310.0,0.0,14667.150000000001,0.0,0.0,10000.0,0.0,0.0,0.0
2025-06-23 21:00:00,0.425038,21251.9,7310.0,0.0,13941.900000000001,0.0,0.0,10000.0,0.0,0.0,0.0
2025-06-23 22:00:00,0.413647,20682.35,7310.0,0.0,13372.349999999999,0.0,0.0,10000.0,0.0,0.0,0.0
2025-06-23 23:00:00,0.40730299999999997,20365.149999999998,7310.0,0.0,13055.149999999998,0.0,0.0,10000.0,0.0,0.0,0.0
2025-06-24 00:00:00,0.39101400000000003,19550.7,7310.0,0.0,12240.7,0.0,0.0,10000.0,0.0,0.0,0.0
2025-06-24 01:00:00,0.37359,18679.5,7310.0,0.0,11369.5,0.0,0.0,10000.0,0.0,0.0,0.0
2025-06-24 02:00:00,0.366924,18346.199999999997,7310.0,0.0,11036.199999999997,0.0,0.0,10000.0,0.0,0.0,0.0
2025-06-24 03:00:00,0.366926,18346.3,7310.0,0.0,11036.3,0.0,0.0,10000.0,0.0,0.0,0.0
2025-06-24 04:00:00,0.36240300000000003,18120.15,7310.0,0.0,10810.150000000001,0.0,0.0,10000.0,0.0,0.0,0.0
2025-06-24 05:00:00,0.395104,19755.2,7310.0,0.0,12445.2,0.0,0.0,10000.0,0.0,0.0,0.0
2025-06-24 06:00:00,0.553337,27666.85,7310.0,0.0,20356.85,0.0,0.0,10000.0,0.0,0.0,0.0
2025-06-24 07:00:00,0.644077,32203.850000000002,7310.0,0.0,24893.850000000002,0.0,0.0,10000.0,0.0,0.0,0.0
2025-06-24 08:00:00,0.70766,35383.0,7310.0,0.0,28073.0,0.0,0.0,10000.0,0.0,0.0,0.0
2025-06-24 09:00:00,0.743874,37193.700000000004,7310.0,0.0,29883.700000000004,0.0,0.0,10000.0,0.0,0.0,0.0
2025-06-24 10:00:00,0.749867,37493.35,7310.0,0.0,30183.35,0.0,0.0,10000.0,0.0,0.0,0.0
2025-06-24 11:00:00,0.745839,37291.950000000004,7310.0,0.0,29981.950000000004,0.0,0.0,10000.0,0.0,0.0,0.0
2025-06-24 12:00:00,0.750657,37532.85,7310.0,0.0,30222.85,0.0,0.0,10000.0,0.0,0.0,0.0
2025-06-24 13:00:00,0.753817,37690.85,7310.0,0.0,30380.85,0.0,0.0,10000.0,0.0,0.0,0.0
2025-06-24 14:00:00,0.745417,37270.85,7310.0,0.0,29960.85,0.0,0.0,10000.0,0.0,0.0,0.0
2025-06-24 15:00:00,0.73057,36528.5,7310.0,0.0,29218.5,0.0,0.0,10000.0,0.0,0.0,0.0
2025-06-24 16:00:00,0.717298,35864.9,7310.0,0.0,28554.9,0.0,0.0,10000.0,0.0,0.0,0.0
2025-06-24 17:00:00,0.6925,34625.0,7310.0,0.0,27315.0,0.0,0.0,10000.0,0.0,0.0,0.0
2025-06-24 18:00:00,0.629681,31484.050000000003,7310.0,0.0,24174.050000000003,0.0,0.0,10000.0,0.0,0.0,0.0
2025-06-24 19:00:00,0.535383,26769.15,7310.0,0.0,19459.15,0.0,0.0,10000.0,0.0,0.0,0.0
2025-06-24 20:00:00,0.47113,23556.5,7310.0,0.0,16246.5,0.0,0.0,10000.0,0.0,0.0,0.0
2025-06-24 21:00:00,0.42846100000000004,21423.050000000003,7310.0,0.0,14113.050000000003,0.0,0.0,10000.0,0.0,0.0,0.0
2025-06-24 22:00:00,0.38998700000000003,19499.350000000002,7310.0,0.0,12189.350000000002,0.0,0.0,10000.0,0.0,0.0,0.0
2025-06-24 23:00:00,0.373346,18667.3,7310.0,0.0,11357.3,0.0,0.0,10000.0,0.0,0.0,0.0
2025-06-25 00:00:00,0.365037,18251.85,7310.0,0.0,10941.849999999999,0.0,0.0,10000.0,0.0,0.0,0.0
2025-06-25 01:00:00,0.3547,17735.0,7310.0,0.0,10425.0,0.0,0.0,10000.0,0.0,0.0,0.0
2025-06-25 02:00:00,0.325188,16259.4,7310.0,0.0,8949.4,0.0,0.0,10000.0,0.0,0.0,0.0
2025-06-25 03:00:00,0.28309500000000004,14154.750000000002,7310.0,0.0,6844.750000000002,0.0,0.0,10000.0,0.0,0.0,0.0
2025-06-25 04:00:00,0.25326499999999996,12663.249999999998,7310.0,0.0,5353.249999999998,0.0,0.0,10000.0,0.0,0.0,0.0
2025-06-25 05:00:00,0.19453499999999999,9726.75,7310.0,0.0,2416.75,0.0,0.0,10000.0,0.0,0.0,0.0
2025-06-25 06:00:00,0.184601,9230.05,7310.0,0.0,1920.0499999999993,0.0,0.0,10000.0,0.0,0.0,0.0
2025-06-25 07:00:00,0.128246,6412.3,6412.3,0.0,0.0,0.0,56.7025123564988,9943.297487643502,897.6999999999998,0.0,0.0
2025-06-25 08:00:00,0.090139,4506.95,4506.95,0.0,0.0,0.0,177.05244208631393,9766.245045557189,2803.05,0.0,0.0
2025-06-25 09:00:00,0.072673,3633.65,3633.65,0.0,0.0,0.0,232.21374769055856,9534.03129786663,3676.35,0.0,0.0
2025-06-25 10:00:00,0.065289,3264.45,3264.45,0.0,0.0,0.0,255.53397445007664,9278.497323416554,4045.55,0.0,0.0
2025-06-25 11:00:00,0.067748,3387.4,3387.4,0.0,0.0,0.0,247.76793468820568,9030.729388728349,3922.6,0.0,0.0
2025-06-25 12:00:00,0.077261,3863.0499999999997,3863.0499999999997,0.0,0.0,0.0,217.72387765092304,8813.005511077425,3446.9500000000003,0.0,0.0
2025-06-25 13:00:00,0.08691700000000001,4345.85,4345.85,0.0,0.0,0.0,187.22819650386091,8625.777314573565,2964.1499999999996,0.0,0.0
2025-06-25 14:00:00,0.09670699999999999,4835.349999999999,4835.349999999999,0.0,0.0,0.0,156.30931514204056,8469.467999431525,2474.6500000000005,0.0,0.0
2025-06-25 15:00:00,0.092042,4602.1,4602.1,0.0,0.0,0.0,171.0423673946342,8298.425632036891,2707.8999999999996,0.0,0.0
2025-06-25 16:00:00,0.075534,3776.7000000000003,3776.7000000000003,0.0,0.0,0.0,223.17810728441265,8075.247524752479,3533.2999999999997,0.0,0.0
2025-06-25 17:00:00,0.081868,4093.3999999999996,4093.3999999999996,0.0,0.0,0.0,203.17400161068744,7872.073523141791,3216.6000000000004,0.0,0.0
2025-06-25 18:00:00,0.130069,6503.45,6503.45,0.0,0.0,0.0,50.94509450945096,7821.12842863234,806.5500000000002,0.0,0.0
2025-06-25 19:00:00,0.15457400000000002,7728.700000000001,7310.0,418.7000000000007,0.0,7.753703703703717,0.0,7828.8821323360435,0.0,0.0,0.0
2025-06-25 20:00:00,0.138011,6900.55,6900.55,0.0,0.0,0.0,25.862586258625853,7803.0195460774175,409.4499999999998,0.0,0.0
2025-06-25 21:00:00,0.133036,6651.799999999999,6651.799999999999,0.0,0.0,0.0,41.57468378416794,7761.44486229325,658.2000000000007,0.0,0.0
2025-06-25 22:00:00,0.146043,7302.150000000001,7302.150000000001,0.0,0.0,0.0,0.49583905758993513,7760.949023235659,7.849999999999454,0.0,0.0
2025-06-25 23:00:00,0.171119,8555.949999999999,7310.0,1245.949999999999,0.0,23.073148148148128,0.0,7784.022171383807,0.0,0.0,0.0
2025-06-26 00:00:00,0.149668,7483.4,7310.0,173.39999999999964,0.0,3.2111111111111046,0.0,7787.233282494918,0.0,0.0,0.0
2025-06-26 01:00:00,0.157083,7854.15,7310.0,544.1499999999996,0.0,10.076851851851846,0.0,7797.31013434677,0.0,0.0,0.0
2025-06-26 02:00:00,0.18709299999999998,9354.65,7310.0,2044.6499999999996,0.0,37.86388888888888,0.0,7835.174023235659,0.0,0.0,0.0
2025-06-26 03:00:00,0.203993,10199.65,7310.0,2889.6499999999996,0.0,53.51203703703703,0.0,7888.686060272696,0.0,0.0,0.0
2025-06-26 04:00:00,0.240732,12036.6,7310.0,4726.6,0.0,87.52962962962964,0.0,7976.215689902325,0.0,0.0,0.0
2025-06-26 05:00:00,0.329883,16494.149999999998,7310.0,9184.149999999998,0.0,170.0768518518518,0.0,8146.292541754176,0.0,0.0,0.0
2025-06-26 06:00:00,0.5012,25060.0,7310.0,17750.0,0.0,328.7037037037037,0.0,8474.99624545788,0.0,0.0,0.0
2025-06-26 07:00:00,0.547033,27351.649999999998,7310.0,20041.649999999998,0.0,371.14166666666665,0.0,8846.137912124546,0.0,0.0,0.0
2025-06-26 08:00:00,0.632943,31647.15,7310.0,24337.15,0.0,450.687962962963,0.0,9296.82587508751,0.0,0.0,0.0
2025-06-26 09:00:00,0.706218,35310.9,7310.0,25000.0,3000.9000000000015,462.962962962963,0.0,9759.788838050474,0.0,0.0,0.0
2025-06-26 10:00:00,0.7491209999999999,37456.049999999996,7310.0,12971.40274527442,17174.647254725576,240.21116194952629,0.0,10000.0,0.0,0.0,0.0
2025-06-26 11:00:00,0.790917,39545.85,7310.0,0.0,32235.85,0.0,0.0,10000.0,0.0,0.0,0.0
2025-06-26 12:00:00,0.8121079999999999,40605.399999999994,7310.0,0.0,33295.399999999994,0.0,0.0,10000.0,0.0,0.0,0.0
2025-06-26 13:00:00,0.806053,40302.65,7310.0,0.0,32992.65,0.0,0.0,10000.0,0.0,0.0,0.0
2025-06-26 14:00:00,0.794254,39712.700000000004,7310.0,0.0,32402.700000000004,0.0,0.0,10000.0,0.0,0.0,0.0
2025-06-26 15:00:00,0.764223,38211.15,7310.0,0.0,30901.15,0.0,0.0,10000.0,0.0,0.0,0.0
2025-06-26 16:00:00,0.7169220000000001,35846.100000000006,7310.0,0.0,28536.100000000006,0.0,0.0,10000.0,0.0,0.0,0.0
2025-06-26 17:00:00,0.661029,33051.45,7310.0,0.0,25741.449999999997,0.0,0.0,10000.0,0.0,0.0,0.0
2025-06-26 18:00:00,0.589529,29476.449999999997,7310.0,0.0,22166.449999999997,0.0,0.0,10000.0,0.0,0.0,0.0
2025-06-26 19:00:00,0.447023,22351.15,7310.0,0.0,15041.150000000001,0.0,0.0,10000.0,0.0,0.0,0.0
2025-06-26 20:00:00,0.35766000000000003,17883.0,7310.0,0.0,10573.0,0.0,0.0,10000.0,0.0,0.0,0.0
2025-06-26 21:00:00,0.328051,16402.55,7310.0,0.0,9092.55,0.0,0.0,10000.0,0.0,0.0,0.0
2025-06-26 22:00:00,0.299971,14998.55,7310.0,0.0,7688.549999999999,0.0,0.0,10000.0,0.0,0.0,0.0
2025-06-26 23:00:00,0.255486,12774.3,7310.0,0.0,5464.299999999999,0.0,0.0,10000.0,0.0,0.0,0.0
2025-06-27 00:00:00,0.239981,11999.05,7310.0,0.0,4689.049999999999,0.0,0.0,10000.0,0.0,0.0,0.0
2025-06-27 01:00:00,0.23149799999999998,11574.9,7310.0,0.0,4264.9,0.0,0.0,10000.0,0.0,0.0,0.0
2025-06-27 02:00:00,0.217435,10871.75,7310.0,0.0,3561.75,0.0,0.0,10000.0,0.0,0.0,0.0
2025-06-27 03:00:00,0.193366,9668.300000000001,7310.0,0.0,2358.300000000001,0.0,0.0,10000.0,0.0,0.0,0.0
2025-06-27 04:00:00,0.16742400000000002,8371.2,7310.0,0.0,1061.2000000000007,0.0,0.0,10000.0,0.0,0.0,0.0
2025-06-27 05:00:00,0.171238,8561.9,7310.0,0.0,1251.8999999999996,0.0,0.0,10000.0,0.0,0.0,0.0
2025-06-27 06:00:00,0.232892,11644.599999999999,7310.0,0.0,4334.5999999999985,0.0,0.0,10000.0,0.0,0.0,0.0
2025-06-27 07:00:00,0.26963299999999996,13481.649999999998,7310.0,0.0,6171.649999999998,0.0,0.0,10000.0,0.0,0.0,0.0
2025-06-27 08:00:00,0.31788099999999997,15894.05,7310.0,0.0,8584.05,0.0,0.0,10000.0,0.0,0.0,0.0
2025-06-27 09:00:00,0.380867,19043.350000000002,7310.0,0.0,11733.350000000002,0.0,0.0,10000.0,0.0,0.0,0.0
2025-06-27 10:00:00,0.431772,21588.6,7310.0,0.0,14278.599999999999,0.0,0.0,10000.0,0.0,0.0,0.0
2025-06-27 11:00:00,0.48512900000000003,24256.45,7310.0,0.0,16946.45,0.0,0.0,10000.0,0.0,0.0,0.0
2025-06-27 12:00:00,0.538301,26915.050000000003,7310.0,0.0,19605.050000000003,0.0,0.0,10000.0,0.0,0.0,0.0
2025-06-27 13:00:00,0.573763,28688.15,7310.0,0.0,21378.15,0.0,0.0,10000.0,0.0,0.0,0.0
2025-06-27 14:00:00,0.594238,29711.9,7310.0,0.0,22401.9,0.0,0.0,10000.0,0.0,0.0,0.0
2025-06-27 15:00:00,0.625394,31269.7,7310.0,0.0,23959.7,0.0,0.0,10000.0,0.0,0.0,0.0
2025-06-27 16:00:00,0.644404,32220.199999999997,7310.0,0.0,24910.199999999997,0.0,0.0,10000.0,0.0,0.0,0.0
2025-06-27 17:00:00,0.643521,32176.05,7310.0,0.0,24866.05,0.0,0.0,10000.0,0.0,0.0,0.0
2025-06-27 18:00:00,0.6246130000000001,31230.650000000005,7310.0,0.0,23920.650000000005,0.0,0.0,10000.0,0.0,0.0,0.0
2025-06-27 19:00:00,0.595018,29750.9,7310.0,0.0,22440.9,0.0,0.0,10000.0,0.0,0.0,0.0
2025-06-27 20:00:00,0.551871,27593.55,7310.0,0.0,20283.55,0.0,0.0,10000.0,0.0,0.0,0.0
2025-06-27 21:00:00,0.526125,26306.249999999996,7310.0,0.0,18996.249999999996,0.0,0.0,10000.0,0.0,0.0,0.0
2025-06-27 22:00:00,0.5007119999999999,25035.6,7310.0,0.0,17725.6,0.0,0.0,10000.0,0.0,0.0,0.0
2025-06-27 23:00:00,0.478713,23935.65,7310.0,0.0,16625.65,0.0,0.0,10000.0,0.0,0.0,0.0
2025-06-28 00:00:00,0.46902999999999995,23451.499999999996,7310.0,0.0,16141.499999999996,0.0,0.0,10000.0,0.0,0.0,0.0
2025-06-28 01:00:00,0.46354,23177.0,7310.0,0.0,15867.0,0.0,0.0,10000.0,0.0,0.0,0.0
2025-06-28 02:00:00,0.456215,22810.75,7310.0,0.0,15500.75,0.0,0.0,10000.0,0.0,0.0,0.0
2025-06-28 03:00:00,0.450442,22522.100000000002,7310.0,0.0,15212.100000000002,0.0,0.0,10000.0,0.0,0.0,0.0
2025-06-28 04:00:00,0.422301,21115.05,7310.0,0.0,13805.05,0.0,0.0,10000.0,0.0,0.0,0.0
2025-06-28 05:00:00,0.419571,20978.550000000003,7310.0,0.0,13668.550000000003,0.0,0.0,10000.0,0.0,0.0,0.0
2025-06-28 06:00:00,0.544336,27216.800000000003,7310.0,0.0,19906.800000000003,0.0,0.0,10000.0,0.0,0.0,0.0
2025-06-28 07:00:00,0.578236,28911.8,7310.0,0.0,21601.8,0.0,0.0,10000.0,0.0,0.0,0.0
2025-06-28 08:00:00,0.572451,28622.550000000003,7310.0,0.0,21312.550000000003,0.0,0.0,10000.0,0.0,0.0,0.0
2025-06-28 09:00:00,0.547034,27351.7,7310.0,0.0,20041.7,0.0,0.0,10000.0,0.0,0.0,0.0
2025-06-28 10:00:00,0.5240940000000001,26204.700000000004,7310.0,0.0,18894.700000000004,0.0,0.0,10000.0,0.0,0.0,0.0
2025-06-28 11:00:00,0.522273,26113.649999999998,7310.0,0.0,18803.649999999998,0.0,0.0,10000.0,0.0,0.0,0.0
2025-06-28 12:00:00,0.5287540000000001,26437.700000000004,7310.0,0.0,19127.700000000004,0.0,0.0,10000.0,0.0,0.0,0.0
2025-06-28 13:00:00,0.532149,26607.45,7310.0,0.0,19297.45,0.0,0.0,10000.0,0.0,0.0,0.0
2025-06-28 14:00:00,0.5271760000000001,26358.800000000003,7310.0,0.0,19048.800000000003,0.0,0.0,10000.0,0.0,0.0,0.0
2025-06-28 15:00:00,0.521828,26091.399999999998,7310.0,0.0,18781.399999999998,0.0,0.0,10000.0,0.0,0.0,0.0
2025-06-28 16:00:00,0.5130589999999999,25652.949999999997,7310.0,0.0,18342.949999999997,0.0,0.0,10000.0,0.0,0.0,0.0
2025-06-28 17:00:00,0.494637,24731.85,7310.0,0.0,17421.85,0.0,0.0,10000.0,0.0,0.0,0.0
2025-06-28 18:00:00,0.451469,22573.45,7310.0,0.0,15263.45,0.0,0.0,10000.0,0.0,0.0,0.0
2025-06-28 19:00:00,0.40663299999999997,20331.649999999998,7310.0,0.0,13021.649999999998,0.0,0.0,10000.0,0.0,0.0,0.0
2025-06-28 20:00:00,0.414155,20707.75,7310.0,0.0,13397.75,0.0,0.0,10000.0,0.0,0.0,0.0
2025-06-28 21:00:00,0.412729,20636.45,7310.0,0.0,13326.45,0.0,0.0,10000.0,0.0,0.0,0.0
2025-06-28 22:00:00,0.38038,19019.0,7310.0,0.0,11709.0,0.0,0.0,10000.0,0.0,0.0,0.0
2025-06-28 23:00:00,0.32771,16385.5,7310.0,0.0,9075.5,0.0,0.0,10000.0,0.0,0.0,0.0
2025-06-29 00:00:00,0.286355,14317.750000000002,7310.0,0.0,7007.750000000002,0.0,0.0,10000.0,0.0,0.0,0.0
2025-06-29 01:00:00,0.25490199999999996,12745.099999999999,7310.0,0.0,5435.0999999999985,0.0,0.0,10000.0,0.0,0.0,0.0
2025-06-29 02:00:00,0.23294499999999999,11647.25,7310.0,0.0,4337.25,0.0,0.0,10000.0,0.0,0.0,0.0
2025-06-29 03:00:00,0.208991,10449.550000000001,7310.0,0.0,3139.550000000001,0.0,0.0,10000.0,0.0,0.0,0.0
2025-06-29 04:00:00,0.167499,8374.95,7310.0,0.0,1064.9500000000007,0.0,0.0,10000.0,0.0,0.0,0.0
2025-06-29 05:00:00,0.09726900000000001,4863.450000000001,4863.450000000001,0.0,0.0,0.0,154.53440080850189,9845.465599191499,2446.5499999999993,0.0,0.0
2025-06-29 06:00:00,0.068128,3406.3999999999996,3406.3999999999996,0.0,0.0,0.0,246.5678146762045,9598.897784515295,3903.6000000000004,0.0,0.0
2025-06-29 07:00:00,0.037056,1852.8,1852.8,0.0,0.0,0.0,344.6997331312079,9254.198051384086,5457.2,0.0,0.0
2025-06-29 08:00:00,0.022424,1121.2,1121.2,0.0,0.0,0.0,390.91067001436994,8863.287381369717,6188.8,0.0,0.0
2025-06-29 09:00:00,0.013736,686.8,686.8,0.0,0.0,0.0,418.3492033413868,8444.93817802833,6623.2,0.0,0.0
2025-06-29 10:00:00,0.008058,402.9,402.9,0.0,0.0,0.0,436.2815228891311,8008.656655139198,6907.1,0.0,0.0
2025-06-29 11:00:00,0.007038,351.9,351.9,0.0,0.0,0.0,439.50289765818695,7569.153757481011,6958.1,0.0,0.0
2025-06-29 12:00:00,0.008686,434.29999999999995,434.29999999999995,0.0,0.0,0.0,434.2981666587712,7134.85559082224,6875.7,0.0,0.0
2025-06-29 13:00:00,0.010008,500.4,500.4,0.0,0.0,0.0,430.1230123012302,6704.73257852101,6809.6,0.0,0.0
2025-06-29 14:00:00,0.009382,469.09999999999997,469.09999999999997,0.0,0.0,0.0,432.1000521104742,6272.632526410535,6840.9,0.0,0.0
2025-06-29 15:00:00,0.007943,397.15000000000003,397.15000000000003,0.0,0.0,0.0,436.64471710328934,5835.987809307246,6912.85,0.0,0.0
2025-06-29 16:00:00,0.006367,318.35,318.35,0.0,0.0,0.0,441.6220569425364,5394.365752364709,6991.65,0.0,0.0
2025-06-29 17:00:00,0.008412000000000001,420.6000000000001,420.6000000000001,0.0,0.0,0.0,435.16351635163517,4959.202236013074,6889.4,0.0,0.0
2025-06-29 18:00:00,0.035698,1784.9,1784.9,0.0,0.0,0.0,348.98858306883324,4610.2136529442405,5525.1,0.0,0.0
2025-06-29 19:00:00,0.117737,5886.849999999999,5886.849999999999,0.0,0.0,0.0,89.89214710944783,4520.321505834792,1423.1500000000005,0.0,0.0
2025-06-29 20:00:00,0.21394,10697.0,7310.0,3387.0,0.0,62.72222222222222,0.0,4583.043728057015,0.0,0.0,0.0
2025-06-29 21:00:00,0.269272,13463.6,7310.0,6153.6,0.0,113.95555555555556,0.0,4696.99928361257,0.0,0.0,0.0
2025-06-29 22:00:00,0.258722,12936.1,7310.0,5626.1,0.0,104.18703703703704,0.0,4801.186320649607,0.0,0.0,0.0
2025-06-29 23:00:00,0.219075,10953.75,7310.0,3643.75,0.0,67.47685185185185,0.0,4868.6631725014595,0.0,0.0,0.0
2025-06-30 00:00:00,0.195018,9750.9,7310.0,2440.8999999999996,0.0,45.20185185185184,0.0,4913.865024353311,0.0,0.0,0.0
2025-06-30 01:00:00,0.183225,9161.25,7310.0,1851.2499999999998,2.2737367544323206e-13,34.282407407407405,0.0,4948.147431760719,0.0,0.0,0.0
2025-06-30 02:00:00,0.185454,9272.7,7310.0,1962.7000000000007,0.0,36.34629629629631,0.0,4984.493728057016,0.0,0.0,0.0
2025-06-30 03:00:00,0.192581,9629.05,7310.0,2319.0499999999993,0.0,42.945370370370355,0.0,5027.439098427386,0.0,0.0,0.0
2025-06-30 04:00:00,0.165525,8276.25,7310.0,966.25,0.0,17.89351851851852,0.0,5045.332616945904,0.0,0.0,0.0
2025-06-30 05:00:00,0.079583,3979.15,3979.15,0.0,0.0,0.0,210.3905127354841,4834.94210421042,3330.85,0.0,0.0
2025-06-30 06:00:00,0.08576399999999999,4288.2,4288.2,0.0,0.0,0.0,190.86961327711722,4644.072490933303,3021.8,0.0,0.0
2025-06-30 07:00:00,0.10481499999999999,5240.75,5240.75,0.0,0.0,0.0,130.7025439386044,4513.369946994699,2069.25,0.0,0.0
2025-06-30 08:00:00,0.10761799999999999,5380.9,5380.9,0.0,0.0,0.0,121.85007974481663,4391.519867249882,1929.1000000000004,0.0,0.0
2025-06-30 09:00:00,0.12079000000000001,6039.5,6039.5,0.0,0.0,0.0,80.25013027618552,4311.269736973696,1270.5,0.0,0.0
2025-06-30 10:00:00,0.142003,7100.15,7100.15,0.0,0.0,0.0,13.25500971149749,4298.014727262199,209.85000000000036,0.0,0.0
2025-06-30 11:00:00,0.169567,8478.35,7310.0,1168.3500000000004,0.0,21.636111111111116,0.0,4319.65083837331,0.0,0.0,0.0
2025-06-30 12:00:00,0.19882,9941.0,7310.0,2631.0,0.0,48.72222222222222,0.0,4368.3730605955325,0.0,0.0,0.0
2025-06-30 13:00:00,0.222173,11108.65,7310.0,3798.6499999999996,0.0,70.34537037037036,0.0,4438.718430965903,0.0,0.0,0.0
2025-06-30 14:00:00,0.23819200000000001,11909.6,7310.0,4599.6,0.0,85.17777777777779,0.0,4523.896208743681,0.0,0.0,0.0
2025-06-30 15:00:00,0.254274,12713.7,7310.0,5403.700000000001,0.0,100.06851851851853,0.0,4623.9647272622,0.0,0.0,0.0
2025-06-30 16:00:00,0.264548,13227.4,7310.0,5917.4,0.0,109.58148148148148,0.0,4733.546208743681,0.0,0.0,0.0
2025-06-30 17:00:00,0.254965,12748.25,7310.0,5438.25,0.0,100.70833333333333,0.0,4834.254542077014,0.0,0.0,0.0
2025-06-30 18:00:00,0.243018,12150.900000000001,7310.0,4840.9000000000015,0.0,89.64629629629633,0.0,4923.90083837331,0.0,0.0,0.0
2025-06-30 19:00:00,0.27113600000000004,13556.800000000003,7310.0,6246.800000000003,0.0,115.68148148148154,0.0,5039.582319854791,0.0,0.0,0.0
2025-06-30 20:00:00,0.29516699999999996,14758.349999999999,7310.0,7448.349999999998,9.094947017729282e-13,137.93240740740737,0.0,5177.514727262199,0.0,0.0,0.0
2025-06-30 21:00:00,0.301251,15062.55,7310.0,7752.549999999999,0.0,143.56574074074072,0.0,5321.08046800294,0.0,0.0,0.0
2025-06-30 22:00:00,0.28380299999999997,14190.149999999998,7310.0,6880.149999999998,0.0,127.41018518518514,0.0,5448.490653188125,0.0,0.0,0.0
2025-06-30 23:00:00,0.24256,12128.0,7310.0,4818.0,0.0,89.22222222222223,0.0,5537.712875410348,0.0,0.0,0.0
2025-07-01 00:00:00,0.19403499999999999,9701.75,7310.0,2391.75,0.0,44.291666666666664,0.0,5582.004542077015,0.0,0.0,0.0
2025-07-01 01:00:00,0.155408,7770.4,7310.0,460.3999999999997,-5.684341886080802e-14,8.52592592592592,0.0,5590.53046800294,0.0,0.0,0.0
2025-07-01 02:00:00,0.11983100000000001,5991.55,5991.55,0.0,0.0,0.0,83.2788542012096,5507.251613801731,1318.4499999999998,0.0,0.0
2025-07-01 03:00:00,0.105224,5261.2,5261.2,0.0,0.0,0.0,129.41083582042418,5377.840777981307,2048.8,0.0,0.0
2025-07-01 04:00:00,0.119843,5992.150000000001,5992.150000000001,0.0,0.0,0.0,83.2409556745148,5294.599822306792,1317.8499999999995,0.0,0.0
2025-07-01 05:00:00,0.10720600000000001,5360.3,5360.3,0.0,0.0,0.0,123.15126249467052,5171.448559812121,1949.6999999999998,0.0,0.0
2025-07-01 06:00:00,0.100738,5036.9,5036.9,0.0,0.0,0.0,143.57856838315413,5027.869991428966,2273.1000000000004,0.0,0.0
2025-07-01 07:00:00,0.061056,3052.8,3052.8,0.0,0.0,0.0,268.9026797416584,4758.967311687308,4257.2,0.0,0.0
2025-07-01 08:00:00,0.018942,947.1,947.1,0.0,0.0,0.0,401.9075591769704,4357.059752510338,6362.9,0.0,0.0
2025-07-01 09:00:00,0.012397,619.85,619.85,0.0,0.0,0.0,422.5780472784121,3934.4817052319254,6690.15,0.0,0.0
2025-07-01 10:00:00,0.015609999999999999,780.5,780.5,0.0,0.0,0.0,412.4307167558862,3522.050988476039,6529.5,0.0,0.0
2025-07-01 11:00:00,0.022829000000000002,1141.45,1141.45,0.0,0.0,0.0,389.63159473842126,3132.4193937376176,6168.55,0.0,0.0
2025-07-01 12:00:00,0.030425,1521.25,1521.25,0.0,0.0,0.0,365.6418273406288,2766.7775663969887,5788.75,0.0,0.0
2025-07-01 13:00:00,0.040979999999999996,2049.0,2049.0,0.0,0.0,0.0,332.30691490201656,2434.470651494972,5261.0,0.0,0.0
2025-07-01 14:00:00,0.05794,2897.0,2897.0,0.0,0.0,0.0,278.7436638400682,2155.726987654904,4413.0,0.0,0.0
2025-07-01 15:00:00,0.07757599999999999,3878.7999999999997,3878.7999999999997,0.0,0.0,0.0,216.7290413251852,1938.9979463297188,3431.2000000000003,0.0,0.0
2025-07-01 16:00:00,0.092824,4641.2,4641.2,0.0,0.0,0.0,168.5726467383581,1770.4252995913607,2668.8,0.0,0.0
2025-07-01 17:00:00,0.10856199999999999,5428.099999999999,5428.099999999999,0.0,0.0,0.0,118.86872897816102,1651.5565706131997,1881.9000000000005,0.0,0.0
2025-07-01 18:00:00,0.125895,6294.75,6294.75,0.0,0.0,0.0,64.12746537811677,1587.429105235083,1015.25,0.0,0.0
2025-07-01 19:00:00,0.157918,7895.900000000001,7310.0,585.9000000000005,0.0,10.85000000000001,0.0,1598.2791052350829,0.0,0.0,0.0
2025-07-01 20:00:00,0.200835,10041.75,7310.0,2731.75,0.0,50.58796296296296,0.0,1648.867068198046,0.0,0.0,0.0
2025-07-01 21:00:00,0.210452,10522.6,7310.0,3212.6000000000004,0.0,59.4925925925926,0.0,1708.3596607906386,0.0,0.0,0.0
2025-07-01 22:00:00,0.207361,10368.05,7310.0,3058.0499999999993,0.0,56.63055555555554,0.0,1764.990216346194,0.0,0.0,0.0
2025-07-01 23:00:00,0.182573,9128.650000000001,7310.0,1818.6500000000015,0.0,33.67870370370373,0.0,1798.668920049898,0.0,0.0,0.0
2025-07-02 00:00:00,0.139863,6993.15,6993.15,0.0,0.0,0.0,20.013580305398985,1778.6553397444989,316.85000000000036,0.0,0.0
2025-07-02 01:00:00,0.111464,5573.2,5573.2,0.0,0.0,0.0,109.70360193914131,1668.9517378053577,1736.8000000000002,0.0,0.0
2025-07-02 02:00:00,0.08540900000000001,4270.450000000001,4270.450000000001,0.0,0.0,0.0,191.99077802517093,1476.9609597801868,3039.5499999999993,0.0,0.0
2025-07-02 03:00:00,0.07399299999999999,3699.6499999999996,3699.6499999999996,0.0,0.0,0.0,228.04490975413336,1248.9160500260534,3610.3500000000004,0.0,0.0
2025-07-02 04:00:00,0.056151000000000006,2807.55,2807.55,0.0,0.0,0.0,284.39370252814757,964.5223474979059,4502.45,0.0,0.0
2025-07-02 05:00:00,0.026698,1334.8999999999999,1334.8999999999999,0.0,0.0,0.0,377.4124780899143,587.1098694079916,5975.1,0.0,0.0
2025-07-02 06:00:00,0.016698,834.9000000000001,834.9000000000001,0.0,0.0,0.0,408.99458366889326,178.11528573909834,6475.1,0.0,0.0
2025-07-02 07:00:00,0.023405000000000002,1170.25,1170.25,0.0,0.0,0.0,178.11528573909834,0.0,2819.87667499997,3319.87332500003,0.0
2025-07-02 08:00:00,0.044924,2246.2,2246.2,0.0,0.0,0.0,0.0,0.0,0.0,5063.8,0.0
2025-07-02 09:00:00,0.09409300000000001,4704.650000000001,4704.650000000001,0.0,0.0,0.0,0.0,0.0,0.0,2605.3499999999995,0.0
2025-07-02 10:00:00,0.145794,7289.700000000001,7289.700000000001,0.0,0.0,0.0,0.0,0.0,0.0,20.299999999999272,0.0
2025-07-02 11:00:00,0.173656,8682.800000000001,7310.0,1372.800000000001,0.0,25.422222222222242,0.0,25.422222222222242,0.0,0.0,0.0
2025-07-02 12:00:00,0.233293,11664.65,7310.0,4354.65,0.0,80.64166666666667,0.0,106.06388888888891,0.0,0.0,0.0
2025-07-02 13:00:00,0.34501,17250.5,7310.0,9940.5,0.0,184.08333333333334,0.0,290.14722222222224,0.0,0.0,0.0
2025-07-02 14:00:00,0.42503500000000005,21251.750000000004,7310.0,13941.750000000002,1.8189894035458565e-12,258.1805555555556,0.0,548.3277777777778,0.0,0.0,0.0
2025-07-02 15:00:00,0.49109800000000003,24554.9,7310.0,17244.9,0.0,319.35,0.0,867.6777777777778,0.0,0.0,0.0
2025-07-02 16:00:00,0.537575,26878.75,7310.0,19568.75,0.0,362.38425925925924,0.0,1230.062037037037,0.0,0.0,0.0
2025-07-02 17:00:00,0.5580109999999999,27900.549999999996,7310.0,20590.549999999996,0.0,381.3064814814814,0.0,1611.3685185185184,0.0,0.0,0.0
2025-07-02 18:00:00,0.5491,27455.0,7310.0,20145.0,0.0,373.05555555555554,0.0,1984.4240740740738,0.0,0.0,0.0
2025-07-02 19:00:00,0.504566,25228.3,7310.0,17918.3,0.0,331.82037037037037,0.0,2316.244444444444,0.0,0.0,0.0
2025-07-02 20:00:00,0.45664,22832.0,7310.0,15522.0,0.0,287.44444444444446,0.0,2603.6888888888884,0.0,0.0,0.0
2025-07-02 21:00:00,0.43807,21903.5,7310.0,14593.5,0.0,270.25,0.0,2873.9388888888884,0.0,0.0,0.0
2025-07-02 22:00:00,0.41159500000000004,20579.750000000004,7310.0,13269.750000000004,0.0,245.73611111111117,0.0,3119.6749999999997,0.0,0.0,0.0
2025-07-02 23:00:00,0.385622,19281.100000000002,7310.0,11971.100000000002,0.0,221.68703703703707,0.0,3341.3620370370368,0.0,0.0,0.0
2025-07-03 00:00:00,0.34618,17309.0,7310.0,9999.0,0.0,185.16666666666666,0.0,3526.5287037037033,0.0,0.0,0.0
2025-07-03 01:00:00,0.304871,15243.55,7310.0,7933.549999999998,9.094947017729282e-13,146.91759259259257,0.0,3673.4462962962957,0.0,0.0,0.0
2025-07-03 02:00:00,0.269626,13481.3,7310.0,6171.299999999999,0.0,114.28333333333332,0.0,3787.729629629629,0.0,0.0,0.0
2025-07-03 03:00:00,0.24072200000000002,12036.1,7310.0,4726.1,0.0,87.52037037037037,0.0,3875.2499999999995,0.0,0.0,0.0
2025-07-03 04:00:00,0.198078,9903.9,7310.0,2593.8999999999996,0.0,48.03518518518518,0.0,3923.2851851851847,0.0,0.0,0.0
2025-07-03 05:00:00,0.093633,4681.65,4681.65,0.0,0.0,0.0,166.0176543970187,3757.267530788166,2628.3500000000004,0.0,0.0
2025-07-03 06:00:00,0.066241,3312.0499999999997,3312.0499999999997,0.0,0.0,0.0,252.52735799895783,3504.740172789208,3997.9500000000003,0.0,0.0
2025-07-03 07:00:00,0.052226999999999996,2611.35,2611.35,0.0,0.0,0.0,296.7865207573389,3207.953652031869,4698.65,0.0,0.0
2025-07-03 08:00:00,0.036396,1819.8,1819.8,0.0,0.0,0.0,346.7841520994205,2861.169499932448,5490.2,0.0,0.0
2025-07-03 09:00:00,0.034018,1700.9,1700.9,0.0,0.0,0.0,354.29437680610175,2506.8751231263464,5609.1,0.0,0.0
2025-07-03 10:00:00,0.033997,1699.85,1699.85,0.0,0.0,0.0,354.3606992278175,2152.514423898529,5610.15,0.0,0.0
2025-07-03 11:00:00,0.038304000000000005,1915.2000000000003,1915.2000000000003,0.0,0.0,0.0,340.7582863549513,1811.7561375435778,5394.799999999999,0.0,0.0
2025-07-03 12:00:00,0.046819,2340.95,2340.95,0.0,0.0,0.0,313.86612345445076,1497.890014089127,4969.05,0.0,0.0
2025-07-03 13:00:00,0.060245,3012.25,3012.25,0.0,0.0,0.0,271.4639885041136,1226.4260255850133,4297.75,0.0,0.0
2025-07-03 14:00:00,0.076709,3835.45,3835.45,0.0,0.0,0.0,219.46720987888267,1006.9588157061307,3474.55,0.0,0.0
2025-07-03 15:00:00,0.094192,4709.599999999999,4709.599999999999,0.0,0.0,0.0,164.25221469515378,842.706601010977,2600.4000000000005,0.0,0.0
2025-07-03 16:00:00,0.120158,6007.9,6007.9,0.0,0.0,0.0,82.24611934877701,760.4604816622,1302.1000000000004,0.0,0.0
2025-07-03 17:00:00,0.14896,7448.0,7310.0,138.0,0.0,2.5555555555555554,0.0,763.0160372177555,0.0,0.0,0.0
2025-07-03 18:00:00,0.158608,7930.4,7310.0,620.3999999999996,0.0,11.488888888888882,0.0,774.5049261066445,0.0,0.0,0.0
2025-07-03 19:00:00,0.195616,9780.800000000001,7310.0,2470.800000000001,0.0,45.755555555555574,0.0,820.2604816622,0.0,0.0,0.0
2025-07-03 20:00:00,0.274081,13704.050000000001,7310.0,6394.050000000001,0.0,118.40833333333336,0.0,938.6688149955335,0.0,0.0,0.0
2025-07-03 21:00:00,0.33916399999999997,16958.199999999997,7310.0,9648.199999999997,0.0,178.6703703703703,0.0,1117.3391853659039,0.0,0.0,0.0
2025-07-03 22:00:00,0.37292899999999995,18646.449999999997,7310.0,11336.449999999997,0.0,209.9342592592592,0.0,1327.273444625163,0.0,0.0,0.0
2025-07-03 23:00:00,0.367467,18373.35,7310.0,11063.349999999999,0.0,204.87685185185182,0.0,1532.1502964770148,0.0,0.0,0.0
2025-07-04 00:00:00,0.336733,16836.65,7310.0,9526.650000000001,0.0,176.41944444444448,0.0,1708.5697409214592,0.0,0.0,0.0
2025-07-04 01:00:00,0.301724,15086.199999999999,7310.0,7776.199999999999,0.0,144.00370370370368,0.0,1852.573444625163,0.0,0.0,0.0
2025-07-04 02:00:00,0.27903500000000003,13951.750000000002,7310.0,6641.750000000002,0.0,122.99537037037041,0.0,1975.5688149955333,0.0,0.0,0.0
2025-07-04 03:00:00,0.255946,12797.300000000001,7310.0,5487.300000000001,0.0,101.61666666666669,0.0,2077.1854816622,0.0,0.0,0.0
2025-07-04 04:00:00,0.21207900000000002,10603.95,7310.0,3293.9500000000007,0.0,60.99907407407409,0.0,2138.184555736274,0.0,0.0,0.0
2025-07-04 05:00:00,0.117863,5893.15,5893.15,0.0,0.0,0.0,89.49421257915269,2048.6903431571213,1416.8500000000004,0.0,0.0
2025-07-04 06:00:00,0.08405599999999999,4202.799999999999,4202.799999999999,0.0,0.0,0.0,196.26383691000686,1852.4265062471145,3107.2000000000007,0.0,0.0
2025-07-04 07:00:00,0.106255,5312.75,5312.75,0.0,0.0,0.0,126.15472073523144,1726.271785511883,1997.25,0.0,0.0
2025-07-04 08:00:00,0.142933,7146.650000000001,7146.650000000001,0.0,0.0,0.0,10.31787389265239,1715.9539116192307,163.34999999999945,0.0,0.0
2025-07-04 09:00:00,0.186286,9314.300000000001,7310.0,2004.300000000001,0.0,37.11666666666669,0.0,1753.0705782858975,0.0,0.0,0.0
2025-07-04 10:00:00,0.24868700000000002,12434.35,7310.0,5124.35,0.0,94.89537037037037,0.0,1847.9659486562678,0.0,0.0,0.0
2025-07-04 11:00:00,0.311247,15562.35,7310.0,8252.35,0.0,152.8212962962963,0.0,2000.7872449525642,0.0,0.0,0.0
2025-07-04 12:00:00,0.364944,18247.2,7310.0,10937.2,0.0,202.54074074074074,0.0,2203.327985693305,0.0,0.0,0.0
2025-07-04 13:00:00,0.41958100000000004,20979.050000000003,7310.0,13669.050000000003,0.0,253.13055555555562,0.0,2456.4585412488605,0.0,0.0,0.0
2025-07-04 14:00:00,0.469882,23494.100000000002,7310.0,16184.1,1.8189894035458565e-12,299.7055555555556,0.0,2756.164096804416,0.0,0.0,0.0
2025-07-04 15:00:00,0.510312,25515.6,7310.0,18205.6,0.0,337.14074074074074,0.0,3093.304837545157,0.0,0.0,0.0
2025-07-04 16:00:00,0.5527219999999999,27636.1,7310.0,20326.1,0.0,376.4092592592592,0.0,3469.7140968044164,0.0,0.0,0.0
2025-07-04 17:00:00,0.564059,28202.949999999997,7310.0,20892.949999999997,0.0,386.9064814814814,0.0,3856.620578285898,0.0,0.0,0.0
2025-07-04 18:00:00,0.539956,26997.8,7310.0,19687.8,0.0,364.5888888888889,0.0,4221.209467174786,0.0,0.0,0.0
2025-07-04 19:00:00,0.522621,26131.05,7310.0,18821.05,0.0,348.5379629629629,0.0,4569.74743013775,0.0,0.0,0.0
2025-07-04 20:00:00,0.510321,25516.050000000003,7310.0,18206.050000000003,0.0,337.1490740740741,0.0,4906.896504211823,0.0,0.0,0.0
2025-07-04 21:00:00,0.5253450000000001,26267.250000000004,7310.0,18957.250000000004,0.0,351.0601851851853,0.0,5257.956689397009,0.0,0.0,0.0
2025-07-04 22:00:00,0.562652,28132.600000000002,7310.0,20822.600000000002,0.0,385.60370370370373,0.0,5643.560393100713,0.0,0.0,0.0
2025-07-04 23:00:00,0.566466,28323.300000000003,7310.0,21013.300000000003,0.0,389.13518518518526,0.0,6032.695578285898,0.0,0.0,0.0
2025-07-05 00:00:00,0.556012,27800.6,7310.0,20490.6,0.0,379.4555555555555,0.0,6412.151133841453,0.0,0.0,0.0
2025-07-05 01:00:00,0.5481950000000001,27409.750000000004,7310.0,20099.750000000004,0.0,372.21759259259267,0.0,6784.368726434046,0.0,0.0,0.0
2025-07-05 02:00:00,0.531704,26585.199999999997,7310.0,19275.199999999997,0.0,356.9481481481481,0.0,7141.316874582194,0.0,0.0,0.0
2025-07-05 03:00:00,0.511845,25592.25,7310.0,18282.25,0.0,338.56018518518516,0.0,7479.877059767379,0.0,0.0,0.0
2025-07-05 04:00:00,0.484825,24241.25,7310.0,16931.25,0.0,313.5416666666667,0.0,7793.418726434046,0.0,0.0,0.0
2025-07-05 05:00:00,0.48692799999999997,24346.399999999998,7310.0,17036.399999999998,0.0,315.4888888888888,0.0,8108.907615322935,0.0,0.0,0.0
2025-07-05 06:00:00,0.573754,28687.7,7310.0,21377.7,0.0,395.8833333333333,0.0,8504.79094865627,0.0,0.0,0.0
2025-07-05 07:00:00,0.6216269999999999,31081.349999999995,7310.0,23771.349999999995,0.0,440.2101851851851,0.0,8945.001133841455,0.0,0.0,0.0
2025-07-05 08:00:00,0.6380929999999999,31904.649999999994,7310.0,24594.649999999994,0.0,455.4564814814814,0.0,9400.457615322937,0.0,0.0,0.0
2025-07-05 09:00:00,0.6440929999999999,32204.649999999994,7310.0,24894.649999999994,0.0,461.0120370370369,0.0,9861.469652359974,0.0,0.0,0.0
2025-07-05 10:00:00,0.6493869999999999,32469.35,7310.0,7480.638772561397,17678.7112274386,138.53034764002587,0.0,10000.0,0.0,0.0,0.0
2025-07-05 11:00:00,0.64932,32466.0,7310.0,0.0,25156.0,0.0,0.0,10000.0,0.0,0.0,0.0
2025-07-05 12:00:00,0.67322,33661.0,7310.0,0.0,26351.0,0.0,0.0,10000.0,0.0,0.0,0.0
2025-07-05 13:00:00,0.706717,35335.85,7310.0,0.0,28025.85,0.0,0.0,10000.0,0.0,0.0,0.0
2025-07-05 14:00:00,0.731814,36590.7,7310.0,0.0,29280.699999999997,0.0,0.0,10000.0,0.0,0.0,0.0
2025-07-05 15:00:00,0.74385,37192.5,7310.0,0.0,29882.5,0.0,0.0,10000.0,0.0,0.0,0.0
2025-07-05 16:00:00,0.731726,36586.3,7310.0,0.0,29276.300000000003,0.0,0.0,10000.0,0.0,0.0,0.0
2025-07-05 17:00:00,0.6843049999999999,34215.25,7310.0,0.0,26905.25,0.0,0.0,10000.0,0.0,0.0,0.0
2025-07-05 18:00:00,0.58378,29189.0,7310.0,0.0,21879.0,0.0,0.0,10000.0,0.0,0.0,0.0
2025-07-05 19:00:00,0.503385,25169.25,7310.0,0.0,17859.25,0.0,0.0,10000.0,0.0,0.0,0.0
2025-07-05 20:00:00,0.456659,22832.95,7310.0,0.0,15522.95,0.0,0.0,10000.0,0.0,0.0,0.0
2025-07-05 21:00:00,0.429919,21495.95,7310.0,0.0,14185.95,0.0,0.0,10000.0,0.0,0.0,0.0
2025-07-05 22:00:00,0.382471,19123.55,7310.0,0.0,11813.55,0.0,0.0,10000.0,0.0,0.0,0.0
2025-07-05 23:00:00,0.338036,16901.8,7310.0,0.0,9591.8,0.0,0.0,10000.0,0.0,0.0,0.0
2025-07-06 00:00:00,0.302377,15118.85,7310.0,0.0,7808.85,0.0,0.0,10000.0,0.0,0.0,0.0
2025-07-06 01:00:00,0.27796499999999996,13898.249999999998,7310.0,0.0,6588.249999999998,0.0,0.0,10000.0,0.0,0.0,0.0
2025-07-06 02:00:00,0.25809699999999997,12904.849999999999,7310.0,0.0,5594.8499999999985,0.0,0.0,10000.0,0.0,0.0,0.0
2025-07-06 03:00:00,0.227643,11382.150000000001,7310.0,0.0,4072.1500000000015,0.0,0.0,10000.0,0.0,0.0,0.0
2025-07-06 04:00:00,0.18053,9026.5,7310.0,0.0,1716.5,0.0,0.0,10000.0,0.0,0.0,0.0
2025-07-06 05:00:00,0.110102,5505.1,5505.1,0.0,0.0,0.0,114.0050847189982,9885.994915281002,1804.8999999999996,0.0,0.0
2025-07-06 06:00:00,0.085938,4296.9,4296.9,0.0,0.0,0.0,190.320084640043,9695.674830640959,3013.1000000000004,0.0,0.0
2025-07-06 07:00:00,0.083773,4188.65,4188.65,0.0,0.0,0.0,197.15761049789194,9498.517220143067,3121.3500000000004,0.0,0.0
2025-07-06 08:00:00,0.09943099999999999,4971.549999999999,4971.549999999999,0.0,0.0,0.0,147.7063495823267,9350.810870560741,2338.4500000000007,0.0,0.0
2025-07-06 09:00:00,0.11312399999999999,5656.2,5656.2,0.0,0.0,0.0,104.4609724130308,9246.34989814771,1653.8000000000002,0.0,0.0
2025-07-06 10:00:00,0.126232,6311.6,6311.6,0.0,0.0,0.0,63.06314842010515,9183.286749727604,998.3999999999996,0.0,0.0
2025-07-06 11:00:00,0.13933099999999998,6966.549999999999,6966.549999999999,0.0,0.0,0.0,21.69374832220069,9161.593001405403,343.4500000000007,0.0,0.0
2025-07-06 12:00:00,0.153949,7697.45,7310.0,387.4499999999998,0.0,7.174999999999996,0.0,9168.768001405402,0.0,0.0,0.0
2025-07-06 13:00:00,0.167025,8351.25,7310.0,1041.25,0.0,19.28240740740741,0.0,9188.05040881281,0.0,0.0,0.0
2025-07-06 14:00:00,0.19837,9918.5,7310.0,2608.5,0.0,48.30555555555556,0.0,9236.355964368364,0.0,0.0,0.0
2025-07-06 15:00:00,0.26139100000000004,13069.550000000001,7310.0,5759.550000000001,0.0,106.65833333333336,0.0,9343.014297701697,0.0,0.0,0.0
2025-07-06 16:00:00,0.336747,16837.350000000002,7310.0,9527.350000000002,0.0,176.43240740740745,0.0,9519.446705109103,0.0,0.0,0.0
2025-07-06 17:00:00,0.405167,20258.35,7310.0,12948.349999999999,0.0,239.78425925925924,0.0,9759.230964368362,0.0,0.0,0.0
2025-07-06 18:00:00,0.412726,20636.3,7310.0,13001.52792410845,324.7720758915493,240.76903563163796,0.0,10000.0,0.0,0.0,0.0
2025-07-06 19:00:00,0.37893,18946.5,7310.0,0.0,11636.5,0.0,0.0,10000.0,0.0,0.0,0.0
2025-07-06 20:00:00,0.362282,18114.1,7310.0,0.0,10804.099999999999,0.0,0.0,10000.0,0.0,0.0,0.0
2025-07-06 21:00:00,0.35284,17642.0,7310.0,0.0,10332.0,0.0,0.0,10000.0,0.0,0.0,0.0
2025-07-06 22:00:00,0.343253,17162.649999999998,7310.0,0.0,9852.649999999998,0.0,0.0,10000.0,0.0,0.0,0.0
2025-07-06 23:00:00,0.320073,16003.65,7310.0,0.0,8693.65,0.0,0.0,10000.0,0.0,0.0,0.0
2025-07-07 00:00:00,0.25994,12997.0,7310.0,0.0,5687.0,0.0,0.0,10000.0,0.0,0.0,0.0
2025-07-07 01:00:00,0.22303,11151.5,7310.0,0.0,3841.5,0.0,0.0,10000.0,0.0,0.0,0.0
2025-07-07 02:00:00,0.20392500000000002,10196.250000000002,7310.0,0.0,2886.250000000002,0.0,0.0,10000.0,0.0,0.0,0.0
2025-07-07 03:00:00,0.21815700000000002,10907.85,7310.0,0.0,3597.8500000000004,0.0,0.0,10000.0,0.0,0.0,0.0
2025-07-07 04:00:00,0.22658899999999998,11329.449999999999,7310.0,0.0,4019.449999999999,0.0,0.0,10000.0,0.0,0.0,0.0
2025-07-07 05:00:00,0.261369,13068.45,7310.0,0.0,5758.450000000001,0.0,0.0,10000.0,0.0,0.0,0.0
2025-07-07 06:00:00,0.407304,20365.2,7310.0,0.0,13055.2,0.0,0.0,10000.0,0.0,0.0,0.0
2025-07-07 07:00:00,0.5152599999999999,25762.999999999996,7310.0,0.0,18452.999999999996,0.0,0.0,10000.0,0.0,0.0,0.0
2025-07-07 08:00:00,0.556439,27821.95,7310.0,0.0,20511.95,0.0,0.0,10000.0,0.0,0.0,0.0
2025-07-07 09:00:00,0.561019,28050.95,7310.0,0.0,20740.95,0.0,0.0,10000.0,0.0,0.0,0.0
2025-07-07 10:00:00,0.547033,27351.649999999998,7310.0,0.0,20041.649999999998,0.0,0.0,10000.0,0.0,0.0,0.0
2025-07-07 11:00:00,0.518525,25926.25,7310.0,0.0,18616.25,0.0,0.0,10000.0,0.0,0.0,0.0
2025-07-07 12:00:00,0.494389,24719.45,7310.0,0.0,17409.45,0.0,0.0,10000.0,0.0,0.0,0.0
2025-07-07 13:00:00,0.506258,25312.899999999998,7310.0,0.0,18002.899999999998,0.0,0.0,10000.0,0.0,0.0,0.0
2025-07-07 14:00:00,0.54915,27457.5,7310.0,0.0,20147.5,0.0,0.0,10000.0,0.0,0.0,0.0
2025-07-07 15:00:00,0.5866119999999999,29330.599999999995,7310.0,0.0,22020.599999999995,0.0,0.0,10000.0,0.0,0.0,0.0
2025-07-07 16:00:00,0.607029,30351.45,7310.0,0.0,23041.45,0.0,0.0,10000.0,0.0,0.0,0.0
2025-07-07 17:00:00,0.598637,29931.85,7310.0,0.0,22621.85,0.0,0.0,10000.0,0.0,0.0,0.0
2025-07-07 18:00:00,0.559635,27981.75,7310.0,0.0,20671.75,0.0,0.0,10000.0,0.0,0.0,0.0
2025-07-07 19:00:00,0.52008,26004.0,7310.0,0.0,18694.0,0.0,0.0,10000.0,0.0,0.0,0.0
2025-07-07 20:00:00,0.483763,24188.15,7310.0,0.0,16878.15,0.0,0.0,10000.0,0.0,0.0,0.0
2025-07-07 21:00:00,0.44611399999999996,22305.699999999997,7310.0,0.0,14995.699999999997,0.0,0.0,10000.0,0.0,0.0,0.0
2025-07-07 22:00:00,0.438705,21935.25,7310.0,0.0,14625.25,0.0,0.0,10000.0,0.0,0.0,0.0
2025-07-07 23:00:00,0.453443,22672.149999999998,7310.0,0.0,15362.149999999998,0.0,0.0,10000.0,0.0,0.0,0.0
2025-07-08 00:00:00,0.505665,25283.25,7310.0,0.0,17973.25,0.0,0.0,10000.0,0.0,0.0,0.0
2025-07-08 01:00:00,0.513832,25691.6,7310.0,0.0,18381.6,0.0,0.0,10000.0,0.0,0.0,0.0
2025-07-08 02:00:00,0.47312,23656.0,7310.0,0.0,16346.0,0.0,0.0,10000.0,0.0,0.0,0.0
2025-07-08 03:00:00,0.444264,22213.2,7310.0,0.0,14903.2,0.0,0.0,10000.0,0.0,0.0,0.0
2025-07-08 04:00:00,0.388354,19417.699999999997,7310.0,0.0,12107.699999999997,0.0,0.0,10000.0,0.0,0.0,0.0
2025-07-08 05:00:00,0.32775400000000005,16387.7,7310.0,0.0,9077.7,0.0,0.0,10000.0,0.0,0.0,0.0
2025-07-08 06:00:00,0.342032,17101.6,7310.0,0.0,9791.599999999999,0.0,0.0,10000.0,0.0,0.0,0.0
2025-07-08 07:00:00,0.298632,14931.6,7310.0,0.0,7621.6,0.0,0.0,10000.0,0.0,0.0,0.0
2025-07-08 08:00:00,0.263322,13166.1,7310.0,0.0,5856.1,0.0,0.0,10000.0,0.0,0.0,0.0
2025-07-08 09:00:00,0.237528,11876.4,7310.0,0.0,4566.4,0.0,0.0,10000.0,0.0,0.0,0.0
2025-07-08 10:00:00,0.22276300000000002,11138.150000000001,7310.0,0.0,3828.1500000000015,0.0,0.0,10000.0,0.0,0.0,0.0
2025-07-08 11:00:00,0.213948,10697.4,7310.0,0.0,3387.3999999999996,0.0,0.0,10000.0,0.0,0.0,0.0
2025-07-08 12:00:00,0.210351,10517.550000000001,7310.0,0.0,3207.550000000001,0.0,0.0,10000.0,0.0,0.0,0.0
2025-07-08 13:00:00,0.200883,10044.15,7310.0,0.0,2734.1499999999996,0.0,0.0,10000.0,0.0,0.0,0.0
2025-07-08 14:00:00,0.18500299999999997,9250.149999999998,7310.0,0.0,1940.1499999999978,0.0,0.0,10000.0,0.0,0.0,0.0
2025-07-08 15:00:00,0.172111,8605.55,7310.0,0.0,1295.5499999999993,0.0,0.0,10000.0,0.0,0.0,0.0
2025-07-08 16:00:00,0.162497,8124.85,7310.0,0.0,814.8500000000004,0.0,0.0,10000.0,0.0,0.0,0.0
2025-07-08 17:00:00,0.151369,7568.45,7310.0,0.0,258.4499999999998,0.0,0.0,10000.0,0.0,0.0,0.0
2025-07-08 18:00:00,0.13261099999999998,6630.549999999999,6630.549999999999,0.0,0.0,0.0,42.91692327127455,9957.083076728726,679.4500000000007,0.0,0.0
2025-07-08 19:00:00,0.124763,6238.15,6238.15,0.0,0.0,0.0,67.70255972965721,9889.380516999068,1071.8500000000004,0.0,0.0
2025-07-08 20:00:00,0.11770699999999999,5885.349999999999,5885.349999999999,0.0,0.0,0.0,89.98689342618476,9799.393623572883,1424.6500000000005,0.0,0.0
2025-07-08 21:00:00,0.115565,5778.25,5778.25,0.0,0.0,0.0,96.75178044120203,9702.641843131682,1531.75,0.0,0.0
2025-07-08 22:00:00,0.127699,6384.950000000001,6384.950000000001,0.0,0.0,0.0,58.43005353166892,9644.211789600013,925.0499999999993,0.0,0.0
2025-07-08 23:00:00,0.151251,7562.55,7310.0,252.55000000000015,2.842170943040401e-14,4.676851851851855,0.0,9648.888641451864,0.0,0.0,0.0
2025-07-09 00:00:00,0.17746199999999998,8873.099999999999,7310.0,1563.0999999999985,0.0,28.946296296296268,0.0,9677.83493774816,0.0,0.0,0.0
2025-07-09 01:00:00,0.195012,9750.6,7310.0,2440.6000000000004,0.0,45.1962962962963,0.0,9723.031234044458,0.0,0.0,0.0
2025-07-09 02:00:00,0.195766,9788.3,7310.0,2478.2999999999993,0.0,45.89444444444443,0.0,9768.925678488902,0.0,0.0,0.0
2025-07-09 03:00:00,0.182727,9136.35,7310.0,1826.3500000000004,0.0,33.8212962962963,0.0,9802.7469747852,0.0,0.0,0.0
2025-07-09 04:00:00,0.154601,7730.049999999999,7310.0,420.0499999999993,0.0,7.77870370370369,0.0,9810.525678488902,0.0,0.0,0.0
2025-07-09 05:00:00,0.078082,3904.1,3904.1,0.0,0.0,0.0,215.13098678288884,9595.394691706013,3405.9,0.0,0.0
2025-07-09 06:00:00,0.051369,2568.45,2568.45,0.0,0.0,0.0,299.4962654160153,9295.898426289998,4741.55,0.0,0.0
2025-07-09 07:00:00,0.061264000000000006,3063.2000000000003,3063.2000000000003,0.0,0.0,0.0,268.2457719456156,9027.652654344382,4246.799999999999,0.0,0.0
2025-07-09 08:00:00,0.071412,3570.6000000000004,3570.6000000000004,0.0,0.0,0.0,236.19625120406778,8791.456403140313,3739.3999999999996,0.0,0.0
2025-07-09 09:00:00,0.07198,3599.0,3599.0,0.0,0.0,0.0,234.4023876071818,8557.054015533131,3711.0,0.0,0.0
2025-07-09 10:00:00,0.065146,3257.2999999999997,3257.2999999999997,0.0,0.0,0.0,255.98559855985604,8301.068416973274,4052.7000000000003,0.0,0.0
2025-07-09 11:00:00,0.062084,3104.2,3104.2,0.0,0.0,0.0,265.65603928813937,8035.412377685135,4205.8,0.0,0.0
2025-07-09 12:00:00,0.063867,3193.3499999999995,3193.3499999999995,0.0,0.0,0.0,260.02494986340747,7775.387427821727,4116.650000000001,0.0,0.0
2025-07-09 13:00:00,0.067949,3397.45,3397.45,0.0,0.0,0.0,247.13313436606822,7528.254293455659,3912.55,0.0,0.0
2025-07-09 14:00:00,0.072952,3647.6000000000004,3647.6000000000004,0.0,0.0,0.0,231.33260694490502,7296.921686510754,3662.3999999999996,0.0,0.0
2025-07-09 15:00:00,0.077795,3889.75,3889.75,0.0,0.0,0.0,216.03739321300554,7080.884293297748,3420.25,0.0,0.0
2025-07-09 16:00:00,0.080639,4031.9500000000003,4031.9500000000003,0.0,0.0,0.0,207.0554423863439,6873.828850911404,3278.0499999999997,0.0,0.0
2025-07-09 17:00:00,0.077068,3853.4,3853.4,0.0,0.0,0.0,218.3334122885973,6655.495438622806,3456.6,0.0,0.0
2025-07-09 18:00:00,0.06982200000000001,3491.1000000000004,3491.1000000000004,0.0,0.0,0.0,241.21780599112543,6414.277632631681,3818.8999999999996,0.0,0.0
2025-07-09 19:00:00,0.058137999999999995,2906.8999999999996,2906.8999999999996,0.0,0.0,0.0,278.1183381496045,6136.159294482076,4403.1,0.0,0.0
2025-07-09 20:00:00,0.041326999999999996,2066.35,2066.35,0.0,0.0,0.0,331.21101583842596,5804.94827864365,5243.65,0.0,0.0
2025-07-09 21:00:00,0.041438,2071.9,2071.9,0.0,0.0,0.0,330.86045446649933,5474.087824177151,5238.1,0.0,0.0
2025-07-09 22:00:00,0.049421999999999994,2471.1,2471.1,0.0,0.0,0.0,305.6453013722425,5168.442522804909,4838.9,0.0,0.0
2025-07-09 23:00:00,0.06795999999999999,3397.9999999999995,3397.9999999999995,0.0,0.0,0.0,247.09839404993136,4921.344128754978,3912.0000000000005,0.0,0.0
2025-07-10 00:00:00,0.104754,5237.7,5237.7,0.0,0.0,0.0,130.8951947826362,4790.448933972341,2072.3,0.0,0.0
2025-07-10 01:00:00,0.158248,7912.4,7310.0,602.3999999999996,0.0,11.15555555555555,0.0,4801.6044895278965,0.0,0.0,0.0
2025-07-10 02:00:00,0.207594,10379.7,7310.0,3069.7000000000007,0.0,56.84629629629631,0.0,4858.450785824193,0.0,0.0,0.0
2025-07-10 03:00:00,0.23438,11719.0,7310.0,4409.0,0.0,81.64814814814815,0.0,4940.098933972341,0.0,0.0,0.0
2025-07-10 04:00:00,0.214171,10708.55,7310.0,3398.5499999999993,0.0,62.936111111111096,0.0,5003.035045083452,0.0,0.0,0.0
2025-07-10 05:00:00,0.11179399999999999,5589.7,5589.7,0.0,0.0,0.0,108.661392455035,4894.373652628417,1720.3000000000002,0.0,0.0
2025-07-10 06:00:00,0.053780999999999995,2689.0499999999997,2689.0499999999997,0.0,0.0,0.0,291.8786615503656,4602.4949910780515,4620.950000000001,0.0,0.0
2025-07-10 07:00:00,0.046274,2313.7000000000003,2313.7000000000003,0.0,0.0,0.0,315.58734820850503,4286.907642869546,4996.299999999999,0.0,0.0
2025-07-10 08:00:00,0.042707,2135.35,2135.35,0.0,0.0,0.0,326.85268526852684,3960.0549576010194,5174.65,0.0,0.0
2025-07-10 09:00:00,0.050036000000000004,2501.8,2501.8,0.0,0.0,0.0,303.7061600896932,3656.348797511326,4808.2,0.0,0.0
2025-07-10 10:00:00,0.054553,2727.65,2727.65,0.0,0.0,0.0,289.4405229996684,3366.908274511658,4582.35,0.0,0.0
2025-07-10 11:00:00,0.057675,2883.75,2883.75,0.0,0.0,0.0,279.5805896379112,3087.327684873747,4426.25,0.0,0.0
2025-07-10 12:00:00,0.05923,2961.5,2961.5,0.0,0.0,0.0,274.66957222037996,2812.658112653367,4348.5,0.0,0.0
2025-07-10 13:00:00,0.061814999999999995,3090.7499999999995,3090.7499999999995,0.0,0.0,0.0,266.5055979282139,2546.152514725153,4219.25,0.0,0.0
2025-07-10 14:00:00,0.066565,3328.25,3328.25,0.0,0.0,0.0,251.5040977781989,2294.648416946954,3981.75,0.0,0.0
2025-07-10 15:00:00,0.06756100000000001,3378.0500000000006,3378.0500000000006,0.0,0.0,0.0,248.35852006253256,2046.2898968844215,3931.9499999999994,0.0,0.0
2025-07-10 16:00:00,0.06729600000000001,3364.8000000000006,3364.8000000000006,0.0,0.0,0.0,249.19544586037551,1797.094451024046,3945.1999999999994,0.0,0.0
2025-07-10 17:00:00,0.071839,3591.95,3591.95,0.0,0.0,0.0,234.84769529584543,1562.2467557282007,3718.05,0.0,0.0
2025-07-10 18:00:00,0.110051,5502.55,5502.55,0.0,0.0,0.0,114.16615345745102,1448.0806022707498,1807.4499999999998,0.0,0.0
2025-07-10 19:00:00,0.19175899999999999,9587.949999999999,7310.0,2277.949999999999,0.0,42.18425925925924,0.0,1490.264861530009,0.0,0.0,0.0
2025-07-10 20:00:00,0.274135,13706.75,7310.0,6396.75,0.0,118.45833333333333,0.0,1608.7231948633423,0.0,0.0,0.0
2025-07-10 21:00:00,0.29131599999999996,14565.799999999997,7310.0,7255.799999999997,0.0,134.36666666666662,0.0,1743.0898615300089,0.0,0.0,0.0
2025-07-10 22:00:00,0.26958800000000005,13479.400000000003,7310.0,6169.400000000003,0.0,114.2481481481482,0.0,1857.338009678157,0.0,0.0,0.0
2025-07-10 23:00:00,0.253359,12667.95,7310.0,5357.950000000001,0.0,99.22129629629632,0.0,1956.5593059744533,0.0,0.0,0.0
2025-07-11 00:00:00,0.227439,11371.95,7310.0,4061.950000000001,-4.547473508864641e-13,75.22129629629632,0.0,2031.7806022707496,0.0,0.0,0.0
2025-07-11 01:00:00,0.20086600000000002,10043.300000000001,7310.0,2733.300000000001,0.0,50.61666666666669,0.0,2082.3972689374164,0.0,0.0,0.0
2025-07-11 02:00:00,0.169184,8459.2,7310.0,1149.2000000000007,0.0,21.281481481481496,0.0,2103.678750418898,0.0,0.0,0.0
2025-07-11 03:00:00,0.139173,6958.65,6958.65,0.0,0.0,0.0,22.192745590348533,2081.486004828549,351.35000000000036,0.0,0.0
2025-07-11 04:00:00,0.118337,5916.849999999999,5916.849999999999,0.0,0.0,0.0,87.99722077470909,1993.48878405384,1393.1500000000005,0.0,0.0
2025-07-11 05:00:00,0.071074,3553.7,3553.7,0.0,0.0,0.0,237.2637263726373,1756.2250576812025,3756.3,0.0,0.0
2025-07-11 06:00:00,0.041787,2089.35,2089.35,0.0,0.0,0.0,329.75823898179294,1426.4668186994095,5220.65,0.0,0.0
2025-07-11 07:00:00,0.032764,1638.2,1638.2,0.0,0.0,0.0,358.2547728457057,1068.2120458537038,5671.8,0.0,0.0
2025-07-11 08:00:00,0.014166,708.3,708.3,0.0,0.0,0.0,416.99117280149073,651.220873052213,6601.7,0.0,0.0
2025-07-11 09:00:00,0.011903,595.15,595.15,0.0,0.0,0.0,424.1382032940137,227.08266975819936,6714.85,0.0,0.0
2025-07-11 10:00:00,0.014116,705.8,705.8,0.0,0.0,0.0,227.08266975819936,0.0,3595.1160569443723,3009.0839430556275,0.0
2025-07-11 11:00:00,0.015813,790.65,790.65,0.0,0.0,0.0,0.0,0.0,0.0,6519.35,0.0
2025-07-11 12:00:00,0.018716,935.8,935.8,0.0,0.0,0.0,0.0,0.0,0.0,6374.2,0.0
2025-07-11 13:00:00,0.025859,1292.95,1292.95,0.0,0.0,0.0,0.0,0.0,0.0,6017.05,0.0
2025-07-11 14:00:00,0.035595,1779.75,1779.75,0.0,0.0,0.0,0.0,0.0,0.0,5530.25,0.0
2025-07-11 15:00:00,0.042142000000000006,2107.1000000000004,2107.1000000000004,0.0,0.0,0.0,0.0,0.0,0.0,5202.9,0.0
2025-07-11 16:00:00,0.049878,2493.9,2493.9,0.0,0.0,0.0,0.0,0.0,0.0,4816.1,0.0
2025-07-11 17:00:00,0.06336,3168.0,3168.0,0.0,0.0,0.0,0.0,0.0,0.0,4142.0,0.0
2025-07-11 18:00:00,0.103408,5170.4,5170.4,0.0,0.0,0.0,0.0,0.0,0.0,2139.6000000000004,0.0
2025-07-11 19:00:00,0.191693,9584.65,7310.0,2274.6499999999996,0.0,42.12314814814814,0.0,42.12314814814814,0.0,0.0,0.0
2025-07-11 20:00:00,0.253195,12659.75,7310.0,5349.75,0.0,99.06944444444444,0.0,141.19259259259258,0.0,0.0,0.0
2025-07-11 21:00:00,0.252063,12603.15,7310.0,5293.15,0.0,98.02129629629628,0.0,239.21388888888885,0.0,0.0,0.0
2025-07-11 22:00:00,0.220808,11040.4,7310.0,3730.3999999999996,0.0,69.08148148148148,0.0,308.29537037037034,0.0,0.0,0.0
2025-07-11 23:00:00,0.178834,8941.699999999999,7310.0,1631.699999999999,0.0,30.216666666666647,0.0,338.512037037037,0.0,0.0,0.0
2025-07-12 00:00:00,0.13297499999999998,6648.749999999999,6648.749999999999,0.0,0.0,0.0,41.76733462819973,296.74470240883727,661.2500000000009,0.0,0.0
2025-07-12 01:00:00,0.10034399999999999,5017.2,5017.2,0.0,0.0,0.0,144.8229033429659,151.92179906587137,2292.8,0.0,0.0
2025-07-12 02:00:00,0.082652,4132.6,4132.6,0.0,0.0,0.0,151.92179906587137,0.0,2405.187942361109,772.2120576388907,0.0
2025-07-12 03:00:00,0.06930700000000001,3465.3500000000004,3465.3500000000004,0.0,0.0,0.0,0.0,0.0,0.0,3844.6499999999996,0.0
2025-07-12 04:00:00,0.07215099999999999,3607.5499999999997,3607.5499999999997,0.0,0.0,0.0,0.0,0.0,0.0,3702.4500000000003,0.0
2025-07-12 05:00:00,0.06871200000000001,3435.6000000000004,3435.6000000000004,0.0,0.0,0.0,0.0,0.0,0.0,3874.3999999999996,0.0
2025-07-12 06:00:00,0.064869,3243.45,3243.45,0.0,0.0,0.0,0.0,0.0,0.0,4066.55,0.0
2025-07-12 07:00:00,0.077834,3891.7,3891.7,0.0,0.0,0.0,0.0,0.0,0.0,3418.3,0.0
2025-07-12 08:00:00,0.085035,4251.75,4251.75,0.0,0.0,0.0,0.0,0.0,0.0,3058.25,0.0
2025-07-12 09:00:00,0.110984,5549.2,5549.2,0.0,0.0,0.0,0.0,0.0,0.0,1760.8000000000002,0.0
2025-07-12 10:00:00,0.155857,7792.849999999999,7310.0,482.8499999999994,5.684341886080802e-14,8.941666666666656,0.0,8.941666666666656,0.0,0.0,0.0
2025-07-12 11:00:00,0.212021,10601.05,7310.0,3291.0499999999993,0.0,60.945370370370355,0.0,69.887037037037,0.0,0.0,0.0
2025-07-12 12:00:00,0.264289,13214.449999999999,7310.0,5904.449999999999,0.0,109.34166666666664,0.0,179.22870370370364,0.0,0.0,0.0
2025-07-12 13:00:00,0.29727800000000004,14863.900000000001,7310.0,7553.9000000000015,0.0,139.88703703703706,0.0,319.1157407407407,0.0,0.0,0.0
2025-07-12 14:00:00,0.311226,15561.3,7310.0,8251.3,0.0,152.80185185185184,0.0,471.91759259259254,0.0,0.0,0.0
2025-07-12 15:00:00,0.30700099999999997,15350.05,7310.0,8040.049999999999,0.0,148.8898148148148,0.0,620.8074074074074,0.0,0.0,0.0
2025-07-12 16:00:00,0.299949,14997.45,7310.0,7687.450000000001,0.0,142.3601851851852,0.0,763.1675925925925,0.0,0.0,0.0
2025-07-12 17:00:00,0.296753,14837.65,7310.0,7527.65,0.0,139.40092592592592,0.0,902.5685185185184,0.0,0.0,0.0
2025-07-12 18:00:00,0.280358,14017.9,7310.0,6707.9,0.0,124.22037037037036,0.0,1026.7888888888888,0.0,0.0,0.0
2025-07-12 19:00:00,0.26964499999999997,13482.249999999998,7310.0,6172.249999999998,0.0,114.3009259259259,0.0,1141.0898148148146,0.0,0.0,0.0
2025-07-12 20:00:00,0.27801299999999995,13900.649999999998,7310.0,6590.649999999998,0.0,122.04907407407403,0.0,1263.1388888888887,0.0,0.0,0.0
2025-07-12 21:00:00,0.240754,12037.699999999999,7310.0,4727.699999999999,0.0,87.54999999999998,0.0,1350.6888888888886,0.0,0.0,0.0
2025-07-12 22:00:00,0.206283,10314.15,7310.0,3004.1499999999996,0.0,55.6324074074074,0.0,1406.321296296296,0.0,0.0,0.0
2025-07-12 23:00:00,0.18800999999999998,9400.5,7310.0,2090.5,0.0,38.71296296296296,0.0,1445.034259259259,0.0,0.0,0.0
2025-07-13 00:00:00,0.19590000000000002,9795.000000000002,7310.0,2485.000000000002,0.0,46.018518518518555,0.0,1491.0527777777775,0.0,0.0,0.0
2025-07-13 01:00:00,0.228319,11415.949999999999,7310.0,4105.949999999999,0.0,76.0361111111111,0.0,1567.0888888888885,0.0,0.0,0.0
2025-07-13 02:00:00,0.265324,13266.2,7310.0,5956.200000000001,0.0,110.30000000000001,0.0,1677.3888888888885,0.0,0.0,0.0
2025-07-13 03:00:00,0.28378699999999996,14189.349999999999,7310.0,6879.3499999999985,0.0,127.39537037037034,0.0,1804.7842592592588,0.0,0.0,0.0
2025-07-13 04:00:00,0.276609,13830.449999999999,7310.0,6520.449999999999,0.0,120.74907407407406,0.0,1925.5333333333328,0.0,0.0,0.0
2025-07-13 05:00:00,0.164745,8237.25,7310.0,927.2500000000001,-1.1368683772161603e-13,17.171296296296298,0.0,1942.7046296296292,0.0,0.0,0.0
2025-07-13 06:00:00,0.14697300000000002,7348.6500000000015,7310.0,38.650000000001455,0.0,0.7157407407407677,0.0,1943.42037037037,0.0,0.0,0.0
2025-07-13 07:00:00,0.128326,6416.3,6416.3,0.0,0.0,0.0,56.44985551186697,1886.970514858503,893.6999999999998,0.0,0.0
2025-07-13 08:00:00,0.10127,5063.5,5063.5,0.0,0.0,0.0,141.89840036635243,1745.0721144921506,2246.5,0.0,0.0
2025-07-13 09:00:00,0.07730100000000001,3865.0500000000006,3865.0500000000006,0.0,0.0,0.0,217.59754922860705,1527.4745652635436,3444.9499999999994,0.0,0.0
2025-07-13 10:00:00,0.055885,2794.25,2794.25,0.0,0.0,0.0,285.23378653654845,1242.2407787269951,4515.75,0.0,0.0
2025-07-13 11:00:00,0.039202,1960.1000000000001,1960.1000000000001,0.0,0.0,0.0,337.922213273959,904.3185654530362,5349.9,0.0,0.0
2025-07-13 12:00:00,0.028509,1425.45,1425.45,0.0,0.0,0.0,371.69295876956124,532.6256066834749,5884.55,0.0,0.0
2025-07-13 13:00:00,0.022892,1144.6,1144.6,0.0,0.0,0.0,389.43262747327367,143.1929792102012,6165.4,0.0,0.0
2025-07-13 14:00:00,0.018504,925.1999999999999,925.1999999999999,0.0,0.0,0.0,143.1929792102012,0.0,2266.995448611103,4117.804551388897,0.0
2025-07-13 15:00:00,0.021724,1086.2,1086.2,0.0,0.0,0.0,0.0,0.0,0.0,6223.8,0.0
2025-07-13 16:00:00,0.03288,1644.0,1644.0,0.0,0.0,0.0,0.0,0.0,0.0,5666.0,0.0
2025-07-13 17:00:00,0.057239,2861.95,2861.95,0.0,0.0,0.0,0.0,0.0,0.0,4448.05,0.0
2025-07-13 18:00:00,0.107489,5374.45,5374.45,0.0,0.0,0.0,0.0,0.0,0.0,1935.5500000000002,0.0
2025-07-13 19:00:00,0.203087,10154.35,7310.0,2844.3500000000004,0.0,52.67314814814816,0.0,52.67314814814816,0.0,0.0,0.0
2025-07-13 20:00:00,0.292432,14621.6,7310.0,7311.6,0.0,135.4,0.0,188.07314814814816,0.0,0.0,0.0
2025-07-13 21:00:00,0.288934,14446.7,7310.0,7136.700000000001,0.0,132.16111111111113,0.0,320.23425925925926,0.0,0.0,0.0
2025-07-13 22:00:00,0.246194,12309.699999999999,7310.0,4999.699999999999,0.0,92.58703703703702,0.0,412.8212962962963,0.0,0.0,0.0
2025-07-13 23:00:00,0.206474,10323.699999999999,7310.0,3013.699999999999,0.0,55.80925925925924,0.0,468.63055555555553,0.0,0.0,0.0
2025-07-14 00:00:00,0.185345,9267.25,7310.0,1957.2500000000002,-2.2737367544323206e-13,36.245370370370374,0.0,504.8759259259259,0.0,0.0,0.0
2025-07-14 01:00:00,0.20169399999999998,10084.699999999999,7310.0,2774.699999999999,0.0,51.38333333333331,0.0,556.2592592592592,0.0,0.0,0.0
2025-07-14 02:00:00,0.22023900000000002,11011.95,7310.0,3701.9500000000007,0.0,68.55462962962964,0.0,624.8138888888889,0.0,0.0,0.0
2025-07-14 03:00:00,0.221355,11067.75,7310.0,3757.75,0.0,69.58796296296296,0.0,694.4018518518518,0.0,0.0,0.0
2025-07-14 04:00:00,0.213839,10691.95,7310.0,3381.9500000000007,0.0,62.628703703703714,0.0,757.0305555555556,0.0,0.0,0.0
2025-07-14 05:00:00,0.191586,9579.300000000001,7310.0,2269.300000000001,0.0,42.02407407407409,0.0,799.0546296296296,0.0,0.0,0.0
2025-07-14 06:00:00,0.29428,14714.0,7310.0,7404.0,0.0,137.11111111111111,0.0,936.1657407407407,0.0,0.0,0.0
2025-07-14 07:00:00,0.38989100000000004,19494.550000000003,7310.0,12184.550000000003,0.0,225.63981481481486,0.0,1161.8055555555557,0.0,0.0,0.0
2025-07-14 08:00:00,0.45664499999999997,22832.25,7310.0,15522.25,0.0,287.4490740740741,0.0,1449.2546296296298,0.0,0.0,0.0
2025-07-14 09:00:00,0.49509,24754.5,7310.0,17444.5,0.0,323.0462962962963,0.0,1772.300925925926,0.0,0.0,0.0
2025-07-14 10:00:00,0.515371,25768.550000000003,7310.0,18458.550000000003,0.0,341.82500000000005,0.0,2114.125925925926,0.0,0.0,0.0
2025-07-14 11:00:00,0.547034,27351.7,7310.0,20041.7,0.0,371.1425925925926,0.0,2485.2685185185187,0.0,0.0,0.0
2025-07-14 12:00:00,0.6042430000000001,30212.150000000005,7310.0,22902.150000000005,0.0,424.113888888889,0.0,2909.3824074074078,0.0,0.0,0.0
2025-07-14 13:00:00,0.664673,33233.65,7310.0,25000.0,923.6500000000015,462.962962962963,0.0,3372.345370370371,0.0,0.0,0.0
2025-07-14 14:00:00,0.7023809999999999,35119.049999999996,7310.0,25000.0,2809.0499999999956,462.962962962963,0.0,3835.308333333334,0.0,0.0,0.0
2025-07-14 15:00:00,0.7099930000000001,35499.65,7310.0,25000.0,3189.6500000000015,462.962962962963,0.0,4298.271296296297,0.0,0.0,0.0
2025-07-14 16:00:00,0.68175,34087.5,7310.0,25000.0,1777.5,462.962962962963,0.0,4761.2342592592595,0.0,0.0,0.0
2025-07-14 17:00:00,0.649535,32476.75,7310.0,25000.0,166.75,462.962962962963,0.0,5224.197222222222,0.0,0.0,0.0
2025-07-14 18:00:00,0.612782,30639.100000000002,7310.0,23329.100000000002,0.0,432.0203703703704,0.0,5656.217592592592,0.0,0.0,0.0
2025-07-14 19:00:00,0.553669,27683.449999999997,7310.0,20373.449999999997,0.0,377.28611111111104,0.0,6033.503703703704,0.0,0.0,0.0
2025-07-14 20:00:00,0.48776400000000003,24388.2,7310.0,17078.2,0.0,316.262962962963,0.0,6349.766666666666,0.0,0.0,0.0
2025-07-14 21:00:00,0.410014,20500.7,7310.0,13190.7,0.0,244.27222222222224,0.0,6594.038888888888,0.0,0.0,0.0
2025-07-14 22:00:00,0.389609,19480.45,7310.0,12170.45,0.0,225.3787037037037,0.0,6819.417592592592,0.0,0.0,0.0
2025-07-14 23:00:00,0.376267,18813.350000000002,7310.0,11503.350000000002,0.0,213.02500000000003,0.0,7032.442592592592,0.0,0.0,0.0
2025-07-15 00:00:00,0.37358199999999997,18679.1,7310.0,11369.099999999999,0.0,210.53888888888886,0.0,7242.981481481481,0.0,0.0,0.0
2025-07-15 01:00:00,0.366899,18344.949999999997,7310.0,11034.949999999997,0.0,204.35092592592588,0.0,7447.332407407407,0.0,0.0,0.0
2025-07-15 02:00:00,0.366911,18345.55,7310.0,11035.55,0.0,204.36203703703703,0.0,7651.694444444444,0.0,0.0,0.0
2025-07-15 03:00:00,0.373517,18675.85,7310.0,11365.849999999999,0.0,210.47870370370367,0.0,7862.173148148148,0.0,0.0,0.0
2025-07-15 04:00:00,0.362947,18147.350000000002,7310.0,10837.350000000002,0.0,200.69166666666672,0.0,8062.864814814815,0.0,0.0,0.0
2025-07-15 05:00:00,0.313756,15687.8,7310.0,8377.8,0.0,155.14444444444442,0.0,8218.00925925926,0.0,0.0,0.0
2025-07-15 06:00:00,0.49797,24898.5,7310.0,17588.5,0.0,325.712962962963,0.0,8543.722222222223,0.0,0.0,0.0
2025-07-15 07:00:00,0.5348630000000001,26743.150000000005,7310.0,19433.150000000005,0.0,359.87314814814823,0.0,8903.59537037037,0.0,0.0,0.0
2025-07-15 08:00:00,0.5711069999999999,28555.349999999995,7310.0,21245.349999999995,0.0,393.4324074074073,0.0,9297.027777777777,0.0,0.0,0.0
2025-07-15 09:00:00,0.618524,30926.199999999997,7310.0,23616.199999999997,0.0,437.33703703703696,0.0,9734.364814814815,0.0,0.0,0.0
2025-07-15 10:00:00,0.682175,34108.75,7310.0,14344.299999999992,12454.450000000008,265.63518518518504,0.0,10000.0,0.0,0.0,0.0
2025-07-15 11:00:00,0.751633,37581.65,7310.0,0.0,30271.65,0.0,0.0,10000.0,0.0,0.0,0.0
2025-07-15 12:00:00,0.811746,40587.299999999996,7310.0,0.0,33277.299999999996,0.0,0.0,10000.0,0.0,0.0,0.0
2025-07-15 13:00:00,0.838514,41925.7,7310.0,0.0,34615.7,0.0,0.0,10000.0,0.0,0.0,0.0
2025-07-15 14:00:00,0.83277,41638.5,7310.0,0.0,34328.5,0.0,0.0,10000.0,0.0,0.0,0.0
2025-07-15 15:00:00,0.81174,40587.0,7310.0,0.0,33277.0,0.0,0.0,10000.0,0.0,0.0,0.0
2025-07-15 16:00:00,0.779385,38969.25,7310.0,0.0,31659.25,0.0,0.0,10000.0,0.0,0.0,0.0
2025-07-15 17:00:00,0.742976,37148.799999999996,7310.0,0.0,29838.799999999996,0.0,0.0,10000.0,0.0,0.0,0.0
2025-07-15 18:00:00,0.6916380000000001,34581.9,7310.0,0.0,27271.9,0.0,0.0,10000.0,0.0,0.0,0.0
2025-07-15 19:00:00,0.631553,31577.65,7310.0,0.0,24267.65,0.0,0.0,10000.0,0.0,0.0,0.0
2025-07-15 20:00:00,0.598646,29932.3,7310.0,0.0,22622.3,0.0,0.0,10000.0,0.0,0.0,0.0
2025-07-15 21:00:00,0.605585,30279.250000000004,7310.0,0.0,22969.250000000004,0.0,0.0,10000.0,0.0,0.0,0.0
2025-07-15 22:00:00,0.60991,30495.499999999996,7310.0,0.0,23185.499999999996,0.0,0.0,10000.0,0.0,0.0,0.0
2025-07-15 23:00:00,0.5986319999999999,29931.6,7310.0,0.0,22621.6,0.0,0.0,10000.0,0.0,0.0,0.0
2025-07-16 00:00:00,0.598645,29932.25,7310.0,0.0,22622.25,0.0,0.0,10000.0,0.0,0.0,0.0
2025-07-16 01:00:00,0.588825,29441.250000000004,7310.0,0.0,22131.250000000004,0.0,0.0,10000.0,0.0,0.0,0.0
2025-07-16 02:00:00,0.537575,26878.75,7310.0,0.0,19568.75,0.0,0.0,10000.0,0.0,0.0,0.0
2025-07-16 03:00:00,0.477322,23866.100000000002,7310.0,0.0,16556.100000000002,0.0,0.0,10000.0,0.0,0.0,0.0
2025-07-16 04:00:00,0.439369,21968.45,7310.0,0.0,14658.45,0.0,0.0,10000.0,0.0,0.0,0.0
2025-07-16 05:00:00,0.36930399999999997,18465.199999999997,7310.0,0.0,11155.199999999997,0.0,0.0,10000.0,0.0,0.0,0.0
2025-07-16 06:00:00,0.456639,22831.95,7310.0,0.0,15521.95,0.0,0.0,10000.0,0.0,0.0,0.0
2025-07-16 07:00:00,0.489409,24470.45,7310.0,0.0,17160.45,0.0,0.0,10000.0,0.0,0.0,0.0
2025-07-16 08:00:00,0.44701,22350.5,7310.0,0.0,15040.5,0.0,0.0,10000.0,0.0,0.0,0.0
2025-07-16 09:00:00,0.407281,20364.05,7310.0,0.0,13054.05,0.0,0.0,10000.0,0.0,0.0,0.0
2025-07-16 10:00:00,0.36892,18446.0,7310.0,0.0,11136.0,0.0,0.0,10000.0,0.0,0.0,0.0
2025-07-16 11:00:00,0.314454,15722.7,7310.0,0.0,8412.7,0.0,0.0,10000.0,0.0,0.0,0.0
2025-07-16 12:00:00,0.28210700000000005,14105.350000000002,7310.0,0.0,6795.350000000002,0.0,0.0,10000.0,0.0,0.0,0.0
2025-07-16 13:00:00,0.25159200000000004,12579.600000000002,7310.0,0.0,5269.600000000002,0.0,0.0,10000.0,0.0,0.0,0.0
2025-07-16 14:00:00,0.218299,10914.949999999999,7310.0,0.0,3604.949999999999,0.0,0.0,10000.0,0.0,0.0,0.0
2025-07-16 15:00:00,0.191028,9551.4,7310.0,0.0,2241.3999999999996,0.0,0.0,10000.0,0.0,0.0,0.0
2025-07-16 16:00:00,0.163143,8157.150000000001,7310.0,0.0,847.1500000000005,0.0,0.0,10000.0,0.0,0.0,0.0
2025-07-16 17:00:00,0.133434,6671.7,6671.7,0.0,0.0,0.0,40.31771598212455,9959.682284017876,638.3000000000002,0.0,0.0
2025-07-16 18:00:00,0.111193,5559.65,5559.65,0.0,0.0,0.0,110.55947700033165,9849.122807017544,1750.3500000000004,0.0,0.0
2025-07-16 19:00:00,0.112036,5601.8,5601.8,0.0,0.0,0.0,107.89710550002368,9741.22570151752,1708.1999999999998,0.0,0.0
2025-07-16 20:00:00,0.13140100000000002,6570.050000000001,6570.050000000001,0.0,0.0,0.0,46.73835804633089,9694.48734347119,739.9499999999989,0.0,0.0
2025-07-16 21:00:00,0.157362,7868.1,7310.0,558.1000000000004,0.0,10.335185185185193,0.0,9704.822528656376,0.0,0.0,0.0
2025-07-16 22:00:00,0.184264,9213.2,7310.0,1903.200000000001,-2.2737367544323206e-13,35.24444444444446,0.0,9740.06697310082,0.0,0.0,0.0
2025-07-16 23:00:00,0.210401,10520.050000000001,7310.0,3210.050000000001,0.0,59.44537037037039,0.0,9799.512343471191,0.0,0.0,0.0
2025-07-17 00:00:00,0.219084,10954.2,7310.0,3644.2000000000007,0.0,67.4851851851852,0.0,9866.997528656377,0.0,0.0,0.0
2025-07-17 01:00:00,0.20778899999999997,10389.449999999999,7310.0,3079.449999999999,0.0,57.02685185185183,0.0,9924.024380508228,0.0,0.0,0.0
2025-07-17 02:00:00,0.192305,9615.25,7310.0,2305.25,0.0,42.68981481481482,0.0,9966.714195323044,0.0,0.0,0.0
2025-07-17 03:00:00,0.17594300000000002,8797.150000000001,7310.0,1487.1500000000015,0.0,27.539814814814843,0.0,9994.254010137858,0.0,0.0,0.0
2025-07-17 04:00:00,0.14838900000000002,7419.450000000001,7310.0,109.45000000000073,0.0,2.0268518518518652,0.0,9996.28086198971,0.0,0.0,0.0
2025-07-17 05:00:00,0.094434,4721.7,4721.7,0.0,0.0,0.0,163.48792774014245,9832.792934249566,2588.3,0.0,0.0
2025-07-17 06:00:00,0.070846,3542.3,3542.3,0.0,0.0,0.0,237.983798379838,9594.809135869727,3767.7,0.0,0.0
2025-07-17 07:00:00,0.090344,4517.2,4517.2,0.0,0.0,0.0,176.40500892194487,9418.404126947782,2792.8,0.0,0.0
2025-07-17 08:00:00,0.087124,4356.2,4356.2,0.0,0.0,0.0,186.57444691837608,9231.829680029407,2953.8,0.0,0.0
2025-07-17 09:00:00,0.08553100000000001,4276.55,4276.55,0.0,0.0,0.0,191.6054763371074,9040.2242036923,3033.45,0.0,0.0
2025-07-17 10:00:00,0.08975100000000001,4487.55,4487.55,0.0,0.0,0.0,178.27782778277827,8861.946375909522,2822.45,0.0,0.0
2025-07-17 11:00:00,0.098308,4915.400000000001,4915.400000000001,0.0,0.0,0.0,151.25302003884596,8710.693355870675,2394.5999999999995,0.0,0.0
2025-07-17 12:00:00,0.107647,5382.35,5382.35,0.0,0.0,0.0,121.75849163863754,8588.934864232038,1927.6499999999996,0.0,0.0
2025-07-17 13:00:00,0.117113,5855.65,5855.65,0.0,0.0,0.0,91.86287049757611,8497.071993734462,1454.3500000000004,0.0,0.0
2025-07-17 14:00:00,0.11578400000000001,5789.200000000001,5789.200000000001,0.0,0.0,0.0,96.06013232902234,8401.011861405439,1520.7999999999993,0.0,0.0
2025-07-17 15:00:00,0.10429000000000001,5214.5,5214.5,0.0,0.0,0.0,132.3606044815008,8268.651256923938,2095.5,0.0,0.0
2025-07-17 16:00:00,0.091163,4558.15,4558.15,0.0,0.0,0.0,173.8184344750265,8094.832822448912,2751.8500000000004,0.0,0.0
2025-07-17 17:00:00,0.08264700000000001,4132.35,4132.35,0.0,0.0,0.0,200.71375558608491,7894.119066862828,3177.6499999999996,0.0,0.0
2025-07-17 18:00:00,0.07663800000000001,3831.9000000000005,3831.9000000000005,0.0,0.0,0.0,219.69144282849336,7674.427624034334,3478.0999999999995,0.0,0.0
2025-07-17 19:00:00,0.08582899999999999,4291.45,4291.45,0.0,0.0,0.0,190.66432959085387,7483.763294443481,3018.55,0.0,0.0
2025-07-17 20:00:00,0.109918,5495.9,5495.9,0.0,0.0,0.0,114.58619546165147,7369.17709898183,1814.1000000000004,0.0,0.0
2025-07-17 21:00:00,0.122762,6138.099999999999,6138.099999999999,0.0,0.0,0.0,74.02213905601091,7295.154959925819,1171.9000000000005,0.0,0.0
2025-07-17 22:00:00,0.131007,6550.35,6550.35,0.0,0.0,0.0,47.9826930061427,7247.172266919676,759.6499999999996,0.0,0.0
2025-07-17 23:00:00,0.128255,6412.75,6412.75,0.0,0.0,0.0,56.67408846147773,7190.498178458199,897.25,0.0,0.0
2025-07-18 00:00:00,0.12290000000000001,6145.000000000001,6145.000000000001,0.0,0.0,0.0,73.58630599902091,7116.911872459178,1164.999999999999,0.0,0.0
2025-07-18 01:00:00,0.120964,6048.2,6048.2,0.0,0.0,0.0,79.7006016391113,7037.211270820067,1261.8000000000002,0.0,0.0
2025-07-18 02:00:00,0.121604,6080.2,6080.2,0.0,0.0,0.0,77.67934688205665,6959.53192393801,1229.8000000000002,0.0,0.0
2025-07-18 03:00:00,0.12082,6041.0,6041.0,0.0,0.0,0.0,80.15538395944859,6879.376539978561,1269.0,0.0,0.0
2025-07-18 04:00:00,0.112997,5649.85,5649.85,0.0,0.0,0.0,104.8620651538838,6774.514474824677,1660.1499999999996,0.0,0.0
2025-07-18 05:00:00,0.074254,3712.7,3712.7,0.0,0.0,0.0,227.220616798522,6547.293858026154,3597.3,0.0,0.0
2025-07-18 06:00:00,0.062701,3135.05,3135.05,0.0,0.0,0.0,263.70742337391636,6283.586434652238,4174.95,0.0,0.0
2025-07-18 07:00:00,0.07299599999999999,3649.7999999999997,3649.7999999999997,0.0,0.0,0.0,231.19364568035755,6052.39278897188,3660.2000000000003,0.0,0.0
2025-07-18 08:00:00,0.089385,4469.25,4469.25,0.0,0.0,0.0,179.43373284696892,5872.959056124911,2840.75,0.0,0.0
2025-07-18 09:00:00,0.109231,5461.55,5461.55,0.0,0.0,0.0,116.75588611492728,5756.203170009983,1848.4499999999998,0.0,0.0
2025-07-18 10:00:00,0.126191,6309.55,6309.55,0.0,0.0,0.0,63.19263505297898,5693.010534957004,1000.4499999999998,0.0,0.0
2025-07-18 11:00:00,0.145544,7277.200000000001,7277.200000000001,0.0,0.0,0.0,2.0717861259809736,5690.938748831023,32.79999999999927,0.0,0.0
2025-07-18 12:00:00,0.16206399999999999,8103.199999999999,7310.0,793.1999999999989,0.0,14.688888888888869,0.0,5705.627637719912,0.0,0.0,0.0
2025-07-18 13:00:00,0.16328700000000002,8164.35,7310.0,854.3500000000004,0.0,15.821296296296303,0.0,5721.448934016208,0.0,0.0,0.0
2025-07-18 14:00:00,0.15144,7572.0,7310.0,262.0,0.0,4.851851851851852,0.0,5726.30078586806,0.0,0.0,0.0
2025-07-18 15:00:00,0.132873,6643.65,6643.65,0.0,0.0,0.0,42.08947210510527,5684.211313762955,666.3500000000004,0.0,0.0
2025-07-18 16:00:00,0.114226,5711.299999999999,5711.299999999999,0.0,0.0,0.0,100.98062437822736,5583.230689384727,1598.7000000000007,0.0,0.0
2025-07-18 17:00:00,0.10756199999999999,5378.099999999999,5378.099999999999,0.0,0.0,0.0,122.02693953605892,5461.203749848668,1931.9000000000005,0.0,0.0
2025-07-18 18:00:00,0.135356,6767.8,6767.8,0.0,0.0,0.0,34.247635289844766,5426.956114558823,542.1999999999998,0.0,0.0
2025-07-18 19:00:00,0.17213399999999998,8606.699999999999,7310.0,1296.699999999999,0.0,24.01296296296294,0.0,5450.969077521786,0.0,0.0,0.0
2025-07-18 20:00:00,0.152762,7638.1,7310.0,328.10000000000036,0.0,6.075925925925933,0.0,5457.045003447712,0.0,0.0,0.0
2025-07-18 21:00:00,0.104378,5218.9,5218.9,0.0,0.0,0.0,132.0826819524058,5324.962321495306,2091.1000000000004,0.0,0.0
2025-07-18 22:00:00,0.072399,3619.9500000000003,3619.9500000000003,0.0,0.0,0.0,233.07909738342255,5091.8832241118835,3690.0499999999997,0.0,0.0
2025-07-18 23:00:00,0.058351,2917.55,2917.55,0.0,0.0,0.0,277.4456393007722,4814.437584811111,4392.45,0.0,0.0
2025-07-19 00:00:00,0.044312,2215.6,2215.6,0.0,0.0,0.0,321.78375732310076,4492.65382748801,5094.4,0.0,0.0
2025-07-19 01:00:00,0.026759,1337.95,1337.95,0.0,0.0,0.0,377.2198272458825,4115.434000242128,5972.05,0.0,0.0
2025-07-19 02:00:00,0.015927,796.35,796.35,0.0,0.0,0.0,411.4295640090325,3704.004436233095,6513.65,0.0,0.0
2025-07-19 03:00:00,0.01036,518.0,518.0,0.0,0.0,0.0,429.0113221848501,3274.993114048245,6792.0,0.0,0.0
2025-07-19 04:00:00,0.009013,450.65000000000003,450.65000000000003,0.0,0.0,0.0,433.2654318063386,2841.727682241906,6859.35,0.0,0.0
2025-07-19 05:00:00,0.010462999999999998,523.1499999999999,523.1499999999999,0.0,0.0,0.0,428.68602649738665,2413.0416557445196,6786.85,0.0,0.0
2025-07-19 06:00:00,0.012368,618.4,618.4,0.0,0.0,0.0,422.6696353845912,1990.3720203599285,6691.6,0.0,0.0
2025-07-19 07:00:00,0.01103,551.5,551.5,0.0,0.0,0.0,426.89532111105854,1563.4766992488699,6758.5,0.0,0.0
2025-07-19 08:00:00,0.013738,686.9,686.9,0.0,0.0,0.0,418.34288692027104,1145.1338123285989,6623.1,0.0,0.0
2025-07-19 09:00:00,0.014858,742.9,742.9,0.0,0.0,0.0,414.8056910954254,730.3281212331735,6567.1,0.0,0.0
2025-07-19 10:00:00,0.009687,484.34999999999997,484.34999999999997,0.0,0.0,0.0,431.1367978903154,299.19132334285814,6825.65,0.0,0.0
2025-07-19 11:00:00,0.004901,245.05,245.05,0.0,0.0,0.0,299.19132334285814,0.0,4736.722233333294,2328.227766666706,0.0
2025-07-19 12:00:00,0.0050149999999999995,250.74999999999997,250.74999999999997,0.0,0.0,0.0,0.0,0.0,0.0,7059.25,0.0
2025-07-19 13:00:00,0.010353,517.65,517.65,0.0,0.0,0.0,0.0,0.0,0.0,6792.35,0.0
2025-07-19 14:00:00,0.021966,1098.3,1098.3,0.0,0.0,0.0,0.0,0.0,0.0,6211.7,0.0
2025-07-19 15:00:00,0.027899,1394.95,1394.95,0.0,0.0,0.0,0.0,0.0,0.0,5915.05,0.0
2025-07-19 16:00:00,0.026209,1310.45,1310.45,0.0,0.0,0.0,0.0,0.0,0.0,5999.55,0.0
2025-07-19 17:00:00,0.039585999999999996,1979.2999999999997,1979.2999999999997,0.0,0.0,0.0,0.0,0.0,0.0,5330.700000000001,0.0
2025-07-19 18:00:00,0.083125,4156.25,4156.25,0.0,0.0,0.0,0.0,0.0,0.0,3153.75,0.0
2025-07-19 19:00:00,0.151978,7598.900000000001,7310.0,288.90000000000055,0.0,5.35000000000001,0.0,5.35000000000001,0.0,0.0,0.0
2025-07-19 20:00:00,0.227388,11369.4,7310.0,4059.3999999999996,0.0,75.17407407407407,0.0,80.52407407407408,0.0,0.0,0.0
2025-07-19 21:00:00,0.258984,12949.199999999999,7310.0,5639.199999999999,0.0,104.42962962962962,0.0,184.9537037037037,0.0,0.0,0.0
2025-07-19 22:00:00,0.248561,12428.050000000001,7310.0,5118.050000000001,0.0,94.77870370370373,0.0,279.73240740740744,0.0,0.0,0.0
2025-07-19 23:00:00,0.227658,11382.9,7310.0,4072.8999999999996,0.0,75.42407407407407,0.0,355.1564814814815,0.0,0.0,0.0
2025-07-20 00:00:00,0.219819,10990.949999999999,7310.0,3680.949999999999,0.0,68.16574074074072,0.0,423.3222222222222,0.0,0.0,0.0
2025-07-20 01:00:00,0.22863399999999998,11431.699999999999,7310.0,4121.699999999999,0.0,76.32777777777775,0.0,499.65,0.0,0.0,0.0
2025-07-20 02:00:00,0.25927999999999995,12963.999999999998,7310.0,5653.999999999998,0.0,104.70370370370367,0.0,604.3537037037037,0.0,0.0,0.0
2025-07-20 03:00:00,0.303834,15191.699999999999,7310.0,7881.699999999998,9.094947017729282e-13,145.95740740740737,0.0,750.311111111111,0.0,0.0,0.0
2025-07-20 04:00:00,0.29631599999999997,14815.8,7310.0,7505.8,-9.094947017729282e-13,138.9962962962963,0.0,889.3074074074073,0.0,0.0,0.0
2025-07-20 05:00:00,0.327723,16386.149999999998,7310.0,9076.149999999998,0.0,168.0768518518518,0.0,1057.3842592592591,0.0,0.0,0.0
2025-07-20 06:00:00,0.352408,17620.4,7310.0,10310.400000000001,0.0,190.93333333333337,0.0,1248.3175925925925,0.0,0.0,0.0
2025-07-20 07:00:00,0.436829,21841.45,7310.0,14531.45,0.0,269.10092592592594,0.0,1517.4185185185183,0.0,0.0,0.0
2025-07-20 08:00:00,0.479468,23973.4,7310.0,16663.4,0.0,308.5814814814815,0.0,1825.9999999999998,0.0,0.0,0.0
2025-07-20 09:00:00,0.454125,22706.25,7310.0,15396.250000000002,-1.8189894035458565e-12,285.11574074074076,0.0,2111.1157407407404,0.0,0.0,0.0
2025-07-20 10:00:00,0.44425,22212.5,7310.0,14902.5,0.0,275.97222222222223,0.0,2387.0879629629626,0.0,0.0,0.0
2025-07-20 11:00:00,0.501766,25088.300000000003,7310.0,17778.300000000003,0.0,329.2277777777778,0.0,2716.3157407407402,0.0,0.0,0.0
2025-07-20 12:00:00,0.534862,26743.1,7310.0,19433.1,0.0,359.8722222222222,0.0,3076.1879629629625,0.0,0.0,0.0
2025-07-20 13:00:00,0.537574,26878.7,7310.0,19568.7,0.0,362.3833333333333,0.0,3438.5712962962957,0.0,0.0,0.0
2025-07-20 14:00:00,0.546005,27300.249999999996,7310.0,19990.249999999996,0.0,370.1898148148147,0.0,3808.7611111111105,0.0,0.0,0.0
2025-07-20 15:00:00,0.537895,26894.75,7310.0,19584.75,0.0,362.68055555555554,0.0,4171.441666666666,0.0,0.0,0.0
2025-07-20 16:00:00,0.505443,25272.149999999998,7310.0,17962.149999999998,0.0,332.63240740740736,0.0,4504.074074074073,0.0,0.0,0.0
2025-07-20 17:00:00,0.46000599999999997,23000.3,7310.0,15690.299999999997,1.8189894035458565e-12,290.5611111111111,0.0,4794.635185185184,0.0,0.0,0.0
2025-07-20 18:00:00,0.397772,19888.600000000002,7310.0,12578.600000000002,0.0,232.93703703703707,0.0,5027.572222222221,0.0,0.0,0.0
2025-07-20 19:00:00,0.328248,16412.399999999998,7310.0,9102.399999999998,0.0,168.56296296296293,0.0,5196.135185185184,0.0,0.0,0.0
2025-07-20 20:00:00,0.293773,14688.65,7310.0,7378.65,0.0,136.64166666666665,0.0,5332.776851851851,0.0,0.0,0.0
2025-07-20 21:00:00,0.264485,13224.250000000002,7310.0,5914.250000000002,0.0,109.52314814814818,0.0,5442.299999999998,0.0,0.0,0.0
2025-07-20 22:00:00,0.23293,11646.5,7310.0,4336.5,0.0,80.30555555555556,0.0,5522.605555555554,0.0,0.0,0.0
2025-07-20 23:00:00,0.19424100000000002,9712.050000000001,7310.0,2402.050000000001,0.0,44.48240740740743,0.0,5567.087962962962,0.0,0.0,0.0
2025-07-21 00:00:00,0.153703,7685.150000000001,7310.0,375.15000000000055,0.0,6.947222222222233,0.0,5574.035185185184,0.0,0.0,0.0
2025-07-21 01:00:00,0.10388800000000001,5194.400000000001,5194.400000000001,0.0,0.0,0.0,133.63020512577572,5440.404980059408,2115.5999999999995,0.0,0.0
2025-07-21 02:00:00,0.062299999999999994,3114.9999999999995,3114.9999999999995,0.0,0.0,0.0,264.97386580763344,5175.431114251775,4195.0,0.0,0.0
2025-07-21 03:00:00,0.041083,2054.15,2054.15,0.0,0.0,0.0,331.9816192145531,4843.449495037223,5255.85,0.0,0.0
2025-07-21 04:00:00,0.041146999999999996,2057.35,2057.35,0.0,0.0,0.0,331.7794937388476,4511.670001298375,5252.65,0.0,0.0
2025-07-21 05:00:00,0.048258,2412.9,2412.9,0.0,0.0,0.0,309.3214584616357,4202.348542836739,4897.1,0.0,0.0
2025-07-21 06:00:00,0.057189,2859.45,2859.45,0.0,0.0,0.0,281.1154799690496,3921.23306286769,4450.55,0.0,0.0
2025-07-21 07:00:00,0.08063200000000001,4031.6000000000004,4031.6000000000004,0.0,0.0,0.0,207.07754986024918,3714.1555130074407,3278.3999999999996,0.0,0.0
2025-07-21 08:00:00,0.083059,4152.95,4152.95,0.0,0.0,0.0,199.41257283623102,3514.7429401712097,3157.05,0.0,0.0
2025-07-21 09:00:00,0.07220399999999999,3610.1999999999994,3610.1999999999994,0.0,0.0,0.0,233.6949484422127,3281.047991728997,3699.8000000000006,0.0,0.0
2025-07-21 10:00:00,0.07241299999999999,3620.6499999999996,3620.6499999999996,0.0,0.0,0.0,233.03488243561202,3048.0131092933852,3689.3500000000004,0.0,0.0
2025-07-21 11:00:00,0.096861,4843.05,4843.05,0.0,0.0,0.0,155.82295071612424,2892.190158577261,2466.95,0.0,0.0
2025-07-21 12:00:00,0.134699,6734.950000000001,6734.950000000001,0.0,0.0,0.0,36.32257962638365,2855.8675789508775,575.0499999999993,0.0,0.0
2025-07-21 13:00:00,0.16722399999999998,8361.199999999999,7310.0,1051.199999999999,0.0,19.466666666666647,0.0,2875.334245617544,0.0,0.0,0.0
2025-07-21 14:00:00,0.17694,8847.0,7310.0,1537.0,0.0,28.462962962962962,0.0,2903.7972085805072,0.0,0.0,0.0
2025-07-21 15:00:00,0.174774,8738.7,7310.0,1428.7000000000007,0.0,26.45740740740742,0.0,2930.254615987915,0.0,0.0,0.0
2025-07-21 16:00:00,0.173852,8692.6,7310.0,1382.6000000000004,0.0,25.60370370370371,0.0,2955.8583196916184,0.0,0.0,0.0
2025-07-21 17:00:00,0.16744900000000001,8372.45,7310.0,1062.4500000000007,0.0,19.675000000000015,0.0,2975.5333196916185,0.0,0.0,0.0
2025-07-21 18:00:00,0.17242,8621.0,7310.0,1311.0,0.0,24.27777777777778,0.0,2999.8110974693964,0.0,0.0,0.0
2025-07-21 19:00:00,0.230678,11533.9,7310.0,4223.9,0.0,78.22037037037036,0.0,3078.0314678397667,0.0,0.0,0.0
2025-07-21 20:00:00,0.327749,16387.45,7310.0,9077.45,0.0,168.10092592592594,0.0,3246.1323937656925,0.0,0.0,0.0
2025-07-21 21:00:00,0.397781,19889.05,7310.0,12579.05,0.0,232.94537037037037,0.0,3479.077764136063,0.0,0.0,0.0
2025-07-21 22:00:00,0.392197,19609.850000000002,7310.0,12299.850000000002,0.0,227.77500000000003,0.0,3706.852764136063,0.0,0.0,0.0
2025-07-21 23:00:00,0.357753,17887.649999999998,7310.0,10577.649999999998,0.0,195.88240740740736,0.0,3902.73517154347,0.0,0.0,0.0
2025-07-22 00:00:00,0.330597,16529.85,7310.0,9219.849999999999,0.0,170.73796296296294,0.0,4073.4731345064333,0.0,0.0,0.0
2025-07-22 01:00:00,0.325161,16258.05,7310.0,8948.05,0.0,165.7046296296296,0.0,4239.177764136063,0.0,0.0,0.0
2025-07-22 02:00:00,0.33157600000000004,16578.800000000003,7310.0,9268.800000000003,0.0,171.6444444444445,0.0,4410.822208580507,0.0,0.0,0.0
2025-07-22 03:00:00,0.33390800000000004,16695.4,7310.0,9385.400000000001,0.0,173.80370370370372,0.0,4584.625912284211,0.0,0.0,0.0
2025-07-22 04:00:00,0.31389100000000003,15694.550000000001,7310.0,8384.550000000001,0.0,155.26944444444447,0.0,4739.895356728655,0.0,0.0,0.0
2025-07-22 05:00:00,0.200504,10025.199999999999,7310.0,2715.199999999999,0.0,50.281481481481464,0.0,4790.176838210136,0.0,0.0,0.0
2025-07-22 06:00:00,0.178499,8924.949999999999,7310.0,1614.949999999999,0.0,29.90648148148146,0.0,4820.083319691617,0.0,0.0,0.0
2025-07-22 07:00:00,0.197354,9867.7,7310.0,2557.7000000000007,0.0,47.36481481481483,0.0,4867.448134506432,0.0,0.0,0.0
2025-07-22 08:00:00,0.21168,10584.0,7310.0,3274.0,0.0,60.629629629629626,0.0,4928.077764136062,0.0,0.0,0.0
2025-07-22 09:00:00,0.218582,10929.1,7310.0,3619.1,4.547473508864641e-13,67.02037037037037,0.0,4995.098134506432,0.0,0.0,0.0
2025-07-22 10:00:00,0.21449100000000001,10724.550000000001,7310.0,3414.550000000001,0.0,63.23240740740743,0.0,5058.33054191384,0.0,0.0,0.0
2025-07-22 11:00:00,0.20935499999999999,10467.75,7310.0,3157.75,0.0,58.476851851851855,0.0,5116.807393765692,0.0,0.0,0.0
2025-07-22 12:00:00,0.22303800000000001,11151.900000000001,7310.0,3841.9000000000015,0.0,71.14629629629633,0.0,5187.953690061988,0.0,0.0,0.0
2025-07-22 13:00:00,0.23369,11684.5,7310.0,4374.5,0.0,81.00925925925925,0.0,5268.962949321247,0.0,0.0,0.0
2025-07-22 14:00:00,0.227555,11377.75,7310.0,4067.7500000000005,-4.547473508864641e-13,75.32870370370371,0.0,5344.29165302495,0.0,0.0,0.0
2025-07-22 15:00:00,0.210478,10523.9,7310.0,3213.8999999999996,0.0,59.51666666666666,0.0,5403.808319691617,0.0,0.0,0.0
2025-07-22 16:00:00,0.18226499999999998,9113.25,7310.0,1803.25,0.0,33.39351851851852,0.0,5437.201838210135,0.0,0.0,0.0
2025-07-22 17:00:00,0.158978,7948.900000000001,7310.0,638.9000000000005,0.0,11.831481481481491,0.0,5449.033319691616,0.0,0.0,0.0
2025-07-22 18:00:00,0.131768,6588.4,6588.4,0.0,0.0,0.0,45.57929477158245,5403.454024920034,721.6000000000004,0.0,0.0
2025-07-22 19:00:00,0.14019900000000002,7009.950000000001,7009.950000000001,0.0,0.0,0.0,18.952421557945225,5384.501603362089,300.0499999999993,0.0,0.0
2025-07-22 20:00:00,0.154599,7729.949999999999,7310.0,419.9499999999989,0.0,7.7768518518518315,0.0,5392.27845521394,0.0,0.0,0.0
2025-07-22 21:00:00,0.160828,8041.4,7310.0,731.3999999999996,0.0,13.544444444444437,0.0,5405.822899658385,0.0,0.0,0.0
2025-07-22 22:00:00,0.158403,7920.15,7310.0,610.1499999999996,0.0,11.299074074074067,0.0,5417.121973732459,0.0,0.0,0.0
2025-07-22 23:00:00,0.15340299999999998,7670.15,7310.0,360.14999999999964,0.0,6.669444444444438,0.0,5423.791418176904,0.0,0.0,0.0
2025-07-23 00:00:00,0.157445,7872.25,7310.0,562.25,0.0,10.412037037037036,0.0,5434.203455213941,0.0,0.0,0.0
2025-07-23 01:00:00,0.156474,7823.7,7310.0,513.6999999999998,0.0,9.512962962962959,0.0,5443.716418176904,0.0,0.0,0.0
2025-07-23 02:00:00,0.152366,7618.3,7310.0,308.3000000000002,0.0,5.709259259259262,0.0,5449.425677436163,0.0,0.0,0.0
2025-07-23 03:00:00,0.15735300000000002,7867.6500000000015,7310.0,557.6500000000015,0.0,10.32685185185188,0.0,5459.752529288015,0.0,0.0,0.0
2025-07-23 04:00:00,0.157642,7882.1,7310.0,572.1000000000004,0.0,10.59444444444445,0.0,5470.346973732459,0.0,0.0,0.0
2025-07-23 05:00:00,0.117783,5889.15,5889.15,0.0,0.0,0.0,89.74686942378452,5380.600104308675,1420.8500000000004,0.0,0.0
2025-07-23 06:00:00,0.129458,6472.9,6472.9,0.0,0.0,0.0,52.874761160326585,5327.725343148349,837.1000000000004,0.0,0.0
2025-07-23 07:00:00,0.141191,7059.55,7059.55,0.0,0.0,0.0,15.819476684510546,5311.905866463838,250.44999999999982,0.0,0.0
2025-07-23 08:00:00,0.154614,7730.7,7310.0,420.6999999999998,0.0,7.790740740740738,0.0,5319.696607204579,0.0,0.0,0.0
2025-07-23 09:00:00,0.17643999999999999,8822.0,7310.0,1512.0,0.0,28.0,0.0,5347.696607204579,0.0,0.0,0.0
2025-07-23 10:00:00,0.181483,9074.15,7310.0,1764.1499999999996,0.0,32.66944444444444,0.0,5380.366051649024,0.0,0.0,0.0
2025-07-23 11:00:00,0.177655,8882.75,7310.0,1572.75,0.0,29.125,0.0,5409.491051649024,0.0,0.0,0.0
2025-07-23 12:00:00,0.16800700000000002,8400.35,7310.0,1090.3500000000004,0.0,20.191666666666674,0.0,5429.68271831569,0.0,0.0,0.0
2025-07-23 13:00:00,0.15949000000000002,7974.500000000001,7310.0,664.5000000000009,0.0,12.305555555555573,0.0,5441.988273871246,0.0,0.0,0.0
2025-07-23 14:00:00,0.154585,7729.25,7310.0,419.25,0.0,7.763888888888889,0.0,5449.7521627601345,0.0,0.0,0.0
2025-07-23 15:00:00,0.157942,7897.1,7310.0,587.1000000000004,0.0,10.872222222222229,0.0,5460.624384982357,0.0,0.0,0.0
2025-07-23 16:00:00,0.16763,8381.5,7310.0,1071.5,0.0,19.84259259259259,0.0,5480.466977574949,0.0,0.0,0.0
2025-07-23 17:00:00,0.17749,8874.5,7310.0,1564.5,0.0,28.97222222222222,0.0,5509.439199797172,0.0,0.0,0.0
2025-07-23 18:00:00,0.18380000000000002,9190.000000000002,7310.0,1880.0000000000016,2.2737367544323206e-13,34.814814814814845,0.0,5544.254014611986,0.0,0.0,0.0
2025-07-23 19:00:00,0.23135499999999998,11567.749999999998,7310.0,4257.749999999998,0.0,78.84722222222219,0.0,5623.101236834209,0.0,0.0,0.0
2025-07-23 20:00:00,0.282174,14108.699999999999,7310.0,6798.699999999999,0.0,125.90185185185183,0.0,5749.00308868606,0.0,0.0,0.0
2025-07-23 21:00:00,0.308592,15429.599999999999,7310.0,8119.5999999999985,0.0,150.36296296296294,0.0,5899.366051649024,0.0,0.0,0.0
2025-07-23 22:00:00,0.30642,15321.000000000002,7310.0,8011.000000000001,9.094947017729282e-13,148.35185185185188,0.0,6047.717903500876,0.0,0.0,0.0
2025-07-23 23:00:00,0.283185,14159.250000000002,7310.0,6849.250000000002,0.0,126.83796296296299,0.0,6174.555866463838,0.0,0.0,0.0
2025-07-24 00:00:00,0.278581,13929.050000000001,7310.0,6619.050000000001,0.0,122.57500000000002,0.0,6297.130866463838,0.0,0.0,0.0
2025-07-24 01:00:00,0.274418,13720.9,7310.0,6410.9,0.0,118.72037037037036,0.0,6415.851236834209,0.0,0.0,0.0
2025-07-24 02:00:00,0.306136,15306.800000000001,7310.0,7996.800000000001,0.0,148.0888888888889,0.0,6563.9401257230975,0.0,0.0,0.0
2025-07-24 03:00:00,0.308662,15433.1,7310.0,8123.1,0.0,150.42777777777778,0.0,6714.367903500875,0.0,0.0,0.0
2025-07-24 04:00:00,0.277225,13861.25,7310.0,6551.25,0.0,121.31944444444444,0.0,6835.68734794532,0.0,0.0,0.0
2025-07-24 05:00:00,0.227856,11392.8,7310.0,4082.7999999999993,0.0,75.6074074074074,0.0,6911.294755352727,0.0,0.0,0.0
2025-07-24 06:00:00,0.28836900000000004,14418.450000000003,7310.0,7108.450000000003,0.0,131.637962962963,0.0,7042.93271831569,0.0,0.0,0.0
2025-07-24 07:00:00,0.336838,16841.9,7310.0,9531.900000000001,0.0,176.51666666666668,0.0,7219.449384982357,0.0,0.0,0.0
2025-07-24 08:00:00,0.370861,18543.05,7310.0,11233.05,0.0,208.01944444444442,0.0,7427.468829426801,0.0,0.0,0.0
2025-07-24 09:00:00,0.40254199999999996,20127.1,7310.0,12817.099999999999,0.0,237.35370370370367,0.0,7664.822533130505,0.0,0.0,0.0
2025-07-24 10:00:00,0.42223,21111.5,7310.0,13801.5,0.0,255.58333333333334,0.0,7920.405866463838,0.0,0.0,0.0
2025-07-24 11:00:00,0.432762,21638.1,7310.0,14328.099999999997,1.8189894035458565e-12,265.33518518518514,0.0,8185.741051649023,0.0,0.0,0.0
2025-07-24 12:00:00,0.447019,22350.95,7310.0,15040.949999999999,1.8189894035458565e-12,278.5361111111111,0.0,8464.277162760134,0.0,0.0,0.0
2025-07-24 13:00:00,0.463538,23176.9,7310.0,15866.9,1.8189894035458565e-12,293.8314814814815,0.0,8758.108644241616,0.0,0.0,0.0
2025-07-24 14:00:00,0.46780099999999997,23390.05,7310.0,16080.05,0.0,297.7787037037037,0.0,9055.88734794532,0.0,0.0,0.0
2025-07-24 15:00:00,0.46354399999999996,23177.199999999997,7310.0,15867.199999999995,1.8189894035458565e-12,293.83703703703696,0.0,9349.724384982357,0.0,0.0,0.0
2025-07-24 16:00:00,0.447001,22350.05,7310.0,15040.05,0.0,278.51944444444445,0.0,9628.243829426801,0.0,0.0,0.0
2025-07-24 17:00:00,0.40132799999999996,20066.399999999998,7310.0,12756.399999999998,0.0,236.22962962962958,0.0,9864.473459056431,0.0,0.0,0.0
2025-07-24 18:00:00,0.3033,15165.0,7310.0,7318.433210952713,536.5667890472869,135.52654094356876,0.0,10000.0,0.0,0.0,0.0
2025-07-24 19:00:00,0.22308,11154.0,7310.0,0.0,3844.0,0.0,0.0,10000.0,0.0,0.0,0.0
2025-07-24 20:00:00,0.20959899999999998,10479.949999999999,7310.0,0.0,3169.949999999999,0.0,0.0,10000.0,0.0,0.0,0.0
2025-07-24 21:00:00,0.16923500000000002,8461.750000000002,7310.0,0.0,1151.7500000000018,0.0,0.0,10000.0,0.0,0.0,0.0
2025-07-24 22:00:00,0.13547800000000002,6773.900000000001,6773.900000000001,0.0,0.0,0.0,33.8623336017812,9966.13766639822,536.0999999999995,0.0,0.0
2025-07-24 23:00:00,0.119479,5973.95,5973.95,0.0,0.0,0.0,84.39054431758967,9881.74712208063,1336.0500000000002,0.0,0.0
2025-07-25 00:00:00,0.117323,5866.15,5866.15,0.0,0.0,0.0,91.19964628041755,9790.547475800211,1443.8500000000004,0.0,0.0
2025-07-25 01:00:00,0.105035,5251.75,5251.75,0.0,0.0,0.0,130.00773761586686,9660.539738184345,2058.25,0.0,0.0
2025-07-25 02:00:00,0.09636700000000001,4818.35,4818.35,0.0,0.0,0.0,157.3831067317258,9503.156631452619,2491.6499999999996,0.0,0.0
2025-07-25 03:00:00,0.076416,3820.7999999999997,3820.7999999999997,0.0,0.0,0.0,220.39256557234674,9282.764065880272,3489.2000000000003,0.0,0.0
2025-07-25 04:00:00,0.057762999999999995,2888.1499999999996,2888.1499999999996,0.0,0.0,0.0,279.3026671088162,9003.461398771457,4421.85,0.0,0.0
2025-07-25 05:00:00,0.037133,1856.6499999999999,1856.6499999999999,0.0,0.0,0.0,344.4565509182498,8659.004847853206,5453.35,0.0,0.0
2025-07-25 06:00:00,0.021978,1098.9,1098.9,0.0,0.0,0.0,392.3192319231924,8266.685615930013,6211.1,0.0,0.0
2025-07-25 07:00:00,0.023100000000000002,1155.0000000000002,1155.0000000000002,0.0,0.0,0.0,388.77571967723094,7877.909896252782,6155.0,0.0,0.0
2025-07-25 08:00:00,0.037837,1891.8500000000001,1891.8500000000001,0.0,0.0,0.0,342.2331706854896,7535.676725567293,5418.15,0.0,0.0
2025-07-25 09:00:00,0.054575000000000005,2728.7500000000005,2728.7500000000005,0.0,0.0,0.0,289.3710423673947,7246.305683199898,4581.25,0.0,0.0
2025-07-25 10:00:00,0.061066,3053.3,3053.3,0.0,0.0,0.0,268.8710976360794,6977.4345855638185,4256.7,0.0,0.0
2025-07-25 11:00:00,0.06586,3293.0,3293.0,0.0,0.0,0.0,253.73063622151693,6723.703949342302,4017.0,0.0,0.0
2025-07-25 12:00:00,0.07893800000000001,3946.9000000000005,3946.9000000000005,0.0,0.0,0.0,212.4275585453282,6511.276390796974,3363.0999999999995,0.0,0.0
2025-07-25 13:00:00,0.104839,5241.95,5241.95,0.0,0.0,0.0,130.62674688521486,6380.649643911759,2068.05,0.0,0.0
2025-07-25 14:00:00,0.13962100000000002,6981.050000000001,6981.050000000001,0.0,0.0,0.0,20.777867260410186,6359.871776651349,328.9499999999989,0.0,0.0
2025-07-25 15:00:00,0.174903,8745.15,7310.0,1435.1499999999996,0.0,26.576851851851846,0.0,6386.448628503201,0.0,0.0,0.0
2025-07-25 16:00:00,0.20536500000000002,10268.250000000002,7310.0,2958.250000000002,0.0,54.78240740740744,0.0,6441.231035910609,0.0,0.0,0.0
2025-07-25 17:00:00,0.222042,11102.1,7310.0,3792.1000000000004,0.0,70.22407407407408,0.0,6511.455109984683,0.0,0.0,0.0
2025-07-25 18:00:00,0.23840899999999998,11920.449999999999,7310.0,4610.449999999999,0.0,85.37870370370368,0.0,6596.833813688387,0.0,0.0,0.0
2025-07-25 19:00:00,0.290643,14532.15,7310.0,7222.149999999999,9.094947017729282e-13,133.7435185185185,0.0,6730.577332206905,0.0,0.0,0.0
2025-07-25 20:00:00,0.348251,17412.55,7310.0,10102.55,0.0,187.08425925925926,0.0,6917.661591466164,0.0,0.0,0.0
2025-07-25 21:00:00,0.357642,17882.100000000002,7310.0,10572.100000000002,0.0,195.77962962962968,0.0,7113.441221095794,0.0,0.0,0.0
2025-07-25 22:00:00,0.34976799999999997,17488.399999999998,7310.0,10178.399999999998,0.0,188.48888888888885,0.0,7301.930109984683,0.0,0.0,0.0
2025-07-25 23:00:00,0.329175,16458.75,7310.0,9148.75,0.0,169.4212962962963,0.0,7471.35140628098,0.0,0.0,0.0
2025-07-26 00:00:00,0.29594299999999996,14797.149999999998,7310.0,7487.149999999998,0.0,138.6509259259259,0.0,7610.0023322069055,0.0,0.0,0.0
2025-07-26 01:00:00,0.253233,12661.65,7310.0,5351.65,0.0,99.10462962962963,0.0,7709.106961836535,0.0,0.0,0.0
2025-07-26 02:00:00,0.213805,10690.25,7310.0,3380.25,0.0,62.59722222222222,0.0,7771.704184058758,0.0,0.0,0.0
2025-07-26 03:00:00,0.179165,8958.25,7310.0,1648.25,0.0,30.52314814814815,0.0,7802.227332206906,0.0,0.0,0.0
2025-07-26 04:00:00,0.154648,7732.400000000001,7310.0,422.40000000000055,0.0,7.822222222222233,0.0,7810.049554429128,0.0,0.0,0.0
2025-07-26 05:00:00,0.10273099999999999,5136.549999999999,5136.549999999999,0.0,0.0,0.0,137.28425474126365,7672.765299687864,2173.4500000000007,0.0,0.0
2025-07-26 06:00:00,0.071304,3565.2000000000003,3565.2000000000003,0.0,0.0,0.0,236.53733794432077,7436.227961743543,3744.7999999999997,0.0,0.0
2025-07-26 07:00:00,0.088671,4433.55,4433.55,0.0,0.0,0.0,181.688695185308,7254.539266558235,2876.45,0.0,0.0
2025-07-26 08:00:00,0.109166,5458.3,5458.3,0.0,0.0,0.0,116.96116980119065,7137.5780967570445,1851.6999999999998,0.0,0.0
2025-07-26 09:00:00,0.126897,6344.85,6344.85,0.0,0.0,0.0,60.96293839910305,7076.615158357941,965.1499999999996,0.0,0.0
2025-07-26 10:00:00,0.13428800000000002,6714.400000000001,6714.400000000001,0.0,0.0,0.0,37.620604165679694,7038.994554192262,595.5999999999995,0.0,0.0
2025-07-26 11:00:00,0.14293799999999998,7146.899999999999,7146.899999999999,0.0,0.0,0.0,10.302082839863015,7028.692471352399,163.10000000000127,0.0,0.0
2025-07-26 12:00:00,0.166958,8347.9,7310.0,1037.8999999999996,0.0,19.220370370370365,0.0,7047.912841722769,0.0,0.0,0.0
2025-07-26 13:00:00,0.191699,9584.95,7310.0,2274.9500000000007,0.0,42.128703703703714,0.0,7090.041545426473,0.0,0.0,0.0
2025-07-26 14:00:00,0.20102699999999998,10051.349999999999,7310.0,2741.3499999999985,0.0,50.76574074074071,0.0,7140.8072861672135,0.0,0.0,0.0
2025-07-26 15:00:00,0.207808,10390.4,7310.0,3080.3999999999996,0.0,57.04444444444444,0.0,7197.851730611658,0.0,0.0,0.0
2025-07-26 16:00:00,0.22582400000000002,11291.2,7310.0,3981.2000000000007,0.0,73.72592592592594,0.0,7271.5776565375845,0.0,0.0,0.0
2025-07-26 17:00:00,0.233463,11673.15,7310.0,4363.15,0.0,80.79907407407407,0.0,7352.376730611659,0.0,0.0,0.0
2025-07-26 18:00:00,0.21484,10742.0,7310.0,3432.0,0.0,63.55555555555556,0.0,7415.932286167214,0.0,0.0,0.0
2025-07-26 19:00:00,0.227198,11359.900000000001,7310.0,4049.9000000000015,0.0,74.99814814814818,0.0,7490.930434315363,0.0,0.0,0.0
2025-07-26 20:00:00,0.250981,12549.050000000001,7310.0,5239.050000000001,0.0,97.01944444444446,0.0,7587.949878759807,0.0,0.0,0.0
2025-07-26 21:00:00,0.26549,13274.5,7310.0,5964.5,0.0,110.45370370370371,0.0,7698.40358246351,0.0,0.0,0.0
2025-07-26 22:00:00,0.274252,13712.6,7310.0,6402.6,0.0,118.56666666666668,0.0,7816.970249130177,0.0,0.0,0.0
2025-07-26 23:00:00,0.268654,13432.7,7310.0,6122.700000000001,0.0,113.38333333333334,0.0,7930.35358246351,0.0,0.0,0.0
2025-07-27 00:00:00,0.258993,12949.649999999998,7310.0,5639.649999999998,0.0,104.43796296296293,0.0,8034.791545426473,0.0,0.0,0.0
2025-07-27 01:00:00,0.23863399999999999,11931.699999999999,7310.0,4621.699999999999,0.0,85.58703703703702,0.0,8120.37858246351,0.0,0.0,0.0
2025-07-27 02:00:00,0.23566900000000002,11783.45,7310.0,4473.450000000001,0.0,82.84166666666668,0.0,8203.220249130176,0.0,0.0,0.0
2025-07-27 03:00:00,0.24506299999999998,12253.15,7310.0,4943.15,0.0,91.5398148148148,0.0,8294.76006394499,0.0,0.0,0.0
2025-07-27 04:00:00,0.24524100000000001,12262.050000000001,7310.0,4952.050000000001,0.0,91.70462962962965,0.0,8386.46469357462,0.0,0.0,0.0
2025-07-27 05:00:00,0.178839,8941.95,7310.0,1631.9500000000007,0.0,30.22129629629631,0.0,8416.685989870917,0.0,0.0,0.0
2025-07-27 06:00:00,0.20388599999999998,10194.3,7310.0,2884.2999999999993,0.0,53.41296296296295,0.0,8470.09895283388,0.0,0.0,0.0
2025-07-27 07:00:00,0.236454,11822.7,7310.0,4512.700000000001,0.0,83.56851851851853,0.0,8553.667471352399,0.0,0.0,0.0
2025-07-27 08:00:00,0.230679,11533.949999999999,7310.0,4223.949999999999,0.0,78.22129629629627,0.0,8631.888767648696,0.0,0.0,0.0
2025-07-27 09:00:00,0.219795,10989.75,7310.0,3679.75,0.0,68.14351851851852,0.0,8700.032286167214,0.0,0.0,0.0
2025-07-27 10:00:00,0.204317,10215.85,7310.0,2905.8500000000004,0.0,53.812037037037044,0.0,8753.844323204252,0.0,0.0,0.0
2025-07-27 11:00:00,0.200627,10031.35,7310.0,2721.3500000000004,0.0,50.39537037037038,0.0,8804.239693574622,0.0,0.0,0.0
2025-07-27 12:00:00,0.20693,10346.5,7310.0,3036.5,0.0,56.23148148148148,0.0,8860.471175056104,0.0,0.0,0.0
2025-07-27 13:00:00,0.214953,10747.65,7310.0,3437.6499999999996,0.0,63.66018518518518,0.0,8924.131360241288,0.0,0.0,0.0
2025-07-27 14:00:00,0.223037,11151.85,7310.0,3841.85,4.547473508864641e-13,71.14537037037037,0.0,8995.276730611658,0.0,0.0,0.0
2025-07-27 15:00:00,0.229502,11475.1,7310.0,4165.1,0.0,77.13148148148149,0.0,9072.40821209314,0.0,0.0,0.0
2025-07-27 16:00:00,0.230732,11536.6,7310.0,4226.6,0.0,78.27037037037037,0.0,9150.67858246351,0.0,0.0,0.0
2025-07-27 17:00:00,0.223045,11152.25,7310.0,3842.2499999999995,4.547473508864641e-13,71.15277777777777,0.0,9221.831360241287,0.0,0.0,0.0
2025-07-27 18:00:00,0.206827,10341.35,7310.0,3031.3500000000004,0.0,56.13611111111112,0.0,9277.967471352398,0.0,0.0,0.0
2025-07-27 19:00:00,0.23072700000000002,11536.35,7310.0,4226.35,0.0,78.26574074074075,0.0,9356.233212093139,0.0,0.0,0.0
2025-07-27 20:00:00,0.256104,12805.2,7310.0,5495.200000000001,0.0,101.76296296296297,0.0,9457.996175056101,0.0,0.0,0.0
2025-07-27 21:00:00,0.255027,12751.35,7310.0,5441.35,0.0,100.76574074074075,0.0,9558.761915796842,0.0,0.0,0.0
2025-07-27 22:00:00,0.263306,13165.3,7310.0,5855.299999999999,0.0,108.43148148148147,0.0,9667.193397278323,0.0,0.0,0.0
2025-07-27 23:00:00,0.258183,12909.15,7310.0,5599.15,0.0,103.68796296296296,0.0,9770.881360241285,0.0,0.0,0.0
2025-07-28 00:00:00,0.26661399999999996,13330.699999999999,7310.0,6020.699999999999,0.0,111.49444444444443,0.0,9882.37580468573,0.0,0.0,0.0
2025-07-28 01:00:00,0.279447,13972.35,7310.0,6351.706546970621,310.6434530293791,117.62419531427076,0.0,10000.0,0.0,0.0,0.0
2025-07-28 02:00:00,0.280644,14032.2,7310.0,0.0,6722.200000000001,0.0,0.0,10000.0,0.0,0.0,0.0
2025-07-28 03:00:00,0.26178199999999996,13089.099999999999,7310.0,0.0,5779.0999999999985,0.0,0.0,10000.0,0.0,0.0,0.0
2025-07-28 04:00:00,0.247992,12399.6,7310.0,0.0,5089.6,0.0,0.0,10000.0,0.0,0.0,0.0
2025-07-28 05:00:00,0.170375,8518.75,7310.0,0.0,1208.75,0.0,0.0,10000.0,0.0,0.0,0.0
2025-07-28 06:00:00,0.148124,7406.200000000001,7310.0,0.0,96.20000000000073,0.0,0.0,10000.0,0.0,0.0,0.0
2025-07-28 07:00:00,0.180853,9042.650000000001,7310.0,0.0,1732.6500000000015,0.0,0.0,10000.0,0.0,0.0,0.0
2025-07-28 08:00:00,0.177844,8892.2,7310.0,0.0,1582.2000000000007,0.0,0.0,10000.0,0.0,0.0,0.0
2025-07-28 09:00:00,0.177567,8878.35,7310.0,0.0,1568.3500000000004,0.0,0.0,10000.0,0.0,0.0,0.0
2025-07-28 10:00:00,0.17864,8932.0,7310.0,0.0,1622.0,0.0,0.0,10000.0,0.0,0.0,0.0
2025-07-28 11:00:00,0.194866,9743.300000000001,7310.0,0.0,2433.300000000001,0.0,0.0,10000.0,0.0,0.0,0.0
2025-07-28 12:00:00,0.208882,10444.1,7310.0,0.0,3134.1000000000004,0.0,0.0,10000.0,0.0,0.0,0.0
2025-07-28 13:00:00,0.204746,10237.300000000001,7310.0,0.0,2927.300000000001,0.0,0.0,10000.0,0.0,0.0,0.0
2025-07-28 14:00:00,0.19677699999999998,9838.849999999999,7310.0,0.0,2528.8499999999985,0.0,0.0,10000.0,0.0,0.0,0.0
2025-07-28 15:00:00,0.181161,9058.05,7310.0,0.0,1748.0499999999993,0.0,0.0,10000.0,0.0,0.0,0.0
2025-07-28 16:00:00,0.15979,7989.499999999999,7310.0,0.0,679.4999999999991,0.0,0.0,10000.0,0.0,0.0,0.0
2025-07-28 17:00:00,0.13875200000000001,6937.6,6937.6,0.0,0.0,0.0,23.5223522352235,9976.477647764776,372.39999999999964,0.0,0.0
2025-07-28 18:00:00,0.123893,6194.650000000001,6194.650000000001,0.0,0.0,0.0,70.45020291502831,9906.027444849748,1115.3499999999995,0.0,0.0
2025-07-28 19:00:00,0.146884,7344.199999999999,7310.0,34.19999999999891,0.0,0.6333333333333131,0.0,9906.66077818308,0.0,0.0,0.0
2025-07-28 20:00:00,0.198354,9917.7,7310.0,2607.7000000000007,0.0,48.29074074074075,0.0,9954.951518923821,0.0,0.0,0.0
2025-07-28 21:00:00,0.255495,12774.750000000002,7310.0,2432.6179781136707,3032.132021886331,45.04848107617909,0.0,10000.0,0.0,0.0,0.0
2025-07-28 22:00:00,0.288868,14443.400000000001,7310.0,0.0,7133.4000000000015,0.0,0.0,10000.0,0.0,0.0,0.0
2025-07-28 23:00:00,0.282361,14118.05,7310.0,0.0,6808.049999999999,0.0,0.0,10000.0,0.0,0.0,0.0
2025-07-29 00:00:00,0.24618600000000002,12309.300000000001,7310.0,0.0,4999.300000000001,0.0,0.0,10000.0,0.0,0.0,0.0
2025-07-29 01:00:00,0.20474,10237.0,7310.0,0.0,2927.0,0.0,0.0,10000.0,0.0,0.0,0.0
2025-07-29 02:00:00,0.174153,8707.65,7310.0,0.0,1397.6499999999996,0.0,0.0,10000.0,0.0,0.0,0.0
2025-07-29 03:00:00,0.157161,7858.05,7310.0,0.0,548.0500000000002,0.0,0.0,10000.0,0.0,0.0,0.0
2025-07-29 04:00:00,0.14502199999999998,7251.099999999999,7251.099999999999,0.0,0.0,0.0,3.7203720372037554,9996.279627962796,58.900000000000546,0.0,0.0
2025-07-29 05:00:00,0.092782,4639.1,4639.1,0.0,0.0,0.0,168.70529158178977,9827.574336381007,2670.8999999999996,0.0,0.0
2025-07-29 06:00:00,0.085812,4290.6,4290.6,0.0,0.0,0.0,190.7180191703381,9636.85631721067,3019.3999999999996,0.0,0.0
2025-07-29 07:00:00,0.08923,4461.5,4461.5,0.0,0.0,0.0,179.9232554834431,9456.933061727226,2848.5,0.0,0.0
2025-07-29 08:00:00,0.07790699999999999,3895.3499999999995,3895.3499999999995,0.0,0.0,0.0,215.683673630521,9241.249388096705,3414.6500000000005,0.0,0.0
2025-07-29 09:00:00,0.062949,3147.4500000000003,3147.4500000000003,0.0,0.0,0.0,262.92418715555766,8978.325200941148,4162.549999999999,0.0,0.0
2025-07-29 10:00:00,0.05417,2708.5,2708.5,0.0,0.0,0.0,290.6501176433433,8687.675083297805,4601.5,0.0,0.0
2025-07-29 11:00:00,0.050397,2519.85,2519.85,0.0,0.0,0.0,302.56604607829206,8385.109037219512,4790.15,0.0,0.0
2025-07-29 12:00:00,0.045027,2251.35,2251.35,0.0,0.0,0.0,319.52563677420375,8065.583400445308,5058.65,0.0,0.0
2025-07-29 13:00:00,0.035616,1780.8000000000002,1780.8000000000002,0.0,0.0,0.0,349.24755633458085,7716.3358441107275,5529.2,0.0,0.0
2025-07-29 14:00:00,0.029994,1499.7,1499.7,0.0,0.0,0.0,367.0030160910828,7349.332828019645,5810.3,0.0,0.0
2025-07-29 15:00:00,0.025894999999999998,1294.75,1294.75,0.0,0.0,0.0,379.94852116790634,6969.384306851738,6015.25,0.0,0.0
2025-07-29 16:00:00,0.016922,846.1,846.1,0.0,0.0,0.0,408.2871445039241,6561.097162347814,6463.9,0.0,0.0
2025-07-29 17:00:00,0.009512,475.59999999999997,475.59999999999997,0.0,0.0,0.0,431.6894847379475,6129.407677609867,6834.4,0.0,0.0
2025-07-29 18:00:00,0.011874000000000001,593.7,593.7,0.0,0.0,0.0,424.2297914001927,5705.177886209674,6716.3,0.0,0.0
2025-07-29 19:00:00,0.01695,847.5,847.5,0.0,0.0,0.0,408.19871460830296,5296.9791716013715,6462.5,0.0,0.0
2025-07-29 20:00:00,0.022163,1108.1499999999999,1108.1499999999999,0.0,0.0,0.0,391.73496296998127,4905.24420863139,6201.85,0.0,0.0
2025-07-29 21:00:00,0.02437,1218.5,1218.5,0.0,0.0,0.0,384.7647922687006,4520.47941636269,6091.5,0.0,0.0
2025-07-29 22:00:00,0.023976,1198.8,1198.8,0.0,0.0,0.0,386.00912722851234,4134.470289134178,6111.2,0.0,0.0
2025-07-29 23:00:00,0.032085,1604.2500000000002,1604.2500000000002,0.0,0.0,0.0,360.39919781451835,3774.0710913196594,5705.75,0.0,0.0
2025-07-30 00:00:00,0.053223,2661.15,2661.15,0.0,0.0,0.0,293.64094304167264,3480.430148277987,4648.85,0.0,0.0
2025-07-30 01:00:00,0.08247499999999999,4123.75,4123.75,0.0,0.0,0.0,201.2569678020434,3279.173180475944,3186.25,0.0,0.0
2025-07-30 02:00:00,0.112345,5617.25,5617.25,0.0,0.0,0.0,106.92121843763324,3172.2519620383105,1692.75,0.0,0.0
2025-07-30 03:00:00,0.13689099999999998,6844.549999999999,6844.549999999999,0.0,0.0,0.0,29.399782083471553,3142.852179954839,465.4500000000007,0.0,0.0
2025-07-30 04:00:00,0.148273,7413.65,7310.0,103.64999999999964,0.0,1.9194444444444376,0.0,3144.771624399283,0.0,0.0,0.0
2025-07-30 05:00:00,0.11758400000000001,5879.200000000001,5879.200000000001,0.0,0.0,0.0,90.37535332480613,3054.396271074477,1430.7999999999993,0.0,0.0
2025-07-30 06:00:00,0.08687099999999999,4343.549999999999,4343.549999999999,0.0,0.0,0.0,187.37347418952427,2867.022796884953,2966.4500000000007,0.0,0.0
2025-07-30 07:00:00,0.093319,4665.95,4665.95,0.0,0.0,0.0,167.00933251219863,2700.0134643727542,2644.05,0.0,0.0
2025-07-30 08:00:00,0.109819,5490.95,5490.95,0.0,0.0,0.0,114.89885830688334,2585.1146060658707,1819.0500000000002,0.0,0.0
2025-07-30 09:00:00,0.130608,6530.400000000001,6530.400000000001,0.0,0.0,0.0,49.24281901874395,2535.871787047127,779.5999999999995,0.0,0.0
2025-07-30 10:00:00,0.14841,7420.499999999999,7310.0,110.49999999999909,0.0,2.0462962962962794,0.0,2537.918083343423,0.0,0.0,0.0
2025-07-30 11:00:00,0.169405,8470.25,7310.0,1160.25,0.0,21.48611111111111,0.0,2559.4041944545343,0.0,0.0,0.0
2025-07-30 12:00:00,0.195632,9781.6,7310.0,2471.6000000000004,0.0,45.77037037037038,0.0,2605.174564824905,0.0,0.0,0.0
2025-07-30 13:00:00,0.21996700000000002,10998.35,7310.0,3688.350000000001,-4.547473508864641e-13,68.30277777777779,0.0,2673.4773426026827,0.0,0.0,0.0
2025-07-30 14:00:00,0.23389500000000002,11694.750000000002,7310.0,4384.750000000002,0.0,81.1990740740741,0.0,2754.6764166767566,0.0,0.0,0.0
2025-07-30 15:00:00,0.234399,11719.949999999999,7310.0,4409.949999999999,0.0,81.66574074074072,0.0,2836.342157417497,0.0,0.0,0.0
2025-07-30 16:00:00,0.234046,11702.300000000001,7310.0,4392.300000000001,0.0,81.3388888888889,0.0,2917.681046306386,0.0,0.0,0.0
2025-07-30 17:00:00,0.230721,11536.050000000001,7310.0,4226.050000000001,0.0,78.26018518518521,0.0,2995.941231491571,0.0,0.0,0.0
2025-07-30 18:00:00,0.21152,10576.0,7310.0,3266.0,0.0,60.48148148148148,0.0,3056.4227129730525,0.0,0.0,0.0
2025-07-30 19:00:00,0.232917,11645.85,7310.0,4335.85,0.0,80.29351851851852,0.0,3136.716231491571,0.0,0.0,0.0
2025-07-30 20:00:00,0.263741,13187.05,7310.0,5877.049999999999,0.0,108.83425925925924,0.0,3245.5504907508302,0.0,0.0,0.0
2025-07-30 21:00:00,0.288904,14445.199999999999,7310.0,7135.2,-9.094947017729282e-13,132.13333333333333,0.0,3377.6838240841635,0.0,0.0,0.0
2025-07-30 22:00:00,0.30000299999999996,15000.149999999998,7310.0,7690.149999999999,-9.094947017729282e-13,142.41018518518516,0.0,3520.0940092693486,0.0,0.0,0.0
2025-07-30 23:00:00,0.278148,13907.4,7310.0,6597.4,0.0,122.17407407407407,0.0,3642.268083343423,0.0,0.0,0.0
2025-07-31 00:00:00,0.245242,12262.099999999999,7310.0,4952.0999999999985,0.0,91.70555555555553,0.0,3733.9736388989786,0.0,0.0,0.0
2025-07-31 01:00:00,0.209431,10471.550000000001,7310.0,3161.550000000001,0.0,58.547222222222246,0.0,3792.520861121201,0.0,0.0,0.0
2025-07-31 02:00:00,0.184577,9228.85,7310.0,1918.8500000000004,0.0,35.534259259259265,0.0,3828.0551203804603,0.0,0.0,0.0
2025-07-31 03:00:00,0.175348,8767.4,7310.0,1457.3999999999996,0.0,26.988888888888884,0.0,3855.0440092693493,0.0,0.0,0.0
2025-07-31 04:00:00,0.15634399999999998,7817.199999999999,7310.0,507.1999999999989,0.0,9.392592592592573,0.0,3864.436601861942,0.0,0.0,0.0
2025-07-31 05:00:00,0.127313,6365.650000000001,6365.650000000001,0.0,0.0,0.0,59.64912280701752,3804.7874790549245,944.3499999999995,0.0,0.0
2025-07-31 06:00:00,0.120176,6008.8,6008.8,0.0,0.0,0.0,82.18927155873482,3722.59820749619,1301.1999999999998,0.0,0.0
2025-07-31 07:00:00,0.143694,7184.7,7184.7,0.0,0.0,0.0,7.914475658092138,3714.6837318380976,125.30000000000018,0.0,0.0
2025-07-31 08:00:00,0.16378700000000002,8189.35,7310.0,879.3500000000004,0.0,16.284259259259265,0.0,3730.967991097357,0.0,0.0,0.0
2025-07-31 09:00:00,0.176848,8842.4,7310.0,1532.3999999999996,0.0,28.37777777777777,0.0,3759.3457688751346,0.0,0.0,0.0
2025-07-31 10:00:00,0.195105,9755.25,7310.0,2445.25,0.0,45.282407407407405,0.0,3804.628176282542,0.0,0.0,0.0
2025-07-31 11:00:00,0.20440899999999998,10220.449999999999,7310.0,2910.449999999999,0.0,53.897222222222204,0.0,3858.5253985047643,0.0,0.0,0.0
2025-07-31 12:00:00,0.204451,10222.55,7310.0,2912.5499999999993,0.0,53.936111111111096,0.0,3912.4615096158755,0.0,0.0,0.0
2025-07-31 13:00:00,0.206445,10322.25,7310.0,3012.25,0.0,55.782407407407405,0.0,3968.243917023283,0.0,0.0,0.0
2025-07-31 14:00:00,0.20142400000000002,10071.2,7310.0,2761.2000000000007,0.0,51.13333333333335,0.0,4019.377250356616,0.0,0.0,0.0
2025-07-31 15:00:00,0.19717400000000002,9858.7,7310.0,2548.7000000000007,0.0,47.198148148148164,0.0,4066.575398504764,0.0,0.0,0.0
2025-07-31 16:00:00,0.191723,9586.15,7310.0,2276.1499999999996,0.0,42.15092592592592,0.0,4108.72632443069,0.0,0.0,0.0
2025-07-31 17:00:00,0.196779,9838.95,7310.0,2528.9500000000007,0.0,46.83240740740742,0.0,4155.558731838097,0.0,0.0,0.0
2025-07-31 18:00:00,0.21884800000000001,10942.400000000001,7310.0,3632.4000000000015,0.0,67.2666666666667,0.0,4222.825398504763,0.0,0.0,0.0
2025-07-31 19:00:00,0.322638,16131.9,7310.0,8821.9,0.0,163.3685185185185,0.0,4386.193917023282,0.0,0.0,0.0
2025-07-31 20:00:00,0.430245,21512.25,7310.0,14202.25,0.0,263.0046296296296,0.0,4649.198546652911,0.0,0.0,0.0
2025-07-31 21:00:00,0.44702600000000003,22351.300000000003,7310.0,15041.300000000003,0.0,278.54259259259265,0.0,4927.741139245504,0.0,0.0,0.0
2025-07-31 22:00:00,0.414704,20735.2,7310.0,13425.2,0.0,248.61481481481482,0.0,5176.355954060319,0.0,0.0,0.0
2025-07-31 23:00:00,0.37226299999999996,18613.149999999998,7310.0,11303.149999999998,0.0,209.31759259259255,0.0,5385.673546652912,0.0,0.0,0.0
2025-08-01 00:00:00,0.36001299999999997,18000.649999999998,7310.0,10690.649999999998,0.0,197.97499999999997,0.0,5583.648546652912,0.0,0.0,0.0
2025-08-01 01:00:00,0.363876,18193.8,7310.0,10883.8,0.0,201.55185185185184,0.0,5785.200398504764,0.0,0.0,0.0
2025-08-01 02:00:00,0.366906,18345.3,7310.0,11035.3,0.0,204.3574074074074,0.0,5989.557805912172,0.0,0.0,0.0
2025-08-01 03:00:00,0.361626,18081.3,7310.0,10771.3,0.0,199.4685185185185,0.0,6189.02632443069,0.0,0.0,0.0
2025-08-01 04:00:00,0.33737,16868.5,7310.0,9558.5,0.0,177.00925925925927,0.0,6366.035583689949,0.0,0.0,0.0
2025-08-01 05:00:00,0.26375099999999996,13187.549999999997,7310.0,5877.549999999997,0.0,108.84351851851847,0.0,6474.879102208467,0.0,0.0,0.0
2025-08-01 06:00:00,0.293812,14690.6,7310.0,7380.6,0.0,136.67777777777778,0.0,6611.556879986245,0.0,0.0,0.0
2025-08-01 07:00:00,0.276911,13845.550000000001,7310.0,6535.550000000001,0.0,121.02870370370373,0.0,6732.585583689948,0.0,0.0,0.0
2025-08-01 08:00:00,0.217973,10898.65,7310.0,3588.6499999999996,0.0,66.45648148148148,0.0,6799.042065171429,0.0,0.0,0.0
2025-08-01 09:00:00,0.188416,9420.8,7310.0,2110.7999999999993,0.0,39.088888888888874,0.0,6838.130954060318,0.0,0.0,0.0
2025-08-01 10:00:00,0.185388,9269.4,7310.0,1959.3999999999996,0.0,36.28518518518518,0.0,6874.4161392455035,0.0,0.0,0.0
2025-08-01 11:00:00,0.20177699999999998,10088.849999999999,7310.0,2778.8499999999985,0.0,51.46018518518516,0.0,6925.876324430688,0.0,0.0,0.0
2025-08-01 12:00:00,0.222112,11105.6,7310.0,3795.6000000000004,0.0,70.28888888888889,0.0,6996.165213319578,0.0,0.0,0.0
2025-08-01 13:00:00,0.236,11800.0,7310.0,4490.0,0.0,83.14814814814815,0.0,7079.313361467725,0.0,0.0,0.0
2025-08-01 14:00:00,0.24218299999999998,12109.15,7310.0,4799.15,0.0,88.87314814814815,0.0,7168.186509615874,0.0,0.0,0.0
2025-08-01 15:00:00,0.24866300000000002,12433.150000000001,7310.0,5123.1500000000015,0.0,94.87314814814818,0.0,7263.059657764022,0.0,0.0,0.0
2025-08-01 16:00:00,0.26961399999999996,13480.699999999999,7310.0,6170.699999999999,0.0,114.2722222222222,0.0,7377.331879986244,0.0,0.0,0.0
2025-08-01 17:00:00,0.281371,14068.55,7310.0,6758.549999999999,0.0,125.15833333333332,0.0,7502.490213319577,0.0,0.0,0.0
2025-08-01 18:00:00,0.248659,12432.949999999999,7310.0,5122.949999999999,0.0,94.86944444444443,0.0,7597.359657764022,0.0,0.0,0.0
2025-08-01 19:00:00,0.243014,12150.7,7310.0,4840.700000000001,0.0,89.6425925925926,0.0,7687.002250356614,0.0,0.0,0.0
2025-08-01 20:00:00,0.256084,12804.199999999999,7310.0,5494.199999999999,0.0,101.74444444444443,0.0,7788.746694801059,0.0,0.0,0.0
2025-08-01 21:00:00,0.26113400000000003,13056.700000000003,7310.0,5746.700000000003,0.0,106.42037037037042,0.0,7895.167065171429,0.0,0.0,0.0
2025-08-01 22:00:00,0.27201600000000004,13600.800000000001,7310.0,6290.800000000001,0.0,116.49629629629632,0.0,8011.663361467726,0.0,0.0,0.0
2025-08-01 23:00:00,0.29377499999999995,14688.749999999998,7310.0,7378.749999999998,0.0,136.64351851851848,0.0,8148.306879986244,0.0,0.0,0.0
2025-08-02 00:00:00,0.32072500000000004,16036.250000000002,7310.0,8726.250000000002,0.0,161.59722222222226,0.0,8309.904102208466,0.0,0.0,0.0
2025-08-02 01:00:00,0.327049,16352.449999999999,7310.0,9042.449999999999,0.0,167.45277777777775,0.0,8477.356879986244,0.0,0.0,0.0
2025-08-02 02:00:00,0.31494900000000003,15747.450000000003,7310.0,8437.450000000003,0.0,156.24907407407412,0.0,8633.605954060318,0.0,0.0,0.0
2025-08-02 03:00:00,0.30134,15067.0,7310.0,7757.0,0.0,143.64814814814815,0.0,8777.254102208466,0.0,0.0,0.0
2025-08-02 04:00:00,0.291317,14565.85,7310.0,7255.849999999999,9.094947017729282e-13,134.3675925925926,0.0,8911.621694801059,0.0,0.0,0.0
2025-08-02 05:00:00,0.21369,10684.5,7310.0,3374.5,0.0,62.49074074074074,0.0,8974.1124355418,0.0,0.0,0.0
2025-08-02 06:00:00,0.146398,7319.9,7310.0,9.899999999999636,0.0,0.1833333333333266,0.0,8974.295768875132,0.0,0.0,0.0
2025-08-02 07:00:00,0.16740100000000002,8370.050000000001,7310.0,1060.050000000001,0.0,19.630555555555574,0.0,8993.926324430688,0.0,0.0,0.0
2025-08-02 08:00:00,0.16161699999999998,8080.849999999999,7310.0,770.8499999999995,0.0,14.27499999999999,0.0,9008.201324430687,0.0,0.0,0.0
2025-08-02 09:00:00,0.154648,7732.400000000001,7310.0,422.40000000000055,0.0,7.822222222222233,0.0,9016.02354665291,0.0,0.0,0.0
2025-08-02 10:00:00,0.145151,7257.55,7257.55,0.0,0.0,0.0,3.3129628752348808,9012.710583777676,52.44999999999982,0.0,0.0
2025-08-02 11:00:00,0.137045,6852.25,6852.25,0.0,0.0,0.0,28.913417657555232,8983.79716612012,457.75,0.0,0.0
2025-08-02 12:00:00,0.127416,6370.8,6370.8,0.0,0.0,0.0,59.32382711955405,8924.473339000568,939.1999999999998,0.0,0.0
2025-08-02 13:00:00,0.11450400000000001,5725.200000000001,5725.200000000001,0.0,0.0,0.0,100.10264184313165,8824.370697157436,1584.7999999999993,0.0,0.0
2025-08-02 14:00:00,0.101262,5063.1,5063.1,0.0,0.0,0.0,141.9236660508156,8682.44703110662,2246.8999999999996,0.0,0.0
2025-08-02 15:00:00,0.09661,4830.5,4830.5,0.0,0.0,0.0,156.61566156615663,8525.831369540463,2479.5,0.0,0.0
2025-08-02 16:00:00,0.100495,5024.75,5024.75,0.0,0.0,0.0,144.3460135487233,8381.48535599174,2285.25,0.0,0.0
2025-08-02 17:00:00,0.098732,4936.6,4936.6,0.0,0.0,0.0,149.91393876229728,8231.571417229441,2373.3999999999996,0.0,0.0
2025-08-02 18:00:00,0.08521,4260.5,4260.5,0.0,0.0,0.0,192.61926192619265,8038.952155303248,3049.5,0.0,0.0
2025-08-02 19:00:00,0.08323399999999999,4161.7,4161.7,0.0,0.0,0.0,198.8598859885989,7840.0922693146495,3148.3,0.0,0.0
2025-08-02 20:00:00,0.10046,5023.0,5023.0,0.0,0.0,0.0,144.45655091824975,7695.6357183964,2287.0,0.0,0.0
2025-08-02 21:00:00,0.134441,6722.05,6722.05,0.0,0.0,0.0,37.13739795032134,7658.498320446079,587.9499999999998,0.0,0.0
2025-08-02 22:00:00,0.180536,9026.8,7310.0,1716.7999999999993,0.0,31.79259259259258,0.0,7690.2909130386715,0.0,0.0,0.0
2025-08-02 23:00:00,0.232921,11646.05,7310.0,4336.049999999999,0.0,80.2972222222222,0.0,7770.588135260894,0.0,0.0,0.0
2025-08-03 00:00:00,0.258089,12904.45,7310.0,5594.450000000001,0.0,103.60092592592594,0.0,7874.18906118682,0.0,0.0,0.0
2025-08-03 01:00:00,0.26416,13208.0,7310.0,5898.0,0.0,109.22222222222223,0.0,7983.411283409043,0.0,0.0,0.0
2025-08-03 02:00:00,0.269658,13482.9,7310.0,6172.9,0.0,114.31296296296296,0.0,8097.724246372006,0.0,0.0,0.0
2025-08-03 03:00:00,0.267266,13363.3,7310.0,6053.299999999999,0.0,112.09814814814814,0.0,8209.822394520153,0.0,0.0,0.0
2025-08-03 04:00:00,0.265732,13286.6,7310.0,5976.6,0.0,110.67777777777779,0.0,8320.50017229793,0.0,0.0,0.0
2025-08-03 05:00:00,0.202224,10111.199999999999,7310.0,2801.199999999999,0.0,51.87407407407405,0.0,8372.374246372005,0.0,0.0,0.0
2025-08-03 06:00:00,0.179422,8971.1,7310.0,1661.1000000000004,0.0,30.761111111111116,0.0,8403.135357483116,0.0,0.0,0.0
2025-08-03 07:00:00,0.24870599999999998,12435.3,7310.0,5125.299999999999,0.0,94.91296296296295,0.0,8498.048320446078,0.0,0.0,0.0
2025-08-03 08:00:00,0.295151,14757.55,7310.0,7447.549999999998,9.094947017729282e-13,137.91759259259257,0.0,8635.96591303867,0.0,0.0,0.0
2025-08-03 09:00:00,0.336745,16837.25,7310.0,9527.25,0.0,176.43055555555554,0.0,8812.396468594225,0.0,0.0,0.0
2025-08-03 10:00:00,0.363846,18192.3,7310.0,10882.3,0.0,201.52407407407406,0.0,9013.920542668298,0.0,0.0,0.0
2025-08-03 11:00:00,0.444633,22231.65,7310.0,14921.650000000001,0.0,276.32685185185187,0.0,9290.247394520151,0.0,0.0,0.0
2025-08-03 12:00:00,0.510315,25515.749999999996,7310.0,18205.749999999996,0.0,337.1435185185185,0.0,9627.39091303867,0.0,0.0,0.0
2025-08-03 13:00:00,0.540246,27012.3,7310.0,19702.3,0.0,364.8574074074074,0.0,9992.248320446077,0.0,0.0,0.0
2025-08-03 14:00:00,0.539636,26981.8,7310.0,418.59069591185107,19253.20930408815,7.751679553923168,0.0,10000.0,0.0,0.0,0.0
2025-08-03 15:00:00,0.521116,26055.800000000003,7310.0,0.0,18745.800000000003,0.0,0.0,10000.0,0.0,0.0,0.0
2025-08-03 16:00:00,0.444257,22212.850000000002,7310.0,0.0,14902.850000000002,0.0,0.0,10000.0,0.0,0.0,0.0
2025-08-03 17:00:00,0.445513,22275.649999999998,7310.0,0.0,14965.649999999998,0.0,0.0,10000.0,0.0,0.0,0.0
2025-08-03 18:00:00,0.40316399999999997,20158.199999999997,7310.0,0.0,12848.199999999997,0.0,0.0,10000.0,0.0,0.0,0.0
2025-08-03 19:00:00,0.355043,17752.15,7310.0,0.0,10442.150000000001,0.0,0.0,10000.0,0.0,0.0,0.0
2025-08-03 20:00:00,0.29936799999999997,14968.399999999998,7310.0,0.0,7658.399999999998,0.0,0.0,10000.0,0.0,0.0,0.0
2025-08-03 21:00:00,0.256611,12830.55,7310.0,0.0,5520.549999999999,0.0,0.0,10000.0,0.0,0.0,0.0
2025-08-03 22:00:00,0.206891,10344.55,7310.0,0.0,3034.5499999999993,0.0,0.0,10000.0,0.0,0.0,0.0
2025-08-03 23:00:00,0.167518,8375.9,7310.0,0.0,1065.8999999999996,0.0,0.0,10000.0,0.0,0.0,0.0
2025-08-04 00:00:00,0.132986,6649.299999999999,6649.299999999999,0.0,0.0,0.0,41.73259431206284,9958.267405687937,660.7000000000007,0.0,0.0
2025-08-04 01:00:00,0.101938,5096.9,5096.9,0.0,0.0,0.0,139.78871571367668,9818.47868997426,2213.1000000000004,0.0,0.0
2025-08-04 02:00:00,0.111578,5578.9,5578.9,0.0,0.0,0.0,109.34356593554097,9709.135124038718,1731.1000000000004,0.0,0.0
2025-08-04 03:00:00,0.147053,7352.65,7310.0,42.649999999999636,0.0,0.7898148148148081,0.0,9709.924938853532,0.0,0.0,0.0
2025-08-04 04:00:00,0.21983699999999998,10991.849999999999,7310.0,3681.8499999999985,0.0,68.18240740740738,0.0,9778.107346260938,0.0,0.0,0.0
2025-08-04 05:00:00,0.259972,12998.599999999999,7310.0,5688.5999999999985,0.0,105.34444444444442,0.0,9883.451790705383,0.0,0.0,0.0
2025-08-04 06:00:00,0.325532,16276.599999999999,7310.0,6293.603301909305,2672.996698090694,116.54820929461675,0.0,10000.0,0.0,0.0,0.0
2025-08-04 07:00:00,0.5191749999999999,25958.749999999996,7310.0,0.0,18648.749999999996,0.0,0.0,10000.0,0.0,0.0,0.0
2025-08-04 08:00:00,0.708871,35443.55,7310.0,0.0,28133.550000000003,0.0,0.0,10000.0,0.0,0.0,0.0
2025-08-04 09:00:00,0.827382,41369.1,7310.0,0.0,34059.1,0.0,0.0,10000.0,0.0,0.0,0.0
2025-08-04 10:00:00,0.888208,44410.4,7310.0,0.0,37100.4,0.0,0.0,10000.0,0.0,0.0,0.0
2025-08-04 11:00:00,0.914508,45725.4,7310.0,0.0,38415.4,0.0,0.0,10000.0,0.0,0.0,0.0
2025-08-04 12:00:00,0.9383859999999999,46919.299999999996,7310.0,0.0,39609.299999999996,0.0,0.0,10000.0,0.0,0.0,0.0
2025-08-04 13:00:00,0.9460810000000001,47304.05,7310.0,0.0,39994.05,0.0,0.0,10000.0,0.0,0.0,0.0
2025-08-04 14:00:00,0.924815,46240.75,7310.0,0.0,38930.75,0.0,0.0,10000.0,0.0,0.0,0.0
2025-08-04 15:00:00,0.8730209999999999,43651.049999999996,7310.0,0.0,36341.049999999996,0.0,0.0,10000.0,0.0,0.0,0.0
2025-08-04 16:00:00,0.768188,38409.4,7310.0,0.0,31099.4,0.0,0.0,10000.0,0.0,0.0,0.0
2025-08-04 17:00:00,0.647759,32387.949999999997,7310.0,0.0,25077.949999999997,0.0,0.0,10000.0,0.0,0.0,0.0
2025-08-04 18:00:00,0.507875,25393.75,7310.0,0.0,18083.75,0.0,0.0,10000.0,0.0,0.0,0.0
2025-08-04 19:00:00,0.469529,23476.449999999997,7310.0,0.0,16166.449999999997,0.0,0.0,10000.0,0.0,0.0,0.0
2025-08-04 20:00:00,0.475101,23755.05,7310.0,0.0,16445.05,0.0,0.0,10000.0,0.0,0.0,0.0
2025-08-04 21:00:00,0.46049599999999996,23024.8,7310.0,0.0,15714.8,0.0,0.0,10000.0,0.0,0.0,0.0
2025-08-04 22:00:00,0.48003199999999996,24001.6,7310.0,0.0,16691.6,0.0,0.0,10000.0,0.0,0.0,0.0
2025-08-04 23:00:00,0.48091500000000004,24045.750000000004,7310.0,0.0,16735.750000000004,0.0,0.0,10000.0,0.0,0.0,0.0
2025-08-05 00:00:00,0.471088,23554.4,7310.0,0.0,16244.400000000001,0.0,0.0,10000.0,0.0,0.0,0.0
2025-08-05 01:00:00,0.47057,23528.5,7310.0,0.0,16218.5,0.0,0.0,10000.0,0.0,0.0,0.0
2025-08-05 02:00:00,0.479817,23990.85,7310.0,0.0,16680.85,0.0,0.0,10000.0,0.0,0.0,0.0
2025-08-05 03:00:00,0.483154,24157.699999999997,7310.0,0.0,16847.699999999997,0.0,0.0,10000.0,0.0,0.0,0.0
2025-08-05 04:00:00,0.457885,22894.25,7310.0,0.0,15584.25,0.0,0.0,10000.0,0.0,0.0,0.0
2025-08-05 05:00:00,0.350603,17530.15,7310.0,0.0,10220.150000000001,0.0,0.0,10000.0,0.0,0.0,0.0
2025-08-05 06:00:00,0.47204599999999997,23602.3,7310.0,0.0,16292.3,0.0,0.0,10000.0,0.0,0.0,0.0
2025-08-05 07:00:00,0.621618,31080.9,7310.0,0.0,23770.9,0.0,0.0,10000.0,0.0,0.0,0.0
2025-08-05 08:00:00,0.6304740000000001,31523.700000000004,7310.0,0.0,24213.700000000004,0.0,0.0,10000.0,0.0,0.0,0.0
2025-08-05 09:00:00,0.6257670000000001,31288.350000000002,7310.0,0.0,23978.350000000002,0.0,0.0,10000.0,0.0,0.0,0.0
2025-08-05 10:00:00,0.623726,31186.3,7310.0,0.0,23876.3,0.0,0.0,10000.0,0.0,0.0,0.0
2025-08-05 11:00:00,0.635433,31771.65,7310.0,0.0,24461.65,0.0,0.0,10000.0,0.0,0.0,0.0
2025-08-05 12:00:00,0.653342,32667.1,7310.0,0.0,25357.1,0.0,0.0,10000.0,0.0,0.0,0.0
2025-08-05 13:00:00,0.667377,33368.85,7310.0,0.0,26058.85,0.0,0.0,10000.0,0.0,0.0,0.0
2025-08-05 14:00:00,0.662427,33121.35,7310.0,0.0,25811.35,0.0,0.0,10000.0,0.0,0.0,0.0
2025-08-05 15:00:00,0.6425639999999999,32128.199999999997,7310.0,0.0,24818.199999999997,0.0,0.0,10000.0,0.0,0.0,0.0
2025-08-05 16:00:00,0.58953,29476.5,7310.0,0.0,22166.5,0.0,0.0,10000.0,0.0,0.0,0.0
2025-08-05 17:00:00,0.498209,24910.45,7310.0,0.0,17600.45,0.0,0.0,10000.0,0.0,0.0,0.0
2025-08-05 18:00:00,0.39103,19551.5,7310.0,0.0,12241.5,0.0,0.0,10000.0,0.0,0.0,0.0
2025-08-05 19:00:00,0.361595,18079.75,7310.0,0.0,10769.75,0.0,0.0,10000.0,0.0,0.0,0.0
2025-08-05 20:00:00,0.36135,18067.5,7310.0,0.0,10757.5,0.0,0.0,10000.0,0.0,0.0,0.0
2025-08-05 21:00:00,0.346637,17331.85,7310.0,0.0,10021.849999999999,0.0,0.0,10000.0,0.0,0.0,0.0
2025-08-05 22:00:00,0.327618,16380.900000000001,7310.0,0.0,9070.900000000001,0.0,0.0,10000.0,0.0,0.0,0.0
2025-08-05 23:00:00,0.29538,14768.999999999998,7310.0,0.0,7458.999999999998,0.0,0.0,10000.0,0.0,0.0,0.0
2025-08-06 00:00:00,0.250815,12540.75,7310.0,0.0,5230.75,0.0,0.0,10000.0,0.0,0.0,0.0
2025-08-06 01:00:00,0.21424100000000001,10712.050000000001,7310.0,0.0,3402.050000000001,0.0,0.0,10000.0,0.0,0.0,0.0
2025-08-06 02:00:00,0.18354900000000002,9177.45,7310.0,0.0,1867.4500000000007,0.0,0.0,10000.0,0.0,0.0,0.0
2025-08-06 03:00:00,0.147818,7390.900000000001,7310.0,0.0,80.90000000000055,0.0,0.0,10000.0,0.0,0.0,0.0
2025-08-06 04:00:00,0.109217,5460.849999999999,5460.849999999999,0.0,0.0,0.0,116.8001010627379,9883.199898937262,1849.1500000000005,0.0,0.0
2025-08-06 05:00:00,0.073377,3668.85,3668.85,0.0,0.0,0.0,229.99036745779844,9653.209531479464,3641.15,0.0,0.0
2025-08-06 06:00:00,0.032262,1613.1,1613.1,0.0,0.0,0.0,359.8401945457704,9293.369336933694,5696.9,0.0,0.0
2025-08-06 07:00:00,0.018594000000000003,929.7000000000002,929.7000000000002,0.0,0.0,0.0,403.0066164511189,8890.362720482575,6380.3,0.0,0.0
2025-08-06 08:00:00,0.041674,2083.7000000000003,2083.7000000000003,0.0,0.0,0.0,330.11511677483537,8560.24760370774,5226.299999999999,0.0,0.0
2025-08-06 09:00:00,0.054929,2746.45,2746.45,0.0,0.0,0.0,288.2530358298988,8271.99456787784,4563.55,0.0,0.0
2025-08-06 10:00:00,0.056004,2800.2,2800.2,0.0,0.0,0.0,284.85795948015857,7987.136608397682,4509.8,0.0,0.0
2025-08-06 11:00:00,0.06419499999999999,3209.7499999999995,3209.7499999999995,0.0,0.0,0.0,258.9890568004169,7728.147551597265,4100.25,0.0,0.0
2025-08-06 12:00:00,0.080421,4021.05,4021.05,0.0,0.0,0.0,207.74393228796566,7520.4036193093,3288.95,0.0,0.0
2025-08-06 13:00:00,0.093507,4675.35,4675.35,0.0,0.0,0.0,166.4155889273138,7353.988030381986,2634.6499999999996,0.0,0.0
2025-08-06 14:00:00,0.093844,4692.2,4692.2,0.0,0.0,0.0,165.35127196930222,7188.636758412684,2617.8,0.0,0.0
2025-08-06 15:00:00,0.09241500000000001,4620.750000000001,4620.750000000001,0.0,0.0,0.0,169.86435485653826,7018.772403556146,2689.249999999999,0.0,0.0
2025-08-06 16:00:00,0.09854399999999999,4927.2,4927.2,0.0,0.0,0.0,150.5076823471821,6868.264721208964,2382.8,0.0,0.0
2025-08-06 17:00:00,0.113875,5693.75,5693.75,0.0,0.0,0.0,102.08915628404947,6766.175564924914,1616.25,0.0,0.0
2025-08-06 18:00:00,0.158239,7911.95,7310.0,601.9499999999998,0.0,11.147222222222219,0.0,6777.322787147136,0.0,0.0,0.0
2025-08-06 19:00:00,0.259031,12951.550000000001,7310.0,5641.550000000001,0.0,104.47314814814817,0.0,6881.795935295285,0.0,0.0,0.0
2025-08-06 20:00:00,0.34891300000000003,17445.65,7310.0,10135.650000000001,0.0,187.69722222222225,0.0,7069.493157517507,0.0,0.0,0.0
2025-08-06 21:00:00,0.393774,19688.7,7310.0,12378.7,0.0,229.2351851851852,0.0,7298.728342702692,0.0,0.0,0.0
2025-08-06 22:00:00,0.394839,19741.95,7310.0,12431.95,0.0,230.22129629629632,0.0,7528.949638998989,0.0,0.0,0.0
2025-08-06 23:00:00,0.35979,17989.5,7310.0,10679.5,0.0,197.7685185185185,0.0,7726.718157517507,0.0,0.0,0.0
2025-08-07 00:00:00,0.32775299999999996,16387.649999999998,7310.0,9077.649999999998,0.0,168.10462962962958,0.0,7894.822787147137,0.0,0.0,0.0
2025-08-07 01:00:00,0.325142,16257.099999999999,7310.0,8947.099999999999,0.0,165.68703703703702,0.0,8060.509824184174,0.0,0.0,0.0
2025-08-07 02:00:00,0.325189,16259.45,7310.0,8949.45,0.0,165.73055555555558,0.0,8226.24037973973,0.0,0.0,0.0
2025-08-07 03:00:00,0.352383,17619.15,7310.0,10309.150000000001,0.0,190.9101851851852,0.0,8417.150564924914,0.0,0.0,0.0
2025-08-07 04:00:00,0.3668,18340.0,7310.0,11030.0,0.0,204.25925925925927,0.0,8621.409824184173,0.0,0.0,0.0
2025-08-07 05:00:00,0.285451,14272.550000000001,7310.0,6962.550000000001,0.0,128.93611111111113,0.0,8750.345935295285,0.0,0.0,0.0
2025-08-07 06:00:00,0.26370699999999997,13185.349999999999,7310.0,5875.3499999999985,0.0,108.80277777777775,0.0,8859.148713073062,0.0,0.0,0.0
2025-08-07 07:00:00,0.361101,18055.05,7310.0,10745.05,0.0,198.9824074074074,0.0,9058.13112048047,0.0,0.0,0.0
2025-08-07 08:00:00,0.38833100000000004,19416.550000000003,7310.0,12106.550000000003,0.0,224.19537037037043,0.0,9282.32649085084,0.0,0.0,0.0
2025-08-07 09:00:00,0.41323899999999997,20661.949999999997,7310.0,13351.949999999997,0.0,247.25833333333327,0.0,9529.584824184174,0.0,0.0,0.0
2025-08-07 10:00:00,0.488353,24417.649999999998,7310.0,17107.649999999998,0.0,316.8083333333333,0.0,9846.393157517507,0.0,0.0,0.0
2025-08-07 11:00:00,0.568455,28422.750000000004,7310.0,8294.769494054646,12817.980505945357,153.60684248249345,0.0,10000.0,0.0,0.0,0.0
2025-08-07 12:00:00,0.6127809999999999,30639.049999999996,7310.0,0.0,23329.049999999996,0.0,0.0,10000.0,0.0,0.0,0.0
2025-08-07 13:00:00,0.6416000000000001,32080.000000000004,7310.0,0.0,24770.000000000004,0.0,0.0,10000.0,0.0,0.0,0.0
2025-08-07 14:00:00,0.657658,32882.9,7310.0,0.0,25572.9,0.0,0.0,10000.0,0.0,0.0,0.0
2025-08-07 15:00:00,0.6555,32775.0,7310.0,0.0,25465.0,0.0,0.0,10000.0,0.0,0.0,0.0
2025-08-07 16:00:00,0.626808,31340.4,7310.0,0.0,24030.4,0.0,0.0,10000.0,0.0,0.0,0.0
2025-08-07 17:00:00,0.582989,29149.45,7310.0,0.0,21839.45,0.0,0.0,10000.0,0.0,0.0,0.0
2025-08-07 18:00:00,0.503719,25185.95,7310.0,0.0,17875.95,0.0,0.0,10000.0,0.0,0.0,0.0
2025-08-07 19:00:00,0.456639,22831.95,7310.0,0.0,15521.95,0.0,0.0,10000.0,0.0,0.0,0.0
2025-08-07 20:00:00,0.412757,20637.85,7310.0,0.0,13327.849999999999,0.0,0.0,10000.0,0.0,0.0,0.0
2025-08-07 21:00:00,0.373574,18678.7,7310.0,0.0,11368.7,0.0,0.0,10000.0,0.0,0.0,0.0
2025-08-07 22:00:00,0.346637,17331.85,7310.0,0.0,10021.849999999999,0.0,0.0,10000.0,0.0,0.0,0.0
2025-08-07 23:00:00,0.323739,16186.95,7310.0,0.0,8876.95,0.0,0.0,10000.0,0.0,0.0,0.0
2025-08-08 00:00:00,0.294077,14703.849999999999,7310.0,0.0,7393.8499999999985,0.0,0.0,10000.0,0.0,0.0,0.0
2025-08-08 01:00:00,0.28037900000000004,14018.950000000003,7310.0,0.0,6708.950000000003,0.0,0.0,10000.0,0.0,0.0,0.0
2025-08-08 02:00:00,0.279976,13998.8,7310.0,0.0,6688.799999999999,0.0,0.0,10000.0,0.0,0.0,0.0
2025-08-08 03:00:00,0.276003,13800.15,7310.0,0.0,6490.15,0.0,0.0,10000.0,0.0,0.0,0.0
2025-08-08 04:00:00,0.25740199999999996,12870.099999999999,7310.0,0.0,5560.0999999999985,0.0,0.0,10000.0,0.0,0.0,0.0
2025-08-08 05:00:00,0.20453100000000002,10226.550000000001,7310.0,0.0,2916.550000000001,0.0,0.0,10000.0,0.0,0.0,0.0
2025-08-08 06:00:00,0.15379099999999998,7689.549999999999,7310.0,0.0,379.5499999999993,0.0,0.0,10000.0,0.0,0.0,0.0
2025-08-08 07:00:00,0.16741399999999998,8370.699999999999,7310.0,0.0,1060.699999999999,0.0,0.0,10000.0,0.0,0.0,0.0
2025-08-08 08:00:00,0.152631,7631.549999999999,7310.0,0.0,321.5499999999993,0.0,0.0,10000.0,0.0,0.0,0.0
2025-08-08 09:00:00,0.136325,6816.25,6816.25,0.0,0.0,0.0,31.187329259241718,9968.81267074076,493.75,0.0,0.0
2025-08-08 10:00:00,0.13069,6534.5,6534.5,0.0,0.0,0.0,48.98384575299636,9919.828824987762,775.5,0.0,0.0
2025-08-08 11:00:00,0.12432299999999999,6216.15,6216.15,0.0,0.0,0.0,69.09217237513228,9850.73665261263,1093.8500000000004,0.0,0.0
2025-08-08 12:00:00,0.134274,6713.7,6713.7,0.0,0.0,0.0,37.66481911349031,9813.07183349914,596.3000000000002,0.0,0.0
2025-08-08 13:00:00,0.15046500000000002,7523.250000000001,7310.0,213.2500000000009,0.0,3.949074074074091,0.0,9817.020907573215,0.0,0.0,0.0
2025-08-08 14:00:00,0.16075899999999999,8037.949999999999,7310.0,727.9499999999989,0.0,13.480555555555535,0.0,9830.50146312877,0.0,0.0,0.0
2025-08-08 15:00:00,0.162152,8107.599999999999,7310.0,797.5999999999995,0.0,14.77037037037036,0.0,9845.27183349914,0.0,0.0,0.0
2025-08-08 16:00:00,0.152021,7601.049999999999,7310.0,291.0499999999993,0.0,5.389814814814802,0.0,9850.661648313955,0.0,0.0,0.0
2025-08-08 17:00:00,0.151195,7559.75,7310.0,249.75,0.0,4.625,0.0,9855.286648313955,0.0,0.0,0.0
2025-08-08 18:00:00,0.180324,9016.2,7310.0,1706.2000000000007,0.0,31.59629629629631,0.0,9886.882944610252,0.0,0.0,0.0
2025-08-08 19:00:00,0.23441599999999999,11720.8,7310.0,4410.799999999999,0.0,81.68148148148147,0.0,9968.564426091732,0.0,0.0,0.0
2025-08-08 20:00:00,0.310334,15516.7,7310.0,1697.5209910464473,6509.179008953553,31.435573908267543,0.0,10000.0,0.0,0.0,0.0
2025-08-08 21:00:00,0.369276,18463.8,7310.0,0.0,11153.8,0.0,0.0,10000.0,0.0,0.0,0.0
2025-08-08 22:00:00,0.366978,18348.9,7310.0,0.0,11038.900000000001,0.0,0.0,10000.0,0.0,0.0,0.0
2025-08-08 23:00:00,0.331946,16597.3,7310.0,0.0,9287.3,0.0,0.0,10000.0,0.0,0.0,0.0
2025-08-09 00:00:00,0.288024,14401.2,7310.0,0.0,7091.200000000001,0.0,0.0,10000.0,0.0,0.0,0.0
2025-08-09 01:00:00,0.244239,12211.95,7310.0,0.0,4901.950000000001,0.0,0.0,10000.0,0.0,0.0,0.0
2025-08-09 02:00:00,0.232879,11643.95,7310.0,0.0,4333.950000000001,0.0,0.0,10000.0,0.0,0.0,0.0
2025-08-09 03:00:00,0.244931,12246.550000000001,7310.0,0.0,4936.550000000001,0.0,0.0,10000.0,0.0,0.0,0.0
2025-08-09 04:00:00,0.256463,12823.15,7310.0,0.0,5513.15,0.0,0.0,10000.0,0.0,0.0,0.0
2025-08-09 05:00:00,0.202924,10146.199999999999,7310.0,0.0,2836.199999999999,0.0,0.0,10000.0,0.0,0.0,0.0
2025-08-09 06:00:00,0.16794499999999998,8397.25,7310.0,0.0,1087.25,0.0,0.0,10000.0,0.0,0.0,0.0
2025-08-09 07:00:00,0.288929,14446.449999999999,7310.0,0.0,7136.449999999999,0.0,0.0,10000.0,0.0,0.0,0.0
2025-08-09 08:00:00,0.337963,16898.15,7310.0,0.0,9588.150000000001,0.0,0.0,10000.0,0.0,0.0,0.0
2025-08-09 09:00:00,0.35244400000000004,17622.2,7310.0,0.0,10312.2,0.0,0.0,10000.0,0.0,0.0,0.0
2025-08-09 10:00:00,0.379893,18994.649999999998,7310.0,0.0,11684.649999999998,0.0,0.0,10000.0,0.0,0.0,0.0
2025-08-09 11:00:00,0.41383499999999995,20691.749999999996,7310.0,0.0,13381.749999999996,0.0,0.0,10000.0,0.0,0.0,0.0
2025-08-09 12:00:00,0.437521,21876.05,7310.0,0.0,14566.05,0.0,0.0,10000.0,0.0,0.0,0.0
2025-08-09 13:00:00,0.460423,23021.15,7310.0,0.0,15711.150000000001,0.0,0.0,10000.0,0.0,0.0,0.0
2025-08-09 14:00:00,0.469512,23475.6,7310.0,0.0,16165.599999999999,0.0,0.0,10000.0,0.0,0.0,0.0
2025-08-09 15:00:00,0.464015,23200.75,7310.0,0.0,15890.75,0.0,0.0,10000.0,0.0,0.0,0.0
2025-08-09 16:00:00,0.44570800000000005,22285.4,7310.0,0.0,14975.400000000001,0.0,0.0,10000.0,0.0,0.0,0.0
2025-08-09 17:00:00,0.414553,20727.65,7310.0,0.0,13417.650000000001,0.0,0.0,10000.0,0.0,0.0,0.0
2025-08-09 18:00:00,0.382498,19124.9,7310.0,0.0,11814.900000000001,0.0,0.0,10000.0,0.0,0.0,0.0
2025-08-09 19:00:00,0.40623000000000004,20311.5,7310.0,0.0,13001.5,0.0,0.0,10000.0,0.0,0.0,0.0
2025-08-09 20:00:00,0.43189299999999997,21594.649999999998,7310.0,0.0,14284.649999999998,0.0,0.0,10000.0,0.0,0.0,0.0
2025-08-09 21:00:00,0.419551,20977.55,7310.0,0.0,13667.55,0.0,0.0,10000.0,0.0,0.0,0.0
2025-08-09 22:00:00,0.378944,18947.2,7310.0,0.0,11637.2,0.0,0.0,10000.0,0.0,0.0,0.0
2025-08-09 23:00:00,0.327715,16385.75,7310.0,0.0,9075.75,0.0,0.0,10000.0,0.0,0.0,0.0
2025-08-10 00:00:00,0.2781,13905.0,7310.0,0.0,6595.0,0.0,0.0,10000.0,0.0,0.0,0.0
2025-08-10 01:00:00,0.234599,11729.95,7310.0,0.0,4419.950000000001,0.0,0.0,10000.0,0.0,0.0,0.0
2025-08-10 02:00:00,0.19175899999999999,9587.949999999999,7310.0,0.0,2277.949999999999,0.0,0.0,10000.0,0.0,0.0,0.0
2025-08-10 03:00:00,0.156144,7807.2,7310.0,0.0,497.1999999999998,0.0,0.0,10000.0,0.0,0.0,0.0
2025-08-10 04:00:00,0.123253,6162.65,6162.65,0.0,0.0,0.0,72.47145767208303,9927.528542327917,1147.3500000000004,0.0,0.0
2025-08-10 05:00:00,0.084508,4225.4,4225.4,0.0,0.0,0.0,194.836325737837,9732.69221659008,3084.6000000000004,0.0,0.0
2025-08-10 06:00:00,0.030853000000000002,1542.65,1542.65,0.0,0.0,0.0,364.29011322184857,9368.402103368231,5767.35,0.0,0.0
2025-08-10 07:00:00,0.006401,320.04999999999995,320.04999999999995,0.0,0.0,0.0,441.5146777835679,8926.887425584664,6989.95,0.0,0.0
2025-08-10 08:00:00,0.005138,256.90000000000003,256.90000000000003,0.0,0.0,0.0,445.50349771819293,8481.383927866471,7053.1,0.0,0.0
2025-08-10 09:00:00,0.006887000000000001,344.35,344.35,0.0,0.0,0.0,439.9797874524295,8041.404140414042,6965.65,0.0,0.0
2025-08-10 10:00:00,0.010988,549.4,549.4,0.0,0.0,0.0,427.02796595449024,7614.376174459551,6760.6,0.0,0.0
2025-08-10 11:00:00,0.015329,766.45,766.45,0.0,0.0,0.0,413.3181739226555,7201.058000536896,6543.55,0.0,0.0
2025-08-10 12:00:00,0.017460999999999997,873.0499999999998,873.0499999999998,0.0,0.0,0.0,406.58486901321714,6794.473131523679,6436.95,0.0,0.0
2025-08-10 13:00:00,0.017412,870.6,870.6,0.0,0.0,0.0,406.73962133055414,6387.733510193125,6439.4,0.0,0.0
2025-08-10 14:00:00,0.017145,857.25,857.25,0.0,0.0,0.0,407.5828635495129,5980.150646643612,6452.75,0.0,0.0
2025-08-10 15:00:00,0.016592,829.5999999999999,829.5999999999999,0.0,0.0,0.0,409.3293539880304,5570.821292655582,6480.4,0.0,0.0
2025-08-10 16:00:00,0.016390000000000002,819.5000000000001,819.5000000000001,0.0,0.0,0.0,409.9673125207258,5160.853980134856,6490.5,0.0,0.0
2025-08-10 17:00:00,0.024324000000000002,1216.2,1216.2,0.0,0.0,0.0,384.9100699543639,4775.943910180492,6093.8,0.0,0.0
2025-08-10 18:00:00,0.072166,3608.2999999999997,3608.2999999999997,0.0,0.0,0.0,233.81496044341282,4542.128949737079,3701.7000000000003,0.0,0.0
2025-08-10 19:00:00,0.171647,8582.35,7310.0,1272.3500000000004,0.0,23.562037037037044,0.0,4565.690986774116,0.0,0.0,0.0
2025-08-10 20:00:00,0.245282,12264.1,7310.0,4954.1,0.0,91.7425925925926,0.0,4657.433579366709,0.0,0.0,0.0
2025-08-10 21:00:00,0.283267,14163.35,7310.0,6853.35,0.0,126.91388888888889,0.0,4784.347468255598,0.0,0.0,0.0
2025-08-10 22:00:00,0.274227,13711.35,7310.0,6401.35,0.0,118.54351851851852,0.0,4902.890986774117,0.0,0.0,0.0
2025-08-10 23:00:00,0.22522499999999998,11261.249999999998,7310.0,3951.249999999998,0.0,73.17129629629626,0.0,4976.062283070413,0.0,0.0,0.0
2025-08-11 00:00:00,0.16994800000000002,8497.400000000001,7310.0,1187.4000000000015,0.0,21.988888888888916,0.0,4998.051171959302,0.0,0.0,0.0
2025-08-11 01:00:00,0.134369,6718.45,6718.45,0.0,0.0,0.0,37.364789110490015,4960.686382848812,591.5500000000002,0.0,0.0
2025-08-11 02:00:00,0.119007,5950.35,5950.35,0.0,0.0,0.0,85.88121970091744,4874.805163147895,1359.6499999999996,0.0,0.0
2025-08-11 03:00:00,0.11178,5589.0,5589.0,0.0,0.0,0.0,108.70560740284556,4766.099555745049,1721.0,0.0,0.0
2025-08-11 04:00:00,0.092818,4640.9,4640.9,0.0,0.0,0.0,168.59159600170548,4597.507959743343,2669.1000000000004,0.0,0.0
2025-08-11 05:00:00,0.062738,3136.9,3136.9,0.0,0.0,0.0,263.59056958327415,4333.917390160069,4173.1,0.0,0.0
2025-08-11 06:00:00,0.027382999999999998,1369.1499999999999,1369.1499999999999,0.0,0.0,0.0,375.2491038577543,3958.6682863023148,5940.85,0.0,0.0
2025-08-11 07:00:00,0.021942,1097.1,1097.1,0.0,0.0,0.0,392.4329275032767,3566.2353587990383,6212.9,0.0,0.0
2025-08-11 08:00:00,0.04174,2087.0,2087.0,0.0,0.0,0.0,329.90667487801414,3236.328683921024,5223.0,0.0,0.0
2025-08-11 09:00:00,0.039388,1969.3999999999999,1969.3999999999999,0.0,0.0,0.0,337.33478611019,2898.993897810834,5340.6,0.0,0.0
2025-08-11 10:00:00,0.034616999999999995,1730.8499999999997,1730.8499999999997,0.0,0.0,0.0,352.4026086819209,2546.591289128913,5579.150000000001,0.0,0.0
2025-08-11 11:00:00,0.039183,1959.15,1959.15,0.0,0.0,0.0,337.9822192745591,2208.609069854354,5350.85,0.0,0.0
2025-08-11 12:00:00,0.058076,2903.8,2903.8,0.0,0.0,0.0,278.3141472041941,1930.2949226501598,4406.2,0.0,0.0
2025-08-11 13:00:00,0.085752,4287.599999999999,4287.599999999999,0.0,0.0,0.0,190.907511803812,1739.3874108463478,3022.4000000000005,0.0,0.0
2025-08-11 14:00:00,0.083691,4184.55,4184.55,0.0,0.0,0.0,197.41658376363952,1541.9708270827084,3125.45,0.0,0.0
2025-08-11 15:00:00,0.03453,1726.5,1726.5,0.0,0.0,0.0,352.677373000458,1189.2934540822505,5583.5,0.0,0.0
2025-08-11 16:00:00,0.014618,730.9000000000001,730.9000000000001,0.0,0.0,0.0,415.5636616293209,773.7297924529296,6579.1,0.0,0.0
2025-08-11 17:00:00,0.08360200000000001,4180.1,4180.1,0.0,0.0,0.0,197.69766450329243,576.0321279496371,3129.8999999999996,0.0,0.0
2025-08-11 18:00:00,0.141284,7064.2,7064.2,0.0,0.0,0.0,15.525763102626065,560.506364847011,245.80000000000018,0.0,0.0
2025-08-11 19:00:00,0.147895,7394.75,7310.0,84.75,0.0,1.5694444444444444,0.0,562.0758092914555,0.0,0.0,0.0
2025-08-11 20:00:00,0.174951,8747.55,7310.0,1437.5499999999993,0.0,26.621296296296283,0.0,588.6971055877517,0.0,0.0,0.0
2025-08-11 21:00:00,0.317365,15868.25,7310.0,8558.25,0.0,158.48611111111111,0.0,747.1832166988628,0.0,0.0,0.0
2025-08-11 22:00:00,0.374832,18741.6,7310.0,11431.599999999999,0.0,211.69629629629628,0.0,958.8795129951591,0.0,0.0,0.0
2025-08-11 23:00:00,0.28808100000000003,14404.050000000001,7310.0,7094.050000000001,0.0,131.37129629629632,0.0,1090.2508092914554,0.0,0.0,0.0
2025-08-12 00:00:00,0.24868,12434.0,7310.0,5124.0,0.0,94.88888888888889,0.0,1185.1396981803443,0.0,0.0,0.0
2025-08-12 01:00:00,0.221331,11066.55,7310.0,3756.549999999999,4.547473508864641e-13,69.56574074074072,0.0,1254.705438921085,0.0,0.0,0.0
2025-08-12 02:00:00,0.20304,10152.0,7310.0,2842.0,0.0,52.629629629629626,0.0,1307.3350685507146,0.0,0.0,0.0
2025-08-12 03:00:00,0.18394300000000002,9197.150000000001,7310.0,1887.1500000000015,0.0,34.94722222222225,0.0,1342.282290772937,0.0,0.0,0.0
2025-08-12 04:00:00,0.182831,9141.55,7310.0,1831.549999999999,2.2737367544323206e-13,33.91759259259258,0.0,1376.1998833655296,0.0,0.0,0.0
2025-08-12 05:00:00,0.185579,9278.949999999999,7310.0,1968.9499999999987,2.2737367544323206e-13,36.462037037037014,0.0,1412.6619204025665,0.0,0.0,0.0
2025-08-12 06:00:00,0.132965,6648.25,6648.25,0.0,0.0,0.0,41.79891673377865,1370.8630036687878,661.75,0.0,0.0
2025-08-12 07:00:00,0.11770399999999999,5885.2,5885.2,0.0,0.0,0.0,89.99636805785843,1280.8666356109293,1424.8000000000002,0.0,0.0
2025-08-12 08:00:00,0.16340700000000002,8170.350000000001,7310.0,860.3500000000013,0.0,15.932407407407432,0.0,1296.7990430183368,0.0,0.0,0.0
2025-08-12 09:00:00,0.196355,9817.75,7310.0,2507.75,0.0,46.43981481481482,0.0,1343.2388578331515,0.0,0.0,0.0
2025-08-12 10:00:00,0.202319,10115.95,7310.0,2805.9500000000007,0.0,51.96203703703705,0.0,1395.2008948701887,0.0,0.0,0.0
2025-08-12 11:00:00,0.1824,9120.0,7310.0,1810.0,0.0,33.51851851851852,0.0,1428.7194133887072,0.0,0.0,0.0
2025-08-12 12:00:00,0.153189,7659.45,7310.0,349.4499999999998,0.0,6.471296296296293,0.0,1435.1907096850034,0.0,0.0,0.0
2025-08-12 13:00:00,0.11772,5886.0,5886.0,0.0,0.0,0.0,89.94583668893206,1345.2448729960713,1424.0,0.0,0.0
2025-08-12 14:00:00,0.083105,4155.25,4155.25,0.0,0.0,0.0,199.26729515056772,1145.9775778455037,3154.75,0.0,0.0
2025-08-12 15:00:00,0.060567,3028.3500000000004,3028.3500000000004,0.0,0.0,0.0,270.44704470447044,875.5305331410332,4281.65,0.0,0.0
2025-08-12 16:00:00,0.056125999999999995,2806.2999999999997,2806.2999999999997,0.0,0.0,0.0,284.4726577920951,591.0578753489381,4503.700000000001,0.0,0.0
2025-08-12 17:00:00,0.083418,4170.900000000001,4170.900000000001,0.0,0.0,0.0,198.27877524594564,392.7791001029924,3139.0999999999995,0.0,0.0
2025-08-12 18:00:00,0.16778700000000002,8389.35,7310.0,1079.3500000000004,0.0,19.98796296296297,0.0,412.76706306595537,0.0,0.0,0.0
2025-08-12 19:00:00,0.250862,12543.099999999999,7310.0,5233.0999999999985,0.0,96.90925925925923,0.0,509.6763223252146,0.0,0.0,0.0
2025-08-12 20:00:00,0.248658,12432.9,7310.0,5122.9,0.0,94.86851851851851,0.0,604.5448408437331,0.0,0.0,0.0
2025-08-12 21:00:00,0.190683,9534.15,7310.0,2224.1499999999996,0.0,41.187962962962956,0.0,645.7328038066961,0.0,0.0,0.0
2025-08-12 22:00:00,0.13497399999999998,6748.699999999999,6748.699999999999,0.0,0.0,0.0,35.45407172296184,610.2787320837342,561.3000000000011,0.0,0.0
2025-08-12 23:00:00,0.09682299999999999,4841.15,4841.15,0.0,0.0,0.0,155.9429627173244,454.3357693664098,2468.8500000000004,0.0,0.0
2025-08-13 00:00:00,0.07034900000000001,3517.4500000000003,3517.4500000000003,0.0,0.0,0.0,239.55342902711325,214.78234033929655,3792.5499999999997,0.0,0.0
2025-08-13 01:00:00,0.035808,1790.4,1790.4,0.0,0.0,0.0,214.78234033929655,0.0,3400.380316666658,2119.2196833333423,0.0
2025-08-13 02:00:00,0.017311,865.55,865.55,0.0,0.0,0.0,0.0,0.0,0.0,6444.45,0.0
2025-08-13 03:00:00,0.02563,1281.5,1281.5,0.0,0.0,0.0,0.0,0.0,0.0,6028.5,0.0
2025-08-13 04:00:00,0.06775,3387.5000000000005,3387.5000000000005,0.0,0.0,0.0,0.0,0.0,0.0,3922.4999999999995,0.0
2025-08-13 05:00:00,0.09237999999999999,4618.999999999999,4618.999999999999,0.0,0.0,0.0,0.0,0.0,0.0,2691.000000000001,0.0
2025-08-13 06:00:00,0.069718,3485.9,3485.9,0.0,0.0,0.0,0.0,0.0,0.0,3824.1,0.0
2025-08-13 07:00:00,0.078237,3911.85,3911.85,0.0,0.0,0.0,0.0,0.0,0.0,3398.15,0.0
2025-08-13 08:00:00,0.06993200000000001,3496.6000000000004,3496.6000000000004,0.0,0.0,0.0,0.0,0.0,0.0,3813.3999999999996,0.0
2025-08-13 09:00:00,0.057198,2859.9,2859.9,0.0,0.0,0.0,0.0,0.0,0.0,4450.1,0.0
2025-08-13 10:00:00,0.08405599999999999,4202.799999999999,4202.799999999999,0.0,0.0,0.0,0.0,0.0,0.0,3107.2000000000007,0.0
2025-08-13 11:00:00,0.13361699999999999,6680.849999999999,6680.849999999999,0.0,0.0,0.0,0.0,0.0,0.0,629.1500000000005,0.0
2025-08-13 12:00:00,0.174952,8747.6,7310.0,1437.6000000000004,0.0,26.62222222222223,0.0,26.62222222222223,0.0,0.0,0.0
2025-08-13 13:00:00,0.22861199999999998,11430.599999999999,7310.0,4120.5999999999985,0.0,76.30740740740738,0.0,102.92962962962962,0.0,0.0,0.0
2025-08-13 14:00:00,0.323369,16168.45,7310.0,8858.45,0.0,164.0453703703704,0.0,266.975,0.0,0.0,0.0
2025-08-13 15:00:00,0.403887,20194.35,7310.0,12884.349999999999,0.0,238.59907407407405,0.0,505.5740740740741,0.0,0.0,0.0
2025-08-13 16:00:00,0.430168,21508.4,7310.0,14198.4,1.8189894035458565e-12,262.93333333333334,0.0,768.5074074074074,0.0,0.0,0.0
2025-08-13 17:00:00,0.41957900000000004,20978.95,7310.0,13668.95,0.0,253.1287037037037,0.0,1021.6361111111112,0.0,0.0,0.0
2025-08-13 18:00:00,0.406088,20304.4,7310.0,12994.400000000001,0.0,240.63703703703706,0.0,1262.2731481481483,0.0,0.0,0.0
2025-08-13 19:00:00,0.342929,17146.45,7310.0,9836.45,0.0,182.1564814814815,0.0,1444.4296296296297,0.0,0.0,0.0
2025-08-13 20:00:00,0.278614,13930.699999999999,7310.0,6620.699999999999,0.0,122.60555555555554,0.0,1567.0351851851854,0.0,0.0,0.0
2025-08-13 21:00:00,0.259073,12953.65,7310.0,5643.65,0.0,104.51203703703703,0.0,1671.5472222222224,0.0,0.0,0.0
2025-08-13 22:00:00,0.263865,13193.25,7310.0,5883.25,0.0,108.94907407407408,0.0,1780.4962962962966,0.0,0.0,0.0
2025-08-13 23:00:00,0.259041,12952.050000000001,7310.0,5642.050000000001,0.0,104.48240740740742,0.0,1884.978703703704,0.0,0.0,0.0
2025-08-14 00:00:00,0.240952,12047.6,7310.0,4737.6,0.0,87.73333333333333,0.0,1972.7120370370374,0.0,0.0,0.0
2025-08-14 01:00:00,0.245243,12262.15,7310.0,4952.15,0.0,91.70648148148148,0.0,2064.418518518519,0.0,0.0,0.0
2025-08-14 02:00:00,0.259093,12954.650000000001,7310.0,5644.6500000000015,0.0,104.53055555555558,0.0,2168.9490740740744,0.0,0.0,0.0
2025-08-14 03:00:00,0.262202,13110.1,7310.0,5800.1,0.0,107.40925925925927,0.0,2276.3583333333336,0.0,0.0,0.0
2025-08-14 04:00:00,0.261415,13070.75,7310.0,5760.75,0.0,106.68055555555556,0.0,2383.0388888888892,0.0,0.0,0.0
2025-08-14 05:00:00,0.219893,10994.65,7310.0,3684.649999999999,4.547473508864641e-13,68.23425925925925,0.0,2451.2731481481483,0.0,0.0,0.0
2025-08-14 06:00:00,0.147444,7372.2,7310.0,62.199999999999825,-7.105427357601002e-15,1.1518518518518486,0.0,2452.425,0.0,0.0,0.0
2025-08-14 07:00:00,0.156529,7826.45,7310.0,516.4499999999998,0.0,9.563888888888885,0.0,2461.988888888889,0.0,0.0,0.0
2025-08-14 08:00:00,0.152212,7610.599999999999,7310.0,300.59999999999945,0.0,5.566666666666657,0.0,2467.5555555555557,0.0,0.0,0.0
2025-08-14 09:00:00,0.155619,7780.950000000001,7310.0,470.95000000000067,5.684341886080802e-14,8.721296296296309,0.0,2476.276851851852,0.0,0.0,0.0
2025-08-14 10:00:00,0.17883500000000002,8941.750000000002,7310.0,1631.7500000000018,0.0,30.217592592592627,0.0,2506.4944444444445,0.0,0.0,0.0
2025-08-14 11:00:00,0.218674,10933.7,7310.0,3623.7000000000007,0.0,67.10555555555557,0.0,2573.6,0.0,0.0,0.0
2025-08-14 12:00:00,0.25518199999999996,12759.099999999999,7310.0,5449.0999999999985,0.0,100.90925925925923,0.0,2674.509259259259,0.0,0.0,0.0
2025-08-14 13:00:00,0.27437,13718.5,7310.0,6408.5,0.0,118.67592592592592,0.0,2793.185185185185,0.0,0.0,0.0
2025-08-14 14:00:00,0.267221,13361.05,7310.0,6051.049999999999,0.0,112.05648148148147,0.0,2905.241666666667,0.0,0.0,0.0
2025-08-14 15:00:00,0.255038,12751.9,7310.0,5441.9,0.0,100.77592592592592,0.0,3006.017592592593,0.0,0.0,0.0
2025-08-14 16:00:00,0.23289400000000002,11644.7,7310.0,4334.700000000001,0.0,80.27222222222224,0.0,3086.289814814815,0.0,0.0,0.0
2025-08-14 17:00:00,0.210823,10541.15,7310.0,3231.1499999999996,0.0,59.8361111111111,0.0,3146.1259259259264,0.0,0.0,0.0
2025-08-14 18:00:00,0.21879300000000002,10939.650000000001,7310.0,3629.6500000000015,0.0,67.21574074074077,0.0,3213.341666666667,0.0,0.0,0.0
2025-08-14 19:00:00,0.274866,13743.3,7310.0,6433.299999999999,0.0,119.13518518518516,0.0,3332.476851851852,0.0,0.0,0.0
2025-08-14 20:00:00,0.319543,15977.150000000001,7310.0,8667.150000000001,0.0,160.5027777777778,0.0,3492.97962962963,0.0,0.0,0.0
2025-08-14 21:00:00,0.34717000000000003,17358.5,7310.0,10048.5,0.0,186.08333333333334,0.0,3679.0629629629634,0.0,0.0,0.0
2025-08-14 22:00:00,0.354906,17745.3,7310.0,10435.3,0.0,193.2462962962963,0.0,3872.3092592592598,0.0,0.0,0.0
2025-08-14 23:00:00,0.336723,16836.15,7310.0,9526.150000000001,0.0,176.4101851851852,0.0,4048.719444444445,0.0,0.0,0.0
2025-08-15 00:00:00,0.30246300000000004,15123.150000000001,7310.0,7813.1500000000015,0.0,144.68796296296298,0.0,4193.407407407408,0.0,0.0,0.0
2025-08-15 01:00:00,0.269612,13480.6,7310.0,6170.6,0.0,114.27037037037037,0.0,4307.677777777778,0.0,0.0,0.0
2025-08-15 02:00:00,0.250969,12548.45,7310.0,5238.450000000001,0.0,97.00833333333334,0.0,4404.686111111111,0.0,0.0,0.0
2025-08-15 03:00:00,0.246439,12321.949999999999,7310.0,5011.949999999999,0.0,92.81388888888887,0.0,4497.5,0.0,0.0,0.0
2025-08-15 04:00:00,0.245277,12263.85,7310.0,4953.85,0.0,91.73796296296297,0.0,4589.237962962963,0.0,0.0,0.0
2025-08-15 05:00:00,0.196582,9829.1,7310.0,2519.1000000000004,0.0,46.650000000000006,0.0,4635.887962962963,0.0,0.0,0.0
2025-08-15 06:00:00,0.129363,6468.150000000001,6468.150000000001,0.0,0.0,0.0,53.17479116332683,4582.713171799636,841.8499999999995,0.0,0.0
2025-08-15 07:00:00,0.118673,5933.65,5933.65,0.0,0.0,0.0,86.93606202725539,4495.777109772381,1376.3500000000004,0.0,0.0
2025-08-15 08:00:00,0.076607,3830.35,3830.35,0.0,0.0,0.0,219.78934735578824,4275.987762416593,3479.65,0.0,0.0
2025-08-15 09:00:00,0.057345,2867.25,2867.25,0.0,0.0,0.0,280.6227991220175,3995.3649632945753,4442.75,0.0,0.0
2025-08-15 10:00:00,0.051196,2559.7999999999997,2559.7999999999997,0.0,0.0,0.0,300.0426358425317,3695.3223274520437,4750.200000000001,0.0,0.0
2025-08-15 11:00:00,0.058241999999999995,2912.1,2912.1,0.0,0.0,0.0,277.7898842515831,3417.532443200461,4397.9,0.0,0.0
2025-08-15 12:00:00,0.075936,3796.8,3796.8,0.0,0.0,0.0,221.90850664013772,3195.6239365603233,3513.2,0.0,0.0
2025-08-15 13:00:00,0.098384,4919.2,4919.2,0.0,0.0,0.0,151.01299603644577,3044.6109405238776,2390.8,0.0,0.0
2025-08-15 14:00:00,0.123914,6195.7,6195.7,0.0,0.0,0.0,70.3838804933125,2974.227060030565,1114.3000000000002,0.0,0.0
2025-08-15 15:00:00,0.155834,7791.7,7310.0,481.6999999999998,0.0,8.920370370370367,0.0,2983.1474304009353,0.0,0.0,0.0
2025-08-15 16:00:00,0.193608,9680.4,7310.0,2370.3999999999996,0.0,43.89629629629629,0.0,3027.0437266972317,0.0,0.0,0.0
2025-08-15 17:00:00,0.24247200000000002,12123.6,7310.0,4813.6,0.0,89.14074074074075,0.0,3116.1844674379727,0.0,0.0,0.0
2025-08-15 18:00:00,0.32514499999999996,16257.249999999998,7310.0,8947.249999999998,0.0,165.68981481481478,0.0,3281.8742822527875,0.0,0.0,0.0
2025-08-15 19:00:00,0.431132,21556.600000000002,7310.0,14246.600000000002,0.0,263.82592592592596,0.0,3545.700208178713,0.0,0.0,0.0
2025-08-15 20:00:00,0.412737,20636.850000000002,7310.0,13326.850000000002,0.0,246.79351851851857,0.0,3792.493726697232,0.0,0.0,0.0
2025-08-15 21:00:00,0.322593,16129.650000000001,7310.0,8819.650000000001,0.0,163.32685185185187,0.0,3955.8205785490836,0.0,0.0,0.0
2025-08-15 22:00:00,0.26377,13188.5,7310.0,5878.5,0.0,108.86111111111111,0.0,4064.681689660195,0.0,0.0,0.0
2025-08-15 23:00:00,0.24524700000000002,12262.35,7310.0,4952.35,0.0,91.7101851851852,0.0,4156.39187484538,0.0,0.0,0.0
2025-08-16 00:00:00,0.25908800000000004,12954.400000000001,7310.0,5644.4000000000015,0.0,104.52592592592595,0.0,4260.917800771305,0.0,0.0,0.0
2025-08-16 01:00:00,0.278437,13921.85,7310.0,6611.85,0.0,122.44166666666668,0.0,4383.359467437972,0.0,0.0,0.0
2025-08-16 02:00:00,0.292812,14640.6,7310.0,7330.6,0.0,135.75185185185185,0.0,4519.111319289824,0.0,0.0,0.0
2025-08-16 03:00:00,0.291328,14566.4,7310.0,7256.4,0.0,134.37777777777777,0.0,4653.4890970676015,0.0,0.0,0.0
2025-08-16 04:00:00,0.28497100000000003,14248.550000000001,7310.0,6938.55,9.094947017729282e-13,128.49166666666667,0.0,4781.980763734268,0.0,0.0,0.0
2025-08-16 05:00:00,0.24423,12211.5,7310.0,4901.5,0.0,90.76851851851852,0.0,4872.7492822527865,0.0,0.0,0.0
2025-08-16 06:00:00,0.278252,13912.6,7310.0,6602.6,0.0,122.27037037037037,0.0,4995.019652623157,0.0,0.0,0.0
2025-08-16 07:00:00,0.296065,14803.250000000002,7310.0,7493.250000000002,0.0,138.7638888888889,0.0,5133.783541512045,0.0,0.0,0.0
2025-08-16 08:00:00,0.28249599999999997,14124.8,7310.0,6814.799999999999,0.0,126.19999999999999,0.0,5259.983541512045,0.0,0.0,0.0
2025-08-16 09:00:00,0.276981,13849.05,7310.0,6539.049999999999,0.0,121.09351851851851,0.0,5381.077060030563,0.0,0.0,0.0
2025-08-16 10:00:00,0.264823,13241.15,7310.0,5931.15,0.0,109.83611111111111,0.0,5490.913171141674,0.0,0.0,0.0
2025-08-16 11:00:00,0.251672,12583.6,7310.0,5273.6,0.0,97.65925925925927,0.0,5588.572430400934,0.0,0.0,0.0
2025-08-16 12:00:00,0.245919,12295.95,7310.0,4985.950000000001,0.0,92.33240740740742,0.0,5680.904837808341,0.0,0.0,0.0
2025-08-16 13:00:00,0.24865,12432.5,7310.0,5122.5,0.0,94.86111111111111,0.0,5775.765948919452,0.0,0.0,0.0
2025-08-16 14:00:00,0.259072,12953.6,7310.0,5643.6,0.0,104.51111111111112,0.0,5880.277060030563,0.0,0.0,0.0
2025-08-16 15:00:00,0.277999,13899.949999999999,7310.0,6589.949999999999,0.0,122.0361111111111,0.0,6002.3131711416745,0.0,0.0,0.0
2025-08-16 16:00:00,0.305588,15279.400000000001,7310.0,7969.400000000002,-9.094947017729282e-13,147.58148148148152,0.0,6149.894652623156,0.0,0.0,0.0
2025-08-16 17:00:00,0.33879000000000004,16939.5,7310.0,9629.5,0.0,178.32407407407408,0.0,6328.21872669723,0.0,0.0,0.0
2025-08-16 18:00:00,0.347445,17372.25,7310.0,10062.25,0.0,186.33796296296296,0.0,6514.556689660192,0.0,0.0,0.0
2025-08-16 19:00:00,0.364241,18212.05,7310.0,10902.05,0.0,201.8898148148148,0.0,6716.446504475007,0.0,0.0,0.0
2025-08-16 20:00:00,0.333734,16686.699999999997,7310.0,9376.699999999997,0.0,173.64259259259254,0.0,6890.089097067599,0.0,0.0,0.0
2025-08-16 21:00:00,0.29699200000000003,14849.600000000002,7310.0,7539.600000000002,0.0,139.62222222222226,0.0,7029.711319289821,0.0,0.0,0.0
2025-08-16 22:00:00,0.278003,13900.15,7310.0,6590.15,0.0,122.0398148148148,0.0,7151.751134104637,0.0,0.0,0.0
2025-08-16 23:00:00,0.265267,13263.349999999999,7310.0,5953.3499999999985,0.0,110.24722222222219,0.0,7261.998356326859,0.0,0.0,0.0
2025-08-17 00:00:00,0.25562999999999997,12781.499999999998,7310.0,5471.499999999998,0.0,101.32407407407403,0.0,7363.322430400933,0.0,0.0,0.0
2025-08-17 01:00:00,0.250998,12549.9,7310.0,5239.9,0.0,97.03518518518518,0.0,7460.357615586118,0.0,0.0,0.0
2025-08-17 02:00:00,0.253711,12685.550000000001,7310.0,5375.550000000001,0.0,99.54722222222225,0.0,7559.904837808341,0.0,0.0,0.0
2025-08-17 03:00:00,0.263735,13186.75,7310.0,5876.75,0.0,108.82870370370371,0.0,7668.733541512044,0.0,0.0,0.0
2025-08-17 04:00:00,0.274529,13726.45,7310.0,6416.450000000001,0.0,118.82314814814816,0.0,7787.556689660192,0.0,0.0,0.0
2025-08-17 05:00:00,0.23979499999999998,11989.749999999998,7310.0,4679.749999999998,0.0,86.66203703703701,0.0,7874.21872669723,0.0,0.0,0.0
2025-08-17 06:00:00,0.195658,9782.9,7310.0,2472.8999999999996,0.0,45.79444444444444,0.0,7920.013171141674,0.0,0.0,0.0
2025-08-17 07:00:00,0.22308,11154.0,7310.0,3844.0000000000005,-4.547473508864641e-13,71.18518518518519,0.0,7991.1983563268595,0.0,0.0,0.0
2025-08-17 08:00:00,0.20382499999999998,10191.249999999998,7310.0,2881.249999999998,0.0,53.356481481481445,0.0,8044.554837808341,0.0,0.0,0.0
2025-08-17 09:00:00,0.195417,9770.85,7310.0,2460.8500000000004,0.0,45.5712962962963,0.0,8090.1261341046375,0.0,0.0,0.0
2025-08-17 10:00:00,0.193018,9650.9,7310.0,2340.8999999999996,0.0,43.349999999999994,0.0,8133.476134104638,0.0,0.0,0.0
2025-08-17 11:00:00,0.190115,9505.75,7310.0,2195.75,0.0,40.66203703703704,0.0,8174.138171141675,0.0,0.0,0.0
2025-08-17 12:00:00,0.181702,9085.1,7310.0,1775.1000000000004,0.0,32.87222222222223,0.0,8207.010393363897,0.0,0.0,0.0
2025-08-17 13:00:00,0.17873,8936.5,7310.0,1626.5,0.0,30.12037037037037,0.0,8237.130763734267,0.0,0.0,0.0
2025-08-17 14:00:00,0.18306999999999998,9153.5,7310.0,1843.4999999999998,2.2737367544323206e-13,34.138888888888886,0.0,8271.269652623156,0.0,0.0,0.0
2025-08-17 15:00:00,0.20957900000000002,10478.95,7310.0,3168.9500000000007,0.0,58.68425925925927,0.0,8329.953911882414,0.0,0.0,0.0
2025-08-17 16:00:00,0.253279,12663.949999999999,7310.0,5353.949999999999,0.0,99.1472222222222,0.0,8429.101134104636,0.0,0.0,0.0
2025-08-17 17:00:00,0.300002,15000.1,7310.0,7690.1,0.0,142.40925925925927,0.0,8571.510393363895,0.0,0.0,0.0
2025-08-17 18:00:00,0.325144,16257.199999999999,7310.0,8947.199999999999,0.0,165.68888888888887,0.0,8737.199282252783,0.0,0.0,0.0
2025-08-17 19:00:00,0.352774,17638.699999999997,7310.0,10328.699999999997,0.0,191.27222222222215,0.0,8928.471504475005,0.0,0.0,0.0
2025-08-17 20:00:00,0.325179,16258.949999999999,7310.0,8948.949999999999,0.0,165.7212962962963,0.0,9094.192800771301,0.0,0.0,0.0
2025-08-17 21:00:00,0.283518,14175.9,7310.0,6865.9,0.0,127.14629629629628,0.0,9221.339097067597,0.0,0.0,0.0
2025-08-17 22:00:00,0.254112,12705.6,7310.0,5395.6,0.0,99.91851851851852,0.0,9321.257615586115,0.0,0.0,0.0
2025-08-17 23:00:00,0.25904000000000005,12952.000000000002,7310.0,5642.000000000002,0.0,104.48148148148151,0.0,9425.739097067597,0.0,0.0,0.0
2025-08-18 00:00:00,0.256672,12833.6,7310.0,5523.6,0.0,102.28888888888889,0.0,9528.027985956485,0.0,0.0,0.0
2025-08-18 01:00:00,0.253815,12690.75,7310.0,5380.75,0.0,99.64351851851852,0.0,9627.671504475004,0.0,0.0,0.0
2025-08-18 02:00:00,0.268036,13401.8,7310.0,6091.799999999999,0.0,112.8111111111111,0.0,9740.482615586114,0.0,0.0,0.0
2025-08-18 03:00:00,0.25546199999999997,12773.099999999999,7310.0,5463.0999999999985,0.0,101.1685185185185,0.0,9841.651134104632,0.0,0.0,0.0
2025-08-18 04:00:00,0.254603,12730.150000000001,7310.0,5420.1500000000015,0.0,100.37314814814818,0.0,9942.02428225278,0.0,0.0,0.0
2025-08-18 05:00:00,0.23292,11646.0,7310.0,3130.68875834989,1205.3112416501099,57.97571774722019,0.0,10000.0,0.0,0.0,0.0
2025-08-18 06:00:00,0.22508699999999998,11254.349999999999,7310.0,0.0,3944.3499999999985,0.0,0.0,10000.0,0.0,0.0,0.0
2025-08-18 07:00:00,0.26574000000000003,13287.000000000002,7310.0,0.0,5977.000000000002,0.0,0.0,10000.0,0.0,0.0,0.0
2025-08-18 08:00:00,0.267462,13373.099999999999,7310.0,0.0,6063.0999999999985,0.0,0.0,10000.0,0.0,0.0,0.0
2025-08-18 09:00:00,0.274399,13719.95,7310.0,0.0,6409.950000000001,0.0,0.0,10000.0,0.0,0.0,0.0
2025-08-18 10:00:00,0.272384,13619.2,7310.0,0.0,6309.200000000001,0.0,0.0,10000.0,0.0,0.0,0.0
2025-08-18 11:00:00,0.26264499999999996,13132.249999999998,7310.0,0.0,5822.249999999998,0.0,0.0,10000.0,0.0,0.0,0.0
2025-08-18 12:00:00,0.246489,12324.45,7310.0,0.0,5014.450000000001,0.0,0.0,10000.0,0.0,0.0,0.0
2025-08-18 13:00:00,0.225245,11262.25,7310.0,0.0,3952.25,0.0,0.0,10000.0,0.0,0.0,0.0
2025-08-18 14:00:00,0.20921199999999998,10460.599999999999,7310.0,0.0,3150.5999999999985,0.0,0.0,10000.0,0.0,0.0,0.0
2025-08-18 15:00:00,0.208787,10439.35,7310.0,0.0,3129.3500000000004,0.0,0.0,10000.0,0.0,0.0,0.0
2025-08-18 16:00:00,0.232845,11642.25,7310.0,0.0,4332.25,0.0,0.0,10000.0,0.0,0.0,0.0
2025-08-18 17:00:00,0.274989,13749.449999999999,7310.0,0.0,6439.449999999999,0.0,0.0,10000.0,0.0,0.0,0.0
2025-08-18 18:00:00,0.311635,15581.75,7310.0,0.0,8271.75,0.0,0.0,10000.0,0.0,0.0,0.0
2025-08-18 19:00:00,0.351017,17550.850000000002,7310.0,0.0,10240.850000000002,0.0,0.0,10000.0,0.0,0.0,0.0
2025-08-18 20:00:00,0.326087,16304.35,7310.0,0.0,8994.35,0.0,0.0,10000.0,0.0,0.0,0.0
2025-08-18 21:00:00,0.27798700000000004,13899.350000000002,7310.0,0.0,6589.350000000002,0.0,0.0,10000.0,0.0,0.0,0.0
2025-08-18 22:00:00,0.250983,12549.150000000001,7310.0,0.0,5239.1500000000015,0.0,0.0,10000.0,0.0,0.0,0.0
2025-08-18 23:00:00,0.260295,13014.75,7310.0,0.0,5704.75,0.0,0.0,10000.0,0.0,0.0,0.0
2025-08-19 00:00:00,0.288225,14411.25,7310.0,0.0,7101.25,0.0,0.0,10000.0,0.0,0.0,0.0
2025-08-19 01:00:00,0.308301,15415.05,7310.0,0.0,8105.049999999999,0.0,0.0,10000.0,0.0,0.0,0.0
2025-08-19 02:00:00,0.328569,16428.45,7310.0,0.0,9118.45,0.0,0.0,10000.0,0.0,0.0,0.0
2025-08-19 03:00:00,0.35404,17702.0,7310.0,0.0,10392.0,0.0,0.0,10000.0,0.0,0.0,0.0
2025-08-19 04:00:00,0.3373,16865.0,7310.0,0.0,9555.0,0.0,0.0,10000.0,0.0,0.0,0.0
2025-08-19 05:00:00,0.320046,16002.3,7310.0,0.0,8692.3,0.0,0.0,10000.0,0.0,0.0,0.0
2025-08-19 06:00:00,0.30168700000000004,15084.350000000002,7310.0,0.0,7774.350000000002,0.0,0.0,10000.0,0.0,0.0,0.0
2025-08-19 07:00:00,0.413506,20675.3,7310.0,0.0,13365.3,0.0,0.0,10000.0,0.0,0.0,0.0
2025-08-19 08:00:00,0.414273,20713.65,7310.0,0.0,13403.650000000001,0.0,0.0,10000.0,0.0,0.0,0.0
2025-08-19 09:00:00,0.318744,15937.2,7310.0,0.0,8627.2,0.0,0.0,10000.0,0.0,0.0,0.0
2025-08-19 10:00:00,0.249645,12482.25,7310.0,0.0,5172.25,0.0,0.0,10000.0,0.0,0.0,0.0
2025-08-19 11:00:00,0.216929,10846.45,7310.0,0.0,3536.4500000000007,0.0,0.0,10000.0,0.0,0.0,0.0
2025-08-19 12:00:00,0.209115,10455.75,7310.0,0.0,3145.75,0.0,0.0,10000.0,0.0,0.0,0.0
2025-08-19 13:00:00,0.222965,11148.25,7310.0,0.0,3838.25,0.0,0.0,10000.0,0.0,0.0,0.0
2025-08-19 14:00:00,0.247836,12391.8,7310.0,0.0,5081.799999999999,0.0,0.0,10000.0,0.0,0.0,0.0
2025-08-19 15:00:00,0.292625,14631.250000000002,7310.0,0.0,7321.250000000002,0.0,0.0,10000.0,0.0,0.0,0.0
2025-08-19 16:00:00,0.34960800000000003,17480.4,7310.0,0.0,10170.400000000001,0.0,0.0,10000.0,0.0,0.0,0.0
2025-08-19 17:00:00,0.42095800000000005,21047.9,7310.0,0.0,13737.900000000001,0.0,0.0,10000.0,0.0,0.0,0.0
2025-08-19 18:00:00,0.463567,23178.35,7310.0,0.0,15868.349999999999,0.0,0.0,10000.0,0.0,0.0,0.0
2025-08-19 19:00:00,0.466307,23315.350000000002,7310.0,0.0,16005.350000000002,0.0,0.0,10000.0,0.0,0.0,0.0
2025-08-19 20:00:00,0.45939800000000003,22969.9,7310.0,0.0,15659.900000000001,0.0,0.0,10000.0,0.0,0.0,0.0
2025-08-19 21:00:00,0.430247,21512.35,7310.0,0.0,14202.349999999999,0.0,0.0,10000.0,0.0,0.0,0.0
2025-08-19 22:00:00,0.37926,18963.0,7310.0,0.0,11653.0,0.0,0.0,10000.0,0.0,0.0,0.0
2025-08-19 23:00:00,0.358777,17938.850000000002,7310.0,0.0,10628.850000000002,0.0,0.0,10000.0,0.0,0.0,0.0
2025-08-20 00:00:00,0.3316,16580.0,7310.0,0.0,9270.0,0.0,0.0,10000.0,0.0,0.0,0.0
2025-08-20 01:00:00,0.331567,16578.35,7310.0,0.0,9268.349999999999,0.0,0.0,10000.0,0.0,0.0,0.0
2025-08-20 02:00:00,0.327716,16385.8,7310.0,0.0,9075.8,0.0,0.0,10000.0,0.0,0.0,0.0
2025-08-20 03:00:00,0.360487,18024.35,7310.0,0.0,10714.349999999999,0.0,0.0,10000.0,0.0,0.0,0.0
2025-08-20 04:00:00,0.40613099999999996,20306.55,7310.0,0.0,12996.55,0.0,0.0,10000.0,0.0,0.0,0.0
2025-08-20 05:00:00,0.412728,20636.399999999998,7310.0,0.0,13326.399999999998,0.0,0.0,10000.0,0.0,0.0,0.0
2025-08-20 06:00:00,0.468143,23407.149999999998,7310.0,0.0,16097.149999999998,0.0,0.0,10000.0,0.0,0.0,0.0
2025-08-20 07:00:00,0.537574,26878.7,7310.0,0.0,19568.7,0.0,0.0,10000.0,0.0,0.0,0.0
2025-08-20 08:00:00,0.513054,25652.7,7310.0,0.0,18342.7,0.0,0.0,10000.0,0.0,0.0,0.0
2025-08-20 09:00:00,0.480861,24043.05,7310.0,0.0,16733.05,0.0,0.0,10000.0,0.0,0.0,0.0
2025-08-20 10:00:00,0.461814,23090.7,7310.0,0.0,15780.7,0.0,0.0,10000.0,0.0,0.0,0.0
2025-08-20 11:00:00,0.45391000000000004,22695.5,7310.0,0.0,15385.5,0.0,0.0,10000.0,0.0,0.0,0.0
2025-08-20 12:00:00,0.45939800000000003,22969.9,7310.0,0.0,15659.900000000001,0.0,0.0,10000.0,0.0,0.0,0.0
2025-08-20 13:00:00,0.467134,23356.7,7310.0,0.0,16046.7,0.0,0.0,10000.0,0.0,0.0,0.0
2025-08-20 14:00:00,0.473678,23683.899999999998,7310.0,0.0,16373.899999999998,0.0,0.0,10000.0,0.0,0.0,0.0
2025-08-20 15:00:00,0.483367,24168.35,7310.0,0.0,16858.35,0.0,0.0,10000.0,0.0,0.0,0.0
2025-08-20 16:00:00,0.489568,24478.4,7310.0,0.0,17168.4,0.0,0.0,10000.0,0.0,0.0,0.0
2025-08-20 17:00:00,0.489937,24496.850000000002,7310.0,0.0,17186.850000000002,0.0,0.0,10000.0,0.0,0.0,0.0
2025-08-20 18:00:00,0.466306,23315.3,7310.0,0.0,16005.3,0.0,0.0,10000.0,0.0,0.0,0.0
2025-08-20 19:00:00,0.44701,22350.5,7310.0,0.0,15040.5,0.0,0.0,10000.0,0.0,0.0,0.0
2025-08-20 20:00:00,0.433267,21663.350000000002,7310.0,0.0,14353.350000000002,0.0,0.0,10000.0,0.0,0.0,0.0
2025-08-20 21:00:00,0.414127,20706.350000000002,7310.0,0.0,13396.350000000002,0.0,0.0,10000.0,0.0,0.0,0.0
2025-08-20 22:00:00,0.388327,19416.35,7310.0,0.0,12106.349999999999,0.0,0.0,10000.0,0.0,0.0,0.0
2025-08-20 23:00:00,0.36694299999999996,18347.149999999998,7310.0,0.0,11037.149999999998,0.0,0.0,10000.0,0.0,0.0,0.0
2025-08-21 00:00:00,0.34462400000000004,17231.2,7310.0,0.0,9921.2,0.0,0.0,10000.0,0.0,0.0,0.0
2025-08-21 01:00:00,0.34062200000000004,17031.100000000002,7310.0,0.0,9721.100000000002,0.0,0.0,10000.0,0.0,0.0,0.0
2025-08-21 02:00:00,0.344942,17247.100000000002,7310.0,0.0,9937.100000000002,0.0,0.0,10000.0,0.0,0.0,0.0
2025-08-21 03:00:00,0.350982,17549.100000000002,7310.0,0.0,10239.100000000002,0.0,0.0,10000.0,0.0,0.0,0.0
2025-08-21 04:00:00,0.36164100000000005,18082.050000000003,7310.0,0.0,10772.050000000003,0.0,0.0,10000.0,0.0,0.0,0.0
2025-08-21 05:00:00,0.36915499999999996,18457.749999999996,7310.0,0.0,11147.749999999996,0.0,0.0,10000.0,0.0,0.0,0.0
2025-08-21 06:00:00,0.380693,19034.65,7310.0,0.0,11724.650000000001,0.0,0.0,10000.0,0.0,0.0,0.0
2025-08-21 07:00:00,0.427451,21372.550000000003,7310.0,0.0,14062.550000000003,0.0,0.0,10000.0,0.0,0.0,0.0
2025-08-21 08:00:00,0.395065,19753.25,7310.0,0.0,12443.25,0.0,0.0,10000.0,0.0,0.0,0.0
2025-08-21 09:00:00,0.35241300000000003,17620.65,7310.0,0.0,10310.650000000001,0.0,0.0,10000.0,0.0,0.0,0.0
2025-08-21 10:00:00,0.331582,16579.1,7310.0,0.0,9269.099999999999,0.0,0.0,10000.0,0.0,0.0,0.0
2025-08-21 11:00:00,0.31676499999999996,15838.249999999998,7310.0,0.0,8528.249999999998,0.0,0.0,10000.0,0.0,0.0,0.0
2025-08-21 12:00:00,0.304541,15227.050000000001,7310.0,0.0,7917.050000000001,0.0,0.0,10000.0,0.0,0.0,0.0
2025-08-21 13:00:00,0.290365,14518.25,7310.0,0.0,7208.25,0.0,0.0,10000.0,0.0,0.0,0.0
2025-08-21 14:00:00,0.273914,13695.699999999999,7310.0,0.0,6385.699999999999,0.0,0.0,10000.0,0.0,0.0,0.0
2025-08-21 15:00:00,0.264817,13240.85,7310.0,0.0,5930.85,0.0,0.0,10000.0,0.0,0.0,0.0
2025-08-21 16:00:00,0.264854,13242.699999999999,7310.0,0.0,5932.699999999999,0.0,0.0,10000.0,0.0,0.0,0.0
2025-08-21 17:00:00,0.26963400000000004,13481.700000000003,7310.0,0.0,6171.700000000003,0.0,0.0,10000.0,0.0,0.0,0.0
2025-08-21 18:00:00,0.275678,13783.9,7310.0,0.0,6473.9,0.0,0.0,10000.0,0.0,0.0,0.0
2025-08-21 19:00:00,0.310134,15506.7,7310.0,0.0,8196.7,0.0,0.0,10000.0,0.0,0.0,0.0
2025-08-21 20:00:00,0.291337,14566.85,7310.0,0.0,7256.85,0.0,0.0,10000.0,0.0,0.0,0.0
2025-08-21 21:00:00,0.25097200000000003,12548.600000000002,7310.0,0.0,5238.600000000002,0.0,0.0,10000.0,0.0,0.0,0.0
2025-08-21 22:00:00,0.21271500000000002,10635.75,7310.0,0.0,3325.75,0.0,0.0,10000.0,0.0,0.0,0.0
2025-08-21 23:00:00,0.176172,8808.6,7310.0,0.0,1498.6000000000004,0.0,0.0,10000.0,0.0,0.0,0.0
2025-08-22 00:00:00,0.137942,6897.1,6897.1,0.0,0.0,0.0,26.080502787120796,9973.919497212879,412.89999999999964,0.0,0.0
2025-08-22 01:00:00,0.102577,5128.85,5128.85,0.0,0.0,0.0,137.77061916717986,9836.148878045698,2181.1499999999996,0.0,0.0
2025-08-22 02:00:00,0.068825,3441.25,3441.25,0.0,0.0,0.0,244.36654191734965,9591.782336128348,3868.75,0.0,0.0
2025-08-22 03:00:00,0.041292999999999996,2064.6499999999996,2064.6499999999996,0.0,0.0,0.0,331.31839499739453,9260.463941130954,5245.35,0.0,0.0
2025-08-22 04:00:00,0.029937000000000002,1496.8500000000001,1496.8500000000001,0.0,0.0,0.0,367.183034092883,8893.280907038072,5813.15,0.0,0.0
2025-08-22 05:00:00,0.027599,1379.9499999999998,1379.9499999999998,0.0,0.0,0.0,374.5669303772483,8518.713976660823,5930.05,0.0,0.0
2025-08-22 06:00:00,0.019184999999999997,959.2499999999999,959.2499999999999,0.0,0.0,0.0,401.1401140114012,8117.573862649422,6350.75,0.0,0.0
2025-08-22 07:00:00,0.025155999999999998,1257.8,1257.8,0.0,0.0,0.0,382.28243877019287,7735.291423879229,6052.2,0.0,0.0
2025-08-22 08:00:00,0.042949,2147.4500000000003,2147.4500000000003,0.0,0.0,0.0,326.08839831351554,7409.203025565714,5162.549999999999,0.0,0.0
2025-08-22 09:00:00,0.054244,2712.2,2712.2,0.0,0.0,0.0,290.4164100620589,7118.7866155036545,4597.8,0.0,0.0
2025-08-22 10:00:00,0.061748,3087.4,3087.4,0.0,0.0,0.0,266.71719803559307,6852.069417468061,4222.6,0.0,0.0
2025-08-22 11:00:00,0.06794700000000001,3397.3500000000004,3397.3500000000004,0.0,0.0,0.0,247.139450787184,6604.929966680877,3912.6499999999996,0.0,0.0
2025-08-22 12:00:00,0.071446,3572.2999999999997,3572.2999999999997,0.0,0.0,0.0,236.0888720450993,6368.841094635778,3737.7000000000003,0.0,0.0
2025-08-22 13:00:00,0.080921,4046.05,4046.05,0.0,0.0,0.0,206.1648270090167,6162.676267626762,3263.95,0.0,0.0
2025-08-22 14:00:00,0.091143,4557.15,4557.15,0.0,0.0,0.0,173.88159868618445,5988.794668940577,2752.8500000000004,0.0,0.0
2025-08-22 15:00:00,0.09576000000000001,4788.000000000001,4788.000000000001,0.0,0.0,0.0,159.3001405403698,5829.494528400207,2521.999999999999,0.0,0.0
2025-08-22 16:00:00,0.095953,4797.65,4797.65,0.0,0.0,0.0,158.69060590269558,5670.803922497511,2512.3500000000004,0.0,0.0
2025-08-22 17:00:00,0.089926,4496.3,4496.3,0.0,0.0,0.0,177.72514093514616,5493.078781562364,2813.7,0.0,0.0
2025-08-22 18:00:00,0.072785,3639.25,3639.25,0.0,0.0,0.0,231.860028108074,5261.21875345429,3670.75,0.0,0.0
2025-08-22 19:00:00,0.055420000000000004,2771.0,2771.0,0.0,0.0,0.0,286.70235444597097,4974.516399008319,4539.0,0.0,0.0
2025-08-22 20:00:00,0.054382,2719.1,2719.1,0.0,0.0,0.0,289.98057700506894,4684.53582200325,4590.9,0.0,0.0
2025-08-22 21:00:00,0.08040800000000001,4020.4000000000005,4020.4000000000005,0.0,0.0,0.0,207.7849890252183,4476.750832978032,3289.5999999999995,0.0,0.0
2025-08-22 22:00:00,0.129287,6464.35,6464.35,0.0,0.0,0.0,53.414815165727084,4423.336017812305,845.6499999999996,0.0,0.0
2025-08-22 23:00:00,0.19172999999999998,9586.5,7310.0,2276.5,0.0,42.157407407407405,0.0,4465.493425219713,0.0,0.0,0.0
2025-08-23 00:00:00,0.232963,11648.15,7310.0,4338.15,0.0,80.33611111111111,0.0,4545.829536330823,0.0,0.0,0.0
2025-08-23 01:00:00,0.22742199999999999,11371.099999999999,7310.0,4061.099999999999,-4.547473508864641e-13,75.20555555555553,0.0,4621.035091886379,0.0,0.0,0.0
2025-08-23 02:00:00,0.194165,9708.25,7310.0,2398.25,0.0,44.41203703703704,0.0,4665.447128923416,0.0,0.0,0.0
2025-08-23 03:00:00,0.171098,8554.9,7310.0,1244.8999999999996,0.0,23.053703703703697,0.0,4688.50083262712,0.0,0.0,0.0
2025-08-23 04:00:00,0.15875299999999998,7937.649999999999,7310.0,627.6499999999987,0.0,11.623148148148125,0.0,4700.123980775268,0.0,0.0,0.0
2025-08-23 05:00:00,0.133415,6670.75,6670.75,0.0,0.0,0.0,40.377721982724594,4659.746258792544,639.25,0.0,0.0
2025-08-23 06:00:00,0.070009,3500.4500000000003,3500.4500000000003,0.0,0.0,0.0,240.62722061679852,4419.119038175745,3809.5499999999997,0.0,0.0
2025-08-23 07:00:00,0.055977,2798.85,2798.85,0.0,0.0,0.0,284.9432311652218,4134.175807010523,4511.15,0.0,0.0
2025-08-23 08:00:00,0.043033,2151.65,2151.65,0.0,0.0,0.0,325.8231086266522,3808.352698383871,5158.35,0.0,0.0
2025-08-23 09:00:00,0.02836,1418.0,1418.0,0.0,0.0,0.0,372.163532142688,3436.189166241183,5892.0,0.0,0.0
2025-08-23 10:00:00,0.016780999999999997,839.0499999999998,839.0499999999998,0.0,0.0,0.0,408.73245219258774,3027.456714048595,6470.95,0.0,0.0
2025-08-23 11:00:00,0.00924,462.0,462.0,0.0,0.0,0.0,432.5485180096958,2594.9081960388994,6848.0,0.0,0.0
2025-08-23 12:00:00,0.003196,159.8,159.8,0.0,0.0,0.0,451.6367426216306,2143.2714534172687,7150.2,0.0,0.0
2025-08-23 13:00:00,0.0009649999999999999,48.25,48.25,0.0,0.0,0.0,458.68271037630086,1684.588743040968,7261.75,0.0,0.0
2025-08-23 14:00:00,0.00074,37.0,37.0,0.0,0.0,0.0,459.3933077518279,1225.19543528914,7273.0,0.0,0.0
2025-08-23 15:00:00,0.001965,98.25000000000001,98.25000000000001,0.0,0.0,0.0,455.52449981840294,769.670935470737,7211.75,0.0,0.0
2025-08-23 16:00:00,0.017859000000000003,892.9500000000002,892.9500000000002,0.0,0.0,0.0,405.3279012111738,364.34303425956324,6417.05,0.0,0.0
2025-08-23 17:00:00,0.051293,2564.65,2564.65,0.0,0.0,0.0,299.7362894184156,64.60674484114764,4745.35,0.0,0.0
2025-08-23 18:00:00,0.164678,8233.9,7310.0,923.8999999999997,-1.1368683772161603e-13,17.109259259259254,0.0,81.7160041004069,0.0,0.0,0.0
2025-08-23 19:00:00,0.310592,15529.599999999999,7310.0,8219.599999999999,0.0,152.2148148148148,0.0,233.9308189152217,0.0,0.0,0.0
2025-08-23 20:00:00,0.33675299999999997,16837.649999999998,7310.0,9527.649999999998,0.0,176.43796296296293,0.0,410.3687818781846,0.0,0.0,0.0
2025-08-23 21:00:00,0.299993,14999.65,7310.0,7689.65,0.0,142.40092592592592,0.0,552.7697078041106,0.0,0.0,0.0
2025-08-23 22:00:00,0.26483,13241.5,7310.0,5931.5,0.0,109.8425925925926,0.0,662.6123003967032,0.0,0.0,0.0
2025-08-23 23:00:00,0.242627,12131.35,7310.0,4821.35,0.0,89.28425925925927,0.0,751.8965596559624,0.0,0.0,0.0
2025-08-24 00:00:00,0.225208,11260.4,7310.0,3950.3999999999996,0.0,73.15555555555555,0.0,825.052115211518,0.0,0.0,0.0
2025-08-24 01:00:00,0.20716800000000002,10358.400000000001,7310.0,3048.4000000000015,0.0,56.45185185185188,0.0,881.5039670633698,0.0,0.0,0.0
2025-08-24 02:00:00,0.192416,9620.800000000001,7310.0,2310.800000000001,0.0,42.79259259259261,0.0,924.2965596559625,0.0,0.0,0.0
2025-08-24 03:00:00,0.185162,9258.1,7310.0,1948.1000000000001,2.2737367544323206e-13,36.07592592592593,0.0,960.3724855818884,0.0,0.0,0.0
2025-08-24 04:00:00,0.178864,8943.199999999999,7310.0,1633.199999999999,0.0,30.244444444444426,0.0,990.6169300263329,0.0,0.0,0.0
2025-08-24 05:00:00,0.16825,8412.5,7310.0,1102.5,0.0,20.416666666666668,0.0,1011.0335966929995,0.0,0.0,0.0
2025-08-24 06:00:00,0.112834,5641.7,5641.7,0.0,0.0,0.0,105.37685347482119,905.6567432181782,1668.3000000000002,0.0,0.0
2025-08-24 07:00:00,0.103901,5195.049999999999,5195.049999999999,0.0,0.0,0.0,133.5891483885231,772.0675948296551,2114.9500000000007,0.0,0.0
2025-08-24 08:00:00,0.08408,4204.0,4204.0,0.0,0.0,0.0,196.18803985661725,575.8795549730379,3106.0,0.0,0.0
2025-08-24 09:00:00,0.066188,3309.3999999999996,3309.3999999999996,0.0,0.0,0.0,252.69474315852642,323.1848118145115,4000.6000000000004,0.0,0.0
2025-08-24 10:00:00,0.058527,2926.35,2926.35,0.0,0.0,0.0,276.8897942425822,46.29501757192929,4383.65,0.0,0.0
2025-08-24 11:00:00,0.062698,3134.9,3134.9,0.0,0.0,0.0,46.29501757192929,0.0,732.9311444443915,3442.168855555609,0.0
2025-08-24 12:00:00,0.07549800000000001,3774.9000000000005,3774.9000000000005,0.0,0.0,0.0,0.0,0.0,0.0,3535.0999999999995,0.0
2025-08-24 13:00:00,0.092791,4639.55,4639.55,0.0,0.0,0.0,0.0,0.0,0.0,2670.45,0.0
2025-08-24 14:00:00,0.10946800000000001,5473.400000000001,5473.400000000001,0.0,0.0,0.0,0.0,0.0,0.0,1836.5999999999995,0.0
2025-08-24 15:00:00,0.120803,6040.15,6040.15,0.0,0.0,0.0,0.0,0.0,0.0,1269.8500000000004,0.0
2025-08-24 16:00:00,0.133001,6650.05,6650.05,0.0,0.0,0.0,0.0,0.0,0.0,659.9499999999998,0.0
2025-08-24 17:00:00,0.165519,8275.95,7310.0,965.9500000000007,0.0,17.887962962962977,0.0,17.887962962962977,0.0,0.0,0.0
2025-08-24 18:00:00,0.253202,12660.099999999999,7310.0,5350.0999999999985,0.0,99.0759259259259,0.0,116.96388888888887,0.0,0.0,0.0
2025-08-24 19:00:00,0.344703,17235.149999999998,7310.0,9925.149999999998,0.0,183.79907407407404,0.0,300.7629629629629,0.0,0.0,0.0
2025-08-24 20:00:00,0.339877,16993.85,7310.0,9683.849999999999,0.0,179.33055555555552,0.0,480.0935185185184,0.0,0.0,0.0
2025-08-24 21:00:00,0.293604,14680.199999999999,7310.0,7370.199999999999,0.0,136.48518518518517,0.0,616.5787037037036,0.0,0.0,0.0
2025-08-24 22:00:00,0.245292,12264.6,7310.0,4954.6,0.0,91.75185185185185,0.0,708.3305555555554,0.0,0.0,0.0
2025-08-24 23:00:00,0.218358,10917.9,7310.0,3607.8999999999996,0.0,66.81296296296296,0.0,775.1435185185184,0.0,0.0,0.0
2025-08-25 00:00:00,0.208508,10425.4,7310.0,3115.3999999999996,0.0,57.69259259259258,0.0,832.836111111111,0.0,0.0,0.0
2025-08-25 01:00:00,0.21240799999999999,10620.4,7310.0,3310.3999999999996,0.0,61.3037037037037,0.0,894.1398148148147,0.0,0.0,0.0
2025-08-25 02:00:00,0.222304,11115.2,7310.0,3805.2000000000007,0.0,70.46666666666668,0.0,964.6064814814814,0.0,0.0,0.0
2025-08-25 03:00:00,0.231412,11570.6,7310.0,4260.6,0.0,78.9,0.0,1043.5064814814814,0.0,0.0,0.0
2025-08-25 04:00:00,0.248705,12435.25,7310.0,5125.25,0.0,94.91203703703704,0.0,1138.4185185185183,0.0,0.0,0.0
2025-08-25 05:00:00,0.26625400000000005,13312.700000000003,7310.0,6002.700000000003,0.0,111.16111111111115,0.0,1249.5796296296294,0.0,0.0,0.0
2025-08-25 06:00:00,0.176542,8827.1,7310.0,1517.1000000000004,0.0,28.094444444444452,0.0,1277.6740740740738,0.0,0.0,0.0
2025-08-25 07:00:00,0.162583,8129.150000000001,7310.0,819.1500000000005,0.0,15.169444444444455,0.0,1292.8435185185183,0.0,0.0,0.0
2025-08-25 08:00:00,0.255813,12790.650000000001,7310.0,5480.6500000000015,0.0,101.49351851851854,0.0,1394.337037037037,0.0,0.0,0.0
2025-08-25 09:00:00,0.25096799999999997,12548.399999999998,7310.0,5238.399999999998,0.0,97.00740740740737,0.0,1491.3444444444442,0.0,0.0,0.0
2025-08-25 10:00:00,0.231295,11564.75,7310.0,4254.75,0.0,78.79166666666667,0.0,1570.136111111111,0.0,0.0,0.0
2025-08-25 11:00:00,0.216772,10838.6,7310.0,3528.6000000000004,0.0,65.34444444444445,0.0,1635.4805555555554,0.0,0.0,0.0
2025-08-25 12:00:00,0.21901099999999998,10950.55,7310.0,3640.5499999999997,-4.547473508864641e-13,67.41759259259258,0.0,1702.898148148148,0.0,0.0,0.0
2025-08-25 13:00:00,0.240757,12037.85,7310.0,4727.85,0.0,87.55277777777779,0.0,1790.4509259259257,0.0,0.0,0.0
2025-08-25 14:00:00,0.268699,13434.95,7310.0,6124.950000000001,0.0,113.42500000000001,0.0,1903.8759259259257,0.0,0.0,0.0
2025-08-25 15:00:00,0.293769,14688.45,7310.0,7378.450000000001,0.0,136.63796296296297,0.0,2040.5138888888887,0.0,0.0,0.0
2025-08-25 16:00:00,0.315784,15789.2,7310.0,8479.2,0.0,157.02222222222224,0.0,2197.536111111111,0.0,0.0,0.0
2025-08-25 17:00:00,0.32847000000000004,16423.500000000004,7310.0,9113.500000000004,0.0,168.7685185185186,0.0,2366.3046296296297,0.0,0.0,0.0
2025-08-25 18:00:00,0.376249,18812.45,7310.0,11502.45,0.0,213.00833333333335,0.0,2579.312962962963,0.0,0.0,0.0
2025-08-25 19:00:00,0.423958,21197.9,7310.0,13887.9,1.8189894035458565e-12,257.18333333333334,0.0,2836.4962962962964,0.0,0.0,0.0
2025-08-25 20:00:00,0.40731,20365.5,7310.0,13055.5,0.0,241.7685185185185,0.0,3078.264814814815,0.0,0.0,0.0
2025-08-25 21:00:00,0.38080200000000003,19040.100000000002,7310.0,11730.100000000002,0.0,217.2240740740741,0.0,3295.488888888889,0.0,0.0,0.0
2025-08-25 22:00:00,0.361468,18073.4,7310.0,10763.400000000001,0.0,199.32222222222225,0.0,3494.811111111111,0.0,0.0,0.0
2025-08-25 23:00:00,0.33417899999999995,16708.949999999997,7310.0,9398.949999999997,0.0,174.05462962962957,0.0,3668.865740740741,0.0,0.0,0.0
2025-08-26 00:00:00,0.309224,15461.2,7310.0,8151.200000000001,0.0,150.94814814814816,0.0,3819.813888888889,0.0,0.0,0.0
2025-08-26 01:00:00,0.285481,14274.05,7310.0,6964.049999999999,0.0,128.96388888888887,0.0,3948.777777777778,0.0,0.0,0.0
2025-08-26 02:00:00,0.269463,13473.15,7310.0,6163.15,0.0,114.1324074074074,0.0,4062.910185185185,0.0,0.0,0.0
2025-08-26 03:00:00,0.25904000000000005,12952.000000000002,7310.0,5642.000000000002,0.0,104.48148148148151,0.0,4167.391666666666,0.0,0.0,0.0
2025-08-26 04:00:00,0.259197,12959.85,7310.0,5649.85,0.0,104.62685185185185,0.0,4272.018518518518,0.0,0.0,0.0
2025-08-26 05:00:00,0.255392,12769.6,7310.0,5459.6,0.0,101.10370370370372,0.0,4373.122222222222,0.0,0.0,0.0
2025-08-26 06:00:00,0.19439099999999998,9719.55,7310.0,2409.5499999999993,0.0,44.621296296296286,0.0,4417.743518518519,0.0,0.0,0.0
2025-08-26 07:00:00,0.176077,8803.85,7310.0,1493.8500000000004,0.0,27.663888888888895,0.0,4445.407407407408,0.0,0.0,0.0
2025-08-26 08:00:00,0.196344,9817.199999999999,7310.0,2507.199999999999,0.0,46.42962962962961,0.0,4491.837037037038,0.0,0.0,0.0
2025-08-26 09:00:00,0.28245600000000004,14122.800000000003,7310.0,6812.800000000003,0.0,126.16296296296302,0.0,4618.000000000001,0.0,0.0,0.0
2025-08-26 10:00:00,0.35774900000000004,17887.45,7310.0,10577.45,0.0,195.8787037037037,0.0,4813.878703703705,0.0,0.0,0.0
2025-08-26 11:00:00,0.41275599999999996,20637.8,7310.0,13327.8,0.0,246.8111111111111,0.0,5060.689814814816,0.0,0.0,0.0
2025-08-26 12:00:00,0.497967,24898.35,7310.0,17588.35,0.0,325.71018518518514,0.0,5386.400000000001,0.0,0.0,0.0
2025-08-26 13:00:00,0.549727,27486.35,7310.0,20176.35,0.0,373.63611111111106,0.0,5760.0361111111115,0.0,0.0,0.0
2025-08-26 14:00:00,0.558998,27949.9,7310.0,20639.9,0.0,382.2203703703704,0.0,6142.256481481482,0.0,0.0,0.0
2025-08-26 15:00:00,0.549097,27454.85,7310.0,20144.85,0.0,373.05277777777775,0.0,6515.30925925926,0.0,0.0,0.0
2025-08-26 16:00:00,0.522621,26131.05,7310.0,18821.05,0.0,348.5379629629629,0.0,6863.8472222222235,0.0,0.0,0.0
2025-08-26 17:00:00,0.492734,24636.7,7310.0,17326.7,0.0,320.86481481481485,0.0,7184.7120370370385,0.0,0.0,0.0
2025-08-26 18:00:00,0.451459,22572.95,7310.0,15262.95,0.0,282.64722222222224,0.0,7467.35925925926,0.0,0.0,0.0
2025-08-26 19:00:00,0.43189,21594.5,7310.0,14284.5,0.0,264.52777777777777,0.0,7731.887037037038,0.0,0.0,0.0
2025-08-26 20:00:00,0.37074900000000005,18537.45,7310.0,11227.45,0.0,207.91574074074074,0.0,7939.802777777779,0.0,0.0,0.0
2025-08-26 21:00:00,0.330573,16528.65,7310.0,9218.650000000001,0.0,170.71574074074076,0.0,8110.518518518519,0.0,0.0,0.0
2025-08-26 22:00:00,0.297392,14869.6,7310.0,7559.599999999999,9.094947017729282e-13,139.9925925925926,0.0,8250.511111111111,0.0,0.0,0.0
2025-08-26 23:00:00,0.278082,13904.1,7310.0,6594.1,0.0,122.11296296296297,0.0,8372.624074074074,0.0,0.0,0.0
2025-08-27 00:00:00,0.27734699999999995,13867.349999999999,7310.0,6557.3499999999985,0.0,121.43240740740738,0.0,8494.05648148148,0.0,0.0,0.0
2025-08-27 01:00:00,0.279419,13970.949999999999,7310.0,6660.949999999999,0.0,123.3509259259259,0.0,8617.407407407407,0.0,0.0,0.0
2025-08-27 02:00:00,0.28078699999999995,14039.349999999999,7310.0,6729.3499999999985,0.0,124.61759259259257,0.0,8742.025,0.0,0.0,0.0
2025-08-27 03:00:00,0.285489,14274.449999999999,7310.0,6964.45,-9.094947017729282e-13,128.9712962962963,0.0,8870.996296296296,0.0,0.0,0.0
2025-08-27 04:00:00,0.310388,15519.4,7310.0,8209.4,0.0,152.02592592592592,0.0,9023.022222222222,0.0,0.0,0.0
2025-08-27 05:00:00,0.329728,16486.4,7310.0,9176.400000000001,0.0,169.93333333333337,0.0,9192.955555555554,0.0,0.0,0.0
2025-08-27 06:00:00,0.245886,12294.3,7310.0,4984.299999999999,0.0,92.30185185185184,0.0,9285.257407407405,0.0,0.0,0.0
2025-08-27 07:00:00,0.382595,19129.75,7310.0,11819.75,0.0,218.88425925925927,0.0,9504.141666666665,0.0,0.0,0.0
2025-08-27 08:00:00,0.483921,24196.05,7310.0,16886.05,0.0,312.7046296296296,0.0,9816.846296296295,0.0,0.0,0.0
2025-08-27 09:00:00,0.5452870000000001,27264.350000000002,7310.0,9890.300000000076,10064.049999999927,183.1537037037051,0.0,10000.0,0.0,0.0,0.0
2025-08-27 10:00:00,0.598117,29905.850000000002,7310.0,0.0,22595.850000000002,0.0,0.0,10000.0,0.0,0.0,0.0
2025-08-27 11:00:00,0.644087,32204.35,7310.0,0.0,24894.35,0.0,0.0,10000.0,0.0,0.0,0.0
2025-08-27 12:00:00,0.6873360000000001,34366.8,7310.0,0.0,27056.800000000003,0.0,0.0,10000.0,0.0,0.0,0.0
2025-08-27 13:00:00,0.7178819999999999,35894.1,7310.0,0.0,28584.1,0.0,0.0,10000.0,0.0,0.0,0.0
2025-08-27 14:00:00,0.736722,36836.1,7310.0,0.0,29526.1,0.0,0.0,10000.0,0.0,0.0,0.0
2025-08-27 15:00:00,0.7330420000000001,36652.100000000006,7310.0,0.0,29342.100000000006,0.0,0.0,10000.0,0.0,0.0,0.0
2025-08-27 16:00:00,0.6924750000000001,34623.75,7310.0,0.0,27313.75,0.0,0.0,10000.0,0.0,0.0,0.0
2025-08-27 17:00:00,0.5711040000000001,28555.200000000004,7310.0,0.0,21245.200000000004,0.0,0.0,10000.0,0.0,0.0,0.0
2025-08-27 18:00:00,0.44856999999999997,22428.5,7310.0,0.0,15118.5,0.0,0.0,10000.0,0.0,0.0,0.0
2025-08-27 19:00:00,0.382538,19126.899999999998,7310.0,0.0,11816.899999999998,0.0,0.0,10000.0,0.0,0.0,0.0
2025-08-27 20:00:00,0.334159,16707.95,7310.0,0.0,9397.95,0.0,0.0,10000.0,0.0,0.0,0.0
2025-08-27 21:00:00,0.29132100000000005,14566.050000000003,7310.0,0.0,7256.050000000003,0.0,0.0,10000.0,0.0,0.0,0.0
2025-08-27 22:00:00,0.254651,12732.550000000001,7310.0,0.0,5422.550000000001,0.0,0.0,10000.0,0.0,0.0,0.0
2025-08-27 23:00:00,0.22193100000000002,11096.550000000001,7310.0,0.0,3786.550000000001,0.0,0.0,10000.0,0.0,0.0,0.0
2025-08-28 00:00:00,0.20328800000000002,10164.400000000001,7310.0,0.0,2854.4000000000015,0.0,0.0,10000.0,0.0,0.0,0.0
2025-08-28 01:00:00,0.177344,8867.2,7310.0,0.0,1557.2000000000007,0.0,0.0,10000.0,0.0,0.0,0.0
2025-08-28 02:00:00,0.134963,6748.15,6748.15,0.0,0.0,0.0,35.488812039098676,9964.511187960901,561.8500000000004,0.0,0.0
2025-08-28 03:00:00,0.130879,6543.95,6543.95,0.0,0.0,0.0,48.38694395755367,9916.124244003347,766.0500000000002,0.0,0.0
2025-08-28 04:00:00,0.154685,7734.249999999999,7310.0,424.2499999999991,0.0,7.856481481481465,0.0,9923.98072548483,0.0,0.0,0.0
2025-08-28 05:00:00,0.18267,9133.5,7310.0,1823.5,0.0,33.76851851851852,0.0,9957.749244003347,0.0,0.0,0.0
2025-08-28 06:00:00,0.14401,7200.5,7200.5,0.0,0.0,0.0,6.916481121796391,9950.832762881551,109.5,0.0,0.0
2025-08-28 07:00:00,0.17977500000000002,8988.75,7310.0,1678.75,0.0,31.087962962962962,0.0,9981.920725844515,0.0,0.0,0.0
2025-08-28 08:00:00,0.31114299999999995,15557.149999999998,7310.0,976.2808043961959,7270.869195603802,18.07927415548511,0.0,10000.0,0.0,0.0,0.0
2025-08-28 09:00:00,0.37625,18812.5,7310.0,0.0,11502.5,0.0,0.0,10000.0,0.0,0.0,0.0
2025-08-28 10:00:00,0.44149299999999997,22074.649999999998,7310.0,0.0,14764.649999999998,0.0,0.0,10000.0,0.0,0.0,0.0
2025-08-28 11:00:00,0.5185259999999999,25926.299999999996,7310.0,0.0,18616.299999999996,0.0,0.0,10000.0,0.0,0.0,0.0
2025-08-28 12:00:00,0.6027089999999999,30135.449999999997,7310.0,0.0,22825.449999999997,0.0,0.0,10000.0,0.0,0.0,0.0
2025-08-28 13:00:00,0.6573150000000001,32865.75000000001,7310.0,0.0,25555.750000000007,0.0,0.0,10000.0,0.0,0.0,0.0
2025-08-28 14:00:00,0.6658229999999999,33291.149999999994,7310.0,0.0,25981.149999999994,0.0,0.0,10000.0,0.0,0.0,0.0
2025-08-28 15:00:00,0.630465,31523.250000000004,7310.0,0.0,24213.250000000004,0.0,0.0,10000.0,0.0,0.0,0.0
2025-08-28 16:00:00,0.584671,29233.550000000003,7310.0,0.0,21923.550000000003,0.0,0.0,10000.0,0.0,0.0,0.0
2025-08-28 17:00:00,0.52783,26391.5,7310.0,0.0,19081.5,0.0,0.0,10000.0,0.0,0.0,0.0
2025-08-28 18:00:00,0.493849,24692.45,7310.0,0.0,17382.45,0.0,0.0,10000.0,0.0,0.0,0.0
2025-08-28 19:00:00,0.484533,24226.649999999998,7310.0,0.0,16916.649999999998,0.0,0.0,10000.0,0.0,0.0,0.0
2025-08-28 20:00:00,0.454651,22732.550000000003,7310.0,0.0,15422.550000000003,0.0,0.0,10000.0,0.0,0.0,0.0
2025-08-28 21:00:00,0.43473399999999995,21736.699999999997,7310.0,0.0,14426.699999999997,0.0,0.0,10000.0,0.0,0.0,0.0
2025-08-28 22:00:00,0.417567,20878.350000000002,7310.0,0.0,13568.350000000002,0.0,0.0,10000.0,0.0,0.0,0.0
2025-08-28 23:00:00,0.400581,20029.05,7310.0,0.0,12719.05,0.0,0.0,10000.0,0.0,0.0,0.0
2025-08-29 00:00:00,0.42503199999999997,21251.6,7310.0,0.0,13941.599999999999,0.0,0.0,10000.0,0.0,0.0,0.0
2025-08-29 01:00:00,0.430988,21549.399999999998,7310.0,0.0,14239.399999999998,0.0,0.0,10000.0,0.0,0.0,0.0
2025-08-29 02:00:00,0.408931,20446.55,7310.0,0.0,13136.55,0.0,0.0,10000.0,0.0,0.0,0.0
2025-08-29 03:00:00,0.35241300000000003,17620.65,7310.0,0.0,10310.650000000001,0.0,0.0,10000.0,0.0,0.0,0.0
2025-08-29 04:00:00,0.302458,15122.9,7310.0,0.0,7812.9,0.0,0.0,10000.0,0.0,0.0,0.0
2025-08-29 05:00:00,0.237811,11890.55,7310.0,0.0,4580.549999999999,0.0,0.0,10000.0,0.0,0.0,0.0
2025-08-29 06:00:00,0.14112,7056.0,7056.0,0.0,0.0,0.0,16.04370963412131,9983.956290365879,254.00000000000003,0.0,0.0
2025-08-29 07:00:00,0.069665,3483.2500000000005,3483.2500000000005,0.0,0.0,0.0,241.7136450487154,9742.242645317163,3826.7499999999995,0.0,0.0
2025-08-29 08:00:00,0.035531,1776.55,1776.55,0.0,0.0,0.0,349.51600423200216,9392.72664108516,5533.45,0.0,0.0
2025-08-29 09:00:00,0.035182000000000005,1759.1000000000001,1759.1000000000001,0.0,0.0,0.0,350.61821971670855,9042.108421368452,5550.9,0.0,0.0
2025-08-29 10:00:00,0.07089100000000001,3544.5500000000006,3544.5500000000006,0.0,0.0,0.0,237.84167890473256,8804.266742463718,3765.4499999999994,0.0,0.0
2025-08-29 11:00:00,0.128804,6440.2,6440.2,0.0,0.0,0.0,54.9402308651918,8749.326511598527,869.8000000000002,0.0,0.0
2025-08-29 12:00:00,0.199243,9962.15,7310.0,2652.1499999999996,0.0,49.11388888888888,0.0,8798.440400487416,0.0,0.0,0.0
2025-08-29 13:00:00,0.25309200000000004,12654.600000000002,7310.0,5344.600000000002,0.0,98.97407407407411,0.0,8897.41447456149,0.0,0.0,0.0
2025-08-29 14:00:00,0.277982,13899.1,7310.0,6589.1,0.0,122.02037037037037,0.0,9019.43484493186,0.0,0.0,0.0
2025-08-29 15:00:00,0.27693599999999996,13846.799999999997,7310.0,6536.799999999997,0.0,121.05185185185181,0.0,9140.486696783712,0.0,0.0,0.0
2025-08-29 16:00:00,0.253673,12683.65,7310.0,5373.65,0.0,99.51203703703703,0.0,9239.998733820748,0.0,0.0,0.0
2025-08-29 17:00:00,0.22308699999999998,11154.349999999999,7310.0,3844.349999999998,4.547473508864641e-13,71.19166666666663,0.0,9311.190400487416,0.0,0.0,0.0
2025-08-29 18:00:00,0.29998899999999995,14999.449999999997,7310.0,7689.449999999996,9.094947017729282e-13,142.39722222222215,0.0,9453.587622709638,0.0,0.0,0.0
2025-08-29 19:00:00,0.414722,20736.1,7310.0,13426.099999999999,0.0,248.63148148148144,0.0,9702.21910419112,0.0,0.0,0.0
2025-08-29 20:00:00,0.44121699999999997,22060.85,7310.0,14750.849999999997,1.8189894035458565e-12,273.16388888888883,0.0,9975.382993080008,0.0,0.0,0.0
2025-08-29 21:00:00,0.42474,21237.0,7310.0,1329.3183736795945,12597.681626320405,24.61700691999249,0.0,10000.0,0.0,0.0,0.0
2025-08-29 22:00:00,0.401479,20073.949999999997,7310.0,0.0,12763.949999999997,0.0,0.0,10000.0,0.0,0.0,0.0
2025-08-29 23:00:00,0.379349,18967.45,7310.0,0.0,11657.45,0.0,0.0,10000.0,0.0,0.0,0.0
2025-08-30 00:00:00,0.366349,18317.45,7310.0,0.0,11007.45,0.0,0.0,10000.0,0.0,0.0,0.0
2025-08-30 01:00:00,0.363321,18166.05,7310.0,0.0,10856.05,0.0,0.0,10000.0,0.0,0.0,0.0
2025-08-30 02:00:00,0.35432400000000003,17716.2,7310.0,0.0,10406.2,0.0,0.0,10000.0,0.0,0.0,0.0
2025-08-30 03:00:00,0.357663,17883.15,7310.0,0.0,10573.150000000001,0.0,0.0,10000.0,0.0,0.0,0.0
2025-08-30 04:00:00,0.355126,17756.3,7310.0,0.0,10446.3,0.0,0.0,10000.0,0.0,0.0,0.0
2025-08-30 05:00:00,0.320063,16003.15,7310.0,0.0,8693.15,0.0,0.0,10000.0,0.0,0.0,0.0
2025-08-30 06:00:00,0.213705,10685.25,7310.0,0.0,3375.25,0.0,0.0,10000.0,0.0,0.0,0.0
2025-08-30 07:00:00,0.170456,8522.8,7310.0,0.0,1212.7999999999993,0.0,0.0,10000.0,0.0,0.0,0.0
2025-08-30 08:00:00,0.263719,13185.949999999999,7310.0,0.0,5875.949999999999,0.0,0.0,10000.0,0.0,0.0,0.0
2025-08-30 09:00:00,0.34417200000000003,17208.600000000002,7310.0,0.0,9898.600000000002,0.0,0.0,10000.0,0.0,0.0,0.0
2025-08-30 10:00:00,0.433718,21685.899999999998,7310.0,0.0,14375.899999999998,0.0,0.0,10000.0,0.0,0.0,0.0
2025-08-30 11:00:00,0.530244,26512.2,7310.0,0.0,19202.2,0.0,0.0,10000.0,0.0,0.0,0.0
2025-08-30 12:00:00,0.644066,32203.300000000003,7310.0,0.0,24893.300000000003,0.0,0.0,10000.0,0.0,0.0,0.0
2025-08-30 13:00:00,0.739377,36968.85,7310.0,0.0,29658.85,0.0,0.0,10000.0,0.0,0.0,0.0
2025-08-30 14:00:00,0.798044,39902.2,7310.0,0.0,32592.199999999997,0.0,0.0,10000.0,0.0,0.0,0.0
2025-08-30 15:00:00,0.844418,42220.9,7310.0,0.0,34910.9,0.0,0.0,10000.0,0.0,0.0,0.0
2025-08-30 16:00:00,0.861829,43091.45,7310.0,0.0,35781.45,0.0,0.0,10000.0,0.0,0.0,0.0
2025-08-30 17:00:00,0.8405940000000001,42029.700000000004,7310.0,0.0,34719.700000000004,0.0,0.0,10000.0,0.0,0.0,0.0
2025-08-30 18:00:00,0.8389289999999999,41946.45,7310.0,0.0,34636.45,0.0,0.0,10000.0,0.0,0.0,0.0
2025-08-30 19:00:00,0.85357,42678.5,7310.0,0.0,35368.5,0.0,0.0,10000.0,0.0,0.0,0.0
2025-08-30 20:00:00,0.8182910000000001,40914.55,7310.0,0.0,33604.55,0.0,0.0,10000.0,0.0,0.0,0.0
2025-08-30 21:00:00,0.731228,36561.4,7310.0,0.0,29251.4,0.0,0.0,10000.0,0.0,0.0,0.0
2025-08-30 22:00:00,0.632946,31647.3,7310.0,0.0,24337.3,0.0,0.0,10000.0,0.0,0.0,0.0
2025-08-30 23:00:00,0.480056,24002.8,7310.0,0.0,16692.8,0.0,0.0,10000.0,0.0,0.0,0.0
2025-08-31 00:00:00,0.427589,21379.45,7310.0,0.0,14069.45,0.0,0.0,10000.0,0.0,0.0,0.0
2025-08-31 01:00:00,0.45665300000000003,22832.65,7310.0,0.0,15522.650000000001,0.0,0.0,10000.0,0.0,0.0,0.0
2025-08-31 02:00:00,0.463008,23150.399999999998,7310.0,0.0,15840.399999999998,0.0,0.0,10000.0,0.0,0.0,0.0
2025-08-31 03:00:00,0.415025,20751.25,7310.0,0.0,13441.25,0.0,0.0,10000.0,0.0,0.0,0.0
2025-08-31 04:00:00,0.378906,18945.3,7310.0,0.0,11635.3,0.0,0.0,10000.0,0.0,0.0,0.0
2025-08-31 05:00:00,0.370089,18504.45,7310.0,0.0,11194.45,0.0,0.0,10000.0,0.0,0.0,0.0
2025-08-31 06:00:00,0.281271,14063.55,7310.0,0.0,6753.549999999999,0.0,0.0,10000.0,0.0,0.0,0.0
2025-08-31 07:00:00,0.35763799999999996,17881.899999999998,7310.0,0.0,10571.899999999998,0.0,0.0,10000.0,0.0,0.0,0.0
2025-08-31 08:00:00,0.5007119999999999,25035.6,7310.0,0.0,17725.6,0.0,0.0,10000.0,0.0,0.0,0.0
2025-08-31 09:00:00,0.5431480000000001,27157.400000000005,7310.0,0.0,19847.400000000005,0.0,0.0,10000.0,0.0,0.0,0.0
2025-08-31 10:00:00,0.601222,30061.100000000002,7310.0,0.0,22751.100000000002,0.0,0.0,10000.0,0.0,0.0,0.0
2025-08-31 11:00:00,0.675363,33768.15,7310.0,0.0,26458.15,0.0,0.0,10000.0,0.0,0.0,0.0
2025-08-31 12:00:00,0.7250460000000001,36252.3,7310.0,0.0,28942.300000000003,0.0,0.0,10000.0,0.0,0.0,0.0
2025-08-31 13:00:00,0.736749,36837.45,7310.0,0.0,29527.449999999997,0.0,0.0,10000.0,0.0,0.0,0.0
2025-08-31 14:00:00,0.723943,36197.15,7310.0,0.0,28887.15,0.0,0.0,10000.0,0.0,0.0,0.0
2025-08-31 15:00:00,0.703462,35173.1,7310.0,0.0,27863.1,0.0,0.0,10000.0,0.0,0.0,0.0
2025-08-31 16:00:00,0.725067,36253.35,7310.0,0.0,28943.35,0.0,0.0,10000.0,0.0,0.0,0.0
2025-08-31 17:00:00,0.678361,33918.05,7310.0,0.0,26608.050000000003,0.0,0.0,10000.0,0.0,0.0,0.0
2025-08-31 18:00:00,0.5678880000000001,28394.4,7310.0,0.0,21084.4,0.0,0.0,10000.0,0.0,0.0,0.0
2025-08-31 19:00:00,0.478474,23923.7,7310.0,0.0,16613.7,0.0,0.0,10000.0,0.0,0.0,0.0
2025-08-31 20:00:00,0.448729,22436.45,7310.0,0.0,15126.45,0.0,0.0,10000.0,0.0,0.0,0.0
2025-08-31 21:00:00,0.447618,22380.9,7310.0,0.0,15070.900000000001,0.0,0.0,10000.0,0.0,0.0,0.0
2025-08-31 22:00:00,0.43283,21641.5,7310.0,0.0,14331.5,0.0,0.0,10000.0,0.0,0.0,0.0
2025-08-31 23:00:00,0.459401,22970.05,7310.0,0.0,15660.05,0.0,0.0,10000.0,0.0,0.0,0.0
2025-09-01 00:00:00,0.46565100000000004,23282.550000000003,7310.0,0.0,15972.550000000003,0.0,0.0,10000.0,0.0,0.0,0.0
2025-09-01 01:00:00,0.457795,22889.75,7310.0,0.0,15579.75,0.0,0.0,10000.0,0.0,0.0,0.0
2025-09-01 02:00:00,0.459699,22984.95,7310.0,0.0,15674.95,0.0,0.0,10000.0,0.0,0.0,0.0
2025-09-01 03:00:00,0.473137,23656.85,7310.0,0.0,16346.849999999999,0.0,0.0,10000.0,0.0,0.0,0.0
2025-09-01 04:00:00,0.488767,24438.35,7310.0,0.0,17128.35,0.0,0.0,10000.0,0.0,0.0,0.0
2025-09-01 05:00:00,0.494218,24710.899999999998,7310.0,0.0,17400.899999999998,0.0,0.0,10000.0,0.0,0.0,0.0
2025-09-01 06:00:00,0.444269,22213.45,7310.0,0.0,14903.45,0.0,0.0,10000.0,0.0,0.0,0.0
2025-09-01 07:00:00,0.585609,29280.45,7310.0,0.0,21970.45,0.0,0.0,10000.0,0.0,0.0,0.0
2025-09-01 08:00:00,0.6902419999999999,34512.1,7310.0,0.0,27202.1,0.0,0.0,10000.0,0.0,0.0,0.0
2025-09-01 09:00:00,0.681939,34096.95,7310.0,0.0,26786.949999999997,0.0,0.0,10000.0,0.0,0.0,0.0
2025-09-01 10:00:00,0.661046,33052.3,7310.0,0.0,25742.300000000003,0.0,0.0,10000.0,0.0,0.0,0.0
2025-09-01 11:00:00,0.6559740000000001,32798.700000000004,7310.0,0.0,25488.700000000004,0.0,0.0,10000.0,0.0,0.0,0.0
2025-09-01 12:00:00,0.652174,32608.7,7310.0,0.0,25298.7,0.0,0.0,10000.0,0.0,0.0,0.0
2025-09-01 13:00:00,0.637852,31892.6,7310.0,0.0,24582.6,0.0,0.0,10000.0,0.0,0.0,0.0
2025-09-01 14:00:00,0.612778,30638.9,7310.0,0.0,23328.9,0.0,0.0,10000.0,0.0,0.0,0.0
2025-09-01 15:00:00,0.586441,29322.05,7310.0,0.0,22012.05,0.0,0.0,10000.0,0.0,0.0,0.0
2025-09-01 16:00:00,0.544336,27216.800000000003,7310.0,0.0,19906.800000000003,0.0,0.0,10000.0,0.0,0.0,0.0
2025-09-01 17:00:00,0.412721,20636.05,7310.0,0.0,13326.05,0.0,0.0,10000.0,0.0,0.0,0.0
2025-09-01 18:00:00,0.361618,18080.9,7310.0,0.0,10770.900000000001,0.0,0.0,10000.0,0.0,0.0,0.0
2025-09-01 19:00:00,0.38322500000000004,19161.250000000004,7310.0,0.0,11851.250000000004,0.0,0.0,10000.0,0.0,0.0,0.0
2025-09-01 20:00:00,0.370469,18523.45,7310.0,0.0,11213.45,0.0,0.0,10000.0,0.0,0.0,0.0
2025-09-01 21:00:00,0.36132600000000004,18066.300000000003,7310.0,0.0,10756.300000000003,0.0,0.0,10000.0,0.0,0.0,0.0
2025-09-01 22:00:00,0.361605,18080.25,7310.0,0.0,10770.25,0.0,0.0,10000.0,0.0,0.0,0.0
2025-09-01 23:00:00,0.35764100000000004,17882.050000000003,7310.0,0.0,10572.050000000003,0.0,0.0,10000.0,0.0,0.0,0.0
2025-09-02 00:00:00,0.35670100000000005,17835.050000000003,7310.0,0.0,10525.050000000003,0.0,0.0,10000.0,0.0,0.0,0.0
2025-09-02 01:00:00,0.35097500000000004,17548.750000000004,7310.0,0.0,10238.750000000004,0.0,0.0,10000.0,0.0,0.0,0.0
2025-09-02 02:00:00,0.35236700000000004,17618.350000000002,7310.0,0.0,10308.350000000002,0.0,0.0,10000.0,0.0,0.0,0.0
2025-09-02 03:00:00,0.352373,17618.649999999998,7310.0,0.0,10308.649999999998,0.0,0.0,10000.0,0.0,0.0,0.0
2025-09-02 04:00:00,0.35095299999999996,17547.649999999998,7310.0,0.0,10237.649999999998,0.0,0.0,10000.0,0.0,0.0,0.0
2025-09-02 05:00:00,0.3405,17025.0,7310.0,0.0,9715.0,0.0,0.0,10000.0,0.0,0.0,0.0
2025-09-02 06:00:00,0.23792,11896.0,7310.0,0.0,4586.0,0.0,0.0,10000.0,0.0,0.0,0.0
2025-09-02 07:00:00,0.282747,14137.350000000002,7310.0,0.0,6827.350000000002,0.0,0.0,10000.0,0.0,0.0,0.0
2025-09-02 08:00:00,0.39391000000000004,19695.500000000004,7310.0,0.0,12385.500000000004,0.0,0.0,10000.0,0.0,0.0,0.0
2025-09-02 09:00:00,0.437971,21898.55,7310.0,0.0,14588.55,0.0,0.0,10000.0,0.0,0.0,0.0
2025-09-02 10:00:00,0.488616,24430.8,7310.0,0.0,17120.8,0.0,0.0,10000.0,0.0,0.0,0.0
2025-09-02 11:00:00,0.5209779999999999,26048.899999999998,7310.0,0.0,18738.899999999998,0.0,0.0,10000.0,0.0,0.0,0.0
2025-09-02 12:00:00,0.531492,26574.6,7310.0,0.0,19264.6,0.0,0.0,10000.0,0.0,0.0,0.0
2025-09-02 13:00:00,0.532149,26607.45,7310.0,0.0,19297.45,0.0,0.0,10000.0,0.0,0.0,0.0
2025-09-02 14:00:00,0.497579,24878.95,7310.0,0.0,17568.95,0.0,0.0,10000.0,0.0,0.0,0.0
2025-09-02 15:00:00,0.42521,21260.5,7310.0,0.0,13950.5,0.0,0.0,10000.0,0.0,0.0,0.0
2025-09-02 16:00:00,0.349371,17468.55,7310.0,0.0,10158.55,0.0,0.0,10000.0,0.0,0.0,0.0
2025-09-02 17:00:00,0.274167,13708.35,7310.0,0.0,6398.35,0.0,0.0,10000.0,0.0,0.0,0.0
2025-09-02 18:00:00,0.29380599999999996,14690.299999999997,7310.0,0.0,7380.299999999997,0.0,0.0,10000.0,0.0,0.0,0.0
2025-09-02 19:00:00,0.340641,17032.050000000003,7310.0,0.0,9722.050000000003,0.0,0.0,10000.0,0.0,0.0,0.0
2025-09-02 20:00:00,0.355342,17767.1,7310.0,0.0,10457.099999999999,0.0,0.0,10000.0,0.0,0.0,0.0
2025-09-02 21:00:00,0.38349,19174.5,7310.0,0.0,11864.5,0.0,0.0,10000.0,0.0,0.0,0.0
2025-09-02 22:00:00,0.442801,22140.05,7310.0,0.0,14830.05,0.0,0.0,10000.0,0.0,0.0,0.0
2025-09-02 23:00:00,0.475939,23796.95,7310.0,0.0,16486.95,0.0,0.0,10000.0,0.0,0.0,0.0
2025-09-03 00:00:00,0.484607,24230.350000000002,7310.0,0.0,16920.350000000002,0.0,0.0,10000.0,0.0,0.0,0.0
2025-09-03 01:00:00,0.4159,20795.0,7310.0,0.0,13485.0,0.0,0.0,10000.0,0.0,0.0,0.0
2025-09-03 02:00:00,0.441496,22074.8,7310.0,0.0,14764.8,0.0,0.0,10000.0,0.0,0.0,0.0
2025-09-03 03:00:00,0.469835,23491.75,7310.0,0.0,16181.75,0.0,0.0,10000.0,0.0,0.0,0.0
2025-09-03 04:00:00,0.567817,28390.850000000002,7310.0,0.0,21080.850000000002,0.0,0.0,10000.0,0.0,0.0,0.0
2025-09-03 05:00:00,0.683775,34188.75,7310.0,0.0,26878.75,0.0,0.0,10000.0,0.0,0.0,0.0
2025-09-03 06:00:00,0.822365,41118.25,7310.0,0.0,33808.25,0.0,0.0,10000.0,0.0,0.0,0.0
2025-09-03 07:00:00,0.840504,42025.200000000004,7310.0,0.0,34715.200000000004,0.0,0.0,10000.0,0.0,0.0,0.0
2025-09-03 08:00:00,0.90403,45201.5,7310.0,0.0,37891.5,0.0,0.0,10000.0,0.0,0.0,0.0
2025-09-03 09:00:00,0.955813,47790.65,7310.0,0.0,40480.65,0.0,0.0,10000.0,0.0,0.0,0.0
2025-09-03 10:00:00,0.977923,48896.15,7310.0,0.0,41586.15,0.0,0.0,10000.0,0.0,0.0,0.0
2025-09-03 11:00:00,0.983649,49182.45,7310.0,0.0,41872.45,0.0,0.0,10000.0,0.0,0.0,0.0
2025-09-03 12:00:00,0.977037,48851.850000000006,7310.0,0.0,41541.850000000006,0.0,0.0,10000.0,0.0,0.0,0.0
2025-09-03 13:00:00,0.96233,48116.5,7310.0,0.0,40806.5,0.0,0.0,10000.0,0.0,0.0,0.0
2025-09-03 14:00:00,0.9297430000000001,46487.15,7310.0,0.0,39177.15,0.0,0.0,10000.0,0.0,0.0,0.0
2025-09-03 15:00:00,0.8884299999999999,44421.5,7310.0,0.0,37111.5,0.0,0.0,10000.0,0.0,0.0,0.0
2025-09-03 16:00:00,0.848518,42425.9,7310.0,0.0,35115.9,0.0,0.0,10000.0,0.0,0.0,0.0
2025-09-03 17:00:00,0.7718959999999999,38594.799999999996,7310.0,0.0,31284.799999999996,0.0,0.0,10000.0,0.0,0.0,0.0
2025-09-03 18:00:00,0.6821929999999999,34109.649999999994,7310.0,0.0,26799.649999999994,0.0,0.0,10000.0,0.0,0.0,0.0
2025-09-03 19:00:00,0.5934299999999999,29671.499999999996,7310.0,0.0,22361.499999999996,0.0,0.0,10000.0,0.0,0.0,0.0
2025-09-03 20:00:00,0.5192519999999999,25962.6,7310.0,0.0,18652.6,0.0,0.0,10000.0,0.0,0.0,0.0
2025-09-03 21:00:00,0.508101,25405.050000000003,7310.0,0.0,18095.050000000003,0.0,0.0,10000.0,0.0,0.0,0.0
2025-09-03 22:00:00,0.5007119999999999,25035.6,7310.0,0.0,17725.6,0.0,0.0,10000.0,0.0,0.0,0.0
2025-09-03 23:00:00,0.477153,23857.65,7310.0,0.0,16547.65,0.0,0.0,10000.0,0.0,0.0,0.0
2025-09-04 00:00:00,0.453883,22694.149999999998,7310.0,0.0,15384.149999999998,0.0,0.0,10000.0,0.0,0.0,0.0
2025-09-04 01:00:00,0.425055,21252.75,7310.0,0.0,13942.75,0.0,0.0,10000.0,0.0,0.0,0.0
2025-09-04 02:00:00,0.395091,19754.550000000003,7310.0,0.0,12444.550000000003,0.0,0.0,10000.0,0.0,0.0,0.0
2025-09-04 03:00:00,0.376272,18813.6,7310.0,0.0,11503.599999999999,0.0,0.0,10000.0,0.0,0.0,0.0
2025-09-04 04:00:00,0.386153,19307.65,7310.0,0.0,11997.650000000001,0.0,0.0,10000.0,0.0,0.0,0.0
2025-09-04 05:00:00,0.40730299999999997,20365.149999999998,7310.0,0.0,13055.149999999998,0.0,0.0,10000.0,0.0,0.0,0.0
2025-09-04 06:00:00,0.427367,21368.35,7310.0,0.0,14058.349999999999,0.0,0.0,10000.0,0.0,0.0,0.0
2025-09-04 07:00:00,0.45390800000000003,22695.4,7310.0,0.0,15385.400000000001,0.0,0.0,10000.0,0.0,0.0,0.0
2025-09-04 08:00:00,0.606764,30338.199999999997,7310.0,0.0,23028.199999999997,0.0,0.0,10000.0,0.0,0.0,0.0
2025-09-04 09:00:00,0.680948,34047.4,7310.0,0.0,26737.4,0.0,0.0,10000.0,0.0,0.0,0.0
2025-09-04 10:00:00,0.694714,34735.700000000004,7310.0,0.0,27425.700000000004,0.0,0.0,10000.0,0.0,0.0,0.0
2025-09-04 11:00:00,0.684035,34201.75,7310.0,0.0,26891.75,0.0,0.0,10000.0,0.0,0.0,0.0
2025-09-04 12:00:00,0.648548,32427.4,7310.0,0.0,25117.4,0.0,0.0,10000.0,0.0,0.0,0.0
2025-09-04 13:00:00,0.603968,30198.399999999998,7310.0,0.0,22888.399999999998,0.0,0.0,10000.0,0.0,0.0,0.0
2025-09-04 14:00:00,0.582981,29149.05,7310.0,0.0,21839.05,0.0,0.0,10000.0,0.0,0.0,0.0
2025-09-04 15:00:00,0.5870080000000001,29350.400000000005,7310.0,0.0,22040.400000000005,0.0,0.0,10000.0,0.0,0.0,0.0
2025-09-04 16:00:00,0.582354,29117.7,7310.0,0.0,21807.7,0.0,0.0,10000.0,0.0,0.0,0.0
2025-09-04 17:00:00,0.510234,25511.699999999997,7310.0,0.0,18201.699999999997,0.0,0.0,10000.0,0.0,0.0,0.0
2025-09-04 18:00:00,0.406198,20309.9,7310.0,0.0,12999.900000000001,0.0,0.0,10000.0,0.0,0.0,0.0
2025-09-04 19:00:00,0.362095,18104.75,7310.0,0.0,10794.75,0.0,0.0,10000.0,0.0,0.0,0.0
2025-09-04 20:00:00,0.33676100000000003,16838.050000000003,7310.0,0.0,9528.050000000003,0.0,0.0,10000.0,0.0,0.0,0.0
2025-09-04 21:00:00,0.325177,16258.85,7310.0,0.0,8948.85,0.0,0.0,10000.0,0.0,0.0,0.0
2025-09-04 22:00:00,0.330453,16522.65,7310.0,0.0,9212.650000000001,0.0,0.0,10000.0,0.0,0.0,0.0
2025-09-04 23:00:00,0.343255,17162.75,7310.0,0.0,9852.75,0.0,0.0,10000.0,0.0,0.0,0.0
2025-09-05 00:00:00,0.357659,17882.95,7310.0,0.0,10572.95,0.0,0.0,10000.0,0.0,0.0,0.0
2025-09-05 01:00:00,0.366757,18337.85,7310.0,0.0,11027.849999999999,0.0,0.0,10000.0,0.0,0.0,0.0
2025-09-05 02:00:00,0.363197,18159.85,7310.0,0.0,10849.849999999999,0.0,0.0,10000.0,0.0,0.0,0.0
2025-09-05 03:00:00,0.343754,17187.7,7310.0,0.0,9877.7,0.0,0.0,10000.0,0.0,0.0,0.0
2025-09-05 04:00:00,0.32258800000000004,16129.400000000001,7310.0,0.0,8819.400000000001,0.0,0.0,10000.0,0.0,0.0,0.0
2025-09-05 05:00:00,0.298528,14926.400000000001,7310.0,0.0,7616.4000000000015,0.0,0.0,10000.0,0.0,0.0,0.0
2025-09-05 06:00:00,0.196951,9847.55,7310.0,0.0,2537.5499999999993,0.0,0.0,10000.0,0.0,0.0,0.0
2025-09-05 07:00:00,0.112337,5616.85,5616.85,0.0,0.0,0.0,106.94648412209641,9893.053515877904,1693.1499999999996,0.0,0.0
2025-09-05 08:00:00,0.132013,6600.65,6600.65,0.0,0.0,0.0,44.80553318489746,9848.247982693007,709.3500000000004,0.0,0.0
2025-09-05 09:00:00,0.124021,6201.05,6201.05,0.0,0.0,0.0,70.04595196361741,9778.20203072939,1108.9499999999998,0.0,0.0
2025-09-05 10:00:00,0.135696,6784.8,6784.8,0.0,0.0,0.0,33.17384370015948,9745.028187029231,525.1999999999998,0.0,0.0
2025-09-05 11:00:00,0.162335,8116.75,7310.0,806.75,0.0,14.939814814814815,0.0,9759.968001844047,0.0,0.0,0.0
2025-09-05 12:00:00,0.190703,9535.150000000001,7310.0,2225.1500000000015,0.0,41.20648148148151,0.0,9801.174483325529,0.0,0.0,0.0
2025-09-05 13:00:00,0.203965,10198.25,7310.0,2888.25,0.0,53.486111111111114,0.0,9854.66059443664,0.0,0.0,0.0
2025-09-05 14:00:00,0.20087100000000002,10043.550000000001,7310.0,2733.550000000001,0.0,50.621296296296315,0.0,9905.281890732937,0.0,0.0,0.0
2025-09-05 15:00:00,0.186264,9313.2,7310.0,2003.2000000000007,0.0,37.09629629629631,0.0,9942.378187029233,0.0,0.0,0.0
2025-09-05 16:00:00,0.166222,8311.1,7310.0,1001.1000000000004,0.0,18.538888888888895,0.0,9960.917075918122,0.0,0.0,0.0
2025-09-05 17:00:00,0.146538,7326.9,7310.0,16.899999999999636,0.0,0.3129629629629562,0.0,9961.230038881084,0.0,0.0,0.0
2025-09-05 18:00:00,0.15063200000000002,7531.6,7310.0,221.6000000000004,-2.842170943040401e-14,4.103703703703711,0.0,9965.333742584788,0.0,0.0,0.0
2025-09-05 19:00:00,0.16119399999999998,8059.699999999999,7310.0,749.6999999999989,0.0,13.883333333333313,0.0,9979.21707591812,0.0,0.0,0.0
2025-09-05 20:00:00,0.163405,8170.25,7310.0,860.25,0.0,15.930555555555555,0.0,9995.147631473676,0.0,0.0,0.0
2025-09-05 21:00:00,0.156051,7802.55,7310.0,262.027900421519,230.52209957848117,4.852368526324426,0.0,10000.0,0.0,0.0,0.0
2025-09-05 22:00:00,0.155442,7772.099999999999,7310.0,0.0,462.09999999999945,0.0,0.0,10000.0,0.0,0.0,0.0
2025-09-05 23:00:00,0.154605,7730.25,7310.0,0.0,420.25,0.0,0.0,10000.0,0.0,0.0,0.0
2025-09-06 00:00:00,0.141804,7090.200000000001,7090.200000000001,0.0,0.0,0.0,13.883493612519102,9986.116506387481,219.79999999999927,0.0,0.0
2025-09-06 01:00:00,0.12615099999999999,6307.549999999999,6307.549999999999,0.0,0.0,0.0,63.31896347529495,9922.797542912187,1002.4500000000007,0.0,0.0
2025-09-06 02:00:00,0.11771899999999999,5885.95,5885.95,0.0,0.0,0.0,89.94899489948997,9832.848548012696,1424.0500000000002,0.0,0.0
2025-09-06 03:00:00,0.131561,6578.05,6578.05,0.0,0.0,0.0,46.23304435706728,9786.615503655628,731.9499999999998,0.0,0.0
2025-09-06 04:00:00,0.160299,8014.95,7310.0,704.9499999999998,0.0,13.054629629629627,0.0,9799.670133285257,0.0,0.0,0.0
2025-09-06 05:00:00,0.206702,10335.1,7310.0,3025.1000000000004,0.0,56.02037037037038,0.0,9855.690503655627,0.0,0.0,0.0
2025-09-06 06:00:00,0.20224199999999998,10112.099999999999,7310.0,2802.0999999999985,0.0,51.89074074074071,0.0,9907.581244396368,0.0,0.0,0.0
2025-09-06 07:00:00,0.154589,7729.45,7310.0,419.4499999999998,0.0,7.767592592592589,0.0,9915.34883698896,0.0,0.0,0.0
2025-09-06 08:00:00,0.236763,11838.15,7310.0,4528.15,0.0,83.85462962962963,0.0,9999.20346661859,0.0,0.0,0.0
2025-09-06 09:00:00,0.347323,17366.15,7310.0,43.0128025961385,10013.137197403863,0.7965333814099722,0.0,10000.0,0.0,0.0,0.0
2025-09-06 10:00:00,0.466298,23314.899999999998,7310.0,0.0,16004.899999999998,0.0,0.0,10000.0,0.0,0.0,0.0
2025-09-06 11:00:00,0.55788,27894.000000000004,7310.0,0.0,20584.000000000004,0.0,0.0,10000.0,0.0,0.0,0.0
2025-09-06 12:00:00,0.636715,31835.75,7310.0,0.0,24525.75,0.0,0.0,10000.0,0.0,0.0,0.0
2025-09-06 13:00:00,0.6836749999999999,34183.74999999999,7310.0,0.0,26873.749999999993,0.0,0.0,10000.0,0.0,0.0,0.0
2025-09-06 14:00:00,0.7016950000000001,35084.75,7310.0,0.0,27774.75,0.0,0.0,10000.0,0.0,0.0,0.0
2025-09-06 15:00:00,0.71417,35708.5,7310.0,0.0,28398.5,0.0,0.0,10000.0,0.0,0.0,0.0
2025-09-06 16:00:00,0.694714,34735.700000000004,7310.0,0.0,27425.700000000004,0.0,0.0,10000.0,0.0,0.0,0.0
2025-09-06 17:00:00,0.627829,31391.449999999997,7310.0,0.0,24081.449999999997,0.0,0.0,10000.0,0.0,0.0,0.0
2025-09-06 18:00:00,0.661046,33052.3,7310.0,0.0,25742.300000000003,0.0,0.0,10000.0,0.0,0.0,0.0
2025-09-06 19:00:00,0.655029,32751.449999999997,7310.0,0.0,25441.449999999997,0.0,0.0,10000.0,0.0,0.0,0.0
2025-09-06 20:00:00,0.6304420000000001,31522.100000000002,7310.0,0.0,24212.100000000002,0.0,0.0,10000.0,0.0,0.0,0.0
2025-09-06 21:00:00,0.585951,29297.55,7310.0,0.0,21987.55,0.0,0.0,10000.0,0.0,0.0,0.0
2025-09-06 22:00:00,0.58849,29424.499999999996,7310.0,0.0,22114.499999999996,0.0,0.0,10000.0,0.0,0.0,0.0
2025-09-06 23:00:00,0.591163,29558.15,7310.0,0.0,22248.15,0.0,0.0,10000.0,0.0,0.0,0.0
2025-09-07 00:00:00,0.591622,29581.1,7310.0,0.0,22271.1,0.0,0.0,10000.0,0.0,0.0,0.0
2025-09-07 01:00:00,0.590519,29525.95,7310.0,0.0,22215.95,0.0,0.0,10000.0,0.0,0.0,0.0
2025-09-07 02:00:00,0.582712,29135.600000000002,7310.0,0.0,21825.600000000002,0.0,0.0,10000.0,0.0,0.0,0.0
2025-09-07 03:00:00,0.556819,27840.949999999997,7310.0,0.0,20530.949999999997,0.0,0.0,10000.0,0.0,0.0,0.0
2025-09-07 04:00:00,0.532149,26607.45,7310.0,0.0,19297.45,0.0,0.0,10000.0,0.0,0.0,0.0
2025-09-07 05:00:00,0.5316620000000001,26583.100000000002,7310.0,0.0,19273.100000000002,0.0,0.0,10000.0,0.0,0.0,0.0
2025-09-07 06:00:00,0.477072,23853.6,7310.0,0.0,16543.6,0.0,0.0,10000.0,0.0,0.0,0.0
2025-09-07 07:00:00,0.45066500000000004,22533.250000000004,7310.0,0.0,15223.250000000004,0.0,0.0,10000.0,0.0,0.0,0.0
2025-09-07 08:00:00,0.552068,27603.4,7310.0,0.0,20293.4,0.0,0.0,10000.0,0.0,0.0,0.0
2025-09-07 09:00:00,0.58605,29302.499999999996,7310.0,0.0,21992.499999999996,0.0,0.0,10000.0,0.0,0.0,0.0
2025-09-07 10:00:00,0.566217,28310.85,7310.0,0.0,21000.85,0.0,0.0,10000.0,0.0,0.0,0.0
2025-09-07 11:00:00,0.56579,28289.5,7310.0,0.0,20979.5,0.0,0.0,10000.0,0.0,0.0,0.0
2025-09-07 12:00:00,0.632961,31648.05,7310.0,0.0,24338.05,0.0,0.0,10000.0,0.0,0.0,0.0
2025-09-07 13:00:00,0.66818,33409.0,7310.0,0.0,26099.0,0.0,0.0,10000.0,0.0,0.0,0.0
2025-09-07 14:00:00,0.714912,35745.6,7310.0,0.0,28435.6,0.0,0.0,10000.0,0.0,0.0,0.0
2025-09-07 15:00:00,0.769738,38486.9,7310.0,0.0,31176.9,0.0,0.0,10000.0,0.0,0.0,0.0
2025-09-07 16:00:00,0.743834,37191.7,7310.0,0.0,29881.699999999997,0.0,0.0,10000.0,0.0,0.0,0.0
2025-09-07 17:00:00,0.639712,31985.6,7310.0,0.0,24675.6,0.0,0.0,10000.0,0.0,0.0,0.0
2025-09-07 18:00:00,0.540613,27030.65,7310.0,0.0,19720.65,0.0,0.0,10000.0,0.0,0.0,0.0
2025-09-07 19:00:00,0.510316,25515.8,7310.0,0.0,18205.8,0.0,0.0,10000.0,0.0,0.0,0.0
2025-09-07 20:00:00,0.467558,23377.899999999998,7310.0,0.0,16067.899999999998,0.0,0.0,10000.0,0.0,0.0,0.0
2025-09-07 21:00:00,0.436724,21836.2,7310.0,0.0,14526.2,0.0,0.0,10000.0,0.0,0.0,0.0
2025-09-07 22:00:00,0.37885800000000003,18942.9,7310.0,0.0,11632.900000000001,0.0,0.0,10000.0,0.0,0.0,0.0
2025-09-07 23:00:00,0.333494,16674.7,7310.0,0.0,9364.7,0.0,0.0,10000.0,0.0,0.0,0.0
2025-09-08 00:00:00,0.304947,15247.35,7310.0,0.0,7937.35,0.0,0.0,10000.0,0.0,0.0,0.0
2025-09-08 01:00:00,0.28390899999999997,14195.449999999999,7310.0,0.0,6885.449999999999,0.0,0.0,10000.0,0.0,0.0,0.0
2025-09-08 02:00:00,0.27042,13521.0,7310.0,0.0,6211.0,0.0,0.0,10000.0,0.0,0.0,0.0
2025-09-08 03:00:00,0.272011,13600.55,7310.0,0.0,6290.549999999999,0.0,0.0,10000.0,0.0,0.0,0.0
2025-09-08 04:00:00,0.281582,14079.1,7310.0,0.0,6769.1,0.0,0.0,10000.0,0.0,0.0,0.0
2025-09-08 05:00:00,0.278026,13901.3,7310.0,0.0,6591.299999999999,0.0,0.0,10000.0,0.0,0.0,0.0
2025-09-08 06:00:00,0.204387,10219.35,7310.0,0.0,2909.3500000000004,0.0,0.0,10000.0,0.0,0.0,0.0
2025-09-08 07:00:00,0.178965,8948.25,7310.0,0.0,1638.25,0.0,0.0,10000.0,0.0,0.0,0.0
2025-09-08 08:00:00,0.22525399999999998,11262.699999999999,7310.0,0.0,3952.699999999999,0.0,0.0,10000.0,0.0,0.0,0.0
2025-09-08 09:00:00,0.259324,12966.2,7310.0,0.0,5656.200000000001,0.0,0.0,10000.0,0.0,0.0,0.0
2025-09-08 10:00:00,0.282258,14112.9,7310.0,0.0,6802.9,0.0,0.0,10000.0,0.0,0.0,0.0
2025-09-08 11:00:00,0.299983,14999.15,7310.0,0.0,7689.15,0.0,0.0,10000.0,0.0,0.0,0.0
2025-09-08 12:00:00,0.305224,15261.199999999999,7310.0,0.0,7951.199999999999,0.0,0.0,10000.0,0.0,0.0,0.0
2025-09-08 13:00:00,0.31107,15553.5,7310.0,0.0,8243.5,0.0,0.0,10000.0,0.0,0.0,0.0
2025-09-08 14:00:00,0.312713,15635.650000000001,7310.0,0.0,8325.650000000001,0.0,0.0,10000.0,0.0,0.0,0.0
2025-09-08 15:00:00,0.317423,15871.15,7310.0,0.0,8561.15,0.0,0.0,10000.0,0.0,0.0,0.0
2025-09-08 16:00:00,0.315683,15784.15,7310.0,0.0,8474.15,0.0,0.0,10000.0,0.0,0.0,0.0
2025-09-08 17:00:00,0.29562299999999997,14781.149999999998,7310.0,0.0,7471.149999999998,0.0,0.0,10000.0,0.0,0.0,0.0
2025-09-08 18:00:00,0.303816,15190.8,7310.0,0.0,7880.799999999999,0.0,0.0,10000.0,0.0,0.0,0.0
2025-09-08 19:00:00,0.31591199999999997,15795.599999999999,7310.0,0.0,8485.599999999999,0.0,0.0,10000.0,0.0,0.0,0.0
2025-09-08 20:00:00,0.310118,15505.9,7310.0,0.0,8195.9,0.0,0.0,10000.0,0.0,0.0,0.0
2025-09-08 21:00:00,0.29023000000000004,14511.500000000002,7310.0,0.0,7201.500000000002,0.0,0.0,10000.0,0.0,0.0,0.0
2025-09-08 22:00:00,0.270899,13544.95,7310.0,0.0,6234.950000000001,0.0,0.0,10000.0,0.0,0.0,0.0
2025-09-08 23:00:00,0.251228,12561.4,7310.0,0.0,5251.4,0.0,0.0,10000.0,0.0,0.0,0.0
2025-09-09 00:00:00,0.233118,11655.9,7310.0,0.0,4345.9,0.0,0.0,10000.0,0.0,0.0,0.0
2025-09-09 01:00:00,0.21266200000000002,10633.1,7310.0,0.0,3323.1000000000004,0.0,0.0,10000.0,0.0,0.0,0.0
2025-09-09 02:00:00,0.18717699999999998,9358.849999999999,7310.0,0.0,2048.8499999999985,0.0,0.0,10000.0,0.0,0.0,0.0
2025-09-09 03:00:00,0.154585,7729.25,7310.0,0.0,419.25,0.0,0.0,10000.0,0.0,0.0,0.0
2025-09-09 04:00:00,0.11254900000000001,5627.450000000001,5627.450000000001,0.0,0.0,0.0,106.27694348382204,9893.723056516177,1682.5499999999993,0.0,0.0
2025-09-09 05:00:00,0.092082,4604.099999999999,4604.099999999999,0.0,0.0,0.0,170.91603897231835,9722.807017543859,2705.9000000000005,0.0,0.0
2025-09-09 06:00:00,0.088458,4422.9,4422.9,0.0,0.0,0.0,182.3613940341403,9540.445623509719,2887.1000000000004,0.0,0.0
2025-09-09 07:00:00,0.078013,3900.65,3900.65,0.0,0.0,0.0,215.3489033113838,9325.096720198335,3409.35,0.0,0.0
2025-09-09 08:00:00,0.11784,5892.0,5892.0,0.0,0.0,0.0,89.56685142198431,9235.52986877635,1418.0,0.0,0.0
2025-09-09 09:00:00,0.129706,6485.299999999999,6485.299999999999,0.0,0.0,0.0,52.09152494196793,9183.438343834381,824.7000000000007,0.0,0.0
2025-09-09 10:00:00,0.133523,6676.150000000001,6676.150000000001,0.0,0.0,0.0,40.03663524247158,9143.40170859191,633.8499999999995,0.0,0.0
2025-09-09 11:00:00,0.14794,7396.999999999999,7310.0,86.99999999999909,0.0,1.6111111111110943,0.0,9145.01281970302,0.0,0.0,0.0
2025-09-09 12:00:00,0.178861,8943.05,7310.0,1633.0499999999993,0.0,30.241666666666653,0.0,9175.254486369688,0.0,0.0,0.0
2025-09-09 13:00:00,0.220661,11033.05,7310.0,3723.0499999999993,0.0,68.94537037037036,0.0,9244.199856740059,0.0,0.0,0.0
2025-09-09 14:00:00,0.26374000000000003,13187.000000000002,7310.0,5877.000000000002,0.0,108.83333333333337,0.0,9353.033190073393,0.0,0.0,0.0
2025-09-09 15:00:00,0.290597,14529.85,7310.0,7219.85,0.0,133.70092592592593,0.0,9486.73411599932,0.0,0.0,0.0
2025-09-09 16:00:00,0.293792,14689.6,7310.0,7379.6,0.0,136.65925925925927,0.0,9623.393375258578,0.0,0.0,0.0
2025-09-09 17:00:00,0.263936,13196.800000000001,7310.0,5886.800000000001,0.0,109.01481481481484,0.0,9732.408190073393,0.0,0.0,0.0
2025-09-09 18:00:00,0.278099,13904.949999999999,7310.0,6594.949999999999,0.0,122.12870370370368,0.0,9854.536893777096,0.0,0.0,0.0
2025-09-09 19:00:00,0.331296,16564.8,7310.0,7855.007736036798,1399.7922639632015,145.46310622290366,0.0,10000.0,0.0,0.0,0.0
2025-09-09 20:00:00,0.37652800000000003,18826.4,7310.0,0.0,11516.400000000001,0.0,0.0,10000.0,0.0,0.0,0.0
2025-09-09 21:00:00,0.41258300000000003,20629.15,7310.0,0.0,13319.150000000001,0.0,0.0,10000.0,0.0,0.0,0.0
2025-09-09 22:00:00,0.425647,21282.35,7310.0,0.0,13972.349999999999,0.0,0.0,10000.0,0.0,0.0,0.0
2025-09-09 23:00:00,0.428442,21422.1,7310.0,0.0,14112.099999999999,0.0,0.0,10000.0,0.0,0.0,0.0
2025-09-10 00:00:00,0.43246100000000004,21623.050000000003,7310.0,0.0,14313.050000000003,0.0,0.0,10000.0,0.0,0.0,0.0
2025-09-10 01:00:00,0.425033,21251.65,7310.0,0.0,13941.650000000001,0.0,0.0,10000.0,0.0,0.0,0.0
2025-09-10 02:00:00,0.422282,21114.1,7310.0,0.0,13804.099999999999,0.0,0.0,10000.0,0.0,0.0,0.0
2025-09-10 03:00:00,0.413516,20675.8,7310.0,0.0,13365.8,0.0,0.0,10000.0,0.0,0.0,0.0
2025-09-10 04:00:00,0.416223,20811.15,7310.0,0.0,13501.150000000001,0.0,0.0,10000.0,0.0,0.0,0.0
2025-09-10 05:00:00,0.431495,21574.75,7310.0,0.0,14264.75,0.0,0.0,10000.0,0.0,0.0,0.0
2025-09-10 06:00:00,0.412742,20637.1,7310.0,0.0,13327.099999999999,0.0,0.0,10000.0,0.0,0.0,0.0
2025-09-10 07:00:00,0.42422899999999997,21211.449999999997,7310.0,0.0,13901.449999999997,0.0,0.0,10000.0,0.0,0.0,0.0
2025-09-10 08:00:00,0.5625330000000001,28126.65,7310.0,0.0,20816.65,0.0,0.0,10000.0,0.0,0.0,0.0
2025-09-10 09:00:00,0.6241599999999999,31207.999999999996,7310.0,0.0,23897.999999999996,0.0,0.0,10000.0,0.0,0.0,0.0
2025-09-10 10:00:00,0.6154149999999999,30770.749999999996,7310.0,0.0,23460.749999999996,0.0,0.0,10000.0,0.0,0.0,0.0
2025-09-10 11:00:00,0.585469,29273.45,7310.0,0.0,21963.45,0.0,0.0,10000.0,0.0,0.0,0.0
2025-09-10 12:00:00,0.5569059999999999,27845.299999999996,7310.0,0.0,20535.299999999996,0.0,0.0,10000.0,0.0,0.0,0.0
2025-09-10 13:00:00,0.5562670000000001,27813.350000000002,7310.0,0.0,20503.350000000002,0.0,0.0,10000.0,0.0,0.0,0.0
2025-09-10 14:00:00,0.57111,28555.5,7310.0,0.0,21245.5,0.0,0.0,10000.0,0.0,0.0,0.0
2025-09-10 15:00:00,0.589545,29477.25,7310.0,0.0,22167.25,0.0,0.0,10000.0,0.0,0.0,0.0
2025-09-10 16:00:00,0.574677,28733.85,7310.0,0.0,21423.85,0.0,0.0,10000.0,0.0,0.0,0.0
2025-09-10 17:00:00,0.497965,24898.25,7310.0,0.0,17588.25,0.0,0.0,10000.0,0.0,0.0,0.0
2025-09-10 18:00:00,0.510719,25535.95,7310.0,0.0,18225.95,0.0,0.0,10000.0,0.0,0.0,0.0
2025-09-10 19:00:00,0.5321480000000001,26607.4,7310.0,0.0,19297.4,0.0,0.0,10000.0,0.0,0.0,0.0
2025-09-10 20:00:00,0.4948,24740.0,7310.0,0.0,17430.0,0.0,0.0,10000.0,0.0,0.0,0.0
2025-09-10 21:00:00,0.541356,27067.799999999996,7310.0,0.0,19757.799999999996,0.0,0.0,10000.0,0.0,0.0,0.0
2025-09-10 22:00:00,0.603942,30197.1,7310.0,0.0,22887.1,0.0,0.0,10000.0,0.0,0.0,0.0
2025-09-10 23:00:00,0.5909869999999999,29549.349999999995,7310.0,0.0,22239.349999999995,0.0,0.0,10000.0,0.0,0.0,0.0
2025-09-11 00:00:00,0.506929,25346.449999999997,7310.0,0.0,18036.449999999997,0.0,0.0,10000.0,0.0,0.0,0.0
2025-09-11 01:00:00,0.469649,23482.45,7310.0,0.0,16172.45,0.0,0.0,10000.0,0.0,0.0,0.0
2025-09-11 02:00:00,0.466294,23314.7,7310.0,0.0,16004.7,0.0,0.0,10000.0,0.0,0.0,0.0
2025-09-11 03:00:00,0.461893,23094.65,7310.0,0.0,15784.650000000001,0.0,0.0,10000.0,0.0,0.0,0.0
2025-09-11 04:00:00,0.450544,22527.2,7310.0,0.0,15217.2,0.0,0.0,10000.0,0.0,0.0,0.0
2025-09-11 05:00:00,0.44875400000000004,22437.7,7310.0,0.0,15127.7,0.0,0.0,10000.0,0.0,0.0,0.0
2025-09-11 06:00:00,0.442474,22123.7,7310.0,0.0,14813.7,0.0,0.0,10000.0,0.0,0.0,0.0
2025-09-11 07:00:00,0.432213,21610.65,7310.0,0.0,14300.650000000001,0.0,0.0,10000.0,0.0,0.0,0.0
2025-09-11 08:00:00,0.617875,30893.749999999996,7310.0,0.0,23583.749999999996,0.0,0.0,10000.0,0.0,0.0,0.0
2025-09-11 09:00:00,0.676984,33849.200000000004,7310.0,0.0,26539.200000000004,0.0,0.0,10000.0,0.0,0.0,0.0
2025-09-11 10:00:00,0.689609,34480.450000000004,7310.0,0.0,27170.450000000004,0.0,0.0,10000.0,0.0,0.0,0.0
2025-09-11 11:00:00,0.7051810000000001,35259.05,7310.0,0.0,27949.050000000003,0.0,0.0,10000.0,0.0,0.0,0.0
2025-09-11 12:00:00,0.749865,37493.25,7310.0,0.0,30183.25,0.0,0.0,10000.0,0.0,0.0,0.0
2025-09-11 13:00:00,0.7892939999999999,39464.7,7310.0,0.0,32154.699999999997,0.0,0.0,10000.0,0.0,0.0,0.0
2025-09-11 14:00:00,0.806858,40342.9,7310.0,0.0,33032.9,0.0,0.0,10000.0,0.0,0.0,0.0
2025-09-11 15:00:00,0.820416,41020.8,7310.0,0.0,33710.8,0.0,0.0,10000.0,0.0,0.0,0.0
2025-09-11 16:00:00,0.8117329999999999,40586.649999999994,7310.0,0.0,33276.649999999994,0.0,0.0,10000.0,0.0,0.0,0.0
2025-09-11 17:00:00,0.755755,37787.75,7310.0,0.0,30477.75,0.0,0.0,10000.0,0.0,0.0,0.0
2025-09-11 18:00:00,0.6740510000000001,33702.55,7310.0,0.0,26392.550000000003,0.0,0.0,10000.0,0.0,0.0,0.0
2025-09-11 19:00:00,0.635429,31771.45,7310.0,0.0,24461.45,0.0,0.0,10000.0,0.0,0.0,0.0
2025-09-11 20:00:00,0.62672,31336.000000000004,7310.0,0.0,24026.000000000004,0.0,0.0,10000.0,0.0,0.0,0.0
2025-09-11 21:00:00,0.565788,28289.399999999998,7310.0,0.0,20979.399999999998,0.0,0.0,10000.0,0.0,0.0,0.0
2025-09-11 22:00:00,0.561898,28094.9,7310.0,0.0,20784.9,0.0,0.0,10000.0,0.0,0.0,0.0
2025-09-11 23:00:00,0.564779,28238.95,7310.0,0.0,20928.95,0.0,0.0,10000.0,0.0,0.0,0.0
2025-09-12 00:00:00,0.54602,27300.999999999996,7310.0,0.0,19990.999999999996,0.0,0.0,10000.0,0.0,0.0,0.0
2025-09-12 01:00:00,0.510892,25544.600000000002,7310.0,0.0,18234.600000000002,0.0,0.0,10000.0,0.0,0.0,0.0
2025-09-12 02:00:00,0.485104,24255.2,7310.0,0.0,16945.2,0.0,0.0,10000.0,0.0,0.0,0.0
2025-09-12 03:00:00,0.480611,24030.55,7310.0,0.0,16720.55,0.0,0.0,10000.0,0.0,0.0,0.0
2025-09-12 04:00:00,0.469991,23499.55,7310.0,0.0,16189.55,0.0,0.0,10000.0,0.0,0.0,0.0
2025-09-12 05:00:00,0.466428,23321.4,7310.0,0.0,16011.400000000001,0.0,0.0,10000.0,0.0,0.0,0.0
2025-09-12 06:00:00,0.431048,21552.399999999998,7310.0,0.0,14242.399999999998,0.0,0.0,10000.0,0.0,0.0,0.0
2025-09-12 07:00:00,0.473049,23652.45,7310.0,0.0,16342.45,0.0,0.0,10000.0,0.0,0.0,0.0
2025-09-12 08:00:00,0.6074930000000001,30374.65,7310.0,0.0,23064.65,0.0,0.0,10000.0,0.0,0.0,0.0
2025-09-12 09:00:00,0.663436,33171.8,7310.0,0.0,25861.800000000003,0.0,0.0,10000.0,0.0,0.0,0.0
2025-09-12 10:00:00,0.686487,34324.35,7310.0,0.0,27014.35,0.0,0.0,10000.0,0.0,0.0,0.0
2025-09-12 11:00:00,0.710666,35533.3,7310.0,0.0,28223.300000000003,0.0,0.0,10000.0,0.0,0.0,0.0
2025-09-12 12:00:00,0.722168,36108.4,7310.0,0.0,28798.4,0.0,0.0,10000.0,0.0,0.0,0.0
2025-09-12 13:00:00,0.7178859999999999,35894.299999999996,7310.0,0.0,28584.299999999996,0.0,0.0,10000.0,0.0,0.0,0.0
2025-09-12 14:00:00,0.700336,35016.799999999996,7310.0,0.0,27706.799999999996,0.0,0.0,10000.0,0.0,0.0,0.0
2025-09-12 15:00:00,0.677063,33853.15,7310.0,0.0,26543.15,0.0,0.0,10000.0,0.0,0.0,0.0
2025-09-12 16:00:00,0.6136739999999999,30683.699999999997,7310.0,0.0,23373.699999999997,0.0,0.0,10000.0,0.0,0.0,0.0
2025-09-12 17:00:00,0.48971800000000004,24485.9,7310.0,0.0,17175.9,0.0,0.0,10000.0,0.0,0.0,0.0
2025-09-12 18:00:00,0.47683600000000004,23841.800000000003,7310.0,0.0,16531.800000000003,0.0,0.0,10000.0,0.0,0.0,0.0
2025-09-12 19:00:00,0.47594099999999995,23797.049999999996,7310.0,0.0,16487.049999999996,0.0,0.0,10000.0,0.0,0.0,0.0
2025-09-12 20:00:00,0.441512,22075.600000000002,7310.0,0.0,14765.600000000002,0.0,0.0,10000.0,0.0,0.0,0.0
2025-09-12 21:00:00,0.401931,20096.55,7310.0,0.0,12786.55,0.0,0.0,10000.0,0.0,0.0,0.0
2025-09-12 22:00:00,0.414601,20730.05,7310.0,0.0,13420.05,0.0,0.0,10000.0,0.0,0.0,0.0
2025-09-12 23:00:00,0.434193,21709.65,7310.0,0.0,14399.650000000001,0.0,0.0,10000.0,0.0,0.0,0.0
2025-09-13 00:00:00,0.482796,24139.8,7310.0,0.0,16829.8,0.0,0.0,10000.0,0.0,0.0,0.0
2025-09-13 01:00:00,0.447002,22350.100000000002,7310.0,0.0,15040.100000000002,0.0,0.0,10000.0,0.0,0.0,0.0
2025-09-13 02:00:00,0.438698,21934.899999999998,7310.0,0.0,14624.899999999998,0.0,0.0,10000.0,0.0,0.0,0.0
2025-09-13 03:00:00,0.461538,23076.9,7310.0,0.0,15766.900000000001,0.0,0.0,10000.0,0.0,0.0,0.0
2025-09-13 04:00:00,0.457792,22889.6,7310.0,0.0,15579.599999999999,0.0,0.0,10000.0,0.0,0.0,0.0
2025-09-13 05:00:00,0.468517,23425.850000000002,7310.0,0.0,16115.850000000002,0.0,0.0,10000.0,0.0,0.0,0.0
2025-09-13 06:00:00,0.470992,23549.600000000002,7310.0,0.0,16239.600000000002,0.0,0.0,10000.0,0.0,0.0,0.0
2025-09-13 07:00:00,0.41508999999999996,20754.499999999996,7310.0,0.0,13444.499999999996,0.0,0.0,10000.0,0.0,0.0,0.0
2025-09-13 08:00:00,0.44876,22438.0,7310.0,0.0,15128.0,0.0,0.0,10000.0,0.0,0.0,0.0
2025-09-13 09:00:00,0.472079,23603.95,7310.0,0.0,16293.95,0.0,0.0,10000.0,0.0,0.0,0.0
2025-09-13 10:00:00,0.532048,26602.399999999998,7310.0,0.0,19292.399999999998,0.0,0.0,10000.0,0.0,0.0,0.0
2025-09-13 11:00:00,0.557235,27861.75,7310.0,0.0,20551.75,0.0,0.0,10000.0,0.0,0.0,0.0
2025-09-13 12:00:00,0.557072,27853.600000000002,7310.0,0.0,20543.600000000002,0.0,0.0,10000.0,0.0,0.0,0.0
2025-09-13 13:00:00,0.544336,27216.800000000003,7310.0,0.0,19906.800000000003,0.0,0.0,10000.0,0.0,0.0,0.0
2025-09-13 14:00:00,0.525393,26269.65,7310.0,0.0,18959.65,0.0,0.0,10000.0,0.0,0.0,0.0
2025-09-13 15:00:00,0.514313,25715.65,7310.0,0.0,18405.65,0.0,0.0,10000.0,0.0,0.0,0.0
2025-09-13 16:00:00,0.475952,23797.6,7310.0,0.0,16487.6,0.0,0.0,10000.0,0.0,0.0,0.0
2025-09-13 17:00:00,0.391991,19599.55,7310.0,0.0,12289.55,0.0,0.0,10000.0,0.0,0.0,0.0
2025-09-13 18:00:00,0.388322,19416.1,7310.0,0.0,12106.099999999999,0.0,0.0,10000.0,0.0,0.0,0.0
2025-09-13 19:00:00,0.380487,19024.350000000002,7310.0,0.0,11714.350000000002,0.0,0.0,10000.0,0.0,0.0,0.0
2025-09-13 20:00:00,0.370156,18507.8,7310.0,0.0,11197.8,0.0,0.0,10000.0,0.0,0.0,0.0
2025-09-13 21:00:00,0.36052,18026.0,7310.0,0.0,10716.0,0.0,0.0,10000.0,0.0,0.0,0.0
2025-09-13 22:00:00,0.35500400000000004,17750.2,7310.0,0.0,10440.2,0.0,0.0,10000.0,0.0,0.0,0.0
2025-09-13 23:00:00,0.360308,18015.4,7310.0,0.0,10705.400000000001,0.0,0.0,10000.0,0.0,0.0,0.0
2025-09-14 00:00:00,0.354993,17749.65,7310.0,0.0,10439.650000000001,0.0,0.0,10000.0,0.0,0.0,0.0
2025-09-14 01:00:00,0.327716,16385.8,7310.0,0.0,9075.8,0.0,0.0,10000.0,0.0,0.0,0.0
2025-09-14 02:00:00,0.315036,15751.8,7310.0,0.0,8441.8,0.0,0.0,10000.0,0.0,0.0,0.0
2025-09-14 03:00:00,0.30417500000000003,15208.750000000002,7310.0,0.0,7898.750000000002,0.0,0.0,10000.0,0.0,0.0,0.0
2025-09-14 04:00:00,0.250965,12548.25,7310.0,0.0,5238.25,0.0,0.0,10000.0,0.0,0.0,0.0
2025-09-14 05:00:00,0.17888300000000001,8944.150000000001,7310.0,0.0,1634.1500000000015,0.0,0.0,10000.0,0.0,0.0,0.0
2025-09-14 06:00:00,0.118149,5907.45,5907.45,0.0,0.0,0.0,88.59096435959388,9911.409035640407,1402.5500000000002,0.0,0.0
2025-09-14 07:00:00,0.076996,3849.7999999999997,3849.7999999999997,0.0,0.0,0.0,218.56080344876597,9692.84823219164,3460.2000000000003,0.0,0.0
2025-09-14 08:00:00,0.109801,5490.05,5490.05,0.0,0.0,0.0,114.95570609692548,9577.892526094714,1819.9499999999998,0.0,0.0
2025-09-14 09:00:00,0.221874,11093.699999999999,7310.0,3783.699999999999,0.0,70.0685185185185,0.0,9647.961044613234,0.0,0.0,0.0
2025-09-14 10:00:00,0.358929,17946.45,7310.0,10636.45,0.0,196.97129629629632,0.0,9844.93234090953,0.0,0.0,0.0
2025-09-14 11:00:00,0.390958,19547.9,7310.0,8373.653590885355,3864.2464091146467,155.06765909046953,0.0,10000.0,0.0,0.0,0.0
2025-09-14 12:00:00,0.457895,22894.75,7310.0,0.0,15584.75,0.0,0.0,10000.0,0.0,0.0,0.0
2025-09-14 13:00:00,0.6447930000000001,32239.65,7310.0,0.0,24929.65,0.0,0.0,10000.0,0.0,0.0,0.0
2025-09-14 14:00:00,0.753802,37690.1,7310.0,0.0,30380.1,0.0,0.0,10000.0,0.0,0.0,0.0
2025-09-14 15:00:00,0.786227,39311.35,7310.0,0.0,32001.35,0.0,0.0,10000.0,0.0,0.0,0.0
2025-09-14 16:00:00,0.818893,40944.65,7310.0,0.0,33634.65,0.0,0.0,10000.0,0.0,0.0,0.0
2025-09-14 17:00:00,0.8388450000000001,41942.25,7310.0,0.0,34632.25,0.0,0.0,10000.0,0.0,0.0,0.0
2025-09-14 18:00:00,0.8698980000000001,43494.9,7310.0,0.0,36184.9,0.0,0.0,10000.0,0.0,0.0,0.0
2025-09-14 19:00:00,0.887942,44397.1,7310.0,0.0,37087.1,0.0,0.0,10000.0,0.0,0.0,0.0
2025-09-14 20:00:00,0.8960670000000001,44803.350000000006,7310.0,0.0,37493.350000000006,0.0,0.0,10000.0,0.0,0.0,0.0
2025-09-14 21:00:00,0.88179,44089.5,7310.0,0.0,36779.5,0.0,0.0,10000.0,0.0,0.0,0.0
2025-09-14 22:00:00,0.875433,43771.65,7310.0,0.0,36461.65,0.0,0.0,10000.0,0.0,0.0,0.0
2025-09-14 23:00:00,0.894481,44724.049999999996,7310.0,0.0,37414.049999999996,0.0,0.0,10000.0,0.0,0.0,0.0
2025-09-15 00:00:00,0.914764,45738.200000000004,7310.0,0.0,38428.200000000004,0.0,0.0,10000.0,0.0,0.0,0.0
2025-09-15 01:00:00,0.924334,46216.7,7310.0,0.0,38906.7,0.0,0.0,10000.0,0.0,0.0,0.0
2025-09-15 02:00:00,0.926832,46341.6,7310.0,0.0,39031.6,0.0,0.0,10000.0,0.0,0.0,0.0
2025-09-15 03:00:00,0.930434,46521.7,7310.0,0.0,39211.7,0.0,0.0,10000.0,0.0,0.0,0.0
2025-09-15 04:00:00,0.935213,46760.65,7310.0,0.0,39450.65,0.0,0.0,10000.0,0.0,0.0,0.0
2025-09-15 05:00:00,0.9361900000000001,46809.50000000001,7310.0,0.0,39499.50000000001,0.0,0.0,10000.0,0.0,0.0,0.0
2025-09-15 06:00:00,0.9365739999999999,46828.7,7310.0,0.0,39518.7,0.0,0.0,10000.0,0.0,0.0,0.0
2025-09-15 07:00:00,0.9460919999999999,47304.6,7310.0,0.0,39994.6,0.0,0.0,10000.0,0.0,0.0,0.0
2025-09-15 08:00:00,0.966711,48335.55,7310.0,0.0,41025.55,0.0,0.0,10000.0,0.0,0.0,0.0
2025-09-15 09:00:00,0.973369,48668.450000000004,7310.0,0.0,41358.450000000004,0.0,0.0,10000.0,0.0,0.0,0.0
2025-09-15 10:00:00,0.976185,48809.25,7310.0,0.0,41499.25,0.0,0.0,10000.0,0.0,0.0,0.0
2025-09-15 11:00:00,0.977299,48864.950000000004,7310.0,0.0,41554.950000000004,0.0,0.0,10000.0,0.0,0.0,0.0
2025-09-15 12:00:00,0.976187,48809.35,7310.0,0.0,41499.35,0.0,0.0,10000.0,0.0,0.0,0.0
2025-09-15 13:00:00,0.9735860000000001,48679.3,7310.0,0.0,41369.3,0.0,0.0,10000.0,0.0,0.0,0.0
2025-09-15 14:00:00,0.970735,48536.75,7310.0,0.0,41226.75,0.0,0.0,10000.0,0.0,0.0,0.0
2025-09-15 15:00:00,0.966463,48323.15,7310.0,0.0,41013.15,0.0,0.0,10000.0,0.0,0.0,0.0
2025-09-15 16:00:00,0.955208,47760.399999999994,7310.0,0.0,40450.399999999994,0.0,0.0,10000.0,0.0,0.0,0.0
2025-09-15 17:00:00,0.9358329999999999,46791.649999999994,7310.0,0.0,39481.649999999994,0.0,0.0,10000.0,0.0,0.0,0.0
2025-09-15 18:00:00,0.91591,45795.5,7310.0,0.0,38485.5,0.0,0.0,10000.0,0.0,0.0,0.0
2025-09-15 19:00:00,0.904736,45236.799999999996,7310.0,0.0,37926.799999999996,0.0,0.0,10000.0,0.0,0.0,0.0
2025-09-15 20:00:00,0.8925259999999999,44626.299999999996,7310.0,0.0,37316.299999999996,0.0,0.0,10000.0,0.0,0.0,0.0
2025-09-15 21:00:00,0.8877569999999999,44387.85,7310.0,0.0,37077.85,0.0,0.0,10000.0,0.0,0.0,0.0
2025-09-15 22:00:00,0.8794099999999999,43970.49999999999,7310.0,0.0,36660.49999999999,0.0,0.0,10000.0,0.0,0.0,0.0
2025-09-15 23:00:00,0.862932,43146.6,7310.0,0.0,35836.6,0.0,0.0,10000.0,0.0,0.0,0.0
2025-09-16 00:00:00,0.842645,42132.25,7310.0,0.0,34822.25,0.0,0.0,10000.0,0.0,0.0,0.0
2025-09-16 01:00:00,0.821211,41060.55,7310.0,0.0,33750.55,0.0,0.0,10000.0,0.0,0.0,0.0
2025-09-16 02:00:00,0.798188,39909.4,7310.0,0.0,32599.4,0.0,0.0,10000.0,0.0,0.0,0.0
2025-09-16 03:00:00,0.7771520000000001,38857.600000000006,7310.0,0.0,31547.600000000006,0.0,0.0,10000.0,0.0,0.0,0.0
2025-09-16 04:00:00,0.776221,38811.05,7310.0,0.0,31501.050000000003,0.0,0.0,10000.0,0.0,0.0,0.0
2025-09-16 05:00:00,0.7732559999999999,38662.799999999996,7310.0,0.0,31352.799999999996,0.0,0.0,10000.0,0.0,0.0,0.0
2025-09-16 06:00:00,0.749842,37492.1,7310.0,0.0,30182.1,0.0,0.0,10000.0,0.0,0.0,0.0
2025-09-16 07:00:00,0.756171,37808.55,7310.0,0.0,30498.550000000003,0.0,0.0,10000.0,0.0,0.0,0.0
2025-09-16 08:00:00,0.763433,38171.65,7310.0,0.0,30861.65,0.0,0.0,10000.0,0.0,0.0,0.0
2025-09-16 09:00:00,0.725557,36277.85,7310.0,0.0,28967.85,0.0,0.0,10000.0,0.0,0.0,0.0
2025-09-16 10:00:00,0.712106,35605.3,7310.0,0.0,28295.300000000003,0.0,0.0,10000.0,0.0,0.0,0.0
2025-09-16 11:00:00,0.68588,34294.0,7310.0,0.0,26984.0,0.0,0.0,10000.0,0.0,0.0,0.0
2025-09-16 12:00:00,0.677395,33869.75,7310.0,0.0,26559.75,0.0,0.0,10000.0,0.0,0.0,0.0
2025-09-16 13:00:00,0.661046,33052.3,7310.0,0.0,25742.300000000003,0.0,0.0,10000.0,0.0,0.0,0.0
2025-09-16 14:00:00,0.649594,32479.7,7310.0,0.0,25169.7,0.0,0.0,10000.0,0.0,0.0,0.0
2025-09-16 15:00:00,0.644058,32202.9,7310.0,0.0,24892.9,0.0,0.0,10000.0,0.0,0.0,0.0
2025-09-16 16:00:00,0.5923849999999999,29619.249999999996,7310.0,0.0,22309.249999999996,0.0,0.0,10000.0,0.0,0.0,0.0
2025-09-16 17:00:00,0.475949,23797.45,7310.0,0.0,16487.45,0.0,0.0,10000.0,0.0,0.0,0.0
2025-09-16 18:00:00,0.403689,20184.45,7310.0,0.0,12874.45,0.0,0.0,10000.0,0.0,0.0,0.0
2025-09-16 19:00:00,0.38794999999999996,19397.499999999996,7310.0,0.0,12087.499999999996,0.0,0.0,10000.0,0.0,0.0,0.0
2025-09-16 20:00:00,0.37824599999999997,18912.3,7310.0,0.0,11602.3,0.0,0.0,10000.0,0.0,0.0,0.0
2025-09-16 21:00:00,0.37892000000000003,18946.0,7310.0,0.0,11636.0,0.0,0.0,10000.0,0.0,0.0,0.0
2025-09-16 22:00:00,0.325168,16258.400000000001,7310.0,0.0,8948.400000000001,0.0,0.0,10000.0,0.0,0.0,0.0
2025-09-16 23:00:00,0.304973,15248.65,7310.0,0.0,7938.65,0.0,0.0,10000.0,0.0,0.0,0.0
2025-09-17 00:00:00,0.31979599999999997,15989.8,7310.0,0.0,8679.8,0.0,0.0,10000.0,0.0,0.0,0.0
2025-09-17 01:00:00,0.30137400000000003,15068.7,7310.0,0.0,7758.700000000001,0.0,0.0,10000.0,0.0,0.0,0.0
2025-09-17 02:00:00,0.237912,11895.6,7310.0,0.0,4585.6,0.0,0.0,10000.0,0.0,0.0,0.0
2025-09-17 03:00:00,0.199526,9976.300000000001,7310.0,0.0,2666.300000000001,0.0,0.0,10000.0,0.0,0.0,0.0
2025-09-17 04:00:00,0.289634,14481.7,7310.0,0.0,7171.700000000001,0.0,0.0,10000.0,0.0,0.0,0.0
2025-09-17 05:00:00,0.44989,22494.5,7310.0,0.0,15184.5,0.0,0.0,10000.0,0.0,0.0,0.0
2025-09-17 06:00:00,0.661027,33051.35,7310.0,0.0,25741.35,0.0,0.0,10000.0,0.0,0.0,0.0
2025-09-17 07:00:00,0.770066,38503.3,7310.0,0.0,31193.300000000003,0.0,0.0,10000.0,0.0,0.0,0.0
2025-09-17 08:00:00,0.8531190000000001,42655.950000000004,7310.0,0.0,35345.950000000004,0.0,0.0,10000.0,0.0,0.0,0.0
2025-09-17 09:00:00,0.880586,44029.299999999996,7310.0,0.0,36719.299999999996,0.0,0.0,10000.0,0.0,0.0,0.0
2025-09-17 10:00:00,0.8936130000000001,44680.65,7310.0,0.0,37370.65,0.0,0.0,10000.0,0.0,0.0,0.0
2025-09-17 11:00:00,0.895571,44778.55,7310.0,0.0,37468.55,0.0,0.0,10000.0,0.0,0.0,0.0
2025-09-17 12:00:00,0.895959,44797.95,7310.0,0.0,37487.95,0.0,0.0,10000.0,0.0,0.0,0.0
2025-09-17 13:00:00,0.8983669999999999,44918.35,7310.0,0.0,37608.35,0.0,0.0,10000.0,0.0,0.0,0.0
2025-09-17 14:00:00,0.8975850000000001,44879.25000000001,7310.0,0.0,37569.25000000001,0.0,0.0,10000.0,0.0,0.0,0.0
2025-09-17 15:00:00,0.884084,44204.2,7310.0,0.0,36894.2,0.0,0.0,10000.0,0.0,0.0,0.0
2025-09-17 16:00:00,0.852645,42632.25,7310.0,0.0,35322.25,0.0,0.0,10000.0,0.0,0.0,0.0
2025-09-17 17:00:00,0.807999,40399.950000000004,7310.0,0.0,33089.950000000004,0.0,0.0,10000.0,0.0,0.0,0.0
2025-09-17 18:00:00,0.777236,38861.8,7310.0,0.0,31551.800000000003,0.0,0.0,10000.0,0.0,0.0,0.0
2025-09-17 19:00:00,0.7478899999999999,37394.5,7310.0,0.0,30084.5,0.0,0.0,10000.0,0.0,0.0,0.0
2025-09-17 20:00:00,0.713581,35679.05,7310.0,0.0,28369.050000000003,0.0,0.0,10000.0,0.0,0.0,0.0
2025-09-17 21:00:00,0.711919,35595.95,7310.0,0.0,28285.949999999997,0.0,0.0,10000.0,0.0,0.0,0.0
2025-09-17 22:00:00,0.7103039999999999,35515.2,7310.0,0.0,28205.199999999997,0.0,0.0,10000.0,0.0,0.0,0.0
2025-09-17 23:00:00,0.692494,34624.700000000004,7310.0,0.0,27314.700000000004,0.0,0.0,10000.0,0.0,0.0,0.0
2025-09-18 00:00:00,0.665861,33293.05,7310.0,0.0,25983.050000000003,0.0,0.0,10000.0,0.0,0.0,0.0
2025-09-18 01:00:00,0.618884,30944.2,7310.0,0.0,23634.2,0.0,0.0,10000.0,0.0,0.0,0.0
2025-09-18 02:00:00,0.610232,30511.6,7310.0,0.0,23201.6,0.0,0.0,10000.0,0.0,0.0,0.0
2025-09-18 03:00:00,0.5684450000000001,28422.250000000004,7310.0,0.0,21112.250000000004,0.0,0.0,10000.0,0.0,0.0,0.0
2025-09-18 04:00:00,0.503901,25195.050000000003,7310.0,0.0,17885.050000000003,0.0,0.0,10000.0,0.0,0.0,0.0
2025-09-18 05:00:00,0.488026,24401.3,7310.0,0.0,17091.3,0.0,0.0,10000.0,0.0,0.0,0.0
2025-09-18 06:00:00,0.5130560000000001,25652.800000000003,7310.0,0.0,18342.800000000003,0.0,0.0,10000.0,0.0,0.0,0.0
2025-09-18 07:00:00,0.515258,25762.9,7310.0,0.0,18452.9,0.0,0.0,10000.0,0.0,0.0,0.0
2025-09-18 08:00:00,0.698975,34948.75,7310.0,0.0,27638.75,0.0,0.0,10000.0,0.0,0.0,0.0
2025-09-18 09:00:00,0.7700589999999999,38502.95,7310.0,0.0,31192.949999999997,0.0,0.0,10000.0,0.0,0.0,0.0
2025-09-18 10:00:00,0.786397,39319.85,7310.0,0.0,32009.85,0.0,0.0,10000.0,0.0,0.0,0.0
2025-09-18 11:00:00,0.7824030000000001,39120.15,7310.0,0.0,31810.15,0.0,0.0,10000.0,0.0,0.0,0.0
2025-09-18 12:00:00,0.781166,39058.3,7310.0,0.0,31748.300000000003,0.0,0.0,10000.0,0.0,0.0,0.0
2025-09-18 13:00:00,0.781026,39051.3,7310.0,0.0,31741.300000000003,0.0,0.0,10000.0,0.0,0.0,0.0
2025-09-18 14:00:00,0.765342,38267.1,7310.0,0.0,30957.1,0.0,0.0,10000.0,0.0,0.0,0.0
2025-09-18 15:00:00,0.738389,36919.45,7310.0,0.0,29609.449999999997,0.0,0.0,10000.0,0.0,0.0,0.0
2025-09-18 16:00:00,0.6855910000000001,34279.55,7310.0,0.0,26969.550000000003,0.0,0.0,10000.0,0.0,0.0,0.0
2025-09-18 17:00:00,0.5962050000000001,29810.250000000004,7310.0,0.0,22500.250000000004,0.0,0.0,10000.0,0.0,0.0,0.0
2025-09-18 18:00:00,0.536025,26801.25,7310.0,0.0,19491.25,0.0,0.0,10000.0,0.0,0.0,0.0
2025-09-18 19:00:00,0.488336,24416.8,7310.0,0.0,17106.8,0.0,0.0,10000.0,0.0,0.0,0.0
2025-09-18 20:00:00,0.463434,23171.7,7310.0,0.0,15861.7,0.0,0.0,10000.0,0.0,0.0,0.0
2025-09-18 21:00:00,0.44700599999999996,22350.3,7310.0,0.0,15040.3,0.0,0.0,10000.0,0.0,0.0,0.0
2025-09-18 22:00:00,0.429574,21478.7,7310.0,0.0,14168.7,0.0,0.0,10000.0,0.0,0.0,0.0
2025-09-18 23:00:00,0.412722,20636.1,7310.0,0.0,13326.099999999999,0.0,0.0,10000.0,0.0,0.0,0.0
2025-09-19 00:00:00,0.397798,19889.899999999998,7310.0,0.0,12579.899999999998,0.0,0.0,10000.0,0.0,0.0,0.0
2025-09-19 01:00:00,0.38284300000000004,19142.15,7310.0,0.0,11832.150000000001,0.0,0.0,10000.0,0.0,0.0,0.0
2025-09-19 02:00:00,0.36652300000000004,18326.15,7310.0,0.0,11016.150000000001,0.0,0.0,10000.0,0.0,0.0,0.0
2025-09-19 03:00:00,0.347824,17391.2,7310.0,0.0,10081.2,0.0,0.0,10000.0,0.0,0.0,0.0
2025-09-19 04:00:00,0.349609,17480.45,7310.0,0.0,10170.45,0.0,0.0,10000.0,0.0,0.0,0.0
2025-09-19 05:00:00,0.37838299999999997,18919.149999999998,7310.0,0.0,11609.149999999998,0.0,0.0,10000.0,0.0,0.0,0.0
2025-09-19 06:00:00,0.37358600000000003,18679.300000000003,7310.0,0.0,11369.300000000003,0.0,0.0,10000.0,0.0,0.0,0.0
2025-09-19 07:00:00,0.257698,12884.9,7310.0,0.0,5574.9,0.0,0.0,10000.0,0.0,0.0,0.0
2025-09-19 08:00:00,0.299954,14997.7,7310.0,0.0,7687.700000000001,0.0,0.0,10000.0,0.0,0.0,0.0
2025-09-19 09:00:00,0.313877,15693.85,7310.0,0.0,8383.85,0.0,0.0,10000.0,0.0,0.0,0.0
2025-09-19 10:00:00,0.319531,15976.550000000001,7310.0,0.0,8666.550000000001,0.0,0.0,10000.0,0.0,0.0,0.0
2025-09-19 11:00:00,0.346571,17328.55,7310.0,0.0,10018.55,0.0,0.0,10000.0,0.0,0.0,0.0
2025-09-19 12:00:00,0.388321,19416.050000000003,7310.0,0.0,12106.050000000003,0.0,0.0,10000.0,0.0,0.0,0.0
2025-09-19 13:00:00,0.403949,20197.45,7310.0,0.0,12887.45,0.0,0.0,10000.0,0.0,0.0,0.0
2025-09-19 14:00:00,0.38564800000000005,19282.4,7310.0,0.0,11972.400000000001,0.0,0.0,10000.0,0.0,0.0,0.0
2025-09-19 15:00:00,0.360599,18029.95,7310.0,0.0,10719.95,0.0,0.0,10000.0,0.0,0.0,0.0
2025-09-19 16:00:00,0.328022,16401.1,7310.0,0.0,9091.099999999999,0.0,0.0,10000.0,0.0,0.0,0.0
2025-09-19 17:00:00,0.333723,16686.149999999998,7310.0,0.0,9376.149999999998,0.0,0.0,10000.0,0.0,0.0,0.0
2025-09-19 18:00:00,0.378943,18947.149999999998,7310.0,0.0,11637.149999999998,0.0,0.0,10000.0,0.0,0.0,0.0
2025-09-19 19:00:00,0.37933999999999996,18966.999999999996,7310.0,0.0,11656.999999999996,0.0,0.0,10000.0,0.0,0.0,0.0
2025-09-19 20:00:00,0.352402,17620.1,7310.0,0.0,10310.099999999999,0.0,0.0,10000.0,0.0,0.0,0.0
2025-09-19 21:00:00,0.331557,16577.85,7310.0,0.0,9267.849999999999,0.0,0.0,10000.0,0.0,0.0,0.0
2025-09-19 22:00:00,0.30493200000000004,15246.600000000002,7310.0,0.0,7936.600000000002,0.0,0.0,10000.0,0.0,0.0,0.0
2025-09-19 23:00:00,0.291334,14566.699999999999,7310.0,0.0,7256.699999999999,0.0,0.0,10000.0,0.0,0.0,0.0
2025-09-20 00:00:00,0.288888,14444.4,7310.0,0.0,7134.4,0.0,0.0,10000.0,0.0,0.0,0.0
2025-09-20 01:00:00,0.283203,14160.15,7310.0,0.0,6850.15,0.0,0.0,10000.0,0.0,0.0,0.0
2025-09-20 02:00:00,0.274401,13720.050000000001,7310.0,0.0,6410.050000000001,0.0,0.0,10000.0,0.0,0.0,0.0
2025-09-20 03:00:00,0.279028,13951.4,7310.0,0.0,6641.4,0.0,0.0,10000.0,0.0,0.0,0.0
2025-09-20 04:00:00,0.325996,16299.800000000001,7310.0,0.0,8989.800000000001,0.0,0.0,10000.0,0.0,0.0,0.0
2025-09-20 05:00:00,0.33672199999999997,16836.1,7310.0,0.0,9526.099999999999,0.0,0.0,10000.0,0.0,0.0,0.0
2025-09-20 06:00:00,0.289483,14474.15,7310.0,0.0,7164.15,0.0,0.0,10000.0,0.0,0.0,0.0
2025-09-20 07:00:00,0.215979,10798.95,7310.0,0.0,3488.9500000000007,0.0,0.0,10000.0,0.0,0.0,0.0
2025-09-20 08:00:00,0.223052,11152.6,7310.0,0.0,3842.6000000000004,0.0,0.0,10000.0,0.0,0.0,0.0
2025-09-20 09:00:00,0.33415300000000003,16707.65,7310.0,0.0,9397.650000000001,0.0,0.0,10000.0,0.0,0.0,0.0
2025-09-20 10:00:00,0.422311,21115.55,7310.0,0.0,13805.55,0.0,0.0,10000.0,0.0,0.0,0.0
2025-09-20 11:00:00,0.405343,20267.15,7310.0,0.0,12957.150000000001,0.0,0.0,10000.0,0.0,0.0,0.0
2025-09-20 12:00:00,0.35236900000000004,17618.45,7310.0,0.0,10308.45,0.0,0.0,10000.0,0.0,0.0,0.0
2025-09-20 13:00:00,0.364998,18249.899999999998,7310.0,0.0,10939.899999999998,0.0,0.0,10000.0,0.0,0.0,0.0
2025-09-20 14:00:00,0.593073,29653.649999999998,7310.0,0.0,22343.649999999998,0.0,0.0,10000.0,0.0,0.0,0.0
2025-09-20 15:00:00,0.837424,41871.2,7310.0,0.0,34561.2,0.0,0.0,10000.0,0.0,0.0,0.0
2025-09-20 16:00:00,0.9237730000000001,46188.65,7310.0,0.0,38878.65,0.0,0.0,10000.0,0.0,0.0,0.0
2025-09-20 17:00:00,0.935378,46768.9,7310.0,0.0,39458.9,0.0,0.0,10000.0,0.0,0.0,0.0
2025-09-20 18:00:00,0.914937,45746.85,7310.0,0.0,38436.85,0.0,0.0,10000.0,0.0,0.0,0.0
2025-09-20 19:00:00,0.9178869999999999,45894.34999999999,7310.0,0.0,38584.34999999999,0.0,0.0,10000.0,0.0,0.0,0.0
2025-09-20 20:00:00,0.9202229999999999,46011.149999999994,7310.0,0.0,38701.149999999994,0.0,0.0,10000.0,0.0,0.0,0.0
2025-09-20 21:00:00,0.912745,45637.25,7310.0,0.0,38327.25,0.0,0.0,10000.0,0.0,0.0,0.0
2025-09-20 22:00:00,0.905814,45290.7,7310.0,0.0,37980.7,0.0,0.0,10000.0,0.0,0.0,0.0
2025-09-20 23:00:00,0.8980549999999999,44902.75,7310.0,0.0,37592.75,0.0,0.0,10000.0,0.0,0.0,0.0
2025-09-21 00:00:00,0.8787200000000001,43936.0,7310.0,0.0,36626.0,0.0,0.0,10000.0,0.0,0.0,0.0
2025-09-21 01:00:00,0.8439679999999999,42198.399999999994,7310.0,0.0,34888.399999999994,0.0,0.0,10000.0,0.0,0.0,0.0
2025-09-21 02:00:00,0.821779,41088.950000000004,7310.0,0.0,33778.950000000004,0.0,0.0,10000.0,0.0,0.0,0.0
2025-09-21 03:00:00,0.770222,38511.1,7310.0,0.0,31201.1,0.0,0.0,10000.0,0.0,0.0,0.0
2025-09-21 04:00:00,0.6315040000000001,31575.200000000004,7310.0,0.0,24265.200000000004,0.0,0.0,10000.0,0.0,0.0,0.0
2025-09-21 05:00:00,0.451079,22553.95,7310.0,0.0,15243.95,0.0,0.0,10000.0,0.0,0.0,0.0
2025-09-21 06:00:00,0.29236,14618.0,7310.0,0.0,7308.0,0.0,0.0,10000.0,0.0,0.0,0.0
2025-09-21 07:00:00,0.283959,14197.95,7310.0,0.0,6887.950000000001,0.0,0.0,10000.0,0.0,0.0,0.0
2025-09-21 08:00:00,0.343236,17161.8,7310.0,0.0,9851.8,0.0,0.0,10000.0,0.0,0.0,0.0
2025-09-21 09:00:00,0.301572,15078.6,7310.0,0.0,7768.6,0.0,0.0,10000.0,0.0,0.0,0.0
2025-09-21 10:00:00,0.26141000000000003,13070.500000000002,7310.0,0.0,5760.500000000002,0.0,0.0,10000.0,0.0,0.0,0.0
2025-09-21 11:00:00,0.240753,12037.65,7310.0,0.0,4727.65,0.0,0.0,10000.0,0.0,0.0,0.0
2025-09-21 12:00:00,0.227442,11372.1,7310.0,0.0,4062.1000000000004,0.0,0.0,10000.0,0.0,0.0,0.0
2025-09-21 13:00:00,0.219808,10990.4,7310.0,0.0,3680.3999999999996,0.0,0.0,10000.0,0.0,0.0,0.0
2025-09-21 14:00:00,0.230496,11524.800000000001,7310.0,0.0,4214.800000000001,0.0,0.0,10000.0,0.0,0.0,0.0
2025-09-21 15:00:00,0.26438,13219.0,7310.0,0.0,5909.0,0.0,0.0,10000.0,0.0,0.0,0.0
2025-09-21 16:00:00,0.317946,15897.300000000001,7310.0,0.0,8587.300000000001,0.0,0.0,10000.0,0.0,0.0,0.0
2025-09-21 17:00:00,0.35213099999999997,17606.55,7310.0,0.0,10296.55,0.0,0.0,10000.0,0.0,0.0,0.0
2025-09-21 18:00:00,0.411918,20595.9,7310.0,0.0,13285.900000000001,0.0,0.0,10000.0,0.0,0.0,0.0
2025-09-21 19:00:00,0.41476999999999997,20738.5,7310.0,0.0,13428.5,0.0,0.0,10000.0,0.0,0.0,0.0
2025-09-21 20:00:00,0.397793,19889.65,7310.0,0.0,12579.650000000001,0.0,0.0,10000.0,0.0,0.0,0.0
2025-09-21 21:00:00,0.376273,18813.65,7310.0,0.0,11503.650000000001,0.0,0.0,10000.0,0.0,0.0,0.0
2025-09-21 22:00:00,0.37135399999999996,18567.699999999997,7310.0,0.0,11257.699999999997,0.0,0.0,10000.0,0.0,0.0,0.0
2025-09-21 23:00:00,0.377567,18878.35,7310.0,0.0,11568.349999999999,0.0,0.0,10000.0,0.0,0.0,0.0
2025-09-22 00:00:00,0.397789,19889.45,7310.0,0.0,12579.45,0.0,0.0,10000.0,0.0,0.0,0.0
2025-09-22 01:00:00,0.414048,20702.4,7310.0,0.0,13392.400000000001,0.0,0.0,10000.0,0.0,0.0,0.0
2025-09-22 02:00:00,0.420495,21024.75,7310.0,0.0,13714.75,0.0,0.0,10000.0,0.0,0.0,0.0
2025-09-22 03:00:00,0.413203,20660.149999999998,7310.0,0.0,13350.149999999998,0.0,0.0,10000.0,0.0,0.0,0.0
2025-09-22 04:00:00,0.400508,20025.399999999998,7310.0,0.0,12715.399999999998,0.0,0.0,10000.0,0.0,0.0,0.0
2025-09-22 05:00:00,0.376274,18813.7,7310.0,0.0,11503.7,0.0,0.0,10000.0,0.0,0.0,0.0
2025-09-22 06:00:00,0.368283,18414.15,7310.0,0.0,11104.150000000001,0.0,0.0,10000.0,0.0,0.0,0.0
2025-09-22 07:00:00,0.347125,17356.25,7310.0,0.0,10046.25,0.0,0.0,10000.0,0.0,0.0,0.0
2025-09-22 08:00:00,0.441035,22051.75,7310.0,0.0,14741.75,0.0,0.0,10000.0,0.0,0.0,0.0
2025-09-22 09:00:00,0.42503399999999997,21251.699999999997,7310.0,0.0,13941.699999999997,0.0,0.0,10000.0,0.0,0.0,0.0
2025-09-22 10:00:00,0.374614,18730.7,7310.0,0.0,11420.7,0.0,0.0,10000.0,0.0,0.0,0.0
2025-09-22 11:00:00,0.369281,18464.050000000003,7310.0,0.0,11154.050000000003,0.0,0.0,10000.0,0.0,0.0,0.0
2025-09-22 12:00:00,0.379585,18979.25,7310.0,0.0,11669.25,0.0,0.0,10000.0,0.0,0.0,0.0
2025-09-22 13:00:00,0.37891800000000003,18945.9,7310.0,0.0,11635.900000000001,0.0,0.0,10000.0,0.0,0.0,0.0
2025-09-22 14:00:00,0.361636,18081.8,7310.0,0.0,10771.8,0.0,0.0,10000.0,0.0,0.0,0.0
2025-09-22 15:00:00,0.34322,17161.0,7310.0,0.0,9851.0,0.0,0.0,10000.0,0.0,0.0,0.0
2025-09-22 16:00:00,0.325175,16258.75,7310.0,0.0,8948.75,0.0,0.0,10000.0,0.0,0.0,0.0
2025-09-22 17:00:00,0.310211,15510.550000000001,7310.0,0.0,8200.550000000001,0.0,0.0,10000.0,0.0,0.0,0.0
2025-09-22 18:00:00,0.34322800000000003,17161.4,7310.0,0.0,9851.400000000001,0.0,0.0,10000.0,0.0,0.0,0.0
2025-09-22 19:00:00,0.334152,16707.6,7310.0,0.0,9397.599999999999,0.0,0.0,10000.0,0.0,0.0,0.0
2025-09-22 20:00:00,0.304967,15248.349999999999,7310.0,0.0,7938.3499999999985,0.0,0.0,10000.0,0.0,0.0,0.0
2025-09-22 21:00:00,0.272169,13608.449999999999,7310.0,0.0,6298.449999999999,0.0,0.0,10000.0,0.0,0.0,0.0
2025-09-22 22:00:00,0.232889,11644.45,7310.0,0.0,4334.450000000001,0.0,0.0,10000.0,0.0,0.0,0.0
2025-09-22 23:00:00,0.198565,9928.25,7310.0,0.0,2618.25,0.0,0.0,10000.0,0.0,0.0,0.0
2025-09-23 00:00:00,0.191792,9589.6,7310.0,0.0,2279.6000000000004,0.0,0.0,10000.0,0.0,0.0,0.0
2025-09-23 01:00:00,0.22209399999999999,11104.699999999999,7310.0,0.0,3794.699999999999,0.0,0.0,10000.0,0.0,0.0,0.0
2025-09-23 02:00:00,0.27202499999999996,13601.249999999998,7310.0,0.0,6291.249999999998,0.0,0.0,10000.0,0.0,0.0,0.0
2025-09-23 03:00:00,0.315519,15775.949999999999,7310.0,0.0,8465.949999999999,0.0,0.0,10000.0,0.0,0.0,0.0
2025-09-23 04:00:00,0.34514999999999996,17257.499999999996,7310.0,0.0,9947.499999999996,0.0,0.0,10000.0,0.0,0.0,0.0
2025-09-23 05:00:00,0.363502,18175.1,7310.0,0.0,10865.099999999999,0.0,0.0,10000.0,0.0,0.0,0.0
2025-09-23 06:00:00,0.336763,16838.149999999998,7310.0,0.0,9528.149999999998,0.0,0.0,10000.0,0.0,0.0,0.0
2025-09-23 07:00:00,0.22305,11152.5,7310.0,0.0,3842.5,0.0,0.0,10000.0,0.0,0.0,0.0
2025-09-23 08:00:00,0.28389299999999995,14194.649999999998,7310.0,0.0,6884.649999999998,0.0,0.0,10000.0,0.0,0.0,0.0
2025-09-23 09:00:00,0.35552999999999996,17776.499999999996,7310.0,0.0,10466.499999999996,0.0,0.0,10000.0,0.0,0.0,0.0
2025-09-23 10:00:00,0.322613,16130.65,7310.0,0.0,8820.65,0.0,0.0,10000.0,0.0,0.0,0.0
2025-09-23 11:00:00,0.312545,15627.25,7310.0,0.0,8317.25,0.0,0.0,10000.0,0.0,0.0,0.0
2025-09-23 12:00:00,0.326312,16315.6,7310.0,0.0,9005.6,0.0,0.0,10000.0,0.0,0.0,0.0
2025-09-23 13:00:00,0.348579,17428.95,7310.0,0.0,10118.95,0.0,0.0,10000.0,0.0,0.0,0.0
2025-09-23 14:00:00,0.37578100000000003,18789.050000000003,7310.0,0.0,11479.050000000003,0.0,0.0,10000.0,0.0,0.0,0.0
2025-09-23 15:00:00,0.402429,20121.45,7310.0,0.0,12811.45,0.0,0.0,10000.0,0.0,0.0,0.0
2025-09-23 16:00:00,0.4148,20740.0,7310.0,0.0,13430.0,0.0,0.0,10000.0,0.0,0.0,0.0
2025-09-23 17:00:00,0.391036,19551.8,7310.0,0.0,12241.8,0.0,0.0,10000.0,0.0,0.0,0.0
2025-09-23 18:00:00,0.414478,20723.9,7310.0,0.0,13413.900000000001,0.0,0.0,10000.0,0.0,0.0,0.0
2025-09-23 19:00:00,0.395657,19782.85,7310.0,0.0,12472.849999999999,0.0,0.0,10000.0,0.0,0.0,0.0
2025-09-23 20:00:00,0.376064,18803.2,7310.0,0.0,11493.2,0.0,0.0,10000.0,0.0,0.0,0.0
2025-09-23 21:00:00,0.371196,18559.800000000003,7310.0,0.0,11249.800000000003,0.0,0.0,10000.0,0.0,0.0,0.0
2025-09-23 22:00:00,0.38068799999999997,19034.399999999998,7310.0,0.0,11724.399999999998,0.0,0.0,10000.0,0.0,0.0,0.0
2025-09-23 23:00:00,0.38791000000000003,19395.5,7310.0,0.0,12085.5,0.0,0.0,10000.0,0.0,0.0,0.0
2025-09-24 00:00:00,0.386847,19342.35,7310.0,0.0,12032.349999999999,0.0,0.0,10000.0,0.0,0.0,0.0
2025-09-24 01:00:00,0.37892000000000003,18946.0,7310.0,0.0,11636.0,0.0,0.0,10000.0,0.0,0.0,0.0
2025-09-24 02:00:00,0.37627,18813.5,7310.0,0.0,11503.5,0.0,0.0,10000.0,0.0,0.0,0.0
2025-09-24 03:00:00,0.378942,18947.1,7310.0,0.0,11637.099999999999,0.0,0.0,10000.0,0.0,0.0,0.0
2025-09-24 04:00:00,0.39778600000000003,19889.300000000003,7310.0,0.0,12579.300000000003,0.0,0.0,10000.0,0.0,0.0,0.0
2025-09-24 05:00:00,0.38596600000000003,19298.300000000003,7310.0,0.0,11988.300000000003,0.0,0.0,10000.0,0.0,0.0,0.0
2025-09-24 06:00:00,0.366897,18344.85,7310.0,0.0,11034.849999999999,0.0,0.0,10000.0,0.0,0.0,0.0
2025-09-24 07:00:00,0.343214,17160.7,7310.0,0.0,9850.7,0.0,0.0,10000.0,0.0,0.0,0.0
2025-09-24 08:00:00,0.338781,16939.05,7310.0,0.0,9629.05,0.0,0.0,10000.0,0.0,0.0,0.0
2025-09-24 09:00:00,0.413828,20691.399999999998,7310.0,0.0,13381.399999999998,0.0,0.0,10000.0,0.0,0.0,0.0
2025-09-24 10:00:00,0.43813,21906.5,7310.0,0.0,14596.5,0.0,0.0,10000.0,0.0,0.0,0.0
2025-09-24 11:00:00,0.43991699999999995,21995.85,7310.0,0.0,14685.849999999999,0.0,0.0,10000.0,0.0,0.0,0.0
2025-09-24 12:00:00,0.447032,22351.6,7310.0,0.0,15041.599999999999,0.0,0.0,10000.0,0.0,0.0,0.0
2025-09-24 13:00:00,0.46619,23309.5,7310.0,0.0,15999.5,0.0,0.0,10000.0,0.0,0.0,0.0
2025-09-24 14:00:00,0.493776,24688.8,7310.0,0.0,17378.8,0.0,0.0,10000.0,0.0,0.0,0.0
2025-09-24 15:00:00,0.5100899999999999,25504.499999999996,7310.0,0.0,18194.499999999996,0.0,0.0,10000.0,0.0,0.0,0.0
2025-09-24 16:00:00,0.495333,24766.65,7310.0,0.0,17456.65,0.0,0.0,10000.0,0.0,0.0,0.0
2025-09-24 17:00:00,0.453892,22694.600000000002,7310.0,0.0,15384.600000000002,0.0,0.0,10000.0,0.0,0.0,0.0
2025-09-24 18:00:00,0.453897,22694.85,7310.0,0.0,15384.849999999999,0.0,0.0,10000.0,0.0,0.0,0.0
2025-09-24 19:00:00,0.44150900000000004,22075.45,7310.0,0.0,14765.45,0.0,0.0,10000.0,0.0,0.0,0.0
2025-09-24 20:00:00,0.434847,21742.35,7310.0,0.0,14432.349999999999,0.0,0.0,10000.0,0.0,0.0,0.0
2025-09-24 21:00:00,0.44426,22213.0,7310.0,0.0,14903.0,0.0,0.0,10000.0,0.0,0.0,0.0
2025-09-24 22:00:00,0.428621,21431.05,7310.0,0.0,14121.05,0.0,0.0,10000.0,0.0,0.0,0.0
2025-09-24 23:00:00,0.407271,20363.55,7310.0,0.0,13053.55,0.0,0.0,10000.0,0.0,0.0,0.0
2025-09-25 00:00:00,0.418614,20930.7,7310.0,0.0,13620.7,0.0,0.0,10000.0,0.0,0.0,0.0
2025-09-25 01:00:00,0.412735,20636.75,7310.0,0.0,13326.75,0.0,0.0,10000.0,0.0,0.0,0.0
2025-09-25 02:00:00,0.419585,20979.25,7310.0,0.0,13669.25,0.0,0.0,10000.0,0.0,0.0,0.0
2025-09-25 03:00:00,0.43448200000000003,21724.100000000002,7310.0,0.0,14414.100000000002,0.0,0.0,10000.0,0.0,0.0,0.0
2025-09-25 04:00:00,0.465594,23279.7,7310.0,0.0,15969.7,0.0,0.0,10000.0,0.0,0.0,0.0
2025-09-25 05:00:00,0.500216,25010.8,7310.0,0.0,17700.8,0.0,0.0,10000.0,0.0,0.0,0.0
2025-09-25 06:00:00,0.497973,24898.65,7310.0,0.0,17588.65,0.0,0.0,10000.0,0.0,0.0,0.0
2025-09-25 07:00:00,0.404034,20201.7,7310.0,0.0,12891.7,0.0,0.0,10000.0,0.0,0.0,0.0
2025-09-25 08:00:00,0.481452,24072.6,7310.0,0.0,16762.6,0.0,0.0,10000.0,0.0,0.0,0.0
2025-09-25 09:00:00,0.648537,32426.850000000002,7310.0,0.0,25116.850000000002,0.0,0.0,10000.0,0.0,0.0,0.0
2025-09-25 10:00:00,0.651103,32555.149999999998,7310.0,0.0,25245.149999999998,0.0,0.0,10000.0,0.0,0.0,0.0
2025-09-25 11:00:00,0.627212,31360.6,7310.0,0.0,24050.6,0.0,0.0,10000.0,0.0,0.0,0.0
2025-09-25 12:00:00,0.6065309999999999,30326.549999999996,7310.0,0.0,23016.549999999996,0.0,0.0,10000.0,0.0,0.0,0.0
2025-09-25 13:00:00,0.598647,29932.350000000002,7310.0,0.0,22622.350000000002,0.0,0.0,10000.0,0.0,0.0,0.0
2025-09-25 14:00:00,0.593562,29678.100000000002,7310.0,0.0,22368.100000000002,0.0,0.0,10000.0,0.0,0.0,0.0
2025-09-25 15:00:00,0.580404,29020.2,7310.0,0.0,21710.2,0.0,0.0,10000.0,0.0,0.0,0.0
2025-09-25 16:00:00,0.537606,26880.300000000003,7310.0,0.0,19570.300000000003,0.0,0.0,10000.0,0.0,0.0,0.0
2025-09-25 17:00:00,0.475937,23796.85,7310.0,0.0,16486.85,0.0,0.0,10000.0,0.0,0.0,0.0
2025-09-25 18:00:00,0.46583300000000005,23291.65,7310.0,0.0,15981.650000000001,0.0,0.0,10000.0,0.0,0.0,0.0
2025-09-25 19:00:00,0.453969,22698.45,7310.0,0.0,15388.45,0.0,0.0,10000.0,0.0,0.0,0.0
2025-09-25 20:00:00,0.43641199999999997,21820.6,7310.0,0.0,14510.599999999999,0.0,0.0,10000.0,0.0,0.0,0.0
2025-09-25 21:00:00,0.423077,21153.85,7310.0,0.0,13843.849999999999,0.0,0.0,10000.0,0.0,0.0,0.0
2025-09-25 22:00:00,0.40748,20374.0,7310.0,0.0,13064.0,0.0,0.0,10000.0,0.0,0.0,0.0
2025-09-25 23:00:00,0.39057200000000003,19528.600000000002,7310.0,0.0,12218.600000000002,0.0,0.0,10000.0,0.0,0.0,0.0
2025-09-26 00:00:00,0.370319,18515.95,7310.0,0.0,11205.95,0.0,0.0,10000.0,0.0,0.0,0.0
2025-09-26 01:00:00,0.350343,17517.15,7310.0,0.0,10207.150000000001,0.0,0.0,10000.0,0.0,0.0,0.0
2025-09-26 02:00:00,0.33502699999999996,16751.35,7310.0,0.0,9441.349999999999,0.0,0.0,10000.0,0.0,0.0,0.0
2025-09-26 03:00:00,0.322527,16126.35,7310.0,0.0,8816.35,0.0,0.0,10000.0,0.0,0.0,0.0
2025-09-26 04:00:00,0.304935,15246.75,7310.0,0.0,7936.75,0.0,0.0,10000.0,0.0,0.0,0.0
2025-09-26 05:00:00,0.302469,15123.449999999999,7310.0,0.0,7813.449999999999,0.0,0.0,10000.0,0.0,0.0,0.0
2025-09-26 06:00:00,0.28503300000000004,14251.650000000001,7310.0,0.0,6941.6500000000015,0.0,0.0,10000.0,0.0,0.0,0.0
2025-09-26 07:00:00,0.18475299999999997,9237.649999999998,7310.0,0.0,1927.6499999999978,0.0,0.0,10000.0,0.0,0.0,0.0
2025-09-26 08:00:00,0.199373,9968.65,7310.0,0.0,2658.6499999999996,0.0,0.0,10000.0,0.0,0.0,0.0
2025-09-26 09:00:00,0.27202800000000005,13601.400000000003,7310.0,0.0,6291.400000000003,0.0,0.0,10000.0,0.0,0.0,0.0
2025-09-26 10:00:00,0.24865199999999998,12432.599999999999,7310.0,0.0,5122.5999999999985,0.0,0.0,10000.0,0.0,0.0,0.0
2025-09-26 11:00:00,0.202427,10121.35,7310.0,0.0,2811.3500000000004,0.0,0.0,10000.0,0.0,0.0,0.0
2025-09-26 12:00:00,0.164149,8207.449999999999,7310.0,0.0,897.4499999999989,0.0,0.0,10000.0,0.0,0.0,0.0
2025-09-26 13:00:00,0.13323,6661.499999999999,6661.499999999999,0.0,0.0,0.0,40.96199093593576,9959.038009064065,648.5000000000009,0.0,0.0
2025-09-26 14:00:00,0.101718,5085.900000000001,5085.900000000001,0.0,0.0,0.0,140.48352203641414,9818.55448702765,2224.0999999999995,0.0,0.0
2025-09-26 15:00:00,0.07952500000000001,3976.2500000000005,3976.2500000000005,0.0,0.0,0.0,210.57368894784216,9607.980798079807,3333.7499999999995,0.0,0.0
2025-09-26 16:00:00,0.076756,3837.8,3837.8,0.0,0.0,0.0,219.31877398266144,9388.662024097146,3472.2,0.0,0.0
2025-09-26 17:00:00,0.10158,5079.0,5079.0,0.0,0.0,0.0,140.9193550934041,9247.742669003743,2231.0,0.0,0.0
2025-09-26 18:00:00,0.144506,7225.3,7225.3,0.0,0.0,0.0,5.350008685079024,9242.392660318665,84.69999999999982,0.0,0.0
2025-09-26 19:00:00,0.175244,8762.2,7310.0,1452.2000000000007,0.0,26.892592592592607,0.0,9269.285252911257,0.0,0.0,0.0
2025-09-26 20:00:00,0.185061,9253.05,7310.0,1943.0499999999993,0.0,35.98240740740739,0.0,9305.267660318665,0.0,0.0,0.0
2025-09-26 21:00:00,0.188095,9404.75,7310.0,2094.75,0.0,38.791666666666664,0.0,9344.05932698533,0.0,0.0,0.0
2025-09-26 22:00:00,0.18586000000000003,9293.000000000002,7310.0,1983.0000000000018,0.0,36.72222222222226,0.0,9380.781549207553,0.0,0.0,0.0
2025-09-26 23:00:00,0.166857,8342.85,7310.0,1032.8500000000004,0.0,19.126851851851857,0.0,9399.908401059405,0.0,0.0,0.0
2025-09-27 00:00:00,0.14055199999999998,7027.599999999999,7027.599999999999,0.0,0.0,0.0,17.837573231007347,9382.070827828398,282.40000000000055,0.0,0.0
2025-09-27 01:00:00,0.12186799999999999,6093.4,6093.4,0.0,0.0,0.0,76.84557929477161,9305.225248533627,1216.6000000000004,0.0,0.0
2025-09-27 02:00:00,0.116023,5801.15,5801.15,0.0,0.0,0.0,95.30532000568482,9209.919928527941,1508.8500000000004,0.0,0.0
2025-09-27 03:00:00,0.134609,6730.450000000001,6730.450000000001,0.0,0.0,0.0,36.60681857659446,9173.313109951347,579.5499999999993,0.0,0.0
2025-09-27 04:00:00,0.169343,8467.15,7310.0,1157.1499999999996,0.0,21.428703703703697,0.0,9194.74181365505,0.0,0.0,0.0
2025-09-27 05:00:00,0.191709,9585.449999999999,7310.0,2275.449999999999,0.0,42.137962962962945,0.0,9236.879776618012,0.0,0.0,0.0
2025-09-27 06:00:00,0.20227,10113.5,7310.0,2803.5,0.0,51.916666666666664,0.0,9288.796443284678,0.0,0.0,0.0
2025-09-27 07:00:00,0.16509200000000002,8254.6,7310.0,944.6000000000005,-1.1368683772161603e-13,17.4925925925926,0.0,9306.289035877271,0.0,0.0,0.0
2025-09-27 08:00:00,0.180981,9049.05,7310.0,1739.0499999999993,0.0,32.204629629629615,0.0,9338.493665506901,0.0,0.0,0.0
2025-09-27 09:00:00,0.240749,12037.449999999999,7310.0,4727.449999999999,0.0,87.54537037037035,0.0,9426.039035877271,0.0,0.0,0.0
2025-09-27 10:00:00,0.260624,13031.2,7310.0,5721.200000000001,0.0,105.94814814814816,0.0,9531.98718402542,0.0,0.0,0.0
2025-09-27 11:00:00,0.280211,14010.55,7310.0,6700.549999999999,0.0,124.08425925925924,0.0,9656.07144328468,0.0,0.0,0.0
2025-09-27 12:00:00,0.293783,14689.150000000001,7310.0,7379.1500000000015,0.0,136.65092592592595,0.0,9792.722369210605,0.0,0.0,0.0
2025-09-27 13:00:00,0.304936,15246.8,7310.0,7936.799999999999,0.0,146.97777777777776,0.0,9939.700146988383,0.0,0.0,0.0
2025-09-27 14:00:00,0.322613,16130.65,7310.0,3256.1920626272913,5564.457937372708,60.299853011616506,0.0,10000.0,0.0,0.0,0.0
2025-09-27 15:00:00,0.346526,17326.3,7310.0,0.0,10016.3,0.0,0.0,10000.0,0.0,0.0,0.0
2025-09-27 16:00:00,0.33413400000000004,16706.7,7310.0,0.0,9396.7,0.0,0.0,10000.0,0.0,0.0,0.0
2025-09-27 17:00:00,0.337391,16869.55,7310.0,0.0,9559.55,0.0,0.0,10000.0,0.0,0.0,0.0
2025-09-27 18:00:00,0.388352,19417.6,7310.0,0.0,12107.599999999999,0.0,0.0,10000.0,0.0,0.0,0.0
2025-09-27 19:00:00,0.373589,18679.45,7310.0,0.0,11369.45,0.0,0.0,10000.0,0.0,0.0,0.0
2025-09-27 20:00:00,0.330044,16502.2,7310.0,0.0,9192.2,0.0,0.0,10000.0,0.0,0.0,0.0
2025-09-27 21:00:00,0.304908,15245.400000000001,7310.0,0.0,7935.4000000000015,0.0,0.0,10000.0,0.0,0.0,0.0
2025-09-27 22:00:00,0.296231,14811.550000000001,7310.0,0.0,7501.550000000001,0.0,0.0,10000.0,0.0,0.0,0.0
2025-09-27 23:00:00,0.302452,15122.6,7310.0,0.0,7812.6,0.0,0.0,10000.0,0.0,0.0,0.0
2025-09-28 00:00:00,0.314131,15706.55,7310.0,0.0,8396.55,0.0,0.0,10000.0,0.0,0.0,0.0
2025-09-28 01:00:00,0.313886,15694.3,7310.0,0.0,8384.3,0.0,0.0,10000.0,0.0,0.0,0.0
2025-09-28 02:00:00,0.318125,15906.25,7310.0,0.0,8596.25,0.0,0.0,10000.0,0.0,0.0,0.0
2025-09-28 03:00:00,0.331563,16578.15,7310.0,0.0,9268.150000000001,0.0,0.0,10000.0,0.0,0.0,0.0
2025-09-28 04:00:00,0.334655,16732.75,7310.0,0.0,9422.75,0.0,0.0,10000.0,0.0,0.0,0.0
2025-09-28 05:00:00,0.325154,16257.7,7310.0,0.0,8947.7,0.0,0.0,10000.0,0.0,0.0,0.0
2025-09-28 06:00:00,0.301773,15088.650000000001,7310.0,0.0,7778.6500000000015,0.0,0.0,10000.0,0.0,0.0,0.0
2025-09-28 07:00:00,0.20837899999999998,10418.949999999999,7310.0,0.0,3108.949999999999,0.0,0.0,10000.0,0.0,0.0,0.0
2025-09-28 08:00:00,0.137264,6863.2,6863.2,0.0,0.0,0.0,28.221769545375604,9971.778230454624,446.8000000000002,0.0,0.0
2025-09-28 09:00:00,0.13241,6620.5,6620.5,0.0,0.0,0.0,43.55172359341198,9928.226506861212,689.5,0.0,0.0
2025-09-28 10:00:00,0.103685,5184.25,5184.25,0.0,0.0,0.0,134.27132186902904,9793.955184992183,2125.75,0.0,0.0
2025-09-28 11:00:00,0.075372,3768.6,3768.6,0.0,0.0,0.0,223.68973739479213,9570.26544759739,3541.4,0.0,0.0
2025-09-28 12:00:00,0.054223,2711.15,2711.15,0.0,0.0,0.0,290.4827324837747,9279.782715113615,4598.85,0.0,0.0
2025-09-28 13:00:00,0.042423,2121.15,2121.15,0.0,0.0,0.0,327.7496170669699,8952.033098046646,5188.85,0.0,0.0
2025-09-28 14:00:00,0.037962,1898.1000000000001,1898.1000000000001,0.0,0.0,0.0,341.8383943657524,8610.194703680894,5411.9,0.0,0.0
2025-09-28 15:00:00,0.040332,2016.6,2016.6,0.0,0.0,0.0,334.3534353435344,8275.841268337359,5293.4,0.0,0.0
2025-09-28 16:00:00,0.049638,2481.9,2481.9,0.0,0.0,0.0,304.9631278917366,7970.878140445622,4828.1,0.0,0.0
2025-09-28 17:00:00,0.076822,3841.1,3841.1,0.0,0.0,0.0,219.11033208584018,7751.767808359782,3468.9,0.0,0.0
2025-09-28 18:00:00,0.114523,5726.15,5726.15,0.0,0.0,0.0,100.04263584253165,7651.72517251725,1583.8500000000004,0.0,0.0
2025-09-28 19:00:00,0.14901599999999998,7450.799999999999,7310.0,140.79999999999927,0.0,2.607407407407394,0.0,7654.332579924658,0.0,0.0,0.0
2025-09-28 20:00:00,0.170902,8545.1,7310.0,1235.1000000000004,0.0,22.87222222222223,0.0,7677.20480214688,0.0,0.0,0.0
2025-09-28 21:00:00,0.180944,9047.199999999999,7310.0,1737.199999999999,0.0,32.17037037037035,0.0,7709.375172517251,0.0,0.0,0.0
2025-09-28 22:00:00,0.189387,9469.35,7310.0,2159.3500000000004,0.0,39.98796296296297,0.0,7749.363135480214,0.0,0.0,0.0
2025-09-28 23:00:00,0.200405,10020.25,7310.0,2710.25,0.0,50.18981481481482,0.0,7799.5529502950285,0.0,0.0,0.0
2025-09-29 00:00:00,0.208874,10443.7,7310.0,3133.7000000000007,0.0,58.03148148148149,0.0,7857.58443177651,0.0,0.0,0.0
2025-09-29 01:00:00,0.21696700000000002,10848.35,7310.0,3538.3500000000004,0.0,65.525,0.0,7923.10943177651,0.0,0.0,0.0
2025-09-29 02:00:00,0.22306700000000002,11153.35,7310.0,3843.3500000000004,0.0,71.17314814814816,0.0,7994.282579924658,0.0,0.0,0.0
2025-09-29 03:00:00,0.21264599999999997,10632.3,7310.0,3322.2999999999993,0.0,61.52407407407406,0.0,8055.806653998732,0.0,0.0,0.0
2025-09-29 04:00:00,0.187909,9395.449999999999,7310.0,2085.449999999999,0.0,38.619444444444426,0.0,8094.426098443177,0.0,0.0,0.0
2025-09-29 05:00:00,0.157483,7874.150000000001,7310.0,564.1500000000005,0.0,10.447222222222232,0.0,8104.873320665399,0.0,0.0,0.0
2025-09-29 06:00:00,0.125811,6290.55,6290.55,0.0,0.0,0.0,64.39275506498018,8040.480565600418,1019.4499999999998,0.0,0.0
2025-09-29 07:00:00,0.06650199999999999,3325.0999999999995,3325.0999999999995,0.0,0.0,0.0,251.7030650433465,7788.777500557072,3984.9000000000005,0.0,0.0
2025-09-29 08:00:00,0.031911,1595.5500000000002,1595.5500000000002,0.0,0.0,0.0,360.94872645159256,7427.828774105479,5714.45,0.0,0.0
2025-09-29 09:00:00,0.029183,1459.15,1459.15,0.0,0.0,0.0,369.56432485353804,7058.264449251941,5850.85,0.0,0.0
2025-09-29 10:00:00,0.031458,1572.9,1572.9,0.0,0.0,0.0,362.37939583432035,6695.885053417621,5737.1,0.0,0.0
2025-09-29 11:00:00,0.037751,1887.55,1887.55,0.0,0.0,0.0,342.50477679346886,6353.3802766241515,5422.45,0.0,0.0
2025-09-29 12:00:00,0.045698,2284.9,2284.9,0.0,0.0,0.0,317.4064774898543,6035.973799134297,5025.1,0.0,0.0
2025-09-29 13:00:00,0.051851,2592.55,2592.55,0.0,0.0,0.0,297.9740079271085,5737.9997912071885,4717.45,0.0,0.0
2025-09-29 14:00:00,0.053168,2658.4,2658.4,0.0,0.0,0.0,293.81464462235704,5444.185146584831,4651.6,0.0,0.0
2025-09-29 15:00:00,0.050989,2549.45,2549.45,0.0,0.0,0.0,300.6963854280165,5143.488761156815,4760.55,0.0,0.0
2025-09-29 16:00:00,0.054832,2741.6,2741.6,0.0,0.0,0.0,288.5593822540149,4854.9293789028,4568.4,0.0,0.0
2025-09-29 17:00:00,0.063581,3179.0499999999997,3179.0499999999997,0.0,0.0,0.0,260.9281980829663,4594.001180819833,4130.950000000001,0.0,0.0
2025-09-29 18:00:00,0.071049,3552.4500000000003,3552.4500000000003,0.0,0.0,0.0,237.34268163658473,4356.658499183249,3757.5499999999997,0.0,0.0
2025-09-29 19:00:00,0.07272100000000001,3636.05,3636.05,0.0,0.0,0.0,232.06215358377943,4124.59634559947,3673.95,0.0,0.0
2025-09-29 20:00:00,0.067479,3373.95,3373.95,0.0,0.0,0.0,248.61749332828023,3875.9788522711897,3936.05,0.0,0.0
2025-09-29 21:00:00,0.058616,2930.8,2930.8,0.0,0.0,0.0,276.6087135029293,3599.3701387682604,4379.2,0.0,0.0
2025-09-29 22:00:00,0.050565,2528.25,2528.25,0.0,0.0,0.0,302.03546670456524,3297.334672063695,4781.75,0.0,0.0
2025-09-29 23:00:00,0.042262,2113.1,2113.1,0.0,0.0,0.0,328.25808896679143,2969.0765830969035,5196.9,0.0,0.0
2025-09-30 00:00:00,0.032174999999999995,1608.7499999999998,1608.7499999999998,0.0,0.0,0.0,360.11495886430754,2608.961624232596,5701.25,0.0,0.0
2025-09-30 01:00:00,0.019042,952.1,952.1,0.0,0.0,0.0,401.5917381211806,2207.3698861114153,6357.9,0.0,0.0
2025-09-30 02:00:00,0.010185000000000001,509.25000000000006,509.25000000000006,0.0,0.0,0.0,429.56400903248226,1777.805877078933,6800.75,0.0,0.0
2025-09-30 03:00:00,0.006915,345.75,345.75,0.0,0.0,0.0,439.8913575568084,1337.9145195221247,6964.25,0.0,0.0
2025-09-30 04:00:00,0.006297,314.84999999999997,314.84999999999997,0.0,0.0,0.0,441.8431316815892,896.0713878405354,6995.15,0.0,0.0
2025-09-30 05:00:00,0.006396,319.8,319.8,0.0,0.0,0.0,441.5304688363574,454.540919004178,6990.2,0.0,0.0
2025-09-30 06:00:00,0.007213,360.65,360.65,0.0,0.0,0.0,438.95021081055484,15.590708193623186,6949.35,0.0,0.0
2025-09-30 07:00:00,0.0066500000000000005,332.5,332.5,0.0,0.0,0.0,15.590708193623186,0.0,246.82819444439386,6730.671805555606,0.0
2025-09-30 08:00:00,0.004151,207.55,207.55,0.0,0.0,0.0,0.0,0.0,0.0,7102.45,0.0
2025-09-30 09:00:00,0.002492,124.6,124.6,0.0,0.0,0.0,0.0,0.0,0.0,7185.4,0.0
2025-09-30 10:00:00,0.004503,225.15,225.15,0.0,0.0,0.0,0.0,0.0,0.0,7084.85,0.0
2025-09-30 11:00:00,0.006287,314.35,314.35,0.0,0.0,0.0,0.0,0.0,0.0,6995.65,0.0
2025-09-30 12:00:00,0.00875,437.50000000000006,437.50000000000006,0.0,0.0,0.0,0.0,0.0,0.0,6872.5,0.0
2025-09-30 13:00:00,0.012426,621.3,621.3,0.0,0.0,0.0,0.0,0.0,0.0,6688.7,0.0
2025-09-30 14:00:00,0.015535,776.75,776.75,0.0,0.0,0.0,0.0,0.0,0.0,6533.25,0.0
2025-09-30 15:00:00,0.014494,724.7,724.7,0.0,0.0,0.0,0.0,0.0,0.0,6585.3,0.0
2025-09-30 16:00:00,0.009753,487.65,487.65,0.0,0.0,0.0,0.0,0.0,0.0,6822.35,0.0
2025-09-30 17:00:00,0.012757,637.8499999999999,637.8499999999999,0.0,0.0,0.0,0.0,0.0,0.0,6672.15,0.0
2025-09-30 18:00:00,0.026908,1345.4,1345.4,0.0,0.0,0.0,0.0,0.0,0.0,5964.6,0.0
2025-09-30 19:00:00,0.054661,2733.05,2733.05,0.0,0.0,0.0,0.0,0.0,0.0,4576.95,0.0
2025-09-30 20:00:00,0.083842,4192.1,4192.1,0.0,0.0,0.0,0.0,0.0,0.0,3117.8999999999996,0.0
2025-09-30 21:00:00,0.098579,4928.95,4928.95,0.0,0.0,0.0,0.0,0.0,0.0,2381.05,0.0
2025-09-30 22:00:00,0.100027,5001.35,5001.35,0.0,0.0,0.0,0.0,0.0,0.0,2308.6499999999996,0.0
2025-09-30 23:00:00,0.09203499999999999,4601.75,4601.75,0.0,0.0,0.0,0.0,0.0,0.0,2708.25,0.0
2025-10-01 00:00:00,0.081871,4093.55,4093.55,0.0,0.0,0.0,0.0,0.0,0.0,3216.45,0.0
2025-10-01 01:00:00,0.080875,4043.75,4043.75,0.0,0.0,0.0,0.0,0.0,0.0,3266.25,0.0
2025-10-01 02:00:00,0.09073099999999999,4536.549999999999,4536.549999999999,0.0,0.0,0.0,0.0,0.0,0.0,2773.4500000000007,0.0
2025-10-01 03:00:00,0.108112,5405.6,5405.6,0.0,0.0,0.0,0.0,0.0,0.0,1904.3999999999996,0.0
2025-10-01 04:00:00,0.127354,6367.7,6367.7,0.0,0.0,0.0,0.0,0.0,0.0,942.3000000000002,0.0
2025-10-01 05:00:00,0.145924,7296.2,7296.2,0.0,0.0,0.0,0.0,0.0,0.0,13.800000000000182,0.0
2025-10-01 06:00:00,0.153901,7695.05,7310.0,385.0500000000002,0.0,7.130555555555559,0.0,7.130555555555559,0.0,0.0,0.0
2025-10-01 07:00:00,0.119936,5996.8,5996.8,0.0,0.0,0.0,7.130555555555559,0.0,112.88917291666671,1200.3108270833332,0.0
2025-10-01 08:00:00,0.072655,3632.75,3632.75,0.0,0.0,0.0,0.0,0.0,0.0,3677.25,0.0
2025-10-01 09:00:00,0.055284999999999994,2764.2499999999995,2764.2499999999995,0.0,0.0,0.0,0.0,0.0,0.0,4545.75,0.0
2025-10-01 10:00:00,0.06324,3162.0,3162.0,0.0,0.0,0.0,0.0,0.0,0.0,4148.0,0.0
2025-10-01 11:00:00,0.08598399999999999,4299.2,4299.2,0.0,0.0,0.0,0.0,0.0,0.0,3010.8,0.0
2025-10-01 12:00:00,0.108543,5427.15,5427.15,0.0,0.0,0.0,0.0,0.0,0.0,1882.8500000000004,0.0
2025-10-01 13:00:00,0.130965,6548.25,6548.25,0.0,0.0,0.0,0.0,0.0,0.0,761.75,0.0
2025-10-01 14:00:00,0.146991,7349.55,7310.0,39.55000000000018,0.0,0.7324074074074107,0.0,0.7324074074074107,0.0,0.0,0.0
2025-10-01 15:00:00,0.158852,7942.599999999999,7310.0,632.5999999999995,0.0,11.714814814814805,0.0,12.447222222222216,0.0,0.0,0.0
2025-10-01 16:00:00,0.167662,8383.1,7310.0,1073.1000000000004,0.0,19.87222222222223,0.0,32.31944444444444,0.0,0.0,0.0
2025-10-01 17:00:00,0.238327,11916.35,7310.0,4606.35,0.0,85.30277777777779,0.0,117.62222222222223,0.0,0.0,0.0
2025-10-01 18:00:00,0.320827,16041.349999999999,7310.0,8731.349999999999,0.0,161.69166666666663,0.0,279.31388888888887,0.0,0.0,0.0
2025-10-01 19:00:00,0.345892,17294.6,7310.0,9984.599999999999,0.0,184.89999999999998,0.0,464.21388888888885,0.0,0.0,0.0
2025-10-01 20:00:00,0.332283,16614.15,7310.0,9304.150000000001,0.0,172.2990740740741,0.0,636.512962962963,0.0,0.0,0.0
2025-10-01 21:00:00,0.308479,15423.95,7310.0,8113.950000000001,0.0,150.25833333333335,0.0,786.7712962962963,0.0,0.0,0.0
2025-10-01 22:00:00,0.282371,14118.55,7310.0,6808.549999999999,0.0,126.08425925925924,0.0,912.8555555555556,0.0,0.0,0.0
2025-10-01 23:00:00,0.26300999999999997,13150.499999999998,7310.0,5840.499999999998,0.0,108.15740740740738,0.0,1021.012962962963,0.0,0.0,0.0
2025-10-02 00:00:00,0.242998,12149.9,7310.0,4839.9,0.0,89.62777777777777,0.0,1110.6407407407407,0.0,0.0,0.0
2025-10-02 01:00:00,0.216808,10840.4,7310.0,3530.399999999999,4.547473508864641e-13,65.37777777777777,0.0,1176.0185185185185,0.0,0.0,0.0
2025-10-02 02:00:00,0.185866,9293.3,7310.0,1983.2999999999995,-2.2737367544323206e-13,36.72777777777777,0.0,1212.7462962962964,0.0,0.0,0.0
2025-10-02 03:00:00,0.16578800000000002,8289.400000000001,7310.0,979.4000000000015,0.0,18.137037037037064,0.0,1230.8833333333334,0.0,0.0,0.0
2025-10-02 04:00:00,0.156524,7826.2,7310.0,516.1999999999998,0.0,9.559259259259257,0.0,1240.4425925925927,0.0,0.0,0.0
2025-10-02 05:00:00,0.157499,7874.95,7310.0,564.9499999999998,0.0,10.462037037037033,0.0,1250.9046296296299,0.0,0.0,0.0
2025-10-02 06:00:00,0.157882,7894.099999999999,7310.0,584.0999999999995,0.0,10.816666666666656,0.0,1261.7212962962965,0.0,0.0,0.0
2025-10-02 07:00:00,0.14296899999999998,7148.449999999999,7148.449999999999,0.0,0.0,0.0,10.20417831256817,1251.5171179837282,161.5500000000011,0.0,0.0
2025-10-02 08:00:00,0.11523399999999999,5761.7,5761.7,0.0,0.0,0.0,97.79714813586624,1153.7199698478619,1548.3000000000002,0.0,0.0
2025-10-02 09:00:00,0.101235,5061.75,5061.75,0.0,0.0,0.0,142.00893773587887,1011.7110321119831,2248.25,0.0,0.0
2025-10-02 10:00:00,0.137905,6895.25,6895.25,0.0,0.0,0.0,26.197356577763042,985.51367553422,414.75,0.0,0.0
2025-10-02 11:00:00,0.217173,10858.65,7310.0,3548.649999999999,4.547473508864641e-13,65.71574074074073,0.0,1051.2294162749608,0.0,0.0,0.0
2025-10-02 12:00:00,0.325188,16259.4,7310.0,8949.4,0.0,165.7296296296296,0.0,1216.9590459045905,0.0,0.0,0.0
2025-10-02 13:00:00,0.420868,21043.4,7310.0,13733.400000000001,0.0,254.32222222222225,0.0,1471.2812681268128,0.0,0.0,0.0
2025-10-02 14:00:00,0.515297,25764.85,7310.0,18454.85,0.0,341.75648148148144,0.0,1813.0377496082942,0.0,0.0,0.0
2025-10-02 15:00:00,0.585611,29280.55,7310.0,21970.55,0.0,406.862037037037,0.0,2219.899786645331,0.0,0.0,0.0
2025-10-02 16:00:00,0.5904149999999999,29520.749999999996,7310.0,22210.749999999996,0.0,411.3101851851851,0.0,2631.209971830516,0.0,0.0,0.0
2025-10-02 17:00:00,0.573757,28687.85,7310.0,21377.85,0.0,395.88611111111106,0.0,3027.096082941627,0.0,0.0,0.0
2025-10-02 18:00:00,0.5381670000000001,26908.350000000002,7310.0,19598.350000000002,0.0,362.9324074074074,0.0,3390.0284903490347,0.0,0.0,0.0
2025-10-02 19:00:00,0.570799,28539.949999999997,7310.0,21229.949999999997,0.0,393.1472222222222,0.0,3783.175712571257,0.0,0.0,0.0
2025-10-02 20:00:00,0.589543,29477.15,7310.0,22167.15,0.0,410.5027777777778,0.0,4193.678490349035,0.0,0.0,0.0
2025-10-02 21:00:00,0.6075510000000001,30377.550000000003,7310.0,23067.550000000003,0.0,427.1768518518519,0.0,4620.855342200887,0.0,0.0,0.0
2025-10-02 22:00:00,0.610216,30510.8,7310.0,23200.8,0.0,429.64444444444445,0.0,5050.499786645331,0.0,0.0,0.0
2025-10-02 23:00:00,0.635439,31771.949999999997,7310.0,24461.949999999997,0.0,452.99907407407403,0.0,5503.4988607194055,0.0,0.0,0.0
2025-10-03 00:00:00,0.648686,32434.3,7310.0,25000.0,124.29999999999927,462.962962962963,0.0,5966.461823682368,0.0,0.0,0.0
2025-10-03 01:00:00,0.6908500000000001,34542.50000000001,7310.0,25000.0,2232.5000000000073,462.962962962963,0.0,6429.424786645331,0.0,0.0,0.0
2025-10-03 02:00:00,0.6683669999999999,33418.35,7310.0,25000.0,1108.3499999999985,462.962962962963,0.0,6892.387749608293,0.0,0.0,0.0
2025-10-03 03:00:00,0.662867,33143.35,7310.0,25000.0,833.3499999999985,462.962962962963,0.0,7355.350712571256,0.0,0.0,0.0
2025-10-03 04:00:00,0.694271,34713.549999999996,7310.0,25000.0,2403.5499999999956,462.962962962963,0.0,7818.313675534218,0.0,0.0,0.0
2025-10-03 05:00:00,0.710278,35513.9,7310.0,25000.0,3203.9000000000015,462.962962962963,0.0,8281.276638497182,0.0,0.0,0.0
2025-10-03 06:00:00,0.6915520000000001,34577.600000000006,7310.0,25000.0,2267.600000000006,462.962962962963,0.0,8744.239601460145,0.0,0.0,0.0
2025-10-03 07:00:00,0.694022,34701.1,7310.0,25000.0,2391.0999999999985,462.962962962963,0.0,9207.202564423109,0.0,0.0,0.0
2025-10-03 08:00:00,0.575042,28752.100000000002,7310.0,21442.100000000002,0.0,397.07592592592596,0.0,9604.278490349036,0.0,0.0,0.0
2025-10-03 09:00:00,0.505087,25254.35,7310.0,17944.35,0.0,332.30277777777775,0.0,9936.581268126813,0.0,0.0,0.0
2025-10-03 10:00:00,0.452704,22635.2,7310.0,3424.611521152121,11900.58847884788,63.418731873187426,0.0,10000.0,0.0,0.0,0.0
2025-10-03 11:00:00,0.383149,19157.45,7310.0,0.0,11847.45,0.0,0.0,10000.0,0.0,0.0,0.0
2025-10-03 12:00:00,0.46942399999999995,23471.199999999997,7310.0,0.0,16161.199999999997,0.0,0.0,10000.0,0.0,0.0,0.0
2025-10-03 13:00:00,0.603274,30163.699999999997,7310.0,0.0,22853.699999999997,0.0,0.0,10000.0,0.0,0.0,0.0
2025-10-03 14:00:00,0.704071,35203.55,7310.0,0.0,27893.550000000003,0.0,0.0,10000.0,0.0,0.0,0.0
2025-10-03 15:00:00,0.7988569999999999,39942.85,7310.0,0.0,32632.85,0.0,0.0,10000.0,0.0,0.0,0.0
2025-10-03 16:00:00,0.8809539999999999,44047.7,7310.0,0.0,36737.7,0.0,0.0,10000.0,0.0,0.0,0.0
2025-10-03 17:00:00,0.928264,46413.2,7310.0,0.0,39103.2,0.0,0.0,10000.0,0.0,0.0,0.0
2025-10-03 18:00:00,0.959032,47951.6,7310.0,0.0,40641.6,0.0,0.0,10000.0,0.0,0.0,0.0
2025-10-03 19:00:00,0.9701150000000001,48505.75,7310.0,0.0,41195.75,0.0,0.0,10000.0,0.0,0.0,0.0
2025-10-03 20:00:00,0.971145,48557.25,7310.0,0.0,41247.25,0.0,0.0,10000.0,0.0,0.0,0.0
2025-10-03 21:00:00,0.9623250000000001,48116.25000000001,7310.0,0.0,40806.25000000001,0.0,0.0,10000.0,0.0,0.0,0.0
2025-10-03 22:00:00,0.935831,46791.549999999996,7310.0,0.0,39481.549999999996,0.0,0.0,10000.0,0.0,0.0,0.0
2025-10-03 23:00:00,0.9096660000000001,45483.3,7310.0,0.0,38173.3,0.0,0.0,10000.0,0.0,0.0,0.0
2025-10-04 00:00:00,0.8863,44315.0,7310.0,0.0,37005.0,0.0,0.0,10000.0,0.0,0.0,0.0
2025-10-04 01:00:00,0.8372609999999999,41863.049999999996,7310.0,0.0,34553.049999999996,0.0,0.0,10000.0,0.0,0.0,0.0
2025-10-04 02:00:00,0.842134,42106.700000000004,7310.0,0.0,34796.700000000004,0.0,0.0,10000.0,0.0,0.0,0.0
2025-10-04 03:00:00,0.8751319999999999,43756.6,7310.0,0.0,36446.6,0.0,0.0,10000.0,0.0,0.0,0.0
2025-10-04 04:00:00,0.889598,44479.9,7310.0,0.0,37169.9,0.0,0.0,10000.0,0.0,0.0,0.0
2025-10-04 05:00:00,0.911439,45571.95,7310.0,0.0,38261.95,0.0,0.0,10000.0,0.0,0.0,0.0
2025-10-04 06:00:00,0.925672,46283.600000000006,7310.0,0.0,38973.600000000006,0.0,0.0,10000.0,0.0,0.0,0.0
2025-10-04 07:00:00,0.938879,46943.950000000004,7310.0,0.0,39633.950000000004,0.0,0.0,10000.0,0.0,0.0,0.0
2025-10-04 08:00:00,0.962303,48115.15,7310.0,0.0,40805.15,0.0,0.0,10000.0,0.0,0.0,0.0
2025-10-04 09:00:00,0.978144,48907.2,7310.0,0.0,41597.2,0.0,0.0,10000.0,0.0,0.0,0.0
2025-10-04 10:00:00,0.986861,49343.05,7310.0,0.0,42033.05,0.0,0.0,10000.0,0.0,0.0,0.0
2025-10-04 11:00:00,0.9897039999999999,49485.2,7310.0,0.0,42175.2,0.0,0.0,10000.0,0.0,0.0,0.0
2025-10-04 12:00:00,0.989906,49495.299999999996,7310.0,0.0,42185.299999999996,0.0,0.0,10000.0,0.0,0.0,0.0
2025-10-04 13:00:00,0.986801,49340.05,7310.0,0.0,42030.05,0.0,0.0,10000.0,0.0,0.0,0.0
2025-10-04 14:00:00,0.973561,48678.05,7310.0,0.0,41368.05,0.0,0.0,10000.0,0.0,0.0,0.0
2025-10-04 15:00:00,0.952471,47623.549999999996,7310.0,0.0,40313.549999999996,0.0,0.0,10000.0,0.0,0.0,0.0
2025-10-04 16:00:00,0.927869,46393.450000000004,7310.0,0.0,39083.450000000004,0.0,0.0,10000.0,0.0,0.0,0.0
2025-10-04 17:00:00,0.8866269999999999,44331.35,7310.0,0.0,37021.35,0.0,0.0,10000.0,0.0,0.0,0.0
2025-10-04 18:00:00,0.862158,43107.9,7310.0,0.0,35797.9,0.0,0.0,10000.0,0.0,0.0,0.0
2025-10-04 19:00:00,0.855811,42790.55,7310.0,0.0,35480.55,0.0,0.0,10000.0,0.0,0.0,0.0
2025-10-04 20:00:00,0.855453,42772.65,7310.0,0.0,35462.65,0.0,0.0,10000.0,0.0,0.0,0.0
2025-10-04 21:00:00,0.857088,42854.4,7310.0,0.0,35544.4,0.0,0.0,10000.0,0.0,0.0,0.0
2025-10-04 22:00:00,0.857049,42852.45,7310.0,0.0,35542.45,0.0,0.0,10000.0,0.0,0.0,0.0
2025-10-04 23:00:00,0.850607,42530.35,7310.0,0.0,35220.35,0.0,0.0,10000.0,0.0,0.0,0.0
2025-10-05 00:00:00,0.851974,42598.7,7310.0,0.0,35288.7,0.0,0.0,10000.0,0.0,0.0,0.0
2025-10-05 01:00:00,0.855814,42790.7,7310.0,0.0,35480.7,0.0,0.0,10000.0,0.0,0.0,0.0
2025-10-05 02:00:00,0.857844,42892.200000000004,7310.0,0.0,35582.200000000004,0.0,0.0,10000.0,0.0,0.0,0.0
2025-10-05 03:00:00,0.846201,42310.049999999996,7310.0,0.0,35000.049999999996,0.0,0.0,10000.0,0.0,0.0,0.0
2025-10-05 04:00:00,0.82886,41443.0,7310.0,0.0,34133.0,0.0,0.0,10000.0,0.0,0.0,0.0
2025-10-05 05:00:00,0.8112999999999999,40564.99999999999,7310.0,0.0,33254.99999999999,0.0,0.0,10000.0,0.0,0.0,0.0
2025-10-05 06:00:00,0.801224,40061.200000000004,7310.0,0.0,32751.200000000004,0.0,0.0,10000.0,0.0,0.0,0.0
2025-10-05 07:00:00,0.7700629999999999,38503.149999999994,7310.0,0.0,31193.149999999994,0.0,0.0,10000.0,0.0,0.0,0.0
2025-10-05 08:00:00,0.768242,38412.1,7310.0,0.0,31102.1,0.0,0.0,10000.0,0.0,0.0,0.0
2025-10-05 09:00:00,0.815253,40762.65,7310.0,0.0,33452.65,0.0,0.0,10000.0,0.0,0.0,0.0
2025-10-05 10:00:00,0.811317,40565.85,7310.0,0.0,33255.85,0.0,0.0,10000.0,0.0,0.0,0.0
2025-10-05 11:00:00,0.780638,39031.9,7310.0,0.0,31721.9,0.0,0.0,10000.0,0.0,0.0,0.0
2025-10-05 12:00:00,0.758112,37905.6,7310.0,0.0,30595.6,0.0,0.0,10000.0,0.0,0.0,0.0
2025-10-05 13:00:00,0.743845,37192.25,7310.0,0.0,29882.25,0.0,0.0,10000.0,0.0,0.0,0.0
2025-10-05 14:00:00,0.7387619999999999,36938.1,7310.0,0.0,29628.1,0.0,0.0,10000.0,0.0,0.0,0.0
2025-10-05 15:00:00,0.703847,35192.35,7310.0,0.0,27882.35,0.0,0.0,10000.0,0.0,0.0,0.0
2025-10-05 16:00:00,0.6227619999999999,31138.099999999995,7310.0,0.0,23828.099999999995,0.0,0.0,10000.0,0.0,0.0,0.0
2025-10-05 17:00:00,0.52262,26131.0,7310.0,0.0,18821.0,0.0,0.0,10000.0,0.0,0.0,0.0
2025-10-05 18:00:00,0.435229,21761.449999999997,7310.0,0.0,14451.449999999997,0.0,0.0,10000.0,0.0,0.0,0.0
2025-10-05 19:00:00,0.419567,20978.350000000002,7310.0,0.0,13668.350000000002,0.0,0.0,10000.0,0.0,0.0,0.0
2025-10-05 20:00:00,0.41879,20939.5,7310.0,0.0,13629.5,0.0,0.0,10000.0,0.0,0.0,0.0
2025-10-05 21:00:00,0.41528899999999996,20764.449999999997,7310.0,0.0,13454.449999999997,0.0,0.0,10000.0,0.0,0.0,0.0
2025-10-05 22:00:00,0.40054199999999995,20027.1,7310.0,0.0,12717.099999999999,0.0,0.0,10000.0,0.0,0.0,0.0
2025-10-05 23:00:00,0.37639100000000003,18819.550000000003,7310.0,0.0,11509.550000000003,0.0,0.0,10000.0,0.0,0.0,0.0
2025-10-06 00:00:00,0.36426400000000003,18213.2,7310.0,0.0,10903.2,0.0,0.0,10000.0,0.0,0.0,0.0
2025-10-06 01:00:00,0.347251,17362.55,7310.0,0.0,10052.55,0.0,0.0,10000.0,0.0,0.0,0.0
2025-10-06 02:00:00,0.324853,16242.65,7310.0,0.0,8932.65,0.0,0.0,10000.0,0.0,0.0,0.0
2025-10-06 03:00:00,0.320092,16004.599999999999,7310.0,0.0,8694.599999999999,0.0,0.0,10000.0,0.0,0.0,0.0
2025-10-06 04:00:00,0.34782799999999997,17391.399999999998,7310.0,0.0,10081.399999999998,0.0,0.0,10000.0,0.0,0.0,0.0
2025-10-06 05:00:00,0.370996,18549.8,7310.0,0.0,11239.8,0.0,0.0,10000.0,0.0,0.0,0.0
2025-10-06 06:00:00,0.37355900000000003,18677.95,7310.0,0.0,11367.95,0.0,0.0,10000.0,0.0,0.0,0.0
2025-10-06 07:00:00,0.320044,16002.199999999999,7310.0,0.0,8692.199999999999,0.0,0.0,10000.0,0.0,0.0,0.0
2025-10-06 08:00:00,0.349145,17457.25,7310.0,0.0,10147.25,0.0,0.0,10000.0,0.0,0.0,0.0
2025-10-06 09:00:00,0.37743099999999996,18871.55,7310.0,0.0,11561.55,0.0,0.0,10000.0,0.0,0.0,0.0
2025-10-06 10:00:00,0.322598,16129.9,7310.0,0.0,8819.9,0.0,0.0,10000.0,0.0,0.0,0.0
2025-10-06 11:00:00,0.2724,13619.999999999998,7310.0,0.0,6309.999999999998,0.0,0.0,10000.0,0.0,0.0,0.0
2025-10-06 12:00:00,0.232937,11646.85,7310.0,0.0,4336.85,0.0,0.0,10000.0,0.0,0.0,0.0
2025-10-06 13:00:00,0.211627,10581.35,7310.0,0.0,3271.3500000000004,0.0,0.0,10000.0,0.0,0.0,0.0
2025-10-06 14:00:00,0.21066100000000001,10533.050000000001,7310.0,0.0,3223.050000000001,0.0,0.0,10000.0,0.0,0.0,0.0
2025-10-06 15:00:00,0.223429,11171.449999999999,7310.0,0.0,3861.449999999999,0.0,0.0,10000.0,0.0,0.0,0.0
2025-10-06 16:00:00,0.225242,11262.1,7310.0,0.0,3952.1000000000004,0.0,0.0,10000.0,0.0,0.0,0.0
2025-10-06 17:00:00,0.28027199999999997,14013.599999999999,7310.0,0.0,6703.5999999999985,0.0,0.0,10000.0,0.0,0.0,0.0
2025-10-06 18:00:00,0.34478699999999995,17239.35,7310.0,0.0,9929.349999999999,0.0,0.0,10000.0,0.0,0.0,0.0
2025-10-06 19:00:00,0.354995,17749.75,7310.0,0.0,10439.75,0.0,0.0,10000.0,0.0,0.0,0.0
2025-10-06 20:00:00,0.325149,16257.45,7310.0,0.0,8947.45,0.0,0.0,10000.0,0.0,0.0,0.0
2025-10-06 21:00:00,0.293871,14693.55,7310.0,0.0,7383.549999999999,0.0,0.0,10000.0,0.0,0.0,0.0
2025-10-06 22:00:00,0.263721,13186.05,7310.0,0.0,5876.049999999999,0.0,0.0,10000.0,0.0,0.0,0.0
2025-10-06 23:00:00,0.247727,12386.35,7310.0,0.0,5076.35,0.0,0.0,10000.0,0.0,0.0,0.0
2025-10-07 00:00:00,0.250975,12548.75,7310.0,0.0,5238.75,0.0,0.0,10000.0,0.0,0.0,0.0
2025-10-07 01:00:00,0.266635,13331.75,7310.0,0.0,6021.75,0.0,0.0,10000.0,0.0,0.0,0.0
2025-10-07 02:00:00,0.277991,13899.55,7310.0,0.0,6589.549999999999,0.0,0.0,10000.0,0.0,0.0,0.0
2025-10-07 03:00:00,0.274424,13721.2,7310.0,0.0,6411.200000000001,0.0,0.0,10000.0,0.0,0.0,0.0
2025-10-07 04:00:00,0.268532,13426.6,7310.0,0.0,6116.6,0.0,0.0,10000.0,0.0,0.0,0.0
2025-10-07 05:00:00,0.26296800000000004,13148.400000000001,7310.0,0.0,5838.4000000000015,0.0,0.0,10000.0,0.0,0.0,0.0
2025-10-07 06:00:00,0.261384,13069.2,7310.0,0.0,5759.200000000001,0.0,0.0,10000.0,0.0,0.0,0.0
2025-10-07 07:00:00,0.196419,9820.95,7310.0,0.0,2510.9500000000007,0.0,0.0,10000.0,0.0,0.0,0.0
2025-10-07 08:00:00,0.20396799999999998,10198.4,7310.0,0.0,2888.3999999999996,0.0,0.0,10000.0,0.0,0.0,0.0
2025-10-07 09:00:00,0.221439,11071.95,7310.0,0.0,3761.9500000000007,0.0,0.0,10000.0,0.0,0.0,0.0
2025-10-07 10:00:00,0.203231,10161.55,7310.0,0.0,2851.5499999999993,0.0,0.0,10000.0,0.0,0.0,0.0
2025-10-07 11:00:00,0.18835,9417.5,7310.0,0.0,2107.5,0.0,0.0,10000.0,0.0,0.0,0.0
2025-10-07 12:00:00,0.194024,9701.2,7310.0,0.0,2391.2000000000007,0.0,0.0,10000.0,0.0,0.0,0.0
2025-10-07 13:00:00,0.201648,10082.4,7310.0,0.0,2772.3999999999996,0.0,0.0,10000.0,0.0,0.0,0.0
2025-10-07 14:00:00,0.21749600000000002,10874.800000000001,7310.0,0.0,3564.800000000001,0.0,0.0,10000.0,0.0,0.0,0.0
2025-10-07 15:00:00,0.210059,10502.949999999999,7310.0,0.0,3192.949999999999,0.0,0.0,10000.0,0.0,0.0,0.0
2025-10-07 16:00:00,0.182235,9111.75,7310.0,0.0,1801.75,0.0,0.0,10000.0,0.0,0.0,0.0
2025-10-07 17:00:00,0.191055,9552.75,7310.0,0.0,2242.75,0.0,0.0,10000.0,0.0,0.0,0.0
2025-10-07 18:00:00,0.209081,10454.05,7310.0,0.0,3144.0499999999993,0.0,0.0,10000.0,0.0,0.0,0.0
2025-10-07 19:00:00,0.218833,10941.65,7310.0,0.0,3631.6499999999996,0.0,0.0,10000.0,0.0,0.0,0.0
2025-10-07 20:00:00,0.22139799999999998,11069.9,7310.0,0.0,3759.8999999999996,0.0,0.0,10000.0,0.0,0.0,0.0
2025-10-07 21:00:00,0.230063,11503.15,7310.0,0.0,4193.15,0.0,0.0,10000.0,0.0,0.0,0.0
2025-10-07 22:00:00,0.242976,12148.8,7310.0,0.0,4838.799999999999,0.0,0.0,10000.0,0.0,0.0,0.0
2025-10-07 23:00:00,0.253313,12665.65,7310.0,0.0,5355.65,0.0,0.0,10000.0,0.0,0.0,0.0
2025-10-08 00:00:00,0.250969,12548.45,7310.0,0.0,5238.450000000001,0.0,0.0,10000.0,0.0,0.0,0.0
2025-10-08 01:00:00,0.242982,12149.1,7310.0,0.0,4839.1,0.0,0.0,10000.0,0.0,0.0,0.0
2025-10-08 02:00:00,0.24073599999999998,12036.8,7310.0,0.0,4726.799999999999,0.0,0.0,10000.0,0.0,0.0,0.0
2025-10-08 03:00:00,0.23260499999999998,11630.249999999998,7310.0,0.0,4320.249999999998,0.0,0.0,10000.0,0.0,0.0,0.0
2025-10-08 04:00:00,0.213445,10672.25,7310.0,0.0,3362.25,0.0,0.0,10000.0,0.0,0.0,0.0
2025-10-08 05:00:00,0.195448,9772.4,7310.0,0.0,2462.3999999999996,0.0,0.0,10000.0,0.0,0.0,0.0
2025-10-08 06:00:00,0.17937299999999998,8968.65,7310.0,0.0,1658.6499999999996,0.0,0.0,10000.0,0.0,0.0,0.0
2025-10-08 07:00:00,0.135364,6768.200000000001,6768.200000000001,0.0,0.0,0.0,34.22236960538155,9965.77763039462,541.7999999999993,0.0,0.0
2025-10-08 08:00:00,0.09000100000000001,4500.05,4500.05,0.0,0.0,0.0,177.4882751433038,9788.289355251316,2809.95,0.0,0.0
2025-10-08 09:00:00,0.082266,4113.3,4113.3,0.0,0.0,0.0,201.91703380864402,9586.372321442672,3196.7,0.0,0.0
2025-10-08 10:00:00,0.072196,3609.7999999999997,3609.7999999999997,0.0,0.0,0.0,233.72021412667587,9352.652107315997,3700.2000000000003,0.0,0.0
2025-10-08 11:00:00,0.062615,3130.75,3130.75,0.0,0.0,0.0,263.97902948189557,9088.6730778341,4179.25,0.0,0.0
2025-10-08 12:00:00,0.062665,3133.25,3133.25,0.0,0.0,0.0,263.82111895400067,8824.8519588801,4176.75,0.0,0.0
2025-10-08 13:00:00,0.07447,3723.4999999999995,3723.4999999999995,0.0,0.0,0.0,226.53844331801608,8598.313515562084,3586.5000000000005,0.0,0.0
2025-10-08 14:00:00,0.09141800000000001,4570.900000000001,4570.900000000001,0.0,0.0,0.0,173.01309078276248,8425.300424779321,2739.0999999999995,0.0,0.0
2025-10-08 15:00:00,0.10606,5303.0,5303.0,0.0,0.0,0.0,126.77057179402152,8298.5298529853,2007.0,0.0,0.0
2025-10-08 16:00:00,0.117354,5867.7,5867.7,0.0,0.0,0.0,91.10174175312271,8207.428111232179,1442.3000000000002,0.0,0.0
2025-10-08 17:00:00,0.146881,7344.05,7310.0,34.05000000000018,0.0,0.630555555555559,0.0,8208.058666787734,0.0,0.0,0.0
2025-10-08 18:00:00,0.178882,8944.1,7310.0,1634.1000000000004,0.0,30.261111111111116,0.0,8238.319777898845,0.0,0.0,0.0
2025-10-08 19:00:00,0.202703,10135.15,7310.0,2825.1499999999996,0.0,52.31759259259258,0.0,8290.637370491439,0.0,0.0,0.0
2025-10-08 20:00:00,0.209678,10483.9,7310.0,3173.8999999999996,0.0,58.77592592592592,0.0,8349.413296417364,0.0,0.0,0.0
2025-10-08 21:00:00,0.200853,10042.65,7310.0,2732.6499999999996,0.0,50.60462962962962,0.0,8400.017926046994,0.0,0.0,0.0
2025-10-08 22:00:00,0.181293,9064.65,7310.0,1754.6499999999996,0.0,32.49351851851851,0.0,8432.511444565513,0.0,0.0,0.0
2025-10-08 23:00:00,0.167417,8370.85,7310.0,1060.8500000000004,0.0,19.645370370370376,0.0,8452.156814935883,0.0,0.0,0.0
2025-10-09 00:00:00,0.16417199999999998,8208.599999999999,7310.0,898.5999999999985,0.0,16.640740740740714,0.0,8468.797555676623,0.0,0.0,0.0
2025-10-09 01:00:00,0.161299,8064.95,7310.0,754.9499999999998,0.0,13.980555555555553,0.0,8482.778111232179,0.0,0.0,0.0
2025-10-09 02:00:00,0.159732,7986.6,7310.0,676.6000000000004,0.0,12.529629629629637,0.0,8495.307740861808,0.0,0.0,0.0
2025-10-09 03:00:00,0.169519,8475.95,7310.0,1165.9500000000007,0.0,21.59166666666668,0.0,8516.899407528475,0.0,0.0,0.0
2025-10-09 04:00:00,0.19437200000000002,9718.6,7310.0,2408.6000000000004,0.0,44.60370370370371,0.0,8561.50311123218,0.0,0.0,0.0
2025-10-09 05:00:00,0.22324100000000002,11162.050000000001,7310.0,3852.050000000001,0.0,71.33425925925928,0.0,8632.83737049144,0.0,0.0,0.0
2025-10-09 06:00:00,0.223376,11168.8,7310.0,3858.799999999999,4.547473508864641e-13,71.45925925925924,0.0,8704.2966297507,0.0,0.0,0.0
2025-10-09 07:00:00,0.15127000000000002,7563.500000000001,7310.0,253.5000000000009,0.0,4.6944444444444615,0.0,8708.991074195144,0.0,0.0,0.0
2025-10-09 08:00:00,0.08119799999999999,4059.8999999999996,4059.8999999999996,0.0,0.0,0.0,205.29000268447902,8503.701071510666,3250.1000000000004,0.0,0.0
2025-10-09 09:00:00,0.112028,5601.400000000001,5601.400000000001,0.0,0.0,0.0,107.92237118448685,8395.77870032618,1708.5999999999995,0.0,0.0
2025-10-09 10:00:00,0.121252,6062.6,6062.6,0.0,0.0,0.0,78.79103699843667,8316.987663327744,1247.3999999999996,0.0,0.0
2025-10-09 11:00:00,0.13372,6686.0,6686.0,0.0,0.0,0.0,39.414467762565735,8277.573195565177,624.0,0.0,0.0
2025-10-09 12:00:00,0.156767,7838.349999999999,7310.0,528.3499999999995,0.0,9.78425925925925,0.0,8287.357454824436,0.0,0.0,0.0
2025-10-09 13:00:00,0.18048599999999998,9024.3,7310.0,1714.2999999999993,0.0,31.746296296296283,0.0,8319.103751120732,0.0,0.0,0.0
2025-10-09 14:00:00,0.19131499999999999,9565.75,7310.0,2255.75,0.0,41.773148148148145,0.0,8360.87689926888,0.0,0.0,0.0
2025-10-09 15:00:00,0.192778,9638.9,7310.0,2328.8999999999996,0.0,43.12777777777777,0.0,8404.004677046658,0.0,0.0,0.0
2025-10-09 16:00:00,0.177674,8883.7,7310.0,1573.7000000000007,0.0,29.142592592592607,0.0,8433.14726963925,0.0,0.0,0.0
2025-10-09 17:00:00,0.17157,8578.5,7310.0,1268.5,0.0,23.49074074074074,0.0,8456.638010379991,0.0,0.0,0.0
2025-10-09 18:00:00,0.175361,8768.05,7310.0,1458.0499999999993,0.0,27.000925925925912,0.0,8483.638936305917,0.0,0.0,0.0
2025-10-09 19:00:00,0.18024500000000002,9012.25,7310.0,1702.25,0.0,31.52314814814815,0.0,8515.162084454065,0.0,0.0,0.0
2025-10-09 20:00:00,0.186644,9332.2,7310.0,2022.2000000000007,0.0,37.448148148148164,0.0,8552.610232602214,0.0,0.0,0.0
2025-10-09 21:00:00,0.19515100000000002,9757.550000000001,7310.0,2447.550000000001,0.0,45.32500000000002,0.0,8597.935232602214,0.0,0.0,0.0
2025-10-09 22:00:00,0.20773599999999998,10386.8,7310.0,3076.7999999999993,0.0,56.97777777777777,0.0,8654.913010379993,0.0,0.0,0.0
2025-10-09 23:00:00,0.223075,11153.75,7310.0,3843.75,0.0,71.18055555555556,0.0,8726.093565935547,0.0,0.0,0.0
2025-10-10 00:00:00,0.232026,11601.300000000001,7310.0,4291.300000000001,0.0,79.46851851851854,0.0,8805.562084454066,0.0,0.0,0.0
2025-10-10 01:00:00,0.225273,11263.65,7310.0,3953.649999999999,4.547473508864641e-13,73.21574074074073,0.0,8878.777825194808,0.0,0.0,0.0
2025-10-10 02:00:00,0.213071,10653.550000000001,7310.0,3343.550000000001,0.0,61.91759259259261,0.0,8940.6954177874,0.0,0.0,0.0
2025-10-10 03:00:00,0.20815799999999998,10407.9,7310.0,3097.8999999999996,0.0,57.36851851851851,0.0,8998.063936305918,0.0,0.0,0.0
2025-10-10 04:00:00,0.206297,10314.85,7310.0,3004.8500000000004,0.0,55.64537037037038,0.0,9053.709306676288,0.0,0.0,0.0
2025-10-10 05:00:00,0.194923,9746.150000000001,7310.0,2436.1500000000015,0.0,45.113888888888916,0.0,9098.823195565177,0.0,0.0,0.0
2025-10-10 06:00:00,0.178649,8932.45,7310.0,1622.4500000000007,0.0,30.045370370370385,0.0,9128.868565935547,0.0,0.0,0.0
2025-10-10 07:00:00,0.127892,6394.6,6394.6,0.0,0.0,0.0,57.820518893994645,9071.048047041551,915.3999999999996,0.0,0.0
2025-10-10 08:00:00,0.066533,3326.6499999999996,3326.6499999999996,0.0,0.0,0.0,251.60516051605165,8819.4428865255,3983.3500000000004,0.0,0.0
2025-10-10 09:00:00,0.06834399999999999,3417.1999999999994,3417.1999999999994,0.0,0.0,0.0,245.88564119569858,8573.557245329801,3892.8000000000006,0.0,0.0
2025-10-10 10:00:00,0.057764,2888.2000000000003,2888.2000000000003,0.0,0.0,0.0,279.29950889825824,8294.257736431542,4421.799999999999,0.0,0.0
2025-10-10 11:00:00,0.041595999999999994,2079.7999999999997,2079.7999999999997,0.0,0.0,0.0,330.3614571983515,7963.89627923319,5230.200000000001,0.0,0.0
2025-10-10 12:00:00,0.032615000000000005,1630.7500000000002,1630.7500000000002,0.0,0.0,0.0,358.72534621883244,7605.170933014358,5679.25,0.0,0.0
2025-10-10 13:00:00,0.029244,1462.2,1462.2,0.0,0.0,0.0,369.37167400950625,7235.799259004852,5847.8,0.0,0.0
2025-10-10 14:00:00,0.029183,1459.15,1459.15,0.0,0.0,0.0,369.56432485353804,6866.234934151314,5850.85,0.0,0.0
2025-10-10 15:00:00,0.031679,1583.95,1583.95,0.0,0.0,0.0,361.6814313010249,6504.553502850289,5726.05,0.0,0.0
2025-10-10 16:00:00,0.041212000000000006,2060.6000000000004,2060.6000000000004,0.0,0.0,0.0,331.57421005258425,6172.979292797705,5249.4,0.0,0.0
2025-10-10 17:00:00,0.058624,2931.2000000000003,2931.2000000000003,0.0,0.0,0.0,276.583447818466,5896.395844979239,4378.799999999999,0.0,0.0
2025-10-10 18:00:00,0.07014400000000001,3507.2000000000007,3507.2000000000007,0.0,0.0,0.0,240.2008621914823,5656.194982787757,3802.7999999999993,0.0,0.0
2025-10-10 19:00:00,0.073301,3665.05,3665.05,0.0,0.0,0.0,230.23039146019866,5425.964591327558,3644.95,0.0,0.0
2025-10-10 20:00:00,0.075006,3750.3,3750.3,0.0,0.0,0.0,224.84564245898275,5201.118948868575,3559.7,0.0,0.0
2025-10-10 21:00:00,0.084074,4203.7,4203.7,0.0,0.0,0.0,196.20698911996467,5004.911959748611,3106.3,0.0,0.0
2025-10-10 22:00:00,0.099927,4996.35,4996.35,0.0,0.0,0.0,146.1398771456093,4858.772082603001,2313.6499999999996,0.0,0.0
2025-10-10 23:00:00,0.113015,5650.75,5650.75,0.0,0.0,0.0,104.80521736384166,4753.966865239159,1659.25,0.0,0.0
2025-10-11 00:00:00,0.117772,5888.6,5888.6,0.0,0.0,0.0,89.78160973992135,4664.185255499238,1421.3999999999996,0.0,0.0
2025-10-11 01:00:00,0.113948,5697.4,5697.4,0.0,0.0,0.0,101.85860691332294,4562.326648585916,1612.6000000000004,0.0,0.0
2025-10-11 02:00:00,0.10743899999999999,5371.95,5371.95,0.0,0.0,0.0,122.41539943468034,4439.911249151235,1938.0500000000002,0.0,0.0
2025-10-11 03:00:00,0.100628,5031.4,5031.4,0.0,0.0,0.0,143.92597154452292,4295.985277606712,2278.6000000000004,0.0,0.0
2025-10-11 04:00:00,0.091434,4571.7,4571.7,0.0,0.0,0.0,172.96255941383615,4123.022718192876,2738.3,0.0,0.0
2025-10-11 05:00:00,0.081346,4067.3,4067.3,0.0,0.0,0.0,204.8225875219101,3918.200130670966,3242.7,0.0,0.0
2025-10-11 06:00:00,0.071963,3598.15,3598.15,0.0,0.0,0.0,234.45607718666605,3683.7440534843,3711.85,0.0,0.0
2025-10-11 07:00:00,0.057761,2888.05,2888.05,0.0,0.0,0.0,279.30898352993194,3404.435069954368,4421.95,0.0,0.0
2025-10-11 08:00:00,0.039254,1962.6999999999998,1962.6999999999998,0.0,0.0,0.0,337.7579863249483,3066.6770836294195,5347.3,0.0,0.0
2025-10-11 09:00:00,0.032699,1634.95,1634.95,0.0,0.0,0.0,358.46005653196903,2708.21702709745,5675.05,0.0,0.0
2025-10-11 10:00:00,0.026504,1325.2,1325.2,0.0,0.0,0.0,378.0251709381465,2330.191856159304,5984.8,0.0,0.0
2025-10-11 11:00:00,0.016983,849.1500000000001,849.1500000000001,0.0,0.0,0.0,408.09449365989235,1922.0973624994115,6460.85,0.0,0.0
2025-10-11 12:00:00,0.010582000000000001,529.1,529.1,0.0,0.0,0.0,428.31019944099677,1493.7871630584148,6780.9,0.0,0.0
2025-10-11 13:00:00,0.007774,388.7,388.7,0.0,0.0,0.0,437.17845468757406,1056.6087083708408,6921.3,0.0,0.0
2025-10-11 14:00:00,0.007509,375.45,375.45,0.0,0.0,0.0,438.01538048541704,618.5933278854237,6934.55,0.0,0.0
2025-10-11 15:00:00,0.009132,456.59999999999997,456.59999999999997,0.0,0.0,0.0,432.8896047499487,185.703723135475,6853.4,0.0,0.0
2025-10-11 16:00:00,0.015827,791.35,791.35,0.0,0.0,0.0,185.703723135475,0.0,2940.014918750056,3578.6350812499436,0.0
2025-10-11 17:00:00,0.029106,1455.3,1455.3,0.0,0.0,0.0,0.0,0.0,0.0,5854.7,0.0
2025-10-11 18:00:00,0.043285,2164.25,2164.25,0.0,0.0,0.0,0.0,0.0,0.0,5145.75,0.0
2025-10-11 19:00:00,0.056444,2822.2000000000003,2822.2000000000003,0.0,0.0,0.0,0.0,0.0,0.0,4487.799999999999,0.0
2025-10-11 20:00:00,0.067383,3369.15,3369.15,0.0,0.0,0.0,0.0,0.0,0.0,3940.85,0.0
2025-10-11 21:00:00,0.07640300000000001,3820.1500000000005,3820.1500000000005,0.0,0.0,0.0,0.0,0.0,0.0,3489.8499999999995,0.0
2025-10-11 22:00:00,0.077819,3890.95,3890.95,0.0,0.0,0.0,0.0,0.0,0.0,3419.05,0.0
2025-10-11 23:00:00,0.070425,3521.25,3521.25,0.0,0.0,0.0,0.0,0.0,0.0,3788.75,0.0
2025-10-12 00:00:00,0.057767000000000006,2888.3500000000004,2888.3500000000004,0.0,0.0,0.0,0.0,0.0,0.0,4421.65,0.0
2025-10-12 01:00:00,0.043357999999999994,2167.8999999999996,2167.8999999999996,0.0,0.0,0.0,0.0,0.0,0.0,5142.1,0.0
2025-10-12 02:00:00,0.031583,1579.15,1579.15,0.0,0.0,0.0,0.0,0.0,0.0,5730.85,0.0
2025-10-12 03:00:00,0.025311,1265.55,1265.55,0.0,0.0,0.0,0.0,0.0,0.0,6044.45,0.0
2025-10-12 04:00:00,0.029165,1458.25,1458.25,0.0,0.0,0.0,0.0,0.0,0.0,5851.75,0.0
2025-10-12 05:00:00,0.046505000000000005,2325.2500000000005,2325.2500000000005,0.0,0.0,0.0,0.0,0.0,0.0,4984.75,0.0
2025-10-12 06:00:00,0.070517,3525.85,3525.85,0.0,0.0,0.0,0.0,0.0,0.0,3784.15,0.0
2025-10-12 07:00:00,0.065831,3291.55,3291.55,0.0,0.0,0.0,0.0,0.0,0.0,4018.45,0.0
2025-10-12 08:00:00,0.045643,2282.15,2282.15,0.0,0.0,0.0,0.0,0.0,0.0,5027.85,0.0
2025-10-12 09:00:00,0.03853,1926.5,1926.5,0.0,0.0,0.0,0.0,0.0,0.0,5383.5,0.0
2025-10-12 10:00:00,0.046868,2343.4,2343.4,0.0,0.0,0.0,0.0,0.0,0.0,4966.6,0.0
2025-10-12 11:00:00,0.061057,3052.85,3052.85,0.0,0.0,0.0,0.0,0.0,0.0,4257.15,0.0
2025-10-12 12:00:00,0.06953400000000001,3476.7000000000007,3476.7000000000007,0.0,0.0,0.0,0.0,0.0,0.0,3833.2999999999993,0.0
2025-10-12 13:00:00,0.076432,3821.6,3821.6,0.0,0.0,0.0,0.0,0.0,0.0,3488.4,0.0
2025-10-12 14:00:00,0.079235,3961.75,3961.75,0.0,0.0,0.0,0.0,0.0,0.0,3348.25,0.0
2025-10-12 15:00:00,0.085017,4250.849999999999,4250.849999999999,0.0,0.0,0.0,0.0,0.0,0.0,3059.1500000000005,0.0
2025-10-12 16:00:00,0.09378600000000001,4689.3,4689.3,0.0,0.0,0.0,0.0,0.0,0.0,2620.7,0.0
2025-10-12 17:00:00,0.119599,5979.95,5979.95,0.0,0.0,0.0,0.0,0.0,0.0,1330.0500000000002,0.0
2025-10-12 18:00:00,0.152362,7618.099999999999,7310.0,308.09999999999945,0.0,5.705555555555545,0.0,5.705555555555545,0.0,0.0,0.0
2025-10-12 19:00:00,0.185035,9251.75,7310.0,1941.7500000000002,-2.2737367544323206e-13,35.958333333333336,0.0,41.66388888888888,0.0,0.0,0.0
2025-10-12 20:00:00,0.21865,10932.5,7310.0,3622.4999999999995,4.547473508864641e-13,67.08333333333333,0.0,108.7472222222222,0.0,0.0,0.0
2025-10-12 21:00:00,0.253031,12651.550000000001,7310.0,5341.550000000001,0.0,98.91759259259261,0.0,207.6648148148148,0.0,0.0,0.0
2025-10-12 22:00:00,0.288868,14443.400000000001,7310.0,7133.4000000000015,0.0,132.10000000000002,0.0,339.7648148148148,0.0,0.0,0.0
2025-10-12 23:00:00,0.299988,14999.4,7310.0,7689.400000000001,-9.094947017729282e-13,142.3962962962963,0.0,482.16111111111115,0.0,0.0,0.0
2025-10-13 00:00:00,0.29136700000000004,14568.350000000002,7310.0,7258.350000000001,9.094947017729282e-13,134.41388888888892,0.0,616.575,0.0,0.0,0.0
2025-10-13 01:00:00,0.267245,13362.25,7310.0,6052.25,0.0,112.07870370370371,0.0,728.6537037037037,0.0,0.0,0.0
2025-10-13 02:00:00,0.245261,12263.050000000001,7310.0,4953.050000000001,0.0,91.72314814814817,0.0,820.3768518518519,0.0,0.0,0.0
2025-10-13 03:00:00,0.235792,11789.6,7310.0,4479.6,0.0,82.95555555555556,0.0,903.3324074074075,0.0,0.0,0.0
2025-10-13 04:00:00,0.246205,12310.25,7310.0,5000.25,0.0,92.59722222222223,0.0,995.9296296296297,0.0,0.0,0.0
2025-10-13 05:00:00,0.273661,13683.05,7310.0,6373.049999999999,0.0,118.01944444444443,0.0,1113.9490740740741,0.0,0.0,0.0
2025-10-13 06:00:00,0.295272,14763.599999999999,7310.0,7453.5999999999985,0.0,138.0296296296296,0.0,1251.9787037037038,0.0,0.0,0.0
2025-10-13 07:00:00,0.25766100000000003,12883.050000000001,7310.0,5573.050000000001,0.0,103.20462962962965,0.0,1355.1833333333334,0.0,0.0,0.0
2025-10-13 08:00:00,0.20618199999999998,10309.099999999999,7310.0,2999.0999999999985,0.0,55.53888888888886,0.0,1410.7222222222222,0.0,0.0,0.0
2025-10-13 09:00:00,0.240508,12025.4,7310.0,4715.4,0.0,87.32222222222221,0.0,1498.0444444444445,0.0,0.0,0.0
2025-10-13 10:00:00,0.239008,11950.4,7310.0,4640.4,0.0,85.93333333333332,0.0,1583.9777777777779,0.0,0.0,0.0
2025-10-13 11:00:00,0.229252,11462.6,7310.0,4152.6,0.0,76.9,0.0,1660.877777777778,0.0,0.0,0.0
2025-10-13 12:00:00,0.226133,11306.65,7310.0,3996.6499999999996,0.0,74.01203703703703,0.0,1734.889814814815,0.0,0.0,0.0
2025-10-13 13:00:00,0.234123,11706.15,7310.0,4396.15,0.0,81.41018518518518,0.0,1816.3000000000002,0.0,0.0,0.0
2025-10-13 14:00:00,0.245274,12263.699999999999,7310.0,4953.699999999999,0.0,91.73518518518516,0.0,1908.0351851851854,0.0,0.0,0.0
2025-10-13 15:00:00,0.249778,12488.9,7310.0,5178.9,0.0,95.90555555555555,0.0,2003.940740740741,0.0,0.0,0.0
2025-10-13 16:00:00,0.232943,11647.150000000001,7310.0,4337.1500000000015,0.0,80.31759259259262,0.0,2084.2583333333337,0.0,0.0,0.0
2025-10-13 17:00:00,0.282342,14117.099999999999,7310.0,6807.0999999999985,0.0,126.05740740740738,0.0,2210.315740740741,0.0,0.0,0.0
2025-10-13 18:00:00,0.32176699999999997,16088.349999999999,7310.0,8778.349999999999,0.0,162.56203703703702,0.0,2372.877777777778,0.0,0.0,0.0
2025-10-13 19:00:00,0.304981,15249.05,7310.0,7939.049999999998,9.094947017729282e-13,147.01944444444442,0.0,2519.897222222223,0.0,0.0,0.0
2025-10-13 20:00:00,0.296542,14827.099999999999,7310.0,7517.0999999999985,0.0,139.20555555555552,0.0,2659.102777777778,0.0,0.0,0.0
2025-10-13 21:00:00,0.281709,14085.449999999999,7310.0,6775.449999999999,0.0,125.47129629629627,0.0,2784.5740740740744,0.0,0.0,0.0
2025-10-13 22:00:00,0.25999700000000003,12999.850000000002,7310.0,5689.850000000002,0.0,105.36759259259263,0.0,2889.941666666667,0.0,0.0,0.0
2025-10-13 23:00:00,0.232932,11646.6,7310.0,4336.6,0.0,80.30740740740741,0.0,2970.2490740740745,0.0,0.0,0.0
2025-10-14 00:00:00,0.212261,10613.050000000001,7310.0,3303.050000000001,0.0,61.16759259259261,0.0,3031.416666666667,0.0,0.0,0.0
2025-10-14 01:00:00,0.20685900000000002,10342.95,7310.0,3032.9500000000007,0.0,56.16574074074075,0.0,3087.5824074074076,0.0,0.0,0.0
2025-10-14 02:00:00,0.222923,11146.15,7310.0,3836.1499999999996,0.0,71.0398148148148,0.0,3158.6222222222223,0.0,0.0,0.0
2025-10-14 03:00:00,0.237503,11875.15,7310.0,4565.15,0.0,84.5398148148148,0.0,3243.162037037037,0.0,0.0,0.0
2025-10-14 04:00:00,0.234034,11701.699999999999,7310.0,4391.699999999999,0.0,81.32777777777775,0.0,3324.4898148148145,0.0,0.0,0.0
2025-10-14 05:00:00,0.219589,10979.45,7310.0,3669.450000000001,-4.547473508864641e-13,67.9527777777778,0.0,3392.4425925925925,0.0,0.0,0.0
2025-10-14 06:00:00,0.203676,10183.8,7310.0,2873.7999999999993,0.0,53.21851851851851,0.0,3445.661111111111,0.0,0.0,0.0
2025-10-14 07:00:00,0.168054,8402.7,7310.0,1092.7000000000007,0.0,20.2351851851852,0.0,3465.8962962962964,0.0,0.0,0.0
2025-10-14 08:00:00,0.16862,8431.0,7310.0,1121.0,0.0,20.75925925925926,0.0,3486.6555555555556,0.0,0.0,0.0
2025-10-14 09:00:00,0.18520599999999998,9260.3,7310.0,1950.2999999999993,0.0,36.11666666666665,0.0,3522.7722222222224,0.0,0.0,0.0
2025-10-14 10:00:00,0.162964,8148.2,7310.0,838.1999999999998,0.0,15.522222222222219,0.0,3538.2944444444447,0.0,0.0,0.0
2025-10-14 11:00:00,0.153158,7657.9,7310.0,347.89999999999964,0.0,6.442592592592586,0.0,3544.737037037037,0.0,0.0,0.0
2025-10-14 12:00:00,0.154561,7728.05,7310.0,418.0500000000002,0.0,7.74166666666667,0.0,3552.478703703704,0.0,0.0,0.0
2025-10-14 13:00:00,0.167208,8360.4,7310.0,1050.3999999999996,0.0,19.451851851851846,0.0,3571.9305555555557,0.0,0.0,0.0
2025-10-14 14:00:00,0.184336,9216.8,7310.0,1906.7999999999993,0.0,35.311111111111096,0.0,3607.241666666667,0.0,0.0,0.0
2025-10-14 15:00:00,0.209141,10457.05,7310.0,3147.0499999999993,0.0,58.27870370370369,0.0,3665.5203703703705,0.0,0.0,0.0
2025-10-14 16:00:00,0.222285,11114.25,7310.0,3804.25,0.0,70.44907407407408,0.0,3735.9694444444444,0.0,0.0,0.0
2025-10-14 17:00:00,0.252293,12614.65,7310.0,5304.65,0.0,98.23425925925925,0.0,3834.2037037037035,0.0,0.0,0.0
2025-10-14 18:00:00,0.27102699999999996,13551.349999999999,7310.0,6241.3499999999985,0.0,115.58055555555553,0.0,3949.784259259259,0.0,0.0,0.0
2025-10-14 19:00:00,0.253085,12654.25,7310.0,5344.25,0.0,98.9675925925926,0.0,4048.751851851852,0.0,0.0,0.0
2025-10-14 20:00:00,0.236292,11814.6,7310.0,4504.6,0.0,83.41851851851852,0.0,4132.170370370371,0.0,0.0,0.0
2025-10-14 21:00:00,0.24074199999999998,12037.099999999999,7310.0,4727.0999999999985,0.0,87.53888888888886,0.0,4219.70925925926,0.0,0.0,0.0
2025-10-14 22:00:00,0.26327100000000003,13163.550000000001,7310.0,5853.550000000001,0.0,108.3990740740741,0.0,4328.108333333334,0.0,0.0,0.0
2025-10-14 23:00:00,0.266495,13324.75,7310.0,6014.75,0.0,111.38425925925925,0.0,4439.492592592593,0.0,0.0,0.0
2025-10-15 00:00:00,0.278026,13901.3,7310.0,6591.299999999999,0.0,122.0611111111111,0.0,4561.553703703704,0.0,0.0,0.0
2025-10-15 01:00:00,0.265884,13294.2,7310.0,5984.200000000001,0.0,110.81851851851853,0.0,4672.372222222222,0.0,0.0,0.0
2025-10-15 02:00:00,0.263735,13186.75,7310.0,5876.75,0.0,108.82870370370371,0.0,4781.200925925926,0.0,0.0,0.0
2025-10-15 03:00:00,0.250454,12522.7,7310.0,5212.700000000001,0.0,96.53148148148149,0.0,4877.732407407408,0.0,0.0,0.0
2025-10-15 04:00:00,0.23685499999999998,11842.75,7310.0,4532.75,0.0,83.93981481481481,0.0,4961.672222222222,0.0,0.0,0.0
2025-10-15 05:00:00,0.23068,11534.0,7310.0,4224.0,0.0,78.22222222222223,0.0,5039.894444444445,0.0,0.0,0.0
2025-10-15 06:00:00,0.21982,10991.0,7310.0,3681.0000000000005,-4.547473508864641e-13,68.16666666666667,0.0,5108.061111111112,0.0,0.0,0.0
2025-10-15 07:00:00,0.193511,9675.55,7310.0,2365.5499999999993,0.0,43.80648148148147,0.0,5151.867592592594,0.0,0.0,0.0
2025-10-15 08:00:00,0.171493,8574.65,7310.0,1264.6499999999996,0.0,23.419444444444437,0.0,5175.287037037038,0.0,0.0,0.0
2025-10-15 09:00:00,0.19121700000000003,9560.850000000002,7310.0,2250.850000000002,0.0,41.682407407407446,0.0,5216.969444444446,0.0,0.0,0.0
2025-10-15 10:00:00,0.163941,8197.05,7310.0,887.0499999999994,-1.1368683772161603e-13,16.42685185185184,0.0,5233.396296296298,0.0,0.0,0.0
2025-10-15 11:00:00,0.147127,7356.35,7310.0,46.350000000000364,0.0,0.85833333333334,0.0,5234.254629629631,0.0,0.0,0.0
2025-10-15 12:00:00,0.145678,7283.900000000001,7283.900000000001,0.0,0.0,0.0,1.6485859112226668,5232.606043718409,26.099999999999454,0.0,0.0
2025-10-15 13:00:00,0.152062,7603.1,7310.0,293.10000000000036,0.0,5.427777777777784,0.0,5238.033821496187,0.0,0.0,0.0
2025-10-15 14:00:00,0.15932400000000002,7966.200000000001,7310.0,656.2000000000007,0.0,12.151851851851866,0.0,5250.185673348038,0.0,0.0,0.0
2025-10-15 15:00:00,0.17166599999999999,8583.3,7310.0,1273.2999999999993,0.0,23.579629629629615,0.0,5273.7653029776675,0.0,0.0,0.0
2025-10-15 16:00:00,0.18134899999999998,9067.449999999999,7310.0,1757.449999999999,0.0,32.54537037037035,0.0,5306.310673348038,0.0,0.0,0.0
2025-10-15 17:00:00,0.22617500000000001,11308.75,7310.0,3998.75,0.0,74.05092592592592,0.0,5380.361599273964,0.0,0.0,0.0
2025-10-15 18:00:00,0.26126799999999994,13063.399999999998,7310.0,5753.399999999998,0.0,106.54444444444441,0.0,5486.906043718409,0.0,0.0,0.0
2025-10-15 19:00:00,0.25851100000000005,12925.550000000003,7310.0,5615.550000000003,0.0,103.99166666666672,0.0,5590.897710385076,0.0,0.0,0.0
2025-10-15 20:00:00,0.24076499999999998,12038.249999999998,7310.0,4728.249999999998,0.0,87.56018518518515,0.0,5678.457895570261,0.0,0.0,0.0
2025-10-15 21:00:00,0.23403200000000002,11701.6,7310.0,4391.6,0.0,81.32592592592593,0.0,5759.783821496187,0.0,0.0,0.0
2025-10-15 22:00:00,0.23486,11743.0,7310.0,4433.0,0.0,82.0925925925926,0.0,5841.876414088779,0.0,0.0,0.0
2025-10-15 23:00:00,0.23088999999999998,11544.5,7310.0,4234.5,0.0,78.41666666666667,0.0,5920.293080755446,0.0,0.0,0.0
2025-10-16 00:00:00,0.23684899999999998,11842.449999999999,7310.0,4532.449999999999,0.0,83.93425925925924,0.0,6004.227340014705,0.0,0.0,0.0
2025-10-16 01:00:00,0.246084,12304.2,7310.0,4994.200000000001,0.0,92.4851851851852,0.0,6096.7125251998905,0.0,0.0,0.0
2025-10-16 02:00:00,0.251253,12562.65,7310.0,5252.65,0.0,97.27129629629628,0.0,6193.9838214961865,0.0,0.0,0.0
2025-10-16 03:00:00,0.247448,12372.4,7310.0,5062.4,0.0,93.74814814814815,0.0,6287.731969644335,0.0,0.0,0.0
2025-10-16 04:00:00,0.24076599999999998,12038.3,7310.0,4728.299999999999,0.0,87.5611111111111,0.0,6375.293080755446,0.0,0.0,0.0
2025-10-16 05:00:00,0.243014,12150.7,7310.0,4840.700000000001,0.0,89.6425925925926,0.0,6464.935673348038,0.0,0.0,0.0
2025-10-16 06:00:00,0.250987,12549.35,7310.0,5239.35,0.0,97.025,0.0,6561.960673348038,0.0,0.0,0.0
2025-10-16 07:00:00,0.229274,11463.7,7310.0,4153.700000000001,0.0,76.92037037037038,0.0,6638.881043718408,0.0,0.0,0.0
2025-10-16 08:00:00,0.152397,7619.85,7310.0,309.85000000000036,0.0,5.737962962962969,0.0,6644.6190066813715,0.0,0.0,0.0
2025-10-16 09:00:00,0.14399299999999998,7199.649999999999,7199.649999999999,0.0,0.0,0.0,6.970170701280735,6637.648835980091,110.35000000000127,0.0,0.0
2025-10-16 10:00:00,0.11717100000000001,5858.55,5858.55,0.0,0.0,0.0,91.67969428521799,6545.969141694873,1451.4499999999998,0.0,0.0
2025-10-16 11:00:00,0.092959,4647.95,4647.95,0.0,0.0,0.0,168.14628831304185,6377.822853381831,2662.05,0.0,0.0
2025-10-16 12:00:00,0.08028400000000001,4014.2000000000003,4014.2000000000003,0.0,0.0,0.0,208.17660713439767,6169.646246247434,3295.7999999999997,0.0,0.0
2025-10-16 13:00:00,0.073662,3683.1000000000004,3683.1000000000004,0.0,0.0,0.0,229.0902774487975,5940.555968798636,3626.8999999999996,0.0,0.0
2025-10-16 14:00:00,0.06926399999999999,3463.2,3463.2,0.0,0.0,0.0,242.98008748243248,5697.575881316204,3846.8,0.0,0.0
2025-10-16 15:00:00,0.071938,3596.9,3596.9,0.0,0.0,0.0,234.5350324506135,5463.04084886559,3713.1,0.0,0.0
2025-10-16 16:00:00,0.102533,5126.65,5126.65,0.0,0.0,0.0,137.90958043172742,5325.131268433863,2183.3500000000004,0.0,0.0
2025-10-16 17:00:00,0.159942,7997.1,7310.0,687.1000000000004,0.0,12.72407407407408,0.0,5337.855342507937,0.0,0.0,0.0
2025-10-16 18:00:00,0.199873,9993.65,7310.0,2683.6499999999996,0.0,49.697222222222216,0.0,5387.552564730159,0.0,0.0,0.0
2025-10-16 19:00:00,0.211813,10590.65,7310.0,3280.6499999999996,0.0,60.75277777777777,0.0,5448.305342507937,0.0,0.0,0.0
2025-10-16 20:00:00,0.21067599999999997,10533.8,7310.0,3223.7999999999993,0.0,59.69999999999999,0.0,5508.005342507937,0.0,0.0,0.0
2025-10-16 21:00:00,0.20602199999999998,10301.099999999999,7310.0,2991.0999999999985,0.0,55.39074074074071,0.0,5563.396083248677,0.0,0.0,0.0
2025-10-16 22:00:00,0.200086,10004.300000000001,7310.0,2694.300000000001,0.0,49.89444444444447,0.0,5613.2905276931215,0.0,0.0,0.0
2025-10-16 23:00:00,0.191698,9584.9,7310.0,2274.8999999999996,0.0,42.12777777777777,0.0,5655.418305470899,0.0,0.0,0.0
2025-10-17 00:00:00,0.184946,9247.3,7310.0,1937.2999999999993,0.0,35.87592592592591,0.0,5691.294231396825,0.0,0.0,0.0
2025-10-17 01:00:00,0.17855000000000001,8927.5,7310.0,1617.5,0.0,29.953703703703702,0.0,5721.247935100529,0.0,0.0,0.0
2025-10-17 02:00:00,0.168263,8413.15,7310.0,1103.1499999999996,0.0,20.428703703703697,0.0,5741.676638804232,0.0,0.0,0.0
2025-10-17 03:00:00,0.15606399999999998,7803.199999999999,7310.0,493.1999999999989,0.0,9.133333333333313,0.0,5750.809972137566,0.0,0.0,0.0
2025-10-17 04:00:00,0.144029,7201.45,7201.45,0.0,0.0,0.0,6.856475121196342,5743.9534970163695,108.55000000000018,0.0,0.0
2025-10-17 05:00:00,0.13611600000000001,6805.800000000001,6805.800000000001,0.0,0.0,0.0,31.84739526584231,5712.106101750527,504.1999999999989,0.0,0.0
2025-10-17 06:00:00,0.131841,6592.050000000001,6592.050000000001,0.0,0.0,0.0,45.34874540085581,5666.757356349672,717.9499999999989,0.0,0.0
2025-10-17 07:00:00,0.114982,5749.1,5749.1,0.0,0.0,0.0,98.59301719645647,5568.164339153215,1560.8999999999996,0.0,0.0
2025-10-17 08:00:00,0.062581,3129.0499999999997,3129.0499999999997,0.0,0.0,0.0,264.08640864086414,5304.0779305123515,4180.950000000001,0.0,0.0
2025-10-17 09:00:00,0.039426,1971.3000000000002,1971.3000000000002,0.0,0.0,0.0,337.2147741089899,4966.863156403361,5338.7,0.0,0.0
2025-10-17 10:00:00,0.023153,1157.65,1157.65,0.0,0.0,0.0,388.60833451766234,4578.254821885699,6152.35,0.0,0.0
2025-10-17 11:00:00,0.018294,914.7,914.7,0.0,0.0,0.0,403.9540796184882,4174.300742267211,6395.3,0.0,0.0
2025-10-17 12:00:00,0.018045000000000002,902.2500000000001,902.2500000000001,0.0,0.0,0.0,404.7404740474048,3769.560268219806,6407.75,0.0,0.0
2025-10-17 13:00:00,0.018062,903.1000000000001,903.1000000000001,0.0,0.0,0.0,404.6867844679205,3364.8734837518855,6406.9,0.0,0.0
2025-10-17 14:00:00,0.017762,888.1,888.1,0.0,0.0,0.0,405.63424763528985,2959.2392361165957,6421.9,0.0,0.0
2025-10-17 15:00:00,0.021171,1058.55,1058.55,0.0,0.0,0.0,394.86790784341594,2564.3713282731796,6251.45,0.0,0.0
2025-10-17 16:00:00,0.045921,2296.0499999999997,2296.0499999999997,0.0,0.0,0.0,316.7021965354431,2247.6691317377367,5013.950000000001,0.0,0.0
2025-10-17 17:00:00,0.105642,5282.1,5282.1,0.0,0.0,0.0,128.0907038072228,2119.578427930514,2027.8999999999994,2.2737367544323206e-13,0.0
2025-10-17 18:00:00,0.16725800000000002,8362.900000000001,7310.0,1052.9000000000015,0.0,19.498148148148175,0.0,2139.076576078662,0.0,0.0,0.0
2025-10-17 19:00:00,0.210385,10519.25,7310.0,3209.25,0.0,59.43055555555556,0.0,2198.507131634218,0.0,0.0,0.0
2025-10-17 20:00:00,0.240309,12015.449999999999,7310.0,4705.449999999999,0.0,87.13796296296294,0.0,2285.6450945971806,0.0,0.0,0.0
2025-10-17 21:00:00,0.256984,12849.199999999999,7310.0,5539.199999999999,0.0,102.57777777777775,0.0,2388.222872374958,0.0,0.0,0.0
2025-10-17 22:00:00,0.26373,13186.500000000002,7310.0,5876.500000000002,0.0,108.8240740740741,0.0,2497.046946449032,0.0,0.0,0.0
2025-10-17 23:00:00,0.253397,12669.849999999999,7310.0,5359.8499999999985,0.0,99.25648148148146,0.0,2596.3034279305134,0.0,0.0,0.0
2025-10-18 00:00:00,0.236956,11847.8,7310.0,4537.799999999999,0.0,84.03333333333332,0.0,2680.3367612638467,0.0,0.0,0.0
2025-10-18 01:00:00,0.23293899999999998,11646.949999999999,7310.0,4336.949999999999,0.0,80.31388888888887,0.0,2760.6506501527356,0.0,0.0,0.0
2025-10-18 02:00:00,0.242729,12136.45,7310.0,4826.450000000001,0.0,89.37870370370372,0.0,2850.0293538564392,0.0,0.0,0.0
2025-10-18 03:00:00,0.26137900000000003,13068.95,7310.0,5758.950000000001,0.0,106.64722222222224,0.0,2956.6765760786616,0.0,0.0,0.0
2025-10-18 04:00:00,0.274414,13720.699999999999,7310.0,6410.699999999999,0.0,118.71666666666664,0.0,3075.3932427453283,0.0,0.0,0.0
2025-10-18 05:00:00,0.281357,14067.85,7310.0,6757.85,0.0,125.14537037037037,0.0,3200.538613115699,0.0,0.0,0.0
2025-10-18 06:00:00,0.286678,14333.9,7310.0,7023.9,0.0,130.07222222222222,0.0,3330.610835337921,0.0,0.0,0.0
2025-10-18 07:00:00,0.293822,14691.100000000002,7310.0,7381.100000000002,0.0,136.68703703703707,0.0,3467.297872374958,0.0,0.0,0.0
2025-10-18 08:00:00,0.261893,13094.65,7310.0,5784.65,0.0,107.12314814814815,0.0,3574.421020523106,0.0,0.0,0.0
2025-10-18 09:00:00,0.22955799999999998,11477.9,7310.0,4167.9,0.0,77.18333333333332,0.0,3651.6043538564395,0.0,0.0,0.0
2025-10-18 10:00:00,0.263728,13186.400000000001,7310.0,5876.4000000000015,0.0,108.82222222222225,0.0,3760.4265760786616,0.0,0.0,0.0
2025-10-18 11:00:00,0.30882600000000004,15441.300000000003,7310.0,8131.300000000004,-9.094947017729282e-13,150.5796296296297,0.0,3911.0062057082914,0.0,0.0,0.0
2025-10-18 12:00:00,0.30790100000000004,15395.050000000001,7310.0,8085.050000000001,0.0,149.72314814814817,0.0,4060.7293538564395,0.0,0.0,0.0
2025-10-18 13:00:00,0.299977,14998.85,7310.0,7688.85,0.0,142.38611111111112,0.0,4203.115464967551,0.0,0.0,0.0
2025-10-18 14:00:00,0.296948,14847.4,7310.0,7537.399999999999,9.094947017729282e-13,139.58148148148146,0.0,4342.696946449032,0.0,0.0,0.0
2025-10-18 15:00:00,0.30179199999999995,15089.599999999997,7310.0,7779.599999999997,0.0,144.0666666666666,0.0,4486.763613115699,0.0,0.0,0.0
2025-10-18 16:00:00,0.31636200000000003,15818.100000000002,7310.0,8508.100000000002,0.0,157.55740740740745,0.0,4644.321020523106,0.0,0.0,0.0
2025-10-18 17:00:00,0.357676,17883.8,7310.0,10573.8,0.0,195.8111111111111,0.0,4840.132131634217,0.0,0.0,0.0
2025-10-18 18:00:00,0.357675,17883.75,7310.0,10573.75,0.0,195.8101851851852,0.0,5035.942316819403,0.0,0.0,0.0
2025-10-18 19:00:00,0.35408300000000004,17704.15,7310.0,10394.150000000001,0.0,192.4842592592593,0.0,5228.426576078662,0.0,0.0,0.0
2025-10-18 20:00:00,0.37622500000000003,18811.25,7310.0,11501.25,0.0,212.98611111111111,0.0,5441.412687189773,0.0,0.0,0.0
2025-10-18 21:00:00,0.394893,19744.65,7310.0,12434.650000000001,0.0,230.27129629629633,0.0,5671.683983486069,0.0,0.0,0.0
2025-10-18 22:00:00,0.42690100000000003,21345.050000000003,7310.0,14035.050000000001,1.8189894035458565e-12,259.90833333333336,0.0,5931.592316819403,0.0,0.0,0.0
2025-10-18 23:00:00,0.41548,20774.0,7310.0,13464.0,0.0,249.33333333333334,0.0,6180.925650152736,0.0,0.0,0.0
2025-10-19 00:00:00,0.419558,20977.899999999998,7310.0,13667.899999999998,0.0,253.10925925925923,0.0,6434.034909411996,0.0,0.0,0.0
2025-10-19 01:00:00,0.447017,22350.85,7310.0,15040.849999999999,0.0,278.5342592592592,0.0,6712.569168671254,0.0,0.0,0.0
2025-10-19 02:00:00,0.468804,23440.2,7310.0,16130.199999999999,1.8189894035458565e-12,298.7074074074074,0.0,7011.2765760786615,0.0,0.0,0.0
2025-10-19 03:00:00,0.478694,23934.7,7310.0,16624.7,0.0,307.86481481481485,0.0,7319.1413908934765,0.0,0.0,0.0
2025-10-19 04:00:00,0.47593799999999997,23796.899999999998,7310.0,16486.899999999998,0.0,305.3129629629629,0.0,7624.454353856439,0.0,0.0,0.0
2025-10-19 05:00:00,0.4663,23315.0,7310.0,16005.000000000002,-1.8189894035458565e-12,296.3888888888889,0.0,7920.843242745328,0.0,0.0,0.0
2025-10-19 06:00:00,0.46898,23449.0,7310.0,16139.0,0.0,298.8703703703704,0.0,8219.713613115699,0.0,0.0,0.0
2025-10-19 07:00:00,0.442002,22100.1,7310.0,14790.1,-1.8189894035458565e-12,273.89074074074074,0.0,8493.604353856439,0.0,0.0,0.0
2025-10-19 08:00:00,0.400976,20048.8,7310.0,12738.8,0.0,235.90370370370368,0.0,8729.508057560142,0.0,0.0,0.0
2025-10-19 09:00:00,0.459188,22959.399999999998,7310.0,15649.399999999998,0.0,289.80370370370366,0.0,9019.311761263845,0.0,0.0,0.0
2025-10-19 10:00:00,0.5692659999999999,28463.299999999996,7310.0,21153.299999999996,0.0,391.7277777777777,0.0,9411.039539041623,0.0,0.0,0.0
2025-10-19 11:00:00,0.632953,31647.649999999998,7310.0,24337.649999999998,0.0,450.6972222222222,0.0,9861.736761263846,0.0,0.0,0.0
2025-10-19 12:00:00,0.673323,33666.15,7310.0,7466.214891752297,18889.935108247704,138.26323873615365,0.0,10000.0,0.0,0.0,0.0
2025-10-19 13:00:00,0.6961799999999999,34808.99999999999,7310.0,0.0,27498.999999999993,0.0,0.0,10000.0,0.0,0.0,0.0
2025-10-19 14:00:00,0.736703,36835.15,7310.0,0.0,29525.15,0.0,0.0,10000.0,0.0,0.0,0.0
2025-10-19 15:00:00,0.781088,39054.4,7310.0,0.0,31744.4,0.0,0.0,10000.0,0.0,0.0,0.0
2025-10-19 16:00:00,0.803056,40152.8,7310.0,0.0,32842.8,0.0,0.0,10000.0,0.0,0.0,0.0
2025-10-19 17:00:00,0.795709,39785.45,7310.0,0.0,32475.449999999997,0.0,0.0,10000.0,0.0,0.0,0.0
2025-10-19 18:00:00,0.736782,36839.100000000006,7310.0,0.0,29529.100000000006,0.0,0.0,10000.0,0.0,0.0,0.0
2025-10-19 19:00:00,0.64161,32080.5,7310.0,0.0,24770.5,0.0,0.0,10000.0,0.0,0.0,0.0
2025-10-19 20:00:00,0.549988,27499.4,7310.0,0.0,20189.4,0.0,0.0,10000.0,0.0,0.0,0.0
2025-10-19 21:00:00,0.493846,24692.3,7310.0,0.0,17382.3,0.0,0.0,10000.0,0.0,0.0,0.0
2025-10-19 22:00:00,0.447659,22382.949999999997,7310.0,0.0,15072.949999999997,0.0,0.0,10000.0,0.0,0.0,0.0
2025-10-19 23:00:00,0.410008,20500.399999999998,7310.0,0.0,13190.399999999998,0.0,0.0,10000.0,0.0,0.0,0.0
2025-10-20 00:00:00,0.39103899999999997,19551.949999999997,7310.0,0.0,12241.949999999997,0.0,0.0,10000.0,0.0,0.0,0.0
2025-10-20 01:00:00,0.41274400000000006,20637.200000000004,7310.0,0.0,13327.200000000004,0.0,0.0,10000.0,0.0,0.0,0.0
2025-10-20 02:00:00,0.451151,22557.550000000003,7310.0,0.0,15247.550000000003,0.0,0.0,10000.0,0.0,0.0,0.0
2025-10-20 03:00:00,0.48642,24321.0,7310.0,0.0,17011.0,0.0,0.0,10000.0,0.0,0.0,0.0
2025-10-20 04:00:00,0.506104,25305.2,7310.0,0.0,17995.2,0.0,0.0,10000.0,0.0,0.0,0.0
2025-10-20 05:00:00,0.507424,25371.2,7310.0,0.0,18061.2,0.0,0.0,10000.0,0.0,0.0,0.0
2025-10-20 06:00:00,0.532147,26607.350000000002,7310.0,0.0,19297.350000000002,0.0,0.0,10000.0,0.0,0.0,0.0
2025-10-20 07:00:00,0.532149,26607.45,7310.0,0.0,19297.45,0.0,0.0,10000.0,0.0,0.0,0.0
2025-10-20 08:00:00,0.548787,27439.350000000002,7310.0,0.0,20129.350000000002,0.0,0.0,10000.0,0.0,0.0,0.0
2025-10-20 09:00:00,0.542648,27132.4,7310.0,0.0,19822.4,0.0,0.0,10000.0,0.0,0.0,0.0
2025-10-20 10:00:00,0.6102240000000001,30511.200000000004,7310.0,0.0,23201.200000000004,0.0,0.0,10000.0,0.0,0.0,0.0
2025-10-20 11:00:00,0.65039,32519.5,7310.0,0.0,25209.5,0.0,0.0,10000.0,0.0,0.0,0.0
2025-10-20 12:00:00,0.626064,31303.199999999997,7310.0,0.0,23993.199999999997,0.0,0.0,10000.0,0.0,0.0,0.0
2025-10-20 13:00:00,0.55583,27791.500000000004,7310.0,0.0,20481.500000000004,0.0,0.0,10000.0,0.0,0.0,0.0
2025-10-20 14:00:00,0.48145800000000005,24072.9,7310.0,0.0,16762.9,0.0,0.0,10000.0,0.0,0.0,0.0
2025-10-20 15:00:00,0.425694,21284.7,7310.0,0.0,13974.7,0.0,0.0,10000.0,0.0,0.0,0.0
2025-10-20 16:00:00,0.33745600000000003,16872.800000000003,7310.0,0.0,9562.800000000003,0.0,0.0,10000.0,0.0,0.0,0.0
2025-10-20 17:00:00,0.248401,12420.050000000001,7310.0,0.0,5110.050000000001,0.0,0.0,10000.0,0.0,0.0,0.0
2025-10-20 18:00:00,0.230683,11534.15,7310.0,0.0,4224.15,0.0,0.0,10000.0,0.0,0.0,0.0
2025-10-20 19:00:00,0.290169,14508.45,7310.0,0.0,7198.450000000001,0.0,0.0,10000.0,0.0,0.0,0.0
2025-10-20 20:00:00,0.366937,18346.850000000002,7310.0,0.0,11036.850000000002,0.0,0.0,10000.0,0.0,0.0,0.0
2025-10-20 21:00:00,0.436058,21802.9,7310.0,0.0,14492.900000000001,0.0,0.0,10000.0,0.0,0.0,0.0
2025-10-20 22:00:00,0.469942,23497.100000000002,7310.0,0.0,16187.100000000002,0.0,0.0,10000.0,0.0,0.0,0.0
2025-10-20 23:00:00,0.479793,23989.65,7310.0,0.0,16679.65,0.0,0.0,10000.0,0.0,0.0,0.0
2025-10-21 00:00:00,0.48098599999999997,24049.3,7310.0,0.0,16739.3,0.0,0.0,10000.0,0.0,0.0,0.0
2025-10-21 01:00:00,0.474449,23722.45,7310.0,0.0,16412.45,0.0,0.0,10000.0,0.0,0.0,0.0
2025-10-21 02:00:00,0.461216,23060.8,7310.0,0.0,15750.8,0.0,0.0,10000.0,0.0,0.0,0.0
2025-10-21 03:00:00,0.403577,20178.850000000002,7310.0,0.0,12868.850000000002,0.0,0.0,10000.0,0.0,0.0,0.0
2025-10-21 04:00:00,0.39105,19552.5,7310.0,0.0,12242.5,0.0,0.0,10000.0,0.0,0.0,0.0
2025-10-21 05:00:00,0.40563299999999997,20281.649999999998,7310.0,0.0,12971.649999999998,0.0,0.0,10000.0,0.0,0.0,0.0
2025-10-21 06:00:00,0.39605399999999996,19802.699999999997,7310.0,0.0,12492.699999999997,0.0,0.0,10000.0,0.0,0.0,0.0
2025-10-21 07:00:00,0.373183,18659.149999999998,7310.0,0.0,11349.149999999998,0.0,0.0,10000.0,0.0,0.0,0.0
2025-10-21 08:00:00,0.355007,17750.350000000002,7310.0,0.0,10440.350000000002,0.0,0.0,10000.0,0.0,0.0,0.0
2025-10-21 09:00:00,0.488353,24417.649999999998,7310.0,0.0,17107.649999999998,0.0,0.0,10000.0,0.0,0.0,0.0
2025-10-21 10:00:00,0.560994,28049.7,7310.0,0.0,20739.7,0.0,0.0,10000.0,0.0,0.0,0.0
2025-10-21 11:00:00,0.589781,29489.05,7310.0,0.0,22179.05,0.0,0.0,10000.0,0.0,0.0,0.0
2025-10-21 12:00:00,0.601471,30073.55,7310.0,0.0,22763.55,0.0,0.0,10000.0,0.0,0.0,0.0
2025-10-21 13:00:00,0.612782,30639.100000000002,7310.0,0.0,23329.100000000002,0.0,0.0,10000.0,0.0,0.0,0.0
2025-10-21 14:00:00,0.604102,30205.100000000002,7310.0,0.0,22895.100000000002,0.0,0.0,10000.0,0.0,0.0,0.0
2025-10-21 15:00:00,0.50374,25187.0,7310.0,0.0,17877.0,0.0,0.0,10000.0,0.0,0.0,0.0
2025-10-21 16:00:00,0.47089800000000004,23544.9,7310.0,0.0,16234.900000000001,0.0,0.0,10000.0,0.0,0.0,0.0
2025-10-21 17:00:00,0.5191910000000001,25959.550000000003,7310.0,0.0,18649.550000000003,0.0,0.0,10000.0,0.0,0.0,0.0
2025-10-21 18:00:00,0.481468,24073.4,7310.0,0.0,16763.4,0.0,0.0,10000.0,0.0,0.0,0.0
2025-10-21 19:00:00,0.447001,22350.05,7310.0,0.0,15040.05,0.0,0.0,10000.0,0.0,0.0,0.0
2025-10-21 20:00:00,0.429546,21477.3,7310.0,0.0,14167.3,0.0,0.0,10000.0,0.0,0.0,0.0
2025-10-21 21:00:00,0.41271800000000003,20635.9,7310.0,0.0,13325.900000000001,0.0,0.0,10000.0,0.0,0.0,0.0
2025-10-21 22:00:00,0.3943,19715.0,7310.0,0.0,12405.0,0.0,0.0,10000.0,0.0,0.0,0.0
2025-10-21 23:00:00,0.367041,18352.05,7310.0,0.0,11042.05,0.0,0.0,10000.0,0.0,0.0,0.0
2025-10-22 00:00:00,0.33578600000000003,16789.300000000003,7310.0,0.0,9479.300000000003,0.0,0.0,10000.0,0.0,0.0,0.0
2025-10-22 01:00:00,0.29696,14848.0,7310.0,0.0,7538.0,0.0,0.0,10000.0,0.0,0.0,0.0
2025-10-22 02:00:00,0.259042,12952.1,7310.0,0.0,5642.1,0.0,0.0,10000.0,0.0,0.0,0.0
2025-10-22 03:00:00,0.23003700000000002,11501.85,7310.0,0.0,4191.85,0.0,0.0,10000.0,0.0,0.0,0.0
2025-10-22 04:00:00,0.212952,10647.6,7310.0,0.0,3337.6000000000004,0.0,0.0,10000.0,0.0,0.0,0.0
2025-10-22 05:00:00,0.208696,10434.8,7310.0,0.0,3124.7999999999993,0.0,0.0,10000.0,0.0,0.0,0.0
2025-10-22 06:00:00,0.206323,10316.15,7310.0,0.0,3006.1499999999996,0.0,0.0,10000.0,0.0,0.0,0.0
2025-10-22 07:00:00,0.178228,8911.4,7310.0,0.0,1601.3999999999996,0.0,0.0,10000.0,0.0,0.0,0.0
2025-10-22 08:00:00,0.10018300000000001,5009.150000000001,5009.150000000001,0.0,0.0,0.0,145.33137524278743,9854.668624757212,2300.8499999999995,0.0,0.0
2025-10-22 09:00:00,0.074312,3715.6000000000004,3715.6000000000004,0.0,0.0,0.0,227.03744058616388,9627.631184171049,3594.3999999999996,0.0,0.0
2025-10-22 10:00:00,0.080706,4035.3,4035.3,0.0,0.0,0.0,206.84384227896476,9420.787341892084,3274.7,0.0,0.0
2025-10-22 11:00:00,0.08426399999999999,4213.2,4213.2,0.0,0.0,0.0,195.60692911396407,9225.18041277812,3096.8,0.0,0.0
2025-10-22 12:00:00,0.098891,4944.55,4944.55,0.0,0.0,0.0,149.41178328359152,9075.768629494529,2365.45,0.0,0.0
2025-10-22 13:00:00,0.106997,5349.849999999999,5349.849999999999,0.0,0.0,0.0,123.81132850127123,8951.957300993257,1960.1500000000005,0.0,0.0
2025-10-22 14:00:00,0.11143600000000001,5571.8,5571.8,0.0,0.0,0.0,109.79203183476243,8842.165269158495,1738.1999999999998,0.0,0.0
2025-10-22 15:00:00,0.104685,5234.25,5234.25,0.0,0.0,0.0,131.11311131113112,8711.052157847364,2075.75,0.0,0.0
2025-10-22 16:00:00,0.100062,5003.099999999999,5003.099999999999,0.0,0.0,0.0,145.71351872029314,8565.33863912707,2306.9000000000005,0.0,0.0
2025-10-22 17:00:00,0.10913500000000001,5456.750000000001,5456.750000000001,0.0,0.0,0.0,117.05907432848544,8448.279564798586,1853.249999999999,0.0,0.0
2025-10-22 18:00:00,0.121192,6059.599999999999,6059.599999999999,0.0,0.0,0.0,78.9805296319106,8369.299035166676,1250.4000000000005,0.0,0.0
2025-10-22 19:00:00,0.169851,8492.55,7310.0,1182.5499999999993,0.0,21.89907407407406,0.0,8391.19810924075,0.0,0.0,0.0
2025-10-22 20:00:00,0.204412,10220.6,7310.0,2910.6000000000004,0.0,53.900000000000006,0.0,8445.09810924075,0.0,0.0,0.0
2025-10-22 21:00:00,0.311238,15561.900000000001,7310.0,8251.900000000001,0.0,152.81296296296298,0.0,8597.911072203713,0.0,0.0,0.0
2025-10-22 22:00:00,0.472166,23608.3,7310.0,16298.3,0.0,301.82037037037037,0.0,8899.731442574084,0.0,0.0,0.0
2025-10-22 23:00:00,0.552418,27620.899999999998,7310.0,20310.899999999998,0.0,376.12777777777774,0.0,9275.859220351862,0.0,0.0,0.0
2025-10-23 00:00:00,0.58889,29444.5,7310.0,22134.5,0.0,409.89814814814815,0.0,9685.75736850001,0.0,0.0,0.0
2025-10-23 01:00:00,0.634861,31743.05,7310.0,16969.102100999473,7463.947899000526,314.24263149999024,0.0,10000.0,0.0,0.0,0.0
2025-10-23 02:00:00,0.682188,34109.4,7310.0,0.0,26799.4,0.0,0.0,10000.0,0.0,0.0,0.0
2025-10-23 03:00:00,0.73676,36838.0,7310.0,0.0,29528.0,0.0,0.0,10000.0,0.0,0.0,0.0
2025-10-23 04:00:00,0.794539,39726.95,7310.0,0.0,32416.949999999997,0.0,0.0,10000.0,0.0,0.0,0.0
2025-10-23 05:00:00,0.845726,42286.299999999996,7310.0,0.0,34976.299999999996,0.0,0.0,10000.0,0.0,0.0,0.0
2025-10-23 06:00:00,0.886278,44313.9,7310.0,0.0,37003.9,0.0,0.0,10000.0,0.0,0.0,0.0
2025-10-23 07:00:00,0.920297,46014.85,7310.0,0.0,38704.85,0.0,0.0,10000.0,0.0,0.0,0.0
2025-10-23 08:00:00,0.938648,46932.4,7310.0,0.0,39622.4,0.0,0.0,10000.0,0.0,0.0,0.0
2025-10-23 09:00:00,0.9434389999999999,47171.95,7310.0,0.0,39861.95,0.0,0.0,10000.0,0.0,0.0,0.0
2025-10-23 10:00:00,0.934685,46734.25,7310.0,0.0,39424.25,0.0,0.0,10000.0,0.0,0.0,0.0
2025-10-23 11:00:00,0.9148930000000001,45744.65,7310.0,0.0,38434.65,0.0,0.0,10000.0,0.0,0.0,0.0
2025-10-23 12:00:00,0.887624,44381.2,7310.0,0.0,37071.2,0.0,0.0,10000.0,0.0,0.0,0.0
2025-10-23 13:00:00,0.860577,43028.85,7310.0,0.0,35718.85,0.0,0.0,10000.0,0.0,0.0,0.0
2025-10-23 14:00:00,0.845182,42259.1,7310.0,0.0,34949.1,0.0,0.0,10000.0,0.0,0.0,0.0
2025-10-23 15:00:00,0.827187,41359.35,7310.0,0.0,34049.35,0.0,0.0,10000.0,0.0,0.0,0.0
2025-10-23 16:00:00,0.834014,41700.700000000004,7310.0,0.0,34390.700000000004,0.0,0.0,10000.0,0.0,0.0,0.0
2025-10-23 17:00:00,0.854521,42726.049999999996,7310.0,0.0,35416.049999999996,0.0,0.0,10000.0,0.0,0.0,0.0
2025-10-23 18:00:00,0.855836,42791.8,7310.0,0.0,35481.8,0.0,0.0,10000.0,0.0,0.0,0.0
2025-10-23 19:00:00,0.828871,41443.55,7310.0,0.0,34133.55,0.0,0.0,10000.0,0.0,0.0,0.0
2025-10-23 20:00:00,0.788193,39409.65,7310.0,0.0,32099.65,0.0,0.0,10000.0,0.0,0.0,0.0
2025-10-23 21:00:00,0.755439,37771.95,7310.0,0.0,30461.949999999997,0.0,0.0,10000.0,0.0,0.0,0.0
2025-10-23 22:00:00,0.7459020000000001,37295.100000000006,7310.0,0.0,29985.100000000006,0.0,0.0,10000.0,0.0,0.0,0.0
2025-10-23 23:00:00,0.754338,37716.899999999994,7310.0,0.0,30406.899999999994,0.0,0.0,10000.0,0.0,0.0,0.0
2025-10-24 00:00:00,0.749896,37494.8,7310.0,0.0,30184.800000000003,0.0,0.0,10000.0,0.0,0.0,0.0
2025-10-24 01:00:00,0.720191,36009.55,7310.0,0.0,28699.550000000003,0.0,0.0,10000.0,0.0,0.0,0.0
2025-10-24 02:00:00,0.6871280000000001,34356.4,7310.0,0.0,27046.4,0.0,0.0,10000.0,0.0,0.0,0.0
2025-10-24 03:00:00,0.650397,32519.85,7310.0,0.0,25209.85,0.0,0.0,10000.0,0.0,0.0,0.0
2025-10-24 04:00:00,0.610232,30511.6,7310.0,0.0,23201.6,0.0,0.0,10000.0,0.0,0.0,0.0
2025-10-24 05:00:00,0.562144,28107.199999999997,7310.0,0.0,20797.199999999997,0.0,0.0,10000.0,0.0,0.0,0.0
2025-10-24 06:00:00,0.5585549999999999,27927.749999999996,7310.0,0.0,20617.749999999996,0.0,0.0,10000.0,0.0,0.0,0.0
2025-10-24 07:00:00,0.534864,26743.2,7310.0,0.0,19433.2,0.0,0.0,10000.0,0.0,0.0,0.0
2025-10-24 08:00:00,0.497782,24889.1,7310.0,0.0,17579.1,0.0,0.0,10000.0,0.0,0.0,0.0
2025-10-24 09:00:00,0.624614,31230.7,7310.0,0.0,23920.7,0.0,0.0,10000.0,0.0,0.0,0.0
2025-10-24 10:00:00,0.722058,36102.9,7310.0,0.0,28792.9,0.0,0.0,10000.0,0.0,0.0,0.0
2025-10-24 11:00:00,0.7343780000000001,36718.9,7310.0,0.0,29408.9,0.0,0.0,10000.0,0.0,0.0,0.0
2025-10-24 12:00:00,0.743876,37193.799999999996,7310.0,0.0,29883.799999999996,0.0,0.0,10000.0,0.0,0.0,0.0
2025-10-24 13:00:00,0.757761,37888.05,7310.0,0.0,30578.050000000003,0.0,0.0,10000.0,0.0,0.0,0.0
2025-10-24 14:00:00,0.761578,38078.9,7310.0,0.0,30768.9,0.0,0.0,10000.0,0.0,0.0,0.0
2025-10-24 15:00:00,0.7139759999999999,35698.799999999996,7310.0,0.0,28388.799999999996,0.0,0.0,10000.0,0.0,0.0,0.0
2025-10-24 16:00:00,0.679938,33996.9,7310.0,0.0,26686.9,0.0,0.0,10000.0,0.0,0.0,0.0
2025-10-24 17:00:00,0.670941,33547.05,7310.0,0.0,26237.050000000003,0.0,0.0,10000.0,0.0,0.0,0.0
2025-10-24 18:00:00,0.602851,30142.550000000003,7310.0,0.0,22832.550000000003,0.0,0.0,10000.0,0.0,0.0,0.0
2025-10-24 19:00:00,0.5422100000000001,27110.500000000004,7310.0,0.0,19800.500000000004,0.0,0.0,10000.0,0.0,0.0,0.0
2025-10-24 20:00:00,0.561924,28096.2,7310.0,0.0,20786.2,0.0,0.0,10000.0,0.0,0.0,0.0
2025-10-24 21:00:00,0.57465,28732.5,7310.0,0.0,21422.5,0.0,0.0,10000.0,0.0,0.0,0.0
2025-10-24 22:00:00,0.485558,24277.899999999998,7310.0,0.0,16967.899999999998,0.0,0.0,10000.0,0.0,0.0,0.0
2025-10-24 23:00:00,0.41214,20607.0,7310.0,0.0,13297.0,0.0,0.0,10000.0,0.0,0.0,0.0
2025-10-25 00:00:00,0.41274400000000006,20637.200000000004,7310.0,0.0,13327.200000000004,0.0,0.0,10000.0,0.0,0.0,0.0
2025-10-25 01:00:00,0.437736,21886.8,7310.0,0.0,14576.8,0.0,0.0,10000.0,0.0,0.0,0.0
2025-10-25 02:00:00,0.47806400000000004,23903.2,7310.0,0.0,16593.2,0.0,0.0,10000.0,0.0,0.0,0.0
2025-10-25 03:00:00,0.5321480000000001,26607.4,7310.0,0.0,19297.4,0.0,0.0,10000.0,0.0,0.0,0.0
2025-10-25 04:00:00,0.5277670000000001,26388.350000000006,7310.0,0.0,19078.350000000006,0.0,0.0,10000.0,0.0,0.0,0.0
2025-10-25 05:00:00,0.484422,24221.100000000002,7310.0,0.0,16911.100000000002,0.0,0.0,10000.0,0.0,0.0,0.0
2025-10-25 06:00:00,0.430662,21533.1,7310.0,0.0,14223.099999999999,0.0,0.0,10000.0,0.0,0.0,0.0
2025-10-25 07:00:00,0.404225,20211.25,7310.0,0.0,12901.25,0.0,0.0,10000.0,0.0,0.0,0.0
2025-10-25 08:00:00,0.397778,19888.9,7310.0,0.0,12578.900000000001,0.0,0.0,10000.0,0.0,0.0,0.0
2025-10-25 09:00:00,0.448198,22409.899999999998,7310.0,0.0,15099.899999999998,0.0,0.0,10000.0,0.0,0.0,0.0
2025-10-25 10:00:00,0.522625,26131.25,7310.0,0.0,18821.25,0.0,0.0,10000.0,0.0,0.0,0.0
2025-10-25 11:00:00,0.5464690000000001,27323.450000000004,7310.0,0.0,20013.450000000004,0.0,0.0,10000.0,0.0,0.0,0.0
2025-10-25 12:00:00,0.598631,29931.550000000003,7310.0,0.0,22621.550000000003,0.0,0.0,10000.0,0.0,0.0,0.0
2025-10-25 13:00:00,0.6548999999999999,32744.999999999996,7310.0,0.0,25434.999999999996,0.0,0.0,10000.0,0.0,0.0,0.0
2025-10-25 14:00:00,0.7010890000000001,35054.450000000004,7310.0,0.0,27744.450000000004,0.0,0.0,10000.0,0.0,0.0,0.0
2025-10-25 15:00:00,0.690209,34510.45,7310.0,0.0,27200.449999999997,0.0,0.0,10000.0,0.0,0.0,0.0
2025-10-25 16:00:00,0.621337,31066.850000000002,7310.0,0.0,23756.850000000002,0.0,0.0,10000.0,0.0,0.0,0.0
2025-10-25 17:00:00,0.598638,29931.9,7310.0,0.0,22621.9,0.0,0.0,10000.0,0.0,0.0,0.0
2025-10-25 18:00:00,0.54204,27102.0,7310.0,0.0,19792.0,0.0,0.0,10000.0,0.0,0.0,0.0
2025-10-25 19:00:00,0.481466,24073.3,7310.0,0.0,16763.3,0.0,0.0,10000.0,0.0,0.0,0.0
2025-10-25 20:00:00,0.468286,23414.3,7310.0,0.0,16104.3,0.0,0.0,10000.0,0.0,0.0,0.0
2025-10-25 21:00:00,0.481468,24073.4,7310.0,0.0,16763.4,0.0,0.0,10000.0,0.0,0.0,0.0
2025-10-25 22:00:00,0.436577,21828.85,7310.0,0.0,14518.849999999999,0.0,0.0,10000.0,0.0,0.0,0.0
2025-10-25 23:00:00,0.470989,23549.45,7310.0,0.0,16239.45,0.0,0.0,10000.0,0.0,0.0,0.0
2025-10-26 00:00:00,0.444253,22212.65,7310.0,0.0,14902.650000000001,0.0,0.0,10000.0,0.0,0.0,0.0
2025-10-26 01:00:00,0.41957,20978.5,7310.0,0.0,13668.5,0.0,0.0,10000.0,0.0,0.0,0.0
2025-10-26 02:00:00,0.438187,21909.35,7310.0,0.0,14599.349999999999,0.0,0.0,10000.0,0.0,0.0,0.0
2025-10-26 03:00:00,0.433416,21670.800000000003,7310.0,0.0,14360.800000000003,0.0,0.0,10000.0,0.0,0.0,0.0
2025-10-26 04:00:00,0.407311,20365.55,7310.0,0.0,13055.55,0.0,0.0,10000.0,0.0,0.0,0.0
2025-10-26 05:00:00,0.402354,20117.7,7310.0,0.0,12807.7,0.0,0.0,10000.0,0.0,0.0,0.0
2025-10-26 06:00:00,0.422319,21115.95,7310.0,0.0,13805.95,0.0,0.0,10000.0,0.0,0.0,0.0
2025-10-26 07:00:00,0.40728,20364.0,7310.0,0.0,13054.0,0.0,0.0,10000.0,0.0,0.0,0.0
2025-10-26 08:00:00,0.388317,19415.850000000002,7310.0,0.0,12105.850000000002,0.0,0.0,10000.0,0.0,0.0,0.0
2025-10-26 09:00:00,0.39071300000000003,19535.65,7310.0,0.0,12225.650000000001,0.0,0.0,10000.0,0.0,0.0,0.0
2025-10-26 10:00:00,0.41930700000000004,20965.350000000002,7310.0,0.0,13655.350000000002,0.0,0.0,10000.0,0.0,0.0,0.0
2025-10-26 11:00:00,0.5069,25345.0,7310.0,0.0,18035.0,0.0,0.0,10000.0,0.0,0.0,0.0
2025-10-26 12:00:00,0.587399,29369.95,7310.0,0.0,22059.95,0.0,0.0,10000.0,0.0,0.0,0.0
2025-10-26 13:00:00,0.61022,30511.0,7310.0,0.0,23201.0,0.0,0.0,10000.0,0.0,0.0,0.0
2025-10-26 14:00:00,0.6153200000000001,30766.000000000004,7310.0,0.0,23456.000000000004,0.0,0.0,10000.0,0.0,0.0,0.0
2025-10-26 15:00:00,0.6115280000000001,30576.400000000005,7310.0,0.0,23266.400000000005,0.0,0.0,10000.0,0.0,0.0,0.0
2025-10-26 16:00:00,0.635533,31776.65,7310.0,0.0,24466.65,0.0,0.0,10000.0,0.0,0.0,0.0
2025-10-26 17:00:00,0.6987899999999999,34939.49999999999,7310.0,0.0,27629.499999999993,0.0,0.0,10000.0,0.0,0.0,0.0
2025-10-26 18:00:00,0.76598,38299.0,7310.0,0.0,30989.0,0.0,0.0,10000.0,0.0,0.0,0.0
2025-10-26 19:00:00,0.794556,39727.8,7310.0,0.0,32417.800000000003,0.0,0.0,10000.0,0.0,0.0,0.0
2025-10-26 20:00:00,0.803759,40187.95,7310.0,0.0,32877.95,0.0,0.0,10000.0,0.0,0.0,0.0
2025-10-26 21:00:00,0.777822,38891.1,7310.0,0.0,31581.1,0.0,0.0,10000.0,0.0,0.0,0.0
2025-10-26 22:00:00,0.758419,37920.95,7310.0,0.0,30610.949999999997,0.0,0.0,10000.0,0.0,0.0,0.0
2025-10-26 23:00:00,0.763478,38173.9,7310.0,0.0,30863.9,0.0,0.0,10000.0,0.0,0.0,0.0
2025-10-27 00:00:00,0.7729940000000001,38649.700000000004,7310.0,0.0,31339.700000000004,0.0,0.0,10000.0,0.0,0.0,0.0
2025-10-27 01:00:00,0.77763,38881.5,7310.0,0.0,31571.5,0.0,0.0,10000.0,0.0,0.0,0.0
2025-10-27 02:00:00,0.7891090000000001,39455.450000000004,7310.0,0.0,32145.450000000004,0.0,0.0,10000.0,0.0,0.0,0.0
2025-10-27 03:00:00,0.8093250000000001,40466.25,7310.0,0.0,33156.25,0.0,0.0,10000.0,0.0,0.0,0.0
2025-10-27 04:00:00,0.833138,41656.9,7310.0,0.0,34346.9,0.0,0.0,10000.0,0.0,0.0,0.0
2025-10-27 05:00:00,0.8520760000000001,42603.8,7310.0,0.0,35293.8,0.0,0.0,10000.0,0.0,0.0,0.0
2025-10-27 06:00:00,0.860263,43013.15,7310.0,0.0,35703.15,0.0,0.0,10000.0,0.0,0.0,0.0
2025-10-27 07:00:00,0.854467,42723.35,7310.0,0.0,35413.35,0.0,0.0,10000.0,0.0,0.0,0.0
2025-10-27 08:00:00,0.8422390000000001,42111.950000000004,7310.0,0.0,34801.950000000004,0.0,0.0,10000.0,0.0,0.0,0.0
2025-10-27 09:00:00,0.839897,41994.85,7310.0,0.0,34684.85,0.0,0.0,10000.0,0.0,0.0,0.0
2025-10-27 10:00:00,0.856409,42820.45,7310.0,0.0,35510.45,0.0,0.0,10000.0,0.0,0.0,0.0
2025-10-27 11:00:00,0.8261430000000001,41307.15,7310.0,0.0,33997.15,0.0,0.0,10000.0,0.0,0.0,0.0
2025-10-27 12:00:00,0.781103,39055.15,7310.0,0.0,31745.15,0.0,0.0,10000.0,0.0,0.0,0.0
2025-10-27 13:00:00,0.741331,37066.549999999996,7310.0,0.0,29756.549999999996,0.0,0.0,10000.0,0.0,0.0,0.0
2025-10-27 14:00:00,0.686844,34342.2,7310.0,0.0,27032.199999999997,0.0,0.0,10000.0,0.0,0.0,0.0
2025-10-27 15:00:00,0.589539,29476.95,7310.0,0.0,22166.95,0.0,0.0,10000.0,0.0,0.0,0.0
2025-10-27 16:00:00,0.475948,23797.399999999998,7310.0,0.0,16487.399999999998,0.0,0.0,10000.0,0.0,0.0,0.0
2025-10-27 17:00:00,0.42885500000000004,21442.750000000004,7310.0,0.0,14132.750000000004,0.0,0.0,10000.0,0.0,0.0,0.0
2025-10-27 18:00:00,0.414539,20726.95,7310.0,0.0,13416.95,0.0,0.0,10000.0,0.0,0.0,0.0
2025-10-27 19:00:00,0.391903,19595.15,7310.0,0.0,12285.150000000001,0.0,0.0,10000.0,0.0,0.0,0.0
2025-10-27 20:00:00,0.379773,18988.65,7310.0,0.0,11678.650000000001,0.0,0.0,10000.0,0.0,0.0,0.0
2025-10-27 21:00:00,0.448987,22449.350000000002,7310.0,0.0,15139.350000000002,0.0,0.0,10000.0,0.0,0.0,0.0
2025-10-27 22:00:00,0.5711040000000001,28555.200000000004,7310.0,0.0,21245.200000000004,0.0,0.0,10000.0,0.0,0.0,0.0
2025-10-27 23:00:00,0.5765119999999999,28825.599999999995,7310.0,0.0,21515.599999999995,0.0,0.0,10000.0,0.0,0.0,0.0
2025-10-28 00:00:00,0.6170019999999999,30850.1,7310.0,0.0,23540.1,0.0,0.0,10000.0,0.0,0.0,0.0
2025-10-28 01:00:00,0.644057,32202.85,7310.0,0.0,24892.85,0.0,0.0,10000.0,0.0,0.0,0.0
2025-10-28 02:00:00,0.697376,34868.8,7310.0,0.0,27558.800000000003,0.0,0.0,10000.0,0.0,0.0,0.0
2025-10-28 03:00:00,0.741005,37050.25,7310.0,0.0,29740.25,0.0,0.0,10000.0,0.0,0.0,0.0
2025-10-28 04:00:00,0.738796,36939.8,7310.0,0.0,29629.800000000003,0.0,0.0,10000.0,0.0,0.0,0.0
2025-10-28 05:00:00,0.710606,35530.299999999996,7310.0,0.0,28220.299999999996,0.0,0.0,10000.0,0.0,0.0,0.0
2025-10-28 06:00:00,0.6774020000000001,33870.100000000006,7310.0,0.0,26560.100000000006,0.0,0.0,10000.0,0.0,0.0,0.0
2025-10-28 07:00:00,0.63046,31523.0,7310.0,0.0,24213.0,0.0,0.0,10000.0,0.0,0.0,0.0
2025-10-28 08:00:00,0.593581,29679.050000000003,7310.0,0.0,22369.050000000003,0.0,0.0,10000.0,0.0,0.0,0.0
2025-10-28 09:00:00,0.601262,30063.1,7310.0,0.0,22753.1,0.0,0.0,10000.0,0.0,0.0,0.0
2025-10-28 10:00:00,0.664515,33225.75,7310.0,0.0,25915.75,0.0,0.0,10000.0,0.0,0.0,0.0
2025-10-28 11:00:00,0.697001,34850.049999999996,7310.0,0.0,27540.049999999996,0.0,0.0,10000.0,0.0,0.0,0.0
2025-10-28 12:00:00,0.700371,35018.549999999996,7310.0,0.0,27708.549999999996,0.0,0.0,10000.0,0.0,0.0,0.0
2025-10-28 13:00:00,0.6962849999999999,34814.25,7310.0,0.0,27504.25,0.0,0.0,10000.0,0.0,0.0,0.0
2025-10-28 14:00:00,0.682218,34110.9,7310.0,0.0,26800.9,0.0,0.0,10000.0,0.0,0.0,0.0
2025-10-28 15:00:00,0.6178669999999999,30893.35,7310.0,0.0,23583.35,0.0,0.0,10000.0,0.0,0.0,0.0
2025-10-28 16:00:00,0.568813,28440.65,7310.0,0.0,21130.65,0.0,0.0,10000.0,0.0,0.0,0.0
2025-10-28 17:00:00,0.549727,27486.35,7310.0,0.0,20176.35,0.0,0.0,10000.0,0.0,0.0,0.0
2025-10-28 18:00:00,0.516481,25824.05,7310.0,0.0,18514.05,0.0,0.0,10000.0,0.0,0.0,0.0
2025-10-28 19:00:00,0.494223,24711.15,7310.0,0.0,17401.15,0.0,0.0,10000.0,0.0,0.0,0.0
2025-10-28 20:00:00,0.468839,23441.95,7310.0,0.0,16131.95,0.0,0.0,10000.0,0.0,0.0,0.0
2025-10-28 21:00:00,0.44425,22212.5,7310.0,0.0,14902.5,0.0,0.0,10000.0,0.0,0.0,0.0
2025-10-28 22:00:00,0.425311,21265.55,7310.0,0.0,13955.55,0.0,0.0,10000.0,0.0,0.0,0.0
2025-10-28 23:00:00,0.429636,21481.8,7310.0,0.0,14171.8,0.0,0.0,10000.0,0.0,0.0,0.0
2025-10-29 00:00:00,0.449023,22451.15,7310.0,0.0,15141.150000000001,0.0,0.0,10000.0,0.0,0.0,0.0
2025-10-29 01:00:00,0.492911,24645.55,7310.0,0.0,17335.55,0.0,0.0,10000.0,0.0,0.0,0.0
2025-10-29 02:00:00,0.5399539999999999,26997.699999999997,7310.0,0.0,19687.699999999997,0.0,0.0,10000.0,0.0,0.0,0.0
2025-10-29 03:00:00,0.549726,27486.300000000003,7310.0,0.0,20176.300000000003,0.0,0.0,10000.0,0.0,0.0,0.0
2025-10-29 04:00:00,0.534864,26743.2,7310.0,0.0,19433.2,0.0,0.0,10000.0,0.0,0.0,0.0
2025-10-29 05:00:00,0.459371,22968.55,7310.0,0.0,15658.55,0.0,0.0,10000.0,0.0,0.0,0.0
2025-10-29 06:00:00,0.403112,20155.600000000002,7310.0,0.0,12845.600000000002,0.0,0.0,10000.0,0.0,0.0,0.0
2025-10-29 07:00:00,0.343592,17179.600000000002,7310.0,0.0,9869.600000000002,0.0,0.0,10000.0,0.0,0.0,0.0
2025-10-29 08:00:00,0.27852,13926.0,7310.0,0.0,6616.0,0.0,0.0,10000.0,0.0,0.0,0.0
2025-10-29 09:00:00,0.202345,10117.25,7310.0,0.0,2807.25,0.0,0.0,10000.0,0.0,0.0,0.0
2025-10-29 10:00:00,0.16910499999999998,8455.249999999998,7310.0,0.0,1145.2499999999982,0.0,0.0,10000.0,0.0,0.0,0.0
2025-10-29 11:00:00,0.138481,6924.049999999999,6924.049999999999,0.0,0.0,0.0,24.3782272964139,9975.621772703586,385.9500000000007,0.0,0.0
2025-10-29 12:00:00,0.114713,5735.65,5735.65,0.0,0.0,0.0,99.44257583653106,9876.179196867055,1574.3500000000004,0.0,0.0
2025-10-29 13:00:00,0.088265,4413.25,4413.25,0.0,0.0,0.0,182.97092867181456,9693.20826819524,2896.75,0.0,0.0
2025-10-29 14:00:00,0.067439,3371.95,3371.95,0.0,0.0,0.0,248.74382175059614,9444.464446444643,3938.05,0.0,0.0
2025-10-29 15:00:00,0.087816,4390.8,4390.8,0.0,0.0,0.0,184.38896521231072,9260.075481232332,2919.2,0.0,0.0
2025-10-29 16:00:00,0.178777,8938.85,7310.0,1628.8500000000004,0.0,30.163888888888895,0.0,9290.23937012122,0.0,0.0,0.0
2025-10-29 17:00:00,0.285489,14274.449999999999,7310.0,6964.45,-9.094947017729282e-13,128.9712962962963,0.0,9419.210666417517,0.0,0.0,0.0
2025-10-29 18:00:00,0.357648,17882.4,7310.0,10572.400000000001,0.0,195.7851851851852,0.0,9614.995851602702,0.0,0.0,0.0
2025-10-29 19:00:00,0.395013,19750.65,7310.0,12440.650000000001,0.0,230.38240740740744,0.0,9845.37825901011,0.0,0.0,0.0
2025-10-29 20:00:00,0.436267,21813.350000000002,7310.0,8349.574013454108,6153.775986545894,154.6217409898909,0.0,10000.0,0.0,0.0,0.0
2025-10-29 21:00:00,0.455315,22765.75,7310.0,0.0,15455.75,0.0,0.0,10000.0,0.0,0.0,0.0
2025-10-29 22:00:00,0.447795,22389.75,7310.0,0.0,15079.75,0.0,0.0,10000.0,0.0,0.0,0.0
2025-10-29 23:00:00,0.47307499999999997,23653.75,7310.0,0.0,16343.75,0.0,0.0,10000.0,0.0,0.0,0.0
2025-10-30 00:00:00,0.488343,24417.15,7310.0,0.0,17107.15,0.0,0.0,10000.0,0.0,0.0,0.0
2025-10-30 01:00:00,0.45597699999999997,22798.85,7310.0,0.0,15488.849999999999,0.0,0.0,10000.0,0.0,0.0,0.0
2025-10-30 02:00:00,0.394274,19713.7,7310.0,0.0,12403.7,0.0,0.0,10000.0,0.0,0.0,0.0
2025-10-30 03:00:00,0.3669,18345.0,7310.0,0.0,11035.0,0.0,0.0,10000.0,0.0,0.0,0.0
2025-10-30 04:00:00,0.30637200000000003,15318.600000000002,7310.0,0.0,8008.600000000002,0.0,0.0,10000.0,0.0,0.0,0.0
2025-10-30 05:00:00,0.223045,11152.25,7310.0,0.0,3842.25,0.0,0.0,10000.0,0.0,0.0,0.0
2025-10-30 06:00:00,0.181474,9073.7,7310.0,0.0,1763.7000000000007,0.0,0.0,10000.0,0.0,0.0,0.0
2025-10-30 07:00:00,0.170009,8500.449999999999,7310.0,0.0,1190.449999999999,0.0,0.0,10000.0,0.0,0.0,0.0
2025-10-30 08:00:00,0.147314,7365.7,7310.0,0.0,55.69999999999982,0.0,0.0,10000.0,0.0,0.0,0.0
2025-10-30 09:00:00,0.132968,6648.400000000001,6648.400000000001,0.0,0.0,0.0,41.78944210210492,9958.210557897895,661.5999999999995,0.0,0.0
2025-10-30 10:00:00,0.132999,6649.950000000001,6649.950000000001,0.0,0.0,0.0,41.69153757481007,9916.519020323085,660.0499999999993,0.0,0.0
2025-10-30 11:00:00,0.16689099999999998,8344.55,7310.0,1034.5499999999993,0.0,19.15833333333332,0.0,9935.677353656418,0.0,0.0,0.0
2025-10-30 12:00:00,0.23647300000000002,11823.650000000001,7310.0,3473.422902553437,1040.2270974465646,64.32264634358216,0.0,10000.0,0.0,0.0,0.0
2025-10-30 13:00:00,0.34066199999999996,17033.1,7310.0,0.0,9723.099999999999,0.0,0.0,10000.0,0.0,0.0,0.0
2025-10-30 14:00:00,0.43919,21959.5,7310.0,0.0,14649.5,0.0,0.0,10000.0,0.0,0.0,0.0
2025-10-30 15:00:00,0.48502100000000004,24251.050000000003,7310.0,0.0,16941.050000000003,0.0,0.0,10000.0,0.0,0.0,0.0
2025-10-30 16:00:00,0.5002219999999999,25011.1,7310.0,0.0,17701.1,0.0,0.0,10000.0,0.0,0.0,0.0
2025-10-30 17:00:00,0.540326,27016.3,7310.0,0.0,19706.3,0.0,0.0,10000.0,0.0,0.0,0.0
2025-10-30 18:00:00,0.5741799999999999,28708.999999999996,7310.0,0.0,21398.999999999996,0.0,0.0,10000.0,0.0,0.0,0.0
2025-10-30 19:00:00,0.608647,30432.350000000002,7310.0,0.0,23122.350000000002,0.0,0.0,10000.0,0.0,0.0,0.0
2025-10-30 20:00:00,0.69136,34568.0,7310.0,0.0,27258.0,0.0,0.0,10000.0,0.0,0.0,0.0
2025-10-30 21:00:00,0.744966,37248.3,7310.0,0.0,29938.300000000003,0.0,0.0,10000.0,0.0,0.0,0.0
2025-10-30 22:00:00,0.840388,42019.4,7310.0,0.0,34709.4,0.0,0.0,10000.0,0.0,0.0,0.0
2025-10-30 23:00:00,0.865798,43289.9,7310.0,0.0,35979.9,0.0,0.0,10000.0,0.0,0.0,0.0
2025-10-31 00:00:00,0.851588,42579.4,7310.0,0.0,35269.4,0.0,0.0,10000.0,0.0,0.0,0.0
2025-10-31 01:00:00,0.8558279999999999,42791.399999999994,7310.0,0.0,35481.399999999994,0.0,0.0,10000.0,0.0,0.0,0.0
2025-10-31 02:00:00,0.834331,41716.55,7310.0,0.0,34406.55,0.0,0.0,10000.0,0.0,0.0,0.0
2025-10-31 03:00:00,0.763447,38172.35,7310.0,0.0,30862.35,0.0,0.0,10000.0,0.0,0.0,0.0
2025-10-31 04:00:00,0.704978,35248.9,7310.0,0.0,27938.9,0.0,0.0,10000.0,0.0,0.0,0.0
2025-10-31 05:00:00,0.671191,33559.549999999996,7310.0,0.0,26249.549999999996,0.0,0.0,10000.0,0.0,0.0,0.0
2025-10-31 06:00:00,0.65115,32557.5,7310.0,0.0,25247.5,0.0,0.0,10000.0,0.0,0.0,0.0
2025-10-31 07:00:00,0.648428,32421.4,7310.0,0.0,25111.4,0.0,0.0,10000.0,0.0,0.0,0.0
2025-10-31 08:00:00,0.648201,32410.050000000003,7310.0,0.0,25100.050000000003,0.0,0.0,10000.0,0.0,0.0,0.0
2025-10-31 09:00:00,0.6645700000000001,33228.50000000001,7310.0,0.0,25918.500000000007,0.0,0.0,10000.0,0.0,0.0,0.0
2025-10-31 10:00:00,0.7094790000000001,35473.950000000004,7310.0,0.0,28163.950000000004,0.0,0.0,10000.0,0.0,0.0,0.0
2025-10-31 11:00:00,0.773145,38657.25,7310.0,0.0,31347.25,0.0,0.0,10000.0,0.0,0.0,0.0
2025-10-31 12:00:00,0.841587,42079.35,7310.0,0.0,34769.35,0.0,0.0,10000.0,0.0,0.0,0.0
2025-10-31 13:00:00,0.850044,42502.200000000004,7310.0,0.0,35192.200000000004,0.0,0.0,10000.0,0.0,0.0,0.0
2025-10-31 14:00:00,0.840302,42015.1,7310.0,0.0,34705.1,0.0,0.0,10000.0,0.0,0.0,0.0
2025-10-31 15:00:00,0.8417100000000001,42085.5,7310.0,0.0,34775.5,0.0,0.0,10000.0,0.0,0.0,0.0
2025-10-31 16:00:00,0.843201,42160.049999999996,7310.0,0.0,34850.049999999996,0.0,0.0,10000.0,0.0,0.0,0.0
2025-10-31 17:00:00,0.849894,42494.700000000004,7310.0,0.0,35184.700000000004,0.0,0.0,10000.0,0.0,0.0,0.0
2025-10-31 18:00:00,0.852306,42615.3,7310.0,0.0,35305.3,0.0,0.0,10000.0,0.0,0.0,0.0
2025-10-31 19:00:00,0.847568,42378.4,7310.0,0.0,35068.4,0.0,0.0,10000.0,0.0,0.0,0.0
2025-10-31 20:00:00,0.846337,42316.85,7310.0,0.0,35006.85,0.0,0.0,10000.0,0.0,0.0,0.0
2025-10-31 21:00:00,0.8750990000000001,43754.950000000004,7310.0,0.0,36444.950000000004,0.0,0.0,10000.0,0.0,0.0,0.0
2025-10-31 22:00:00,0.879193,43959.65,7310.0,0.0,36649.65,0.0,0.0,10000.0,0.0,0.0,0.0
2025-10-31 23:00:00,0.867853,43392.65,7310.0,0.0,36082.65,0.0,0.0,10000.0,0.0,0.0,0.0
2025-11-01 00:00:00,0.874159,43707.950000000004,7310.0,0.0,36397.950000000004,0.0,0.0,10000.0,0.0,0.0,0.0
2025-11-01 01:00:00,0.8962060000000001,44810.3,7310.0,0.0,37500.3,0.0,0.0,10000.0,0.0,0.0,0.0
2025-11-01 02:00:00,0.916588,45829.4,7310.0,0.0,38519.4,0.0,0.0,10000.0,0.0,0.0,0.0
2025-11-01 03:00:00,0.9157150000000001,45785.75,7310.0,0.0,38475.75,0.0,0.0,10000.0,0.0,0.0,0.0
2025-11-01 04:00:00,0.879214,43960.700000000004,7310.0,0.0,36650.700000000004,0.0,0.0,10000.0,0.0,0.0,0.0
2025-11-01 05:00:00,0.829305,41465.25,7310.0,0.0,34155.25,0.0,0.0,10000.0,0.0,0.0,0.0
2025-11-01 06:00:00,0.771918,38595.9,7310.0,0.0,31285.9,0.0,0.0,10000.0,0.0,0.0,0.0
2025-11-01 07:00:00,0.756419,37820.95,7310.0,0.0,30510.949999999997,0.0,0.0,10000.0,0.0,0.0,0.0
2025-11-01 08:00:00,0.717388,35869.4,7310.0,0.0,28559.4,0.0,0.0,10000.0,0.0,0.0,0.0
2025-11-01 09:00:00,0.6924819999999999,34624.1,7310.0,0.0,27314.1,0.0,0.0,10000.0,0.0,0.0,0.0
2025-11-01 10:00:00,0.7682100000000001,38410.5,7310.0,0.0,31100.5,0.0,0.0,10000.0,0.0,0.0,0.0
2025-11-01 11:00:00,0.7950499999999999,39752.49999999999,7310.0,0.0,32442.499999999993,0.0,0.0,10000.0,0.0,0.0,0.0
2025-11-01 12:00:00,0.788224,39411.200000000004,7310.0,0.0,32101.200000000004,0.0,0.0,10000.0,0.0,0.0,0.0
2025-11-01 13:00:00,0.758008,37900.4,7310.0,0.0,30590.4,0.0,0.0,10000.0,0.0,0.0,0.0
2025-11-01 14:00:00,0.650983,32549.149999999998,7310.0,0.0,25239.149999999998,0.0,0.0,10000.0,0.0,0.0,0.0
2025-11-01 15:00:00,0.500719,25035.95,7310.0,0.0,17725.95,0.0,0.0,10000.0,0.0,0.0,0.0
2025-11-01 16:00:00,0.469457,23472.850000000002,7310.0,0.0,16162.850000000002,0.0,0.0,10000.0,0.0,0.0,0.0
2025-11-01 17:00:00,0.485567,24278.350000000002,7310.0,0.0,16968.350000000002,0.0,0.0,10000.0,0.0,0.0,0.0
2025-11-01 18:00:00,0.42556099999999997,21278.05,7310.0,0.0,13968.05,0.0,0.0,10000.0,0.0,0.0,0.0
2025-11-01 19:00:00,0.352401,17620.05,7310.0,0.0,10310.05,0.0,0.0,10000.0,0.0,0.0,0.0
2025-11-01 20:00:00,0.334864,16743.2,7310.0,0.0,9433.2,0.0,0.0,10000.0,0.0,0.0,0.0
2025-11-01 21:00:00,0.362183,18109.149999999998,7310.0,0.0,10799.149999999998,0.0,0.0,10000.0,0.0,0.0,0.0
2025-11-01 22:00:00,0.37699400000000005,18849.700000000004,7310.0,0.0,11539.700000000004,0.0,0.0,10000.0,0.0,0.0,0.0
2025-11-01 23:00:00,0.36428,18214.0,7310.0,0.0,10904.0,0.0,0.0,10000.0,0.0,0.0,0.0
2025-11-02 00:00:00,0.353805,17690.25,7310.0,0.0,10380.25,0.0,0.0,10000.0,0.0,0.0,0.0
2025-11-02 01:00:00,0.345051,17252.55,7310.0,0.0,9942.55,0.0,0.0,10000.0,0.0,0.0,0.0
2025-11-02 02:00:00,0.373562,18678.1,7310.0,0.0,11368.099999999999,0.0,0.0,10000.0,0.0,0.0,0.0
2025-11-02 03:00:00,0.372045,18602.25,7310.0,0.0,11292.25,0.0,0.0,10000.0,0.0,0.0,0.0
2025-11-02 04:00:00,0.412748,20637.4,7310.0,0.0,13327.400000000001,0.0,0.0,10000.0,0.0,0.0,0.0
2025-11-02 05:00:00,0.478709,23935.45,7310.0,0.0,16625.45,0.0,0.0,10000.0,0.0,0.0,0.0
2025-11-02 06:00:00,0.502366,25118.3,7310.0,0.0,17808.3,0.0,0.0,10000.0,0.0,0.0,0.0
2025-11-02 07:00:00,0.449341,22467.05,7310.0,0.0,15157.05,0.0,0.0,10000.0,0.0,0.0,0.0
2025-11-02 08:00:00,0.351472,17573.6,7310.0,0.0,10263.599999999999,0.0,0.0,10000.0,0.0,0.0,0.0
2025-11-02 09:00:00,0.36931,18465.5,7310.0,0.0,11155.5,0.0,0.0,10000.0,0.0,0.0,0.0
2025-11-02 10:00:00,0.47208300000000003,23604.15,7310.0,0.0,16294.150000000001,0.0,0.0,10000.0,0.0,0.0,0.0
2025-11-02 11:00:00,0.497977,24898.85,7310.0,0.0,17588.85,0.0,0.0,10000.0,0.0,0.0,0.0
2025-11-02 12:00:00,0.48145299999999996,24072.649999999998,7310.0,0.0,16762.649999999998,0.0,0.0,10000.0,0.0,0.0,0.0
2025-11-02 13:00:00,0.470148,23507.4,7310.0,0.0,16197.400000000001,0.0,0.0,10000.0,0.0,0.0,0.0
2025-11-02 14:00:00,0.459396,22969.800000000003,7310.0,0.0,15659.800000000003,0.0,0.0,10000.0,0.0,0.0,0.0
2025-11-02 15:00:00,0.370666,18533.3,7310.0,0.0,11223.3,0.0,0.0,10000.0,0.0,0.0,0.0
2025-11-02 16:00:00,0.33314499999999997,16657.25,7310.0,0.0,9347.25,0.0,0.0,10000.0,0.0,0.0,0.0
2025-11-02 17:00:00,0.412189,20609.45,7310.0,0.0,13299.45,0.0,0.0,10000.0,0.0,0.0,0.0
2025-11-02 18:00:00,0.453903,22695.15,7310.0,0.0,15385.150000000001,0.0,0.0,10000.0,0.0,0.0,0.0
2025-11-02 19:00:00,0.459138,22956.899999999998,7310.0,0.0,15646.899999999998,0.0,0.0,10000.0,0.0,0.0,0.0
2025-11-02 20:00:00,0.447009,22350.45,7310.0,0.0,15040.45,0.0,0.0,10000.0,0.0,0.0,0.0
2025-11-02 21:00:00,0.44809,22404.5,7310.0,0.0,15094.5,0.0,0.0,10000.0,0.0,0.0,0.0
2025-11-02 22:00:00,0.450995,22549.75,7310.0,0.0,15239.75,0.0,0.0,10000.0,0.0,0.0,0.0
2025-11-02 23:00:00,0.459032,22951.6,7310.0,0.0,15641.599999999999,0.0,0.0,10000.0,0.0,0.0,0.0
2025-11-03 00:00:00,0.45931,22965.5,7310.0,0.0,15655.5,0.0,0.0,10000.0,0.0,0.0,0.0
2025-11-03 01:00:00,0.456639,22831.95,7310.0,0.0,15521.95,0.0,0.0,10000.0,0.0,0.0,0.0
2025-11-03 02:00:00,0.481921,24096.05,7310.0,0.0,16786.05,0.0,0.0,10000.0,0.0,0.0,0.0
2025-11-03 03:00:00,0.5196259999999999,25981.299999999996,7310.0,0.0,18671.299999999996,0.0,0.0,10000.0,0.0,0.0,0.0
2025-11-03 04:00:00,0.574779,28738.95,7310.0,0.0,21428.95,0.0,0.0,10000.0,0.0,0.0,0.0
2025-11-03 05:00:00,0.641619,32080.95,7310.0,0.0,24770.95,0.0,0.0,10000.0,0.0,0.0,0.0
2025-11-03 06:00:00,0.6870689999999999,34353.45,7310.0,0.0,27043.449999999997,0.0,0.0,10000.0,0.0,0.0,0.0
2025-11-03 07:00:00,0.771915,38595.75,7310.0,0.0,31285.75,0.0,0.0,10000.0,0.0,0.0,0.0
2025-11-03 08:00:00,0.797372,39868.6,7310.0,0.0,32558.6,0.0,0.0,10000.0,0.0,0.0,0.0
2025-11-03 09:00:00,0.8076810000000001,40384.05,7310.0,0.0,33074.05,0.0,0.0,10000.0,0.0,0.0,0.0
2025-11-03 10:00:00,0.8671449999999999,43357.25,7310.0,0.0,36047.25,0.0,0.0,10000.0,0.0,0.0,0.0
2025-11-03 11:00:00,0.888143,44407.15,7310.0,0.0,37097.15,0.0,0.0,10000.0,0.0,0.0,0.0
2025-11-03 12:00:00,0.898893,44944.65,7310.0,0.0,37634.65,0.0,0.0,10000.0,0.0,0.0,0.0
2025-11-03 13:00:00,0.893892,44694.6,7310.0,0.0,37384.6,0.0,0.0,10000.0,0.0,0.0,0.0
2025-11-03 14:00:00,0.8700650000000001,43503.25000000001,7310.0,0.0,36193.25000000001,0.0,0.0,10000.0,0.0,0.0,0.0
2025-11-03 15:00:00,0.840307,42015.35,7310.0,0.0,34705.35,0.0,0.0,10000.0,0.0,0.0,0.0
2025-11-03 16:00:00,0.831356,41567.799999999996,7310.0,0.0,34257.799999999996,0.0,0.0,10000.0,0.0,0.0,0.0
2025-11-03 17:00:00,0.82577,41288.5,7310.0,0.0,33978.5,0.0,0.0,10000.0,0.0,0.0,0.0
2025-11-03 18:00:00,0.8333200000000001,41666.0,7310.0,0.0,34356.0,0.0,0.0,10000.0,0.0,0.0,0.0
2025-11-03 19:00:00,0.845078,42253.9,7310.0,0.0,34943.9,0.0,0.0,10000.0,0.0,0.0,0.0
2025-11-03 20:00:00,0.85713,42856.5,7310.0,0.0,35546.5,0.0,0.0,10000.0,0.0,0.0,0.0
2025-11-03 21:00:00,0.866992,43349.6,7310.0,0.0,36039.6,0.0,0.0,10000.0,0.0,0.0,0.0
2025-11-03 22:00:00,0.87001,43500.5,7310.0,0.0,36190.5,0.0,0.0,10000.0,0.0,0.0,0.0
2025-11-03 23:00:00,0.864562,43228.100000000006,7310.0,0.0,35918.100000000006,0.0,0.0,10000.0,0.0,0.0,0.0
2025-11-04 00:00:00,0.855256,42762.8,7310.0,0.0,35452.8,0.0,0.0,10000.0,0.0,0.0,0.0
2025-11-04 01:00:00,0.837703,41885.15,7310.0,0.0,34575.15,0.0,0.0,10000.0,0.0,0.0,0.0
2025-11-04 02:00:00,0.8309059999999999,41545.299999999996,7310.0,0.0,34235.299999999996,0.0,0.0,10000.0,0.0,0.0,0.0
2025-11-04 03:00:00,0.823012,41150.6,7310.0,0.0,33840.6,0.0,0.0,10000.0,0.0,0.0,0.0
2025-11-04 04:00:00,0.806044,40302.2,7310.0,0.0,32992.2,0.0,0.0,10000.0,0.0,0.0,0.0
2025-11-04 05:00:00,0.788203,39410.15,7310.0,0.0,32100.15,0.0,0.0,10000.0,0.0,0.0,0.0
2025-11-04 06:00:00,0.769236,38461.8,7310.0,0.0,31151.800000000003,0.0,0.0,10000.0,0.0,0.0,0.0
2025-11-04 07:00:00,0.749838,37491.9,7310.0,0.0,30181.9,0.0,0.0,10000.0,0.0,0.0,0.0
2025-11-04 08:00:00,0.710939,35546.95,7310.0,0.0,28236.949999999997,0.0,0.0,10000.0,0.0,0.0,0.0
2025-11-04 09:00:00,0.6557350000000001,32786.75,7310.0,0.0,25476.75,0.0,0.0,10000.0,0.0,0.0,0.0
2025-11-04 10:00:00,0.6354299999999999,31771.499999999996,7310.0,0.0,24461.499999999996,0.0,0.0,10000.0,0.0,0.0,0.0
2025-11-04 11:00:00,0.650969,32548.45,7310.0,0.0,25238.45,0.0,0.0,10000.0,0.0,0.0,0.0
2025-11-04 12:00:00,0.6550349999999999,32751.749999999996,7310.0,0.0,25441.749999999996,0.0,0.0,10000.0,0.0,0.0,0.0
2025-11-04 13:00:00,0.632952,31647.6,7310.0,0.0,24337.6,0.0,0.0,10000.0,0.0,0.0,0.0
2025-11-04 14:00:00,0.63047,31523.5,7310.0,0.0,24213.5,0.0,0.0,10000.0,0.0,0.0,0.0
2025-11-04 15:00:00,0.6572060000000001,32860.3,7310.0,0.0,25550.300000000003,0.0,0.0,10000.0,0.0,0.0,0.0
2025-11-04 16:00:00,0.700585,35029.25,7310.0,0.0,27719.25,0.0,0.0,10000.0,0.0,0.0,0.0
2025-11-04 17:00:00,0.738597,36929.85,7310.0,0.0,29619.85,0.0,0.0,10000.0,0.0,0.0,0.0
2025-11-04 18:00:00,0.77904,38952.0,7310.0,0.0,31642.0,0.0,0.0,10000.0,0.0,0.0,0.0
2025-11-04 19:00:00,0.790841,39542.05,7310.0,0.0,32232.050000000003,0.0,0.0,10000.0,0.0,0.0,0.0
2025-11-04 20:00:00,0.776533,38826.65,7310.0,0.0,31516.65,0.0,0.0,10000.0,0.0,0.0,0.0
2025-11-04 21:00:00,0.738773,36938.65,7310.0,0.0,29628.65,0.0,0.0,10000.0,0.0,0.0,0.0
2025-11-04 22:00:00,0.7247509999999999,36237.549999999996,7310.0,0.0,28927.549999999996,0.0,0.0,10000.0,0.0,0.0,0.0
2025-11-04 23:00:00,0.7412219999999999,37061.1,7310.0,0.0,29751.1,0.0,0.0,10000.0,0.0,0.0,0.0
2025-11-05 00:00:00,0.727424,36371.2,7310.0,0.0,29061.199999999997,0.0,0.0,10000.0,0.0,0.0,0.0
2025-11-05 01:00:00,0.6803170000000001,34015.850000000006,7310.0,0.0,26705.850000000006,0.0,0.0,10000.0,0.0,0.0,0.0
2025-11-05 02:00:00,0.6533819999999999,32669.099999999995,7310.0,0.0,25359.099999999995,0.0,0.0,10000.0,0.0,0.0,0.0
2025-11-05 03:00:00,0.5943590000000001,29717.950000000004,7310.0,0.0,22407.950000000004,0.0,0.0,10000.0,0.0,0.0,0.0
2025-11-05 04:00:00,0.5657960000000001,28289.800000000003,7310.0,0.0,20979.800000000003,0.0,0.0,10000.0,0.0,0.0,0.0
2025-11-05 05:00:00,0.515202,25760.100000000002,7310.0,0.0,18450.100000000002,0.0,0.0,10000.0,0.0,0.0,0.0
2025-11-05 06:00:00,0.509812,25490.600000000002,7310.0,0.0,18180.600000000002,0.0,0.0,10000.0,0.0,0.0,0.0
2025-11-05 07:00:00,0.516651,25832.55,7310.0,0.0,18522.55,0.0,0.0,10000.0,0.0,0.0,0.0
2025-11-05 08:00:00,0.46849,23424.5,7310.0,0.0,16114.5,0.0,0.0,10000.0,0.0,0.0,0.0
2025-11-05 09:00:00,0.46326799999999996,23163.399999999998,7310.0,0.0,15853.399999999998,0.0,0.0,10000.0,0.0,0.0,0.0
2025-11-05 10:00:00,0.6329450000000001,31647.250000000004,7310.0,0.0,24337.250000000004,0.0,0.0,10000.0,0.0,0.0,0.0
2025-11-05 11:00:00,0.66532,33266.0,7310.0,0.0,25956.0,0.0,0.0,10000.0,0.0,0.0,0.0
2025-11-05 12:00:00,0.645015,32250.75,7310.0,0.0,24940.75,0.0,0.0,10000.0,0.0,0.0,0.0
2025-11-05 13:00:00,0.5856180000000001,29280.900000000005,7310.0,0.0,21970.900000000005,0.0,0.0,10000.0,0.0,0.0,0.0
2025-11-05 14:00:00,0.481452,24072.6,7310.0,0.0,16762.6,0.0,0.0,10000.0,0.0,0.0,0.0
2025-11-05 15:00:00,0.397756,19887.8,7310.0,0.0,12577.8,0.0,0.0,10000.0,0.0,0.0,0.0
2025-11-05 16:00:00,0.46025499999999997,23012.75,7310.0,0.0,15702.75,0.0,0.0,10000.0,0.0,0.0,0.0
2025-11-05 17:00:00,0.47594600000000004,23797.300000000003,7310.0,0.0,16487.300000000003,0.0,0.0,10000.0,0.0,0.0,0.0
2025-11-05 18:00:00,0.43698899999999996,21849.449999999997,7310.0,0.0,14539.449999999997,0.0,0.0,10000.0,0.0,0.0,0.0
2025-11-05 19:00:00,0.429253,21462.65,7310.0,0.0,14152.650000000001,0.0,0.0,10000.0,0.0,0.0,0.0
2025-11-05 20:00:00,0.414144,20707.2,7310.0,0.0,13397.2,0.0,0.0,10000.0,0.0,0.0,0.0
2025-11-05 21:00:00,0.407306,20365.3,7310.0,0.0,13055.3,0.0,0.0,10000.0,0.0,0.0,0.0
2025-11-05 22:00:00,0.410991,20549.55,7310.0,0.0,13239.55,0.0,0.0,10000.0,0.0,0.0,0.0
2025-11-05 23:00:00,0.459409,22970.45,7310.0,0.0,15660.45,0.0,0.0,10000.0,0.0,0.0,0.0
2025-11-06 00:00:00,0.46435899999999997,23217.949999999997,7310.0,0.0,15907.949999999997,0.0,0.0,10000.0,0.0,0.0,0.0
2025-11-06 01:00:00,0.458296,22914.8,7310.0,0.0,15604.8,0.0,0.0,10000.0,0.0,0.0,0.0
2025-11-06 02:00:00,0.447653,22382.65,7310.0,0.0,15072.650000000001,0.0,0.0,10000.0,0.0,0.0,0.0
2025-11-06 03:00:00,0.48032400000000003,24016.2,7310.0,0.0,16706.2,0.0,0.0,10000.0,0.0,0.0,0.0
2025-11-06 04:00:00,0.515788,25789.4,7310.0,0.0,18479.4,0.0,0.0,10000.0,0.0,0.0,0.0
2025-11-06 05:00:00,0.476737,23836.850000000002,7310.0,0.0,16526.850000000002,0.0,0.0,10000.0,0.0,0.0,0.0
2025-11-06 06:00:00,0.459399,22969.95,7310.0,0.0,15659.95,0.0,0.0,10000.0,0.0,0.0,0.0
2025-11-06 07:00:00,0.447003,22350.149999999998,7310.0,0.0,15040.149999999998,0.0,0.0,10000.0,0.0,0.0,0.0
2025-11-06 08:00:00,0.365995,18299.75,7310.0,0.0,10989.75,0.0,0.0,10000.0,0.0,0.0,0.0
2025-11-06 09:00:00,0.27440800000000004,13720.400000000001,7310.0,0.0,6410.4000000000015,0.0,0.0,10000.0,0.0,0.0,0.0
2025-11-06 10:00:00,0.270541,13527.05,7310.0,0.0,6217.049999999999,0.0,0.0,10000.0,0.0,0.0,0.0
2025-11-06 11:00:00,0.345173,17258.65,7310.0,0.0,9948.650000000001,0.0,0.0,10000.0,0.0,0.0,0.0
2025-11-06 12:00:00,0.367537,18376.85,7310.0,0.0,11066.849999999999,0.0,0.0,10000.0,0.0,0.0,0.0
2025-11-06 13:00:00,0.302478,15123.900000000001,7310.0,0.0,7813.9000000000015,0.0,0.0,10000.0,0.0,0.0,0.0
2025-11-06 14:00:00,0.208694,10434.699999999999,7310.0,0.0,3124.699999999999,0.0,0.0,10000.0,0.0,0.0,0.0
2025-11-06 15:00:00,0.192101,9605.05,7310.0,0.0,2295.0499999999993,0.0,0.0,10000.0,0.0,0.0,0.0
2025-11-06 16:00:00,0.23295,11647.5,7310.0,0.0,4337.5,0.0,0.0,10000.0,0.0,0.0,0.0
2025-11-06 17:00:00,0.25518199999999996,12759.099999999999,7310.0,0.0,5449.0999999999985,0.0,0.0,10000.0,0.0,0.0,0.0
2025-11-06 18:00:00,0.256372,12818.599999999999,7310.0,0.0,5508.5999999999985,0.0,0.0,10000.0,0.0,0.0,0.0
2025-11-06 19:00:00,0.265692,13284.599999999999,7310.0,0.0,5974.5999999999985,0.0,0.0,10000.0,0.0,0.0,0.0
2025-11-06 20:00:00,0.27954199999999996,13977.099999999999,7310.0,0.0,6667.0999999999985,0.0,0.0,10000.0,0.0,0.0,0.0
2025-11-06 21:00:00,0.29103500000000004,14551.750000000002,7310.0,0.0,7241.750000000002,0.0,0.0,10000.0,0.0,0.0,0.0
2025-11-06 22:00:00,0.284439,14221.95,7310.0,0.0,6911.950000000001,0.0,0.0,10000.0,0.0,0.0,0.0
2025-11-06 23:00:00,0.277968,13898.4,7310.0,0.0,6588.4,0.0,0.0,10000.0,0.0,0.0,0.0
2025-11-07 00:00:00,0.278952,13947.599999999999,7310.0,0.0,6637.5999999999985,0.0,0.0,10000.0,0.0,0.0,0.0
2025-11-07 01:00:00,0.29136399999999996,14568.199999999997,7310.0,0.0,7258.199999999997,0.0,0.0,10000.0,0.0,0.0,0.0
2025-11-07 02:00:00,0.31306900000000004,15653.450000000003,7310.0,0.0,8343.450000000003,0.0,0.0,10000.0,0.0,0.0,0.0
2025-11-07 03:00:00,0.33156,16578.0,7310.0,0.0,9268.0,0.0,0.0,10000.0,0.0,0.0,0.0
2025-11-07 04:00:00,0.344647,17232.35,7310.0,0.0,9922.349999999999,0.0,0.0,10000.0,0.0,0.0,0.0
2025-11-07 05:00:00,0.344312,17215.6,7310.0,0.0,9905.599999999999,0.0,0.0,10000.0,0.0,0.0,0.0
2025-11-07 06:00:00,0.338463,16923.15,7310.0,0.0,9613.150000000001,0.0,0.0,10000.0,0.0,0.0,0.0
2025-11-07 07:00:00,0.355091,17754.55,7310.0,0.0,10444.55,0.0,0.0,10000.0,0.0,0.0,0.0
2025-11-07 08:00:00,0.3262,16310.0,7310.0,0.0,9000.0,0.0,0.0,10000.0,0.0,0.0,0.0
2025-11-07 09:00:00,0.239157,11957.85,7310.0,0.0,4647.85,0.0,0.0,10000.0,0.0,0.0,0.0
2025-11-07 10:00:00,0.32006999999999997,16003.499999999998,7310.0,0.0,8693.499999999998,0.0,0.0,10000.0,0.0,0.0,0.0
2025-11-07 11:00:00,0.396537,19826.85,7310.0,0.0,12516.849999999999,0.0,0.0,10000.0,0.0,0.0,0.0
2025-11-07 12:00:00,0.4663,23315.0,7310.0,0.0,16005.0,0.0,0.0,10000.0,0.0,0.0,0.0
2025-11-07 13:00:00,0.496377,24818.850000000002,7310.0,0.0,17508.850000000002,0.0,0.0,10000.0,0.0,0.0,0.0
2025-11-07 14:00:00,0.42229,21114.5,7310.0,0.0,13804.5,0.0,0.0,10000.0,0.0,0.0,0.0
2025-11-07 15:00:00,0.331575,16578.75,7310.0,0.0,9268.75,0.0,0.0,10000.0,0.0,0.0,0.0
2025-11-07 16:00:00,0.37859,18929.5,7310.0,0.0,11619.5,0.0,0.0,10000.0,0.0,0.0,0.0
2025-11-07 17:00:00,0.40943599999999997,20471.8,7310.0,0.0,13161.8,0.0,0.0,10000.0,0.0,0.0,0.0
2025-11-07 18:00:00,0.381579,19078.95,7310.0,0.0,11768.95,0.0,0.0,10000.0,0.0,0.0,0.0
2025-11-07 19:00:00,0.36930599999999997,18465.3,7310.0,0.0,11155.3,0.0,0.0,10000.0,0.0,0.0,0.0
2025-11-07 20:00:00,0.35664999999999997,17832.5,7310.0,0.0,10522.5,0.0,0.0,10000.0,0.0,0.0,0.0
2025-11-07 21:00:00,0.35225,17612.5,7310.0,0.0,10302.5,0.0,0.0,10000.0,0.0,0.0,0.0
2025-11-07 22:00:00,0.325195,16259.75,7310.0,0.0,8949.75,0.0,0.0,10000.0,0.0,0.0,0.0
2025-11-07 23:00:00,0.309127,15456.349999999999,7310.0,0.0,8146.3499999999985,0.0,0.0,10000.0,0.0,0.0,0.0
2025-11-08 00:00:00,0.304942,15247.1,7310.0,0.0,7937.1,0.0,0.0,10000.0,0.0,0.0,0.0
2025-11-08 01:00:00,0.28326999999999997,14163.499999999998,7310.0,0.0,6853.499999999998,0.0,0.0,10000.0,0.0,0.0,0.0
2025-11-08 02:00:00,0.224719,11235.95,7310.0,0.0,3925.9500000000007,0.0,0.0,10000.0,0.0,0.0,0.0
2025-11-08 03:00:00,0.18274,9137.0,7310.0,0.0,1827.0,0.0,0.0,10000.0,0.0,0.0,0.0
2025-11-08 04:00:00,0.196803,9840.15,7310.0,0.0,2530.1499999999996,0.0,0.0,10000.0,0.0,0.0,0.0
2025-11-08 05:00:00,0.22740000000000002,11370.000000000002,7310.0,0.0,4060.000000000002,0.0,0.0,10000.0,0.0,0.0,0.0
2025-11-08 06:00:00,0.275109,13755.449999999999,7310.0,0.0,6445.449999999999,0.0,0.0,10000.0,0.0,0.0,0.0
2025-11-08 07:00:00,0.29875999999999997,14937.999999999998,7310.0,0.0,7627.999999999998,0.0,0.0,10000.0,0.0,0.0,0.0
2025-11-08 08:00:00,0.264562,13228.1,7310.0,0.0,5918.1,0.0,0.0,10000.0,0.0,0.0,0.0
2025-11-08 09:00:00,0.23068799999999998,11534.4,7310.0,0.0,4224.4,0.0,0.0,10000.0,0.0,0.0,0.0
2025-11-08 10:00:00,0.22521000000000002,11260.500000000002,7310.0,0.0,3950.500000000002,0.0,0.0,10000.0,0.0,0.0,0.0
2025-11-08 11:00:00,0.192946,9647.300000000001,7310.0,0.0,2337.300000000001,0.0,0.0,10000.0,0.0,0.0,0.0
2025-11-08 12:00:00,0.184173,9208.65,7310.0,0.0,1898.6499999999996,0.0,0.0,10000.0,0.0,0.0,0.0
2025-11-08 13:00:00,0.18782400000000002,9391.2,7310.0,0.0,2081.2000000000007,0.0,0.0,10000.0,0.0,0.0,0.0
2025-11-08 14:00:00,0.194428,9721.4,7310.0,0.0,2411.3999999999996,0.0,0.0,10000.0,0.0,0.0,0.0
2025-11-08 15:00:00,0.200824,10041.2,7310.0,0.0,2731.2000000000007,0.0,0.0,10000.0,0.0,0.0,0.0
2025-11-08 16:00:00,0.248256,12412.800000000001,7310.0,0.0,5102.800000000001,0.0,0.0,10000.0,0.0,0.0,0.0
2025-11-08 17:00:00,0.27166500000000005,13583.250000000002,7310.0,0.0,6273.250000000002,0.0,0.0,10000.0,0.0,0.0,0.0
2025-11-08 18:00:00,0.259351,12967.55,7310.0,0.0,5657.549999999999,0.0,0.0,10000.0,0.0,0.0,0.0
2025-11-08 19:00:00,0.245442,12272.1,7310.0,0.0,4962.1,0.0,0.0,10000.0,0.0,0.0,0.0
2025-11-08 20:00:00,0.260229,13011.449999999999,7310.0,0.0,5701.449999999999,0.0,0.0,10000.0,0.0,0.0,0.0
2025-11-08 21:00:00,0.291358,14567.9,7310.0,0.0,7257.9,0.0,0.0,10000.0,0.0,0.0,0.0
2025-11-08 22:00:00,0.31124799999999997,15562.399999999998,7310.0,0.0,8252.399999999998,0.0,0.0,10000.0,0.0,0.0,0.0
2025-11-08 23:00:00,0.296902,14845.1,7310.0,0.0,7535.1,0.0,0.0,10000.0,0.0,0.0,0.0
2025-11-09 00:00:00,0.251447,12572.349999999999,7310.0,0.0,5262.3499999999985,0.0,0.0,10000.0,0.0,0.0,0.0
2025-11-09 01:00:00,0.19888499999999998,9944.249999999998,7310.0,0.0,2634.249999999998,0.0,0.0,10000.0,0.0,0.0,0.0
2025-11-09 02:00:00,0.159037,7951.85,7310.0,0.0,641.8500000000004,0.0,0.0,10000.0,0.0,0.0,0.0
2025-11-09 03:00:00,0.142913,7145.650000000001,7145.650000000001,0.0,0.0,0.0,10.381038103810347,9989.618961896189,164.34999999999945,0.0,0.0
2025-11-09 04:00:00,0.134185,6709.25,6709.25,0.0,0.0,0.0,37.94589985314321,9951.673062043046,600.75,0.0,0.0
2025-11-09 05:00:00,0.132959,6647.95,6647.95,0.0,0.0,0.0,41.81786599712604,9909.85519604592,662.0500000000002,0.0,0.0
2025-11-09 06:00:00,0.13476400000000002,6738.200000000001,6738.200000000001,0.0,0.0,0.0,36.117295940120286,9873.7379001058,571.7999999999993,0.0,0.0
2025-11-09 07:00:00,0.159055,7952.75,7310.0,642.75,0.0,11.902777777777779,0.0,9885.640677883577,0.0,0.0,0.0
2025-11-09 08:00:00,0.1988,9940.0,7310.0,2630.0,0.0,48.7037037037037,0.0,9934.344381587282,0.0,0.0,0.0
2025-11-09 09:00:00,0.20344399999999999,10172.199999999999,7310.0,2862.199999999999,0.0,53.003703703703685,0.0,9987.348085290985,0.0,0.0,0.0
2025-11-09 10:00:00,0.265358,13267.9,7310.0,683.2033942868002,5274.6966057131995,12.651914709014818,0.0,10000.0,0.0,0.0,0.0
2025-11-09 11:00:00,0.40318200000000004,20159.100000000002,7310.0,0.0,12849.100000000002,0.0,0.0,10000.0,0.0,0.0,0.0
2025-11-09 12:00:00,0.497965,24898.25,7310.0,0.0,17588.25,0.0,0.0,10000.0,0.0,0.0,0.0
2025-11-09 13:00:00,0.5412899999999999,27064.499999999996,7310.0,0.0,19754.499999999996,0.0,0.0,10000.0,0.0,0.0,0.0
2025-11-09 14:00:00,0.537574,26878.7,7310.0,0.0,19568.7,0.0,0.0,10000.0,0.0,0.0,0.0
2025-11-09 15:00:00,0.494244,24712.2,7310.0,0.0,17402.2,0.0,0.0,10000.0,0.0,0.0,0.0
2025-11-09 16:00:00,0.491739,24586.95,7310.0,0.0,17276.95,0.0,0.0,10000.0,0.0,0.0,0.0
2025-11-09 17:00:00,0.515788,25789.4,7310.0,0.0,18479.4,0.0,0.0,10000.0,0.0,0.0,0.0
2025-11-09 18:00:00,0.509917,25495.85,7310.0,0.0,18185.85,0.0,0.0,10000.0,0.0,0.0,0.0
2025-11-09 19:00:00,0.617479,30873.95,7310.0,0.0,23563.95,0.0,0.0,10000.0,0.0,0.0,0.0
2025-11-09 20:00:00,0.634841,31742.05,7310.0,0.0,24432.05,0.0,0.0,10000.0,0.0,0.0,0.0
2025-11-09 21:00:00,0.635264,31763.2,7310.0,0.0,24453.2,0.0,0.0,10000.0,0.0,0.0,0.0
2025-11-09 22:00:00,0.682203,34110.15,7310.0,0.0,26800.15,0.0,0.0,10000.0,0.0,0.0,0.0
2025-11-09 23:00:00,0.714447,35722.350000000006,7310.0,0.0,28412.350000000006,0.0,0.0,10000.0,0.0,0.0,0.0
2025-11-10 00:00:00,0.751247,37562.35,7310.0,0.0,30252.35,0.0,0.0,10000.0,0.0,0.0,0.0
2025-11-10 01:00:00,0.736722,36836.1,7310.0,0.0,29526.1,0.0,0.0,10000.0,0.0,0.0,0.0
2025-11-10 02:00:00,0.70338,35169.0,7310.0,0.0,27859.0,0.0,0.0,10000.0,0.0,0.0,0.0
2025-11-10 03:00:00,0.6655030000000001,33275.15,7310.0,0.0,25965.15,0.0,0.0,10000.0,0.0,0.0,0.0
2025-11-10 04:00:00,0.641261,32063.05,7310.0,0.0,24753.05,0.0,0.0,10000.0,0.0,0.0,0.0
2025-11-10 05:00:00,0.6284529999999999,31422.649999999998,7310.0,0.0,24112.649999999998,0.0,0.0,10000.0,0.0,0.0,0.0
2025-11-10 06:00:00,0.606861,30343.05,7310.0,0.0,23033.05,0.0,0.0,10000.0,0.0,0.0,0.0
2025-11-10 07:00:00,0.5348630000000001,26743.150000000005,7310.0,0.0,19433.150000000005,0.0,0.0,10000.0,0.0,0.0,0.0
2025-11-10 08:00:00,0.500724,25036.199999999997,7310.0,0.0,17726.199999999997,0.0,0.0,10000.0,0.0,0.0,0.0
2025-11-10 09:00:00,0.544336,27216.800000000003,7310.0,0.0,19906.800000000003,0.0,0.0,10000.0,0.0,0.0,0.0
2025-11-10 10:00:00,0.521401,26070.05,7310.0,0.0,18760.05,0.0,0.0,10000.0,0.0,0.0,0.0
2025-11-10 11:00:00,0.434756,21737.8,7310.0,0.0,14427.8,0.0,0.0,10000.0,0.0,0.0,0.0
2025-11-10 12:00:00,0.403446,20172.300000000003,7310.0,0.0,12862.300000000003,0.0,0.0,10000.0,0.0,0.0,0.0
2025-11-10 13:00:00,0.425027,21251.35,7310.0,0.0,13941.349999999999,0.0,0.0,10000.0,0.0,0.0,0.0
2025-11-10 14:00:00,0.378919,18945.95,7310.0,0.0,11635.95,0.0,0.0,10000.0,0.0,0.0,0.0
2025-11-10 15:00:00,0.371223,18561.15,7310.0,0.0,11251.150000000001,0.0,0.0,10000.0,0.0,0.0,0.0
2025-11-10 16:00:00,0.447766,22388.3,7310.0,0.0,15078.3,0.0,0.0,10000.0,0.0,0.0,0.0
2025-11-10 17:00:00,0.49617500000000003,24808.75,7310.0,0.0,17498.75,0.0,0.0,10000.0,0.0,0.0,0.0
2025-11-10 18:00:00,0.5318849999999999,26594.249999999996,7310.0,0.0,19284.249999999996,0.0,0.0,10000.0,0.0,0.0,0.0
2025-11-10 19:00:00,0.439014,21950.7,7310.0,0.0,14640.7,0.0,0.0,10000.0,0.0,0.0,0.0
2025-11-10 20:00:00,0.38562599999999997,19281.3,7310.0,0.0,11971.3,0.0,0.0,10000.0,0.0,0.0,0.0
2025-11-10 21:00:00,0.397766,19888.3,7310.0,0.0,12578.3,0.0,0.0,10000.0,0.0,0.0,0.0
2025-11-10 22:00:00,0.404718,20235.9,7310.0,0.0,12925.900000000001,0.0,0.0,10000.0,0.0,0.0,0.0
2025-11-10 23:00:00,0.401374,20068.7,7310.0,0.0,12758.7,0.0,0.0,10000.0,0.0,0.0,0.0
2025-11-11 00:00:00,0.378937,18946.850000000002,7310.0,0.0,11636.850000000002,0.0,0.0,10000.0,0.0,0.0,0.0
2025-11-11 01:00:00,0.385618,19280.9,7310.0,0.0,11970.900000000001,0.0,0.0,10000.0,0.0,0.0,0.0
2025-11-11 02:00:00,0.388959,19447.95,7310.0,0.0,12137.95,0.0,0.0,10000.0,0.0,0.0,0.0
2025-11-11 03:00:00,0.36855,18427.5,7310.0,0.0,11117.5,0.0,0.0,10000.0,0.0,0.0,0.0
2025-11-11 04:00:00,0.361568,18078.4,7310.0,0.0,10768.400000000001,0.0,0.0,10000.0,0.0,0.0,0.0
2025-11-11 05:00:00,0.369195,18459.75,7310.0,0.0,11149.75,0.0,0.0,10000.0,0.0,0.0,0.0
2025-11-11 06:00:00,0.397772,19888.600000000002,7310.0,0.0,12578.600000000002,0.0,0.0,10000.0,0.0,0.0,0.0
2025-11-11 07:00:00,0.48657799999999995,24328.899999999998,7310.0,0.0,17018.899999999998,0.0,0.0,10000.0,0.0,0.0,0.0
2025-11-11 08:00:00,0.576937,28846.850000000002,7310.0,0.0,21536.850000000002,0.0,0.0,10000.0,0.0,0.0,0.0
2025-11-11 09:00:00,0.6379539999999999,31897.699999999997,7310.0,0.0,24587.699999999997,0.0,0.0,10000.0,0.0,0.0,0.0
2025-11-11 10:00:00,0.66046,33023.0,7310.0,0.0,25713.0,0.0,0.0,10000.0,0.0,0.0,0.0
2025-11-11 11:00:00,0.713904,35695.2,7310.0,0.0,28385.199999999997,0.0,0.0,10000.0,0.0,0.0,0.0
2025-11-11 12:00:00,0.785593,39279.65,7310.0,0.0,31969.65,0.0,0.0,10000.0,0.0,0.0,0.0
2025-11-11 13:00:00,0.767621,38381.05,7310.0,0.0,31071.050000000003,0.0,0.0,10000.0,0.0,0.0,0.0
2025-11-11 14:00:00,0.759758,37987.9,7310.0,0.0,30677.9,0.0,0.0,10000.0,0.0,0.0,0.0
2025-11-11 15:00:00,0.772043,38602.15,7310.0,0.0,31292.15,0.0,0.0,10000.0,0.0,0.0,0.0
2025-11-11 16:00:00,0.793243,39662.15,7310.0,0.0,32352.15,0.0,0.0,10000.0,0.0,0.0,0.0
2025-11-11 17:00:00,0.796987,39849.35,7310.0,0.0,32539.35,0.0,0.0,10000.0,0.0,0.0,0.0
2025-11-11 18:00:00,0.833835,41691.75,7310.0,0.0,34381.75,0.0,0.0,10000.0,0.0,0.0,0.0
2025-11-11 19:00:00,0.8660220000000001,43301.100000000006,7310.0,0.0,35991.100000000006,0.0,0.0,10000.0,0.0,0.0,0.0
2025-11-11 20:00:00,0.873346,43667.299999999996,7310.0,0.0,36357.299999999996,0.0,0.0,10000.0,0.0,0.0,0.0
2025-11-11 21:00:00,0.888023,44401.15,7310.0,0.0,37091.15,0.0,0.0,10000.0,0.0,0.0,0.0
2025-11-11 22:00:00,0.863598,43179.9,7310.0,0.0,35869.9,0.0,0.0,10000.0,0.0,0.0,0.0
2025-11-11 23:00:00,0.8309070000000001,41545.350000000006,7310.0,0.0,34235.350000000006,0.0,0.0,10000.0,0.0,0.0,0.0
2025-11-12 00:00:00,0.797819,39890.95,7310.0,0.0,32580.949999999997,0.0,0.0,10000.0,0.0,0.0,0.0
2025-11-12 01:00:00,0.769836,38491.799999999996,7310.0,0.0,31181.799999999996,0.0,0.0,10000.0,0.0,0.0,0.0
2025-11-12 02:00:00,0.76359,38179.5,7310.0,0.0,30869.5,0.0,0.0,10000.0,0.0,0.0,0.0
2025-11-12 03:00:00,0.7458980000000001,37294.9,7310.0,0.0,29984.9,0.0,0.0,10000.0,0.0,0.0,0.0
2025-11-12 04:00:00,0.654285,32714.25,7310.0,0.0,25404.25,0.0,0.0,10000.0,0.0,0.0,0.0
2025-11-12 05:00:00,0.594249,29712.45,7310.0,0.0,22402.45,0.0,0.0,10000.0,0.0,0.0,0.0
2025-11-12 06:00:00,0.592581,29629.050000000003,7310.0,0.0,22319.050000000003,0.0,0.0,10000.0,0.0,0.0,0.0
2025-11-12 07:00:00,0.607341,30367.05,7310.0,0.0,23057.05,0.0,0.0,10000.0,0.0,0.0,0.0
2025-11-12 08:00:00,0.577462,28873.100000000002,7310.0,0.0,21563.100000000002,0.0,0.0,10000.0,0.0,0.0,0.0
2025-11-12 09:00:00,0.612777,30638.850000000002,7310.0,0.0,23328.850000000002,0.0,0.0,10000.0,0.0,0.0,0.0
2025-11-12 10:00:00,0.6165470000000001,30827.350000000002,7310.0,0.0,23517.350000000002,0.0,0.0,10000.0,0.0,0.0,0.0
2025-11-12 11:00:00,0.629178,31458.9,7310.0,0.0,24148.9,0.0,0.0,10000.0,0.0,0.0,0.0
2025-11-12 12:00:00,0.656741,32837.05,7310.0,0.0,25527.050000000003,0.0,0.0,10000.0,0.0,0.0,0.0
2025-11-12 13:00:00,0.6456280000000001,32281.400000000005,7310.0,0.0,24971.400000000005,0.0,0.0,10000.0,0.0,0.0,0.0
2025-11-12 14:00:00,0.5628329999999999,28141.649999999994,7310.0,0.0,20831.649999999994,0.0,0.0,10000.0,0.0,0.0,0.0
2025-11-12 15:00:00,0.479451,23972.55,7310.0,0.0,16662.55,0.0,0.0,10000.0,0.0,0.0,0.0
2025-11-12 16:00:00,0.445403,22270.15,7310.0,0.0,14960.150000000001,0.0,0.0,10000.0,0.0,0.0,0.0
2025-11-12 17:00:00,0.464891,23244.55,7310.0,0.0,15934.55,0.0,0.0,10000.0,0.0,0.0,0.0
2025-11-12 18:00:00,0.5121509999999999,25607.549999999996,7310.0,0.0,18297.549999999996,0.0,0.0,10000.0,0.0,0.0,0.0
2025-11-12 19:00:00,0.513061,25653.05,7310.0,0.0,18343.05,0.0,0.0,10000.0,0.0,0.0,0.0
2025-11-12 20:00:00,0.51032,25516.0,7310.0,0.0,18206.0,0.0,0.0,10000.0,0.0,0.0,0.0
2025-11-12 21:00:00,0.5430349999999999,27151.749999999996,7310.0,0.0,19841.749999999996,0.0,0.0,10000.0,0.0,0.0,0.0
2025-11-12 22:00:00,0.570563,28528.15,7310.0,0.0,21218.15,0.0,0.0,10000.0,0.0,0.0,0.0
2025-11-12 23:00:00,0.566433,28321.649999999998,7310.0,0.0,21011.649999999998,0.0,0.0,10000.0,0.0,0.0,0.0
2025-11-13 00:00:00,0.606384,30319.2,7310.0,0.0,23009.2,0.0,0.0,10000.0,0.0,0.0,0.0
2025-11-13 01:00:00,0.557962,27898.1,7310.0,0.0,20588.1,0.0,0.0,10000.0,0.0,0.0,0.0
2025-11-13 02:00:00,0.5743060000000001,28715.300000000003,7310.0,0.0,21405.300000000003,0.0,0.0,10000.0,0.0,0.0,0.0
2025-11-13 03:00:00,0.6073160000000001,30365.800000000003,7310.0,0.0,23055.800000000003,0.0,0.0,10000.0,0.0,0.0,0.0
2025-11-13 04:00:00,0.589855,29492.75,7310.0,0.0,22182.75,0.0,0.0,10000.0,0.0,0.0,0.0
2025-11-13 05:00:00,0.571105,28555.25,7310.0,0.0,21245.25,0.0,0.0,10000.0,0.0,0.0,0.0
2025-11-13 06:00:00,0.532149,26607.45,7310.0,0.0,19297.45,0.0,0.0,10000.0,0.0,0.0,0.0
2025-11-13 07:00:00,0.503543,25177.149999999998,7310.0,0.0,17867.149999999998,0.0,0.0,10000.0,0.0,0.0,0.0
2025-11-13 08:00:00,0.434622,21731.100000000002,7310.0,0.0,14421.100000000002,0.0,0.0,10000.0,0.0,0.0,0.0
2025-11-13 09:00:00,0.348617,17430.850000000002,7310.0,0.0,10120.850000000002,0.0,0.0,10000.0,0.0,0.0,0.0
2025-11-13 10:00:00,0.302486,15124.3,7310.0,0.0,7814.299999999999,0.0,0.0,10000.0,0.0,0.0,0.0
2025-11-13 11:00:00,0.247028,12351.4,7310.0,0.0,5041.4,0.0,0.0,10000.0,0.0,0.0,0.0
2025-11-13 12:00:00,0.170708,8535.4,7310.0,0.0,1225.3999999999996,0.0,0.0,10000.0,0.0,0.0,0.0
2025-11-13 13:00:00,0.09617,4808.5,4808.5,0.0,0.0,0.0,158.0052742116317,9841.994725788369,2501.5,0.0,0.0
2025-11-13 14:00:00,0.053770000000000005,2688.5000000000005,2688.5000000000005,0.0,0.0,0.0,291.91340186650245,9550.081323921866,4621.5,0.0,0.0
2025-11-13 15:00:00,0.039310000000000005,1965.5000000000002,1965.5000000000002,0.0,0.0,0.0,337.581126533706,9212.50019738816,5344.5,0.0,0.0
2025-11-13 16:00:00,0.057555999999999996,2877.7999999999997,2877.7999999999997,0.0,0.0,0.0,279.9564166943011,8932.543780693859,4432.200000000001,0.0,0.0
2025-11-13 17:00:00,0.09278499999999999,4639.25,4639.25,0.0,0.0,0.0,168.6958169501161,8763.847963743743,2670.75,0.0,0.0
2025-11-13 18:00:00,0.155726,7786.3,7310.0,476.3000000000001,5.684341886080802e-14,8.820370370370373,0.0,8772.668334114114,0.0,0.0,0.0
2025-11-13 19:00:00,0.219716,10985.8,7310.0,3675.7999999999993,0.0,68.07037037037036,0.0,8840.738704484485,0.0,0.0,0.0
2025-11-13 20:00:00,0.249547,12477.35,7310.0,5167.35,0.0,95.69166666666668,0.0,8936.430371151153,0.0,0.0,0.0
2025-11-13 21:00:00,0.28887599999999997,14443.799999999997,7310.0,7133.7999999999965,9.094947017729282e-13,132.10740740740735,0.0,9068.53777855856,0.0,0.0,0.0
2025-11-13 22:00:00,0.288918,14445.9,7310.0,7135.900000000001,-9.094947017729282e-13,132.1462962962963,0.0,9200.684074854857,0.0,0.0,0.0
2025-11-13 23:00:00,0.311187,15559.35,7310.0,8249.35,0.0,152.76574074074074,0.0,9353.449815595597,0.0,0.0,0.0
2025-11-14 00:00:00,0.335219,16760.95,7310.0,9450.95,0.0,175.0175925925926,0.0,9528.46740818819,0.0,0.0,0.0
2025-11-14 01:00:00,0.34317200000000003,17158.600000000002,7310.0,9848.600000000002,0.0,182.38148148148153,0.0,9710.84888966967,0.0,0.0,0.0
2025-11-14 02:00:00,0.327381,16369.05,7310.0,9059.05,0.0,167.76018518518518,0.0,9878.609074854856,0.0,0.0,0.0
2025-11-14 03:00:00,0.319015,15950.75,7310.0,6555.109957837783,2085.6400421622166,121.39092514514414,0.0,10000.0,0.0,0.0,0.0
2025-11-14 04:00:00,0.289098,14454.900000000001,7310.0,0.0,7144.9000000000015,0.0,0.0,10000.0,0.0,0.0,0.0
2025-11-14 05:00:00,0.249401,12470.050000000001,7310.0,0.0,5160.050000000001,0.0,0.0,10000.0,0.0,0.0,0.0
2025-11-14 06:00:00,0.234785,11739.25,7310.0,0.0,4429.25,0.0,0.0,10000.0,0.0,0.0,0.0
2025-11-14 07:00:00,0.27892700000000004,13946.350000000002,7310.0,0.0,6636.350000000002,0.0,0.0,10000.0,0.0,0.0,0.0
2025-11-14 08:00:00,0.29227800000000004,14613.900000000001,7310.0,0.0,7303.9000000000015,0.0,0.0,10000.0,0.0,0.0,0.0
2025-11-14 09:00:00,0.299993,14999.65,7310.0,0.0,7689.65,0.0,0.0,10000.0,0.0,0.0,0.0
2025-11-14 10:00:00,0.33704,16852.0,7310.0,0.0,9542.0,0.0,0.0,10000.0,0.0,0.0,0.0
2025-11-14 11:00:00,0.376269,18813.45,7310.0,0.0,11503.45,0.0,0.0,10000.0,0.0,0.0,0.0
2025-11-14 12:00:00,0.38961900000000005,19480.95,7310.0,0.0,12170.95,0.0,0.0,10000.0,0.0,0.0,0.0
2025-11-14 13:00:00,0.38137400000000005,19068.7,7310.0,0.0,11758.7,0.0,0.0,10000.0,0.0,0.0,0.0
2025-11-14 14:00:00,0.394415,19720.75,7310.0,0.0,12410.75,0.0,0.0,10000.0,0.0,0.0,0.0
2025-11-14 15:00:00,0.41445299999999996,20722.649999999998,7310.0,0.0,13412.649999999998,0.0,0.0,10000.0,0.0,0.0,0.0
2025-11-14 16:00:00,0.43327499999999997,21663.75,7310.0,0.0,14353.75,0.0,0.0,10000.0,0.0,0.0,0.0
2025-11-14 17:00:00,0.416331,20816.55,7310.0,0.0,13506.55,0.0,0.0,10000.0,0.0,0.0,0.0
2025-11-14 18:00:00,0.35617000000000004,17808.500000000004,7310.0,0.0,10498.500000000004,0.0,0.0,10000.0,0.0,0.0,0.0
2025-11-14 19:00:00,0.281445,14072.25,7310.0,0.0,6762.25,0.0,0.0,10000.0,0.0,0.0,0.0
2025-11-14 20:00:00,0.227434,11371.7,7310.0,0.0,4061.7000000000007,0.0,0.0,10000.0,0.0,0.0,0.0
2025-11-14 21:00:00,0.176987,8849.35,7310.0,0.0,1539.3500000000004,0.0,0.0,10000.0,0.0,0.0,0.0
2025-11-14 22:00:00,0.131624,6581.2,6581.2,0.0,0.0,0.0,46.034077091919734,9953.96592290808,728.8000000000002,0.0,0.0
2025-11-14 23:00:00,0.10126900000000001,5063.450000000001,5063.450000000001,0.0,0.0,0.0,141.9015585769103,9812.06436433117,2246.5499999999993,0.0,0.0
2025-11-15 00:00:00,0.08517,4258.5,4258.5,0.0,0.0,0.0,192.74559034850856,9619.318773982663,3051.5,0.0,0.0
2025-11-15 01:00:00,0.073291,3664.5499999999997,3664.5499999999997,0.0,0.0,0.0,230.26197356577768,9389.056800416885,3645.4500000000003,0.0,0.0
2025-11-15 02:00:00,0.059876,2993.7999999999997,2993.7999999999997,0.0,0.0,0.0,272.629368199978,9116.427432216908,4316.200000000001,0.0,0.0
2025-11-15 03:00:00,0.048633,2431.65,2431.65,0.0,0.0,0.0,308.137129502424,8808.290302714484,4878.35,0.0,0.0
2025-11-15 04:00:00,0.036997,1849.8500000000001,1849.8500000000001,0.0,0.0,0.0,344.8860675541238,8463.40423516036,5460.15,0.0,0.0
2025-11-15 05:00:00,0.035876,1793.8,1793.8,0.0,0.0,0.0,348.4264215895274,8114.977813570833,5516.2,0.0,0.0
2025-11-15 06:00:00,0.06374,3187.0000000000005,3187.0000000000005,0.0,0.0,0.0,260.42604260426043,7854.551770966573,4123.0,0.0,0.0
2025-11-15 07:00:00,0.10778,5389.0,5389.0,0.0,0.0,0.0,121.33844963443714,7733.213321332136,1921.0,0.0,0.0
2025-11-15 08:00:00,0.147073,7353.650000000001,7310.0,43.650000000000546,0.0,0.8083333333333435,0.0,7734.021654665469,0.0,0.0,0.0
2025-11-15 09:00:00,0.133853,6692.65,6692.65,0.0,0.0,0.0,38.99442575836534,7695.027228907104,617.3500000000004,0.0,0.0
2025-11-15 10:00:00,0.130212,6510.599999999999,6510.599999999999,0.0,0.0,0.0,50.49347039967159,7644.533758507432,799.4000000000005,0.0,0.0
2025-11-15 11:00:00,0.137252,6862.6,6862.6,0.0,0.0,0.0,28.259668072070344,7616.274090435361,447.39999999999964,0.0,0.0
2025-11-15 12:00:00,0.138101,6905.05,6905.05,0.0,0.0,0.0,25.578347308415044,7590.695743126947,404.9499999999998,0.0,0.0
2025-11-15 13:00:00,0.14191900000000002,7095.950000000001,7095.950000000001,0.0,0.0,0.0,13.520299398360844,7577.175443728585,214.04999999999927,0.0,0.0
2025-11-15 14:00:00,0.15452000000000002,7726.000000000001,7310.0,416.0000000000009,0.0,7.70370370370372,0.0,7584.879147432289,0.0,0.0,0.0
2025-11-15 15:00:00,0.171576,8578.800000000001,7310.0,1268.800000000001,0.0,23.496296296296318,0.0,7608.375443728585,0.0,0.0,0.0
2025-11-15 16:00:00,0.22038,11019.0,7310.0,3709.0000000000005,-4.547473508864641e-13,68.68518518518519,0.0,7677.06062891377,0.0,0.0,0.0
2025-11-15 17:00:00,0.24074600000000002,12037.300000000001,7310.0,4727.300000000001,0.0,87.54259259259261,0.0,7764.603221506363,0.0,0.0,0.0
2025-11-15 18:00:00,0.242969,12148.449999999999,7310.0,4838.449999999999,0.0,89.6009259259259,0.0,7854.20414743229,0.0,0.0,0.0
2025-11-15 19:00:00,0.252222,12611.1,7310.0,5301.1,0.0,98.16851851851852,0.0,7952.372665950808,0.0,0.0,0.0
2025-11-15 20:00:00,0.261409,13070.45,7310.0,5760.450000000001,0.0,106.67500000000001,0.0,8059.047665950809,0.0,0.0,0.0
2025-11-15 21:00:00,0.27248300000000003,13624.150000000001,7310.0,6314.1500000000015,0.0,116.92870370370373,0.0,8175.976369654512,0.0,0.0,0.0
2025-11-15 22:00:00,0.279235,13961.75,7310.0,6651.75,0.0,123.18055555555556,0.0,8299.156925210067,0.0,0.0,0.0
2025-11-15 23:00:00,0.27442,13721.0,7310.0,6411.0,0.0,118.72222222222223,0.0,8417.87914743229,0.0,0.0,0.0
2025-11-16 00:00:00,0.28323899999999996,14161.949999999999,7310.0,6851.949999999999,0.0,126.88796296296294,0.0,8544.767110395253,0.0,0.0,0.0
2025-11-16 01:00:00,0.300491,15024.550000000001,7310.0,7714.550000000001,0.0,142.86203703703706,0.0,8687.62914743229,0.0,0.0,0.0
2025-11-16 02:00:00,0.31951999999999997,15975.999999999998,7310.0,8665.999999999998,0.0,160.48148148148144,0.0,8848.110628913772,0.0,0.0,0.0
2025-11-16 03:00:00,0.32773599999999997,16386.8,7310.0,9076.8,0.0,168.08888888888887,0.0,9016.199517802661,0.0,0.0,0.0
2025-11-16 04:00:00,0.348567,17428.350000000002,7310.0,10118.350000000002,0.0,187.37685185185188,0.0,9203.576369654513,0.0,0.0,0.0
2025-11-16 05:00:00,0.380278,19013.9,7310.0,11703.900000000001,0.0,216.7388888888889,0.0,9420.315258543402,0.0,0.0,0.0
2025-11-16 06:00:00,0.35808300000000004,17904.15,7310.0,10594.150000000001,0.0,196.18796296296298,0.0,9616.503221506366,0.0,0.0,0.0
2025-11-16 07:00:00,0.341749,17087.45,7310.0,9777.45,0.0,181.0638888888889,0.0,9797.567110395255,0.0,0.0,0.0
2025-11-16 08:00:00,0.357634,17881.7,7310.0,10571.7,0.0,195.77222222222224,0.0,9993.339332617477,0.0,0.0,0.0
2025-11-16 09:00:00,0.340851,17042.55,7310.0,359.6760386562237,9372.873961343776,6.660667382522661,0.0,10000.0,0.0,0.0,0.0
2025-11-16 10:00:00,0.40109500000000003,20054.75,7310.0,0.0,12744.75,0.0,0.0,10000.0,0.0,0.0,0.0
2025-11-16 11:00:00,0.41881999999999997,20941.0,7310.0,0.0,13631.0,0.0,0.0,10000.0,0.0,0.0,0.0
2025-11-16 12:00:00,0.38562,19281.0,7310.0,0.0,11971.0,0.0,0.0,10000.0,0.0,0.0,0.0
2025-11-16 13:00:00,0.371278,18563.9,7310.0,0.0,11253.900000000001,0.0,0.0,10000.0,0.0,0.0,0.0
2025-11-16 14:00:00,0.367136,18356.8,7310.0,0.0,11046.8,0.0,0.0,10000.0,0.0,0.0,0.0
2025-11-16 15:00:00,0.354409,17720.449999999997,7310.0,0.0,10410.449999999997,0.0,0.0,10000.0,0.0,0.0,0.0
2025-11-16 16:00:00,0.407472,20373.6,7310.0,0.0,13063.599999999999,0.0,0.0,10000.0,0.0,0.0,0.0
2025-11-16 17:00:00,0.442313,22115.65,7310.0,0.0,14805.650000000001,0.0,0.0,10000.0,0.0,0.0,0.0
2025-11-16 18:00:00,0.44285,22142.5,7310.0,0.0,14832.5,0.0,0.0,10000.0,0.0,0.0,0.0
2025-11-16 19:00:00,0.430316,21515.8,7310.0,0.0,14205.8,0.0,0.0,10000.0,0.0,0.0,0.0
2025-11-16 20:00:00,0.40882799999999997,20441.399999999998,7310.0,0.0,13131.399999999998,0.0,0.0,10000.0,0.0,0.0,0.0
2025-11-16 21:00:00,0.410006,20500.3,7310.0,0.0,13190.3,0.0,0.0,10000.0,0.0,0.0,0.0
2025-11-16 22:00:00,0.42229500000000003,21114.75,7310.0,0.0,13804.75,0.0,0.0,10000.0,0.0,0.0,0.0
2025-11-16 23:00:00,0.43166699999999997,21583.35,7310.0,0.0,14273.349999999999,0.0,0.0,10000.0,0.0,0.0,0.0
2025-11-17 00:00:00,0.441144,22057.2,7310.0,0.0,14747.2,0.0,0.0,10000.0,0.0,0.0,0.0
2025-11-17 01:00:00,0.462916,23145.8,7310.0,0.0,15835.8,0.0,0.0,10000.0,0.0,0.0,0.0
2025-11-17 02:00:00,0.534643,26732.149999999998,7310.0,0.0,19422.149999999998,0.0,0.0,10000.0,0.0,0.0,0.0
2025-11-17 03:00:00,0.573755,28687.75,7310.0,0.0,21377.75,0.0,0.0,10000.0,0.0,0.0,0.0
2025-11-17 04:00:00,0.577723,28886.149999999998,7310.0,0.0,21576.149999999998,0.0,0.0,10000.0,0.0,0.0,0.0
2025-11-17 05:00:00,0.51306,25652.999999999996,7310.0,0.0,18342.999999999996,0.0,0.0,10000.0,0.0,0.0,0.0
2025-11-17 06:00:00,0.482342,24117.1,7310.0,0.0,16807.1,0.0,0.0,10000.0,0.0,0.0,0.0
2025-11-17 07:00:00,0.484219,24210.95,7310.0,0.0,16900.95,0.0,0.0,10000.0,0.0,0.0,0.0
2025-11-17 08:00:00,0.498879,24943.95,7310.0,0.0,17633.95,0.0,0.0,10000.0,0.0,0.0,0.0
2025-11-17 09:00:00,0.44011,22005.5,7310.0,0.0,14695.5,0.0,0.0,10000.0,0.0,0.0,0.0
2025-11-17 10:00:00,0.481611,24080.55,7310.0,0.0,16770.55,0.0,0.0,10000.0,0.0,0.0,0.0
2025-11-17 11:00:00,0.534865,26743.25,7310.0,0.0,19433.25,0.0,0.0,10000.0,0.0,0.0,0.0
2025-11-17 12:00:00,0.525732,26286.6,7310.0,0.0,18976.6,0.0,0.0,10000.0,0.0,0.0,0.0
2025-11-17 13:00:00,0.465534,23276.7,7310.0,0.0,15966.7,0.0,0.0,10000.0,0.0,0.0,0.0
2025-11-17 14:00:00,0.353168,17658.399999999998,7310.0,0.0,10348.399999999998,0.0,0.0,10000.0,0.0,0.0,0.0
2025-11-17 15:00:00,0.256519,12825.95,7310.0,0.0,5515.950000000001,0.0,0.0,10000.0,0.0,0.0,0.0
2025-11-17 16:00:00,0.28569,14284.5,7310.0,0.0,6974.5,0.0,0.0,10000.0,0.0,0.0,0.0
2025-11-17 17:00:00,0.334148,16707.4,7310.0,0.0,9397.400000000001,0.0,0.0,10000.0,0.0,0.0,0.0
2025-11-17 18:00:00,0.348021,17401.050000000003,7310.0,0.0,10091.050000000003,0.0,0.0,10000.0,0.0,0.0,0.0
2025-11-17 19:00:00,0.330444,16522.2,7310.0,0.0,9212.2,0.0,0.0,10000.0,0.0,0.0,0.0
2025-11-17 20:00:00,0.29456400000000005,14728.200000000003,7310.0,0.0,7418.200000000003,0.0,0.0,10000.0,0.0,0.0,0.0
2025-11-17 21:00:00,0.24682300000000001,12341.150000000001,7310.0,0.0,5031.1500000000015,0.0,0.0,10000.0,0.0,0.0,0.0
2025-11-17 22:00:00,0.179053,8952.65,7310.0,0.0,1642.6499999999996,0.0,0.0,10000.0,0.0,0.0,0.0
2025-11-17 23:00:00,0.119123,5956.150000000001,5956.150000000001,0.0,0.0,0.0,85.51486727620129,9914.4851327238,1353.8499999999995,0.0,0.0
2025-11-18 00:00:00,0.105473,5273.65,5273.65,0.0,0.0,0.0,128.62444139150762,9785.860691332291,2036.3500000000004,0.0,0.0
2025-11-18 01:00:00,0.117461,5873.05,5873.05,0.0,0.0,0.0,90.7638132234276,9695.096878108863,1436.9499999999998,0.0,0.0
2025-11-18 02:00:00,0.117702,5885.1,5885.1,0.0,0.0,0.0,90.0026844789742,9605.09419362989,1424.8999999999996,0.0,0.0
2025-11-18 03:00:00,0.122121,6106.049999999999,6106.049999999999,0.0,0.0,0.0,76.04655202362348,9529.047641606267,1203.9500000000007,0.0,0.0
2025-11-18 04:00:00,0.13352099999999997,6676.049999999998,6676.049999999998,0.0,0.0,0.0,40.042951663587516,9489.00468994268,633.9500000000016,0.0,0.0
2025-11-18 05:00:00,0.14116900000000002,7058.450000000001,7058.450000000001,0.0,0.0,0.0,15.888957316784266,9473.115732625896,251.54999999999927,0.0,0.0
2025-11-18 06:00:00,0.152893,7644.65,7310.0,334.64999999999964,0.0,6.197222222222216,0.0,9479.31295484812,0.0,0.0,0.0
2025-11-18 07:00:00,0.15884700000000002,7942.35,7310.0,632.3500000000004,0.0,11.710185185185193,0.0,9491.023140033305,0.0,0.0,0.0
2025-11-18 08:00:00,0.17230299999999998,8615.15,7310.0,1305.1499999999996,0.0,24.169444444444437,0.0,9515.192584477749,0.0,0.0,0.0
2025-11-18 09:00:00,0.166554,8327.7,7310.0,1017.7000000000007,0.0,18.84629629629631,0.0,9534.038880774046,0.0,0.0,0.0
2025-11-18 10:00:00,0.179367,8968.35,7310.0,1658.3500000000004,0.0,30.710185185185193,0.0,9564.749065959231,0.0,0.0,0.0
2025-11-18 11:00:00,0.269658,13482.9,7310.0,6172.9,0.0,114.31296296296296,0.0,9679.062028922195,0.0,0.0,0.0
2025-11-18 12:00:00,0.347027,17351.35,7310.0,10041.349999999999,0.0,185.9509259259259,0.0,9865.012954848122,0.0,0.0,0.0
2025-11-18 13:00:00,0.38561599999999996,19280.8,7310.0,7289.300438201422,4681.499561798577,134.9870451518782,0.0,10000.0,0.0,0.0,0.0
2025-11-18 14:00:00,0.352404,17620.2,7310.0,0.0,10310.2,0.0,0.0,10000.0,0.0,0.0,0.0
2025-11-18 15:00:00,0.357648,17882.4,7310.0,0.0,10572.400000000001,0.0,0.0,10000.0,0.0,0.0,0.0
2025-11-18 16:00:00,0.435159,21757.95,7310.0,0.0,14447.95,0.0,0.0,10000.0,0.0,0.0,0.0
2025-11-18 17:00:00,0.475269,23763.45,7310.0,0.0,16453.45,0.0,0.0,10000.0,0.0,0.0,0.0
2025-11-18 18:00:00,0.441514,22075.7,7310.0,0.0,14765.7,0.0,0.0,10000.0,0.0,0.0,0.0
2025-11-18 19:00:00,0.395066,19753.3,7310.0,0.0,12443.3,0.0,0.0,10000.0,0.0,0.0,0.0
2025-11-18 20:00:00,0.361423,18071.15,7310.0,0.0,10761.150000000001,0.0,0.0,10000.0,0.0,0.0,0.0
2025-11-18 21:00:00,0.34063600000000005,17031.800000000003,7310.0,0.0,9721.800000000003,0.0,0.0,10000.0,0.0,0.0,0.0
2025-11-18 22:00:00,0.30894,15447.0,7310.0,0.0,8137.0,0.0,0.0,10000.0,0.0,0.0,0.0
2025-11-18 23:00:00,0.286466,14323.3,7310.0,0.0,7013.299999999999,0.0,0.0,10000.0,0.0,0.0,0.0
2025-11-19 00:00:00,0.285404,14270.199999999999,7310.0,0.0,6960.199999999999,0.0,0.0,10000.0,0.0,0.0,0.0
2025-11-19 01:00:00,0.30026400000000003,15013.2,7310.0,0.0,7703.200000000001,0.0,0.0,10000.0,0.0,0.0,0.0
2025-11-19 02:00:00,0.320078,16003.899999999998,7310.0,0.0,8693.899999999998,0.0,0.0,10000.0,0.0,0.0,0.0
2025-11-19 03:00:00,0.319231,15961.55,7310.0,0.0,8651.55,0.0,0.0,10000.0,0.0,0.0,0.0
2025-11-19 04:00:00,0.348962,17448.1,7310.0,0.0,10138.099999999999,0.0,0.0,10000.0,0.0,0.0,0.0
2025-11-19 05:00:00,0.403642,20182.1,7310.0,0.0,12872.099999999999,0.0,0.0,10000.0,0.0,0.0,0.0
2025-11-19 06:00:00,0.453816,22690.8,7310.0,0.0,15380.8,0.0,0.0,10000.0,0.0,0.0,0.0
2025-11-19 07:00:00,0.5416960000000001,27084.800000000003,7310.0,0.0,19774.800000000003,0.0,0.0,10000.0,0.0,0.0,0.0
2025-11-19 08:00:00,0.661052,33052.6,7310.0,0.0,25742.6,0.0,0.0,10000.0,0.0,0.0,0.0
2025-11-19 09:00:00,0.786409,39320.450000000004,7310.0,0.0,32010.450000000004,0.0,0.0,10000.0,0.0,0.0,0.0
2025-11-19 10:00:00,0.80749,40374.5,7310.0,0.0,33064.5,0.0,0.0,10000.0,0.0,0.0,0.0
2025-11-19 11:00:00,0.803176,40158.8,7310.0,0.0,32848.8,0.0,0.0,10000.0,0.0,0.0,0.0
2025-11-19 12:00:00,0.822961,41148.05,7310.0,0.0,33838.05,0.0,0.0,10000.0,0.0,0.0,0.0
2025-11-19 13:00:00,0.814333,40716.65,7310.0,0.0,33406.65,0.0,0.0,10000.0,0.0,0.0,0.0
2025-11-19 14:00:00,0.782965,39148.25,7310.0,0.0,31838.25,0.0,0.0,10000.0,0.0,0.0,0.0
2025-11-19 15:00:00,0.757961,37898.05,7310.0,0.0,30588.050000000003,0.0,0.0,10000.0,0.0,0.0,0.0
2025-11-19 16:00:00,0.747892,37394.6,7310.0,0.0,30084.6,0.0,0.0,10000.0,0.0,0.0,0.0
2025-11-19 17:00:00,0.720678,36033.9,7310.0,0.0,28723.9,0.0,0.0,10000.0,0.0,0.0,0.0
2025-11-19 18:00:00,0.6777430000000001,33887.15,7310.0,0.0,26577.15,0.0,0.0,10000.0,0.0,0.0,0.0
2025-11-19 19:00:00,0.650243,32512.15,7310.0,0.0,25202.15,0.0,0.0,10000.0,0.0,0.0,0.0
2025-11-19 20:00:00,0.619057,30952.85,7310.0,0.0,23642.85,0.0,0.0,10000.0,0.0,0.0,0.0
2025-11-19 21:00:00,0.565789,28289.45,7310.0,0.0,20979.45,0.0,0.0,10000.0,0.0,0.0,0.0
2025-11-19 22:00:00,0.544336,27216.800000000003,7310.0,0.0,19906.800000000003,0.0,0.0,10000.0,0.0,0.0,0.0
2025-11-19 23:00:00,0.518529,25926.45,7310.0,0.0,18616.45,0.0,0.0,10000.0,0.0,0.0,0.0
2025-11-20 00:00:00,0.494313,24715.65,7310.0,0.0,17405.65,0.0,0.0,10000.0,0.0,0.0,0.0
2025-11-20 01:00:00,0.472137,23606.85,7310.0,0.0,16296.849999999999,0.0,0.0,10000.0,0.0,0.0,0.0
2025-11-20 02:00:00,0.43757999999999997,21879.0,7310.0,0.0,14569.0,0.0,0.0,10000.0,0.0,0.0,0.0
2025-11-20 03:00:00,0.424844,21242.2,7310.0,0.0,13932.2,0.0,0.0,10000.0,0.0,0.0,0.0
2025-11-20 04:00:00,0.397774,19888.7,7310.0,0.0,12578.7,0.0,0.0,10000.0,0.0,0.0,0.0
2025-11-20 05:00:00,0.374411,18720.55,7310.0,0.0,11410.55,0.0,0.0,10000.0,0.0,0.0,0.0
2025-11-20 06:00:00,0.355045,17752.25,7310.0,0.0,10442.25,0.0,0.0,10000.0,0.0,0.0,0.0
2025-11-20 07:00:00,0.35240499999999997,17620.25,7310.0,0.0,10310.25,0.0,0.0,10000.0,0.0,0.0,0.0
2025-11-20 08:00:00,0.39103699999999997,19551.85,7310.0,0.0,12241.849999999999,0.0,0.0,10000.0,0.0,0.0,0.0
2025-11-20 09:00:00,0.369373,18468.65,7310.0,0.0,11158.650000000001,0.0,0.0,10000.0,0.0,0.0,0.0
2025-11-20 10:00:00,0.35501900000000003,17750.95,7310.0,0.0,10440.95,0.0,0.0,10000.0,0.0,0.0,0.0
2025-11-20 11:00:00,0.44067,22033.5,7310.0,0.0,14723.5,0.0,0.0,10000.0,0.0,0.0,0.0
2025-11-20 12:00:00,0.463532,23176.6,7310.0,0.0,15866.599999999999,0.0,0.0,10000.0,0.0,0.0,0.0
2025-11-20 13:00:00,0.46231099999999997,23115.55,7310.0,0.0,15805.55,0.0,0.0,10000.0,0.0,0.0,0.0
2025-11-20 14:00:00,0.432212,21610.6,7310.0,0.0,14300.599999999999,0.0,0.0,10000.0,0.0,0.0,0.0
2025-11-20 15:00:00,0.440625,22031.25,7310.0,0.0,14721.25,0.0,0.0,10000.0,0.0,0.0,0.0
2025-11-20 16:00:00,0.500723,25036.15,7310.0,0.0,17726.15,0.0,0.0,10000.0,0.0,0.0,0.0
2025-11-20 17:00:00,0.549725,27486.25,7310.0,0.0,20176.25,0.0,0.0,10000.0,0.0,0.0,0.0
2025-11-20 18:00:00,0.550393,27519.65,7310.0,0.0,20209.65,0.0,0.0,10000.0,0.0,0.0,0.0
2025-11-20 19:00:00,0.513061,25653.05,7310.0,0.0,18343.05,0.0,0.0,10000.0,0.0,0.0,0.0
2025-11-20 20:00:00,0.44701100000000005,22350.550000000003,7310.0,0.0,15040.550000000003,0.0,0.0,10000.0,0.0,0.0,0.0
2025-11-20 21:00:00,0.422317,21115.85,7310.0,0.0,13805.849999999999,0.0,0.0,10000.0,0.0,0.0,0.0
2025-11-20 22:00:00,0.40409300000000004,20204.65,7310.0,0.0,12894.650000000001,0.0,0.0,10000.0,0.0,0.0,0.0
2025-11-20 23:00:00,0.388002,19400.100000000002,7310.0,0.0,12090.100000000002,0.0,0.0,10000.0,0.0,0.0,0.0
2025-11-21 00:00:00,0.355036,17751.8,7310.0,0.0,10441.8,0.0,0.0,10000.0,0.0,0.0,0.0
2025-11-21 01:00:00,0.333001,16650.05,7310.0,0.0,9340.05,0.0,0.0,10000.0,0.0,0.0,0.0
2025-11-21 02:00:00,0.330683,16534.15,7310.0,0.0,9224.150000000001,0.0,0.0,10000.0,0.0,0.0,0.0
2025-11-21 03:00:00,0.339057,16952.85,7310.0,0.0,9642.849999999999,0.0,0.0,10000.0,0.0,0.0,0.0
2025-11-21 04:00:00,0.327748,16387.399999999998,7310.0,0.0,9077.399999999998,0.0,0.0,10000.0,0.0,0.0,0.0
2025-11-21 05:00:00,0.328495,16424.75,7310.0,0.0,9114.75,0.0,0.0,10000.0,0.0,0.0,0.0
2025-11-21 06:00:00,0.302438,15121.9,7310.0,0.0,7811.9,0.0,0.0,10000.0,0.0,0.0,0.0
2025-11-21 07:00:00,0.269453,13472.65,7310.0,0.0,6162.65,0.0,0.0,10000.0,0.0,0.0,0.0
2025-11-21 08:00:00,0.219171,10958.550000000001,7310.0,0.0,3648.550000000001,0.0,0.0,10000.0,0.0,0.0,0.0
2025-11-21 09:00:00,0.167982,8399.1,7310.0,0.0,1089.1000000000004,0.0,0.0,10000.0,0.0,0.0,0.0
2025-11-21 10:00:00,0.133855,6692.75,6692.75,0.0,0.0,0.0,38.98810933724952,9961.01189066275,617.25,0.0,0.0
2025-11-21 11:00:00,0.09980800000000001,4990.400000000001,4990.400000000001,0.0,0.0,0.0,146.51570420199914,9814.49618646075,2319.5999999999995,0.0,0.0
2025-11-21 12:00:00,0.07167100000000001,3583.5500000000006,3583.5500000000006,0.0,0.0,0.0,235.37827466957222,9579.117911791178,3726.4499999999994,0.0,0.0
2025-11-21 13:00:00,0.045286,2264.3,2264.3,0.0,0.0,0.0,318.7076602397082,9260.41025155147,5045.7,0.0,0.0
2025-11-21 14:00:00,0.040396,2019.8,2019.8,0.0,0.0,0.0,334.1513098678289,8926.25894168364,5290.2,0.0,0.0
2025-11-21 15:00:00,0.061086,3054.3,3054.3,0.0,0.0,0.0,268.8079334249215,8657.451008258719,4255.7,0.0,0.0
2025-11-21 16:00:00,0.09114799999999999,4557.4,4557.4,0.0,0.0,0.0,173.86580763339495,8483.585200625324,2752.6000000000004,0.0,0.0
2025-11-21 17:00:00,0.12424299999999999,6212.15,6212.15,0.0,0.0,0.0,69.34482921976411,8414.24037140556,1097.8500000000004,0.0,0.0
2025-11-21 18:00:00,0.168409,8420.45,7310.0,1110.4500000000007,0.0,20.5638888888889,0.0,8434.80426029445,0.0,0.0,0.0
2025-11-21 19:00:00,0.229792,11489.6,7310.0,4179.6,0.0,77.4,0.0,8512.20426029445,0.0,0.0,0.0
2025-11-21 20:00:00,0.29406,14703.0,7310.0,7393.000000000001,-9.094947017729282e-13,136.90740740740742,0.0,8649.111667701856,0.0,0.0,0.0
2025-11-21 21:00:00,0.366918,18345.9,7310.0,11035.900000000001,0.0,204.36851851851856,0.0,8853.480186220375,0.0,0.0,0.0
2025-11-21 22:00:00,0.41895499999999997,20947.75,7310.0,13637.75,0.0,252.55092592592592,0.0,9106.0311121463,0.0,0.0,0.0
2025-11-21 23:00:00,0.42929500000000004,21464.750000000004,7310.0,14154.750000000004,0.0,262.12500000000006,0.0,9368.1561121463,0.0,0.0,0.0
2025-11-22 00:00:00,0.427832,21391.6,7310.0,14081.599999999999,0.0,260.77037037037036,0.0,9628.92648251667,0.0,0.0,0.0
2025-11-22 01:00:00,0.446193,22309.65,7310.0,14999.650000000001,0.0,277.7712962962963,0.0,9906.697778812966,0.0,0.0,0.0
2025-11-22 02:00:00,0.48145699999999997,24072.85,7310.0,5038.319944099829,11724.53005590017,93.30222118703387,0.0,10000.0,0.0,0.0,0.0
2025-11-22 03:00:00,0.527509,26375.45,7310.0,0.0,19065.45,0.0,0.0,10000.0,0.0,0.0,0.0
2025-11-22 04:00:00,0.557626,27881.3,7310.0,0.0,20571.3,0.0,0.0,10000.0,0.0,0.0,0.0
2025-11-22 05:00:00,0.5684560000000001,28422.800000000003,7310.0,0.0,21112.800000000003,0.0,0.0,10000.0,0.0,0.0,0.0
2025-11-22 06:00:00,0.5737559999999999,28687.799999999996,7310.0,0.0,21377.799999999996,0.0,0.0,10000.0,0.0,0.0,0.0
2025-11-22 07:00:00,0.565793,28289.649999999998,7310.0,0.0,20979.649999999998,0.0,0.0,10000.0,0.0,0.0,0.0
2025-11-22 08:00:00,0.5829840000000001,29149.200000000004,7310.0,0.0,21839.200000000004,0.0,0.0,10000.0,0.0,0.0,0.0
2025-11-22 09:00:00,0.589245,29462.25,7310.0,0.0,22152.25,0.0,0.0,10000.0,0.0,0.0,0.0
2025-11-22 10:00:00,0.610191,30509.550000000003,7310.0,0.0,23199.550000000003,0.0,0.0,10000.0,0.0,0.0,0.0
2025-11-22 11:00:00,0.662329,33116.45,7310.0,0.0,25806.449999999997,0.0,0.0,10000.0,0.0,0.0,0.0
2025-11-22 12:00:00,0.748126,37406.299999999996,7310.0,0.0,30096.299999999996,0.0,0.0,10000.0,0.0,0.0,0.0
2025-11-22 13:00:00,0.7807419999999999,39037.1,7310.0,0.0,31727.1,0.0,0.0,10000.0,0.0,0.0,0.0
2025-11-22 14:00:00,0.784657,39232.850000000006,7310.0,0.0,31922.850000000006,0.0,0.0,10000.0,0.0,0.0,0.0
2025-11-22 15:00:00,0.802041,40102.05,7310.0,0.0,32792.05,0.0,0.0,10000.0,0.0,0.0,0.0
2025-11-22 16:00:00,0.771796,38589.8,7310.0,0.0,31279.800000000003,0.0,0.0,10000.0,0.0,0.0,0.0
2025-11-22 17:00:00,0.749853,37492.65,7310.0,0.0,30182.65,0.0,0.0,10000.0,0.0,0.0,0.0
2025-11-22 18:00:00,0.73878,36939.0,7310.0,0.0,29629.0,0.0,0.0,10000.0,0.0,0.0,0.0
2025-11-22 19:00:00,0.682181,34109.05,7310.0,0.0,26799.050000000003,0.0,0.0,10000.0,0.0,0.0,0.0
2025-11-22 20:00:00,0.624668,31233.4,7310.0,0.0,23923.4,0.0,0.0,10000.0,0.0,0.0,0.0
2025-11-22 21:00:00,0.5226230000000001,26131.15,7310.0,0.0,18821.15,0.0,0.0,10000.0,0.0,0.0,0.0
2025-11-22 22:00:00,0.392396,19619.800000000003,7310.0,0.0,12309.800000000003,0.0,0.0,10000.0,0.0,0.0,0.0
2025-11-22 23:00:00,0.291346,14567.3,7310.0,0.0,7257.299999999999,0.0,0.0,10000.0,0.0,0.0,0.0
2025-11-23 00:00:00,0.219787,10989.35,7310.0,0.0,3679.3500000000004,0.0,0.0,10000.0,0.0,0.0,0.0
2025-11-23 01:00:00,0.17774600000000002,8887.300000000001,7310.0,0.0,1577.300000000001,0.0,0.0,10000.0,0.0,0.0,0.0
2025-11-23 02:00:00,0.154048,7702.4,7310.0,0.0,392.39999999999964,0.0,0.0,10000.0,0.0,0.0,0.0
2025-11-23 03:00:00,0.183649,9182.45,7310.0,0.0,1872.4500000000007,0.0,0.0,10000.0,0.0,0.0,0.0
2025-11-23 04:00:00,0.275166,13758.300000000001,7310.0,0.0,6448.300000000001,0.0,0.0,10000.0,0.0,0.0,0.0
2025-11-23 05:00:00,0.37561900000000004,18780.95,7310.0,0.0,11470.95,0.0,0.0,10000.0,0.0,0.0,0.0
2025-11-23 06:00:00,0.528168,26408.399999999998,7310.0,0.0,19098.399999999998,0.0,0.0,10000.0,0.0,0.0,0.0
2025-11-23 07:00:00,0.6969719999999999,34848.6,7310.0,0.0,27538.6,0.0,0.0,10000.0,0.0,0.0,0.0
2025-11-23 08:00:00,0.72488,36244.0,7310.0,0.0,28934.0,0.0,0.0,10000.0,0.0,0.0,0.0
2025-11-23 09:00:00,0.6727219999999999,33636.1,7310.0,0.0,26326.1,0.0,0.0,10000.0,0.0,0.0,0.0
2025-11-23 10:00:00,0.6552530000000001,32762.650000000005,7310.0,0.0,25452.650000000005,0.0,0.0,10000.0,0.0,0.0,0.0
2025-11-23 11:00:00,0.679472,33973.6,7310.0,0.0,26663.6,0.0,0.0,10000.0,0.0,0.0,0.0
2025-11-23 12:00:00,0.717438,35871.9,7310.0,0.0,28561.9,0.0,0.0,10000.0,0.0,0.0,0.0
2025-11-23 13:00:00,0.733665,36683.25,7310.0,0.0,29373.25,0.0,0.0,10000.0,0.0,0.0,0.0
2025-11-23 14:00:00,0.717129,35856.450000000004,7310.0,0.0,28546.450000000004,0.0,0.0,10000.0,0.0,0.0,0.0
2025-11-23 15:00:00,0.674071,33703.549999999996,7310.0,0.0,26393.549999999996,0.0,0.0,10000.0,0.0,0.0,0.0
2025-11-23 16:00:00,0.64478,32239.0,7310.0,0.0,24929.0,0.0,0.0,10000.0,0.0,0.0,0.0
2025-11-23 17:00:00,0.568685,28434.25,7310.0,0.0,21124.25,0.0,0.0,10000.0,0.0,0.0,0.0
2025-11-23 18:00:00,0.535723,26786.149999999998,7310.0,0.0,19476.149999999998,0.0,0.0,10000.0,0.0,0.0,0.0
2025-11-23 19:00:00,0.502069,25103.45,7310.0,0.0,17793.45,0.0,0.0,10000.0,0.0,0.0,0.0
2025-11-23 20:00:00,0.483132,24156.6,7310.0,0.0,16846.6,0.0,0.0,10000.0,0.0,0.0,0.0
2025-11-23 21:00:00,0.450032,22501.6,7310.0,0.0,15191.599999999999,0.0,0.0,10000.0,0.0,0.0,0.0
2025-11-23 22:00:00,0.41927600000000004,20963.800000000003,7310.0,0.0,13653.800000000003,0.0,0.0,10000.0,0.0,0.0,0.0
2025-11-23 23:00:00,0.412719,20635.95,7310.0,0.0,13325.95,0.0,0.0,10000.0,0.0,0.0,0.0
2025-11-24 00:00:00,0.404049,20202.45,7310.0,0.0,12892.45,0.0,0.0,10000.0,0.0,0.0,0.0
2025-11-24 01:00:00,0.35983800000000005,17991.9,7310.0,0.0,10681.900000000001,0.0,0.0,10000.0,0.0,0.0,0.0
2025-11-24 02:00:00,0.36832600000000004,18416.300000000003,7310.0,0.0,11106.300000000003,0.0,0.0,10000.0,0.0,0.0,0.0
2025-11-24 03:00:00,0.378911,18945.55,7310.0,0.0,11635.55,0.0,0.0,10000.0,0.0,0.0,0.0
2025-11-24 04:00:00,0.308379,15418.95,7310.0,0.0,8108.950000000001,0.0,0.0,10000.0,0.0,0.0,0.0
2025-11-24 05:00:00,0.300002,15000.1,7310.0,0.0,7690.1,0.0,0.0,10000.0,0.0,0.0,0.0
2025-11-24 06:00:00,0.274725,13736.25,7310.0,0.0,6426.25,0.0,0.0,10000.0,0.0,0.0,0.0
2025-11-24 07:00:00,0.225242,11262.1,7310.0,0.0,3952.1000000000004,0.0,0.0,10000.0,0.0,0.0,0.0
2025-11-24 08:00:00,0.14623,7311.5,7310.0,0.0,1.5,0.0,0.0,10000.0,0.0,0.0,0.0
2025-11-24 09:00:00,0.07388,3694.0,3694.0,0.0,0.0,0.0,228.4017875471758,9771.598212452824,3616.0,0.0,0.0
2025-11-24 10:00:00,0.066,3300.0,3300.0,0.0,0.0,0.0,253.28848674341123,9518.309725709412,4010.0,0.0,0.0
2025-11-24 11:00:00,0.154566,7728.3,7310.0,418.3000000000002,0.0,7.7462962962963,0.0,9526.056022005709,0.0,0.0,0.0
2025-11-24 12:00:00,0.29462099999999997,14731.049999999997,7310.0,7421.049999999997,0.0,137.4268518518518,0.0,9663.48287385756,0.0,0.0,0.0
2025-11-24 13:00:00,0.384756,19237.8,7310.0,11927.8,0.0,220.88518518518518,0.0,9884.368059042745,0.0,0.0,0.0
2025-11-24 14:00:00,0.37356599999999995,18678.3,7310.0,6244.124811691781,5124.175188308218,115.63194095725521,0.0,10000.0,0.0,0.0,0.0
2025-11-24 15:00:00,0.401611,20080.55,7310.0,0.0,12770.55,0.0,0.0,10000.0,0.0,0.0,0.0
2025-11-24 16:00:00,0.526789,26339.449999999997,7310.0,0.0,19029.449999999997,0.0,0.0,10000.0,0.0,0.0,0.0
2025-11-24 17:00:00,0.626342,31317.1,7310.0,0.0,24007.1,0.0,0.0,10000.0,0.0,0.0,0.0
2025-11-24 18:00:00,0.714052,35702.6,7310.0,0.0,28392.6,0.0,0.0,10000.0,0.0,0.0,0.0
2025-11-24 19:00:00,0.754648,37732.4,7310.0,0.0,30422.4,0.0,0.0,10000.0,0.0,0.0,0.0
2025-11-24 20:00:00,0.727975,36398.75,7310.0,0.0,29088.75,0.0,0.0,10000.0,0.0,0.0,0.0
2025-11-24 21:00:00,0.69701,34850.5,7310.0,0.0,27540.5,0.0,0.0,10000.0,0.0,0.0,0.0
2025-11-24 22:00:00,0.702509,35125.450000000004,7310.0,0.0,27815.450000000004,0.0,0.0,10000.0,0.0,0.0,0.0
2025-11-24 23:00:00,0.6851119999999999,34255.6,7310.0,0.0,26945.6,0.0,0.0,10000.0,0.0,0.0,0.0
2025-11-25 00:00:00,0.6445460000000001,32227.300000000003,7310.0,0.0,24917.300000000003,0.0,0.0,10000.0,0.0,0.0,0.0
2025-11-25 01:00:00,0.59517,29758.5,7310.0,0.0,22448.5,0.0,0.0,10000.0,0.0,0.0,0.0
2025-11-25 02:00:00,0.577365,28868.25,7310.0,0.0,21558.25,0.0,0.0,10000.0,0.0,0.0,0.0
2025-11-25 03:00:00,0.605626,30281.3,7310.0,0.0,22971.3,0.0,0.0,10000.0,0.0,0.0,0.0
2025-11-25 04:00:00,0.585607,29280.35,7310.0,0.0,21970.35,0.0,0.0,10000.0,0.0,0.0,0.0
2025-11-25 05:00:00,0.543142,27157.100000000002,7310.0,0.0,19847.100000000002,0.0,0.0,10000.0,0.0,0.0,0.0
2025-11-25 06:00:00,0.47230900000000003,23615.45,7310.0,0.0,16305.45,0.0,0.0,10000.0,0.0,0.0,0.0
2025-11-25 07:00:00,0.43421499999999996,21710.749999999996,7310.0,0.0,14400.749999999996,0.0,0.0,10000.0,0.0,0.0,0.0
2025-11-25 08:00:00,0.407274,20363.7,7310.0,0.0,13053.7,0.0,0.0,10000.0,0.0,0.0,0.0
2025-11-25 09:00:00,0.380284,19014.2,7310.0,0.0,11704.2,0.0,0.0,10000.0,0.0,0.0,0.0
2025-11-25 10:00:00,0.40668099999999996,20334.05,7310.0,0.0,13024.05,0.0,0.0,10000.0,0.0,0.0,0.0
2025-11-25 11:00:00,0.404747,20237.350000000002,7310.0,0.0,12927.350000000002,0.0,0.0,10000.0,0.0,0.0,0.0
2025-11-25 12:00:00,0.420728,21036.399999999998,7310.0,0.0,13726.399999999998,0.0,0.0,10000.0,0.0,0.0,0.0
2025-11-25 13:00:00,0.422485,21124.25,7310.0,0.0,13814.25,0.0,0.0,10000.0,0.0,0.0,0.0
2025-11-25 14:00:00,0.39272500000000005,19636.250000000004,7310.0,0.0,12326.250000000004,0.0,0.0,10000.0,0.0,0.0,0.0
2025-11-25 15:00:00,0.420971,21048.55,7310.0,0.0,13738.55,0.0,0.0,10000.0,0.0,0.0,0.0
2025-11-25 16:00:00,0.45388999999999996,22694.499999999996,7310.0,0.0,15384.499999999996,0.0,0.0,10000.0,0.0,0.0,0.0
2025-11-25 17:00:00,0.43384500000000004,21692.25,7310.0,0.0,14382.25,0.0,0.0,10000.0,0.0,0.0,0.0
2025-11-25 18:00:00,0.422305,21115.25,7310.0,0.0,13805.25,0.0,0.0,10000.0,0.0,0.0,0.0
2025-11-25 19:00:00,0.40049599999999996,20024.8,7310.0,0.0,12714.8,0.0,0.0,10000.0,0.0,0.0,0.0
2025-11-25 20:00:00,0.356575,17828.75,7310.0,0.0,10518.75,0.0,0.0,10000.0,0.0,0.0,0.0
2025-11-25 21:00:00,0.304968,15248.400000000001,7310.0,0.0,7938.4000000000015,0.0,0.0,10000.0,0.0,0.0,0.0
2025-11-25 22:00:00,0.24431,12215.5,7310.0,0.0,4905.5,0.0,0.0,10000.0,0.0,0.0,0.0
2025-11-25 23:00:00,0.190048,9502.4,7310.0,0.0,2192.3999999999996,0.0,0.0,10000.0,0.0,0.0,0.0
2025-11-26 00:00:00,0.147627,7381.35,7310.0,0.0,71.35000000000036,0.0,0.0,10000.0,0.0,0.0,0.0
2025-11-26 01:00:00,0.122364,6118.2,6118.2,0.0,0.0,0.0,75.27910685805425,9924.720893141946,1191.8000000000002,0.0,0.0
2025-11-26 02:00:00,0.105161,5258.05,5258.05,0.0,0.0,0.0,129.6098030855717,9795.111090056374,2051.95,0.0,0.0
2025-11-26 03:00:00,0.105297,5264.85,5264.85,0.0,0.0,0.0,129.1802864496976,9665.930803606678,2045.1499999999999,0.0,0.0
2025-11-26 04:00:00,0.102573,5128.65,5128.65,0.0,0.0,0.0,137.7832520094115,9528.147551597267,2181.3500000000004,0.0,0.0
2025-11-26 05:00:00,0.079067,3953.35,3953.35,0.0,0.0,0.0,212.0201493833594,9316.127402213908,3356.65,0.0,0.0
2025-11-26 06:00:00,0.058969,2948.45,2948.45,0.0,0.0,0.0,275.49386517599135,9040.633537037917,4361.55,0.0,0.0
2025-11-26 07:00:00,0.046373,2318.65,2318.65,0.0,0.0,0.0,315.27468536327325,8725.358851674644,4991.35,0.0,0.0
2025-11-26 08:00:00,0.030729,1536.45,1536.45,0.0,0.0,0.0,364.6817313310279,8360.677120343616,5773.55,0.0,0.0
2025-11-26 09:00:00,0.02426,1213.0,1213.0,0.0,0.0,0.0,385.1121954300694,7975.564924913547,6097.0,0.0,0.0
2025-11-26 10:00:00,0.038381,1919.05,1919.05,0.0,0.0,0.0,340.51510414199316,7635.049820771554,5390.95,0.0,0.0
2025-11-26 11:00:00,0.064521,3226.0499999999997,3226.0499999999997,0.0,0.0,0.0,257.9594801585422,7377.090340613011,4083.95,4.547473508864641e-13,0.0
2025-11-26 12:00:00,0.089912,4495.6,4495.6,0.0,0.0,0.0,177.76935588295672,7199.320984730054,2814.3999999999996,0.0,0.0
2025-11-26 13:00:00,0.132846,6642.299999999999,6642.299999999999,0.0,0.0,0.0,42.17474379016854,7157.1462409398855,667.7000000000007,0.0,0.0
2025-11-26 14:00:00,0.185376,9268.800000000001,7310.0,1958.800000000001,0.0,36.27407407407409,0.0,7193.420315013959,0.0,0.0,0.0
2025-11-26 15:00:00,0.28674700000000003,14337.350000000002,7310.0,7027.350000000002,0.0,130.13611111111115,0.0,7323.55642612507,0.0,0.0,0.0
2025-11-26 16:00:00,0.394207,19710.35,7310.0,12400.349999999999,0.0,229.6361111111111,0.0,7553.192537236181,0.0,0.0,0.0
2025-11-26 17:00:00,0.438592,21929.6,7310.0,14619.599999999999,0.0,270.7333333333333,0.0,7823.925870569515,0.0,0.0,0.0
2025-11-26 18:00:00,0.486319,24315.95,7310.0,17005.95,0.0,314.925,0.0,8138.850870569515,0.0,0.0,0.0
2025-11-26 19:00:00,0.54415,27207.5,7310.0,19897.5,0.0,368.47222222222223,0.0,8507.323092791738,0.0,0.0,0.0
2025-11-26 20:00:00,0.550409,27520.45,7310.0,20210.45,0.0,374.2675925925926,0.0,8881.59068538433,0.0,0.0,0.0
2025-11-26 21:00:00,0.561774,28088.7,7310.0,20778.7,0.0,384.7907407407408,0.0,9266.38142612507,0.0,0.0,0.0
2025-11-26 22:00:00,0.58974,29487.000000000004,7310.0,22177.000000000004,0.0,410.6851851851853,0.0,9677.066611310256,0.0,0.0,0.0
2025-11-26 23:00:00,0.632218,31610.899999999998,7310.0,17438.40298924617,6862.497010753828,322.9333886897439,0.0,10000.0,0.0,0.0,0.0
2025-11-27 00:00:00,0.688273,34413.65,7310.0,0.0,27103.65,0.0,0.0,10000.0,0.0,0.0,0.0
2025-11-27 01:00:00,0.7163809999999999,35819.049999999996,7310.0,0.0,28509.049999999996,0.0,0.0,10000.0,0.0,0.0,0.0
2025-11-27 02:00:00,0.682198,34109.9,7310.0,0.0,26799.9,0.0,0.0,10000.0,0.0,0.0,0.0
2025-11-27 03:00:00,0.646224,32311.2,7310.0,0.0,25001.2,0.0,0.0,10000.0,0.0,0.0,0.0
2025-11-27 04:00:00,0.612779,30638.949999999997,7310.0,0.0,23328.949999999997,0.0,0.0,10000.0,0.0,0.0,0.0
2025-11-27 05:00:00,0.573653,28682.649999999998,7310.0,0.0,21372.649999999998,0.0,0.0,10000.0,0.0,0.0,0.0
2025-11-27 06:00:00,0.596649,29832.45,7310.0,0.0,22522.45,0.0,0.0,10000.0,0.0,0.0,0.0
2025-11-27 07:00:00,0.537059,26852.949999999997,7310.0,0.0,19542.949999999997,0.0,0.0,10000.0,0.0,0.0,0.0
2025-11-27 08:00:00,0.537362,26868.1,7310.0,0.0,19558.1,0.0,0.0,10000.0,0.0,0.0,0.0
2025-11-27 09:00:00,0.547034,27351.7,7310.0,0.0,20041.7,0.0,0.0,10000.0,0.0,0.0,0.0
2025-11-27 10:00:00,0.5682200000000001,28411.000000000004,7310.0,0.0,21101.000000000004,0.0,0.0,10000.0,0.0,0.0,0.0
2025-11-27 11:00:00,0.6394829999999999,31974.149999999994,7310.0,0.0,24664.149999999994,0.0,0.0,10000.0,0.0,0.0,0.0
2025-11-27 12:00:00,0.716225,35811.25,7310.0,0.0,28501.25,0.0,0.0,10000.0,0.0,0.0,0.0
2025-11-27 13:00:00,0.7330800000000001,36654.0,7310.0,0.0,29344.0,0.0,0.0,10000.0,0.0,0.0,0.0
2025-11-27 14:00:00,0.751683,37584.15,7310.0,0.0,30274.15,0.0,0.0,10000.0,0.0,0.0,0.0
2025-11-27 15:00:00,0.7681979999999999,38409.899999999994,7310.0,0.0,31099.899999999994,0.0,0.0,10000.0,0.0,0.0,0.0
2025-11-27 16:00:00,0.7712720000000001,38563.600000000006,7310.0,0.0,31253.600000000006,0.0,0.0,10000.0,0.0,0.0,0.0
2025-11-27 17:00:00,0.7149650000000001,35748.25,7310.0,0.0,28438.25,0.0,0.0,10000.0,0.0,0.0,0.0
2025-11-27 18:00:00,0.731394,36569.7,7310.0,0.0,29259.699999999997,0.0,0.0,10000.0,0.0,0.0,0.0
2025-11-27 19:00:00,0.74119,37059.5,7310.0,0.0,29749.5,0.0,0.0,10000.0,0.0,0.0,0.0
2025-11-27 20:00:00,0.707258,35362.9,7310.0,0.0,28052.9,0.0,0.0,10000.0,0.0,0.0,0.0
2025-11-27 21:00:00,0.6537419999999999,32687.099999999995,7310.0,0.0,25377.099999999995,0.0,0.0,10000.0,0.0,0.0,0.0
2025-11-27 22:00:00,0.632941,31647.05,7310.0,0.0,24337.05,0.0,0.0,10000.0,0.0,0.0,0.0
2025-11-27 23:00:00,0.575097,28754.85,7310.0,0.0,21444.85,0.0,0.0,10000.0,0.0,0.0,0.0
2025-11-28 00:00:00,0.5253450000000001,26267.250000000004,7310.0,0.0,18957.250000000004,0.0,0.0,10000.0,0.0,0.0,0.0
2025-11-28 01:00:00,0.477723,23886.15,7310.0,0.0,16576.15,0.0,0.0,10000.0,0.0,0.0,0.0
2025-11-28 02:00:00,0.425057,21252.850000000002,7310.0,0.0,13942.850000000002,0.0,0.0,10000.0,0.0,0.0,0.0
2025-11-28 03:00:00,0.422093,21104.65,7310.0,0.0,13794.650000000001,0.0,0.0,10000.0,0.0,0.0,0.0
2025-11-28 04:00:00,0.39638999999999996,19819.5,7310.0,0.0,12509.5,0.0,0.0,10000.0,0.0,0.0,0.0
2025-11-28 05:00:00,0.36180599999999996,18090.3,7310.0,0.0,10780.3,0.0,0.0,10000.0,0.0,0.0,0.0
2025-11-28 06:00:00,0.362435,18121.75,7310.0,0.0,10811.75,0.0,0.0,10000.0,0.0,0.0,0.0
2025-11-28 07:00:00,0.36774,18387.0,7310.0,0.0,11077.0,0.0,0.0,10000.0,0.0,0.0,0.0
2025-11-28 08:00:00,0.385618,19280.9,7310.0,0.0,11970.900000000001,0.0,0.0,10000.0,0.0,0.0,0.0
2025-11-28 09:00:00,0.421617,21080.850000000002,7310.0,0.0,13770.850000000002,0.0,0.0,10000.0,0.0,0.0,0.0
2025-11-28 10:00:00,0.441503,22075.149999999998,7310.0,0.0,14765.149999999998,0.0,0.0,10000.0,0.0,0.0,0.0
2025-11-28 11:00:00,0.541876,27093.800000000003,7310.0,0.0,19783.800000000003,0.0,0.0,10000.0,0.0,0.0,0.0
2025-11-28 12:00:00,0.6719510000000001,33597.55,7310.0,0.0,26287.550000000003,0.0,0.0,10000.0,0.0,0.0,0.0
2025-11-28 13:00:00,0.766625,38331.25,7310.0,0.0,31021.25,0.0,0.0,10000.0,0.0,0.0,0.0
2025-11-28 14:00:00,0.784659,39232.95,7310.0,0.0,31922.949999999997,0.0,0.0,10000.0,0.0,0.0,0.0
2025-11-28 15:00:00,0.7615149999999999,38075.75,7310.0,0.0,30765.75,0.0,0.0,10000.0,0.0,0.0,0.0
2025-11-28 16:00:00,0.70037,35018.5,7310.0,0.0,27708.5,0.0,0.0,10000.0,0.0,0.0,0.0
2025-11-28 17:00:00,0.598629,29931.449999999997,7310.0,0.0,22621.449999999997,0.0,0.0,10000.0,0.0,0.0,0.0
2025-11-28 18:00:00,0.521608,26080.399999999998,7310.0,0.0,18770.399999999998,0.0,0.0,10000.0,0.0,0.0,0.0
2025-11-28 19:00:00,0.47595800000000005,23797.9,7310.0,0.0,16487.9,0.0,0.0,10000.0,0.0,0.0,0.0
2025-11-28 20:00:00,0.431906,21595.3,7310.0,0.0,14285.3,0.0,0.0,10000.0,0.0,0.0,0.0
2025-11-28 21:00:00,0.418197,20909.85,7310.0,0.0,13599.849999999999,0.0,0.0,10000.0,0.0,0.0,0.0
2025-11-28 22:00:00,0.419584,20979.2,7310.0,0.0,13669.2,0.0,0.0,10000.0,0.0,0.0,0.0
2025-11-28 23:00:00,0.420848,21042.4,7310.0,0.0,13732.400000000001,0.0,0.0,10000.0,0.0,0.0,0.0
2025-11-29 00:00:00,0.410011,20500.55,7310.0,0.0,13190.55,0.0,0.0,10000.0,0.0,0.0,0.0
2025-11-29 01:00:00,0.438367,21918.35,7310.0,0.0,14608.349999999999,0.0,0.0,10000.0,0.0,0.0,0.0
2025-11-29 02:00:00,0.5538540000000001,27692.700000000004,7310.0,0.0,20382.700000000004,0.0,0.0,10000.0,0.0,0.0,0.0
2025-11-29 03:00:00,0.663034,33151.7,7310.0,0.0,25841.699999999997,0.0,0.0,10000.0,0.0,0.0,0.0
2025-11-29 04:00:00,0.708057,35402.850000000006,7310.0,0.0,28092.850000000006,0.0,0.0,10000.0,0.0,0.0,0.0
2025-11-29 05:00:00,0.726056,36302.8,7310.0,0.0,28992.800000000003,0.0,0.0,10000.0,0.0,0.0,0.0
2025-11-29 06:00:00,0.720028,36001.4,7310.0,0.0,28691.4,0.0,0.0,10000.0,0.0,0.0,0.0
2025-11-29 07:00:00,0.697926,34896.3,7310.0,0.0,27586.300000000003,0.0,0.0,10000.0,0.0,0.0,0.0
2025-11-29 08:00:00,0.691609,34580.450000000004,7310.0,0.0,27270.450000000004,0.0,0.0,10000.0,0.0,0.0,0.0
2025-11-29 09:00:00,0.7142809999999999,35714.049999999996,7310.0,0.0,28404.049999999996,0.0,0.0,10000.0,0.0,0.0,0.0
2025-11-29 10:00:00,0.74848,37424.0,7310.0,0.0,30114.0,0.0,0.0,10000.0,0.0,0.0,0.0
2025-11-29 11:00:00,0.73881,36940.5,7310.0,0.0,29630.5,0.0,0.0,10000.0,0.0,0.0,0.0
2025-11-29 12:00:00,0.568457,28422.85,7310.0,0.0,21112.85,0.0,0.0,10000.0,0.0,0.0,0.0
2025-11-29 13:00:00,0.456175,22808.75,7310.0,0.0,15498.75,0.0,0.0,10000.0,0.0,0.0,0.0
2025-11-29 14:00:00,0.468357,23417.850000000002,7310.0,0.0,16107.850000000002,0.0,0.0,10000.0,0.0,0.0,0.0
2025-11-29 15:00:00,0.489245,24462.25,7310.0,0.0,17152.25,0.0,0.0,10000.0,0.0,0.0,0.0
2025-11-29 16:00:00,0.505181,25259.05,7310.0,0.0,17949.05,0.0,0.0,10000.0,0.0,0.0,0.0
2025-11-29 17:00:00,0.500157,25007.85,7310.0,0.0,17697.85,0.0,0.0,10000.0,0.0,0.0,0.0
2025-11-29 18:00:00,0.459397,22969.85,7310.0,0.0,15659.849999999999,0.0,0.0,10000.0,0.0,0.0,0.0
2025-11-29 19:00:00,0.408067,20403.350000000002,7310.0,0.0,13093.350000000002,0.0,0.0,10000.0,0.0,0.0,0.0
2025-11-29 20:00:00,0.415246,20762.3,7310.0,0.0,13452.3,0.0,0.0,10000.0,0.0,0.0,0.0
2025-11-29 21:00:00,0.425027,21251.35,7310.0,0.0,13941.349999999999,0.0,0.0,10000.0,0.0,0.0,0.0
2025-11-29 22:00:00,0.40305799999999997,20152.899999999998,7310.0,0.0,12842.899999999998,0.0,0.0,10000.0,0.0,0.0,0.0
2025-11-29 23:00:00,0.410018,20500.9,7310.0,0.0,13190.900000000001,0.0,0.0,10000.0,0.0,0.0,0.0
2025-11-30 00:00:00,0.467895,23394.75,7310.0,0.0,16084.75,0.0,0.0,10000.0,0.0,0.0,0.0
2025-11-30 01:00:00,0.48017899999999997,24008.949999999997,7310.0,0.0,16698.949999999997,0.0,0.0,10000.0,0.0,0.0,0.0
2025-11-30 02:00:00,0.41557799999999995,20778.899999999998,7310.0,0.0,13468.899999999998,0.0,0.0,10000.0,0.0,0.0,0.0
2025-11-30 03:00:00,0.37035399999999996,18517.699999999997,7310.0,0.0,11207.699999999997,0.0,0.0,10000.0,0.0,0.0,0.0
2025-11-30 04:00:00,0.395155,19757.75,7310.0,0.0,12447.75,0.0,0.0,10000.0,0.0,0.0,0.0
2025-11-30 05:00:00,0.419559,20977.95,7310.0,0.0,13667.95,0.0,0.0,10000.0,0.0,0.0,0.0
2025-11-30 06:00:00,0.40649599999999997,20324.8,7310.0,0.0,13014.8,0.0,0.0,10000.0,0.0,0.0,0.0
2025-11-30 07:00:00,0.402435,20121.75,7310.0,0.0,12811.75,0.0,0.0,10000.0,0.0,0.0,0.0
2025-11-30 08:00:00,0.40730099999999997,20365.05,7310.0,0.0,13055.05,0.0,0.0,10000.0,0.0,0.0,0.0
2025-11-30 09:00:00,0.37002300000000005,18501.15,7310.0,0.0,11191.150000000001,0.0,0.0,10000.0,0.0,0.0,0.0
2025-11-30 10:00:00,0.339075,16953.75,7310.0,0.0,9643.75,0.0,0.0,10000.0,0.0,0.0,0.0
2025-11-30 11:00:00,0.373828,18691.4,7310.0,0.0,11381.400000000001,0.0,0.0,10000.0,0.0,0.0,0.0
2025-11-30 12:00:00,0.39777999999999997,19889.0,7310.0,0.0,12579.0,0.0,0.0,10000.0,0.0,0.0,0.0
2025-11-30 13:00:00,0.37625400000000003,18812.7,7310.0,0.0,11502.7,0.0,0.0,10000.0,0.0,0.0,0.0
2025-11-30 14:00:00,0.311718,15585.9,7310.0,0.0,8275.9,0.0,0.0,10000.0,0.0,0.0,0.0
2025-11-30 15:00:00,0.302513,15125.65,7310.0,0.0,7815.65,0.0,0.0,10000.0,0.0,0.0,0.0
2025-11-30 16:00:00,0.38142200000000004,19071.100000000002,7310.0,0.0,11761.100000000002,0.0,0.0,10000.0,0.0,0.0,0.0
2025-11-30 17:00:00,0.431875,21593.75,7310.0,0.0,14283.75,0.0,0.0,10000.0,0.0,0.0,0.0
2025-11-30 18:00:00,0.449611,22480.55,7310.0,0.0,15170.55,0.0,0.0,10000.0,0.0,0.0,0.0
2025-11-30 19:00:00,0.439101,21955.05,7310.0,0.0,14645.05,0.0,0.0,10000.0,0.0,0.0,0.0
2025-11-30 20:00:00,0.44534199999999996,22267.1,7310.0,0.0,14957.099999999999,0.0,0.0,10000.0,0.0,0.0,0.0
2025-11-30 21:00:00,0.470851,23542.55,7310.0,0.0,16232.55,0.0,0.0,10000.0,0.0,0.0,0.0
2025-11-30 22:00:00,0.517085,25854.25,7310.0,0.0,18544.25,0.0,0.0,10000.0,0.0,0.0,0.0
2025-11-30 23:00:00,0.573755,28687.75,7310.0,0.0,21377.75,0.0,0.0,10000.0,0.0,0.0,0.0
2025-12-01 00:00:00,0.6440710000000001,32203.550000000003,7310.0,0.0,24893.550000000003,0.0,0.0,10000.0,0.0,0.0,0.0
2025-12-01 01:00:00,0.7540209999999999,37701.049999999996,7310.0,0.0,30391.049999999996,0.0,0.0,10000.0,0.0,0.0,0.0
2025-12-01 02:00:00,0.822119,41105.950000000004,7310.0,0.0,33795.950000000004,0.0,0.0,10000.0,0.0,0.0,0.0
2025-12-01 03:00:00,0.87249,43624.5,7310.0,0.0,36314.5,0.0,0.0,10000.0,0.0,0.0,0.0
2025-12-01 04:00:00,0.9002619999999999,45013.09999999999,7310.0,0.0,37703.09999999999,0.0,0.0,10000.0,0.0,0.0,0.0
2025-12-01 05:00:00,0.9237960000000001,46189.8,7310.0,0.0,38879.8,0.0,0.0,10000.0,0.0,0.0,0.0
2025-12-01 06:00:00,0.942951,47147.549999999996,7310.0,0.0,39837.549999999996,0.0,0.0,10000.0,0.0,0.0,0.0
2025-12-01 07:00:00,0.95028,47514.0,7310.0,0.0,40204.0,0.0,0.0,10000.0,0.0,0.0,0.0
2025-12-01 08:00:00,0.9477859999999999,47389.299999999996,7310.0,0.0,40079.299999999996,0.0,0.0,10000.0,0.0,0.0,0.0
2025-12-01 09:00:00,0.942659,47132.950000000004,7310.0,0.0,39822.950000000004,0.0,0.0,10000.0,0.0,0.0,0.0
2025-12-01 10:00:00,0.937523,46876.15,7310.0,0.0,39566.15,0.0,0.0,10000.0,0.0,0.0,0.0
2025-12-01 11:00:00,0.9341349999999999,46706.75,7310.0,0.0,39396.75,0.0,0.0,10000.0,0.0,0.0,0.0
2025-12-01 12:00:00,0.9231079999999999,46155.399999999994,7310.0,0.0,38845.399999999994,0.0,0.0,10000.0,0.0,0.0,0.0
2025-12-01 13:00:00,0.925669,46283.45,7310.0,0.0,38973.45,0.0,0.0,10000.0,0.0,0.0,0.0
2025-12-01 14:00:00,0.934071,46703.549999999996,7310.0,0.0,39393.549999999996,0.0,0.0,10000.0,0.0,0.0,0.0
2025-12-01 15:00:00,0.943607,47180.35,7310.0,0.0,39870.35,0.0,0.0,10000.0,0.0,0.0,0.0
2025-12-01 16:00:00,0.952044,47602.2,7310.0,0.0,40292.2,0.0,0.0,10000.0,0.0,0.0,0.0
2025-12-01 17:00:00,0.958996,47949.799999999996,7310.0,0.0,40639.799999999996,0.0,0.0,10000.0,0.0,0.0,0.0
2025-12-01 18:00:00,0.963192,48159.600000000006,7310.0,0.0,40849.600000000006,0.0,0.0,10000.0,0.0,0.0,0.0
2025-12-01 19:00:00,0.967437,48371.85,7310.0,0.0,41061.85,0.0,0.0,10000.0,0.0,0.0,0.0
2025-12-01 20:00:00,0.969966,48498.3,7310.0,0.0,41188.3,0.0,0.0,10000.0,0.0,0.0,0.0
2025-12-01 21:00:00,0.967169,48358.45,7310.0,0.0,41048.45,0.0,0.0,10000.0,0.0,0.0,0.0
2025-12-01 22:00:00,0.94371,47185.5,7310.0,0.0,39875.5,0.0,0.0,10000.0,0.0,0.0,0.0
2025-12-01 23:00:00,0.868133,43406.65,7310.0,0.0,36096.65,0.0,0.0,10000.0,0.0,0.0,0.0
2025-12-02 00:00:00,0.736785,36839.25,7310.0,0.0,29529.25,0.0,0.0,10000.0,0.0,0.0,0.0
2025-12-02 01:00:00,0.601236,30061.8,7310.0,0.0,22751.8,0.0,0.0,10000.0,0.0,0.0,0.0
2025-12-02 02:00:00,0.45666500000000004,22833.250000000004,7310.0,0.0,15523.250000000004,0.0,0.0,10000.0,0.0,0.0,0.0
2025-12-02 03:00:00,0.362108,18105.399999999998,7310.0,0.0,10795.399999999998,0.0,0.0,10000.0,0.0,0.0,0.0
2025-12-02 04:00:00,0.327737,16386.85,7310.0,0.0,9076.849999999999,0.0,0.0,10000.0,0.0,0.0,0.0
2025-12-02 05:00:00,0.316896,15844.800000000001,7310.0,0.0,8534.800000000001,0.0,0.0,10000.0,0.0,0.0,0.0
2025-12-02 06:00:00,0.30427,15213.5,7310.0,0.0,7903.5,0.0,0.0,10000.0,0.0,0.0,0.0
2025-12-02 07:00:00,0.26945800000000003,13472.900000000001,7310.0,0.0,6162.9000000000015,0.0,0.0,10000.0,0.0,0.0,0.0
2025-12-02 08:00:00,0.271986,13599.300000000001,7310.0,0.0,6289.300000000001,0.0,0.0,10000.0,0.0,0.0,0.0
2025-12-02 09:00:00,0.248667,12433.35,7310.0,0.0,5123.35,0.0,0.0,10000.0,0.0,0.0,0.0
2025-12-02 10:00:00,0.232553,11627.65,7310.0,0.0,4317.65,0.0,0.0,10000.0,0.0,0.0,0.0
2025-12-02 11:00:00,0.25756599999999996,12878.299999999997,7310.0,0.0,5568.299999999997,0.0,0.0,10000.0,0.0,0.0,0.0
2025-12-02 12:00:00,0.30498000000000003,15249.000000000002,7310.0,0.0,7939.000000000002,0.0,0.0,10000.0,0.0,0.0,0.0
2025-12-02 13:00:00,0.31155,15577.5,7310.0,0.0,8267.5,0.0,0.0,10000.0,0.0,0.0,0.0
2025-12-02 14:00:00,0.313864,15693.199999999999,7310.0,0.0,8383.199999999999,0.0,0.0,10000.0,0.0,0.0,0.0
2025-12-02 15:00:00,0.372426,18621.3,7310.0,0.0,11311.3,0.0,0.0,10000.0,0.0,0.0,0.0
2025-12-02 16:00:00,0.43725400000000003,21862.7,7310.0,0.0,14552.7,0.0,0.0,10000.0,0.0,0.0,0.0
2025-12-02 17:00:00,0.431428,21571.399999999998,7310.0,0.0,14261.399999999998,0.0,0.0,10000.0,0.0,0.0,0.0
2025-12-02 18:00:00,0.388354,19417.699999999997,7310.0,0.0,12107.699999999997,0.0,0.0,10000.0,0.0,0.0,0.0
2025-12-02 19:00:00,0.35236700000000004,17618.350000000002,7310.0,0.0,10308.350000000002,0.0,0.0,10000.0,0.0,0.0,0.0
2025-12-02 20:00:00,0.332413,16620.65,7310.0,0.0,9310.650000000001,0.0,0.0,10000.0,0.0,0.0,0.0
2025-12-02 21:00:00,0.32774400000000004,16387.2,7310.0,0.0,9077.2,0.0,0.0,10000.0,0.0,0.0,0.0
2025-12-02 22:00:00,0.311213,15560.650000000001,7310.0,0.0,8250.650000000001,0.0,0.0,10000.0,0.0,0.0,0.0
2025-12-02 23:00:00,0.30766899999999997,15383.449999999999,7310.0,0.0,8073.449999999999,0.0,0.0,10000.0,0.0,0.0,0.0
2025-12-03 00:00:00,0.303635,15181.75,7310.0,0.0,7871.75,0.0,0.0,10000.0,0.0,0.0,0.0
2025-12-03 01:00:00,0.251347,12567.349999999999,7310.0,0.0,5257.3499999999985,0.0,0.0,10000.0,0.0,0.0,0.0
2025-12-03 02:00:00,0.182657,9132.85,7310.0,0.0,1822.8500000000004,0.0,0.0,10000.0,0.0,0.0,0.0
2025-12-03 03:00:00,0.124977,6248.85,6248.85,0.0,0.0,0.0,67.02670267026701,9932.973297329732,1061.1499999999996,0.0,0.0
2025-12-03 04:00:00,0.09490000000000001,4745.000000000001,4745.000000000001,0.0,0.0,0.0,162.01620162016198,9770.957095709571,2564.999999999999,0.0,0.0
2025-12-03 05:00:00,0.0818,4090.0,4090.0,0.0,0.0,0.0,203.38875992862447,9567.568335780947,3220.0,0.0,0.0
2025-12-03 06:00:00,0.077132,3856.6000000000004,3856.6000000000004,0.0,0.0,0.0,218.13128681289183,9349.437048968055,3453.3999999999996,0.0,0.0
2025-12-03 07:00:00,0.072003,3600.15,3600.15,0.0,0.0,0.0,234.32974876435014,9115.107300203705,3709.85,0.0,0.0
2025-12-03 08:00:00,0.06906699999999999,3453.3499999999995,3453.3499999999995,0.0,0.0,0.0,243.6022549623384,8871.505045241367,3856.6500000000005,0.0,0.0
2025-12-03 09:00:00,0.07043200000000001,3521.6000000000004,3521.6000000000004,0.0,0.0,0.0,239.2912975508077,8632.21374769056,3788.3999999999996,0.0,0.0
2025-12-03 10:00:00,0.077829,3891.45,3891.45,0.0,0.0,0.0,215.93001405403703,8416.283733636523,3418.55,0.0,0.0
2025-12-03 11:00:00,0.092653,4632.65,4632.65,0.0,0.0,0.0,169.11270074375864,8247.171032892764,2677.3500000000004,0.0,0.0
2025-12-03 12:00:00,0.10639799999999999,5319.9,5319.9,0.0,0.0,0.0,125.70309662545206,8121.467936267311,1990.1000000000004,0.0,0.0
2025-12-03 13:00:00,0.119942,5997.099999999999,5997.099999999999,0.0,0.0,0.0,82.92829282928297,8038.539643438028,1312.9000000000005,0.0,0.0
2025-12-03 14:00:00,0.145177,7258.85,7258.85,0.0,0.0,0.0,3.230849400729524,8035.308794037299,51.149999999999636,0.0,0.0
2025-12-03 15:00:00,0.235107,11755.35,7310.0,4445.35,0.0,82.3212962962963,0.0,8117.630090333595,0.0,0.0,0.0
2025-12-03 16:00:00,0.348919,17445.95,7310.0,10135.95,0.0,187.70277777777778,0.0,8305.332868111373,0.0,0.0,0.0
2025-12-03 17:00:00,0.422611,21130.55,7310.0,13820.55,0.0,255.9361111111111,0.0,8561.268979222483,0.0,0.0,0.0
2025-12-03 18:00:00,0.440731,22036.55,7310.0,14726.550000000001,-1.8189894035458565e-12,272.7138888888889,0.0,8833.982868111372,0.0,0.0,0.0
2025-12-03 19:00:00,0.41275799999999996,20637.899999999998,7310.0,13327.899999999998,0.0,246.81296296296293,0.0,9080.795831074334,0.0,0.0,0.0
2025-12-03 20:00:00,0.423205,21160.25,7310.0,13850.249999999998,1.8189894035458565e-12,256.4861111111111,0.0,9337.281942185446,0.0,0.0,0.0
2025-12-03 21:00:00,0.453878,22693.9,7310.0,15383.900000000003,-1.8189894035458565e-12,284.8870370370371,0.0,9622.168979222482,0.0,0.0,0.0
2025-12-03 22:00:00,0.468343,23417.15,7310.0,16107.150000000001,0.0,298.28055555555557,0.0,9920.449534778038,0.0,0.0,0.0
2025-12-03 23:00:00,0.5103179999999999,25515.899999999998,7310.0,4295.725121985972,13910.174878014026,79.55046522196244,0.0,10000.0,0.0,0.0,0.0
2025-12-04 00:00:00,0.5129389999999999,25646.949999999997,7310.0,0.0,18336.949999999997,0.0,0.0,10000.0,0.0,0.0,0.0
2025-12-04 01:00:00,0.52201,26100.5,7310.0,0.0,18790.5,0.0,0.0,10000.0,0.0,0.0,0.0
2025-12-04 02:00:00,0.522288,26114.399999999998,7310.0,0.0,18804.399999999998,0.0,0.0,10000.0,0.0,0.0,0.0
2025-12-04 03:00:00,0.521595,26079.75,7310.0,0.0,18769.75,0.0,0.0,10000.0,0.0,0.0,0.0
2025-12-04 04:00:00,0.550461,27523.05,7310.0,0.0,20213.05,0.0,0.0,10000.0,0.0,0.0,0.0
2025-12-04 05:00:00,0.5515950000000001,27579.750000000004,7310.0,0.0,20269.750000000004,0.0,0.0,10000.0,0.0,0.0,0.0
2025-12-04 06:00:00,0.573967,28698.35,7310.0,0.0,21388.35,0.0,0.0,10000.0,0.0,0.0,0.0
2025-12-04 07:00:00,0.563056,28152.8,7310.0,0.0,20842.8,0.0,0.0,10000.0,0.0,0.0,0.0
2025-12-04 08:00:00,0.5348630000000001,26743.150000000005,7310.0,0.0,19433.150000000005,0.0,0.0,10000.0,0.0,0.0,0.0
2025-12-04 09:00:00,0.459404,22970.2,7310.0,0.0,15660.2,0.0,0.0,10000.0,0.0,0.0,0.0
2025-12-04 10:00:00,0.34104199999999996,17052.1,7310.0,0.0,9742.099999999999,0.0,0.0,10000.0,0.0,0.0,0.0
2025-12-04 11:00:00,0.18479900000000002,9239.95,7310.0,0.0,1929.9500000000007,0.0,0.0,10000.0,0.0,0.0,0.0
2025-12-04 12:00:00,0.141957,7097.85,7097.85,0.0,0.0,0.0,13.400287397160747,9986.59971260284,212.14999999999964,0.0,0.0
2025-12-04 13:00:00,0.223076,11153.8,7310.0,723.6155194466592,3120.18448055334,13.400287397160355,0.0,10000.0,0.0,0.0,0.0
2025-12-04 14:00:00,0.35271399999999997,17635.699999999997,7310.0,0.0,10325.699999999997,0.0,0.0,10000.0,0.0,0.0,0.0
2025-12-04 15:00:00,0.433074,21653.7,7310.0,0.0,14343.7,0.0,0.0,10000.0,0.0,0.0,0.0
2025-12-04 16:00:00,0.416688,20834.4,7310.0,0.0,13524.400000000001,0.0,0.0,10000.0,0.0,0.0,0.0
2025-12-04 17:00:00,0.400491,20024.55,7310.0,0.0,12714.55,0.0,0.0,10000.0,0.0,0.0,0.0
2025-12-04 18:00:00,0.368997,18449.850000000002,7310.0,0.0,11139.850000000002,0.0,0.0,10000.0,0.0,0.0,0.0
2025-12-04 19:00:00,0.340481,17024.05,7310.0,0.0,9714.05,0.0,0.0,10000.0,0.0,0.0,0.0
2025-12-04 20:00:00,0.297096,14854.800000000001,7310.0,0.0,7544.800000000001,0.0,0.0,10000.0,0.0,0.0,0.0
2025-12-04 21:00:00,0.25147200000000003,12573.600000000002,7310.0,0.0,5263.600000000002,0.0,0.0,10000.0,0.0,0.0,0.0
2025-12-04 22:00:00,0.217526,10876.3,7310.0,0.0,3566.2999999999993,0.0,0.0,10000.0,0.0,0.0,0.0
2025-12-04 23:00:00,0.176172,8808.6,7310.0,0.0,1498.6000000000004,0.0,0.0,10000.0,0.0,0.0,0.0
2025-12-05 00:00:00,0.15917900000000001,7958.950000000001,7310.0,0.0,648.9500000000007,0.0,0.0,10000.0,0.0,0.0,0.0
2025-12-05 01:00:00,0.14791900000000002,7395.950000000001,7310.0,0.0,85.95000000000073,0.0,0.0,10000.0,0.0,0.0,0.0
2025-12-05 02:00:00,0.141402,7070.1,7070.1,0.0,0.0,0.0,15.153094256794079,9984.846905743207,239.89999999999964,0.0,0.0
2025-12-05 03:00:00,0.11881699999999999,5940.849999999999,5940.849999999999,0.0,0.0,0.0,86.4812797069181,9898.365626036288,1369.1500000000005,0.0,0.0
2025-12-05 04:00:00,0.100518,5025.9,5025.9,0.0,0.0,0.0,144.27337470589168,9754.092251330396,2284.1000000000004,0.0,0.0
2025-12-05 05:00:00,0.10835800000000001,5417.900000000001,5417.900000000001,0.0,0.0,0.0,119.51300393197212,9634.579247398424,1892.0999999999995,0.0,0.0
2025-12-05 06:00:00,0.13881,6940.499999999999,6940.499999999999,0.0,0.0,0.0,23.339176022865505,9611.240071375558,369.5000000000009,0.0,0.0
2025-12-05 07:00:00,0.175154,8757.7,7310.0,1447.7000000000007,0.0,26.809259259259274,0.0,9638.049330634816,0.0,0.0,0.0
2025-12-05 08:00:00,0.227752,11387.6,7310.0,4077.6000000000004,0.0,75.51111111111112,0.0,9713.560441745927,0.0,0.0,0.0
2025-12-05 09:00:00,0.269217,13460.849999999999,7310.0,6150.8499999999985,0.0,113.9046296296296,0.0,9827.465071375556,0.0,0.0,0.0
2025-12-05 10:00:00,0.295865,14793.25,7310.0,7483.25,0.0,138.5787037037037,0.0,9966.04377507926,0.0,0.0,0.0
2025-12-05 11:00:00,0.345811,17290.55,7310.0,1833.63614571992,8146.913854280079,33.95622492073926,0.0,10000.0,0.0,0.0,0.0
2025-12-05 12:00:00,0.42863999999999997,21432.0,7310.0,0.0,14122.0,0.0,0.0,10000.0,0.0,0.0,0.0
2025-12-05 13:00:00,0.518747,25937.35,7310.0,0.0,18627.35,0.0,0.0,10000.0,0.0,0.0,0.0
2025-12-05 14:00:00,0.612768,30638.399999999998,7310.0,0.0,23328.399999999998,0.0,0.0,10000.0,0.0,0.0,0.0
2025-12-05 15:00:00,0.7283890000000001,36419.450000000004,7310.0,0.0,29109.450000000004,0.0,0.0,10000.0,0.0,0.0,0.0
2025-12-05 16:00:00,0.807712,40385.6,7310.0,0.0,33075.6,0.0,0.0,10000.0,0.0,0.0,0.0
2025-12-05 17:00:00,0.858576,42928.8,7310.0,0.0,35618.8,0.0,0.0,10000.0,0.0,0.0,0.0
2025-12-05 18:00:00,0.9108189999999999,45540.95,7310.0,0.0,38230.95,0.0,0.0,10000.0,0.0,0.0,0.0
2025-12-05 19:00:00,0.9552609999999999,47763.049999999996,7310.0,0.0,40453.049999999996,0.0,0.0,10000.0,0.0,0.0,0.0
2025-12-05 20:00:00,0.960953,48047.649999999994,7310.0,0.0,40737.649999999994,0.0,0.0,10000.0,0.0,0.0,0.0
2025-12-05 21:00:00,0.9127770000000001,45638.850000000006,7310.0,0.0,38328.850000000006,0.0,0.0,10000.0,0.0,0.0,0.0
2025-12-05 22:00:00,0.814628,40731.4,7310.0,0.0,33421.4,0.0,0.0,10000.0,0.0,0.0,0.0
2025-12-05 23:00:00,0.7700520000000001,38502.600000000006,7310.0,0.0,31192.600000000006,0.0,0.0,10000.0,0.0,0.0,0.0
2025-12-06 00:00:00,0.756025,37801.25,7310.0,0.0,30491.25,0.0,0.0,10000.0,0.0,0.0,0.0
2025-12-06 01:00:00,0.784537,39226.85,7310.0,0.0,31916.85,0.0,0.0,10000.0,0.0,0.0,0.0
2025-12-06 02:00:00,0.801209,40060.45,7310.0,0.0,32750.449999999997,0.0,0.0,10000.0,0.0,0.0,0.0
2025-12-06 03:00:00,0.812932,40646.6,7310.0,0.0,33336.6,0.0,0.0,10000.0,0.0,0.0,0.0
2025-12-06 04:00:00,0.803948,40197.4,7310.0,0.0,32887.4,0.0,0.0,10000.0,0.0,0.0,0.0
2025-12-06 05:00:00,0.7928869999999999,39644.34999999999,7310.0,0.0,32334.34999999999,0.0,0.0,10000.0,0.0,0.0,0.0
2025-12-06 06:00:00,0.78995,39497.5,7310.0,0.0,32187.5,0.0,0.0,10000.0,0.0,0.0,0.0
2025-12-06 07:00:00,0.788196,39409.8,7310.0,0.0,32099.800000000003,0.0,0.0,10000.0,0.0,0.0,0.0
2025-12-06 08:00:00,0.788164,39408.2,7310.0,0.0,32098.199999999997,0.0,0.0,10000.0,0.0,0.0,0.0
2025-12-06 09:00:00,0.788257,39412.85,7310.0,0.0,32102.85,0.0,0.0,10000.0,0.0,0.0,0.0
2025-12-06 10:00:00,0.7788010000000001,38940.05,7310.0,0.0,31630.050000000003,0.0,0.0,10000.0,0.0,0.0,0.0
2025-12-06 11:00:00,0.798526,39926.299999999996,7310.0,0.0,32616.299999999996,0.0,0.0,10000.0,0.0,0.0,0.0
2025-12-06 12:00:00,0.812399,40619.95,7310.0,0.0,33309.95,0.0,0.0,10000.0,0.0,0.0,0.0
2025-12-06 13:00:00,0.822042,41102.100000000006,7310.0,0.0,33792.100000000006,0.0,0.0,10000.0,0.0,0.0,0.0
2025-12-06 14:00:00,0.8188289999999999,40941.45,7310.0,0.0,33631.45,0.0,0.0,10000.0,0.0,0.0,0.0
2025-12-06 15:00:00,0.807633,40381.65,7310.0,0.0,33071.65,0.0,0.0,10000.0,0.0,0.0,0.0
2025-12-06 16:00:00,0.7922530000000001,39612.65,7310.0,0.0,32302.65,0.0,0.0,10000.0,0.0,0.0,0.0
2025-12-06 17:00:00,0.778961,38948.05,7310.0,0.0,31638.050000000003,0.0,0.0,10000.0,0.0,0.0,0.0
2025-12-06 18:00:00,0.7653519999999999,38267.6,7310.0,0.0,30957.6,0.0,0.0,10000.0,0.0,0.0,0.0
2025-12-06 19:00:00,0.737576,36878.8,7310.0,0.0,29568.800000000003,0.0,0.0,10000.0,0.0,0.0,0.0
2025-12-06 20:00:00,0.6902039999999999,34510.2,7310.0,0.0,27200.199999999997,0.0,0.0,10000.0,0.0,0.0,0.0
2025-12-06 21:00:00,0.665817,33290.85,7310.0,0.0,25980.85,0.0,0.0,10000.0,0.0,0.0,0.0
2025-12-06 22:00:00,0.6011599999999999,30057.999999999996,7310.0,0.0,22747.999999999996,0.0,0.0,10000.0,0.0,0.0,0.0
2025-12-06 23:00:00,0.5131699999999999,25658.499999999996,7310.0,0.0,18348.499999999996,0.0,0.0,10000.0,0.0,0.0,0.0
2025-12-07 00:00:00,0.431712,21585.6,7310.0,0.0,14275.599999999999,0.0,0.0,10000.0,0.0,0.0,0.0
2025-12-07 01:00:00,0.34366199999999997,17183.1,7310.0,0.0,9873.099999999999,0.0,0.0,10000.0,0.0,0.0,0.0
2025-12-07 02:00:00,0.309606,15480.3,7310.0,0.0,8170.299999999999,0.0,0.0,10000.0,0.0,0.0,0.0
2025-12-07 03:00:00,0.222025,11101.25,7310.0,0.0,3791.25,0.0,0.0,10000.0,0.0,0.0,0.0
2025-12-07 04:00:00,0.20984999999999998,10492.499999999998,7310.0,0.0,3182.499999999998,0.0,0.0,10000.0,0.0,0.0,0.0
2025-12-07 05:00:00,0.238041,11902.05,7310.0,0.0,4592.049999999999,0.0,0.0,10000.0,0.0,0.0,0.0
2025-12-07 06:00:00,0.261375,13068.750000000002,7310.0,0.0,5758.750000000002,0.0,0.0,10000.0,0.0,0.0,0.0
2025-12-07 07:00:00,0.334141,16707.05,7310.0,0.0,9397.05,0.0,0.0,10000.0,0.0,0.0,0.0
2025-12-07 08:00:00,0.42230599999999996,21115.3,7310.0,0.0,13805.3,0.0,0.0,10000.0,0.0,0.0,0.0
2025-12-07 09:00:00,0.451639,22581.95,7310.0,0.0,15271.95,0.0,0.0,10000.0,0.0,0.0,0.0
2025-12-07 10:00:00,0.499238,24961.9,7310.0,0.0,17651.9,0.0,0.0,10000.0,0.0,0.0,0.0
2025-12-07 11:00:00,0.603044,30152.2,7310.0,0.0,22842.2,0.0,0.0,10000.0,0.0,0.0,0.0
2025-12-07 12:00:00,0.690226,34511.3,7310.0,0.0,27201.300000000003,0.0,0.0,10000.0,0.0,0.0,0.0
2025-12-07 13:00:00,0.793497,39674.85,7310.0,0.0,32364.85,0.0,0.0,10000.0,0.0,0.0,0.0
2025-12-07 14:00:00,0.885285,44264.25,7310.0,0.0,36954.25,0.0,0.0,10000.0,0.0,0.0,0.0
2025-12-07 15:00:00,0.887715,44385.75,7310.0,0.0,37075.75,0.0,0.0,10000.0,0.0,0.0,0.0
2025-12-07 16:00:00,0.877452,43872.6,7310.0,0.0,36562.6,0.0,0.0,10000.0,0.0,0.0,0.0
2025-12-07 17:00:00,0.8816219999999999,44081.1,7310.0,0.0,36771.1,0.0,0.0,10000.0,0.0,0.0,0.0
2025-12-07 18:00:00,0.890596,44529.8,7310.0,0.0,37219.8,0.0,0.0,10000.0,0.0,0.0,0.0
2025-12-07 19:00:00,0.879912,43995.6,7310.0,0.0,36685.6,0.0,0.0,10000.0,0.0,0.0,0.0
2025-12-07 20:00:00,0.813612,40680.6,7310.0,0.0,33370.6,0.0,0.0,10000.0,0.0,0.0,0.0
2025-12-07 21:00:00,0.722101,36105.05,7310.0,0.0,28795.050000000003,0.0,0.0,10000.0,0.0,0.0,0.0
2025-12-07 22:00:00,0.635429,31771.45,7310.0,0.0,24461.45,0.0,0.0,10000.0,0.0,0.0,0.0
2025-12-07 23:00:00,0.541065,27053.25,7310.0,0.0,19743.25,0.0,0.0,10000.0,0.0,0.0,0.0
2025-12-08 00:00:00,0.553774,27688.7,7310.0,0.0,20378.7,0.0,0.0,10000.0,0.0,0.0,0.0
2025-12-08 01:00:00,0.5650599999999999,28252.999999999996,7310.0,0.0,20942.999999999996,0.0,0.0,10000.0,0.0,0.0,0.0
2025-12-08 02:00:00,0.547033,27351.649999999998,7310.0,0.0,20041.649999999998,0.0,0.0,10000.0,0.0,0.0,0.0
2025-12-08 03:00:00,0.537945,26897.25,7310.0,0.0,19587.25,0.0,0.0,10000.0,0.0,0.0,0.0
2025-12-08 04:00:00,0.556778,27838.9,7310.0,0.0,20528.9,0.0,0.0,10000.0,0.0,0.0,0.0
2025-12-08 05:00:00,0.633257,31662.85,7310.0,0.0,24352.85,0.0,0.0,10000.0,0.0,0.0,0.0
2025-12-08 06:00:00,0.666181,33309.05,7310.0,0.0,25999.050000000003,0.0,0.0,10000.0,0.0,0.0,0.0
2025-12-08 07:00:00,0.6869,34345.0,7310.0,0.0,27035.0,0.0,0.0,10000.0,0.0,0.0,0.0
2025-12-08 08:00:00,0.670471,33523.55,7310.0,0.0,26213.550000000003,0.0,0.0,10000.0,0.0,0.0,0.0
2025-12-08 09:00:00,0.655978,32798.899999999994,7310.0,0.0,25488.899999999994,0.0,0.0,10000.0,0.0,0.0,0.0
2025-12-08 10:00:00,0.668327,33416.35,7310.0,0.0,26106.35,0.0,0.0,10000.0,0.0,0.0,0.0
2025-12-08 11:00:00,0.6416069999999999,32080.349999999995,7310.0,0.0,24770.349999999995,0.0,0.0,10000.0,0.0,0.0,0.0
2025-12-08 12:00:00,0.602186,30109.3,7310.0,0.0,22799.3,0.0,0.0,10000.0,0.0,0.0,0.0
2025-12-08 13:00:00,0.612782,30639.100000000002,7310.0,0.0,23329.100000000002,0.0,0.0,10000.0,0.0,0.0,0.0
2025-12-08 14:00:00,0.60712,30356.0,7310.0,0.0,23046.0,0.0,0.0,10000.0,0.0,0.0,0.0
2025-12-08 15:00:00,0.526948,26347.399999999998,7310.0,0.0,19037.399999999998,0.0,0.0,10000.0,0.0,0.0,0.0
2025-12-08 16:00:00,0.528008,26400.4,7310.0,0.0,19090.4,0.0,0.0,10000.0,0.0,0.0,0.0
2025-12-08 17:00:00,0.52262,26131.0,7310.0,0.0,18821.0,0.0,0.0,10000.0,0.0,0.0,0.0
2025-12-08 18:00:00,0.49797199999999997,24898.6,7310.0,0.0,17588.6,0.0,0.0,10000.0,0.0,0.0,0.0
2025-12-08 19:00:00,0.49244099999999996,24622.05,7310.0,0.0,17312.05,0.0,0.0,10000.0,0.0,0.0,0.0
2025-12-08 20:00:00,0.500711,25035.55,7310.0,0.0,17725.55,0.0,0.0,10000.0,0.0,0.0,0.0
2025-12-08 21:00:00,0.5577190000000001,27885.950000000004,7310.0,0.0,20575.950000000004,0.0,0.0,10000.0,0.0,0.0,0.0
2025-12-08 22:00:00,0.633069,31653.45,7310.0,0.0,24343.45,0.0,0.0,10000.0,0.0,0.0,0.0
2025-12-08 23:00:00,0.689698,34484.9,7310.0,0.0,27174.9,0.0,0.0,10000.0,0.0,0.0,0.0
2025-12-09 00:00:00,0.711828,35591.4,7310.0,0.0,28281.4,0.0,0.0,10000.0,0.0,0.0,0.0
2025-12-09 01:00:00,0.706776,35338.799999999996,7310.0,0.0,28028.799999999996,0.0,0.0,10000.0,0.0,0.0,0.0
2025-12-09 02:00:00,0.710293,35514.649999999994,7310.0,0.0,28204.649999999994,0.0,0.0,10000.0,0.0,0.0,0.0
2025-12-09 03:00:00,0.780002,39000.1,7310.0,0.0,31690.1,0.0,0.0,10000.0,0.0,0.0,0.0
2025-12-09 04:00:00,0.867321,43366.05,7310.0,0.0,36056.05,0.0,0.0,10000.0,0.0,0.0,0.0
2025-12-09 05:00:00,0.901408,45070.4,7310.0,0.0,37760.4,0.0,0.0,10000.0,0.0,0.0,0.0
2025-12-09 06:00:00,0.9061939999999999,45309.7,7310.0,0.0,37999.7,0.0,0.0,10000.0,0.0,0.0,0.0
2025-12-09 07:00:00,0.9025270000000001,45126.350000000006,7310.0,0.0,37816.350000000006,0.0,0.0,10000.0,0.0,0.0,0.0
2025-12-09 08:00:00,0.8980090000000001,44900.450000000004,7310.0,0.0,37590.450000000004,0.0,0.0,10000.0,0.0,0.0,0.0
2025-12-09 09:00:00,0.894577,44728.85,7310.0,0.0,37418.85,0.0,0.0,10000.0,0.0,0.0,0.0
2025-12-09 10:00:00,0.891496,44574.799999999996,7310.0,0.0,37264.799999999996,0.0,0.0,10000.0,0.0,0.0,0.0
2025-12-09 11:00:00,0.89458,44729.0,7310.0,0.0,37419.0,0.0,0.0,10000.0,0.0,0.0,0.0
2025-12-09 12:00:00,0.9135850000000001,45679.25000000001,7310.0,0.0,38369.25000000001,0.0,0.0,10000.0,0.0,0.0,0.0
2025-12-09 13:00:00,0.9418540000000001,47092.700000000004,7310.0,0.0,39782.700000000004,0.0,0.0,10000.0,0.0,0.0,0.0
2025-12-09 14:00:00,0.950583,47529.149999999994,7310.0,0.0,40219.149999999994,0.0,0.0,10000.0,0.0,0.0,0.0
2025-12-09 15:00:00,0.943809,47190.45,7310.0,0.0,39880.45,0.0,0.0,10000.0,0.0,0.0,0.0
2025-12-09 16:00:00,0.935979,46798.95,7310.0,0.0,39488.95,0.0,0.0,10000.0,0.0,0.0,0.0
2025-12-09 17:00:00,0.921667,46083.35,7310.0,0.0,38773.35,0.0,0.0,10000.0,0.0,0.0,0.0
2025-12-09 18:00:00,0.879674,43983.7,7310.0,0.0,36673.7,0.0,0.0,10000.0,0.0,0.0,0.0
2025-12-09 19:00:00,0.8135439999999999,40677.2,7310.0,0.0,33367.2,0.0,0.0,10000.0,0.0,0.0,0.0
2025-12-09 20:00:00,0.7553869999999999,37769.35,7310.0,0.0,30459.35,0.0,0.0,10000.0,0.0,0.0,0.0
2025-12-09 21:00:00,0.6803490000000001,34017.450000000004,7310.0,0.0,26707.450000000004,0.0,0.0,10000.0,0.0,0.0,0.0
2025-12-09 22:00:00,0.624056,31202.800000000003,7310.0,0.0,23892.800000000003,0.0,0.0,10000.0,0.0,0.0,0.0
2025-12-09 23:00:00,0.55451,27725.499999999996,7310.0,0.0,20415.499999999996,0.0,0.0,10000.0,0.0,0.0,0.0
2025-12-10 00:00:00,0.5208079999999999,26040.399999999998,7310.0,0.0,18730.399999999998,0.0,0.0,10000.0,0.0,0.0,0.0
2025-12-10 01:00:00,0.516224,25811.2,7310.0,0.0,18501.2,0.0,0.0,10000.0,0.0,0.0,0.0
2025-12-10 02:00:00,0.5253490000000001,26267.450000000004,7310.0,0.0,18957.450000000004,0.0,0.0,10000.0,0.0,0.0,0.0
2025-12-10 03:00:00,0.549726,27486.300000000003,7310.0,0.0,20176.300000000003,0.0,0.0,10000.0,0.0,0.0,0.0
2025-12-10 04:00:00,0.571337,28566.85,7310.0,0.0,21256.85,0.0,0.0,10000.0,0.0,0.0,0.0
2025-12-10 05:00:00,0.591576,29578.8,7310.0,0.0,22268.8,0.0,0.0,10000.0,0.0,0.0,0.0
2025-12-10 06:00:00,0.6119439999999999,30597.199999999997,7310.0,0.0,23287.199999999997,0.0,0.0,10000.0,0.0,0.0,0.0
2025-12-10 07:00:00,0.6258279999999999,31291.399999999998,7310.0,0.0,23981.399999999998,0.0,0.0,10000.0,0.0,0.0,0.0
2025-12-10 08:00:00,0.622818,31140.899999999998,7310.0,0.0,23830.899999999998,0.0,0.0,10000.0,0.0,0.0,0.0
2025-12-10 09:00:00,0.5780019999999999,28900.099999999995,7310.0,0.0,21590.099999999995,0.0,0.0,10000.0,0.0,0.0,0.0
2025-12-10 10:00:00,0.528981,26449.050000000003,7310.0,0.0,19139.050000000003,0.0,0.0,10000.0,0.0,0.0,0.0
2025-12-10 11:00:00,0.599014,29950.7,7310.0,0.0,22640.7,0.0,0.0,10000.0,0.0,0.0,0.0
2025-12-10 12:00:00,0.702154,35107.7,7310.0,0.0,27797.699999999997,0.0,0.0,10000.0,0.0,0.0,0.0
2025-12-10 13:00:00,0.6740470000000001,33702.350000000006,7310.0,0.0,26392.350000000006,0.0,0.0,10000.0,0.0,0.0,0.0
2025-12-10 14:00:00,0.581077,29053.85,7310.0,0.0,21743.85,0.0,0.0,10000.0,0.0,0.0,0.0
2025-12-10 15:00:00,0.485065,24253.25,7310.0,0.0,16943.25,0.0,0.0,10000.0,0.0,0.0,0.0
2025-12-10 16:00:00,0.50441,25220.5,7310.0,0.0,17910.5,0.0,0.0,10000.0,0.0,0.0,0.0
2025-12-10 17:00:00,0.5321480000000001,26607.4,7310.0,0.0,19297.4,0.0,0.0,10000.0,0.0,0.0,0.0
2025-12-10 18:00:00,0.51478,25739.0,7310.0,0.0,18429.0,0.0,0.0,10000.0,0.0,0.0,0.0
2025-12-10 19:00:00,0.470134,23506.7,7310.0,0.0,16196.7,0.0,0.0,10000.0,0.0,0.0,0.0
2025-12-10 20:00:00,0.431868,21593.399999999998,7310.0,0.0,14283.399999999998,0.0,0.0,10000.0,0.0,0.0,0.0
2025-12-10 21:00:00,0.419576,20978.8,7310.0,0.0,13668.8,0.0,0.0,10000.0,0.0,0.0,0.0
2025-12-10 22:00:00,0.43397,21698.5,7310.0,0.0,14388.5,0.0,0.0,10000.0,0.0,0.0,0.0
2025-12-10 23:00:00,0.41508300000000004,20754.15,7310.0,0.0,13444.150000000001,0.0,0.0,10000.0,0.0,0.0,0.0
2025-12-11 00:00:00,0.424145,21207.25,7310.0,0.0,13897.25,0.0,0.0,10000.0,0.0,0.0,0.0
2025-12-11 01:00:00,0.393449,19672.45,7310.0,0.0,12362.45,0.0,0.0,10000.0,0.0,0.0,0.0
2025-12-11 02:00:00,0.377458,18872.9,7310.0,0.0,11562.900000000001,0.0,0.0,10000.0,0.0,0.0,0.0
2025-12-11 03:00:00,0.37358300000000005,18679.15,7310.0,0.0,11369.150000000001,0.0,0.0,10000.0,0.0,0.0,0.0
2025-12-11 04:00:00,0.395865,19793.25,7310.0,0.0,12483.25,0.0,0.0,10000.0,0.0,0.0,0.0
2025-12-11 05:00:00,0.43232299999999996,21616.149999999998,7310.0,0.0,14306.149999999998,0.0,0.0,10000.0,0.0,0.0,0.0
2025-12-11 06:00:00,0.484312,24215.600000000002,7310.0,0.0,16905.600000000002,0.0,0.0,10000.0,0.0,0.0,0.0
2025-12-11 07:00:00,0.500166,25008.3,7310.0,0.0,17698.3,0.0,0.0,10000.0,0.0,0.0,0.0
2025-12-11 08:00:00,0.5157930000000001,25789.65,7310.0,0.0,18479.65,0.0,0.0,10000.0,0.0,0.0,0.0
2025-12-11 09:00:00,0.475939,23796.95,7310.0,0.0,16486.95,0.0,0.0,10000.0,0.0,0.0,0.0
2025-12-11 10:00:00,0.459404,22970.2,7310.0,0.0,15660.2,0.0,0.0,10000.0,0.0,0.0,0.0
2025-12-11 11:00:00,0.53949,26974.5,7310.0,0.0,19664.5,0.0,0.0,10000.0,0.0,0.0,0.0
2025-12-11 12:00:00,0.5564439999999999,27822.199999999997,7310.0,0.0,20512.199999999997,0.0,0.0,10000.0,0.0,0.0,0.0
2025-12-11 13:00:00,0.5253490000000001,26267.450000000004,7310.0,0.0,18957.450000000004,0.0,0.0,10000.0,0.0,0.0,0.0
2025-12-11 14:00:00,0.47890699999999997,23945.35,7310.0,0.0,16635.35,0.0,0.0,10000.0,0.0,0.0,0.0
2025-12-11 15:00:00,0.467384,23369.2,7310.0,0.0,16059.2,0.0,0.0,10000.0,0.0,0.0,0.0
2025-12-11 16:00:00,0.500715,25035.75,7310.0,0.0,17725.75,0.0,0.0,10000.0,0.0,0.0,0.0
2025-12-11 17:00:00,0.468207,23410.35,7310.0,0.0,16100.349999999999,0.0,0.0,10000.0,0.0,0.0,0.0
2025-12-11 18:00:00,0.40341699999999997,20170.85,7310.0,0.0,12860.849999999999,0.0,0.0,10000.0,0.0,0.0,0.0
2025-12-11 19:00:00,0.393048,19652.4,7310.0,0.0,12342.400000000001,0.0,0.0,10000.0,0.0,0.0,0.0
2025-12-11 20:00:00,0.410503,20525.15,7310.0,0.0,13215.150000000001,0.0,0.0,10000.0,0.0,0.0,0.0
2025-12-11 21:00:00,0.419037,20951.85,7310.0,0.0,13641.849999999999,0.0,0.0,10000.0,0.0,0.0,0.0
2025-12-11 22:00:00,0.40035000000000004,20017.500000000004,7310.0,0.0,12707.500000000004,0.0,0.0,10000.0,0.0,0.0,0.0
2025-12-11 23:00:00,0.416543,20827.15,7310.0,0.0,13517.150000000001,0.0,0.0,10000.0,0.0,0.0,0.0
2025-12-12 00:00:00,0.421833,21091.65,7310.0,0.0,13781.650000000001,0.0,0.0,10000.0,0.0,0.0,0.0
2025-12-12 01:00:00,0.42230900000000005,21115.45,7310.0,0.0,13805.45,0.0,0.0,10000.0,0.0,0.0,0.0
2025-12-12 02:00:00,0.414713,20735.65,7310.0,0.0,13425.650000000001,0.0,0.0,10000.0,0.0,0.0,0.0
2025-12-12 03:00:00,0.403473,20173.65,7310.0,0.0,12863.650000000001,0.0,0.0,10000.0,0.0,0.0,0.0
2025-12-12 04:00:00,0.376262,18813.1,7310.0,0.0,11503.099999999999,0.0,0.0,10000.0,0.0,0.0,0.0
2025-12-12 05:00:00,0.357661,17883.05,7310.0,0.0,10573.05,0.0,0.0,10000.0,0.0,0.0,0.0
2025-12-12 06:00:00,0.343209,17160.45,7310.0,0.0,9850.45,0.0,0.0,10000.0,0.0,0.0,0.0
2025-12-12 07:00:00,0.35347500000000004,17673.750000000004,7310.0,0.0,10363.750000000004,0.0,0.0,10000.0,0.0,0.0,0.0
2025-12-12 08:00:00,0.36162299999999997,18081.149999999998,7310.0,0.0,10771.149999999998,0.0,0.0,10000.0,0.0,0.0,0.0
2025-12-12 09:00:00,0.352982,17649.100000000002,7310.0,0.0,10339.100000000002,0.0,0.0,10000.0,0.0,0.0,0.0
2025-12-12 10:00:00,0.364862,18243.100000000002,7310.0,0.0,10933.100000000002,0.0,0.0,10000.0,0.0,0.0,0.0
2025-12-12 11:00:00,0.400113,20005.65,7310.0,0.0,12695.650000000001,0.0,0.0,10000.0,0.0,0.0,0.0
2025-12-12 12:00:00,0.40167,20083.5,7310.0,0.0,12773.5,0.0,0.0,10000.0,0.0,0.0,0.0
2025-12-12 13:00:00,0.370824,18541.2,7310.0,0.0,11231.2,0.0,0.0,10000.0,0.0,0.0,0.0
2025-12-12 14:00:00,0.30018599999999995,15009.299999999997,7310.0,0.0,7699.299999999997,0.0,0.0,10000.0,0.0,0.0,0.0
2025-12-12 15:00:00,0.250985,12549.25,7310.0,0.0,5239.25,0.0,0.0,10000.0,0.0,0.0,0.0
2025-12-12 16:00:00,0.23768199999999998,11884.099999999999,7310.0,0.0,4574.0999999999985,0.0,0.0,10000.0,0.0,0.0,0.0
2025-12-12 17:00:00,0.24525999999999998,12262.999999999998,7310.0,0.0,4952.999999999998,0.0,0.0,10000.0,0.0,0.0,0.0
2025-12-12 18:00:00,0.265843,13292.15,7310.0,0.0,5982.15,0.0,0.0,10000.0,0.0,0.0,0.0
2025-12-12 19:00:00,0.25904000000000005,12952.000000000002,7310.0,0.0,5642.000000000002,0.0,0.0,10000.0,0.0,0.0,0.0
2025-12-12 20:00:00,0.23068100000000002,11534.050000000001,7310.0,0.0,4224.050000000001,0.0,0.0,10000.0,0.0,0.0,0.0
2025-12-12 21:00:00,0.195417,9770.85,7310.0,0.0,2460.8500000000004,0.0,0.0,10000.0,0.0,0.0,0.0
2025-12-12 22:00:00,0.157803,7890.15,7310.0,0.0,580.1499999999996,0.0,0.0,10000.0,0.0,0.0,0.0
2025-12-12 23:00:00,0.13400800000000002,6700.400000000001,6700.400000000001,0.0,0.0,0.0,38.504903121891104,9961.495096878109,609.5999999999995,0.0,0.0
2025-12-13 00:00:00,0.13524,6762.0,6762.0,0.0,0.0,0.0,34.613987714560935,9926.881109163547,548.0,0.0,0.0
2025-12-13 01:00:00,0.14509899999999998,7254.949999999999,7254.949999999999,0.0,0.0,0.0,3.477189824245652,9923.403919339302,55.05000000000109,0.0,0.0
2025-12-13 02:00:00,0.154308,7715.4,7310.0,405.39999999999964,0.0,7.507407407407401,0.0,9930.91132674671,0.0,0.0,0.0
2025-12-13 03:00:00,0.139639,6981.950000000001,6981.950000000001,0.0,0.0,0.0,20.721019470368045,9910.190307276342,328.0499999999993,0.0,0.0
2025-12-13 04:00:00,0.106911,5345.55,5345.55,0.0,0.0,0.0,124.0829346092504,9786.107372667091,1964.4499999999998,0.0,0.0
2025-12-13 05:00:00,0.090626,4531.3,4531.3,0.0,0.0,0.0,175.51439354461763,9610.592979122473,2778.7,0.0,0.0
2025-12-13 06:00:00,0.078932,3946.6,3946.6,0.0,0.0,0.0,212.44650780867565,9398.146471313798,3363.4,0.0,0.0
2025-12-13 07:00:00,0.061827,3091.35,3091.35,0.0,0.0,0.0,266.4676994015191,9131.678771912279,4218.65,0.0,0.0
2025-12-13 08:00:00,0.054314999999999995,2715.7499999999995,2715.7499999999995,0.0,0.0,0.0,290.1921771124481,8841.48659479983,4594.25,0.0,0.0
2025-12-13 09:00:00,0.059398000000000006,2969.9,2969.9,0.0,0.0,0.0,274.13899284665314,8567.347601953177,4340.1,0.0,0.0
2025-12-13 10:00:00,0.068699,3434.95,3434.95,0.0,0.0,0.0,244.7644764476448,8322.583125505533,3875.05,0.0,0.0
2025-12-13 11:00:00,0.08119499999999999,4059.7499999999995,4059.7499999999995,0.0,0.0,0.0,205.29947731615272,8117.28364818938,3250.2500000000005,0.0,0.0
2025-12-13 12:00:00,0.10298900000000001,5149.450000000001,5149.450000000001,0.0,0.0,0.0,136.4694364173259,7980.8142117720545,2160.5499999999993,0.0,0.0
2025-12-13 13:00:00,0.15098699999999998,7549.349999999999,7310.0,239.34999999999945,0.0,4.432407407407397,0.0,7985.246619179462,0.0,0.0,0.0
2025-12-13 14:00:00,0.188371,9418.550000000001,7310.0,2108.550000000001,0.0,39.047222222222246,0.0,8024.293841401684,0.0,0.0,0.0
2025-12-13 15:00:00,0.230867,11543.349999999999,7310.0,4233.3499999999985,0.0,78.39537037037034,0.0,8102.6892117720545,0.0,0.0,0.0
2025-12-13 16:00:00,0.310757,15537.85,7310.0,8227.85,0.0,152.3675925925926,0.0,8255.056804364647,0.0,0.0,0.0
2025-12-13 17:00:00,0.393827,19691.35,7310.0,12381.349999999999,0.0,229.28425925925924,0.0,8484.341063623906,0.0,0.0,0.0
2025-12-13 18:00:00,0.419573,20978.649999999998,7310.0,13668.649999999998,0.0,253.12314814814812,0.0,8737.464211772054,0.0,0.0,0.0
2025-12-13 19:00:00,0.413923,20696.149999999998,7310.0,13386.149999999998,0.0,247.89166666666662,0.0,8985.35587843872,0.0,0.0,0.0
2025-12-13 20:00:00,0.428192,21409.600000000002,7310.0,14099.600000000002,0.0,261.10370370370373,0.0,9246.459582142425,0.0,0.0,0.0
2025-12-13 21:00:00,0.425053,21252.65,7310.0,13942.650000000001,0.0,258.19722222222225,0.0,9504.656804364648,0.0,0.0,0.0
2025-12-13 22:00:00,0.43833999999999995,21916.999999999996,7310.0,14606.999999999996,0.0,270.49999999999994,0.0,9775.156804364648,0.0,0.0,0.0
2025-12-13 23:00:00,0.423268,21163.399999999998,7310.0,12141.532564309033,1711.867435690965,224.84319563535246,0.0,10000.0,0.0,0.0,0.0
2025-12-14 00:00:00,0.44566500000000003,22283.25,7310.0,0.0,14973.25,0.0,0.0,10000.0,0.0,0.0,0.0
2025-12-14 01:00:00,0.43591399999999997,21795.699999999997,7310.0,0.0,14485.699999999997,0.0,0.0,10000.0,0.0,0.0,0.0
2025-12-14 02:00:00,0.452752,22637.6,7310.0,0.0,15327.599999999999,0.0,0.0,10000.0,0.0,0.0,0.0
2025-12-14 03:00:00,0.469791,23489.55,7310.0,0.0,16179.55,0.0,0.0,10000.0,0.0,0.0,0.0
2025-12-14 04:00:00,0.47237799999999996,23618.899999999998,7310.0,0.0,16308.899999999998,0.0,0.0,10000.0,0.0,0.0,0.0
2025-12-14 05:00:00,0.472036,23601.8,7310.0,0.0,16291.8,0.0,0.0,10000.0,0.0,0.0,0.0
2025-12-14 06:00:00,0.46354500000000004,23177.250000000004,7310.0,0.0,15867.250000000004,0.0,0.0,10000.0,0.0,0.0,0.0
2025-12-14 07:00:00,0.466293,23314.65,7310.0,0.0,16004.650000000001,0.0,0.0,10000.0,0.0,0.0,0.0
2025-12-14 08:00:00,0.48467200000000005,24233.600000000002,7310.0,0.0,16923.600000000002,0.0,0.0,10000.0,0.0,0.0,0.0
2025-12-14 09:00:00,0.51579,25789.5,7310.0,0.0,18479.5,0.0,0.0,10000.0,0.0,0.0,0.0
2025-12-14 10:00:00,0.522371,26118.550000000003,7310.0,0.0,18808.550000000003,0.0,0.0,10000.0,0.0,0.0,0.0
2025-12-14 11:00:00,0.661914,33095.7,7310.0,0.0,25785.699999999997,0.0,0.0,10000.0,0.0,0.0,0.0
2025-12-14 12:00:00,0.763087,38154.35,7310.0,0.0,30844.35,0.0,0.0,10000.0,0.0,0.0,0.0
2025-12-14 13:00:00,0.772417,38620.85,7310.0,0.0,31310.85,0.0,0.0,10000.0,0.0,0.0,0.0
2025-12-14 14:00:00,0.767755,38387.75,7310.0,0.0,31077.75,0.0,0.0,10000.0,0.0,0.0,0.0
2025-12-14 15:00:00,0.75652,37826.0,7310.0,0.0,30516.0,0.0,0.0,10000.0,0.0,0.0,0.0
2025-12-14 16:00:00,0.757356,37867.8,7310.0,0.0,30557.800000000003,0.0,0.0,10000.0,0.0,0.0,0.0
2025-12-14 17:00:00,0.7682089999999999,38410.45,7310.0,0.0,31100.449999999997,0.0,0.0,10000.0,0.0,0.0,0.0
2025-12-14 18:00:00,0.785968,39298.4,7310.0,0.0,31988.4,0.0,0.0,10000.0,0.0,0.0,0.0
2025-12-14 19:00:00,0.79522,39761.0,7310.0,0.0,32451.0,0.0,0.0,10000.0,0.0,0.0,0.0
2025-12-14 20:00:00,0.813097,40654.85,7310.0,0.0,33344.85,0.0,0.0,10000.0,0.0,0.0,0.0
2025-12-14 21:00:00,0.831572,41578.6,7310.0,0.0,34268.6,0.0,0.0,10000.0,0.0,0.0,0.0
2025-12-14 22:00:00,0.8379070000000001,41895.350000000006,7310.0,0.0,34585.350000000006,0.0,0.0,10000.0,0.0,0.0,0.0
2025-12-14 23:00:00,0.81812,40906.0,7310.0,0.0,33596.0,0.0,0.0,10000.0,0.0,0.0,0.0
2025-12-15 00:00:00,0.8041,40205.0,7310.0,0.0,32895.0,0.0,0.0,10000.0,0.0,0.0,0.0
2025-12-15 01:00:00,0.793158,39657.9,7310.0,0.0,32347.9,0.0,0.0,10000.0,0.0,0.0,0.0
2025-12-15 02:00:00,0.784744,39237.2,7310.0,0.0,31927.199999999997,0.0,0.0,10000.0,0.0,0.0,0.0
2025-12-15 03:00:00,0.770069,38503.45,7310.0,0.0,31193.449999999997,0.0,0.0,10000.0,0.0,0.0,0.0
2025-12-15 04:00:00,0.759349,37967.450000000004,7310.0,0.0,30657.450000000004,0.0,0.0,10000.0,0.0,0.0,0.0
2025-12-15 05:00:00,0.712401,35620.049999999996,7310.0,0.0,28310.049999999996,0.0,0.0,10000.0,0.0,0.0,0.0
2025-12-15 06:00:00,0.671701,33585.05,7310.0,0.0,26275.050000000003,0.0,0.0,10000.0,0.0,0.0,0.0
2025-12-15 07:00:00,0.664361,33218.049999999996,7310.0,0.0,25908.049999999996,0.0,0.0,10000.0,0.0,0.0,0.0
2025-12-15 08:00:00,0.676644,33832.200000000004,7310.0,0.0,26522.200000000004,0.0,0.0,10000.0,0.0,0.0,0.0
2025-12-15 09:00:00,0.6772619999999999,33863.1,7310.0,0.0,26553.1,0.0,0.0,10000.0,0.0,0.0,0.0
2025-12-15 10:00:00,0.683895,34194.75,7310.0,0.0,26884.75,0.0,0.0,10000.0,0.0,0.0,0.0
2025-12-15 11:00:00,0.73112,36556.0,7310.0,0.0,29246.0,0.0,0.0,10000.0,0.0,0.0,0.0
2025-12-15 12:00:00,0.736458,36822.899999999994,7310.0,0.0,29512.899999999994,0.0,0.0,10000.0,0.0,0.0,0.0
2025-12-15 13:00:00,0.703496,35174.8,7310.0,0.0,27864.800000000003,0.0,0.0,10000.0,0.0,0.0,0.0
2025-12-15 14:00:00,0.6660069999999999,33300.35,7310.0,0.0,25990.35,0.0,0.0,10000.0,0.0,0.0,0.0
2025-12-15 15:00:00,0.650925,32546.25,7310.0,0.0,25236.25,0.0,0.0,10000.0,0.0,0.0,0.0
2025-12-15 16:00:00,0.636846,31842.300000000003,7310.0,0.0,24532.300000000003,0.0,0.0,10000.0,0.0,0.0,0.0
2025-12-15 17:00:00,0.59863,29931.5,7310.0,0.0,22621.5,0.0,0.0,10000.0,0.0,0.0,0.0
2025-12-15 18:00:00,0.585467,29273.35,7310.0,0.0,21963.35,0.0,0.0,10000.0,0.0,0.0,0.0
2025-12-15 19:00:00,0.548215,27410.75,7310.0,0.0,20100.75,0.0,0.0,10000.0,0.0,0.0,0.0
2025-12-15 20:00:00,0.523513,26175.65,7310.0,0.0,18865.65,0.0,0.0,10000.0,0.0,0.0,0.0
2025-12-15 21:00:00,0.45771100000000003,22885.550000000003,7310.0,0.0,15575.550000000003,0.0,0.0,10000.0,0.0,0.0,0.0
2025-12-15 22:00:00,0.380321,19016.05,7310.0,0.0,11706.05,0.0,0.0,10000.0,0.0,0.0,0.0
2025-12-15 23:00:00,0.328445,16422.25,7310.0,0.0,9112.25,0.0,0.0,10000.0,0.0,0.0,0.0
2025-12-16 00:00:00,0.32260300000000003,16130.150000000001,7310.0,0.0,8820.150000000001,0.0,0.0,10000.0,0.0,0.0,0.0
2025-12-16 01:00:00,0.297473,14873.65,7310.0,0.0,7563.65,0.0,0.0,10000.0,0.0,0.0,0.0
2025-12-16 02:00:00,0.267471,13373.550000000001,7310.0,0.0,6063.550000000001,0.0,0.0,10000.0,0.0,0.0,0.0
2025-12-16 03:00:00,0.261368,13068.4,7310.0,0.0,5758.4,0.0,0.0,10000.0,0.0,0.0,0.0
2025-12-16 04:00:00,0.255305,12765.25,7310.0,0.0,5455.25,0.0,0.0,10000.0,0.0,0.0,0.0
2025-12-16 05:00:00,0.24081,12040.5,7310.0,0.0,4730.5,0.0,0.0,10000.0,0.0,0.0,0.0
2025-12-16 06:00:00,0.21865,10932.5,7310.0,0.0,3622.5,0.0,0.0,10000.0,0.0,0.0,0.0
2025-12-16 07:00:00,0.184126,9206.300000000001,7310.0,0.0,1896.300000000001,0.0,0.0,10000.0,0.0,0.0,0.0
2025-12-16 08:00:00,0.15189,7594.5,7310.0,0.0,284.5,0.0,0.0,10000.0,0.0,0.0,0.0
2025-12-16 09:00:00,0.122004,6100.2,6100.2,0.0,0.0,0.0,76.41606265889749,9923.583937341102,1209.8000000000002,0.0,0.0
2025-12-16 10:00:00,0.08767100000000001,4383.550000000001,4383.550000000001,0.0,0.0,0.0,184.84690574320587,9738.737031597895,2926.449999999999,0.0,0.0
2025-12-16 11:00:00,0.074524,3726.2000000000003,3726.2000000000003,0.0,0.0,0.0,226.36789994788953,9512.369131650006,3583.7999999999997,0.0,0.0
2025-12-16 12:00:00,0.068121,3406.05,3406.05,0.0,0.0,0.0,246.58992215010977,9265.779209499897,3903.95,0.0,0.0
2025-12-16 13:00:00,0.09450499999999999,4725.25,4725.25,0.0,0.0,0.0,163.2636947905317,9102.515514709365,2584.75,0.0,0.0
2025-12-16 14:00:00,0.14707699999999999,7353.849999999999,7310.0,43.849999999999454,0.0,0.8120370370370269,0.0,9103.3275517464,0.0,0.0,0.0
2025-12-16 15:00:00,0.203297,10164.85,7310.0,2854.8500000000004,0.0,52.8675925925926,0.0,9156.195144338993,0.0,0.0,0.0
2025-12-16 16:00:00,0.264052,13202.6,7310.0,5892.6,0.0,109.12222222222223,0.0,9265.317366561216,0.0,0.0,0.0
2025-12-16 17:00:00,0.296999,14849.95,7310.0,7539.95,9.094947017729282e-13,139.6287037037037,0.0,9404.94607026492,0.0,0.0,0.0
2025-12-16 18:00:00,0.28062200000000004,14031.100000000002,7310.0,6721.100000000002,0.0,124.46481481481486,0.0,9529.410885079735,0.0,0.0,0.0
2025-12-16 19:00:00,0.26402499999999995,13201.249999999998,7310.0,5891.249999999998,0.0,109.09722222222219,0.0,9638.508107301957,0.0,0.0,0.0
2025-12-16 20:00:00,0.253719,12685.949999999999,7310.0,5375.949999999999,0.0,99.55462962962962,0.0,9738.062736931586,0.0,0.0,0.0
2025-12-16 21:00:00,0.20161400000000002,10080.7,7310.0,2770.7000000000007,0.0,51.30925925925927,0.0,9789.371996190845,0.0,0.0,0.0
2025-12-16 22:00:00,0.12456199999999999,6228.099999999999,6228.099999999999,0.0,0.0,0.0,68.33736005179469,9721.03463613905,1081.9000000000005,0.0,0.0
2025-12-16 23:00:00,0.07911,3955.5,3955.5,0.0,0.0,0.0,211.8843463293698,9509.150289809679,3354.5,0.0,0.0
2025-12-17 00:00:00,0.069742,3487.1,3487.1,0.0,0.0,0.0,241.4704628357573,9267.679826973921,3822.9,0.0,0.0
2025-12-17 01:00:00,0.057813,2890.65,2890.65,0.0,0.0,0.0,279.1447565809213,8988.535070393,4419.35,0.0,0.0
2025-12-17 02:00:00,0.043039,2151.95,2151.95,0.0,0.0,0.0,325.8041593633048,8662.730911029696,5158.05,0.0,0.0
2025-12-17 03:00:00,0.042697000000000006,2134.8500000000004,2134.8500000000004,0.0,0.0,0.0,326.88426737410583,8335.84664365559,5175.15,0.0,0.0
2025-12-17 04:00:00,0.038908,1945.3999999999999,1945.3999999999999,0.0,0.0,0.0,338.850727177981,7996.995916477609,5364.6,0.0,0.0
2025-12-17 05:00:00,0.062649,3132.45,3132.45,0.0,0.0,0.0,263.87165032292705,7733.124266154682,4177.55,0.0,0.0
2025-12-17 06:00:00,0.122871,6143.549999999999,6143.549999999999,0.0,0.0,0.0,73.67789410520005,7659.446372049482,1166.4500000000007,0.0,0.0
2025-12-17 07:00:00,0.190767,9538.35,7310.0,2228.3500000000004,0.0,41.265740740740746,0.0,7700.712112790223,0.0,0.0,0.0
2025-12-17 08:00:00,0.240725,12036.25,7310.0,4726.25,0.0,87.52314814814815,0.0,7788.235260938371,0.0,0.0,0.0
2025-12-17 09:00:00,0.293802,14690.1,7310.0,7380.100000000001,-9.094947017729282e-13,136.66851851851854,0.0,7924.903779456889,0.0,0.0,0.0
2025-12-17 10:00:00,0.328978,16448.899999999998,7310.0,9138.899999999998,0.0,169.23888888888885,0.0,8094.1426683457785,0.0,0.0,0.0
2025-12-17 11:00:00,0.391035,19551.75,7310.0,12241.75,0.0,226.69907407407408,0.0,8320.841742419852,0.0,0.0,0.0
2025-12-17 12:00:00,0.502357,25117.850000000002,7310.0,17807.850000000002,0.0,329.77500000000003,0.0,8650.616742419852,0.0,0.0,0.0
2025-12-17 13:00:00,0.588466,29423.300000000003,7310.0,22113.300000000003,0.0,409.5055555555556,0.0,9060.122297975407,0.0,0.0,0.0
2025-12-17 14:00:00,0.681755,34087.75,7310.0,25000.0,1777.75,462.962962962963,0.0,9523.085260938371,0.0,0.0,0.0
2025-12-17 15:00:00,0.710389,35519.450000000004,7310.0,25000.0,3209.4500000000044,462.962962962963,0.0,9986.048223901334,0.0,0.0,0.0
2025-12-17 16:00:00,0.740024,37001.200000000004,7310.0,753.3959093279373,28937.804090672067,13.951776098665505,0.0,10000.0,0.0,0.0,0.0
2025-12-17 17:00:00,0.792867,39643.35,7310.0,0.0,32333.35,0.0,0.0,10000.0,0.0,0.0,0.0
2025-12-17 18:00:00,0.841537,42076.85,7310.0,0.0,34766.85,0.0,0.0,10000.0,0.0,0.0,0.0
2025-12-17 19:00:00,0.8508819999999999,42544.1,7310.0,0.0,35234.1,0.0,0.0,10000.0,0.0,0.0,0.0
2025-12-17 20:00:00,0.857078,42853.9,7310.0,0.0,35543.9,0.0,0.0,10000.0,0.0,0.0,0.0
2025-12-17 21:00:00,0.8745259999999999,43726.299999999996,7310.0,0.0,36416.299999999996,0.0,0.0,10000.0,0.0,0.0,0.0
2025-12-17 22:00:00,0.88366,44183.0,7310.0,0.0,36873.0,0.0,0.0,10000.0,0.0,0.0,0.0
2025-12-17 23:00:00,0.8795449999999999,43977.24999999999,7310.0,0.0,36667.24999999999,0.0,0.0,10000.0,0.0,0.0,0.0
2025-12-18 00:00:00,0.8736240000000001,43681.200000000004,7310.0,0.0,36371.200000000004,0.0,0.0,10000.0,0.0,0.0,0.0
2025-12-18 01:00:00,0.854482,42724.1,7310.0,0.0,35414.1,0.0,0.0,10000.0,0.0,0.0,0.0
2025-12-18 02:00:00,0.813663,40683.15,7310.0,0.0,33373.15,0.0,0.0,10000.0,0.0,0.0,0.0
2025-12-18 03:00:00,0.728073,36403.65,7310.0,0.0,29093.65,0.0,0.0,10000.0,0.0,0.0,0.0
2025-12-18 04:00:00,0.682218,34110.9,7310.0,0.0,26800.9,0.0,0.0,10000.0,0.0,0.0,0.0
2025-12-18 05:00:00,0.612909,30645.45,7310.0,0.0,23335.45,0.0,0.0,10000.0,0.0,0.0,0.0
2025-12-18 06:00:00,0.579732,28986.600000000002,7310.0,0.0,21676.600000000002,0.0,0.0,10000.0,0.0,0.0,0.0
2025-12-18 07:00:00,0.631768,31588.4,7310.0,0.0,24278.4,0.0,0.0,10000.0,0.0,0.0,0.0
2025-12-18 08:00:00,0.567586,28379.300000000003,7310.0,0.0,21069.300000000003,0.0,0.0,10000.0,0.0,0.0,0.0
2025-12-18 09:00:00,0.585611,29280.55,7310.0,0.0,21970.55,0.0,0.0,10000.0,0.0,0.0,0.0
2025-12-18 10:00:00,0.6127859999999999,30639.299999999996,7310.0,0.0,23329.299999999996,0.0,0.0,10000.0,0.0,0.0,0.0
2025-12-18 11:00:00,0.724795,36239.75,7310.0,0.0,28929.75,0.0,0.0,10000.0,0.0,0.0,0.0
2025-12-18 12:00:00,0.8881870000000001,44409.350000000006,7310.0,0.0,37099.350000000006,0.0,0.0,10000.0,0.0,0.0,0.0
2025-12-18 13:00:00,0.94805,47402.5,7310.0,0.0,40092.5,0.0,0.0,10000.0,0.0,0.0,0.0
2025-12-18 14:00:00,0.972696,48634.8,7310.0,0.0,41324.8,0.0,0.0,10000.0,0.0,0.0,0.0
2025-12-18 15:00:00,0.97648,48824.0,7310.0,0.0,41514.0,0.0,0.0,10000.0,0.0,0.0,0.0
2025-12-18 16:00:00,0.966485,48324.25,7310.0,0.0,41014.25,0.0,0.0,10000.0,0.0,0.0,0.0
2025-12-18 17:00:00,0.937979,46898.95,7310.0,0.0,39588.95,0.0,0.0,10000.0,0.0,0.0,0.0
2025-12-18 18:00:00,0.8921720000000001,44608.600000000006,7310.0,0.0,37298.600000000006,0.0,0.0,10000.0,0.0,0.0,0.0
2025-12-18 19:00:00,0.8394020000000001,41970.100000000006,7310.0,0.0,34660.100000000006,0.0,0.0,10000.0,0.0,0.0,0.0
2025-12-18 20:00:00,0.798312,39915.6,7310.0,0.0,32605.6,0.0,0.0,10000.0,0.0,0.0,0.0
2025-12-18 21:00:00,0.7478469999999999,37392.35,7310.0,0.0,30082.35,0.0,0.0,10000.0,0.0,0.0,0.0
2025-12-18 22:00:00,0.695052,34752.6,7310.0,0.0,27442.6,0.0,0.0,10000.0,0.0,0.0,0.0
2025-12-18 23:00:00,0.6448400000000001,32242.000000000004,7310.0,0.0,24932.000000000004,0.0,0.0,10000.0,0.0,0.0,0.0
2025-12-19 00:00:00,0.555753,27787.65,7310.0,0.0,20477.65,0.0,0.0,10000.0,0.0,0.0,0.0
2025-12-19 01:00:00,0.448321,22416.050000000003,7310.0,0.0,15106.050000000003,0.0,0.0,10000.0,0.0,0.0,0.0
2025-12-19 02:00:00,0.34215300000000004,17107.65,7310.0,0.0,9797.650000000001,0.0,0.0,10000.0,0.0,0.0,0.0
2025-12-19 03:00:00,0.302462,15123.1,7310.0,0.0,7813.1,0.0,0.0,10000.0,0.0,0.0,0.0
2025-12-19 04:00:00,0.311563,15578.15,7310.0,0.0,8268.15,0.0,0.0,10000.0,0.0,0.0,0.0
2025-12-19 05:00:00,0.361605,18080.25,7310.0,0.0,10770.25,0.0,0.0,10000.0,0.0,0.0,0.0
2025-12-19 06:00:00,0.42819799999999997,21409.899999999998,7310.0,0.0,14099.899999999998,0.0,0.0,10000.0,0.0,0.0,0.0
2025-12-19 07:00:00,0.472989,23649.45,7310.0,0.0,16339.45,0.0,0.0,10000.0,0.0,0.0,0.0
2025-12-19 08:00:00,0.490847,24542.35,7310.0,0.0,17232.35,0.0,0.0,10000.0,0.0,0.0,0.0
2025-12-19 09:00:00,0.43495,21747.5,7310.0,0.0,14437.5,0.0,0.0,10000.0,0.0,0.0,0.0
2025-12-19 10:00:00,0.378335,18916.75,7310.0,0.0,11606.75,0.0,0.0,10000.0,0.0,0.0,0.0
2025-12-19 11:00:00,0.34322699999999995,17161.35,7310.0,0.0,9851.349999999999,0.0,0.0,10000.0,0.0,0.0,0.0
2025-12-19 12:00:00,0.42907999999999996,21453.999999999996,7310.0,0.0,14143.999999999996,0.0,0.0,10000.0,0.0,0.0,0.0
2025-12-19 13:00:00,0.46449900000000005,23224.95,7310.0,0.0,15914.95,0.0,0.0,10000.0,0.0,0.0,0.0
2025-12-19 14:00:00,0.45864299999999997,22932.149999999998,7310.0,0.0,15622.149999999998,0.0,0.0,10000.0,0.0,0.0,0.0
2025-12-19 15:00:00,0.46355399999999997,23177.699999999997,7310.0,0.0,15867.699999999997,0.0,0.0,10000.0,0.0,0.0,0.0
2025-12-19 16:00:00,0.468177,23408.850000000002,7310.0,0.0,16098.850000000002,0.0,0.0,10000.0,0.0,0.0,0.0
2025-12-19 17:00:00,0.44149700000000003,22074.850000000002,7310.0,0.0,14764.850000000002,0.0,0.0,10000.0,0.0,0.0,0.0
2025-12-19 18:00:00,0.392381,19619.05,7310.0,0.0,12309.05,0.0,0.0,10000.0,0.0,0.0,0.0
2025-12-19 19:00:00,0.337626,16881.3,7310.0,0.0,9571.3,0.0,0.0,10000.0,0.0,0.0,0.0
2025-12-19 20:00:00,0.28988200000000003,14494.100000000002,7310.0,0.0,7184.100000000002,0.0,0.0,10000.0,0.0,0.0,0.0
2025-12-19 21:00:00,0.250942,12547.1,7310.0,0.0,5237.1,0.0,0.0,10000.0,0.0,0.0,0.0
2025-12-19 22:00:00,0.215851,10792.55,7310.0,0.0,3482.5499999999993,0.0,0.0,10000.0,0.0,0.0,0.0
2025-12-19 23:00:00,0.18517,9258.5,7310.0,0.0,1948.5,0.0,0.0,10000.0,0.0,0.0,0.0
2025-12-20 00:00:00,0.160547,8027.349999999999,7310.0,0.0,717.3499999999995,0.0,0.0,10000.0,0.0,0.0,0.0
2025-12-20 01:00:00,0.136346,6817.3,6817.3,0.0,0.0,0.0,31.12100683752585,9968.878993162474,492.6999999999998,0.0,0.0
2025-12-20 02:00:00,0.12145600000000001,6072.8,6072.8,0.0,0.0,0.0,78.14676204462552,9890.732231117849,1237.1999999999998,0.0,0.0
2025-12-20 03:00:00,0.120901,6045.05,6045.05,0.0,0.0,0.0,79.89956890425884,9810.83266221359,1264.9499999999998,0.0,0.0
2025-12-20 04:00:00,0.138613,6930.65,6930.65,0.0,0.0,0.0,23.961343502771356,9786.871318710819,379.35000000000036,0.0,0.0
2025-12-20 05:00:00,0.1758,8790.0,7310.0,1480.0,0.0,27.40740740740741,0.0,9814.278726118226,0.0,0.0,0.0
2025-12-20 06:00:00,0.213984,10699.2,7310.0,3389.2000000000007,0.0,62.76296296296297,0.0,9877.041689081188,0.0,0.0,0.0
2025-12-20 07:00:00,0.248672,12433.6,7310.0,5123.6,0.0,94.88148148148149,0.0,9971.92317056267,0.0,0.0,0.0
2025-12-20 08:00:00,0.270141,13507.050000000001,7310.0,1516.1487896158287,4680.901210384172,28.07682943733016,0.0,10000.0,0.0,0.0,0.0
2025-12-20 09:00:00,0.245272,12263.6,7310.0,0.0,4953.6,0.0,0.0,10000.0,0.0,0.0,0.0
2025-12-20 10:00:00,0.21048,10524.0,7310.0,0.0,3214.0,0.0,0.0,10000.0,0.0,0.0,0.0
2025-12-20 11:00:00,0.24797,12398.5,7310.0,0.0,5088.5,0.0,0.0,10000.0,0.0,0.0,0.0
2025-12-20 12:00:00,0.32004000000000005,16002.000000000002,7310.0,0.0,8692.000000000002,0.0,0.0,10000.0,0.0,0.0,0.0
2025-12-20 13:00:00,0.370836,18541.8,7310.0,0.0,11231.8,0.0,0.0,10000.0,0.0,0.0,0.0
2025-12-20 14:00:00,0.413416,20670.8,7310.0,0.0,13360.8,0.0,0.0,10000.0,0.0,0.0,0.0
2025-12-20 15:00:00,0.449761,22488.050000000003,7310.0,0.0,15178.050000000003,0.0,0.0,10000.0,0.0,0.0,0.0
2025-12-20 16:00:00,0.46005399999999996,23002.699999999997,7310.0,0.0,15692.699999999997,0.0,0.0,10000.0,0.0,0.0,0.0
2025-12-20 17:00:00,0.456663,22833.149999999998,7310.0,0.0,15523.149999999998,0.0,0.0,10000.0,0.0,0.0,0.0
2025-12-20 18:00:00,0.462088,23104.4,7310.0,0.0,15794.400000000001,0.0,0.0,10000.0,0.0,0.0,0.0
2025-12-20 19:00:00,0.467543,23377.149999999998,7310.0,0.0,16067.149999999998,0.0,0.0,10000.0,0.0,0.0,0.0
2025-12-20 20:00:00,0.472356,23617.8,7310.0,0.0,16307.8,0.0,0.0,10000.0,0.0,0.0,0.0
2025-12-20 21:00:00,0.497966,24898.3,7310.0,0.0,17588.3,0.0,0.0,10000.0,0.0,0.0,0.0
2025-12-20 22:00:00,0.48421,24210.5,7310.0,0.0,16900.5,0.0,0.0,10000.0,0.0,0.0,0.0
2025-12-20 23:00:00,0.467702,23385.1,7310.0,0.0,16075.099999999999,0.0,0.0,10000.0,0.0,0.0,0.0
2025-12-21 00:00:00,0.433259,21662.95,7310.0,0.0,14352.95,0.0,0.0,10000.0,0.0,0.0,0.0
2025-12-21 01:00:00,0.412734,20636.7,7310.0,0.0,13326.7,0.0,0.0,10000.0,0.0,0.0,0.0
2025-12-21 02:00:00,0.365745,18287.25,7310.0,0.0,10977.25,0.0,0.0,10000.0,0.0,0.0,0.0
2025-12-21 03:00:00,0.332875,16643.75,7310.0,0.0,9333.75,0.0,0.0,10000.0,0.0,0.0,0.0
2025-12-21 04:00:00,0.300606,15030.3,7310.0,0.0,7720.299999999999,0.0,0.0,10000.0,0.0,0.0,0.0
2025-12-21 05:00:00,0.28525,14262.5,7310.0,0.0,6952.5,0.0,0.0,10000.0,0.0,0.0,0.0
2025-12-21 06:00:00,0.271992,13599.6,7310.0,0.0,6289.6,0.0,0.0,10000.0,0.0,0.0,0.0
2025-12-21 07:00:00,0.26423399999999997,13211.699999999999,7310.0,0.0,5901.699999999999,0.0,0.0,10000.0,0.0,0.0,0.0
2025-12-21 08:00:00,0.26322500000000004,13161.250000000002,7310.0,0.0,5851.250000000002,0.0,0.0,10000.0,0.0,0.0,0.0
2025-12-21 09:00:00,0.230377,11518.85,7310.0,0.0,4208.85,0.0,0.0,10000.0,0.0,0.0,0.0
2025-12-21 10:00:00,0.194751,9737.550000000001,7310.0,0.0,2427.550000000001,0.0,0.0,10000.0,0.0,0.0,0.0
2025-12-21 11:00:00,0.21983699999999998,10991.849999999999,7310.0,0.0,3681.8499999999985,0.0,0.0,10000.0,0.0,0.0,0.0
2025-12-21 12:00:00,0.28148,14074.0,7310.0,0.0,6764.0,0.0,0.0,10000.0,0.0,0.0,0.0
2025-12-21 13:00:00,0.32677300000000004,16338.650000000001,7310.0,0.0,9028.650000000001,0.0,0.0,10000.0,0.0,0.0,0.0
2025-12-21 14:00:00,0.361522,18076.100000000002,7310.0,0.0,10766.100000000002,0.0,0.0,10000.0,0.0,0.0,0.0
2025-12-21 15:00:00,0.42539499999999997,21269.75,7310.0,0.0,13959.75,0.0,0.0,10000.0,0.0,0.0,0.0
2025-12-21 16:00:00,0.48225599999999996,24112.8,7310.0,0.0,16802.8,0.0,0.0,10000.0,0.0,0.0,0.0
2025-12-21 17:00:00,0.547034,27351.7,7310.0,0.0,20041.7,0.0,0.0,10000.0,0.0,0.0,0.0
2025-12-21 18:00:00,0.585612,29280.600000000002,7310.0,0.0,21970.600000000002,0.0,0.0,10000.0,0.0,0.0,0.0
2025-12-21 19:00:00,0.5920080000000001,29600.400000000005,7310.0,0.0,22290.400000000005,0.0,0.0,10000.0,0.0,0.0,0.0
2025-12-21 20:00:00,0.5494,27470.0,7310.0,0.0,20160.0,0.0,0.0,10000.0,0.0,0.0,0.0
2025-12-21 21:00:00,0.558742,27937.1,7310.0,0.0,20627.1,0.0,0.0,10000.0,0.0,0.0,0.0
2025-12-21 22:00:00,0.556061,27803.050000000003,7310.0,0.0,20493.050000000003,0.0,0.0,10000.0,0.0,0.0,0.0
2025-12-21 23:00:00,0.542755,27137.75,7310.0,0.0,19827.75,0.0,0.0,10000.0,0.0,0.0,0.0
2025-12-22 00:00:00,0.533875,26693.75,7310.0,0.0,19383.75,0.0,0.0,10000.0,0.0,0.0,0.0
2025-12-22 01:00:00,0.509443,25472.149999999998,7310.0,0.0,18162.149999999998,0.0,0.0,10000.0,0.0,0.0,0.0
2025-12-22 02:00:00,0.45019400000000004,22509.7,7310.0,0.0,15199.7,0.0,0.0,10000.0,0.0,0.0,0.0
2025-12-22 03:00:00,0.40849599999999997,20424.8,7310.0,0.0,13114.8,0.0,0.0,10000.0,0.0,0.0,0.0
2025-12-22 04:00:00,0.381455,19072.75,7310.0,0.0,11762.75,0.0,0.0,10000.0,0.0,0.0,0.0
2025-12-22 05:00:00,0.350452,17522.6,7310.0,0.0,10212.599999999999,0.0,0.0,10000.0,0.0,0.0,0.0
2025-12-22 06:00:00,0.306952,15347.6,7310.0,0.0,8037.6,0.0,0.0,10000.0,0.0,0.0,0.0
2025-12-22 07:00:00,0.261385,13069.249999999998,7310.0,0.0,5759.249999999998,0.0,0.0,10000.0,0.0,0.0,0.0
2025-12-22 08:00:00,0.21799700000000002,10899.85,7310.0,0.0,3589.8500000000004,0.0,0.0,10000.0,0.0,0.0,0.0
2025-12-22 09:00:00,0.15268199999999998,7634.099999999999,7310.0,0.0,324.09999999999945,0.0,0.0,10000.0,0.0,0.0,0.0
2025-12-22 10:00:00,0.08756900000000001,4378.450000000001,4378.450000000001,0.0,0.0,0.0,185.16904322011146,9814.830956779888,2931.5499999999993,0.0,0.0
2025-12-22 11:00:00,0.062197,3109.85,3109.85,0.0,0.0,0.0,265.2991614950969,9549.53179528479,4200.15,0.0,0.0
2025-12-22 12:00:00,0.056228,2811.4,2811.4,0.0,0.0,0.0,284.15052031518945,9265.3812749696,4498.6,0.0,0.0
2025-12-22 13:00:00,0.05894,2947.0,2947.0,0.0,0.0,0.0,275.58545328217036,8989.79582168743,4363.0,0.0,0.0
2025-12-22 14:00:00,0.083732,4186.6,4186.6,0.0,0.0,0.0,197.28709713076572,8792.508724556665,3123.3999999999996,0.0,0.0
2025-12-22 15:00:00,0.134667,6733.35,6733.35,0.0,0.0,0.0,36.42364236423641,8756.085082192429,576.6499999999996,0.0,0.0
2025-12-22 16:00:00,0.174498,8724.9,7310.0,1414.8999999999996,0.0,26.201851851851846,0.0,8782.286934044281,0.0,0.0,0.0
2025-12-22 17:00:00,0.192678,9633.9,7310.0,2323.8999999999996,0.0,43.03518518518518,0.0,8825.322119229466,0.0,0.0,0.0
2025-12-22 18:00:00,0.20784899999999998,10392.449999999999,7310.0,3082.449999999999,0.0,57.08240740740739,0.0,8882.404526636874,0.0,0.0,0.0
2025-12-22 19:00:00,0.21824700000000002,10912.35,7310.0,3602.3500000000004,0.0,66.7101851851852,0.0,8949.11471182206,0.0,0.0,0.0
2025-12-22 20:00:00,0.21121199999999998,10560.599999999999,7310.0,3250.5999999999985,0.0,60.19629629629627,0.0,9009.311008118357,0.0,0.0,0.0
2025-12-22 21:00:00,0.20112,10056.0,7310.0,2746.0,0.0,50.851851851851855,0.0,9060.162859970209,0.0,0.0,0.0
2025-12-22 22:00:00,0.204148,10207.4,7310.0,2897.3999999999996,0.0,53.65555555555555,0.0,9113.818415525764,0.0,0.0,0.0
2025-12-22 23:00:00,0.220561,11028.050000000001,7310.0,3718.0500000000015,-4.547473508864641e-13,68.8527777777778,0.0,9182.671193303542,0.0,0.0,0.0
2025-12-23 00:00:00,0.245595,12279.75,7310.0,4969.75,0.0,92.0324074074074,0.0,9274.70360071095,0.0,0.0,0.0
2025-12-23 01:00:00,0.269657,13482.849999999999,7310.0,6172.8499999999985,0.0,114.31203703703702,0.0,9389.015637747985,0.0,0.0,0.0
2025-12-23 02:00:00,0.294127,14706.350000000002,7310.0,7396.350000000002,0.0,136.9694444444445,0.0,9525.98508219243,0.0,0.0,0.0
2025-12-23 03:00:00,0.28393999999999997,14196.999999999998,7310.0,6886.999999999998,0.0,127.53703703703701,0.0,9653.522119229467,0.0,0.0,0.0
2025-12-23 04:00:00,0.264259,13212.95,7310.0,5902.950000000001,0.0,109.3138888888889,0.0,9762.836008118356,0.0,0.0,0.0
2025-12-23 05:00:00,0.282665,14133.25,7310.0,6823.25,0.0,126.35648148148148,0.0,9889.192489599838,0.0,0.0,0.0
2025-12-23 06:00:00,0.274406,13720.3,7310.0,5983.60556160874,426.6944383912596,110.80751040016185,0.0,10000.0,0.0,0.0,0.0
2025-12-23 07:00:00,0.29812299999999997,14906.149999999998,7310.0,0.0,7596.149999999998,0.0,0.0,10000.0,0.0,0.0,0.0
2025-12-23 08:00:00,0.314471,15723.55,7310.0,0.0,8413.55,0.0,0.0,10000.0,0.0,0.0,0.0
2025-12-23 09:00:00,0.35501699999999997,17750.85,7310.0,0.0,10440.849999999999,0.0,0.0,10000.0,0.0,0.0,0.0
2025-12-23 10:00:00,0.419571,20978.550000000003,7310.0,0.0,13668.550000000003,0.0,0.0,10000.0,0.0,0.0,0.0
2025-12-23 11:00:00,0.447455,22372.75,7310.0,0.0,15062.75,0.0,0.0,10000.0,0.0,0.0,0.0
2025-12-23 12:00:00,0.47133800000000003,23566.9,7310.0,0.0,16256.900000000001,0.0,0.0,10000.0,0.0,0.0,0.0
2025-12-23 13:00:00,0.47932400000000003,23966.2,7310.0,0.0,16656.2,0.0,0.0,10000.0,0.0,0.0,0.0
2025-12-23 14:00:00,0.498624,24931.2,7310.0,0.0,17621.2,0.0,0.0,10000.0,0.0,0.0,0.0
2025-12-23 15:00:00,0.557396,27869.8,7310.0,0.0,20559.8,0.0,0.0,10000.0,0.0,0.0,0.0
2025-12-23 16:00:00,0.574076,28703.800000000003,7310.0,0.0,21393.800000000003,0.0,0.0,10000.0,0.0,0.0,0.0
2025-12-23 17:00:00,0.581864,29093.2,7310.0,0.0,21783.2,0.0,0.0,10000.0,0.0,0.0,0.0
2025-12-23 18:00:00,0.5878680000000001,29393.4,7310.0,0.0,22083.4,0.0,0.0,10000.0,0.0,0.0,0.0
2025-12-23 19:00:00,0.58036,29018.0,7310.0,0.0,21708.0,0.0,0.0,10000.0,0.0,0.0,0.0
2025-12-23 20:00:00,0.582989,29149.45,7310.0,0.0,21839.45,0.0,0.0,10000.0,0.0,0.0,0.0
2025-12-23 21:00:00,0.586117,29305.85,7310.0,0.0,21995.85,0.0,0.0,10000.0,0.0,0.0,0.0
2025-12-23 22:00:00,0.580341,29017.05,7310.0,0.0,21707.05,0.0,0.0,10000.0,0.0,0.0,0.0
2025-12-23 23:00:00,0.58954,29476.999999999996,7310.0,0.0,22166.999999999996,0.0,0.0,10000.0,0.0,0.0,0.0
2025-12-24 00:00:00,0.582995,29149.750000000004,7310.0,0.0,21839.750000000004,0.0,0.0,10000.0,0.0,0.0,0.0
2025-12-24 01:00:00,0.587672,29383.6,7310.0,0.0,22073.6,0.0,0.0,10000.0,0.0,0.0,0.0
2025-12-24 02:00:00,0.610234,30511.700000000004,7310.0,0.0,23201.700000000004,0.0,0.0,10000.0,0.0,0.0,0.0
2025-12-24 03:00:00,0.610236,30511.8,7310.0,0.0,23201.8,0.0,0.0,10000.0,0.0,0.0,0.0
2025-12-24 04:00:00,0.6158250000000001,30791.250000000004,7310.0,0.0,23481.250000000004,0.0,0.0,10000.0,0.0,0.0,0.0
2025-12-24 05:00:00,0.6478630000000001,32393.150000000005,7310.0,0.0,25083.150000000005,0.0,0.0,10000.0,0.0,0.0,0.0
2025-12-24 06:00:00,0.709268,35463.4,7310.0,0.0,28153.4,0.0,0.0,10000.0,0.0,0.0,0.0
2025-12-24 07:00:00,0.707996,35399.799999999996,7310.0,0.0,28089.799999999996,0.0,0.0,10000.0,0.0,0.0,0.0
2025-12-24 08:00:00,0.700321,35016.049999999996,7310.0,0.0,27706.049999999996,0.0,0.0,10000.0,0.0,0.0,0.0
2025-12-24 09:00:00,0.674064,33703.2,7310.0,0.0,26393.199999999997,0.0,0.0,10000.0,0.0,0.0,0.0
2025-12-24 10:00:00,0.6768160000000001,33840.8,7310.0,0.0,26530.800000000003,0.0,0.0,10000.0,0.0,0.0,0.0
2025-12-24 11:00:00,0.751205,37560.25,7310.0,0.0,30250.25,0.0,0.0,10000.0,0.0,0.0,0.0
2025-12-24 12:00:00,0.777168,38858.4,7310.0,0.0,31548.4,0.0,0.0,10000.0,0.0,0.0,0.0
2025-12-24 13:00:00,0.751048,37552.4,7310.0,0.0,30242.4,0.0,0.0,10000.0,0.0,0.0,0.0
2025-12-24 14:00:00,0.711533,35576.65,7310.0,0.0,28266.65,0.0,0.0,10000.0,0.0,0.0,0.0
2025-12-24 15:00:00,0.701483,35074.15,7310.0,0.0,27764.15,0.0,0.0,10000.0,0.0,0.0,0.0
2025-12-24 16:00:00,0.719992,35999.6,7310.0,0.0,28689.6,0.0,0.0,10000.0,0.0,0.0,0.0
2025-12-24 17:00:00,0.752407,37620.350000000006,7310.0,0.0,30310.350000000006,0.0,0.0,10000.0,0.0,0.0,0.0
2025-12-24 18:00:00,0.790652,39532.6,7310.0,0.0,32222.6,0.0,0.0,10000.0,0.0,0.0,0.0
2025-12-24 19:00:00,0.816774,40838.7,7310.0,0.0,33528.7,0.0,0.0,10000.0,0.0,0.0,0.0
2025-12-24 20:00:00,0.818788,40939.4,7310.0,0.0,33629.4,0.0,0.0,10000.0,0.0,0.0,0.0
2025-12-24 21:00:00,0.809885,40494.25,7310.0,0.0,33184.25,0.0,0.0,10000.0,0.0,0.0,0.0
2025-12-24 22:00:00,0.799568,39978.399999999994,7310.0,0.0,32668.399999999994,0.0,0.0,10000.0,0.0,0.0,0.0
2025-12-24 23:00:00,0.7962400000000001,39812.0,7310.0,0.0,32502.0,0.0,0.0,10000.0,0.0,0.0,0.0
2025-12-25 00:00:00,0.79688,39844.0,7310.0,0.0,32534.0,0.0,0.0,10000.0,0.0,0.0,0.0
2025-12-25 01:00:00,0.7910349999999999,39551.75,7310.0,0.0,32241.75,0.0,0.0,10000.0,0.0,0.0,0.0
2025-12-25 02:00:00,0.8023680000000001,40118.4,7310.0,0.0,32808.4,0.0,0.0,10000.0,0.0,0.0,0.0
2025-12-25 03:00:00,0.816692,40834.6,7310.0,0.0,33524.6,0.0,0.0,10000.0,0.0,0.0,0.0
2025-12-25 04:00:00,0.825746,41287.299999999996,7310.0,0.0,33977.299999999996,0.0,0.0,10000.0,0.0,0.0,0.0
2025-12-25 05:00:00,0.828917,41445.85,7310.0,0.0,34135.85,0.0,0.0,10000.0,0.0,0.0,0.0
2025-12-25 06:00:00,0.8333659999999999,41668.299999999996,7310.0,0.0,34358.299999999996,0.0,0.0,10000.0,0.0,0.0,0.0
2025-12-25 07:00:00,0.828933,41446.65,7310.0,0.0,34136.65,0.0,0.0,10000.0,0.0,0.0,0.0
2025-12-25 08:00:00,0.8117329999999999,40586.649999999994,7310.0,0.0,33276.649999999994,0.0,0.0,10000.0,0.0,0.0,0.0
2025-12-25 09:00:00,0.7686219999999999,38431.1,7310.0,0.0,31121.1,0.0,0.0,10000.0,0.0,0.0,0.0
2025-12-25 10:00:00,0.744355,37217.75,7310.0,0.0,29907.75,0.0,0.0,10000.0,0.0,0.0,0.0
2025-12-25 11:00:00,0.809323,40466.15,7310.0,0.0,33156.15,0.0,0.0,10000.0,0.0,0.0,0.0
2025-12-25 12:00:00,0.8401810000000001,42009.05,7310.0,0.0,34699.05,0.0,0.0,10000.0,0.0,0.0,0.0
2025-12-25 13:00:00,0.8191,40955.0,7310.0,0.0,33645.0,0.0,0.0,10000.0,0.0,0.0,0.0
2025-12-25 14:00:00,0.795175,39758.75,7310.0,0.0,32448.75,0.0,0.0,10000.0,0.0,0.0,0.0
2025-12-25 15:00:00,0.7765449999999999,38827.25,7310.0,0.0,31517.25,0.0,0.0,10000.0,0.0,0.0,0.0
2025-12-25 16:00:00,0.743539,37176.95,7310.0,0.0,29866.949999999997,0.0,0.0,10000.0,0.0,0.0,0.0
2025-12-25 17:00:00,0.656481,32824.049999999996,7310.0,0.0,25514.049999999996,0.0,0.0,10000.0,0.0,0.0,0.0
2025-12-25 18:00:00,0.577717,28885.850000000002,7310.0,0.0,21575.850000000002,0.0,0.0,10000.0,0.0,0.0,0.0
2025-12-25 19:00:00,0.507048,25352.4,7310.0,0.0,18042.4,0.0,0.0,10000.0,0.0,0.0,0.0
2025-12-25 20:00:00,0.47313099999999997,23656.55,7310.0,0.0,16346.55,0.0,0.0,10000.0,0.0,0.0,0.0
2025-12-25 21:00:00,0.447023,22351.15,7310.0,0.0,15041.150000000001,0.0,0.0,10000.0,0.0,0.0,0.0
2025-12-25 22:00:00,0.43190300000000004,21595.15,7310.0,0.0,14285.150000000001,0.0,0.0,10000.0,0.0,0.0,0.0
2025-12-25 23:00:00,0.415951,20797.55,7310.0,0.0,13487.55,0.0,0.0,10000.0,0.0,0.0,0.0
2025-12-26 00:00:00,0.404026,20201.3,7310.0,0.0,12891.3,0.0,0.0,10000.0,0.0,0.0,0.0
2025-12-26 01:00:00,0.396336,19816.8,7310.0,0.0,12506.8,0.0,0.0,10000.0,0.0,0.0,0.0
2025-12-26 02:00:00,0.38563200000000003,19281.600000000002,7310.0,0.0,11971.600000000002,0.0,0.0,10000.0,0.0,0.0,0.0
2025-12-26 03:00:00,0.355238,17761.9,7310.0,0.0,10451.900000000001,0.0,0.0,10000.0,0.0,0.0,0.0
2025-12-26 04:00:00,0.347642,17382.1,7310.0,0.0,10072.099999999999,0.0,0.0,10000.0,0.0,0.0,0.0
2025-12-26 05:00:00,0.361608,18080.399999999998,7310.0,0.0,10770.399999999998,0.0,0.0,10000.0,0.0,0.0,0.0
2025-12-26 06:00:00,0.37625400000000003,18812.7,7310.0,0.0,11502.7,0.0,0.0,10000.0,0.0,0.0,0.0
2025-12-26 07:00:00,0.40086,20043.0,7310.0,0.0,12733.0,0.0,0.0,10000.0,0.0,0.0,0.0
2025-12-26 08:00:00,0.41895800000000005,20947.9,7310.0,0.0,13637.900000000001,0.0,0.0,10000.0,0.0,0.0,0.0
2025-12-26 09:00:00,0.438161,21908.050000000003,7310.0,0.0,14598.050000000003,0.0,0.0,10000.0,0.0,0.0,0.0
2025-12-26 10:00:00,0.36424599999999996,18212.3,7310.0,0.0,10902.3,0.0,0.0,10000.0,0.0,0.0,0.0
2025-12-26 11:00:00,0.456654,22832.7,7310.0,0.0,15522.7,0.0,0.0,10000.0,0.0,0.0,0.0
2025-12-26 12:00:00,0.53027,26513.5,7310.0,0.0,19203.5,0.0,0.0,10000.0,0.0,0.0,0.0
2025-12-26 13:00:00,0.513442,25672.1,7310.0,0.0,18362.1,0.0,0.0,10000.0,0.0,0.0,0.0
2025-12-26 14:00:00,0.488341,24417.050000000003,7310.0,0.0,17107.050000000003,0.0,0.0,10000.0,0.0,0.0,0.0
2025-12-26 15:00:00,0.49188,24594.0,7310.0,0.0,17284.0,0.0,0.0,10000.0,0.0,0.0,0.0
2025-12-26 16:00:00,0.50807,25403.5,7310.0,0.0,18093.5,0.0,0.0,10000.0,0.0,0.0,0.0
2025-12-26 17:00:00,0.498981,24949.05,7310.0,0.0,17639.05,0.0,0.0,10000.0,0.0,0.0,0.0
2025-12-26 18:00:00,0.466286,23314.3,7310.0,0.0,16004.3,0.0,0.0,10000.0,0.0,0.0,0.0
2025-12-26 19:00:00,0.39647899999999997,19823.949999999997,7310.0,0.0,12513.949999999997,0.0,0.0,10000.0,0.0,0.0,0.0
2025-12-26 20:00:00,0.370681,18534.05,7310.0,0.0,11224.05,0.0,0.0,10000.0,0.0,0.0,0.0
2025-12-26 21:00:00,0.34062,17031.0,7310.0,0.0,9721.0,0.0,0.0,10000.0,0.0,0.0,0.0
2025-12-26 22:00:00,0.342755,17137.75,7310.0,0.0,9827.75,0.0,0.0,10000.0,0.0,0.0,0.0
2025-12-26 23:00:00,0.341265,17063.25,7310.0,0.0,9753.25,0.0,0.0,10000.0,0.0,0.0,0.0
2025-12-27 00:00:00,0.355045,17752.25,7310.0,0.0,10442.25,0.0,0.0,10000.0,0.0,0.0,0.0
2025-12-27 01:00:00,0.36161,18080.5,7310.0,0.0,10770.5,0.0,0.0,10000.0,0.0,0.0,0.0
2025-12-27 02:00:00,0.375461,18773.05,7310.0,0.0,11463.05,0.0,0.0,10000.0,0.0,0.0,0.0
2025-12-27 03:00:00,0.39104099999999997,19552.05,7310.0,0.0,12242.05,0.0,0.0,10000.0,0.0,0.0,0.0
2025-12-27 04:00:00,0.407284,20364.2,7310.0,0.0,13054.2,0.0,0.0,10000.0,0.0,0.0,0.0
2025-12-27 05:00:00,0.430741,21537.05,7310.0,0.0,14227.05,0.0,0.0,10000.0,0.0,0.0,0.0
2025-12-27 06:00:00,0.467864,23393.2,7310.0,0.0,16083.2,0.0,0.0,10000.0,0.0,0.0,0.0
2025-12-27 07:00:00,0.506794,25339.699999999997,7310.0,0.0,18029.699999999997,0.0,0.0,10000.0,0.0,0.0,0.0
2025-12-27 08:00:00,0.522609,26130.45,7310.0,0.0,18820.45,0.0,0.0,10000.0,0.0,0.0,0.0
2025-12-27 09:00:00,0.5253490000000001,26267.450000000004,7310.0,0.0,18957.450000000004,0.0,0.0,10000.0,0.0,0.0,0.0
2025-12-27 10:00:00,0.48833699999999997,24416.85,7310.0,0.0,17106.85,0.0,0.0,10000.0,0.0,0.0,0.0
2025-12-27 11:00:00,0.512164,25608.199999999997,7310.0,0.0,18298.199999999997,0.0,0.0,10000.0,0.0,0.0,0.0
2025-12-27 12:00:00,0.6503410000000001,32517.050000000003,7310.0,0.0,25207.050000000003,0.0,0.0,10000.0,0.0,0.0,0.0
2025-12-27 13:00:00,0.692465,34623.25,7310.0,0.0,27313.25,0.0,0.0,10000.0,0.0,0.0,0.0
2025-12-27 14:00:00,0.690233,34511.65,7310.0,0.0,27201.65,0.0,0.0,10000.0,0.0,0.0,0.0
2025-12-27 15:00:00,0.707736,35386.8,7310.0,0.0,28076.800000000003,0.0,0.0,10000.0,0.0,0.0,0.0
2025-12-27 16:00:00,0.697958,34897.9,7310.0,0.0,27587.9,0.0,0.0,10000.0,0.0,0.0,0.0
2025-12-27 17:00:00,0.67171,33585.5,7310.0,0.0,26275.5,0.0,0.0,10000.0,0.0,0.0,0.0
2025-12-27 18:00:00,0.6229260000000001,31146.300000000003,7310.0,0.0,23836.300000000003,0.0,0.0,10000.0,0.0,0.0,0.0
2025-12-27 19:00:00,0.535815,26790.750000000004,7310.0,0.0,19480.750000000004,0.0,0.0,10000.0,0.0,0.0,0.0
2025-12-27 20:00:00,0.5255650000000001,26278.250000000004,7310.0,0.0,18968.250000000004,0.0,0.0,10000.0,0.0,0.0,0.0
2025-12-27 21:00:00,0.5185270000000001,25926.350000000002,7310.0,0.0,18616.350000000002,0.0,0.0,10000.0,0.0,0.0,0.0
2025-12-27 22:00:00,0.439136,21956.800000000003,7310.0,0.0,14646.800000000003,0.0,0.0,10000.0,0.0,0.0,0.0
2025-12-27 23:00:00,0.416062,20803.1,7310.0,0.0,13493.099999999999,0.0,0.0,10000.0,0.0,0.0,0.0
2025-12-28 00:00:00,0.40049900000000005,20024.95,7310.0,0.0,12714.95,0.0,0.0,10000.0,0.0,0.0,0.0
2025-12-28 01:00:00,0.423305,21165.25,7310.0,0.0,13855.25,0.0,0.0,10000.0,0.0,0.0,0.0
2025-12-28 02:00:00,0.388315,19415.75,7310.0,0.0,12105.75,0.0,0.0,10000.0,0.0,0.0,0.0
2025-12-28 03:00:00,0.397804,19890.2,7310.0,0.0,12580.2,0.0,0.0,10000.0,0.0,0.0,0.0
2025-12-28 04:00:00,0.397805,19890.25,7310.0,0.0,12580.25,0.0,0.0,10000.0,0.0,0.0,0.0
2025-12-28 05:00:00,0.38853899999999997,19426.949999999997,7310.0,0.0,12116.949999999997,0.0,0.0,10000.0,0.0,0.0,0.0
2025-12-28 06:00:00,0.37737,18868.5,7310.0,0.0,11558.5,0.0,0.0,10000.0,0.0,0.0,0.0
2025-12-28 07:00:00,0.368741,18437.05,7310.0,0.0,11127.05,0.0,0.0,10000.0,0.0,0.0,0.0
2025-12-28 08:00:00,0.361637,18081.85,7310.0,0.0,10771.849999999999,0.0,0.0,10000.0,0.0,0.0,0.0
2025-12-28 09:00:00,0.315453,15772.65,7310.0,0.0,8462.65,0.0,0.0,10000.0,0.0,0.0,0.0
2025-12-28 10:00:00,0.295739,14786.949999999999,7310.0,0.0,7476.949999999999,0.0,0.0,10000.0,0.0,0.0,0.0
2025-12-28 11:00:00,0.365416,18270.8,7310.0,0.0,10960.8,0.0,0.0,10000.0,0.0,0.0,0.0
2025-12-28 12:00:00,0.377824,18891.2,7310.0,0.0,11581.2,0.0,0.0,10000.0,0.0,0.0,0.0
2025-12-28 13:00:00,0.370238,18511.9,7310.0,0.0,11201.900000000001,0.0,0.0,10000.0,0.0,0.0,0.0
2025-12-28 14:00:00,0.348968,17448.4,7310.0,0.0,10138.400000000001,0.0,0.0,10000.0,0.0,0.0,0.0
2025-12-28 15:00:00,0.36693400000000004,18346.7,7310.0,0.0,11036.7,0.0,0.0,10000.0,0.0,0.0,0.0
2025-12-28 16:00:00,0.39505900000000005,19752.95,7310.0,0.0,12442.95,0.0,0.0,10000.0,0.0,0.0,0.0
2025-12-28 17:00:00,0.402051,20102.55,7310.0,0.0,12792.55,0.0,0.0,10000.0,0.0,0.0,0.0
2025-12-28 18:00:00,0.413196,20659.8,7310.0,0.0,13349.8,0.0,0.0,10000.0,0.0,0.0,0.0
2025-12-28 19:00:00,0.43519,21759.5,7310.0,0.0,14449.5,0.0,0.0,10000.0,0.0,0.0,0.0
2025-12-28 20:00:00,0.43606599999999995,21803.3,7310.0,0.0,14493.3,0.0,0.0,10000.0,0.0,0.0,0.0
2025-12-28 21:00:00,0.407311,20365.55,7310.0,0.0,13055.55,0.0,0.0,10000.0,0.0,0.0,0.0
2025-12-28 22:00:00,0.365539,18276.95,7310.0,0.0,10966.95,0.0,0.0,10000.0,0.0,0.0,0.0
2025-12-28 23:00:00,0.329023,16451.15,7310.0,0.0,9141.150000000001,0.0,0.0,10000.0,0.0,0.0,0.0
2025-12-29 00:00:00,0.31717,15858.5,7310.0,0.0,8548.5,0.0,0.0,10000.0,0.0,0.0,0.0
2025-12-29 01:00:00,0.30645100000000003,15322.550000000001,7310.0,0.0,8012.550000000001,0.0,0.0,10000.0,0.0,0.0,0.0
2025-12-29 02:00:00,0.308375,15418.75,7310.0,0.0,8108.75,0.0,0.0,10000.0,0.0,0.0,0.0
2025-12-29 03:00:00,0.31568,15784.0,7310.0,0.0,8474.0,0.0,0.0,10000.0,0.0,0.0,0.0
2025-12-29 04:00:00,0.31721699999999997,15860.849999999999,7310.0,0.0,8550.849999999999,0.0,0.0,10000.0,0.0,0.0,0.0
2025-12-29 05:00:00,0.35502300000000003,17751.15,7310.0,0.0,10441.150000000001,0.0,0.0,10000.0,0.0,0.0,0.0
2025-12-29 06:00:00,0.381341,19067.05,7310.0,0.0,11757.05,0.0,0.0,10000.0,0.0,0.0,0.0
2025-12-29 07:00:00,0.373962,18698.100000000002,7310.0,0.0,11388.100000000002,0.0,0.0,10000.0,0.0,0.0,0.0
2025-12-29 08:00:00,0.35023899999999997,17511.949999999997,7310.0,0.0,10201.949999999997,0.0,0.0,10000.0,0.0,0.0,0.0
2025-12-29 09:00:00,0.273121,13656.05,7310.0,0.0,6346.049999999999,0.0,0.0,10000.0,0.0,0.0,0.0
2025-12-29 10:00:00,0.222155,11107.75,7310.0,0.0,3797.75,0.0,0.0,10000.0,0.0,0.0,0.0
2025-12-29 11:00:00,0.25908800000000004,12954.400000000001,7310.0,0.0,5644.4000000000015,0.0,0.0,10000.0,0.0,0.0,0.0
2025-12-29 12:00:00,0.24524,12262.0,7310.0,0.0,4952.0,0.0,0.0,10000.0,0.0,0.0,0.0
2025-12-29 13:00:00,0.2379,11895.0,7310.0,0.0,4585.0,0.0,0.0,10000.0,0.0,0.0,0.0
2025-12-29 14:00:00,0.231354,11567.7,7310.0,0.0,4257.700000000001,0.0,0.0,10000.0,0.0,0.0,0.0
2025-12-29 15:00:00,0.27442099999999997,13721.05,7310.0,0.0,6411.049999999999,0.0,0.0,10000.0,0.0,0.0,0.0
2025-12-29 16:00:00,0.322638,16131.9,7310.0,0.0,8821.9,0.0,0.0,10000.0,0.0,0.0,0.0
2025-12-29 17:00:00,0.338517,16925.850000000002,7310.0,0.0,9615.850000000002,0.0,0.0,10000.0,0.0,0.0,0.0
2025-12-29 18:00:00,0.334183,16709.15,7310.0,0.0,9399.150000000001,0.0,0.0,10000.0,0.0,0.0,0.0
2025-12-29 19:00:00,0.350587,17529.35,7310.0,0.0,10219.349999999999,0.0,0.0,10000.0,0.0,0.0,0.0
2025-12-29 20:00:00,0.344943,17247.15,7310.0,0.0,9937.150000000001,0.0,0.0,10000.0,0.0,0.0,0.0
2025-12-29 21:00:00,0.378724,18936.2,7310.0,0.0,11626.2,0.0,0.0,10000.0,0.0,0.0,0.0
2025-12-29 22:00:00,0.403445,20172.25,7310.0,0.0,12862.25,0.0,0.0,10000.0,0.0,0.0,0.0
2025-12-29 23:00:00,0.393728,19686.4,7310.0,0.0,12376.400000000001,0.0,0.0,10000.0,0.0,0.0,0.0
2025-12-30 00:00:00,0.379673,18983.649999999998,7310.0,0.0,11673.649999999998,0.0,0.0,10000.0,0.0,0.0,0.0
2025-12-30 01:00:00,0.393824,19691.2,7310.0,0.0,12381.2,0.0,0.0,10000.0,0.0,0.0,0.0
2025-12-30 02:00:00,0.409914,20495.7,7310.0,0.0,13185.7,0.0,0.0,10000.0,0.0,0.0,0.0
2025-12-30 03:00:00,0.429491,21474.55,7310.0,0.0,14164.55,0.0,0.0,10000.0,0.0,0.0,0.0
2025-12-30 04:00:00,0.43915699999999996,21957.85,7310.0,0.0,14647.849999999999,0.0,0.0,10000.0,0.0,0.0,0.0
2025-12-30 05:00:00,0.43200299999999997,21600.149999999998,7310.0,0.0,14290.149999999998,0.0,0.0,10000.0,0.0,0.0,0.0
2025-12-30 06:00:00,0.436886,21844.3,7310.0,0.0,14534.3,0.0,0.0,10000.0,0.0,0.0,0.0
2025-12-30 07:00:00,0.43697699999999995,21848.85,7310.0,0.0,14538.849999999999,0.0,0.0,10000.0,0.0,0.0,0.0
2025-12-30 08:00:00,0.419551,20977.55,7310.0,0.0,13667.55,0.0,0.0,10000.0,0.0,0.0,0.0
2025-12-30 09:00:00,0.33002800000000004,16501.4,7310.0,0.0,9191.400000000001,0.0,0.0,10000.0,0.0,0.0,0.0
2025-12-30 10:00:00,0.225227,11261.35,7310.0,0.0,3951.3500000000004,0.0,0.0,10000.0,0.0,0.0,0.0
2025-12-30 11:00:00,0.206824,10341.2,7310.0,0.0,3031.2000000000007,0.0,0.0,10000.0,0.0,0.0,0.0
2025-12-30 12:00:00,0.263015,13150.75,7310.0,0.0,5840.75,0.0,0.0,10000.0,0.0,0.0,0.0
2025-12-30 13:00:00,0.25346,12673.000000000002,7310.0,0.0,5363.000000000002,0.0,0.0,10000.0,0.0,0.0,0.0
2025-12-30 14:00:00,0.244811,12240.55,7310.0,0.0,4930.549999999999,0.0,0.0,10000.0,0.0,0.0,0.0
2025-12-30 15:00:00,0.28893,14446.500000000002,7310.0,0.0,7136.500000000002,0.0,0.0,10000.0,0.0,0.0,0.0
2025-12-30 16:00:00,0.337894,16894.7,7310.0,0.0,9584.7,0.0,0.0,10000.0,0.0,0.0,0.0
2025-12-30 17:00:00,0.355982,17799.100000000002,7310.0,0.0,10489.100000000002,0.0,0.0,10000.0,0.0,0.0,0.0
2025-12-30 18:00:00,0.361624,18081.2,7310.0,0.0,10771.2,0.0,0.0,10000.0,0.0,0.0,0.0
2025-12-30 19:00:00,0.360487,18024.35,7310.0,0.0,10714.349999999999,0.0,0.0,10000.0,0.0,0.0,0.0
2025-12-30 20:00:00,0.32258800000000004,16129.400000000001,7310.0,0.0,8819.400000000001,0.0,0.0,10000.0,0.0,0.0,0.0
2025-12-30 21:00:00,0.27799,13899.5,7310.0,0.0,6589.5,0.0,0.0,10000.0,0.0,0.0,0.0
2025-12-30 22:00:00,0.218565,10928.25,7310.0,0.0,3618.25,0.0,0.0,10000.0,0.0,0.0,0.0
2025-12-30 23:00:00,0.171445,8572.25,7310.0,0.0,1262.25,0.0,0.0,10000.0,0.0,0.0,0.0
2025-12-31 00:00:00,0.140663,7033.150000000001,7033.150000000001,0.0,0.0,0.0,17.487011859080614,9982.51298814092,276.84999999999945,0.0,0.0
2025-12-31 01:00:00,0.116569,5828.450000000001,5828.450000000001,0.0,0.0,0.0,93.58093704107249,9888.932051099848,1481.5499999999993,0.0,0.0
2025-12-31 02:00:00,0.103958,5197.9,5197.9,0.0,0.0,0.0,133.40913038672292,9755.522920713125,2112.1000000000004,0.0,0.0
2025-12-31 03:00:00,0.10179,5089.5,5089.5,0.0,0.0,0.0,140.25613087624555,9615.26678983688,2220.5,0.0,0.0
2025-12-31 04:00:00,0.107349,5367.45,5367.45,0.0,0.0,0.0,122.69963838489114,9492.567151451989,1942.5500000000002,0.0,0.0
2025-12-31 05:00:00,0.11260200000000001,5630.1,5630.1,0.0,0.0,0.0,106.10955832425347,9386.457593127736,1679.8999999999996,0.0,0.0
2025-12-31 06:00:00,0.122048,6102.400000000001,6102.400000000001,0.0,0.0,0.0,76.27710139434994,9310.180491733387,1207.5999999999995,0.0,0.0
2025-12-31 07:00:00,0.124565,6228.25,6228.25,0.0,0.0,0.0,68.32788542012096,9241.852606313265,1081.75,0.0,0.0
2025-12-31 08:00:00,0.117206,5860.3,5860.3,0.0,0.0,0.0,91.56915691569156,9150.283449397573,1449.6999999999998,0.0,0.0
2025-12-31 09:00:00,0.098863,4943.150000000001,4943.150000000001,0.0,0.0,0.0,149.50021317921264,9000.78323621836,2366.8499999999995,0.0,0.0
2025-12-31 10:00:00,0.10315200000000001,5157.6,5157.6,0.0,0.0,0.0,135.95464809638858,8864.82858812197,2152.3999999999996,0.0,0.0
2025-12-31 11:00:00,0.12831,6415.5,6415.5,0.0,0.0,0.0,56.50038688079335,8808.328201241178,894.5,0.0,0.0
2025-12-31 12:00:00,0.17036,8518.0,7310.0,1208.0,0.0,22.37037037037037,0.0,8830.698571611549,0.0,0.0,0.0
2025-12-31 13:00:00,0.22260400000000002,11130.2,7310.0,3820.2000000000007,0.0,70.74444444444445,0.0,8901.443016055993,0.0,0.0,0.0
2025-12-31 14:00:00,0.22945500000000002,11472.750000000002,7310.0,4162.750000000002,0.0,77.08796296296299,0.0,8978.530979018957,0.0,0.0,0.0
2025-12-31 15:00:00,0.29178899999999997,14589.449999999999,7310.0,7279.449999999999,0.0,134.8046296296296,0.0,9113.335608648586,0.0,0.0,0.0
2025-12-31 16:00:00,0.40314,20157.0,7310.0,12847.0,0.0,237.90740740740742,0.0,9351.243016055992,0.0,0.0,0.0
2025-12-31 17:00:00,0.42985,21492.5,7310.0,14182.500000000002,-1.8189894035458565e-12,262.6388888888889,0.0,9613.881904944881,0.0,0.0,0.0
2025-12-31 18:00:00,0.378915,18945.75,7310.0,11635.75,0.0,215.47685185185185,0.0,9829.358756796733,0.0,0.0,0.0
2025-12-31 19:00:00,0.327395,16369.75,7310.0,9059.75,0.0,167.77314814814815,0.0,9997.131904944881,0.0,0.0,0.0
2025-12-31 20:00:00,0.321235,16061.75,7310.0,154.87713297641676,8596.872867023583,2.868095055118829,0.0,10000.0,0.0,0.0,0.0
2025-12-31 21:00:00,0.343596,17179.8,7310.0,0.0,9869.8,0.0,0.0,10000.0,0.0,0.0,0.0
2025-12-31 22:00:00,0.380249,19012.45,7310.0,0.0,11702.45,0.0,0.0,10000.0,0.0,0.0,0.0
2025-12-31 23:00:00,0.407281,20364.05,7310.0,0.0,13054.05,0.0,0.0,10000.0,0.0,0.0,0.0
