startTime,dataProvider,settlementDate,settlementPeriod,price,volume,requested_provider
2025-01-08T00:00:00Z,APXMIDP,2025-01-08,1,55.06,2356.7,APXMIDP
2025-01-07T23:30:00Z,APXMIDP,2025-01-07,48,54.96,2250.5,APXMIDP
2025-01-07T23:00:00Z,APXMIDP,2025-01-07,47,65.25,2171.75,APXMIDP
2025-01-07T22:30:00Z,APXMIDP,2025-01-07,46,79.51,3264.45,APXMIDP
2025-01-07T22:00:00Z,APXMIDP,2025-01-07,45,83.39,3257.2,APXMIDP
2025-01-07T21:30:00Z,APXMIDP,2025-01-07,44,84.34,2931.65,APXMIDP
2025-01-07T21:00:00Z,APXMIDP,2025-01-07,43,86.57,2302.95,APXMIDP
2025-01-07T20:30:00Z,APXMIDP,2025-01-07,42,83.81,2354.85,APXMIDP
2025-01-07T20:00:00Z,APXMIDP,2025-01-07,41,83.45,2295.05,APXMIDP
2025-01-07T19:30:00Z,APXMIDP,2025-01-07,40,101.89,2232.7,APXMIDP
2025-01-07T19:00:00Z,APXMIDP,2025-01-07,39,110.9,2660.5,APXMIDP
2025-01-07T18:30:00Z,APXMIDP,2025-01-07,38,107.84,2556.9,APXMIDP
2025-01-07T18:00:00Z,APXMIDP,2025-01-07,37,112.68,3161.3,APXMIDP
2025-01-07T17:30:00Z,APXMIDP,2025-01-07,36,114.56,2873.35,APXMIDP
2025-01-07T17:00:00Z,APXMIDP,2025-01-07,35,114.55,3310.55,APXMIDP
2025-01-07T16:30:00Z,APXMIDP,2025-01-07,34,119.14,3434.9,APXMIDP
2025-01-07T16:00:00Z,APXMIDP,2025-01-07,33,108.79,3266.55,APXMIDP
2025-01-07T15:30:00Z,APXMIDP,2025-01-07,32,104.25,3210.95,APXMIDP
2025-01-07T15:00:00Z,APXMIDP,2025-01-07,31,102.0,2501.15,APXMIDP
2025-01-07T14:30:00Z,APXMIDP,2025-01-07,30,101.15,3056.8,APXMIDP
2025-01-07T14:00:00Z,APXMIDP,2025-01-07,29,103.18,2952.9,APXMIDP
2025-01-07T13:30:00Z,APXMIDP,2025-01-07,28,103.79,3189.85,APXMIDP
2025-01-07T13:00:00Z,APXMIDP,2025-01-07,27,104.5,3115.45,APXMIDP
2025-01-07T12:30:00Z,APXMIDP,2025-01-07,26,112.57,2720.3,APXMIDP
2025-01-07T12:00:00Z,APXMIDP,2025-01-07,25,113.59,2952.55,APXMIDP
2025-01-07T11:30:00Z,APXMIDP,2025-01-07,24,115.51,2900.25,APXMIDP
2025-01-07T11:00:00Z,APXMIDP,2025-01-07,23,117.14,2833.0,APXMIDP
2025-01-07T10:30:00Z,APXMIDP,2025-01-07,22,123.76,2823.4,APXMIDP
2025-01-07T10:00:00Z,APXMIDP,2025-01-07,21,126.04,2710.35,APXMIDP
2025-01-07T09:30:00Z,APXMIDP,2025-01-07,20,126.57,2720.65,APXMIDP
2025-01-07T09:00:00Z,APXMIDP,2025-01-07,19,126.55,2854.1,APXMIDP
2025-01-07T08:30:00Z,APXMIDP,2025-01-07,18,124.98,2465.0,APXMIDP
2025-01-07T08:00:00Z,APXMIDP,2025-01-07,17,124.36,2096.45,APXMIDP
2025-01-07T07:30:00Z,APXMIDP,2025-01-07,16,119.37,2889.1,APXMIDP
2025-01-07T07:00:00Z,APXMIDP,2025-01-07,15,111.87,2678.95,APXMIDP
2025-01-07T06:30:00Z,APXMIDP,2025-01-07,14,97.54,4183.35,APXMIDP
2025-01-07T06:00:00Z,APXMIDP,2025-01-07,13,97.7,3608.25,APXMIDP
2025-01-07T05:30:00Z,APXMIDP,2025-01-07,12,88.1,3712.45,APXMIDP
2025-01-07T05:00:00Z,APXMIDP,2025-01-07,11,89.85,3366.0,APXMIDP
2025-01-07T04:30:00Z,APXMIDP,2025-01-07,10,96.02,3710.55,APXMIDP
2025-01-07T04:00:00Z,APXMIDP,2025-01-07,9,96.31,3849.0,APXMIDP
2025-01-07T03:30:00Z,APXMIDP,2025-01-07,8,102.22,3121.4,APXMIDP
2025-01-07T03:00:00Z,APXMIDP,2025-01-07,7,106.27,3030.3,APXMIDP
2025-01-07T02:30:00Z,APXMIDP,2025-01-07,6,109.01,2738.45,APXMIDP
2025-01-07T02:00:00Z,APXMIDP,2025-01-07,5,108.42,2371.45,APXMIDP
2025-01-07T01:30:00Z,APXMIDP,2025-01-07,4,107.21,2548.2,APXMIDP
2025-01-07T01:00:00Z,APXMIDP,2025-01-07,3,106.03,2340.9,APXMIDP
2025-01-07T00:30:00Z,APXMIDP,2025-01-07,2,104.05,2605.05,APXMIDP
2025-01-07T00:00:00Z,APXMIDP,2025-01-07,1,100.59,2577.55,APXMIDP
2025-01-06T23:30:00Z,APXMIDP,2025-01-06,48,101.82,2294.95,APXMIDP
2025-01-06T23:00:00Z,APXMIDP,2025-01-06,47,100.91,2368.0,APXMIDP
2025-01-06T22:30:00Z,APXMIDP,2025-01-06,46,100.4,2338.1,APXMIDP
2025-01-06T22:00:00Z,APXMIDP,2025-01-06,45,99.03,2686.0,APXMIDP
2025-01-06T21:30:00Z,APXMIDP,2025-01-06,44,98.4,2797.25,APXMIDP
2025-01-06T21:00:00Z,APXMIDP,2025-01-06,43,101.03,2797.5,APXMIDP
2025-01-06T20:30:00Z,APXMIDP,2025-01-06,42,100.05,3230.65,APXMIDP
2025-01-06T20:00:00Z,APXMIDP,2025-01-06,41,97.23,3195.35,APXMIDP
2025-01-06T19:30:00Z,APXMIDP,2025-01-06,40,95.38,2338.4,APXMIDP
2025-01-06T19:00:00Z,APXMIDP,2025-01-06,39,110.44,2892.75,APXMIDP
2025-01-06T18:30:00Z,APXMIDP,2025-01-06,38,112.01,3405.55,APXMIDP
2025-01-06T18:00:00Z,APXMIDP,2025-01-06,37,111.7,2869.25,APXMIDP
2025-01-06T17:30:00Z,APXMIDP,2025-01-06,36,109.44,2841.75,APXMIDP
2025-01-06T17:00:00Z,APXMIDP,2025-01-06,35,107.28,3315.6,APXMIDP
2025-01-06T16:30:00Z,APXMIDP,2025-01-06,34,112.4,2946.35,APXMIDP
2025-01-06T16:00:00Z,APXMIDP,2025-01-06,33,106.75,2508.4,APXMIDP
2025-01-06T15:30:00Z,APXMIDP,2025-01-06,32,106.42,2312.15,APXMIDP
2025-01-06T15:00:00Z,APXMIDP,2025-01-06,31,105.46,2594.05,APXMIDP
2025-01-06T14:30:00Z,APXMIDP,2025-01-06,30,106.74,2696.95,APXMIDP
2025-01-06T14:00:00Z,APXMIDP,2025-01-06,29,110.4,2343.1,APXMIDP
2025-01-06T13:30:00Z,APXMIDP,2025-01-06,28,110.0,2205.7,APXMIDP
2025-01-06T13:00:00Z,APXMIDP,2025-01-06,27,110.52,2190.25,APXMIDP
2025-01-06T12:30:00Z,APXMIDP,2025-01-06,26,109.72,2102.45,APXMIDP
2025-01-06T12:00:00Z,APXMIDP,2025-01-06,25,111.42,1943.4,APXMIDP
2025-01-06T11:30:00Z,APXMIDP,2025-01-06,24,107.03,2265.05,APXMIDP
2025-01-06T11:00:00Z,APXMIDP,2025-01-06,23,106.04,2381.4,APXMIDP
2025-01-06T10:30:00Z,APXMIDP,2025-01-06,22,111.93,2421.0,APXMIDP
2025-01-06T10:00:00Z,APXMIDP,2025-01-06,21,118.48,1951.9,APXMIDP
2025-01-06T09:30:00Z,APXMIDP,2025-01-06,20,118.75,1722.05,APXMIDP
2025-01-06T09:00:00Z,APXMIDP,2025-01-06,19,117.82,1539.4,APXMIDP
2025-01-06T08:30:00Z,APXMIDP,2025-01-06,18,108.23,2162.45,APXMIDP
2025-01-06T08:00:00Z,APXMIDP,2025-01-06,17,107.03,1777.5,APXMIDP
2025-01-06T07:30:00Z,APXMIDP,2025-01-06,16,100.28,2217.0,APXMIDP
2025-01-06T07:00:00Z,APXMIDP,2025-01-06,15,107.08,1898.45,APXMIDP
2025-01-06T06:30:00Z,APXMIDP,2025-01-06,14,93.36,2538.2,APXMIDP
2025-01-06T06:00:00Z,APXMIDP,2025-01-06,13,82.55,2634.6,APXMIDP
2025-01-06T05:30:00Z,APXMIDP,2025-01-06,12,56.17,2846.1,APXMIDP
2025-01-06T05:00:00Z,APXMIDP,2025-01-06,11,43.08,2074.95,APXMIDP
2025-01-06T04:30:00Z,APXMIDP,2025-01-06,10,44.45,2814.15,APXMIDP
2025-01-06T04:00:00Z,APXMIDP,2025-01-06,9,49.98,3151.75,APXMIDP
2025-01-06T03:30:00Z,APXMIDP,2025-01-06,8,69.57,3183.7,APXMIDP
2025-01-06T03:00:00Z,APXMIDP,2025-01-06,7,81.53,3209.35,APXMIDP
2025-01-06T02:30:00Z,APXMIDP,2025-01-06,6,87.22,3085.0,APXMIDP
2025-01-06T02:00:00Z,APXMIDP,2025-01-06,5,102.65,2723.45,APXMIDP
2025-01-06T01:30:00Z,APXMIDP,2025-01-06,4,101.06,2165.0,APXMIDP
2025-01-06T01:00:00Z,APXMIDP,2025-01-06,3,97.25,2207.15,APXMIDP
2025-01-06T00:30:00Z,APXMIDP,2025-01-06,2,97.02,1900.35,APXMIDP
2025-01-06T00:00:00Z,APXMIDP,2025-01-06,1,77.5,1617.7,APXMIDP
2025-01-05T23:30:00Z,APXMIDP,2025-01-05,48,69.63,1407.3,APXMIDP
2025-01-05T23:00:00Z,APXMIDP,2025-01-05,47,76.65,1672.6,APXMIDP
2025-01-05T22:30:00Z,APXMIDP,2025-01-05,46,97.14,3483.45,APXMIDP
2025-01-05T22:00:00Z,APXMIDP,2025-01-05,45,108.55,3573.35,APXMIDP
2025-01-05T21:30:00Z,APXMIDP,2025-01-05,44,111.62,4030.25,APXMIDP
2025-01-05T21:00:00Z,APXMIDP,2025-01-05,43,108.72,3956.7,APXMIDP
2025-01-05T20:30:00Z,APXMIDP,2025-01-05,42,109.46,3842.4,APXMIDP
2025-01-05T20:00:00Z,APXMIDP,2025-01-05,41,117.03,4321.0,APXMIDP
2025-01-05T19:30:00Z,APXMIDP,2025-01-05,40,124.34,3876.8,APXMIDP
2025-01-05T19:00:00Z,APXMIDP,2025-01-05,39,127.82,4101.3,APXMIDP
2025-01-05T18:30:00Z,APXMIDP,2025-01-05,38,136.44,2913.95,APXMIDP
2025-01-05T18:00:00Z,APXMIDP,2025-01-05,37,139.74,3141.8,APXMIDP
2025-01-05T17:30:00Z,APXMIDP,2025-01-05,36,141.27,2900.85,APXMIDP
2025-01-05T17:00:00Z,APXMIDP,2025-01-05,35,140.74,2823.35,APXMIDP
2025-01-05T16:30:00Z,APXMIDP,2025-01-05,34,138.31,3040.2,APXMIDP
2025-01-05T16:00:00Z,APXMIDP,2025-01-05,33,132.96,2681.35,APXMIDP
2025-01-05T15:30:00Z,APXMIDP,2025-01-05,32,127.39,2217.6,APXMIDP
2025-01-05T15:00:00Z,APXMIDP,2025-01-05,31,121.3,2304.55,APXMIDP
2025-01-05T14:30:00Z,APXMIDP,2025-01-05,30,120.18,2516.05,APXMIDP
2025-01-05T14:00:00Z,APXMIDP,2025-01-05,29,120.1,2569.55,APXMIDP
2025-01-05T13:30:00Z,APXMIDP,2025-01-05,28,122.48,2079.25,APXMIDP
2025-01-05T13:00:00Z,APXMIDP,2025-01-05,27,123.42,2179.3,APXMIDP
2025-01-05T12:30:00Z,APXMIDP,2025-01-05,26,120.25,2465.5,APXMIDP
2025-01-05T12:00:00Z,APXMIDP,2025-01-05,25,117.55,2590.15,APXMIDP
2025-01-05T11:30:00Z,APXMIDP,2025-01-05,24,111.95,3025.25,APXMIDP
2025-01-05T11:00:00Z,APXMIDP,2025-01-05,23,115.49,2699.05,APXMIDP
2025-01-05T10:30:00Z,APXMIDP,2025-01-05,22,118.28,3263.8,APXMIDP
2025-01-05T10:00:00Z,APXMIDP,2025-01-05,21,117.48,2858.3,APXMIDP
2025-01-05T09:30:00Z,APXMIDP,2025-01-05,20,118.36,2957.05,APXMIDP
2025-01-05T09:00:00Z,APXMIDP,2025-01-05,19,114.84,3165.65,APXMIDP
2025-01-05T08:30:00Z,APXMIDP,2025-01-05,18,113.02,2720.1,APXMIDP
2025-01-05T08:00:00Z,APXMIDP,2025-01-05,17,113.79,2474.0,APXMIDP
2025-01-05T07:30:00Z,APXMIDP,2025-01-05,16,103.99,2186.55,APXMIDP
2025-01-05T07:00:00Z,APXMIDP,2025-01-05,15,105.37,1545.85,APXMIDP
2025-01-05T06:30:00Z,APXMIDP,2025-01-05,14,88.74,1271.6,APXMIDP
2025-01-05T06:00:00Z,APXMIDP,2025-01-05,13,83.24,1394.25,APXMIDP
2025-01-05T05:30:00Z,APXMIDP,2025-01-05,12,78.28,1587.85,APXMIDP
2025-01-05T05:00:00Z,APXMIDP,2025-01-05,11,77.84,1585.45,APXMIDP
2025-01-05T04:30:00Z,APXMIDP,2025-01-05,10,81.2,1197.4,APXMIDP
2025-01-05T04:00:00Z,APXMIDP,2025-01-05,9,85.37,1290.5,APXMIDP
2025-01-05T03:30:00Z,APXMIDP,2025-01-05,8,91.67,1264.5,APXMIDP
2025-01-05T03:00:00Z,APXMIDP,2025-01-05,7,100.67,1322.15,APXMIDP
2025-01-05T02:30:00Z,APXMIDP,2025-01-05,6,104.14,1333.3,APXMIDP
2025-01-05T02:00:00Z,APXMIDP,2025-01-05,5,109.6,1455.05,APXMIDP
2025-01-05T01:30:00Z,APXMIDP,2025-01-05,4,105.1,1467.0,APXMIDP
2025-01-05T01:00:00Z,APXMIDP,2025-01-05,3,103.82,2055.2,APXMIDP
2025-01-05T00:30:00Z,APXMIDP,2025-01-05,2,109.36,1544.6,APXMIDP
2025-01-05T00:00:00Z,APXMIDP,2025-01-05,1,109.25,1290.8,APXMIDP
2025-01-04T23:30:00Z,APXMIDP,2025-01-04,48,100.94,1455.85,APXMIDP
2025-01-04T23:00:00Z,APXMIDP,2025-01-04,47,98.29,1614.05,APXMIDP
2025-01-04T22:30:00Z,APXMIDP,2025-01-04,46,106.99,1526.1,APXMIDP
2025-01-04T22:00:00Z,APXMIDP,2025-01-04,45,108.36,1580.85,APXMIDP
2025-01-04T21:30:00Z,APXMIDP,2025-01-04,44,109.02,1519.75,APXMIDP
2025-01-04T21:00:00Z,APXMIDP,2025-01-04,43,108.81,1674.0,APXMIDP
2025-01-04T20:30:00Z,APXMIDP,2025-01-04,42,107.26,1792.35,APXMIDP
2025-01-04T20:00:00Z,APXMIDP,2025-01-04,41,110.11,1718.95,APXMIDP
2025-01-04T19:30:00Z,APXMIDP,2025-01-04,40,106.3,1534.4,APXMIDP
2025-01-04T19:00:00Z,APXMIDP,2025-01-04,39,121.31,1540.3,APXMIDP
2025-01-04T18:30:00Z,APXMIDP,2025-01-04,38,130.7,1600.85,APXMIDP
2025-01-04T18:00:00Z,APXMIDP,2025-01-04,37,139.01,1611.2,APXMIDP
2025-01-04T17:30:00Z,APXMIDP,2025-01-04,36,138.36,1596.05,APXMIDP
2025-01-04T17:00:00Z,APXMIDP,2025-01-04,35,136.53,1385.25,APXMIDP
2025-01-04T16:30:00Z,APXMIDP,2025-01-04,34,133.32,1725.25,APXMIDP
2025-01-04T16:00:00Z,APXMIDP,2025-01-04,33,131.84,1295.2,APXMIDP
2025-01-04T15:30:00Z,APXMIDP,2025-01-04,32,121.1,1620.0,APXMIDP
2025-01-04T15:00:00Z,APXMIDP,2025-01-04,31,115.92,1524.4,APXMIDP
2025-01-04T14:30:00Z,APXMIDP,2025-01-04,30,115.79,1806.5,APXMIDP
2025-01-04T14:00:00Z,APXMIDP,2025-01-04,29,115.1,1744.3,APXMIDP
2025-01-04T13:30:00Z,APXMIDP,2025-01-04,28,115.22,1881.0,APXMIDP
2025-01-04T13:00:00Z,APXMIDP,2025-01-04,27,115.19,1999.7,APXMIDP
2025-01-04T12:30:00Z,APXMIDP,2025-01-04,26,106.65,2422.25,APXMIDP
2025-01-04T12:00:00Z,APXMIDP,2025-01-04,25,102.91,2556.15,APXMIDP
2025-01-04T11:30:00Z,APXMIDP,2025-01-04,24,113.52,2423.05,APXMIDP
2025-01-04T11:00:00Z,APXMIDP,2025-01-04,23,108.42,2432.25,APXMIDP
2025-01-04T10:30:00Z,APXMIDP,2025-01-04,22,101.65,2499.25,APXMIDP
2025-01-04T10:00:00Z,APXMIDP,2025-01-04,21,100.16,2100.65,APXMIDP
2025-01-04T09:30:00Z,APXMIDP,2025-01-04,20,101.93,2069.65,APXMIDP
2025-01-04T09:00:00Z,APXMIDP,2025-01-04,19,98.99,2107.1,APXMIDP
2025-01-04T08:30:00Z,APXMIDP,2025-01-04,18,107.8,2096.25,APXMIDP
2025-01-04T08:00:00Z,APXMIDP,2025-01-04,17,102.62,2116.1,APXMIDP
2025-01-04T07:30:00Z,APXMIDP,2025-01-04,16,100.27,1859.5,APXMIDP
2025-01-04T07:00:00Z,APXMIDP,2025-01-04,15,102.39,2023.15,APXMIDP
2025-01-04T06:30:00Z,APXMIDP,2025-01-04,14,99.8,2123.9,APXMIDP
2025-01-04T06:00:00Z,APXMIDP,2025-01-04,13,96.48,1921.4,APXMIDP
2025-01-04T05:30:00Z,APXMIDP,2025-01-04,12,92.78,2008.75,APXMIDP
2025-01-04T05:00:00Z,APXMIDP,2025-01-04,11,97.76,2002.4,APXMIDP
2025-01-04T04:30:00Z,APXMIDP,2025-01-04,10,92.06,1922.8,APXMIDP
2025-01-04T04:00:00Z,APXMIDP,2025-01-04,9,94.07,1784.45,APXMIDP
2025-01-04T03:30:00Z,APXMIDP,2025-01-04,8,90.83,1557.5,APXMIDP
2025-01-04T03:00:00Z,APXMIDP,2025-01-04,7,92.83,1663.0,APXMIDP
2025-01-04T02:30:00Z,APXMIDP,2025-01-04,6,99.3,1612.25,APXMIDP
2025-01-04T02:00:00Z,APXMIDP,2025-01-04,5,97.69,1364.25,APXMIDP
2025-01-04T01:30:00Z,APXMIDP,2025-01-04,4,95.84,1641.2,APXMIDP
2025-01-04T01:00:00Z,APXMIDP,2025-01-04,3,98.69,1677.45,APXMIDP
2025-01-04T00:30:00Z,APXMIDP,2025-01-04,2,102.0,1462.85,APXMIDP
2025-01-04T00:00:00Z,APXMIDP,2025-01-04,1,97.44,1252.45,APXMIDP
2025-01-03T23:30:00Z,APXMIDP,2025-01-03,48,101.04,1251.15,APXMIDP
2025-01-03T23:00:00Z,APXMIDP,2025-01-03,47,102.69,1601.9,APXMIDP
2025-01-03T22:30:00Z,APXMIDP,2025-01-03,46,114.38,2026.95,APXMIDP
2025-01-03T22:00:00Z,APXMIDP,2025-01-03,45,116.99,2394.6,APXMIDP
2025-01-03T21:30:00Z,APXMIDP,2025-01-03,44,112.04,2282.5,APXMIDP
2025-01-03T21:00:00Z,APXMIDP,2025-01-03,43,118.67,1966.05,APXMIDP
2025-01-03T20:30:00Z,APXMIDP,2025-01-03,42,124.07,2108.2,APXMIDP
2025-01-03T20:00:00Z,APXMIDP,2025-01-03,41,134.9,2653.45,APXMIDP
2025-01-03T19:30:00Z,APXMIDP,2025-01-03,40,137.93,2788.7,APXMIDP
2025-01-03T19:00:00Z,APXMIDP,2025-01-03,39,137.57,2690.8,APXMIDP
2025-01-03T18:30:00Z,APXMIDP,2025-01-03,38,127.3,3704.0,APXMIDP
2025-01-03T18:00:00Z,APXMIDP,2025-01-03,37,124.53,3420.35,APXMIDP
2025-01-03T17:30:00Z,APXMIDP,2025-01-03,36,120.42,3535.4,APXMIDP
2025-01-03T17:00:00Z,APXMIDP,2025-01-03,35,110.82,3528.45,APXMIDP
2025-01-03T16:30:00Z,APXMIDP,2025-01-03,34,108.05,3674.75,APXMIDP
2025-01-03T16:00:00Z,APXMIDP,2025-01-03,33,106.79,3475.45,APXMIDP
2025-01-03T15:30:00Z,APXMIDP,2025-01-03,32,97.13,3720.1,APXMIDP
2025-01-03T15:00:00Z,APXMIDP,2025-01-03,31,92.32,3548.45,APXMIDP
2025-01-03T14:30:00Z,APXMIDP,2025-01-03,30,86.56,3917.5,APXMIDP
2025-01-03T14:00:00Z,APXMIDP,2025-01-03,29,85.06,3980.3,APXMIDP
2025-01-03T13:30:00Z,APXMIDP,2025-01-03,28,84.4,3377.9,APXMIDP
2025-01-03T13:00:00Z,APXMIDP,2025-01-03,27,88.96,3025.1,APXMIDP
2025-01-03T12:30:00Z,APXMIDP,2025-01-03,26,87.91,2812.75,APXMIDP
2025-01-03T12:00:00Z,APXMIDP,2025-01-03,25,87.61,2921.15,APXMIDP
2025-01-03T11:30:00Z,APXMIDP,2025-01-03,24,89.69,3297.3,APXMIDP
2025-01-03T11:00:00Z,APXMIDP,2025-01-03,23,87.73,3248.7,APXMIDP
2025-01-03T10:30:00Z,APXMIDP,2025-01-03,22,87.54,3772.5,APXMIDP
2025-01-03T10:00:00Z,APXMIDP,2025-01-03,21,89.72,3906.8,APXMIDP
2025-01-03T09:30:00Z,APXMIDP,2025-01-03,20,94.28,3791.15,APXMIDP
2025-01-03T09:00:00Z,APXMIDP,2025-01-03,19,88.37,3396.05,APXMIDP
2025-01-03T08:30:00Z,APXMIDP,2025-01-03,18,89.84,2883.75,APXMIDP
2025-01-03T08:00:00Z,APXMIDP,2025-01-03,17,85.69,3355.35,APXMIDP
2025-01-03T07:30:00Z,APXMIDP,2025-01-03,16,85.65,3549.0,APXMIDP
2025-01-03T07:00:00Z,APXMIDP,2025-01-03,15,78.5,3983.2,APXMIDP
2025-01-03T06:30:00Z,APXMIDP,2025-01-03,14,74.16,4312.1,APXMIDP
2025-01-03T06:00:00Z,APXMIDP,2025-01-03,13,75.89,4129.85,APXMIDP
2025-01-03T05:30:00Z,APXMIDP,2025-01-03,12,61.98,2860.3,APXMIDP
2025-01-03T05:00:00Z,APXMIDP,2025-01-03,11,61.35,3171.0,APXMIDP
2025-01-03T04:30:00Z,APXMIDP,2025-01-03,10,56.85,2773.2,APXMIDP
2025-01-03T04:00:00Z,APXMIDP,2025-01-03,9,59.28,2731.15,APXMIDP
2025-01-03T03:30:00Z,APXMIDP,2025-01-03,8,55.4,2453.05,APXMIDP
2025-01-03T03:00:00Z,APXMIDP,2025-01-03,7,59.36,2100.75,APXMIDP
2025-01-03T02:30:00Z,APXMIDP,2025-01-03,6,65.52,2560.95,APXMIDP
2025-01-03T02:00:00Z,APXMIDP,2025-01-03,5,72.19,2458.85,APXMIDP
2025-01-03T01:30:00Z,APXMIDP,2025-01-03,4,75.27,2169.5,APXMIDP
2025-01-03T01:00:00Z,APXMIDP,2025-01-03,3,77.94,2013.2,APXMIDP
2025-01-03T00:30:00Z,APXMIDP,2025-01-03,2,79.02,1985.4,APXMIDP
2025-01-03T00:00:00Z,APXMIDP,2025-01-03,1,77.97,2029.55,APXMIDP
2025-01-02T23:30:00Z,APXMIDP,2025-01-02,48,77.61,1644.25,APXMIDP
2025-01-02T23:00:00Z,APXMIDP,2025-01-02,47,90.46,1603.8,APXMIDP
2025-01-02T22:30:00Z,APXMIDP,2025-01-02,46,97.27,2815.4,APXMIDP
2025-01-02T22:00:00Z,APXMIDP,2025-01-02,45,100.7,3141.2,APXMIDP
2025-01-02T21:30:00Z,APXMIDP,2025-01-02,44,101.04,2716.65,APXMIDP
2025-01-02T21:00:00Z,APXMIDP,2025-01-02,43,101.46,2705.0,APXMIDP
2025-01-02T20:30:00Z,APXMIDP,2025-01-02,42,99.62,2760.0,APXMIDP
2025-01-02T20:00:00Z,APXMIDP,2025-01-02,41,98.15,2883.4,APXMIDP
2025-01-02T19:30:00Z,APXMIDP,2025-01-02,40,100.34,2683.8,APXMIDP
2025-01-02T19:00:00Z,APXMIDP,2025-01-02,39,110.16,2786.05,APXMIDP
2025-01-02T18:30:00Z,APXMIDP,2025-01-02,38,120.56,2635.65,APXMIDP
2025-01-02T18:00:00Z,APXMIDP,2025-01-02,37,133.87,2646.0,APXMIDP
2025-01-02T17:30:00Z,APXMIDP,2025-01-02,36,137.73,2637.45,APXMIDP
2025-01-02T17:00:00Z,APXMIDP,2025-01-02,35,135.83,2409.05,APXMIDP
2025-01-02T16:30:00Z,APXMIDP,2025-01-02,34,133.05,2659.95,APXMIDP
2025-01-02T16:00:00Z,APXMIDP,2025-01-02,33,127.12,2748.05,APXMIDP
2025-01-02T15:30:00Z,APXMIDP,2025-01-02,32,124.16,3119.85,APXMIDP
2025-01-02T15:00:00Z,APXMIDP,2025-01-02,31,116.72,2782.2,APXMIDP
2025-01-02T14:30:00Z,APXMIDP,2025-01-02,30,109.34,3467.45,APXMIDP
2025-01-02T14:00:00Z,APXMIDP,2025-01-02,29,110.98,2867.0,APXMIDP
2025-01-02T13:30:00Z,APXMIDP,2025-01-02,28,103.61,2563.65,APXMIDP
2025-01-02T13:00:00Z,APXMIDP,2025-01-02,27,97.91,2855.55,APXMIDP
2025-01-02T12:30:00Z,APXMIDP,2025-01-02,26,98.2,2537.0,APXMIDP
2025-01-02T12:00:00Z,APXMIDP,2025-01-02,25,99.14,2896.2,APXMIDP
2025-01-02T11:30:00Z,APXMIDP,2025-01-02,24,107.5,2604.25,APXMIDP
2025-01-02T11:00:00Z,APXMIDP,2025-01-02,23,112.43,2551.85,APXMIDP
2025-01-02T10:30:00Z,APXMIDP,2025-01-02,22,110.05,2339.35,APXMIDP
2025-01-02T10:00:00Z,APXMIDP,2025-01-02,21,116.21,2113.6,APXMIDP
2025-01-02T09:30:00Z,APXMIDP,2025-01-02,20,116.89,2275.4,APXMIDP
2025-01-02T09:00:00Z,APXMIDP,2025-01-02,19,115.3,2156.25,APXMIDP
2025-01-02T08:30:00Z,APXMIDP,2025-01-02,18,123.01,2457.65,APXMIDP
2025-01-02T08:00:00Z,APXMIDP,2025-01-02,17,121.62,2166.45,APXMIDP
2025-01-02T07:30:00Z,APXMIDP,2025-01-02,16,126.67,3158.3,APXMIDP
2025-01-02T07:00:00Z,APXMIDP,2025-01-02,15,118.11,2672.65,APXMIDP
2025-01-02T06:30:00Z,APXMIDP,2025-01-02,14,86.53,3967.45,APXMIDP
2025-01-02T06:00:00Z,APXMIDP,2025-01-02,13,99.51,3057.1,APXMIDP
2025-01-02T05:30:00Z,APXMIDP,2025-01-02,12,86.89,2379.8,APXMIDP
2025-01-02T05:00:00Z,APXMIDP,2025-01-02,11,84.69,2661.85,APXMIDP
2025-01-02T04:30:00Z,APXMIDP,2025-01-02,10,85.23,2822.7,APXMIDP
2025-01-02T04:00:00Z,APXMIDP,2025-01-02,9,87.39,2358.8,APXMIDP
2025-01-02T03:30:00Z,APXMIDP,2025-01-02,8,98.65,2382.85,APXMIDP
2025-01-02T03:00:00Z,APXMIDP,2025-01-02,7,101.2,2868.1,APXMIDP
2025-01-02T02:30:00Z,APXMIDP,2025-01-02,6,98.16,2287.75,APXMIDP
2025-01-02T02:00:00Z,APXMIDP,2025-01-02,5,106.89,2180.45,APXMIDP
2025-01-02T01:30:00Z,APXMIDP,2025-01-02,4,108.63,1960.1,APXMIDP
2025-01-02T01:00:00Z,APXMIDP,2025-01-02,3,110.88,2095.65,APXMIDP
2025-01-02T00:30:00Z,APXMIDP,2025-01-02,2,112.24,1962.95,APXMIDP
2025-01-02T00:00:00Z,APXMIDP,2025-01-02,1,110.4,1624.1,APXMIDP
2025-01-01T23:30:00Z,APXMIDP,2025-01-01,48,106.05,1324.0,APXMIDP
2025-01-01T23:00:00Z,APXMIDP,2025-01-01,47,107.77,1265.2,APXMIDP
2025-01-01T22:30:00Z,APXMIDP,2025-01-01,46,108.13,2303.45,APXMIDP
2025-01-01T22:00:00Z,APXMIDP,2025-01-01,45,111.04,2177.75,APXMIDP
2025-01-01T21:30:00Z,APXMIDP,2025-01-01,44,110.84,2108.1,APXMIDP
2025-01-01T21:00:00Z,APXMIDP,2025-01-01,43,106.0,1983.4,APXMIDP
2025-01-01T20:30:00Z,APXMIDP,2025-01-01,42,106.87,2323.95,APXMIDP
2025-01-01T20:00:00Z,APXMIDP,2025-01-01,41,109.7,2533.95,APXMIDP
2025-01-01T19:30:00Z,APXMIDP,2025-01-01,40,120.95,2429.85,APXMIDP
2025-01-01T19:00:00Z,APXMIDP,2025-01-01,39,125.56,2061.05,APXMIDP
2025-01-01T18:30:00Z,APXMIDP,2025-01-01,38,125.69,2241.8,APXMIDP
2025-01-01T18:00:00Z,APXMIDP,2025-01-01,37,125.66,2345.4,APXMIDP
2025-01-01T17:30:00Z,APXMIDP,2025-01-01,36,126.73,1894.95,APXMIDP
2025-01-01T17:00:00Z,APXMIDP,2025-01-01,35,125.79,2048.3,APXMIDP
2025-01-01T16:30:00Z,APXMIDP,2025-01-01,34,121.25,2171.65,APXMIDP
2025-01-01T16:00:00Z,APXMIDP,2025-01-01,33,119.72,1822.55,APXMIDP
2025-01-01T15:30:00Z,APXMIDP,2025-01-01,32,112.25,1561.1,APXMIDP
2025-01-01T15:00:00Z,APXMIDP,2025-01-01,31,97.49,1690.7,APXMIDP
2025-01-01T14:30:00Z,APXMIDP,2025-01-01,30,90.24,1915.05,APXMIDP
2025-01-01T14:00:00Z,APXMIDP,2025-01-01,29,87.18,1734.65,APXMIDP
2025-01-01T13:30:00Z,APXMIDP,2025-01-01,28,85.57,1723.95,APXMIDP
2025-01-01T13:00:00Z,APXMIDP,2025-01-01,27,82.29,1629.2,APXMIDP
2025-01-01T12:30:00Z,APXMIDP,2025-01-01,26,60.24,1901.3,APXMIDP
2025-01-01T12:00:00Z,APXMIDP,2025-01-01,25,45.57,1725.6,APXMIDP
2025-01-01T11:30:00Z,APXMIDP,2025-01-01,24,25.49,1870.35,APXMIDP
2025-01-01T11:00:00Z,APXMIDP,2025-01-01,23,10.53,2036.5,APXMIDP
2025-01-01T10:30:00Z,APXMIDP,2025-01-01,22,16.96,2692.05,APXMIDP
2025-01-01T10:00:00Z,APXMIDP,2025-01-01,21,-3.34,2752.7,APXMIDP
2025-01-01T09:30:00Z,APXMIDP,2025-01-01,20,1.84,2488.1,APXMIDP
2025-01-01T09:00:00Z,APXMIDP,2025-01-01,19,-14.33,2340.25,APXMIDP
2025-01-01T08:30:00Z,APXMIDP,2025-01-01,18,-2.9,2378.5,APXMIDP
2025-01-01T08:00:00Z,APXMIDP,2025-01-01,17,-6.35,2000.1,APXMIDP
2025-01-01T07:30:00Z,APXMIDP,2025-01-01,16,-2.25,1435.85,APXMIDP
2025-01-01T07:00:00Z,APXMIDP,2025-01-01,15,-1.5,1438.3,APXMIDP
2025-01-01T06:30:00Z,APXMIDP,2025-01-01,14,4.63,1704.05,APXMIDP
2025-01-01T06:00:00Z,APXMIDP,2025-01-01,13,1.84,1593.25,APXMIDP
2025-01-01T05:30:00Z,APXMIDP,2025-01-01,12,3.44,1964.6,APXMIDP
2025-01-01T05:00:00Z,APXMIDP,2025-01-01,11,3.27,1563.65,APXMIDP
2025-01-01T04:30:00Z,APXMIDP,2025-01-01,10,4.32,1787.1,APXMIDP
2025-01-01T04:00:00Z,APXMIDP,2025-01-01,9,7.01,1824.2,APXMIDP
2025-01-01T03:30:00Z,APXMIDP,2025-01-01,8,6.2,1368.5,APXMIDP
2025-01-01T03:00:00Z,APXMIDP,2025-01-01,7,11.74,1376.8,APXMIDP
2025-01-01T02:30:00Z,APXMIDP,2025-01-01,6,17.91,1866.55,APXMIDP
2025-01-01T02:00:00Z,APXMIDP,2025-01-01,5,29.65,2141.6,APXMIDP
2025-01-01T01:30:00Z,APXMIDP,2025-01-01,4,8.94,1891.0,APXMIDP
2025-01-01T01:00:00Z,APXMIDP,2025-01-01,3,9.11,1900.55,APXMIDP
2025-01-01T00:30:00Z,APXMIDP,2025-01-01,2,23.51,1792.8,APXMIDP
2025-01-01T00:00:00Z,APXMIDP,2025-01-01,1,9.07,1470.95,APXMIDP
2025-01-15T00:30:00Z,APXMIDP,2025-01-15,2,90.25,1629.2,APXMIDP
2025-01-15T00:00:00Z,APXMIDP,2025-01-15,1,87.99,1685.9,APXMIDP
2025-01-14T23:30:00Z,APXMIDP,2025-01-14,48,91.36,1492.55,APXMIDP
2025-01-14T23:00:00Z,APXMIDP,2025-01-14,47,94.36,1666.9,APXMIDP
2025-01-14T22:30:00Z,APXMIDP,2025-01-14,46,92.21,2004.3,APXMIDP
2025-01-14T22:00:00Z,APXMIDP,2025-01-14,45,96.26,2014.45,APXMIDP
2025-01-14T21:30:00Z,APXMIDP,2025-01-14,44,95.1,2369.4,APXMIDP
2025-01-14T21:00:00Z,APXMIDP,2025-01-14,43,97.74,2300.7,APXMIDP
2025-01-14T20:30:00Z,APXMIDP,2025-01-14,42,102.49,2456.8,APXMIDP
2025-01-14T20:00:00Z,APXMIDP,2025-01-14,41,113.39,1809.75,APXMIDP
2025-01-14T19:30:00Z,APXMIDP,2025-01-14,40,121.52,2251.0,APXMIDP
2025-01-14T19:00:00Z,APXMIDP,2025-01-14,39,128.91,2447.05,APXMIDP
2025-01-14T18:30:00Z,APXMIDP,2025-01-14,38,128.43,2802.0,APXMIDP
2025-01-14T18:00:00Z,APXMIDP,2025-01-14,37,130.09,3069.45,APXMIDP
2025-01-14T17:30:00Z,APXMIDP,2025-01-14,36,133.05,3321.25,APXMIDP
2025-01-14T17:00:00Z,APXMIDP,2025-01-14,35,137.9,2992.25,APXMIDP
2025-01-14T16:30:00Z,APXMIDP,2025-01-14,34,122.64,3126.05,APXMIDP
2025-01-14T16:00:00Z,APXMIDP,2025-01-14,33,116.08,3554.25,APXMIDP
2025-01-14T15:30:00Z,APXMIDP,2025-01-14,32,127.38,3117.95,APXMIDP
2025-01-14T15:00:00Z,APXMIDP,2025-01-14,31,118.0,3327.5,APXMIDP
2025-01-14T14:30:00Z,APXMIDP,2025-01-14,30,94.36,3473.3,APXMIDP
2025-01-14T14:00:00Z,APXMIDP,2025-01-14,29,94.16,2832.5,APXMIDP
2025-01-14T13:30:00Z,APXMIDP,2025-01-14,28,90.53,2663.0,APXMIDP
2025-01-14T13:00:00Z,APXMIDP,2025-01-14,27,89.19,2096.8,APXMIDP
2025-01-14T12:30:00Z,APXMIDP,2025-01-14,26,92.34,2487.4,APXMIDP
2025-01-14T12:00:00Z,APXMIDP,2025-01-14,25,91.52,2300.1,APXMIDP
2025-01-14T11:30:00Z,APXMIDP,2025-01-14,24,93.85,2284.45,APXMIDP
2025-01-14T11:00:00Z,APXMIDP,2025-01-14,23,91.79,2892.25,APXMIDP
2025-01-14T10:30:00Z,APXMIDP,2025-01-14,22,93.16,2975.25,APXMIDP
2025-01-14T10:00:00Z,APXMIDP,2025-01-14,21,90.38,3132.6,APXMIDP
2025-01-14T09:30:00Z,APXMIDP,2025-01-14,20,99.15,2988.9,APXMIDP
2025-01-14T09:00:00Z,APXMIDP,2025-01-14,19,95.9,2681.65,APXMIDP
2025-01-14T08:30:00Z,APXMIDP,2025-01-14,18,113.54,2656.2,APXMIDP
2025-01-14T08:00:00Z,APXMIDP,2025-01-14,17,110.19,2586.45,APXMIDP
2025-01-14T07:30:00Z,APXMIDP,2025-01-14,16,104.75,2983.75,APXMIDP
2025-01-14T07:00:00Z,APXMIDP,2025-01-14,15,96.37,2196.55,APXMIDP
2025-01-14T06:30:00Z,APXMIDP,2025-01-14,14,85.69,1676.15,APXMIDP
2025-01-14T06:00:00Z,APXMIDP,2025-01-14,13,92.0,1925.75,APXMIDP
2025-01-14T05:30:00Z,APXMIDP,2025-01-14,12,81.54,1506.7,APXMIDP
2025-01-14T05:00:00Z,APXMIDP,2025-01-14,11,80.52,1627.7,APXMIDP
2025-01-14T04:30:00Z,APXMIDP,2025-01-14,10,79.12,1520.8,APXMIDP
2025-01-14T04:00:00Z,APXMIDP,2025-01-14,9,81.14,1321.2,APXMIDP
2025-01-14T03:30:00Z,APXMIDP,2025-01-14,8,82.51,1545.3,APXMIDP
2025-01-14T03:00:00Z,APXMIDP,2025-01-14,7,86.19,1511.55,APXMIDP
2025-01-14T02:30:00Z,APXMIDP,2025-01-14,6,84.61,2148.15,APXMIDP
2025-01-14T02:00:00Z,APXMIDP,2025-01-14,5,86.6,2168.75,APXMIDP
2025-01-14T01:30:00Z,APXMIDP,2025-01-14,4,84.53,1720.55,APXMIDP
2025-01-14T01:00:00Z,APXMIDP,2025-01-14,3,87.38,1715.4,APXMIDP
2025-01-14T00:30:00Z,APXMIDP,2025-01-14,2,81.89,1800.65,APXMIDP
2025-01-14T00:00:00Z,APXMIDP,2025-01-14,1,80.6,1758.85,APXMIDP
2025-01-13T23:30:00Z,APXMIDP,2025-01-13,48,83.49,1609.7,APXMIDP
2025-01-13T23:00:00Z,APXMIDP,2025-01-13,47,83.79,1518.6,APXMIDP
2025-01-13T22:30:00Z,APXMIDP,2025-01-13,46,93.44,1710.5,APXMIDP
2025-01-13T22:00:00Z,APXMIDP,2025-01-13,45,93.05,1862.55,APXMIDP
2025-01-13T21:30:00Z,APXMIDP,2025-01-13,44,98.84,2099.05,APXMIDP
2025-01-13T21:00:00Z,APXMIDP,2025-01-13,43,105.13,2333.05,APXMIDP
2025-01-13T20:30:00Z,APXMIDP,2025-01-13,42,100.61,2293.05,APXMIDP
2025-01-13T20:00:00Z,APXMIDP,2025-01-13,41,102.07,2148.1,APXMIDP
2025-01-13T19:30:00Z,APXMIDP,2025-01-13,40,108.48,2482.7,APXMIDP
2025-01-13T19:00:00Z,APXMIDP,2025-01-13,39,116.65,2436.4,APXMIDP
2025-01-13T18:30:00Z,APXMIDP,2025-01-13,38,120.32,2657.45,APXMIDP
2025-01-13T18:00:00Z,APXMIDP,2025-01-13,37,123.87,2743.8,APXMIDP
2025-01-13T17:30:00Z,APXMIDP,2025-01-13,36,126.09,2796.35,APXMIDP
2025-01-13T17:00:00Z,APXMIDP,2025-01-13,35,125.97,2599.65,APXMIDP
2025-01-13T16:30:00Z,APXMIDP,2025-01-13,34,115.83,2284.9,APXMIDP
2025-01-13T16:00:00Z,APXMIDP,2025-01-13,33,110.64,2227.8,APXMIDP
2025-01-13T15:30:00Z,APXMIDP,2025-01-13,32,101.13,3001.2,APXMIDP
2025-01-13T15:00:00Z,APXMIDP,2025-01-13,31,100.65,3054.0,APXMIDP
2025-01-13T14:30:00Z,APXMIDP,2025-01-13,30,84.17,3611.85,APXMIDP
2025-01-13T14:00:00Z,APXMIDP,2025-01-13,29,86.09,3269.1,APXMIDP
2025-01-13T13:30:00Z,APXMIDP,2025-01-13,28,87.55,3371.75,APXMIDP
2025-01-13T13:00:00Z,APXMIDP,2025-01-13,27,88.15,3494.85,APXMIDP
2025-01-13T12:30:00Z,APXMIDP,2025-01-13,26,85.47,3356.6,APXMIDP
2025-01-13T12:00:00Z,APXMIDP,2025-01-13,25,91.25,3613.2,APXMIDP
2025-01-13T11:30:00Z,APXMIDP,2025-01-13,24,85.48,3749.1,APXMIDP
2025-01-13T11:00:00Z,APXMIDP,2025-01-13,23,83.11,3024.9,APXMIDP
2025-01-13T10:30:00Z,APXMIDP,2025-01-13,22,92.11,2945.5,APXMIDP
2025-01-13T10:00:00Z,APXMIDP,2025-01-13,21,95.94,2804.15,APXMIDP
2025-01-13T09:30:00Z,APXMIDP,2025-01-13,20,97.81,2529.55,APXMIDP
2025-01-13T09:00:00Z,APXMIDP,2025-01-13,19,104.13,2340.15,APXMIDP
2025-01-13T08:30:00Z,APXMIDP,2025-01-13,18,112.03,2197.15,APXMIDP
2025-01-13T08:00:00Z,APXMIDP,2025-01-13,17,108.48,2242.4,APXMIDP
2025-01-13T07:30:00Z,APXMIDP,2025-01-13,16,105.56,2792.8,APXMIDP
2025-01-13T07:00:00Z,APXMIDP,2025-01-13,15,101.89,2492.25,APXMIDP
2025-01-13T06:30:00Z,APXMIDP,2025-01-13,14,91.27,2998.55,APXMIDP
2025-01-13T06:00:00Z,APXMIDP,2025-01-13,13,96.0,2334.0,APXMIDP
2025-01-13T05:30:00Z,APXMIDP,2025-01-13,12,90.64,2151.1,APXMIDP
2025-01-13T05:00:00Z,APXMIDP,2025-01-13,11,93.85,2212.4,APXMIDP
2025-01-13T04:30:00Z,APXMIDP,2025-01-13,10,86.05,1992.55,APXMIDP
2025-01-13T04:00:00Z,APXMIDP,2025-01-13,9,86.91,2182.2,APXMIDP
2025-01-13T03:30:00Z,APXMIDP,2025-01-13,8,87.99,2424.3,APXMIDP
2025-01-13T03:00:00Z,APXMIDP,2025-01-13,7,89.58,1954.7,APXMIDP
2025-01-13T02:30:00Z,APXMIDP,2025-01-13,6,78.12,1808.05,APXMIDP
2025-01-13T02:00:00Z,APXMIDP,2025-01-13,5,83.71,1861.0,APXMIDP
2025-01-13T01:30:00Z,APXMIDP,2025-01-13,4,79.54,1804.55,APXMIDP
2025-01-13T01:00:00Z,APXMIDP,2025-01-13,3,83.91,1587.3,APXMIDP
2025-01-13T00:30:00Z,APXMIDP,2025-01-13,2,93.55,2050.4,APXMIDP
2025-01-13T00:00:00Z,APXMIDP,2025-01-13,1,94.39,1961.25,APXMIDP
2025-01-12T23:30:00Z,APXMIDP,2025-01-12,48,91.07,1786.7,APXMIDP
2025-01-12T23:00:00Z,APXMIDP,2025-01-12,47,75.66,1487.4,APXMIDP
2025-01-12T22:30:00Z,APXMIDP,2025-01-12,46,92.75,1887.5,APXMIDP
2025-01-12T22:00:00Z,APXMIDP,2025-01-12,45,96.5,1906.25,APXMIDP
2025-01-12T21:30:00Z,APXMIDP,2025-01-12,44,98.17,1507.1,APXMIDP
2025-01-12T21:00:00Z,APXMIDP,2025-01-12,43,104.05,2205.6,APXMIDP
2025-01-12T20:30:00Z,APXMIDP,2025-01-12,42,101.48,2021.65,APXMIDP
2025-01-12T20:00:00Z,APXMIDP,2025-01-12,41,102.19,2536.9,APXMIDP
2025-01-12T19:30:00Z,APXMIDP,2025-01-12,40,107.93,1611.7,APXMIDP
2025-01-12T19:00:00Z,APXMIDP,2025-01-12,39,121.63,1884.5,APXMIDP
2025-01-12T18:30:00Z,APXMIDP,2025-01-12,38,121.77,2885.9,APXMIDP
2025-01-12T18:00:00Z,APXMIDP,2025-01-12,37,127.24,2875.5,APXMIDP
2025-01-12T17:30:00Z,APXMIDP,2025-01-12,36,125.34,2930.6,APXMIDP
2025-01-12T17:00:00Z,APXMIDP,2025-01-12,35,126.1,2944.9,APXMIDP
2025-01-12T16:30:00Z,APXMIDP,2025-01-12,34,126.3,2575.25,APXMIDP
2025-01-12T16:00:00Z,APXMIDP,2025-01-12,33,123.01,2434.25,APXMIDP
2025-01-12T15:30:00Z,APXMIDP,2025-01-12,32,119.68,1919.35,APXMIDP
2025-01-12T15:00:00Z,APXMIDP,2025-01-12,31,118.72,2383.45,APXMIDP
2025-01-12T14:30:00Z,APXMIDP,2025-01-12,30,104.61,2718.8,APXMIDP
2025-01-12T14:00:00Z,APXMIDP,2025-01-12,29,101.31,2400.3,APXMIDP
2025-01-12T13:30:00Z,APXMIDP,2025-01-12,28,107.15,1966.3,APXMIDP
2025-01-12T13:00:00Z,APXMIDP,2025-01-12,27,119.46,1600.45,APXMIDP
2025-01-12T12:30:00Z,APXMIDP,2025-01-12,26,120.12,1612.15,APXMIDP
2025-01-12T12:00:00Z,APXMIDP,2025-01-12,25,121.98,1561.4,APXMIDP
2025-01-12T11:30:00Z,APXMIDP,2025-01-12,24,121.83,1694.9,APXMIDP
2025-01-12T11:00:00Z,APXMIDP,2025-01-12,23,125.06,1722.6,APXMIDP
2025-01-12T10:30:00Z,APXMIDP,2025-01-12,22,121.37,1824.1,APXMIDP
2025-01-12T10:00:00Z,APXMIDP,2025-01-12,21,119.48,1712.15,APXMIDP
2025-01-12T09:30:00Z,APXMIDP,2025-01-12,20,115.47,1704.9,APXMIDP
2025-01-12T09:00:00Z,APXMIDP,2025-01-12,19,110.49,1416.9,APXMIDP
2025-01-12T08:30:00Z,APXMIDP,2025-01-12,18,103.87,1481.7,APXMIDP
2025-01-12T08:00:00Z,APXMIDP,2025-01-12,17,95.4,1468.3,APXMIDP
2025-01-12T07:30:00Z,APXMIDP,2025-01-12,16,99.07,1491.9,APXMIDP
2025-01-12T07:00:00Z,APXMIDP,2025-01-12,15,90.83,1402.05,APXMIDP
2025-01-12T06:30:00Z,APXMIDP,2025-01-12,14,86.61,1661.15,APXMIDP
2025-01-12T06:00:00Z,APXMIDP,2025-01-12,13,86.63,1479.05,APXMIDP
2025-01-12T05:30:00Z,APXMIDP,2025-01-12,12,87.46,1282.95,APXMIDP
2025-01-12T05:00:00Z,APXMIDP,2025-01-12,11,90.77,1324.75,APXMIDP
2025-01-12T04:30:00Z,APXMIDP,2025-01-12,10,93.46,1680.2,APXMIDP
2025-01-12T04:00:00Z,APXMIDP,2025-01-12,9,96.29,1525.1,APXMIDP
2025-01-12T03:30:00Z,APXMIDP,2025-01-12,8,98.98,1421.8,APXMIDP
2025-01-12T03:00:00Z,APXMIDP,2025-01-12,7,101.6,1282.6,APXMIDP
2025-01-12T02:30:00Z,APXMIDP,2025-01-12,6,101.38,1502.05,APXMIDP
2025-01-12T02:00:00Z,APXMIDP,2025-01-12,5,100.89,1467.7,APXMIDP
2025-01-12T01:30:00Z,APXMIDP,2025-01-12,4,106.92,1389.2,APXMIDP
2025-01-12T01:00:00Z,APXMIDP,2025-01-12,3,118.4,1475.95,APXMIDP
2025-01-12T00:30:00Z,APXMIDP,2025-01-12,2,119.57,1332.2,APXMIDP
2025-01-12T00:00:00Z,APXMIDP,2025-01-12,1,113.81,1005.4,APXMIDP
2025-01-11T23:30:00Z,APXMIDP,2025-01-11,48,110.03,1225.05,APXMIDP
2025-01-11T23:00:00Z,APXMIDP,2025-01-11,47,106.88,898.4,APXMIDP
2025-01-11T22:30:00Z,APXMIDP,2025-01-11,46,104.55,1843.05,APXMIDP
2025-01-11T22:00:00Z,APXMIDP,2025-01-11,45,108.86,2046.1,APXMIDP
2025-01-11T21:30:00Z,APXMIDP,2025-01-11,44,105.92,1787.45,APXMIDP
2025-01-11T21:00:00Z,APXMIDP,2025-01-11,43,108.13,1820.3,APXMIDP
2025-01-11T20:30:00Z,APXMIDP,2025-01-11,42,105.94,1650.05,APXMIDP
2025-01-11T20:00:00Z,APXMIDP,2025-01-11,41,114.23,1658.3,APXMIDP
2025-01-11T19:30:00Z,APXMIDP,2025-01-11,40,121.03,2042.75,APXMIDP
2025-01-11T19:00:00Z,APXMIDP,2025-01-11,39,135.69,2058.75,APXMIDP
2025-01-11T18:30:00Z,APXMIDP,2025-01-11,38,151.25,2130.1,APXMIDP
2025-01-11T18:00:00Z,APXMIDP,2025-01-11,37,152.74,2206.9,APXMIDP
2025-01-11T17:30:00Z,APXMIDP,2025-01-11,36,147.73,2205.75,APXMIDP
2025-01-11T17:00:00Z,APXMIDP,2025-01-11,35,147.41,2406.9,APXMIDP
2025-01-11T16:30:00Z,APXMIDP,2025-01-11,34,147.75,2191.0,APXMIDP
2025-01-11T16:00:00Z,APXMIDP,2025-01-11,33,123.87,1682.75,APXMIDP
2025-01-11T15:30:00Z,APXMIDP,2025-01-11,32,103.8,1957.55,APXMIDP
2025-01-11T15:00:00Z,APXMIDP,2025-01-11,31,100.41,1595.45,APXMIDP
2025-01-11T14:30:00Z,APXMIDP,2025-01-11,30,96.65,2023.95,APXMIDP
2025-01-11T14:00:00Z,APXMIDP,2025-01-11,29,93.72,2085.05,APXMIDP
2025-01-11T13:30:00Z,APXMIDP,2025-01-11,28,95.22,1981.55,APXMIDP
2025-01-11T13:00:00Z,APXMIDP,2025-01-11,27,93.84,1926.7,APXMIDP
2025-01-11T12:30:00Z,APXMIDP,2025-01-11,26,95.27,1760.1,APXMIDP
2025-01-11T12:00:00Z,APXMIDP,2025-01-11,25,93.9,2038.2,APXMIDP
2025-01-11T11:30:00Z,APXMIDP,2025-01-11,24,92.55,2201.7,APXMIDP
2025-01-11T11:00:00Z,APXMIDP,2025-01-11,23,92.65,1587.0,APXMIDP
2025-01-11T10:30:00Z,APXMIDP,2025-01-11,22,98.72,1835.65,APXMIDP
2025-01-11T10:00:00Z,APXMIDP,2025-01-11,21,107.85,2005.4,APXMIDP
2025-01-11T09:30:00Z,APXMIDP,2025-01-11,20,112.19,1715.8,APXMIDP
2025-01-11T09:00:00Z,APXMIDP,2025-01-11,19,109.94,1841.9,APXMIDP
2025-01-11T08:30:00Z,APXMIDP,2025-01-11,18,112.63,1802.7,APXMIDP
2025-01-11T08:00:00Z,APXMIDP,2025-01-11,17,91.87,1847.1,APXMIDP
2025-01-11T07:30:00Z,APXMIDP,2025-01-11,16,95.31,1444.7,APXMIDP
2025-01-11T07:00:00Z,APXMIDP,2025-01-11,15,102.99,1467.55,APXMIDP
2025-01-11T06:30:00Z,APXMIDP,2025-01-11,14,96.33,1506.1,APXMIDP
2025-01-11T06:00:00Z,APXMIDP,2025-01-11,13,96.46,1745.0,APXMIDP
2025-01-11T05:30:00Z,APXMIDP,2025-01-11,12,90.26,1390.15,APXMIDP
2025-01-11T05:00:00Z,APXMIDP,2025-01-11,11,91.77,1330.35,APXMIDP
2025-01-11T04:30:00Z,APXMIDP,2025-01-11,10,89.9,1164.95,APXMIDP
2025-01-11T04:00:00Z,APXMIDP,2025-01-11,9,89.29,1206.4,APXMIDP
2025-01-11T03:30:00Z,APXMIDP,2025-01-11,8,95.04,893.0,APXMIDP
2025-01-11T03:00:00Z,APXMIDP,2025-01-11,7,98.27,1102.35,APXMIDP
2025-01-11T02:30:00Z,APXMIDP,2025-01-11,6,99.79,832.2,APXMIDP
2025-01-11T02:00:00Z,APXMIDP,2025-01-11,5,106.5,1088.9,APXMIDP
2025-01-11T01:30:00Z,APXMIDP,2025-01-11,4,101.08,1017.45,APXMIDP
2025-01-11T01:00:00Z,APXMIDP,2025-01-11,3,99.9,1063.55,APXMIDP
2025-01-11T00:30:00Z,APXMIDP,2025-01-11,2,108.86,788.45,APXMIDP
2025-01-11T00:00:00Z,APXMIDP,2025-01-11,1,103.61,959.35,APXMIDP
2025-01-10T23:30:00Z,APXMIDP,2025-01-10,48,104.47,1218.1,APXMIDP
2025-01-10T23:00:00Z,APXMIDP,2025-01-10,47,115.79,1395.65,APXMIDP
2025-01-10T22:30:00Z,APXMIDP,2025-01-10,46,106.08,2118.15,APXMIDP
2025-01-10T22:00:00Z,APXMIDP,2025-01-10,45,105.92,2417.5,APXMIDP
2025-01-10T21:30:00Z,APXMIDP,2025-01-10,44,111.03,1992.5,APXMIDP
2025-01-10T21:00:00Z,APXMIDP,2025-01-10,43,115.16,2006.45,APXMIDP
2025-01-10T20:30:00Z,APXMIDP,2025-01-10,42,112.05,2259.95,APXMIDP
2025-01-10T20:00:00Z,APXMIDP,2025-01-10,41,121.44,2590.15,APXMIDP
2025-01-10T19:30:00Z,APXMIDP,2025-01-10,40,129.27,3456.4,APXMIDP
2025-01-10T19:00:00Z,APXMIDP,2025-01-10,39,131.91,3301.7,APXMIDP
2025-01-10T18:30:00Z,APXMIDP,2025-01-10,38,132.14,4225.7,APXMIDP
2025-01-10T18:00:00Z,APXMIDP,2025-01-10,37,140.72,4284.4,APXMIDP
2025-01-10T17:30:00Z,APXMIDP,2025-01-10,36,142.72,4323.9,APXMIDP
2025-01-10T17:00:00Z,APXMIDP,2025-01-10,35,142.72,4158.95,APXMIDP
2025-01-10T16:30:00Z,APXMIDP,2025-01-10,34,141.13,4478.15,APXMIDP
2025-01-10T16:00:00Z,APXMIDP,2025-01-10,33,127.99,4023.25,APXMIDP
2025-01-10T15:30:00Z,APXMIDP,2025-01-10,32,128.29,4523.2,APXMIDP
2025-01-10T15:00:00Z,APXMIDP,2025-01-10,31,124.21,4702.35,APXMIDP
2025-01-10T14:30:00Z,APXMIDP,2025-01-10,30,109.8,4988.85,APXMIDP
2025-01-10T14:00:00Z,APXMIDP,2025-01-10,29,110.61,4912.9,APXMIDP
2025-01-10T13:30:00Z,APXMIDP,2025-01-10,28,116.39,4244.75,APXMIDP
2025-01-10T13:00:00Z,APXMIDP,2025-01-10,27,118.22,4243.15,APXMIDP
2025-01-10T12:30:00Z,APXMIDP,2025-01-10,26,120.52,4353.25,APXMIDP
2025-01-10T12:00:00Z,APXMIDP,2025-01-10,25,128.03,4374.05,APXMIDP
2025-01-10T11:30:00Z,APXMIDP,2025-01-10,24,117.4,3991.35,APXMIDP
2025-01-10T11:00:00Z,APXMIDP,2025-01-10,23,121.17,3706.8,APXMIDP
2025-01-10T10:30:00Z,APXMIDP,2025-01-10,22,132.47,3094.95,APXMIDP
2025-01-10T10:00:00Z,APXMIDP,2025-01-10,21,133.43,2467.35,APXMIDP
2025-01-10T09:30:00Z,APXMIDP,2025-01-10,20,131.71,2416.7,APXMIDP
2025-01-10T09:00:00Z,APXMIDP,2025-01-10,19,139.66,2229.55,APXMIDP
2025-01-10T08:30:00Z,APXMIDP,2025-01-10,18,140.86,2702.5,APXMIDP
2025-01-10T08:00:00Z,APXMIDP,2025-01-10,17,142.92,2727.9,APXMIDP
2025-01-10T07:30:00Z,APXMIDP,2025-01-10,16,123.04,2894.15,APXMIDP
2025-01-10T07:00:00Z,APXMIDP,2025-01-10,15,114.37,2212.1,APXMIDP
2025-01-10T06:30:00Z,APXMIDP,2025-01-10,14,113.0,2210.25,APXMIDP
2025-01-10T06:00:00Z,APXMIDP,2025-01-10,13,99.79,2267.55,APXMIDP
2025-01-10T05:30:00Z,APXMIDP,2025-01-10,12,90.79,2135.45,APXMIDP
2025-01-10T05:00:00Z,APXMIDP,2025-01-10,11,91.45,2352.35,APXMIDP
2025-01-10T04:30:00Z,APXMIDP,2025-01-10,10,77.7,1663.3,APXMIDP
2025-01-10T04:00:00Z,APXMIDP,2025-01-10,9,78.69,1887.55,APXMIDP
2025-01-10T03:30:00Z,APXMIDP,2025-01-10,8,76.39,1408.0,APXMIDP
2025-01-10T03:00:00Z,APXMIDP,2025-01-10,7,77.17,1846.95,APXMIDP
2025-01-10T02:30:00Z,APXMIDP,2025-01-10,6,81.49,2286.0,APXMIDP
2025-01-10T02:00:00Z,APXMIDP,2025-01-10,5,80.59,2425.45,APXMIDP
2025-01-10T01:30:00Z,APXMIDP,2025-01-10,4,91.17,2217.7,APXMIDP
2025-01-10T01:00:00Z,APXMIDP,2025-01-10,3,87.78,1975.6,APXMIDP
2025-01-10T00:30:00Z,APXMIDP,2025-01-10,2,74.31,2042.85,APXMIDP
2025-01-10T00:00:00Z,APXMIDP,2025-01-10,1,70.3,1676.7,APXMIDP
2025-01-09T23:30:00Z,APXMIDP,2025-01-09,48,76.69,1692.4,APXMIDP
2025-01-09T23:00:00Z,APXMIDP,2025-01-09,47,72.56,1524.5,APXMIDP
2025-01-09T22:30:00Z,APXMIDP,2025-01-09,46,80.44,3067.0,APXMIDP
2025-01-09T22:00:00Z,APXMIDP,2025-01-09,45,86.47,3615.55,APXMIDP
2025-01-09T21:30:00Z,APXMIDP,2025-01-09,44,88.77,3309.25,APXMIDP
2025-01-09T21:00:00Z,APXMIDP,2025-01-09,43,84.06,2442.5,APXMIDP
2025-01-09T20:30:00Z,APXMIDP,2025-01-09,42,94.2,3619.4,APXMIDP
2025-01-09T20:00:00Z,APXMIDP,2025-01-09,41,94.01,2760.35,APXMIDP
2025-01-09T19:30:00Z,APXMIDP,2025-01-09,40,94.29,2644.65,APXMIDP
2025-01-09T19:00:00Z,APXMIDP,2025-01-09,39,99.34,2591.2,APXMIDP
2025-01-09T18:30:00Z,APXMIDP,2025-01-09,38,108.97,3795.85,APXMIDP
2025-01-09T18:00:00Z,APXMIDP,2025-01-09,37,112.44,4277.0,APXMIDP
2025-01-09T17:30:00Z,APXMIDP,2025-01-09,36,106.49,4024.9,APXMIDP
2025-01-09T17:00:00Z,APXMIDP,2025-01-09,35,101.55,3685.85,APXMIDP
2025-01-09T16:30:00Z,APXMIDP,2025-01-09,34,111.73,3931.4,APXMIDP
2025-01-09T16:00:00Z,APXMIDP,2025-01-09,33,110.26,3059.45,APXMIDP
2025-01-09T15:30:00Z,APXMIDP,2025-01-09,32,109.62,3133.55,APXMIDP
2025-01-09T15:00:00Z,APXMIDP,2025-01-09,31,103.16,2448.2,APXMIDP
2025-01-09T14:30:00Z,APXMIDP,2025-01-09,30,105.52,3366.7,APXMIDP
2025-01-09T14:00:00Z,APXMIDP,2025-01-09,29,106.37,3434.7,APXMIDP
2025-01-09T13:30:00Z,APXMIDP,2025-01-09,28,107.46,3120.9,APXMIDP
2025-01-09T13:00:00Z,APXMIDP,2025-01-09,27,110.3,2996.0,APXMIDP
2025-01-09T12:30:00Z,APXMIDP,2025-01-09,26,114.18,3006.2,APXMIDP
2025-01-09T12:00:00Z,APXMIDP,2025-01-09,25,115.87,3354.0,APXMIDP
2025-01-09T11:30:00Z,APXMIDP,2025-01-09,24,118.48,3010.6,APXMIDP
2025-01-09T11:00:00Z,APXMIDP,2025-01-09,23,117.69,3107.9,APXMIDP
2025-01-09T10:30:00Z,APXMIDP,2025-01-09,22,125.96,3232.3,APXMIDP
2025-01-09T10:00:00Z,APXMIDP,2025-01-09,21,132.7,3262.55,APXMIDP
2025-01-09T09:30:00Z,APXMIDP,2025-01-09,20,135.05,3195.45,APXMIDP
2025-01-09T09:00:00Z,APXMIDP,2025-01-09,19,134.84,3362.65,APXMIDP
2025-01-09T08:30:00Z,APXMIDP,2025-01-09,18,130.28,2839.95,APXMIDP
2025-01-09T08:00:00Z,APXMIDP,2025-01-09,17,127.75,2457.7,APXMIDP
2025-01-09T07:30:00Z,APXMIDP,2025-01-09,16,125.81,2603.45,APXMIDP
2025-01-09T07:00:00Z,APXMIDP,2025-01-09,15,112.9,2598.1,APXMIDP
2025-01-09T06:30:00Z,APXMIDP,2025-01-09,14,97.84,2128.3,APXMIDP
2025-01-09T06:00:00Z,APXMIDP,2025-01-09,13,100.93,2532.55,APXMIDP
2025-01-09T05:30:00Z,APXMIDP,2025-01-09,12,91.07,2501.9,APXMIDP
2025-01-09T05:00:00Z,APXMIDP,2025-01-09,11,90.07,1910.0,APXMIDP
2025-01-09T04:30:00Z,APXMIDP,2025-01-09,10,94.42,2164.35,APXMIDP
2025-01-09T04:00:00Z,APXMIDP,2025-01-09,9,96.21,1781.9,APXMIDP
2025-01-09T03:30:00Z,APXMIDP,2025-01-09,8,89.1,1674.7,APXMIDP
2025-01-09T03:00:00Z,APXMIDP,2025-01-09,7,97.79,1444.55,APXMIDP
2025-01-09T02:30:00Z,APXMIDP,2025-01-09,6,105.63,1938.0,APXMIDP
2025-01-09T02:00:00Z,APXMIDP,2025-01-09,5,109.92,2036.5,APXMIDP
2025-01-09T01:30:00Z,APXMIDP,2025-01-09,4,113.16,2145.55,APXMIDP
2025-01-09T01:00:00Z,APXMIDP,2025-01-09,3,124.44,1905.6,APXMIDP
2025-01-09T00:30:00Z,APXMIDP,2025-01-09,2,122.38,2134.9,APXMIDP
2025-01-09T00:00:00Z,APXMIDP,2025-01-09,1,118.32,1550.35,APXMIDP
2025-01-08T23:30:00Z,APXMIDP,2025-01-08,48,109.42,1777.25,APXMIDP
2025-01-08T23:00:00Z,APXMIDP,2025-01-08,47,112.17,1834.5,APXMIDP
2025-01-08T22:30:00Z,APXMIDP,2025-01-08,46,127.09,2482.85,APXMIDP
2025-01-08T22:00:00Z,APXMIDP,2025-01-08,45,132.88,2698.9,APXMIDP
2025-01-08T21:30:00Z,APXMIDP,2025-01-08,44,142.46,2247.2,APXMIDP
2025-01-08T21:00:00Z,APXMIDP,2025-01-08,43,166.44,2513.75,APXMIDP
2025-01-08T20:30:00Z,APXMIDP,2025-01-08,42,217.16,2393.35,APXMIDP
2025-01-08T20:00:00Z,APXMIDP,2025-01-08,41,234.63,2155.2,APXMIDP
2025-01-08T19:30:00Z,APXMIDP,2025-01-08,40,317.09,2263.6,APXMIDP
2025-01-08T19:00:00Z,APXMIDP,2025-01-08,39,433.01,1819.4,APXMIDP
2025-01-08T18:30:00Z,APXMIDP,2025-01-08,38,979.14,2071.6,APXMIDP
2025-01-08T18:00:00Z,APXMIDP,2025-01-08,37,1051.13,1851.75,APXMIDP
2025-01-08T17:30:00Z,APXMIDP,2025-01-08,36,1285.63,1965.4,APXMIDP
2025-01-08T17:00:00Z,APXMIDP,2025-01-08,35,1309.12,1714.45,APXMIDP
2025-01-08T16:30:00Z,APXMIDP,2025-01-08,34,1352.9,2196.2,APXMIDP
2025-01-08T16:00:00Z,APXMIDP,2025-01-08,33,977.92,1942.3,APXMIDP
2025-01-08T15:30:00Z,APXMIDP,2025-01-08,32,932.85,2261.15,APXMIDP
2025-01-08T15:00:00Z,APXMIDP,2025-01-08,31,871.93,2283.55,APXMIDP
2025-01-08T14:30:00Z,APXMIDP,2025-01-08,30,576.38,2843.35,APXMIDP
2025-01-08T14:00:00Z,APXMIDP,2025-01-08,29,654.19,2865.35,APXMIDP
2025-01-08T13:30:00Z,APXMIDP,2025-01-08,28,630.12,2892.4,APXMIDP
2025-01-08T13:00:00Z,APXMIDP,2025-01-08,27,622.95,2617.25,APXMIDP
2025-01-08T12:30:00Z,APXMIDP,2025-01-08,26,367.46,2804.2,APXMIDP
2025-01-08T12:00:00Z,APXMIDP,2025-01-08,25,214.42,2649.35,APXMIDP
2025-01-08T11:30:00Z,APXMIDP,2025-01-08,24,187.55,3096.45,APXMIDP
2025-01-08T11:00:00Z,APXMIDP,2025-01-08,23,182.95,2803.4,APXMIDP
2025-01-08T10:30:00Z,APXMIDP,2025-01-08,22,175.15,2630.75,APXMIDP
2025-01-08T10:00:00Z,APXMIDP,2025-01-08,21,168.85,2622.8,APXMIDP
2025-01-08T09:30:00Z,APXMIDP,2025-01-08,20,167.55,2697.55,APXMIDP
2025-01-08T09:00:00Z,APXMIDP,2025-01-08,19,158.04,2348.8,APXMIDP
2025-01-08T08:30:00Z,APXMIDP,2025-01-08,18,128.37,2106.95,APXMIDP
2025-01-08T08:00:00Z,APXMIDP,2025-01-08,17,106.22,2238.35,APXMIDP
2025-01-08T07:30:00Z,APXMIDP,2025-01-08,16,95.33,2883.4,APXMIDP
2025-01-08T07:00:00Z,APXMIDP,2025-01-08,15,84.77,2838.7,APXMIDP
2025-01-08T06:30:00Z,APXMIDP,2025-01-08,14,88.5,2886.5,APXMIDP
2025-01-08T06:00:00Z,APXMIDP,2025-01-08,13,86.84,2827.75,APXMIDP
2025-01-08T05:30:00Z,APXMIDP,2025-01-08,12,65.45,2658.85,APXMIDP
2025-01-08T05:00:00Z,APXMIDP,2025-01-08,11,72.38,2803.45,APXMIDP
2025-01-08T04:30:00Z,APXMIDP,2025-01-08,10,64.16,2884.15,APXMIDP
2025-01-08T04:00:00Z,APXMIDP,2025-01-08,9,61.25,2490.7,APXMIDP
2025-01-08T03:30:00Z,APXMIDP,2025-01-08,8,53.65,1959.05,APXMIDP
2025-01-08T03:00:00Z,APXMIDP,2025-01-08,7,51.71,2044.0,APXMIDP
2025-01-08T02:30:00Z,APXMIDP,2025-01-08,6,56.86,2400.95,APXMIDP
2025-01-08T02:00:00Z,APXMIDP,2025-01-08,5,54.93,2610.1,APXMIDP
2025-01-08T01:30:00Z,APXMIDP,2025-01-08,4,53.82,2213.45,APXMIDP
2025-01-08T01:00:00Z,APXMIDP,2025-01-08,3,55.86,2348.8,APXMIDP
2025-01-08T00:30:00Z,APXMIDP,2025-01-08,2,56.66,2554.6,APXMIDP
2025-01-22T01:00:00Z,APXMIDP,2025-01-22,3,102.36,2041.6,APXMIDP
2025-01-22T00:30:00Z,APXMIDP,2025-01-22,2,107.04,2221.8,APXMIDP
2025-01-22T00:00:00Z,APXMIDP,2025-01-22,1,109.09,1503.8,APXMIDP
2025-01-21T23:30:00Z,APXMIDP,2025-01-21,48,107.41,1357.75,APXMIDP
2025-01-21T23:00:00Z,APXMIDP,2025-01-21,47,101.38,1669.05,APXMIDP
2025-01-21T22:30:00Z,APXMIDP,2025-01-21,46,112.26,2273.25,APXMIDP
2025-01-21T22:00:00Z,APXMIDP,2025-01-21,45,121.15,1959.65,APXMIDP
2025-01-21T21:30:00Z,APXMIDP,2025-01-21,44,119.69,2232.35,APXMIDP
2025-01-21T21:00:00Z,APXMIDP,2025-01-21,43,143.21,2601.35,APXMIDP
2025-01-21T20:30:00Z,APXMIDP,2025-01-21,42,154.77,3092.2,APXMIDP
2025-01-21T20:00:00Z,APXMIDP,2025-01-21,41,177.25,3353.1,APXMIDP
2025-01-21T19:30:00Z,APXMIDP,2025-01-21,40,161.36,2869.75,APXMIDP
2025-01-21T19:00:00Z,APXMIDP,2025-01-21,39,169.41,3185.2,APXMIDP
2025-01-21T18:30:00Z,APXMIDP,2025-01-21,38,198.75,3322.35,APXMIDP
2025-01-21T18:00:00Z,APXMIDP,2025-01-21,37,206.31,3324.1,APXMIDP
2025-01-21T17:30:00Z,APXMIDP,2025-01-21,36,217.63,4035.0,APXMIDP
2025-01-21T17:00:00Z,APXMIDP,2025-01-21,35,221.62,3794.1,APXMIDP
2025-01-21T16:30:00Z,APXMIDP,2025-01-21,34,210.98,3309.7,APXMIDP
2025-01-21T16:00:00Z,APXMIDP,2025-01-21,33,182.27,3009.6,APXMIDP
2025-01-21T15:30:00Z,APXMIDP,2025-01-21,32,190.24,3168.4,APXMIDP
2025-01-21T15:00:00Z,APXMIDP,2025-01-21,31,186.93,3391.15,APXMIDP
2025-01-21T14:30:00Z,APXMIDP,2025-01-21,30,156.58,3966.45,APXMIDP
2025-01-21T14:00:00Z,APXMIDP,2025-01-21,29,135.43,3967.65,APXMIDP
2025-01-21T13:30:00Z,APXMIDP,2025-01-21,28,144.78,3607.85,APXMIDP
2025-01-21T13:00:00Z,APXMIDP,2025-01-21,27,138.15,4256.7,APXMIDP
2025-01-21T12:30:00Z,APXMIDP,2025-01-21,26,131.59,4508.5,APXMIDP
2025-01-21T12:00:00Z,APXMIDP,2025-01-21,25,126.01,3845.7,APXMIDP
2025-01-21T11:30:00Z,APXMIDP,2025-01-21,24,118.18,2795.65,APXMIDP
2025-01-21T11:00:00Z,APXMIDP,2025-01-21,23,123.05,3148.5,APXMIDP
2025-01-21T10:30:00Z,APXMIDP,2025-01-21,22,147.23,3544.85,APXMIDP
2025-01-21T10:00:00Z,APXMIDP,2025-01-21,21,148.17,3361.05,APXMIDP
2025-01-21T09:30:00Z,APXMIDP,2025-01-21,20,157.79,3432.85,APXMIDP
2025-01-21T09:00:00Z,APXMIDP,2025-01-21,19,156.33,3168.15,APXMIDP
2025-01-21T08:30:00Z,APXMIDP,2025-01-21,18,165.08,3318.8,APXMIDP
2025-01-21T08:00:00Z,APXMIDP,2025-01-21,17,163.74,3223.7,APXMIDP
2025-01-21T07:30:00Z,APXMIDP,2025-01-21,16,142.88,3159.05,APXMIDP
2025-01-21T07:00:00Z,APXMIDP,2025-01-21,15,133.72,2379.65,APXMIDP
2025-01-21T06:30:00Z,APXMIDP,2025-01-21,14,134.62,2652.95,APXMIDP
2025-01-21T06:00:00Z,APXMIDP,2025-01-21,13,122.1,2121.8,APXMIDP
2025-01-21T05:30:00Z,APXMIDP,2025-01-21,12,101.12,1964.35,APXMIDP
2025-01-21T05:00:00Z,APXMIDP,2025-01-21,11,101.54,1870.95,APXMIDP
2025-01-21T04:30:00Z,APXMIDP,2025-01-21,10,101.28,2092.25,APXMIDP
2025-01-21T04:00:00Z,APXMIDP,2025-01-21,9,104.2,2080.45,APXMIDP
2025-01-21T03:30:00Z,APXMIDP,2025-01-21,8,103.31,1902.1,APXMIDP
2025-01-21T03:00:00Z,APXMIDP,2025-01-21,7,99.31,1831.05,APXMIDP
2025-01-21T02:30:00Z,APXMIDP,2025-01-21,6,103.57,1598.75,APXMIDP
2025-01-21T02:00:00Z,APXMIDP,2025-01-21,5,104.22,1586.1,APXMIDP
2025-01-21T01:30:00Z,APXMIDP,2025-01-21,4,103.56,1540.1,APXMIDP
2025-01-21T01:00:00Z,APXMIDP,2025-01-21,3,107.58,1340.75,APXMIDP
2025-01-21T00:30:00Z,APXMIDP,2025-01-21,2,117.73,1314.6,APXMIDP
2025-01-21T00:00:00Z,APXMIDP,2025-01-21,1,112.48,1518.0,APXMIDP
2025-01-20T23:30:00Z,APXMIDP,2025-01-20,48,107.76,1485.5,APXMIDP
2025-01-20T23:00:00Z,APXMIDP,2025-01-20,47,119.69,1834.8,APXMIDP
2025-01-20T22:30:00Z,APXMIDP,2025-01-20,46,109.0,2841.6,APXMIDP
2025-01-20T22:00:00Z,APXMIDP,2025-01-20,45,118.58,2902.2,APXMIDP
2025-01-20T21:30:00Z,APXMIDP,2025-01-20,44,110.74,2813.9,APXMIDP
2025-01-20T21:00:00Z,APXMIDP,2025-01-20,43,132.36,3323.2,APXMIDP
2025-01-20T20:30:00Z,APXMIDP,2025-01-20,42,130.46,2860.35,APXMIDP
2025-01-20T20:00:00Z,APXMIDP,2025-01-20,41,143.65,2915.15,APXMIDP
2025-01-20T19:30:00Z,APXMIDP,2025-01-20,40,157.14,3690.75,APXMIDP
2025-01-20T19:00:00Z,APXMIDP,2025-01-20,39,166.79,3871.7,APXMIDP
2025-01-20T18:30:00Z,APXMIDP,2025-01-20,38,195.59,3813.15,APXMIDP
2025-01-20T18:00:00Z,APXMIDP,2025-01-20,37,202.9,4169.0,APXMIDP
2025-01-20T17:30:00Z,APXMIDP,2025-01-20,36,269.63,4550.65,APXMIDP
2025-01-20T17:00:00Z,APXMIDP,2025-01-20,35,237.89,4428.0,APXMIDP
2025-01-20T16:30:00Z,APXMIDP,2025-01-20,34,230.05,3453.05,APXMIDP
2025-01-20T16:00:00Z,APXMIDP,2025-01-20,33,201.65,3064.2,APXMIDP
2025-01-20T15:30:00Z,APXMIDP,2025-01-20,32,216.2,3158.15,APXMIDP
2025-01-20T15:00:00Z,APXMIDP,2025-01-20,31,216.77,3436.7,APXMIDP
2025-01-20T14:30:00Z,APXMIDP,2025-01-20,30,187.1,3911.35,APXMIDP
2025-01-20T14:00:00Z,APXMIDP,2025-01-20,29,190.47,4148.05,APXMIDP
2025-01-20T13:30:00Z,APXMIDP,2025-01-20,28,178.98,3979.15,APXMIDP
2025-01-20T13:00:00Z,APXMIDP,2025-01-20,27,185.1,3885.4,APXMIDP
2025-01-20T12:30:00Z,APXMIDP,2025-01-20,26,180.66,3476.15,APXMIDP
2025-01-20T12:00:00Z,APXMIDP,2025-01-20,25,189.06,3519.0,APXMIDP
2025-01-20T11:30:00Z,APXMIDP,2025-01-20,24,171.35,3040.95,APXMIDP
2025-01-20T11:00:00Z,APXMIDP,2025-01-20,23,173.83,3208.05,APXMIDP
2025-01-20T10:30:00Z,APXMIDP,2025-01-20,22,194.27,3531.85,APXMIDP
2025-01-20T10:00:00Z,APXMIDP,2025-01-20,21,193.51,3221.9,APXMIDP
2025-01-20T09:30:00Z,APXMIDP,2025-01-20,20,181.28,3175.2,APXMIDP
2025-01-20T09:00:00Z,APXMIDP,2025-01-20,19,178.77,3210.55,APXMIDP
2025-01-20T08:30:00Z,APXMIDP,2025-01-20,18,203.81,2477.85,APXMIDP
2025-01-20T08:00:00Z,APXMIDP,2025-01-20,17,182.49,2864.9,APXMIDP
2025-01-20T07:30:00Z,APXMIDP,2025-01-20,16,218.41,2644.95,APXMIDP
2025-01-20T07:00:00Z,APXMIDP,2025-01-20,15,190.44,2098.75,APXMIDP
2025-01-20T06:30:00Z,APXMIDP,2025-01-20,14,135.77,2618.4,APXMIDP
2025-01-20T06:00:00Z,APXMIDP,2025-01-20,13,114.37,2089.8,APXMIDP
2025-01-20T05:30:00Z,APXMIDP,2025-01-20,12,100.49,1783.05,APXMIDP
2025-01-20T05:00:00Z,APXMIDP,2025-01-20,11,100.2,1532.1,APXMIDP
2025-01-20T04:30:00Z,APXMIDP,2025-01-20,10,97.17,2166.95,APXMIDP
2025-01-20T04:00:00Z,APXMIDP,2025-01-20,9,99.68,2041.9,APXMIDP
2025-01-20T03:30:00Z,APXMIDP,2025-01-20,8,98.77,1793.15,APXMIDP
2025-01-20T03:00:00Z,APXMIDP,2025-01-20,7,93.35,1913.35,APXMIDP
2025-01-20T02:30:00Z,APXMIDP,2025-01-20,6,90.89,1517.6,APXMIDP
2025-01-20T02:00:00Z,APXMIDP,2025-01-20,5,95.55,1517.65,APXMIDP
2025-01-20T01:30:00Z,APXMIDP,2025-01-20,4,93.1,1167.55,APXMIDP
2025-01-20T01:00:00Z,APXMIDP,2025-01-20,3,96.8,1324.0,APXMIDP
2025-01-20T00:30:00Z,APXMIDP,2025-01-20,2,98.18,1417.15,APXMIDP
2025-01-20T00:00:00Z,APXMIDP,2025-01-20,1,96.5,1454.05,APXMIDP
2025-01-19T23:30:00Z,APXMIDP,2025-01-19,48,99.16,1306.45,APXMIDP
2025-01-19T23:00:00Z,APXMIDP,2025-01-19,47,99.67,1301.8,APXMIDP
2025-01-19T22:30:00Z,APXMIDP,2025-01-19,46,99.84,1769.7,APXMIDP
2025-01-19T22:00:00Z,APXMIDP,2025-01-19,45,108.36,1773.15,APXMIDP
2025-01-19T21:30:00Z,APXMIDP,2025-01-19,44,104.38,1367.8,APXMIDP
2025-01-19T21:00:00Z,APXMIDP,2025-01-19,43,130.43,1468.0,APXMIDP
2025-01-19T20:30:00Z,APXMIDP,2025-01-19,42,112.14,1212.8,APXMIDP
2025-01-19T20:00:00Z,APXMIDP,2025-01-19,41,126.46,1474.4,APXMIDP
2025-01-19T19:30:00Z,APXMIDP,2025-01-19,40,122.47,1386.6,APXMIDP
2025-01-19T19:00:00Z,APXMIDP,2025-01-19,39,138.46,1668.45,APXMIDP
2025-01-19T18:30:00Z,APXMIDP,2025-01-19,38,148.25,2010.8,APXMIDP
2025-01-19T18:00:00Z,APXMIDP,2025-01-19,37,149.71,2088.6,APXMIDP
2025-01-19T17:30:00Z,APXMIDP,2025-01-19,36,152.82,2126.4,APXMIDP
2025-01-19T17:00:00Z,APXMIDP,2025-01-19,35,149.19,1986.05,APXMIDP
2025-01-19T16:30:00Z,APXMIDP,2025-01-19,34,141.97,2275.7,APXMIDP
2025-01-19T16:00:00Z,APXMIDP,2025-01-19,33,140.96,2005.3,APXMIDP
2025-01-19T15:30:00Z,APXMIDP,2025-01-19,32,139.63,1945.05,APXMIDP
2025-01-19T15:00:00Z,APXMIDP,2025-01-19,31,125.2,1961.75,APXMIDP
2025-01-19T14:30:00Z,APXMIDP,2025-01-19,30,130.82,2222.05,APXMIDP
2025-01-19T14:00:00Z,APXMIDP,2025-01-19,29,135.17,1989.85,APXMIDP
2025-01-19T13:30:00Z,APXMIDP,2025-01-19,28,139.08,1681.6,APXMIDP
2025-01-19T13:00:00Z,APXMIDP,2025-01-19,27,141.3,1913.4,APXMIDP
2025-01-19T12:30:00Z,APXMIDP,2025-01-19,26,133.42,1817.55,APXMIDP
2025-01-19T12:00:00Z,APXMIDP,2025-01-19,25,124.94,1831.2,APXMIDP
2025-01-19T11:30:00Z,APXMIDP,2025-01-19,24,125.7,1889.35,APXMIDP
2025-01-19T11:00:00Z,APXMIDP,2025-01-19,23,120.45,1761.4,APXMIDP
2025-01-19T10:30:00Z,APXMIDP,2025-01-19,22,114.97,1916.7,APXMIDP
2025-01-19T10:00:00Z,APXMIDP,2025-01-19,21,113.31,1900.9,APXMIDP
2025-01-19T09:30:00Z,APXMIDP,2025-01-19,20,115.95,2072.7,APXMIDP
2025-01-19T09:00:00Z,APXMIDP,2025-01-19,19,108.42,1918.5,APXMIDP
2025-01-19T08:30:00Z,APXMIDP,2025-01-19,18,122.75,1875.0,APXMIDP
2025-01-19T08:00:00Z,APXMIDP,2025-01-19,17,103.66,2027.95,APXMIDP
2025-01-19T07:30:00Z,APXMIDP,2025-01-19,16,108.7,1701.05,APXMIDP
2025-01-19T07:00:00Z,APXMIDP,2025-01-19,15,102.68,1736.3,APXMIDP
2025-01-19T06:30:00Z,APXMIDP,2025-01-19,14,96.0,2075.9,APXMIDP
2025-01-19T06:00:00Z,APXMIDP,2025-01-19,13,96.62,2005.2,APXMIDP
2025-01-19T05:30:00Z,APXMIDP,2025-01-19,12,97.95,2160.9,APXMIDP
2025-01-19T05:00:00Z,APXMIDP,2025-01-19,11,97.14,1832.0,APXMIDP
2025-01-19T04:30:00Z,APXMIDP,2025-01-19,10,97.07,1820.4,APXMIDP
2025-01-19T04:00:00Z,APXMIDP,2025-01-19,9,98.22,1700.35,APXMIDP
2025-01-19T03:30:00Z,APXMIDP,2025-01-19,8,94.76,1722.55,APXMIDP
2025-01-19T03:00:00Z,APXMIDP,2025-01-19,7,100.45,1697.75,APXMIDP
2025-01-19T02:30:00Z,APXMIDP,2025-01-19,6,99.79,2283.9,APXMIDP
2025-01-19T02:00:00Z,APXMIDP,2025-01-19,5,100.28,2114.55,APXMIDP
2025-01-19T01:30:00Z,APXMIDP,2025-01-19,4,106.86,1928.25,APXMIDP
2025-01-19T01:00:00Z,APXMIDP,2025-01-19,3,112.22,1826.4,APXMIDP
2025-01-19T00:30:00Z,APXMIDP,2025-01-19,2,102.44,1483.35,APXMIDP
2025-01-19T00:00:00Z,APXMIDP,2025-01-19,1,92.46,1674.75,APXMIDP
2025-01-18T23:30:00Z,APXMIDP,2025-01-18,48,99.26,1352.25,APXMIDP
2025-01-18T23:00:00Z,APXMIDP,2025-01-18,47,102.0,1939.05,APXMIDP
2025-01-18T22:30:00Z,APXMIDP,2025-01-18,46,106.52,1956.15,APXMIDP
2025-01-18T22:00:00Z,APXMIDP,2025-01-18,45,107.29,1734.25,APXMIDP
2025-01-18T21:30:00Z,APXMIDP,2025-01-18,44,110.32,1788.55,APXMIDP
2025-01-18T21:00:00Z,APXMIDP,2025-01-18,43,110.74,1942.65,APXMIDP
2025-01-18T20:30:00Z,APXMIDP,2025-01-18,42,110.83,1981.7,APXMIDP
2025-01-18T20:00:00Z,APXMIDP,2025-01-18,41,119.68,2308.55,APXMIDP
2025-01-18T19:30:00Z,APXMIDP,2025-01-18,40,110.14,1970.4,APXMIDP
2025-01-18T19:00:00Z,APXMIDP,2025-01-18,39,124.3,2218.7,APXMIDP
2025-01-18T18:30:00Z,APXMIDP,2025-01-18,38,142.53,2616.45,APXMIDP
2025-01-18T18:00:00Z,APXMIDP,2025-01-18,37,147.62,2578.85,APXMIDP
2025-01-18T17:30:00Z,APXMIDP,2025-01-18,36,152.64,2694.95,APXMIDP
2025-01-18T17:00:00Z,APXMIDP,2025-01-18,35,150.87,2474.25,APXMIDP
2025-01-18T16:30:00Z,APXMIDP,2025-01-18,34,144.66,2446.25,APXMIDP
2025-01-18T16:00:00Z,APXMIDP,2025-01-18,33,136.73,1950.45,APXMIDP
2025-01-18T15:30:00Z,APXMIDP,2025-01-18,32,135.18,2121.95,APXMIDP
2025-01-18T15:00:00Z,APXMIDP,2025-01-18,31,129.33,1805.4,APXMIDP
2025-01-18T14:30:00Z,APXMIDP,2025-01-18,30,110.63,2933.2,APXMIDP
2025-01-18T14:00:00Z,APXMIDP,2025-01-18,29,109.9,2829.4,APXMIDP
2025-01-18T13:30:00Z,APXMIDP,2025-01-18,28,109.63,3002.9,APXMIDP
2025-01-18T13:00:00Z,APXMIDP,2025-01-18,27,111.55,2919.25,APXMIDP
2025-01-18T12:30:00Z,APXMIDP,2025-01-18,26,103.73,2984.7,APXMIDP
2025-01-18T12:00:00Z,APXMIDP,2025-01-18,25,110.76,2430.8,APXMIDP
2025-01-18T11:30:00Z,APXMIDP,2025-01-18,24,114.45,2487.55,APXMIDP
2025-01-18T11:00:00Z,APXMIDP,2025-01-18,23,108.98,2937.4,APXMIDP
2025-01-18T10:30:00Z,APXMIDP,2025-01-18,22,112.16,2947.2,APXMIDP
2025-01-18T10:00:00Z,APXMIDP,2025-01-18,21,109.46,2736.6,APXMIDP
2025-01-18T09:30:00Z,APXMIDP,2025-01-18,20,102.91,2652.05,APXMIDP
2025-01-18T09:00:00Z,APXMIDP,2025-01-18,19,96.25,2288.7,APXMIDP
2025-01-18T08:30:00Z,APXMIDP,2025-01-18,18,101.6,2442.25,APXMIDP
2025-01-18T08:00:00Z,APXMIDP,2025-01-18,17,97.67,1723.8,APXMIDP
2025-01-18T07:30:00Z,APXMIDP,2025-01-18,16,100.24,1661.95,APXMIDP
2025-01-18T07:00:00Z,APXMIDP,2025-01-18,15,103.56,1707.6,APXMIDP
2025-01-18T06:30:00Z,APXMIDP,2025-01-18,14,96.2,1693.45,APXMIDP
2025-01-18T06:00:00Z,APXMIDP,2025-01-18,13,96.82,1753.05,APXMIDP
2025-01-18T05:30:00Z,APXMIDP,2025-01-18,12,94.53,1554.8,APXMIDP
2025-01-18T05:00:00Z,APXMIDP,2025-01-18,11,93.13,1486.4,APXMIDP
2025-01-18T04:30:00Z,APXMIDP,2025-01-18,10,95.03,1562.05,APXMIDP
2025-01-18T04:00:00Z,APXMIDP,2025-01-18,9,91.11,1546.45,APXMIDP
2025-01-18T03:30:00Z,APXMIDP,2025-01-18,8,89.54,1556.15,APXMIDP
2025-01-18T03:00:00Z,APXMIDP,2025-01-18,7,90.21,1315.2,APXMIDP
2025-01-18T02:30:00Z,APXMIDP,2025-01-18,6,91.81,1583.5,APXMIDP
2025-01-18T02:00:00Z,APXMIDP,2025-01-18,5,93.29,1483.55,APXMIDP
2025-01-18T01:30:00Z,APXMIDP,2025-01-18,4,94.45,1714.2,APXMIDP
2025-01-18T01:00:00Z,APXMIDP,2025-01-18,3,99.45,1722.9,APXMIDP
2025-01-18T00:30:00Z,APXMIDP,2025-01-18,2,95.99,1356.55,APXMIDP
2025-01-18T00:00:00Z,APXMIDP,2025-01-18,1,94.41,1559.6,APXMIDP
2025-01-17T23:30:00Z,APXMIDP,2025-01-17,48,97.04,1512.35,APXMIDP
2025-01-17T23:00:00Z,APXMIDP,2025-01-17,47,103.9,1820.35,APXMIDP
2025-01-17T22:30:00Z,APXMIDP,2025-01-17,46,108.01,2294.6,APXMIDP
2025-01-17T22:00:00Z,APXMIDP,2025-01-17,45,106.54,2455.3,APXMIDP
2025-01-17T21:30:00Z,APXMIDP,2025-01-17,44,114.0,2171.2,APXMIDP
2025-01-17T21:00:00Z,APXMIDP,2025-01-17,43,118.31,2068.9,APXMIDP
2025-01-17T20:30:00Z,APXMIDP,2025-01-17,42,115.12,1936.65,APXMIDP
2025-01-17T20:00:00Z,APXMIDP,2025-01-17,41,122.08,2143.25,APXMIDP
2025-01-17T19:30:00Z,APXMIDP,2025-01-17,40,127.8,2466.05,APXMIDP
2025-01-17T19:00:00Z,APXMIDP,2025-01-17,39,128.96,2477.25,APXMIDP
2025-01-17T18:30:00Z,APXMIDP,2025-01-17,38,145.21,3213.15,APXMIDP
2025-01-17T18:00:00Z,APXMIDP,2025-01-17,37,156.04,3186.75,APXMIDP
2025-01-17T17:30:00Z,APXMIDP,2025-01-17,36,155.7,3099.6,APXMIDP
2025-01-17T17:00:00Z,APXMIDP,2025-01-17,35,157.73,3068.05,APXMIDP
2025-01-17T16:30:00Z,APXMIDP,2025-01-17,34,148.65,2924.25,APXMIDP
2025-01-17T16:00:00Z,APXMIDP,2025-01-17,33,145.86,2381.7,APXMIDP
2025-01-17T15:30:00Z,APXMIDP,2025-01-17,32,135.8,2378.7,APXMIDP
2025-01-17T15:00:00Z,APXMIDP,2025-01-17,31,130.09,2431.55,APXMIDP
2025-01-17T14:30:00Z,APXMIDP,2025-01-17,30,116.8,3307.25,APXMIDP
2025-01-17T14:00:00Z,APXMIDP,2025-01-17,29,120.73,2962.35,APXMIDP
2025-01-17T13:30:00Z,APXMIDP,2025-01-17,28,121.04,2899.95,APXMIDP
2025-01-17T13:00:00Z,APXMIDP,2025-01-17,27,121.67,3304.95,APXMIDP
2025-01-17T12:30:00Z,APXMIDP,2025-01-17,26,123.63,3899.8,APXMIDP
2025-01-17T12:00:00Z,APXMIDP,2025-01-17,25,123.84,3471.1,APXMIDP
2025-01-17T11:30:00Z,APXMIDP,2025-01-17,24,128.3,3460.45,APXMIDP
2025-01-17T11:00:00Z,APXMIDP,2025-01-17,23,129.34,3152.7,APXMIDP
2025-01-17T10:30:00Z,APXMIDP,2025-01-17,22,130.27,2917.35,APXMIDP
2025-01-17T10:00:00Z,APXMIDP,2025-01-17,21,131.01,2510.0,APXMIDP
2025-01-17T09:30:00Z,APXMIDP,2025-01-17,20,131.03,1923.1,APXMIDP
2025-01-17T09:00:00Z,APXMIDP,2025-01-17,19,129.17,1958.75,APXMIDP
2025-01-17T08:30:00Z,APXMIDP,2025-01-17,18,125.78,2216.35,APXMIDP
2025-01-17T08:00:00Z,APXMIDP,2025-01-17,17,118.77,1978.15,APXMIDP
2025-01-17T07:30:00Z,APXMIDP,2025-01-17,16,113.76,2278.6,APXMIDP
2025-01-17T07:00:00Z,APXMIDP,2025-01-17,15,99.91,2608.75,APXMIDP
2025-01-17T06:30:00Z,APXMIDP,2025-01-17,14,94.59,1883.55,APXMIDP
2025-01-17T06:00:00Z,APXMIDP,2025-01-17,13,104.38,2201.9,APXMIDP
2025-01-17T05:30:00Z,APXMIDP,2025-01-17,12,89.21,1622.8,APXMIDP
2025-01-17T05:00:00Z,APXMIDP,2025-01-17,11,91.6,1641.2,APXMIDP
2025-01-17T04:30:00Z,APXMIDP,2025-01-17,10,89.04,1683.3,APXMIDP
2025-01-17T04:00:00Z,APXMIDP,2025-01-17,9,88.95,1706.3,APXMIDP
2025-01-17T03:30:00Z,APXMIDP,2025-01-17,8,88.96,1807.5,APXMIDP
2025-01-17T03:00:00Z,APXMIDP,2025-01-17,7,95.2,1687.3,APXMIDP
2025-01-17T02:30:00Z,APXMIDP,2025-01-17,6,90.96,1717.1,APXMIDP
2025-01-17T02:00:00Z,APXMIDP,2025-01-17,5,91.62,1666.05,APXMIDP
2025-01-17T01:30:00Z,APXMIDP,2025-01-17,4,93.2,1459.35,APXMIDP
2025-01-17T01:00:00Z,APXMIDP,2025-01-17,3,97.14,1523.35,APXMIDP
2025-01-17T00:30:00Z,APXMIDP,2025-01-17,2,100.27,1901.05,APXMIDP
2025-01-17T00:00:00Z,APXMIDP,2025-01-17,1,93.13,1547.8,APXMIDP
2025-01-16T23:30:00Z,APXMIDP,2025-01-16,48,88.92,1445.35,APXMIDP
2025-01-16T23:00:00Z,APXMIDP,2025-01-16,47,92.31,1413.4,APXMIDP
2025-01-16T22:30:00Z,APXMIDP,2025-01-16,46,93.87,2415.95,APXMIDP
2025-01-16T22:00:00Z,APXMIDP,2025-01-16,45,94.12,2136.6,APXMIDP
2025-01-16T21:30:00Z,APXMIDP,2025-01-16,44,98.48,2264.8,APXMIDP
2025-01-16T21:00:00Z,APXMIDP,2025-01-16,43,99.45,2118.5,APXMIDP
2025-01-16T20:30:00Z,APXMIDP,2025-01-16,42,106.81,2059.95,APXMIDP
2025-01-16T20:00:00Z,APXMIDP,2025-01-16,41,104.98,2786.35,APXMIDP
2025-01-16T19:30:00Z,APXMIDP,2025-01-16,40,110.98,2685.45,APXMIDP
2025-01-16T19:00:00Z,APXMIDP,2025-01-16,39,119.27,2688.05,APXMIDP
2025-01-16T18:30:00Z,APXMIDP,2025-01-16,38,126.62,3349.75,APXMIDP
2025-01-16T18:00:00Z,APXMIDP,2025-01-16,37,130.74,3094.65,APXMIDP
2025-01-16T17:30:00Z,APXMIDP,2025-01-16,36,132.91,3464.15,APXMIDP
2025-01-16T17:00:00Z,APXMIDP,2025-01-16,35,135.01,3130.55,APXMIDP
2025-01-16T16:30:00Z,APXMIDP,2025-01-16,34,121.68,3609.45,APXMIDP
2025-01-16T16:00:00Z,APXMIDP,2025-01-16,33,123.91,3087.15,APXMIDP
2025-01-16T15:30:00Z,APXMIDP,2025-01-16,32,122.93,3152.25,APXMIDP
2025-01-16T15:00:00Z,APXMIDP,2025-01-16,31,114.16,3385.5,APXMIDP
2025-01-16T14:30:00Z,APXMIDP,2025-01-16,30,111.35,3502.45,APXMIDP
2025-01-16T14:00:00Z,APXMIDP,2025-01-16,29,112.21,4165.2,APXMIDP
2025-01-16T13:30:00Z,APXMIDP,2025-01-16,28,109.05,3923.5,APXMIDP
2025-01-16T13:00:00Z,APXMIDP,2025-01-16,27,108.99,3699.3,APXMIDP
2025-01-16T12:30:00Z,APXMIDP,2025-01-16,26,111.05,4111.45,APXMIDP
2025-01-16T12:00:00Z,APXMIDP,2025-01-16,25,111.78,3515.3,APXMIDP
2025-01-16T11:30:00Z,APXMIDP,2025-01-16,24,109.02,3420.0,APXMIDP
2025-01-16T11:00:00Z,APXMIDP,2025-01-16,23,112.42,3535.0,APXMIDP
2025-01-16T10:30:00Z,APXMIDP,2025-01-16,22,111.26,3326.5,APXMIDP
2025-01-16T10:00:00Z,APXMIDP,2025-01-16,21,123.13,3542.95,APXMIDP
2025-01-16T09:30:00Z,APXMIDP,2025-01-16,20,125.43,2815.25,APXMIDP
2025-01-16T09:00:00Z,APXMIDP,2025-01-16,19,129.21,3133.4,APXMIDP
2025-01-16T08:30:00Z,APXMIDP,2025-01-16,18,140.73,2834.55,APXMIDP
2025-01-16T08:00:00Z,APXMIDP,2025-01-16,17,135.85,2626.4,APXMIDP
2025-01-16T07:30:00Z,APXMIDP,2025-01-16,16,140.49,3209.6,APXMIDP
2025-01-16T07:00:00Z,APXMIDP,2025-01-16,15,139.02,2960.6,APXMIDP
2025-01-16T06:30:00Z,APXMIDP,2025-01-16,14,117.69,2434.3,APXMIDP
2025-01-16T06:00:00Z,APXMIDP,2025-01-16,13,105.67,1946.85,APXMIDP
2025-01-16T05:30:00Z,APXMIDP,2025-01-16,12,95.85,1648.6,APXMIDP
2025-01-16T05:00:00Z,APXMIDP,2025-01-16,11,95.43,1046.1,APXMIDP
2025-01-16T04:30:00Z,APXMIDP,2025-01-16,10,89.86,1307.75,APXMIDP
2025-01-16T04:00:00Z,APXMIDP,2025-01-16,9,89.28,1218.9,APXMIDP
2025-01-16T03:30:00Z,APXMIDP,2025-01-16,8,90.88,1528.25,APXMIDP
2025-01-16T03:00:00Z,APXMIDP,2025-01-16,7,94.67,1391.05,APXMIDP
2025-01-16T02:30:00Z,APXMIDP,2025-01-16,6,91.34,1855.65,APXMIDP
2025-01-16T02:00:00Z,APXMIDP,2025-01-16,5,93.42,1668.7,APXMIDP
2025-01-16T01:30:00Z,APXMIDP,2025-01-16,4,97.07,1506.95,APXMIDP
2025-01-16T01:00:00Z,APXMIDP,2025-01-16,3,100.66,1603.9,APXMIDP
2025-01-16T00:30:00Z,APXMIDP,2025-01-16,2,103.38,1309.95,APXMIDP
2025-01-16T00:00:00Z,APXMIDP,2025-01-16,1,100.91,1356.7,APXMIDP
2025-01-15T23:30:00Z,APXMIDP,2025-01-15,48,116.07,1601.2,APXMIDP
2025-01-15T23:00:00Z,APXMIDP,2025-01-15,47,113.32,1621.25,APXMIDP
2025-01-15T22:30:00Z,APXMIDP,2025-01-15,46,106.94,3397.75,APXMIDP
2025-01-15T22:00:00Z,APXMIDP,2025-01-15,45,108.37,3719.25,APXMIDP
2025-01-15T21:30:00Z,APXMIDP,2025-01-15,44,116.22,3237.25,APXMIDP
2025-01-15T21:00:00Z,APXMIDP,2025-01-15,43,117.83,2958.05,APXMIDP
2025-01-15T20:30:00Z,APXMIDP,2025-01-15,42,122.78,3487.95,APXMIDP
2025-01-15T20:00:00Z,APXMIDP,2025-01-15,41,127.4,3755.95,APXMIDP
2025-01-15T19:30:00Z,APXMIDP,2025-01-15,40,126.0,4232.25,APXMIDP
2025-01-15T19:00:00Z,APXMIDP,2025-01-15,39,130.8,4170.7,APXMIDP
2025-01-15T18:30:00Z,APXMIDP,2025-01-15,38,133.06,4912.6,APXMIDP
2025-01-15T18:00:00Z,APXMIDP,2025-01-15,37,138.58,5307.55,APXMIDP
2025-01-15T17:30:00Z,APXMIDP,2025-01-15,36,136.66,4962.75,APXMIDP
2025-01-15T17:00:00Z,APXMIDP,2025-01-15,35,129.46,4166.35,APXMIDP
2025-01-15T16:30:00Z,APXMIDP,2025-01-15,34,125.69,4277.6,APXMIDP
2025-01-15T16:00:00Z,APXMIDP,2025-01-15,33,124.96,3854.95,APXMIDP
2025-01-15T15:30:00Z,APXMIDP,2025-01-15,32,114.31,4632.5,APXMIDP
2025-01-15T15:00:00Z,APXMIDP,2025-01-15,31,111.07,4208.35,APXMIDP
2025-01-15T14:30:00Z,APXMIDP,2025-01-15,30,103.26,3887.6,APXMIDP
2025-01-15T14:00:00Z,APXMIDP,2025-01-15,29,102.59,4086.6,APXMIDP
2025-01-15T13:30:00Z,APXMIDP,2025-01-15,28,101.47,3508.9,APXMIDP
2025-01-15T13:00:00Z,APXMIDP,2025-01-15,27,101.36,3078.1,APXMIDP
2025-01-15T12:30:00Z,APXMIDP,2025-01-15,26,103.09,2876.35,APXMIDP
2025-01-15T12:00:00Z,APXMIDP,2025-01-15,25,103.15,3060.0,APXMIDP
2025-01-15T11:30:00Z,APXMIDP,2025-01-15,24,103.11,3314.65,APXMIDP
2025-01-15T11:00:00Z,APXMIDP,2025-01-15,23,104.54,3244.45,APXMIDP
2025-01-15T10:30:00Z,APXMIDP,2025-01-15,22,114.54,3267.95,APXMIDP
2025-01-15T10:00:00Z,APXMIDP,2025-01-15,21,119.03,3264.3,APXMIDP
2025-01-15T09:30:00Z,APXMIDP,2025-01-15,20,124.29,3218.25,APXMIDP
2025-01-15T09:00:00Z,APXMIDP,2025-01-15,19,124.84,2571.95,APXMIDP
2025-01-15T08:30:00Z,APXMIDP,2025-01-15,18,124.26,3048.45,APXMIDP
2025-01-15T08:00:00Z,APXMIDP,2025-01-15,17,120.05,2787.1,APXMIDP
2025-01-15T07:30:00Z,APXMIDP,2025-01-15,16,115.2,2575.9,APXMIDP
2025-01-15T07:00:00Z,APXMIDP,2025-01-15,15,108.55,2292.4,APXMIDP
2025-01-15T06:30:00Z,APXMIDP,2025-01-15,14,93.83,2167.5,APXMIDP
2025-01-15T06:00:00Z,APXMIDP,2025-01-15,13,99.29,2476.85,APXMIDP
2025-01-15T05:30:00Z,APXMIDP,2025-01-15,12,89.66,1691.6,APXMIDP
2025-01-15T05:00:00Z,APXMIDP,2025-01-15,11,87.66,1827.95,APXMIDP
2025-01-15T04:30:00Z,APXMIDP,2025-01-15,10,84.6,1669.05,APXMIDP
2025-01-15T04:00:00Z,APXMIDP,2025-01-15,9,85.37,1603.0,APXMIDP
2025-01-15T03:30:00Z,APXMIDP,2025-01-15,8,86.11,1687.75,APXMIDP
2025-01-15T03:00:00Z,APXMIDP,2025-01-15,7,89.13,1610.95,APXMIDP
2025-01-15T02:30:00Z,APXMIDP,2025-01-15,6,89.47,1547.6,APXMIDP
2025-01-15T02:00:00Z,APXMIDP,2025-01-15,5,88.96,1494.85,APXMIDP
2025-01-15T01:30:00Z,APXMIDP,2025-01-15,4,88.9,1650.5,APXMIDP
2025-01-15T01:00:00Z,APXMIDP,2025-01-15,3,90.42,1587.6,APXMIDP
2025-01-29T01:30:00Z,APXMIDP,2025-01-29,4,47.82,2258.85,APXMIDP
2025-01-29T01:00:00Z,APXMIDP,2025-01-29,3,61.77,2143.35,APXMIDP
2025-01-29T00:30:00Z,APXMIDP,2025-01-29,2,71.6,2388.0,APXMIDP
2025-01-29T00:00:00Z,APXMIDP,2025-01-29,1,71.57,2162.25,APXMIDP
2025-01-28T23:30:00Z,APXMIDP,2025-01-28,48,73.66,2157.4,APXMIDP
2025-01-28T23:00:00Z,APXMIDP,2025-01-28,47,76.21,1840.7,APXMIDP
2025-01-28T22:30:00Z,APXMIDP,2025-01-28,46,95.87,3521.3,APXMIDP
2025-01-28T22:00:00Z,APXMIDP,2025-01-28,45,105.96,3123.45,APXMIDP
2025-01-28T21:30:00Z,APXMIDP,2025-01-28,44,103.98,3336.85,APXMIDP
2025-01-28T21:00:00Z,APXMIDP,2025-01-28,43,105.02,3906.05,APXMIDP
2025-01-28T20:30:00Z,APXMIDP,2025-01-28,42,104.71,3806.15,APXMIDP
2025-01-28T20:00:00Z,APXMIDP,2025-01-28,41,110.96,3930.05,APXMIDP
2025-01-28T19:30:00Z,APXMIDP,2025-01-28,40,111.54,3582.7,APXMIDP
2025-01-28T19:00:00Z,APXMIDP,2025-01-28,39,107.64,3607.15,APXMIDP
2025-01-28T18:30:00Z,APXMIDP,2025-01-28,38,114.2,3747.7,APXMIDP
2025-01-28T18:00:00Z,APXMIDP,2025-01-28,37,117.83,4046.0,APXMIDP
2025-01-28T17:30:00Z,APXMIDP,2025-01-28,36,117.19,4150.4,APXMIDP
2025-01-28T17:00:00Z,APXMIDP,2025-01-28,35,116.22,3909.9,APXMIDP
2025-01-28T16:30:00Z,APXMIDP,2025-01-28,34,118.32,4210.5,APXMIDP
2025-01-28T16:00:00Z,APXMIDP,2025-01-28,33,108.7,3509.7,APXMIDP
2025-01-28T15:30:00Z,APXMIDP,2025-01-28,32,109.34,3957.05,APXMIDP
2025-01-28T15:00:00Z,APXMIDP,2025-01-28,31,103.36,3692.65,APXMIDP
2025-01-28T14:30:00Z,APXMIDP,2025-01-28,30,97.48,3541.0,APXMIDP
2025-01-28T14:00:00Z,APXMIDP,2025-01-28,29,99.5,3647.0,APXMIDP
2025-01-28T13:30:00Z,APXMIDP,2025-01-28,28,102.41,3536.35,APXMIDP
2025-01-28T13:00:00Z,APXMIDP,2025-01-28,27,103.68,3169.6,APXMIDP
2025-01-28T12:30:00Z,APXMIDP,2025-01-28,26,96.38,3527.0,APXMIDP
2025-01-28T12:00:00Z,APXMIDP,2025-01-28,25,94.74,3500.05,APXMIDP
2025-01-28T11:30:00Z,APXMIDP,2025-01-28,24,93.6,3308.05,APXMIDP
2025-01-28T11:00:00Z,APXMIDP,2025-01-28,23,94.1,3569.05,APXMIDP
2025-01-28T10:30:00Z,APXMIDP,2025-01-28,22,94.36,3113.05,APXMIDP
2025-01-28T10:00:00Z,APXMIDP,2025-01-28,21,92.99,2705.85,APXMIDP
2025-01-28T09:30:00Z,APXMIDP,2025-01-28,20,93.19,3199.2,APXMIDP
2025-01-28T09:00:00Z,APXMIDP,2025-01-28,19,94.42,3552.65,APXMIDP
2025-01-28T08:30:00Z,APXMIDP,2025-01-28,18,97.97,3879.15,APXMIDP
2025-01-28T08:00:00Z,APXMIDP,2025-01-28,17,101.6,3919.0,APXMIDP
2025-01-28T07:30:00Z,APXMIDP,2025-01-28,16,104.5,3867.95,APXMIDP
2025-01-28T07:00:00Z,APXMIDP,2025-01-28,15,104.9,4079.95,APXMIDP
2025-01-28T06:30:00Z,APXMIDP,2025-01-28,14,89.41,3592.15,APXMIDP
2025-01-28T06:00:00Z,APXMIDP,2025-01-28,13,78.67,3679.55,APXMIDP
2025-01-28T05:30:00Z,APXMIDP,2025-01-28,12,17.4,2801.4,APXMIDP
2025-01-28T05:00:00Z,APXMIDP,2025-01-28,11,9.76,3296.05,APXMIDP
2025-01-28T04:30:00Z,APXMIDP,2025-01-28,10,11.19,2422.45,APXMIDP
2025-01-28T04:00:00Z,APXMIDP,2025-01-28,9,10.09,2691.05,APXMIDP
2025-01-28T03:30:00Z,APXMIDP,2025-01-28,8,24.95,2357.55,APXMIDP
2025-01-28T03:00:00Z,APXMIDP,2025-01-28,7,32.43,2594.5,APXMIDP
2025-01-28T02:30:00Z,APXMIDP,2025-01-28,6,43.13,2351.05,APXMIDP
2025-01-28T02:00:00Z,APXMIDP,2025-01-28,5,54.97,2070.25,APXMIDP
2025-01-28T01:30:00Z,APXMIDP,2025-01-28,4,60.05,2436.2,APXMIDP
2025-01-28T01:00:00Z,APXMIDP,2025-01-28,3,74.8,2074.0,APXMIDP
2025-01-28T00:30:00Z,APXMIDP,2025-01-28,2,81.95,2052.0,APXMIDP
2025-01-28T00:00:00Z,APXMIDP,2025-01-28,1,79.08,2112.35,APXMIDP
2025-01-27T23:30:00Z,APXMIDP,2025-01-27,48,76.89,2433.95,APXMIDP
2025-01-27T23:00:00Z,APXMIDP,2025-01-27,47,77.79,2419.05,APXMIDP
2025-01-27T22:30:00Z,APXMIDP,2025-01-27,46,90.22,3479.25,APXMIDP
2025-01-27T22:00:00Z,APXMIDP,2025-01-27,45,95.73,2897.85,APXMIDP
2025-01-27T21:30:00Z,APXMIDP,2025-01-27,44,96.5,3142.4,APXMIDP
2025-01-27T21:00:00Z,APXMIDP,2025-01-27,43,97.0,3280.25,APXMIDP
2025-01-27T20:30:00Z,APXMIDP,2025-01-27,42,98.63,3326.0,APXMIDP
2025-01-27T20:00:00Z,APXMIDP,2025-01-27,41,101.8,3419.45,APXMIDP
2025-01-27T19:30:00Z,APXMIDP,2025-01-27,40,100.69,3670.1,APXMIDP
2025-01-27T19:00:00Z,APXMIDP,2025-01-27,39,98.69,3557.25,APXMIDP
2025-01-27T18:30:00Z,APXMIDP,2025-01-27,38,105.73,3520.6,APXMIDP
2025-01-27T18:00:00Z,APXMIDP,2025-01-27,37,110.17,3383.4,APXMIDP
2025-01-27T17:30:00Z,APXMIDP,2025-01-27,36,110.69,3763.0,APXMIDP
2025-01-27T17:00:00Z,APXMIDP,2025-01-27,35,111.27,3597.45,APXMIDP
2025-01-27T16:30:00Z,APXMIDP,2025-01-27,34,106.76,3762.75,APXMIDP
2025-01-27T16:00:00Z,APXMIDP,2025-01-27,33,98.43,3308.15,APXMIDP
2025-01-27T15:30:00Z,APXMIDP,2025-01-27,32,98.63,3331.3,APXMIDP
2025-01-27T15:00:00Z,APXMIDP,2025-01-27,31,95.47,3544.75,APXMIDP
2025-01-27T14:30:00Z,APXMIDP,2025-01-27,30,89.57,3826.7,APXMIDP
2025-01-27T14:00:00Z,APXMIDP,2025-01-27,29,86.99,3526.05,APXMIDP
2025-01-27T13:30:00Z,APXMIDP,2025-01-27,28,84.29,3632.15,APXMIDP
2025-01-27T13:00:00Z,APXMIDP,2025-01-27,27,84.73,3896.3,APXMIDP
2025-01-27T12:30:00Z,APXMIDP,2025-01-27,26,87.15,3970.05,APXMIDP
2025-01-27T12:00:00Z,APXMIDP,2025-01-27,25,81.28,3497.0,APXMIDP
2025-01-27T11:30:00Z,APXMIDP,2025-01-27,24,81.78,3281.55,APXMIDP
2025-01-27T11:00:00Z,APXMIDP,2025-01-27,23,84.0,2639.35,APXMIDP
2025-01-27T10:30:00Z,APXMIDP,2025-01-27,22,92.73,3243.6,APXMIDP
2025-01-27T10:00:00Z,APXMIDP,2025-01-27,21,97.17,2822.2,APXMIDP
2025-01-27T09:30:00Z,APXMIDP,2025-01-27,20,100.78,2763.85,APXMIDP
2025-01-27T09:00:00Z,APXMIDP,2025-01-27,19,107.76,2896.2,APXMIDP
2025-01-27T08:30:00Z,APXMIDP,2025-01-27,18,107.96,2551.3,APXMIDP
2025-01-27T08:00:00Z,APXMIDP,2025-01-27,17,119.42,2811.55,APXMIDP
2025-01-27T07:30:00Z,APXMIDP,2025-01-27,16,124.03,2237.2,APXMIDP
2025-01-27T07:00:00Z,APXMIDP,2025-01-27,15,111.51,2608.6,APXMIDP
2025-01-27T06:30:00Z,APXMIDP,2025-01-27,14,95.62,2713.25,APXMIDP
2025-01-27T06:00:00Z,APXMIDP,2025-01-27,13,86.42,2593.95,APXMIDP
2025-01-27T05:30:00Z,APXMIDP,2025-01-27,12,82.19,2493.55,APXMIDP
2025-01-27T05:00:00Z,APXMIDP,2025-01-27,11,62.31,2153.6,APXMIDP
2025-01-27T04:30:00Z,APXMIDP,2025-01-27,10,25.65,1959.1,APXMIDP
2025-01-27T04:00:00Z,APXMIDP,2025-01-27,9,20.53,1917.45,APXMIDP
2025-01-27T03:30:00Z,APXMIDP,2025-01-27,8,22.42,1872.75,APXMIDP
2025-01-27T03:00:00Z,APXMIDP,2025-01-27,7,25.4,1845.5,APXMIDP
2025-01-27T02:30:00Z,APXMIDP,2025-01-27,6,28.9,2291.8,APXMIDP
2025-01-27T02:00:00Z,APXMIDP,2025-01-27,5,20.78,1771.65,APXMIDP
2025-01-27T01:30:00Z,APXMIDP,2025-01-27,4,21.32,1824.35,APXMIDP
2025-01-27T01:00:00Z,APXMIDP,2025-01-27,3,21.51,1715.6,APXMIDP
2025-01-27T00:30:00Z,APXMIDP,2025-01-27,2,26.03,2278.65,APXMIDP
2025-01-27T00:00:00Z,APXMIDP,2025-01-27,1,19.52,1980.95,APXMIDP
2025-01-26T23:30:00Z,APXMIDP,2025-01-26,48,21.55,2188.9,APXMIDP
2025-01-26T23:00:00Z,APXMIDP,2025-01-26,47,24.2,1930.85,APXMIDP
2025-01-26T22:30:00Z,APXMIDP,2025-01-26,46,41.31,2210.8,APXMIDP
2025-01-26T22:00:00Z,APXMIDP,2025-01-26,45,64.81,2087.1,APXMIDP
2025-01-26T21:30:00Z,APXMIDP,2025-01-26,44,70.4,2300.45,APXMIDP
2025-01-26T21:00:00Z,APXMIDP,2025-01-26,43,78.77,2131.95,APXMIDP
2025-01-26T20:30:00Z,APXMIDP,2025-01-26,42,92.05,1884.5,APXMIDP
2025-01-26T20:00:00Z,APXMIDP,2025-01-26,41,91.74,1993.6,APXMIDP
2025-01-26T19:30:00Z,APXMIDP,2025-01-26,40,98.43,2162.1,APXMIDP
2025-01-26T19:00:00Z,APXMIDP,2025-01-26,39,106.02,2220.1,APXMIDP
2025-01-26T18:30:00Z,APXMIDP,2025-01-26,38,116.22,2838.35,APXMIDP
2025-01-26T18:00:00Z,APXMIDP,2025-01-26,37,122.99,2911.5,APXMIDP
2025-01-26T17:30:00Z,APXMIDP,2025-01-26,36,127.17,2539.0,APXMIDP
2025-01-26T17:00:00Z,APXMIDP,2025-01-26,35,126.74,2533.9,APXMIDP
2025-01-26T16:30:00Z,APXMIDP,2025-01-26,34,126.25,2196.45,APXMIDP
2025-01-26T16:00:00Z,APXMIDP,2025-01-26,33,122.51,2035.2,APXMIDP
2025-01-26T15:30:00Z,APXMIDP,2025-01-26,32,118.93,2338.55,APXMIDP
2025-01-26T15:00:00Z,APXMIDP,2025-01-26,31,115.07,2349.3,APXMIDP
2025-01-26T14:30:00Z,APXMIDP,2025-01-26,30,113.57,2476.05,APXMIDP
2025-01-26T14:00:00Z,APXMIDP,2025-01-26,29,120.67,2319.65,APXMIDP
2025-01-26T13:30:00Z,APXMIDP,2025-01-26,28,127.2,2511.75,APXMIDP
2025-01-26T13:00:00Z,APXMIDP,2025-01-26,27,124.75,2378.15,APXMIDP
2025-01-26T12:30:00Z,APXMIDP,2025-01-26,26,121.04,2265.2,APXMIDP
2025-01-26T12:00:00Z,APXMIDP,2025-01-26,25,119.24,2097.7,APXMIDP
2025-01-26T11:30:00Z,APXMIDP,2025-01-26,24,110.41,2264.7,APXMIDP
2025-01-26T11:00:00Z,APXMIDP,2025-01-26,23,109.99,2103.05,APXMIDP
2025-01-26T10:30:00Z,APXMIDP,2025-01-26,22,98.79,2311.8,APXMIDP
2025-01-26T10:00:00Z,APXMIDP,2025-01-26,21,93.01,2191.8,APXMIDP
2025-01-26T09:30:00Z,APXMIDP,2025-01-26,20,83.98,2500.65,APXMIDP
2025-01-26T09:00:00Z,APXMIDP,2025-01-26,19,58.95,2559.85,APXMIDP
2025-01-26T08:30:00Z,APXMIDP,2025-01-26,18,53.2,2591.1,APXMIDP
2025-01-26T08:00:00Z,APXMIDP,2025-01-26,17,70.09,2435.65,APXMIDP
2025-01-26T07:30:00Z,APXMIDP,2025-01-26,16,75.83,2164.4,APXMIDP
2025-01-26T07:00:00Z,APXMIDP,2025-01-26,15,74.2,1929.95,APXMIDP
2025-01-26T06:30:00Z,APXMIDP,2025-01-26,14,67.98,2452.25,APXMIDP
2025-01-26T06:00:00Z,APXMIDP,2025-01-26,13,77.6,2679.5,APXMIDP
2025-01-26T05:30:00Z,APXMIDP,2025-01-26,12,89.89,2408.95,APXMIDP
2025-01-26T05:00:00Z,APXMIDP,2025-01-26,11,88.2,2457.65,APXMIDP
2025-01-26T04:30:00Z,APXMIDP,2025-01-26,10,81.71,1868.25,APXMIDP
2025-01-26T04:00:00Z,APXMIDP,2025-01-26,9,86.12,1916.75,APXMIDP
2025-01-26T03:30:00Z,APXMIDP,2025-01-26,8,90.76,1693.55,APXMIDP
2025-01-26T03:00:00Z,APXMIDP,2025-01-26,7,95.63,2038.95,APXMIDP
2025-01-26T02:30:00Z,APXMIDP,2025-01-26,6,102.75,1990.6,APXMIDP
2025-01-26T02:00:00Z,APXMIDP,2025-01-26,5,104.19,2175.15,APXMIDP
2025-01-26T01:30:00Z,APXMIDP,2025-01-26,4,106.53,1893.15,APXMIDP
2025-01-26T01:00:00Z,APXMIDP,2025-01-26,3,107.1,1655.5,APXMIDP
2025-01-26T00:30:00Z,APXMIDP,2025-01-26,2,106.43,1484.9,APXMIDP
2025-01-26T00:00:00Z,APXMIDP,2025-01-26,1,100.54,1285.0,APXMIDP
2025-01-25T23:30:00Z,APXMIDP,2025-01-25,48,105.36,1241.45,APXMIDP
2025-01-25T23:00:00Z,APXMIDP,2025-01-25,47,104.95,1261.3,APXMIDP
2025-01-25T22:30:00Z,APXMIDP,2025-01-25,46,104.94,2449.15,APXMIDP
2025-01-25T22:00:00Z,APXMIDP,2025-01-25,45,105.48,2612.6,APXMIDP
2025-01-25T21:30:00Z,APXMIDP,2025-01-25,44,107.06,2371.3,APXMIDP
2025-01-25T21:00:00Z,APXMIDP,2025-01-25,43,108.13,2415.95,APXMIDP
2025-01-25T20:30:00Z,APXMIDP,2025-01-25,42,107.75,3141.6,APXMIDP
2025-01-25T20:00:00Z,APXMIDP,2025-01-25,41,103.48,3363.45,APXMIDP
2025-01-25T19:30:00Z,APXMIDP,2025-01-25,40,107.38,2781.65,APXMIDP
2025-01-25T19:00:00Z,APXMIDP,2025-01-25,39,121.81,2484.0,APXMIDP
2025-01-25T18:30:00Z,APXMIDP,2025-01-25,38,143.26,2931.2,APXMIDP
2025-01-25T18:00:00Z,APXMIDP,2025-01-25,37,147.45,2883.0,APXMIDP
2025-01-25T17:30:00Z,APXMIDP,2025-01-25,36,148.26,2760.35,APXMIDP
2025-01-25T17:00:00Z,APXMIDP,2025-01-25,35,144.61,2498.65,APXMIDP
2025-01-25T16:30:00Z,APXMIDP,2025-01-25,34,141.19,2572.6,APXMIDP
2025-01-25T16:00:00Z,APXMIDP,2025-01-25,33,134.94,2047.55,APXMIDP
2025-01-25T15:30:00Z,APXMIDP,2025-01-25,32,130.15,1935.15,APXMIDP
2025-01-25T15:00:00Z,APXMIDP,2025-01-25,31,124.49,2036.65,APXMIDP
2025-01-25T14:30:00Z,APXMIDP,2025-01-25,30,105.82,2396.85,APXMIDP
2025-01-25T14:00:00Z,APXMIDP,2025-01-25,29,102.61,2265.95,APXMIDP
2025-01-25T13:30:00Z,APXMIDP,2025-01-25,28,100.24,2186.75,APXMIDP
2025-01-25T13:00:00Z,APXMIDP,2025-01-25,27,93.74,2206.0,APXMIDP
2025-01-25T12:30:00Z,APXMIDP,2025-01-25,26,89.8,2812.7,APXMIDP
2025-01-25T12:00:00Z,APXMIDP,2025-01-25,25,87.96,2805.05,APXMIDP
2025-01-25T11:30:00Z,APXMIDP,2025-01-25,24,89.12,3090.35,APXMIDP
2025-01-25T11:00:00Z,APXMIDP,2025-01-25,23,87.6,2994.8,APXMIDP
2025-01-25T10:30:00Z,APXMIDP,2025-01-25,22,85.59,3162.35,APXMIDP
2025-01-25T10:00:00Z,APXMIDP,2025-01-25,21,84.6,3188.15,APXMIDP
2025-01-25T09:30:00Z,APXMIDP,2025-01-25,20,80.44,2960.85,APXMIDP
2025-01-25T09:00:00Z,APXMIDP,2025-01-25,19,80.78,2882.5,APXMIDP
2025-01-25T08:30:00Z,APXMIDP,2025-01-25,18,67.27,3001.65,APXMIDP
2025-01-25T08:00:00Z,APXMIDP,2025-01-25,17,57.36,2822.35,APXMIDP
2025-01-25T07:30:00Z,APXMIDP,2025-01-25,16,53.32,2645.9,APXMIDP
2025-01-25T07:00:00Z,APXMIDP,2025-01-25,15,40.61,2752.45,APXMIDP
2025-01-25T06:30:00Z,APXMIDP,2025-01-25,14,19.41,2550.2,APXMIDP
2025-01-25T06:00:00Z,APXMIDP,2025-01-25,13,16.98,2546.05,APXMIDP
2025-01-25T05:30:00Z,APXMIDP,2025-01-25,12,12.34,2367.05,APXMIDP
2025-01-25T05:00:00Z,APXMIDP,2025-01-25,11,19.37,2148.1,APXMIDP
2025-01-25T04:30:00Z,APXMIDP,2025-01-25,10,24.97,2348.95,APXMIDP
2025-01-25T04:00:00Z,APXMIDP,2025-01-25,9,21.94,2170.05,APXMIDP
2025-01-25T03:30:00Z,APXMIDP,2025-01-25,8,18.46,2172.6,APXMIDP
2025-01-25T03:00:00Z,APXMIDP,2025-01-25,7,17.34,2486.45,APXMIDP
2025-01-25T02:30:00Z,APXMIDP,2025-01-25,6,18.69,2245.15,APXMIDP
2025-01-25T02:00:00Z,APXMIDP,2025-01-25,5,19.33,2130.2,APXMIDP
2025-01-25T01:30:00Z,APXMIDP,2025-01-25,4,23.9,2161.85,APXMIDP
2025-01-25T01:00:00Z,APXMIDP,2025-01-25,3,30.75,2022.9,APXMIDP
2025-01-25T00:30:00Z,APXMIDP,2025-01-25,2,37.75,2022.95,APXMIDP
2025-01-25T00:00:00Z,APXMIDP,2025-01-25,1,33.78,2260.75,APXMIDP
2025-01-24T23:30:00Z,APXMIDP,2025-01-24,48,42.58,2204.55,APXMIDP
2025-01-24T23:00:00Z,APXMIDP,2025-01-24,47,52.45,1951.8,APXMIDP
2025-01-24T22:30:00Z,APXMIDP,2025-01-24,46,84.55,2813.85,APXMIDP
2025-01-24T22:00:00Z,APXMIDP,2025-01-24,45,96.76,2791.3,APXMIDP
2025-01-24T21:30:00Z,APXMIDP,2025-01-24,44,100.03,3133.4,APXMIDP
2025-01-24T21:00:00Z,APXMIDP,2025-01-24,43,105.31,3096.9,APXMIDP
2025-01-24T20:30:00Z,APXMIDP,2025-01-24,42,109.62,3449.15,APXMIDP
2025-01-24T20:00:00Z,APXMIDP,2025-01-24,41,110.93,3225.4,APXMIDP
2025-01-24T19:30:00Z,APXMIDP,2025-01-24,40,114.08,3179.1,APXMIDP
2025-01-24T19:00:00Z,APXMIDP,2025-01-24,39,117.66,3157.6,APXMIDP
2025-01-24T18:30:00Z,APXMIDP,2025-01-24,38,123.4,2897.3,APXMIDP
2025-01-24T18:00:00Z,APXMIDP,2025-01-24,37,122.55,2906.35,APXMIDP
2025-01-24T17:30:00Z,APXMIDP,2025-01-24,36,121.16,2921.3,APXMIDP
2025-01-24T17:00:00Z,APXMIDP,2025-01-24,35,120.7,2875.3,APXMIDP
2025-01-24T16:30:00Z,APXMIDP,2025-01-24,34,113.89,2758.55,APXMIDP
2025-01-24T16:00:00Z,APXMIDP,2025-01-24,33,103.35,2753.5,APXMIDP
2025-01-24T15:30:00Z,APXMIDP,2025-01-24,32,102.45,2717.2,APXMIDP
2025-01-24T15:00:00Z,APXMIDP,2025-01-24,31,99.5,2942.9,APXMIDP
2025-01-24T14:30:00Z,APXMIDP,2025-01-24,30,97.99,3161.95,APXMIDP
2025-01-24T14:00:00Z,APXMIDP,2025-01-24,29,97.41,3015.35,APXMIDP
2025-01-24T13:30:00Z,APXMIDP,2025-01-24,28,98.49,2734.4,APXMIDP
2025-01-24T13:00:00Z,APXMIDP,2025-01-24,27,99.62,2573.35,APXMIDP
2025-01-24T12:30:00Z,APXMIDP,2025-01-24,26,107.51,2762.15,APXMIDP
2025-01-24T12:00:00Z,APXMIDP,2025-01-24,25,109.91,2613.7,APXMIDP
2025-01-24T11:30:00Z,APXMIDP,2025-01-24,24,113.77,2729.55,APXMIDP
2025-01-24T11:00:00Z,APXMIDP,2025-01-24,23,117.88,2839.15,APXMIDP
2025-01-24T10:30:00Z,APXMIDP,2025-01-24,22,119.39,3206.45,APXMIDP
2025-01-24T10:00:00Z,APXMIDP,2025-01-24,21,121.09,3227.2,APXMIDP
2025-01-24T09:30:00Z,APXMIDP,2025-01-24,20,117.86,3132.85,APXMIDP
2025-01-24T09:00:00Z,APXMIDP,2025-01-24,19,118.22,3187.3,APXMIDP
2025-01-24T08:30:00Z,APXMIDP,2025-01-24,18,115.93,2300.45,APXMIDP
2025-01-24T08:00:00Z,APXMIDP,2025-01-24,17,114.32,2512.8,APXMIDP
2025-01-24T07:30:00Z,APXMIDP,2025-01-24,16,113.09,2785.15,APXMIDP
2025-01-24T07:00:00Z,APXMIDP,2025-01-24,15,98.35,2750.4,APXMIDP
2025-01-24T06:30:00Z,APXMIDP,2025-01-24,14,81.41,2370.75,APXMIDP
2025-01-24T06:00:00Z,APXMIDP,2025-01-24,13,63.0,2295.5,APXMIDP
2025-01-24T05:30:00Z,APXMIDP,2025-01-24,12,51.23,1993.15,APXMIDP
2025-01-24T05:00:00Z,APXMIDP,2025-01-24,11,26.03,2199.7,APXMIDP
2025-01-24T04:30:00Z,APXMIDP,2025-01-24,10,6.32,2520.55,APXMIDP
2025-01-24T04:00:00Z,APXMIDP,2025-01-24,9,7.67,2236.95,APXMIDP
2025-01-24T03:30:00Z,APXMIDP,2025-01-24,8,9.98,2080.0,APXMIDP
2025-01-24T03:00:00Z,APXMIDP,2025-01-24,7,13.45,2075.75,APXMIDP
2025-01-24T02:30:00Z,APXMIDP,2025-01-24,6,15.43,2028.8,APXMIDP
2025-01-24T02:00:00Z,APXMIDP,2025-01-24,5,21.46,2246.2,APXMIDP
2025-01-24T01:30:00Z,APXMIDP,2025-01-24,4,36.13,2291.95,APXMIDP
2025-01-24T01:00:00Z,APXMIDP,2025-01-24,3,57.17,2261.45,APXMIDP
2025-01-24T00:30:00Z,APXMIDP,2025-01-24,2,70.5,2370.5,APXMIDP
2025-01-24T00:00:00Z,APXMIDP,2025-01-24,1,71.56,2228.65,APXMIDP
2025-01-23T23:30:00Z,APXMIDP,2025-01-23,48,70.06,2198.75,APXMIDP
2025-01-23T23:00:00Z,APXMIDP,2025-01-23,47,87.51,2290.0,APXMIDP
2025-01-23T22:30:00Z,APXMIDP,2025-01-23,46,96.06,2960.5,APXMIDP
2025-01-23T22:00:00Z,APXMIDP,2025-01-23,45,99.94,2485.75,APXMIDP
2025-01-23T21:30:00Z,APXMIDP,2025-01-23,44,109.19,2866.3,APXMIDP
2025-01-23T21:00:00Z,APXMIDP,2025-01-23,43,115.87,2493.8,APXMIDP
2025-01-23T20:30:00Z,APXMIDP,2025-01-23,42,103.65,3091.85,APXMIDP
2025-01-23T20:00:00Z,APXMIDP,2025-01-23,41,110.07,2833.7,APXMIDP
2025-01-23T19:30:00Z,APXMIDP,2025-01-23,40,117.54,2503.95,APXMIDP
2025-01-23T19:00:00Z,APXMIDP,2025-01-23,39,122.8,2746.6,APXMIDP
2025-01-23T18:30:00Z,APXMIDP,2025-01-23,38,134.2,3032.75,APXMIDP
2025-01-23T18:00:00Z,APXMIDP,2025-01-23,37,134.06,3035.35,APXMIDP
2025-01-23T17:30:00Z,APXMIDP,2025-01-23,36,134.25,2867.55,APXMIDP
2025-01-23T17:00:00Z,APXMIDP,2025-01-23,35,133.32,2731.85,APXMIDP
2025-01-23T16:30:00Z,APXMIDP,2025-01-23,34,125.5,2763.85,APXMIDP
2025-01-23T16:00:00Z,APXMIDP,2025-01-23,33,114.81,2414.0,APXMIDP
2025-01-23T15:30:00Z,APXMIDP,2025-01-23,32,112.37,2683.8,APXMIDP
2025-01-23T15:00:00Z,APXMIDP,2025-01-23,31,107.21,2763.5,APXMIDP
2025-01-23T14:30:00Z,APXMIDP,2025-01-23,30,105.37,3954.15,APXMIDP
2025-01-23T14:00:00Z,APXMIDP,2025-01-23,29,106.17,3535.75,APXMIDP
2025-01-23T13:30:00Z,APXMIDP,2025-01-23,28,107.85,3736.5,APXMIDP
2025-01-23T13:00:00Z,APXMIDP,2025-01-23,27,113.69,3288.65,APXMIDP
2025-01-23T12:30:00Z,APXMIDP,2025-01-23,26,116.99,2593.45,APXMIDP
2025-01-23T12:00:00Z,APXMIDP,2025-01-23,25,114.57,2804.65,APXMIDP
2025-01-23T11:30:00Z,APXMIDP,2025-01-23,24,112.39,2473.0,APXMIDP
2025-01-23T11:00:00Z,APXMIDP,2025-01-23,23,118.53,2397.5,APXMIDP
2025-01-23T10:30:00Z,APXMIDP,2025-01-23,22,124.98,2992.8,APXMIDP
2025-01-23T10:00:00Z,APXMIDP,2025-01-23,21,124.53,2656.75,APXMIDP
2025-01-23T09:30:00Z,APXMIDP,2025-01-23,20,128.0,3026.95,APXMIDP
2025-01-23T09:00:00Z,APXMIDP,2025-01-23,19,132.52,2904.1,APXMIDP
2025-01-23T08:30:00Z,APXMIDP,2025-01-23,18,134.12,2393.8,APXMIDP
2025-01-23T08:00:00Z,APXMIDP,2025-01-23,17,136.52,2115.35,APXMIDP
2025-01-23T07:30:00Z,APXMIDP,2025-01-23,16,138.59,2565.45,APXMIDP
2025-01-23T07:00:00Z,APXMIDP,2025-01-23,15,129.43,2346.4,APXMIDP
2025-01-23T06:30:00Z,APXMIDP,2025-01-23,14,126.76,2266.95,APXMIDP
2025-01-23T06:00:00Z,APXMIDP,2025-01-23,13,103.66,2121.4,APXMIDP
2025-01-23T05:30:00Z,APXMIDP,2025-01-23,12,96.06,2238.1,APXMIDP
2025-01-23T05:00:00Z,APXMIDP,2025-01-23,11,98.63,1660.15,APXMIDP
2025-01-23T04:30:00Z,APXMIDP,2025-01-23,10,97.63,1632.2,APXMIDP
2025-01-23T04:00:00Z,APXMIDP,2025-01-23,9,94.64,1379.8,APXMIDP
2025-01-23T03:30:00Z,APXMIDP,2025-01-23,8,94.54,1294.9,APXMIDP
2025-01-23T03:00:00Z,APXMIDP,2025-01-23,7,96.96,1124.1,APXMIDP
2025-01-23T02:30:00Z,APXMIDP,2025-01-23,6,101.45,1724.15,APXMIDP
2025-01-23T02:00:00Z,APXMIDP,2025-01-23,5,104.74,2105.3,APXMIDP
2025-01-23T01:30:00Z,APXMIDP,2025-01-23,4,104.71,1661.0,APXMIDP
2025-01-23T01:00:00Z,APXMIDP,2025-01-23,3,110.21,1755.9,APXMIDP
2025-01-23T00:30:00Z,APXMIDP,2025-01-23,2,113.01,1390.45,APXMIDP
2025-01-23T00:00:00Z,APXMIDP,2025-01-23,1,107.68,1254.1,APXMIDP
2025-01-22T23:30:00Z,APXMIDP,2025-01-22,48,107.18,1066.0,APXMIDP
2025-01-22T23:00:00Z,APXMIDP,2025-01-22,47,105.1,1161.3,APXMIDP
2025-01-22T22:30:00Z,APXMIDP,2025-01-22,46,105.52,2720.95,APXMIDP
2025-01-22T22:00:00Z,APXMIDP,2025-01-22,45,110.08,2267.85,APXMIDP
2025-01-22T21:30:00Z,APXMIDP,2025-01-22,44,115.09,2200.15,APXMIDP
2025-01-22T21:00:00Z,APXMIDP,2025-01-22,43,126.41,2948.0,APXMIDP
2025-01-22T20:30:00Z,APXMIDP,2025-01-22,42,146.44,2873.4,APXMIDP
2025-01-22T20:00:00Z,APXMIDP,2025-01-22,41,152.6,2642.95,APXMIDP
2025-01-22T19:30:00Z,APXMIDP,2025-01-22,40,156.44,2639.8,APXMIDP
2025-01-22T19:00:00Z,APXMIDP,2025-01-22,39,177.78,3092.35,APXMIDP
2025-01-22T18:30:00Z,APXMIDP,2025-01-22,38,223.46,3137.95,APXMIDP
2025-01-22T18:00:00Z,APXMIDP,2025-01-22,37,236.65,2964.65,APXMIDP
2025-01-22T17:30:00Z,APXMIDP,2025-01-22,36,233.78,3479.75,APXMIDP
2025-01-22T17:00:00Z,APXMIDP,2025-01-22,35,255.61,2830.2,APXMIDP
2025-01-22T16:30:00Z,APXMIDP,2025-01-22,34,272.58,3465.65,APXMIDP
2025-01-22T16:00:00Z,APXMIDP,2025-01-22,33,217.13,2678.3,APXMIDP
2025-01-22T15:30:00Z,APXMIDP,2025-01-22,32,198.84,3067.4,APXMIDP
2025-01-22T15:00:00Z,APXMIDP,2025-01-22,31,191.46,3398.2,APXMIDP
2025-01-22T14:30:00Z,APXMIDP,2025-01-22,30,188.63,4086.9,APXMIDP
2025-01-22T14:00:00Z,APXMIDP,2025-01-22,29,188.46,4071.1,APXMIDP
2025-01-22T13:30:00Z,APXMIDP,2025-01-22,28,195.31,3963.65,APXMIDP
2025-01-22T13:00:00Z,APXMIDP,2025-01-22,27,193.7,4370.4,APXMIDP
2025-01-22T12:30:00Z,APXMIDP,2025-01-22,26,170.85,3306.25,APXMIDP
2025-01-22T12:00:00Z,APXMIDP,2025-01-22,25,178.07,2931.5,APXMIDP
2025-01-22T11:30:00Z,APXMIDP,2025-01-22,24,170.82,3545.6,APXMIDP
2025-01-22T11:00:00Z,APXMIDP,2025-01-22,23,175.0,3233.6,APXMIDP
2025-01-22T10:30:00Z,APXMIDP,2025-01-22,22,154.31,2596.4,APXMIDP
2025-01-22T10:00:00Z,APXMIDP,2025-01-22,21,163.85,2268.2,APXMIDP
2025-01-22T09:30:00Z,APXMIDP,2025-01-22,20,181.54,2332.35,APXMIDP
2025-01-22T09:00:00Z,APXMIDP,2025-01-22,19,192.63,2337.7,APXMIDP
2025-01-22T08:30:00Z,APXMIDP,2025-01-22,18,222.76,2729.95,APXMIDP
2025-01-22T08:00:00Z,APXMIDP,2025-01-22,17,199.49,2362.15,APXMIDP
2025-01-22T07:30:00Z,APXMIDP,2025-01-22,16,189.55,2699.25,APXMIDP
2025-01-22T07:00:00Z,APXMIDP,2025-01-22,15,167.7,2698.75,APXMIDP
2025-01-22T06:30:00Z,APXMIDP,2025-01-22,14,128.53,1886.3,APXMIDP
2025-01-22T06:00:00Z,APXMIDP,2025-01-22,13,104.67,1378.9,APXMIDP
2025-01-22T05:30:00Z,APXMIDP,2025-01-22,12,92.79,1666.1,APXMIDP
2025-01-22T05:00:00Z,APXMIDP,2025-01-22,11,95.73,1398.7,APXMIDP
2025-01-22T04:30:00Z,APXMIDP,2025-01-22,10,97.04,1461.0,APXMIDP
2025-01-22T04:00:00Z,APXMIDP,2025-01-22,9,96.06,1559.65,APXMIDP
2025-01-22T03:30:00Z,APXMIDP,2025-01-22,8,90.38,1496.65,APXMIDP
2025-01-22T03:00:00Z,APXMIDP,2025-01-22,7,93.82,1425.9,APXMIDP
2025-01-22T02:30:00Z,APXMIDP,2025-01-22,6,97.66,1728.05,APXMIDP
2025-01-22T02:00:00Z,APXMIDP,2025-01-22,5,97.54,1898.2,APXMIDP
2025-01-22T01:30:00Z,APXMIDP,2025-01-22,4,101.63,2014.85,APXMIDP
2025-02-05T02:00:00Z,APXMIDP,2025-02-05,5,93.81,3056.95,APXMIDP
2025-02-05T01:30:00Z,APXMIDP,2025-02-05,4,97.22,2931.35,APXMIDP
2025-02-05T01:00:00Z,APXMIDP,2025-02-05,3,95.94,2747.05,APXMIDP
2025-02-05T00:30:00Z,APXMIDP,2025-02-05,2,104.97,2486.4,APXMIDP
2025-02-05T00:00:00Z,APXMIDP,2025-02-05,1,104.16,2369.4,APXMIDP
2025-02-04T23:30:00Z,APXMIDP,2025-02-04,48,103.76,2733.2,APXMIDP
2025-02-04T23:00:00Z,APXMIDP,2025-02-04,47,109.92,2188.4,APXMIDP
2025-02-04T22:30:00Z,APXMIDP,2025-02-04,46,104.18,2855.4,APXMIDP
2025-02-04T22:00:00Z,APXMIDP,2025-02-04,45,109.53,2908.0,APXMIDP
2025-02-04T21:30:00Z,APXMIDP,2025-02-04,44,116.1,2579.75,APXMIDP
2025-02-04T21:00:00Z,APXMIDP,2025-02-04,43,111.64,2902.95,APXMIDP
2025-02-04T20:30:00Z,APXMIDP,2025-02-04,42,117.79,3082.7,APXMIDP
2025-02-04T20:00:00Z,APXMIDP,2025-02-04,41,119.65,3309.5,APXMIDP
2025-02-04T19:30:00Z,APXMIDP,2025-02-04,40,127.56,2771.9,APXMIDP
2025-02-04T19:00:00Z,APXMIDP,2025-02-04,39,130.08,3453.85,APXMIDP
2025-02-04T18:30:00Z,APXMIDP,2025-02-04,38,133.07,3545.55,APXMIDP
2025-02-04T18:00:00Z,APXMIDP,2025-02-04,37,131.6,3561.1,APXMIDP
2025-02-04T17:30:00Z,APXMIDP,2025-02-04,36,135.84,3708.6,APXMIDP
2025-02-04T17:00:00Z,APXMIDP,2025-02-04,35,131.61,3409.5,APXMIDP
2025-02-04T16:30:00Z,APXMIDP,2025-02-04,34,119.93,3109.4,APXMIDP
2025-02-04T16:00:00Z,APXMIDP,2025-02-04,33,119.47,3007.75,APXMIDP
2025-02-04T15:30:00Z,APXMIDP,2025-02-04,32,114.78,3155.6,APXMIDP
2025-02-04T15:00:00Z,APXMIDP,2025-02-04,31,116.06,3796.3,APXMIDP
2025-02-04T14:30:00Z,APXMIDP,2025-02-04,30,111.08,3477.9,APXMIDP
2025-02-04T14:00:00Z,APXMIDP,2025-02-04,29,115.76,3522.95,APXMIDP
2025-02-04T13:30:00Z,APXMIDP,2025-02-04,28,118.85,3419.0,APXMIDP
2025-02-04T13:00:00Z,APXMIDP,2025-02-04,27,114.77,3330.15,APXMIDP
2025-02-04T12:30:00Z,APXMIDP,2025-02-04,26,105.45,3366.5,APXMIDP
2025-02-04T12:00:00Z,APXMIDP,2025-02-04,25,107.52,3362.0,APXMIDP
2025-02-04T11:30:00Z,APXMIDP,2025-02-04,24,108.37,3511.75,APXMIDP
2025-02-04T11:00:00Z,APXMIDP,2025-02-04,23,103.42,3608.1,APXMIDP
2025-02-04T10:30:00Z,APXMIDP,2025-02-04,22,116.97,3146.2,APXMIDP
2025-02-04T10:00:00Z,APXMIDP,2025-02-04,21,118.09,2993.65,APXMIDP
2025-02-04T09:30:00Z,APXMIDP,2025-02-04,20,117.58,2871.25,APXMIDP
2025-02-04T09:00:00Z,APXMIDP,2025-02-04,19,121.44,2900.8,APXMIDP
2025-02-04T08:30:00Z,APXMIDP,2025-02-04,18,134.49,3161.5,APXMIDP
2025-02-04T08:00:00Z,APXMIDP,2025-02-04,17,136.05,2763.5,APXMIDP
2025-02-04T07:30:00Z,APXMIDP,2025-02-04,16,150.94,3397.55,APXMIDP
2025-02-04T07:00:00Z,APXMIDP,2025-02-04,15,139.88,3014.2,APXMIDP
2025-02-04T06:30:00Z,APXMIDP,2025-02-04,14,112.08,2157.9,APXMIDP
2025-02-04T06:00:00Z,APXMIDP,2025-02-04,13,109.99,3089.25,APXMIDP
2025-02-04T05:30:00Z,APXMIDP,2025-02-04,12,106.18,2365.05,APXMIDP
2025-02-04T05:00:00Z,APXMIDP,2025-02-04,11,108.12,1807.3,APXMIDP
2025-02-04T04:30:00Z,APXMIDP,2025-02-04,10,93.01,1917.55,APXMIDP
2025-02-04T04:00:00Z,APXMIDP,2025-02-04,9,91.63,2033.65,APXMIDP
2025-02-04T03:30:00Z,APXMIDP,2025-02-04,8,91.64,1883.1,APXMIDP
2025-02-04T03:00:00Z,APXMIDP,2025-02-04,7,93.41,1930.35,APXMIDP
2025-02-04T02:30:00Z,APXMIDP,2025-02-04,6,89.14,2212.3,APXMIDP
2025-02-04T02:00:00Z,APXMIDP,2025-02-04,5,83.93,1811.8,APXMIDP
2025-02-04T01:30:00Z,APXMIDP,2025-02-04,4,86.29,1973.05,APXMIDP
2025-02-04T01:00:00Z,APXMIDP,2025-02-04,3,94.59,1875.85,APXMIDP
2025-02-04T00:30:00Z,APXMIDP,2025-02-04,2,101.0,2279.85,APXMIDP
2025-02-04T00:00:00Z,APXMIDP,2025-02-04,1,94.18,1967.1,APXMIDP
2025-02-03T23:30:00Z,APXMIDP,2025-02-03,48,86.71,1782.5,APXMIDP
2025-02-03T23:00:00Z,APXMIDP,2025-02-03,47,96.13,1790.3,APXMIDP
2025-02-03T22:30:00Z,APXMIDP,2025-02-03,46,106.76,3267.55,APXMIDP
2025-02-03T22:00:00Z,APXMIDP,2025-02-03,45,109.88,2906.8,APXMIDP
2025-02-03T21:30:00Z,APXMIDP,2025-02-03,44,113.07,3455.6,APXMIDP
2025-02-03T21:00:00Z,APXMIDP,2025-02-03,43,112.16,2992.0,APXMIDP
2025-02-03T20:30:00Z,APXMIDP,2025-02-03,42,114.55,3323.1,APXMIDP
2025-02-03T20:00:00Z,APXMIDP,2025-02-03,41,109.77,2608.75,APXMIDP
2025-02-03T19:30:00Z,APXMIDP,2025-02-03,40,119.52,3033.0,APXMIDP
2025-02-03T19:00:00Z,APXMIDP,2025-02-03,39,122.89,3382.0,APXMIDP
2025-02-03T18:30:00Z,APXMIDP,2025-02-03,38,125.22,2833.35,APXMIDP
2025-02-03T18:00:00Z,APXMIDP,2025-02-03,37,126.66,3048.25,APXMIDP
2025-02-03T17:30:00Z,APXMIDP,2025-02-03,36,129.52,3071.8,APXMIDP
2025-02-03T17:00:00Z,APXMIDP,2025-02-03,35,132.47,2501.05,APXMIDP
2025-02-03T16:30:00Z,APXMIDP,2025-02-03,34,122.34,2852.95,APXMIDP
2025-02-03T16:00:00Z,APXMIDP,2025-02-03,33,111.42,2699.95,APXMIDP
2025-02-03T15:30:00Z,APXMIDP,2025-02-03,32,102.77,2611.3,APXMIDP
2025-02-03T15:00:00Z,APXMIDP,2025-02-03,31,106.35,2556.85,APXMIDP
2025-02-03T14:30:00Z,APXMIDP,2025-02-03,30,97.11,3261.6,APXMIDP
2025-02-03T14:00:00Z,APXMIDP,2025-02-03,29,99.11,3398.2,APXMIDP
2025-02-03T13:30:00Z,APXMIDP,2025-02-03,28,99.37,3345.1,APXMIDP
2025-02-03T13:00:00Z,APXMIDP,2025-02-03,27,99.97,3088.75,APXMIDP
2025-02-03T12:30:00Z,APXMIDP,2025-02-03,26,99.68,3483.65,APXMIDP
2025-02-03T12:00:00Z,APXMIDP,2025-02-03,25,104.74,3577.35,APXMIDP
2025-02-03T11:30:00Z,APXMIDP,2025-02-03,24,103.73,3322.2,APXMIDP
2025-02-03T11:00:00Z,APXMIDP,2025-02-03,23,102.09,3451.8,APXMIDP
2025-02-03T10:30:00Z,APXMIDP,2025-02-03,22,104.57,2742.5,APXMIDP
2025-02-03T10:00:00Z,APXMIDP,2025-02-03,21,104.09,2407.15,APXMIDP
2025-02-03T09:30:00Z,APXMIDP,2025-02-03,20,109.52,2420.55,APXMIDP
2025-02-03T09:00:00Z,APXMIDP,2025-02-03,19,120.69,2034.7,APXMIDP
2025-02-03T08:30:00Z,APXMIDP,2025-02-03,18,145.6,2405.1,APXMIDP
2025-02-03T08:00:00Z,APXMIDP,2025-02-03,17,146.37,2084.85,APXMIDP
2025-02-03T07:30:00Z,APXMIDP,2025-02-03,16,158.77,2015.2,APXMIDP
2025-02-03T07:00:00Z,APXMIDP,2025-02-03,15,145.9,1524.3,APXMIDP
2025-02-03T06:30:00Z,APXMIDP,2025-02-03,14,108.52,1687.3,APXMIDP
2025-02-03T06:00:00Z,APXMIDP,2025-02-03,13,99.08,1617.15,APXMIDP
2025-02-03T05:30:00Z,APXMIDP,2025-02-03,12,97.6,2236.65,APXMIDP
2025-02-03T05:00:00Z,APXMIDP,2025-02-03,11,99.41,1949.35,APXMIDP
2025-02-03T04:30:00Z,APXMIDP,2025-02-03,10,91.08,1731.6,APXMIDP
2025-02-03T04:00:00Z,APXMIDP,2025-02-03,9,96.9,1929.9,APXMIDP
2025-02-03T03:30:00Z,APXMIDP,2025-02-03,8,93.37,1901.05,APXMIDP
2025-02-03T03:00:00Z,APXMIDP,2025-02-03,7,91.4,1798.55,APXMIDP
2025-02-03T02:30:00Z,APXMIDP,2025-02-03,6,96.64,1840.4,APXMIDP
2025-02-03T02:00:00Z,APXMIDP,2025-02-03,5,98.78,2185.15,APXMIDP
2025-02-03T01:30:00Z,APXMIDP,2025-02-03,4,99.54,1846.0,APXMIDP
2025-02-03T01:00:00Z,APXMIDP,2025-02-03,3,99.06,1693.7,APXMIDP
2025-02-03T00:30:00Z,APXMIDP,2025-02-03,2,101.03,1641.2,APXMIDP
2025-02-03T00:00:00Z,APXMIDP,2025-02-03,1,103.3,1760.55,APXMIDP
2025-02-02T23:30:00Z,APXMIDP,2025-02-02,48,107.23,1703.45,APXMIDP
2025-02-02T23:00:00Z,APXMIDP,2025-02-02,47,102.15,1364.6,APXMIDP
2025-02-02T22:30:00Z,APXMIDP,2025-02-02,46,115.89,2516.3,APXMIDP
2025-02-02T22:00:00Z,APXMIDP,2025-02-02,45,120.84,2260.25,APXMIDP
2025-02-02T21:30:00Z,APXMIDP,2025-02-02,44,114.25,2586.8,APXMIDP
2025-02-02T21:00:00Z,APXMIDP,2025-02-02,43,108.31,2346.0,APXMIDP
2025-02-02T20:30:00Z,APXMIDP,2025-02-02,42,118.64,2914.4,APXMIDP
2025-02-02T20:00:00Z,APXMIDP,2025-02-02,41,133.38,2863.25,APXMIDP
2025-02-02T19:30:00Z,APXMIDP,2025-02-02,40,122.42,2162.5,APXMIDP
2025-02-02T19:00:00Z,APXMIDP,2025-02-02,39,141.33,2438.95,APXMIDP
2025-02-02T18:30:00Z,APXMIDP,2025-02-02,38,141.33,2960.2,APXMIDP
2025-02-02T18:00:00Z,APXMIDP,2025-02-02,37,146.44,3370.0,APXMIDP
2025-02-02T17:30:00Z,APXMIDP,2025-02-02,36,144.47,3089.45,APXMIDP
2025-02-02T17:00:00Z,APXMIDP,2025-02-02,35,146.36,3334.65,APXMIDP
2025-02-02T16:30:00Z,APXMIDP,2025-02-02,34,145.8,3249.75,APXMIDP
2025-02-02T16:00:00Z,APXMIDP,2025-02-02,33,126.91,3358.1,APXMIDP
2025-02-02T15:30:00Z,APXMIDP,2025-02-02,32,123.69,3429.8,APXMIDP
2025-02-02T15:00:00Z,APXMIDP,2025-02-02,31,119.45,3924.65,APXMIDP
2025-02-02T14:30:00Z,APXMIDP,2025-02-02,30,102.49,4595.65,APXMIDP
2025-02-02T14:00:00Z,APXMIDP,2025-02-02,29,103.35,4476.95,APXMIDP
2025-02-02T13:30:00Z,APXMIDP,2025-02-02,28,103.88,4132.2,APXMIDP
2025-02-02T13:00:00Z,APXMIDP,2025-02-02,27,101.13,4584.4,APXMIDP
2025-02-02T12:30:00Z,APXMIDP,2025-02-02,26,92.46,4183.75,APXMIDP
2025-02-02T12:00:00Z,APXMIDP,2025-02-02,25,95.08,4142.2,APXMIDP
2025-02-02T11:30:00Z,APXMIDP,2025-02-02,24,87.09,4233.8,APXMIDP
2025-02-02T11:00:00Z,APXMIDP,2025-02-02,23,78.99,3136.25,APXMIDP
2025-02-02T10:30:00Z,APXMIDP,2025-02-02,22,94.54,3846.0,APXMIDP
2025-02-02T10:00:00Z,APXMIDP,2025-02-02,21,93.83,2839.7,APXMIDP
2025-02-02T09:30:00Z,APXMIDP,2025-02-02,20,107.78,2710.45,APXMIDP
2025-02-02T09:00:00Z,APXMIDP,2025-02-02,19,105.18,2485.95,APXMIDP
2025-02-02T08:30:00Z,APXMIDP,2025-02-02,18,116.71,2595.45,APXMIDP
2025-02-02T08:00:00Z,APXMIDP,2025-02-02,17,105.33,2525.15,APXMIDP
2025-02-02T07:30:00Z,APXMIDP,2025-02-02,16,103.88,2774.95,APXMIDP
2025-02-02T07:00:00Z,APXMIDP,2025-02-02,15,100.4,2713.05,APXMIDP
2025-02-02T06:30:00Z,APXMIDP,2025-02-02,14,94.86,2691.15,APXMIDP
2025-02-02T06:00:00Z,APXMIDP,2025-02-02,13,104.39,2514.7,APXMIDP
2025-02-02T05:30:00Z,APXMIDP,2025-02-02,12,103.49,2349.2,APXMIDP
2025-02-02T05:00:00Z,APXMIDP,2025-02-02,11,105.22,2410.05,APXMIDP
2025-02-02T04:30:00Z,APXMIDP,2025-02-02,10,97.87,2207.25,APXMIDP
2025-02-02T04:00:00Z,APXMIDP,2025-02-02,9,99.79,2089.8,APXMIDP
2025-02-02T03:30:00Z,APXMIDP,2025-02-02,8,97.56,1938.8,APXMIDP
2025-02-02T03:00:00Z,APXMIDP,2025-02-02,7,104.6,1940.05,APXMIDP
2025-02-02T02:30:00Z,APXMIDP,2025-02-02,6,104.04,2020.95,APXMIDP
2025-02-02T02:00:00Z,APXMIDP,2025-02-02,5,105.43,1746.35,APXMIDP
2025-02-02T01:30:00Z,APXMIDP,2025-02-02,4,104.54,1617.7,APXMIDP
2025-02-02T01:00:00Z,APXMIDP,2025-02-02,3,104.75,1462.5,APXMIDP
2025-02-02T00:30:00Z,APXMIDP,2025-02-02,2,108.56,1506.0,APXMIDP
2025-02-02T00:00:00Z,APXMIDP,2025-02-02,1,101.93,1517.65,APXMIDP
2025-02-01T23:30:00Z,APXMIDP,2025-02-01,48,99.88,1450.85,APXMIDP
2025-02-01T23:00:00Z,APXMIDP,2025-02-01,47,93.23,1428.85,APXMIDP
2025-02-01T22:30:00Z,APXMIDP,2025-02-01,46,106.16,2698.75,APXMIDP
2025-02-01T22:00:00Z,APXMIDP,2025-02-01,45,108.3,2518.95,APXMIDP
2025-02-01T21:30:00Z,APXMIDP,2025-02-01,44,114.92,2370.8,APXMIDP
2025-02-01T21:00:00Z,APXMIDP,2025-02-01,43,115.89,2378.0,APXMIDP
2025-02-01T20:30:00Z,APXMIDP,2025-02-01,42,114.5,2001.85,APXMIDP
2025-02-01T20:00:00Z,APXMIDP,2025-02-01,41,117.25,1987.8,APXMIDP
2025-02-01T19:30:00Z,APXMIDP,2025-02-01,40,121.71,2190.1,APXMIDP
2025-02-01T19:00:00Z,APXMIDP,2025-02-01,39,128.04,1978.15,APXMIDP
2025-02-01T18:30:00Z,APXMIDP,2025-02-01,38,132.89,2291.45,APXMIDP
2025-02-01T18:00:00Z,APXMIDP,2025-02-01,37,133.91,2573.7,APXMIDP
2025-02-01T17:30:00Z,APXMIDP,2025-02-01,36,128.83,2470.5,APXMIDP
2025-02-01T17:00:00Z,APXMIDP,2025-02-01,35,130.13,2246.1,APXMIDP
2025-02-01T16:30:00Z,APXMIDP,2025-02-01,34,129.72,2130.2,APXMIDP
2025-02-01T16:00:00Z,APXMIDP,2025-02-01,33,125.16,2048.85,APXMIDP
2025-02-01T15:30:00Z,APXMIDP,2025-02-01,32,124.94,2670.4,APXMIDP
2025-02-01T15:00:00Z,APXMIDP,2025-02-01,31,127.89,1948.15,APXMIDP
2025-02-01T14:30:00Z,APXMIDP,2025-02-01,30,106.77,3713.4,APXMIDP
2025-02-01T14:00:00Z,APXMIDP,2025-02-01,29,108.52,3167.2,APXMIDP
2025-02-01T13:30:00Z,APXMIDP,2025-02-01,28,106.5,2995.6,APXMIDP
2025-02-01T13:00:00Z,APXMIDP,2025-02-01,27,107.41,3093.3,APXMIDP
2025-02-01T12:30:00Z,APXMIDP,2025-02-01,26,99.94,2807.95,APXMIDP
2025-02-01T12:00:00Z,APXMIDP,2025-02-01,25,97.14,2165.85,APXMIDP
2025-02-01T11:30:00Z,APXMIDP,2025-02-01,24,99.72,2451.9,APXMIDP
2025-02-01T11:00:00Z,APXMIDP,2025-02-01,23,101.06,2148.55,APXMIDP
2025-02-01T10:30:00Z,APXMIDP,2025-02-01,22,108.5,2381.45,APXMIDP
2025-02-01T10:00:00Z,APXMIDP,2025-02-01,21,109.16,1738.25,APXMIDP
2025-02-01T09:30:00Z,APXMIDP,2025-02-01,20,120.88,2070.7,APXMIDP
2025-02-01T09:00:00Z,APXMIDP,2025-02-01,19,121.64,2021.55,APXMIDP
2025-02-01T08:30:00Z,APXMIDP,2025-02-01,18,133.56,2387.75,APXMIDP
2025-02-01T08:00:00Z,APXMIDP,2025-02-01,17,130.16,1820.05,APXMIDP
2025-02-01T07:30:00Z,APXMIDP,2025-02-01,16,131.6,2167.5,APXMIDP
2025-02-01T07:00:00Z,APXMIDP,2025-02-01,15,126.09,1592.6,APXMIDP
2025-02-01T06:30:00Z,APXMIDP,2025-02-01,14,112.43,1909.65,APXMIDP
2025-02-01T06:00:00Z,APXMIDP,2025-02-01,13,104.28,1942.75,APXMIDP
2025-02-01T05:30:00Z,APXMIDP,2025-02-01,12,95.27,1813.2,APXMIDP
2025-02-01T05:00:00Z,APXMIDP,2025-02-01,11,101.04,1783.55,APXMIDP
2025-02-01T04:30:00Z,APXMIDP,2025-02-01,10,94.9,1611.75,APXMIDP
2025-02-01T04:00:00Z,APXMIDP,2025-02-01,9,96.2,1681.65,APXMIDP
2025-02-01T03:30:00Z,APXMIDP,2025-02-01,8,96.85,1537.4,APXMIDP
2025-02-01T03:00:00Z,APXMIDP,2025-02-01,7,98.36,1569.85,APXMIDP
2025-02-01T02:30:00Z,APXMIDP,2025-02-01,6,98.3,1305.85,APXMIDP
2025-02-01T02:00:00Z,APXMIDP,2025-02-01,5,100.13,1035.0,APXMIDP
2025-02-01T01:30:00Z,APXMIDP,2025-02-01,4,102.7,1241.55,APXMIDP
2025-02-01T01:00:00Z,APXMIDP,2025-02-01,3,109.65,1338.2,APXMIDP
2025-02-01T00:30:00Z,APXMIDP,2025-02-01,2,116.17,1051.5,APXMIDP
2025-02-01T00:00:00Z,APXMIDP,2025-02-01,1,116.34,907.45,APXMIDP
2025-01-31T23:30:00Z,APXMIDP,2025-01-31,48,121.27,1088.4,APXMIDP
2025-01-31T23:00:00Z,APXMIDP,2025-01-31,47,111.15,1628.55,APXMIDP
2025-01-31T22:30:00Z,APXMIDP,2025-01-31,46,110.68,2242.65,APXMIDP
2025-01-31T22:00:00Z,APXMIDP,2025-01-31,45,120.82,2326.7,APXMIDP
2025-01-31T21:30:00Z,APXMIDP,2025-01-31,44,122.78,2925.5,APXMIDP
2025-01-31T21:00:00Z,APXMIDP,2025-01-31,43,122.33,2790.0,APXMIDP
2025-01-31T20:30:00Z,APXMIDP,2025-01-31,42,117.08,3070.05,APXMIDP
2025-01-31T20:00:00Z,APXMIDP,2025-01-31,41,134.71,3680.2,APXMIDP
2025-01-31T19:30:00Z,APXMIDP,2025-01-31,40,142.08,3191.15,APXMIDP
2025-01-31T19:00:00Z,APXMIDP,2025-01-31,39,142.78,3333.05,APXMIDP
2025-01-31T18:30:00Z,APXMIDP,2025-01-31,38,145.6,3711.05,APXMIDP
2025-01-31T18:00:00Z,APXMIDP,2025-01-31,37,148.42,3943.75,APXMIDP
2025-01-31T17:30:00Z,APXMIDP,2025-01-31,36,145.81,4278.3,APXMIDP
2025-01-31T17:00:00Z,APXMIDP,2025-01-31,35,146.07,3951.35,APXMIDP
2025-01-31T16:30:00Z,APXMIDP,2025-01-31,34,141.53,4014.85,APXMIDP
2025-01-31T16:00:00Z,APXMIDP,2025-01-31,33,137.25,3881.25,APXMIDP
2025-01-31T15:30:00Z,APXMIDP,2025-01-31,32,137.49,3599.5,APXMIDP
2025-01-31T15:00:00Z,APXMIDP,2025-01-31,31,132.2,3705.65,APXMIDP
2025-01-31T14:30:00Z,APXMIDP,2025-01-31,30,116.66,4188.35,APXMIDP
2025-01-31T14:00:00Z,APXMIDP,2025-01-31,29,110.24,3735.1,APXMIDP
2025-01-31T13:30:00Z,APXMIDP,2025-01-31,28,111.91,3682.35,APXMIDP
2025-01-31T13:00:00Z,APXMIDP,2025-01-31,27,115.1,3612.8,APXMIDP
2025-01-31T12:30:00Z,APXMIDP,2025-01-31,26,119.21,3520.4,APXMIDP
2025-01-31T12:00:00Z,APXMIDP,2025-01-31,25,126.7,3404.55,APXMIDP
2025-01-31T11:30:00Z,APXMIDP,2025-01-31,24,122.73,2978.05,APXMIDP
2025-01-31T11:00:00Z,APXMIDP,2025-01-31,23,118.28,2714.75,APXMIDP
2025-01-31T10:30:00Z,APXMIDP,2025-01-31,22,122.89,2977.6,APXMIDP
2025-01-31T10:00:00Z,APXMIDP,2025-01-31,21,126.59,3058.0,APXMIDP
2025-01-31T09:30:00Z,APXMIDP,2025-01-31,20,122.2,2998.8,APXMIDP
2025-01-31T09:00:00Z,APXMIDP,2025-01-31,19,121.58,2843.75,APXMIDP
2025-01-31T08:30:00Z,APXMIDP,2025-01-31,18,133.96,3500.0,APXMIDP
2025-01-31T08:00:00Z,APXMIDP,2025-01-31,17,132.13,3215.65,APXMIDP
2025-01-31T07:30:00Z,APXMIDP,2025-01-31,16,142.26,2108.15,APXMIDP
2025-01-31T07:00:00Z,APXMIDP,2025-01-31,15,131.69,2168.5,APXMIDP
2025-01-31T06:30:00Z,APXMIDP,2025-01-31,14,113.7,2481.2,APXMIDP
2025-01-31T06:00:00Z,APXMIDP,2025-01-31,13,125.5,1758.8,APXMIDP
2025-01-31T05:30:00Z,APXMIDP,2025-01-31,12,107.51,2535.4,APXMIDP
2025-01-31T05:00:00Z,APXMIDP,2025-01-31,11,118.03,2152.7,APXMIDP
2025-01-31T04:30:00Z,APXMIDP,2025-01-31,10,111.48,2760.45,APXMIDP
2025-01-31T04:00:00Z,APXMIDP,2025-01-31,9,114.74,2215.7,APXMIDP
2025-01-31T03:30:00Z,APXMIDP,2025-01-31,8,119.55,2468.2,APXMIDP
2025-01-31T03:00:00Z,APXMIDP,2025-01-31,7,115.74,2155.3,APXMIDP
2025-01-31T02:30:00Z,APXMIDP,2025-01-31,6,124.49,1867.3,APXMIDP
2025-01-31T02:00:00Z,APXMIDP,2025-01-31,5,118.95,1501.9,APXMIDP
2025-01-31T01:30:00Z,APXMIDP,2025-01-31,4,118.84,1977.65,APXMIDP
2025-01-31T01:00:00Z,APXMIDP,2025-01-31,3,119.73,1717.5,APXMIDP
2025-01-31T00:30:00Z,APXMIDP,2025-01-31,2,116.73,1927.7,APXMIDP
2025-01-31T00:00:00Z,APXMIDP,2025-01-31,1,110.29,2013.0,APXMIDP
2025-01-30T23:30:00Z,APXMIDP,2025-01-30,48,113.64,2196.85,APXMIDP
2025-01-30T23:00:00Z,APXMIDP,2025-01-30,47,120.59,2037.8,APXMIDP
2025-01-30T22:30:00Z,APXMIDP,2025-01-30,46,109.36,3463.3,APXMIDP
2025-01-30T22:00:00Z,APXMIDP,2025-01-30,45,108.89,3475.55,APXMIDP
2025-01-30T21:30:00Z,APXMIDP,2025-01-30,44,111.69,2862.1,APXMIDP
2025-01-30T21:00:00Z,APXMIDP,2025-01-30,43,121.07,2908.3,APXMIDP
2025-01-30T20:30:00Z,APXMIDP,2025-01-30,42,126.17,2180.75,APXMIDP
2025-01-30T20:00:00Z,APXMIDP,2025-01-30,41,145.3,2665.45,APXMIDP
2025-01-30T19:30:00Z,APXMIDP,2025-01-30,40,151.03,3025.5,APXMIDP
2025-01-30T19:00:00Z,APXMIDP,2025-01-30,39,161.53,3533.2,APXMIDP
2025-01-30T18:30:00Z,APXMIDP,2025-01-30,38,161.52,3500.2,APXMIDP
2025-01-30T18:00:00Z,APXMIDP,2025-01-30,37,162.94,3430.15,APXMIDP
2025-01-30T17:30:00Z,APXMIDP,2025-01-30,36,165.2,3820.95,APXMIDP
2025-01-30T17:00:00Z,APXMIDP,2025-01-30,35,160.58,3223.25,APXMIDP
2025-01-30T16:30:00Z,APXMIDP,2025-01-30,34,147.39,3355.1,APXMIDP
2025-01-30T16:00:00Z,APXMIDP,2025-01-30,33,140.02,3108.4,APXMIDP
2025-01-30T15:30:00Z,APXMIDP,2025-01-30,32,135.53,3619.65,APXMIDP
2025-01-30T15:00:00Z,APXMIDP,2025-01-30,31,132.42,3498.65,APXMIDP
2025-01-30T14:30:00Z,APXMIDP,2025-01-30,30,102.49,3258.5,APXMIDP
2025-01-30T14:00:00Z,APXMIDP,2025-01-30,29,98.56,3501.0,APXMIDP
2025-01-30T13:30:00Z,APXMIDP,2025-01-30,28,98.06,3159.6,APXMIDP
2025-01-30T13:00:00Z,APXMIDP,2025-01-30,27,98.38,3113.9,APXMIDP
2025-01-30T12:30:00Z,APXMIDP,2025-01-30,26,96.54,3607.0,APXMIDP
2025-01-30T12:00:00Z,APXMIDP,2025-01-30,25,96.38,3602.5,APXMIDP
2025-01-30T11:30:00Z,APXMIDP,2025-01-30,24,97.17,3847.15,APXMIDP
2025-01-30T11:00:00Z,APXMIDP,2025-01-30,23,98.88,3492.9,APXMIDP
2025-01-30T10:30:00Z,APXMIDP,2025-01-30,22,99.52,3887.5,APXMIDP
2025-01-30T10:00:00Z,APXMIDP,2025-01-30,21,105.77,3351.5,APXMIDP
2025-01-30T09:30:00Z,APXMIDP,2025-01-30,20,104.39,3256.7,APXMIDP
2025-01-30T09:00:00Z,APXMIDP,2025-01-30,19,98.19,2436.05,APXMIDP
2025-01-30T08:30:00Z,APXMIDP,2025-01-30,18,115.35,3337.35,APXMIDP
2025-01-30T08:00:00Z,APXMIDP,2025-01-30,17,117.54,3007.25,APXMIDP
2025-01-30T07:30:00Z,APXMIDP,2025-01-30,16,119.88,2978.3,APXMIDP
2025-01-30T07:00:00Z,APXMIDP,2025-01-30,15,110.42,2988.2,APXMIDP
2025-01-30T06:30:00Z,APXMIDP,2025-01-30,14,89.15,3200.35,APXMIDP
2025-01-30T06:00:00Z,APXMIDP,2025-01-30,13,94.8,1956.5,APXMIDP
2025-01-30T05:30:00Z,APXMIDP,2025-01-30,12,81.14,1930.15,APXMIDP
2025-01-30T05:00:00Z,APXMIDP,2025-01-30,11,88.45,1944.1,APXMIDP
2025-01-30T04:30:00Z,APXMIDP,2025-01-30,10,80.16,2443.5,APXMIDP
2025-01-30T04:00:00Z,APXMIDP,2025-01-30,9,80.26,2512.3,APXMIDP
2025-01-30T03:30:00Z,APXMIDP,2025-01-30,8,85.52,2491.95,APXMIDP
2025-01-30T03:00:00Z,APXMIDP,2025-01-30,7,93.9,2626.0,APXMIDP
2025-01-30T02:30:00Z,APXMIDP,2025-01-30,6,90.97,2765.0,APXMIDP
2025-01-30T02:00:00Z,APXMIDP,2025-01-30,5,94.28,2825.1,APXMIDP
2025-01-30T01:30:00Z,APXMIDP,2025-01-30,4,94.36,2470.85,APXMIDP
2025-01-30T01:00:00Z,APXMIDP,2025-01-30,3,96.58,2226.8,APXMIDP
2025-01-30T00:30:00Z,APXMIDP,2025-01-30,2,108.73,1961.8,APXMIDP
2025-01-30T00:00:00Z,APXMIDP,2025-01-30,1,97.52,2044.05,APXMIDP
2025-01-29T23:30:00Z,APXMIDP,2025-01-29,48,91.74,1939.85,APXMIDP
2025-01-29T23:00:00Z,APXMIDP,2025-01-29,47,98.94,1940.5,APXMIDP
2025-01-29T22:30:00Z,APXMIDP,2025-01-29,46,104.88,3541.85,APXMIDP
2025-01-29T22:00:00Z,APXMIDP,2025-01-29,45,110.49,2983.45,APXMIDP
2025-01-29T21:30:00Z,APXMIDP,2025-01-29,44,111.35,2683.8,APXMIDP
2025-01-29T21:00:00Z,APXMIDP,2025-01-29,43,109.62,2563.85,APXMIDP
2025-01-29T20:30:00Z,APXMIDP,2025-01-29,42,119.29,3055.05,APXMIDP
2025-01-29T20:00:00Z,APXMIDP,2025-01-29,41,115.62,2892.95,APXMIDP
2025-01-29T19:30:00Z,APXMIDP,2025-01-29,40,114.97,2682.85,APXMIDP
2025-01-29T19:00:00Z,APXMIDP,2025-01-29,39,127.69,2914.15,APXMIDP
2025-01-29T18:30:00Z,APXMIDP,2025-01-29,38,132.27,3158.3,APXMIDP
2025-01-29T18:00:00Z,APXMIDP,2025-01-29,37,132.48,3157.45,APXMIDP
2025-01-29T17:30:00Z,APXMIDP,2025-01-29,36,139.75,3796.1,APXMIDP
2025-01-29T17:00:00Z,APXMIDP,2025-01-29,35,137.76,2999.9,APXMIDP
2025-01-29T16:30:00Z,APXMIDP,2025-01-29,34,133.48,3424.15,APXMIDP
2025-01-29T16:00:00Z,APXMIDP,2025-01-29,33,124.13,3307.45,APXMIDP
2025-01-29T15:30:00Z,APXMIDP,2025-01-29,32,121.07,3253.8,APXMIDP
2025-01-29T15:00:00Z,APXMIDP,2025-01-29,31,116.39,3667.95,APXMIDP
2025-01-29T14:30:00Z,APXMIDP,2025-01-29,30,111.33,3229.6,APXMIDP
2025-01-29T14:00:00Z,APXMIDP,2025-01-29,29,109.07,3598.2,APXMIDP
2025-01-29T13:30:00Z,APXMIDP,2025-01-29,28,104.87,3338.6,APXMIDP
2025-01-29T13:00:00Z,APXMIDP,2025-01-29,27,102.59,3266.85,APXMIDP
2025-01-29T12:30:00Z,APXMIDP,2025-01-29,26,103.69,3553.5,APXMIDP
2025-01-29T12:00:00Z,APXMIDP,2025-01-29,25,109.37,3290.75,APXMIDP
2025-01-29T11:30:00Z,APXMIDP,2025-01-29,24,111.87,3454.25,APXMIDP
2025-01-29T11:00:00Z,APXMIDP,2025-01-29,23,116.91,2693.45,APXMIDP
2025-01-29T10:30:00Z,APXMIDP,2025-01-29,22,114.81,2661.0,APXMIDP
2025-01-29T10:00:00Z,APXMIDP,2025-01-29,21,114.91,2440.1,APXMIDP
2025-01-29T09:30:00Z,APXMIDP,2025-01-29,20,113.56,2679.5,APXMIDP
2025-01-29T09:00:00Z,APXMIDP,2025-01-29,19,116.66,2843.25,APXMIDP
2025-01-29T08:30:00Z,APXMIDP,2025-01-29,18,105.14,3438.4,APXMIDP
2025-01-29T08:00:00Z,APXMIDP,2025-01-29,17,99.84,3557.15,APXMIDP
2025-01-29T07:30:00Z,APXMIDP,2025-01-29,16,112.33,3335.75,APXMIDP
2025-01-29T07:00:00Z,APXMIDP,2025-01-29,15,115.83,3574.6,APXMIDP
2025-01-29T06:30:00Z,APXMIDP,2025-01-29,14,110.27,3002.5,APXMIDP
2025-01-29T06:00:00Z,APXMIDP,2025-01-29,13,100.22,2227.35,APXMIDP
2025-01-29T05:30:00Z,APXMIDP,2025-01-29,12,69.56,2810.0,APXMIDP
2025-01-29T05:00:00Z,APXMIDP,2025-01-29,11,61.31,2692.8,APXMIDP
2025-01-29T04:30:00Z,APXMIDP,2025-01-29,10,49.85,2485.55,APXMIDP
2025-01-29T04:00:00Z,APXMIDP,2025-01-29,9,49.17,2344.0,APXMIDP
2025-01-29T03:30:00Z,APXMIDP,2025-01-29,8,53.82,2454.95,APXMIDP
2025-01-29T03:00:00Z,APXMIDP,2025-01-29,7,50.25,2367.1,APXMIDP
2025-01-29T02:30:00Z,APXMIDP,2025-01-29,6,56.86,2570.55,APXMIDP
2025-01-29T02:00:00Z,APXMIDP,2025-01-29,5,54.62,2508.0,APXMIDP
2025-02-12T02:30:00Z,APXMIDP,2025-02-12,6,103.56,2330.5,APXMIDP
2025-02-12T02:00:00Z,APXMIDP,2025-02-12,5,100.7,2073.95,APXMIDP
2025-02-12T01:30:00Z,APXMIDP,2025-02-12,4,105.66,1889.8,APXMIDP
2025-02-12T01:00:00Z,APXMIDP,2025-02-12,3,111.68,1926.25,APXMIDP
2025-02-12T00:30:00Z,APXMIDP,2025-02-12,2,117.91,1831.35,APXMIDP
2025-02-12T00:00:00Z,APXMIDP,2025-02-12,1,114.15,1635.55,APXMIDP
2025-02-11T23:30:00Z,APXMIDP,2025-02-11,48,121.6,1974.0,APXMIDP
2025-02-11T23:00:00Z,APXMIDP,2025-02-11,47,127.45,1655.8,APXMIDP
2025-02-11T22:30:00Z,APXMIDP,2025-02-11,46,125.06,2642.8,APXMIDP
2025-02-11T22:00:00Z,APXMIDP,2025-02-11,45,120.46,1742.95,APXMIDP
2025-02-11T21:30:00Z,APXMIDP,2025-02-11,44,120.87,1191.85,APXMIDP
2025-02-11T21:00:00Z,APXMIDP,2025-02-11,43,119.64,1058.25,APXMIDP
2025-02-11T20:30:00Z,APXMIDP,2025-02-11,42,124.42,1313.1,APXMIDP
2025-02-11T20:00:00Z,APXMIDP,2025-02-11,41,123.07,1310.0,APXMIDP
2025-02-11T19:30:00Z,APXMIDP,2025-02-11,40,122.98,1574.95,APXMIDP
2025-02-11T19:00:00Z,APXMIDP,2025-02-11,39,136.34,2278.3,APXMIDP
2025-02-11T18:30:00Z,APXMIDP,2025-02-11,38,142.76,2869.5,APXMIDP
2025-02-11T18:00:00Z,APXMIDP,2025-02-11,37,144.8,2771.65,APXMIDP
2025-02-11T17:30:00Z,APXMIDP,2025-02-11,36,142.57,2928.25,APXMIDP
2025-02-11T17:00:00Z,APXMIDP,2025-02-11,35,143.92,2624.55,APXMIDP
2025-02-11T16:30:00Z,APXMIDP,2025-02-11,34,144.87,2748.05,APXMIDP
2025-02-11T16:00:00Z,APXMIDP,2025-02-11,33,142.73,2626.25,APXMIDP
2025-02-11T15:30:00Z,APXMIDP,2025-02-11,32,139.59,2674.45,APXMIDP
2025-02-11T15:00:00Z,APXMIDP,2025-02-11,31,140.45,3031.15,APXMIDP
2025-02-11T14:30:00Z,APXMIDP,2025-02-11,30,133.9,2946.35,APXMIDP
2025-02-11T14:00:00Z,APXMIDP,2025-02-11,29,134.03,2723.4,APXMIDP
2025-02-11T13:30:00Z,APXMIDP,2025-02-11,28,130.88,3174.2,APXMIDP
2025-02-11T13:00:00Z,APXMIDP,2025-02-11,27,129.66,3318.7,APXMIDP
2025-02-11T12:30:00Z,APXMIDP,2025-02-11,26,130.84,2815.25,APXMIDP
2025-02-11T12:00:00Z,APXMIDP,2025-02-11,25,132.24,3040.9,APXMIDP
2025-02-11T11:30:00Z,APXMIDP,2025-02-11,24,130.25,2560.0,APXMIDP
2025-02-11T11:00:00Z,APXMIDP,2025-02-11,23,129.03,2481.4,APXMIDP
2025-02-11T10:30:00Z,APXMIDP,2025-02-11,22,137.75,2721.1,APXMIDP
2025-02-11T10:00:00Z,APXMIDP,2025-02-11,21,140.0,2336.0,APXMIDP
2025-02-11T09:30:00Z,APXMIDP,2025-02-11,20,145.45,2671.45,APXMIDP
2025-02-11T09:00:00Z,APXMIDP,2025-02-11,19,144.64,2178.7,APXMIDP
2025-02-11T08:30:00Z,APXMIDP,2025-02-11,18,145.83,1921.9,APXMIDP
2025-02-11T08:00:00Z,APXMIDP,2025-02-11,17,140.99,1756.8,APXMIDP
2025-02-11T07:30:00Z,APXMIDP,2025-02-11,16,149.16,2617.6,APXMIDP
2025-02-11T07:00:00Z,APXMIDP,2025-02-11,15,143.51,2456.85,APXMIDP
2025-02-11T06:30:00Z,APXMIDP,2025-02-11,14,119.47,2933.4,APXMIDP
2025-02-11T06:00:00Z,APXMIDP,2025-02-11,13,128.86,2412.1,APXMIDP
2025-02-11T05:30:00Z,APXMIDP,2025-02-11,12,113.99,2162.75,APXMIDP
2025-02-11T05:00:00Z,APXMIDP,2025-02-11,11,124.29,2110.7,APXMIDP
2025-02-11T04:30:00Z,APXMIDP,2025-02-11,10,108.09,2227.25,APXMIDP
2025-02-11T04:00:00Z,APXMIDP,2025-02-11,9,105.83,2271.9,APXMIDP
2025-02-11T03:30:00Z,APXMIDP,2025-02-11,8,104.22,1975.05,APXMIDP
2025-02-11T03:00:00Z,APXMIDP,2025-02-11,7,109.48,2287.15,APXMIDP
2025-02-11T02:30:00Z,APXMIDP,2025-02-11,6,114.24,2428.6,APXMIDP
2025-02-11T02:00:00Z,APXMIDP,2025-02-11,5,110.66,2289.8,APXMIDP
2025-02-11T01:30:00Z,APXMIDP,2025-02-11,4,114.27,1888.75,APXMIDP
2025-02-11T01:00:00Z,APXMIDP,2025-02-11,3,117.3,1795.75,APXMIDP
2025-02-11T00:30:00Z,APXMIDP,2025-02-11,2,118.14,1490.2,APXMIDP
2025-02-11T00:00:00Z,APXMIDP,2025-02-11,1,113.67,1387.25,APXMIDP
2025-02-10T23:30:00Z,APXMIDP,2025-02-10,48,121.51,1464.65,APXMIDP
2025-02-10T23:00:00Z,APXMIDP,2025-02-10,47,122.05,1646.45,APXMIDP
2025-02-10T22:30:00Z,APXMIDP,2025-02-10,46,120.31,3254.25,APXMIDP
2025-02-10T22:00:00Z,APXMIDP,2025-02-10,45,118.48,2774.5,APXMIDP
2025-02-10T21:30:00Z,APXMIDP,2025-02-10,44,119.87,2759.85,APXMIDP
2025-02-10T21:00:00Z,APXMIDP,2025-02-10,43,121.39,2697.0,APXMIDP
2025-02-10T20:30:00Z,APXMIDP,2025-02-10,42,120.39,3163.75,APXMIDP
2025-02-10T20:00:00Z,APXMIDP,2025-02-10,41,122.81,2883.3,APXMIDP
2025-02-10T19:30:00Z,APXMIDP,2025-02-10,40,125.65,2694.0,APXMIDP
2025-02-10T19:00:00Z,APXMIDP,2025-02-10,39,132.1,2865.7,APXMIDP
2025-02-10T18:30:00Z,APXMIDP,2025-02-10,38,138.78,3294.3,APXMIDP
2025-02-10T18:00:00Z,APXMIDP,2025-02-10,37,140.0,3396.4,APXMIDP
2025-02-10T17:30:00Z,APXMIDP,2025-02-10,36,136.27,3417.9,APXMIDP
2025-02-10T17:00:00Z,APXMIDP,2025-02-10,35,132.63,3389.15,APXMIDP
2025-02-10T16:30:00Z,APXMIDP,2025-02-10,34,132.32,2896.2,APXMIDP
2025-02-10T16:00:00Z,APXMIDP,2025-02-10,33,119.12,3233.7,APXMIDP
2025-02-10T15:30:00Z,APXMIDP,2025-02-10,32,117.04,3144.85,APXMIDP
2025-02-10T15:00:00Z,APXMIDP,2025-02-10,31,119.28,3170.0,APXMIDP
2025-02-10T14:30:00Z,APXMIDP,2025-02-10,30,109.92,2961.4,APXMIDP
2025-02-10T14:00:00Z,APXMIDP,2025-02-10,29,108.12,2615.1,APXMIDP
2025-02-10T13:30:00Z,APXMIDP,2025-02-10,28,105.7,3145.35,APXMIDP
2025-02-10T13:00:00Z,APXMIDP,2025-02-10,27,106.9,2765.15,APXMIDP
2025-02-10T12:30:00Z,APXMIDP,2025-02-10,26,109.75,2394.45,APXMIDP
2025-02-10T12:00:00Z,APXMIDP,2025-02-10,25,108.69,2739.15,APXMIDP
2025-02-10T11:30:00Z,APXMIDP,2025-02-10,24,114.22,2495.1,APXMIDP
2025-02-10T11:00:00Z,APXMIDP,2025-02-10,23,112.4,2548.3,APXMIDP
2025-02-10T10:30:00Z,APXMIDP,2025-02-10,22,111.63,2348.75,APXMIDP
2025-02-10T10:00:00Z,APXMIDP,2025-02-10,21,111.87,2295.05,APXMIDP
2025-02-10T09:30:00Z,APXMIDP,2025-02-10,20,112.15,2684.15,APXMIDP
2025-02-10T09:00:00Z,APXMIDP,2025-02-10,19,115.29,2339.2,APXMIDP
2025-02-10T08:30:00Z,APXMIDP,2025-02-10,18,123.39,2374.3,APXMIDP
2025-02-10T08:00:00Z,APXMIDP,2025-02-10,17,121.49,2081.3,APXMIDP
2025-02-10T07:30:00Z,APXMIDP,2025-02-10,16,134.3,2143.0,APXMIDP
2025-02-10T07:00:00Z,APXMIDP,2025-02-10,15,126.55,2315.7,APXMIDP
2025-02-10T06:30:00Z,APXMIDP,2025-02-10,14,112.67,2670.2,APXMIDP
2025-02-10T06:00:00Z,APXMIDP,2025-02-10,13,114.56,2623.9,APXMIDP
2025-02-10T05:30:00Z,APXMIDP,2025-02-10,12,104.36,2384.95,APXMIDP
2025-02-10T05:00:00Z,APXMIDP,2025-02-10,11,106.21,2316.15,APXMIDP
2025-02-10T04:30:00Z,APXMIDP,2025-02-10,10,84.98,1769.6,APXMIDP
2025-02-10T04:00:00Z,APXMIDP,2025-02-10,9,88.32,1731.95,APXMIDP
2025-02-10T03:30:00Z,APXMIDP,2025-02-10,8,82.21,1613.05,APXMIDP
2025-02-10T03:00:00Z,APXMIDP,2025-02-10,7,86.8,1876.1,APXMIDP
2025-02-10T02:30:00Z,APXMIDP,2025-02-10,6,90.64,2114.55,APXMIDP
2025-02-10T02:00:00Z,APXMIDP,2025-02-10,5,87.91,1938.1,APXMIDP
2025-02-10T01:30:00Z,APXMIDP,2025-02-10,4,89.96,2017.05,APXMIDP
2025-02-10T01:00:00Z,APXMIDP,2025-02-10,3,93.87,1826.65,APXMIDP
2025-02-10T00:30:00Z,APXMIDP,2025-02-10,2,94.51,1356.1,APXMIDP
2025-02-10T00:00:00Z,APXMIDP,2025-02-10,1,92.36,1228.2,APXMIDP
2025-02-09T23:30:00Z,APXMIDP,2025-02-09,48,97.35,1184.05,APXMIDP
2025-02-09T23:00:00Z,APXMIDP,2025-02-09,47,99.77,1306.45,APXMIDP
2025-02-09T22:30:00Z,APXMIDP,2025-02-09,46,113.83,3110.1,APXMIDP
2025-02-09T22:00:00Z,APXMIDP,2025-02-09,45,110.22,2431.65,APXMIDP
2025-02-09T21:30:00Z,APXMIDP,2025-02-09,44,110.53,1920.35,APXMIDP
2025-02-09T21:00:00Z,APXMIDP,2025-02-09,43,115.26,2226.1,APXMIDP
2025-02-09T20:30:00Z,APXMIDP,2025-02-09,42,112.87,2033.15,APXMIDP
2025-02-09T20:00:00Z,APXMIDP,2025-02-09,41,115.53,1740.75,APXMIDP
2025-02-09T19:30:00Z,APXMIDP,2025-02-09,40,117.39,1803.6,APXMIDP
2025-02-09T19:00:00Z,APXMIDP,2025-02-09,39,125.87,2176.65,APXMIDP
2025-02-09T18:30:00Z,APXMIDP,2025-02-09,38,131.24,1844.4,APXMIDP
2025-02-09T18:00:00Z,APXMIDP,2025-02-09,37,137.34,1674.35,APXMIDP
2025-02-09T17:30:00Z,APXMIDP,2025-02-09,36,134.55,1707.6,APXMIDP
2025-02-09T17:00:00Z,APXMIDP,2025-02-09,35,133.25,1908.25,APXMIDP
2025-02-09T16:30:00Z,APXMIDP,2025-02-09,34,127.02,2003.15,APXMIDP
2025-02-09T16:00:00Z,APXMIDP,2025-02-09,33,124.17,2342.55,APXMIDP
2025-02-09T15:30:00Z,APXMIDP,2025-02-09,32,113.63,2535.15,APXMIDP
2025-02-09T15:00:00Z,APXMIDP,2025-02-09,31,116.18,2425.8,APXMIDP
2025-02-09T14:30:00Z,APXMIDP,2025-02-09,30,121.9,2907.5,APXMIDP
2025-02-09T14:00:00Z,APXMIDP,2025-02-09,29,125.13,2708.0,APXMIDP
2025-02-09T13:30:00Z,APXMIDP,2025-02-09,28,122.62,2354.25,APXMIDP
2025-02-09T13:00:00Z,APXMIDP,2025-02-09,27,123.86,2380.25,APXMIDP
2025-02-09T12:30:00Z,APXMIDP,2025-02-09,26,119.94,2286.2,APXMIDP
2025-02-09T12:00:00Z,APXMIDP,2025-02-09,25,115.26,2309.7,APXMIDP
2025-02-09T11:30:00Z,APXMIDP,2025-02-09,24,115.54,2681.15,APXMIDP
2025-02-09T11:00:00Z,APXMIDP,2025-02-09,23,114.35,2493.25,APXMIDP
2025-02-09T10:30:00Z,APXMIDP,2025-02-09,22,113.01,2903.85,APXMIDP
2025-02-09T10:00:00Z,APXMIDP,2025-02-09,21,114.07,2881.95,APXMIDP
2025-02-09T09:30:00Z,APXMIDP,2025-02-09,20,113.02,2910.0,APXMIDP
2025-02-09T09:00:00Z,APXMIDP,2025-02-09,19,110.11,2916.55,APXMIDP
2025-02-09T08:30:00Z,APXMIDP,2025-02-09,18,101.61,2938.45,APXMIDP
2025-02-09T08:00:00Z,APXMIDP,2025-02-09,17,98.64,2939.3,APXMIDP
2025-02-09T07:30:00Z,APXMIDP,2025-02-09,16,97.16,3027.4,APXMIDP
2025-02-09T07:00:00Z,APXMIDP,2025-02-09,15,92.41,2884.45,APXMIDP
2025-02-09T06:30:00Z,APXMIDP,2025-02-09,14,100.09,1919.0,APXMIDP
2025-02-09T06:00:00Z,APXMIDP,2025-02-09,13,102.7,1910.55,APXMIDP
2025-02-09T05:30:00Z,APXMIDP,2025-02-09,12,103.8,1853.5,APXMIDP
2025-02-09T05:00:00Z,APXMIDP,2025-02-09,11,103.11,1797.5,APXMIDP
2025-02-09T04:30:00Z,APXMIDP,2025-02-09,10,101.41,1998.3,APXMIDP
2025-02-09T04:00:00Z,APXMIDP,2025-02-09,9,103.5,1922.9,APXMIDP
2025-02-09T03:30:00Z,APXMIDP,2025-02-09,8,99.8,1997.05,APXMIDP
2025-02-09T03:00:00Z,APXMIDP,2025-02-09,7,102.87,1951.6,APXMIDP
2025-02-09T02:30:00Z,APXMIDP,2025-02-09,6,101.1,1886.95,APXMIDP
2025-02-09T02:00:00Z,APXMIDP,2025-02-09,5,99.86,1536.25,APXMIDP
2025-02-09T01:30:00Z,APXMIDP,2025-02-09,4,95.05,1270.5,APXMIDP
2025-02-09T01:00:00Z,APXMIDP,2025-02-09,3,112.16,1184.9,APXMIDP
2025-02-09T00:30:00Z,APXMIDP,2025-02-09,2,116.31,1129.75,APXMIDP
2025-02-09T00:00:00Z,APXMIDP,2025-02-09,1,110.74,994.7,APXMIDP
2025-02-08T23:30:00Z,APXMIDP,2025-02-08,48,109.65,960.05,APXMIDP
2025-02-08T23:00:00Z,APXMIDP,2025-02-08,47,114.27,850.3,APXMIDP
2025-02-08T22:30:00Z,APXMIDP,2025-02-08,46,113.5,3070.7,APXMIDP
2025-02-08T22:00:00Z,APXMIDP,2025-02-08,45,112.85,2495.2,APXMIDP
2025-02-08T21:30:00Z,APXMIDP,2025-02-08,44,114.68,2560.85,APXMIDP
2025-02-08T21:00:00Z,APXMIDP,2025-02-08,43,116.81,2741.45,APXMIDP
2025-02-08T20:30:00Z,APXMIDP,2025-02-08,42,123.03,2597.6,APXMIDP
2025-02-08T20:00:00Z,APXMIDP,2025-02-08,41,126.05,1826.8,APXMIDP
2025-02-08T19:30:00Z,APXMIDP,2025-02-08,40,122.78,2203.2,APXMIDP
2025-02-08T19:00:00Z,APXMIDP,2025-02-08,39,133.66,2521.6,APXMIDP
2025-02-08T18:30:00Z,APXMIDP,2025-02-08,38,148.14,3001.05,APXMIDP
2025-02-08T18:00:00Z,APXMIDP,2025-02-08,37,154.97,3308.2,APXMIDP
2025-02-08T17:30:00Z,APXMIDP,2025-02-08,36,156.48,3113.75,APXMIDP
2025-02-08T17:00:00Z,APXMIDP,2025-02-08,35,157.5,2933.35,APXMIDP
2025-02-08T16:30:00Z,APXMIDP,2025-02-08,34,149.17,2569.8,APXMIDP
2025-02-08T16:00:00Z,APXMIDP,2025-02-08,33,145.7,2512.05,APXMIDP
2025-02-08T15:30:00Z,APXMIDP,2025-02-08,32,145.96,2819.7,APXMIDP
2025-02-08T15:00:00Z,APXMIDP,2025-02-08,31,147.33,2672.4,APXMIDP
2025-02-08T14:30:00Z,APXMIDP,2025-02-08,30,148.96,3055.6,APXMIDP
2025-02-08T14:00:00Z,APXMIDP,2025-02-08,29,151.26,3216.75,APXMIDP
2025-02-08T13:30:00Z,APXMIDP,2025-02-08,28,149.81,2782.6,APXMIDP
2025-02-08T13:00:00Z,APXMIDP,2025-02-08,27,150.08,3032.0,APXMIDP
2025-02-08T12:30:00Z,APXMIDP,2025-02-08,26,153.44,2492.6,APXMIDP
2025-02-08T12:00:00Z,APXMIDP,2025-02-08,25,150.31,2351.95,APXMIDP
2025-02-08T11:30:00Z,APXMIDP,2025-02-08,24,151.53,2655.2,APXMIDP
2025-02-08T11:00:00Z,APXMIDP,2025-02-08,23,148.8,2186.65,APXMIDP
2025-02-08T10:30:00Z,APXMIDP,2025-02-08,22,136.82,2649.55,APXMIDP
2025-02-08T10:00:00Z,APXMIDP,2025-02-08,21,134.54,2263.15,APXMIDP
2025-02-08T09:30:00Z,APXMIDP,2025-02-08,20,131.0,2494.5,APXMIDP
2025-02-08T09:00:00Z,APXMIDP,2025-02-08,19,133.34,2874.95,APXMIDP
2025-02-08T08:30:00Z,APXMIDP,2025-02-08,18,122.19,3319.55,APXMIDP
2025-02-08T08:00:00Z,APXMIDP,2025-02-08,17,120.68,2986.35,APXMIDP
2025-02-08T07:30:00Z,APXMIDP,2025-02-08,16,125.0,3061.1,APXMIDP
2025-02-08T07:00:00Z,APXMIDP,2025-02-08,15,114.32,3112.3,APXMIDP
2025-02-08T06:30:00Z,APXMIDP,2025-02-08,14,113.97,3147.2,APXMIDP
2025-02-08T06:00:00Z,APXMIDP,2025-02-08,13,119.7,2032.1,APXMIDP
2025-02-08T05:30:00Z,APXMIDP,2025-02-08,12,121.82,2007.35,APXMIDP
2025-02-08T05:00:00Z,APXMIDP,2025-02-08,11,122.57,2032.75,APXMIDP
2025-02-08T04:30:00Z,APXMIDP,2025-02-08,10,115.81,1638.25,APXMIDP
2025-02-08T04:00:00Z,APXMIDP,2025-02-08,9,112.19,1668.5,APXMIDP
2025-02-08T03:30:00Z,APXMIDP,2025-02-08,8,112.18,1692.75,APXMIDP
2025-02-08T03:00:00Z,APXMIDP,2025-02-08,7,105.8,1415.85,APXMIDP
2025-02-08T02:30:00Z,APXMIDP,2025-02-08,6,100.22,2006.85,APXMIDP
2025-02-08T02:00:00Z,APXMIDP,2025-02-08,5,103.0,2007.4,APXMIDP
2025-02-08T01:30:00Z,APXMIDP,2025-02-08,4,91.79,2112.2,APXMIDP
2025-02-08T01:00:00Z,APXMIDP,2025-02-08,3,89.84,2235.45,APXMIDP
2025-02-08T00:30:00Z,APXMIDP,2025-02-08,2,92.66,2251.45,APXMIDP
2025-02-08T00:00:00Z,APXMIDP,2025-02-08,1,96.88,1968.8,APXMIDP
2025-02-07T23:30:00Z,APXMIDP,2025-02-07,48,92.57,1509.8,APXMIDP
2025-02-07T23:00:00Z,APXMIDP,2025-02-07,47,97.45,1847.65,APXMIDP
2025-02-07T22:30:00Z,APXMIDP,2025-02-07,46,114.29,2736.15,APXMIDP
2025-02-07T22:00:00Z,APXMIDP,2025-02-07,45,112.62,2057.45,APXMIDP
2025-02-07T21:30:00Z,APXMIDP,2025-02-07,44,112.53,2054.55,APXMIDP
2025-02-07T21:00:00Z,APXMIDP,2025-02-07,43,113.83,2011.8,APXMIDP
2025-02-07T20:30:00Z,APXMIDP,2025-02-07,42,108.89,1841.2,APXMIDP
2025-02-07T20:00:00Z,APXMIDP,2025-02-07,41,120.8,1813.4,APXMIDP
2025-02-07T19:30:00Z,APXMIDP,2025-02-07,40,121.14,2057.7,APXMIDP
2025-02-07T19:00:00Z,APXMIDP,2025-02-07,39,130.43,2166.05,APXMIDP
2025-02-07T18:30:00Z,APXMIDP,2025-02-07,38,134.8,2415.7,APXMIDP
2025-02-07T18:00:00Z,APXMIDP,2025-02-07,37,136.84,2337.55,APXMIDP
2025-02-07T17:30:00Z,APXMIDP,2025-02-07,36,134.6,2517.6,APXMIDP
2025-02-07T17:00:00Z,APXMIDP,2025-02-07,35,132.9,2204.9,APXMIDP
2025-02-07T16:30:00Z,APXMIDP,2025-02-07,34,131.75,2327.4,APXMIDP
2025-02-07T16:00:00Z,APXMIDP,2025-02-07,33,127.81,2312.4,APXMIDP
2025-02-07T15:30:00Z,APXMIDP,2025-02-07,32,129.42,2214.7,APXMIDP
2025-02-07T15:00:00Z,APXMIDP,2025-02-07,31,121.43,2313.9,APXMIDP
2025-02-07T14:30:00Z,APXMIDP,2025-02-07,30,119.5,2838.05,APXMIDP
2025-02-07T14:00:00Z,APXMIDP,2025-02-07,29,118.49,2899.7,APXMIDP
2025-02-07T13:30:00Z,APXMIDP,2025-02-07,28,117.69,3207.45,APXMIDP
2025-02-07T13:00:00Z,APXMIDP,2025-02-07,27,119.7,3451.65,APXMIDP
2025-02-07T12:30:00Z,APXMIDP,2025-02-07,26,115.9,2826.1,APXMIDP
2025-02-07T12:00:00Z,APXMIDP,2025-02-07,25,112.33,2725.75,APXMIDP
2025-02-07T11:30:00Z,APXMIDP,2025-02-07,24,113.61,3439.9,APXMIDP
2025-02-07T11:00:00Z,APXMIDP,2025-02-07,23,117.81,3165.75,APXMIDP
2025-02-07T10:30:00Z,APXMIDP,2025-02-07,22,114.24,2360.8,APXMIDP
2025-02-07T10:00:00Z,APXMIDP,2025-02-07,21,113.48,2550.55,APXMIDP
2025-02-07T09:30:00Z,APXMIDP,2025-02-07,20,97.72,2664.45,APXMIDP
2025-02-07T09:00:00Z,APXMIDP,2025-02-07,19,97.67,1774.7,APXMIDP
2025-02-07T08:30:00Z,APXMIDP,2025-02-07,18,121.15,2641.55,APXMIDP
2025-02-07T08:00:00Z,APXMIDP,2025-02-07,17,124.49,2620.6,APXMIDP
2025-02-07T07:30:00Z,APXMIDP,2025-02-07,16,123.39,3160.5,APXMIDP
2025-02-07T07:00:00Z,APXMIDP,2025-02-07,15,125.38,2928.35,APXMIDP
2025-02-07T06:30:00Z,APXMIDP,2025-02-07,14,120.1,3011.45,APXMIDP
2025-02-07T06:00:00Z,APXMIDP,2025-02-07,13,112.43,2427.1,APXMIDP
2025-02-07T05:30:00Z,APXMIDP,2025-02-07,12,98.6,2547.5,APXMIDP
2025-02-07T05:00:00Z,APXMIDP,2025-02-07,11,93.55,2429.8,APXMIDP
2025-02-07T04:30:00Z,APXMIDP,2025-02-07,10,90.07,2002.1,APXMIDP
2025-02-07T04:00:00Z,APXMIDP,2025-02-07,9,91.71,1924.95,APXMIDP
2025-02-07T03:30:00Z,APXMIDP,2025-02-07,8,89.4,1993.85,APXMIDP
2025-02-07T03:00:00Z,APXMIDP,2025-02-07,7,90.96,1621.7,APXMIDP
2025-02-07T02:30:00Z,APXMIDP,2025-02-07,6,95.75,1832.9,APXMIDP
2025-02-07T02:00:00Z,APXMIDP,2025-02-07,5,98.12,2160.9,APXMIDP
2025-02-07T01:30:00Z,APXMIDP,2025-02-07,4,99.19,1803.75,APXMIDP
2025-02-07T01:00:00Z,APXMIDP,2025-02-07,3,99.49,1942.6,APXMIDP
2025-02-07T00:30:00Z,APXMIDP,2025-02-07,2,105.17,1715.4,APXMIDP
2025-02-07T00:00:00Z,APXMIDP,2025-02-07,1,101.79,2246.95,APXMIDP
2025-02-06T23:30:00Z,APXMIDP,2025-02-06,48,100.68,1962.5,APXMIDP
2025-02-06T23:00:00Z,APXMIDP,2025-02-06,47,104.43,1847.65,APXMIDP
2025-02-06T22:30:00Z,APXMIDP,2025-02-06,46,121.16,2783.3,APXMIDP
2025-02-06T22:00:00Z,APXMIDP,2025-02-06,45,115.79,2442.15,APXMIDP
2025-02-06T21:30:00Z,APXMIDP,2025-02-06,44,121.49,2630.95,APXMIDP
2025-02-06T21:00:00Z,APXMIDP,2025-02-06,43,125.46,2411.35,APXMIDP
2025-02-06T20:30:00Z,APXMIDP,2025-02-06,42,126.57,2533.25,APXMIDP
2025-02-06T20:00:00Z,APXMIDP,2025-02-06,41,120.71,2533.9,APXMIDP
2025-02-06T19:30:00Z,APXMIDP,2025-02-06,40,119.98,2773.25,APXMIDP
2025-02-06T19:00:00Z,APXMIDP,2025-02-06,39,121.69,2349.3,APXMIDP
2025-02-06T18:30:00Z,APXMIDP,2025-02-06,38,135.44,3586.7,APXMIDP
2025-02-06T18:00:00Z,APXMIDP,2025-02-06,37,139.95,3622.3,APXMIDP
2025-02-06T17:30:00Z,APXMIDP,2025-02-06,36,148.73,3324.75,APXMIDP
2025-02-06T17:00:00Z,APXMIDP,2025-02-06,35,144.29,3228.0,APXMIDP
2025-02-06T16:30:00Z,APXMIDP,2025-02-06,34,128.3,2724.25,APXMIDP
2025-02-06T16:00:00Z,APXMIDP,2025-02-06,33,119.58,2410.25,APXMIDP
2025-02-06T15:30:00Z,APXMIDP,2025-02-06,32,111.59,2147.95,APXMIDP
2025-02-06T15:00:00Z,APXMIDP,2025-02-06,31,107.59,2496.85,APXMIDP
2025-02-06T14:30:00Z,APXMIDP,2025-02-06,30,101.38,2964.85,APXMIDP
2025-02-06T14:00:00Z,APXMIDP,2025-02-06,29,101.9,3000.3,APXMIDP
2025-02-06T13:30:00Z,APXMIDP,2025-02-06,28,100.99,3124.0,APXMIDP
2025-02-06T13:00:00Z,APXMIDP,2025-02-06,27,101.7,3285.85,APXMIDP
2025-02-06T12:30:00Z,APXMIDP,2025-02-06,26,103.13,2528.85,APXMIDP
2025-02-06T12:00:00Z,APXMIDP,2025-02-06,25,105.37,2743.05,APXMIDP
2025-02-06T11:30:00Z,APXMIDP,2025-02-06,24,104.5,3046.75,APXMIDP
2025-02-06T11:00:00Z,APXMIDP,2025-02-06,23,110.08,3348.4,APXMIDP
2025-02-06T10:30:00Z,APXMIDP,2025-02-06,22,116.27,3250.8,APXMIDP
2025-02-06T10:00:00Z,APXMIDP,2025-02-06,21,118.88,3122.85,APXMIDP
2025-02-06T09:30:00Z,APXMIDP,2025-02-06,20,117.77,3056.0,APXMIDP
2025-02-06T09:00:00Z,APXMIDP,2025-02-06,19,129.67,2826.65,APXMIDP
2025-02-06T08:30:00Z,APXMIDP,2025-02-06,18,131.11,2760.5,APXMIDP
2025-02-06T08:00:00Z,APXMIDP,2025-02-06,17,133.25,2556.45,APXMIDP
2025-02-06T07:30:00Z,APXMIDP,2025-02-06,16,172.57,2588.95,APXMIDP
2025-02-06T07:00:00Z,APXMIDP,2025-02-06,15,166.34,2108.35,APXMIDP
2025-02-06T06:30:00Z,APXMIDP,2025-02-06,14,146.44,1976.5,APXMIDP
2025-02-06T06:00:00Z,APXMIDP,2025-02-06,13,133.65,2584.7,APXMIDP
2025-02-06T05:30:00Z,APXMIDP,2025-02-06,12,94.74,2424.65,APXMIDP
2025-02-06T05:00:00Z,APXMIDP,2025-02-06,11,102.34,2007.75,APXMIDP
2025-02-06T04:30:00Z,APXMIDP,2025-02-06,10,101.17,2084.9,APXMIDP
2025-02-06T04:00:00Z,APXMIDP,2025-02-06,9,107.15,2062.4,APXMIDP
2025-02-06T03:30:00Z,APXMIDP,2025-02-06,8,103.36,2523.7,APXMIDP
2025-02-06T03:00:00Z,APXMIDP,2025-02-06,7,102.86,2490.2,APXMIDP
2025-02-06T02:30:00Z,APXMIDP,2025-02-06,6,96.18,2770.75,APXMIDP
2025-02-06T02:00:00Z,APXMIDP,2025-02-06,5,102.29,2471.85,APXMIDP
2025-02-06T01:30:00Z,APXMIDP,2025-02-06,4,103.48,2333.75,APXMIDP
2025-02-06T01:00:00Z,APXMIDP,2025-02-06,3,104.3,1937.3,APXMIDP
2025-02-06T00:30:00Z,APXMIDP,2025-02-06,2,108.71,1941.2,APXMIDP
2025-02-06T00:00:00Z,APXMIDP,2025-02-06,1,97.3,1760.3,APXMIDP
2025-02-05T23:30:00Z,APXMIDP,2025-02-05,48,102.47,1412.45,APXMIDP
2025-02-05T23:00:00Z,APXMIDP,2025-02-05,47,106.15,1169.15,APXMIDP
2025-02-05T22:30:00Z,APXMIDP,2025-02-05,46,109.47,2517.5,APXMIDP
2025-02-05T22:00:00Z,APXMIDP,2025-02-05,45,118.73,1918.55,APXMIDP
2025-02-05T21:30:00Z,APXMIDP,2025-02-05,44,116.06,2081.1,APXMIDP
2025-02-05T21:00:00Z,APXMIDP,2025-02-05,43,122.18,2206.4,APXMIDP
2025-02-05T20:30:00Z,APXMIDP,2025-02-05,42,134.04,2053.0,APXMIDP
2025-02-05T20:00:00Z,APXMIDP,2025-02-05,41,140.35,2304.8,APXMIDP
2025-02-05T19:30:00Z,APXMIDP,2025-02-05,40,145.39,2196.8,APXMIDP
2025-02-05T19:00:00Z,APXMIDP,2025-02-05,39,147.18,2513.65,APXMIDP
2025-02-05T18:30:00Z,APXMIDP,2025-02-05,38,157.76,3117.45,APXMIDP
2025-02-05T18:00:00Z,APXMIDP,2025-02-05,37,157.24,3286.1,APXMIDP
2025-02-05T17:30:00Z,APXMIDP,2025-02-05,36,158.4,3624.95,APXMIDP
2025-02-05T17:00:00Z,APXMIDP,2025-02-05,35,158.79,2842.7,APXMIDP
2025-02-05T16:30:00Z,APXMIDP,2025-02-05,34,141.52,3086.25,APXMIDP
2025-02-05T16:00:00Z,APXMIDP,2025-02-05,33,130.7,3167.4,APXMIDP
2025-02-05T15:30:00Z,APXMIDP,2025-02-05,32,142.16,2799.65,APXMIDP
2025-02-05T15:00:00Z,APXMIDP,2025-02-05,31,136.8,2540.0,APXMIDP
2025-02-05T14:30:00Z,APXMIDP,2025-02-05,30,114.71,4214.0,APXMIDP
2025-02-05T14:00:00Z,APXMIDP,2025-02-05,29,115.18,3684.25,APXMIDP
2025-02-05T13:30:00Z,APXMIDP,2025-02-05,28,110.06,3650.45,APXMIDP
2025-02-05T13:00:00Z,APXMIDP,2025-02-05,27,111.84,3567.5,APXMIDP
2025-02-05T12:30:00Z,APXMIDP,2025-02-05,26,109.8,3331.15,APXMIDP
2025-02-05T12:00:00Z,APXMIDP,2025-02-05,25,110.51,3585.65,APXMIDP
2025-02-05T11:30:00Z,APXMIDP,2025-02-05,24,118.64,3100.6,APXMIDP
2025-02-05T11:00:00Z,APXMIDP,2025-02-05,23,125.1,2622.0,APXMIDP
2025-02-05T10:30:00Z,APXMIDP,2025-02-05,22,130.9,2767.1,APXMIDP
2025-02-05T10:00:00Z,APXMIDP,2025-02-05,21,133.15,2749.75,APXMIDP
2025-02-05T09:30:00Z,APXMIDP,2025-02-05,20,133.37,2719.75,APXMIDP
2025-02-05T09:00:00Z,APXMIDP,2025-02-05,19,133.8,2634.3,APXMIDP
2025-02-05T08:30:00Z,APXMIDP,2025-02-05,18,137.45,2099.9,APXMIDP
2025-02-05T08:00:00Z,APXMIDP,2025-02-05,17,134.92,2318.75,APXMIDP
2025-02-05T07:30:00Z,APXMIDP,2025-02-05,16,151.19,2248.55,APXMIDP
2025-02-05T07:00:00Z,APXMIDP,2025-02-05,15,137.5,2388.0,APXMIDP
2025-02-05T06:30:00Z,APXMIDP,2025-02-05,14,121.5,2979.0,APXMIDP
2025-02-05T06:00:00Z,APXMIDP,2025-02-05,13,124.8,2338.6,APXMIDP
2025-02-05T05:30:00Z,APXMIDP,2025-02-05,12,111.76,2120.2,APXMIDP
2025-02-05T05:00:00Z,APXMIDP,2025-02-05,11,120.65,1986.2,APXMIDP
2025-02-05T04:30:00Z,APXMIDP,2025-02-05,10,105.38,2568.5,APXMIDP
2025-02-05T04:00:00Z,APXMIDP,2025-02-05,9,108.39,2390.45,APXMIDP
2025-02-05T03:30:00Z,APXMIDP,2025-02-05,8,103.89,2462.75,APXMIDP
2025-02-05T03:00:00Z,APXMIDP,2025-02-05,7,105.57,2243.8,APXMIDP
2025-02-05T02:30:00Z,APXMIDP,2025-02-05,6,99.69,3019.9,APXMIDP
2025-02-19T03:00:00Z,APXMIDP,2025-02-19,7,78.6,2072.35,APXMIDP
2025-02-19T02:30:00Z,APXMIDP,2025-02-19,6,74.78,2226.65,APXMIDP
2025-02-19T02:00:00Z,APXMIDP,2025-02-19,5,69.22,2045.05,APXMIDP
2025-02-19T01:30:00Z,APXMIDP,2025-02-19,4,76.52,2021.55,APXMIDP
2025-02-19T01:00:00Z,APXMIDP,2025-02-19,3,84.58,1959.85,APXMIDP
2025-02-19T00:30:00Z,APXMIDP,2025-02-19,2,80.16,1871.95,APXMIDP
2025-02-19T00:00:00Z,APXMIDP,2025-02-19,1,57.89,2241.3,APXMIDP
2025-02-18T23:30:00Z,APXMIDP,2025-02-18,48,63.65,1633.5,APXMIDP
2025-02-18T23:00:00Z,APXMIDP,2025-02-18,47,73.05,1063.6,APXMIDP
2025-02-18T22:30:00Z,APXMIDP,2025-02-18,46,92.87,2442.9,APXMIDP
2025-02-18T22:00:00Z,APXMIDP,2025-02-18,45,94.9,1924.65,APXMIDP
2025-02-18T21:30:00Z,APXMIDP,2025-02-18,44,94.11,1957.5,APXMIDP
2025-02-18T21:00:00Z,APXMIDP,2025-02-18,43,100.74,1955.85,APXMIDP
2025-02-18T20:30:00Z,APXMIDP,2025-02-18,42,97.16,1756.35,APXMIDP
2025-02-18T20:00:00Z,APXMIDP,2025-02-18,41,99.08,1746.1,APXMIDP
2025-02-18T19:30:00Z,APXMIDP,2025-02-18,40,103.64,1421.0,APXMIDP
2025-02-18T19:00:00Z,APXMIDP,2025-02-18,39,108.49,1822.4,APXMIDP
2025-02-18T18:30:00Z,APXMIDP,2025-02-18,38,117.72,2830.15,APXMIDP
2025-02-18T18:00:00Z,APXMIDP,2025-02-18,37,123.26,2840.6,APXMIDP
2025-02-18T17:30:00Z,APXMIDP,2025-02-18,36,128.58,2940.5,APXMIDP
2025-02-18T17:00:00Z,APXMIDP,2025-02-18,35,123.42,2613.2,APXMIDP
2025-02-18T16:30:00Z,APXMIDP,2025-02-18,34,121.59,2620.3,APXMIDP
2025-02-18T16:00:00Z,APXMIDP,2025-02-18,33,120.87,2136.25,APXMIDP
2025-02-18T15:30:00Z,APXMIDP,2025-02-18,32,99.63,2511.4,APXMIDP
2025-02-18T15:00:00Z,APXMIDP,2025-02-18,31,99.67,2120.5,APXMIDP
2025-02-18T14:30:00Z,APXMIDP,2025-02-18,30,85.55,3380.55,APXMIDP
2025-02-18T14:00:00Z,APXMIDP,2025-02-18,29,85.81,2992.25,APXMIDP
2025-02-18T13:30:00Z,APXMIDP,2025-02-18,28,82.73,3197.3,APXMIDP
2025-02-18T13:00:00Z,APXMIDP,2025-02-18,27,82.76,3693.8,APXMIDP
2025-02-18T12:30:00Z,APXMIDP,2025-02-18,26,82.45,3665.55,APXMIDP
2025-02-18T12:00:00Z,APXMIDP,2025-02-18,25,80.82,3669.65,APXMIDP
2025-02-18T11:30:00Z,APXMIDP,2025-02-18,24,81.15,3168.4,APXMIDP
2025-02-18T11:00:00Z,APXMIDP,2025-02-18,23,84.78,3107.4,APXMIDP
2025-02-18T10:30:00Z,APXMIDP,2025-02-18,22,89.16,2719.9,APXMIDP
2025-02-18T10:00:00Z,APXMIDP,2025-02-18,21,90.25,2605.2,APXMIDP
2025-02-18T09:30:00Z,APXMIDP,2025-02-18,20,107.57,2351.85,APXMIDP
2025-02-18T09:00:00Z,APXMIDP,2025-02-18,19,105.67,2311.3,APXMIDP
2025-02-18T08:30:00Z,APXMIDP,2025-02-18,18,119.56,2502.0,APXMIDP
2025-02-18T08:00:00Z,APXMIDP,2025-02-18,17,117.6,2298.55,APXMIDP
2025-02-18T07:30:00Z,APXMIDP,2025-02-18,16,151.09,2395.45,APXMIDP
2025-02-18T07:00:00Z,APXMIDP,2025-02-18,15,149.07,2219.7,APXMIDP
2025-02-18T06:30:00Z,APXMIDP,2025-02-18,14,140.32,2108.45,APXMIDP
2025-02-18T06:00:00Z,APXMIDP,2025-02-18,13,127.53,1690.9,APXMIDP
2025-02-18T05:30:00Z,APXMIDP,2025-02-18,12,94.39,2125.5,APXMIDP
2025-02-18T05:00:00Z,APXMIDP,2025-02-18,11,100.12,2053.7,APXMIDP
2025-02-18T04:30:00Z,APXMIDP,2025-02-18,10,80.47,2599.7,APXMIDP
2025-02-18T04:00:00Z,APXMIDP,2025-02-18,9,84.71,2095.7,APXMIDP
2025-02-18T03:30:00Z,APXMIDP,2025-02-18,8,88.92,2670.55,APXMIDP
2025-02-18T03:00:00Z,APXMIDP,2025-02-18,7,89.2,2499.0,APXMIDP
2025-02-18T02:30:00Z,APXMIDP,2025-02-18,6,83.09,2635.7,APXMIDP
2025-02-18T02:00:00Z,APXMIDP,2025-02-18,5,70.11,2438.35,APXMIDP
2025-02-18T01:30:00Z,APXMIDP,2025-02-18,4,79.44,2452.1,APXMIDP
2025-02-18T01:00:00Z,APXMIDP,2025-02-18,3,91.07,1554.1,APXMIDP
2025-02-18T00:30:00Z,APXMIDP,2025-02-18,2,103.12,1721.1,APXMIDP
2025-02-18T00:00:00Z,APXMIDP,2025-02-18,1,99.87,1587.95,APXMIDP
2025-02-17T23:30:00Z,APXMIDP,2025-02-17,48,106.73,1513.95,APXMIDP
2025-02-17T23:00:00Z,APXMIDP,2025-02-17,47,110.13,1558.65,APXMIDP
2025-02-17T22:30:00Z,APXMIDP,2025-02-17,46,108.66,2400.2,APXMIDP
2025-02-17T22:00:00Z,APXMIDP,2025-02-17,45,110.58,1839.85,APXMIDP
2025-02-17T21:30:00Z,APXMIDP,2025-02-17,44,113.14,2234.25,APXMIDP
2025-02-17T21:00:00Z,APXMIDP,2025-02-17,43,101.27,2077.1,APXMIDP
2025-02-17T20:30:00Z,APXMIDP,2025-02-17,42,105.68,2282.95,APXMIDP
2025-02-17T20:00:00Z,APXMIDP,2025-02-17,41,112.92,2212.75,APXMIDP
2025-02-17T19:30:00Z,APXMIDP,2025-02-17,40,123.59,2370.3,APXMIDP
2025-02-17T19:00:00Z,APXMIDP,2025-02-17,39,134.62,2553.25,APXMIDP
2025-02-17T18:30:00Z,APXMIDP,2025-02-17,38,143.07,2810.55,APXMIDP
2025-02-17T18:00:00Z,APXMIDP,2025-02-17,37,146.6,2706.95,APXMIDP
2025-02-17T17:30:00Z,APXMIDP,2025-02-17,36,150.06,2922.25,APXMIDP
2025-02-17T17:00:00Z,APXMIDP,2025-02-17,35,143.68,2890.6,APXMIDP
2025-02-17T16:30:00Z,APXMIDP,2025-02-17,34,121.08,2681.9,APXMIDP
2025-02-17T16:00:00Z,APXMIDP,2025-02-17,33,113.15,2887.55,APXMIDP
2025-02-17T15:30:00Z,APXMIDP,2025-02-17,32,109.46,2250.75,APXMIDP
2025-02-17T15:00:00Z,APXMIDP,2025-02-17,31,114.78,2301.25,APXMIDP
2025-02-17T14:30:00Z,APXMIDP,2025-02-17,30,98.08,4097.8,APXMIDP
2025-02-17T14:00:00Z,APXMIDP,2025-02-17,29,99.12,4009.45,APXMIDP
2025-02-17T13:30:00Z,APXMIDP,2025-02-17,28,92.99,4773.35,APXMIDP
2025-02-17T13:00:00Z,APXMIDP,2025-02-17,27,94.12,4895.55,APXMIDP
2025-02-17T12:30:00Z,APXMIDP,2025-02-17,26,94.38,4163.75,APXMIDP
2025-02-17T12:00:00Z,APXMIDP,2025-02-17,25,93.74,4055.85,APXMIDP
2025-02-17T11:30:00Z,APXMIDP,2025-02-17,24,94.04,4107.1,APXMIDP
2025-02-17T11:00:00Z,APXMIDP,2025-02-17,23,94.85,4191.9,APXMIDP
2025-02-17T10:30:00Z,APXMIDP,2025-02-17,22,97.22,3724.55,APXMIDP
2025-02-17T10:00:00Z,APXMIDP,2025-02-17,21,97.2,3144.65,APXMIDP
2025-02-17T09:30:00Z,APXMIDP,2025-02-17,20,110.03,3008.45,APXMIDP
2025-02-17T09:00:00Z,APXMIDP,2025-02-17,19,109.74,2814.2,APXMIDP
2025-02-17T08:30:00Z,APXMIDP,2025-02-17,18,124.59,2911.35,APXMIDP
2025-02-17T08:00:00Z,APXMIDP,2025-02-17,17,105.16,2771.35,APXMIDP
2025-02-17T07:30:00Z,APXMIDP,2025-02-17,16,120.56,2412.5,APXMIDP
2025-02-17T07:00:00Z,APXMIDP,2025-02-17,15,114.34,2409.25,APXMIDP
2025-02-17T06:30:00Z,APXMIDP,2025-02-17,14,107.1,2089.15,APXMIDP
2025-02-17T06:00:00Z,APXMIDP,2025-02-17,13,101.28,1923.8,APXMIDP
2025-02-17T05:30:00Z,APXMIDP,2025-02-17,12,75.99,2685.6,APXMIDP
2025-02-17T05:00:00Z,APXMIDP,2025-02-17,11,97.21,2290.6,APXMIDP
2025-02-17T04:30:00Z,APXMIDP,2025-02-17,10,89.53,2005.25,APXMIDP
2025-02-17T04:00:00Z,APXMIDP,2025-02-17,9,94.12,1664.05,APXMIDP
2025-02-17T03:30:00Z,APXMIDP,2025-02-17,8,92.66,1638.95,APXMIDP
2025-02-17T03:00:00Z,APXMIDP,2025-02-17,7,92.69,1679.0,APXMIDP
2025-02-17T02:30:00Z,APXMIDP,2025-02-17,6,94.7,1568.75,APXMIDP
2025-02-17T02:00:00Z,APXMIDP,2025-02-17,5,94.85,1807.55,APXMIDP
2025-02-17T01:30:00Z,APXMIDP,2025-02-17,4,92.8,1788.7,APXMIDP
2025-02-17T01:00:00Z,APXMIDP,2025-02-17,3,93.48,1608.45,APXMIDP
2025-02-17T00:30:00Z,APXMIDP,2025-02-17,2,104.16,1538.6,APXMIDP
2025-02-17T00:00:00Z,APXMIDP,2025-02-17,1,97.92,1719.1,APXMIDP
2025-02-16T23:30:00Z,APXMIDP,2025-02-16,48,106.96,1875.3,APXMIDP
2025-02-16T23:00:00Z,APXMIDP,2025-02-16,47,111.47,1739.05,APXMIDP
2025-02-16T22:30:00Z,APXMIDP,2025-02-16,46,97.59,2278.25,APXMIDP
2025-02-16T22:00:00Z,APXMIDP,2025-02-16,45,102.82,2290.6,APXMIDP
2025-02-16T21:30:00Z,APXMIDP,2025-02-16,44,102.27,2167.65,APXMIDP
2025-02-16T21:00:00Z,APXMIDP,2025-02-16,43,100.48,2224.8,APXMIDP
2025-02-16T20:30:00Z,APXMIDP,2025-02-16,42,102.66,2411.9,APXMIDP
2025-02-16T20:00:00Z,APXMIDP,2025-02-16,41,116.02,2304.6,APXMIDP
2025-02-16T19:30:00Z,APXMIDP,2025-02-16,40,111.11,2120.65,APXMIDP
2025-02-16T19:00:00Z,APXMIDP,2025-02-16,39,122.98,2262.75,APXMIDP
2025-02-16T18:30:00Z,APXMIDP,2025-02-16,38,128.41,2610.3,APXMIDP
2025-02-16T18:00:00Z,APXMIDP,2025-02-16,37,134.37,3039.55,APXMIDP
2025-02-16T17:30:00Z,APXMIDP,2025-02-16,36,129.61,2479.8,APXMIDP
2025-02-16T17:00:00Z,APXMIDP,2025-02-16,35,120.23,2475.25,APXMIDP
2025-02-16T16:30:00Z,APXMIDP,2025-02-16,34,106.14,2222.9,APXMIDP
2025-02-16T16:00:00Z,APXMIDP,2025-02-16,33,99.06,1966.15,APXMIDP
2025-02-16T15:30:00Z,APXMIDP,2025-02-16,32,91.73,1928.5,APXMIDP
2025-02-16T15:00:00Z,APXMIDP,2025-02-16,31,99.54,1949.6,APXMIDP
2025-02-16T14:30:00Z,APXMIDP,2025-02-16,30,89.68,2829.35,APXMIDP
2025-02-16T14:00:00Z,APXMIDP,2025-02-16,29,91.73,3408.85,APXMIDP
2025-02-16T13:30:00Z,APXMIDP,2025-02-16,28,90.1,2859.9,APXMIDP
2025-02-16T13:00:00Z,APXMIDP,2025-02-16,27,90.33,2867.4,APXMIDP
2025-02-16T12:30:00Z,APXMIDP,2025-02-16,26,86.48,3011.8,APXMIDP
2025-02-16T12:00:00Z,APXMIDP,2025-02-16,25,88.1,2786.3,APXMIDP
2025-02-16T11:30:00Z,APXMIDP,2025-02-16,24,83.95,2450.9,APXMIDP
2025-02-16T11:00:00Z,APXMIDP,2025-02-16,23,81.35,2513.65,APXMIDP
2025-02-16T10:30:00Z,APXMIDP,2025-02-16,22,80.26,2782.85,APXMIDP
2025-02-16T10:00:00Z,APXMIDP,2025-02-16,21,83.62,2266.65,APXMIDP
2025-02-16T09:30:00Z,APXMIDP,2025-02-16,20,91.7,2231.35,APXMIDP
2025-02-16T09:00:00Z,APXMIDP,2025-02-16,19,77.77,2392.35,APXMIDP
2025-02-16T08:30:00Z,APXMIDP,2025-02-16,18,102.27,2026.8,APXMIDP
2025-02-16T08:00:00Z,APXMIDP,2025-02-16,17,94.25,1560.7,APXMIDP
2025-02-16T07:30:00Z,APXMIDP,2025-02-16,16,96.88,1905.0,APXMIDP
2025-02-16T07:00:00Z,APXMIDP,2025-02-16,15,97.22,1458.1,APXMIDP
2025-02-16T06:30:00Z,APXMIDP,2025-02-16,14,95.22,1463.75,APXMIDP
2025-02-16T06:00:00Z,APXMIDP,2025-02-16,13,99.37,1584.5,APXMIDP
2025-02-16T05:30:00Z,APXMIDP,2025-02-16,12,96.22,1519.7,APXMIDP
2025-02-16T05:00:00Z,APXMIDP,2025-02-16,11,93.4,1428.6,APXMIDP
2025-02-16T04:30:00Z,APXMIDP,2025-02-16,10,92.52,1636.05,APXMIDP
2025-02-16T04:00:00Z,APXMIDP,2025-02-16,9,94.89,1659.1,APXMIDP
2025-02-16T03:30:00Z,APXMIDP,2025-02-16,8,89.26,1631.35,APXMIDP
2025-02-16T03:00:00Z,APXMIDP,2025-02-16,7,90.74,1456.0,APXMIDP
2025-02-16T02:30:00Z,APXMIDP,2025-02-16,6,95.68,1510.65,APXMIDP
2025-02-16T02:00:00Z,APXMIDP,2025-02-16,5,106.1,1348.0,APXMIDP
2025-02-16T01:30:00Z,APXMIDP,2025-02-16,4,98.77,1553.15,APXMIDP
2025-02-16T01:00:00Z,APXMIDP,2025-02-16,3,94.23,1394.5,APXMIDP
2025-02-16T00:30:00Z,APXMIDP,2025-02-16,2,112.85,1101.45,APXMIDP
2025-02-16T00:00:00Z,APXMIDP,2025-02-16,1,106.12,1209.9,APXMIDP
2025-02-15T23:30:00Z,APXMIDP,2025-02-15,48,110.11,1180.75,APXMIDP
2025-02-15T23:00:00Z,APXMIDP,2025-02-15,47,103.97,1052.2,APXMIDP
2025-02-15T22:30:00Z,APXMIDP,2025-02-15,46,115.71,3161.35,APXMIDP
2025-02-15T22:00:00Z,APXMIDP,2025-02-15,45,111.92,2854.8,APXMIDP
2025-02-15T21:30:00Z,APXMIDP,2025-02-15,44,108.84,2570.45,APXMIDP
2025-02-15T21:00:00Z,APXMIDP,2025-02-15,43,112.35,2167.15,APXMIDP
2025-02-15T20:30:00Z,APXMIDP,2025-02-15,42,117.41,1712.8,APXMIDP
2025-02-15T20:00:00Z,APXMIDP,2025-02-15,41,119.46,1794.45,APXMIDP
2025-02-15T19:30:00Z,APXMIDP,2025-02-15,40,121.09,1580.8,APXMIDP
2025-02-15T19:00:00Z,APXMIDP,2025-02-15,39,132.61,2069.2,APXMIDP
2025-02-15T18:30:00Z,APXMIDP,2025-02-15,38,138.04,2081.75,APXMIDP
2025-02-15T18:00:00Z,APXMIDP,2025-02-15,37,137.91,1857.7,APXMIDP
2025-02-15T17:30:00Z,APXMIDP,2025-02-15,36,134.98,2111.65,APXMIDP
2025-02-15T17:00:00Z,APXMIDP,2025-02-15,35,134.09,1801.0,APXMIDP
2025-02-15T16:30:00Z,APXMIDP,2025-02-15,34,122.05,1573.35,APXMIDP
2025-02-15T16:00:00Z,APXMIDP,2025-02-15,33,112.61,1830.9,APXMIDP
2025-02-15T15:30:00Z,APXMIDP,2025-02-15,32,108.7,1776.8,APXMIDP
2025-02-15T15:00:00Z,APXMIDP,2025-02-15,31,115.81,1628.8,APXMIDP
2025-02-15T14:30:00Z,APXMIDP,2025-02-15,30,109.27,2724.6,APXMIDP
2025-02-15T14:00:00Z,APXMIDP,2025-02-15,29,112.03,2563.55,APXMIDP
2025-02-15T13:30:00Z,APXMIDP,2025-02-15,28,111.7,2350.3,APXMIDP
2025-02-15T13:00:00Z,APXMIDP,2025-02-15,27,112.11,2539.15,APXMIDP
2025-02-15T12:30:00Z,APXMIDP,2025-02-15,26,107.66,1967.55,APXMIDP
2025-02-15T12:00:00Z,APXMIDP,2025-02-15,25,108.03,2104.0,APXMIDP
2025-02-15T11:30:00Z,APXMIDP,2025-02-15,24,108.28,2142.5,APXMIDP
2025-02-15T11:00:00Z,APXMIDP,2025-02-15,23,109.78,2373.2,APXMIDP
2025-02-15T10:30:00Z,APXMIDP,2025-02-15,22,118.56,2260.5,APXMIDP
2025-02-15T10:00:00Z,APXMIDP,2025-02-15,21,121.29,2034.15,APXMIDP
2025-02-15T09:30:00Z,APXMIDP,2025-02-15,20,128.49,1994.95,APXMIDP
2025-02-15T09:00:00Z,APXMIDP,2025-02-15,19,125.78,2077.85,APXMIDP
2025-02-15T08:30:00Z,APXMIDP,2025-02-15,18,138.48,1784.0,APXMIDP
2025-02-15T08:00:00Z,APXMIDP,2025-02-15,17,126.61,1724.15,APXMIDP
2025-02-15T07:30:00Z,APXMIDP,2025-02-15,16,133.6,2106.55,APXMIDP
2025-02-15T07:00:00Z,APXMIDP,2025-02-15,15,129.94,1848.15,APXMIDP
2025-02-15T06:30:00Z,APXMIDP,2025-02-15,14,131.07,1480.95,APXMIDP
2025-02-15T06:00:00Z,APXMIDP,2025-02-15,13,127.68,1491.5,APXMIDP
2025-02-15T05:30:00Z,APXMIDP,2025-02-15,12,116.9,1206.4,APXMIDP
2025-02-15T05:00:00Z,APXMIDP,2025-02-15,11,119.04,1517.3,APXMIDP
2025-02-15T04:30:00Z,APXMIDP,2025-02-15,10,110.62,1684.1,APXMIDP
2025-02-15T04:00:00Z,APXMIDP,2025-02-15,9,103.11,1291.25,APXMIDP
2025-02-15T03:30:00Z,APXMIDP,2025-02-15,8,98.83,1470.55,APXMIDP
2025-02-15T03:00:00Z,APXMIDP,2025-02-15,7,97.26,1581.8,APXMIDP
2025-02-15T02:30:00Z,APXMIDP,2025-02-15,6,99.05,1676.2,APXMIDP
2025-02-15T02:00:00Z,APXMIDP,2025-02-15,5,99.47,1521.55,APXMIDP
2025-02-15T01:30:00Z,APXMIDP,2025-02-15,4,99.09,1555.7,APXMIDP
2025-02-15T01:00:00Z,APXMIDP,2025-02-15,3,101.4,1748.1,APXMIDP
2025-02-15T00:30:00Z,APXMIDP,2025-02-15,2,104.94,2004.5,APXMIDP
2025-02-15T00:00:00Z,APXMIDP,2025-02-15,1,99.64,1796.35,APXMIDP
2025-02-14T23:30:00Z,APXMIDP,2025-02-14,48,110.44,1522.95,APXMIDP
2025-02-14T23:00:00Z,APXMIDP,2025-02-14,47,116.54,1432.6,APXMIDP
2025-02-14T22:30:00Z,APXMIDP,2025-02-14,46,104.33,2861.1,APXMIDP
2025-02-14T22:00:00Z,APXMIDP,2025-02-14,45,109.71,3192.4,APXMIDP
2025-02-14T21:30:00Z,APXMIDP,2025-02-14,44,113.24,3564.95,APXMIDP
2025-02-14T21:00:00Z,APXMIDP,2025-02-14,43,110.1,3113.15,APXMIDP
2025-02-14T20:30:00Z,APXMIDP,2025-02-14,42,116.85,3415.5,APXMIDP
2025-02-14T20:00:00Z,APXMIDP,2025-02-14,41,119.14,2993.7,APXMIDP
2025-02-14T19:30:00Z,APXMIDP,2025-02-14,40,114.12,3228.7,APXMIDP
2025-02-14T19:00:00Z,APXMIDP,2025-02-14,39,118.64,3409.2,APXMIDP
2025-02-14T18:30:00Z,APXMIDP,2025-02-14,38,135.24,4143.65,APXMIDP
2025-02-14T18:00:00Z,APXMIDP,2025-02-14,37,131.19,3893.55,APXMIDP
2025-02-14T17:30:00Z,APXMIDP,2025-02-14,36,134.51,3976.25,APXMIDP
2025-02-14T17:00:00Z,APXMIDP,2025-02-14,35,134.91,3840.9,APXMIDP
2025-02-14T16:30:00Z,APXMIDP,2025-02-14,34,130.8,3729.8,APXMIDP
2025-02-14T16:00:00Z,APXMIDP,2025-02-14,33,118.36,3114.65,APXMIDP
2025-02-14T15:30:00Z,APXMIDP,2025-02-14,32,108.03,3397.15,APXMIDP
2025-02-14T15:00:00Z,APXMIDP,2025-02-14,31,106.53,2795.0,APXMIDP
2025-02-14T14:30:00Z,APXMIDP,2025-02-14,30,98.5,3177.1,APXMIDP
2025-02-14T14:00:00Z,APXMIDP,2025-02-14,29,99.68,3079.2,APXMIDP
2025-02-14T13:30:00Z,APXMIDP,2025-02-14,28,97.86,3289.25,APXMIDP
2025-02-14T13:00:00Z,APXMIDP,2025-02-14,27,95.99,3232.35,APXMIDP
2025-02-14T12:30:00Z,APXMIDP,2025-02-14,26,98.96,4941.55,APXMIDP
2025-02-14T12:00:00Z,APXMIDP,2025-02-14,25,99.57,4318.5,APXMIDP
2025-02-14T11:30:00Z,APXMIDP,2025-02-14,24,97.57,4385.0,APXMIDP
2025-02-14T11:00:00Z,APXMIDP,2025-02-14,23,96.66,4563.8,APXMIDP
2025-02-14T10:30:00Z,APXMIDP,2025-02-14,22,99.33,2888.35,APXMIDP
2025-02-14T10:00:00Z,APXMIDP,2025-02-14,21,106.57,2808.4,APXMIDP
2025-02-14T09:30:00Z,APXMIDP,2025-02-14,20,100.67,2534.1,APXMIDP
2025-02-14T09:00:00Z,APXMIDP,2025-02-14,19,103.51,2499.3,APXMIDP
2025-02-14T08:30:00Z,APXMIDP,2025-02-14,18,117.86,2484.8,APXMIDP
2025-02-14T08:00:00Z,APXMIDP,2025-02-14,17,113.6,2324.3,APXMIDP
2025-02-14T07:30:00Z,APXMIDP,2025-02-14,16,131.7,2504.55,APXMIDP
2025-02-14T07:00:00Z,APXMIDP,2025-02-14,15,126.85,2680.75,APXMIDP
2025-02-14T06:30:00Z,APXMIDP,2025-02-14,14,105.64,2074.5,APXMIDP
2025-02-14T06:00:00Z,APXMIDP,2025-02-14,13,106.82,2080.45,APXMIDP
2025-02-14T05:30:00Z,APXMIDP,2025-02-14,12,93.94,1530.1,APXMIDP
2025-02-14T05:00:00Z,APXMIDP,2025-02-14,11,102.45,1261.2,APXMIDP
2025-02-14T04:30:00Z,APXMIDP,2025-02-14,10,93.42,1666.6,APXMIDP
2025-02-14T04:00:00Z,APXMIDP,2025-02-14,9,92.5,1899.5,APXMIDP
2025-02-14T03:30:00Z,APXMIDP,2025-02-14,8,95.31,1792.25,APXMIDP
2025-02-14T03:00:00Z,APXMIDP,2025-02-14,7,100.23,1841.85,APXMIDP
2025-02-14T02:30:00Z,APXMIDP,2025-02-14,6,90.4,1836.75,APXMIDP
2025-02-14T02:00:00Z,APXMIDP,2025-02-14,5,99.78,1931.65,APXMIDP
2025-02-14T01:30:00Z,APXMIDP,2025-02-14,4,98.25,1358.15,APXMIDP
2025-02-14T01:00:00Z,APXMIDP,2025-02-14,3,102.27,1309.15,APXMIDP
2025-02-14T00:30:00Z,APXMIDP,2025-02-14,2,107.35,1113.25,APXMIDP
2025-02-14T00:00:00Z,APXMIDP,2025-02-14,1,98.98,1191.95,APXMIDP
2025-02-13T23:30:00Z,APXMIDP,2025-02-13,48,99.77,1082.4,APXMIDP
2025-02-13T23:00:00Z,APXMIDP,2025-02-13,47,101.17,1110.0,APXMIDP
2025-02-13T22:30:00Z,APXMIDP,2025-02-13,46,105.55,1920.95,APXMIDP
2025-02-13T22:00:00Z,APXMIDP,2025-02-13,45,110.39,2162.35,APXMIDP
2025-02-13T21:30:00Z,APXMIDP,2025-02-13,44,110.7,2011.9,APXMIDP
2025-02-13T21:00:00Z,APXMIDP,2025-02-13,43,110.55,2197.5,APXMIDP
2025-02-13T20:30:00Z,APXMIDP,2025-02-13,42,116.03,2206.4,APXMIDP
2025-02-13T20:00:00Z,APXMIDP,2025-02-13,41,124.74,2173.35,APXMIDP
2025-02-13T19:30:00Z,APXMIDP,2025-02-13,40,130.06,1793.05,APXMIDP
2025-02-13T19:00:00Z,APXMIDP,2025-02-13,39,139.96,2063.45,APXMIDP
2025-02-13T18:30:00Z,APXMIDP,2025-02-13,38,151.72,2959.0,APXMIDP
2025-02-13T18:00:00Z,APXMIDP,2025-02-13,37,158.26,2821.95,APXMIDP
2025-02-13T17:30:00Z,APXMIDP,2025-02-13,36,165.2,3935.65,APXMIDP
2025-02-13T17:00:00Z,APXMIDP,2025-02-13,35,164.46,3235.8,APXMIDP
2025-02-13T16:30:00Z,APXMIDP,2025-02-13,34,143.5,3009.1,APXMIDP
2025-02-13T16:00:00Z,APXMIDP,2025-02-13,33,143.98,2736.55,APXMIDP
2025-02-13T15:30:00Z,APXMIDP,2025-02-13,32,145.01,3613.1,APXMIDP
2025-02-13T15:00:00Z,APXMIDP,2025-02-13,31,145.67,3204.15,APXMIDP
2025-02-13T14:30:00Z,APXMIDP,2025-02-13,30,133.94,3306.85,APXMIDP
2025-02-13T14:00:00Z,APXMIDP,2025-02-13,29,131.03,3411.15,APXMIDP
2025-02-13T13:30:00Z,APXMIDP,2025-02-13,28,130.65,3265.0,APXMIDP
2025-02-13T13:00:00Z,APXMIDP,2025-02-13,27,131.33,2816.05,APXMIDP
2025-02-13T12:30:00Z,APXMIDP,2025-02-13,26,135.8,3144.9,APXMIDP
2025-02-13T12:00:00Z,APXMIDP,2025-02-13,25,137.25,2962.25,APXMIDP
2025-02-13T11:30:00Z,APXMIDP,2025-02-13,24,140.2,3611.05,APXMIDP
2025-02-13T11:00:00Z,APXMIDP,2025-02-13,23,141.9,3677.05,APXMIDP
2025-02-13T10:30:00Z,APXMIDP,2025-02-13,22,155.0,3838.1,APXMIDP
2025-02-13T10:00:00Z,APXMIDP,2025-02-13,21,162.76,3426.0,APXMIDP
2025-02-13T09:30:00Z,APXMIDP,2025-02-13,20,162.99,2754.2,APXMIDP
2025-02-13T09:00:00Z,APXMIDP,2025-02-13,19,159.01,2765.3,APXMIDP
2025-02-13T08:30:00Z,APXMIDP,2025-02-13,18,158.15,2162.3,APXMIDP
2025-02-13T08:00:00Z,APXMIDP,2025-02-13,17,155.49,1907.4,APXMIDP
2025-02-13T07:30:00Z,APXMIDP,2025-02-13,16,155.33,2108.7,APXMIDP
2025-02-13T07:00:00Z,APXMIDP,2025-02-13,15,149.86,1804.0,APXMIDP
2025-02-13T06:30:00Z,APXMIDP,2025-02-13,14,123.05,2014.4,APXMIDP
2025-02-13T06:00:00Z,APXMIDP,2025-02-13,13,122.35,2211.35,APXMIDP
2025-02-13T05:30:00Z,APXMIDP,2025-02-13,12,96.12,2014.15,APXMIDP
2025-02-13T05:00:00Z,APXMIDP,2025-02-13,11,116.45,1532.75,APXMIDP
2025-02-13T04:30:00Z,APXMIDP,2025-02-13,10,106.35,2115.15,APXMIDP
2025-02-13T04:00:00Z,APXMIDP,2025-02-13,9,111.14,1617.2,APXMIDP
2025-02-13T03:30:00Z,APXMIDP,2025-02-13,8,112.0,1547.45,APXMIDP
2025-02-13T03:00:00Z,APXMIDP,2025-02-13,7,115.27,1343.6,APXMIDP
2025-02-13T02:30:00Z,APXMIDP,2025-02-13,6,113.39,1516.65,APXMIDP
2025-02-13T02:00:00Z,APXMIDP,2025-02-13,5,113.5,1599.2,APXMIDP
2025-02-13T01:30:00Z,APXMIDP,2025-02-13,4,115.73,1463.15,APXMIDP
2025-02-13T01:00:00Z,APXMIDP,2025-02-13,3,120.92,1569.9,APXMIDP
2025-02-13T00:30:00Z,APXMIDP,2025-02-13,2,116.0,1217.2,APXMIDP
2025-02-13T00:00:00Z,APXMIDP,2025-02-13,1,107.43,1342.45,APXMIDP
2025-02-12T23:30:00Z,APXMIDP,2025-02-12,48,108.46,1399.85,APXMIDP
2025-02-12T23:00:00Z,APXMIDP,2025-02-12,47,108.44,1283.55,APXMIDP
2025-02-12T22:30:00Z,APXMIDP,2025-02-12,46,115.52,2893.85,APXMIDP
2025-02-12T22:00:00Z,APXMIDP,2025-02-12,45,118.52,2847.15,APXMIDP
2025-02-12T21:30:00Z,APXMIDP,2025-02-12,44,125.63,2927.3,APXMIDP
2025-02-12T21:00:00Z,APXMIDP,2025-02-12,43,120.22,2808.05,APXMIDP
2025-02-12T20:30:00Z,APXMIDP,2025-02-12,42,130.27,2799.45,APXMIDP
2025-02-12T20:00:00Z,APXMIDP,2025-02-12,41,140.08,3019.85,APXMIDP
2025-02-12T19:30:00Z,APXMIDP,2025-02-12,40,136.18,3047.15,APXMIDP
2025-02-12T19:00:00Z,APXMIDP,2025-02-12,39,151.18,3437.65,APXMIDP
2025-02-12T18:30:00Z,APXMIDP,2025-02-12,38,160.87,3493.2,APXMIDP
2025-02-12T18:00:00Z,APXMIDP,2025-02-12,37,158.62,3621.75,APXMIDP
2025-02-12T17:30:00Z,APXMIDP,2025-02-12,36,158.38,3481.65,APXMIDP
2025-02-12T17:00:00Z,APXMIDP,2025-02-12,35,165.21,3055.2,APXMIDP
2025-02-12T16:30:00Z,APXMIDP,2025-02-12,34,157.84,3070.95,APXMIDP
2025-02-12T16:00:00Z,APXMIDP,2025-02-12,33,154.67,3342.75,APXMIDP
2025-02-12T15:30:00Z,APXMIDP,2025-02-12,32,156.05,2778.65,APXMIDP
2025-02-12T15:00:00Z,APXMIDP,2025-02-12,31,152.37,2487.85,APXMIDP
2025-02-12T14:30:00Z,APXMIDP,2025-02-12,30,136.88,3902.95,APXMIDP
2025-02-12T14:00:00Z,APXMIDP,2025-02-12,29,140.55,3820.7,APXMIDP
2025-02-12T13:30:00Z,APXMIDP,2025-02-12,28,141.63,4414.65,APXMIDP
2025-02-12T13:00:00Z,APXMIDP,2025-02-12,27,148.42,3574.75,APXMIDP
2025-02-12T12:30:00Z,APXMIDP,2025-02-12,26,141.82,3273.05,APXMIDP
2025-02-12T12:00:00Z,APXMIDP,2025-02-12,25,141.61,3305.5,APXMIDP
2025-02-12T11:30:00Z,APXMIDP,2025-02-12,24,142.75,3044.65,APXMIDP
2025-02-12T11:00:00Z,APXMIDP,2025-02-12,23,143.28,3188.75,APXMIDP
2025-02-12T10:30:00Z,APXMIDP,2025-02-12,22,146.85,2763.15,APXMIDP
2025-02-12T10:00:00Z,APXMIDP,2025-02-12,21,145.32,2562.95,APXMIDP
2025-02-12T09:30:00Z,APXMIDP,2025-02-12,20,143.85,2091.8,APXMIDP
2025-02-12T09:00:00Z,APXMIDP,2025-02-12,19,140.83,2284.4,APXMIDP
2025-02-12T08:30:00Z,APXMIDP,2025-02-12,18,149.11,2343.9,APXMIDP
2025-02-12T08:00:00Z,APXMIDP,2025-02-12,17,146.78,1993.5,APXMIDP
2025-02-12T07:30:00Z,APXMIDP,2025-02-12,16,146.35,1887.2,APXMIDP
2025-02-12T07:00:00Z,APXMIDP,2025-02-12,15,137.52,2107.45,APXMIDP
2025-02-12T06:30:00Z,APXMIDP,2025-02-12,14,122.28,2765.1,APXMIDP
2025-02-12T06:00:00Z,APXMIDP,2025-02-12,13,122.13,2653.05,APXMIDP
2025-02-12T05:30:00Z,APXMIDP,2025-02-12,12,106.48,2321.85,APXMIDP
2025-02-12T05:00:00Z,APXMIDP,2025-02-12,11,118.33,2254.3,APXMIDP
2025-02-12T04:30:00Z,APXMIDP,2025-02-12,10,103.37,2475.85,APXMIDP
2025-02-12T04:00:00Z,APXMIDP,2025-02-12,9,107.43,2574.9,APXMIDP
2025-02-12T03:30:00Z,APXMIDP,2025-02-12,8,102.36,2159.1,APXMIDP
2025-02-12T03:00:00Z,APXMIDP,2025-02-12,7,102.8,2137.9,APXMIDP
2025-02-26T03:30:00Z,APXMIDP,2025-02-26,8,86.65,1737.9,APXMIDP
2025-02-26T03:00:00Z,APXMIDP,2025-02-26,7,87.99,1984.9,APXMIDP
2025-02-26T02:30:00Z,APXMIDP,2025-02-26,6,88.87,2348.45,APXMIDP
2025-02-26T02:00:00Z,APXMIDP,2025-02-26,5,91.81,2255.15,APXMIDP
2025-02-26T01:30:00Z,APXMIDP,2025-02-26,4,89.33,1915.4,APXMIDP
2025-02-26T01:00:00Z,APXMIDP,2025-02-26,3,88.81,1700.15,APXMIDP
2025-02-26T00:30:00Z,APXMIDP,2025-02-26,2,91.99,1719.4,APXMIDP
2025-02-26T00:00:00Z,APXMIDP,2025-02-26,1,88.59,1554.3,APXMIDP
2025-02-25T23:30:00Z,APXMIDP,2025-02-25,48,90.37,1849.4,APXMIDP
2025-02-25T23:00:00Z,APXMIDP,2025-02-25,47,84.27,1433.95,APXMIDP
2025-02-25T22:30:00Z,APXMIDP,2025-02-25,46,92.56,3086.15,APXMIDP
2025-02-25T22:00:00Z,APXMIDP,2025-02-25,45,94.72,3128.3,APXMIDP
2025-02-25T21:30:00Z,APXMIDP,2025-02-25,44,94.34,2904.7,APXMIDP
2025-02-25T21:00:00Z,APXMIDP,2025-02-25,43,91.34,2841.5,APXMIDP
2025-02-25T20:30:00Z,APXMIDP,2025-02-25,42,95.88,2538.1,APXMIDP
2025-02-25T20:00:00Z,APXMIDP,2025-02-25,41,99.14,2066.05,APXMIDP
2025-02-25T19:30:00Z,APXMIDP,2025-02-25,40,108.61,3089.3,APXMIDP
2025-02-25T19:00:00Z,APXMIDP,2025-02-25,39,115.9,2887.25,APXMIDP
2025-02-25T18:30:00Z,APXMIDP,2025-02-25,38,126.29,3542.05,APXMIDP
2025-02-25T18:00:00Z,APXMIDP,2025-02-25,37,129.77,3918.05,APXMIDP
2025-02-25T17:30:00Z,APXMIDP,2025-02-25,36,123.21,3851.95,APXMIDP
2025-02-25T17:00:00Z,APXMIDP,2025-02-25,35,126.88,3630.95,APXMIDP
2025-02-25T16:30:00Z,APXMIDP,2025-02-25,34,112.29,3703.65,APXMIDP
2025-02-25T16:00:00Z,APXMIDP,2025-02-25,33,92.67,3969.4,APXMIDP
2025-02-25T15:30:00Z,APXMIDP,2025-02-25,32,79.29,3975.1,APXMIDP
2025-02-25T15:00:00Z,APXMIDP,2025-02-25,31,79.82,3110.9,APXMIDP
2025-02-25T14:30:00Z,APXMIDP,2025-02-25,30,84.96,3184.4,APXMIDP
2025-02-25T14:00:00Z,APXMIDP,2025-02-25,29,86.18,3419.95,APXMIDP
2025-02-25T13:30:00Z,APXMIDP,2025-02-25,28,85.03,3272.3,APXMIDP
2025-02-25T13:00:00Z,APXMIDP,2025-02-25,27,84.37,3442.4,APXMIDP
2025-02-25T12:30:00Z,APXMIDP,2025-02-25,26,84.4,3760.25,APXMIDP
2025-02-25T12:00:00Z,APXMIDP,2025-02-25,25,83.13,3660.55,APXMIDP
2025-02-25T11:30:00Z,APXMIDP,2025-02-25,24,82.1,4186.9,APXMIDP
2025-02-25T11:00:00Z,APXMIDP,2025-02-25,23,81.67,4033.6,APXMIDP
2025-02-25T10:30:00Z,APXMIDP,2025-02-25,22,88.75,4573.2,APXMIDP
2025-02-25T10:00:00Z,APXMIDP,2025-02-25,21,88.31,3690.8,APXMIDP
2025-02-25T09:30:00Z,APXMIDP,2025-02-25,20,96.9,3068.1,APXMIDP
2025-02-25T09:00:00Z,APXMIDP,2025-02-25,19,107.01,3303.1,APXMIDP
2025-02-25T08:30:00Z,APXMIDP,2025-02-25,18,117.4,3560.4,APXMIDP
2025-02-25T08:00:00Z,APXMIDP,2025-02-25,17,120.45,3232.65,APXMIDP
2025-02-25T07:30:00Z,APXMIDP,2025-02-25,16,123.31,3170.4,APXMIDP
2025-02-25T07:00:00Z,APXMIDP,2025-02-25,15,118.92,3168.3,APXMIDP
2025-02-25T06:30:00Z,APXMIDP,2025-02-25,14,111.76,2907.1,APXMIDP
2025-02-25T06:00:00Z,APXMIDP,2025-02-25,13,110.2,2850.4,APXMIDP
2025-02-25T05:30:00Z,APXMIDP,2025-02-25,12,107.39,2321.6,APXMIDP
2025-02-25T05:00:00Z,APXMIDP,2025-02-25,11,108.5,2613.05,APXMIDP
2025-02-25T04:30:00Z,APXMIDP,2025-02-25,10,94.51,2978.7,APXMIDP
2025-02-25T04:00:00Z,APXMIDP,2025-02-25,9,95.09,2723.85,APXMIDP
2025-02-25T03:30:00Z,APXMIDP,2025-02-25,8,91.11,2636.8,APXMIDP
2025-02-25T03:00:00Z,APXMIDP,2025-02-25,7,88.34,2153.15,APXMIDP
2025-02-25T02:30:00Z,APXMIDP,2025-02-25,6,93.08,2748.25,APXMIDP
2025-02-25T02:00:00Z,APXMIDP,2025-02-25,5,96.71,2623.95,APXMIDP
2025-02-25T01:30:00Z,APXMIDP,2025-02-25,4,95.84,2431.75,APXMIDP
2025-02-25T01:00:00Z,APXMIDP,2025-02-25,3,94.83,2382.55,APXMIDP
2025-02-25T00:30:00Z,APXMIDP,2025-02-25,2,88.51,2413.2,APXMIDP
2025-02-25T00:00:00Z,APXMIDP,2025-02-25,1,75.24,2038.05,APXMIDP
2025-02-24T23:30:00Z,APXMIDP,2025-02-24,48,88.35,2030.3,APXMIDP
2025-02-24T23:00:00Z,APXMIDP,2025-02-24,47,89.25,2396.85,APXMIDP
2025-02-24T22:30:00Z,APXMIDP,2025-02-24,46,73.67,3285.1,APXMIDP
2025-02-24T22:00:00Z,APXMIDP,2025-02-24,45,98.46,3147.95,APXMIDP
2025-02-24T21:30:00Z,APXMIDP,2025-02-24,44,92.57,3490.2,APXMIDP
2025-02-24T21:00:00Z,APXMIDP,2025-02-24,43,95.74,3921.3,APXMIDP
2025-02-24T20:30:00Z,APXMIDP,2025-02-24,42,99.16,4380.4,APXMIDP
2025-02-24T20:00:00Z,APXMIDP,2025-02-24,41,106.54,4406.55,APXMIDP
2025-02-24T19:30:00Z,APXMIDP,2025-02-24,40,106.33,4261.7,APXMIDP
2025-02-24T19:00:00Z,APXMIDP,2025-02-24,39,105.51,4152.45,APXMIDP
2025-02-24T18:30:00Z,APXMIDP,2025-02-24,38,108.76,4474.0,APXMIDP
2025-02-24T18:00:00Z,APXMIDP,2025-02-24,37,109.45,4621.0,APXMIDP
2025-02-24T17:30:00Z,APXMIDP,2025-02-24,36,101.01,4576.05,APXMIDP
2025-02-24T17:00:00Z,APXMIDP,2025-02-24,35,89.69,4373.2,APXMIDP
2025-02-24T16:30:00Z,APXMIDP,2025-02-24,34,76.82,4117.85,APXMIDP
2025-02-24T16:00:00Z,APXMIDP,2025-02-24,33,63.07,4545.0,APXMIDP
2025-02-24T15:30:00Z,APXMIDP,2025-02-24,32,48.98,4892.4,APXMIDP
2025-02-24T15:00:00Z,APXMIDP,2025-02-24,31,39.99,4769.6,APXMIDP
2025-02-24T14:30:00Z,APXMIDP,2025-02-24,30,22.31,3738.2,APXMIDP
2025-02-24T14:00:00Z,APXMIDP,2025-02-24,29,27.09,3579.8,APXMIDP
2025-02-24T13:30:00Z,APXMIDP,2025-02-24,28,29.08,3501.3,APXMIDP
2025-02-24T13:00:00Z,APXMIDP,2025-02-24,27,33.55,3410.0,APXMIDP
2025-02-24T12:30:00Z,APXMIDP,2025-02-24,26,36.98,2963.4,APXMIDP
2025-02-24T12:00:00Z,APXMIDP,2025-02-24,25,37.8,2873.8,APXMIDP
2025-02-24T11:30:00Z,APXMIDP,2025-02-24,24,39.53,2892.2,APXMIDP
2025-02-24T11:00:00Z,APXMIDP,2025-02-24,23,44.7,2785.7,APXMIDP
2025-02-24T10:30:00Z,APXMIDP,2025-02-24,22,53.39,3046.4,APXMIDP
2025-02-24T10:00:00Z,APXMIDP,2025-02-24,21,60.63,2939.9,APXMIDP
2025-02-24T09:30:00Z,APXMIDP,2025-02-24,20,76.1,2977.2,APXMIDP
2025-02-24T09:00:00Z,APXMIDP,2025-02-24,19,86.38,2815.15,APXMIDP
2025-02-24T08:30:00Z,APXMIDP,2025-02-24,18,93.56,2724.75,APXMIDP
2025-02-24T08:00:00Z,APXMIDP,2025-02-24,17,93.37,2545.35,APXMIDP
2025-02-24T07:30:00Z,APXMIDP,2025-02-24,16,103.67,2383.65,APXMIDP
2025-02-24T07:00:00Z,APXMIDP,2025-02-24,15,92.09,2247.5,APXMIDP
2025-02-24T06:30:00Z,APXMIDP,2025-02-24,14,94.53,2165.9,APXMIDP
2025-02-24T06:00:00Z,APXMIDP,2025-02-24,13,68.78,2402.3,APXMIDP
2025-02-24T05:30:00Z,APXMIDP,2025-02-24,12,64.18,1950.45,APXMIDP
2025-02-24T05:00:00Z,APXMIDP,2025-02-24,11,44.95,1838.75,APXMIDP
2025-02-24T04:30:00Z,APXMIDP,2025-02-24,10,13.62,1751.45,APXMIDP
2025-02-24T04:00:00Z,APXMIDP,2025-02-24,9,11.16,1846.05,APXMIDP
2025-02-24T03:30:00Z,APXMIDP,2025-02-24,8,11.59,1969.0,APXMIDP
2025-02-24T03:00:00Z,APXMIDP,2025-02-24,7,13.45,1868.1,APXMIDP
2025-02-24T02:30:00Z,APXMIDP,2025-02-24,6,7.82,1910.55,APXMIDP
2025-02-24T02:00:00Z,APXMIDP,2025-02-24,5,7.56,1844.3,APXMIDP
2025-02-24T01:30:00Z,APXMIDP,2025-02-24,4,11.52,2111.35,APXMIDP
2025-02-24T01:00:00Z,APXMIDP,2025-02-24,3,19.27,2016.8,APXMIDP
2025-02-24T00:30:00Z,APXMIDP,2025-02-24,2,14.86,1590.05,APXMIDP
2025-02-24T00:00:00Z,APXMIDP,2025-02-24,1,9.41,1821.2,APXMIDP
2025-02-23T23:30:00Z,APXMIDP,2025-02-23,48,14.0,1789.95,APXMIDP
2025-02-23T23:00:00Z,APXMIDP,2025-02-23,47,15.3,1832.95,APXMIDP
2025-02-23T22:30:00Z,APXMIDP,2025-02-23,46,23.59,2539.4,APXMIDP
2025-02-23T22:00:00Z,APXMIDP,2025-02-23,45,34.44,2305.95,APXMIDP
2025-02-23T21:30:00Z,APXMIDP,2025-02-23,44,34.92,2306.55,APXMIDP
2025-02-23T21:00:00Z,APXMIDP,2025-02-23,43,54.93,2631.35,APXMIDP
2025-02-23T20:30:00Z,APXMIDP,2025-02-23,42,51.48,2593.3,APXMIDP
2025-02-23T20:00:00Z,APXMIDP,2025-02-23,41,63.99,2182.1,APXMIDP
2025-02-23T19:30:00Z,APXMIDP,2025-02-23,40,65.24,2545.1,APXMIDP
2025-02-23T19:00:00Z,APXMIDP,2025-02-23,39,77.51,2653.95,APXMIDP
2025-02-23T18:30:00Z,APXMIDP,2025-02-23,38,99.84,2721.1,APXMIDP
2025-02-23T18:00:00Z,APXMIDP,2025-02-23,37,101.42,2378.95,APXMIDP
2025-02-23T17:30:00Z,APXMIDP,2025-02-23,36,90.67,2036.4,APXMIDP
2025-02-23T17:00:00Z,APXMIDP,2025-02-23,35,84.43,2213.6,APXMIDP
2025-02-23T16:30:00Z,APXMIDP,2025-02-23,34,53.61,2388.15,APXMIDP
2025-02-23T16:00:00Z,APXMIDP,2025-02-23,33,51.57,2618.75,APXMIDP
2025-02-23T15:30:00Z,APXMIDP,2025-02-23,32,51.11,2751.75,APXMIDP
2025-02-23T15:00:00Z,APXMIDP,2025-02-23,31,49.14,2463.5,APXMIDP
2025-02-23T14:30:00Z,APXMIDP,2025-02-23,30,22.67,3018.05,APXMIDP
2025-02-23T14:00:00Z,APXMIDP,2025-02-23,29,22.54,2817.5,APXMIDP
2025-02-23T13:30:00Z,APXMIDP,2025-02-23,28,7.56,2284.85,APXMIDP
2025-02-23T13:00:00Z,APXMIDP,2025-02-23,27,8.53,2128.75,APXMIDP
2025-02-23T12:30:00Z,APXMIDP,2025-02-23,26,18.87,2614.65,APXMIDP
2025-02-23T12:00:00Z,APXMIDP,2025-02-23,25,18.22,2852.4,APXMIDP
2025-02-23T11:30:00Z,APXMIDP,2025-02-23,24,23.43,2968.0,APXMIDP
2025-02-23T11:00:00Z,APXMIDP,2025-02-23,23,22.36,2794.15,APXMIDP
2025-02-23T10:30:00Z,APXMIDP,2025-02-23,22,48.81,3033.75,APXMIDP
2025-02-23T10:00:00Z,APXMIDP,2025-02-23,21,46.66,2797.45,APXMIDP
2025-02-23T09:30:00Z,APXMIDP,2025-02-23,20,55.26,2763.75,APXMIDP
2025-02-23T09:00:00Z,APXMIDP,2025-02-23,19,51.23,2508.7,APXMIDP
2025-02-23T08:30:00Z,APXMIDP,2025-02-23,18,46.31,2215.0,APXMIDP
2025-02-23T08:00:00Z,APXMIDP,2025-02-23,17,33.48,2137.4,APXMIDP
2025-02-23T07:30:00Z,APXMIDP,2025-02-23,16,43.08,1737.35,APXMIDP
2025-02-23T07:00:00Z,APXMIDP,2025-02-23,15,41.14,1685.35,APXMIDP
2025-02-23T06:30:00Z,APXMIDP,2025-02-23,14,46.77,1996.15,APXMIDP
2025-02-23T06:00:00Z,APXMIDP,2025-02-23,13,46.64,2066.15,APXMIDP
2025-02-23T05:30:00Z,APXMIDP,2025-02-23,12,41.0,1896.35,APXMIDP
2025-02-23T05:00:00Z,APXMIDP,2025-02-23,11,44.21,1699.8,APXMIDP
2025-02-23T04:30:00Z,APXMIDP,2025-02-23,10,44.21,2313.1,APXMIDP
2025-02-23T04:00:00Z,APXMIDP,2025-02-23,9,57.93,2228.35,APXMIDP
2025-02-23T03:30:00Z,APXMIDP,2025-02-23,8,49.18,2303.9,APXMIDP
2025-02-23T03:00:00Z,APXMIDP,2025-02-23,7,56.88,2482.15,APXMIDP
2025-02-23T02:30:00Z,APXMIDP,2025-02-23,6,51.71,2342.45,APXMIDP
2025-02-23T02:00:00Z,APXMIDP,2025-02-23,5,56.54,2370.55,APXMIDP
2025-02-23T01:30:00Z,APXMIDP,2025-02-23,4,49.97,2446.45,APXMIDP
2025-02-23T01:00:00Z,APXMIDP,2025-02-23,3,59.78,2220.0,APXMIDP
2025-02-23T00:30:00Z,APXMIDP,2025-02-23,2,56.2,2418.15,APXMIDP
2025-02-23T00:00:00Z,APXMIDP,2025-02-23,1,65.28,2219.35,APXMIDP
2025-02-22T23:30:00Z,APXMIDP,2025-02-22,48,68.3,2195.4,APXMIDP
2025-02-22T23:00:00Z,APXMIDP,2025-02-22,47,79.05,2330.55,APXMIDP
2025-02-22T22:30:00Z,APXMIDP,2025-02-22,46,78.64,2870.85,APXMIDP
2025-02-22T22:00:00Z,APXMIDP,2025-02-22,45,92.33,2450.75,APXMIDP
2025-02-22T21:30:00Z,APXMIDP,2025-02-22,44,90.31,2540.8,APXMIDP
2025-02-22T21:00:00Z,APXMIDP,2025-02-22,43,92.51,2248.4,APXMIDP
2025-02-22T20:30:00Z,APXMIDP,2025-02-22,42,84.56,3032.35,APXMIDP
2025-02-22T20:00:00Z,APXMIDP,2025-02-22,41,100.33,2604.75,APXMIDP
2025-02-22T19:30:00Z,APXMIDP,2025-02-22,40,108.45,3085.15,APXMIDP
2025-02-22T19:00:00Z,APXMIDP,2025-02-22,39,113.4,2989.1,APXMIDP
2025-02-22T18:30:00Z,APXMIDP,2025-02-22,38,123.31,2896.4,APXMIDP
2025-02-22T18:00:00Z,APXMIDP,2025-02-22,37,123.85,2982.25,APXMIDP
2025-02-22T17:30:00Z,APXMIDP,2025-02-22,36,122.84,3480.55,APXMIDP
2025-02-22T17:00:00Z,APXMIDP,2025-02-22,35,106.43,3801.85,APXMIDP
2025-02-22T16:30:00Z,APXMIDP,2025-02-22,34,86.14,3698.6,APXMIDP
2025-02-22T16:00:00Z,APXMIDP,2025-02-22,33,76.0,3569.05,APXMIDP
2025-02-22T15:30:00Z,APXMIDP,2025-02-22,32,78.97,3199.55,APXMIDP
2025-02-22T15:00:00Z,APXMIDP,2025-02-22,31,71.54,2923.6,APXMIDP
2025-02-22T14:30:00Z,APXMIDP,2025-02-22,30,62.72,3831.45,APXMIDP
2025-02-22T14:00:00Z,APXMIDP,2025-02-22,29,60.52,3668.0,APXMIDP
2025-02-22T13:30:00Z,APXMIDP,2025-02-22,28,52.74,3415.95,APXMIDP
2025-02-22T13:00:00Z,APXMIDP,2025-02-22,27,57.64,3167.15,APXMIDP
2025-02-22T12:30:00Z,APXMIDP,2025-02-22,26,61.88,2825.15,APXMIDP
2025-02-22T12:00:00Z,APXMIDP,2025-02-22,25,65.5,2674.85,APXMIDP
2025-02-22T11:30:00Z,APXMIDP,2025-02-22,24,64.9,2714.7,APXMIDP
2025-02-22T11:00:00Z,APXMIDP,2025-02-22,23,67.37,2746.6,APXMIDP
2025-02-22T10:30:00Z,APXMIDP,2025-02-22,22,78.32,2267.1,APXMIDP
2025-02-22T10:00:00Z,APXMIDP,2025-02-22,21,82.05,2121.3,APXMIDP
2025-02-22T09:30:00Z,APXMIDP,2025-02-22,20,85.37,2277.15,APXMIDP
2025-02-22T09:00:00Z,APXMIDP,2025-02-22,19,90.2,2314.9,APXMIDP
2025-02-22T08:30:00Z,APXMIDP,2025-02-22,18,92.27,2062.45,APXMIDP
2025-02-22T08:00:00Z,APXMIDP,2025-02-22,17,81.98,1901.45,APXMIDP
2025-02-22T07:30:00Z,APXMIDP,2025-02-22,16,72.8,2386.15,APXMIDP
2025-02-22T07:00:00Z,APXMIDP,2025-02-22,15,61.53,2224.25,APXMIDP
2025-02-22T06:30:00Z,APXMIDP,2025-02-22,14,60.47,1846.15,APXMIDP
2025-02-22T06:00:00Z,APXMIDP,2025-02-22,13,49.55,1955.75,APXMIDP
2025-02-22T05:30:00Z,APXMIDP,2025-02-22,12,57.94,1808.7,APXMIDP
2025-02-22T05:00:00Z,APXMIDP,2025-02-22,11,52.04,1815.65,APXMIDP
2025-02-22T04:30:00Z,APXMIDP,2025-02-22,10,40.5,1421.6,APXMIDP
2025-02-22T04:00:00Z,APXMIDP,2025-02-22,9,39.68,1310.55,APXMIDP
2025-02-22T03:30:00Z,APXMIDP,2025-02-22,8,35.89,1245.05,APXMIDP
2025-02-22T03:00:00Z,APXMIDP,2025-02-22,7,36.31,1137.0,APXMIDP
2025-02-22T02:30:00Z,APXMIDP,2025-02-22,6,37.92,1816.15,APXMIDP
2025-02-22T02:00:00Z,APXMIDP,2025-02-22,5,37.12,1705.75,APXMIDP
2025-02-22T01:30:00Z,APXMIDP,2025-02-22,4,37.35,1756.7,APXMIDP
2025-02-22T01:00:00Z,APXMIDP,2025-02-22,3,38.08,2017.4,APXMIDP
2025-02-22T00:30:00Z,APXMIDP,2025-02-22,2,39.82,2192.95,APXMIDP
2025-02-22T00:00:00Z,APXMIDP,2025-02-22,1,32.98,1871.0,APXMIDP
2025-02-21T23:30:00Z,APXMIDP,2025-02-21,48,34.39,2235.85,APXMIDP
2025-02-21T23:00:00Z,APXMIDP,2025-02-21,47,34.58,2194.35,APXMIDP
2025-02-21T22:30:00Z,APXMIDP,2025-02-21,46,23.13,2305.5,APXMIDP
2025-02-21T22:00:00Z,APXMIDP,2025-02-21,45,31.45,2219.9,APXMIDP
2025-02-21T21:30:00Z,APXMIDP,2025-02-21,44,36.14,2027.75,APXMIDP
2025-02-21T21:00:00Z,APXMIDP,2025-02-21,43,46.29,1875.1,APXMIDP
2025-02-21T20:30:00Z,APXMIDP,2025-02-21,42,45.22,1869.75,APXMIDP
2025-02-21T20:00:00Z,APXMIDP,2025-02-21,41,57.99,1728.2,APXMIDP
2025-02-21T19:30:00Z,APXMIDP,2025-02-21,40,60.98,1759.55,APXMIDP
2025-02-21T19:00:00Z,APXMIDP,2025-02-21,39,73.36,2023.5,APXMIDP
2025-02-21T18:30:00Z,APXMIDP,2025-02-21,38,85.28,3124.15,APXMIDP
2025-02-21T18:00:00Z,APXMIDP,2025-02-21,37,89.66,2830.75,APXMIDP
2025-02-21T17:30:00Z,APXMIDP,2025-02-21,36,91.37,2893.85,APXMIDP
2025-02-21T17:00:00Z,APXMIDP,2025-02-21,35,83.95,2543.5,APXMIDP
2025-02-21T16:30:00Z,APXMIDP,2025-02-21,34,71.44,2915.85,APXMIDP
2025-02-21T16:00:00Z,APXMIDP,2025-02-21,33,58.92,3134.7,APXMIDP
2025-02-21T15:30:00Z,APXMIDP,2025-02-21,32,64.39,2697.6,APXMIDP
2025-02-21T15:00:00Z,APXMIDP,2025-02-21,31,48.51,2818.85,APXMIDP
2025-02-21T14:30:00Z,APXMIDP,2025-02-21,30,44.19,3063.15,APXMIDP
2025-02-21T14:00:00Z,APXMIDP,2025-02-21,29,44.21,3242.55,APXMIDP
2025-02-21T13:30:00Z,APXMIDP,2025-02-21,28,36.54,3430.15,APXMIDP
2025-02-21T13:00:00Z,APXMIDP,2025-02-21,27,39.7,3578.3,APXMIDP
2025-02-21T12:30:00Z,APXMIDP,2025-02-21,26,38.83,2965.0,APXMIDP
2025-02-21T12:00:00Z,APXMIDP,2025-02-21,25,46.12,3517.0,APXMIDP
2025-02-21T11:30:00Z,APXMIDP,2025-02-21,24,47.79,3410.75,APXMIDP
2025-02-21T11:00:00Z,APXMIDP,2025-02-21,23,37.68,3471.0,APXMIDP
2025-02-21T10:30:00Z,APXMIDP,2025-02-21,22,59.75,3512.7,APXMIDP
2025-02-21T10:00:00Z,APXMIDP,2025-02-21,21,56.29,3053.2,APXMIDP
2025-02-21T09:30:00Z,APXMIDP,2025-02-21,20,54.44,3263.0,APXMIDP
2025-02-21T09:00:00Z,APXMIDP,2025-02-21,19,43.31,2568.6,APXMIDP
2025-02-21T08:30:00Z,APXMIDP,2025-02-21,18,61.59,2735.85,APXMIDP
2025-02-21T08:00:00Z,APXMIDP,2025-02-21,17,53.82,2730.4,APXMIDP
2025-02-21T07:30:00Z,APXMIDP,2025-02-21,16,62.26,2781.25,APXMIDP
2025-02-21T07:00:00Z,APXMIDP,2025-02-21,15,49.47,2593.65,APXMIDP
2025-02-21T06:30:00Z,APXMIDP,2025-02-21,14,41.06,2976.05,APXMIDP
2025-02-21T06:00:00Z,APXMIDP,2025-02-21,13,24.28,3112.5,APXMIDP
2025-02-21T05:30:00Z,APXMIDP,2025-02-21,12,9.93,2524.1,APXMIDP
2025-02-21T05:00:00Z,APXMIDP,2025-02-21,11,12.51,2197.3,APXMIDP
2025-02-21T04:30:00Z,APXMIDP,2025-02-21,10,29.41,2346.7,APXMIDP
2025-02-21T04:00:00Z,APXMIDP,2025-02-21,9,34.65,2092.4,APXMIDP
2025-02-21T03:30:00Z,APXMIDP,2025-02-21,8,32.51,2089.65,APXMIDP
2025-02-21T03:00:00Z,APXMIDP,2025-02-21,7,37.91,2230.05,APXMIDP
2025-02-21T02:30:00Z,APXMIDP,2025-02-21,6,40.09,2530.65,APXMIDP
2025-02-21T02:00:00Z,APXMIDP,2025-02-21,5,49.37,2837.4,APXMIDP
2025-02-21T01:30:00Z,APXMIDP,2025-02-21,4,39.88,3031.25,APXMIDP
2025-02-21T01:00:00Z,APXMIDP,2025-02-21,3,48.63,2204.85,APXMIDP
2025-02-21T00:30:00Z,APXMIDP,2025-02-21,2,50.87,2505.85,APXMIDP
2025-02-21T00:00:00Z,APXMIDP,2025-02-21,1,54.72,2583.15,APXMIDP
2025-02-20T23:30:00Z,APXMIDP,2025-02-20,48,45.76,2563.95,APXMIDP
2025-02-20T23:00:00Z,APXMIDP,2025-02-20,47,37.31,2424.35,APXMIDP
2025-02-20T22:30:00Z,APXMIDP,2025-02-20,46,52.4,2679.8,APXMIDP
2025-02-20T22:00:00Z,APXMIDP,2025-02-20,45,80.28,2594.3,APXMIDP
2025-02-20T21:30:00Z,APXMIDP,2025-02-20,44,71.56,2893.35,APXMIDP
2025-02-20T21:00:00Z,APXMIDP,2025-02-20,43,82.06,2695.2,APXMIDP
2025-02-20T20:30:00Z,APXMIDP,2025-02-20,42,74.67,2466.85,APXMIDP
2025-02-20T20:00:00Z,APXMIDP,2025-02-20,41,82.32,2289.35,APXMIDP
2025-02-20T19:30:00Z,APXMIDP,2025-02-20,40,92.73,2878.5,APXMIDP
2025-02-20T19:00:00Z,APXMIDP,2025-02-20,39,98.8,3111.65,APXMIDP
2025-02-20T18:30:00Z,APXMIDP,2025-02-20,38,107.34,3832.65,APXMIDP
2025-02-20T18:00:00Z,APXMIDP,2025-02-20,37,108.27,3636.55,APXMIDP
2025-02-20T17:30:00Z,APXMIDP,2025-02-20,36,106.62,3671.85,APXMIDP
2025-02-20T17:00:00Z,APXMIDP,2025-02-20,35,98.83,3431.6,APXMIDP
2025-02-20T16:30:00Z,APXMIDP,2025-02-20,34,89.71,2755.45,APXMIDP
2025-02-20T16:00:00Z,APXMIDP,2025-02-20,33,86.92,3197.7,APXMIDP
2025-02-20T15:30:00Z,APXMIDP,2025-02-20,32,71.45,3610.5,APXMIDP
2025-02-20T15:00:00Z,APXMIDP,2025-02-20,31,76.85,2912.5,APXMIDP
2025-02-20T14:30:00Z,APXMIDP,2025-02-20,30,79.16,2853.65,APXMIDP
2025-02-20T14:00:00Z,APXMIDP,2025-02-20,29,78.41,2722.15,APXMIDP
2025-02-20T13:30:00Z,APXMIDP,2025-02-20,28,75.98,2337.7,APXMIDP
2025-02-20T13:00:00Z,APXMIDP,2025-02-20,27,78.29,2673.9,APXMIDP
2025-02-20T12:30:00Z,APXMIDP,2025-02-20,26,81.1,2873.05,APXMIDP
2025-02-20T12:00:00Z,APXMIDP,2025-02-20,25,83.4,2779.75,APXMIDP
2025-02-20T11:30:00Z,APXMIDP,2025-02-20,24,82.5,2805.7,APXMIDP
2025-02-20T11:00:00Z,APXMIDP,2025-02-20,23,82.77,2784.9,APXMIDP
2025-02-20T10:30:00Z,APXMIDP,2025-02-20,22,84.07,2835.25,APXMIDP
2025-02-20T10:00:00Z,APXMIDP,2025-02-20,21,81.12,2483.2,APXMIDP
2025-02-20T09:30:00Z,APXMIDP,2025-02-20,20,83.0,2176.8,APXMIDP
2025-02-20T09:00:00Z,APXMIDP,2025-02-20,19,84.48,2153.9,APXMIDP
2025-02-20T08:30:00Z,APXMIDP,2025-02-20,18,99.28,2330.25,APXMIDP
2025-02-20T08:00:00Z,APXMIDP,2025-02-20,17,88.89,1963.6,APXMIDP
2025-02-20T07:30:00Z,APXMIDP,2025-02-20,16,118.2,2499.05,APXMIDP
2025-02-20T07:00:00Z,APXMIDP,2025-02-20,15,107.29,2150.15,APXMIDP
2025-02-20T06:30:00Z,APXMIDP,2025-02-20,14,98.46,2160.95,APXMIDP
2025-02-20T06:00:00Z,APXMIDP,2025-02-20,13,83.28,1830.8,APXMIDP
2025-02-20T05:30:00Z,APXMIDP,2025-02-20,12,79.91,1996.6,APXMIDP
2025-02-20T05:00:00Z,APXMIDP,2025-02-20,11,74.33,1985.5,APXMIDP
2025-02-20T04:30:00Z,APXMIDP,2025-02-20,10,70.78,1832.5,APXMIDP
2025-02-20T04:00:00Z,APXMIDP,2025-02-20,9,72.66,1653.2,APXMIDP
2025-02-20T03:30:00Z,APXMIDP,2025-02-20,8,71.98,1795.45,APXMIDP
2025-02-20T03:00:00Z,APXMIDP,2025-02-20,7,75.32,1585.3,APXMIDP
2025-02-20T02:30:00Z,APXMIDP,2025-02-20,6,69.03,1859.5,APXMIDP
2025-02-20T02:00:00Z,APXMIDP,2025-02-20,5,72.24,2112.85,APXMIDP
2025-02-20T01:30:00Z,APXMIDP,2025-02-20,4,65.92,2209.4,APXMIDP
2025-02-20T01:00:00Z,APXMIDP,2025-02-20,3,72.32,1696.35,APXMIDP
2025-02-20T00:30:00Z,APXMIDP,2025-02-20,2,67.19,1687.5,APXMIDP
2025-02-20T00:00:00Z,APXMIDP,2025-02-20,1,76.1,1780.25,APXMIDP
2025-02-19T23:30:00Z,APXMIDP,2025-02-19,48,72.48,1645.55,APXMIDP
2025-02-19T23:00:00Z,APXMIDP,2025-02-19,47,68.79,1270.85,APXMIDP
2025-02-19T22:30:00Z,APXMIDP,2025-02-19,46,92.03,2454.2,APXMIDP
2025-02-19T22:00:00Z,APXMIDP,2025-02-19,45,100.28,2108.3,APXMIDP
2025-02-19T21:30:00Z,APXMIDP,2025-02-19,44,98.26,2432.6,APXMIDP
2025-02-19T21:00:00Z,APXMIDP,2025-02-19,43,96.94,2576.45,APXMIDP
2025-02-19T20:30:00Z,APXMIDP,2025-02-19,42,100.83,3326.6,APXMIDP
2025-02-19T20:00:00Z,APXMIDP,2025-02-19,41,102.86,3780.45,APXMIDP
2025-02-19T19:30:00Z,APXMIDP,2025-02-19,40,102.02,3924.35,APXMIDP
2025-02-19T19:00:00Z,APXMIDP,2025-02-19,39,114.35,3744.65,APXMIDP
2025-02-19T18:30:00Z,APXMIDP,2025-02-19,38,134.91,3688.95,APXMIDP
2025-02-19T18:00:00Z,APXMIDP,2025-02-19,37,135.29,3801.1,APXMIDP
2025-02-19T17:30:00Z,APXMIDP,2025-02-19,36,133.49,3659.9,APXMIDP
2025-02-19T17:00:00Z,APXMIDP,2025-02-19,35,130.87,3747.75,APXMIDP
2025-02-19T16:30:00Z,APXMIDP,2025-02-19,34,122.85,4301.65,APXMIDP
2025-02-19T16:00:00Z,APXMIDP,2025-02-19,33,124.66,4053.85,APXMIDP
2025-02-19T15:30:00Z,APXMIDP,2025-02-19,32,116.69,4479.95,APXMIDP
2025-02-19T15:00:00Z,APXMIDP,2025-02-19,31,117.55,4079.9,APXMIDP
2025-02-19T14:30:00Z,APXMIDP,2025-02-19,30,105.56,4581.3,APXMIDP
2025-02-19T14:00:00Z,APXMIDP,2025-02-19,29,112.09,4384.15,APXMIDP
2025-02-19T13:30:00Z,APXMIDP,2025-02-19,28,111.79,3600.35,APXMIDP
2025-02-19T13:00:00Z,APXMIDP,2025-02-19,27,114.38,3799.75,APXMIDP
2025-02-19T12:30:00Z,APXMIDP,2025-02-19,26,109.6,3154.4,APXMIDP
2025-02-19T12:00:00Z,APXMIDP,2025-02-19,25,109.42,3240.55,APXMIDP
2025-02-19T11:30:00Z,APXMIDP,2025-02-19,24,104.48,3352.0,APXMIDP
2025-02-19T11:00:00Z,APXMIDP,2025-02-19,23,97.82,3349.1,APXMIDP
2025-02-19T10:30:00Z,APXMIDP,2025-02-19,22,101.13,3526.2,APXMIDP
2025-02-19T10:00:00Z,APXMIDP,2025-02-19,21,101.89,3356.1,APXMIDP
2025-02-19T09:30:00Z,APXMIDP,2025-02-19,20,105.76,3106.75,APXMIDP
2025-02-19T09:00:00Z,APXMIDP,2025-02-19,19,107.09,3340.2,APXMIDP
2025-02-19T08:30:00Z,APXMIDP,2025-02-19,18,116.09,3538.4,APXMIDP
2025-02-19T08:00:00Z,APXMIDP,2025-02-19,17,105.26,3119.1,APXMIDP
2025-02-19T07:30:00Z,APXMIDP,2025-02-19,16,117.78,3740.15,APXMIDP
2025-02-19T07:00:00Z,APXMIDP,2025-02-19,15,104.57,3938.1,APXMIDP
2025-02-19T06:30:00Z,APXMIDP,2025-02-19,14,114.79,2614.85,APXMIDP
2025-02-19T06:00:00Z,APXMIDP,2025-02-19,13,100.05,2722.05,APXMIDP
2025-02-19T05:30:00Z,APXMIDP,2025-02-19,12,86.92,2119.0,APXMIDP
2025-02-19T05:00:00Z,APXMIDP,2025-02-19,11,90.15,2165.3,APXMIDP
2025-02-19T04:30:00Z,APXMIDP,2025-02-19,10,71.05,2113.6,APXMIDP
2025-02-19T04:00:00Z,APXMIDP,2025-02-19,9,76.48,1803.05,APXMIDP
2025-02-19T03:30:00Z,APXMIDP,2025-02-19,8,72.04,1893.5,APXMIDP
2025-03-05T04:00:00Z,APXMIDP,2025-03-05,9,49.28,1842.45,APXMIDP
2025-03-05T03:30:00Z,APXMIDP,2025-03-05,8,30.98,1619.2,APXMIDP
2025-03-05T03:00:00Z,APXMIDP,2025-03-05,7,35.26,1416.65,APXMIDP
2025-03-05T02:30:00Z,APXMIDP,2025-03-05,6,39.79,1891.8,APXMIDP
2025-03-05T02:00:00Z,APXMIDP,2025-03-05,5,44.58,1862.35,APXMIDP
2025-03-05T01:30:00Z,APXMIDP,2025-03-05,4,40.23,2031.25,APXMIDP
2025-03-05T01:00:00Z,APXMIDP,2025-03-05,3,50.15,1615.55,APXMIDP
2025-03-05T00:30:00Z,APXMIDP,2025-03-05,2,57.21,1436.6,APXMIDP
2025-03-05T00:00:00Z,APXMIDP,2025-03-05,1,48.68,1774.15,APXMIDP
2025-03-04T23:30:00Z,APXMIDP,2025-03-04,48,48.46,1675.95,APXMIDP
2025-03-04T23:00:00Z,APXMIDP,2025-03-04,47,59.99,1758.3,APXMIDP
2025-03-04T22:30:00Z,APXMIDP,2025-03-04,46,76.87,3036.5,APXMIDP
2025-03-04T22:00:00Z,APXMIDP,2025-03-04,45,90.16,2950.4,APXMIDP
2025-03-04T21:30:00Z,APXMIDP,2025-03-04,44,91.77,2199.2,APXMIDP
2025-03-04T21:00:00Z,APXMIDP,2025-03-04,43,86.22,2682.45,APXMIDP
2025-03-04T20:30:00Z,APXMIDP,2025-03-04,42,89.17,2603.05,APXMIDP
2025-03-04T20:00:00Z,APXMIDP,2025-03-04,41,104.16,2659.9,APXMIDP
2025-03-04T19:30:00Z,APXMIDP,2025-03-04,40,109.56,3177.25,APXMIDP
2025-03-04T19:00:00Z,APXMIDP,2025-03-04,39,110.91,3401.1,APXMIDP
2025-03-04T18:30:00Z,APXMIDP,2025-03-04,38,122.4,4194.3,APXMIDP
2025-03-04T18:00:00Z,APXMIDP,2025-03-04,37,122.47,4312.65,APXMIDP
2025-03-04T17:30:00Z,APXMIDP,2025-03-04,36,115.82,4032.05,APXMIDP
2025-03-04T17:00:00Z,APXMIDP,2025-03-04,35,105.25,4472.2,APXMIDP
2025-03-04T16:30:00Z,APXMIDP,2025-03-04,34,87.74,4391.85,APXMIDP
2025-03-04T16:00:00Z,APXMIDP,2025-03-04,33,90.97,4492.4,APXMIDP
2025-03-04T15:30:00Z,APXMIDP,2025-03-04,32,71.73,4261.65,APXMIDP
2025-03-04T15:00:00Z,APXMIDP,2025-03-04,31,65.85,4425.7,APXMIDP
2025-03-04T14:30:00Z,APXMIDP,2025-03-04,30,45.93,3762.8,APXMIDP
2025-03-04T14:00:00Z,APXMIDP,2025-03-04,29,49.71,4103.6,APXMIDP
2025-03-04T13:30:00Z,APXMIDP,2025-03-04,28,41.21,3126.25,APXMIDP
2025-03-04T13:00:00Z,APXMIDP,2025-03-04,27,43.39,3083.9,APXMIDP
2025-03-04T12:30:00Z,APXMIDP,2025-03-04,26,46.53,3129.5,APXMIDP
2025-03-04T12:00:00Z,APXMIDP,2025-03-04,25,49.21,3251.1,APXMIDP
2025-03-04T11:30:00Z,APXMIDP,2025-03-04,24,52.14,3655.4,APXMIDP
2025-03-04T11:00:00Z,APXMIDP,2025-03-04,23,56.04,3495.5,APXMIDP
2025-03-04T10:30:00Z,APXMIDP,2025-03-04,22,77.91,4101.0,APXMIDP
2025-03-04T10:00:00Z,APXMIDP,2025-03-04,21,88.55,4438.15,APXMIDP
2025-03-04T09:30:00Z,APXMIDP,2025-03-04,20,89.15,4287.6,APXMIDP
2025-03-04T09:00:00Z,APXMIDP,2025-03-04,19,64.18,3324.05,APXMIDP
2025-03-04T08:30:00Z,APXMIDP,2025-03-04,18,83.52,2935.5,APXMIDP
2025-03-04T08:00:00Z,APXMIDP,2025-03-04,17,99.76,2794.7,APXMIDP
2025-03-04T07:30:00Z,APXMIDP,2025-03-04,16,119.65,2431.4,APXMIDP
2025-03-04T07:00:00Z,APXMIDP,2025-03-04,15,116.84,2246.0,APXMIDP
2025-03-04T06:30:00Z,APXMIDP,2025-03-04,14,134.29,2323.65,APXMIDP
2025-03-04T06:00:00Z,APXMIDP,2025-03-04,13,125.51,1568.05,APXMIDP
2025-03-04T05:30:00Z,APXMIDP,2025-03-04,12,100.71,1537.4,APXMIDP
2025-03-04T05:00:00Z,APXMIDP,2025-03-04,11,94.03,1547.3,APXMIDP
2025-03-04T04:30:00Z,APXMIDP,2025-03-04,10,83.99,2035.05,APXMIDP
2025-03-04T04:00:00Z,APXMIDP,2025-03-04,9,82.2,2262.05,APXMIDP
2025-03-04T03:30:00Z,APXMIDP,2025-03-04,8,76.98,2255.95,APXMIDP
2025-03-04T03:00:00Z,APXMIDP,2025-03-04,7,83.93,2247.55,APXMIDP
2025-03-04T02:30:00Z,APXMIDP,2025-03-04,6,76.63,2685.85,APXMIDP
2025-03-04T02:00:00Z,APXMIDP,2025-03-04,5,76.43,2804.7,APXMIDP
2025-03-04T01:30:00Z,APXMIDP,2025-03-04,4,80.05,2952.25,APXMIDP
2025-03-04T01:00:00Z,APXMIDP,2025-03-04,3,82.79,2714.65,APXMIDP
2025-03-04T00:30:00Z,APXMIDP,2025-03-04,2,83.14,3522.25,APXMIDP
2025-03-04T00:00:00Z,APXMIDP,2025-03-04,1,68.9,3014.0,APXMIDP
2025-03-03T23:30:00Z,APXMIDP,2025-03-03,48,71.23,2963.05,APXMIDP
2025-03-03T23:00:00Z,APXMIDP,2025-03-03,47,83.68,2733.05,APXMIDP
2025-03-03T22:30:00Z,APXMIDP,2025-03-03,46,84.63,2890.55,APXMIDP
2025-03-03T22:00:00Z,APXMIDP,2025-03-03,45,87.43,2545.7,APXMIDP
2025-03-03T21:30:00Z,APXMIDP,2025-03-03,44,94.03,2802.0,APXMIDP
2025-03-03T21:00:00Z,APXMIDP,2025-03-03,43,94.73,2332.85,APXMIDP
2025-03-03T20:30:00Z,APXMIDP,2025-03-03,42,91.2,2262.55,APXMIDP
2025-03-03T20:00:00Z,APXMIDP,2025-03-03,41,104.14,2351.55,APXMIDP
2025-03-03T19:30:00Z,APXMIDP,2025-03-03,40,100.77,2221.9,APXMIDP
2025-03-03T19:00:00Z,APXMIDP,2025-03-03,39,116.25,2599.25,APXMIDP
2025-03-03T18:30:00Z,APXMIDP,2025-03-03,38,141.33,2989.5,APXMIDP
2025-03-03T18:00:00Z,APXMIDP,2025-03-03,37,142.41,3520.25,APXMIDP
2025-03-03T17:30:00Z,APXMIDP,2025-03-03,36,140.77,3723.9,APXMIDP
2025-03-03T17:00:00Z,APXMIDP,2025-03-03,35,133.15,3495.15,APXMIDP
2025-03-03T16:30:00Z,APXMIDP,2025-03-03,34,104.9,3836.25,APXMIDP
2025-03-03T16:00:00Z,APXMIDP,2025-03-03,33,89.53,2985.45,APXMIDP
2025-03-03T15:30:00Z,APXMIDP,2025-03-03,32,85.97,3693.1,APXMIDP
2025-03-03T15:00:00Z,APXMIDP,2025-03-03,31,84.84,3366.4,APXMIDP
2025-03-03T14:30:00Z,APXMIDP,2025-03-03,30,69.85,3214.95,APXMIDP
2025-03-03T14:00:00Z,APXMIDP,2025-03-03,29,69.07,3091.15,APXMIDP
2025-03-03T13:30:00Z,APXMIDP,2025-03-03,28,66.45,3081.6,APXMIDP
2025-03-03T13:00:00Z,APXMIDP,2025-03-03,27,66.48,2916.3,APXMIDP
2025-03-03T12:30:00Z,APXMIDP,2025-03-03,26,71.38,3265.3,APXMIDP
2025-03-03T12:00:00Z,APXMIDP,2025-03-03,25,71.39,2630.1,APXMIDP
2025-03-03T11:30:00Z,APXMIDP,2025-03-03,24,75.59,2722.35,APXMIDP
2025-03-03T11:00:00Z,APXMIDP,2025-03-03,23,83.5,2641.75,APXMIDP
2025-03-03T10:30:00Z,APXMIDP,2025-03-03,22,83.41,3222.45,APXMIDP
2025-03-03T10:00:00Z,APXMIDP,2025-03-03,21,84.15,2692.7,APXMIDP
2025-03-03T09:30:00Z,APXMIDP,2025-03-03,20,89.54,2837.35,APXMIDP
2025-03-03T09:00:00Z,APXMIDP,2025-03-03,19,94.0,2645.5,APXMIDP
2025-03-03T08:30:00Z,APXMIDP,2025-03-03,18,89.0,2243.55,APXMIDP
2025-03-03T08:00:00Z,APXMIDP,2025-03-03,17,105.65,2110.9,APXMIDP
2025-03-03T07:30:00Z,APXMIDP,2025-03-03,16,119.99,2353.85,APXMIDP
2025-03-03T07:00:00Z,APXMIDP,2025-03-03,15,112.79,2160.7,APXMIDP
2025-03-03T06:30:00Z,APXMIDP,2025-03-03,14,125.02,1761.8,APXMIDP
2025-03-03T06:00:00Z,APXMIDP,2025-03-03,13,118.59,1384.0,APXMIDP
2025-03-03T05:30:00Z,APXMIDP,2025-03-03,12,113.17,1674.1,APXMIDP
2025-03-03T05:00:00Z,APXMIDP,2025-03-03,11,122.27,1614.1,APXMIDP
2025-03-03T04:30:00Z,APXMIDP,2025-03-03,10,88.38,2134.65,APXMIDP
2025-03-03T04:00:00Z,APXMIDP,2025-03-03,9,91.01,1999.2,APXMIDP
2025-03-03T03:30:00Z,APXMIDP,2025-03-03,8,93.36,1926.25,APXMIDP
2025-03-03T03:00:00Z,APXMIDP,2025-03-03,7,96.82,1679.1,APXMIDP
2025-03-03T02:30:00Z,APXMIDP,2025-03-03,6,92.54,1513.45,APXMIDP
2025-03-03T02:00:00Z,APXMIDP,2025-03-03,5,92.3,1437.3,APXMIDP
2025-03-03T01:30:00Z,APXMIDP,2025-03-03,4,91.73,1528.35,APXMIDP
2025-03-03T01:00:00Z,APXMIDP,2025-03-03,3,90.97,1460.1,APXMIDP
2025-03-03T00:30:00Z,APXMIDP,2025-03-03,2,93.5,1816.9,APXMIDP
2025-03-03T00:00:00Z,APXMIDP,2025-03-03,1,87.92,1751.5,APXMIDP
2025-03-02T23:30:00Z,APXMIDP,2025-03-02,48,95.16,1555.8,APXMIDP
2025-03-02T23:00:00Z,APXMIDP,2025-03-02,47,100.46,1777.55,APXMIDP
2025-03-02T22:30:00Z,APXMIDP,2025-03-02,46,98.3,3190.9,APXMIDP
2025-03-02T22:00:00Z,APXMIDP,2025-03-02,45,101.71,3008.75,APXMIDP
2025-03-02T21:30:00Z,APXMIDP,2025-03-02,44,106.92,2568.75,APXMIDP
2025-03-02T21:00:00Z,APXMIDP,2025-03-02,43,109.96,2807.1,APXMIDP
2025-03-02T20:30:00Z,APXMIDP,2025-03-02,42,105.02,2745.65,APXMIDP
2025-03-02T20:00:00Z,APXMIDP,2025-03-02,41,109.49,2700.8,APXMIDP
2025-03-02T19:30:00Z,APXMIDP,2025-03-02,40,108.94,2733.25,APXMIDP
2025-03-02T19:00:00Z,APXMIDP,2025-03-02,39,114.25,2792.8,APXMIDP
2025-03-02T18:30:00Z,APXMIDP,2025-03-02,38,126.45,2655.55,APXMIDP
2025-03-02T18:00:00Z,APXMIDP,2025-03-02,37,130.25,2590.25,APXMIDP
2025-03-02T17:30:00Z,APXMIDP,2025-03-02,36,123.88,2373.6,APXMIDP
2025-03-02T17:00:00Z,APXMIDP,2025-03-02,35,118.3,2165.3,APXMIDP
2025-03-02T16:30:00Z,APXMIDP,2025-03-02,34,106.89,2852.35,APXMIDP
2025-03-02T16:00:00Z,APXMIDP,2025-03-02,33,105.03,2555.7,APXMIDP
2025-03-02T15:30:00Z,APXMIDP,2025-03-02,32,91.36,2384.6,APXMIDP
2025-03-02T15:00:00Z,APXMIDP,2025-03-02,31,84.39,2550.55,APXMIDP
2025-03-02T14:30:00Z,APXMIDP,2025-03-02,30,84.59,2778.8,APXMIDP
2025-03-02T14:00:00Z,APXMIDP,2025-03-02,29,84.45,2756.55,APXMIDP
2025-03-02T13:30:00Z,APXMIDP,2025-03-02,28,85.55,2756.45,APXMIDP
2025-03-02T13:00:00Z,APXMIDP,2025-03-02,27,88.28,2912.05,APXMIDP
2025-03-02T12:30:00Z,APXMIDP,2025-03-02,26,91.06,2192.75,APXMIDP
2025-03-02T12:00:00Z,APXMIDP,2025-03-02,25,90.05,2284.55,APXMIDP
2025-03-02T11:30:00Z,APXMIDP,2025-03-02,24,87.47,1794.05,APXMIDP
2025-03-02T11:00:00Z,APXMIDP,2025-03-02,23,91.72,1942.4,APXMIDP
2025-03-02T10:30:00Z,APXMIDP,2025-03-02,22,98.17,2685.55,APXMIDP
2025-03-02T10:00:00Z,APXMIDP,2025-03-02,21,104.26,2561.65,APXMIDP
2025-03-02T09:30:00Z,APXMIDP,2025-03-02,20,108.46,2082.1,APXMIDP
2025-03-02T09:00:00Z,APXMIDP,2025-03-02,19,105.75,2304.45,APXMIDP
2025-03-02T08:30:00Z,APXMIDP,2025-03-02,18,104.0,2355.1,APXMIDP
2025-03-02T08:00:00Z,APXMIDP,2025-03-02,17,108.09,1967.3,APXMIDP
2025-03-02T07:30:00Z,APXMIDP,2025-03-02,16,108.49,2101.55,APXMIDP
2025-03-02T07:00:00Z,APXMIDP,2025-03-02,15,107.31,2027.35,APXMIDP
2025-03-02T06:30:00Z,APXMIDP,2025-03-02,14,107.49,2227.55,APXMIDP
2025-03-02T06:00:00Z,APXMIDP,2025-03-02,13,108.08,2591.0,APXMIDP
2025-03-02T05:30:00Z,APXMIDP,2025-03-02,12,102.02,2052.6,APXMIDP
2025-03-02T05:00:00Z,APXMIDP,2025-03-02,11,102.63,2004.2,APXMIDP
2025-03-02T04:30:00Z,APXMIDP,2025-03-02,10,96.22,1948.1,APXMIDP
2025-03-02T04:00:00Z,APXMIDP,2025-03-02,9,96.11,1604.15,APXMIDP
2025-03-02T03:30:00Z,APXMIDP,2025-03-02,8,98.51,1450.05,APXMIDP
2025-03-02T03:00:00Z,APXMIDP,2025-03-02,7,98.75,1387.3,APXMIDP
2025-03-02T02:30:00Z,APXMIDP,2025-03-02,6,95.98,1149.45,APXMIDP
2025-03-02T02:00:00Z,APXMIDP,2025-03-02,5,104.01,1166.2,APXMIDP
2025-03-02T01:30:00Z,APXMIDP,2025-03-02,4,100.19,859.45,APXMIDP
2025-03-02T01:00:00Z,APXMIDP,2025-03-02,3,100.92,1036.45,APXMIDP
2025-03-02T00:30:00Z,APXMIDP,2025-03-02,2,101.7,1285.45,APXMIDP
2025-03-02T00:00:00Z,APXMIDP,2025-03-02,1,97.4,1081.35,APXMIDP
2025-03-01T23:30:00Z,APXMIDP,2025-03-01,48,103.2,1301.15,APXMIDP
2025-03-01T23:00:00Z,APXMIDP,2025-03-01,47,96.17,1167.05,APXMIDP
2025-03-01T22:30:00Z,APXMIDP,2025-03-01,46,99.72,1847.1,APXMIDP
2025-03-01T22:00:00Z,APXMIDP,2025-03-01,45,102.79,1918.45,APXMIDP
2025-03-01T21:30:00Z,APXMIDP,2025-03-01,44,98.8,2357.55,APXMIDP
2025-03-01T21:00:00Z,APXMIDP,2025-03-01,43,97.29,2529.3,APXMIDP
2025-03-01T20:30:00Z,APXMIDP,2025-03-01,42,103.53,2484.85,APXMIDP
2025-03-01T20:00:00Z,APXMIDP,2025-03-01,41,111.99,2377.6,APXMIDP
2025-03-01T19:30:00Z,APXMIDP,2025-03-01,40,112.89,2666.7,APXMIDP
2025-03-01T19:00:00Z,APXMIDP,2025-03-01,39,118.46,2370.9,APXMIDP
2025-03-01T18:30:00Z,APXMIDP,2025-03-01,38,121.34,2549.75,APXMIDP
2025-03-01T18:00:00Z,APXMIDP,2025-03-01,37,123.21,2443.6,APXMIDP
2025-03-01T17:30:00Z,APXMIDP,2025-03-01,36,125.25,2522.9,APXMIDP
2025-03-01T17:00:00Z,APXMIDP,2025-03-01,35,115.56,2774.15,APXMIDP
2025-03-01T16:30:00Z,APXMIDP,2025-03-01,34,115.55,3285.75,APXMIDP
2025-03-01T16:00:00Z,APXMIDP,2025-03-01,33,101.06,2876.15,APXMIDP
2025-03-01T15:30:00Z,APXMIDP,2025-03-01,32,87.99,3155.25,APXMIDP
2025-03-01T15:00:00Z,APXMIDP,2025-03-01,31,92.38,2924.1,APXMIDP
2025-03-01T14:30:00Z,APXMIDP,2025-03-01,30,86.81,2334.55,APXMIDP
2025-03-01T14:00:00Z,APXMIDP,2025-03-01,29,82.56,2437.4,APXMIDP
2025-03-01T13:30:00Z,APXMIDP,2025-03-01,28,81.11,2155.6,APXMIDP
2025-03-01T13:00:00Z,APXMIDP,2025-03-01,27,79.28,2037.6,APXMIDP
2025-03-01T12:30:00Z,APXMIDP,2025-03-01,26,79.34,2117.75,APXMIDP
2025-03-01T12:00:00Z,APXMIDP,2025-03-01,25,83.13,1842.3,APXMIDP
2025-03-01T11:30:00Z,APXMIDP,2025-03-01,24,85.82,2368.05,APXMIDP
2025-03-01T11:00:00Z,APXMIDP,2025-03-01,23,88.65,2353.35,APXMIDP
2025-03-01T10:30:00Z,APXMIDP,2025-03-01,22,83.45,1749.15,APXMIDP
2025-03-01T10:00:00Z,APXMIDP,2025-03-01,21,87.85,1564.25,APXMIDP
2025-03-01T09:30:00Z,APXMIDP,2025-03-01,20,91.8,1495.0,APXMIDP
2025-03-01T09:00:00Z,APXMIDP,2025-03-01,19,96.1,1668.25,APXMIDP
2025-03-01T08:30:00Z,APXMIDP,2025-03-01,18,101.56,2010.05,APXMIDP
2025-03-01T08:00:00Z,APXMIDP,2025-03-01,17,104.6,1559.1,APXMIDP
2025-03-01T07:30:00Z,APXMIDP,2025-03-01,16,104.9,1643.85,APXMIDP
2025-03-01T07:00:00Z,APXMIDP,2025-03-01,15,100.81,1408.75,APXMIDP
2025-03-01T06:30:00Z,APXMIDP,2025-03-01,14,113.16,1230.85,APXMIDP
2025-03-01T06:00:00Z,APXMIDP,2025-03-01,13,101.75,1212.2,APXMIDP
2025-03-01T05:30:00Z,APXMIDP,2025-03-01,12,101.53,1121.05,APXMIDP
2025-03-01T05:00:00Z,APXMIDP,2025-03-01,11,98.15,840.3,APXMIDP
2025-03-01T04:30:00Z,APXMIDP,2025-03-01,10,92.08,901.0,APXMIDP
2025-03-01T04:00:00Z,APXMIDP,2025-03-01,9,92.03,780.6,APXMIDP
2025-03-01T03:30:00Z,APXMIDP,2025-03-01,8,85.76,930.5,APXMIDP
2025-03-01T03:00:00Z,APXMIDP,2025-03-01,7,90.2,736.55,APXMIDP
2025-03-01T02:30:00Z,APXMIDP,2025-03-01,6,89.98,771.5,APXMIDP
2025-03-01T02:00:00Z,APXMIDP,2025-03-01,5,88.44,921.2,APXMIDP
2025-03-01T01:30:00Z,APXMIDP,2025-03-01,4,88.04,1068.75,APXMIDP
2025-03-01T01:00:00Z,APXMIDP,2025-03-01,3,94.88,921.3,APXMIDP
2025-03-01T00:30:00Z,APXMIDP,2025-03-01,2,101.96,970.0,APXMIDP
2025-03-01T00:00:00Z,APXMIDP,2025-03-01,1,95.53,1032.8,APXMIDP
2025-02-28T23:30:00Z,APXMIDP,2025-02-28,48,100.28,1014.9,APXMIDP
2025-02-28T23:00:00Z,APXMIDP,2025-02-28,47,92.27,1397.25,APXMIDP
2025-02-28T22:30:00Z,APXMIDP,2025-02-28,46,95.0,2779.95,APXMIDP
2025-02-28T22:00:00Z,APXMIDP,2025-02-28,45,96.97,2628.5,APXMIDP
2025-02-28T21:30:00Z,APXMIDP,2025-02-28,44,100.74,2193.8,APXMIDP
2025-02-28T21:00:00Z,APXMIDP,2025-02-28,43,100.24,2224.05,APXMIDP
2025-02-28T20:30:00Z,APXMIDP,2025-02-28,42,98.19,1917.9,APXMIDP
2025-02-28T20:00:00Z,APXMIDP,2025-02-28,41,102.86,2000.6,APXMIDP
2025-02-28T19:30:00Z,APXMIDP,2025-02-28,40,97.04,2157.1,APXMIDP
2025-02-28T19:00:00Z,APXMIDP,2025-02-28,39,112.46,2128.3,APXMIDP
2025-02-28T18:30:00Z,APXMIDP,2025-02-28,38,114.08,3141.35,APXMIDP
2025-02-28T18:00:00Z,APXMIDP,2025-02-28,37,113.14,3355.95,APXMIDP
2025-02-28T17:30:00Z,APXMIDP,2025-02-28,36,111.81,3001.95,APXMIDP
2025-02-28T17:00:00Z,APXMIDP,2025-02-28,35,104.57,3364.9,APXMIDP
2025-02-28T16:30:00Z,APXMIDP,2025-02-28,34,101.49,2595.15,APXMIDP
2025-02-28T16:00:00Z,APXMIDP,2025-02-28,33,96.85,2724.4,APXMIDP
2025-02-28T15:30:00Z,APXMIDP,2025-02-28,32,97.69,2636.25,APXMIDP
2025-02-28T15:00:00Z,APXMIDP,2025-02-28,31,92.56,2904.95,APXMIDP
2025-02-28T14:30:00Z,APXMIDP,2025-02-28,30,85.77,3294.5,APXMIDP
2025-02-28T14:00:00Z,APXMIDP,2025-02-28,29,90.31,3475.8,APXMIDP
2025-02-28T13:30:00Z,APXMIDP,2025-02-28,28,87.21,3288.7,APXMIDP
2025-02-28T13:00:00Z,APXMIDP,2025-02-28,27,84.92,3210.95,APXMIDP
2025-02-28T12:30:00Z,APXMIDP,2025-02-28,26,87.26,3632.0,APXMIDP
2025-02-28T12:00:00Z,APXMIDP,2025-02-28,25,91.21,4030.45,APXMIDP
2025-02-28T11:30:00Z,APXMIDP,2025-02-28,24,88.91,4181.85,APXMIDP
2025-02-28T11:00:00Z,APXMIDP,2025-02-28,23,95.21,3327.15,APXMIDP
2025-02-28T10:30:00Z,APXMIDP,2025-02-28,22,98.94,3405.95,APXMIDP
2025-02-28T10:00:00Z,APXMIDP,2025-02-28,21,104.52,2835.35,APXMIDP
2025-02-28T09:30:00Z,APXMIDP,2025-02-28,20,106.17,3291.45,APXMIDP
2025-02-28T09:00:00Z,APXMIDP,2025-02-28,19,110.04,3247.15,APXMIDP
2025-02-28T08:30:00Z,APXMIDP,2025-02-28,18,107.61,3732.3,APXMIDP
2025-02-28T08:00:00Z,APXMIDP,2025-02-28,17,109.92,3707.25,APXMIDP
2025-02-28T07:30:00Z,APXMIDP,2025-02-28,16,107.85,3174.4,APXMIDP
2025-02-28T07:00:00Z,APXMIDP,2025-02-28,15,104.65,2858.6,APXMIDP
2025-02-28T06:30:00Z,APXMIDP,2025-02-28,14,130.6,2018.75,APXMIDP
2025-02-28T06:00:00Z,APXMIDP,2025-02-28,13,113.63,1665.4,APXMIDP
2025-02-28T05:30:00Z,APXMIDP,2025-02-28,12,101.58,2083.0,APXMIDP
2025-02-28T05:00:00Z,APXMIDP,2025-02-28,11,90.92,1342.4,APXMIDP
2025-02-28T04:30:00Z,APXMIDP,2025-02-28,10,86.02,1638.15,APXMIDP
2025-02-28T04:00:00Z,APXMIDP,2025-02-28,9,92.52,1353.95,APXMIDP
2025-02-28T03:30:00Z,APXMIDP,2025-02-28,8,87.96,1329.4,APXMIDP
2025-02-28T03:00:00Z,APXMIDP,2025-02-28,7,96.97,1479.8,APXMIDP
2025-02-28T02:30:00Z,APXMIDP,2025-02-28,6,89.55,1981.95,APXMIDP
2025-02-28T02:00:00Z,APXMIDP,2025-02-28,5,91.57,2011.85,APXMIDP
2025-02-28T01:30:00Z,APXMIDP,2025-02-28,4,94.24,2267.85,APXMIDP
2025-02-28T01:00:00Z,APXMIDP,2025-02-28,3,92.45,2155.8,APXMIDP
2025-02-28T00:30:00Z,APXMIDP,2025-02-28,2,92.77,1938.95,APXMIDP
2025-02-28T00:00:00Z,APXMIDP,2025-02-28,1,90.22,1923.85,APXMIDP
2025-02-27T23:30:00Z,APXMIDP,2025-02-27,48,95.9,1639.5,APXMIDP
2025-02-27T23:00:00Z,APXMIDP,2025-02-27,47,104.71,1839.55,APXMIDP
2025-02-27T22:30:00Z,APXMIDP,2025-02-27,46,112.9,2324.2,APXMIDP
2025-02-27T22:00:00Z,APXMIDP,2025-02-27,45,95.55,2586.75,APXMIDP
2025-02-27T21:30:00Z,APXMIDP,2025-02-27,44,105.54,2306.2,APXMIDP
2025-02-27T21:00:00Z,APXMIDP,2025-02-27,43,105.11,1834.95,APXMIDP
2025-02-27T20:30:00Z,APXMIDP,2025-02-27,42,106.77,2654.75,APXMIDP
2025-02-27T20:00:00Z,APXMIDP,2025-02-27,41,110.49,1894.6,APXMIDP
2025-02-27T19:30:00Z,APXMIDP,2025-02-27,40,113.52,2526.0,APXMIDP
2025-02-27T19:00:00Z,APXMIDP,2025-02-27,39,117.49,2414.2,APXMIDP
2025-02-27T18:30:00Z,APXMIDP,2025-02-27,38,117.14,2916.45,APXMIDP
2025-02-27T18:00:00Z,APXMIDP,2025-02-27,37,116.49,3311.05,APXMIDP
2025-02-27T17:30:00Z,APXMIDP,2025-02-27,36,109.53,3577.35,APXMIDP
2025-02-27T17:00:00Z,APXMIDP,2025-02-27,35,96.2,3089.25,APXMIDP
2025-02-27T16:30:00Z,APXMIDP,2025-02-27,34,85.42,2729.9,APXMIDP
2025-02-27T16:00:00Z,APXMIDP,2025-02-27,33,85.23,2880.65,APXMIDP
2025-02-27T15:30:00Z,APXMIDP,2025-02-27,32,78.07,2924.55,APXMIDP
2025-02-27T15:00:00Z,APXMIDP,2025-02-27,31,78.52,3001.8,APXMIDP
2025-02-27T14:30:00Z,APXMIDP,2025-02-27,30,78.52,3203.75,APXMIDP
2025-02-27T14:00:00Z,APXMIDP,2025-02-27,29,79.89,3304.2,APXMIDP
2025-02-27T13:30:00Z,APXMIDP,2025-02-27,28,77.82,2882.85,APXMIDP
2025-02-27T13:00:00Z,APXMIDP,2025-02-27,27,78.13,2927.75,APXMIDP
2025-02-27T12:30:00Z,APXMIDP,2025-02-27,26,79.33,3065.1,APXMIDP
2025-02-27T12:00:00Z,APXMIDP,2025-02-27,25,83.66,3616.1,APXMIDP
2025-02-27T11:30:00Z,APXMIDP,2025-02-27,24,78.27,3509.6,APXMIDP
2025-02-27T11:00:00Z,APXMIDP,2025-02-27,23,79.06,3488.0,APXMIDP
2025-02-27T10:30:00Z,APXMIDP,2025-02-27,22,81.2,3584.45,APXMIDP
2025-02-27T10:00:00Z,APXMIDP,2025-02-27,21,80.38,3165.65,APXMIDP
2025-02-27T09:30:00Z,APXMIDP,2025-02-27,20,83.62,2880.55,APXMIDP
2025-02-27T09:00:00Z,APXMIDP,2025-02-27,19,89.16,2810.6,APXMIDP
2025-02-27T08:30:00Z,APXMIDP,2025-02-27,18,106.8,2596.0,APXMIDP
2025-02-27T08:00:00Z,APXMIDP,2025-02-27,17,111.17,2792.15,APXMIDP
2025-02-27T07:30:00Z,APXMIDP,2025-02-27,16,125.03,3062.65,APXMIDP
2025-02-27T07:00:00Z,APXMIDP,2025-02-27,15,125.1,3048.6,APXMIDP
2025-02-27T06:30:00Z,APXMIDP,2025-02-27,14,112.07,3218.15,APXMIDP
2025-02-27T06:00:00Z,APXMIDP,2025-02-27,13,103.33,3006.7,APXMIDP
2025-02-27T05:30:00Z,APXMIDP,2025-02-27,12,94.09,2911.3,APXMIDP
2025-02-27T05:00:00Z,APXMIDP,2025-02-27,11,99.86,2632.6,APXMIDP
2025-02-27T04:30:00Z,APXMIDP,2025-02-27,10,88.77,2357.3,APXMIDP
2025-02-27T04:00:00Z,APXMIDP,2025-02-27,9,83.01,2186.35,APXMIDP
2025-02-27T03:30:00Z,APXMIDP,2025-02-27,8,80.34,2011.15,APXMIDP
2025-02-27T03:00:00Z,APXMIDP,2025-02-27,7,83.31,2071.6,APXMIDP
2025-02-27T02:30:00Z,APXMIDP,2025-02-27,6,82.16,2183.0,APXMIDP
2025-02-27T02:00:00Z,APXMIDP,2025-02-27,5,83.85,2293.95,APXMIDP
2025-02-27T01:30:00Z,APXMIDP,2025-02-27,4,83.93,1729.1,APXMIDP
2025-02-27T01:00:00Z,APXMIDP,2025-02-27,3,85.34,1739.0,APXMIDP
2025-02-27T00:30:00Z,APXMIDP,2025-02-27,2,86.28,1967.35,APXMIDP
2025-02-27T00:00:00Z,APXMIDP,2025-02-27,1,84.61,2281.4,APXMIDP
2025-02-26T23:30:00Z,APXMIDP,2025-02-26,48,81.46,1708.0,APXMIDP
2025-02-26T23:00:00Z,APXMIDP,2025-02-26,47,81.64,1590.9,APXMIDP
2025-02-26T22:30:00Z,APXMIDP,2025-02-26,46,81.83,3658.25,APXMIDP
2025-02-26T22:00:00Z,APXMIDP,2025-02-26,45,87.34,4097.0,APXMIDP
2025-02-26T21:30:00Z,APXMIDP,2025-02-26,44,87.87,3842.65,APXMIDP
2025-02-26T21:00:00Z,APXMIDP,2025-02-26,43,89.61,3755.2,APXMIDP
2025-02-26T20:30:00Z,APXMIDP,2025-02-26,42,95.59,3580.8,APXMIDP
2025-02-26T20:00:00Z,APXMIDP,2025-02-26,41,100.04,3141.6,APXMIDP
2025-02-26T19:30:00Z,APXMIDP,2025-02-26,40,104.47,3147.25,APXMIDP
2025-02-26T19:00:00Z,APXMIDP,2025-02-26,39,116.07,3984.8,APXMIDP
2025-02-26T18:30:00Z,APXMIDP,2025-02-26,38,120.28,4344.6,APXMIDP
2025-02-26T18:00:00Z,APXMIDP,2025-02-26,37,120.8,4132.75,APXMIDP
2025-02-26T17:30:00Z,APXMIDP,2025-02-26,36,114.89,4019.75,APXMIDP
2025-02-26T17:00:00Z,APXMIDP,2025-02-26,35,107.67,4048.4,APXMIDP
2025-02-26T16:30:00Z,APXMIDP,2025-02-26,34,95.04,3666.45,APXMIDP
2025-02-26T16:00:00Z,APXMIDP,2025-02-26,33,87.1,3523.25,APXMIDP
2025-02-26T15:30:00Z,APXMIDP,2025-02-26,32,84.58,3180.8,APXMIDP
2025-02-26T15:00:00Z,APXMIDP,2025-02-26,31,84.45,3523.9,APXMIDP
2025-02-26T14:30:00Z,APXMIDP,2025-02-26,30,84.45,4626.85,APXMIDP
2025-02-26T14:00:00Z,APXMIDP,2025-02-26,29,80.47,4354.55,APXMIDP
2025-02-26T13:30:00Z,APXMIDP,2025-02-26,28,80.84,4269.7,APXMIDP
2025-02-26T13:00:00Z,APXMIDP,2025-02-26,27,81.87,4333.5,APXMIDP
2025-02-26T12:30:00Z,APXMIDP,2025-02-26,26,81.04,3862.75,APXMIDP
2025-02-26T12:00:00Z,APXMIDP,2025-02-26,25,83.12,4196.6,APXMIDP
2025-02-26T11:30:00Z,APXMIDP,2025-02-26,24,87.78,4781.65,APXMIDP
2025-02-26T11:00:00Z,APXMIDP,2025-02-26,23,87.57,3894.55,APXMIDP
2025-02-26T10:30:00Z,APXMIDP,2025-02-26,22,96.87,3801.9,APXMIDP
2025-02-26T10:00:00Z,APXMIDP,2025-02-26,21,108.8,3690.85,APXMIDP
2025-02-26T09:30:00Z,APXMIDP,2025-02-26,20,117.6,3439.55,APXMIDP
2025-02-26T09:00:00Z,APXMIDP,2025-02-26,19,120.64,3622.45,APXMIDP
2025-02-26T08:30:00Z,APXMIDP,2025-02-26,18,131.94,4108.5,APXMIDP
2025-02-26T08:00:00Z,APXMIDP,2025-02-26,17,136.13,3655.95,APXMIDP
2025-02-26T07:30:00Z,APXMIDP,2025-02-26,16,140.0,3712.0,APXMIDP
2025-02-26T07:00:00Z,APXMIDP,2025-02-26,15,130.07,3591.45,APXMIDP
2025-02-26T06:30:00Z,APXMIDP,2025-02-26,14,124.64,3108.15,APXMIDP
2025-02-26T06:00:00Z,APXMIDP,2025-02-26,13,116.86,2839.2,APXMIDP
2025-02-26T05:30:00Z,APXMIDP,2025-02-26,12,95.82,2672.85,APXMIDP
2025-02-26T05:00:00Z,APXMIDP,2025-02-26,11,92.27,2399.95,APXMIDP
2025-02-26T04:30:00Z,APXMIDP,2025-02-26,10,84.35,1826.65,APXMIDP
2025-02-26T04:00:00Z,APXMIDP,2025-02-26,9,85.59,1637.1,APXMIDP
2025-03-12T04:30:00Z,APXMIDP,2025-03-12,10,83.88,1933.0,APXMIDP
2025-03-12T04:00:00Z,APXMIDP,2025-03-12,9,83.68,1895.15,APXMIDP
2025-03-12T03:30:00Z,APXMIDP,2025-03-12,8,75.63,1873.4,APXMIDP
2025-03-12T03:00:00Z,APXMIDP,2025-03-12,7,82.52,1832.0,APXMIDP
2025-03-12T02:30:00Z,APXMIDP,2025-03-12,6,80.41,1690.95,APXMIDP
2025-03-12T02:00:00Z,APXMIDP,2025-03-12,5,78.91,1850.5,APXMIDP
2025-03-12T01:30:00Z,APXMIDP,2025-03-12,4,81.12,1603.65,APXMIDP
2025-03-12T01:00:00Z,APXMIDP,2025-03-12,3,85.47,1409.6,APXMIDP
2025-03-12T00:30:00Z,APXMIDP,2025-03-12,2,81.06,1547.7,APXMIDP
2025-03-12T00:00:00Z,APXMIDP,2025-03-12,1,79.51,1627.75,APXMIDP
2025-03-11T23:30:00Z,APXMIDP,2025-03-11,48,85.12,1469.05,APXMIDP
2025-03-11T23:00:00Z,APXMIDP,2025-03-11,47,79.88,1900.0,APXMIDP
2025-03-11T22:30:00Z,APXMIDP,2025-03-11,46,91.12,1630.95,APXMIDP
2025-03-11T22:00:00Z,APXMIDP,2025-03-11,45,92.86,1038.85,APXMIDP
2025-03-11T21:30:00Z,APXMIDP,2025-03-11,44,95.62,865.1,APXMIDP
2025-03-11T21:00:00Z,APXMIDP,2025-03-11,43,91.92,996.1,APXMIDP
2025-03-11T20:30:00Z,APXMIDP,2025-03-11,42,108.78,1183.0,APXMIDP
2025-03-11T20:00:00Z,APXMIDP,2025-03-11,41,111.64,1296.5,APXMIDP
2025-03-11T19:30:00Z,APXMIDP,2025-03-11,40,116.54,1631.6,APXMIDP
2025-03-11T19:00:00Z,APXMIDP,2025-03-11,39,119.86,2506.9,APXMIDP
2025-03-11T18:30:00Z,APXMIDP,2025-03-11,38,126.41,3165.1,APXMIDP
2025-03-11T18:00:00Z,APXMIDP,2025-03-11,37,124.1,3332.25,APXMIDP
2025-03-11T17:30:00Z,APXMIDP,2025-03-11,36,110.71,3150.4,APXMIDP
2025-03-11T17:00:00Z,APXMIDP,2025-03-11,35,103.37,2618.25,APXMIDP
2025-03-11T16:30:00Z,APXMIDP,2025-03-11,34,87.97,2942.05,APXMIDP
2025-03-11T16:00:00Z,APXMIDP,2025-03-11,33,87.42,2580.1,APXMIDP
2025-03-11T15:30:00Z,APXMIDP,2025-03-11,32,88.38,2898.5,APXMIDP
2025-03-11T15:00:00Z,APXMIDP,2025-03-11,31,94.64,2491.35,APXMIDP
2025-03-11T14:30:00Z,APXMIDP,2025-03-11,30,82.09,2800.25,APXMIDP
2025-03-11T14:00:00Z,APXMIDP,2025-03-11,29,83.29,2501.5,APXMIDP
2025-03-11T13:30:00Z,APXMIDP,2025-03-11,28,80.89,2399.6,APXMIDP
2025-03-11T13:00:00Z,APXMIDP,2025-03-11,27,82.32,2300.7,APXMIDP
2025-03-11T12:30:00Z,APXMIDP,2025-03-11,26,79.73,2625.45,APXMIDP
2025-03-11T12:00:00Z,APXMIDP,2025-03-11,25,78.14,2632.95,APXMIDP
2025-03-11T11:30:00Z,APXMIDP,2025-03-11,24,76.61,2579.75,APXMIDP
2025-03-11T11:00:00Z,APXMIDP,2025-03-11,23,76.23,2694.85,APXMIDP
2025-03-11T10:30:00Z,APXMIDP,2025-03-11,22,76.99,2940.8,APXMIDP
2025-03-11T10:00:00Z,APXMIDP,2025-03-11,21,76.85,2362.05,APXMIDP
2025-03-11T09:30:00Z,APXMIDP,2025-03-11,20,79.81,2506.65,APXMIDP
2025-03-11T09:00:00Z,APXMIDP,2025-03-11,19,84.11,2574.45,APXMIDP
2025-03-11T08:30:00Z,APXMIDP,2025-03-11,18,93.74,2272.5,APXMIDP
2025-03-11T08:00:00Z,APXMIDP,2025-03-11,17,98.54,2058.0,APXMIDP
2025-03-11T07:30:00Z,APXMIDP,2025-03-11,16,106.46,2261.9,APXMIDP
2025-03-11T07:00:00Z,APXMIDP,2025-03-11,15,93.07,2827.4,APXMIDP
2025-03-11T06:30:00Z,APXMIDP,2025-03-11,14,83.86,2781.6,APXMIDP
2025-03-11T06:00:00Z,APXMIDP,2025-03-11,13,74.21,2930.15,APXMIDP
2025-03-11T05:30:00Z,APXMIDP,2025-03-11,12,68.32,2746.5,APXMIDP
2025-03-11T05:00:00Z,APXMIDP,2025-03-11,11,73.9,2505.7,APXMIDP
2025-03-11T04:30:00Z,APXMIDP,2025-03-11,10,76.62,2089.2,APXMIDP
2025-03-11T04:00:00Z,APXMIDP,2025-03-11,9,80.0,2239.75,APXMIDP
2025-03-11T03:30:00Z,APXMIDP,2025-03-11,8,78.45,2006.35,APXMIDP
2025-03-11T03:00:00Z,APXMIDP,2025-03-11,7,81.59,2038.05,APXMIDP
2025-03-11T02:30:00Z,APXMIDP,2025-03-11,6,79.36,1658.15,APXMIDP
2025-03-11T02:00:00Z,APXMIDP,2025-03-11,5,79.6,1752.2,APXMIDP
2025-03-11T01:30:00Z,APXMIDP,2025-03-11,4,74.82,1780.25,APXMIDP
2025-03-11T01:00:00Z,APXMIDP,2025-03-11,3,76.32,1771.9,APXMIDP
2025-03-11T00:30:00Z,APXMIDP,2025-03-11,2,79.0,1816.45,APXMIDP
2025-03-11T00:00:00Z,APXMIDP,2025-03-11,1,74.45,1881.6,APXMIDP
2025-03-10T23:30:00Z,APXMIDP,2025-03-10,48,80.22,1995.8,APXMIDP
2025-03-10T23:00:00Z,APXMIDP,2025-03-10,47,82.57,1833.95,APXMIDP
2025-03-10T22:30:00Z,APXMIDP,2025-03-10,46,90.85,2857.0,APXMIDP
2025-03-10T22:00:00Z,APXMIDP,2025-03-10,45,86.5,2226.6,APXMIDP
2025-03-10T21:30:00Z,APXMIDP,2025-03-10,44,82.09,2334.05,APXMIDP
2025-03-10T21:00:00Z,APXMIDP,2025-03-10,43,80.49,2305.1,APXMIDP
2025-03-10T20:30:00Z,APXMIDP,2025-03-10,42,89.44,2792.15,APXMIDP
2025-03-10T20:00:00Z,APXMIDP,2025-03-10,41,87.5,2582.55,APXMIDP
2025-03-10T19:30:00Z,APXMIDP,2025-03-10,40,90.82,2750.45,APXMIDP
2025-03-10T19:00:00Z,APXMIDP,2025-03-10,39,102.95,3192.2,APXMIDP
2025-03-10T18:30:00Z,APXMIDP,2025-03-10,38,115.74,3462.0,APXMIDP
2025-03-10T18:00:00Z,APXMIDP,2025-03-10,37,113.3,3536.05,APXMIDP
2025-03-10T17:30:00Z,APXMIDP,2025-03-10,36,99.4,3171.0,APXMIDP
2025-03-10T17:00:00Z,APXMIDP,2025-03-10,35,92.37,2980.7,APXMIDP
2025-03-10T16:30:00Z,APXMIDP,2025-03-10,34,79.16,2750.95,APXMIDP
2025-03-10T16:00:00Z,APXMIDP,2025-03-10,33,79.9,3161.35,APXMIDP
2025-03-10T15:30:00Z,APXMIDP,2025-03-10,32,78.73,2888.7,APXMIDP
2025-03-10T15:00:00Z,APXMIDP,2025-03-10,31,79.39,3214.1,APXMIDP
2025-03-10T14:30:00Z,APXMIDP,2025-03-10,30,71.57,3935.9,APXMIDP
2025-03-10T14:00:00Z,APXMIDP,2025-03-10,29,70.69,3711.45,APXMIDP
2025-03-10T13:30:00Z,APXMIDP,2025-03-10,28,70.8,3680.0,APXMIDP
2025-03-10T13:00:00Z,APXMIDP,2025-03-10,27,73.1,4018.5,APXMIDP
2025-03-10T12:30:00Z,APXMIDP,2025-03-10,26,70.54,3537.95,APXMIDP
2025-03-10T12:00:00Z,APXMIDP,2025-03-10,25,71.2,3312.9,APXMIDP
2025-03-10T11:30:00Z,APXMIDP,2025-03-10,24,69.39,3712.95,APXMIDP
2025-03-10T11:00:00Z,APXMIDP,2025-03-10,23,71.15,3206.9,APXMIDP
2025-03-10T10:30:00Z,APXMIDP,2025-03-10,22,77.07,3962.7,APXMIDP
2025-03-10T10:00:00Z,APXMIDP,2025-03-10,21,74.22,3812.7,APXMIDP
2025-03-10T09:30:00Z,APXMIDP,2025-03-10,20,71.42,3808.2,APXMIDP
2025-03-10T09:00:00Z,APXMIDP,2025-03-10,19,75.51,3162.3,APXMIDP
2025-03-10T08:30:00Z,APXMIDP,2025-03-10,18,83.74,3540.95,APXMIDP
2025-03-10T08:00:00Z,APXMIDP,2025-03-10,17,87.15,2734.6,APXMIDP
2025-03-10T07:30:00Z,APXMIDP,2025-03-10,16,98.36,3100.45,APXMIDP
2025-03-10T07:00:00Z,APXMIDP,2025-03-10,15,99.84,2809.15,APXMIDP
2025-03-10T06:30:00Z,APXMIDP,2025-03-10,14,114.14,2195.85,APXMIDP
2025-03-10T06:00:00Z,APXMIDP,2025-03-10,13,114.79,2070.5,APXMIDP
2025-03-10T05:30:00Z,APXMIDP,2025-03-10,12,104.95,2207.5,APXMIDP
2025-03-10T05:00:00Z,APXMIDP,2025-03-10,11,100.97,2012.7,APXMIDP
2025-03-10T04:30:00Z,APXMIDP,2025-03-10,10,89.54,1507.65,APXMIDP
2025-03-10T04:00:00Z,APXMIDP,2025-03-10,9,92.33,1292.5,APXMIDP
2025-03-10T03:30:00Z,APXMIDP,2025-03-10,8,85.11,1293.75,APXMIDP
2025-03-10T03:00:00Z,APXMIDP,2025-03-10,7,88.21,1133.4,APXMIDP
2025-03-10T02:30:00Z,APXMIDP,2025-03-10,6,81.38,1232.65,APXMIDP
2025-03-10T02:00:00Z,APXMIDP,2025-03-10,5,81.96,1181.85,APXMIDP
2025-03-10T01:30:00Z,APXMIDP,2025-03-10,4,77.62,1047.8,APXMIDP
2025-03-10T01:00:00Z,APXMIDP,2025-03-10,3,79.76,986.3,APXMIDP
2025-03-10T00:30:00Z,APXMIDP,2025-03-10,2,80.74,1193.75,APXMIDP
2025-03-10T00:00:00Z,APXMIDP,2025-03-10,1,80.65,1056.9,APXMIDP
2025-03-09T23:30:00Z,APXMIDP,2025-03-09,48,80.6,1025.35,APXMIDP
2025-03-09T23:00:00Z,APXMIDP,2025-03-09,47,81.06,1267.85,APXMIDP
2025-03-09T22:30:00Z,APXMIDP,2025-03-09,46,90.5,3113.4,APXMIDP
2025-03-09T22:00:00Z,APXMIDP,2025-03-09,45,90.94,2823.9,APXMIDP
2025-03-09T21:30:00Z,APXMIDP,2025-03-09,44,92.99,2253.05,APXMIDP
2025-03-09T21:00:00Z,APXMIDP,2025-03-09,43,96.83,1835.45,APXMIDP
2025-03-09T20:30:00Z,APXMIDP,2025-03-09,42,99.47,1992.5,APXMIDP
2025-03-09T20:00:00Z,APXMIDP,2025-03-09,41,112.02,2233.2,APXMIDP
2025-03-09T19:30:00Z,APXMIDP,2025-03-09,40,110.11,1955.15,APXMIDP
2025-03-09T19:00:00Z,APXMIDP,2025-03-09,39,111.16,2149.75,APXMIDP
2025-03-09T18:30:00Z,APXMIDP,2025-03-09,38,113.12,2036.85,APXMIDP
2025-03-09T18:00:00Z,APXMIDP,2025-03-09,37,114.23,1942.25,APXMIDP
2025-03-09T17:30:00Z,APXMIDP,2025-03-09,36,113.62,1704.1,APXMIDP
2025-03-09T17:00:00Z,APXMIDP,2025-03-09,35,106.98,1643.15,APXMIDP
2025-03-09T16:30:00Z,APXMIDP,2025-03-09,34,108.07,1746.0,APXMIDP
2025-03-09T16:00:00Z,APXMIDP,2025-03-09,33,89.58,1755.15,APXMIDP
2025-03-09T15:30:00Z,APXMIDP,2025-03-09,32,79.72,1605.0,APXMIDP
2025-03-09T15:00:00Z,APXMIDP,2025-03-09,31,77.71,1321.9,APXMIDP
2025-03-09T14:30:00Z,APXMIDP,2025-03-09,30,74.67,1315.9,APXMIDP
2025-03-09T14:00:00Z,APXMIDP,2025-03-09,29,74.87,1408.65,APXMIDP
2025-03-09T13:30:00Z,APXMIDP,2025-03-09,28,75.8,1292.0,APXMIDP
2025-03-09T13:00:00Z,APXMIDP,2025-03-09,27,75.69,1212.75,APXMIDP
2025-03-09T12:30:00Z,APXMIDP,2025-03-09,26,78.57,1047.85,APXMIDP
2025-03-09T12:00:00Z,APXMIDP,2025-03-09,25,79.4,996.65,APXMIDP
2025-03-09T11:30:00Z,APXMIDP,2025-03-09,24,81.81,1119.75,APXMIDP
2025-03-09T11:00:00Z,APXMIDP,2025-03-09,23,84.11,1143.45,APXMIDP
2025-03-09T10:30:00Z,APXMIDP,2025-03-09,22,93.48,890.2,APXMIDP
2025-03-09T10:00:00Z,APXMIDP,2025-03-09,21,97.36,994.25,APXMIDP
2025-03-09T09:30:00Z,APXMIDP,2025-03-09,20,97.85,925.65,APXMIDP
2025-03-09T09:00:00Z,APXMIDP,2025-03-09,19,98.93,1052.85,APXMIDP
2025-03-09T08:30:00Z,APXMIDP,2025-03-09,18,100.86,1230.4,APXMIDP
2025-03-09T08:00:00Z,APXMIDP,2025-03-09,17,103.28,1131.55,APXMIDP
2025-03-09T07:30:00Z,APXMIDP,2025-03-09,16,100.89,1090.5,APXMIDP
2025-03-09T07:00:00Z,APXMIDP,2025-03-09,15,101.15,1249.0,APXMIDP
2025-03-09T06:30:00Z,APXMIDP,2025-03-09,14,102.19,1189.05,APXMIDP
2025-03-09T06:00:00Z,APXMIDP,2025-03-09,13,99.66,1140.55,APXMIDP
2025-03-09T05:30:00Z,APXMIDP,2025-03-09,12,91.72,1021.05,APXMIDP
2025-03-09T05:00:00Z,APXMIDP,2025-03-09,11,85.51,810.45,APXMIDP
2025-03-09T04:30:00Z,APXMIDP,2025-03-09,10,84.86,921.25,APXMIDP
2025-03-09T04:00:00Z,APXMIDP,2025-03-09,9,85.31,862.25,APXMIDP
2025-03-09T03:30:00Z,APXMIDP,2025-03-09,8,84.46,859.45,APXMIDP
2025-03-09T03:00:00Z,APXMIDP,2025-03-09,7,87.53,999.0,APXMIDP
2025-03-09T02:30:00Z,APXMIDP,2025-03-09,6,90.11,1048.45,APXMIDP
2025-03-09T02:00:00Z,APXMIDP,2025-03-09,5,92.83,1190.9,APXMIDP
2025-03-09T01:30:00Z,APXMIDP,2025-03-09,4,90.22,1253.45,APXMIDP
2025-03-09T01:00:00Z,APXMIDP,2025-03-09,3,86.79,1174.2,APXMIDP
2025-03-09T00:30:00Z,APXMIDP,2025-03-09,2,82.11,1336.15,APXMIDP
2025-03-09T00:00:00Z,APXMIDP,2025-03-09,1,75.39,1574.45,APXMIDP
2025-03-08T23:30:00Z,APXMIDP,2025-03-08,48,71.75,1719.1,APXMIDP
2025-03-08T23:00:00Z,APXMIDP,2025-03-08,47,73.89,1390.65,APXMIDP
2025-03-08T22:30:00Z,APXMIDP,2025-03-08,46,77.92,1910.4,APXMIDP
2025-03-08T22:00:00Z,APXMIDP,2025-03-08,45,79.12,2051.65,APXMIDP
2025-03-08T21:30:00Z,APXMIDP,2025-03-08,44,82.78,2168.45,APXMIDP
2025-03-08T21:00:00Z,APXMIDP,2025-03-08,43,90.13,2107.5,APXMIDP
2025-03-08T20:30:00Z,APXMIDP,2025-03-08,42,89.55,2028.25,APXMIDP
2025-03-08T20:00:00Z,APXMIDP,2025-03-08,41,82.93,1886.95,APXMIDP
2025-03-08T19:30:00Z,APXMIDP,2025-03-08,40,85.18,2084.15,APXMIDP
2025-03-08T19:00:00Z,APXMIDP,2025-03-08,39,93.93,2514.3,APXMIDP
2025-03-08T18:30:00Z,APXMIDP,2025-03-08,38,106.81,3269.25,APXMIDP
2025-03-08T18:00:00Z,APXMIDP,2025-03-08,37,109.98,3126.65,APXMIDP
2025-03-08T17:30:00Z,APXMIDP,2025-03-08,36,117.92,3349.0,APXMIDP
2025-03-08T17:00:00Z,APXMIDP,2025-03-08,35,111.36,3157.4,APXMIDP
2025-03-08T16:30:00Z,APXMIDP,2025-03-08,34,100.4,2875.75,APXMIDP
2025-03-08T16:00:00Z,APXMIDP,2025-03-08,33,94.33,3300.75,APXMIDP
2025-03-08T15:30:00Z,APXMIDP,2025-03-08,32,90.28,3509.15,APXMIDP
2025-03-08T15:00:00Z,APXMIDP,2025-03-08,31,86.62,2680.85,APXMIDP
2025-03-08T14:30:00Z,APXMIDP,2025-03-08,30,83.95,3123.05,APXMIDP
2025-03-08T14:00:00Z,APXMIDP,2025-03-08,29,80.36,2765.85,APXMIDP
2025-03-08T13:30:00Z,APXMIDP,2025-03-08,28,81.15,2691.15,APXMIDP
2025-03-08T13:00:00Z,APXMIDP,2025-03-08,27,83.68,2744.3,APXMIDP
2025-03-08T12:30:00Z,APXMIDP,2025-03-08,26,88.27,2591.85,APXMIDP
2025-03-08T12:00:00Z,APXMIDP,2025-03-08,25,90.79,2358.35,APXMIDP
2025-03-08T11:30:00Z,APXMIDP,2025-03-08,24,93.26,2296.15,APXMIDP
2025-03-08T11:00:00Z,APXMIDP,2025-03-08,23,90.72,2225.5,APXMIDP
2025-03-08T10:30:00Z,APXMIDP,2025-03-08,22,84.43,2287.1,APXMIDP
2025-03-08T10:00:00Z,APXMIDP,2025-03-08,21,92.01,2214.8,APXMIDP
2025-03-08T09:30:00Z,APXMIDP,2025-03-08,20,91.71,2270.5,APXMIDP
2025-03-08T09:00:00Z,APXMIDP,2025-03-08,19,85.99,2591.5,APXMIDP
2025-03-08T08:30:00Z,APXMIDP,2025-03-08,18,87.52,2312.25,APXMIDP
2025-03-08T08:00:00Z,APXMIDP,2025-03-08,17,94.79,1678.4,APXMIDP
2025-03-08T07:30:00Z,APXMIDP,2025-03-08,16,92.87,1670.75,APXMIDP
2025-03-08T07:00:00Z,APXMIDP,2025-03-08,15,92.53,1678.1,APXMIDP
2025-03-08T06:30:00Z,APXMIDP,2025-03-08,14,103.34,2205.4,APXMIDP
2025-03-08T06:00:00Z,APXMIDP,2025-03-08,13,98.83,2091.6,APXMIDP
2025-03-08T05:30:00Z,APXMIDP,2025-03-08,12,99.01,1882.25,APXMIDP
2025-03-08T05:00:00Z,APXMIDP,2025-03-08,11,97.46,1989.85,APXMIDP
2025-03-08T04:30:00Z,APXMIDP,2025-03-08,10,91.22,1818.25,APXMIDP
2025-03-08T04:00:00Z,APXMIDP,2025-03-08,9,91.61,2002.6,APXMIDP
2025-03-08T03:30:00Z,APXMIDP,2025-03-08,8,87.4,1641.4,APXMIDP
2025-03-08T03:00:00Z,APXMIDP,2025-03-08,7,87.78,1738.5,APXMIDP
2025-03-08T02:30:00Z,APXMIDP,2025-03-08,6,91.27,2115.15,APXMIDP
2025-03-08T02:00:00Z,APXMIDP,2025-03-08,5,87.99,2376.35,APXMIDP
2025-03-08T01:30:00Z,APXMIDP,2025-03-08,4,91.05,2200.2,APXMIDP
2025-03-08T01:00:00Z,APXMIDP,2025-03-08,3,91.61,2179.5,APXMIDP
2025-03-08T00:30:00Z,APXMIDP,2025-03-08,2,91.46,2136.35,APXMIDP
2025-03-08T00:00:00Z,APXMIDP,2025-03-08,1,81.73,2157.25,APXMIDP
2025-03-07T23:30:00Z,APXMIDP,2025-03-07,48,85.23,2639.9,APXMIDP
2025-03-07T23:00:00Z,APXMIDP,2025-03-07,47,84.99,2400.1,APXMIDP
2025-03-07T22:30:00Z,APXMIDP,2025-03-07,46,82.28,2919.3,APXMIDP
2025-03-07T22:00:00Z,APXMIDP,2025-03-07,45,82.57,2739.4,APXMIDP
2025-03-07T21:30:00Z,APXMIDP,2025-03-07,44,82.67,2531.55,APXMIDP
2025-03-07T21:00:00Z,APXMIDP,2025-03-07,43,85.66,2912.3,APXMIDP
2025-03-07T20:30:00Z,APXMIDP,2025-03-07,42,93.72,2800.75,APXMIDP
2025-03-07T20:00:00Z,APXMIDP,2025-03-07,41,85.76,2402.35,APXMIDP
2025-03-07T19:30:00Z,APXMIDP,2025-03-07,40,85.88,2263.05,APXMIDP
2025-03-07T19:00:00Z,APXMIDP,2025-03-07,39,106.25,2561.4,APXMIDP
2025-03-07T18:30:00Z,APXMIDP,2025-03-07,38,125.64,3997.0,APXMIDP
2025-03-07T18:00:00Z,APXMIDP,2025-03-07,37,131.66,3725.2,APXMIDP
2025-03-07T17:30:00Z,APXMIDP,2025-03-07,36,133.26,3070.6,APXMIDP
2025-03-07T17:00:00Z,APXMIDP,2025-03-07,35,133.28,2932.15,APXMIDP
2025-03-07T16:30:00Z,APXMIDP,2025-03-07,34,118.3,2787.8,APXMIDP
2025-03-07T16:00:00Z,APXMIDP,2025-03-07,33,103.45,2852.25,APXMIDP
2025-03-07T15:30:00Z,APXMIDP,2025-03-07,32,95.79,2933.15,APXMIDP
2025-03-07T15:00:00Z,APXMIDP,2025-03-07,31,103.59,2641.55,APXMIDP
2025-03-07T14:30:00Z,APXMIDP,2025-03-07,30,85.13,3257.45,APXMIDP
2025-03-07T14:00:00Z,APXMIDP,2025-03-07,29,86.19,3322.55,APXMIDP
2025-03-07T13:30:00Z,APXMIDP,2025-03-07,28,88.74,3807.4,APXMIDP
2025-03-07T13:00:00Z,APXMIDP,2025-03-07,27,90.55,3535.5,APXMIDP
2025-03-07T12:30:00Z,APXMIDP,2025-03-07,26,95.24,3176.2,APXMIDP
2025-03-07T12:00:00Z,APXMIDP,2025-03-07,25,92.53,3449.6,APXMIDP
2025-03-07T11:30:00Z,APXMIDP,2025-03-07,24,99.96,4042.15,APXMIDP
2025-03-07T11:00:00Z,APXMIDP,2025-03-07,23,96.97,2734.5,APXMIDP
2025-03-07T10:30:00Z,APXMIDP,2025-03-07,22,95.31,3708.9,APXMIDP
2025-03-07T10:00:00Z,APXMIDP,2025-03-07,21,96.3,3550.05,APXMIDP
2025-03-07T09:30:00Z,APXMIDP,2025-03-07,20,91.09,3068.05,APXMIDP
2025-03-07T09:00:00Z,APXMIDP,2025-03-07,19,99.46,2935.7,APXMIDP
2025-03-07T08:30:00Z,APXMIDP,2025-03-07,18,96.12,3285.45,APXMIDP
2025-03-07T08:00:00Z,APXMIDP,2025-03-07,17,89.51,3229.75,APXMIDP
2025-03-07T07:30:00Z,APXMIDP,2025-03-07,16,107.61,3843.2,APXMIDP
2025-03-07T07:00:00Z,APXMIDP,2025-03-07,15,101.52,3517.2,APXMIDP
2025-03-07T06:30:00Z,APXMIDP,2025-03-07,14,105.95,3234.3,APXMIDP
2025-03-07T06:00:00Z,APXMIDP,2025-03-07,13,101.11,3294.65,APXMIDP
2025-03-07T05:30:00Z,APXMIDP,2025-03-07,12,88.57,3093.25,APXMIDP
2025-03-07T05:00:00Z,APXMIDP,2025-03-07,11,91.5,2757.2,APXMIDP
2025-03-07T04:30:00Z,APXMIDP,2025-03-07,10,71.81,2882.25,APXMIDP
2025-03-07T04:00:00Z,APXMIDP,2025-03-07,9,75.6,2985.75,APXMIDP
2025-03-07T03:30:00Z,APXMIDP,2025-03-07,8,70.52,2660.3,APXMIDP
2025-03-07T03:00:00Z,APXMIDP,2025-03-07,7,63.71,3001.4,APXMIDP
2025-03-07T02:30:00Z,APXMIDP,2025-03-07,6,51.38,2330.35,APXMIDP
2025-03-07T02:00:00Z,APXMIDP,2025-03-07,5,43.65,2209.6,APXMIDP
2025-03-07T01:30:00Z,APXMIDP,2025-03-07,4,40.76,2263.3,APXMIDP
2025-03-07T01:00:00Z,APXMIDP,2025-03-07,3,43.74,2555.45,APXMIDP
2025-03-07T00:30:00Z,APXMIDP,2025-03-07,2,52.72,2616.65,APXMIDP
2025-03-07T00:00:00Z,APXMIDP,2025-03-07,1,55.13,2115.0,APXMIDP
2025-03-06T23:30:00Z,APXMIDP,2025-03-06,48,61.87,2399.45,APXMIDP
2025-03-06T23:00:00Z,APXMIDP,2025-03-06,47,60.65,2317.1,APXMIDP
2025-03-06T22:30:00Z,APXMIDP,2025-03-06,46,72.28,2235.85,APXMIDP
2025-03-06T22:00:00Z,APXMIDP,2025-03-06,45,82.85,2441.1,APXMIDP
2025-03-06T21:30:00Z,APXMIDP,2025-03-06,44,82.88,2597.5,APXMIDP
2025-03-06T21:00:00Z,APXMIDP,2025-03-06,43,84.63,2537.05,APXMIDP
2025-03-06T20:30:00Z,APXMIDP,2025-03-06,42,92.72,3108.2,APXMIDP
2025-03-06T20:00:00Z,APXMIDP,2025-03-06,41,102.27,3265.15,APXMIDP
2025-03-06T19:30:00Z,APXMIDP,2025-03-06,40,113.86,3750.1,APXMIDP
2025-03-06T19:00:00Z,APXMIDP,2025-03-06,39,116.34,3906.3,APXMIDP
2025-03-06T18:30:00Z,APXMIDP,2025-03-06,38,125.68,2715.3,APXMIDP
2025-03-06T18:00:00Z,APXMIDP,2025-03-06,37,124.81,2784.05,APXMIDP
2025-03-06T17:30:00Z,APXMIDP,2025-03-06,36,126.78,2708.3,APXMIDP
2025-03-06T17:00:00Z,APXMIDP,2025-03-06,35,124.22,2537.5,APXMIDP
2025-03-06T16:30:00Z,APXMIDP,2025-03-06,34,115.65,2729.5,APXMIDP
2025-03-06T16:00:00Z,APXMIDP,2025-03-06,33,106.64,3336.6,APXMIDP
2025-03-06T15:30:00Z,APXMIDP,2025-03-06,32,91.93,3423.55,APXMIDP
2025-03-06T15:00:00Z,APXMIDP,2025-03-06,31,96.69,3290.65,APXMIDP
2025-03-06T14:30:00Z,APXMIDP,2025-03-06,30,58.49,4075.8,APXMIDP
2025-03-06T14:00:00Z,APXMIDP,2025-03-06,29,59.87,4227.25,APXMIDP
2025-03-06T13:30:00Z,APXMIDP,2025-03-06,28,39.51,3801.7,APXMIDP
2025-03-06T13:00:00Z,APXMIDP,2025-03-06,27,41.97,3590.7,APXMIDP
2025-03-06T12:30:00Z,APXMIDP,2025-03-06,26,53.02,4567.75,APXMIDP
2025-03-06T12:00:00Z,APXMIDP,2025-03-06,25,60.89,4801.5,APXMIDP
2025-03-06T11:30:00Z,APXMIDP,2025-03-06,24,64.71,4545.7,APXMIDP
2025-03-06T11:00:00Z,APXMIDP,2025-03-06,23,85.17,4183.8,APXMIDP
2025-03-06T10:30:00Z,APXMIDP,2025-03-06,22,100.86,4830.25,APXMIDP
2025-03-06T10:00:00Z,APXMIDP,2025-03-06,21,105.23,4863.6,APXMIDP
2025-03-06T09:30:00Z,APXMIDP,2025-03-06,20,107.01,5013.35,APXMIDP
2025-03-06T09:00:00Z,APXMIDP,2025-03-06,19,114.32,4673.1,APXMIDP
2025-03-06T08:30:00Z,APXMIDP,2025-03-06,18,122.94,4351.9,APXMIDP
2025-03-06T08:00:00Z,APXMIDP,2025-03-06,17,127.05,3997.15,APXMIDP
2025-03-06T07:30:00Z,APXMIDP,2025-03-06,16,127.13,4204.4,APXMIDP
2025-03-06T07:00:00Z,APXMIDP,2025-03-06,15,123.12,3645.15,APXMIDP
2025-03-06T06:30:00Z,APXMIDP,2025-03-06,14,122.56,3688.6,APXMIDP
2025-03-06T06:00:00Z,APXMIDP,2025-03-06,13,115.73,3355.35,APXMIDP
2025-03-06T05:30:00Z,APXMIDP,2025-03-06,12,112.41,2929.5,APXMIDP
2025-03-06T05:00:00Z,APXMIDP,2025-03-06,11,107.63,2499.1,APXMIDP
2025-03-06T04:30:00Z,APXMIDP,2025-03-06,10,91.11,3361.25,APXMIDP
2025-03-06T04:00:00Z,APXMIDP,2025-03-06,9,93.03,2318.35,APXMIDP
2025-03-06T03:30:00Z,APXMIDP,2025-03-06,8,90.36,2681.85,APXMIDP
2025-03-06T03:00:00Z,APXMIDP,2025-03-06,7,89.19,2816.45,APXMIDP
2025-03-06T02:30:00Z,APXMIDP,2025-03-06,6,82.48,2854.45,APXMIDP
2025-03-06T02:00:00Z,APXMIDP,2025-03-06,5,82.38,2758.75,APXMIDP
2025-03-06T01:30:00Z,APXMIDP,2025-03-06,4,81.27,2300.2,APXMIDP
2025-03-06T01:00:00Z,APXMIDP,2025-03-06,3,76.41,2487.8,APXMIDP
2025-03-06T00:30:00Z,APXMIDP,2025-03-06,2,80.69,2209.3,APXMIDP
2025-03-06T00:00:00Z,APXMIDP,2025-03-06,1,69.82,1907.3,APXMIDP
2025-03-05T23:30:00Z,APXMIDP,2025-03-05,48,70.77,1875.45,APXMIDP
2025-03-05T23:00:00Z,APXMIDP,2025-03-05,47,74.25,1682.35,APXMIDP
2025-03-05T22:30:00Z,APXMIDP,2025-03-05,46,85.76,2535.6,APXMIDP
2025-03-05T22:00:00Z,APXMIDP,2025-03-05,45,87.3,2795.05,APXMIDP
2025-03-05T21:30:00Z,APXMIDP,2025-03-05,44,92.98,2853.7,APXMIDP
2025-03-05T21:00:00Z,APXMIDP,2025-03-05,43,88.55,2794.3,APXMIDP
2025-03-05T20:30:00Z,APXMIDP,2025-03-05,42,88.66,2722.7,APXMIDP
2025-03-05T20:00:00Z,APXMIDP,2025-03-05,41,91.11,2712.85,APXMIDP
2025-03-05T19:30:00Z,APXMIDP,2025-03-05,40,100.31,2848.35,APXMIDP
2025-03-05T19:00:00Z,APXMIDP,2025-03-05,39,106.59,3115.7,APXMIDP
2025-03-05T18:30:00Z,APXMIDP,2025-03-05,38,128.89,3980.55,APXMIDP
2025-03-05T18:00:00Z,APXMIDP,2025-03-05,37,128.04,3857.5,APXMIDP
2025-03-05T17:30:00Z,APXMIDP,2025-03-05,36,120.39,3771.15,APXMIDP
2025-03-05T17:00:00Z,APXMIDP,2025-03-05,35,111.38,3955.55,APXMIDP
2025-03-05T16:30:00Z,APXMIDP,2025-03-05,34,80.59,3550.3,APXMIDP
2025-03-05T16:00:00Z,APXMIDP,2025-03-05,33,79.2,2988.65,APXMIDP
2025-03-05T15:30:00Z,APXMIDP,2025-03-05,32,64.41,3493.7,APXMIDP
2025-03-05T15:00:00Z,APXMIDP,2025-03-05,31,57.37,3421.35,APXMIDP
2025-03-05T14:30:00Z,APXMIDP,2025-03-05,30,29.78,3740.65,APXMIDP
2025-03-05T14:00:00Z,APXMIDP,2025-03-05,29,27.84,3850.5,APXMIDP
2025-03-05T13:30:00Z,APXMIDP,2025-03-05,28,13.32,2901.8,APXMIDP
2025-03-05T13:00:00Z,APXMIDP,2025-03-05,27,12.89,3127.35,APXMIDP
2025-03-05T12:30:00Z,APXMIDP,2025-03-05,26,18.23,2976.15,APXMIDP
2025-03-05T12:00:00Z,APXMIDP,2025-03-05,25,19.25,3214.5,APXMIDP
2025-03-05T11:30:00Z,APXMIDP,2025-03-05,24,24.5,2786.2,APXMIDP
2025-03-05T11:00:00Z,APXMIDP,2025-03-05,23,36.2,3221.35,APXMIDP
2025-03-05T10:30:00Z,APXMIDP,2025-03-05,22,45.99,3242.45,APXMIDP
2025-03-05T10:00:00Z,APXMIDP,2025-03-05,21,55.23,3277.2,APXMIDP
2025-03-05T09:30:00Z,APXMIDP,2025-03-05,20,64.92,3819.35,APXMIDP
2025-03-05T09:00:00Z,APXMIDP,2025-03-05,19,78.74,3417.0,APXMIDP
2025-03-05T08:30:00Z,APXMIDP,2025-03-05,18,98.75,3209.65,APXMIDP
2025-03-05T08:00:00Z,APXMIDP,2025-03-05,17,102.14,2772.75,APXMIDP
2025-03-05T07:30:00Z,APXMIDP,2025-03-05,16,112.64,2948.45,APXMIDP
2025-03-05T07:00:00Z,APXMIDP,2025-03-05,15,106.53,2187.9,APXMIDP
2025-03-05T06:30:00Z,APXMIDP,2025-03-05,14,106.01,2479.35,APXMIDP
2025-03-05T06:00:00Z,APXMIDP,2025-03-05,13,86.16,2346.95,APXMIDP
2025-03-05T05:30:00Z,APXMIDP,2025-03-05,12,88.66,1961.8,APXMIDP
2025-03-05T05:00:00Z,APXMIDP,2025-03-05,11,80.22,1998.6,APXMIDP
2025-03-05T04:30:00Z,APXMIDP,2025-03-05,10,48.85,1428.4,APXMIDP
2025-03-19T05:00:00Z,APXMIDP,2025-03-19,11,122.87,2457.95,APXMIDP
2025-03-19T04:30:00Z,APXMIDP,2025-03-19,10,102.72,2321.75,APXMIDP
2025-03-19T04:00:00Z,APXMIDP,2025-03-19,9,102.98,1715.45,APXMIDP
2025-03-19T03:30:00Z,APXMIDP,2025-03-19,8,95.03,2175.15,APXMIDP
2025-03-19T03:00:00Z,APXMIDP,2025-03-19,7,94.05,1839.2,APXMIDP
2025-03-19T02:30:00Z,APXMIDP,2025-03-19,6,87.92,1977.45,APXMIDP
2025-03-19T02:00:00Z,APXMIDP,2025-03-19,5,90.8,1624.65,APXMIDP
2025-03-19T01:30:00Z,APXMIDP,2025-03-19,4,87.31,1674.2,APXMIDP
2025-03-19T01:00:00Z,APXMIDP,2025-03-19,3,84.05,1501.75,APXMIDP
2025-03-19T00:30:00Z,APXMIDP,2025-03-19,2,87.44,1284.75,APXMIDP
2025-03-19T00:00:00Z,APXMIDP,2025-03-19,1,78.44,1480.55,APXMIDP
2025-03-18T23:30:00Z,APXMIDP,2025-03-18,48,78.24,1426.6,APXMIDP
2025-03-18T23:00:00Z,APXMIDP,2025-03-18,47,78.51,1513.55,APXMIDP
2025-03-18T22:30:00Z,APXMIDP,2025-03-18,46,77.55,2970.15,APXMIDP
2025-03-18T22:00:00Z,APXMIDP,2025-03-18,45,76.78,2878.35,APXMIDP
2025-03-18T21:30:00Z,APXMIDP,2025-03-18,44,82.07,2840.35,APXMIDP
2025-03-18T21:00:00Z,APXMIDP,2025-03-18,43,81.18,2769.55,APXMIDP
2025-03-18T20:30:00Z,APXMIDP,2025-03-18,42,84.08,2063.25,APXMIDP
2025-03-18T20:00:00Z,APXMIDP,2025-03-18,41,95.66,2137.95,APXMIDP
2025-03-18T19:30:00Z,APXMIDP,2025-03-18,40,102.07,2523.15,APXMIDP
2025-03-18T19:00:00Z,APXMIDP,2025-03-18,39,102.78,2421.9,APXMIDP
2025-03-18T18:30:00Z,APXMIDP,2025-03-18,38,116.15,3109.2,APXMIDP
2025-03-18T18:00:00Z,APXMIDP,2025-03-18,37,113.37,3144.1,APXMIDP
2025-03-18T17:30:00Z,APXMIDP,2025-03-18,36,98.32,3539.35,APXMIDP
2025-03-18T17:00:00Z,APXMIDP,2025-03-18,35,91.93,3270.1,APXMIDP
2025-03-18T16:30:00Z,APXMIDP,2025-03-18,34,78.1,2576.45,APXMIDP
2025-03-18T16:00:00Z,APXMIDP,2025-03-18,33,82.74,3525.3,APXMIDP
2025-03-18T15:30:00Z,APXMIDP,2025-03-18,32,69.92,3000.2,APXMIDP
2025-03-18T15:00:00Z,APXMIDP,2025-03-18,31,72.24,2651.0,APXMIDP
2025-03-18T14:30:00Z,APXMIDP,2025-03-18,30,77.32,2741.15,APXMIDP
2025-03-18T14:00:00Z,APXMIDP,2025-03-18,29,78.1,2777.45,APXMIDP
2025-03-18T13:30:00Z,APXMIDP,2025-03-18,28,79.8,2573.25,APXMIDP
2025-03-18T13:00:00Z,APXMIDP,2025-03-18,27,81.76,2697.15,APXMIDP
2025-03-18T12:30:00Z,APXMIDP,2025-03-18,26,84.59,2604.4,APXMIDP
2025-03-18T12:00:00Z,APXMIDP,2025-03-18,25,86.56,2605.05,APXMIDP
2025-03-18T11:30:00Z,APXMIDP,2025-03-18,24,88.55,2878.3,APXMIDP
2025-03-18T11:00:00Z,APXMIDP,2025-03-18,23,90.03,2651.7,APXMIDP
2025-03-18T10:30:00Z,APXMIDP,2025-03-18,22,100.91,2375.1,APXMIDP
2025-03-18T10:00:00Z,APXMIDP,2025-03-18,21,104.16,2031.2,APXMIDP
2025-03-18T09:30:00Z,APXMIDP,2025-03-18,20,104.87,2730.6,APXMIDP
2025-03-18T09:00:00Z,APXMIDP,2025-03-18,19,110.11,3037.8,APXMIDP
2025-03-18T08:30:00Z,APXMIDP,2025-03-18,18,107.96,2771.75,APXMIDP
2025-03-18T08:00:00Z,APXMIDP,2025-03-18,17,113.05,2601.95,APXMIDP
2025-03-18T07:30:00Z,APXMIDP,2025-03-18,16,117.56,2909.3,APXMIDP
2025-03-18T07:00:00Z,APXMIDP,2025-03-18,15,117.72,2757.8,APXMIDP
2025-03-18T06:30:00Z,APXMIDP,2025-03-18,14,125.87,2690.1,APXMIDP
2025-03-18T06:00:00Z,APXMIDP,2025-03-18,13,119.83,2221.05,APXMIDP
2025-03-18T05:30:00Z,APXMIDP,2025-03-18,12,119.03,1750.05,APXMIDP
2025-03-18T05:00:00Z,APXMIDP,2025-03-18,11,118.07,1837.25,APXMIDP
2025-03-18T04:30:00Z,APXMIDP,2025-03-18,10,96.82,1948.6,APXMIDP
2025-03-18T04:00:00Z,APXMIDP,2025-03-18,9,102.32,1628.2,APXMIDP
2025-03-18T03:30:00Z,APXMIDP,2025-03-18,8,97.96,1837.2,APXMIDP
2025-03-18T03:00:00Z,APXMIDP,2025-03-18,7,92.7,1148.65,APXMIDP
2025-03-18T02:30:00Z,APXMIDP,2025-03-18,6,92.28,1967.65,APXMIDP
2025-03-18T02:00:00Z,APXMIDP,2025-03-18,5,91.33,1757.7,APXMIDP
2025-03-18T01:30:00Z,APXMIDP,2025-03-18,4,91.69,1856.7,APXMIDP
2025-03-18T01:00:00Z,APXMIDP,2025-03-18,3,92.78,1709.85,APXMIDP
2025-03-18T00:30:00Z,APXMIDP,2025-03-18,2,90.94,1704.55,APXMIDP
2025-03-18T00:00:00Z,APXMIDP,2025-03-18,1,88.53,1851.2,APXMIDP
2025-03-17T23:30:00Z,APXMIDP,2025-03-17,48,87.84,1986.45,APXMIDP
2025-03-17T23:00:00Z,APXMIDP,2025-03-17,47,85.83,1638.45,APXMIDP
2025-03-17T22:30:00Z,APXMIDP,2025-03-17,46,86.5,1999.45,APXMIDP
2025-03-17T22:00:00Z,APXMIDP,2025-03-17,45,88.02,1860.4,APXMIDP
2025-03-17T21:30:00Z,APXMIDP,2025-03-17,44,91.87,1859.0,APXMIDP
2025-03-17T21:00:00Z,APXMIDP,2025-03-17,43,88.1,1815.65,APXMIDP
2025-03-17T20:30:00Z,APXMIDP,2025-03-17,42,99.79,3001.2,APXMIDP
2025-03-17T20:00:00Z,APXMIDP,2025-03-17,41,96.56,2509.4,APXMIDP
2025-03-17T19:30:00Z,APXMIDP,2025-03-17,40,99.21,2913.65,APXMIDP
2025-03-17T19:00:00Z,APXMIDP,2025-03-17,39,99.84,3123.6,APXMIDP
2025-03-17T18:30:00Z,APXMIDP,2025-03-17,38,115.13,3756.2,APXMIDP
2025-03-17T18:00:00Z,APXMIDP,2025-03-17,37,116.67,3895.8,APXMIDP
2025-03-17T17:30:00Z,APXMIDP,2025-03-17,36,116.89,3420.85,APXMIDP
2025-03-17T17:00:00Z,APXMIDP,2025-03-17,35,110.1,3029.45,APXMIDP
2025-03-17T16:30:00Z,APXMIDP,2025-03-17,34,101.47,2856.75,APXMIDP
2025-03-17T16:00:00Z,APXMIDP,2025-03-17,33,100.47,2779.45,APXMIDP
2025-03-17T15:30:00Z,APXMIDP,2025-03-17,32,96.15,3925.4,APXMIDP
2025-03-17T15:00:00Z,APXMIDP,2025-03-17,31,96.14,3889.85,APXMIDP
2025-03-17T14:30:00Z,APXMIDP,2025-03-17,30,92.82,4049.0,APXMIDP
2025-03-17T14:00:00Z,APXMIDP,2025-03-17,29,93.49,3905.65,APXMIDP
2025-03-17T13:30:00Z,APXMIDP,2025-03-17,28,94.77,4106.95,APXMIDP
2025-03-17T13:00:00Z,APXMIDP,2025-03-17,27,96.1,3624.7,APXMIDP
2025-03-17T12:30:00Z,APXMIDP,2025-03-17,26,105.53,3625.55,APXMIDP
2025-03-17T12:00:00Z,APXMIDP,2025-03-17,25,110.47,3864.9,APXMIDP
2025-03-17T11:30:00Z,APXMIDP,2025-03-17,24,113.45,3514.25,APXMIDP
2025-03-17T11:00:00Z,APXMIDP,2025-03-17,23,115.18,3544.95,APXMIDP
2025-03-17T10:30:00Z,APXMIDP,2025-03-17,22,124.14,3633.1,APXMIDP
2025-03-17T10:00:00Z,APXMIDP,2025-03-17,21,125.1,3107.65,APXMIDP
2025-03-17T09:30:00Z,APXMIDP,2025-03-17,20,124.71,3365.05,APXMIDP
2025-03-17T09:00:00Z,APXMIDP,2025-03-17,19,124.38,3247.6,APXMIDP
2025-03-17T08:30:00Z,APXMIDP,2025-03-17,18,121.93,2585.85,APXMIDP
2025-03-17T08:00:00Z,APXMIDP,2025-03-17,17,119.93,2319.8,APXMIDP
2025-03-17T07:30:00Z,APXMIDP,2025-03-17,16,127.37,2986.7,APXMIDP
2025-03-17T07:00:00Z,APXMIDP,2025-03-17,15,123.51,3253.35,APXMIDP
2025-03-17T06:30:00Z,APXMIDP,2025-03-17,14,132.37,2475.6,APXMIDP
2025-03-17T06:00:00Z,APXMIDP,2025-03-17,13,126.75,2453.1,APXMIDP
2025-03-17T05:30:00Z,APXMIDP,2025-03-17,12,106.66,2136.4,APXMIDP
2025-03-17T05:00:00Z,APXMIDP,2025-03-17,11,115.1,1807.15,APXMIDP
2025-03-17T04:30:00Z,APXMIDP,2025-03-17,10,87.32,1837.7,APXMIDP
2025-03-17T04:00:00Z,APXMIDP,2025-03-17,9,89.32,1572.4,APXMIDP
2025-03-17T03:30:00Z,APXMIDP,2025-03-17,8,88.47,1211.4,APXMIDP
2025-03-17T03:00:00Z,APXMIDP,2025-03-17,7,90.73,1499.05,APXMIDP
2025-03-17T02:30:00Z,APXMIDP,2025-03-17,6,87.49,1574.25,APXMIDP
2025-03-17T02:00:00Z,APXMIDP,2025-03-17,5,86.0,1385.1,APXMIDP
2025-03-17T01:30:00Z,APXMIDP,2025-03-17,4,86.49,1463.3,APXMIDP
2025-03-17T01:00:00Z,APXMIDP,2025-03-17,3,85.42,1424.05,APXMIDP
2025-03-17T00:30:00Z,APXMIDP,2025-03-17,2,88.65,1447.3,APXMIDP
2025-03-17T00:00:00Z,APXMIDP,2025-03-17,1,87.15,1443.05,APXMIDP
2025-03-16T23:30:00Z,APXMIDP,2025-03-16,48,91.69,1976.5,APXMIDP
2025-03-16T23:00:00Z,APXMIDP,2025-03-16,47,96.42,1810.9,APXMIDP
2025-03-16T22:30:00Z,APXMIDP,2025-03-16,46,92.78,2613.65,APXMIDP
2025-03-16T22:00:00Z,APXMIDP,2025-03-16,45,90.63,2237.8,APXMIDP
2025-03-16T21:30:00Z,APXMIDP,2025-03-16,44,97.09,2433.15,APXMIDP
2025-03-16T21:00:00Z,APXMIDP,2025-03-16,43,95.4,2512.55,APXMIDP
2025-03-16T20:30:00Z,APXMIDP,2025-03-16,42,99.42,2992.15,APXMIDP
2025-03-16T20:00:00Z,APXMIDP,2025-03-16,41,110.61,2691.2,APXMIDP
2025-03-16T19:30:00Z,APXMIDP,2025-03-16,40,106.06,2570.45,APXMIDP
2025-03-16T19:00:00Z,APXMIDP,2025-03-16,39,114.53,2734.35,APXMIDP
2025-03-16T18:30:00Z,APXMIDP,2025-03-16,38,124.44,2125.9,APXMIDP
2025-03-16T18:00:00Z,APXMIDP,2025-03-16,37,120.95,2170.35,APXMIDP
2025-03-16T17:30:00Z,APXMIDP,2025-03-16,36,116.14,2240.2,APXMIDP
2025-03-16T17:00:00Z,APXMIDP,2025-03-16,35,112.78,1789.45,APXMIDP
2025-03-16T16:30:00Z,APXMIDP,2025-03-16,34,103.27,2153.8,APXMIDP
2025-03-16T16:00:00Z,APXMIDP,2025-03-16,33,96.92,2071.5,APXMIDP
2025-03-16T15:30:00Z,APXMIDP,2025-03-16,32,97.77,2155.45,APXMIDP
2025-03-16T15:00:00Z,APXMIDP,2025-03-16,31,96.99,1763.0,APXMIDP
2025-03-16T14:30:00Z,APXMIDP,2025-03-16,30,92.5,3233.1,APXMIDP
2025-03-16T14:00:00Z,APXMIDP,2025-03-16,29,100.87,3076.2,APXMIDP
2025-03-16T13:30:00Z,APXMIDP,2025-03-16,28,102.39,2231.5,APXMIDP
2025-03-16T13:00:00Z,APXMIDP,2025-03-16,27,104.02,1983.45,APXMIDP
2025-03-16T12:30:00Z,APXMIDP,2025-03-16,26,98.52,1755.0,APXMIDP
2025-03-16T12:00:00Z,APXMIDP,2025-03-16,25,97.24,1860.0,APXMIDP
2025-03-16T11:30:00Z,APXMIDP,2025-03-16,24,89.86,1813.15,APXMIDP
2025-03-16T11:00:00Z,APXMIDP,2025-03-16,23,91.28,1883.1,APXMIDP
2025-03-16T10:30:00Z,APXMIDP,2025-03-16,22,85.15,1252.05,APXMIDP
2025-03-16T10:00:00Z,APXMIDP,2025-03-16,21,84.99,1026.25,APXMIDP
2025-03-16T09:30:00Z,APXMIDP,2025-03-16,20,88.46,1441.75,APXMIDP
2025-03-16T09:00:00Z,APXMIDP,2025-03-16,19,87.45,1208.25,APXMIDP
2025-03-16T08:30:00Z,APXMIDP,2025-03-16,18,90.1,1064.8,APXMIDP
2025-03-16T08:00:00Z,APXMIDP,2025-03-16,17,92.84,1161.5,APXMIDP
2025-03-16T07:30:00Z,APXMIDP,2025-03-16,16,87.7,890.95,APXMIDP
2025-03-16T07:00:00Z,APXMIDP,2025-03-16,15,87.17,970.9,APXMIDP
2025-03-16T06:30:00Z,APXMIDP,2025-03-16,14,90.44,934.85,APXMIDP
2025-03-16T06:00:00Z,APXMIDP,2025-03-16,13,91.14,874.45,APXMIDP
2025-03-16T05:30:00Z,APXMIDP,2025-03-16,12,89.51,975.4,APXMIDP
2025-03-16T05:00:00Z,APXMIDP,2025-03-16,11,91.65,947.9,APXMIDP
2025-03-16T04:30:00Z,APXMIDP,2025-03-16,10,88.82,876.05,APXMIDP
2025-03-16T04:00:00Z,APXMIDP,2025-03-16,9,85.54,790.5,APXMIDP
2025-03-16T03:30:00Z,APXMIDP,2025-03-16,8,85.25,649.7,APXMIDP
2025-03-16T03:00:00Z,APXMIDP,2025-03-16,7,86.31,629.9,APXMIDP
2025-03-16T02:30:00Z,APXMIDP,2025-03-16,6,91.03,823.7,APXMIDP
2025-03-16T02:00:00Z,APXMIDP,2025-03-16,5,92.1,976.5,APXMIDP
2025-03-16T01:30:00Z,APXMIDP,2025-03-16,4,90.31,736.25,APXMIDP
2025-03-16T01:00:00Z,APXMIDP,2025-03-16,3,95.84,978.25,APXMIDP
2025-03-16T00:30:00Z,APXMIDP,2025-03-16,2,94.41,1056.25,APXMIDP
2025-03-16T00:00:00Z,APXMIDP,2025-03-16,1,92.41,1271.1,APXMIDP
2025-03-15T23:30:00Z,APXMIDP,2025-03-15,48,87.01,1362.8,APXMIDP
2025-03-15T23:00:00Z,APXMIDP,2025-03-15,47,86.62,1425.7,APXMIDP
2025-03-15T22:30:00Z,APXMIDP,2025-03-15,46,91.22,1968.5,APXMIDP
2025-03-15T22:00:00Z,APXMIDP,2025-03-15,45,86.8,1850.45,APXMIDP
2025-03-15T21:30:00Z,APXMIDP,2025-03-15,44,90.05,1594.85,APXMIDP
2025-03-15T21:00:00Z,APXMIDP,2025-03-15,43,90.13,1496.35,APXMIDP
2025-03-15T20:30:00Z,APXMIDP,2025-03-15,42,94.33,1180.95,APXMIDP
2025-03-15T20:00:00Z,APXMIDP,2025-03-15,41,104.12,1499.65,APXMIDP
2025-03-15T19:30:00Z,APXMIDP,2025-03-15,40,110.45,1854.9,APXMIDP
2025-03-15T19:00:00Z,APXMIDP,2025-03-15,39,108.95,2017.5,APXMIDP
2025-03-15T18:30:00Z,APXMIDP,2025-03-15,38,117.87,2975.35,APXMIDP
2025-03-15T18:00:00Z,APXMIDP,2025-03-15,37,113.51,2628.6,APXMIDP
2025-03-15T17:30:00Z,APXMIDP,2025-03-15,36,111.62,2270.75,APXMIDP
2025-03-15T17:00:00Z,APXMIDP,2025-03-15,35,102.53,2234.65,APXMIDP
2025-03-15T16:30:00Z,APXMIDP,2025-03-15,34,93.49,2841.4,APXMIDP
2025-03-15T16:00:00Z,APXMIDP,2025-03-15,33,86.81,2224.0,APXMIDP
2025-03-15T15:30:00Z,APXMIDP,2025-03-15,32,85.41,1695.95,APXMIDP
2025-03-15T15:00:00Z,APXMIDP,2025-03-15,31,85.05,1829.25,APXMIDP
2025-03-15T14:30:00Z,APXMIDP,2025-03-15,30,83.77,1917.7,APXMIDP
2025-03-15T14:00:00Z,APXMIDP,2025-03-15,29,83.43,1843.45,APXMIDP
2025-03-15T13:30:00Z,APXMIDP,2025-03-15,28,84.2,1637.65,APXMIDP
2025-03-15T13:00:00Z,APXMIDP,2025-03-15,27,86.13,1731.95,APXMIDP
2025-03-15T12:30:00Z,APXMIDP,2025-03-15,26,87.91,1854.9,APXMIDP
2025-03-15T12:00:00Z,APXMIDP,2025-03-15,25,86.04,1732.7,APXMIDP
2025-03-15T11:30:00Z,APXMIDP,2025-03-15,24,85.3,1432.6,APXMIDP
2025-03-15T11:00:00Z,APXMIDP,2025-03-15,23,85.98,1839.3,APXMIDP
2025-03-15T10:30:00Z,APXMIDP,2025-03-15,22,89.45,2152.15,APXMIDP
2025-03-15T10:00:00Z,APXMIDP,2025-03-15,21,90.01,1818.6,APXMIDP
2025-03-15T09:30:00Z,APXMIDP,2025-03-15,20,95.13,1576.4,APXMIDP
2025-03-15T09:00:00Z,APXMIDP,2025-03-15,19,96.76,1707.4,APXMIDP
2025-03-15T08:30:00Z,APXMIDP,2025-03-15,18,101.63,1651.4,APXMIDP
2025-03-15T08:00:00Z,APXMIDP,2025-03-15,17,100.72,1725.5,APXMIDP
2025-03-15T07:30:00Z,APXMIDP,2025-03-15,16,100.47,1684.6,APXMIDP
2025-03-15T07:00:00Z,APXMIDP,2025-03-15,15,101.34,1552.15,APXMIDP
2025-03-15T06:30:00Z,APXMIDP,2025-03-15,14,92.6,2046.35,APXMIDP
2025-03-15T06:00:00Z,APXMIDP,2025-03-15,13,91.09,1616.85,APXMIDP
2025-03-15T05:30:00Z,APXMIDP,2025-03-15,12,89.11,1485.35,APXMIDP
2025-03-15T05:00:00Z,APXMIDP,2025-03-15,11,86.45,1325.7,APXMIDP
2025-03-15T04:30:00Z,APXMIDP,2025-03-15,10,83.98,1491.75,APXMIDP
2025-03-15T04:00:00Z,APXMIDP,2025-03-15,9,85.27,1455.1,APXMIDP
2025-03-15T03:30:00Z,APXMIDP,2025-03-15,8,88.65,1383.25,APXMIDP
2025-03-15T03:00:00Z,APXMIDP,2025-03-15,7,86.77,1073.35,APXMIDP
2025-03-15T02:30:00Z,APXMIDP,2025-03-15,6,92.97,815.95,APXMIDP
2025-03-15T02:00:00Z,APXMIDP,2025-03-15,5,99.17,1029.1,APXMIDP
2025-03-15T01:30:00Z,APXMIDP,2025-03-15,4,102.97,1064.05,APXMIDP
2025-03-15T01:00:00Z,APXMIDP,2025-03-15,3,109.05,1121.4,APXMIDP
2025-03-15T00:30:00Z,APXMIDP,2025-03-15,2,107.01,1378.7,APXMIDP
2025-03-15T00:00:00Z,APXMIDP,2025-03-15,1,105.16,1406.95,APXMIDP
2025-03-14T23:30:00Z,APXMIDP,2025-03-14,48,104.25,1513.9,APXMIDP
2025-03-14T23:00:00Z,APXMIDP,2025-03-14,47,101.88,1413.15,APXMIDP
2025-03-14T22:30:00Z,APXMIDP,2025-03-14,46,103.02,2549.75,APXMIDP
2025-03-14T22:00:00Z,APXMIDP,2025-03-14,45,94.35,2031.95,APXMIDP
2025-03-14T21:30:00Z,APXMIDP,2025-03-14,44,95.53,1780.15,APXMIDP
2025-03-14T21:00:00Z,APXMIDP,2025-03-14,43,105.95,1820.35,APXMIDP
2025-03-14T20:30:00Z,APXMIDP,2025-03-14,42,99.18,2101.65,APXMIDP
2025-03-14T20:00:00Z,APXMIDP,2025-03-14,41,105.92,1657.3,APXMIDP
2025-03-14T19:30:00Z,APXMIDP,2025-03-14,40,111.15,2063.95,APXMIDP
2025-03-14T19:00:00Z,APXMIDP,2025-03-14,39,115.82,1954.75,APXMIDP
2025-03-14T18:30:00Z,APXMIDP,2025-03-14,38,123.22,2385.7,APXMIDP
2025-03-14T18:00:00Z,APXMIDP,2025-03-14,37,123.32,2241.4,APXMIDP
2025-03-14T17:30:00Z,APXMIDP,2025-03-14,36,121.65,2445.15,APXMIDP
2025-03-14T17:00:00Z,APXMIDP,2025-03-14,35,119.92,2396.0,APXMIDP
2025-03-14T16:30:00Z,APXMIDP,2025-03-14,34,118.01,2091.1,APXMIDP
2025-03-14T16:00:00Z,APXMIDP,2025-03-14,33,102.68,2027.95,APXMIDP
2025-03-14T15:30:00Z,APXMIDP,2025-03-14,32,108.52,2610.45,APXMIDP
2025-03-14T15:00:00Z,APXMIDP,2025-03-14,31,99.27,2148.15,APXMIDP
2025-03-14T14:30:00Z,APXMIDP,2025-03-14,30,90.09,4363.8,APXMIDP
2025-03-14T14:00:00Z,APXMIDP,2025-03-14,29,90.16,4583.65,APXMIDP
2025-03-14T13:30:00Z,APXMIDP,2025-03-14,28,87.03,4659.05,APXMIDP
2025-03-14T13:00:00Z,APXMIDP,2025-03-14,27,88.75,3970.05,APXMIDP
2025-03-14T12:30:00Z,APXMIDP,2025-03-14,26,88.79,4097.2,APXMIDP
2025-03-14T12:00:00Z,APXMIDP,2025-03-14,25,88.38,4857.15,APXMIDP
2025-03-14T11:30:00Z,APXMIDP,2025-03-14,24,86.3,4807.35,APXMIDP
2025-03-14T11:00:00Z,APXMIDP,2025-03-14,23,87.31,4568.55,APXMIDP
2025-03-14T10:30:00Z,APXMIDP,2025-03-14,22,102.13,4734.2,APXMIDP
2025-03-14T10:00:00Z,APXMIDP,2025-03-14,21,108.86,3968.95,APXMIDP
2025-03-14T09:30:00Z,APXMIDP,2025-03-14,20,101.61,3022.4,APXMIDP
2025-03-14T09:00:00Z,APXMIDP,2025-03-14,19,97.5,2336.3,APXMIDP
2025-03-14T08:30:00Z,APXMIDP,2025-03-14,18,100.94,2288.25,APXMIDP
2025-03-14T08:00:00Z,APXMIDP,2025-03-14,17,114.01,1861.15,APXMIDP
2025-03-14T07:30:00Z,APXMIDP,2025-03-14,16,128.48,2059.3,APXMIDP
2025-03-14T07:00:00Z,APXMIDP,2025-03-14,15,124.22,1871.55,APXMIDP
2025-03-14T06:30:00Z,APXMIDP,2025-03-14,14,129.24,1751.8,APXMIDP
2025-03-14T06:00:00Z,APXMIDP,2025-03-14,13,118.88,1530.2,APXMIDP
2025-03-14T05:30:00Z,APXMIDP,2025-03-14,12,105.06,2032.1,APXMIDP
2025-03-14T05:00:00Z,APXMIDP,2025-03-14,11,113.41,1759.3,APXMIDP
2025-03-14T04:30:00Z,APXMIDP,2025-03-14,10,89.74,1555.8,APXMIDP
2025-03-14T04:00:00Z,APXMIDP,2025-03-14,9,93.31,1347.65,APXMIDP
2025-03-14T03:30:00Z,APXMIDP,2025-03-14,8,88.91,1690.2,APXMIDP
2025-03-14T03:00:00Z,APXMIDP,2025-03-14,7,90.94,1617.4,APXMIDP
2025-03-14T02:30:00Z,APXMIDP,2025-03-14,6,89.73,1757.95,APXMIDP
2025-03-14T02:00:00Z,APXMIDP,2025-03-14,5,84.89,1424.7,APXMIDP
2025-03-14T01:30:00Z,APXMIDP,2025-03-14,4,83.76,1175.8,APXMIDP
2025-03-14T01:00:00Z,APXMIDP,2025-03-14,3,93.36,1292.25,APXMIDP
2025-03-14T00:30:00Z,APXMIDP,2025-03-14,2,97.25,1238.6,APXMIDP
2025-03-14T00:00:00Z,APXMIDP,2025-03-14,1,89.71,1210.35,APXMIDP
2025-03-13T23:30:00Z,APXMIDP,2025-03-13,48,90.44,823.95,APXMIDP
2025-03-13T23:00:00Z,APXMIDP,2025-03-13,47,93.66,1039.95,APXMIDP
2025-03-13T22:30:00Z,APXMIDP,2025-03-13,46,96.71,2497.05,APXMIDP
2025-03-13T22:00:00Z,APXMIDP,2025-03-13,45,96.02,2452.1,APXMIDP
2025-03-13T21:30:00Z,APXMIDP,2025-03-13,44,97.91,2170.5,APXMIDP
2025-03-13T21:00:00Z,APXMIDP,2025-03-13,43,113.73,2286.0,APXMIDP
2025-03-13T20:30:00Z,APXMIDP,2025-03-13,42,113.82,2370.25,APXMIDP
2025-03-13T20:00:00Z,APXMIDP,2025-03-13,41,124.6,2421.45,APXMIDP
2025-03-13T19:30:00Z,APXMIDP,2025-03-13,40,130.74,2713.45,APXMIDP
2025-03-13T19:00:00Z,APXMIDP,2025-03-13,39,136.15,2897.65,APXMIDP
2025-03-13T18:30:00Z,APXMIDP,2025-03-13,38,140.85,3403.05,APXMIDP
2025-03-13T18:00:00Z,APXMIDP,2025-03-13,37,137.64,3428.9,APXMIDP
2025-03-13T17:30:00Z,APXMIDP,2025-03-13,36,137.99,3278.1,APXMIDP
2025-03-13T17:00:00Z,APXMIDP,2025-03-13,35,131.63,2879.65,APXMIDP
2025-03-13T16:30:00Z,APXMIDP,2025-03-13,34,131.45,3547.4,APXMIDP
2025-03-13T16:00:00Z,APXMIDP,2025-03-13,33,115.34,2773.75,APXMIDP
2025-03-13T15:30:00Z,APXMIDP,2025-03-13,32,106.94,2747.7,APXMIDP
2025-03-13T15:00:00Z,APXMIDP,2025-03-13,31,102.65,2845.45,APXMIDP
2025-03-13T14:30:00Z,APXMIDP,2025-03-13,30,92.74,3197.15,APXMIDP
2025-03-13T14:00:00Z,APXMIDP,2025-03-13,29,93.7,3079.1,APXMIDP
2025-03-13T13:30:00Z,APXMIDP,2025-03-13,28,91.14,2864.45,APXMIDP
2025-03-13T13:00:00Z,APXMIDP,2025-03-13,27,90.73,2707.25,APXMIDP
2025-03-13T12:30:00Z,APXMIDP,2025-03-13,26,94.62,2434.1,APXMIDP
2025-03-13T12:00:00Z,APXMIDP,2025-03-13,25,95.4,2301.95,APXMIDP
2025-03-13T11:30:00Z,APXMIDP,2025-03-13,24,91.49,2122.95,APXMIDP
2025-03-13T11:00:00Z,APXMIDP,2025-03-13,23,89.06,2265.7,APXMIDP
2025-03-13T10:30:00Z,APXMIDP,2025-03-13,22,89.96,2507.6,APXMIDP
2025-03-13T10:00:00Z,APXMIDP,2025-03-13,21,88.85,2268.0,APXMIDP
2025-03-13T09:30:00Z,APXMIDP,2025-03-13,20,89.03,2327.2,APXMIDP
2025-03-13T09:00:00Z,APXMIDP,2025-03-13,19,91.97,2028.2,APXMIDP
2025-03-13T08:30:00Z,APXMIDP,2025-03-13,18,107.19,2466.45,APXMIDP
2025-03-13T08:00:00Z,APXMIDP,2025-03-13,17,116.39,1956.8,APXMIDP
2025-03-13T07:30:00Z,APXMIDP,2025-03-13,16,132.54,2546.8,APXMIDP
2025-03-13T07:00:00Z,APXMIDP,2025-03-13,15,124.03,2380.25,APXMIDP
2025-03-13T06:30:00Z,APXMIDP,2025-03-13,14,121.7,2602.05,APXMIDP
2025-03-13T06:00:00Z,APXMIDP,2025-03-13,13,116.55,2190.85,APXMIDP
2025-03-13T05:30:00Z,APXMIDP,2025-03-13,12,89.92,2386.15,APXMIDP
2025-03-13T05:00:00Z,APXMIDP,2025-03-13,11,94.12,1970.55,APXMIDP
2025-03-13T04:30:00Z,APXMIDP,2025-03-13,10,82.7,2039.6,APXMIDP
2025-03-13T04:00:00Z,APXMIDP,2025-03-13,9,83.52,2375.65,APXMIDP
2025-03-13T03:30:00Z,APXMIDP,2025-03-13,8,78.91,2432.5,APXMIDP
2025-03-13T03:00:00Z,APXMIDP,2025-03-13,7,82.19,2551.8,APXMIDP
2025-03-13T02:30:00Z,APXMIDP,2025-03-13,6,80.52,1970.9,APXMIDP
2025-03-13T02:00:00Z,APXMIDP,2025-03-13,5,77.49,1653.5,APXMIDP
2025-03-13T01:30:00Z,APXMIDP,2025-03-13,4,82.65,1692.5,APXMIDP
2025-03-13T01:00:00Z,APXMIDP,2025-03-13,3,81.98,1389.75,APXMIDP
2025-03-13T00:30:00Z,APXMIDP,2025-03-13,2,84.43,1297.2,APXMIDP
2025-03-13T00:00:00Z,APXMIDP,2025-03-13,1,81.1,1351.3,APXMIDP
2025-03-12T23:30:00Z,APXMIDP,2025-03-12,48,83.25,1399.5,APXMIDP
2025-03-12T23:00:00Z,APXMIDP,2025-03-12,47,85.0,1327.2,APXMIDP
2025-03-12T22:30:00Z,APXMIDP,2025-03-12,46,96.47,2097.3,APXMIDP
2025-03-12T22:00:00Z,APXMIDP,2025-03-12,45,94.19,1903.25,APXMIDP
2025-03-12T21:30:00Z,APXMIDP,2025-03-12,44,99.35,1954.0,APXMIDP
2025-03-12T21:00:00Z,APXMIDP,2025-03-12,43,102.59,2322.05,APXMIDP
2025-03-12T20:30:00Z,APXMIDP,2025-03-12,42,105.49,2446.75,APXMIDP
2025-03-12T20:00:00Z,APXMIDP,2025-03-12,41,114.69,2443.9,APXMIDP
2025-03-12T19:30:00Z,APXMIDP,2025-03-12,40,124.62,2735.3,APXMIDP
2025-03-12T19:00:00Z,APXMIDP,2025-03-12,39,129.62,3268.35,APXMIDP
2025-03-12T18:30:00Z,APXMIDP,2025-03-12,38,145.26,4136.65,APXMIDP
2025-03-12T18:00:00Z,APXMIDP,2025-03-12,37,138.04,3844.65,APXMIDP
2025-03-12T17:30:00Z,APXMIDP,2025-03-12,36,139.87,3617.8,APXMIDP
2025-03-12T17:00:00Z,APXMIDP,2025-03-12,35,125.84,3340.95,APXMIDP
2025-03-12T16:30:00Z,APXMIDP,2025-03-12,34,101.77,3131.7,APXMIDP
2025-03-12T16:00:00Z,APXMIDP,2025-03-12,33,94.57,3176.4,APXMIDP
2025-03-12T15:30:00Z,APXMIDP,2025-03-12,32,94.43,3624.3,APXMIDP
2025-03-12T15:00:00Z,APXMIDP,2025-03-12,31,98.69,3224.65,APXMIDP
2025-03-12T14:30:00Z,APXMIDP,2025-03-12,30,98.35,3195.8,APXMIDP
2025-03-12T14:00:00Z,APXMIDP,2025-03-12,29,97.41,2716.7,APXMIDP
2025-03-12T13:30:00Z,APXMIDP,2025-03-12,28,93.29,3399.45,APXMIDP
2025-03-12T13:00:00Z,APXMIDP,2025-03-12,27,95.0,3071.3,APXMIDP
2025-03-12T12:30:00Z,APXMIDP,2025-03-12,26,96.84,2768.5,APXMIDP
2025-03-12T12:00:00Z,APXMIDP,2025-03-12,25,96.65,2723.5,APXMIDP
2025-03-12T11:30:00Z,APXMIDP,2025-03-12,24,100.53,2751.25,APXMIDP
2025-03-12T11:00:00Z,APXMIDP,2025-03-12,23,97.23,2688.85,APXMIDP
2025-03-12T10:30:00Z,APXMIDP,2025-03-12,22,86.97,2382.8,APXMIDP
2025-03-12T10:00:00Z,APXMIDP,2025-03-12,21,89.51,2234.3,APXMIDP
2025-03-12T09:30:00Z,APXMIDP,2025-03-12,20,92.58,2348.7,APXMIDP
2025-03-12T09:00:00Z,APXMIDP,2025-03-12,19,100.32,2353.6,APXMIDP
2025-03-12T08:30:00Z,APXMIDP,2025-03-12,18,108.26,2465.05,APXMIDP
2025-03-12T08:00:00Z,APXMIDP,2025-03-12,17,107.76,2346.35,APXMIDP
2025-03-12T07:30:00Z,APXMIDP,2025-03-12,16,111.02,2456.3,APXMIDP
2025-03-12T07:00:00Z,APXMIDP,2025-03-12,15,104.07,2297.65,APXMIDP
2025-03-12T06:30:00Z,APXMIDP,2025-03-12,14,105.21,2548.1,APXMIDP
2025-03-12T06:00:00Z,APXMIDP,2025-03-12,13,93.89,2162.25,APXMIDP
2025-03-12T05:30:00Z,APXMIDP,2025-03-12,12,91.07,2138.45,APXMIDP
2025-03-12T05:00:00Z,APXMIDP,2025-03-12,11,92.17,2083.4,APXMIDP
2025-03-26T05:30:00Z,APXMIDP,2025-03-26,12,107.25,1819.45,APXMIDP
2025-03-26T05:00:00Z,APXMIDP,2025-03-26,11,98.0,1617.5,APXMIDP
2025-03-26T04:30:00Z,APXMIDP,2025-03-26,10,82.61,1286.7,APXMIDP
2025-03-26T04:00:00Z,APXMIDP,2025-03-26,9,79.15,1464.35,APXMIDP
2025-03-26T03:30:00Z,APXMIDP,2025-03-26,8,83.75,1190.3,APXMIDP
2025-03-26T03:00:00Z,APXMIDP,2025-03-26,7,84.73,1626.3,APXMIDP
2025-03-26T02:30:00Z,APXMIDP,2025-03-26,6,83.37,1311.3,APXMIDP
2025-03-26T02:00:00Z,APXMIDP,2025-03-26,5,89.5,1374.6,APXMIDP
2025-03-26T01:30:00Z,APXMIDP,2025-03-26,4,85.19,1379.65,APXMIDP
2025-03-26T01:00:00Z,APXMIDP,2025-03-26,3,88.06,1148.05,APXMIDP
2025-03-26T00:30:00Z,APXMIDP,2025-03-26,2,96.89,1238.0,APXMIDP
2025-03-26T00:00:00Z,APXMIDP,2025-03-26,1,93.64,1331.5,APXMIDP
2025-03-25T23:30:00Z,APXMIDP,2025-03-25,48,89.27,1479.8,APXMIDP
2025-03-25T23:00:00Z,APXMIDP,2025-03-25,47,95.87,1807.9,APXMIDP
2025-03-25T22:30:00Z,APXMIDP,2025-03-25,46,96.42,2827.6,APXMIDP
2025-03-25T22:00:00Z,APXMIDP,2025-03-25,45,93.48,2898.05,APXMIDP
2025-03-25T21:30:00Z,APXMIDP,2025-03-25,44,97.5,2903.15,APXMIDP
2025-03-25T21:00:00Z,APXMIDP,2025-03-25,43,96.24,2321.75,APXMIDP
2025-03-25T20:30:00Z,APXMIDP,2025-03-25,42,103.73,2322.2,APXMIDP
2025-03-25T20:00:00Z,APXMIDP,2025-03-25,41,111.47,2524.05,APXMIDP
2025-03-25T19:30:00Z,APXMIDP,2025-03-25,40,111.52,2896.6,APXMIDP
2025-03-25T19:00:00Z,APXMIDP,2025-03-25,39,113.68,2721.25,APXMIDP
2025-03-25T18:30:00Z,APXMIDP,2025-03-25,38,124.15,3457.1,APXMIDP
2025-03-25T18:00:00Z,APXMIDP,2025-03-25,37,116.21,3688.2,APXMIDP
2025-03-25T17:30:00Z,APXMIDP,2025-03-25,36,118.9,3208.6,APXMIDP
2025-03-25T17:00:00Z,APXMIDP,2025-03-25,35,114.82,3345.4,APXMIDP
2025-03-25T16:30:00Z,APXMIDP,2025-03-25,34,99.16,3113.25,APXMIDP
2025-03-25T16:00:00Z,APXMIDP,2025-03-25,33,88.79,3504.7,APXMIDP
2025-03-25T15:30:00Z,APXMIDP,2025-03-25,32,75.84,3578.2,APXMIDP
2025-03-25T15:00:00Z,APXMIDP,2025-03-25,31,76.02,3836.45,APXMIDP
2025-03-25T14:30:00Z,APXMIDP,2025-03-25,30,78.46,4829.8,APXMIDP
2025-03-25T14:00:00Z,APXMIDP,2025-03-25,29,73.65,4963.35,APXMIDP
2025-03-25T13:30:00Z,APXMIDP,2025-03-25,28,73.28,4037.8,APXMIDP
2025-03-25T13:00:00Z,APXMIDP,2025-03-25,27,78.47,3747.9,APXMIDP
2025-03-25T12:30:00Z,APXMIDP,2025-03-25,26,83.38,3919.0,APXMIDP
2025-03-25T12:00:00Z,APXMIDP,2025-03-25,25,81.73,2813.8,APXMIDP
2025-03-25T11:30:00Z,APXMIDP,2025-03-25,24,84.69,3128.0,APXMIDP
2025-03-25T11:00:00Z,APXMIDP,2025-03-25,23,85.01,3072.15,APXMIDP
2025-03-25T10:30:00Z,APXMIDP,2025-03-25,22,83.86,2671.8,APXMIDP
2025-03-25T10:00:00Z,APXMIDP,2025-03-25,21,86.61,2973.8,APXMIDP
2025-03-25T09:30:00Z,APXMIDP,2025-03-25,20,91.7,3182.4,APXMIDP
2025-03-25T09:00:00Z,APXMIDP,2025-03-25,19,91.85,2765.45,APXMIDP
2025-03-25T08:30:00Z,APXMIDP,2025-03-25,18,94.06,2978.1,APXMIDP
2025-03-25T08:00:00Z,APXMIDP,2025-03-25,17,92.94,2623.2,APXMIDP
2025-03-25T07:30:00Z,APXMIDP,2025-03-25,16,98.31,2448.55,APXMIDP
2025-03-25T07:00:00Z,APXMIDP,2025-03-25,15,95.0,2180.75,APXMIDP
2025-03-25T06:30:00Z,APXMIDP,2025-03-25,14,96.71,2678.4,APXMIDP
2025-03-25T06:00:00Z,APXMIDP,2025-03-25,13,92.07,2191.3,APXMIDP
2025-03-25T05:30:00Z,APXMIDP,2025-03-25,12,85.65,2479.4,APXMIDP
2025-03-25T05:00:00Z,APXMIDP,2025-03-25,11,81.52,2099.75,APXMIDP
2025-03-25T04:30:00Z,APXMIDP,2025-03-25,10,86.71,2390.35,APXMIDP
2025-03-25T04:00:00Z,APXMIDP,2025-03-25,9,79.94,2233.15,APXMIDP
2025-03-25T03:30:00Z,APXMIDP,2025-03-25,8,84.04,1779.9,APXMIDP
2025-03-25T03:00:00Z,APXMIDP,2025-03-25,7,85.02,1840.25,APXMIDP
2025-03-25T02:30:00Z,APXMIDP,2025-03-25,6,85.66,1865.1,APXMIDP
2025-03-25T02:00:00Z,APXMIDP,2025-03-25,5,80.72,1572.0,APXMIDP
2025-03-25T01:30:00Z,APXMIDP,2025-03-25,4,84.83,1751.05,APXMIDP
2025-03-25T01:00:00Z,APXMIDP,2025-03-25,3,81.79,1581.15,APXMIDP
2025-03-25T00:30:00Z,APXMIDP,2025-03-25,2,81.07,1307.3,APXMIDP
2025-03-25T00:00:00Z,APXMIDP,2025-03-25,1,80.72,1435.05,APXMIDP
2025-03-24T23:30:00Z,APXMIDP,2025-03-24,48,80.48,1252.1,APXMIDP
2025-03-24T23:00:00Z,APXMIDP,2025-03-24,47,81.35,1063.25,APXMIDP
2025-03-24T22:30:00Z,APXMIDP,2025-03-24,46,83.4,1567.35,APXMIDP
2025-03-24T22:00:00Z,APXMIDP,2025-03-24,45,91.36,1175.5,APXMIDP
2025-03-24T21:30:00Z,APXMIDP,2025-03-24,44,93.92,1228.45,APXMIDP
2025-03-24T21:00:00Z,APXMIDP,2025-03-24,43,92.07,1126.6,APXMIDP
2025-03-24T20:30:00Z,APXMIDP,2025-03-24,42,103.45,1415.4,APXMIDP
2025-03-24T20:00:00Z,APXMIDP,2025-03-24,41,108.01,1342.65,APXMIDP
2025-03-24T19:30:00Z,APXMIDP,2025-03-24,40,122.02,2048.7,APXMIDP
2025-03-24T19:00:00Z,APXMIDP,2025-03-24,39,124.96,2315.2,APXMIDP
2025-03-24T18:30:00Z,APXMIDP,2025-03-24,38,130.17,3086.5,APXMIDP
2025-03-24T18:00:00Z,APXMIDP,2025-03-24,37,128.89,2971.85,APXMIDP
2025-03-24T17:30:00Z,APXMIDP,2025-03-24,36,108.7,2791.75,APXMIDP
2025-03-24T17:00:00Z,APXMIDP,2025-03-24,35,101.13,2789.05,APXMIDP
2025-03-24T16:30:00Z,APXMIDP,2025-03-24,34,88.9,2508.6,APXMIDP
2025-03-24T16:00:00Z,APXMIDP,2025-03-24,33,85.88,2241.4,APXMIDP
2025-03-24T15:30:00Z,APXMIDP,2025-03-24,32,79.95,2923.6,APXMIDP
2025-03-24T15:00:00Z,APXMIDP,2025-03-24,31,81.5,2335.65,APXMIDP
2025-03-24T14:30:00Z,APXMIDP,2025-03-24,30,78.93,3669.15,APXMIDP
2025-03-24T14:00:00Z,APXMIDP,2025-03-24,29,79.46,3510.9,APXMIDP
2025-03-24T13:30:00Z,APXMIDP,2025-03-24,28,78.51,3668.45,APXMIDP
2025-03-24T13:00:00Z,APXMIDP,2025-03-24,27,81.56,4291.15,APXMIDP
2025-03-24T12:30:00Z,APXMIDP,2025-03-24,26,81.66,3378.45,APXMIDP
2025-03-24T12:00:00Z,APXMIDP,2025-03-24,25,84.28,2853.45,APXMIDP
2025-03-24T11:30:00Z,APXMIDP,2025-03-24,24,85.23,2909.25,APXMIDP
2025-03-24T11:00:00Z,APXMIDP,2025-03-24,23,88.76,2589.1,APXMIDP
2025-03-24T10:30:00Z,APXMIDP,2025-03-24,22,109.54,2885.25,APXMIDP
2025-03-24T10:00:00Z,APXMIDP,2025-03-24,21,114.59,2089.4,APXMIDP
2025-03-24T09:30:00Z,APXMIDP,2025-03-24,20,116.31,2952.35,APXMIDP
2025-03-24T09:00:00Z,APXMIDP,2025-03-24,19,115.26,2585.95,APXMIDP
2025-03-24T08:30:00Z,APXMIDP,2025-03-24,18,121.48,2403.15,APXMIDP
2025-03-24T08:00:00Z,APXMIDP,2025-03-24,17,120.89,2147.45,APXMIDP
2025-03-24T07:30:00Z,APXMIDP,2025-03-24,16,133.75,2567.3,APXMIDP
2025-03-24T07:00:00Z,APXMIDP,2025-03-24,15,128.77,1955.0,APXMIDP
2025-03-24T06:30:00Z,APXMIDP,2025-03-24,14,125.26,2376.85,APXMIDP
2025-03-24T06:00:00Z,APXMIDP,2025-03-24,13,117.77,2009.8,APXMIDP
2025-03-24T05:30:00Z,APXMIDP,2025-03-24,12,95.38,1669.95,APXMIDP
2025-03-24T05:00:00Z,APXMIDP,2025-03-24,11,98.73,1411.3,APXMIDP
2025-03-24T04:30:00Z,APXMIDP,2025-03-24,10,96.15,1275.9,APXMIDP
2025-03-24T04:00:00Z,APXMIDP,2025-03-24,9,95.76,1385.05,APXMIDP
2025-03-24T03:30:00Z,APXMIDP,2025-03-24,8,91.34,1298.4,APXMIDP
2025-03-24T03:00:00Z,APXMIDP,2025-03-24,7,92.0,1283.9,APXMIDP
2025-03-24T02:30:00Z,APXMIDP,2025-03-24,6,89.44,1467.2,APXMIDP
2025-03-24T02:00:00Z,APXMIDP,2025-03-24,5,90.83,1564.95,APXMIDP
2025-03-24T01:30:00Z,APXMIDP,2025-03-24,4,88.07,1470.25,APXMIDP
2025-03-24T01:00:00Z,APXMIDP,2025-03-24,3,91.1,1271.15,APXMIDP
2025-03-24T00:30:00Z,APXMIDP,2025-03-24,2,93.39,1312.05,APXMIDP
2025-03-24T00:00:00Z,APXMIDP,2025-03-24,1,89.49,1402.9,APXMIDP
2025-03-23T23:30:00Z,APXMIDP,2025-03-23,48,92.65,1283.3,APXMIDP
2025-03-23T23:00:00Z,APXMIDP,2025-03-23,47,103.02,1446.9,APXMIDP
2025-03-23T22:30:00Z,APXMIDP,2025-03-23,46,101.68,1766.65,APXMIDP
2025-03-23T22:00:00Z,APXMIDP,2025-03-23,45,102.23,2108.7,APXMIDP
2025-03-23T21:30:00Z,APXMIDP,2025-03-23,44,107.95,1856.7,APXMIDP
2025-03-23T21:00:00Z,APXMIDP,2025-03-23,43,105.34,1464.5,APXMIDP
2025-03-23T20:30:00Z,APXMIDP,2025-03-23,42,108.58,1483.6,APXMIDP
2025-03-23T20:00:00Z,APXMIDP,2025-03-23,41,120.45,1265.6,APXMIDP
2025-03-23T19:30:00Z,APXMIDP,2025-03-23,40,122.46,1501.8,APXMIDP
2025-03-23T19:00:00Z,APXMIDP,2025-03-23,39,126.08,1719.65,APXMIDP
2025-03-23T18:30:00Z,APXMIDP,2025-03-23,38,121.21,1902.1,APXMIDP
2025-03-23T18:00:00Z,APXMIDP,2025-03-23,37,119.9,1821.75,APXMIDP
2025-03-23T17:30:00Z,APXMIDP,2025-03-23,36,125.83,1730.0,APXMIDP
2025-03-23T17:00:00Z,APXMIDP,2025-03-23,35,122.37,1841.95,APXMIDP
2025-03-23T16:30:00Z,APXMIDP,2025-03-23,34,116.28,1846.55,APXMIDP
2025-03-23T16:00:00Z,APXMIDP,2025-03-23,33,98.8,2097.55,APXMIDP
2025-03-23T15:30:00Z,APXMIDP,2025-03-23,32,91.39,1798.9,APXMIDP
2025-03-23T15:00:00Z,APXMIDP,2025-03-23,31,91.81,1769.4,APXMIDP
2025-03-23T14:30:00Z,APXMIDP,2025-03-23,30,97.28,2843.65,APXMIDP
2025-03-23T14:00:00Z,APXMIDP,2025-03-23,29,98.12,2570.9,APXMIDP
2025-03-23T13:30:00Z,APXMIDP,2025-03-23,28,102.3,2496.25,APXMIDP
2025-03-23T13:00:00Z,APXMIDP,2025-03-23,27,109.73,2436.5,APXMIDP
2025-03-23T12:30:00Z,APXMIDP,2025-03-23,26,113.08,2110.75,APXMIDP
2025-03-23T12:00:00Z,APXMIDP,2025-03-23,25,113.95,1859.65,APXMIDP
2025-03-23T11:30:00Z,APXMIDP,2025-03-23,24,109.1,1877.0,APXMIDP
2025-03-23T11:00:00Z,APXMIDP,2025-03-23,23,103.85,2107.45,APXMIDP
2025-03-23T10:30:00Z,APXMIDP,2025-03-23,22,96.42,2776.0,APXMIDP
2025-03-23T10:00:00Z,APXMIDP,2025-03-23,21,93.89,2492.55,APXMIDP
2025-03-23T09:30:00Z,APXMIDP,2025-03-23,20,93.23,2543.85,APXMIDP
2025-03-23T09:00:00Z,APXMIDP,2025-03-23,19,83.65,2187.95,APXMIDP
2025-03-23T08:30:00Z,APXMIDP,2025-03-23,18,87.78,2426.3,APXMIDP
2025-03-23T08:00:00Z,APXMIDP,2025-03-23,17,85.68,2175.8,APXMIDP
2025-03-23T07:30:00Z,APXMIDP,2025-03-23,16,87.8,2267.9,APXMIDP
2025-03-23T07:00:00Z,APXMIDP,2025-03-23,15,92.31,2090.65,APXMIDP
2025-03-23T06:30:00Z,APXMIDP,2025-03-23,14,87.22,1902.85,APXMIDP
2025-03-23T06:00:00Z,APXMIDP,2025-03-23,13,85.78,2121.2,APXMIDP
2025-03-23T05:30:00Z,APXMIDP,2025-03-23,12,83.47,1753.0,APXMIDP
2025-03-23T05:00:00Z,APXMIDP,2025-03-23,11,82.35,1599.7,APXMIDP
2025-03-23T04:30:00Z,APXMIDP,2025-03-23,10,74.45,2024.9,APXMIDP
2025-03-23T04:00:00Z,APXMIDP,2025-03-23,9,81.33,1760.25,APXMIDP
2025-03-23T03:30:00Z,APXMIDP,2025-03-23,8,86.44,1639.7,APXMIDP
2025-03-23T03:00:00Z,APXMIDP,2025-03-23,7,87.1,1708.15,APXMIDP
2025-03-23T02:30:00Z,APXMIDP,2025-03-23,6,90.57,1761.35,APXMIDP
2025-03-23T02:00:00Z,APXMIDP,2025-03-23,5,93.54,1790.3,APXMIDP
2025-03-23T01:30:00Z,APXMIDP,2025-03-23,4,95.95,1681.9,APXMIDP
2025-03-23T01:00:00Z,APXMIDP,2025-03-23,3,99.71,1732.85,APXMIDP
2025-03-23T00:30:00Z,APXMIDP,2025-03-23,2,99.04,2210.0,APXMIDP
2025-03-23T00:00:00Z,APXMIDP,2025-03-23,1,100.17,2502.75,APXMIDP
2025-03-22T23:30:00Z,APXMIDP,2025-03-22,48,99.87,2234.25,APXMIDP
2025-03-22T23:00:00Z,APXMIDP,2025-03-22,47,97.29,2182.6,APXMIDP
2025-03-22T22:30:00Z,APXMIDP,2025-03-22,46,98.46,2695.8,APXMIDP
2025-03-22T22:00:00Z,APXMIDP,2025-03-22,45,96.13,2705.3,APXMIDP
2025-03-22T21:30:00Z,APXMIDP,2025-03-22,44,103.0,2545.65,APXMIDP
2025-03-22T21:00:00Z,APXMIDP,2025-03-22,43,99.41,2350.2,APXMIDP
2025-03-22T20:30:00Z,APXMIDP,2025-03-22,42,102.32,2532.45,APXMIDP
2025-03-22T20:00:00Z,APXMIDP,2025-03-22,41,113.69,2713.65,APXMIDP
2025-03-22T19:30:00Z,APXMIDP,2025-03-22,40,125.08,2192.15,APXMIDP
2025-03-22T19:00:00Z,APXMIDP,2025-03-22,39,131.06,2582.7,APXMIDP
2025-03-22T18:30:00Z,APXMIDP,2025-03-22,38,133.76,2292.9,APXMIDP
2025-03-22T18:00:00Z,APXMIDP,2025-03-22,37,130.72,2039.6,APXMIDP
2025-03-22T17:30:00Z,APXMIDP,2025-03-22,36,128.09,2120.05,APXMIDP
2025-03-22T17:00:00Z,APXMIDP,2025-03-22,35,123.96,2234.5,APXMIDP
2025-03-22T16:30:00Z,APXMIDP,2025-03-22,34,108.36,2650.0,APXMIDP
2025-03-22T16:00:00Z,APXMIDP,2025-03-22,33,100.52,2782.6,APXMIDP
2025-03-22T15:30:00Z,APXMIDP,2025-03-22,32,100.78,2098.4,APXMIDP
2025-03-22T15:00:00Z,APXMIDP,2025-03-22,31,102.64,1809.85,APXMIDP
2025-03-22T14:30:00Z,APXMIDP,2025-03-22,30,100.93,2850.85,APXMIDP
2025-03-22T14:00:00Z,APXMIDP,2025-03-22,29,100.56,2605.9,APXMIDP
2025-03-22T13:30:00Z,APXMIDP,2025-03-22,28,100.32,2786.1,APXMIDP
2025-03-22T13:00:00Z,APXMIDP,2025-03-22,27,98.15,3071.2,APXMIDP
2025-03-22T12:30:00Z,APXMIDP,2025-03-22,26,98.79,2798.45,APXMIDP
2025-03-22T12:00:00Z,APXMIDP,2025-03-22,25,96.01,2427.95,APXMIDP
2025-03-22T11:30:00Z,APXMIDP,2025-03-22,24,102.42,2055.5,APXMIDP
2025-03-22T11:00:00Z,APXMIDP,2025-03-22,23,104.0,2267.25,APXMIDP
2025-03-22T10:30:00Z,APXMIDP,2025-03-22,22,101.3,2648.9,APXMIDP
2025-03-22T10:00:00Z,APXMIDP,2025-03-22,21,101.84,2486.15,APXMIDP
2025-03-22T09:30:00Z,APXMIDP,2025-03-22,20,101.44,2332.4,APXMIDP
2025-03-22T09:00:00Z,APXMIDP,2025-03-22,19,97.83,2719.15,APXMIDP
2025-03-22T08:30:00Z,APXMIDP,2025-03-22,18,93.4,2438.7,APXMIDP
2025-03-22T08:00:00Z,APXMIDP,2025-03-22,17,85.97,2288.7,APXMIDP
2025-03-22T07:30:00Z,APXMIDP,2025-03-22,16,81.74,2796.45,APXMIDP
2025-03-22T07:00:00Z,APXMIDP,2025-03-22,15,72.45,2286.5,APXMIDP
2025-03-22T06:30:00Z,APXMIDP,2025-03-22,14,52.36,2244.65,APXMIDP
2025-03-22T06:00:00Z,APXMIDP,2025-03-22,13,51.22,2363.55,APXMIDP
2025-03-22T05:30:00Z,APXMIDP,2025-03-22,12,36.3,2452.95,APXMIDP
2025-03-22T05:00:00Z,APXMIDP,2025-03-22,11,37.11,2488.5,APXMIDP
2025-03-22T04:30:00Z,APXMIDP,2025-03-22,10,49.41,2471.1,APXMIDP
2025-03-22T04:00:00Z,APXMIDP,2025-03-22,9,49.05,2388.15,APXMIDP
2025-03-22T03:30:00Z,APXMIDP,2025-03-22,8,43.66,2562.35,APXMIDP
2025-03-22T03:00:00Z,APXMIDP,2025-03-22,7,51.8,2498.15,APXMIDP
2025-03-22T02:30:00Z,APXMIDP,2025-03-22,6,68.17,2262.6,APXMIDP
2025-03-22T02:00:00Z,APXMIDP,2025-03-22,5,70.02,2294.5,APXMIDP
2025-03-22T01:30:00Z,APXMIDP,2025-03-22,4,70.21,2108.15,APXMIDP
2025-03-22T01:00:00Z,APXMIDP,2025-03-22,3,71.79,2013.75,APXMIDP
2025-03-22T00:30:00Z,APXMIDP,2025-03-22,2,78.81,2194.95,APXMIDP
2025-03-22T00:00:00Z,APXMIDP,2025-03-22,1,70.61,2360.3,APXMIDP
2025-03-21T23:30:00Z,APXMIDP,2025-03-21,48,76.79,2675.6,APXMIDP
2025-03-21T23:00:00Z,APXMIDP,2025-03-21,47,83.92,2720.4,APXMIDP
2025-03-21T22:30:00Z,APXMIDP,2025-03-21,46,93.05,2548.65,APXMIDP
2025-03-21T22:00:00Z,APXMIDP,2025-03-21,45,102.0,2388.7,APXMIDP
2025-03-21T21:30:00Z,APXMIDP,2025-03-21,44,98.71,2226.95,APXMIDP
2025-03-21T21:00:00Z,APXMIDP,2025-03-21,43,100.82,2376.15,APXMIDP
2025-03-21T20:30:00Z,APXMIDP,2025-03-21,42,101.94,3293.5,APXMIDP
2025-03-21T20:00:00Z,APXMIDP,2025-03-21,41,109.46,3061.7,APXMIDP
2025-03-21T19:30:00Z,APXMIDP,2025-03-21,40,114.01,3028.4,APXMIDP
2025-03-21T19:00:00Z,APXMIDP,2025-03-21,39,114.73,3296.5,APXMIDP
2025-03-21T18:30:00Z,APXMIDP,2025-03-21,38,120.69,3759.4,APXMIDP
2025-03-21T18:00:00Z,APXMIDP,2025-03-21,37,121.31,3799.65,APXMIDP
2025-03-21T17:30:00Z,APXMIDP,2025-03-21,36,120.01,2952.25,APXMIDP
2025-03-21T17:00:00Z,APXMIDP,2025-03-21,35,116.69,3006.55,APXMIDP
2025-03-21T16:30:00Z,APXMIDP,2025-03-21,34,104.91,2566.2,APXMIDP
2025-03-21T16:00:00Z,APXMIDP,2025-03-21,33,95.28,2780.0,APXMIDP
2025-03-21T15:30:00Z,APXMIDP,2025-03-21,32,80.71,2796.6,APXMIDP
2025-03-21T15:00:00Z,APXMIDP,2025-03-21,31,73.26,2691.25,APXMIDP
2025-03-21T14:30:00Z,APXMIDP,2025-03-21,30,57.75,3459.9,APXMIDP
2025-03-21T14:00:00Z,APXMIDP,2025-03-21,29,58.91,3532.6,APXMIDP
2025-03-21T13:30:00Z,APXMIDP,2025-03-21,28,59.16,3474.0,APXMIDP
2025-03-21T13:00:00Z,APXMIDP,2025-03-21,27,60.39,3786.35,APXMIDP
2025-03-21T12:30:00Z,APXMIDP,2025-03-21,26,65.49,3950.35,APXMIDP
2025-03-21T12:00:00Z,APXMIDP,2025-03-21,25,73.1,4093.25,APXMIDP
2025-03-21T11:30:00Z,APXMIDP,2025-03-21,24,85.1,4018.15,APXMIDP
2025-03-21T11:00:00Z,APXMIDP,2025-03-21,23,85.62,3761.7,APXMIDP
2025-03-21T10:30:00Z,APXMIDP,2025-03-21,22,94.38,3438.2,APXMIDP
2025-03-21T10:00:00Z,APXMIDP,2025-03-21,21,96.51,3210.65,APXMIDP
2025-03-21T09:30:00Z,APXMIDP,2025-03-21,20,94.49,3032.15,APXMIDP
2025-03-21T09:00:00Z,APXMIDP,2025-03-21,19,91.54,3291.25,APXMIDP
2025-03-21T08:30:00Z,APXMIDP,2025-03-21,18,91.8,3149.4,APXMIDP
2025-03-21T08:00:00Z,APXMIDP,2025-03-21,17,84.77,2900.5,APXMIDP
2025-03-21T07:30:00Z,APXMIDP,2025-03-21,16,87.93,3010.05,APXMIDP
2025-03-21T07:00:00Z,APXMIDP,2025-03-21,15,84.34,2905.6,APXMIDP
2025-03-21T06:30:00Z,APXMIDP,2025-03-21,14,105.81,3256.5,APXMIDP
2025-03-21T06:00:00Z,APXMIDP,2025-03-21,13,103.76,2876.55,APXMIDP
2025-03-21T05:30:00Z,APXMIDP,2025-03-21,12,100.85,2856.45,APXMIDP
2025-03-21T05:00:00Z,APXMIDP,2025-03-21,11,92.33,2864.65,APXMIDP
2025-03-21T04:30:00Z,APXMIDP,2025-03-21,10,88.21,2883.9,APXMIDP
2025-03-21T04:00:00Z,APXMIDP,2025-03-21,9,87.31,2211.35,APXMIDP
2025-03-21T03:30:00Z,APXMIDP,2025-03-21,8,83.9,2646.4,APXMIDP
2025-03-21T03:00:00Z,APXMIDP,2025-03-21,7,81.76,2453.1,APXMIDP
2025-03-21T02:30:00Z,APXMIDP,2025-03-21,6,86.41,1829.35,APXMIDP
2025-03-21T02:00:00Z,APXMIDP,2025-03-21,5,89.67,1866.6,APXMIDP
2025-03-21T01:30:00Z,APXMIDP,2025-03-21,4,91.24,1688.65,APXMIDP
2025-03-21T01:00:00Z,APXMIDP,2025-03-21,3,94.5,1418.35,APXMIDP
2025-03-21T00:30:00Z,APXMIDP,2025-03-21,2,95.19,1734.55,APXMIDP
2025-03-21T00:00:00Z,APXMIDP,2025-03-21,1,92.61,1945.55,APXMIDP
2025-03-20T23:30:00Z,APXMIDP,2025-03-20,48,97.24,1920.9,APXMIDP
2025-03-20T23:00:00Z,APXMIDP,2025-03-20,47,93.44,2313.6,APXMIDP
2025-03-20T22:30:00Z,APXMIDP,2025-03-20,46,93.34,3844.15,APXMIDP
2025-03-20T22:00:00Z,APXMIDP,2025-03-20,45,94.67,3263.75,APXMIDP
2025-03-20T21:30:00Z,APXMIDP,2025-03-20,44,95.61,3345.3,APXMIDP
2025-03-20T21:00:00Z,APXMIDP,2025-03-20,43,94.69,3091.6,APXMIDP
2025-03-20T20:30:00Z,APXMIDP,2025-03-20,42,100.66,2895.7,APXMIDP
2025-03-20T20:00:00Z,APXMIDP,2025-03-20,41,104.04,2895.75,APXMIDP
2025-03-20T19:30:00Z,APXMIDP,2025-03-20,40,111.89,3484.4,APXMIDP
2025-03-20T19:00:00Z,APXMIDP,2025-03-20,39,125.86,4824.9,APXMIDP
2025-03-20T18:30:00Z,APXMIDP,2025-03-20,38,142.77,4521.35,APXMIDP
2025-03-20T18:00:00Z,APXMIDP,2025-03-20,37,136.7,4382.85,APXMIDP
2025-03-20T17:30:00Z,APXMIDP,2025-03-20,36,126.44,3657.75,APXMIDP
2025-03-20T17:00:00Z,APXMIDP,2025-03-20,35,125.78,3035.85,APXMIDP
2025-03-20T16:30:00Z,APXMIDP,2025-03-20,34,124.99,3177.05,APXMIDP
2025-03-20T16:00:00Z,APXMIDP,2025-03-20,33,103.93,3111.9,APXMIDP
2025-03-20T15:30:00Z,APXMIDP,2025-03-20,32,88.14,2030.2,APXMIDP
2025-03-20T15:00:00Z,APXMIDP,2025-03-20,31,89.73,1707.65,APXMIDP
2025-03-20T14:30:00Z,APXMIDP,2025-03-20,30,83.81,2144.5,APXMIDP
2025-03-20T14:00:00Z,APXMIDP,2025-03-20,29,83.69,2267.5,APXMIDP
2025-03-20T13:30:00Z,APXMIDP,2025-03-20,28,85.04,2118.0,APXMIDP
2025-03-20T13:00:00Z,APXMIDP,2025-03-20,27,87.52,2056.3,APXMIDP
2025-03-20T12:30:00Z,APXMIDP,2025-03-20,26,84.65,1851.75,APXMIDP
2025-03-20T12:00:00Z,APXMIDP,2025-03-20,25,85.67,2004.65,APXMIDP
2025-03-20T11:30:00Z,APXMIDP,2025-03-20,24,84.15,1922.85,APXMIDP
2025-03-20T11:00:00Z,APXMIDP,2025-03-20,23,90.24,1853.6,APXMIDP
2025-03-20T10:30:00Z,APXMIDP,2025-03-20,22,93.4,1855.0,APXMIDP
2025-03-20T10:00:00Z,APXMIDP,2025-03-20,21,92.56,2016.95,APXMIDP
2025-03-20T09:30:00Z,APXMIDP,2025-03-20,20,100.32,1586.9,APXMIDP
2025-03-20T09:00:00Z,APXMIDP,2025-03-20,19,111.96,2058.5,APXMIDP
2025-03-20T08:30:00Z,APXMIDP,2025-03-20,18,121.51,1946.2,APXMIDP
2025-03-20T08:00:00Z,APXMIDP,2025-03-20,17,127.66,2137.0,APXMIDP
2025-03-20T07:30:00Z,APXMIDP,2025-03-20,16,128.36,2439.45,APXMIDP
2025-03-20T07:00:00Z,APXMIDP,2025-03-20,15,132.5,2121.7,APXMIDP
2025-03-20T06:30:00Z,APXMIDP,2025-03-20,14,124.54,2191.25,APXMIDP
2025-03-20T06:00:00Z,APXMIDP,2025-03-20,13,116.46,2016.15,APXMIDP
2025-03-20T05:30:00Z,APXMIDP,2025-03-20,12,126.53,1351.25,APXMIDP
2025-03-20T05:00:00Z,APXMIDP,2025-03-20,11,122.28,1597.25,APXMIDP
2025-03-20T04:30:00Z,APXMIDP,2025-03-20,10,105.64,1957.0,APXMIDP
2025-03-20T04:00:00Z,APXMIDP,2025-03-20,9,110.9,1280.5,APXMIDP
2025-03-20T03:30:00Z,APXMIDP,2025-03-20,8,98.35,2177.55,APXMIDP
2025-03-20T03:00:00Z,APXMIDP,2025-03-20,7,104.82,1897.65,APXMIDP
2025-03-20T02:30:00Z,APXMIDP,2025-03-20,6,110.41,2436.6,APXMIDP
2025-03-20T02:00:00Z,APXMIDP,2025-03-20,5,107.62,1832.65,APXMIDP
2025-03-20T01:30:00Z,APXMIDP,2025-03-20,4,105.03,1650.65,APXMIDP
2025-03-20T01:00:00Z,APXMIDP,2025-03-20,3,109.38,1855.95,APXMIDP
2025-03-20T00:30:00Z,APXMIDP,2025-03-20,2,115.09,1733.35,APXMIDP
2025-03-20T00:00:00Z,APXMIDP,2025-03-20,1,110.21,1450.6,APXMIDP
2025-03-19T23:30:00Z,APXMIDP,2025-03-19,48,115.72,1857.65,APXMIDP
2025-03-19T23:00:00Z,APXMIDP,2025-03-19,47,121.15,3178.05,APXMIDP
2025-03-19T22:30:00Z,APXMIDP,2025-03-19,46,115.16,3613.65,APXMIDP
2025-03-19T22:00:00Z,APXMIDP,2025-03-19,45,103.17,3306.35,APXMIDP
2025-03-19T21:30:00Z,APXMIDP,2025-03-19,44,105.38,2962.25,APXMIDP
2025-03-19T21:00:00Z,APXMIDP,2025-03-19,43,126.37,3956.0,APXMIDP
2025-03-19T20:30:00Z,APXMIDP,2025-03-19,42,147.56,3172.35,APXMIDP
2025-03-19T20:00:00Z,APXMIDP,2025-03-19,41,129.26,2809.2,APXMIDP
2025-03-19T19:30:00Z,APXMIDP,2025-03-19,40,177.48,1689.95,APXMIDP
2025-03-19T19:00:00Z,APXMIDP,2025-03-19,39,181.68,951.85,APXMIDP
2025-03-19T18:30:00Z,APXMIDP,2025-03-19,38,156.83,875.75,APXMIDP
2025-03-19T18:00:00Z,APXMIDP,2025-03-19,37,156.55,861.6,APXMIDP
2025-03-19T17:30:00Z,APXMIDP,2025-03-19,36,155.11,960.8,APXMIDP
2025-03-19T17:00:00Z,APXMIDP,2025-03-19,35,153.56,973.95,APXMIDP
2025-03-19T16:30:00Z,APXMIDP,2025-03-19,34,126.11,1184.2,APXMIDP
2025-03-19T16:00:00Z,APXMIDP,2025-03-19,33,121.6,1378.2,APXMIDP
2025-03-19T15:30:00Z,APXMIDP,2025-03-19,32,110.44,1743.95,APXMIDP
2025-03-19T15:00:00Z,APXMIDP,2025-03-19,31,110.17,1791.65,APXMIDP
2025-03-19T14:30:00Z,APXMIDP,2025-03-19,30,99.98,3506.55,APXMIDP
2025-03-19T14:00:00Z,APXMIDP,2025-03-19,29,101.67,4139.8,APXMIDP
2025-03-19T13:30:00Z,APXMIDP,2025-03-19,28,110.83,3841.75,APXMIDP
2025-03-19T13:00:00Z,APXMIDP,2025-03-19,27,117.98,3949.85,APXMIDP
2025-03-19T12:30:00Z,APXMIDP,2025-03-19,26,91.26,1867.4,APXMIDP
2025-03-19T12:00:00Z,APXMIDP,2025-03-19,25,87.75,1754.55,APXMIDP
2025-03-19T11:30:00Z,APXMIDP,2025-03-19,24,86.03,1675.15,APXMIDP
2025-03-19T11:00:00Z,APXMIDP,2025-03-19,23,91.46,2030.4,APXMIDP
2025-03-19T10:30:00Z,APXMIDP,2025-03-19,22,101.15,2741.9,APXMIDP
2025-03-19T10:00:00Z,APXMIDP,2025-03-19,21,105.33,2865.2,APXMIDP
2025-03-19T09:30:00Z,APXMIDP,2025-03-19,20,109.87,2796.05,APXMIDP
2025-03-19T09:00:00Z,APXMIDP,2025-03-19,19,120.4,2739.05,APXMIDP
2025-03-19T08:30:00Z,APXMIDP,2025-03-19,18,126.55,2323.3,APXMIDP
2025-03-19T08:00:00Z,APXMIDP,2025-03-19,17,127.19,2450.25,APXMIDP
2025-03-19T07:30:00Z,APXMIDP,2025-03-19,16,131.22,2929.4,APXMIDP
2025-03-19T07:00:00Z,APXMIDP,2025-03-19,15,133.08,2672.35,APXMIDP
2025-03-19T06:30:00Z,APXMIDP,2025-03-19,14,126.68,2755.85,APXMIDP
2025-03-19T06:00:00Z,APXMIDP,2025-03-19,13,115.69,2820.55,APXMIDP
2025-03-19T05:30:00Z,APXMIDP,2025-03-19,12,124.79,2363.0,APXMIDP
2025-04-02T06:00:00Z,APXMIDP,2025-04-02,15,116.73,2695.85,APXMIDP
2025-04-02T05:30:00Z,APXMIDP,2025-04-02,14,108.4,2936.05,APXMIDP
2025-04-02T05:00:00Z,APXMIDP,2025-04-02,13,98.32,3595.6,APXMIDP
2025-04-02T04:30:00Z,APXMIDP,2025-04-02,12,62.47,2787.4,APXMIDP
2025-04-02T04:00:00Z,APXMIDP,2025-04-02,11,40.27,3487.4,APXMIDP
2025-04-02T03:30:00Z,APXMIDP,2025-04-02,10,1.6,2838.6,APXMIDP
2025-04-02T03:00:00Z,APXMIDP,2025-04-02,9,-3.29,2486.4,APXMIDP
2025-04-02T02:30:00Z,APXMIDP,2025-04-02,8,-7.64,2091.7,APXMIDP
2025-04-02T02:00:00Z,APXMIDP,2025-04-02,7,-8.18,1986.2,APXMIDP
2025-04-02T01:30:00Z,APXMIDP,2025-04-02,6,-7.44,2171.45,APXMIDP
2025-04-02T01:00:00Z,APXMIDP,2025-04-02,5,-7.41,2302.15,APXMIDP
2025-04-02T00:30:00Z,APXMIDP,2025-04-02,4,0.34,2522.6,APXMIDP
2025-04-02T00:00:00Z,APXMIDP,2025-04-02,3,-1.72,2513.0,APXMIDP
2025-04-01T23:30:00Z,APXMIDP,2025-04-02,2,0.3,2305.25,APXMIDP
2025-04-01T23:00:00Z,APXMIDP,2025-04-02,1,0.26,2438.8,APXMIDP
2025-04-01T22:30:00Z,APXMIDP,2025-04-01,48,0.6,2591.45,APXMIDP
2025-04-01T22:00:00Z,APXMIDP,2025-04-01,47,12.58,2157.05,APXMIDP
2025-04-01T21:30:00Z,APXMIDP,2025-04-01,46,44.52,3294.35,APXMIDP
2025-04-01T21:00:00Z,APXMIDP,2025-04-01,45,64.82,3068.65,APXMIDP
2025-04-01T20:30:00Z,APXMIDP,2025-04-01,44,59.94,2551.15,APXMIDP
2025-04-01T20:00:00Z,APXMIDP,2025-04-01,43,70.49,2865.8,APXMIDP
2025-04-01T19:30:00Z,APXMIDP,2025-04-01,42,84.21,2411.75,APXMIDP
2025-04-01T19:00:00Z,APXMIDP,2025-04-01,41,90.58,2389.15,APXMIDP
2025-04-01T18:30:00Z,APXMIDP,2025-04-01,40,99.15,3077.7,APXMIDP
2025-04-01T18:00:00Z,APXMIDP,2025-04-01,39,100.04,2697.5,APXMIDP
2025-04-01T17:30:00Z,APXMIDP,2025-04-01,38,95.46,3719.75,APXMIDP
2025-04-01T17:00:00Z,APXMIDP,2025-04-01,37,92.19,3249.55,APXMIDP
2025-04-01T16:30:00Z,APXMIDP,2025-04-01,36,78.96,3475.45,APXMIDP
2025-04-01T16:00:00Z,APXMIDP,2025-04-01,35,54.89,4038.0,APXMIDP
2025-04-01T15:30:00Z,APXMIDP,2025-04-01,34,30.08,4548.15,APXMIDP
2025-04-01T15:00:00Z,APXMIDP,2025-04-01,33,17.06,4427.95,APXMIDP
2025-04-01T14:30:00Z,APXMIDP,2025-04-01,32,12.36,4550.6,APXMIDP
2025-04-01T14:00:00Z,APXMIDP,2025-04-01,31,12.96,3754.3,APXMIDP
2025-04-01T13:30:00Z,APXMIDP,2025-04-01,30,12.84,3828.55,APXMIDP
2025-04-01T13:00:00Z,APXMIDP,2025-04-01,29,13.73,3844.15,APXMIDP
2025-04-01T12:30:00Z,APXMIDP,2025-04-01,28,20.89,3588.0,APXMIDP
2025-04-01T12:00:00Z,APXMIDP,2025-04-01,27,22.83,4059.75,APXMIDP
2025-04-01T11:30:00Z,APXMIDP,2025-04-01,26,44.93,3761.0,APXMIDP
2025-04-01T11:00:00Z,APXMIDP,2025-04-01,25,61.19,3450.65,APXMIDP
2025-04-01T10:30:00Z,APXMIDP,2025-04-01,24,68.04,3309.9,APXMIDP
2025-04-01T10:00:00Z,APXMIDP,2025-04-01,23,73.78,3112.5,APXMIDP
2025-04-01T09:30:00Z,APXMIDP,2025-04-01,22,86.08,3626.35,APXMIDP
2025-04-01T09:00:00Z,APXMIDP,2025-04-01,21,90.17,3349.75,APXMIDP
2025-04-01T08:30:00Z,APXMIDP,2025-04-01,20,90.22,3153.55,APXMIDP
2025-04-01T08:00:00Z,APXMIDP,2025-04-01,19,91.21,2985.6,APXMIDP
2025-04-01T07:30:00Z,APXMIDP,2025-04-01,18,94.03,2553.2,APXMIDP
2025-04-01T07:00:00Z,APXMIDP,2025-04-01,17,93.62,2438.35,APXMIDP
2025-04-01T06:30:00Z,APXMIDP,2025-04-01,16,120.58,2531.25,APXMIDP
2025-04-01T06:00:00Z,APXMIDP,2025-04-01,15,117.07,2226.25,APXMIDP
2025-04-01T05:30:00Z,APXMIDP,2025-04-01,14,111.51,1878.9,APXMIDP
2025-04-01T05:00:00Z,APXMIDP,2025-04-01,13,103.38,1864.45,APXMIDP
2025-04-01T04:30:00Z,APXMIDP,2025-04-01,12,82.5,2440.45,APXMIDP
2025-04-01T04:00:00Z,APXMIDP,2025-04-01,11,83.71,2049.95,APXMIDP
2025-04-01T03:30:00Z,APXMIDP,2025-04-01,10,78.31,2001.95,APXMIDP
2025-04-01T03:00:00Z,APXMIDP,2025-04-01,9,78.64,1799.2,APXMIDP
2025-04-01T02:30:00Z,APXMIDP,2025-04-01,8,78.1,1516.9,APXMIDP
2025-04-01T02:00:00Z,APXMIDP,2025-04-01,7,74.4,1851.45,APXMIDP
2025-04-01T01:30:00Z,APXMIDP,2025-04-01,6,76.61,1482.4,APXMIDP
2025-04-01T01:00:00Z,APXMIDP,2025-04-01,5,78.71,1380.65,APXMIDP
2025-04-01T00:30:00Z,APXMIDP,2025-04-01,4,84.78,1508.0,APXMIDP
2025-04-01T00:00:00Z,APXMIDP,2025-04-01,3,82.1,1379.05,APXMIDP
2025-03-31T23:30:00Z,APXMIDP,2025-04-01,2,79.81,1348.65,APXMIDP
2025-03-31T23:00:00Z,APXMIDP,2025-04-01,1,82.87,1259.6,APXMIDP
2025-03-31T22:30:00Z,APXMIDP,2025-03-31,48,80.49,1226.2,APXMIDP
2025-03-31T22:00:00Z,APXMIDP,2025-03-31,47,81.54,1196.6,APXMIDP
2025-03-31T21:30:00Z,APXMIDP,2025-03-31,46,83.94,2393.5,APXMIDP
2025-03-31T21:00:00Z,APXMIDP,2025-03-31,45,86.54,2464.6,APXMIDP
2025-03-31T20:30:00Z,APXMIDP,2025-03-31,44,90.89,2321.35,APXMIDP
2025-03-31T20:00:00Z,APXMIDP,2025-03-31,43,96.3,2245.1,APXMIDP
2025-03-31T19:30:00Z,APXMIDP,2025-03-31,42,100.18,2376.0,APXMIDP
2025-03-31T19:00:00Z,APXMIDP,2025-03-31,41,106.38,2292.25,APXMIDP
2025-03-31T18:30:00Z,APXMIDP,2025-03-31,40,121.84,2748.6,APXMIDP
2025-03-31T18:00:00Z,APXMIDP,2025-03-31,39,122.38,2606.5,APXMIDP
2025-03-31T17:30:00Z,APXMIDP,2025-03-31,38,137.82,2739.3,APXMIDP
2025-03-31T17:00:00Z,APXMIDP,2025-03-31,37,134.56,2916.25,APXMIDP
2025-03-31T16:30:00Z,APXMIDP,2025-03-31,36,106.56,2662.75,APXMIDP
2025-03-31T16:00:00Z,APXMIDP,2025-03-31,35,99.91,2507.85,APXMIDP
2025-03-31T15:30:00Z,APXMIDP,2025-03-31,34,86.58,2649.05,APXMIDP
2025-03-31T15:00:00Z,APXMIDP,2025-03-31,33,88.27,2376.35,APXMIDP
2025-03-31T14:30:00Z,APXMIDP,2025-03-31,32,83.68,2352.5,APXMIDP
2025-03-31T14:00:00Z,APXMIDP,2025-03-31,31,78.57,2106.25,APXMIDP
2025-03-31T13:30:00Z,APXMIDP,2025-03-31,30,77.64,2537.75,APXMIDP
2025-03-31T13:00:00Z,APXMIDP,2025-03-31,29,77.56,2313.65,APXMIDP
2025-03-31T12:30:00Z,APXMIDP,2025-03-31,28,78.19,2314.35,APXMIDP
2025-03-31T12:00:00Z,APXMIDP,2025-03-31,27,80.23,2265.5,APXMIDP
2025-03-31T11:30:00Z,APXMIDP,2025-03-31,26,77.32,1882.55,APXMIDP
2025-03-31T11:00:00Z,APXMIDP,2025-03-31,25,80.5,2225.35,APXMIDP
2025-03-31T10:30:00Z,APXMIDP,2025-03-31,24,79.7,2234.25,APXMIDP
2025-03-31T10:00:00Z,APXMIDP,2025-03-31,23,82.78,2235.45,APXMIDP
2025-03-31T09:30:00Z,APXMIDP,2025-03-31,22,93.84,2301.55,APXMIDP
2025-03-31T09:00:00Z,APXMIDP,2025-03-31,21,99.83,2164.35,APXMIDP
2025-03-31T08:30:00Z,APXMIDP,2025-03-31,20,107.24,2466.4,APXMIDP
2025-03-31T08:00:00Z,APXMIDP,2025-03-31,19,110.24,2322.45,APXMIDP
2025-03-31T07:30:00Z,APXMIDP,2025-03-31,18,117.02,2492.05,APXMIDP
2025-03-31T07:00:00Z,APXMIDP,2025-03-31,17,119.21,2421.95,APXMIDP
2025-03-31T06:30:00Z,APXMIDP,2025-03-31,16,144.01,3714.3,APXMIDP
2025-03-31T06:00:00Z,APXMIDP,2025-03-31,15,138.42,3389.55,APXMIDP
2025-03-31T05:30:00Z,APXMIDP,2025-03-31,14,117.99,2213.5,APXMIDP
2025-03-31T05:00:00Z,APXMIDP,2025-03-31,13,109.85,2469.9,APXMIDP
2025-03-31T04:30:00Z,APXMIDP,2025-03-31,12,74.59,1750.65,APXMIDP
2025-03-31T04:00:00Z,APXMIDP,2025-03-31,11,73.26,2062.8,APXMIDP
2025-03-31T03:30:00Z,APXMIDP,2025-03-31,10,69.61,1876.4,APXMIDP
2025-03-31T03:00:00Z,APXMIDP,2025-03-31,9,71.15,2011.35,APXMIDP
2025-03-31T02:30:00Z,APXMIDP,2025-03-31,8,75.55,1603.35,APXMIDP
2025-03-31T02:00:00Z,APXMIDP,2025-03-31,7,77.24,1226.6,APXMIDP
2025-03-31T01:30:00Z,APXMIDP,2025-03-31,6,79.83,1779.1,APXMIDP
2025-03-31T01:00:00Z,APXMIDP,2025-03-31,5,81.53,1508.85,APXMIDP
2025-03-31T00:30:00Z,APXMIDP,2025-03-31,4,84.64,1432.0,APXMIDP
2025-03-31T00:00:00Z,APXMIDP,2025-03-31,3,85.33,1692.95,APXMIDP
2025-03-30T23:30:00Z,APXMIDP,2025-03-31,2,82.18,1808.75,APXMIDP
2025-03-30T23:00:00Z,APXMIDP,2025-03-31,1,79.69,1526.9,APXMIDP
2025-03-30T22:30:00Z,APXMIDP,2025-03-30,46,83.89,1540.2,APXMIDP
2025-03-30T22:00:00Z,APXMIDP,2025-03-30,45,91.58,1805.6,APXMIDP
2025-03-30T21:30:00Z,APXMIDP,2025-03-30,44,90.46,1923.95,APXMIDP
2025-03-30T21:00:00Z,APXMIDP,2025-03-30,43,99.46,1851.05,APXMIDP
2025-03-30T20:30:00Z,APXMIDP,2025-03-30,42,110.72,1984.15,APXMIDP
2025-03-30T20:00:00Z,APXMIDP,2025-03-30,41,113.31,1707.3,APXMIDP
2025-03-30T19:30:00Z,APXMIDP,2025-03-30,40,100.55,2434.85,APXMIDP
2025-03-30T19:00:00Z,APXMIDP,2025-03-30,39,98.55,2069.9,APXMIDP
2025-03-30T18:30:00Z,APXMIDP,2025-03-30,38,100.0,2333.85,APXMIDP
2025-03-30T18:00:00Z,APXMIDP,2025-03-30,37,85.1,2741.35,APXMIDP
2025-03-30T17:30:00Z,APXMIDP,2025-03-30,36,80.41,3166.1,APXMIDP
2025-03-30T17:00:00Z,APXMIDP,2025-03-30,35,78.88,2952.2,APXMIDP
2025-03-30T16:30:00Z,APXMIDP,2025-03-30,34,86.06,3812.05,APXMIDP
2025-03-30T16:00:00Z,APXMIDP,2025-03-30,33,84.61,3614.75,APXMIDP
2025-03-30T15:30:00Z,APXMIDP,2025-03-30,32,21.09,3393.4,APXMIDP
2025-03-30T15:00:00Z,APXMIDP,2025-03-30,31,8.04,3315.8,APXMIDP
2025-03-30T14:30:00Z,APXMIDP,2025-03-30,30,8.13,3397.95,APXMIDP
2025-03-30T14:00:00Z,APXMIDP,2025-03-30,29,-2.36,3226.0,APXMIDP
2025-03-30T13:30:00Z,APXMIDP,2025-03-30,28,-3.35,2952.95,APXMIDP
2025-03-30T13:00:00Z,APXMIDP,2025-03-30,27,-12.15,2900.45,APXMIDP
2025-03-30T12:30:00Z,APXMIDP,2025-03-30,26,-9.51,2960.8,APXMIDP
2025-03-30T12:00:00Z,APXMIDP,2025-03-30,25,-13.05,2737.7,APXMIDP
2025-03-30T11:30:00Z,APXMIDP,2025-03-30,24,-13.74,3123.25,APXMIDP
2025-03-30T11:00:00Z,APXMIDP,2025-03-30,23,-14.5,2997.75,APXMIDP
2025-03-30T10:30:00Z,APXMIDP,2025-03-30,22,-10.1,2670.15,APXMIDP
2025-03-30T10:00:00Z,APXMIDP,2025-03-30,21,-7.26,2467.4,APXMIDP
2025-03-30T09:30:00Z,APXMIDP,2025-03-30,20,-7.5,1971.95,APXMIDP
2025-03-30T09:00:00Z,APXMIDP,2025-03-30,19,-4.65,2145.8,APXMIDP
2025-03-30T08:30:00Z,APXMIDP,2025-03-30,18,0.42,1477.6,APXMIDP
2025-03-30T08:00:00Z,APXMIDP,2025-03-30,17,0.05,1245.6,APXMIDP
2025-03-30T07:30:00Z,APXMIDP,2025-03-30,16,12.15,1680.65,APXMIDP
2025-03-30T07:00:00Z,APXMIDP,2025-03-30,15,10.93,2050.6,APXMIDP
2025-03-30T06:30:00Z,APXMIDP,2025-03-30,14,10.2,1658.0,APXMIDP
2025-03-30T06:00:00Z,APXMIDP,2025-03-30,13,8.81,1677.15,APXMIDP
2025-03-30T05:30:00Z,APXMIDP,2025-03-30,12,3.93,2265.55,APXMIDP
2025-03-30T05:00:00Z,APXMIDP,2025-03-30,11,2.12,1971.75,APXMIDP
2025-03-30T04:30:00Z,APXMIDP,2025-03-30,10,-5.56,1632.55,APXMIDP
2025-03-30T04:00:00Z,APXMIDP,2025-03-30,9,-8.56,1716.2,APXMIDP
2025-03-30T03:30:00Z,APXMIDP,2025-03-30,8,-9.56,1987.5,APXMIDP
2025-03-30T03:00:00Z,APXMIDP,2025-03-30,7,-6.94,1717.05,APXMIDP
2025-03-30T02:30:00Z,APXMIDP,2025-03-30,6,-8.59,1740.4,APXMIDP
2025-03-30T02:00:00Z,APXMIDP,2025-03-30,5,-6.22,1407.45,APXMIDP
2025-03-30T01:30:00Z,APXMIDP,2025-03-30,4,-4.73,973.8,APXMIDP
2025-03-30T01:00:00Z,APXMIDP,2025-03-30,3,0.31,864.0,APXMIDP
2025-03-30T00:30:00Z,APXMIDP,2025-03-30,2,12.37,966.95,APXMIDP
2025-03-30T00:00:00Z,APXMIDP,2025-03-30,1,11.11,1001.35,APXMIDP
2025-03-29T23:30:00Z,APXMIDP,2025-03-29,48,14.7,1470.55,APXMIDP
2025-03-29T23:00:00Z,APXMIDP,2025-03-29,47,15.42,1625.5,APXMIDP
2025-03-29T22:30:00Z,APXMIDP,2025-03-29,46,16.32,2288.7,APXMIDP
2025-03-29T22:00:00Z,APXMIDP,2025-03-29,45,27.96,1930.95,APXMIDP
2025-03-29T21:30:00Z,APXMIDP,2025-03-29,44,14.47,1530.75,APXMIDP
2025-03-29T21:00:00Z,APXMIDP,2025-03-29,43,24.74,1633.2,APXMIDP
2025-03-29T20:30:00Z,APXMIDP,2025-03-29,42,34.15,1957.0,APXMIDP
2025-03-29T20:00:00Z,APXMIDP,2025-03-29,41,54.06,1951.8,APXMIDP
2025-03-29T19:30:00Z,APXMIDP,2025-03-29,40,63.81,2620.0,APXMIDP
2025-03-29T19:00:00Z,APXMIDP,2025-03-29,39,74.17,2196.65,APXMIDP
2025-03-29T18:30:00Z,APXMIDP,2025-03-29,38,94.11,2775.4,APXMIDP
2025-03-29T18:00:00Z,APXMIDP,2025-03-29,37,89.86,2539.85,APXMIDP
2025-03-29T17:30:00Z,APXMIDP,2025-03-29,36,81.66,2487.25,APXMIDP
2025-03-29T17:00:00Z,APXMIDP,2025-03-29,35,74.75,2294.3,APXMIDP
2025-03-29T16:30:00Z,APXMIDP,2025-03-29,34,51.39,3231.7,APXMIDP
2025-03-29T16:00:00Z,APXMIDP,2025-03-29,33,29.04,3121.55,APXMIDP
2025-03-29T15:30:00Z,APXMIDP,2025-03-29,32,17.11,2932.7,APXMIDP
2025-03-29T15:00:00Z,APXMIDP,2025-03-29,31,13.09,2228.55,APXMIDP
2025-03-29T14:30:00Z,APXMIDP,2025-03-29,30,-10.64,3023.15,APXMIDP
2025-03-29T14:00:00Z,APXMIDP,2025-03-29,29,-11.17,2530.85,APXMIDP
2025-03-29T13:30:00Z,APXMIDP,2025-03-29,28,-17.18,2264.0,APXMIDP
2025-03-29T13:00:00Z,APXMIDP,2025-03-29,27,-9.99,2110.25,APXMIDP
2025-03-29T12:30:00Z,APXMIDP,2025-03-29,26,-9.3,2161.2,APXMIDP
2025-03-29T12:00:00Z,APXMIDP,2025-03-29,25,-4.73,2027.45,APXMIDP
2025-03-29T11:30:00Z,APXMIDP,2025-03-29,24,4.95,2190.15,APXMIDP
2025-03-29T11:00:00Z,APXMIDP,2025-03-29,23,19.48,2289.5,APXMIDP
2025-03-29T10:30:00Z,APXMIDP,2025-03-29,22,46.61,1916.05,APXMIDP
2025-03-29T10:00:00Z,APXMIDP,2025-03-29,21,64.27,1803.85,APXMIDP
2025-03-29T09:30:00Z,APXMIDP,2025-03-29,20,78.24,1936.9,APXMIDP
2025-03-29T09:00:00Z,APXMIDP,2025-03-29,19,102.89,1413.1,APXMIDP
2025-03-29T08:30:00Z,APXMIDP,2025-03-29,18,106.09,1648.3,APXMIDP
2025-03-29T08:00:00Z,APXMIDP,2025-03-29,17,109.2,1665.6,APXMIDP
2025-03-29T07:30:00Z,APXMIDP,2025-03-29,16,105.23,1566.8,APXMIDP
2025-03-29T07:00:00Z,APXMIDP,2025-03-29,15,102.91,1483.55,APXMIDP
2025-03-29T06:30:00Z,APXMIDP,2025-03-29,14,98.87,1769.8,APXMIDP
2025-03-29T06:00:00Z,APXMIDP,2025-03-29,13,95.29,1466.75,APXMIDP
2025-03-29T05:30:00Z,APXMIDP,2025-03-29,12,93.81,1327.55,APXMIDP
2025-03-29T05:00:00Z,APXMIDP,2025-03-29,11,89.72,1114.0,APXMIDP
2025-03-29T04:30:00Z,APXMIDP,2025-03-29,10,76.18,1249.65,APXMIDP
2025-03-29T04:00:00Z,APXMIDP,2025-03-29,9,76.19,1411.35,APXMIDP
2025-03-29T03:30:00Z,APXMIDP,2025-03-29,8,76.88,1561.05,APXMIDP
2025-03-29T03:00:00Z,APXMIDP,2025-03-29,7,77.47,1716.1,APXMIDP
2025-03-29T02:30:00Z,APXMIDP,2025-03-29,6,75.19,1987.55,APXMIDP
2025-03-29T02:00:00Z,APXMIDP,2025-03-29,5,71.41,1850.35,APXMIDP
2025-03-29T01:30:00Z,APXMIDP,2025-03-29,4,76.34,1722.85,APXMIDP
2025-03-29T01:00:00Z,APXMIDP,2025-03-29,3,84.05,1532.15,APXMIDP
2025-03-29T00:30:00Z,APXMIDP,2025-03-29,2,87.64,1776.15,APXMIDP
2025-03-29T00:00:00Z,APXMIDP,2025-03-29,1,84.01,1829.35,APXMIDP
2025-03-28T23:30:00Z,APXMIDP,2025-03-28,48,89.5,1720.55,APXMIDP
2025-03-28T23:00:00Z,APXMIDP,2025-03-28,47,84.96,1889.5,APXMIDP
2025-03-28T22:30:00Z,APXMIDP,2025-03-28,46,86.24,2096.15,APXMIDP
2025-03-28T22:00:00Z,APXMIDP,2025-03-28,45,86.22,2364.6,APXMIDP
2025-03-28T21:30:00Z,APXMIDP,2025-03-28,44,90.47,2319.15,APXMIDP
2025-03-28T21:00:00Z,APXMIDP,2025-03-28,43,93.02,2128.4,APXMIDP
2025-03-28T20:30:00Z,APXMIDP,2025-03-28,42,95.31,2339.7,APXMIDP
2025-03-28T20:00:00Z,APXMIDP,2025-03-28,41,93.38,3228.9,APXMIDP
2025-03-28T19:30:00Z,APXMIDP,2025-03-28,40,99.38,2926.0,APXMIDP
2025-03-28T19:00:00Z,APXMIDP,2025-03-28,39,103.17,3183.95,APXMIDP
2025-03-28T18:30:00Z,APXMIDP,2025-03-28,38,112.89,3487.05,APXMIDP
2025-03-28T18:00:00Z,APXMIDP,2025-03-28,37,105.92,3278.25,APXMIDP
2025-03-28T17:30:00Z,APXMIDP,2025-03-28,36,102.58,3063.8,APXMIDP
2025-03-28T17:00:00Z,APXMIDP,2025-03-28,35,94.53,3198.2,APXMIDP
2025-03-28T16:30:00Z,APXMIDP,2025-03-28,34,70.74,4207.25,APXMIDP
2025-03-28T16:00:00Z,APXMIDP,2025-03-28,33,68.69,4535.45,APXMIDP
2025-03-28T15:30:00Z,APXMIDP,2025-03-28,32,40.57,3494.8,APXMIDP
2025-03-28T15:00:00Z,APXMIDP,2025-03-28,31,28.7,3563.35,APXMIDP
2025-03-28T14:30:00Z,APXMIDP,2025-03-28,30,15.89,5336.15,APXMIDP
2025-03-28T14:00:00Z,APXMIDP,2025-03-28,29,15.93,4639.0,APXMIDP
2025-03-28T13:30:00Z,APXMIDP,2025-03-28,28,0.23,3871.6,APXMIDP
2025-03-28T13:00:00Z,APXMIDP,2025-03-28,27,0.77,3657.55,APXMIDP
2025-03-28T12:30:00Z,APXMIDP,2025-03-28,26,-0.37,3061.45,APXMIDP
2025-03-28T12:00:00Z,APXMIDP,2025-03-28,25,1.33,2942.75,APXMIDP
2025-03-28T11:30:00Z,APXMIDP,2025-03-28,24,7.59,2711.65,APXMIDP
2025-03-28T11:00:00Z,APXMIDP,2025-03-28,23,10.13,2819.85,APXMIDP
2025-03-28T10:30:00Z,APXMIDP,2025-03-28,22,20.88,3102.15,APXMIDP
2025-03-28T10:00:00Z,APXMIDP,2025-03-28,21,25.87,3356.55,APXMIDP
2025-03-28T09:30:00Z,APXMIDP,2025-03-28,20,32.3,3559.85,APXMIDP
2025-03-28T09:00:00Z,APXMIDP,2025-03-28,19,35.89,3192.9,APXMIDP
2025-03-28T08:30:00Z,APXMIDP,2025-03-28,18,55.31,2657.2,APXMIDP
2025-03-28T08:00:00Z,APXMIDP,2025-03-28,17,51.21,2237.65,APXMIDP
2025-03-28T07:30:00Z,APXMIDP,2025-03-28,16,64.79,2565.55,APXMIDP
2025-03-28T07:00:00Z,APXMIDP,2025-03-28,15,60.33,2349.05,APXMIDP
2025-03-28T06:30:00Z,APXMIDP,2025-03-28,14,82.84,2310.95,APXMIDP
2025-03-28T06:00:00Z,APXMIDP,2025-03-28,13,68.63,1973.6,APXMIDP
2025-03-28T05:30:00Z,APXMIDP,2025-03-28,12,55.12,2057.4,APXMIDP
2025-03-28T05:00:00Z,APXMIDP,2025-03-28,11,47.95,1941.6,APXMIDP
2025-03-28T04:30:00Z,APXMIDP,2025-03-28,10,26.98,1862.7,APXMIDP
2025-03-28T04:00:00Z,APXMIDP,2025-03-28,9,26.07,1806.6,APXMIDP
2025-03-28T03:30:00Z,APXMIDP,2025-03-28,8,12.63,1569.25,APXMIDP
2025-03-28T03:00:00Z,APXMIDP,2025-03-28,7,12.05,1258.6,APXMIDP
2025-03-28T02:30:00Z,APXMIDP,2025-03-28,6,10.49,1628.1,APXMIDP
2025-03-28T02:00:00Z,APXMIDP,2025-03-28,5,11.14,1554.45,APXMIDP
2025-03-28T01:30:00Z,APXMIDP,2025-03-28,4,12.31,1435.3,APXMIDP
2025-03-28T01:00:00Z,APXMIDP,2025-03-28,3,16.08,1278.15,APXMIDP
2025-03-28T00:30:00Z,APXMIDP,2025-03-28,2,17.77,1438.95,APXMIDP
2025-03-28T00:00:00Z,APXMIDP,2025-03-28,1,16.93,1630.4,APXMIDP
2025-03-27T23:30:00Z,APXMIDP,2025-03-27,48,23.55,1573.2,APXMIDP
2025-03-27T23:00:00Z,APXMIDP,2025-03-27,47,31.89,1648.9,APXMIDP
2025-03-27T22:30:00Z,APXMIDP,2025-03-27,46,50.52,2435.85,APXMIDP
2025-03-27T22:00:00Z,APXMIDP,2025-03-27,45,69.83,2450.4,APXMIDP
2025-03-27T21:30:00Z,APXMIDP,2025-03-27,44,74.82,2916.15,APXMIDP
2025-03-27T21:00:00Z,APXMIDP,2025-03-27,43,83.58,3167.7,APXMIDP
2025-03-27T20:30:00Z,APXMIDP,2025-03-27,42,88.87,3402.15,APXMIDP
2025-03-27T20:00:00Z,APXMIDP,2025-03-27,41,93.9,3234.0,APXMIDP
2025-03-27T19:30:00Z,APXMIDP,2025-03-27,40,101.95,3329.4,APXMIDP
2025-03-27T19:00:00Z,APXMIDP,2025-03-27,39,105.15,3233.5,APXMIDP
2025-03-27T18:30:00Z,APXMIDP,2025-03-27,38,110.71,3478.2,APXMIDP
2025-03-27T18:00:00Z,APXMIDP,2025-03-27,37,106.54,3030.9,APXMIDP
2025-03-27T17:30:00Z,APXMIDP,2025-03-27,36,99.36,3493.85,APXMIDP
2025-03-27T17:00:00Z,APXMIDP,2025-03-27,35,90.87,3437.15,APXMIDP
2025-03-27T16:30:00Z,APXMIDP,2025-03-27,34,68.63,3283.5,APXMIDP
2025-03-27T16:00:00Z,APXMIDP,2025-03-27,33,67.71,3439.25,APXMIDP
2025-03-27T15:30:00Z,APXMIDP,2025-03-27,32,46.32,3176.1,APXMIDP
2025-03-27T15:00:00Z,APXMIDP,2025-03-27,31,51.4,2755.65,APXMIDP
2025-03-27T14:30:00Z,APXMIDP,2025-03-27,30,45.71,3200.0,APXMIDP
2025-03-27T14:00:00Z,APXMIDP,2025-03-27,29,49.09,3227.25,APXMIDP
2025-03-27T13:30:00Z,APXMIDP,2025-03-27,28,52.01,2804.05,APXMIDP
2025-03-27T13:00:00Z,APXMIDP,2025-03-27,27,57.42,3034.5,APXMIDP
2025-03-27T12:30:00Z,APXMIDP,2025-03-27,26,76.76,2891.15,APXMIDP
2025-03-27T12:00:00Z,APXMIDP,2025-03-27,25,86.42,2765.15,APXMIDP
2025-03-27T11:30:00Z,APXMIDP,2025-03-27,24,88.54,2951.9,APXMIDP
2025-03-27T11:00:00Z,APXMIDP,2025-03-27,23,90.57,2569.35,APXMIDP
2025-03-27T10:30:00Z,APXMIDP,2025-03-27,22,92.72,2919.45,APXMIDP
2025-03-27T10:00:00Z,APXMIDP,2025-03-27,21,90.74,2624.45,APXMIDP
2025-03-27T09:30:00Z,APXMIDP,2025-03-27,20,95.08,2748.85,APXMIDP
2025-03-27T09:00:00Z,APXMIDP,2025-03-27,19,100.58,2725.55,APXMIDP
2025-03-27T08:30:00Z,APXMIDP,2025-03-27,18,100.09,2340.8,APXMIDP
2025-03-27T08:00:00Z,APXMIDP,2025-03-27,17,103.33,2073.4,APXMIDP
2025-03-27T07:30:00Z,APXMIDP,2025-03-27,16,103.26,2592.45,APXMIDP
2025-03-27T07:00:00Z,APXMIDP,2025-03-27,15,102.28,2448.05,APXMIDP
2025-03-27T06:30:00Z,APXMIDP,2025-03-27,14,113.4,2053.6,APXMIDP
2025-03-27T06:00:00Z,APXMIDP,2025-03-27,13,103.52,2157.2,APXMIDP
2025-03-27T05:30:00Z,APXMIDP,2025-03-27,12,102.66,2092.35,APXMIDP
2025-03-27T05:00:00Z,APXMIDP,2025-03-27,11,96.79,2231.9,APXMIDP
2025-03-27T04:30:00Z,APXMIDP,2025-03-27,10,84.49,2046.75,APXMIDP
2025-03-27T04:00:00Z,APXMIDP,2025-03-27,9,86.99,1951.95,APXMIDP
2025-03-27T03:30:00Z,APXMIDP,2025-03-27,8,81.12,1538.05,APXMIDP
2025-03-27T03:00:00Z,APXMIDP,2025-03-27,7,76.08,1565.15,APXMIDP
2025-03-27T02:30:00Z,APXMIDP,2025-03-27,6,80.72,1672.35,APXMIDP
2025-03-27T02:00:00Z,APXMIDP,2025-03-27,5,79.75,1949.1,APXMIDP
2025-03-27T01:30:00Z,APXMIDP,2025-03-27,4,79.45,2129.7,APXMIDP
2025-03-27T01:00:00Z,APXMIDP,2025-03-27,3,85.43,2083.75,APXMIDP
2025-03-27T00:30:00Z,APXMIDP,2025-03-27,2,86.71,1662.8,APXMIDP
2025-03-27T00:00:00Z,APXMIDP,2025-03-27,1,77.85,1933.4,APXMIDP
2025-03-26T23:30:00Z,APXMIDP,2025-03-26,48,80.33,1444.15,APXMIDP
2025-03-26T23:00:00Z,APXMIDP,2025-03-26,47,79.7,1515.1,APXMIDP
2025-03-26T22:30:00Z,APXMIDP,2025-03-26,46,93.2,2575.55,APXMIDP
2025-03-26T22:00:00Z,APXMIDP,2025-03-26,45,94.43,2871.0,APXMIDP
2025-03-26T21:30:00Z,APXMIDP,2025-03-26,44,96.92,2885.3,APXMIDP
2025-03-26T21:00:00Z,APXMIDP,2025-03-26,43,94.03,3206.95,APXMIDP
2025-03-26T20:30:00Z,APXMIDP,2025-03-26,42,96.12,3000.5,APXMIDP
2025-03-26T20:00:00Z,APXMIDP,2025-03-26,41,100.54,2608.2,APXMIDP
2025-03-26T19:30:00Z,APXMIDP,2025-03-26,40,101.59,3329.7,APXMIDP
2025-03-26T19:00:00Z,APXMIDP,2025-03-26,39,102.53,3300.1,APXMIDP
2025-03-26T18:30:00Z,APXMIDP,2025-03-26,38,116.96,4549.65,APXMIDP
2025-03-26T18:00:00Z,APXMIDP,2025-03-26,37,118.64,4226.05,APXMIDP
2025-03-26T17:30:00Z,APXMIDP,2025-03-26,36,107.48,4018.4,APXMIDP
2025-03-26T17:00:00Z,APXMIDP,2025-03-26,35,104.35,3974.5,APXMIDP
2025-03-26T16:30:00Z,APXMIDP,2025-03-26,34,96.02,3144.7,APXMIDP
2025-03-26T16:00:00Z,APXMIDP,2025-03-26,33,97.05,2463.15,APXMIDP
2025-03-26T15:30:00Z,APXMIDP,2025-03-26,32,100.92,2534.6,APXMIDP
2025-03-26T15:00:00Z,APXMIDP,2025-03-26,31,100.0,2572.0,APXMIDP
2025-03-26T14:30:00Z,APXMIDP,2025-03-26,30,88.23,3339.05,APXMIDP
2025-03-26T14:00:00Z,APXMIDP,2025-03-26,29,88.6,3607.0,APXMIDP
2025-03-26T13:30:00Z,APXMIDP,2025-03-26,28,86.22,3005.9,APXMIDP
2025-03-26T13:00:00Z,APXMIDP,2025-03-26,27,87.98,2872.55,APXMIDP
2025-03-26T12:30:00Z,APXMIDP,2025-03-26,26,87.6,3369.35,APXMIDP
2025-03-26T12:00:00Z,APXMIDP,2025-03-26,25,91.11,3226.45,APXMIDP
2025-03-26T11:30:00Z,APXMIDP,2025-03-26,24,95.3,2915.55,APXMIDP
2025-03-26T11:00:00Z,APXMIDP,2025-03-26,23,98.22,2732.45,APXMIDP
2025-03-26T10:30:00Z,APXMIDP,2025-03-26,22,96.18,2478.2,APXMIDP
2025-03-26T10:00:00Z,APXMIDP,2025-03-26,21,95.79,2550.85,APXMIDP
2025-03-26T09:30:00Z,APXMIDP,2025-03-26,20,93.82,2475.75,APXMIDP
2025-03-26T09:00:00Z,APXMIDP,2025-03-26,19,101.57,2427.95,APXMIDP
2025-03-26T08:30:00Z,APXMIDP,2025-03-26,18,117.13,2382.05,APXMIDP
2025-03-26T08:00:00Z,APXMIDP,2025-03-26,17,124.19,2445.25,APXMIDP
2025-03-26T07:30:00Z,APXMIDP,2025-03-26,16,125.17,2739.3,APXMIDP
2025-03-26T07:00:00Z,APXMIDP,2025-03-26,15,124.82,2242.6,APXMIDP
2025-03-26T06:30:00Z,APXMIDP,2025-03-26,14,115.06,2469.45,APXMIDP
2025-03-26T06:00:00Z,APXMIDP,2025-03-26,13,107.7,2382.1,APXMIDP
2025-04-09T06:30:00Z,APXMIDP,2025-04-09,16,111.32,2392.65,APXMIDP
2025-04-09T06:00:00Z,APXMIDP,2025-04-09,15,100.81,2857.65,APXMIDP
2025-04-09T05:30:00Z,APXMIDP,2025-04-09,14,106.93,2212.5,APXMIDP
2025-04-09T05:00:00Z,APXMIDP,2025-04-09,13,91.0,2212.1,APXMIDP
2025-04-09T04:30:00Z,APXMIDP,2025-04-09,12,87.32,1610.0,APXMIDP
2025-04-09T04:00:00Z,APXMIDP,2025-04-09,11,88.09,1445.4,APXMIDP
2025-04-09T03:30:00Z,APXMIDP,2025-04-09,10,84.49,1687.15,APXMIDP
2025-04-09T03:00:00Z,APXMIDP,2025-04-09,9,88.14,1396.75,APXMIDP
2025-04-09T02:30:00Z,APXMIDP,2025-04-09,8,89.64,1325.9,APXMIDP
2025-04-09T02:00:00Z,APXMIDP,2025-04-09,7,88.54,1219.5,APXMIDP
2025-04-09T01:30:00Z,APXMIDP,2025-04-09,6,80.71,1482.4,APXMIDP
2025-04-09T01:00:00Z,APXMIDP,2025-04-09,5,82.26,1311.9,APXMIDP
2025-04-09T00:30:00Z,APXMIDP,2025-04-09,4,83.6,1419.75,APXMIDP
2025-04-09T00:00:00Z,APXMIDP,2025-04-09,3,83.23,1267.15,APXMIDP
2025-04-08T23:30:00Z,APXMIDP,2025-04-09,2,84.32,1333.05,APXMIDP
2025-04-08T23:00:00Z,APXMIDP,2025-04-09,1,87.57,1295.05,APXMIDP
2025-04-08T22:30:00Z,APXMIDP,2025-04-08,48,90.52,1169.25,APXMIDP
2025-04-08T22:00:00Z,APXMIDP,2025-04-08,47,90.02,1213.65,APXMIDP
2025-04-08T21:30:00Z,APXMIDP,2025-04-08,46,95.27,1473.65,APXMIDP
2025-04-08T21:00:00Z,APXMIDP,2025-04-08,45,92.53,1379.8,APXMIDP
2025-04-08T20:30:00Z,APXMIDP,2025-04-08,44,89.47,1024.9,APXMIDP
2025-04-08T20:00:00Z,APXMIDP,2025-04-08,43,105.3,911.95,APXMIDP
2025-04-08T19:30:00Z,APXMIDP,2025-04-08,42,110.43,1348.05,APXMIDP
2025-04-08T19:00:00Z,APXMIDP,2025-04-08,41,111.77,1619.0,APXMIDP
2025-04-08T18:30:00Z,APXMIDP,2025-04-08,40,111.18,1655.9,APXMIDP
2025-04-08T18:00:00Z,APXMIDP,2025-04-08,39,111.86,1882.45,APXMIDP
2025-04-08T17:30:00Z,APXMIDP,2025-04-08,38,109.03,3395.4,APXMIDP
2025-04-08T17:00:00Z,APXMIDP,2025-04-08,37,103.71,3189.4,APXMIDP
2025-04-08T16:30:00Z,APXMIDP,2025-04-08,36,94.24,3256.5,APXMIDP
2025-04-08T16:00:00Z,APXMIDP,2025-04-08,35,88.93,3395.15,APXMIDP
2025-04-08T15:30:00Z,APXMIDP,2025-04-08,34,72.37,3590.95,APXMIDP
2025-04-08T15:00:00Z,APXMIDP,2025-04-08,33,81.06,3220.25,APXMIDP
2025-04-08T14:30:00Z,APXMIDP,2025-04-08,32,80.88,3452.1,APXMIDP
2025-04-08T14:00:00Z,APXMIDP,2025-04-08,31,77.89,2842.4,APXMIDP
2025-04-08T13:30:00Z,APXMIDP,2025-04-08,30,76.36,2751.4,APXMIDP
2025-04-08T13:00:00Z,APXMIDP,2025-04-08,29,76.1,2773.1,APXMIDP
2025-04-08T12:30:00Z,APXMIDP,2025-04-08,28,76.62,2328.7,APXMIDP
2025-04-08T12:00:00Z,APXMIDP,2025-04-08,27,75.96,2481.5,APXMIDP
2025-04-08T11:30:00Z,APXMIDP,2025-04-08,26,78.3,2635.9,APXMIDP
2025-04-08T11:00:00Z,APXMIDP,2025-04-08,25,81.71,2889.0,APXMIDP
2025-04-08T10:30:00Z,APXMIDP,2025-04-08,24,81.83,2925.1,APXMIDP
2025-04-08T10:00:00Z,APXMIDP,2025-04-08,23,79.1,1846.2,APXMIDP
2025-04-08T09:30:00Z,APXMIDP,2025-04-08,22,82.44,2000.55,APXMIDP
2025-04-08T09:00:00Z,APXMIDP,2025-04-08,21,85.12,2263.15,APXMIDP
2025-04-08T08:30:00Z,APXMIDP,2025-04-08,20,86.66,2352.85,APXMIDP
2025-04-08T08:00:00Z,APXMIDP,2025-04-08,19,85.5,2359.45,APXMIDP
2025-04-08T07:30:00Z,APXMIDP,2025-04-08,18,90.76,2071.85,APXMIDP
2025-04-08T07:00:00Z,APXMIDP,2025-04-08,17,99.82,1932.15,APXMIDP
2025-04-08T06:30:00Z,APXMIDP,2025-04-08,16,113.27,2398.15,APXMIDP
2025-04-08T06:00:00Z,APXMIDP,2025-04-08,15,115.71,2088.7,APXMIDP
2025-04-08T05:30:00Z,APXMIDP,2025-04-08,14,126.6,1842.35,APXMIDP
2025-04-08T05:00:00Z,APXMIDP,2025-04-08,13,112.58,1718.4,APXMIDP
2025-04-08T04:30:00Z,APXMIDP,2025-04-08,12,78.43,1281.3,APXMIDP
2025-04-08T04:00:00Z,APXMIDP,2025-04-08,11,78.54,1063.55,APXMIDP
2025-04-08T03:30:00Z,APXMIDP,2025-04-08,10,76.79,1185.5,APXMIDP
2025-04-08T03:00:00Z,APXMIDP,2025-04-08,9,77.34,857.7,APXMIDP
2025-04-08T02:30:00Z,APXMIDP,2025-04-08,8,79.82,870.95,APXMIDP
2025-04-08T02:00:00Z,APXMIDP,2025-04-08,7,82.65,815.9,APXMIDP
2025-04-08T01:30:00Z,APXMIDP,2025-04-08,6,79.53,1139.4,APXMIDP
2025-04-08T01:00:00Z,APXMIDP,2025-04-08,5,78.58,986.65,APXMIDP
2025-04-08T00:30:00Z,APXMIDP,2025-04-08,4,75.88,1245.85,APXMIDP
2025-04-08T00:00:00Z,APXMIDP,2025-04-08,3,74.87,1006.4,APXMIDP
2025-04-07T23:30:00Z,APXMIDP,2025-04-08,2,78.76,1254.3,APXMIDP
2025-04-07T23:00:00Z,APXMIDP,2025-04-08,1,80.22,1343.45,APXMIDP
2025-04-07T22:30:00Z,APXMIDP,2025-04-07,48,78.01,1338.9,APXMIDP
2025-04-07T22:00:00Z,APXMIDP,2025-04-07,47,81.32,1437.2,APXMIDP
2025-04-07T21:30:00Z,APXMIDP,2025-04-07,46,80.43,3285.7,APXMIDP
2025-04-07T21:00:00Z,APXMIDP,2025-04-07,45,82.81,3259.35,APXMIDP
2025-04-07T20:30:00Z,APXMIDP,2025-04-07,44,87.73,3224.75,APXMIDP
2025-04-07T20:00:00Z,APXMIDP,2025-04-07,43,96.93,2881.8,APXMIDP
2025-04-07T19:30:00Z,APXMIDP,2025-04-07,42,100.17,3489.35,APXMIDP
2025-04-07T19:00:00Z,APXMIDP,2025-04-07,41,98.09,3755.5,APXMIDP
2025-04-07T18:30:00Z,APXMIDP,2025-04-07,40,110.45,4644.65,APXMIDP
2025-04-07T18:00:00Z,APXMIDP,2025-04-07,39,108.8,4359.55,APXMIDP
2025-04-07T17:30:00Z,APXMIDP,2025-04-07,38,89.48,4323.55,APXMIDP
2025-04-07T17:00:00Z,APXMIDP,2025-04-07,37,80.53,4812.2,APXMIDP
2025-04-07T16:30:00Z,APXMIDP,2025-04-07,36,70.0,3526.05,APXMIDP
2025-04-07T16:00:00Z,APXMIDP,2025-04-07,35,73.78,3813.5,APXMIDP
2025-04-07T15:30:00Z,APXMIDP,2025-04-07,34,58.12,2902.95,APXMIDP
2025-04-07T15:00:00Z,APXMIDP,2025-04-07,33,63.18,2614.65,APXMIDP
2025-04-07T14:30:00Z,APXMIDP,2025-04-07,32,64.06,2340.5,APXMIDP
2025-04-07T14:00:00Z,APXMIDP,2025-04-07,31,63.25,2049.2,APXMIDP
2025-04-07T13:30:00Z,APXMIDP,2025-04-07,30,71.21,2720.0,APXMIDP
2025-04-07T13:00:00Z,APXMIDP,2025-04-07,29,68.58,2433.8,APXMIDP
2025-04-07T12:30:00Z,APXMIDP,2025-04-07,28,71.08,2533.05,APXMIDP
2025-04-07T12:00:00Z,APXMIDP,2025-04-07,27,73.77,2730.65,APXMIDP
2025-04-07T11:30:00Z,APXMIDP,2025-04-07,26,69.33,2277.55,APXMIDP
2025-04-07T11:00:00Z,APXMIDP,2025-04-07,25,70.36,2335.4,APXMIDP
2025-04-07T10:30:00Z,APXMIDP,2025-04-07,24,70.76,2153.25,APXMIDP
2025-04-07T10:00:00Z,APXMIDP,2025-04-07,23,81.24,2558.3,APXMIDP
2025-04-07T09:30:00Z,APXMIDP,2025-04-07,22,76.19,1743.1,APXMIDP
2025-04-07T09:00:00Z,APXMIDP,2025-04-07,21,76.4,1484.25,APXMIDP
2025-04-07T08:30:00Z,APXMIDP,2025-04-07,20,86.12,1852.55,APXMIDP
2025-04-07T08:00:00Z,APXMIDP,2025-04-07,19,95.01,1998.65,APXMIDP
2025-04-07T07:30:00Z,APXMIDP,2025-04-07,18,98.39,1961.85,APXMIDP
2025-04-07T07:00:00Z,APXMIDP,2025-04-07,17,106.42,2174.4,APXMIDP
2025-04-07T06:30:00Z,APXMIDP,2025-04-07,16,123.42,2844.95,APXMIDP
2025-04-07T06:00:00Z,APXMIDP,2025-04-07,15,118.29,2478.55,APXMIDP
2025-04-07T05:30:00Z,APXMIDP,2025-04-07,14,116.82,2047.2,APXMIDP
2025-04-07T05:00:00Z,APXMIDP,2025-04-07,13,101.27,2178.15,APXMIDP
2025-04-07T04:30:00Z,APXMIDP,2025-04-07,12,88.9,1733.65,APXMIDP
2025-04-07T04:00:00Z,APXMIDP,2025-04-07,11,81.69,1455.0,APXMIDP
2025-04-07T03:30:00Z,APXMIDP,2025-04-07,10,73.48,1145.95,APXMIDP
2025-04-07T03:00:00Z,APXMIDP,2025-04-07,9,75.38,1072.45,APXMIDP
2025-04-07T02:30:00Z,APXMIDP,2025-04-07,8,68.97,1024.95,APXMIDP
2025-04-07T02:00:00Z,APXMIDP,2025-04-07,7,72.84,1103.4,APXMIDP
2025-04-07T01:30:00Z,APXMIDP,2025-04-07,6,68.69,1756.55,APXMIDP
2025-04-07T01:00:00Z,APXMIDP,2025-04-07,5,66.24,1719.25,APXMIDP
2025-04-07T00:30:00Z,APXMIDP,2025-04-07,4,71.49,1648.1,APXMIDP
2025-04-07T00:00:00Z,APXMIDP,2025-04-07,3,68.16,1491.0,APXMIDP
2025-04-06T23:30:00Z,APXMIDP,2025-04-07,2,68.54,1546.6,APXMIDP
2025-04-06T23:00:00Z,APXMIDP,2025-04-07,1,69.52,1877.35,APXMIDP
2025-04-06T22:30:00Z,APXMIDP,2025-04-06,48,73.42,1836.75,APXMIDP
2025-04-06T22:00:00Z,APXMIDP,2025-04-06,47,70.94,1846.95,APXMIDP
2025-04-06T21:30:00Z,APXMIDP,2025-04-06,46,67.72,2640.3,APXMIDP
2025-04-06T21:00:00Z,APXMIDP,2025-04-06,45,71.32,2306.9,APXMIDP
2025-04-06T20:30:00Z,APXMIDP,2025-04-06,44,73.3,2821.65,APXMIDP
2025-04-06T20:00:00Z,APXMIDP,2025-04-06,43,81.56,2591.2,APXMIDP
2025-04-06T19:30:00Z,APXMIDP,2025-04-06,42,90.55,3051.9,APXMIDP
2025-04-06T19:00:00Z,APXMIDP,2025-04-06,41,95.97,2434.6,APXMIDP
2025-04-06T18:30:00Z,APXMIDP,2025-04-06,40,102.42,2931.7,APXMIDP
2025-04-06T18:00:00Z,APXMIDP,2025-04-06,39,101.68,2636.85,APXMIDP
2025-04-06T17:30:00Z,APXMIDP,2025-04-06,38,86.51,3531.8,APXMIDP
2025-04-06T17:00:00Z,APXMIDP,2025-04-06,37,78.23,3342.6,APXMIDP
2025-04-06T16:30:00Z,APXMIDP,2025-04-06,36,74.03,2973.4,APXMIDP
2025-04-06T16:00:00Z,APXMIDP,2025-04-06,35,71.69,3325.25,APXMIDP
2025-04-06T15:30:00Z,APXMIDP,2025-04-06,34,51.9,2497.45,APXMIDP
2025-04-06T15:00:00Z,APXMIDP,2025-04-06,33,51.16,2650.9,APXMIDP
2025-04-06T14:30:00Z,APXMIDP,2025-04-06,32,40.51,2477.15,APXMIDP
2025-04-06T14:00:00Z,APXMIDP,2025-04-06,31,30.95,2679.45,APXMIDP
2025-04-06T13:30:00Z,APXMIDP,2025-04-06,30,6.35,2365.85,APXMIDP
2025-04-06T13:00:00Z,APXMIDP,2025-04-06,29,-5.66,2336.85,APXMIDP
2025-04-06T12:30:00Z,APXMIDP,2025-04-06,28,-5.38,2889.9,APXMIDP
2025-04-06T12:00:00Z,APXMIDP,2025-04-06,27,-11.72,2387.8,APXMIDP
2025-04-06T11:30:00Z,APXMIDP,2025-04-06,26,-8.19,2053.65,APXMIDP
2025-04-06T11:00:00Z,APXMIDP,2025-04-06,25,-7.15,1992.45,APXMIDP
2025-04-06T10:30:00Z,APXMIDP,2025-04-06,24,-12.03,2117.15,APXMIDP
2025-04-06T10:00:00Z,APXMIDP,2025-04-06,23,-9.74,2044.9,APXMIDP
2025-04-06T09:30:00Z,APXMIDP,2025-04-06,22,4.32,2135.3,APXMIDP
2025-04-06T09:00:00Z,APXMIDP,2025-04-06,21,10.34,2280.4,APXMIDP
2025-04-06T08:30:00Z,APXMIDP,2025-04-06,20,26.61,2137.7,APXMIDP
2025-04-06T08:00:00Z,APXMIDP,2025-04-06,19,33.34,2310.85,APXMIDP
2025-04-06T07:30:00Z,APXMIDP,2025-04-06,18,53.74,2108.3,APXMIDP
2025-04-06T07:00:00Z,APXMIDP,2025-04-06,17,55.16,1960.9,APXMIDP
2025-04-06T06:30:00Z,APXMIDP,2025-04-06,16,61.57,1788.05,APXMIDP
2025-04-06T06:00:00Z,APXMIDP,2025-04-06,15,59.89,1891.55,APXMIDP
2025-04-06T05:30:00Z,APXMIDP,2025-04-06,14,47.44,1785.1,APXMIDP
2025-04-06T05:00:00Z,APXMIDP,2025-04-06,13,44.02,1670.75,APXMIDP
2025-04-06T04:30:00Z,APXMIDP,2025-04-06,12,38.74,1533.2,APXMIDP
2025-04-06T04:00:00Z,APXMIDP,2025-04-06,11,28.54,1509.45,APXMIDP
2025-04-06T03:30:00Z,APXMIDP,2025-04-06,10,21.06,1808.4,APXMIDP
2025-04-06T03:00:00Z,APXMIDP,2025-04-06,9,16.22,1931.1,APXMIDP
2025-04-06T02:30:00Z,APXMIDP,2025-04-06,8,14.23,1811.25,APXMIDP
2025-04-06T02:00:00Z,APXMIDP,2025-04-06,7,13.78,1910.8,APXMIDP
2025-04-06T01:30:00Z,APXMIDP,2025-04-06,6,13.04,1328.1,APXMIDP
2025-04-06T01:00:00Z,APXMIDP,2025-04-06,5,16.91,1450.35,APXMIDP
2025-04-06T00:30:00Z,APXMIDP,2025-04-06,4,33.8,1386.05,APXMIDP
2025-04-06T00:00:00Z,APXMIDP,2025-04-06,3,38.85,1361.35,APXMIDP
2025-04-05T23:30:00Z,APXMIDP,2025-04-06,2,46.64,1661.05,APXMIDP
2025-04-05T23:00:00Z,APXMIDP,2025-04-06,1,54.85,1493.6,APXMIDP
2025-04-05T22:30:00Z,APXMIDP,2025-04-05,48,64.86,1189.25,APXMIDP
2025-04-05T22:00:00Z,APXMIDP,2025-04-05,47,71.4,1436.75,APXMIDP
2025-04-05T21:30:00Z,APXMIDP,2025-04-05,46,86.55,2078.95,APXMIDP
2025-04-05T21:00:00Z,APXMIDP,2025-04-05,45,87.75,1670.05,APXMIDP
2025-04-05T20:30:00Z,APXMIDP,2025-04-05,44,79.82,1892.2,APXMIDP
2025-04-05T20:00:00Z,APXMIDP,2025-04-05,43,95.19,1873.85,APXMIDP
2025-04-05T19:30:00Z,APXMIDP,2025-04-05,42,103.39,2076.0,APXMIDP
2025-04-05T19:00:00Z,APXMIDP,2025-04-05,41,101.62,1914.9,APXMIDP
2025-04-05T18:30:00Z,APXMIDP,2025-04-05,40,100.3,2548.3,APXMIDP
2025-04-05T18:00:00Z,APXMIDP,2025-04-05,39,95.83,2901.7,APXMIDP
2025-04-05T17:30:00Z,APXMIDP,2025-04-05,38,89.26,2373.05,APXMIDP
2025-04-05T17:00:00Z,APXMIDP,2025-04-05,37,79.79,2285.85,APXMIDP
2025-04-05T16:30:00Z,APXMIDP,2025-04-05,36,69.09,2398.45,APXMIDP
2025-04-05T16:00:00Z,APXMIDP,2025-04-05,35,45.5,2258.1,APXMIDP
2025-04-05T15:30:00Z,APXMIDP,2025-04-05,34,17.35,2725.05,APXMIDP
2025-04-05T15:00:00Z,APXMIDP,2025-04-05,33,-18.36,2220.25,APXMIDP
2025-04-05T14:30:00Z,APXMIDP,2025-04-05,32,-13.82,2807.2,APXMIDP
2025-04-05T14:00:00Z,APXMIDP,2025-04-05,31,-31.43,2525.9,APXMIDP
2025-04-05T13:30:00Z,APXMIDP,2025-04-05,30,-67.58,2512.2,APXMIDP
2025-04-05T13:00:00Z,APXMIDP,2025-04-05,29,-68.67,2492.9,APXMIDP
2025-04-05T12:30:00Z,APXMIDP,2025-04-05,28,-68.05,2116.35,APXMIDP
2025-04-05T12:00:00Z,APXMIDP,2025-04-05,27,-67.41,2521.2,APXMIDP
2025-04-05T11:30:00Z,APXMIDP,2025-04-05,26,-67.11,2535.35,APXMIDP
2025-04-05T11:00:00Z,APXMIDP,2025-04-05,25,-61.89,2393.4,APXMIDP
2025-04-05T10:30:00Z,APXMIDP,2025-04-05,24,-51.41,2515.7,APXMIDP
2025-04-05T10:00:00Z,APXMIDP,2025-04-05,23,-44.9,2644.25,APXMIDP
2025-04-05T09:30:00Z,APXMIDP,2025-04-05,22,-19.47,2544.35,APXMIDP
2025-04-05T09:00:00Z,APXMIDP,2025-04-05,21,-7.26,2507.2,APXMIDP
2025-04-05T08:30:00Z,APXMIDP,2025-04-05,20,0.86,2409.1,APXMIDP
2025-04-05T08:00:00Z,APXMIDP,2025-04-05,19,10.56,2585.0,APXMIDP
2025-04-05T07:30:00Z,APXMIDP,2025-04-05,18,33.85,2844.2,APXMIDP
2025-04-05T07:00:00Z,APXMIDP,2025-04-05,17,39.85,2865.5,APXMIDP
2025-04-05T06:30:00Z,APXMIDP,2025-04-05,16,45.79,2901.3,APXMIDP
2025-04-05T06:00:00Z,APXMIDP,2025-04-05,15,47.28,2727.4,APXMIDP
2025-04-05T05:30:00Z,APXMIDP,2025-04-05,14,64.52,2988.1,APXMIDP
2025-04-05T05:00:00Z,APXMIDP,2025-04-05,13,54.54,2508.35,APXMIDP
2025-04-05T04:30:00Z,APXMIDP,2025-04-05,12,50.12,2311.35,APXMIDP
2025-04-05T04:00:00Z,APXMIDP,2025-04-05,11,45.32,2236.95,APXMIDP
2025-04-05T03:30:00Z,APXMIDP,2025-04-05,10,43.79,2075.45,APXMIDP
2025-04-05T03:00:00Z,APXMIDP,2025-04-05,9,63.39,1865.8,APXMIDP
2025-04-05T02:30:00Z,APXMIDP,2025-04-05,8,71.58,1800.75,APXMIDP
2025-04-05T02:00:00Z,APXMIDP,2025-04-05,7,73.71,1704.65,APXMIDP
2025-04-05T01:30:00Z,APXMIDP,2025-04-05,6,70.38,2520.25,APXMIDP
2025-04-05T01:00:00Z,APXMIDP,2025-04-05,5,67.74,2460.4,APXMIDP
2025-04-05T00:30:00Z,APXMIDP,2025-04-05,4,66.11,2537.8,APXMIDP
2025-04-05T00:00:00Z,APXMIDP,2025-04-05,3,65.41,2155.15,APXMIDP
2025-04-04T23:30:00Z,APXMIDP,2025-04-05,2,63.79,1971.25,APXMIDP
2025-04-04T23:00:00Z,APXMIDP,2025-04-05,1,68.21,2020.95,APXMIDP
2025-04-04T22:30:00Z,APXMIDP,2025-04-04,48,56.61,1897.25,APXMIDP
2025-04-04T22:00:00Z,APXMIDP,2025-04-04,47,74.68,1710.05,APXMIDP
2025-04-04T21:30:00Z,APXMIDP,2025-04-04,46,71.98,1808.4,APXMIDP
2025-04-04T21:00:00Z,APXMIDP,2025-04-04,45,72.88,1740.55,APXMIDP
2025-04-04T20:30:00Z,APXMIDP,2025-04-04,44,65.7,1565.05,APXMIDP
2025-04-04T20:00:00Z,APXMIDP,2025-04-04,43,69.31,1773.95,APXMIDP
2025-04-04T19:30:00Z,APXMIDP,2025-04-04,42,70.37,2526.35,APXMIDP
2025-04-04T19:00:00Z,APXMIDP,2025-04-04,41,76.14,2547.65,APXMIDP
2025-04-04T18:30:00Z,APXMIDP,2025-04-04,40,87.44,2761.8,APXMIDP
2025-04-04T18:00:00Z,APXMIDP,2025-04-04,39,81.47,2514.25,APXMIDP
2025-04-04T17:30:00Z,APXMIDP,2025-04-04,38,93.56,3400.35,APXMIDP
2025-04-04T17:00:00Z,APXMIDP,2025-04-04,37,96.59,3380.15,APXMIDP
2025-04-04T16:30:00Z,APXMIDP,2025-04-04,36,95.47,3603.9,APXMIDP
2025-04-04T16:00:00Z,APXMIDP,2025-04-04,35,93.21,3490.7,APXMIDP
2025-04-04T15:30:00Z,APXMIDP,2025-04-04,34,48.8,4846.7,APXMIDP
2025-04-04T15:00:00Z,APXMIDP,2025-04-04,33,45.27,4459.6,APXMIDP
2025-04-04T14:30:00Z,APXMIDP,2025-04-04,32,44.86,5115.6,APXMIDP
2025-04-04T14:00:00Z,APXMIDP,2025-04-04,31,45.23,5608.4,APXMIDP
2025-04-04T13:30:00Z,APXMIDP,2025-04-04,30,15.44,4197.1,APXMIDP
2025-04-04T13:00:00Z,APXMIDP,2025-04-04,29,18.65,4003.35,APXMIDP
2025-04-04T12:30:00Z,APXMIDP,2025-04-04,28,26.87,3787.05,APXMIDP
2025-04-04T12:00:00Z,APXMIDP,2025-04-04,27,38.13,4108.5,APXMIDP
2025-04-04T11:30:00Z,APXMIDP,2025-04-04,26,72.11,3453.55,APXMIDP
2025-04-04T11:00:00Z,APXMIDP,2025-04-04,25,87.51,3765.2,APXMIDP
2025-04-04T10:30:00Z,APXMIDP,2025-04-04,24,93.73,4002.05,APXMIDP
2025-04-04T10:00:00Z,APXMIDP,2025-04-04,23,101.97,3942.4,APXMIDP
2025-04-04T09:30:00Z,APXMIDP,2025-04-04,22,103.99,3833.9,APXMIDP
2025-04-04T09:00:00Z,APXMIDP,2025-04-04,21,102.92,3983.15,APXMIDP
2025-04-04T08:30:00Z,APXMIDP,2025-04-04,20,98.33,3467.9,APXMIDP
2025-04-04T08:00:00Z,APXMIDP,2025-04-04,19,98.3,3442.25,APXMIDP
2025-04-04T07:30:00Z,APXMIDP,2025-04-04,18,97.0,2850.9,APXMIDP
2025-04-04T07:00:00Z,APXMIDP,2025-04-04,17,99.67,2991.5,APXMIDP
2025-04-04T06:30:00Z,APXMIDP,2025-04-04,16,108.31,3791.1,APXMIDP
2025-04-04T06:00:00Z,APXMIDP,2025-04-04,15,105.94,3745.35,APXMIDP
2025-04-04T05:30:00Z,APXMIDP,2025-04-04,14,119.83,3032.8,APXMIDP
2025-04-04T05:00:00Z,APXMIDP,2025-04-04,13,111.9,2940.3,APXMIDP
2025-04-04T04:30:00Z,APXMIDP,2025-04-04,12,96.16,2909.9,APXMIDP
2025-04-04T04:00:00Z,APXMIDP,2025-04-04,11,94.41,2858.55,APXMIDP
2025-04-04T03:30:00Z,APXMIDP,2025-04-04,10,85.42,2053.9,APXMIDP
2025-04-04T03:00:00Z,APXMIDP,2025-04-04,9,99.42,1939.95,APXMIDP
2025-04-04T02:30:00Z,APXMIDP,2025-04-04,8,96.37,1991.2,APXMIDP
2025-04-04T02:00:00Z,APXMIDP,2025-04-04,7,101.48,2214.45,APXMIDP
2025-04-04T01:30:00Z,APXMIDP,2025-04-04,6,98.32,2063.15,APXMIDP
2025-04-04T01:00:00Z,APXMIDP,2025-04-04,5,94.76,1980.85,APXMIDP
2025-04-04T00:30:00Z,APXMIDP,2025-04-04,4,100.21,2067.15,APXMIDP
2025-04-04T00:00:00Z,APXMIDP,2025-04-04,3,93.46,1968.35,APXMIDP
2025-04-03T23:30:00Z,APXMIDP,2025-04-04,2,89.81,1887.7,APXMIDP
2025-04-03T23:00:00Z,APXMIDP,2025-04-04,1,82.41,1676.2,APXMIDP
2025-04-03T22:30:00Z,APXMIDP,2025-04-03,48,77.62,2476.05,APXMIDP
2025-04-03T22:00:00Z,APXMIDP,2025-04-03,47,88.01,2390.45,APXMIDP
2025-04-03T21:30:00Z,APXMIDP,2025-04-03,46,95.76,3396.95,APXMIDP
2025-04-03T21:00:00Z,APXMIDP,2025-04-03,45,98.98,3162.25,APXMIDP
2025-04-03T20:30:00Z,APXMIDP,2025-04-03,44,103.24,3422.85,APXMIDP
2025-04-03T20:00:00Z,APXMIDP,2025-04-03,43,103.92,3747.5,APXMIDP
2025-04-03T19:30:00Z,APXMIDP,2025-04-03,42,109.53,4369.4,APXMIDP
2025-04-03T19:00:00Z,APXMIDP,2025-04-03,41,114.64,4476.25,APXMIDP
2025-04-03T18:30:00Z,APXMIDP,2025-04-03,40,117.89,5192.0,APXMIDP
2025-04-03T18:00:00Z,APXMIDP,2025-04-03,39,113.73,5030.1,APXMIDP
2025-04-03T17:30:00Z,APXMIDP,2025-04-03,38,131.31,5534.4,APXMIDP
2025-04-03T17:00:00Z,APXMIDP,2025-04-03,37,134.35,4807.05,APXMIDP
2025-04-03T16:30:00Z,APXMIDP,2025-04-03,36,127.13,4377.55,APXMIDP
2025-04-03T16:00:00Z,APXMIDP,2025-04-03,35,125.63,4280.15,APXMIDP
2025-04-03T15:30:00Z,APXMIDP,2025-04-03,34,96.97,5192.65,APXMIDP
2025-04-03T15:00:00Z,APXMIDP,2025-04-03,33,95.65,4600.95,APXMIDP
2025-04-03T14:30:00Z,APXMIDP,2025-04-03,32,86.84,4069.25,APXMIDP
2025-04-03T14:00:00Z,APXMIDP,2025-04-03,31,77.54,4149.45,APXMIDP
2025-04-03T13:30:00Z,APXMIDP,2025-04-03,30,63.63,5036.7,APXMIDP
2025-04-03T13:00:00Z,APXMIDP,2025-04-03,29,63.73,5697.15,APXMIDP
2025-04-03T12:30:00Z,APXMIDP,2025-04-03,28,66.05,4817.4,APXMIDP
2025-04-03T12:00:00Z,APXMIDP,2025-04-03,27,69.45,4872.2,APXMIDP
2025-04-03T11:30:00Z,APXMIDP,2025-04-03,26,80.79,4122.6,APXMIDP
2025-04-03T11:00:00Z,APXMIDP,2025-04-03,25,85.62,4092.05,APXMIDP
2025-04-03T10:30:00Z,APXMIDP,2025-04-03,24,80.72,3928.25,APXMIDP
2025-04-03T10:00:00Z,APXMIDP,2025-04-03,23,85.51,3877.2,APXMIDP
2025-04-03T09:30:00Z,APXMIDP,2025-04-03,22,111.78,3777.95,APXMIDP
2025-04-03T09:00:00Z,APXMIDP,2025-04-03,21,114.55,3836.4,APXMIDP
2025-04-03T08:30:00Z,APXMIDP,2025-04-03,20,119.6,4303.45,APXMIDP
2025-04-03T08:00:00Z,APXMIDP,2025-04-03,19,125.38,3876.0,APXMIDP
2025-04-03T07:30:00Z,APXMIDP,2025-04-03,18,132.72,3041.4,APXMIDP
2025-04-03T07:00:00Z,APXMIDP,2025-04-03,17,135.19,3507.45,APXMIDP
2025-04-03T06:30:00Z,APXMIDP,2025-04-03,16,140.03,3952.0,APXMIDP
2025-04-03T06:00:00Z,APXMIDP,2025-04-03,15,134.84,3864.6,APXMIDP
2025-04-03T05:30:00Z,APXMIDP,2025-04-03,14,134.14,2741.0,APXMIDP
2025-04-03T05:00:00Z,APXMIDP,2025-04-03,13,122.66,2973.85,APXMIDP
2025-04-03T04:30:00Z,APXMIDP,2025-04-03,12,107.43,2513.2,APXMIDP
2025-04-03T04:00:00Z,APXMIDP,2025-04-03,11,116.72,2038.2,APXMIDP
2025-04-03T03:30:00Z,APXMIDP,2025-04-03,10,85.54,2059.8,APXMIDP
2025-04-03T03:00:00Z,APXMIDP,2025-04-03,9,87.06,1872.15,APXMIDP
2025-04-03T02:30:00Z,APXMIDP,2025-04-03,8,69.29,2156.65,APXMIDP
2025-04-03T02:00:00Z,APXMIDP,2025-04-03,7,71.35,1869.75,APXMIDP
2025-04-03T01:30:00Z,APXMIDP,2025-04-03,6,76.5,2132.55,APXMIDP
2025-04-03T01:00:00Z,APXMIDP,2025-04-03,5,74.96,2191.8,APXMIDP
2025-04-03T00:30:00Z,APXMIDP,2025-04-03,4,79.78,1595.1,APXMIDP
2025-04-03T00:00:00Z,APXMIDP,2025-04-03,3,81.85,1658.05,APXMIDP
2025-04-02T23:30:00Z,APXMIDP,2025-04-03,2,83.19,1997.25,APXMIDP
2025-04-02T23:00:00Z,APXMIDP,2025-04-03,1,85.81,2128.65,APXMIDP
2025-04-02T22:30:00Z,APXMIDP,2025-04-02,48,91.28,2458.0,APXMIDP
2025-04-02T22:00:00Z,APXMIDP,2025-04-02,47,96.33,2160.6,APXMIDP
2025-04-02T21:30:00Z,APXMIDP,2025-04-02,46,101.9,2846.05,APXMIDP
2025-04-02T21:00:00Z,APXMIDP,2025-04-02,45,101.48,2856.35,APXMIDP
2025-04-02T20:30:00Z,APXMIDP,2025-04-02,44,106.59,2999.7,APXMIDP
2025-04-02T20:00:00Z,APXMIDP,2025-04-02,43,113.2,3110.7,APXMIDP
2025-04-02T19:30:00Z,APXMIDP,2025-04-02,42,114.76,2758.95,APXMIDP
2025-04-02T19:00:00Z,APXMIDP,2025-04-02,41,114.45,2716.05,APXMIDP
2025-04-02T18:30:00Z,APXMIDP,2025-04-02,40,112.68,2968.65,APXMIDP
2025-04-02T18:00:00Z,APXMIDP,2025-04-02,39,111.05,2903.55,APXMIDP
2025-04-02T17:30:00Z,APXMIDP,2025-04-02,38,96.05,3224.35,APXMIDP
2025-04-02T17:00:00Z,APXMIDP,2025-04-02,37,91.32,3501.2,APXMIDP
2025-04-02T16:30:00Z,APXMIDP,2025-04-02,36,83.35,3266.3,APXMIDP
2025-04-02T16:00:00Z,APXMIDP,2025-04-02,35,68.3,3448.15,APXMIDP
2025-04-02T15:30:00Z,APXMIDP,2025-04-02,34,35.38,3903.35,APXMIDP
2025-04-02T15:00:00Z,APXMIDP,2025-04-02,33,7.3,3344.9,APXMIDP
2025-04-02T14:30:00Z,APXMIDP,2025-04-02,32,8.66,3599.35,APXMIDP
2025-04-02T14:00:00Z,APXMIDP,2025-04-02,31,0.96,3731.15,APXMIDP
2025-04-02T13:30:00Z,APXMIDP,2025-04-02,30,-13.33,4957.85,APXMIDP
2025-04-02T13:00:00Z,APXMIDP,2025-04-02,29,-11.66,4918.3,APXMIDP
2025-04-02T12:30:00Z,APXMIDP,2025-04-02,28,-13.42,4739.7,APXMIDP
2025-04-02T12:00:00Z,APXMIDP,2025-04-02,27,-9.52,5591.9,APXMIDP
2025-04-02T11:30:00Z,APXMIDP,2025-04-02,26,-15.2,5263.15,APXMIDP
2025-04-02T11:00:00Z,APXMIDP,2025-04-02,25,-8.94,4788.1,APXMIDP
2025-04-02T10:30:00Z,APXMIDP,2025-04-02,24,4.57,4893.85,APXMIDP
2025-04-02T10:00:00Z,APXMIDP,2025-04-02,23,-3.51,4134.3,APXMIDP
2025-04-02T09:30:00Z,APXMIDP,2025-04-02,22,29.69,3795.0,APXMIDP
2025-04-02T09:00:00Z,APXMIDP,2025-04-02,21,52.78,3977.5,APXMIDP
2025-04-02T08:30:00Z,APXMIDP,2025-04-02,20,96.03,4912.9,APXMIDP
2025-04-02T08:00:00Z,APXMIDP,2025-04-02,19,105.3,4447.0,APXMIDP
2025-04-02T07:30:00Z,APXMIDP,2025-04-02,18,127.73,2932.2,APXMIDP
2025-04-02T07:00:00Z,APXMIDP,2025-04-02,17,127.04,2760.05,APXMIDP
2025-04-02T06:30:00Z,APXMIDP,2025-04-02,16,122.53,2228.95,APXMIDP
2025-04-16T07:00:00Z,APXMIDP,2025-04-16,17,108.3,4164.8,APXMIDP
2025-04-16T06:30:00Z,APXMIDP,2025-04-16,16,110.32,3947.75,APXMIDP
2025-04-16T06:00:00Z,APXMIDP,2025-04-16,15,106.81,3961.45,APXMIDP
2025-04-16T05:30:00Z,APXMIDP,2025-04-16,14,89.11,2485.85,APXMIDP
2025-04-16T05:00:00Z,APXMIDP,2025-04-16,13,85.38,2240.8,APXMIDP
2025-04-16T04:30:00Z,APXMIDP,2025-04-16,12,65.32,2371.7,APXMIDP
2025-04-16T04:00:00Z,APXMIDP,2025-04-16,11,71.6,2469.75,APXMIDP
2025-04-16T03:30:00Z,APXMIDP,2025-04-16,10,72.89,2356.25,APXMIDP
2025-04-16T03:00:00Z,APXMIDP,2025-04-16,9,74.31,2235.5,APXMIDP
2025-04-16T02:30:00Z,APXMIDP,2025-04-16,8,78.59,2137.3,APXMIDP
2025-04-16T02:00:00Z,APXMIDP,2025-04-16,7,81.69,2100.95,APXMIDP
2025-04-16T01:30:00Z,APXMIDP,2025-04-16,6,74.33,2326.9,APXMIDP
2025-04-16T01:00:00Z,APXMIDP,2025-04-16,5,82.6,2359.2,APXMIDP
2025-04-16T00:30:00Z,APXMIDP,2025-04-16,4,79.15,1810.6,APXMIDP
2025-04-16T00:00:00Z,APXMIDP,2025-04-16,3,79.1,2182.3,APXMIDP
2025-04-15T23:30:00Z,APXMIDP,2025-04-16,2,82.35,2742.5,APXMIDP
2025-04-15T23:00:00Z,APXMIDP,2025-04-16,1,82.74,2644.1,APXMIDP
2025-04-15T22:30:00Z,APXMIDP,2025-04-15,48,79.26,3127.35,APXMIDP
2025-04-15T22:00:00Z,APXMIDP,2025-04-15,47,76.55,3091.15,APXMIDP
2025-04-15T21:30:00Z,APXMIDP,2025-04-15,46,87.84,3734.25,APXMIDP
2025-04-15T21:00:00Z,APXMIDP,2025-04-15,45,90.41,3528.9,APXMIDP
2025-04-15T20:30:00Z,APXMIDP,2025-04-15,44,85.96,3292.85,APXMIDP
2025-04-15T20:00:00Z,APXMIDP,2025-04-15,43,93.96,3282.9,APXMIDP
2025-04-15T19:30:00Z,APXMIDP,2025-04-15,42,87.13,3384.2,APXMIDP
2025-04-15T19:00:00Z,APXMIDP,2025-04-15,41,88.24,3064.2,APXMIDP
2025-04-15T18:30:00Z,APXMIDP,2025-04-15,40,89.75,3541.55,APXMIDP
2025-04-15T18:00:00Z,APXMIDP,2025-04-15,39,88.31,3339.8,APXMIDP
2025-04-15T17:30:00Z,APXMIDP,2025-04-15,38,98.25,3675.1,APXMIDP
2025-04-15T17:00:00Z,APXMIDP,2025-04-15,37,101.29,3889.6,APXMIDP
2025-04-15T16:30:00Z,APXMIDP,2025-04-15,36,99.16,4191.05,APXMIDP
2025-04-15T16:00:00Z,APXMIDP,2025-04-15,35,99.41,4281.15,APXMIDP
2025-04-15T15:30:00Z,APXMIDP,2025-04-15,34,96.61,4763.3,APXMIDP
2025-04-15T15:00:00Z,APXMIDP,2025-04-15,33,91.59,4839.7,APXMIDP
2025-04-15T14:30:00Z,APXMIDP,2025-04-15,32,99.44,4508.2,APXMIDP
2025-04-15T14:00:00Z,APXMIDP,2025-04-15,31,98.25,4260.0,APXMIDP
2025-04-15T13:30:00Z,APXMIDP,2025-04-15,30,92.11,3915.05,APXMIDP
2025-04-15T13:00:00Z,APXMIDP,2025-04-15,29,92.53,3856.95,APXMIDP
2025-04-15T12:30:00Z,APXMIDP,2025-04-15,28,88.29,3307.65,APXMIDP
2025-04-15T12:00:00Z,APXMIDP,2025-04-15,27,88.22,3266.8,APXMIDP
2025-04-15T11:30:00Z,APXMIDP,2025-04-15,26,98.44,3290.8,APXMIDP
2025-04-15T11:00:00Z,APXMIDP,2025-04-15,25,95.71,3072.2,APXMIDP
2025-04-15T10:30:00Z,APXMIDP,2025-04-15,24,91.33,2504.0,APXMIDP
2025-04-15T10:00:00Z,APXMIDP,2025-04-15,23,100.0,2448.5,APXMIDP
2025-04-15T09:30:00Z,APXMIDP,2025-04-15,22,100.03,3150.6,APXMIDP
2025-04-15T09:00:00Z,APXMIDP,2025-04-15,21,99.46,3406.8,APXMIDP
2025-04-15T08:30:00Z,APXMIDP,2025-04-15,20,98.05,3267.0,APXMIDP
2025-04-15T08:00:00Z,APXMIDP,2025-04-15,19,98.41,3243.95,APXMIDP
2025-04-15T07:30:00Z,APXMIDP,2025-04-15,18,100.77,2381.15,APXMIDP
2025-04-15T07:00:00Z,APXMIDP,2025-04-15,17,99.15,2389.6,APXMIDP
2025-04-15T06:30:00Z,APXMIDP,2025-04-15,16,89.23,2723.9,APXMIDP
2025-04-15T06:00:00Z,APXMIDP,2025-04-15,15,71.8,2972.1,APXMIDP
2025-04-15T05:30:00Z,APXMIDP,2025-04-15,14,72.9,2904.35,APXMIDP
2025-04-15T05:00:00Z,APXMIDP,2025-04-15,13,77.19,2417.75,APXMIDP
2025-04-15T04:30:00Z,APXMIDP,2025-04-15,12,82.47,2557.65,APXMIDP
2025-04-15T04:00:00Z,APXMIDP,2025-04-15,11,74.49,1852.75,APXMIDP
2025-04-15T03:30:00Z,APXMIDP,2025-04-15,10,72.65,1794.55,APXMIDP
2025-04-15T03:00:00Z,APXMIDP,2025-04-15,9,73.68,1938.9,APXMIDP
2025-04-15T02:30:00Z,APXMIDP,2025-04-15,8,73.61,2002.5,APXMIDP
2025-04-15T02:00:00Z,APXMIDP,2025-04-15,7,75.79,1901.05,APXMIDP
2025-04-15T01:30:00Z,APXMIDP,2025-04-15,6,78.62,1875.9,APXMIDP
2025-04-15T01:00:00Z,APXMIDP,2025-04-15,5,83.4,1990.95,APXMIDP
2025-04-15T00:30:00Z,APXMIDP,2025-04-15,4,87.39,1967.9,APXMIDP
2025-04-15T00:00:00Z,APXMIDP,2025-04-15,3,84.36,1927.4,APXMIDP
2025-04-14T23:30:00Z,APXMIDP,2025-04-15,2,81.91,1451.6,APXMIDP
2025-04-14T23:00:00Z,APXMIDP,2025-04-15,1,78.63,1634.55,APXMIDP
2025-04-14T22:30:00Z,APXMIDP,2025-04-14,48,77.32,1674.7,APXMIDP
2025-04-14T22:00:00Z,APXMIDP,2025-04-14,47,76.96,1695.7,APXMIDP
2025-04-14T21:30:00Z,APXMIDP,2025-04-14,46,79.87,3059.95,APXMIDP
2025-04-14T21:00:00Z,APXMIDP,2025-04-14,45,76.42,3197.4,APXMIDP
2025-04-14T20:30:00Z,APXMIDP,2025-04-14,44,78.29,2640.6,APXMIDP
2025-04-14T20:00:00Z,APXMIDP,2025-04-14,43,80.74,3056.25,APXMIDP
2025-04-14T19:30:00Z,APXMIDP,2025-04-14,42,82.04,2860.6,APXMIDP
2025-04-14T19:00:00Z,APXMIDP,2025-04-14,41,83.79,2388.9,APXMIDP
2025-04-14T18:30:00Z,APXMIDP,2025-04-14,40,96.48,2980.8,APXMIDP
2025-04-14T18:00:00Z,APXMIDP,2025-04-14,39,94.43,3597.15,APXMIDP
2025-04-14T17:30:00Z,APXMIDP,2025-04-14,38,102.25,3114.05,APXMIDP
2025-04-14T17:00:00Z,APXMIDP,2025-04-14,37,95.92,3028.25,APXMIDP
2025-04-14T16:30:00Z,APXMIDP,2025-04-14,36,87.42,2937.4,APXMIDP
2025-04-14T16:00:00Z,APXMIDP,2025-04-14,35,87.42,2790.9,APXMIDP
2025-04-14T15:30:00Z,APXMIDP,2025-04-14,34,74.54,3483.2,APXMIDP
2025-04-14T15:00:00Z,APXMIDP,2025-04-14,33,83.14,3252.8,APXMIDP
2025-04-14T14:30:00Z,APXMIDP,2025-04-14,32,79.52,2931.95,APXMIDP
2025-04-14T14:00:00Z,APXMIDP,2025-04-14,31,78.74,2793.0,APXMIDP
2025-04-14T13:30:00Z,APXMIDP,2025-04-14,30,64.31,3490.7,APXMIDP
2025-04-14T13:00:00Z,APXMIDP,2025-04-14,29,63.76,3864.1,APXMIDP
2025-04-14T12:30:00Z,APXMIDP,2025-04-14,28,63.87,3686.65,APXMIDP
2025-04-14T12:00:00Z,APXMIDP,2025-04-14,27,61.14,3808.5,APXMIDP
2025-04-14T11:30:00Z,APXMIDP,2025-04-14,26,51.05,3454.6,APXMIDP
2025-04-14T11:00:00Z,APXMIDP,2025-04-14,25,51.87,3274.3,APXMIDP
2025-04-14T10:30:00Z,APXMIDP,2025-04-14,24,42.49,2815.85,APXMIDP
2025-04-14T10:00:00Z,APXMIDP,2025-04-14,23,44.72,3139.5,APXMIDP
2025-04-14T09:30:00Z,APXMIDP,2025-04-14,22,54.35,4087.95,APXMIDP
2025-04-14T09:00:00Z,APXMIDP,2025-04-14,21,55.91,3767.25,APXMIDP
2025-04-14T08:30:00Z,APXMIDP,2025-04-14,20,69.63,3880.35,APXMIDP
2025-04-14T08:00:00Z,APXMIDP,2025-04-14,19,69.81,3701.65,APXMIDP
2025-04-14T07:30:00Z,APXMIDP,2025-04-14,18,51.33,2578.8,APXMIDP
2025-04-14T07:00:00Z,APXMIDP,2025-04-14,17,75.32,2554.05,APXMIDP
2025-04-14T06:30:00Z,APXMIDP,2025-04-14,16,99.58,2784.0,APXMIDP
2025-04-14T06:00:00Z,APXMIDP,2025-04-14,15,92.36,2377.4,APXMIDP
2025-04-14T05:30:00Z,APXMIDP,2025-04-14,14,80.74,2480.8,APXMIDP
2025-04-14T05:00:00Z,APXMIDP,2025-04-14,13,80.0,2051.2,APXMIDP
2025-04-14T04:30:00Z,APXMIDP,2025-04-14,12,75.99,1629.5,APXMIDP
2025-04-14T04:00:00Z,APXMIDP,2025-04-14,11,80.95,1750.8,APXMIDP
2025-04-14T03:30:00Z,APXMIDP,2025-04-14,10,75.93,1751.85,APXMIDP
2025-04-14T03:00:00Z,APXMIDP,2025-04-14,9,84.73,2014.45,APXMIDP
2025-04-14T02:30:00Z,APXMIDP,2025-04-14,8,75.69,1948.3,APXMIDP
2025-04-14T02:00:00Z,APXMIDP,2025-04-14,7,79.04,2163.0,APXMIDP
2025-04-14T01:30:00Z,APXMIDP,2025-04-14,6,77.67,2364.85,APXMIDP
2025-04-14T01:00:00Z,APXMIDP,2025-04-14,5,85.32,2262.5,APXMIDP
2025-04-14T00:30:00Z,APXMIDP,2025-04-14,4,86.09,1878.25,APXMIDP
2025-04-14T00:00:00Z,APXMIDP,2025-04-14,3,85.31,1773.75,APXMIDP
2025-04-13T23:30:00Z,APXMIDP,2025-04-14,2,88.68,1837.15,APXMIDP
2025-04-13T23:00:00Z,APXMIDP,2025-04-14,1,96.42,1852.4,APXMIDP
2025-04-13T22:30:00Z,APXMIDP,2025-04-13,48,86.86,1631.8,APXMIDP
2025-04-13T22:00:00Z,APXMIDP,2025-04-13,47,84.63,1492.3,APXMIDP
2025-04-13T21:30:00Z,APXMIDP,2025-04-13,46,76.64,2671.5,APXMIDP
2025-04-13T21:00:00Z,APXMIDP,2025-04-13,45,67.14,2845.25,APXMIDP
2025-04-13T20:30:00Z,APXMIDP,2025-04-13,44,66.22,2296.05,APXMIDP
2025-04-13T20:00:00Z,APXMIDP,2025-04-13,43,68.98,2621.1,APXMIDP
2025-04-13T19:30:00Z,APXMIDP,2025-04-13,42,80.85,3009.55,APXMIDP
2025-04-13T19:00:00Z,APXMIDP,2025-04-13,41,84.7,2738.8,APXMIDP
2025-04-13T18:30:00Z,APXMIDP,2025-04-13,40,84.66,2832.4,APXMIDP
2025-04-13T18:00:00Z,APXMIDP,2025-04-13,39,84.21,2329.15,APXMIDP
2025-04-13T17:30:00Z,APXMIDP,2025-04-13,38,77.63,2690.0,APXMIDP
2025-04-13T17:00:00Z,APXMIDP,2025-04-13,37,81.18,2959.65,APXMIDP
2025-04-13T16:30:00Z,APXMIDP,2025-04-13,36,79.16,2558.35,APXMIDP
2025-04-13T16:00:00Z,APXMIDP,2025-04-13,35,78.92,2785.15,APXMIDP
2025-04-13T15:30:00Z,APXMIDP,2025-04-13,34,79.36,2687.2,APXMIDP
2025-04-13T15:00:00Z,APXMIDP,2025-04-13,33,62.41,3335.4,APXMIDP
2025-04-13T14:30:00Z,APXMIDP,2025-04-13,32,37.49,3399.7,APXMIDP
2025-04-13T14:00:00Z,APXMIDP,2025-04-13,31,31.53,3115.65,APXMIDP
2025-04-13T13:30:00Z,APXMIDP,2025-04-13,30,45.41,2884.2,APXMIDP
2025-04-13T13:00:00Z,APXMIDP,2025-04-13,29,48.94,3319.15,APXMIDP
2025-04-13T12:30:00Z,APXMIDP,2025-04-13,28,58.61,2739.2,APXMIDP
2025-04-13T12:00:00Z,APXMIDP,2025-04-13,27,59.69,2880.2,APXMIDP
2025-04-13T11:30:00Z,APXMIDP,2025-04-13,26,72.65,2791.9,APXMIDP
2025-04-13T11:00:00Z,APXMIDP,2025-04-13,25,77.54,2568.0,APXMIDP
2025-04-13T10:30:00Z,APXMIDP,2025-04-13,24,81.28,2593.35,APXMIDP
2025-04-13T10:00:00Z,APXMIDP,2025-04-13,23,81.38,2287.5,APXMIDP
2025-04-13T09:30:00Z,APXMIDP,2025-04-13,22,78.51,3121.65,APXMIDP
2025-04-13T09:00:00Z,APXMIDP,2025-04-13,21,82.23,3005.45,APXMIDP
2025-04-13T08:30:00Z,APXMIDP,2025-04-13,20,83.66,3341.95,APXMIDP
2025-04-13T08:00:00Z,APXMIDP,2025-04-13,19,81.96,3425.85,APXMIDP
2025-04-13T07:30:00Z,APXMIDP,2025-04-13,18,80.75,3446.9,APXMIDP
2025-04-13T07:00:00Z,APXMIDP,2025-04-13,17,71.05,3450.1,APXMIDP
2025-04-13T06:30:00Z,APXMIDP,2025-04-13,16,67.47,2925.65,APXMIDP
2025-04-13T06:00:00Z,APXMIDP,2025-04-13,15,62.67,2602.05,APXMIDP
2025-04-13T05:30:00Z,APXMIDP,2025-04-13,14,45.5,3370.65,APXMIDP
2025-04-13T05:00:00Z,APXMIDP,2025-04-13,13,43.63,3055.2,APXMIDP
2025-04-13T04:30:00Z,APXMIDP,2025-04-13,12,36.7,2963.3,APXMIDP
2025-04-13T04:00:00Z,APXMIDP,2025-04-13,11,18.56,2593.75,APXMIDP
2025-04-13T03:30:00Z,APXMIDP,2025-04-13,10,19.44,2251.3,APXMIDP
2025-04-13T03:00:00Z,APXMIDP,2025-04-13,9,23.01,2087.7,APXMIDP
2025-04-13T02:30:00Z,APXMIDP,2025-04-13,8,31.21,1887.7,APXMIDP
2025-04-13T02:00:00Z,APXMIDP,2025-04-13,7,40.97,2038.25,APXMIDP
2025-04-13T01:30:00Z,APXMIDP,2025-04-13,6,67.41,2321.4,APXMIDP
2025-04-13T01:00:00Z,APXMIDP,2025-04-13,5,76.47,2528.75,APXMIDP
2025-04-13T00:30:00Z,APXMIDP,2025-04-13,4,74.22,2522.2,APXMIDP
2025-04-13T00:00:00Z,APXMIDP,2025-04-13,3,72.78,2201.15,APXMIDP
2025-04-12T23:30:00Z,APXMIDP,2025-04-13,2,71.39,2506.0,APXMIDP
2025-04-12T23:00:00Z,APXMIDP,2025-04-13,1,72.58,2371.5,APXMIDP
2025-04-12T22:30:00Z,APXMIDP,2025-04-12,48,70.17,2073.35,APXMIDP
2025-04-12T22:00:00Z,APXMIDP,2025-04-12,47,64.76,2282.7,APXMIDP
2025-04-12T21:30:00Z,APXMIDP,2025-04-12,46,77.1,1723.75,APXMIDP
2025-04-12T21:00:00Z,APXMIDP,2025-04-12,45,77.96,1999.95,APXMIDP
2025-04-12T20:30:00Z,APXMIDP,2025-04-12,44,80.22,1836.65,APXMIDP
2025-04-12T20:00:00Z,APXMIDP,2025-04-12,43,85.87,1756.05,APXMIDP
2025-04-12T19:30:00Z,APXMIDP,2025-04-12,42,85.06,2282.05,APXMIDP
2025-04-12T19:00:00Z,APXMIDP,2025-04-12,41,77.33,2190.35,APXMIDP
2025-04-12T18:30:00Z,APXMIDP,2025-04-12,40,83.93,2398.7,APXMIDP
2025-04-12T18:00:00Z,APXMIDP,2025-04-12,39,80.09,2329.5,APXMIDP
2025-04-12T17:30:00Z,APXMIDP,2025-04-12,38,85.0,2759.95,APXMIDP
2025-04-12T17:00:00Z,APXMIDP,2025-04-12,37,78.95,3580.6,APXMIDP
2025-04-12T16:30:00Z,APXMIDP,2025-04-12,36,75.32,3226.1,APXMIDP
2025-04-12T16:00:00Z,APXMIDP,2025-04-12,35,81.26,3329.35,APXMIDP
2025-04-12T15:30:00Z,APXMIDP,2025-04-12,34,42.11,2448.25,APXMIDP
2025-04-12T15:00:00Z,APXMIDP,2025-04-12,33,33.77,2634.75,APXMIDP
2025-04-12T14:30:00Z,APXMIDP,2025-04-12,32,12.69,2820.3,APXMIDP
2025-04-12T14:00:00Z,APXMIDP,2025-04-12,31,-0.86,2767.9,APXMIDP
2025-04-12T13:30:00Z,APXMIDP,2025-04-12,30,-2.1,3469.7,APXMIDP
2025-04-12T13:00:00Z,APXMIDP,2025-04-12,29,-3.37,3465.65,APXMIDP
2025-04-12T12:30:00Z,APXMIDP,2025-04-12,28,0.86,3067.2,APXMIDP
2025-04-12T12:00:00Z,APXMIDP,2025-04-12,27,7.05,3006.3,APXMIDP
2025-04-12T11:30:00Z,APXMIDP,2025-04-12,26,21.52,3189.5,APXMIDP
2025-04-12T11:00:00Z,APXMIDP,2025-04-12,25,31.47,3200.35,APXMIDP
2025-04-12T10:30:00Z,APXMIDP,2025-04-12,24,46.36,3079.25,APXMIDP
2025-04-12T10:00:00Z,APXMIDP,2025-04-12,23,52.48,3080.8,APXMIDP
2025-04-12T09:30:00Z,APXMIDP,2025-04-12,22,70.33,2198.35,APXMIDP
2025-04-12T09:00:00Z,APXMIDP,2025-04-12,21,78.34,2230.6,APXMIDP
2025-04-12T08:30:00Z,APXMIDP,2025-04-12,20,79.46,1972.7,APXMIDP
2025-04-12T08:00:00Z,APXMIDP,2025-04-12,19,79.61,2062.95,APXMIDP
2025-04-12T07:30:00Z,APXMIDP,2025-04-12,18,80.92,1766.3,APXMIDP
2025-04-12T07:00:00Z,APXMIDP,2025-04-12,17,84.76,1897.75,APXMIDP
2025-04-12T06:30:00Z,APXMIDP,2025-04-12,16,84.08,1907.05,APXMIDP
2025-04-12T06:00:00Z,APXMIDP,2025-04-12,15,83.5,1922.5,APXMIDP
2025-04-12T05:30:00Z,APXMIDP,2025-04-12,14,103.86,1739.9,APXMIDP
2025-04-12T05:00:00Z,APXMIDP,2025-04-12,13,101.14,1573.7,APXMIDP
2025-04-12T04:30:00Z,APXMIDP,2025-04-12,12,100.76,1528.15,APXMIDP
2025-04-12T04:00:00Z,APXMIDP,2025-04-12,11,101.06,1571.9,APXMIDP
2025-04-12T03:30:00Z,APXMIDP,2025-04-12,10,95.55,1398.9,APXMIDP
2025-04-12T03:00:00Z,APXMIDP,2025-04-12,9,93.12,1413.75,APXMIDP
2025-04-12T02:30:00Z,APXMIDP,2025-04-12,8,92.24,1427.7,APXMIDP
2025-04-12T02:00:00Z,APXMIDP,2025-04-12,7,96.57,1318.95,APXMIDP
2025-04-12T01:30:00Z,APXMIDP,2025-04-12,6,86.49,975.85,APXMIDP
2025-04-12T01:00:00Z,APXMIDP,2025-04-12,5,88.37,1105.8,APXMIDP
2025-04-12T00:30:00Z,APXMIDP,2025-04-12,4,87.24,902.1,APXMIDP
2025-04-12T00:00:00Z,APXMIDP,2025-04-12,3,82.78,888.8,APXMIDP
2025-04-11T23:30:00Z,APXMIDP,2025-04-12,2,85.84,994.45,APXMIDP
2025-04-11T23:00:00Z,APXMIDP,2025-04-12,1,81.44,936.5,APXMIDP
2025-04-11T22:30:00Z,APXMIDP,2025-04-11,48,85.96,1583.0,APXMIDP
2025-04-11T22:00:00Z,APXMIDP,2025-04-11,47,76.2,1500.8,APXMIDP
2025-04-11T21:30:00Z,APXMIDP,2025-04-11,46,79.19,2274.6,APXMIDP
2025-04-11T21:00:00Z,APXMIDP,2025-04-11,45,81.24,2285.55,APXMIDP
2025-04-11T20:30:00Z,APXMIDP,2025-04-11,44,81.24,2329.85,APXMIDP
2025-04-11T20:00:00Z,APXMIDP,2025-04-11,43,88.55,2142.25,APXMIDP
2025-04-11T19:30:00Z,APXMIDP,2025-04-11,42,95.43,2084.95,APXMIDP
2025-04-11T19:00:00Z,APXMIDP,2025-04-11,41,98.81,2243.5,APXMIDP
2025-04-11T18:30:00Z,APXMIDP,2025-04-11,40,100.22,2207.45,APXMIDP
2025-04-11T18:00:00Z,APXMIDP,2025-04-11,39,96.79,2241.95,APXMIDP
2025-04-11T17:30:00Z,APXMIDP,2025-04-11,38,95.35,2693.3,APXMIDP
2025-04-11T17:00:00Z,APXMIDP,2025-04-11,37,82.13,2449.55,APXMIDP
2025-04-11T16:30:00Z,APXMIDP,2025-04-11,36,79.18,3178.8,APXMIDP
2025-04-11T16:00:00Z,APXMIDP,2025-04-11,35,84.89,2633.7,APXMIDP
2025-04-11T15:30:00Z,APXMIDP,2025-04-11,34,75.29,3126.65,APXMIDP
2025-04-11T15:00:00Z,APXMIDP,2025-04-11,33,78.55,2807.1,APXMIDP
2025-04-11T14:30:00Z,APXMIDP,2025-04-11,32,72.55,3062.75,APXMIDP
2025-04-11T14:00:00Z,APXMIDP,2025-04-11,31,68.99,3135.4,APXMIDP
2025-04-11T13:30:00Z,APXMIDP,2025-04-11,30,64.21,4913.15,APXMIDP
2025-04-11T13:00:00Z,APXMIDP,2025-04-11,29,63.88,4291.55,APXMIDP
2025-04-11T12:30:00Z,APXMIDP,2025-04-11,28,59.33,4065.5,APXMIDP
2025-04-11T12:00:00Z,APXMIDP,2025-04-11,27,59.39,3661.1,APXMIDP
2025-04-11T11:30:00Z,APXMIDP,2025-04-11,26,61.35,3040.2,APXMIDP
2025-04-11T11:00:00Z,APXMIDP,2025-04-11,25,61.2,3017.75,APXMIDP
2025-04-11T10:30:00Z,APXMIDP,2025-04-11,24,59.71,3111.8,APXMIDP
2025-04-11T10:00:00Z,APXMIDP,2025-04-11,23,61.87,2985.95,APXMIDP
2025-04-11T09:30:00Z,APXMIDP,2025-04-11,22,68.22,2944.8,APXMIDP
2025-04-11T09:00:00Z,APXMIDP,2025-04-11,21,66.04,2384.15,APXMIDP
2025-04-11T08:30:00Z,APXMIDP,2025-04-11,20,66.0,2247.95,APXMIDP
2025-04-11T08:00:00Z,APXMIDP,2025-04-11,19,73.03,1646.55,APXMIDP
2025-04-11T07:30:00Z,APXMIDP,2025-04-11,18,99.75,3014.0,APXMIDP
2025-04-11T07:00:00Z,APXMIDP,2025-04-11,17,106.49,2748.5,APXMIDP
2025-04-11T06:30:00Z,APXMIDP,2025-04-11,16,109.79,3022.35,APXMIDP
2025-04-11T06:00:00Z,APXMIDP,2025-04-11,15,106.53,2612.8,APXMIDP
2025-04-11T05:30:00Z,APXMIDP,2025-04-11,14,99.7,2569.35,APXMIDP
2025-04-11T05:00:00Z,APXMIDP,2025-04-11,13,91.68,2217.2,APXMIDP
2025-04-11T04:30:00Z,APXMIDP,2025-04-11,12,73.34,1728.65,APXMIDP
2025-04-11T04:00:00Z,APXMIDP,2025-04-11,11,72.49,1669.7,APXMIDP
2025-04-11T03:30:00Z,APXMIDP,2025-04-11,10,70.34,1850.45,APXMIDP
2025-04-11T03:00:00Z,APXMIDP,2025-04-11,9,68.71,1793.25,APXMIDP
2025-04-11T02:30:00Z,APXMIDP,2025-04-11,8,64.94,1479.1,APXMIDP
2025-04-11T02:00:00Z,APXMIDP,2025-04-11,7,64.72,1416.65,APXMIDP
2025-04-11T01:30:00Z,APXMIDP,2025-04-11,6,65.28,1852.2,APXMIDP
2025-04-11T01:00:00Z,APXMIDP,2025-04-11,5,68.03,1543.7,APXMIDP
2025-04-11T00:30:00Z,APXMIDP,2025-04-11,4,70.01,1704.3,APXMIDP
2025-04-11T00:00:00Z,APXMIDP,2025-04-11,3,68.77,1920.0,APXMIDP
2025-04-10T23:30:00Z,APXMIDP,2025-04-11,2,70.21,1620.9,APXMIDP
2025-04-10T23:00:00Z,APXMIDP,2025-04-11,1,71.76,1477.6,APXMIDP
2025-04-10T22:30:00Z,APXMIDP,2025-04-10,48,74.72,1818.05,APXMIDP
2025-04-10T22:00:00Z,APXMIDP,2025-04-10,47,77.61,1522.1,APXMIDP
2025-04-10T21:30:00Z,APXMIDP,2025-04-10,46,71.81,2490.45,APXMIDP
2025-04-10T21:00:00Z,APXMIDP,2025-04-10,45,75.06,1909.85,APXMIDP
2025-04-10T20:30:00Z,APXMIDP,2025-04-10,44,82.99,2729.25,APXMIDP
2025-04-10T20:00:00Z,APXMIDP,2025-04-10,43,85.09,2383.2,APXMIDP
2025-04-10T19:30:00Z,APXMIDP,2025-04-10,42,83.67,2228.7,APXMIDP
2025-04-10T19:00:00Z,APXMIDP,2025-04-10,41,87.97,2368.1,APXMIDP
2025-04-10T18:30:00Z,APXMIDP,2025-04-10,40,101.44,3598.25,APXMIDP
2025-04-10T18:00:00Z,APXMIDP,2025-04-10,39,96.52,3231.7,APXMIDP
2025-04-10T17:30:00Z,APXMIDP,2025-04-10,38,95.07,4195.95,APXMIDP
2025-04-10T17:00:00Z,APXMIDP,2025-04-10,37,92.38,4414.85,APXMIDP
2025-04-10T16:30:00Z,APXMIDP,2025-04-10,36,68.53,3150.75,APXMIDP
2025-04-10T16:00:00Z,APXMIDP,2025-04-10,35,71.61,3872.3,APXMIDP
2025-04-10T15:30:00Z,APXMIDP,2025-04-10,34,70.18,4827.45,APXMIDP
2025-04-10T15:00:00Z,APXMIDP,2025-04-10,33,60.17,4009.05,APXMIDP
2025-04-10T14:30:00Z,APXMIDP,2025-04-10,32,54.79,4162.85,APXMIDP
2025-04-10T14:00:00Z,APXMIDP,2025-04-10,31,56.18,3506.75,APXMIDP
2025-04-10T13:30:00Z,APXMIDP,2025-04-10,30,61.12,3760.35,APXMIDP
2025-04-10T13:00:00Z,APXMIDP,2025-04-10,29,62.45,3770.0,APXMIDP
2025-04-10T12:30:00Z,APXMIDP,2025-04-10,28,64.25,3754.2,APXMIDP
2025-04-10T12:00:00Z,APXMIDP,2025-04-10,27,67.13,3506.35,APXMIDP
2025-04-10T11:30:00Z,APXMIDP,2025-04-10,26,72.43,3143.8,APXMIDP
2025-04-10T11:00:00Z,APXMIDP,2025-04-10,25,74.95,2792.85,APXMIDP
2025-04-10T10:30:00Z,APXMIDP,2025-04-10,24,77.65,2642.25,APXMIDP
2025-04-10T10:00:00Z,APXMIDP,2025-04-10,23,83.11,3238.0,APXMIDP
2025-04-10T09:30:00Z,APXMIDP,2025-04-10,22,94.79,3626.65,APXMIDP
2025-04-10T09:00:00Z,APXMIDP,2025-04-10,21,89.46,3070.45,APXMIDP
2025-04-10T08:30:00Z,APXMIDP,2025-04-10,20,94.44,3339.45,APXMIDP
2025-04-10T08:00:00Z,APXMIDP,2025-04-10,19,100.75,3086.1,APXMIDP
2025-04-10T07:30:00Z,APXMIDP,2025-04-10,18,107.23,2909.95,APXMIDP
2025-04-10T07:00:00Z,APXMIDP,2025-04-10,17,113.24,2751.7,APXMIDP
2025-04-10T06:30:00Z,APXMIDP,2025-04-10,16,126.48,2990.4,APXMIDP
2025-04-10T06:00:00Z,APXMIDP,2025-04-10,15,120.4,2574.0,APXMIDP
2025-04-10T05:30:00Z,APXMIDP,2025-04-10,14,111.38,2112.4,APXMIDP
2025-04-10T05:00:00Z,APXMIDP,2025-04-10,13,91.61,2482.95,APXMIDP
2025-04-10T04:30:00Z,APXMIDP,2025-04-10,12,82.83,1537.0,APXMIDP
2025-04-10T04:00:00Z,APXMIDP,2025-04-10,11,81.63,1513.4,APXMIDP
2025-04-10T03:30:00Z,APXMIDP,2025-04-10,10,72.39,1789.35,APXMIDP
2025-04-10T03:00:00Z,APXMIDP,2025-04-10,9,74.11,1813.6,APXMIDP
2025-04-10T02:30:00Z,APXMIDP,2025-04-10,8,66.93,1374.0,APXMIDP
2025-04-10T02:00:00Z,APXMIDP,2025-04-10,7,67.05,1247.6,APXMIDP
2025-04-10T01:30:00Z,APXMIDP,2025-04-10,6,65.55,1224.25,APXMIDP
2025-04-10T01:00:00Z,APXMIDP,2025-04-10,5,67.54,1489.8,APXMIDP
2025-04-10T00:30:00Z,APXMIDP,2025-04-10,4,69.08,1324.0,APXMIDP
2025-04-10T00:00:00Z,APXMIDP,2025-04-10,3,68.52,1031.1,APXMIDP
2025-04-09T23:30:00Z,APXMIDP,2025-04-10,2,68.59,1100.1,APXMIDP
2025-04-09T23:00:00Z,APXMIDP,2025-04-10,1,70.37,1277.45,APXMIDP
2025-04-09T22:30:00Z,APXMIDP,2025-04-09,48,70.96,1524.4,APXMIDP
2025-04-09T22:00:00Z,APXMIDP,2025-04-09,47,72.27,1423.55,APXMIDP
2025-04-09T21:30:00Z,APXMIDP,2025-04-09,46,80.5,2188.85,APXMIDP
2025-04-09T21:00:00Z,APXMIDP,2025-04-09,45,82.27,3012.6,APXMIDP
2025-04-09T20:30:00Z,APXMIDP,2025-04-09,44,82.03,2550.2,APXMIDP
2025-04-09T20:00:00Z,APXMIDP,2025-04-09,43,84.95,2460.85,APXMIDP
2025-04-09T19:30:00Z,APXMIDP,2025-04-09,42,93.88,2764.25,APXMIDP
2025-04-09T19:00:00Z,APXMIDP,2025-04-09,41,98.84,2339.6,APXMIDP
2025-04-09T18:30:00Z,APXMIDP,2025-04-09,40,101.82,2813.05,APXMIDP
2025-04-09T18:00:00Z,APXMIDP,2025-04-09,39,98.61,2660.0,APXMIDP
2025-04-09T17:30:00Z,APXMIDP,2025-04-09,38,103.52,2858.7,APXMIDP
2025-04-09T17:00:00Z,APXMIDP,2025-04-09,37,103.72,2551.35,APXMIDP
2025-04-09T16:30:00Z,APXMIDP,2025-04-09,36,90.2,2993.1,APXMIDP
2025-04-09T16:00:00Z,APXMIDP,2025-04-09,35,83.16,2843.4,APXMIDP
2025-04-09T15:30:00Z,APXMIDP,2025-04-09,34,80.07,3010.55,APXMIDP
2025-04-09T15:00:00Z,APXMIDP,2025-04-09,33,82.99,2949.6,APXMIDP
2025-04-09T14:30:00Z,APXMIDP,2025-04-09,32,83.42,3336.25,APXMIDP
2025-04-09T14:00:00Z,APXMIDP,2025-04-09,31,81.96,3191.25,APXMIDP
2025-04-09T13:30:00Z,APXMIDP,2025-04-09,30,81.56,3602.4,APXMIDP
2025-04-09T13:00:00Z,APXMIDP,2025-04-09,29,80.37,3582.8,APXMIDP
2025-04-09T12:30:00Z,APXMIDP,2025-04-09,28,82.08,3326.8,APXMIDP
2025-04-09T12:00:00Z,APXMIDP,2025-04-09,27,86.56,3733.55,APXMIDP
2025-04-09T11:30:00Z,APXMIDP,2025-04-09,26,93.18,3425.65,APXMIDP
2025-04-09T11:00:00Z,APXMIDP,2025-04-09,25,92.94,3581.1,APXMIDP
2025-04-09T10:30:00Z,APXMIDP,2025-04-09,24,92.79,4000.8,APXMIDP
2025-04-09T10:00:00Z,APXMIDP,2025-04-09,23,94.31,3712.55,APXMIDP
2025-04-09T09:30:00Z,APXMIDP,2025-04-09,22,96.32,3590.5,APXMIDP
2025-04-09T09:00:00Z,APXMIDP,2025-04-09,21,91.72,3173.5,APXMIDP
2025-04-09T08:30:00Z,APXMIDP,2025-04-09,20,83.42,3436.15,APXMIDP
2025-04-09T08:00:00Z,APXMIDP,2025-04-09,19,83.81,3020.0,APXMIDP
2025-04-09T07:30:00Z,APXMIDP,2025-04-09,18,87.39,2610.6,APXMIDP
2025-04-09T07:00:00Z,APXMIDP,2025-04-09,17,94.88,2470.05,APXMIDP
2025-04-23T07:30:00Z,APXMIDP,2025-04-23,18,85.92,2121.4,APXMIDP
2025-04-23T07:00:00Z,APXMIDP,2025-04-23,17,87.55,2000.85,APXMIDP
2025-04-23T06:30:00Z,APXMIDP,2025-04-23,16,93.88,2804.25,APXMIDP
2025-04-23T06:00:00Z,APXMIDP,2025-04-23,15,81.13,2301.2,APXMIDP
2025-04-23T05:30:00Z,APXMIDP,2025-04-23,14,90.42,1981.5,APXMIDP
2025-04-23T05:00:00Z,APXMIDP,2025-04-23,13,76.66,1484.85,APXMIDP
2025-04-23T04:30:00Z,APXMIDP,2025-04-23,12,69.77,1703.65,APXMIDP
2025-04-23T04:00:00Z,APXMIDP,2025-04-23,11,74.79,1384.25,APXMIDP
2025-04-23T03:30:00Z,APXMIDP,2025-04-23,10,69.06,1612.85,APXMIDP
2025-04-23T03:00:00Z,APXMIDP,2025-04-23,9,68.98,1469.2,APXMIDP
2025-04-23T02:30:00Z,APXMIDP,2025-04-23,8,71.41,1582.95,APXMIDP
2025-04-23T02:00:00Z,APXMIDP,2025-04-23,7,70.25,1611.4,APXMIDP
2025-04-23T01:30:00Z,APXMIDP,2025-04-23,6,68.33,1849.85,APXMIDP
2025-04-23T01:00:00Z,APXMIDP,2025-04-23,5,68.93,1666.15,APXMIDP
2025-04-23T00:30:00Z,APXMIDP,2025-04-23,4,69.13,1796.95,APXMIDP
2025-04-23T00:00:00Z,APXMIDP,2025-04-23,3,68.1,1644.9,APXMIDP
2025-04-22T23:30:00Z,APXMIDP,2025-04-23,2,70.61,1198.9,APXMIDP
2025-04-22T23:00:00Z,APXMIDP,2025-04-23,1,70.25,1294.1,APXMIDP
2025-04-22T22:30:00Z,APXMIDP,2025-04-22,48,68.83,1426.85,APXMIDP
2025-04-22T22:00:00Z,APXMIDP,2025-04-22,47,74.49,1319.3,APXMIDP
2025-04-22T21:30:00Z,APXMIDP,2025-04-22,46,75.79,2421.9,APXMIDP
2025-04-22T21:00:00Z,APXMIDP,2025-04-22,45,86.17,2530.1,APXMIDP
2025-04-22T20:30:00Z,APXMIDP,2025-04-22,44,96.03,2034.4,APXMIDP
2025-04-22T20:00:00Z,APXMIDP,2025-04-22,43,100.9,2014.75,APXMIDP
2025-04-22T19:30:00Z,APXMIDP,2025-04-22,42,106.57,2397.1,APXMIDP
2025-04-22T19:00:00Z,APXMIDP,2025-04-22,41,106.56,2415.2,APXMIDP
2025-04-22T18:30:00Z,APXMIDP,2025-04-22,40,105.08,2477.7,APXMIDP
2025-04-22T18:00:00Z,APXMIDP,2025-04-22,39,104.41,2613.2,APXMIDP
2025-04-22T17:30:00Z,APXMIDP,2025-04-22,38,98.91,3334.1,APXMIDP
2025-04-22T17:00:00Z,APXMIDP,2025-04-22,37,96.12,3541.45,APXMIDP
2025-04-22T16:30:00Z,APXMIDP,2025-04-22,36,84.99,3352.2,APXMIDP
2025-04-22T16:00:00Z,APXMIDP,2025-04-22,35,84.7,2829.1,APXMIDP
2025-04-22T15:30:00Z,APXMIDP,2025-04-22,34,76.45,2780.2,APXMIDP
2025-04-22T15:00:00Z,APXMIDP,2025-04-22,33,76.48,2617.05,APXMIDP
2025-04-22T14:30:00Z,APXMIDP,2025-04-22,32,77.13,2481.4,APXMIDP
2025-04-22T14:00:00Z,APXMIDP,2025-04-22,31,77.54,2213.3,APXMIDP
2025-04-22T13:30:00Z,APXMIDP,2025-04-22,30,73.22,2842.1,APXMIDP
2025-04-22T13:00:00Z,APXMIDP,2025-04-22,29,71.51,2648.55,APXMIDP
2025-04-22T12:30:00Z,APXMIDP,2025-04-22,28,72.46,2236.9,APXMIDP
2025-04-22T12:00:00Z,APXMIDP,2025-04-22,27,73.79,2527.8,APXMIDP
2025-04-22T11:30:00Z,APXMIDP,2025-04-22,26,71.54,1952.1,APXMIDP
2025-04-22T11:00:00Z,APXMIDP,2025-04-22,25,70.87,1897.9,APXMIDP
2025-04-22T10:30:00Z,APXMIDP,2025-04-22,24,71.89,2360.75,APXMIDP
2025-04-22T10:00:00Z,APXMIDP,2025-04-22,23,72.48,2276.15,APXMIDP
2025-04-22T09:30:00Z,APXMIDP,2025-04-22,22,76.51,2267.95,APXMIDP
2025-04-22T09:00:00Z,APXMIDP,2025-04-22,21,80.01,1761.95,APXMIDP
2025-04-22T08:30:00Z,APXMIDP,2025-04-22,20,78.38,1922.05,APXMIDP
2025-04-22T08:00:00Z,APXMIDP,2025-04-22,19,81.95,1817.75,APXMIDP
2025-04-22T07:30:00Z,APXMIDP,2025-04-22,18,91.46,1891.4,APXMIDP
2025-04-22T07:00:00Z,APXMIDP,2025-04-22,17,99.12,1615.85,APXMIDP
2025-04-22T06:30:00Z,APXMIDP,2025-04-22,16,123.98,2091.15,APXMIDP
2025-04-22T06:00:00Z,APXMIDP,2025-04-22,15,120.07,1939.2,APXMIDP
2025-04-22T05:30:00Z,APXMIDP,2025-04-22,14,103.56,1283.95,APXMIDP
2025-04-22T05:00:00Z,APXMIDP,2025-04-22,13,100.32,1280.55,APXMIDP
2025-04-22T04:30:00Z,APXMIDP,2025-04-22,12,77.31,1138.7,APXMIDP
2025-04-22T04:00:00Z,APXMIDP,2025-04-22,11,78.96,733.3,APXMIDP
2025-04-22T03:30:00Z,APXMIDP,2025-04-22,10,73.74,943.35,APXMIDP
2025-04-22T03:00:00Z,APXMIDP,2025-04-22,9,72.31,806.65,APXMIDP
2025-04-22T02:30:00Z,APXMIDP,2025-04-22,8,72.17,977.3,APXMIDP
2025-04-22T02:00:00Z,APXMIDP,2025-04-22,7,76.18,1039.75,APXMIDP
2025-04-22T01:30:00Z,APXMIDP,2025-04-22,6,71.3,1335.85,APXMIDP
2025-04-22T01:00:00Z,APXMIDP,2025-04-22,5,73.78,1058.3,APXMIDP
2025-04-22T00:30:00Z,APXMIDP,2025-04-22,4,74.99,996.1,APXMIDP
2025-04-22T00:00:00Z,APXMIDP,2025-04-22,3,74.19,974.65,APXMIDP
2025-04-21T23:30:00Z,APXMIDP,2025-04-22,2,85.91,915.85,APXMIDP
2025-04-21T23:00:00Z,APXMIDP,2025-04-22,1,80.05,695.2,APXMIDP
2025-04-21T22:30:00Z,APXMIDP,2025-04-21,48,82.78,728.75,APXMIDP
2025-04-21T22:00:00Z,APXMIDP,2025-04-21,47,89.52,775.3,APXMIDP
2025-04-21T21:30:00Z,APXMIDP,2025-04-21,46,84.83,2208.75,APXMIDP
2025-04-21T21:00:00Z,APXMIDP,2025-04-21,45,89.05,1727.35,APXMIDP
2025-04-21T20:30:00Z,APXMIDP,2025-04-21,44,93.04,1581.45,APXMIDP
2025-04-21T20:00:00Z,APXMIDP,2025-04-21,43,95.07,1749.9,APXMIDP
2025-04-21T19:30:00Z,APXMIDP,2025-04-21,42,102.07,1594.7,APXMIDP
2025-04-21T19:00:00Z,APXMIDP,2025-04-21,41,104.25,1697.85,APXMIDP
2025-04-21T18:30:00Z,APXMIDP,2025-04-21,40,105.9,1764.05,APXMIDP
2025-04-21T18:00:00Z,APXMIDP,2025-04-21,39,108.11,1567.8,APXMIDP
2025-04-21T17:30:00Z,APXMIDP,2025-04-21,38,104.85,2112.6,APXMIDP
2025-04-21T17:00:00Z,APXMIDP,2025-04-21,37,104.78,1896.75,APXMIDP
2025-04-21T16:30:00Z,APXMIDP,2025-04-21,36,97.44,1935.9,APXMIDP
2025-04-21T16:00:00Z,APXMIDP,2025-04-21,35,100.47,1937.45,APXMIDP
2025-04-21T15:30:00Z,APXMIDP,2025-04-21,34,89.94,2575.5,APXMIDP
2025-04-21T15:00:00Z,APXMIDP,2025-04-21,33,94.1,2223.8,APXMIDP
2025-04-21T14:30:00Z,APXMIDP,2025-04-21,32,95.69,1887.3,APXMIDP
2025-04-21T14:00:00Z,APXMIDP,2025-04-21,31,93.44,2086.5,APXMIDP
2025-04-21T13:30:00Z,APXMIDP,2025-04-21,30,90.77,1910.05,APXMIDP
2025-04-21T13:00:00Z,APXMIDP,2025-04-21,29,92.96,1704.25,APXMIDP
2025-04-21T12:30:00Z,APXMIDP,2025-04-21,28,93.16,1436.3,APXMIDP
2025-04-21T12:00:00Z,APXMIDP,2025-04-21,27,94.74,1338.05,APXMIDP
2025-04-21T11:30:00Z,APXMIDP,2025-04-21,26,98.34,1292.3,APXMIDP
2025-04-21T11:00:00Z,APXMIDP,2025-04-21,25,99.39,1296.3,APXMIDP
2025-04-21T10:30:00Z,APXMIDP,2025-04-21,24,99.48,1194.7,APXMIDP
2025-04-21T10:00:00Z,APXMIDP,2025-04-21,23,98.84,1250.3,APXMIDP
2025-04-21T09:30:00Z,APXMIDP,2025-04-21,22,99.82,1545.2,APXMIDP
2025-04-21T09:00:00Z,APXMIDP,2025-04-21,21,100.78,1395.4,APXMIDP
2025-04-21T08:30:00Z,APXMIDP,2025-04-21,20,99.72,1516.05,APXMIDP
2025-04-21T08:00:00Z,APXMIDP,2025-04-21,19,98.19,1591.25,APXMIDP
2025-04-21T07:30:00Z,APXMIDP,2025-04-21,18,89.84,1786.55,APXMIDP
2025-04-21T07:00:00Z,APXMIDP,2025-04-21,17,87.46,1725.6,APXMIDP
2025-04-21T06:30:00Z,APXMIDP,2025-04-21,16,91.66,1553.8,APXMIDP
2025-04-21T06:00:00Z,APXMIDP,2025-04-21,15,88.81,1221.55,APXMIDP
2025-04-21T05:30:00Z,APXMIDP,2025-04-21,14,91.7,1255.55,APXMIDP
2025-04-21T05:00:00Z,APXMIDP,2025-04-21,13,86.25,1163.25,APXMIDP
2025-04-21T04:30:00Z,APXMIDP,2025-04-21,12,95.72,693.7,APXMIDP
2025-04-21T04:00:00Z,APXMIDP,2025-04-21,11,89.44,598.1,APXMIDP
2025-04-21T03:30:00Z,APXMIDP,2025-04-21,10,85.63,708.3,APXMIDP
2025-04-21T03:00:00Z,APXMIDP,2025-04-21,9,86.24,715.65,APXMIDP
2025-04-21T02:30:00Z,APXMIDP,2025-04-21,8,83.4,612.7,APXMIDP
2025-04-21T02:00:00Z,APXMIDP,2025-04-21,7,84.75,702.05,APXMIDP
2025-04-21T01:30:00Z,APXMIDP,2025-04-21,6,79.96,771.0,APXMIDP
2025-04-21T01:00:00Z,APXMIDP,2025-04-21,5,86.03,1058.65,APXMIDP
2025-04-21T00:30:00Z,APXMIDP,2025-04-21,4,83.09,1036.0,APXMIDP
2025-04-21T00:00:00Z,APXMIDP,2025-04-21,3,81.61,958.65,APXMIDP
2025-04-20T23:30:00Z,APXMIDP,2025-04-21,2,85.69,1012.45,APXMIDP
2025-04-20T23:00:00Z,APXMIDP,2025-04-21,1,88.76,829.05,APXMIDP
2025-04-20T22:30:00Z,APXMIDP,2025-04-20,48,88.31,1163.3,APXMIDP
2025-04-20T22:00:00Z,APXMIDP,2025-04-20,47,88.63,1393.55,APXMIDP
2025-04-20T21:30:00Z,APXMIDP,2025-04-20,46,93.49,2043.7,APXMIDP
2025-04-20T21:00:00Z,APXMIDP,2025-04-20,45,98.29,2443.0,APXMIDP
2025-04-20T20:30:00Z,APXMIDP,2025-04-20,44,90.51,2035.1,APXMIDP
2025-04-20T20:00:00Z,APXMIDP,2025-04-20,43,99.83,2274.15,APXMIDP
2025-04-20T19:30:00Z,APXMIDP,2025-04-20,42,103.81,2677.2,APXMIDP
2025-04-20T19:00:00Z,APXMIDP,2025-04-20,41,103.68,2517.3,APXMIDP
2025-04-20T18:30:00Z,APXMIDP,2025-04-20,40,109.68,2743.8,APXMIDP
2025-04-20T18:00:00Z,APXMIDP,2025-04-20,39,109.56,2552.35,APXMIDP
2025-04-20T17:30:00Z,APXMIDP,2025-04-20,38,107.71,2582.3,APXMIDP
2025-04-20T17:00:00Z,APXMIDP,2025-04-20,37,106.22,2684.2,APXMIDP
2025-04-20T16:30:00Z,APXMIDP,2025-04-20,36,104.04,2836.85,APXMIDP
2025-04-20T16:00:00Z,APXMIDP,2025-04-20,35,102.24,2717.6,APXMIDP
2025-04-20T15:30:00Z,APXMIDP,2025-04-20,34,98.39,3184.05,APXMIDP
2025-04-20T15:00:00Z,APXMIDP,2025-04-20,33,90.21,2869.45,APXMIDP
2025-04-20T14:30:00Z,APXMIDP,2025-04-20,32,74.98,2031.2,APXMIDP
2025-04-20T14:00:00Z,APXMIDP,2025-04-20,31,74.43,1949.6,APXMIDP
2025-04-20T13:30:00Z,APXMIDP,2025-04-20,30,73.96,3308.8,APXMIDP
2025-04-20T13:00:00Z,APXMIDP,2025-04-20,29,72.71,3351.45,APXMIDP
2025-04-20T12:30:00Z,APXMIDP,2025-04-20,28,73.28,2849.4,APXMIDP
2025-04-20T12:00:00Z,APXMIDP,2025-04-20,27,73.36,2820.7,APXMIDP
2025-04-20T11:30:00Z,APXMIDP,2025-04-20,26,75.77,2562.8,APXMIDP
2025-04-20T11:00:00Z,APXMIDP,2025-04-20,25,76.98,2443.6,APXMIDP
2025-04-20T10:30:00Z,APXMIDP,2025-04-20,24,76.95,2540.6,APXMIDP
2025-04-20T10:00:00Z,APXMIDP,2025-04-20,23,79.89,2437.5,APXMIDP
2025-04-20T09:30:00Z,APXMIDP,2025-04-20,22,90.73,1929.8,APXMIDP
2025-04-20T09:00:00Z,APXMIDP,2025-04-20,21,96.98,1884.5,APXMIDP
2025-04-20T08:30:00Z,APXMIDP,2025-04-20,20,97.57,1809.55,APXMIDP
2025-04-20T08:00:00Z,APXMIDP,2025-04-20,19,95.77,1487.75,APXMIDP
2025-04-20T07:30:00Z,APXMIDP,2025-04-20,18,92.36,1669.3,APXMIDP
2025-04-20T07:00:00Z,APXMIDP,2025-04-20,17,91.61,1820.0,APXMIDP
2025-04-20T06:30:00Z,APXMIDP,2025-04-20,16,91.8,1793.55,APXMIDP
2025-04-20T06:00:00Z,APXMIDP,2025-04-20,15,84.38,1490.6,APXMIDP
2025-04-20T05:30:00Z,APXMIDP,2025-04-20,14,81.07,1801.95,APXMIDP
2025-04-20T05:00:00Z,APXMIDP,2025-04-20,13,79.45,1639.35,APXMIDP
2025-04-20T04:30:00Z,APXMIDP,2025-04-20,12,89.18,1726.6,APXMIDP
2025-04-20T04:00:00Z,APXMIDP,2025-04-20,11,91.52,1378.95,APXMIDP
2025-04-20T03:30:00Z,APXMIDP,2025-04-20,10,96.18,1521.6,APXMIDP
2025-04-20T03:00:00Z,APXMIDP,2025-04-20,9,91.78,1376.65,APXMIDP
2025-04-20T02:30:00Z,APXMIDP,2025-04-20,8,88.69,1265.55,APXMIDP
2025-04-20T02:00:00Z,APXMIDP,2025-04-20,7,85.14,1112.15,APXMIDP
2025-04-20T01:30:00Z,APXMIDP,2025-04-20,6,75.62,1245.5,APXMIDP
2025-04-20T01:00:00Z,APXMIDP,2025-04-20,5,79.81,1202.65,APXMIDP
2025-04-20T00:30:00Z,APXMIDP,2025-04-20,4,85.52,1212.0,APXMIDP
2025-04-20T00:00:00Z,APXMIDP,2025-04-20,3,82.62,1080.6,APXMIDP
2025-04-19T23:30:00Z,APXMIDP,2025-04-20,2,81.44,1522.6,APXMIDP
2025-04-19T23:00:00Z,APXMIDP,2025-04-20,1,79.15,1637.45,APXMIDP
2025-04-19T22:30:00Z,APXMIDP,2025-04-19,48,84.71,1783.5,APXMIDP
2025-04-19T22:00:00Z,APXMIDP,2025-04-19,47,82.3,2146.3,APXMIDP
2025-04-19T21:30:00Z,APXMIDP,2025-04-19,46,89.08,2455.6,APXMIDP
2025-04-19T21:00:00Z,APXMIDP,2025-04-19,45,98.18,2138.85,APXMIDP
2025-04-19T20:30:00Z,APXMIDP,2025-04-19,44,100.16,1850.55,APXMIDP
2025-04-19T20:00:00Z,APXMIDP,2025-04-19,43,102.09,2060.85,APXMIDP
2025-04-19T19:30:00Z,APXMIDP,2025-04-19,42,106.06,2531.25,APXMIDP
2025-04-19T19:00:00Z,APXMIDP,2025-04-19,41,102.22,2182.85,APXMIDP
2025-04-19T18:30:00Z,APXMIDP,2025-04-19,40,104.53,2373.85,APXMIDP
2025-04-19T18:00:00Z,APXMIDP,2025-04-19,39,104.19,2141.95,APXMIDP
2025-04-19T17:30:00Z,APXMIDP,2025-04-19,38,85.8,2109.55,APXMIDP
2025-04-19T17:00:00Z,APXMIDP,2025-04-19,37,82.44,2123.4,APXMIDP
2025-04-19T16:30:00Z,APXMIDP,2025-04-19,36,77.18,3047.85,APXMIDP
2025-04-19T16:00:00Z,APXMIDP,2025-04-19,35,73.86,2861.05,APXMIDP
2025-04-19T15:30:00Z,APXMIDP,2025-04-19,34,66.3,2880.65,APXMIDP
2025-04-19T15:00:00Z,APXMIDP,2025-04-19,33,52.74,2864.15,APXMIDP
2025-04-19T14:30:00Z,APXMIDP,2025-04-19,32,33.2,3281.55,APXMIDP
2025-04-19T14:00:00Z,APXMIDP,2025-04-19,31,24.46,3240.6,APXMIDP
2025-04-19T13:30:00Z,APXMIDP,2025-04-19,30,17.12,3192.75,APXMIDP
2025-04-19T13:00:00Z,APXMIDP,2025-04-19,29,19.94,3166.4,APXMIDP
2025-04-19T12:30:00Z,APXMIDP,2025-04-19,28,21.46,3438.1,APXMIDP
2025-04-19T12:00:00Z,APXMIDP,2025-04-19,27,21.98,3451.7,APXMIDP
2025-04-19T11:30:00Z,APXMIDP,2025-04-19,26,17.86,2591.65,APXMIDP
2025-04-19T11:00:00Z,APXMIDP,2025-04-19,25,30.83,2063.0,APXMIDP
2025-04-19T10:30:00Z,APXMIDP,2025-04-19,24,42.49,2003.1,APXMIDP
2025-04-19T10:00:00Z,APXMIDP,2025-04-19,23,50.15,2286.35,APXMIDP
2025-04-19T09:30:00Z,APXMIDP,2025-04-19,22,67.3,2837.95,APXMIDP
2025-04-19T09:00:00Z,APXMIDP,2025-04-19,21,65.46,2510.6,APXMIDP
2025-04-19T08:30:00Z,APXMIDP,2025-04-19,20,61.84,3170.3,APXMIDP
2025-04-19T08:00:00Z,APXMIDP,2025-04-19,19,59.1,2571.35,APXMIDP
2025-04-19T07:30:00Z,APXMIDP,2025-04-19,18,75.47,2546.15,APXMIDP
2025-04-19T07:00:00Z,APXMIDP,2025-04-19,17,78.09,2246.05,APXMIDP
2025-04-19T06:30:00Z,APXMIDP,2025-04-19,16,87.66,1744.0,APXMIDP
2025-04-19T06:00:00Z,APXMIDP,2025-04-19,15,83.32,2015.85,APXMIDP
2025-04-19T05:30:00Z,APXMIDP,2025-04-19,14,83.99,1873.35,APXMIDP
2025-04-19T05:00:00Z,APXMIDP,2025-04-19,13,77.22,1814.5,APXMIDP
2025-04-19T04:30:00Z,APXMIDP,2025-04-19,12,72.92,1864.1,APXMIDP
2025-04-19T04:00:00Z,APXMIDP,2025-04-19,11,76.01,1345.25,APXMIDP
2025-04-19T03:30:00Z,APXMIDP,2025-04-19,10,73.29,1718.8,APXMIDP
2025-04-19T03:00:00Z,APXMIDP,2025-04-19,9,68.25,1689.65,APXMIDP
2025-04-19T02:30:00Z,APXMIDP,2025-04-19,8,75.78,1350.75,APXMIDP
2025-04-19T02:00:00Z,APXMIDP,2025-04-19,7,75.64,1070.85,APXMIDP
2025-04-19T01:30:00Z,APXMIDP,2025-04-19,6,75.32,1297.3,APXMIDP
2025-04-19T01:00:00Z,APXMIDP,2025-04-19,5,77.78,1122.25,APXMIDP
2025-04-19T00:30:00Z,APXMIDP,2025-04-19,4,79.54,1260.1,APXMIDP
2025-04-19T00:00:00Z,APXMIDP,2025-04-19,3,77.73,1116.15,APXMIDP
2025-04-18T23:30:00Z,APXMIDP,2025-04-19,2,74.91,1171.7,APXMIDP
2025-04-18T23:00:00Z,APXMIDP,2025-04-19,1,76.7,1536.0,APXMIDP
2025-04-18T22:30:00Z,APXMIDP,2025-04-18,48,81.55,1597.6,APXMIDP
2025-04-18T22:00:00Z,APXMIDP,2025-04-18,47,83.97,1590.9,APXMIDP
2025-04-18T21:30:00Z,APXMIDP,2025-04-18,46,87.63,1714.85,APXMIDP
2025-04-18T21:00:00Z,APXMIDP,2025-04-18,45,88.53,2123.4,APXMIDP
2025-04-18T20:30:00Z,APXMIDP,2025-04-18,44,82.96,1925.0,APXMIDP
2025-04-18T20:00:00Z,APXMIDP,2025-04-18,43,91.04,2659.65,APXMIDP
2025-04-18T19:30:00Z,APXMIDP,2025-04-18,42,95.14,3009.0,APXMIDP
2025-04-18T19:00:00Z,APXMIDP,2025-04-18,41,94.32,2949.35,APXMIDP
2025-04-18T18:30:00Z,APXMIDP,2025-04-18,40,106.5,3206.4,APXMIDP
2025-04-18T18:00:00Z,APXMIDP,2025-04-18,39,107.53,2879.15,APXMIDP
2025-04-18T17:30:00Z,APXMIDP,2025-04-18,38,105.81,2607.2,APXMIDP
2025-04-18T17:00:00Z,APXMIDP,2025-04-18,37,106.39,2783.2,APXMIDP
2025-04-18T16:30:00Z,APXMIDP,2025-04-18,36,101.99,3282.8,APXMIDP
2025-04-18T16:00:00Z,APXMIDP,2025-04-18,35,101.06,2681.7,APXMIDP
2025-04-18T15:30:00Z,APXMIDP,2025-04-18,34,93.12,3186.45,APXMIDP
2025-04-18T15:00:00Z,APXMIDP,2025-04-18,33,86.54,2848.4,APXMIDP
2025-04-18T14:30:00Z,APXMIDP,2025-04-18,32,82.29,3538.65,APXMIDP
2025-04-18T14:00:00Z,APXMIDP,2025-04-18,31,79.77,3427.9,APXMIDP
2025-04-18T13:30:00Z,APXMIDP,2025-04-18,30,71.77,3467.1,APXMIDP
2025-04-18T13:00:00Z,APXMIDP,2025-04-18,29,72.41,3739.75,APXMIDP
2025-04-18T12:30:00Z,APXMIDP,2025-04-18,28,72.7,3545.55,APXMIDP
2025-04-18T12:00:00Z,APXMIDP,2025-04-18,27,71.24,3184.6,APXMIDP
2025-04-18T11:30:00Z,APXMIDP,2025-04-18,26,70.56,3003.15,APXMIDP
2025-04-18T11:00:00Z,APXMIDP,2025-04-18,25,69.35,2802.15,APXMIDP
2025-04-18T10:30:00Z,APXMIDP,2025-04-18,24,68.91,2862.35,APXMIDP
2025-04-18T10:00:00Z,APXMIDP,2025-04-18,23,76.15,2510.8,APXMIDP
2025-04-18T09:30:00Z,APXMIDP,2025-04-18,22,81.73,2735.35,APXMIDP
2025-04-18T09:00:00Z,APXMIDP,2025-04-18,21,85.16,3094.6,APXMIDP
2025-04-18T08:30:00Z,APXMIDP,2025-04-18,20,85.83,2742.6,APXMIDP
2025-04-18T08:00:00Z,APXMIDP,2025-04-18,19,88.76,2613.1,APXMIDP
2025-04-18T07:30:00Z,APXMIDP,2025-04-18,18,99.93,2572.2,APXMIDP
2025-04-18T07:00:00Z,APXMIDP,2025-04-18,17,100.62,2441.5,APXMIDP
2025-04-18T06:30:00Z,APXMIDP,2025-04-18,16,90.74,2270.4,APXMIDP
2025-04-18T06:00:00Z,APXMIDP,2025-04-18,15,89.97,1768.2,APXMIDP
2025-04-18T05:30:00Z,APXMIDP,2025-04-18,14,91.57,1643.8,APXMIDP
2025-04-18T05:00:00Z,APXMIDP,2025-04-18,13,88.02,1526.1,APXMIDP
2025-04-18T04:30:00Z,APXMIDP,2025-04-18,12,83.97,1504.85,APXMIDP
2025-04-18T04:00:00Z,APXMIDP,2025-04-18,11,82.12,1093.15,APXMIDP
2025-04-18T03:30:00Z,APXMIDP,2025-04-18,10,75.83,1790.1,APXMIDP
2025-04-18T03:00:00Z,APXMIDP,2025-04-18,9,78.02,1657.8,APXMIDP
2025-04-18T02:30:00Z,APXMIDP,2025-04-18,8,77.96,1474.15,APXMIDP
2025-04-18T02:00:00Z,APXMIDP,2025-04-18,7,80.82,1407.0,APXMIDP
2025-04-18T01:30:00Z,APXMIDP,2025-04-18,6,78.63,1197.55,APXMIDP
2025-04-18T01:00:00Z,APXMIDP,2025-04-18,5,78.65,1097.95,APXMIDP
2025-04-18T00:30:00Z,APXMIDP,2025-04-18,4,81.99,1051.8,APXMIDP
2025-04-18T00:00:00Z,APXMIDP,2025-04-18,3,80.68,968.65,APXMIDP
2025-04-17T23:30:00Z,APXMIDP,2025-04-18,2,79.72,1027.85,APXMIDP
2025-04-17T23:00:00Z,APXMIDP,2025-04-18,1,85.55,1203.95,APXMIDP
2025-04-17T22:30:00Z,APXMIDP,2025-04-17,48,81.47,1364.8,APXMIDP
2025-04-17T22:00:00Z,APXMIDP,2025-04-17,47,83.32,1556.95,APXMIDP
2025-04-17T21:30:00Z,APXMIDP,2025-04-17,46,91.56,2723.0,APXMIDP
2025-04-17T21:00:00Z,APXMIDP,2025-04-17,45,91.27,2421.45,APXMIDP
2025-04-17T20:30:00Z,APXMIDP,2025-04-17,44,92.11,2288.55,APXMIDP
2025-04-17T20:00:00Z,APXMIDP,2025-04-17,43,103.26,2570.25,APXMIDP
2025-04-17T19:30:00Z,APXMIDP,2025-04-17,42,100.75,2481.2,APXMIDP
2025-04-17T19:00:00Z,APXMIDP,2025-04-17,41,98.26,2449.1,APXMIDP
2025-04-17T18:30:00Z,APXMIDP,2025-04-17,40,106.0,2758.1,APXMIDP
2025-04-17T18:00:00Z,APXMIDP,2025-04-17,39,105.9,2675.05,APXMIDP
2025-04-17T17:30:00Z,APXMIDP,2025-04-17,38,107.79,2983.7,APXMIDP
2025-04-17T17:00:00Z,APXMIDP,2025-04-17,37,105.04,2930.1,APXMIDP
2025-04-17T16:30:00Z,APXMIDP,2025-04-17,36,98.37,2912.85,APXMIDP
2025-04-17T16:00:00Z,APXMIDP,2025-04-17,35,89.7,2939.55,APXMIDP
2025-04-17T15:30:00Z,APXMIDP,2025-04-17,34,86.37,3059.5,APXMIDP
2025-04-17T15:00:00Z,APXMIDP,2025-04-17,33,91.01,3004.4,APXMIDP
2025-04-17T14:30:00Z,APXMIDP,2025-04-17,32,90.44,3179.6,APXMIDP
2025-04-17T14:00:00Z,APXMIDP,2025-04-17,31,87.6,2703.8,APXMIDP
2025-04-17T13:30:00Z,APXMIDP,2025-04-17,30,76.95,3574.9,APXMIDP
2025-04-17T13:00:00Z,APXMIDP,2025-04-17,29,75.38,3452.45,APXMIDP
2025-04-17T12:30:00Z,APXMIDP,2025-04-17,28,72.92,4112.7,APXMIDP
2025-04-17T12:00:00Z,APXMIDP,2025-04-17,27,76.36,3528.95,APXMIDP
2025-04-17T11:30:00Z,APXMIDP,2025-04-17,26,75.73,3189.85,APXMIDP
2025-04-17T11:00:00Z,APXMIDP,2025-04-17,25,74.85,3417.8,APXMIDP
2025-04-17T10:30:00Z,APXMIDP,2025-04-17,24,80.07,3208.05,APXMIDP
2025-04-17T10:00:00Z,APXMIDP,2025-04-17,23,76.26,2819.3,APXMIDP
2025-04-17T09:30:00Z,APXMIDP,2025-04-17,22,84.11,2712.4,APXMIDP
2025-04-17T09:00:00Z,APXMIDP,2025-04-17,21,90.21,3346.5,APXMIDP
2025-04-17T08:30:00Z,APXMIDP,2025-04-17,20,94.06,3109.4,APXMIDP
2025-04-17T08:00:00Z,APXMIDP,2025-04-17,19,96.83,3109.2,APXMIDP
2025-04-17T07:30:00Z,APXMIDP,2025-04-17,18,106.43,3344.25,APXMIDP
2025-04-17T07:00:00Z,APXMIDP,2025-04-17,17,114.41,2781.3,APXMIDP
2025-04-17T06:30:00Z,APXMIDP,2025-04-17,16,113.11,2852.35,APXMIDP
2025-04-17T06:00:00Z,APXMIDP,2025-04-17,15,106.12,2756.85,APXMIDP
2025-04-17T05:30:00Z,APXMIDP,2025-04-17,14,107.43,2476.85,APXMIDP
2025-04-17T05:00:00Z,APXMIDP,2025-04-17,13,92.87,2689.65,APXMIDP
2025-04-17T04:30:00Z,APXMIDP,2025-04-17,12,90.74,2290.5,APXMIDP
2025-04-17T04:00:00Z,APXMIDP,2025-04-17,11,92.46,1994.45,APXMIDP
2025-04-17T03:30:00Z,APXMIDP,2025-04-17,10,59.71,2365.65,APXMIDP
2025-04-17T03:00:00Z,APXMIDP,2025-04-17,9,61.45,2621.4,APXMIDP
2025-04-17T02:30:00Z,APXMIDP,2025-04-17,8,55.5,2426.9,APXMIDP
2025-04-17T02:00:00Z,APXMIDP,2025-04-17,7,56.73,2068.35,APXMIDP
2025-04-17T01:30:00Z,APXMIDP,2025-04-17,6,68.6,2152.25,APXMIDP
2025-04-17T01:00:00Z,APXMIDP,2025-04-17,5,69.33,2064.8,APXMIDP
2025-04-17T00:30:00Z,APXMIDP,2025-04-17,4,70.98,2203.85,APXMIDP
2025-04-17T00:00:00Z,APXMIDP,2025-04-17,3,67.52,2020.45,APXMIDP
2025-04-16T23:30:00Z,APXMIDP,2025-04-17,2,68.38,1667.7,APXMIDP
2025-04-16T23:00:00Z,APXMIDP,2025-04-17,1,72.08,1544.25,APXMIDP
2025-04-16T22:30:00Z,APXMIDP,2025-04-16,48,72.44,1811.5,APXMIDP
2025-04-16T22:00:00Z,APXMIDP,2025-04-16,47,71.29,2015.35,APXMIDP
2025-04-16T21:30:00Z,APXMIDP,2025-04-16,46,79.23,2687.9,APXMIDP
2025-04-16T21:00:00Z,APXMIDP,2025-04-16,45,82.04,2813.45,APXMIDP
2025-04-16T20:30:00Z,APXMIDP,2025-04-16,44,84.82,3428.75,APXMIDP
2025-04-16T20:00:00Z,APXMIDP,2025-04-16,43,81.68,3193.25,APXMIDP
2025-04-16T19:30:00Z,APXMIDP,2025-04-16,42,85.8,2682.9,APXMIDP
2025-04-16T19:00:00Z,APXMIDP,2025-04-16,41,83.14,2852.05,APXMIDP
2025-04-16T18:30:00Z,APXMIDP,2025-04-16,40,94.17,3247.2,APXMIDP
2025-04-16T18:00:00Z,APXMIDP,2025-04-16,39,90.69,3241.35,APXMIDP
2025-04-16T17:30:00Z,APXMIDP,2025-04-16,38,84.02,3405.35,APXMIDP
2025-04-16T17:00:00Z,APXMIDP,2025-04-16,37,85.75,3223.75,APXMIDP
2025-04-16T16:30:00Z,APXMIDP,2025-04-16,36,82.12,3399.75,APXMIDP
2025-04-16T16:00:00Z,APXMIDP,2025-04-16,35,76.73,3306.4,APXMIDP
2025-04-16T15:30:00Z,APXMIDP,2025-04-16,34,76.25,2601.15,APXMIDP
2025-04-16T15:00:00Z,APXMIDP,2025-04-16,33,78.1,2577.05,APXMIDP
2025-04-16T14:30:00Z,APXMIDP,2025-04-16,32,88.11,3129.1,APXMIDP
2025-04-16T14:00:00Z,APXMIDP,2025-04-16,31,83.23,2927.7,APXMIDP
2025-04-16T13:30:00Z,APXMIDP,2025-04-16,30,67.93,4302.05,APXMIDP
2025-04-16T13:00:00Z,APXMIDP,2025-04-16,29,65.45,4185.5,APXMIDP
2025-04-16T12:30:00Z,APXMIDP,2025-04-16,28,62.37,4313.5,APXMIDP
2025-04-16T12:00:00Z,APXMIDP,2025-04-16,27,67.21,5042.75,APXMIDP
2025-04-16T11:30:00Z,APXMIDP,2025-04-16,26,67.56,5405.15,APXMIDP
2025-04-16T11:00:00Z,APXMIDP,2025-04-16,25,66.51,5299.6,APXMIDP
2025-04-16T10:30:00Z,APXMIDP,2025-04-16,24,60.96,4943.15,APXMIDP
2025-04-16T10:00:00Z,APXMIDP,2025-04-16,23,64.4,4510.5,APXMIDP
2025-04-16T09:30:00Z,APXMIDP,2025-04-16,22,87.52,4703.25,APXMIDP
2025-04-16T09:00:00Z,APXMIDP,2025-04-16,21,95.43,4506.4,APXMIDP
2025-04-16T08:30:00Z,APXMIDP,2025-04-16,20,102.59,4859.5,APXMIDP
2025-04-16T08:00:00Z,APXMIDP,2025-04-16,19,105.24,4514.75,APXMIDP
2025-04-16T07:30:00Z,APXMIDP,2025-04-16,18,108.76,4196.9,APXMIDP
2025-04-30T08:00:00Z,APXMIDP,2025-04-30,19,89.99,3105.55,APXMIDP
2025-04-30T07:30:00Z,APXMIDP,2025-04-30,18,100.95,2599.2,APXMIDP
2025-04-30T07:00:00Z,APXMIDP,2025-04-30,17,103.13,2524.7,APXMIDP
2025-04-30T06:30:00Z,APXMIDP,2025-04-30,16,101.82,1625.75,APXMIDP
2025-04-30T06:00:00Z,APXMIDP,2025-04-30,15,98.97,746.95,APXMIDP
2025-04-30T05:30:00Z,APXMIDP,2025-04-30,14,100.34,1422.8,APXMIDP
2025-04-30T05:00:00Z,APXMIDP,2025-04-30,13,94.85,1745.9,APXMIDP
2025-04-30T04:30:00Z,APXMIDP,2025-04-30,12,98.68,2094.15,APXMIDP
2025-04-30T04:00:00Z,APXMIDP,2025-04-30,11,90.08,2336.6,APXMIDP
2025-04-30T03:30:00Z,APXMIDP,2025-04-30,10,70.26,1909.15,APXMIDP
2025-04-30T03:00:00Z,APXMIDP,2025-04-30,9,70.9,1715.75,APXMIDP
2025-04-30T02:30:00Z,APXMIDP,2025-04-30,8,67.52,1606.2,APXMIDP
2025-04-30T02:00:00Z,APXMIDP,2025-04-30,7,69.06,1422.45,APXMIDP
2025-04-30T01:30:00Z,APXMIDP,2025-04-30,6,69.32,1431.45,APXMIDP
2025-04-30T01:00:00Z,APXMIDP,2025-04-30,5,69.85,1408.0,APXMIDP
2025-04-30T00:30:00Z,APXMIDP,2025-04-30,4,70.25,1581.95,APXMIDP
2025-04-30T00:00:00Z,APXMIDP,2025-04-30,3,70.33,1680.35,APXMIDP
2025-04-29T23:30:00Z,APXMIDP,2025-04-30,2,76.26,1406.3,APXMIDP
2025-04-29T23:00:00Z,APXMIDP,2025-04-30,1,84.6,1801.1,APXMIDP
2025-04-29T22:30:00Z,APXMIDP,2025-04-29,48,82.32,1644.65,APXMIDP
2025-04-29T22:00:00Z,APXMIDP,2025-04-29,47,75.22,1603.15,APXMIDP
2025-04-29T21:30:00Z,APXMIDP,2025-04-29,46,87.05,2408.95,APXMIDP
2025-04-29T21:00:00Z,APXMIDP,2025-04-29,45,89.44,2578.55,APXMIDP
2025-04-29T20:30:00Z,APXMIDP,2025-04-29,44,83.99,2393.3,APXMIDP
2025-04-29T20:00:00Z,APXMIDP,2025-04-29,43,94.13,2847.5,APXMIDP
2025-04-29T19:30:00Z,APXMIDP,2025-04-29,42,106.61,3522.1,APXMIDP
2025-04-29T19:00:00Z,APXMIDP,2025-04-29,41,107.03,3259.85,APXMIDP
2025-04-29T18:30:00Z,APXMIDP,2025-04-29,40,104.2,3324.6,APXMIDP
2025-04-29T18:00:00Z,APXMIDP,2025-04-29,39,99.89,3257.1,APXMIDP
2025-04-29T17:30:00Z,APXMIDP,2025-04-29,38,108.09,3250.65,APXMIDP
2025-04-29T17:00:00Z,APXMIDP,2025-04-29,37,113.33,2814.8,APXMIDP
2025-04-29T16:30:00Z,APXMIDP,2025-04-29,36,97.57,3050.65,APXMIDP
2025-04-29T16:00:00Z,APXMIDP,2025-04-29,35,99.99,2710.8,APXMIDP
2025-04-29T15:30:00Z,APXMIDP,2025-04-29,34,71.07,2592.5,APXMIDP
2025-04-29T15:00:00Z,APXMIDP,2025-04-29,33,71.06,2173.25,APXMIDP
2025-04-29T14:30:00Z,APXMIDP,2025-04-29,32,74.02,2406.25,APXMIDP
2025-04-29T14:00:00Z,APXMIDP,2025-04-29,31,68.04,2499.6,APXMIDP
2025-04-29T13:30:00Z,APXMIDP,2025-04-29,30,64.52,3458.05,APXMIDP
2025-04-29T13:00:00Z,APXMIDP,2025-04-29,29,68.77,2950.75,APXMIDP
2025-04-29T12:30:00Z,APXMIDP,2025-04-29,28,69.86,3229.4,APXMIDP
2025-04-29T12:00:00Z,APXMIDP,2025-04-29,27,69.68,2589.35,APXMIDP
2025-04-29T11:30:00Z,APXMIDP,2025-04-29,26,69.47,2370.6,APXMIDP
2025-04-29T11:00:00Z,APXMIDP,2025-04-29,25,65.87,2239.35,APXMIDP
2025-04-29T10:30:00Z,APXMIDP,2025-04-29,24,64.34,2350.3,APXMIDP
2025-04-29T10:00:00Z,APXMIDP,2025-04-29,23,67.53,2239.35,APXMIDP
2025-04-29T09:30:00Z,APXMIDP,2025-04-29,22,82.46,2729.45,APXMIDP
2025-04-29T09:00:00Z,APXMIDP,2025-04-29,21,80.39,2295.2,APXMIDP
2025-04-29T08:30:00Z,APXMIDP,2025-04-29,20,75.73,2279.2,APXMIDP
2025-04-29T08:00:00Z,APXMIDP,2025-04-29,19,85.94,2540.2,APXMIDP
2025-04-29T07:30:00Z,APXMIDP,2025-04-29,18,96.84,2104.1,APXMIDP
2025-04-29T07:00:00Z,APXMIDP,2025-04-29,17,103.63,2344.1,APXMIDP
2025-04-29T06:30:00Z,APXMIDP,2025-04-29,16,106.31,2187.0,APXMIDP
2025-04-29T06:00:00Z,APXMIDP,2025-04-29,15,108.56,1941.75,APXMIDP
2025-04-29T05:30:00Z,APXMIDP,2025-04-29,14,107.9,2286.55,APXMIDP
2025-04-29T05:00:00Z,APXMIDP,2025-04-29,13,102.61,2056.75,APXMIDP
2025-04-29T04:30:00Z,APXMIDP,2025-04-29,12,96.88,2351.7,APXMIDP
2025-04-29T04:00:00Z,APXMIDP,2025-04-29,11,87.31,1943.0,APXMIDP
2025-04-29T03:30:00Z,APXMIDP,2025-04-29,10,80.3,2155.65,APXMIDP
2025-04-29T03:00:00Z,APXMIDP,2025-04-29,9,81.82,1975.2,APXMIDP
2025-04-29T02:30:00Z,APXMIDP,2025-04-29,8,78.71,2233.85,APXMIDP
2025-04-29T02:00:00Z,APXMIDP,2025-04-29,7,77.06,2131.25,APXMIDP
2025-04-29T01:30:00Z,APXMIDP,2025-04-29,6,78.39,2290.65,APXMIDP
2025-04-29T01:00:00Z,APXMIDP,2025-04-29,5,81.47,2120.75,APXMIDP
2025-04-29T00:30:00Z,APXMIDP,2025-04-29,4,86.16,2121.05,APXMIDP
2025-04-29T00:00:00Z,APXMIDP,2025-04-29,3,82.25,1970.4,APXMIDP
2025-04-28T23:30:00Z,APXMIDP,2025-04-29,2,77.66,2019.0,APXMIDP
2025-04-28T23:00:00Z,APXMIDP,2025-04-29,1,79.58,1983.7,APXMIDP
2025-04-28T22:30:00Z,APXMIDP,2025-04-28,48,91.58,1852.7,APXMIDP
2025-04-28T22:00:00Z,APXMIDP,2025-04-28,47,88.08,2370.3,APXMIDP
2025-04-28T21:30:00Z,APXMIDP,2025-04-28,46,90.15,3652.3,APXMIDP
2025-04-28T21:00:00Z,APXMIDP,2025-04-28,45,98.86,3489.95,APXMIDP
2025-04-28T20:30:00Z,APXMIDP,2025-04-28,44,100.62,3246.15,APXMIDP
2025-04-28T20:00:00Z,APXMIDP,2025-04-28,43,107.47,3347.05,APXMIDP
2025-04-28T19:30:00Z,APXMIDP,2025-04-28,42,126.67,4634.3,APXMIDP
2025-04-28T19:00:00Z,APXMIDP,2025-04-28,41,130.24,4606.65,APXMIDP
2025-04-28T18:30:00Z,APXMIDP,2025-04-28,40,151.52,5169.9,APXMIDP
2025-04-28T18:00:00Z,APXMIDP,2025-04-28,39,144.99,4626.75,APXMIDP
2025-04-28T17:30:00Z,APXMIDP,2025-04-28,38,123.67,3756.15,APXMIDP
2025-04-28T17:00:00Z,APXMIDP,2025-04-28,37,119.65,3525.9,APXMIDP
2025-04-28T16:30:00Z,APXMIDP,2025-04-28,36,100.7,3139.55,APXMIDP
2025-04-28T16:00:00Z,APXMIDP,2025-04-28,35,99.33,3260.85,APXMIDP
2025-04-28T15:30:00Z,APXMIDP,2025-04-28,34,77.75,3166.5,APXMIDP
2025-04-28T15:00:00Z,APXMIDP,2025-04-28,33,83.7,2841.5,APXMIDP
2025-04-28T14:30:00Z,APXMIDP,2025-04-28,32,75.95,2643.7,APXMIDP
2025-04-28T14:00:00Z,APXMIDP,2025-04-28,31,73.45,2358.8,APXMIDP
2025-04-28T13:30:00Z,APXMIDP,2025-04-28,30,65.54,3730.05,APXMIDP
2025-04-28T13:00:00Z,APXMIDP,2025-04-28,29,65.61,3367.5,APXMIDP
2025-04-28T12:30:00Z,APXMIDP,2025-04-28,28,65.24,3212.9,APXMIDP
2025-04-28T12:00:00Z,APXMIDP,2025-04-28,27,63.15,3247.9,APXMIDP
2025-04-28T11:30:00Z,APXMIDP,2025-04-28,26,64.1,3546.35,APXMIDP
2025-04-28T11:00:00Z,APXMIDP,2025-04-28,25,63.27,3620.65,APXMIDP
2025-04-28T10:30:00Z,APXMIDP,2025-04-28,24,58.82,3257.05,APXMIDP
2025-04-28T10:00:00Z,APXMIDP,2025-04-28,23,58.18,3084.3,APXMIDP
2025-04-28T09:30:00Z,APXMIDP,2025-04-28,22,62.36,2158.8,APXMIDP
2025-04-28T09:00:00Z,APXMIDP,2025-04-28,21,64.26,1682.05,APXMIDP
2025-04-28T08:30:00Z,APXMIDP,2025-04-28,20,71.3,1961.3,APXMIDP
2025-04-28T08:00:00Z,APXMIDP,2025-04-28,19,75.83,1928.3,APXMIDP
2025-04-28T07:30:00Z,APXMIDP,2025-04-28,18,85.13,2064.5,APXMIDP
2025-04-28T07:00:00Z,APXMIDP,2025-04-28,17,91.17,2311.05,APXMIDP
2025-04-28T06:30:00Z,APXMIDP,2025-04-28,16,92.17,3312.95,APXMIDP
2025-04-28T06:00:00Z,APXMIDP,2025-04-28,15,88.77,3415.85,APXMIDP
2025-04-28T05:30:00Z,APXMIDP,2025-04-28,14,101.73,2606.3,APXMIDP
2025-04-28T05:00:00Z,APXMIDP,2025-04-28,13,93.4,2376.95,APXMIDP
2025-04-28T04:30:00Z,APXMIDP,2025-04-28,12,84.45,2023.45,APXMIDP
2025-04-28T04:00:00Z,APXMIDP,2025-04-28,11,86.65,1992.15,APXMIDP
2025-04-28T03:30:00Z,APXMIDP,2025-04-28,10,77.28,1877.25,APXMIDP
2025-04-28T03:00:00Z,APXMIDP,2025-04-28,9,75.48,2082.2,APXMIDP
2025-04-28T02:30:00Z,APXMIDP,2025-04-28,8,71.39,2349.85,APXMIDP
2025-04-28T02:00:00Z,APXMIDP,2025-04-28,7,70.18,2526.75,APXMIDP
2025-04-28T01:30:00Z,APXMIDP,2025-04-28,6,62.32,3259.2,APXMIDP
2025-04-28T01:00:00Z,APXMIDP,2025-04-28,5,64.32,2974.15,APXMIDP
2025-04-28T00:30:00Z,APXMIDP,2025-04-28,4,66.94,2612.95,APXMIDP
2025-04-28T00:00:00Z,APXMIDP,2025-04-28,3,59.1,2390.3,APXMIDP
2025-04-27T23:30:00Z,APXMIDP,2025-04-28,2,54.82,2399.4,APXMIDP
2025-04-27T23:00:00Z,APXMIDP,2025-04-28,1,59.82,2162.15,APXMIDP
2025-04-27T22:30:00Z,APXMIDP,2025-04-27,48,62.69,1886.6,APXMIDP
2025-04-27T22:00:00Z,APXMIDP,2025-04-27,47,59.79,1749.8,APXMIDP
2025-04-27T21:30:00Z,APXMIDP,2025-04-27,46,72.48,2718.35,APXMIDP
2025-04-27T21:00:00Z,APXMIDP,2025-04-27,45,77.41,2362.6,APXMIDP
2025-04-27T20:30:00Z,APXMIDP,2025-04-27,44,75.2,2711.75,APXMIDP
2025-04-27T20:00:00Z,APXMIDP,2025-04-27,43,84.41,2663.8,APXMIDP
2025-04-27T19:30:00Z,APXMIDP,2025-04-27,42,81.33,2840.6,APXMIDP
2025-04-27T19:00:00Z,APXMIDP,2025-04-27,41,79.81,3050.8,APXMIDP
2025-04-27T18:30:00Z,APXMIDP,2025-04-27,40,87.09,2558.4,APXMIDP
2025-04-27T18:00:00Z,APXMIDP,2025-04-27,39,86.19,2852.7,APXMIDP
2025-04-27T17:30:00Z,APXMIDP,2025-04-27,38,73.21,2734.3,APXMIDP
2025-04-27T17:00:00Z,APXMIDP,2025-04-27,37,73.69,2787.4,APXMIDP
2025-04-27T16:30:00Z,APXMIDP,2025-04-27,36,66.44,3299.8,APXMIDP
2025-04-27T16:00:00Z,APXMIDP,2025-04-27,35,59.82,3408.3,APXMIDP
2025-04-27T15:30:00Z,APXMIDP,2025-04-27,34,-3.99,2388.15,APXMIDP
2025-04-27T15:00:00Z,APXMIDP,2025-04-27,33,-6.27,2853.05,APXMIDP
2025-04-27T14:30:00Z,APXMIDP,2025-04-27,32,-8.24,2545.05,APXMIDP
2025-04-27T14:00:00Z,APXMIDP,2025-04-27,31,-12.74,2862.15,APXMIDP
2025-04-27T13:30:00Z,APXMIDP,2025-04-27,30,-35.48,2243.4,APXMIDP
2025-04-27T13:00:00Z,APXMIDP,2025-04-27,29,-30.2,2203.45,APXMIDP
2025-04-27T12:30:00Z,APXMIDP,2025-04-27,28,-27.75,2448.8,APXMIDP
2025-04-27T12:00:00Z,APXMIDP,2025-04-27,27,-24.68,2414.8,APXMIDP
2025-04-27T11:30:00Z,APXMIDP,2025-04-27,26,-12.02,2816.55,APXMIDP
2025-04-27T11:00:00Z,APXMIDP,2025-04-27,25,-4.54,2729.85,APXMIDP
2025-04-27T10:30:00Z,APXMIDP,2025-04-27,24,-11.99,2469.55,APXMIDP
2025-04-27T10:00:00Z,APXMIDP,2025-04-27,23,-11.66,2170.05,APXMIDP
2025-04-27T09:30:00Z,APXMIDP,2025-04-27,22,-5.37,2059.85,APXMIDP
2025-04-27T09:00:00Z,APXMIDP,2025-04-27,21,15.77,2225.75,APXMIDP
2025-04-27T08:30:00Z,APXMIDP,2025-04-27,20,27.72,2224.2,APXMIDP
2025-04-27T08:00:00Z,APXMIDP,2025-04-27,19,39.43,1827.65,APXMIDP
2025-04-27T07:30:00Z,APXMIDP,2025-04-27,18,29.63,1963.6,APXMIDP
2025-04-27T07:00:00Z,APXMIDP,2025-04-27,17,19.31,1356.85,APXMIDP
2025-04-27T06:30:00Z,APXMIDP,2025-04-27,16,22.14,1474.5,APXMIDP
2025-04-27T06:00:00Z,APXMIDP,2025-04-27,15,26.75,1332.1,APXMIDP
2025-04-27T05:30:00Z,APXMIDP,2025-04-27,14,58.18,1357.45,APXMIDP
2025-04-27T05:00:00Z,APXMIDP,2025-04-27,13,57.86,1508.95,APXMIDP
2025-04-27T04:30:00Z,APXMIDP,2025-04-27,12,62.87,1360.95,APXMIDP
2025-04-27T04:00:00Z,APXMIDP,2025-04-27,11,64.03,1332.35,APXMIDP
2025-04-27T03:30:00Z,APXMIDP,2025-04-27,10,60.56,1765.55,APXMIDP
2025-04-27T03:00:00Z,APXMIDP,2025-04-27,9,66.25,1769.95,APXMIDP
2025-04-27T02:30:00Z,APXMIDP,2025-04-27,8,62.93,1773.8,APXMIDP
2025-04-27T02:00:00Z,APXMIDP,2025-04-27,7,59.3,1339.35,APXMIDP
2025-04-27T01:30:00Z,APXMIDP,2025-04-27,6,58.72,1186.7,APXMIDP
2025-04-27T01:00:00Z,APXMIDP,2025-04-27,5,62.06,1397.75,APXMIDP
2025-04-27T00:30:00Z,APXMIDP,2025-04-27,4,60.8,1391.55,APXMIDP
2025-04-27T00:00:00Z,APXMIDP,2025-04-27,3,65.11,1318.95,APXMIDP
2025-04-26T23:30:00Z,APXMIDP,2025-04-27,2,69.43,1840.2,APXMIDP
2025-04-26T23:00:00Z,APXMIDP,2025-04-27,1,67.22,1512.05,APXMIDP
2025-04-26T22:30:00Z,APXMIDP,2025-04-26,48,77.32,1391.3,APXMIDP
2025-04-26T22:00:00Z,APXMIDP,2025-04-26,47,79.35,1636.7,APXMIDP
2025-04-26T21:30:00Z,APXMIDP,2025-04-26,46,71.11,2109.3,APXMIDP
2025-04-26T21:00:00Z,APXMIDP,2025-04-26,45,76.01,1852.3,APXMIDP
2025-04-26T20:30:00Z,APXMIDP,2025-04-26,44,79.04,1571.1,APXMIDP
2025-04-26T20:00:00Z,APXMIDP,2025-04-26,43,87.58,1888.55,APXMIDP
2025-04-26T19:30:00Z,APXMIDP,2025-04-26,42,95.05,2441.85,APXMIDP
2025-04-26T19:00:00Z,APXMIDP,2025-04-26,41,96.35,2230.05,APXMIDP
2025-04-26T18:30:00Z,APXMIDP,2025-04-26,40,95.0,2234.75,APXMIDP
2025-04-26T18:00:00Z,APXMIDP,2025-04-26,39,94.52,2004.05,APXMIDP
2025-04-26T17:30:00Z,APXMIDP,2025-04-26,38,87.2,2506.7,APXMIDP
2025-04-26T17:00:00Z,APXMIDP,2025-04-26,37,85.48,2500.35,APXMIDP
2025-04-26T16:30:00Z,APXMIDP,2025-04-26,36,82.19,2325.65,APXMIDP
2025-04-26T16:00:00Z,APXMIDP,2025-04-26,35,75.67,2159.85,APXMIDP
2025-04-26T15:30:00Z,APXMIDP,2025-04-26,34,62.37,2423.8,APXMIDP
2025-04-26T15:00:00Z,APXMIDP,2025-04-26,33,59.98,2176.6,APXMIDP
2025-04-26T14:30:00Z,APXMIDP,2025-04-26,32,57.19,1738.95,APXMIDP
2025-04-26T14:00:00Z,APXMIDP,2025-04-26,31,54.85,1832.95,APXMIDP
2025-04-26T13:30:00Z,APXMIDP,2025-04-26,30,59.27,2425.3,APXMIDP
2025-04-26T13:00:00Z,APXMIDP,2025-04-26,29,60.15,2436.9,APXMIDP
2025-04-26T12:30:00Z,APXMIDP,2025-04-26,28,60.44,2226.75,APXMIDP
2025-04-26T12:00:00Z,APXMIDP,2025-04-26,27,61.97,2047.3,APXMIDP
2025-04-26T11:30:00Z,APXMIDP,2025-04-26,26,66.92,2229.15,APXMIDP
2025-04-26T11:00:00Z,APXMIDP,2025-04-26,25,70.28,1769.0,APXMIDP
2025-04-26T10:30:00Z,APXMIDP,2025-04-26,24,71.06,1760.55,APXMIDP
2025-04-26T10:00:00Z,APXMIDP,2025-04-26,23,77.92,1856.25,APXMIDP
2025-04-26T09:30:00Z,APXMIDP,2025-04-26,22,92.72,1946.7,APXMIDP
2025-04-26T09:00:00Z,APXMIDP,2025-04-26,21,100.54,1721.85,APXMIDP
2025-04-26T08:30:00Z,APXMIDP,2025-04-26,20,101.41,1751.4,APXMIDP
2025-04-26T08:00:00Z,APXMIDP,2025-04-26,19,101.59,1510.95,APXMIDP
2025-04-26T07:30:00Z,APXMIDP,2025-04-26,18,102.43,1409.4,APXMIDP
2025-04-26T07:00:00Z,APXMIDP,2025-04-26,17,102.14,1508.8,APXMIDP
2025-04-26T06:30:00Z,APXMIDP,2025-04-26,16,97.34,1518.15,APXMIDP
2025-04-26T06:00:00Z,APXMIDP,2025-04-26,15,87.49,1828.65,APXMIDP
2025-04-26T05:30:00Z,APXMIDP,2025-04-26,14,86.07,1427.4,APXMIDP
2025-04-26T05:00:00Z,APXMIDP,2025-04-26,13,84.46,1319.25,APXMIDP
2025-04-26T04:30:00Z,APXMIDP,2025-04-26,12,84.92,1026.15,APXMIDP
2025-04-26T04:00:00Z,APXMIDP,2025-04-26,11,84.3,981.45,APXMIDP
2025-04-26T03:30:00Z,APXMIDP,2025-04-26,10,82.85,1026.1,APXMIDP
2025-04-26T03:00:00Z,APXMIDP,2025-04-26,9,81.0,1180.45,APXMIDP
2025-04-26T02:30:00Z,APXMIDP,2025-04-26,8,79.77,984.7,APXMIDP
2025-04-26T02:00:00Z,APXMIDP,2025-04-26,7,79.38,946.9,APXMIDP
2025-04-26T01:30:00Z,APXMIDP,2025-04-26,6,76.83,1056.1,APXMIDP
2025-04-26T01:00:00Z,APXMIDP,2025-04-26,5,82.74,928.3,APXMIDP
2025-04-26T00:30:00Z,APXMIDP,2025-04-26,4,80.68,1156.9,APXMIDP
2025-04-26T00:00:00Z,APXMIDP,2025-04-26,3,79.65,1151.25,APXMIDP
2025-04-25T23:30:00Z,APXMIDP,2025-04-26,2,84.35,916.3,APXMIDP
2025-04-25T23:00:00Z,APXMIDP,2025-04-26,1,86.49,926.95,APXMIDP
2025-04-25T22:30:00Z,APXMIDP,2025-04-25,48,81.98,1182.2,APXMIDP
2025-04-25T22:00:00Z,APXMIDP,2025-04-25,47,78.38,1822.05,APXMIDP
2025-04-25T21:30:00Z,APXMIDP,2025-04-25,46,86.35,1885.0,APXMIDP
2025-04-25T21:00:00Z,APXMIDP,2025-04-25,45,86.78,1896.75,APXMIDP
2025-04-25T20:30:00Z,APXMIDP,2025-04-25,44,84.64,1690.8,APXMIDP
2025-04-25T20:00:00Z,APXMIDP,2025-04-25,43,92.36,1732.8,APXMIDP
2025-04-25T19:30:00Z,APXMIDP,2025-04-25,42,99.17,2121.55,APXMIDP
2025-04-25T19:00:00Z,APXMIDP,2025-04-25,41,100.9,2063.15,APXMIDP
2025-04-25T18:30:00Z,APXMIDP,2025-04-25,40,109.2,2490.9,APXMIDP
2025-04-25T18:00:00Z,APXMIDP,2025-04-25,39,108.58,2564.0,APXMIDP
2025-04-25T17:30:00Z,APXMIDP,2025-04-25,38,103.68,3057.65,APXMIDP
2025-04-25T17:00:00Z,APXMIDP,2025-04-25,37,102.09,2956.95,APXMIDP
2025-04-25T16:30:00Z,APXMIDP,2025-04-25,36,93.06,2969.25,APXMIDP
2025-04-25T16:00:00Z,APXMIDP,2025-04-25,35,85.78,2960.4,APXMIDP
2025-04-25T15:30:00Z,APXMIDP,2025-04-25,34,66.48,2071.05,APXMIDP
2025-04-25T15:00:00Z,APXMIDP,2025-04-25,33,68.3,1773.3,APXMIDP
2025-04-25T14:30:00Z,APXMIDP,2025-04-25,32,70.01,1427.45,APXMIDP
2025-04-25T14:00:00Z,APXMIDP,2025-04-25,31,68.13,1144.2,APXMIDP
2025-04-25T13:30:00Z,APXMIDP,2025-04-25,30,67.08,1349.35,APXMIDP
2025-04-25T13:00:00Z,APXMIDP,2025-04-25,29,67.34,1508.0,APXMIDP
2025-04-25T12:30:00Z,APXMIDP,2025-04-25,28,68.38,1521.0,APXMIDP
2025-04-25T12:00:00Z,APXMIDP,2025-04-25,27,70.06,1623.8,APXMIDP
2025-04-25T11:30:00Z,APXMIDP,2025-04-25,26,71.47,1522.05,APXMIDP
2025-04-25T11:00:00Z,APXMIDP,2025-04-25,25,71.36,1390.45,APXMIDP
2025-04-25T10:30:00Z,APXMIDP,2025-04-25,24,69.24,1418.8,APXMIDP
2025-04-25T10:00:00Z,APXMIDP,2025-04-25,23,72.61,1459.3,APXMIDP
2025-04-25T09:30:00Z,APXMIDP,2025-04-25,22,72.8,2484.15,APXMIDP
2025-04-25T09:00:00Z,APXMIDP,2025-04-25,21,74.75,1867.45,APXMIDP
2025-04-25T08:30:00Z,APXMIDP,2025-04-25,20,85.8,2527.6,APXMIDP
2025-04-25T08:00:00Z,APXMIDP,2025-04-25,19,97.25,2382.25,APXMIDP
2025-04-25T07:30:00Z,APXMIDP,2025-04-25,18,115.63,2890.65,APXMIDP
2025-04-25T07:00:00Z,APXMIDP,2025-04-25,17,116.01,2946.15,APXMIDP
2025-04-25T06:30:00Z,APXMIDP,2025-04-25,16,120.92,3079.05,APXMIDP
2025-04-25T06:00:00Z,APXMIDP,2025-04-25,15,117.63,2694.7,APXMIDP
2025-04-25T05:30:00Z,APXMIDP,2025-04-25,14,108.43,2135.25,APXMIDP
2025-04-25T05:00:00Z,APXMIDP,2025-04-25,13,102.71,1899.15,APXMIDP
2025-04-25T04:30:00Z,APXMIDP,2025-04-25,12,87.21,1511.3,APXMIDP
2025-04-25T04:00:00Z,APXMIDP,2025-04-25,11,84.12,1632.65,APXMIDP
2025-04-25T03:30:00Z,APXMIDP,2025-04-25,10,76.15,1906.55,APXMIDP
2025-04-25T03:00:00Z,APXMIDP,2025-04-25,9,78.78,2012.1,APXMIDP
2025-04-25T02:30:00Z,APXMIDP,2025-04-25,8,75.55,2161.15,APXMIDP
2025-04-25T02:00:00Z,APXMIDP,2025-04-25,7,74.99,1870.0,APXMIDP
2025-04-25T01:30:00Z,APXMIDP,2025-04-25,6,72.53,1774.7,APXMIDP
2025-04-25T01:00:00Z,APXMIDP,2025-04-25,5,73.81,1752.55,APXMIDP
2025-04-25T00:30:00Z,APXMIDP,2025-04-25,4,74.33,1657.8,APXMIDP
2025-04-25T00:00:00Z,APXMIDP,2025-04-25,3,76.01,1679.95,APXMIDP
2025-04-24T23:30:00Z,APXMIDP,2025-04-25,2,75.2,1261.75,APXMIDP
2025-04-24T23:00:00Z,APXMIDP,2025-04-25,1,80.11,1395.8,APXMIDP
2025-04-24T22:30:00Z,APXMIDP,2025-04-24,48,81.74,1284.8,APXMIDP
2025-04-24T22:00:00Z,APXMIDP,2025-04-24,47,78.66,1459.2,APXMIDP
2025-04-24T21:30:00Z,APXMIDP,2025-04-24,46,84.64,2162.65,APXMIDP
2025-04-24T21:00:00Z,APXMIDP,2025-04-24,45,84.33,2216.55,APXMIDP
2025-04-24T20:30:00Z,APXMIDP,2025-04-24,44,82.73,2020.0,APXMIDP
2025-04-24T20:00:00Z,APXMIDP,2025-04-24,43,91.53,2226.5,APXMIDP
2025-04-24T19:30:00Z,APXMIDP,2025-04-24,42,90.08,2892.75,APXMIDP
2025-04-24T19:00:00Z,APXMIDP,2025-04-24,41,90.64,3000.0,APXMIDP
2025-04-24T18:30:00Z,APXMIDP,2025-04-24,40,89.49,3460.15,APXMIDP
2025-04-24T18:00:00Z,APXMIDP,2025-04-24,39,90.63,3328.65,APXMIDP
2025-04-24T17:30:00Z,APXMIDP,2025-04-24,38,82.01,3159.55,APXMIDP
2025-04-24T17:00:00Z,APXMIDP,2025-04-24,37,77.91,3308.85,APXMIDP
2025-04-24T16:30:00Z,APXMIDP,2025-04-24,36,79.65,3311.6,APXMIDP
2025-04-24T16:00:00Z,APXMIDP,2025-04-24,35,74.91,3259.75,APXMIDP
2025-04-24T15:30:00Z,APXMIDP,2025-04-24,34,69.1,3029.05,APXMIDP
2025-04-24T15:00:00Z,APXMIDP,2025-04-24,33,67.87,3365.6,APXMIDP
2025-04-24T14:30:00Z,APXMIDP,2025-04-24,32,66.4,2769.4,APXMIDP
2025-04-24T14:00:00Z,APXMIDP,2025-04-24,31,66.72,2158.15,APXMIDP
2025-04-24T13:30:00Z,APXMIDP,2025-04-24,30,69.81,2952.6,APXMIDP
2025-04-24T13:00:00Z,APXMIDP,2025-04-24,29,69.32,2799.65,APXMIDP
2025-04-24T12:30:00Z,APXMIDP,2025-04-24,28,71.1,2872.05,APXMIDP
2025-04-24T12:00:00Z,APXMIDP,2025-04-24,27,76.43,3122.3,APXMIDP
2025-04-24T11:30:00Z,APXMIDP,2025-04-24,26,73.0,3010.2,APXMIDP
2025-04-24T11:00:00Z,APXMIDP,2025-04-24,25,69.89,3145.45,APXMIDP
2025-04-24T10:30:00Z,APXMIDP,2025-04-24,24,76.75,3138.65,APXMIDP
2025-04-24T10:00:00Z,APXMIDP,2025-04-24,23,81.64,3050.05,APXMIDP
2025-04-24T09:30:00Z,APXMIDP,2025-04-24,22,79.82,2589.75,APXMIDP
2025-04-24T09:00:00Z,APXMIDP,2025-04-24,21,81.73,2669.0,APXMIDP
2025-04-24T08:30:00Z,APXMIDP,2025-04-24,20,79.34,2521.55,APXMIDP
2025-04-24T08:00:00Z,APXMIDP,2025-04-24,19,82.54,2531.35,APXMIDP
2025-04-24T07:30:00Z,APXMIDP,2025-04-24,18,81.63,2402.9,APXMIDP
2025-04-24T07:00:00Z,APXMIDP,2025-04-24,17,80.76,2291.95,APXMIDP
2025-04-24T06:30:00Z,APXMIDP,2025-04-24,16,89.32,2211.95,APXMIDP
2025-04-24T06:00:00Z,APXMIDP,2025-04-24,15,85.11,2234.8,APXMIDP
2025-04-24T05:30:00Z,APXMIDP,2025-04-24,14,81.58,1988.15,APXMIDP
2025-04-24T05:00:00Z,APXMIDP,2025-04-24,13,67.71,1773.15,APXMIDP
2025-04-24T04:30:00Z,APXMIDP,2025-04-24,12,63.46,1879.75,APXMIDP
2025-04-24T04:00:00Z,APXMIDP,2025-04-24,11,71.81,1386.0,APXMIDP
2025-04-24T03:30:00Z,APXMIDP,2025-04-24,10,64.56,1882.0,APXMIDP
2025-04-24T03:00:00Z,APXMIDP,2025-04-24,9,68.13,1832.1,APXMIDP
2025-04-24T02:30:00Z,APXMIDP,2025-04-24,8,69.28,2089.05,APXMIDP
2025-04-24T02:00:00Z,APXMIDP,2025-04-24,7,67.86,1827.0,APXMIDP
2025-04-24T01:30:00Z,APXMIDP,2025-04-24,6,69.78,1724.65,APXMIDP
2025-04-24T01:00:00Z,APXMIDP,2025-04-24,5,74.91,2024.2,APXMIDP
2025-04-24T00:30:00Z,APXMIDP,2025-04-24,4,71.94,2165.3,APXMIDP
2025-04-24T00:00:00Z,APXMIDP,2025-04-24,3,67.97,1762.3,APXMIDP
2025-04-23T23:30:00Z,APXMIDP,2025-04-24,2,67.68,1761.0,APXMIDP
2025-04-23T23:00:00Z,APXMIDP,2025-04-24,1,71.49,1480.65,APXMIDP
2025-04-23T22:30:00Z,APXMIDP,2025-04-23,48,71.74,1685.45,APXMIDP
2025-04-23T22:00:00Z,APXMIDP,2025-04-23,47,82.46,1613.9,APXMIDP
2025-04-23T21:30:00Z,APXMIDP,2025-04-23,46,85.44,2258.6,APXMIDP
2025-04-23T21:00:00Z,APXMIDP,2025-04-23,45,85.66,2435.85,APXMIDP
2025-04-23T20:30:00Z,APXMIDP,2025-04-23,44,84.42,2356.85,APXMIDP
2025-04-23T20:00:00Z,APXMIDP,2025-04-23,43,100.65,2813.75,APXMIDP
2025-04-23T19:30:00Z,APXMIDP,2025-04-23,42,107.55,3098.3,APXMIDP
2025-04-23T19:00:00Z,APXMIDP,2025-04-23,41,109.76,3329.55,APXMIDP
2025-04-23T18:30:00Z,APXMIDP,2025-04-23,40,119.03,2871.65,APXMIDP
2025-04-23T18:00:00Z,APXMIDP,2025-04-23,39,118.18,2829.15,APXMIDP
2025-04-23T17:30:00Z,APXMIDP,2025-04-23,38,115.54,3025.95,APXMIDP
2025-04-23T17:00:00Z,APXMIDP,2025-04-23,37,112.67,3224.0,APXMIDP
2025-04-23T16:30:00Z,APXMIDP,2025-04-23,36,105.52,3212.6,APXMIDP
2025-04-23T16:00:00Z,APXMIDP,2025-04-23,35,102.36,3045.55,APXMIDP
2025-04-23T15:30:00Z,APXMIDP,2025-04-23,34,86.61,2513.25,APXMIDP
2025-04-23T15:00:00Z,APXMIDP,2025-04-23,33,88.68,2364.35,APXMIDP
2025-04-23T14:30:00Z,APXMIDP,2025-04-23,32,71.41,2574.65,APXMIDP
2025-04-23T14:00:00Z,APXMIDP,2025-04-23,31,70.62,2497.7,APXMIDP
2025-04-23T13:30:00Z,APXMIDP,2025-04-23,30,71.92,3142.75,APXMIDP
2025-04-23T13:00:00Z,APXMIDP,2025-04-23,29,74.21,3088.9,APXMIDP
2025-04-23T12:30:00Z,APXMIDP,2025-04-23,28,71.87,2633.75,APXMIDP
2025-04-23T12:00:00Z,APXMIDP,2025-04-23,27,70.21,2407.25,APXMIDP
2025-04-23T11:30:00Z,APXMIDP,2025-04-23,26,72.67,2280.05,APXMIDP
2025-04-23T11:00:00Z,APXMIDP,2025-04-23,25,73.93,2515.35,APXMIDP
2025-04-23T10:30:00Z,APXMIDP,2025-04-23,24,73.39,2447.6,APXMIDP
2025-04-23T10:00:00Z,APXMIDP,2025-04-23,23,73.92,2695.9,APXMIDP
2025-04-23T09:30:00Z,APXMIDP,2025-04-23,22,74.39,2314.8,APXMIDP
2025-04-23T09:00:00Z,APXMIDP,2025-04-23,21,73.91,1819.6,APXMIDP
2025-04-23T08:30:00Z,APXMIDP,2025-04-23,20,76.36,1580.7,APXMIDP
2025-04-23T08:00:00Z,APXMIDP,2025-04-23,19,82.03,1837.05,APXMIDP
2025-05-07T08:30:00Z,APXMIDP,2025-05-07,20,80.85,2525.85,APXMIDP
2025-05-07T08:00:00Z,APXMIDP,2025-05-07,19,88.04,3208.85,APXMIDP
2025-05-07T07:30:00Z,APXMIDP,2025-05-07,18,93.76,1845.55,APXMIDP
2025-05-07T07:00:00Z,APXMIDP,2025-05-07,17,100.48,2360.45,APXMIDP
2025-05-07T06:30:00Z,APXMIDP,2025-05-07,16,108.26,2157.7,APXMIDP
2025-05-07T06:00:00Z,APXMIDP,2025-05-07,15,106.5,2256.75,APXMIDP
2025-05-07T05:30:00Z,APXMIDP,2025-05-07,14,117.2,1922.4,APXMIDP
2025-05-07T05:00:00Z,APXMIDP,2025-05-07,13,112.49,1950.25,APXMIDP
2025-05-07T04:30:00Z,APXMIDP,2025-05-07,12,108.79,1616.1,APXMIDP
2025-05-07T04:00:00Z,APXMIDP,2025-05-07,11,105.96,1357.1,APXMIDP
2025-05-07T03:30:00Z,APXMIDP,2025-05-07,10,86.03,1403.25,APXMIDP
2025-05-07T03:00:00Z,APXMIDP,2025-05-07,9,86.07,1350.5,APXMIDP
2025-05-07T02:30:00Z,APXMIDP,2025-05-07,8,82.39,1700.25,APXMIDP
2025-05-07T02:00:00Z,APXMIDP,2025-05-07,7,83.46,1726.6,APXMIDP
2025-05-07T01:30:00Z,APXMIDP,2025-05-07,6,80.9,1637.3,APXMIDP
2025-05-07T01:00:00Z,APXMIDP,2025-05-07,5,82.12,1155.05,APXMIDP
2025-05-07T00:30:00Z,APXMIDP,2025-05-07,4,82.58,1115.45,APXMIDP
2025-05-07T00:00:00Z,APXMIDP,2025-05-07,3,81.39,1116.6,APXMIDP
2025-05-06T23:30:00Z,APXMIDP,2025-05-07,2,85.07,1238.9,APXMIDP
2025-05-06T23:00:00Z,APXMIDP,2025-05-07,1,80.84,1186.15,APXMIDP
2025-05-06T22:30:00Z,APXMIDP,2025-05-06,48,79.71,1276.65,APXMIDP
2025-05-06T22:00:00Z,APXMIDP,2025-05-06,47,77.21,1049.15,APXMIDP
2025-05-06T21:30:00Z,APXMIDP,2025-05-06,46,81.25,2241.85,APXMIDP
2025-05-06T21:00:00Z,APXMIDP,2025-05-06,45,85.63,2562.55,APXMIDP
2025-05-06T20:30:00Z,APXMIDP,2025-05-06,44,89.48,1790.5,APXMIDP
2025-05-06T20:00:00Z,APXMIDP,2025-05-06,43,96.26,2419.7,APXMIDP
2025-05-06T19:30:00Z,APXMIDP,2025-05-06,42,107.1,3184.9,APXMIDP
2025-05-06T19:00:00Z,APXMIDP,2025-05-06,41,110.04,2804.6,APXMIDP
2025-05-06T18:30:00Z,APXMIDP,2025-05-06,40,116.94,3125.0,APXMIDP
2025-05-06T18:00:00Z,APXMIDP,2025-05-06,39,111.7,2735.85,APXMIDP
2025-05-06T17:30:00Z,APXMIDP,2025-05-06,38,99.53,3649.6,APXMIDP
2025-05-06T17:00:00Z,APXMIDP,2025-05-06,37,92.07,3368.25,APXMIDP
2025-05-06T16:30:00Z,APXMIDP,2025-05-06,36,75.68,2759.15,APXMIDP
2025-05-06T16:00:00Z,APXMIDP,2025-05-06,35,76.48,2948.6,APXMIDP
2025-05-06T15:30:00Z,APXMIDP,2025-05-06,34,63.31,2972.0,APXMIDP
2025-05-06T15:00:00Z,APXMIDP,2025-05-06,33,60.93,2694.9,APXMIDP
2025-05-06T14:30:00Z,APXMIDP,2025-05-06,32,58.99,2547.9,APXMIDP
2025-05-06T14:00:00Z,APXMIDP,2025-05-06,31,59.63,2370.35,APXMIDP
2025-05-06T13:30:00Z,APXMIDP,2025-05-06,30,62.35,3125.7,APXMIDP
2025-05-06T13:00:00Z,APXMIDP,2025-05-06,29,64.1,2606.95,APXMIDP
2025-05-06T12:30:00Z,APXMIDP,2025-05-06,28,65.7,2573.25,APXMIDP
2025-05-06T12:00:00Z,APXMIDP,2025-05-06,27,66.96,2675.95,APXMIDP
2025-05-06T11:30:00Z,APXMIDP,2025-05-06,26,68.94,2163.8,APXMIDP
2025-05-06T11:00:00Z,APXMIDP,2025-05-06,25,70.25,2160.45,APXMIDP
2025-05-06T10:30:00Z,APXMIDP,2025-05-06,24,72.73,2267.95,APXMIDP
2025-05-06T10:00:00Z,APXMIDP,2025-05-06,23,72.08,2178.5,APXMIDP
2025-05-06T09:30:00Z,APXMIDP,2025-05-06,22,74.26,2415.2,APXMIDP
2025-05-06T09:00:00Z,APXMIDP,2025-05-06,21,73.26,2348.75,APXMIDP
2025-05-06T08:30:00Z,APXMIDP,2025-05-06,20,75.92,2310.2,APXMIDP
2025-05-06T08:00:00Z,APXMIDP,2025-05-06,19,80.39,2631.65,APXMIDP
2025-05-06T07:30:00Z,APXMIDP,2025-05-06,18,87.63,2475.3,APXMIDP
2025-05-06T07:00:00Z,APXMIDP,2025-05-06,17,94.16,2120.1,APXMIDP
2025-05-06T06:30:00Z,APXMIDP,2025-05-06,16,90.74,2740.55,APXMIDP
2025-05-06T06:00:00Z,APXMIDP,2025-05-06,15,94.65,1934.6,APXMIDP
2025-05-06T05:30:00Z,APXMIDP,2025-05-06,14,108.26,2059.6,APXMIDP
2025-05-06T05:00:00Z,APXMIDP,2025-05-06,13,101.94,1832.3,APXMIDP
2025-05-06T04:30:00Z,APXMIDP,2025-05-06,12,95.04,1328.9,APXMIDP
2025-05-06T04:00:00Z,APXMIDP,2025-05-06,11,87.58,1376.65,APXMIDP
2025-05-06T03:30:00Z,APXMIDP,2025-05-06,10,72.59,1636.35,APXMIDP
2025-05-06T03:00:00Z,APXMIDP,2025-05-06,9,73.12,1365.55,APXMIDP
2025-05-06T02:30:00Z,APXMIDP,2025-05-06,8,71.74,1479.2,APXMIDP
2025-05-06T02:00:00Z,APXMIDP,2025-05-06,7,75.45,1547.95,APXMIDP
2025-05-06T01:30:00Z,APXMIDP,2025-05-06,6,73.35,1777.15,APXMIDP
2025-05-06T01:00:00Z,APXMIDP,2025-05-06,5,71.68,1826.2,APXMIDP
2025-05-06T00:30:00Z,APXMIDP,2025-05-06,4,65.54,1756.95,APXMIDP
2025-05-06T00:00:00Z,APXMIDP,2025-05-06,3,67.35,2023.5,APXMIDP
2025-05-05T23:30:00Z,APXMIDP,2025-05-06,2,67.73,1961.75,APXMIDP
2025-05-05T23:00:00Z,APXMIDP,2025-05-06,1,69.96,1670.4,APXMIDP
2025-05-05T22:30:00Z,APXMIDP,2025-05-05,48,75.21,1450.1,APXMIDP
2025-05-05T22:00:00Z,APXMIDP,2025-05-05,47,71.56,1188.8,APXMIDP
2025-05-05T21:30:00Z,APXMIDP,2025-05-05,46,75.26,1924.45,APXMIDP
2025-05-05T21:00:00Z,APXMIDP,2025-05-05,45,80.84,2195.1,APXMIDP
2025-05-05T20:30:00Z,APXMIDP,2025-05-05,44,82.5,1762.7,APXMIDP
2025-05-05T20:00:00Z,APXMIDP,2025-05-05,43,78.65,1698.7,APXMIDP
2025-05-05T19:30:00Z,APXMIDP,2025-05-05,42,88.09,2224.85,APXMIDP
2025-05-05T19:00:00Z,APXMIDP,2025-05-05,41,87.9,2242.0,APXMIDP
2025-05-05T18:30:00Z,APXMIDP,2025-05-05,40,85.33,2449.4,APXMIDP
2025-05-05T18:00:00Z,APXMIDP,2025-05-05,39,85.09,2505.45,APXMIDP
2025-05-05T17:30:00Z,APXMIDP,2025-05-05,38,84.09,2513.05,APXMIDP
2025-05-05T17:00:00Z,APXMIDP,2025-05-05,37,84.22,2728.25,APXMIDP
2025-05-05T16:30:00Z,APXMIDP,2025-05-05,36,79.84,2997.1,APXMIDP
2025-05-05T16:00:00Z,APXMIDP,2025-05-05,35,73.33,2810.5,APXMIDP
2025-05-05T15:30:00Z,APXMIDP,2025-05-05,34,73.55,3054.4,APXMIDP
2025-05-05T15:00:00Z,APXMIDP,2025-05-05,33,74.12,2816.95,APXMIDP
2025-05-05T14:30:00Z,APXMIDP,2025-05-05,32,81.83,2398.4,APXMIDP
2025-05-05T14:00:00Z,APXMIDP,2025-05-05,31,81.62,2420.5,APXMIDP
2025-05-05T13:30:00Z,APXMIDP,2025-05-05,30,76.29,3167.0,APXMIDP
2025-05-05T13:00:00Z,APXMIDP,2025-05-05,29,78.47,3068.15,APXMIDP
2025-05-05T12:30:00Z,APXMIDP,2025-05-05,28,78.48,2754.0,APXMIDP
2025-05-05T12:00:00Z,APXMIDP,2025-05-05,27,82.91,3077.25,APXMIDP
2025-05-05T11:30:00Z,APXMIDP,2025-05-05,26,83.48,2820.55,APXMIDP
2025-05-05T11:00:00Z,APXMIDP,2025-05-05,25,82.98,2929.55,APXMIDP
2025-05-05T10:30:00Z,APXMIDP,2025-05-05,24,78.76,2606.45,APXMIDP
2025-05-05T10:00:00Z,APXMIDP,2025-05-05,23,72.35,2629.95,APXMIDP
2025-05-05T09:30:00Z,APXMIDP,2025-05-05,22,65.24,2687.3,APXMIDP
2025-05-05T09:00:00Z,APXMIDP,2025-05-05,21,63.72,2441.3,APXMIDP
2025-05-05T08:30:00Z,APXMIDP,2025-05-05,20,60.35,2274.6,APXMIDP
2025-05-05T08:00:00Z,APXMIDP,2025-05-05,19,60.58,2721.5,APXMIDP
2025-05-05T07:30:00Z,APXMIDP,2025-05-05,18,78.61,2301.85,APXMIDP
2025-05-05T07:00:00Z,APXMIDP,2025-05-05,17,68.92,2451.45,APXMIDP
2025-05-05T06:30:00Z,APXMIDP,2025-05-05,16,88.48,2549.1,APXMIDP
2025-05-05T06:00:00Z,APXMIDP,2025-05-05,15,87.24,2490.0,APXMIDP
2025-05-05T05:30:00Z,APXMIDP,2025-05-05,14,83.29,2256.8,APXMIDP
2025-05-05T05:00:00Z,APXMIDP,2025-05-05,13,86.32,2317.6,APXMIDP
2025-05-05T04:30:00Z,APXMIDP,2025-05-05,12,85.54,1774.45,APXMIDP
2025-05-05T04:00:00Z,APXMIDP,2025-05-05,11,86.06,1872.0,APXMIDP
2025-05-05T03:30:00Z,APXMIDP,2025-05-05,10,72.56,1788.6,APXMIDP
2025-05-05T03:00:00Z,APXMIDP,2025-05-05,9,73.57,1832.2,APXMIDP
2025-05-05T02:30:00Z,APXMIDP,2025-05-05,8,67.37,1886.05,APXMIDP
2025-05-05T02:00:00Z,APXMIDP,2025-05-05,7,68.15,2003.9,APXMIDP
2025-05-05T01:30:00Z,APXMIDP,2025-05-05,6,67.61,1751.25,APXMIDP
2025-05-05T01:00:00Z,APXMIDP,2025-05-05,5,68.82,2033.05,APXMIDP
2025-05-05T00:30:00Z,APXMIDP,2025-05-05,4,68.9,1600.2,APXMIDP
2025-05-05T00:00:00Z,APXMIDP,2025-05-05,3,63.29,1656.25,APXMIDP
2025-05-04T23:30:00Z,APXMIDP,2025-05-05,2,63.27,1167.45,APXMIDP
2025-05-04T23:00:00Z,APXMIDP,2025-05-05,1,65.93,1011.2,APXMIDP
2025-05-04T22:30:00Z,APXMIDP,2025-05-04,48,65.25,1366.95,APXMIDP
2025-05-04T22:00:00Z,APXMIDP,2025-05-04,47,68.29,1347.9,APXMIDP
2025-05-04T21:30:00Z,APXMIDP,2025-05-04,46,68.49,2005.25,APXMIDP
2025-05-04T21:00:00Z,APXMIDP,2025-05-04,45,78.26,1975.55,APXMIDP
2025-05-04T20:30:00Z,APXMIDP,2025-05-04,44,84.27,2108.8,APXMIDP
2025-05-04T20:00:00Z,APXMIDP,2025-05-04,43,83.45,2322.4,APXMIDP
2025-05-04T19:30:00Z,APXMIDP,2025-05-04,42,89.06,2871.8,APXMIDP
2025-05-04T19:00:00Z,APXMIDP,2025-05-04,41,87.25,2992.1,APXMIDP
2025-05-04T18:30:00Z,APXMIDP,2025-05-04,40,81.96,2569.85,APXMIDP
2025-05-04T18:00:00Z,APXMIDP,2025-05-04,39,74.25,2758.4,APXMIDP
2025-05-04T17:30:00Z,APXMIDP,2025-05-04,38,79.41,2798.9,APXMIDP
2025-05-04T17:00:00Z,APXMIDP,2025-05-04,37,76.39,2609.95,APXMIDP
2025-05-04T16:30:00Z,APXMIDP,2025-05-04,36,70.8,2588.9,APXMIDP
2025-05-04T16:00:00Z,APXMIDP,2025-05-04,35,67.94,2559.4,APXMIDP
2025-05-04T15:30:00Z,APXMIDP,2025-05-04,34,13.97,2758.15,APXMIDP
2025-05-04T15:00:00Z,APXMIDP,2025-05-04,33,10.84,2413.55,APXMIDP
2025-05-04T14:30:00Z,APXMIDP,2025-05-04,32,18.06,2553.65,APXMIDP
2025-05-04T14:00:00Z,APXMIDP,2025-05-04,31,9.47,2441.6,APXMIDP
2025-05-04T13:30:00Z,APXMIDP,2025-05-04,30,-0.1,2722.75,APXMIDP
2025-05-04T13:00:00Z,APXMIDP,2025-05-04,29,0.74,2556.3,APXMIDP
2025-05-04T12:30:00Z,APXMIDP,2025-05-04,28,2.17,2600.55,APXMIDP
2025-05-04T12:00:00Z,APXMIDP,2025-05-04,27,3.04,2948.5,APXMIDP
2025-05-04T11:30:00Z,APXMIDP,2025-05-04,26,3.34,2408.05,APXMIDP
2025-05-04T11:00:00Z,APXMIDP,2025-05-04,25,-0.79,2303.5,APXMIDP
2025-05-04T10:30:00Z,APXMIDP,2025-05-04,24,-3.6,2294.65,APXMIDP
2025-05-04T10:00:00Z,APXMIDP,2025-05-04,23,-5.35,2084.6,APXMIDP
2025-05-04T09:30:00Z,APXMIDP,2025-05-04,22,-3.83,1573.35,APXMIDP
2025-05-04T09:00:00Z,APXMIDP,2025-05-04,21,-3.8,1667.25,APXMIDP
2025-05-04T08:30:00Z,APXMIDP,2025-05-04,20,-4.02,1486.9,APXMIDP
2025-05-04T08:00:00Z,APXMIDP,2025-05-04,19,-1.76,1728.2,APXMIDP
2025-05-04T07:30:00Z,APXMIDP,2025-05-04,18,1.5,2096.2,APXMIDP
2025-05-04T07:00:00Z,APXMIDP,2025-05-04,17,5.7,1982.6,APXMIDP
2025-05-04T06:30:00Z,APXMIDP,2025-05-04,16,-8.71,1216.95,APXMIDP
2025-05-04T06:00:00Z,APXMIDP,2025-05-04,15,-8.13,1185.2,APXMIDP
2025-05-04T05:30:00Z,APXMIDP,2025-05-04,14,-0.92,1712.95,APXMIDP
2025-05-04T05:00:00Z,APXMIDP,2025-05-04,13,-0.7,1549.6,APXMIDP
2025-05-04T04:30:00Z,APXMIDP,2025-05-04,12,-1.39,1393.4,APXMIDP
2025-05-04T04:00:00Z,APXMIDP,2025-05-04,11,-1.06,1606.95,APXMIDP
2025-05-04T03:30:00Z,APXMIDP,2025-05-04,10,-0.06,1498.85,APXMIDP
2025-05-04T03:00:00Z,APXMIDP,2025-05-04,9,0.48,1563.3,APXMIDP
2025-05-04T02:30:00Z,APXMIDP,2025-05-04,8,0.76,1507.65,APXMIDP
2025-05-04T02:00:00Z,APXMIDP,2025-05-04,7,1.5,1661.7,APXMIDP
2025-05-04T01:30:00Z,APXMIDP,2025-05-04,6,7.28,1683.45,APXMIDP
2025-05-04T01:00:00Z,APXMIDP,2025-05-04,5,9.03,1737.2,APXMIDP
2025-05-04T00:30:00Z,APXMIDP,2025-05-04,4,14.2,1794.6,APXMIDP
2025-05-04T00:00:00Z,APXMIDP,2025-05-04,3,13.74,2026.2,APXMIDP
2025-05-03T23:30:00Z,APXMIDP,2025-05-04,2,21.58,1440.5,APXMIDP
2025-05-03T23:00:00Z,APXMIDP,2025-05-04,1,23.66,1672.15,APXMIDP
2025-05-03T22:30:00Z,APXMIDP,2025-05-03,48,26.79,1576.6,APXMIDP
2025-05-03T22:00:00Z,APXMIDP,2025-05-03,47,32.97,1807.55,APXMIDP
2025-05-03T21:30:00Z,APXMIDP,2025-05-03,46,59.16,2206.2,APXMIDP
2025-05-03T21:00:00Z,APXMIDP,2025-05-03,45,73.09,2142.15,APXMIDP
2025-05-03T20:30:00Z,APXMIDP,2025-05-03,44,76.59,2043.9,APXMIDP
2025-05-03T20:00:00Z,APXMIDP,2025-05-03,43,80.1,2002.35,APXMIDP
2025-05-03T19:30:00Z,APXMIDP,2025-05-03,42,83.28,1933.7,APXMIDP
2025-05-03T19:00:00Z,APXMIDP,2025-05-03,41,81.07,1854.4,APXMIDP
2025-05-03T18:30:00Z,APXMIDP,2025-05-03,40,80.57,2128.45,APXMIDP
2025-05-03T18:00:00Z,APXMIDP,2025-05-03,39,76.51,2330.15,APXMIDP
2025-05-03T17:30:00Z,APXMIDP,2025-05-03,38,65.64,2331.4,APXMIDP
2025-05-03T17:00:00Z,APXMIDP,2025-05-03,37,62.98,2644.0,APXMIDP
2025-05-03T16:30:00Z,APXMIDP,2025-05-03,36,75.59,2513.05,APXMIDP
2025-05-03T16:00:00Z,APXMIDP,2025-05-03,35,65.74,2632.4,APXMIDP
2025-05-03T15:30:00Z,APXMIDP,2025-05-03,34,61.37,3098.05,APXMIDP
2025-05-03T15:00:00Z,APXMIDP,2025-05-03,33,50.38,3292.45,APXMIDP
2025-05-03T14:30:00Z,APXMIDP,2025-05-03,32,37.51,3136.85,APXMIDP
2025-05-03T14:00:00Z,APXMIDP,2025-05-03,31,41.91,3386.35,APXMIDP
2025-05-03T13:30:00Z,APXMIDP,2025-05-03,30,34.49,3983.95,APXMIDP
2025-05-03T13:00:00Z,APXMIDP,2025-05-03,29,28.44,3760.5,APXMIDP
2025-05-03T12:30:00Z,APXMIDP,2025-05-03,28,17.81,3779.05,APXMIDP
2025-05-03T12:00:00Z,APXMIDP,2025-05-03,27,16.37,3393.3,APXMIDP
2025-05-03T11:30:00Z,APXMIDP,2025-05-03,26,16.58,3278.0,APXMIDP
2025-05-03T11:00:00Z,APXMIDP,2025-05-03,25,14.96,3281.0,APXMIDP
2025-05-03T10:30:00Z,APXMIDP,2025-05-03,24,16.62,2828.55,APXMIDP
2025-05-03T10:00:00Z,APXMIDP,2025-05-03,23,21.3,2638.95,APXMIDP
2025-05-03T09:30:00Z,APXMIDP,2025-05-03,22,33.22,2499.4,APXMIDP
2025-05-03T09:00:00Z,APXMIDP,2025-05-03,21,47.68,2700.25,APXMIDP
2025-05-03T08:30:00Z,APXMIDP,2025-05-03,20,37.46,1975.55,APXMIDP
2025-05-03T08:00:00Z,APXMIDP,2025-05-03,19,49.2,2046.0,APXMIDP
2025-05-03T07:30:00Z,APXMIDP,2025-05-03,18,46.97,1780.85,APXMIDP
2025-05-03T07:00:00Z,APXMIDP,2025-05-03,17,51.86,1517.1,APXMIDP
2025-05-03T06:30:00Z,APXMIDP,2025-05-03,16,60.14,1885.95,APXMIDP
2025-05-03T06:00:00Z,APXMIDP,2025-05-03,15,61.33,2046.3,APXMIDP
2025-05-03T05:30:00Z,APXMIDP,2025-05-03,14,69.19,2256.7,APXMIDP
2025-05-03T05:00:00Z,APXMIDP,2025-05-03,13,69.89,2229.55,APXMIDP
2025-05-03T04:30:00Z,APXMIDP,2025-05-03,12,69.7,2356.1,APXMIDP
2025-05-03T04:00:00Z,APXMIDP,2025-05-03,11,69.65,2319.05,APXMIDP
2025-05-03T03:30:00Z,APXMIDP,2025-05-03,10,70.34,1794.15,APXMIDP
2025-05-03T03:00:00Z,APXMIDP,2025-05-03,9,71.54,1833.85,APXMIDP
2025-05-03T02:30:00Z,APXMIDP,2025-05-03,8,69.24,1741.55,APXMIDP
2025-05-03T02:00:00Z,APXMIDP,2025-05-03,7,70.51,1885.35,APXMIDP
2025-05-03T01:30:00Z,APXMIDP,2025-05-03,6,71.99,1591.75,APXMIDP
2025-05-03T01:00:00Z,APXMIDP,2025-05-03,5,71.83,1521.85,APXMIDP
2025-05-03T00:30:00Z,APXMIDP,2025-05-03,4,71.43,1386.2,APXMIDP
2025-05-03T00:00:00Z,APXMIDP,2025-05-03,3,74.83,1360.25,APXMIDP
2025-05-02T23:30:00Z,APXMIDP,2025-05-03,2,78.24,1335.95,APXMIDP
2025-05-02T23:00:00Z,APXMIDP,2025-05-03,1,75.53,1322.1,APXMIDP
2025-05-02T22:30:00Z,APXMIDP,2025-05-02,48,73.6,1715.55,APXMIDP
2025-05-02T22:00:00Z,APXMIDP,2025-05-02,47,73.07,1610.65,APXMIDP
2025-05-02T21:30:00Z,APXMIDP,2025-05-02,46,83.39,3005.9,APXMIDP
2025-05-02T21:00:00Z,APXMIDP,2025-05-02,45,86.99,3360.2,APXMIDP
2025-05-02T20:30:00Z,APXMIDP,2025-05-02,44,97.5,2210.25,APXMIDP
2025-05-02T20:00:00Z,APXMIDP,2025-05-02,43,99.12,2466.7,APXMIDP
2025-05-02T19:30:00Z,APXMIDP,2025-05-02,42,100.63,2929.85,APXMIDP
2025-05-02T19:00:00Z,APXMIDP,2025-05-02,41,101.39,2690.85,APXMIDP
2025-05-02T18:30:00Z,APXMIDP,2025-05-02,40,103.92,2317.15,APXMIDP
2025-05-02T18:00:00Z,APXMIDP,2025-05-02,39,101.94,2455.3,APXMIDP
2025-05-02T17:30:00Z,APXMIDP,2025-05-02,38,87.66,3191.5,APXMIDP
2025-05-02T17:00:00Z,APXMIDP,2025-05-02,37,80.37,3570.1,APXMIDP
2025-05-02T16:30:00Z,APXMIDP,2025-05-02,36,70.62,3722.8,APXMIDP
2025-05-02T16:00:00Z,APXMIDP,2025-05-02,35,77.93,3538.4,APXMIDP
2025-05-02T15:30:00Z,APXMIDP,2025-05-02,34,64.08,3838.8,APXMIDP
2025-05-02T15:00:00Z,APXMIDP,2025-05-02,33,56.88,3786.9,APXMIDP
2025-05-02T14:30:00Z,APXMIDP,2025-05-02,32,52.77,3465.8,APXMIDP
2025-05-02T14:00:00Z,APXMIDP,2025-05-02,31,52.55,3755.95,APXMIDP
2025-05-02T13:30:00Z,APXMIDP,2025-05-02,30,55.79,4555.9,APXMIDP
2025-05-02T13:00:00Z,APXMIDP,2025-05-02,29,56.51,4008.6,APXMIDP
2025-05-02T12:30:00Z,APXMIDP,2025-05-02,28,62.09,4553.8,APXMIDP
2025-05-02T12:00:00Z,APXMIDP,2025-05-02,27,63.99,4551.85,APXMIDP
2025-05-02T11:30:00Z,APXMIDP,2025-05-02,26,64.94,3401.05,APXMIDP
2025-05-02T11:00:00Z,APXMIDP,2025-05-02,25,74.16,3259.2,APXMIDP
2025-05-02T10:30:00Z,APXMIDP,2025-05-02,24,73.68,2622.1,APXMIDP
2025-05-02T10:00:00Z,APXMIDP,2025-05-02,23,74.93,2866.2,APXMIDP
2025-05-02T09:30:00Z,APXMIDP,2025-05-02,22,78.52,2806.55,APXMIDP
2025-05-02T09:00:00Z,APXMIDP,2025-05-02,21,78.02,2648.35,APXMIDP
2025-05-02T08:30:00Z,APXMIDP,2025-05-02,20,83.71,2088.7,APXMIDP
2025-05-02T08:00:00Z,APXMIDP,2025-05-02,19,95.24,2193.6,APXMIDP
2025-05-02T07:30:00Z,APXMIDP,2025-05-02,18,91.11,2206.05,APXMIDP
2025-05-02T07:00:00Z,APXMIDP,2025-05-02,17,89.37,2236.75,APXMIDP
2025-05-02T06:30:00Z,APXMIDP,2025-05-02,16,95.4,2139.6,APXMIDP
2025-05-02T06:00:00Z,APXMIDP,2025-05-02,15,89.64,2052.55,APXMIDP
2025-05-02T05:30:00Z,APXMIDP,2025-05-02,14,94.33,2202.55,APXMIDP
2025-05-02T05:00:00Z,APXMIDP,2025-05-02,13,76.55,2038.7,APXMIDP
2025-05-02T04:30:00Z,APXMIDP,2025-05-02,12,68.3,2037.35,APXMIDP
2025-05-02T04:00:00Z,APXMIDP,2025-05-02,11,64.75,1790.2,APXMIDP
2025-05-02T03:30:00Z,APXMIDP,2025-05-02,10,60.66,1906.5,APXMIDP
2025-05-02T03:00:00Z,APXMIDP,2025-05-02,9,55.57,1599.35,APXMIDP
2025-05-02T02:30:00Z,APXMIDP,2025-05-02,8,57.6,1715.15,APXMIDP
2025-05-02T02:00:00Z,APXMIDP,2025-05-02,7,58.55,1995.1,APXMIDP
2025-05-02T01:30:00Z,APXMIDP,2025-05-02,6,58.63,2250.8,APXMIDP
2025-05-02T01:00:00Z,APXMIDP,2025-05-02,5,60.74,1916.7,APXMIDP
2025-05-02T00:30:00Z,APXMIDP,2025-05-02,4,60.79,2291.95,APXMIDP
2025-05-02T00:00:00Z,APXMIDP,2025-05-02,3,63.0,2472.75,APXMIDP
2025-05-01T23:30:00Z,APXMIDP,2025-05-02,2,62.32,2735.45,APXMIDP
2025-05-01T23:00:00Z,APXMIDP,2025-05-02,1,57.28,2204.3,APXMIDP
2025-05-01T22:30:00Z,APXMIDP,2025-05-01,48,67.42,1859.75,APXMIDP
2025-05-01T22:00:00Z,APXMIDP,2025-05-01,47,69.38,2789.3,APXMIDP
2025-05-01T21:30:00Z,APXMIDP,2025-05-01,46,68.21,2047.85,APXMIDP
2025-05-01T21:00:00Z,APXMIDP,2025-05-01,45,69.73,2562.45,APXMIDP
2025-05-01T20:30:00Z,APXMIDP,2025-05-01,44,76.39,1644.9,APXMIDP
2025-05-01T20:00:00Z,APXMIDP,2025-05-01,43,81.35,2005.15,APXMIDP
2025-05-01T19:30:00Z,APXMIDP,2025-05-01,42,94.95,2768.9,APXMIDP
2025-05-01T19:00:00Z,APXMIDP,2025-05-01,41,95.77,2527.5,APXMIDP
2025-05-01T18:30:00Z,APXMIDP,2025-05-01,40,96.05,2875.5,APXMIDP
2025-05-01T18:00:00Z,APXMIDP,2025-05-01,39,98.47,2944.9,APXMIDP
2025-05-01T17:30:00Z,APXMIDP,2025-05-01,38,92.24,2710.1,APXMIDP
2025-05-01T17:00:00Z,APXMIDP,2025-05-01,37,89.69,2788.65,APXMIDP
2025-05-01T16:30:00Z,APXMIDP,2025-05-01,36,74.64,3515.45,APXMIDP
2025-05-01T16:00:00Z,APXMIDP,2025-05-01,35,80.99,2933.15,APXMIDP
2025-05-01T15:30:00Z,APXMIDP,2025-05-01,34,59.83,2431.25,APXMIDP
2025-05-01T15:00:00Z,APXMIDP,2025-05-01,33,57.08,1870.55,APXMIDP
2025-05-01T14:30:00Z,APXMIDP,2025-05-01,32,59.09,1645.1,APXMIDP
2025-05-01T14:00:00Z,APXMIDP,2025-05-01,31,57.67,1684.15,APXMIDP
2025-05-01T13:30:00Z,APXMIDP,2025-05-01,30,60.42,2438.45,APXMIDP
2025-05-01T13:00:00Z,APXMIDP,2025-05-01,29,60.88,2668.3,APXMIDP
2025-05-01T12:30:00Z,APXMIDP,2025-05-01,28,62.61,2533.85,APXMIDP
2025-05-01T12:00:00Z,APXMIDP,2025-05-01,27,63.39,2712.4,APXMIDP
2025-05-01T11:30:00Z,APXMIDP,2025-05-01,26,64.37,2596.25,APXMIDP
2025-05-01T11:00:00Z,APXMIDP,2025-05-01,25,67.22,2455.85,APXMIDP
2025-05-01T10:30:00Z,APXMIDP,2025-05-01,24,66.32,2752.95,APXMIDP
2025-05-01T10:00:00Z,APXMIDP,2025-05-01,23,68.04,2983.6,APXMIDP
2025-05-01T09:30:00Z,APXMIDP,2025-05-01,22,76.22,2433.15,APXMIDP
2025-05-01T09:00:00Z,APXMIDP,2025-05-01,21,71.37,3202.15,APXMIDP
2025-05-01T08:30:00Z,APXMIDP,2025-05-01,20,72.33,2486.85,APXMIDP
2025-05-01T08:00:00Z,APXMIDP,2025-05-01,19,79.19,2698.7,APXMIDP
2025-05-01T07:30:00Z,APXMIDP,2025-05-01,18,88.94,2793.05,APXMIDP
2025-05-01T07:00:00Z,APXMIDP,2025-05-01,17,92.59,2592.8,APXMIDP
2025-05-01T06:30:00Z,APXMIDP,2025-05-01,16,98.53,3014.2,APXMIDP
2025-05-01T06:00:00Z,APXMIDP,2025-05-01,15,101.03,2293.6,APXMIDP
2025-05-01T05:30:00Z,APXMIDP,2025-05-01,14,97.77,1963.0,APXMIDP
2025-05-01T05:00:00Z,APXMIDP,2025-05-01,13,81.64,1618.55,APXMIDP
2025-05-01T04:30:00Z,APXMIDP,2025-05-01,12,91.4,1811.85,APXMIDP
2025-05-01T04:00:00Z,APXMIDP,2025-05-01,11,78.64,1281.1,APXMIDP
2025-05-01T03:30:00Z,APXMIDP,2025-05-01,10,78.34,1233.75,APXMIDP
2025-05-01T03:00:00Z,APXMIDP,2025-05-01,9,77.21,1368.4,APXMIDP
2025-05-01T02:30:00Z,APXMIDP,2025-05-01,8,77.62,1156.8,APXMIDP
2025-05-01T02:00:00Z,APXMIDP,2025-05-01,7,78.66,1369.95,APXMIDP
2025-05-01T01:30:00Z,APXMIDP,2025-05-01,6,78.8,1302.75,APXMIDP
2025-05-01T01:00:00Z,APXMIDP,2025-05-01,5,79.87,1385.95,APXMIDP
2025-05-01T00:30:00Z,APXMIDP,2025-05-01,4,80.66,1498.8,APXMIDP
2025-05-01T00:00:00Z,APXMIDP,2025-05-01,3,81.47,1397.3,APXMIDP
2025-04-30T23:30:00Z,APXMIDP,2025-05-01,2,79.6,1412.35,APXMIDP
2025-04-30T23:00:00Z,APXMIDP,2025-05-01,1,83.11,1380.55,APXMIDP
2025-04-30T22:30:00Z,APXMIDP,2025-04-30,48,86.57,1492.8,APXMIDP
2025-04-30T22:00:00Z,APXMIDP,2025-04-30,47,80.16,1460.65,APXMIDP
2025-04-30T21:30:00Z,APXMIDP,2025-04-30,46,83.13,2363.8,APXMIDP
2025-04-30T21:00:00Z,APXMIDP,2025-04-30,45,79.91,2234.9,APXMIDP
2025-04-30T20:30:00Z,APXMIDP,2025-04-30,44,76.47,2254.45,APXMIDP
2025-04-30T20:00:00Z,APXMIDP,2025-04-30,43,86.41,2209.3,APXMIDP
2025-04-30T19:30:00Z,APXMIDP,2025-04-30,42,103.96,2623.2,APXMIDP
2025-04-30T19:00:00Z,APXMIDP,2025-04-30,41,105.38,2652.5,APXMIDP
2025-04-30T18:30:00Z,APXMIDP,2025-04-30,40,106.91,2646.2,APXMIDP
2025-04-30T18:00:00Z,APXMIDP,2025-04-30,39,106.88,2646.65,APXMIDP
2025-04-30T17:30:00Z,APXMIDP,2025-04-30,38,94.07,2931.0,APXMIDP
2025-04-30T17:00:00Z,APXMIDP,2025-04-30,37,90.65,2965.8,APXMIDP
2025-04-30T16:30:00Z,APXMIDP,2025-04-30,36,77.61,2864.95,APXMIDP
2025-04-30T16:00:00Z,APXMIDP,2025-04-30,35,85.88,2454.0,APXMIDP
2025-04-30T15:30:00Z,APXMIDP,2025-04-30,34,71.34,3081.45,APXMIDP
2025-04-30T15:00:00Z,APXMIDP,2025-04-30,33,71.65,2686.15,APXMIDP
2025-04-30T14:30:00Z,APXMIDP,2025-04-30,32,72.78,2323.75,APXMIDP
2025-04-30T14:00:00Z,APXMIDP,2025-04-30,31,72.55,2478.35,APXMIDP
2025-04-30T13:30:00Z,APXMIDP,2025-04-30,30,68.04,3811.45,APXMIDP
2025-04-30T13:00:00Z,APXMIDP,2025-04-30,29,69.9,3685.05,APXMIDP
2025-04-30T12:30:00Z,APXMIDP,2025-04-30,28,69.52,3877.8,APXMIDP
2025-04-30T12:00:00Z,APXMIDP,2025-04-30,27,70.71,3562.3,APXMIDP
2025-04-30T11:30:00Z,APXMIDP,2025-04-30,26,72.59,3030.6,APXMIDP
2025-04-30T11:00:00Z,APXMIDP,2025-04-30,25,75.03,3037.25,APXMIDP
2025-04-30T10:30:00Z,APXMIDP,2025-04-30,24,75.54,2821.05,APXMIDP
2025-04-30T10:00:00Z,APXMIDP,2025-04-30,23,81.26,3538.65,APXMIDP
2025-04-30T09:30:00Z,APXMIDP,2025-04-30,22,91.84,3173.1,APXMIDP
2025-04-30T09:00:00Z,APXMIDP,2025-04-30,21,89.5,3060.2,APXMIDP
2025-04-30T08:30:00Z,APXMIDP,2025-04-30,20,84.12,2557.85,APXMIDP
2025-05-14T09:00:00Z,APXMIDP,2025-05-14,21,73.89,2708.8,APXMIDP
2025-05-14T08:30:00Z,APXMIDP,2025-05-14,20,70.54,2290.55,APXMIDP
2025-05-14T08:00:00Z,APXMIDP,2025-05-14,19,64.45,2031.3,APXMIDP
2025-05-14T07:30:00Z,APXMIDP,2025-05-14,18,79.23,1916.9,APXMIDP
2025-05-14T07:00:00Z,APXMIDP,2025-05-14,17,93.05,2147.55,APXMIDP
2025-05-14T06:30:00Z,APXMIDP,2025-05-14,16,93.36,2101.95,APXMIDP
2025-05-14T06:00:00Z,APXMIDP,2025-05-14,15,89.59,2002.1,APXMIDP
2025-05-14T05:30:00Z,APXMIDP,2025-05-14,14,88.2,1850.8,APXMIDP
2025-05-14T05:00:00Z,APXMIDP,2025-05-14,13,73.57,1934.2,APXMIDP
2025-05-14T04:30:00Z,APXMIDP,2025-05-14,12,65.26,1043.1,APXMIDP
2025-05-14T04:00:00Z,APXMIDP,2025-05-14,11,65.18,1390.75,APXMIDP
2025-05-14T03:30:00Z,APXMIDP,2025-05-14,10,63.31,1155.8,APXMIDP
2025-05-14T03:00:00Z,APXMIDP,2025-05-14,9,66.23,1004.95,APXMIDP
2025-05-14T02:30:00Z,APXMIDP,2025-05-14,8,67.98,1008.85,APXMIDP
2025-05-14T02:00:00Z,APXMIDP,2025-05-14,7,69.09,1110.0,APXMIDP
2025-05-14T01:30:00Z,APXMIDP,2025-05-14,6,72.08,1976.0,APXMIDP
2025-05-14T01:00:00Z,APXMIDP,2025-05-14,5,77.11,1785.0,APXMIDP
2025-05-14T00:30:00Z,APXMIDP,2025-05-14,4,80.59,1706.85,APXMIDP
2025-05-14T00:00:00Z,APXMIDP,2025-05-14,3,82.51,1609.4,APXMIDP
2025-05-13T23:30:00Z,APXMIDP,2025-05-14,2,76.51,1415.1,APXMIDP
2025-05-13T23:00:00Z,APXMIDP,2025-05-14,1,79.08,1570.45,APXMIDP
2025-05-13T22:30:00Z,APXMIDP,2025-05-13,48,83.89,1740.35,APXMIDP
2025-05-13T22:00:00Z,APXMIDP,2025-05-13,47,87.81,1584.15,APXMIDP
2025-05-13T21:30:00Z,APXMIDP,2025-05-13,46,84.95,1922.8,APXMIDP
2025-05-13T21:00:00Z,APXMIDP,2025-05-13,45,89.85,1760.35,APXMIDP
2025-05-13T20:30:00Z,APXMIDP,2025-05-13,44,100.32,1795.8,APXMIDP
2025-05-13T20:00:00Z,APXMIDP,2025-05-13,43,112.02,2105.1,APXMIDP
2025-05-13T19:30:00Z,APXMIDP,2025-05-13,42,117.87,2513.4,APXMIDP
2025-05-13T19:00:00Z,APXMIDP,2025-05-13,41,113.42,2833.15,APXMIDP
2025-05-13T18:30:00Z,APXMIDP,2025-05-13,40,121.03,2708.25,APXMIDP
2025-05-13T18:00:00Z,APXMIDP,2025-05-13,39,119.17,2694.4,APXMIDP
2025-05-13T17:30:00Z,APXMIDP,2025-05-13,38,104.07,2722.35,APXMIDP
2025-05-13T17:00:00Z,APXMIDP,2025-05-13,37,99.13,2774.1,APXMIDP
2025-05-13T16:30:00Z,APXMIDP,2025-05-13,36,88.98,2794.05,APXMIDP
2025-05-13T16:00:00Z,APXMIDP,2025-05-13,35,82.68,2807.4,APXMIDP
2025-05-13T15:30:00Z,APXMIDP,2025-05-13,34,71.52,3520.85,APXMIDP
2025-05-13T15:00:00Z,APXMIDP,2025-05-13,33,65.75,3051.0,APXMIDP
2025-05-13T14:30:00Z,APXMIDP,2025-05-13,32,64.51,3161.5,APXMIDP
2025-05-13T14:00:00Z,APXMIDP,2025-05-13,31,64.79,2801.95,APXMIDP
2025-05-13T13:30:00Z,APXMIDP,2025-05-13,30,60.59,3332.7,APXMIDP
2025-05-13T13:00:00Z,APXMIDP,2025-05-13,29,55.5,3825.75,APXMIDP
2025-05-13T12:30:00Z,APXMIDP,2025-05-13,28,52.79,3339.4,APXMIDP
2025-05-13T12:00:00Z,APXMIDP,2025-05-13,27,59.06,3634.95,APXMIDP
2025-05-13T11:30:00Z,APXMIDP,2025-05-13,26,57.31,3358.25,APXMIDP
2025-05-13T11:00:00Z,APXMIDP,2025-05-13,25,60.78,2874.75,APXMIDP
2025-05-13T10:30:00Z,APXMIDP,2025-05-13,24,66.2,2562.6,APXMIDP
2025-05-13T10:00:00Z,APXMIDP,2025-05-13,23,68.65,2384.7,APXMIDP
2025-05-13T09:30:00Z,APXMIDP,2025-05-13,22,76.18,3217.05,APXMIDP
2025-05-13T09:00:00Z,APXMIDP,2025-05-13,21,81.57,2946.85,APXMIDP
2025-05-13T08:30:00Z,APXMIDP,2025-05-13,20,86.98,3599.15,APXMIDP
2025-05-13T08:00:00Z,APXMIDP,2025-05-13,19,95.46,2881.45,APXMIDP
2025-05-13T07:30:00Z,APXMIDP,2025-05-13,18,102.04,2753.95,APXMIDP
2025-05-13T07:00:00Z,APXMIDP,2025-05-13,17,104.17,2947.9,APXMIDP
2025-05-13T06:30:00Z,APXMIDP,2025-05-13,16,106.98,2563.3,APXMIDP
2025-05-13T06:00:00Z,APXMIDP,2025-05-13,15,104.9,2005.15,APXMIDP
2025-05-13T05:30:00Z,APXMIDP,2025-05-13,14,103.17,1969.35,APXMIDP
2025-05-13T05:00:00Z,APXMIDP,2025-05-13,13,96.74,1565.5,APXMIDP
2025-05-13T04:30:00Z,APXMIDP,2025-05-13,12,80.7,1489.75,APXMIDP
2025-05-13T04:00:00Z,APXMIDP,2025-05-13,11,81.99,1261.4,APXMIDP
2025-05-13T03:30:00Z,APXMIDP,2025-05-13,10,82.06,1839.7,APXMIDP
2025-05-13T03:00:00Z,APXMIDP,2025-05-13,9,83.67,1388.2,APXMIDP
2025-05-13T02:30:00Z,APXMIDP,2025-05-13,8,78.85,1438.1,APXMIDP
2025-05-13T02:00:00Z,APXMIDP,2025-05-13,7,79.25,1895.95,APXMIDP
2025-05-13T01:30:00Z,APXMIDP,2025-05-13,6,83.69,2525.9,APXMIDP
2025-05-13T01:00:00Z,APXMIDP,2025-05-13,5,88.23,2460.05,APXMIDP
2025-05-13T00:30:00Z,APXMIDP,2025-05-13,4,89.34,2314.45,APXMIDP
2025-05-13T00:00:00Z,APXMIDP,2025-05-13,3,88.3,2061.85,APXMIDP
2025-05-12T23:30:00Z,APXMIDP,2025-05-13,2,88.79,2473.4,APXMIDP
2025-05-12T23:00:00Z,APXMIDP,2025-05-13,1,84.93,2053.05,APXMIDP
2025-05-12T22:30:00Z,APXMIDP,2025-05-12,48,94.44,1892.05,APXMIDP
2025-05-12T22:00:00Z,APXMIDP,2025-05-12,47,101.44,2018.95,APXMIDP
2025-05-12T21:30:00Z,APXMIDP,2025-05-12,46,100.18,2028.0,APXMIDP
2025-05-12T21:00:00Z,APXMIDP,2025-05-12,45,96.87,2210.1,APXMIDP
2025-05-12T20:30:00Z,APXMIDP,2025-05-12,44,102.73,2037.6,APXMIDP
2025-05-12T20:00:00Z,APXMIDP,2025-05-12,43,102.28,2145.45,APXMIDP
2025-05-12T19:30:00Z,APXMIDP,2025-05-12,42,102.14,2232.45,APXMIDP
2025-05-12T19:00:00Z,APXMIDP,2025-05-12,41,102.06,2188.65,APXMIDP
2025-05-12T18:30:00Z,APXMIDP,2025-05-12,40,99.26,2605.8,APXMIDP
2025-05-12T18:00:00Z,APXMIDP,2025-05-12,39,99.93,2724.15,APXMIDP
2025-05-12T17:30:00Z,APXMIDP,2025-05-12,38,96.76,3363.2,APXMIDP
2025-05-12T17:00:00Z,APXMIDP,2025-05-12,37,92.97,3366.9,APXMIDP
2025-05-12T16:30:00Z,APXMIDP,2025-05-12,36,84.38,3309.45,APXMIDP
2025-05-12T16:00:00Z,APXMIDP,2025-05-12,35,85.66,3221.45,APXMIDP
2025-05-12T15:30:00Z,APXMIDP,2025-05-12,34,81.68,3334.75,APXMIDP
2025-05-12T15:00:00Z,APXMIDP,2025-05-12,33,80.12,3383.6,APXMIDP
2025-05-12T14:30:00Z,APXMIDP,2025-05-12,32,77.51,3484.4,APXMIDP
2025-05-12T14:00:00Z,APXMIDP,2025-05-12,31,76.68,3097.2,APXMIDP
2025-05-12T13:30:00Z,APXMIDP,2025-05-12,30,72.79,3343.85,APXMIDP
2025-05-12T13:00:00Z,APXMIDP,2025-05-12,29,71.47,3474.45,APXMIDP
2025-05-12T12:30:00Z,APXMIDP,2025-05-12,28,71.7,2947.05,APXMIDP
2025-05-12T12:00:00Z,APXMIDP,2025-05-12,27,72.97,2870.7,APXMIDP
2025-05-12T11:30:00Z,APXMIDP,2025-05-12,26,77.24,3014.35,APXMIDP
2025-05-12T11:00:00Z,APXMIDP,2025-05-12,25,84.51,2677.65,APXMIDP
2025-05-12T10:30:00Z,APXMIDP,2025-05-12,24,87.77,2569.25,APXMIDP
2025-05-12T10:00:00Z,APXMIDP,2025-05-12,23,93.43,2607.35,APXMIDP
2025-05-12T09:30:00Z,APXMIDP,2025-05-12,22,96.43,2468.25,APXMIDP
2025-05-12T09:00:00Z,APXMIDP,2025-05-12,21,100.06,2297.75,APXMIDP
2025-05-12T08:30:00Z,APXMIDP,2025-05-12,20,103.22,2172.65,APXMIDP
2025-05-12T08:00:00Z,APXMIDP,2025-05-12,19,105.04,2119.3,APXMIDP
2025-05-12T07:30:00Z,APXMIDP,2025-05-12,18,105.62,2277.3,APXMIDP
2025-05-12T07:00:00Z,APXMIDP,2025-05-12,17,105.36,1954.35,APXMIDP
2025-05-12T06:30:00Z,APXMIDP,2025-05-12,16,104.24,2333.0,APXMIDP
2025-05-12T06:00:00Z,APXMIDP,2025-05-12,15,102.43,1912.6,APXMIDP
2025-05-12T05:30:00Z,APXMIDP,2025-05-12,14,93.25,1801.65,APXMIDP
2025-05-12T05:00:00Z,APXMIDP,2025-05-12,13,74.85,1813.95,APXMIDP
2025-05-12T04:30:00Z,APXMIDP,2025-05-12,12,76.16,1705.9,APXMIDP
2025-05-12T04:00:00Z,APXMIDP,2025-05-12,11,83.91,1067.05,APXMIDP
2025-05-12T03:30:00Z,APXMIDP,2025-05-12,10,82.36,1465.5,APXMIDP
2025-05-12T03:00:00Z,APXMIDP,2025-05-12,9,82.59,1535.55,APXMIDP
2025-05-12T02:30:00Z,APXMIDP,2025-05-12,8,76.7,1776.95,APXMIDP
2025-05-12T02:00:00Z,APXMIDP,2025-05-12,7,75.88,1599.45,APXMIDP
2025-05-12T01:30:00Z,APXMIDP,2025-05-12,6,71.52,1878.6,APXMIDP
2025-05-12T01:00:00Z,APXMIDP,2025-05-12,5,74.7,2047.9,APXMIDP
2025-05-12T00:30:00Z,APXMIDP,2025-05-12,4,72.68,2033.85,APXMIDP
2025-05-12T00:00:00Z,APXMIDP,2025-05-12,3,71.08,1870.35,APXMIDP
2025-05-11T23:30:00Z,APXMIDP,2025-05-12,2,70.81,2239.65,APXMIDP
2025-05-11T23:00:00Z,APXMIDP,2025-05-12,1,69.66,1942.8,APXMIDP
2025-05-11T22:30:00Z,APXMIDP,2025-05-11,48,65.94,1837.0,APXMIDP
2025-05-11T22:00:00Z,APXMIDP,2025-05-11,47,72.11,1778.2,APXMIDP
2025-05-11T21:30:00Z,APXMIDP,2025-05-11,46,73.62,2446.4,APXMIDP
2025-05-11T21:00:00Z,APXMIDP,2025-05-11,45,76.94,1837.05,APXMIDP
2025-05-11T20:30:00Z,APXMIDP,2025-05-11,44,78.9,1841.9,APXMIDP
2025-05-11T20:00:00Z,APXMIDP,2025-05-11,43,84.18,2041.95,APXMIDP
2025-05-11T19:30:00Z,APXMIDP,2025-05-11,42,91.12,2528.05,APXMIDP
2025-05-11T19:00:00Z,APXMIDP,2025-05-11,41,94.01,2365.45,APXMIDP
2025-05-11T18:30:00Z,APXMIDP,2025-05-11,40,94.03,2459.8,APXMIDP
2025-05-11T18:00:00Z,APXMIDP,2025-05-11,39,92.63,2570.2,APXMIDP
2025-05-11T17:30:00Z,APXMIDP,2025-05-11,38,87.52,2431.65,APXMIDP
2025-05-11T17:00:00Z,APXMIDP,2025-05-11,37,87.36,2495.5,APXMIDP
2025-05-11T16:30:00Z,APXMIDP,2025-05-11,36,85.72,2586.35,APXMIDP
2025-05-11T16:00:00Z,APXMIDP,2025-05-11,35,89.56,2470.3,APXMIDP
2025-05-11T15:30:00Z,APXMIDP,2025-05-11,34,85.69,3110.7,APXMIDP
2025-05-11T15:00:00Z,APXMIDP,2025-05-11,33,83.15,2588.0,APXMIDP
2025-05-11T14:30:00Z,APXMIDP,2025-05-11,32,77.32,2710.0,APXMIDP
2025-05-11T14:00:00Z,APXMIDP,2025-05-11,31,75.57,2523.7,APXMIDP
2025-05-11T13:30:00Z,APXMIDP,2025-05-11,30,60.64,2507.75,APXMIDP
2025-05-11T13:00:00Z,APXMIDP,2025-05-11,29,55.5,2687.35,APXMIDP
2025-05-11T12:30:00Z,APXMIDP,2025-05-11,28,53.75,2735.85,APXMIDP
2025-05-11T12:00:00Z,APXMIDP,2025-05-11,27,47.58,2428.95,APXMIDP
2025-05-11T11:30:00Z,APXMIDP,2025-05-11,26,43.96,2962.95,APXMIDP
2025-05-11T11:00:00Z,APXMIDP,2025-05-11,25,44.33,2663.4,APXMIDP
2025-05-11T10:30:00Z,APXMIDP,2025-05-11,24,34.71,2369.8,APXMIDP
2025-05-11T10:00:00Z,APXMIDP,2025-05-11,23,43.87,2221.35,APXMIDP
2025-05-11T09:30:00Z,APXMIDP,2025-05-11,22,43.78,2389.1,APXMIDP
2025-05-11T09:00:00Z,APXMIDP,2025-05-11,21,48.86,2241.55,APXMIDP
2025-05-11T08:30:00Z,APXMIDP,2025-05-11,20,50.98,2626.85,APXMIDP
2025-05-11T08:00:00Z,APXMIDP,2025-05-11,19,52.81,2163.15,APXMIDP
2025-05-11T07:30:00Z,APXMIDP,2025-05-11,18,54.19,2535.8,APXMIDP
2025-05-11T07:00:00Z,APXMIDP,2025-05-11,17,49.26,2287.0,APXMIDP
2025-05-11T06:30:00Z,APXMIDP,2025-05-11,16,42.63,1960.3,APXMIDP
2025-05-11T06:00:00Z,APXMIDP,2025-05-11,15,45.94,2024.85,APXMIDP
2025-05-11T05:30:00Z,APXMIDP,2025-05-11,14,69.0,2111.85,APXMIDP
2025-05-11T05:00:00Z,APXMIDP,2025-05-11,13,71.28,2158.4,APXMIDP
2025-05-11T04:30:00Z,APXMIDP,2025-05-11,12,79.72,2047.7,APXMIDP
2025-05-11T04:00:00Z,APXMIDP,2025-05-11,11,77.55,2292.4,APXMIDP
2025-05-11T03:30:00Z,APXMIDP,2025-05-11,10,74.96,1857.6,APXMIDP
2025-05-11T03:00:00Z,APXMIDP,2025-05-11,9,75.98,1808.85,APXMIDP
2025-05-11T02:30:00Z,APXMIDP,2025-05-11,8,71.57,1885.1,APXMIDP
2025-05-11T02:00:00Z,APXMIDP,2025-05-11,7,79.75,1659.9,APXMIDP
2025-05-11T01:30:00Z,APXMIDP,2025-05-11,6,78.69,1882.6,APXMIDP
2025-05-11T01:00:00Z,APXMIDP,2025-05-11,5,81.26,1932.85,APXMIDP
2025-05-11T00:30:00Z,APXMIDP,2025-05-11,4,82.11,1597.55,APXMIDP
2025-05-11T00:00:00Z,APXMIDP,2025-05-11,3,79.81,1640.5,APXMIDP
2025-05-10T23:30:00Z,APXMIDP,2025-05-11,2,78.71,1734.9,APXMIDP
2025-05-10T23:00:00Z,APXMIDP,2025-05-11,1,79.59,1866.3,APXMIDP
2025-05-10T22:30:00Z,APXMIDP,2025-05-10,48,77.87,1441.9,APXMIDP
2025-05-10T22:00:00Z,APXMIDP,2025-05-10,47,74.6,1662.8,APXMIDP
2025-05-10T21:30:00Z,APXMIDP,2025-05-10,46,76.61,2411.95,APXMIDP
2025-05-10T21:00:00Z,APXMIDP,2025-05-10,45,80.81,2187.55,APXMIDP
2025-05-10T20:30:00Z,APXMIDP,2025-05-10,44,81.94,1753.9,APXMIDP
2025-05-10T20:00:00Z,APXMIDP,2025-05-10,43,84.16,1975.95,APXMIDP
2025-05-10T19:30:00Z,APXMIDP,2025-05-10,42,98.9,3127.2,APXMIDP
2025-05-10T19:00:00Z,APXMIDP,2025-05-10,41,97.98,3376.9,APXMIDP
2025-05-10T18:30:00Z,APXMIDP,2025-05-10,40,98.53,2953.15,APXMIDP
2025-05-10T18:00:00Z,APXMIDP,2025-05-10,39,98.42,2884.4,APXMIDP
2025-05-10T17:30:00Z,APXMIDP,2025-05-10,38,86.15,2843.55,APXMIDP
2025-05-10T17:00:00Z,APXMIDP,2025-05-10,37,69.6,2564.85,APXMIDP
2025-05-10T16:30:00Z,APXMIDP,2025-05-10,36,46.81,2910.35,APXMIDP
2025-05-10T16:00:00Z,APXMIDP,2025-05-10,35,59.67,2258.8,APXMIDP
2025-05-10T15:30:00Z,APXMIDP,2025-05-10,34,63.45,2895.8,APXMIDP
2025-05-10T15:00:00Z,APXMIDP,2025-05-10,33,69.53,3296.45,APXMIDP
2025-05-10T14:30:00Z,APXMIDP,2025-05-10,32,61.51,3518.8,APXMIDP
2025-05-10T14:00:00Z,APXMIDP,2025-05-10,31,63.1,3249.1,APXMIDP
2025-05-10T13:30:00Z,APXMIDP,2025-05-10,30,57.61,3292.65,APXMIDP
2025-05-10T13:00:00Z,APXMIDP,2025-05-10,29,58.57,3231.65,APXMIDP
2025-05-10T12:30:00Z,APXMIDP,2025-05-10,28,55.52,3458.9,APXMIDP
2025-05-10T12:00:00Z,APXMIDP,2025-05-10,27,54.84,3136.05,APXMIDP
2025-05-10T11:30:00Z,APXMIDP,2025-05-10,26,56.04,2480.45,APXMIDP
2025-05-10T11:00:00Z,APXMIDP,2025-05-10,25,54.93,2272.85,APXMIDP
2025-05-10T10:30:00Z,APXMIDP,2025-05-10,24,53.92,2046.95,APXMIDP
2025-05-10T10:00:00Z,APXMIDP,2025-05-10,23,59.63,2174.7,APXMIDP
2025-05-10T09:30:00Z,APXMIDP,2025-05-10,22,77.01,1974.7,APXMIDP
2025-05-10T09:00:00Z,APXMIDP,2025-05-10,21,80.61,2125.5,APXMIDP
2025-05-10T08:30:00Z,APXMIDP,2025-05-10,20,78.07,1906.6,APXMIDP
2025-05-10T08:00:00Z,APXMIDP,2025-05-10,19,78.47,2160.15,APXMIDP
2025-05-10T07:30:00Z,APXMIDP,2025-05-10,18,80.47,1863.65,APXMIDP
2025-05-10T07:00:00Z,APXMIDP,2025-05-10,17,82.14,2198.7,APXMIDP
2025-05-10T06:30:00Z,APXMIDP,2025-05-10,16,86.42,2174.45,APXMIDP
2025-05-10T06:00:00Z,APXMIDP,2025-05-10,15,80.67,1719.85,APXMIDP
2025-05-10T05:30:00Z,APXMIDP,2025-05-10,14,94.24,1825.9,APXMIDP
2025-05-10T05:00:00Z,APXMIDP,2025-05-10,13,87.94,1840.4,APXMIDP
2025-05-10T04:30:00Z,APXMIDP,2025-05-10,12,91.87,1835.15,APXMIDP
2025-05-10T04:00:00Z,APXMIDP,2025-05-10,11,91.75,1883.7,APXMIDP
2025-05-10T03:30:00Z,APXMIDP,2025-05-10,10,89.91,1566.4,APXMIDP
2025-05-10T03:00:00Z,APXMIDP,2025-05-10,9,91.99,1584.0,APXMIDP
2025-05-10T02:30:00Z,APXMIDP,2025-05-10,8,85.8,1318.75,APXMIDP
2025-05-10T02:00:00Z,APXMIDP,2025-05-10,7,84.95,1341.95,APXMIDP
2025-05-10T01:30:00Z,APXMIDP,2025-05-10,6,83.55,1380.85,APXMIDP
2025-05-10T01:00:00Z,APXMIDP,2025-05-10,5,85.28,1297.55,APXMIDP
2025-05-10T00:30:00Z,APXMIDP,2025-05-10,4,81.34,1204.8,APXMIDP
2025-05-10T00:00:00Z,APXMIDP,2025-05-10,3,83.09,1334.8,APXMIDP
2025-05-09T23:30:00Z,APXMIDP,2025-05-10,2,85.15,1408.35,APXMIDP
2025-05-09T23:00:00Z,APXMIDP,2025-05-10,1,87.64,1355.7,APXMIDP
2025-05-09T22:30:00Z,APXMIDP,2025-05-09,48,84.33,1634.55,APXMIDP
2025-05-09T22:00:00Z,APXMIDP,2025-05-09,47,79.54,1923.1,APXMIDP
2025-05-09T21:30:00Z,APXMIDP,2025-05-09,46,94.08,2708.25,APXMIDP
2025-05-09T21:00:00Z,APXMIDP,2025-05-09,45,94.44,2523.55,APXMIDP
2025-05-09T20:30:00Z,APXMIDP,2025-05-09,44,87.64,2185.6,APXMIDP
2025-05-09T20:00:00Z,APXMIDP,2025-05-09,43,95.31,2605.95,APXMIDP
2025-05-09T19:30:00Z,APXMIDP,2025-05-09,42,102.85,2967.9,APXMIDP
2025-05-09T19:00:00Z,APXMIDP,2025-05-09,41,102.61,2846.3,APXMIDP
2025-05-09T18:30:00Z,APXMIDP,2025-05-09,40,104.37,2774.8,APXMIDP
2025-05-09T18:00:00Z,APXMIDP,2025-05-09,39,101.6,3070.65,APXMIDP
2025-05-09T17:30:00Z,APXMIDP,2025-05-09,38,92.01,2995.05,APXMIDP
2025-05-09T17:00:00Z,APXMIDP,2025-05-09,37,89.16,3246.35,APXMIDP
2025-05-09T16:30:00Z,APXMIDP,2025-05-09,36,77.51,3412.4,APXMIDP
2025-05-09T16:00:00Z,APXMIDP,2025-05-09,35,77.31,3162.15,APXMIDP
2025-05-09T15:30:00Z,APXMIDP,2025-05-09,34,72.13,3631.05,APXMIDP
2025-05-09T15:00:00Z,APXMIDP,2025-05-09,33,70.73,3067.85,APXMIDP
2025-05-09T14:30:00Z,APXMIDP,2025-05-09,32,68.81,3101.3,APXMIDP
2025-05-09T14:00:00Z,APXMIDP,2025-05-09,31,68.33,2941.8,APXMIDP
2025-05-09T13:30:00Z,APXMIDP,2025-05-09,30,71.34,4224.3,APXMIDP
2025-05-09T13:00:00Z,APXMIDP,2025-05-09,29,71.84,3801.9,APXMIDP
2025-05-09T12:30:00Z,APXMIDP,2025-05-09,28,66.61,4142.15,APXMIDP
2025-05-09T12:00:00Z,APXMIDP,2025-05-09,27,69.98,3585.9,APXMIDP
2025-05-09T11:30:00Z,APXMIDP,2025-05-09,26,75.42,2603.45,APXMIDP
2025-05-09T11:00:00Z,APXMIDP,2025-05-09,25,75.89,2436.2,APXMIDP
2025-05-09T10:30:00Z,APXMIDP,2025-05-09,24,76.36,2310.3,APXMIDP
2025-05-09T10:00:00Z,APXMIDP,2025-05-09,23,79.37,2139.55,APXMIDP
2025-05-09T09:30:00Z,APXMIDP,2025-05-09,22,82.75,3079.5,APXMIDP
2025-05-09T09:00:00Z,APXMIDP,2025-05-09,21,77.91,3199.05,APXMIDP
2025-05-09T08:30:00Z,APXMIDP,2025-05-09,20,84.48,2760.3,APXMIDP
2025-05-09T08:00:00Z,APXMIDP,2025-05-09,19,87.68,2950.65,APXMIDP
2025-05-09T07:30:00Z,APXMIDP,2025-05-09,18,95.75,2833.7,APXMIDP
2025-05-09T07:00:00Z,APXMIDP,2025-05-09,17,101.07,3016.8,APXMIDP
2025-05-09T06:30:00Z,APXMIDP,2025-05-09,16,108.11,3207.9,APXMIDP
2025-05-09T06:00:00Z,APXMIDP,2025-05-09,15,103.91,3105.7,APXMIDP
2025-05-09T05:30:00Z,APXMIDP,2025-05-09,14,133.31,3182.3,APXMIDP
2025-05-09T05:00:00Z,APXMIDP,2025-05-09,13,128.61,2865.0,APXMIDP
2025-05-09T04:30:00Z,APXMIDP,2025-05-09,12,127.11,2936.65,APXMIDP
2025-05-09T04:00:00Z,APXMIDP,2025-05-09,11,123.39,2520.25,APXMIDP
2025-05-09T03:30:00Z,APXMIDP,2025-05-09,10,113.6,2623.3,APXMIDP
2025-05-09T03:00:00Z,APXMIDP,2025-05-09,9,115.44,2333.9,APXMIDP
2025-05-09T02:30:00Z,APXMIDP,2025-05-09,8,115.12,2577.4,APXMIDP
2025-05-09T02:00:00Z,APXMIDP,2025-05-09,7,116.5,2510.8,APXMIDP
2025-05-09T01:30:00Z,APXMIDP,2025-05-09,6,108.07,2442.7,APXMIDP
2025-05-09T01:00:00Z,APXMIDP,2025-05-09,5,108.23,2408.25,APXMIDP
2025-05-09T00:30:00Z,APXMIDP,2025-05-09,4,108.17,2208.0,APXMIDP
2025-05-09T00:00:00Z,APXMIDP,2025-05-09,3,104.42,1922.75,APXMIDP
2025-05-08T23:30:00Z,APXMIDP,2025-05-09,2,92.1,2080.3,APXMIDP
2025-05-08T23:00:00Z,APXMIDP,2025-05-09,1,95.64,1949.0,APXMIDP
2025-05-08T22:30:00Z,APXMIDP,2025-05-08,48,111.66,2148.15,APXMIDP
2025-05-08T22:00:00Z,APXMIDP,2025-05-08,47,98.07,2157.4,APXMIDP
2025-05-08T21:30:00Z,APXMIDP,2025-05-08,46,94.52,2363.45,APXMIDP
2025-05-08T21:00:00Z,APXMIDP,2025-05-08,45,100.08,2843.0,APXMIDP
2025-05-08T20:30:00Z,APXMIDP,2025-05-08,44,109.37,2824.4,APXMIDP
2025-05-08T20:00:00Z,APXMIDP,2025-05-08,43,116.55,2728.5,APXMIDP
2025-05-08T19:30:00Z,APXMIDP,2025-05-08,42,124.25,3156.3,APXMIDP
2025-05-08T19:00:00Z,APXMIDP,2025-05-08,41,130.09,2930.9,APXMIDP
2025-05-08T18:30:00Z,APXMIDP,2025-05-08,40,133.64,3383.9,APXMIDP
2025-05-08T18:00:00Z,APXMIDP,2025-05-08,39,130.44,3147.8,APXMIDP
2025-05-08T17:30:00Z,APXMIDP,2025-05-08,38,123.51,3715.35,APXMIDP
2025-05-08T17:00:00Z,APXMIDP,2025-05-08,37,122.34,4020.8,APXMIDP
2025-05-08T16:30:00Z,APXMIDP,2025-05-08,36,106.06,4394.7,APXMIDP
2025-05-08T16:00:00Z,APXMIDP,2025-05-08,35,115.15,3867.95,APXMIDP
2025-05-08T15:30:00Z,APXMIDP,2025-05-08,34,97.46,3230.45,APXMIDP
2025-05-08T15:00:00Z,APXMIDP,2025-05-08,33,92.5,2730.55,APXMIDP
2025-05-08T14:30:00Z,APXMIDP,2025-05-08,32,90.39,3248.25,APXMIDP
2025-05-08T14:00:00Z,APXMIDP,2025-05-08,31,88.19,2878.65,APXMIDP
2025-05-08T13:30:00Z,APXMIDP,2025-05-08,30,78.49,3050.55,APXMIDP
2025-05-08T13:00:00Z,APXMIDP,2025-05-08,29,75.46,2777.6,APXMIDP
2025-05-08T12:30:00Z,APXMIDP,2025-05-08,28,74.88,2431.55,APXMIDP
2025-05-08T12:00:00Z,APXMIDP,2025-05-08,27,75.03,2558.0,APXMIDP
2025-05-08T11:30:00Z,APXMIDP,2025-05-08,26,77.28,2746.5,APXMIDP
2025-05-08T11:00:00Z,APXMIDP,2025-05-08,25,80.42,2734.15,APXMIDP
2025-05-08T10:30:00Z,APXMIDP,2025-05-08,24,82.46,3006.5,APXMIDP
2025-05-08T10:00:00Z,APXMIDP,2025-05-08,23,84.07,2851.85,APXMIDP
2025-05-08T09:30:00Z,APXMIDP,2025-05-08,22,83.89,3167.55,APXMIDP
2025-05-08T09:00:00Z,APXMIDP,2025-05-08,21,81.48,2959.7,APXMIDP
2025-05-08T08:30:00Z,APXMIDP,2025-05-08,20,83.16,3135.35,APXMIDP
2025-05-08T08:00:00Z,APXMIDP,2025-05-08,19,83.04,3054.55,APXMIDP
2025-05-08T07:30:00Z,APXMIDP,2025-05-08,18,86.19,2386.15,APXMIDP
2025-05-08T07:00:00Z,APXMIDP,2025-05-08,17,89.94,2210.5,APXMIDP
2025-05-08T06:30:00Z,APXMIDP,2025-05-08,16,100.69,3118.15,APXMIDP
2025-05-08T06:00:00Z,APXMIDP,2025-05-08,15,97.47,2679.05,APXMIDP
2025-05-08T05:30:00Z,APXMIDP,2025-05-08,14,105.57,2524.0,APXMIDP
2025-05-08T05:00:00Z,APXMIDP,2025-05-08,13,100.41,1756.85,APXMIDP
2025-05-08T04:30:00Z,APXMIDP,2025-05-08,12,100.22,1804.6,APXMIDP
2025-05-08T04:00:00Z,APXMIDP,2025-05-08,11,101.44,1788.2,APXMIDP
2025-05-08T03:30:00Z,APXMIDP,2025-05-08,10,76.07,1690.6,APXMIDP
2025-05-08T03:00:00Z,APXMIDP,2025-05-08,9,78.95,1209.1,APXMIDP
2025-05-08T02:30:00Z,APXMIDP,2025-05-08,8,78.7,1237.75,APXMIDP
2025-05-08T02:00:00Z,APXMIDP,2025-05-08,7,78.89,1308.75,APXMIDP
2025-05-08T01:30:00Z,APXMIDP,2025-05-08,6,77.14,1222.75,APXMIDP
2025-05-08T01:00:00Z,APXMIDP,2025-05-08,5,80.5,1380.6,APXMIDP
2025-05-08T00:30:00Z,APXMIDP,2025-05-08,4,83.49,1485.6,APXMIDP
2025-05-08T00:00:00Z,APXMIDP,2025-05-08,3,81.22,1504.85,APXMIDP
2025-05-07T23:30:00Z,APXMIDP,2025-05-08,2,81.77,1422.2,APXMIDP
2025-05-07T23:00:00Z,APXMIDP,2025-05-08,1,84.52,1553.6,APXMIDP
2025-05-07T22:30:00Z,APXMIDP,2025-05-07,48,79.63,1791.9,APXMIDP
2025-05-07T22:00:00Z,APXMIDP,2025-05-07,47,72.83,1252.9,APXMIDP
2025-05-07T21:30:00Z,APXMIDP,2025-05-07,46,86.25,2988.65,APXMIDP
2025-05-07T21:00:00Z,APXMIDP,2025-05-07,45,89.13,2444.75,APXMIDP
2025-05-07T20:30:00Z,APXMIDP,2025-05-07,44,96.04,2811.05,APXMIDP
2025-05-07T20:00:00Z,APXMIDP,2025-05-07,43,104.85,3352.55,APXMIDP
2025-05-07T19:30:00Z,APXMIDP,2025-05-07,42,117.8,3997.9,APXMIDP
2025-05-07T19:00:00Z,APXMIDP,2025-05-07,41,121.22,3669.4,APXMIDP
2025-05-07T18:30:00Z,APXMIDP,2025-05-07,40,126.04,3731.55,APXMIDP
2025-05-07T18:00:00Z,APXMIDP,2025-05-07,39,124.83,3559.65,APXMIDP
2025-05-07T17:30:00Z,APXMIDP,2025-05-07,38,117.1,4013.2,APXMIDP
2025-05-07T17:00:00Z,APXMIDP,2025-05-07,37,114.09,3765.6,APXMIDP
2025-05-07T16:30:00Z,APXMIDP,2025-05-07,36,103.03,3641.1,APXMIDP
2025-05-07T16:00:00Z,APXMIDP,2025-05-07,35,101.25,3038.65,APXMIDP
2025-05-07T15:30:00Z,APXMIDP,2025-05-07,34,77.18,2710.45,APXMIDP
2025-05-07T15:00:00Z,APXMIDP,2025-05-07,33,77.94,2420.5,APXMIDP
2025-05-07T14:30:00Z,APXMIDP,2025-05-07,32,76.17,2367.95,APXMIDP
2025-05-07T14:00:00Z,APXMIDP,2025-05-07,31,75.36,2441.55,APXMIDP
2025-05-07T13:30:00Z,APXMIDP,2025-05-07,30,71.42,3639.3,APXMIDP
2025-05-07T13:00:00Z,APXMIDP,2025-05-07,29,69.25,3357.05,APXMIDP
2025-05-07T12:30:00Z,APXMIDP,2025-05-07,28,72.8,3454.3,APXMIDP
2025-05-07T12:00:00Z,APXMIDP,2025-05-07,27,72.44,3676.05,APXMIDP
2025-05-07T11:30:00Z,APXMIDP,2025-05-07,26,72.61,3759.9,APXMIDP
2025-05-07T11:00:00Z,APXMIDP,2025-05-07,25,73.11,3648.75,APXMIDP
2025-05-07T10:30:00Z,APXMIDP,2025-05-07,24,70.71,3230.5,APXMIDP
2025-05-07T10:00:00Z,APXMIDP,2025-05-07,23,70.41,3082.2,APXMIDP
2025-05-07T09:30:00Z,APXMIDP,2025-05-07,22,80.11,3430.95,APXMIDP
2025-05-07T09:00:00Z,APXMIDP,2025-05-07,21,83.94,2971.95,APXMIDP
2025-05-21T09:30:00Z,APXMIDP,2025-05-21,22,80.85,2651.9,APXMIDP
2025-05-21T09:00:00Z,APXMIDP,2025-05-21,21,80.67,2488.45,APXMIDP
2025-05-21T08:30:00Z,APXMIDP,2025-05-21,20,89.45,2735.65,APXMIDP
2025-05-21T08:00:00Z,APXMIDP,2025-05-21,19,90.33,2693.5,APXMIDP
2025-05-21T07:30:00Z,APXMIDP,2025-05-21,18,100.31,3018.6,APXMIDP
2025-05-21T07:00:00Z,APXMIDP,2025-05-21,17,102.16,3098.4,APXMIDP
2025-05-21T06:30:00Z,APXMIDP,2025-05-21,16,104.43,2695.95,APXMIDP
2025-05-21T06:00:00Z,APXMIDP,2025-05-21,15,99.17,2556.55,APXMIDP
2025-05-21T05:30:00Z,APXMIDP,2025-05-21,14,97.18,2212.65,APXMIDP
2025-05-21T05:00:00Z,APXMIDP,2025-05-21,13,95.69,2383.95,APXMIDP
2025-05-21T04:30:00Z,APXMIDP,2025-05-21,12,90.89,1680.1,APXMIDP
2025-05-21T04:00:00Z,APXMIDP,2025-05-21,11,92.34,1880.0,APXMIDP
2025-05-21T03:30:00Z,APXMIDP,2025-05-21,10,88.03,1385.4,APXMIDP
2025-05-21T03:00:00Z,APXMIDP,2025-05-21,9,89.91,1470.8,APXMIDP
2025-05-21T02:30:00Z,APXMIDP,2025-05-21,8,89.5,1660.85,APXMIDP
2025-05-21T02:00:00Z,APXMIDP,2025-05-21,7,88.71,1464.75,APXMIDP
2025-05-21T01:30:00Z,APXMIDP,2025-05-21,6,87.27,1549.6,APXMIDP
2025-05-21T01:00:00Z,APXMIDP,2025-05-21,5,91.28,1681.05,APXMIDP
2025-05-21T00:30:00Z,APXMIDP,2025-05-21,4,98.38,1394.85,APXMIDP
2025-05-21T00:00:00Z,APXMIDP,2025-05-21,3,109.44,1500.8,APXMIDP
2025-05-20T23:30:00Z,APXMIDP,2025-05-21,2,103.81,1235.55,APXMIDP
2025-05-20T23:00:00Z,APXMIDP,2025-05-21,1,105.83,1385.5,APXMIDP
2025-05-20T22:30:00Z,APXMIDP,2025-05-20,48,111.08,1435.7,APXMIDP
2025-05-20T22:00:00Z,APXMIDP,2025-05-20,47,92.43,2282.8,APXMIDP
2025-05-20T21:30:00Z,APXMIDP,2025-05-20,46,87.09,3110.7,APXMIDP
2025-05-20T21:00:00Z,APXMIDP,2025-05-20,45,88.83,2383.6,APXMIDP
2025-05-20T20:30:00Z,APXMIDP,2025-05-20,44,92.48,2124.85,APXMIDP
2025-05-20T20:00:00Z,APXMIDP,2025-05-20,43,97.57,1685.4,APXMIDP
2025-05-20T19:30:00Z,APXMIDP,2025-05-20,42,99.72,1953.5,APXMIDP
2025-05-20T19:00:00Z,APXMIDP,2025-05-20,41,103.43,1847.65,APXMIDP
2025-05-20T18:30:00Z,APXMIDP,2025-05-20,40,109.3,2124.9,APXMIDP
2025-05-20T18:00:00Z,APXMIDP,2025-05-20,39,108.1,1929.9,APXMIDP
2025-05-20T17:30:00Z,APXMIDP,2025-05-20,38,97.34,2500.7,APXMIDP
2025-05-20T17:00:00Z,APXMIDP,2025-05-20,37,97.19,2400.5,APXMIDP
2025-05-20T16:30:00Z,APXMIDP,2025-05-20,36,78.63,2928.0,APXMIDP
2025-05-20T16:00:00Z,APXMIDP,2025-05-20,35,81.39,2620.45,APXMIDP
2025-05-20T15:30:00Z,APXMIDP,2025-05-20,34,76.4,3266.7,APXMIDP
2025-05-20T15:00:00Z,APXMIDP,2025-05-20,33,74.61,3114.9,APXMIDP
2025-05-20T14:30:00Z,APXMIDP,2025-05-20,32,75.9,2374.6,APXMIDP
2025-05-20T14:00:00Z,APXMIDP,2025-05-20,31,74.01,2851.5,APXMIDP
2025-05-20T13:30:00Z,APXMIDP,2025-05-20,30,70.65,4031.6,APXMIDP
2025-05-20T13:00:00Z,APXMIDP,2025-05-20,29,71.54,4335.45,APXMIDP
2025-05-20T12:30:00Z,APXMIDP,2025-05-20,28,67.84,4592.05,APXMIDP
2025-05-20T12:00:00Z,APXMIDP,2025-05-20,27,67.03,4401.5,APXMIDP
2025-05-20T11:30:00Z,APXMIDP,2025-05-20,26,63.46,3108.0,APXMIDP
2025-05-20T11:00:00Z,APXMIDP,2025-05-20,25,64.72,2812.9,APXMIDP
2025-05-20T10:30:00Z,APXMIDP,2025-05-20,24,67.37,2720.3,APXMIDP
2025-05-20T10:00:00Z,APXMIDP,2025-05-20,23,69.07,2832.85,APXMIDP
2025-05-20T09:30:00Z,APXMIDP,2025-05-20,22,75.66,3249.15,APXMIDP
2025-05-20T09:00:00Z,APXMIDP,2025-05-20,21,77.49,2898.95,APXMIDP
2025-05-20T08:30:00Z,APXMIDP,2025-05-20,20,78.14,3045.15,APXMIDP
2025-05-20T08:00:00Z,APXMIDP,2025-05-20,19,77.14,2940.4,APXMIDP
2025-05-20T07:30:00Z,APXMIDP,2025-05-20,18,81.61,2644.0,APXMIDP
2025-05-20T07:00:00Z,APXMIDP,2025-05-20,17,87.27,2465.45,APXMIDP
2025-05-20T06:30:00Z,APXMIDP,2025-05-20,16,94.39,2846.55,APXMIDP
2025-05-20T06:00:00Z,APXMIDP,2025-05-20,15,95.09,2549.5,APXMIDP
2025-05-20T05:30:00Z,APXMIDP,2025-05-20,14,98.54,2773.3,APXMIDP
2025-05-20T05:00:00Z,APXMIDP,2025-05-20,13,89.2,2450.25,APXMIDP
2025-05-20T04:30:00Z,APXMIDP,2025-05-20,12,75.52,1881.6,APXMIDP
2025-05-20T04:00:00Z,APXMIDP,2025-05-20,11,76.76,1793.95,APXMIDP
2025-05-20T03:30:00Z,APXMIDP,2025-05-20,10,75.69,1981.05,APXMIDP
2025-05-20T03:00:00Z,APXMIDP,2025-05-20,9,71.73,1830.85,APXMIDP
2025-05-20T02:30:00Z,APXMIDP,2025-05-20,8,76.92,1786.55,APXMIDP
2025-05-20T02:00:00Z,APXMIDP,2025-05-20,7,76.02,1723.15,APXMIDP
2025-05-20T01:30:00Z,APXMIDP,2025-05-20,6,78.37,2032.8,APXMIDP
2025-05-20T01:00:00Z,APXMIDP,2025-05-20,5,79.59,1813.6,APXMIDP
2025-05-20T00:30:00Z,APXMIDP,2025-05-20,4,81.17,1685.85,APXMIDP
2025-05-20T00:00:00Z,APXMIDP,2025-05-20,3,81.84,1709.35,APXMIDP
2025-05-19T23:30:00Z,APXMIDP,2025-05-20,2,82.43,1953.4,APXMIDP
2025-05-19T23:00:00Z,APXMIDP,2025-05-20,1,84.44,1711.35,APXMIDP
2025-05-19T22:30:00Z,APXMIDP,2025-05-19,48,87.18,1896.2,APXMIDP
2025-05-19T22:00:00Z,APXMIDP,2025-05-19,47,79.92,2335.45,APXMIDP
2025-05-19T21:30:00Z,APXMIDP,2025-05-19,46,77.42,1319.1,APXMIDP
2025-05-19T21:00:00Z,APXMIDP,2025-05-19,45,93.12,1658.85,APXMIDP
2025-05-19T20:30:00Z,APXMIDP,2025-05-19,44,101.47,2627.95,APXMIDP
2025-05-19T20:00:00Z,APXMIDP,2025-05-19,43,102.51,2791.1,APXMIDP
2025-05-19T19:30:00Z,APXMIDP,2025-05-19,42,98.78,2635.9,APXMIDP
2025-05-19T19:00:00Z,APXMIDP,2025-05-19,41,103.64,2500.15,APXMIDP
2025-05-19T18:30:00Z,APXMIDP,2025-05-19,40,101.94,3042.6,APXMIDP
2025-05-19T18:00:00Z,APXMIDP,2025-05-19,39,101.73,2386.55,APXMIDP
2025-05-19T17:30:00Z,APXMIDP,2025-05-19,38,88.42,3356.05,APXMIDP
2025-05-19T17:00:00Z,APXMIDP,2025-05-19,37,83.59,3813.65,APXMIDP
2025-05-19T16:30:00Z,APXMIDP,2025-05-19,36,71.25,3910.7,APXMIDP
2025-05-19T16:00:00Z,APXMIDP,2025-05-19,35,70.73,3633.35,APXMIDP
2025-05-19T15:30:00Z,APXMIDP,2025-05-19,34,57.42,3442.3,APXMIDP
2025-05-19T15:00:00Z,APXMIDP,2025-05-19,33,57.05,3607.6,APXMIDP
2025-05-19T14:30:00Z,APXMIDP,2025-05-19,32,48.23,3207.95,APXMIDP
2025-05-19T14:00:00Z,APXMIDP,2025-05-19,31,58.04,2216.1,APXMIDP
2025-05-19T13:30:00Z,APXMIDP,2025-05-19,30,63.03,3180.7,APXMIDP
2025-05-19T13:00:00Z,APXMIDP,2025-05-19,29,67.33,2826.0,APXMIDP
2025-05-19T12:30:00Z,APXMIDP,2025-05-19,28,68.81,2870.65,APXMIDP
2025-05-19T12:00:00Z,APXMIDP,2025-05-19,27,68.01,2744.25,APXMIDP
2025-05-19T11:30:00Z,APXMIDP,2025-05-19,26,69.46,2606.4,APXMIDP
2025-05-19T11:00:00Z,APXMIDP,2025-05-19,25,70.64,2430.5,APXMIDP
2025-05-19T10:30:00Z,APXMIDP,2025-05-19,24,72.7,2210.9,APXMIDP
2025-05-19T10:00:00Z,APXMIDP,2025-05-19,23,75.66,2814.7,APXMIDP
2025-05-19T09:30:00Z,APXMIDP,2025-05-19,22,89.56,2767.85,APXMIDP
2025-05-19T09:00:00Z,APXMIDP,2025-05-19,21,90.29,3159.85,APXMIDP
2025-05-19T08:30:00Z,APXMIDP,2025-05-19,20,94.09,2660.6,APXMIDP
2025-05-19T08:00:00Z,APXMIDP,2025-05-19,19,95.77,2790.3,APXMIDP
2025-05-19T07:30:00Z,APXMIDP,2025-05-19,18,90.9,2031.65,APXMIDP
2025-05-19T07:00:00Z,APXMIDP,2025-05-19,17,91.43,1707.75,APXMIDP
2025-05-19T06:30:00Z,APXMIDP,2025-05-19,16,94.39,2204.3,APXMIDP
2025-05-19T06:00:00Z,APXMIDP,2025-05-19,15,92.01,1913.25,APXMIDP
2025-05-19T05:30:00Z,APXMIDP,2025-05-19,14,91.6,2379.25,APXMIDP
2025-05-19T05:00:00Z,APXMIDP,2025-05-19,13,85.76,1749.15,APXMIDP
2025-05-19T04:30:00Z,APXMIDP,2025-05-19,12,76.66,1664.8,APXMIDP
2025-05-19T04:00:00Z,APXMIDP,2025-05-19,11,73.52,1749.9,APXMIDP
2025-05-19T03:30:00Z,APXMIDP,2025-05-19,10,75.98,1508.9,APXMIDP
2025-05-19T03:00:00Z,APXMIDP,2025-05-19,9,78.06,1435.6,APXMIDP
2025-05-19T02:30:00Z,APXMIDP,2025-05-19,8,79.85,1500.35,APXMIDP
2025-05-19T02:00:00Z,APXMIDP,2025-05-19,7,86.38,1287.45,APXMIDP
2025-05-19T01:30:00Z,APXMIDP,2025-05-19,6,87.27,1470.9,APXMIDP
2025-05-19T01:00:00Z,APXMIDP,2025-05-19,5,89.68,1489.25,APXMIDP
2025-05-19T00:30:00Z,APXMIDP,2025-05-19,4,86.84,1635.85,APXMIDP
2025-05-19T00:00:00Z,APXMIDP,2025-05-19,3,86.65,1614.45,APXMIDP
2025-05-18T23:30:00Z,APXMIDP,2025-05-19,2,84.91,1351.35,APXMIDP
2025-05-18T23:00:00Z,APXMIDP,2025-05-19,1,83.87,1411.3,APXMIDP
2025-05-18T22:30:00Z,APXMIDP,2025-05-18,48,84.76,1770.95,APXMIDP
2025-05-18T22:00:00Z,APXMIDP,2025-05-18,47,84.11,1458.85,APXMIDP
2025-05-18T21:30:00Z,APXMIDP,2025-05-18,46,85.95,2000.7,APXMIDP
2025-05-18T21:00:00Z,APXMIDP,2025-05-18,45,91.95,2068.55,APXMIDP
2025-05-18T20:30:00Z,APXMIDP,2025-05-18,44,86.08,1828.8,APXMIDP
2025-05-18T20:00:00Z,APXMIDP,2025-05-18,43,87.08,1963.05,APXMIDP
2025-05-18T19:30:00Z,APXMIDP,2025-05-18,42,94.87,2187.45,APXMIDP
2025-05-18T19:00:00Z,APXMIDP,2025-05-18,41,96.21,2210.3,APXMIDP
2025-05-18T18:30:00Z,APXMIDP,2025-05-18,40,94.76,2301.35,APXMIDP
2025-05-18T18:00:00Z,APXMIDP,2025-05-18,39,94.79,2038.3,APXMIDP
2025-05-18T17:30:00Z,APXMIDP,2025-05-18,38,82.55,3112.1,APXMIDP
2025-05-18T17:00:00Z,APXMIDP,2025-05-18,37,84.74,3319.45,APXMIDP
2025-05-18T16:30:00Z,APXMIDP,2025-05-18,36,80.39,3659.0,APXMIDP
2025-05-18T16:00:00Z,APXMIDP,2025-05-18,35,85.33,3054.6,APXMIDP
2025-05-18T15:30:00Z,APXMIDP,2025-05-18,34,69.07,2429.25,APXMIDP
2025-05-18T15:00:00Z,APXMIDP,2025-05-18,33,54.26,2795.5,APXMIDP
2025-05-18T14:30:00Z,APXMIDP,2025-05-18,32,46.58,2328.5,APXMIDP
2025-05-18T14:00:00Z,APXMIDP,2025-05-18,31,32.73,2302.3,APXMIDP
2025-05-18T13:30:00Z,APXMIDP,2025-05-18,30,17.83,2546.9,APXMIDP
2025-05-18T13:00:00Z,APXMIDP,2025-05-18,29,15.27,2466.2,APXMIDP
2025-05-18T12:30:00Z,APXMIDP,2025-05-18,28,16.21,2606.6,APXMIDP
2025-05-18T12:00:00Z,APXMIDP,2025-05-18,27,16.76,2302.6,APXMIDP
2025-05-18T11:30:00Z,APXMIDP,2025-05-18,26,35.02,2557.55,APXMIDP
2025-05-18T11:00:00Z,APXMIDP,2025-05-18,25,38.39,2134.55,APXMIDP
2025-05-18T10:30:00Z,APXMIDP,2025-05-18,24,46.32,2265.75,APXMIDP
2025-05-18T10:00:00Z,APXMIDP,2025-05-18,23,61.39,2095.85,APXMIDP
2025-05-18T09:30:00Z,APXMIDP,2025-05-18,22,78.61,2583.1,APXMIDP
2025-05-18T09:00:00Z,APXMIDP,2025-05-18,21,82.21,2286.65,APXMIDP
2025-05-18T08:30:00Z,APXMIDP,2025-05-18,20,87.88,2992.45,APXMIDP
2025-05-18T08:00:00Z,APXMIDP,2025-05-18,19,84.83,3314.75,APXMIDP
2025-05-18T07:30:00Z,APXMIDP,2025-05-18,18,84.45,2720.35,APXMIDP
2025-05-18T07:00:00Z,APXMIDP,2025-05-18,17,78.45,2897.5,APXMIDP
2025-05-18T06:30:00Z,APXMIDP,2025-05-18,16,76.84,2649.4,APXMIDP
2025-05-18T06:00:00Z,APXMIDP,2025-05-18,15,77.6,2297.55,APXMIDP
2025-05-18T05:30:00Z,APXMIDP,2025-05-18,14,69.75,2298.55,APXMIDP
2025-05-18T05:00:00Z,APXMIDP,2025-05-18,13,70.3,2393.9,APXMIDP
2025-05-18T04:30:00Z,APXMIDP,2025-05-18,12,75.37,2683.8,APXMIDP
2025-05-18T04:00:00Z,APXMIDP,2025-05-18,11,60.49,2112.9,APXMIDP
2025-05-18T03:30:00Z,APXMIDP,2025-05-18,10,70.03,1573.7,APXMIDP
2025-05-18T03:00:00Z,APXMIDP,2025-05-18,9,70.34,2040.45,APXMIDP
2025-05-18T02:30:00Z,APXMIDP,2025-05-18,8,66.34,1592.75,APXMIDP
2025-05-18T02:00:00Z,APXMIDP,2025-05-18,7,74.16,1550.15,APXMIDP
2025-05-18T01:30:00Z,APXMIDP,2025-05-18,6,73.66,1504.95,APXMIDP
2025-05-18T01:00:00Z,APXMIDP,2025-05-18,5,75.76,1382.25,APXMIDP
2025-05-18T00:30:00Z,APXMIDP,2025-05-18,4,76.23,1599.5,APXMIDP
2025-05-18T00:00:00Z,APXMIDP,2025-05-18,3,77.15,1400.3,APXMIDP
2025-05-17T23:30:00Z,APXMIDP,2025-05-18,2,78.66,1500.45,APXMIDP
2025-05-17T23:00:00Z,APXMIDP,2025-05-18,1,77.61,1527.4,APXMIDP
2025-05-17T22:30:00Z,APXMIDP,2025-05-17,48,78.64,1421.35,APXMIDP
2025-05-17T22:00:00Z,APXMIDP,2025-05-17,47,76.9,1209.2,APXMIDP
2025-05-17T21:30:00Z,APXMIDP,2025-05-17,46,80.96,2079.3,APXMIDP
2025-05-17T21:00:00Z,APXMIDP,2025-05-17,45,84.97,2144.1,APXMIDP
2025-05-17T20:30:00Z,APXMIDP,2025-05-17,44,90.68,2752.95,APXMIDP
2025-05-17T20:00:00Z,APXMIDP,2025-05-17,43,98.82,2791.15,APXMIDP
2025-05-17T19:30:00Z,APXMIDP,2025-05-17,42,102.89,2210.6,APXMIDP
2025-05-17T19:00:00Z,APXMIDP,2025-05-17,41,102.43,2265.0,APXMIDP
2025-05-17T18:30:00Z,APXMIDP,2025-05-17,40,100.03,2265.6,APXMIDP
2025-05-17T18:00:00Z,APXMIDP,2025-05-17,39,97.85,2335.6,APXMIDP
2025-05-17T17:30:00Z,APXMIDP,2025-05-17,38,72.62,2990.05,APXMIDP
2025-05-17T17:00:00Z,APXMIDP,2025-05-17,37,66.98,3123.7,APXMIDP
2025-05-17T16:30:00Z,APXMIDP,2025-05-17,36,48.56,3469.25,APXMIDP
2025-05-17T16:00:00Z,APXMIDP,2025-05-17,35,43.21,3445.95,APXMIDP
2025-05-17T15:30:00Z,APXMIDP,2025-05-17,34,16.26,3008.85,APXMIDP
2025-05-17T15:00:00Z,APXMIDP,2025-05-17,33,9.39,3365.9,APXMIDP
2025-05-17T14:30:00Z,APXMIDP,2025-05-17,32,1.57,2961.55,APXMIDP
2025-05-17T14:00:00Z,APXMIDP,2025-05-17,31,-0.37,2952.15,APXMIDP
2025-05-17T13:30:00Z,APXMIDP,2025-05-17,30,3.82,3039.65,APXMIDP
2025-05-17T13:00:00Z,APXMIDP,2025-05-17,29,7.84,3104.85,APXMIDP
2025-05-17T12:30:00Z,APXMIDP,2025-05-17,28,7.52,3443.25,APXMIDP
2025-05-17T12:00:00Z,APXMIDP,2025-05-17,27,13.83,3813.85,APXMIDP
2025-05-17T11:30:00Z,APXMIDP,2025-05-17,26,24.8,2947.7,APXMIDP
2025-05-17T11:00:00Z,APXMIDP,2025-05-17,25,35.62,3006.95,APXMIDP
2025-05-17T10:30:00Z,APXMIDP,2025-05-17,24,53.5,2887.7,APXMIDP
2025-05-17T10:00:00Z,APXMIDP,2025-05-17,23,65.7,3195.35,APXMIDP
2025-05-17T09:30:00Z,APXMIDP,2025-05-17,22,80.3,3842.8,APXMIDP
2025-05-17T09:00:00Z,APXMIDP,2025-05-17,21,79.0,3160.15,APXMIDP
2025-05-17T08:30:00Z,APXMIDP,2025-05-17,20,81.33,2591.1,APXMIDP
2025-05-17T08:00:00Z,APXMIDP,2025-05-17,19,82.65,2418.4,APXMIDP
2025-05-17T07:30:00Z,APXMIDP,2025-05-17,18,81.45,2466.25,APXMIDP
2025-05-17T07:00:00Z,APXMIDP,2025-05-17,17,82.39,2321.5,APXMIDP
2025-05-17T06:30:00Z,APXMIDP,2025-05-17,16,78.42,2406.75,APXMIDP
2025-05-17T06:00:00Z,APXMIDP,2025-05-17,15,75.72,2460.15,APXMIDP
2025-05-17T05:30:00Z,APXMIDP,2025-05-17,14,73.39,1607.2,APXMIDP
2025-05-17T05:00:00Z,APXMIDP,2025-05-17,13,70.89,1466.8,APXMIDP
2025-05-17T04:30:00Z,APXMIDP,2025-05-17,12,74.77,1271.1,APXMIDP
2025-05-17T04:00:00Z,APXMIDP,2025-05-17,11,75.01,1383.0,APXMIDP
2025-05-17T03:30:00Z,APXMIDP,2025-05-17,10,74.19,1413.85,APXMIDP
2025-05-17T03:00:00Z,APXMIDP,2025-05-17,9,72.99,1379.45,APXMIDP
2025-05-17T02:30:00Z,APXMIDP,2025-05-17,8,73.26,1427.6,APXMIDP
2025-05-17T02:00:00Z,APXMIDP,2025-05-17,7,79.05,1635.3,APXMIDP
2025-05-17T01:30:00Z,APXMIDP,2025-05-17,6,76.97,1660.1,APXMIDP
2025-05-17T01:00:00Z,APXMIDP,2025-05-17,5,78.0,1628.25,APXMIDP
2025-05-17T00:30:00Z,APXMIDP,2025-05-17,4,79.46,1484.3,APXMIDP
2025-05-17T00:00:00Z,APXMIDP,2025-05-17,3,78.23,1551.1,APXMIDP
2025-05-16T23:30:00Z,APXMIDP,2025-05-17,2,76.19,1810.35,APXMIDP
2025-05-16T23:00:00Z,APXMIDP,2025-05-17,1,79.29,1798.65,APXMIDP
2025-05-16T22:30:00Z,APXMIDP,2025-05-16,48,72.7,1556.85,APXMIDP
2025-05-16T22:00:00Z,APXMIDP,2025-05-16,47,75.52,1797.15,APXMIDP
2025-05-16T21:30:00Z,APXMIDP,2025-05-16,46,88.75,3027.3,APXMIDP
2025-05-16T21:00:00Z,APXMIDP,2025-05-16,45,93.82,3136.1,APXMIDP
2025-05-16T20:30:00Z,APXMIDP,2025-05-16,44,91.5,3140.0,APXMIDP
2025-05-16T20:00:00Z,APXMIDP,2025-05-16,43,95.53,3429.1,APXMIDP
2025-05-16T19:30:00Z,APXMIDP,2025-05-16,42,92.2,3550.15,APXMIDP
2025-05-16T19:00:00Z,APXMIDP,2025-05-16,41,93.06,3991.1,APXMIDP
2025-05-16T18:30:00Z,APXMIDP,2025-05-16,40,85.84,3541.0,APXMIDP
2025-05-16T18:00:00Z,APXMIDP,2025-05-16,39,85.52,3891.55,APXMIDP
2025-05-16T17:30:00Z,APXMIDP,2025-05-16,38,85.32,3435.5,APXMIDP
2025-05-16T17:00:00Z,APXMIDP,2025-05-16,37,88.33,3269.2,APXMIDP
2025-05-16T16:30:00Z,APXMIDP,2025-05-16,36,88.75,2962.2,APXMIDP
2025-05-16T16:00:00Z,APXMIDP,2025-05-16,35,83.93,2320.35,APXMIDP
2025-05-16T15:30:00Z,APXMIDP,2025-05-16,34,67.37,3185.35,APXMIDP
2025-05-16T15:00:00Z,APXMIDP,2025-05-16,33,41.48,3192.45,APXMIDP
2025-05-16T14:30:00Z,APXMIDP,2025-05-16,32,19.51,2791.85,APXMIDP
2025-05-16T14:00:00Z,APXMIDP,2025-05-16,31,12.62,2860.6,APXMIDP
2025-05-16T13:30:00Z,APXMIDP,2025-05-16,30,23.81,3406.8,APXMIDP
2025-05-16T13:00:00Z,APXMIDP,2025-05-16,29,29.28,3498.6,APXMIDP
2025-05-16T12:30:00Z,APXMIDP,2025-05-16,28,35.17,3338.05,APXMIDP
2025-05-16T12:00:00Z,APXMIDP,2025-05-16,27,39.07,3432.9,APXMIDP
2025-05-16T11:30:00Z,APXMIDP,2025-05-16,26,48.94,2946.45,APXMIDP
2025-05-16T11:00:00Z,APXMIDP,2025-05-16,25,53.65,3069.75,APXMIDP
2025-05-16T10:30:00Z,APXMIDP,2025-05-16,24,51.15,3280.7,APXMIDP
2025-05-16T10:00:00Z,APXMIDP,2025-05-16,23,44.74,3528.25,APXMIDP
2025-05-16T09:30:00Z,APXMIDP,2025-05-16,22,72.95,3899.7,APXMIDP
2025-05-16T09:00:00Z,APXMIDP,2025-05-16,21,75.31,3102.0,APXMIDP
2025-05-16T08:30:00Z,APXMIDP,2025-05-16,20,67.33,2488.9,APXMIDP
2025-05-16T08:00:00Z,APXMIDP,2025-05-16,19,73.15,2251.0,APXMIDP
2025-05-16T07:30:00Z,APXMIDP,2025-05-16,18,80.31,2799.3,APXMIDP
2025-05-16T07:00:00Z,APXMIDP,2025-05-16,17,85.46,2628.85,APXMIDP
2025-05-16T06:30:00Z,APXMIDP,2025-05-16,16,86.38,2723.65,APXMIDP
2025-05-16T06:00:00Z,APXMIDP,2025-05-16,15,81.78,2740.6,APXMIDP
2025-05-16T05:30:00Z,APXMIDP,2025-05-16,14,74.88,1866.05,APXMIDP
2025-05-16T05:00:00Z,APXMIDP,2025-05-16,13,64.61,1714.65,APXMIDP
2025-05-16T04:30:00Z,APXMIDP,2025-05-16,12,61.18,1761.45,APXMIDP
2025-05-16T04:00:00Z,APXMIDP,2025-05-16,11,63.45,1732.45,APXMIDP
2025-05-16T03:30:00Z,APXMIDP,2025-05-16,10,66.12,1940.6,APXMIDP
2025-05-16T03:00:00Z,APXMIDP,2025-05-16,9,64.69,1579.7,APXMIDP
2025-05-16T02:30:00Z,APXMIDP,2025-05-16,8,61.24,1539.65,APXMIDP
2025-05-16T02:00:00Z,APXMIDP,2025-05-16,7,62.75,1558.35,APXMIDP
2025-05-16T01:30:00Z,APXMIDP,2025-05-16,6,69.36,1637.9,APXMIDP
2025-05-16T01:00:00Z,APXMIDP,2025-05-16,5,70.61,1607.45,APXMIDP
2025-05-16T00:30:00Z,APXMIDP,2025-05-16,4,66.7,1336.7,APXMIDP
2025-05-16T00:00:00Z,APXMIDP,2025-05-16,3,66.76,1332.85,APXMIDP
2025-05-15T23:30:00Z,APXMIDP,2025-05-16,2,67.32,1425.75,APXMIDP
2025-05-15T23:00:00Z,APXMIDP,2025-05-16,1,66.81,1320.35,APXMIDP
2025-05-15T22:30:00Z,APXMIDP,2025-05-15,48,69.93,2152.45,APXMIDP
2025-05-15T22:00:00Z,APXMIDP,2025-05-15,47,73.12,1920.0,APXMIDP
2025-05-15T21:30:00Z,APXMIDP,2025-05-15,46,81.7,2414.55,APXMIDP
2025-05-15T21:00:00Z,APXMIDP,2025-05-15,45,96.47,2247.0,APXMIDP
2025-05-15T20:30:00Z,APXMIDP,2025-05-15,44,103.0,2657.25,APXMIDP
2025-05-15T20:00:00Z,APXMIDP,2025-05-15,43,108.38,2743.85,APXMIDP
2025-05-15T19:30:00Z,APXMIDP,2025-05-15,42,113.68,2847.85,APXMIDP
2025-05-15T19:00:00Z,APXMIDP,2025-05-15,41,113.24,2749.1,APXMIDP
2025-05-15T18:30:00Z,APXMIDP,2025-05-15,40,111.4,2374.15,APXMIDP
2025-05-15T18:00:00Z,APXMIDP,2025-05-15,39,110.98,2653.5,APXMIDP
2025-05-15T17:30:00Z,APXMIDP,2025-05-15,38,102.42,3036.8,APXMIDP
2025-05-15T17:00:00Z,APXMIDP,2025-05-15,37,97.8,3165.7,APXMIDP
2025-05-15T16:30:00Z,APXMIDP,2025-05-15,36,98.67,3373.15,APXMIDP
2025-05-15T16:00:00Z,APXMIDP,2025-05-15,35,94.16,3260.25,APXMIDP
2025-05-15T15:30:00Z,APXMIDP,2025-05-15,34,86.78,3599.15,APXMIDP
2025-05-15T15:00:00Z,APXMIDP,2025-05-15,33,86.62,2899.15,APXMIDP
2025-05-15T14:30:00Z,APXMIDP,2025-05-15,32,88.94,3334.8,APXMIDP
2025-05-15T14:00:00Z,APXMIDP,2025-05-15,31,88.67,2776.0,APXMIDP
2025-05-15T13:30:00Z,APXMIDP,2025-05-15,30,88.55,3920.9,APXMIDP
2025-05-15T13:00:00Z,APXMIDP,2025-05-15,29,89.44,3468.0,APXMIDP
2025-05-15T12:30:00Z,APXMIDP,2025-05-15,28,89.61,3417.9,APXMIDP
2025-05-15T12:00:00Z,APXMIDP,2025-05-15,27,90.73,3487.4,APXMIDP
2025-05-15T11:30:00Z,APXMIDP,2025-05-15,26,91.98,3828.2,APXMIDP
2025-05-15T11:00:00Z,APXMIDP,2025-05-15,25,93.46,3663.35,APXMIDP
2025-05-15T10:30:00Z,APXMIDP,2025-05-15,24,89.32,3243.0,APXMIDP
2025-05-15T10:00:00Z,APXMIDP,2025-05-15,23,88.25,3825.75,APXMIDP
2025-05-15T09:30:00Z,APXMIDP,2025-05-15,22,81.86,3081.1,APXMIDP
2025-05-15T09:00:00Z,APXMIDP,2025-05-15,21,78.79,3504.85,APXMIDP
2025-05-15T08:30:00Z,APXMIDP,2025-05-15,20,79.51,3015.05,APXMIDP
2025-05-15T08:00:00Z,APXMIDP,2025-05-15,19,78.65,3084.05,APXMIDP
2025-05-15T07:30:00Z,APXMIDP,2025-05-15,18,78.34,3031.2,APXMIDP
2025-05-15T07:00:00Z,APXMIDP,2025-05-15,17,83.66,2754.0,APXMIDP
2025-05-15T06:30:00Z,APXMIDP,2025-05-15,16,91.1,2497.05,APXMIDP
2025-05-15T06:00:00Z,APXMIDP,2025-05-15,15,77.55,2419.35,APXMIDP
2025-05-15T05:30:00Z,APXMIDP,2025-05-15,14,72.51,1921.1,APXMIDP
2025-05-15T05:00:00Z,APXMIDP,2025-05-15,13,70.65,2397.2,APXMIDP
2025-05-15T04:30:00Z,APXMIDP,2025-05-15,12,67.86,2381.5,APXMIDP
2025-05-15T04:00:00Z,APXMIDP,2025-05-15,11,67.65,1610.5,APXMIDP
2025-05-15T03:30:00Z,APXMIDP,2025-05-15,10,69.92,1840.55,APXMIDP
2025-05-15T03:00:00Z,APXMIDP,2025-05-15,9,76.11,1583.0,APXMIDP
2025-05-15T02:30:00Z,APXMIDP,2025-05-15,8,75.71,1872.0,APXMIDP
2025-05-15T02:00:00Z,APXMIDP,2025-05-15,7,73.5,1489.85,APXMIDP
2025-05-15T01:30:00Z,APXMIDP,2025-05-15,6,78.82,1724.8,APXMIDP
2025-05-15T01:00:00Z,APXMIDP,2025-05-15,5,77.35,1486.45,APXMIDP
2025-05-15T00:30:00Z,APXMIDP,2025-05-15,4,73.68,1775.9,APXMIDP
2025-05-15T00:00:00Z,APXMIDP,2025-05-15,3,67.85,1314.4,APXMIDP
2025-05-14T23:30:00Z,APXMIDP,2025-05-15,2,76.55,1589.05,APXMIDP
2025-05-14T23:00:00Z,APXMIDP,2025-05-15,1,82.44,1703.8,APXMIDP
2025-05-14T22:30:00Z,APXMIDP,2025-05-14,48,78.35,2738.3,APXMIDP
2025-05-14T22:00:00Z,APXMIDP,2025-05-14,47,84.51,2377.1,APXMIDP
2025-05-14T21:30:00Z,APXMIDP,2025-05-14,46,72.14,2834.8,APXMIDP
2025-05-14T21:00:00Z,APXMIDP,2025-05-14,45,73.19,2260.55,APXMIDP
2025-05-14T20:30:00Z,APXMIDP,2025-05-14,44,79.65,2041.75,APXMIDP
2025-05-14T20:00:00Z,APXMIDP,2025-05-14,43,87.88,2305.15,APXMIDP
2025-05-14T19:30:00Z,APXMIDP,2025-05-14,42,91.28,2967.35,APXMIDP
2025-05-14T19:00:00Z,APXMIDP,2025-05-14,41,94.04,3081.0,APXMIDP
2025-05-14T18:30:00Z,APXMIDP,2025-05-14,40,94.55,2857.25,APXMIDP
2025-05-14T18:00:00Z,APXMIDP,2025-05-14,39,86.4,3094.95,APXMIDP
2025-05-14T17:30:00Z,APXMIDP,2025-05-14,38,74.95,3092.5,APXMIDP
2025-05-14T17:00:00Z,APXMIDP,2025-05-14,37,74.51,2547.4,APXMIDP
2025-05-14T16:30:00Z,APXMIDP,2025-05-14,36,73.85,2848.5,APXMIDP
2025-05-14T16:00:00Z,APXMIDP,2025-05-14,35,74.21,2509.45,APXMIDP
2025-05-14T15:30:00Z,APXMIDP,2025-05-14,34,77.19,2881.15,APXMIDP
2025-05-14T15:00:00Z,APXMIDP,2025-05-14,33,77.37,2608.5,APXMIDP
2025-05-14T14:30:00Z,APXMIDP,2025-05-14,32,76.56,2896.0,APXMIDP
2025-05-14T14:00:00Z,APXMIDP,2025-05-14,31,76.3,2963.3,APXMIDP
2025-05-14T13:30:00Z,APXMIDP,2025-05-14,30,71.58,3107.4,APXMIDP
2025-05-14T13:00:00Z,APXMIDP,2025-05-14,29,69.21,3384.35,APXMIDP
2025-05-14T12:30:00Z,APXMIDP,2025-05-14,28,70.57,2831.75,APXMIDP
2025-05-14T12:00:00Z,APXMIDP,2025-05-14,27,67.82,2505.65,APXMIDP
2025-05-14T11:30:00Z,APXMIDP,2025-05-14,26,70.84,2516.8,APXMIDP
2025-05-14T11:00:00Z,APXMIDP,2025-05-14,25,75.32,2199.6,APXMIDP
2025-05-14T10:30:00Z,APXMIDP,2025-05-14,24,72.4,2258.1,APXMIDP
2025-05-14T10:00:00Z,APXMIDP,2025-05-14,23,71.13,2121.4,APXMIDP
2025-05-14T09:30:00Z,APXMIDP,2025-05-14,22,74.11,2777.85,APXMIDP
2025-05-28T10:00:00Z,APXMIDP,2025-05-28,23,76.68,3385.95,APXMIDP
2025-05-28T09:30:00Z,APXMIDP,2025-05-28,22,76.1,2728.0,APXMIDP
2025-05-28T09:00:00Z,APXMIDP,2025-05-28,21,82.69,2852.6,APXMIDP
2025-05-28T08:30:00Z,APXMIDP,2025-05-28,20,82.76,2493.05,APXMIDP
2025-05-28T08:00:00Z,APXMIDP,2025-05-28,19,88.92,2460.4,APXMIDP
2025-05-28T07:30:00Z,APXMIDP,2025-05-28,18,90.42,3408.0,APXMIDP
2025-05-28T07:00:00Z,APXMIDP,2025-05-28,17,87.03,2702.25,APXMIDP
2025-05-28T06:30:00Z,APXMIDP,2025-05-28,16,92.81,2440.65,APXMIDP
2025-05-28T06:00:00Z,APXMIDP,2025-05-28,15,94.75,2259.25,APXMIDP
2025-05-28T05:30:00Z,APXMIDP,2025-05-28,14,100.39,3099.75,APXMIDP
2025-05-28T05:00:00Z,APXMIDP,2025-05-28,13,93.31,2779.2,APXMIDP
2025-05-28T04:30:00Z,APXMIDP,2025-05-28,12,89.88,3144.75,APXMIDP
2025-05-28T04:00:00Z,APXMIDP,2025-05-28,11,93.74,2286.2,APXMIDP
2025-05-28T03:30:00Z,APXMIDP,2025-05-28,10,88.31,2777.85,APXMIDP
2025-05-28T03:00:00Z,APXMIDP,2025-05-28,9,87.36,2552.4,APXMIDP
2025-05-28T02:30:00Z,APXMIDP,2025-05-28,8,86.95,2265.65,APXMIDP
2025-05-28T02:00:00Z,APXMIDP,2025-05-28,7,86.71,2009.15,APXMIDP
2025-05-28T01:30:00Z,APXMIDP,2025-05-28,6,82.07,1978.4,APXMIDP
2025-05-28T01:00:00Z,APXMIDP,2025-05-28,5,81.8,1884.0,APXMIDP
2025-05-28T00:30:00Z,APXMIDP,2025-05-28,4,80.87,1787.75,APXMIDP
2025-05-28T00:00:00Z,APXMIDP,2025-05-28,3,80.68,1569.1,APXMIDP
2025-05-27T23:30:00Z,APXMIDP,2025-05-28,2,76.84,1660.8,APXMIDP
2025-05-27T23:00:00Z,APXMIDP,2025-05-28,1,80.43,1374.1,APXMIDP
2025-05-27T22:30:00Z,APXMIDP,2025-05-27,48,88.24,1320.85,APXMIDP
2025-05-27T22:00:00Z,APXMIDP,2025-05-27,47,92.65,1864.9,APXMIDP
2025-05-27T21:30:00Z,APXMIDP,2025-05-27,46,91.39,2994.4,APXMIDP
2025-05-27T21:00:00Z,APXMIDP,2025-05-27,45,87.84,2668.75,APXMIDP
2025-05-27T20:30:00Z,APXMIDP,2025-05-27,44,92.38,3054.95,APXMIDP
2025-05-27T20:00:00Z,APXMIDP,2025-05-27,43,93.81,2921.9,APXMIDP
2025-05-27T19:30:00Z,APXMIDP,2025-05-27,42,94.66,3474.95,APXMIDP
2025-05-27T19:00:00Z,APXMIDP,2025-05-27,41,99.16,3453.75,APXMIDP
2025-05-27T18:30:00Z,APXMIDP,2025-05-27,40,111.77,3414.75,APXMIDP
2025-05-27T18:00:00Z,APXMIDP,2025-05-27,39,109.58,3130.85,APXMIDP
2025-05-27T17:30:00Z,APXMIDP,2025-05-27,38,111.62,4640.4,APXMIDP
2025-05-27T17:00:00Z,APXMIDP,2025-05-27,37,110.84,4398.15,APXMIDP
2025-05-27T16:30:00Z,APXMIDP,2025-05-27,36,107.56,4051.45,APXMIDP
2025-05-27T16:00:00Z,APXMIDP,2025-05-27,35,101.28,3848.05,APXMIDP
2025-05-27T15:30:00Z,APXMIDP,2025-05-27,34,101.06,4551.9,APXMIDP
2025-05-27T15:00:00Z,APXMIDP,2025-05-27,33,99.39,3836.7,APXMIDP
2025-05-27T14:30:00Z,APXMIDP,2025-05-27,32,84.73,3399.65,APXMIDP
2025-05-27T14:00:00Z,APXMIDP,2025-05-27,31,87.8,3249.75,APXMIDP
2025-05-27T13:30:00Z,APXMIDP,2025-05-27,30,90.78,3856.7,APXMIDP
2025-05-27T13:00:00Z,APXMIDP,2025-05-27,29,91.8,3661.2,APXMIDP
2025-05-27T12:30:00Z,APXMIDP,2025-05-27,28,92.09,3528.25,APXMIDP
2025-05-27T12:00:00Z,APXMIDP,2025-05-27,27,89.45,3205.95,APXMIDP
2025-05-27T11:30:00Z,APXMIDP,2025-05-27,26,99.62,3493.25,APXMIDP
2025-05-27T11:00:00Z,APXMIDP,2025-05-27,25,101.07,3155.2,APXMIDP
2025-05-27T10:30:00Z,APXMIDP,2025-05-27,24,101.32,3163.6,APXMIDP
2025-05-27T10:00:00Z,APXMIDP,2025-05-27,23,102.57,2752.7,APXMIDP
2025-05-27T09:30:00Z,APXMIDP,2025-05-27,22,92.75,2497.15,APXMIDP
2025-05-27T09:00:00Z,APXMIDP,2025-05-27,21,83.25,2457.9,APXMIDP
2025-05-27T08:30:00Z,APXMIDP,2025-05-27,20,80.7,2724.0,APXMIDP
2025-05-27T08:00:00Z,APXMIDP,2025-05-27,19,72.49,2841.1,APXMIDP
2025-05-27T07:30:00Z,APXMIDP,2025-05-27,18,64.03,2545.75,APXMIDP
2025-05-27T07:00:00Z,APXMIDP,2025-05-27,17,45.01,2335.95,APXMIDP
2025-05-27T06:30:00Z,APXMIDP,2025-05-27,16,58.51,2651.85,APXMIDP
2025-05-27T06:00:00Z,APXMIDP,2025-05-27,15,34.9,2175.0,APXMIDP
2025-05-27T05:30:00Z,APXMIDP,2025-05-27,14,41.52,2677.05,APXMIDP
2025-05-27T05:00:00Z,APXMIDP,2025-05-27,13,18.26,2194.6,APXMIDP
2025-05-27T04:30:00Z,APXMIDP,2025-05-27,12,11.58,1558.7,APXMIDP
2025-05-27T04:00:00Z,APXMIDP,2025-05-27,11,7.96,1971.95,APXMIDP
2025-05-27T03:30:00Z,APXMIDP,2025-05-27,10,11.55,2197.4,APXMIDP
2025-05-27T03:00:00Z,APXMIDP,2025-05-27,9,15.44,2068.25,APXMIDP
2025-05-27T02:30:00Z,APXMIDP,2025-05-27,8,15.38,2140.4,APXMIDP
2025-05-27T02:00:00Z,APXMIDP,2025-05-27,7,13.76,2183.35,APXMIDP
2025-05-27T01:30:00Z,APXMIDP,2025-05-27,6,40.34,2707.3,APXMIDP
2025-05-27T01:00:00Z,APXMIDP,2025-05-27,5,39.76,2458.85,APXMIDP
2025-05-27T00:30:00Z,APXMIDP,2025-05-27,4,23.09,2097.35,APXMIDP
2025-05-27T00:00:00Z,APXMIDP,2025-05-27,3,20.85,2043.35,APXMIDP
2025-05-26T23:30:00Z,APXMIDP,2025-05-27,2,28.27,2110.0,APXMIDP
2025-05-26T23:00:00Z,APXMIDP,2025-05-27,1,35.83,1999.9,APXMIDP
2025-05-26T22:30:00Z,APXMIDP,2025-05-26,48,30.45,2138.0,APXMIDP
2025-05-26T22:00:00Z,APXMIDP,2025-05-26,47,49.17,2606.75,APXMIDP
2025-05-26T21:30:00Z,APXMIDP,2025-05-26,46,55.78,2383.55,APXMIDP
2025-05-26T21:00:00Z,APXMIDP,2025-05-26,45,76.29,2482.6,APXMIDP
2025-05-26T20:30:00Z,APXMIDP,2025-05-26,44,75.34,2778.1,APXMIDP
2025-05-26T20:00:00Z,APXMIDP,2025-05-26,43,80.33,2485.65,APXMIDP
2025-05-26T19:30:00Z,APXMIDP,2025-05-26,42,88.63,2899.7,APXMIDP
2025-05-26T19:00:00Z,APXMIDP,2025-05-26,41,91.04,2870.75,APXMIDP
2025-05-26T18:30:00Z,APXMIDP,2025-05-26,40,95.57,2482.15,APXMIDP
2025-05-26T18:00:00Z,APXMIDP,2025-05-26,39,93.36,2469.5,APXMIDP
2025-05-26T17:30:00Z,APXMIDP,2025-05-26,38,78.99,2633.15,APXMIDP
2025-05-26T17:00:00Z,APXMIDP,2025-05-26,37,81.94,3026.25,APXMIDP
2025-05-26T16:30:00Z,APXMIDP,2025-05-26,36,69.57,3562.3,APXMIDP
2025-05-26T16:00:00Z,APXMIDP,2025-05-26,35,39.44,3647.45,APXMIDP
2025-05-26T15:30:00Z,APXMIDP,2025-05-26,34,25.45,3282.9,APXMIDP
2025-05-26T15:00:00Z,APXMIDP,2025-05-26,33,5.69,3379.6,APXMIDP
2025-05-26T14:30:00Z,APXMIDP,2025-05-26,32,13.0,2983.4,APXMIDP
2025-05-26T14:00:00Z,APXMIDP,2025-05-26,31,-2.27,2455.45,APXMIDP
2025-05-26T13:30:00Z,APXMIDP,2025-05-26,30,2.89,2907.4,APXMIDP
2025-05-26T13:00:00Z,APXMIDP,2025-05-26,29,4.04,2745.75,APXMIDP
2025-05-26T12:30:00Z,APXMIDP,2025-05-26,28,2.76,3239.5,APXMIDP
2025-05-26T12:00:00Z,APXMIDP,2025-05-26,27,-1.38,2904.3,APXMIDP
2025-05-26T11:30:00Z,APXMIDP,2025-05-26,26,-1.01,3485.05,APXMIDP
2025-05-26T11:00:00Z,APXMIDP,2025-05-26,25,-2.27,3341.3,APXMIDP
2025-05-26T10:30:00Z,APXMIDP,2025-05-26,24,-2.73,3142.55,APXMIDP
2025-05-26T10:00:00Z,APXMIDP,2025-05-26,23,-1.93,3212.35,APXMIDP
2025-05-26T09:30:00Z,APXMIDP,2025-05-26,22,-5.03,2392.75,APXMIDP
2025-05-26T09:00:00Z,APXMIDP,2025-05-26,21,-2.54,2171.9,APXMIDP
2025-05-26T08:30:00Z,APXMIDP,2025-05-26,20,-1.47,1993.35,APXMIDP
2025-05-26T08:00:00Z,APXMIDP,2025-05-26,19,1.25,2083.5,APXMIDP
2025-05-26T07:30:00Z,APXMIDP,2025-05-26,18,12.82,2182.5,APXMIDP
2025-05-26T07:00:00Z,APXMIDP,2025-05-26,17,17.8,2236.4,APXMIDP
2025-05-26T06:30:00Z,APXMIDP,2025-05-26,16,34.56,2453.95,APXMIDP
2025-05-26T06:00:00Z,APXMIDP,2025-05-26,15,32.2,2317.15,APXMIDP
2025-05-26T05:30:00Z,APXMIDP,2025-05-26,14,34.88,2324.3,APXMIDP
2025-05-26T05:00:00Z,APXMIDP,2025-05-26,13,33.12,2137.35,APXMIDP
2025-05-26T04:30:00Z,APXMIDP,2025-05-26,12,19.53,1451.85,APXMIDP
2025-05-26T04:00:00Z,APXMIDP,2025-05-26,11,18.6,1624.85,APXMIDP
2025-05-26T03:30:00Z,APXMIDP,2025-05-26,10,13.95,1935.1,APXMIDP
2025-05-26T03:00:00Z,APXMIDP,2025-05-26,9,14.82,1845.5,APXMIDP
2025-05-26T02:30:00Z,APXMIDP,2025-05-26,8,16.73,1946.05,APXMIDP
2025-05-26T02:00:00Z,APXMIDP,2025-05-26,7,13.8,1548.15,APXMIDP
2025-05-26T01:30:00Z,APXMIDP,2025-05-26,6,19.63,2289.05,APXMIDP
2025-05-26T01:00:00Z,APXMIDP,2025-05-26,5,19.57,2144.75,APXMIDP
2025-05-26T00:30:00Z,APXMIDP,2025-05-26,4,18.02,2176.0,APXMIDP
2025-05-26T00:00:00Z,APXMIDP,2025-05-26,3,25.8,2202.7,APXMIDP
2025-05-25T23:30:00Z,APXMIDP,2025-05-26,2,33.53,2777.5,APXMIDP
2025-05-25T23:00:00Z,APXMIDP,2025-05-26,1,46.86,2546.85,APXMIDP
2025-05-25T22:30:00Z,APXMIDP,2025-05-25,48,47.1,2559.4,APXMIDP
2025-05-25T22:00:00Z,APXMIDP,2025-05-25,47,64.04,2390.4,APXMIDP
2025-05-25T21:30:00Z,APXMIDP,2025-05-25,46,57.26,3314.5,APXMIDP
2025-05-25T21:00:00Z,APXMIDP,2025-05-25,45,78.82,3104.05,APXMIDP
2025-05-25T20:30:00Z,APXMIDP,2025-05-25,44,77.0,2671.0,APXMIDP
2025-05-25T20:00:00Z,APXMIDP,2025-05-25,43,75.16,2498.25,APXMIDP
2025-05-25T19:30:00Z,APXMIDP,2025-05-25,42,66.09,2753.35,APXMIDP
2025-05-25T19:00:00Z,APXMIDP,2025-05-25,41,64.4,2672.95,APXMIDP
2025-05-25T18:30:00Z,APXMIDP,2025-05-25,40,55.96,2290.4,APXMIDP
2025-05-25T18:00:00Z,APXMIDP,2025-05-25,39,44.26,2297.7,APXMIDP
2025-05-25T17:30:00Z,APXMIDP,2025-05-25,38,12.58,2414.75,APXMIDP
2025-05-25T17:00:00Z,APXMIDP,2025-05-25,37,2.76,2773.55,APXMIDP
2025-05-25T16:30:00Z,APXMIDP,2025-05-25,36,3.82,3018.0,APXMIDP
2025-05-25T16:00:00Z,APXMIDP,2025-05-25,35,-4.2,3166.7,APXMIDP
2025-05-25T15:30:00Z,APXMIDP,2025-05-25,34,-2.59,3789.35,APXMIDP
2025-05-25T15:00:00Z,APXMIDP,2025-05-25,33,-2.28,3354.9,APXMIDP
2025-05-25T14:30:00Z,APXMIDP,2025-05-25,32,-6.62,4060.8,APXMIDP
2025-05-25T14:00:00Z,APXMIDP,2025-05-25,31,-7.63,3260.25,APXMIDP
2025-05-25T13:30:00Z,APXMIDP,2025-05-25,30,-4.86,3418.95,APXMIDP
2025-05-25T13:00:00Z,APXMIDP,2025-05-25,29,4.13,3370.85,APXMIDP
2025-05-25T12:30:00Z,APXMIDP,2025-05-25,28,-2.43,2685.85,APXMIDP
2025-05-25T12:00:00Z,APXMIDP,2025-05-25,27,-3.46,2762.55,APXMIDP
2025-05-25T11:30:00Z,APXMIDP,2025-05-25,26,-4.53,2706.65,APXMIDP
2025-05-25T11:00:00Z,APXMIDP,2025-05-25,25,-6.31,2707.95,APXMIDP
2025-05-25T10:30:00Z,APXMIDP,2025-05-25,24,-6.12,2684.7,APXMIDP
2025-05-25T10:00:00Z,APXMIDP,2025-05-25,23,-4.61,2681.5,APXMIDP
2025-05-25T09:30:00Z,APXMIDP,2025-05-25,22,-5.08,2708.05,APXMIDP
2025-05-25T09:00:00Z,APXMIDP,2025-05-25,21,-1.65,2571.75,APXMIDP
2025-05-25T08:30:00Z,APXMIDP,2025-05-25,20,-1.18,2802.9,APXMIDP
2025-05-25T08:00:00Z,APXMIDP,2025-05-25,19,-2.44,2355.65,APXMIDP
2025-05-25T07:30:00Z,APXMIDP,2025-05-25,18,1.77,2567.75,APXMIDP
2025-05-25T07:00:00Z,APXMIDP,2025-05-25,17,0.44,2170.35,APXMIDP
2025-05-25T06:30:00Z,APXMIDP,2025-05-25,16,-2.83,1965.55,APXMIDP
2025-05-25T06:00:00Z,APXMIDP,2025-05-25,15,-6.03,1690.25,APXMIDP
2025-05-25T05:30:00Z,APXMIDP,2025-05-25,14,-1.84,2017.15,APXMIDP
2025-05-25T05:00:00Z,APXMIDP,2025-05-25,13,-1.02,2012.6,APXMIDP
2025-05-25T04:30:00Z,APXMIDP,2025-05-25,12,-2.53,1939.2,APXMIDP
2025-05-25T04:00:00Z,APXMIDP,2025-05-25,11,0.81,1940.05,APXMIDP
2025-05-25T03:30:00Z,APXMIDP,2025-05-25,10,3.8,2057.75,APXMIDP
2025-05-25T03:00:00Z,APXMIDP,2025-05-25,9,6.34,1775.85,APXMIDP
2025-05-25T02:30:00Z,APXMIDP,2025-05-25,8,10.39,1985.6,APXMIDP
2025-05-25T02:00:00Z,APXMIDP,2025-05-25,7,13.99,1826.15,APXMIDP
2025-05-25T01:30:00Z,APXMIDP,2025-05-25,6,14.22,1931.95,APXMIDP
2025-05-25T01:00:00Z,APXMIDP,2025-05-25,5,16.75,1750.75,APXMIDP
2025-05-25T00:30:00Z,APXMIDP,2025-05-25,4,14.72,1939.05,APXMIDP
2025-05-25T00:00:00Z,APXMIDP,2025-05-25,3,19.76,1948.3,APXMIDP
2025-05-24T23:30:00Z,APXMIDP,2025-05-25,2,16.05,1997.95,APXMIDP
2025-05-24T23:00:00Z,APXMIDP,2025-05-25,1,17.3,1898.7,APXMIDP
2025-05-24T22:30:00Z,APXMIDP,2025-05-24,48,7.79,2008.35,APXMIDP
2025-05-24T22:00:00Z,APXMIDP,2025-05-24,47,23.98,2206.25,APXMIDP
2025-05-24T21:30:00Z,APXMIDP,2025-05-24,46,13.52,3265.9,APXMIDP
2025-05-24T21:00:00Z,APXMIDP,2025-05-24,45,26.52,2977.85,APXMIDP
2025-05-24T20:30:00Z,APXMIDP,2025-05-24,44,33.55,3491.15,APXMIDP
2025-05-24T20:00:00Z,APXMIDP,2025-05-24,43,42.35,2601.5,APXMIDP
2025-05-24T19:30:00Z,APXMIDP,2025-05-24,42,50.1,2992.2,APXMIDP
2025-05-24T19:00:00Z,APXMIDP,2025-05-24,41,64.45,2931.15,APXMIDP
2025-05-24T18:30:00Z,APXMIDP,2025-05-24,40,67.6,2765.5,APXMIDP
2025-05-24T18:00:00Z,APXMIDP,2025-05-24,39,68.46,2684.95,APXMIDP
2025-05-24T17:30:00Z,APXMIDP,2025-05-24,38,55.48,3407.4,APXMIDP
2025-05-24T17:00:00Z,APXMIDP,2025-05-24,37,47.03,3438.2,APXMIDP
2025-05-24T16:30:00Z,APXMIDP,2025-05-24,36,52.42,2893.1,APXMIDP
2025-05-24T16:00:00Z,APXMIDP,2025-05-24,35,42.02,2852.5,APXMIDP
2025-05-24T15:30:00Z,APXMIDP,2025-05-24,34,16.88,3041.6,APXMIDP
2025-05-24T15:00:00Z,APXMIDP,2025-05-24,33,11.87,3522.0,APXMIDP
2025-05-24T14:30:00Z,APXMIDP,2025-05-24,32,1.87,2767.25,APXMIDP
2025-05-24T14:00:00Z,APXMIDP,2025-05-24,31,2.26,2696.35,APXMIDP
2025-05-24T13:30:00Z,APXMIDP,2025-05-24,30,-4.64,3195.9,APXMIDP
2025-05-24T13:00:00Z,APXMIDP,2025-05-24,29,-6.67,2866.1,APXMIDP
2025-05-24T12:30:00Z,APXMIDP,2025-05-24,28,-3.09,2978.05,APXMIDP
2025-05-24T12:00:00Z,APXMIDP,2025-05-24,27,-4.88,2734.8,APXMIDP
2025-05-24T11:30:00Z,APXMIDP,2025-05-24,26,-5.96,2853.55,APXMIDP
2025-05-24T11:00:00Z,APXMIDP,2025-05-24,25,-6.39,2732.25,APXMIDP
2025-05-24T10:30:00Z,APXMIDP,2025-05-24,24,-3.88,3618.0,APXMIDP
2025-05-24T10:00:00Z,APXMIDP,2025-05-24,23,-3.55,3815.45,APXMIDP
2025-05-24T09:30:00Z,APXMIDP,2025-05-24,22,-8.53,2827.4,APXMIDP
2025-05-24T09:00:00Z,APXMIDP,2025-05-24,21,-5.97,2861.1,APXMIDP
2025-05-24T08:30:00Z,APXMIDP,2025-05-24,20,-3.42,2498.45,APXMIDP
2025-05-24T08:00:00Z,APXMIDP,2025-05-24,19,0.91,2422.0,APXMIDP
2025-05-24T07:30:00Z,APXMIDP,2025-05-24,18,5.77,2453.45,APXMIDP
2025-05-24T07:00:00Z,APXMIDP,2025-05-24,17,3.5,2523.85,APXMIDP
2025-05-24T06:30:00Z,APXMIDP,2025-05-24,16,4.93,2552.95,APXMIDP
2025-05-24T06:00:00Z,APXMIDP,2025-05-24,15,0.78,2828.6,APXMIDP
2025-05-24T05:30:00Z,APXMIDP,2025-05-24,14,3.59,2799.05,APXMIDP
2025-05-24T05:00:00Z,APXMIDP,2025-05-24,13,10.33,2300.9,APXMIDP
2025-05-24T04:30:00Z,APXMIDP,2025-05-24,12,16.74,2184.15,APXMIDP
2025-05-24T04:00:00Z,APXMIDP,2025-05-24,11,17.87,2352.85,APXMIDP
2025-05-24T03:30:00Z,APXMIDP,2025-05-24,10,21.75,2097.05,APXMIDP
2025-05-24T03:00:00Z,APXMIDP,2025-05-24,9,27.22,2201.1,APXMIDP
2025-05-24T02:30:00Z,APXMIDP,2025-05-24,8,29.31,2011.55,APXMIDP
2025-05-24T02:00:00Z,APXMIDP,2025-05-24,7,37.22,2087.95,APXMIDP
2025-05-24T01:30:00Z,APXMIDP,2025-05-24,6,49.41,2051.25,APXMIDP
2025-05-24T01:00:00Z,APXMIDP,2025-05-24,5,59.59,1785.45,APXMIDP
2025-05-24T00:30:00Z,APXMIDP,2025-05-24,4,56.54,1821.9,APXMIDP
2025-05-24T00:00:00Z,APXMIDP,2025-05-24,3,57.07,1662.9,APXMIDP
2025-05-23T23:30:00Z,APXMIDP,2025-05-24,2,65.48,1890.3,APXMIDP
2025-05-23T23:00:00Z,APXMIDP,2025-05-24,1,68.73,1882.1,APXMIDP
2025-05-23T22:30:00Z,APXMIDP,2025-05-23,48,69.5,2744.7,APXMIDP
2025-05-23T22:00:00Z,APXMIDP,2025-05-23,47,72.8,2554.9,APXMIDP
2025-05-23T21:30:00Z,APXMIDP,2025-05-23,46,80.84,4228.45,APXMIDP
2025-05-23T21:00:00Z,APXMIDP,2025-05-23,45,79.88,3632.15,APXMIDP
2025-05-23T20:30:00Z,APXMIDP,2025-05-23,44,89.26,3231.3,APXMIDP
2025-05-23T20:00:00Z,APXMIDP,2025-05-23,43,88.41,3527.1,APXMIDP
2025-05-23T19:30:00Z,APXMIDP,2025-05-23,42,88.87,3286.7,APXMIDP
2025-05-23T19:00:00Z,APXMIDP,2025-05-23,41,84.32,3060.8,APXMIDP
2025-05-23T18:30:00Z,APXMIDP,2025-05-23,40,82.18,2911.85,APXMIDP
2025-05-23T18:00:00Z,APXMIDP,2025-05-23,39,82.65,2874.8,APXMIDP
2025-05-23T17:30:00Z,APXMIDP,2025-05-23,38,80.92,3067.9,APXMIDP
2025-05-23T17:00:00Z,APXMIDP,2025-05-23,37,84.24,2855.95,APXMIDP
2025-05-23T16:30:00Z,APXMIDP,2025-05-23,36,73.18,2274.2,APXMIDP
2025-05-23T16:00:00Z,APXMIDP,2025-05-23,35,70.95,2493.5,APXMIDP
2025-05-23T15:30:00Z,APXMIDP,2025-05-23,34,69.82,2244.0,APXMIDP
2025-05-23T15:00:00Z,APXMIDP,2025-05-23,33,69.99,2277.05,APXMIDP
2025-05-23T14:30:00Z,APXMIDP,2025-05-23,32,70.68,2245.6,APXMIDP
2025-05-23T14:00:00Z,APXMIDP,2025-05-23,31,63.72,2299.15,APXMIDP
2025-05-23T13:30:00Z,APXMIDP,2025-05-23,30,64.77,2950.7,APXMIDP
2025-05-23T13:00:00Z,APXMIDP,2025-05-23,29,68.33,2736.6,APXMIDP
2025-05-23T12:30:00Z,APXMIDP,2025-05-23,28,69.78,2340.45,APXMIDP
2025-05-23T12:00:00Z,APXMIDP,2025-05-23,27,72.39,2593.55,APXMIDP
2025-05-23T11:30:00Z,APXMIDP,2025-05-23,26,73.96,1815.1,APXMIDP
2025-05-23T11:00:00Z,APXMIDP,2025-05-23,25,74.05,2113.2,APXMIDP
2025-05-23T10:30:00Z,APXMIDP,2025-05-23,24,70.92,2487.9,APXMIDP
2025-05-23T10:00:00Z,APXMIDP,2025-05-23,23,69.33,2037.45,APXMIDP
2025-05-23T09:30:00Z,APXMIDP,2025-05-23,22,73.38,2394.9,APXMIDP
2025-05-23T09:00:00Z,APXMIDP,2025-05-23,21,77.57,1868.4,APXMIDP
2025-05-23T08:30:00Z,APXMIDP,2025-05-23,20,80.19,2282.3,APXMIDP
2025-05-23T08:00:00Z,APXMIDP,2025-05-23,19,88.1,2501.25,APXMIDP
2025-05-23T07:30:00Z,APXMIDP,2025-05-23,18,95.66,2456.05,APXMIDP
2025-05-23T07:00:00Z,APXMIDP,2025-05-23,17,97.58,1811.1,APXMIDP
2025-05-23T06:30:00Z,APXMIDP,2025-05-23,16,96.02,2193.35,APXMIDP
2025-05-23T06:00:00Z,APXMIDP,2025-05-23,15,88.65,2228.75,APXMIDP
2025-05-23T05:30:00Z,APXMIDP,2025-05-23,14,78.53,2004.55,APXMIDP
2025-05-23T05:00:00Z,APXMIDP,2025-05-23,13,66.33,1488.7,APXMIDP
2025-05-23T04:30:00Z,APXMIDP,2025-05-23,12,69.08,1311.15,APXMIDP
2025-05-23T04:00:00Z,APXMIDP,2025-05-23,11,68.01,1145.0,APXMIDP
2025-05-23T03:30:00Z,APXMIDP,2025-05-23,10,68.03,1222.0,APXMIDP
2025-05-23T03:00:00Z,APXMIDP,2025-05-23,9,70.34,1243.55,APXMIDP
2025-05-23T02:30:00Z,APXMIDP,2025-05-23,8,70.21,1623.45,APXMIDP
2025-05-23T02:00:00Z,APXMIDP,2025-05-23,7,68.79,1294.7,APXMIDP
2025-05-23T01:30:00Z,APXMIDP,2025-05-23,6,68.17,1400.8,APXMIDP
2025-05-23T01:00:00Z,APXMIDP,2025-05-23,5,69.29,1277.35,APXMIDP
2025-05-23T00:30:00Z,APXMIDP,2025-05-23,4,73.97,1517.4,APXMIDP
2025-05-23T00:00:00Z,APXMIDP,2025-05-23,3,74.68,1468.05,APXMIDP
2025-05-22T23:30:00Z,APXMIDP,2025-05-23,2,75.4,1381.85,APXMIDP
2025-05-22T23:00:00Z,APXMIDP,2025-05-23,1,79.66,1455.1,APXMIDP
2025-05-22T22:30:00Z,APXMIDP,2025-05-22,48,72.48,1621.2,APXMIDP
2025-05-22T22:00:00Z,APXMIDP,2025-05-22,47,82.75,1739.3,APXMIDP
2025-05-22T21:30:00Z,APXMIDP,2025-05-22,46,95.17,2369.85,APXMIDP
2025-05-22T21:00:00Z,APXMIDP,2025-05-22,45,95.5,2154.05,APXMIDP
2025-05-22T20:30:00Z,APXMIDP,2025-05-22,44,95.16,2501.15,APXMIDP
2025-05-22T20:00:00Z,APXMIDP,2025-05-22,43,102.2,2622.75,APXMIDP
2025-05-22T19:30:00Z,APXMIDP,2025-05-22,42,103.49,3089.15,APXMIDP
2025-05-22T19:00:00Z,APXMIDP,2025-05-22,41,105.11,2744.8,APXMIDP
2025-05-22T18:30:00Z,APXMIDP,2025-05-22,40,104.11,3043.65,APXMIDP
2025-05-22T18:00:00Z,APXMIDP,2025-05-22,39,107.91,2942.8,APXMIDP
2025-05-22T17:30:00Z,APXMIDP,2025-05-22,38,97.18,3704.85,APXMIDP
2025-05-22T17:00:00Z,APXMIDP,2025-05-22,37,95.39,2961.75,APXMIDP
2025-05-22T16:30:00Z,APXMIDP,2025-05-22,36,94.04,3525.75,APXMIDP
2025-05-22T16:00:00Z,APXMIDP,2025-05-22,35,92.79,3485.9,APXMIDP
2025-05-22T15:30:00Z,APXMIDP,2025-05-22,34,84.85,3155.2,APXMIDP
2025-05-22T15:00:00Z,APXMIDP,2025-05-22,33,82.45,2638.4,APXMIDP
2025-05-22T14:30:00Z,APXMIDP,2025-05-22,32,80.89,2434.95,APXMIDP
2025-05-22T14:00:00Z,APXMIDP,2025-05-22,31,83.4,2504.45,APXMIDP
2025-05-22T13:30:00Z,APXMIDP,2025-05-22,30,82.8,3233.8,APXMIDP
2025-05-22T13:00:00Z,APXMIDP,2025-05-22,29,82.6,3234.6,APXMIDP
2025-05-22T12:30:00Z,APXMIDP,2025-05-22,28,84.93,3105.5,APXMIDP
2025-05-22T12:00:00Z,APXMIDP,2025-05-22,27,87.53,3360.75,APXMIDP
2025-05-22T11:30:00Z,APXMIDP,2025-05-22,26,91.07,3843.65,APXMIDP
2025-05-22T11:00:00Z,APXMIDP,2025-05-22,25,94.35,3967.35,APXMIDP
2025-05-22T10:30:00Z,APXMIDP,2025-05-22,24,91.98,3810.4,APXMIDP
2025-05-22T10:00:00Z,APXMIDP,2025-05-22,23,86.79,3732.8,APXMIDP
2025-05-22T09:30:00Z,APXMIDP,2025-05-22,22,95.4,2748.0,APXMIDP
2025-05-22T09:00:00Z,APXMIDP,2025-05-22,21,97.1,2598.0,APXMIDP
2025-05-22T08:30:00Z,APXMIDP,2025-05-22,20,93.72,2588.95,APXMIDP
2025-05-22T08:00:00Z,APXMIDP,2025-05-22,19,99.49,2473.15,APXMIDP
2025-05-22T07:30:00Z,APXMIDP,2025-05-22,18,104.58,2845.55,APXMIDP
2025-05-22T07:00:00Z,APXMIDP,2025-05-22,17,107.59,2549.1,APXMIDP
2025-05-22T06:30:00Z,APXMIDP,2025-05-22,16,107.29,3064.9,APXMIDP
2025-05-22T06:00:00Z,APXMIDP,2025-05-22,15,107.96,2778.3,APXMIDP
2025-05-22T05:30:00Z,APXMIDP,2025-05-22,14,105.57,2818.65,APXMIDP
2025-05-22T05:00:00Z,APXMIDP,2025-05-22,13,98.75,2875.55,APXMIDP
2025-05-22T04:30:00Z,APXMIDP,2025-05-22,12,91.45,2423.85,APXMIDP
2025-05-22T04:00:00Z,APXMIDP,2025-05-22,11,90.26,1742.45,APXMIDP
2025-05-22T03:30:00Z,APXMIDP,2025-05-22,10,87.12,2039.7,APXMIDP
2025-05-22T03:00:00Z,APXMIDP,2025-05-22,9,87.57,1861.35,APXMIDP
2025-05-22T02:30:00Z,APXMIDP,2025-05-22,8,90.73,1943.2,APXMIDP
2025-05-22T02:00:00Z,APXMIDP,2025-05-22,7,94.93,1951.7,APXMIDP
2025-05-22T01:30:00Z,APXMIDP,2025-05-22,6,96.88,1631.45,APXMIDP
2025-05-22T01:00:00Z,APXMIDP,2025-05-22,5,97.68,1646.85,APXMIDP
2025-05-22T00:30:00Z,APXMIDP,2025-05-22,4,94.89,1998.65,APXMIDP
2025-05-22T00:00:00Z,APXMIDP,2025-05-22,3,97.84,1660.3,APXMIDP
2025-05-21T23:30:00Z,APXMIDP,2025-05-22,2,98.03,1623.5,APXMIDP
2025-05-21T23:00:00Z,APXMIDP,2025-05-22,1,97.78,1893.3,APXMIDP
2025-05-21T22:30:00Z,APXMIDP,2025-05-21,48,99.7,2169.55,APXMIDP
2025-05-21T22:00:00Z,APXMIDP,2025-05-21,47,96.58,2165.65,APXMIDP
2025-05-21T21:30:00Z,APXMIDP,2025-05-21,46,88.04,2639.0,APXMIDP
2025-05-21T21:00:00Z,APXMIDP,2025-05-21,45,86.72,2397.85,APXMIDP
2025-05-21T20:30:00Z,APXMIDP,2025-05-21,44,99.7,2237.15,APXMIDP
2025-05-21T20:00:00Z,APXMIDP,2025-05-21,43,102.86,2210.3,APXMIDP
2025-05-21T19:30:00Z,APXMIDP,2025-05-21,42,100.12,2598.25,APXMIDP
2025-05-21T19:00:00Z,APXMIDP,2025-05-21,41,98.35,3058.95,APXMIDP
2025-05-21T18:30:00Z,APXMIDP,2025-05-21,40,94.02,2747.55,APXMIDP
2025-05-21T18:00:00Z,APXMIDP,2025-05-21,39,97.18,2637.45,APXMIDP
2025-05-21T17:30:00Z,APXMIDP,2025-05-21,38,88.0,2812.3,APXMIDP
2025-05-21T17:00:00Z,APXMIDP,2025-05-21,37,79.53,2526.8,APXMIDP
2025-05-21T16:30:00Z,APXMIDP,2025-05-21,36,77.71,2800.45,APXMIDP
2025-05-21T16:00:00Z,APXMIDP,2025-05-21,35,76.11,2771.65,APXMIDP
2025-05-21T15:30:00Z,APXMIDP,2025-05-21,34,66.97,4040.35,APXMIDP
2025-05-21T15:00:00Z,APXMIDP,2025-05-21,33,54.09,4028.25,APXMIDP
2025-05-21T14:30:00Z,APXMIDP,2025-05-21,32,43.97,3959.9,APXMIDP
2025-05-21T14:00:00Z,APXMIDP,2025-05-21,31,44.37,3486.7,APXMIDP
2025-05-21T13:30:00Z,APXMIDP,2025-05-21,30,50.67,3392.8,APXMIDP
2025-05-21T13:00:00Z,APXMIDP,2025-05-21,29,52.46,3272.25,APXMIDP
2025-05-21T12:30:00Z,APXMIDP,2025-05-21,28,55.15,3224.85,APXMIDP
2025-05-21T12:00:00Z,APXMIDP,2025-05-21,27,61.01,2923.65,APXMIDP
2025-05-21T11:30:00Z,APXMIDP,2025-05-21,26,68.95,2950.7,APXMIDP
2025-05-21T11:00:00Z,APXMIDP,2025-05-21,25,70.35,2740.8,APXMIDP
2025-05-21T10:30:00Z,APXMIDP,2025-05-21,24,69.97,2691.8,APXMIDP
2025-05-21T10:00:00Z,APXMIDP,2025-05-21,23,70.36,2476.85,APXMIDP
2025-06-04T10:30:00Z,APXMIDP,2025-06-04,24,15.09,3030.0,APXMIDP
2025-06-04T10:00:00Z,APXMIDP,2025-06-04,23,18.59,3277.75,APXMIDP
2025-06-04T09:30:00Z,APXMIDP,2025-06-04,22,49.0,4294.0,APXMIDP
2025-06-04T09:00:00Z,APXMIDP,2025-06-04,21,48.69,4185.2,APXMIDP
2025-06-04T08:30:00Z,APXMIDP,2025-06-04,20,48.97,3660.05,APXMIDP
2025-06-04T08:00:00Z,APXMIDP,2025-06-04,19,61.69,3848.5,APXMIDP
2025-06-04T07:30:00Z,APXMIDP,2025-06-04,18,53.64,2978.7,APXMIDP
2025-06-04T07:00:00Z,APXMIDP,2025-06-04,17,61.11,2829.2,APXMIDP
2025-06-04T06:30:00Z,APXMIDP,2025-06-04,16,79.18,2199.95,APXMIDP
2025-06-04T06:00:00Z,APXMIDP,2025-06-04,15,73.75,2027.2,APXMIDP
2025-06-04T05:30:00Z,APXMIDP,2025-06-04,14,56.71,2291.5,APXMIDP
2025-06-04T05:00:00Z,APXMIDP,2025-06-04,13,43.7,2331.35,APXMIDP
2025-06-04T04:30:00Z,APXMIDP,2025-06-04,12,27.61,2237.2,APXMIDP
2025-06-04T04:00:00Z,APXMIDP,2025-06-04,11,21.51,1844.45,APXMIDP
2025-06-04T03:30:00Z,APXMIDP,2025-06-04,10,20.04,1920.5,APXMIDP
2025-06-04T03:00:00Z,APXMIDP,2025-06-04,9,21.12,2182.4,APXMIDP
2025-06-04T02:30:00Z,APXMIDP,2025-06-04,8,19.89,2031.15,APXMIDP
2025-06-04T02:00:00Z,APXMIDP,2025-06-04,7,15.31,1567.1,APXMIDP
2025-06-04T01:30:00Z,APXMIDP,2025-06-04,6,14.13,2102.65,APXMIDP
2025-06-04T01:00:00Z,APXMIDP,2025-06-04,5,16.51,2286.1,APXMIDP
2025-06-04T00:30:00Z,APXMIDP,2025-06-04,4,15.94,2181.5,APXMIDP
2025-06-04T00:00:00Z,APXMIDP,2025-06-04,3,17.42,1704.7,APXMIDP
2025-06-03T23:30:00Z,APXMIDP,2025-06-04,2,20.52,1852.95,APXMIDP
2025-06-03T23:00:00Z,APXMIDP,2025-06-04,1,24.0,1749.2,APXMIDP
2025-06-03T22:30:00Z,APXMIDP,2025-06-03,48,27.94,2398.3,APXMIDP
2025-06-03T22:00:00Z,APXMIDP,2025-06-03,47,38.62,2463.25,APXMIDP
2025-06-03T21:30:00Z,APXMIDP,2025-06-03,46,64.03,2875.2,APXMIDP
2025-06-03T21:00:00Z,APXMIDP,2025-06-03,45,72.38,2949.25,APXMIDP
2025-06-03T20:30:00Z,APXMIDP,2025-06-03,44,73.74,2508.9,APXMIDP
2025-06-03T20:00:00Z,APXMIDP,2025-06-03,43,74.52,2871.6,APXMIDP
2025-06-03T19:30:00Z,APXMIDP,2025-06-03,42,85.51,3210.1,APXMIDP
2025-06-03T19:00:00Z,APXMIDP,2025-06-03,41,84.54,3264.85,APXMIDP
2025-06-03T18:30:00Z,APXMIDP,2025-06-03,40,84.65,3539.65,APXMIDP
2025-06-03T18:00:00Z,APXMIDP,2025-06-03,39,77.74,2871.95,APXMIDP
2025-06-03T17:30:00Z,APXMIDP,2025-06-03,38,57.96,3598.05,APXMIDP
2025-06-03T17:00:00Z,APXMIDP,2025-06-03,37,52.37,3429.85,APXMIDP
2025-06-03T16:30:00Z,APXMIDP,2025-06-03,36,44.9,3778.15,APXMIDP
2025-06-03T16:00:00Z,APXMIDP,2025-06-03,35,15.11,3593.0,APXMIDP
2025-06-03T15:30:00Z,APXMIDP,2025-06-03,34,-17.43,3928.7,APXMIDP
2025-06-03T15:00:00Z,APXMIDP,2025-06-03,33,-33.69,3409.7,APXMIDP
2025-06-03T14:30:00Z,APXMIDP,2025-06-03,32,-26.34,3935.65,APXMIDP
2025-06-03T14:00:00Z,APXMIDP,2025-06-03,31,-30.38,3538.4,APXMIDP
2025-06-03T13:30:00Z,APXMIDP,2025-06-03,30,-35.62,3603.15,APXMIDP
2025-06-03T13:00:00Z,APXMIDP,2025-06-03,29,-32.84,3308.85,APXMIDP
2025-06-03T12:30:00Z,APXMIDP,2025-06-03,28,-28.41,3479.4,APXMIDP
2025-06-03T12:00:00Z,APXMIDP,2025-06-03,27,-25.91,3374.8,APXMIDP
2025-06-03T11:30:00Z,APXMIDP,2025-06-03,26,-26.73,3123.95,APXMIDP
2025-06-03T11:00:00Z,APXMIDP,2025-06-03,25,-24.51,3137.95,APXMIDP
2025-06-03T10:30:00Z,APXMIDP,2025-06-03,24,-24.2,3103.1,APXMIDP
2025-06-03T10:00:00Z,APXMIDP,2025-06-03,23,-18.8,3075.1,APXMIDP
2025-06-03T09:30:00Z,APXMIDP,2025-06-03,22,-4.62,3248.85,APXMIDP
2025-06-03T09:00:00Z,APXMIDP,2025-06-03,21,-1.93,3210.3,APXMIDP
2025-06-03T08:30:00Z,APXMIDP,2025-06-03,20,-6.45,3401.05,APXMIDP
2025-06-03T08:00:00Z,APXMIDP,2025-06-03,19,-3.74,2852.7,APXMIDP
2025-06-03T07:30:00Z,APXMIDP,2025-06-03,18,7.23,2698.1,APXMIDP
2025-06-03T07:00:00Z,APXMIDP,2025-06-03,17,11.84,2504.45,APXMIDP
2025-06-03T06:30:00Z,APXMIDP,2025-06-03,16,35.75,3484.0,APXMIDP
2025-06-03T06:00:00Z,APXMIDP,2025-06-03,15,19.02,3453.2,APXMIDP
2025-06-03T05:30:00Z,APXMIDP,2025-06-03,14,5.8,2740.15,APXMIDP
2025-06-03T05:00:00Z,APXMIDP,2025-06-03,13,0.49,2493.55,APXMIDP
2025-06-03T04:30:00Z,APXMIDP,2025-06-03,12,-0.31,2143.2,APXMIDP
2025-06-03T04:00:00Z,APXMIDP,2025-06-03,11,0.75,2210.1,APXMIDP
2025-06-03T03:30:00Z,APXMIDP,2025-06-03,10,-2.43,1965.8,APXMIDP
2025-06-03T03:00:00Z,APXMIDP,2025-06-03,9,-2.15,2383.15,APXMIDP
2025-06-03T02:30:00Z,APXMIDP,2025-06-03,8,-6.34,1565.95,APXMIDP
2025-06-03T02:00:00Z,APXMIDP,2025-06-03,7,-7.01,1404.8,APXMIDP
2025-06-03T01:30:00Z,APXMIDP,2025-06-03,6,-4.16,1549.05,APXMIDP
2025-06-03T01:00:00Z,APXMIDP,2025-06-03,5,-5.19,1637.8,APXMIDP
2025-06-03T00:30:00Z,APXMIDP,2025-06-03,4,-2.43,1492.35,APXMIDP
2025-06-03T00:00:00Z,APXMIDP,2025-06-03,3,-2.01,1559.0,APXMIDP
2025-06-02T23:30:00Z,APXMIDP,2025-06-03,2,-1.52,1735.0,APXMIDP
2025-06-02T23:00:00Z,APXMIDP,2025-06-03,1,0.49,1784.2,APXMIDP
2025-06-02T22:30:00Z,APXMIDP,2025-06-02,48,4.97,2125.6,APXMIDP
2025-06-02T22:00:00Z,APXMIDP,2025-06-02,47,14.1,2273.25,APXMIDP
2025-06-02T21:30:00Z,APXMIDP,2025-06-02,46,35.37,3410.7,APXMIDP
2025-06-02T21:00:00Z,APXMIDP,2025-06-02,45,44.73,3336.6,APXMIDP
2025-06-02T20:30:00Z,APXMIDP,2025-06-02,44,47.19,3188.8,APXMIDP
2025-06-02T20:00:00Z,APXMIDP,2025-06-02,43,54.97,3279.1,APXMIDP
2025-06-02T19:30:00Z,APXMIDP,2025-06-02,42,55.51,2878.45,APXMIDP
2025-06-02T19:00:00Z,APXMIDP,2025-06-02,41,65.6,2934.6,APXMIDP
2025-06-02T18:30:00Z,APXMIDP,2025-06-02,40,69.5,2477.9,APXMIDP
2025-06-02T18:00:00Z,APXMIDP,2025-06-02,39,74.44,2602.5,APXMIDP
2025-06-02T17:30:00Z,APXMIDP,2025-06-02,38,77.09,2932.5,APXMIDP
2025-06-02T17:00:00Z,APXMIDP,2025-06-02,37,78.18,3069.65,APXMIDP
2025-06-02T16:30:00Z,APXMIDP,2025-06-02,36,78.28,2575.6,APXMIDP
2025-06-02T16:00:00Z,APXMIDP,2025-06-02,35,77.18,2632.6,APXMIDP
2025-06-02T15:30:00Z,APXMIDP,2025-06-02,34,66.53,2761.4,APXMIDP
2025-06-02T15:00:00Z,APXMIDP,2025-06-02,33,63.36,2697.35,APXMIDP
2025-06-02T14:30:00Z,APXMIDP,2025-06-02,32,58.34,2812.75,APXMIDP
2025-06-02T14:00:00Z,APXMIDP,2025-06-02,31,64.88,3069.05,APXMIDP
2025-06-02T13:30:00Z,APXMIDP,2025-06-02,30,41.41,2687.3,APXMIDP
2025-06-02T13:00:00Z,APXMIDP,2025-06-02,29,45.44,2823.15,APXMIDP
2025-06-02T12:30:00Z,APXMIDP,2025-06-02,28,45.13,2441.6,APXMIDP
2025-06-02T12:00:00Z,APXMIDP,2025-06-02,27,52.67,2610.75,APXMIDP
2025-06-02T11:30:00Z,APXMIDP,2025-06-02,26,58.14,2071.6,APXMIDP
2025-06-02T11:00:00Z,APXMIDP,2025-06-02,25,70.53,1883.45,APXMIDP
2025-06-02T10:30:00Z,APXMIDP,2025-06-02,24,68.41,2156.85,APXMIDP
2025-06-02T10:00:00Z,APXMIDP,2025-06-02,23,68.23,1831.25,APXMIDP
2025-06-02T09:30:00Z,APXMIDP,2025-06-02,22,75.22,2066.15,APXMIDP
2025-06-02T09:00:00Z,APXMIDP,2025-06-02,21,75.96,1922.25,APXMIDP
2025-06-02T08:30:00Z,APXMIDP,2025-06-02,20,80.59,2026.2,APXMIDP
2025-06-02T08:00:00Z,APXMIDP,2025-06-02,19,85.28,1894.75,APXMIDP
2025-06-02T07:30:00Z,APXMIDP,2025-06-02,18,90.93,2425.6,APXMIDP
2025-06-02T07:00:00Z,APXMIDP,2025-06-02,17,92.14,2040.55,APXMIDP
2025-06-02T06:30:00Z,APXMIDP,2025-06-02,16,91.23,2483.7,APXMIDP
2025-06-02T06:00:00Z,APXMIDP,2025-06-02,15,90.58,2094.8,APXMIDP
2025-06-02T05:30:00Z,APXMIDP,2025-06-02,14,93.72,2181.05,APXMIDP
2025-06-02T05:00:00Z,APXMIDP,2025-06-02,13,85.33,2430.45,APXMIDP
2025-06-02T04:30:00Z,APXMIDP,2025-06-02,12,89.63,1914.55,APXMIDP
2025-06-02T04:00:00Z,APXMIDP,2025-06-02,11,83.61,1711.55,APXMIDP
2025-06-02T03:30:00Z,APXMIDP,2025-06-02,10,70.42,1492.3,APXMIDP
2025-06-02T03:00:00Z,APXMIDP,2025-06-02,9,67.65,1610.6,APXMIDP
2025-06-02T02:30:00Z,APXMIDP,2025-06-02,8,63.99,1900.25,APXMIDP
2025-06-02T02:00:00Z,APXMIDP,2025-06-02,7,61.39,1929.85,APXMIDP
2025-06-02T01:30:00Z,APXMIDP,2025-06-02,6,59.42,2160.15,APXMIDP
2025-06-02T01:00:00Z,APXMIDP,2025-06-02,5,53.04,1645.4,APXMIDP
2025-06-02T00:30:00Z,APXMIDP,2025-06-02,4,51.44,1426.2,APXMIDP
2025-06-02T00:00:00Z,APXMIDP,2025-06-02,3,48.7,1608.5,APXMIDP
2025-06-01T23:30:00Z,APXMIDP,2025-06-02,2,43.53,1293.95,APXMIDP
2025-06-01T23:00:00Z,APXMIDP,2025-06-02,1,38.92,1526.25,APXMIDP
2025-06-01T22:30:00Z,APXMIDP,2025-06-01,48,42.99,1537.05,APXMIDP
2025-06-01T22:00:00Z,APXMIDP,2025-06-01,47,51.13,1557.4,APXMIDP
2025-06-01T21:30:00Z,APXMIDP,2025-06-01,46,59.05,2330.15,APXMIDP
2025-06-01T21:00:00Z,APXMIDP,2025-06-01,45,78.02,2214.85,APXMIDP
2025-06-01T20:30:00Z,APXMIDP,2025-06-01,44,89.29,2503.05,APXMIDP
2025-06-01T20:00:00Z,APXMIDP,2025-06-01,43,88.92,2639.8,APXMIDP
2025-06-01T19:30:00Z,APXMIDP,2025-06-01,42,82.68,2197.0,APXMIDP
2025-06-01T19:00:00Z,APXMIDP,2025-06-01,41,75.51,2498.3,APXMIDP
2025-06-01T18:30:00Z,APXMIDP,2025-06-01,40,76.79,2842.6,APXMIDP
2025-06-01T18:00:00Z,APXMIDP,2025-06-01,39,72.6,2339.15,APXMIDP
2025-06-01T17:30:00Z,APXMIDP,2025-06-01,38,77.47,2657.9,APXMIDP
2025-06-01T17:00:00Z,APXMIDP,2025-06-01,37,71.31,2450.25,APXMIDP
2025-06-01T16:30:00Z,APXMIDP,2025-06-01,36,58.41,2948.8,APXMIDP
2025-06-01T16:00:00Z,APXMIDP,2025-06-01,35,40.5,3395.5,APXMIDP
2025-06-01T15:30:00Z,APXMIDP,2025-06-01,34,22.5,3534.05,APXMIDP
2025-06-01T15:00:00Z,APXMIDP,2025-06-01,33,10.75,3421.5,APXMIDP
2025-06-01T14:30:00Z,APXMIDP,2025-06-01,32,23.68,3410.15,APXMIDP
2025-06-01T14:00:00Z,APXMIDP,2025-06-01,31,24.56,3287.0,APXMIDP
2025-06-01T13:30:00Z,APXMIDP,2025-06-01,30,-6.72,2651.45,APXMIDP
2025-06-01T13:00:00Z,APXMIDP,2025-06-01,29,-6.52,2754.85,APXMIDP
2025-06-01T12:30:00Z,APXMIDP,2025-06-01,28,-6.75,2506.25,APXMIDP
2025-06-01T12:00:00Z,APXMIDP,2025-06-01,27,-3.82,2608.2,APXMIDP
2025-06-01T11:30:00Z,APXMIDP,2025-06-01,26,-9.16,2654.8,APXMIDP
2025-06-01T11:00:00Z,APXMIDP,2025-06-01,25,-5.62,2494.5,APXMIDP
2025-06-01T10:30:00Z,APXMIDP,2025-06-01,24,-1.24,2402.9,APXMIDP
2025-06-01T10:00:00Z,APXMIDP,2025-06-01,23,3.1,2317.75,APXMIDP
2025-06-01T09:30:00Z,APXMIDP,2025-06-01,22,0.17,2822.25,APXMIDP
2025-06-01T09:00:00Z,APXMIDP,2025-06-01,21,-2.13,2360.85,APXMIDP
2025-06-01T08:30:00Z,APXMIDP,2025-06-01,20,-0.9,2055.65,APXMIDP
2025-06-01T08:00:00Z,APXMIDP,2025-06-01,19,0.11,2183.4,APXMIDP
2025-06-01T07:30:00Z,APXMIDP,2025-06-01,18,1.6,2188.45,APXMIDP
2025-06-01T07:00:00Z,APXMIDP,2025-06-01,17,2.86,2354.9,APXMIDP
2025-06-01T06:30:00Z,APXMIDP,2025-06-01,16,8.07,2826.7,APXMIDP
2025-06-01T06:00:00Z,APXMIDP,2025-06-01,15,14.16,2661.6,APXMIDP
2025-06-01T05:30:00Z,APXMIDP,2025-06-01,14,13.68,3129.4,APXMIDP
2025-06-01T05:00:00Z,APXMIDP,2025-06-01,13,19.47,3063.25,APXMIDP
2025-06-01T04:30:00Z,APXMIDP,2025-06-01,12,35.55,2764.0,APXMIDP
2025-06-01T04:00:00Z,APXMIDP,2025-06-01,11,32.69,2825.6,APXMIDP
2025-06-01T03:30:00Z,APXMIDP,2025-06-01,10,31.14,1941.35,APXMIDP
2025-06-01T03:00:00Z,APXMIDP,2025-06-01,9,27.73,1912.45,APXMIDP
2025-06-01T02:30:00Z,APXMIDP,2025-06-01,8,22.62,1847.7,APXMIDP
2025-06-01T02:00:00Z,APXMIDP,2025-06-01,7,17.34,1698.55,APXMIDP
2025-06-01T01:30:00Z,APXMIDP,2025-06-01,6,27.16,1447.8,APXMIDP
2025-06-01T01:00:00Z,APXMIDP,2025-06-01,5,29.45,1553.05,APXMIDP
2025-06-01T00:30:00Z,APXMIDP,2025-06-01,4,37.4,1824.95,APXMIDP
2025-06-01T00:00:00Z,APXMIDP,2025-06-01,3,48.02,1781.25,APXMIDP
2025-05-31T23:30:00Z,APXMIDP,2025-06-01,2,54.08,1968.3,APXMIDP
2025-05-31T23:00:00Z,APXMIDP,2025-06-01,1,66.15,1985.9,APXMIDP
2025-05-31T22:30:00Z,APXMIDP,2025-05-31,48,75.16,2212.8,APXMIDP
2025-05-31T22:00:00Z,APXMIDP,2025-05-31,47,78.46,1850.0,APXMIDP
2025-05-31T21:30:00Z,APXMIDP,2025-05-31,46,78.76,2329.3,APXMIDP
2025-05-31T21:00:00Z,APXMIDP,2025-05-31,45,80.07,1749.15,APXMIDP
2025-05-31T20:30:00Z,APXMIDP,2025-05-31,44,82.47,1914.9,APXMIDP
2025-05-31T20:00:00Z,APXMIDP,2025-05-31,43,86.22,1781.4,APXMIDP
2025-05-31T19:30:00Z,APXMIDP,2025-05-31,42,84.27,1859.6,APXMIDP
2025-05-31T19:00:00Z,APXMIDP,2025-05-31,41,85.65,1762.55,APXMIDP
2025-05-31T18:30:00Z,APXMIDP,2025-05-31,40,87.08,1742.8,APXMIDP
2025-05-31T18:00:00Z,APXMIDP,2025-05-31,39,83.81,1990.0,APXMIDP
2025-05-31T17:30:00Z,APXMIDP,2025-05-31,38,89.47,2632.45,APXMIDP
2025-05-31T17:00:00Z,APXMIDP,2025-05-31,37,92.42,2767.6,APXMIDP
2025-05-31T16:30:00Z,APXMIDP,2025-05-31,36,87.03,2534.2,APXMIDP
2025-05-31T16:00:00Z,APXMIDP,2025-05-31,35,78.97,2523.65,APXMIDP
2025-05-31T15:30:00Z,APXMIDP,2025-05-31,34,48.3,1652.0,APXMIDP
2025-05-31T15:00:00Z,APXMIDP,2025-05-31,33,16.09,1043.35,APXMIDP
2025-05-31T14:30:00Z,APXMIDP,2025-05-31,32,3.29,1218.85,APXMIDP
2025-05-31T14:00:00Z,APXMIDP,2025-05-31,31,1.9,1492.55,APXMIDP
2025-05-31T13:30:00Z,APXMIDP,2025-05-31,30,-2.39,1981.8,APXMIDP
2025-05-31T13:00:00Z,APXMIDP,2025-05-31,29,-1.17,1807.45,APXMIDP
2025-05-31T12:30:00Z,APXMIDP,2025-05-31,28,-1.26,1822.9,APXMIDP
2025-05-31T12:00:00Z,APXMIDP,2025-05-31,27,2.63,2104.75,APXMIDP
2025-05-31T11:30:00Z,APXMIDP,2025-05-31,26,-1.23,1967.65,APXMIDP
2025-05-31T11:00:00Z,APXMIDP,2025-05-31,25,2.07,2103.55,APXMIDP
2025-05-31T10:30:00Z,APXMIDP,2025-05-31,24,0.81,1903.5,APXMIDP
2025-05-31T10:00:00Z,APXMIDP,2025-05-31,23,11.15,2029.15,APXMIDP
2025-05-31T09:30:00Z,APXMIDP,2025-05-31,22,26.37,2509.65,APXMIDP
2025-05-31T09:00:00Z,APXMIDP,2025-05-31,21,44.25,2048.15,APXMIDP
2025-05-31T08:30:00Z,APXMIDP,2025-05-31,20,52.11,2121.2,APXMIDP
2025-05-31T08:00:00Z,APXMIDP,2025-05-31,19,62.0,2085.15,APXMIDP
2025-05-31T07:30:00Z,APXMIDP,2025-05-31,18,60.65,2100.85,APXMIDP
2025-05-31T07:00:00Z,APXMIDP,2025-05-31,17,61.19,2237.1,APXMIDP
2025-05-31T06:30:00Z,APXMIDP,2025-05-31,16,48.38,1706.15,APXMIDP
2025-05-31T06:00:00Z,APXMIDP,2025-05-31,15,42.67,1824.7,APXMIDP
2025-05-31T05:30:00Z,APXMIDP,2025-05-31,14,69.34,1812.55,APXMIDP
2025-05-31T05:00:00Z,APXMIDP,2025-05-31,13,70.13,1761.3,APXMIDP
2025-05-31T04:30:00Z,APXMIDP,2025-05-31,12,80.07,1662.4,APXMIDP
2025-05-31T04:00:00Z,APXMIDP,2025-05-31,11,76.79,1484.4,APXMIDP
2025-05-31T03:30:00Z,APXMIDP,2025-05-31,10,83.48,1859.5,APXMIDP
2025-05-31T03:00:00Z,APXMIDP,2025-05-31,9,83.93,1652.7,APXMIDP
2025-05-31T02:30:00Z,APXMIDP,2025-05-31,8,82.48,1886.95,APXMIDP
2025-05-31T02:00:00Z,APXMIDP,2025-05-31,7,79.54,1769.2,APXMIDP
2025-05-31T01:30:00Z,APXMIDP,2025-05-31,6,78.34,1776.45,APXMIDP
2025-05-31T01:00:00Z,APXMIDP,2025-05-31,5,74.08,1745.7,APXMIDP
2025-05-31T00:30:00Z,APXMIDP,2025-05-31,4,72.23,1406.4,APXMIDP
2025-05-31T00:00:00Z,APXMIDP,2025-05-31,3,75.38,1556.9,APXMIDP
2025-05-30T23:30:00Z,APXMIDP,2025-05-31,2,72.69,1596.0,APXMIDP
2025-05-30T23:00:00Z,APXMIDP,2025-05-31,1,75.82,1383.1,APXMIDP
2025-05-30T22:30:00Z,APXMIDP,2025-05-30,48,85.28,1844.55,APXMIDP
2025-05-30T22:00:00Z,APXMIDP,2025-05-30,47,85.46,1984.55,APXMIDP
2025-05-30T21:30:00Z,APXMIDP,2025-05-30,46,88.52,2097.25,APXMIDP
2025-05-30T21:00:00Z,APXMIDP,2025-05-30,45,97.05,1950.5,APXMIDP
2025-05-30T20:30:00Z,APXMIDP,2025-05-30,44,107.29,1994.95,APXMIDP
2025-05-30T20:00:00Z,APXMIDP,2025-05-30,43,109.57,2043.65,APXMIDP
2025-05-30T19:30:00Z,APXMIDP,2025-05-30,42,111.12,1774.3,APXMIDP
2025-05-30T19:00:00Z,APXMIDP,2025-05-30,41,109.68,1776.15,APXMIDP
2025-05-30T18:30:00Z,APXMIDP,2025-05-30,40,107.53,2091.15,APXMIDP
2025-05-30T18:00:00Z,APXMIDP,2025-05-30,39,106.97,1954.0,APXMIDP
2025-05-30T17:30:00Z,APXMIDP,2025-05-30,38,80.3,2681.9,APXMIDP
2025-05-30T17:00:00Z,APXMIDP,2025-05-30,37,77.08,2632.4,APXMIDP
2025-05-30T16:30:00Z,APXMIDP,2025-05-30,36,73.34,3617.75,APXMIDP
2025-05-30T16:00:00Z,APXMIDP,2025-05-30,35,77.02,2925.1,APXMIDP
2025-05-30T15:30:00Z,APXMIDP,2025-05-30,34,80.68,3285.3,APXMIDP
2025-05-30T15:00:00Z,APXMIDP,2025-05-30,33,80.48,3339.6,APXMIDP
2025-05-30T14:30:00Z,APXMIDP,2025-05-30,32,82.11,2814.95,APXMIDP
2025-05-30T14:00:00Z,APXMIDP,2025-05-30,31,81.38,3489.35,APXMIDP
2025-05-30T13:30:00Z,APXMIDP,2025-05-30,30,78.05,3979.7,APXMIDP
2025-05-30T13:00:00Z,APXMIDP,2025-05-30,29,77.4,3643.95,APXMIDP
2025-05-30T12:30:00Z,APXMIDP,2025-05-30,28,71.74,3931.5,APXMIDP
2025-05-30T12:00:00Z,APXMIDP,2025-05-30,27,67.19,3573.1,APXMIDP
2025-05-30T11:30:00Z,APXMIDP,2025-05-30,26,56.33,3485.2,APXMIDP
2025-05-30T11:00:00Z,APXMIDP,2025-05-30,25,45.14,3775.0,APXMIDP
2025-05-30T10:30:00Z,APXMIDP,2025-05-30,24,29.6,3232.15,APXMIDP
2025-05-30T10:00:00Z,APXMIDP,2025-05-30,23,38.04,3212.65,APXMIDP
2025-05-30T09:30:00Z,APXMIDP,2025-05-30,22,47.44,3366.25,APXMIDP
2025-05-30T09:00:00Z,APXMIDP,2025-05-30,21,58.09,2976.75,APXMIDP
2025-05-30T08:30:00Z,APXMIDP,2025-05-30,20,64.92,2841.65,APXMIDP
2025-05-30T08:00:00Z,APXMIDP,2025-05-30,19,70.01,2654.25,APXMIDP
2025-05-30T07:30:00Z,APXMIDP,2025-05-30,18,72.81,2671.65,APXMIDP
2025-05-30T07:00:00Z,APXMIDP,2025-05-30,17,74.66,2454.3,APXMIDP
2025-05-30T06:30:00Z,APXMIDP,2025-05-30,16,71.86,2883.2,APXMIDP
2025-05-30T06:00:00Z,APXMIDP,2025-05-30,15,59.53,2840.7,APXMIDP
2025-05-30T05:30:00Z,APXMIDP,2025-05-30,14,69.54,2678.3,APXMIDP
2025-05-30T05:00:00Z,APXMIDP,2025-05-30,13,59.34,2354.95,APXMIDP
2025-05-30T04:30:00Z,APXMIDP,2025-05-30,12,61.93,1999.75,APXMIDP
2025-05-30T04:00:00Z,APXMIDP,2025-05-30,11,51.34,2214.75,APXMIDP
2025-05-30T03:30:00Z,APXMIDP,2025-05-30,10,52.48,2011.5,APXMIDP
2025-05-30T03:00:00Z,APXMIDP,2025-05-30,9,55.97,1806.9,APXMIDP
2025-05-30T02:30:00Z,APXMIDP,2025-05-30,8,48.5,2366.85,APXMIDP
2025-05-30T02:00:00Z,APXMIDP,2025-05-30,7,50.86,1963.95,APXMIDP
2025-05-30T01:30:00Z,APXMIDP,2025-05-30,6,50.61,2124.95,APXMIDP
2025-05-30T01:00:00Z,APXMIDP,2025-05-30,5,51.7,2071.65,APXMIDP
2025-05-30T00:30:00Z,APXMIDP,2025-05-30,4,49.61,2149.05,APXMIDP
2025-05-30T00:00:00Z,APXMIDP,2025-05-30,3,48.27,2383.05,APXMIDP
2025-05-29T23:30:00Z,APXMIDP,2025-05-30,2,43.75,2172.3,APXMIDP
2025-05-29T23:00:00Z,APXMIDP,2025-05-30,1,49.27,2102.05,APXMIDP
2025-05-29T22:30:00Z,APXMIDP,2025-05-29,48,49.81,2461.9,APXMIDP
2025-05-29T22:00:00Z,APXMIDP,2025-05-29,47,54.77,2128.35,APXMIDP
2025-05-29T21:30:00Z,APXMIDP,2025-05-29,46,53.67,3060.7,APXMIDP
2025-05-29T21:00:00Z,APXMIDP,2025-05-29,45,68.49,3428.75,APXMIDP
2025-05-29T20:30:00Z,APXMIDP,2025-05-29,44,73.75,3500.25,APXMIDP
2025-05-29T20:00:00Z,APXMIDP,2025-05-29,43,74.7,3594.35,APXMIDP
2025-05-29T19:30:00Z,APXMIDP,2025-05-29,42,75.0,3560.85,APXMIDP
2025-05-29T19:00:00Z,APXMIDP,2025-05-29,41,69.28,3553.75,APXMIDP
2025-05-29T18:30:00Z,APXMIDP,2025-05-29,40,67.99,3408.3,APXMIDP
2025-05-29T18:00:00Z,APXMIDP,2025-05-29,39,61.66,3482.95,APXMIDP
2025-05-29T17:30:00Z,APXMIDP,2025-05-29,38,51.62,3872.1,APXMIDP
2025-05-29T17:00:00Z,APXMIDP,2025-05-29,37,39.54,3629.6,APXMIDP
2025-05-29T16:30:00Z,APXMIDP,2025-05-29,36,36.06,3005.05,APXMIDP
2025-05-29T16:00:00Z,APXMIDP,2025-05-29,35,15.45,2989.4,APXMIDP
2025-05-29T15:30:00Z,APXMIDP,2025-05-29,34,-1.89,3442.95,APXMIDP
2025-05-29T15:00:00Z,APXMIDP,2025-05-29,33,-8.94,3275.0,APXMIDP
2025-05-29T14:30:00Z,APXMIDP,2025-05-29,32,-6.06,3065.55,APXMIDP
2025-05-29T14:00:00Z,APXMIDP,2025-05-29,31,-9.62,3576.6,APXMIDP
2025-05-29T13:30:00Z,APXMIDP,2025-05-29,30,-13.38,3613.95,APXMIDP
2025-05-29T13:00:00Z,APXMIDP,2025-05-29,29,-14.12,3858.05,APXMIDP
2025-05-29T12:30:00Z,APXMIDP,2025-05-29,28,-18.24,3324.9,APXMIDP
2025-05-29T12:00:00Z,APXMIDP,2025-05-29,27,-16.4,2979.8,APXMIDP
2025-05-29T11:30:00Z,APXMIDP,2025-05-29,26,-9.68,3068.45,APXMIDP
2025-05-29T11:00:00Z,APXMIDP,2025-05-29,25,-8.19,2890.8,APXMIDP
2025-05-29T10:30:00Z,APXMIDP,2025-05-29,24,-7.53,2890.8,APXMIDP
2025-05-29T10:00:00Z,APXMIDP,2025-05-29,23,-5.79,3289.65,APXMIDP
2025-05-29T09:30:00Z,APXMIDP,2025-05-29,22,1.25,3505.85,APXMIDP
2025-05-29T09:00:00Z,APXMIDP,2025-05-29,21,5.61,3503.65,APXMIDP
2025-05-29T08:30:00Z,APXMIDP,2025-05-29,20,9.87,3727.3,APXMIDP
2025-05-29T08:00:00Z,APXMIDP,2025-05-29,19,16.67,3481.1,APXMIDP
2025-05-29T07:30:00Z,APXMIDP,2025-05-29,18,32.79,4524.0,APXMIDP
2025-05-29T07:00:00Z,APXMIDP,2025-05-29,17,40.72,5011.6,APXMIDP
2025-05-29T06:30:00Z,APXMIDP,2025-05-29,16,43.02,4167.55,APXMIDP
2025-05-29T06:00:00Z,APXMIDP,2025-05-29,15,39.72,3926.55,APXMIDP
2025-05-29T05:30:00Z,APXMIDP,2025-05-29,14,18.92,3320.0,APXMIDP
2025-05-29T05:00:00Z,APXMIDP,2025-05-29,13,10.8,2595.15,APXMIDP
2025-05-29T04:30:00Z,APXMIDP,2025-05-29,12,2.68,2468.25,APXMIDP
2025-05-29T04:00:00Z,APXMIDP,2025-05-29,11,3.4,2041.25,APXMIDP
2025-05-29T03:30:00Z,APXMIDP,2025-05-29,10,2.84,2572.25,APXMIDP
2025-05-29T03:00:00Z,APXMIDP,2025-05-29,9,8.48,2299.55,APXMIDP
2025-05-29T02:30:00Z,APXMIDP,2025-05-29,8,15.54,2436.25,APXMIDP
2025-05-29T02:00:00Z,APXMIDP,2025-05-29,7,20.27,2107.9,APXMIDP
2025-05-29T01:30:00Z,APXMIDP,2025-05-29,6,41.66,1921.95,APXMIDP
2025-05-29T01:00:00Z,APXMIDP,2025-05-29,5,52.62,2043.9,APXMIDP
2025-05-29T00:30:00Z,APXMIDP,2025-05-29,4,62.02,1793.7,APXMIDP
2025-05-29T00:00:00Z,APXMIDP,2025-05-29,3,67.03,1572.85,APXMIDP
2025-05-28T23:30:00Z,APXMIDP,2025-05-29,2,73.11,2292.9,APXMIDP
2025-05-28T23:00:00Z,APXMIDP,2025-05-29,1,76.82,2189.95,APXMIDP
2025-05-28T22:30:00Z,APXMIDP,2025-05-28,48,76.43,2061.0,APXMIDP
2025-05-28T22:00:00Z,APXMIDP,2025-05-28,47,80.55,2511.55,APXMIDP
2025-05-28T21:30:00Z,APXMIDP,2025-05-28,46,80.1,3011.75,APXMIDP
2025-05-28T21:00:00Z,APXMIDP,2025-05-28,45,80.75,2530.6,APXMIDP
2025-05-28T20:30:00Z,APXMIDP,2025-05-28,44,89.27,2255.9,APXMIDP
2025-05-28T20:00:00Z,APXMIDP,2025-05-28,43,102.66,2477.95,APXMIDP
2025-05-28T19:30:00Z,APXMIDP,2025-05-28,42,104.1,2808.65,APXMIDP
2025-05-28T19:00:00Z,APXMIDP,2025-05-28,41,108.07,2797.15,APXMIDP
2025-05-28T18:30:00Z,APXMIDP,2025-05-28,40,111.56,2506.9,APXMIDP
2025-05-28T18:00:00Z,APXMIDP,2025-05-28,39,107.3,2542.45,APXMIDP
2025-05-28T17:30:00Z,APXMIDP,2025-05-28,38,100.84,3247.65,APXMIDP
2025-05-28T17:00:00Z,APXMIDP,2025-05-28,37,93.94,3513.4,APXMIDP
2025-05-28T16:30:00Z,APXMIDP,2025-05-28,36,92.3,3731.25,APXMIDP
2025-05-28T16:00:00Z,APXMIDP,2025-05-28,35,87.22,3867.35,APXMIDP
2025-05-28T15:30:00Z,APXMIDP,2025-05-28,34,78.7,2617.2,APXMIDP
2025-05-28T15:00:00Z,APXMIDP,2025-05-28,33,80.3,2738.0,APXMIDP
2025-05-28T14:30:00Z,APXMIDP,2025-05-28,32,83.34,3169.25,APXMIDP
2025-05-28T14:00:00Z,APXMIDP,2025-05-28,31,83.95,3217.85,APXMIDP
2025-05-28T13:30:00Z,APXMIDP,2025-05-28,30,82.24,3731.25,APXMIDP
2025-05-28T13:00:00Z,APXMIDP,2025-05-28,29,80.96,3539.65,APXMIDP
2025-05-28T12:30:00Z,APXMIDP,2025-05-28,28,79.77,3334.2,APXMIDP
2025-05-28T12:00:00Z,APXMIDP,2025-05-28,27,81.21,3244.2,APXMIDP
2025-05-28T11:30:00Z,APXMIDP,2025-05-28,26,82.73,3204.0,APXMIDP
2025-05-28T11:00:00Z,APXMIDP,2025-05-28,25,84.07,3443.1,APXMIDP
2025-05-28T10:30:00Z,APXMIDP,2025-05-28,24,82.32,3105.2,APXMIDP
2025-06-11T11:00:00Z,APXMIDP,2025-06-11,25,83.75,3041.15,APXMIDP
2025-06-11T10:30:00Z,APXMIDP,2025-06-11,24,76.24,2467.35,APXMIDP
2025-06-11T10:00:00Z,APXMIDP,2025-06-11,23,75.82,2008.7,APXMIDP
2025-06-11T09:30:00Z,APXMIDP,2025-06-11,22,76.47,1991.3,APXMIDP
2025-06-11T09:00:00Z,APXMIDP,2025-06-11,21,79.9,2053.6,APXMIDP
2025-06-11T08:30:00Z,APXMIDP,2025-06-11,20,84.56,1996.5,APXMIDP
2025-06-11T08:00:00Z,APXMIDP,2025-06-11,19,87.36,1849.65,APXMIDP
2025-06-11T07:30:00Z,APXMIDP,2025-06-11,18,85.62,1705.9,APXMIDP
2025-06-11T07:00:00Z,APXMIDP,2025-06-11,17,91.42,1674.6,APXMIDP
2025-06-11T06:30:00Z,APXMIDP,2025-06-11,16,91.38,2107.7,APXMIDP
2025-06-11T06:00:00Z,APXMIDP,2025-06-11,15,87.21,2118.0,APXMIDP
2025-06-11T05:30:00Z,APXMIDP,2025-06-11,14,98.54,2000.85,APXMIDP
2025-06-11T05:00:00Z,APXMIDP,2025-06-11,13,91.82,1556.95,APXMIDP
2025-06-11T04:30:00Z,APXMIDP,2025-06-11,12,80.63,1251.5,APXMIDP
2025-06-11T04:00:00Z,APXMIDP,2025-06-11,11,76.89,1108.0,APXMIDP
2025-06-11T03:30:00Z,APXMIDP,2025-06-11,10,77.31,1635.2,APXMIDP
2025-06-11T03:00:00Z,APXMIDP,2025-06-11,9,73.04,1499.35,APXMIDP
2025-06-11T02:30:00Z,APXMIDP,2025-06-11,8,73.48,1338.1,APXMIDP
2025-06-11T02:00:00Z,APXMIDP,2025-06-11,7,72.81,1307.3,APXMIDP
2025-06-11T01:30:00Z,APXMIDP,2025-06-11,6,76.38,1674.55,APXMIDP
2025-06-11T01:00:00Z,APXMIDP,2025-06-11,5,75.47,1344.6,APXMIDP
2025-06-11T00:30:00Z,APXMIDP,2025-06-11,4,68.29,1155.65,APXMIDP
2025-06-11T00:00:00Z,APXMIDP,2025-06-11,3,75.65,1192.75,APXMIDP
2025-06-10T23:30:00Z,APXMIDP,2025-06-11,2,72.9,1138.25,APXMIDP
2025-06-10T23:00:00Z,APXMIDP,2025-06-11,1,71.9,1142.15,APXMIDP
2025-06-10T22:30:00Z,APXMIDP,2025-06-10,48,79.19,1357.35,APXMIDP
2025-06-10T22:00:00Z,APXMIDP,2025-06-10,47,84.12,1332.3,APXMIDP
2025-06-10T21:30:00Z,APXMIDP,2025-06-10,46,88.68,1660.5,APXMIDP
2025-06-10T21:00:00Z,APXMIDP,2025-06-10,45,99.13,1700.2,APXMIDP
2025-06-10T20:30:00Z,APXMIDP,2025-06-10,44,94.27,1120.75,APXMIDP
2025-06-10T20:00:00Z,APXMIDP,2025-06-10,43,96.67,693.0,APXMIDP
2025-06-10T19:30:00Z,APXMIDP,2025-06-10,42,99.16,1106.4,APXMIDP
2025-06-10T19:00:00Z,APXMIDP,2025-06-10,41,99.11,1281.85,APXMIDP
2025-06-10T18:30:00Z,APXMIDP,2025-06-10,40,97.74,1453.0,APXMIDP
2025-06-10T18:00:00Z,APXMIDP,2025-06-10,39,97.4,1571.45,APXMIDP
2025-06-10T17:30:00Z,APXMIDP,2025-06-10,38,87.52,2260.9,APXMIDP
2025-06-10T17:00:00Z,APXMIDP,2025-06-10,37,81.12,3263.85,APXMIDP
2025-06-10T16:30:00Z,APXMIDP,2025-06-10,36,74.24,3747.85,APXMIDP
2025-06-10T16:00:00Z,APXMIDP,2025-06-10,35,72.92,3636.25,APXMIDP
2025-06-10T15:30:00Z,APXMIDP,2025-06-10,34,69.87,4719.8,APXMIDP
2025-06-10T15:00:00Z,APXMIDP,2025-06-10,33,64.8,4657.45,APXMIDP
2025-06-10T14:30:00Z,APXMIDP,2025-06-10,32,62.66,4445.5,APXMIDP
2025-06-10T14:00:00Z,APXMIDP,2025-06-10,31,62.4,4379.55,APXMIDP
2025-06-10T13:30:00Z,APXMIDP,2025-06-10,30,60.09,4787.5,APXMIDP
2025-06-10T13:00:00Z,APXMIDP,2025-06-10,29,62.47,4786.5,APXMIDP
2025-06-10T12:30:00Z,APXMIDP,2025-06-10,28,53.53,4888.25,APXMIDP
2025-06-10T12:00:00Z,APXMIDP,2025-06-10,27,39.33,5097.65,APXMIDP
2025-06-10T11:30:00Z,APXMIDP,2025-06-10,26,30.12,4895.7,APXMIDP
2025-06-10T11:00:00Z,APXMIDP,2025-06-10,25,25.0,4432.7,APXMIDP
2025-06-10T10:30:00Z,APXMIDP,2025-06-10,24,24.15,3872.1,APXMIDP
2025-06-10T10:00:00Z,APXMIDP,2025-06-10,23,24.35,3806.35,APXMIDP
2025-06-10T09:30:00Z,APXMIDP,2025-06-10,22,34.85,3969.2,APXMIDP
2025-06-10T09:00:00Z,APXMIDP,2025-06-10,21,40.77,3863.7,APXMIDP
2025-06-10T08:30:00Z,APXMIDP,2025-06-10,20,44.57,3979.0,APXMIDP
2025-06-10T08:00:00Z,APXMIDP,2025-06-10,19,56.35,3892.7,APXMIDP
2025-06-10T07:30:00Z,APXMIDP,2025-06-10,18,64.78,3606.65,APXMIDP
2025-06-10T07:00:00Z,APXMIDP,2025-06-10,17,59.4,3440.25,APXMIDP
2025-06-10T06:30:00Z,APXMIDP,2025-06-10,16,60.73,3215.6,APXMIDP
2025-06-10T06:00:00Z,APXMIDP,2025-06-10,15,46.95,3295.15,APXMIDP
2025-06-10T05:30:00Z,APXMIDP,2025-06-10,14,47.67,3546.0,APXMIDP
2025-06-10T05:00:00Z,APXMIDP,2025-06-10,13,28.67,3098.7,APXMIDP
2025-06-10T04:30:00Z,APXMIDP,2025-06-10,12,24.92,3568.65,APXMIDP
2025-06-10T04:00:00Z,APXMIDP,2025-06-10,11,20.34,3351.95,APXMIDP
2025-06-10T03:30:00Z,APXMIDP,2025-06-10,10,17.94,3009.9,APXMIDP
2025-06-10T03:00:00Z,APXMIDP,2025-06-10,9,19.75,2739.45,APXMIDP
2025-06-10T02:30:00Z,APXMIDP,2025-06-10,8,24.83,3079.8,APXMIDP
2025-06-10T02:00:00Z,APXMIDP,2025-06-10,7,31.1,2368.55,APXMIDP
2025-06-10T01:30:00Z,APXMIDP,2025-06-10,6,34.22,3171.4,APXMIDP
2025-06-10T01:00:00Z,APXMIDP,2025-06-10,5,35.84,3144.55,APXMIDP
2025-06-10T00:30:00Z,APXMIDP,2025-06-10,4,36.36,3585.05,APXMIDP
2025-06-10T00:00:00Z,APXMIDP,2025-06-10,3,36.77,3345.25,APXMIDP
2025-06-09T23:30:00Z,APXMIDP,2025-06-10,2,36.92,3816.15,APXMIDP
2025-06-09T23:00:00Z,APXMIDP,2025-06-10,1,39.22,3135.6,APXMIDP
2025-06-09T22:30:00Z,APXMIDP,2025-06-09,48,42.03,3343.6,APXMIDP
2025-06-09T22:00:00Z,APXMIDP,2025-06-09,47,53.67,2872.35,APXMIDP
2025-06-09T21:30:00Z,APXMIDP,2025-06-09,46,83.19,5047.1,APXMIDP
2025-06-09T21:00:00Z,APXMIDP,2025-06-09,45,83.11,4414.35,APXMIDP
2025-06-09T20:30:00Z,APXMIDP,2025-06-09,44,89.65,5027.95,APXMIDP
2025-06-09T20:00:00Z,APXMIDP,2025-06-09,43,90.84,4963.05,APXMIDP
2025-06-09T19:30:00Z,APXMIDP,2025-06-09,42,93.05,4679.3,APXMIDP
2025-06-09T19:00:00Z,APXMIDP,2025-06-09,41,93.07,4345.2,APXMIDP
2025-06-09T18:30:00Z,APXMIDP,2025-06-09,40,92.63,4534.5,APXMIDP
2025-06-09T18:00:00Z,APXMIDP,2025-06-09,39,89.59,4496.4,APXMIDP
2025-06-09T17:30:00Z,APXMIDP,2025-06-09,38,77.12,4426.3,APXMIDP
2025-06-09T17:00:00Z,APXMIDP,2025-06-09,37,74.17,4523.45,APXMIDP
2025-06-09T16:30:00Z,APXMIDP,2025-06-09,36,65.68,4219.2,APXMIDP
2025-06-09T16:00:00Z,APXMIDP,2025-06-09,35,67.92,4313.9,APXMIDP
2025-06-09T15:30:00Z,APXMIDP,2025-06-09,34,64.33,4576.85,APXMIDP
2025-06-09T15:00:00Z,APXMIDP,2025-06-09,33,61.42,3881.05,APXMIDP
2025-06-09T14:30:00Z,APXMIDP,2025-06-09,32,67.0,3043.65,APXMIDP
2025-06-09T14:00:00Z,APXMIDP,2025-06-09,31,69.8,3594.6,APXMIDP
2025-06-09T13:30:00Z,APXMIDP,2025-06-09,30,72.3,3588.75,APXMIDP
2025-06-09T13:00:00Z,APXMIDP,2025-06-09,29,72.41,3467.95,APXMIDP
2025-06-09T12:30:00Z,APXMIDP,2025-06-09,28,75.14,3064.55,APXMIDP
2025-06-09T12:00:00Z,APXMIDP,2025-06-09,27,75.95,2988.15,APXMIDP
2025-06-09T11:30:00Z,APXMIDP,2025-06-09,26,88.63,2606.4,APXMIDP
2025-06-09T11:00:00Z,APXMIDP,2025-06-09,25,94.97,2301.9,APXMIDP
2025-06-09T10:30:00Z,APXMIDP,2025-06-09,24,93.12,2210.7,APXMIDP
2025-06-09T10:00:00Z,APXMIDP,2025-06-09,23,91.25,1804.35,APXMIDP
2025-06-09T09:30:00Z,APXMIDP,2025-06-09,22,102.02,2146.3,APXMIDP
2025-06-09T09:00:00Z,APXMIDP,2025-06-09,21,102.62,1785.55,APXMIDP
2025-06-09T08:30:00Z,APXMIDP,2025-06-09,20,103.23,1855.7,APXMIDP
2025-06-09T08:00:00Z,APXMIDP,2025-06-09,19,105.02,1900.25,APXMIDP
2025-06-09T07:30:00Z,APXMIDP,2025-06-09,18,105.44,1993.15,APXMIDP
2025-06-09T07:00:00Z,APXMIDP,2025-06-09,17,104.59,1691.7,APXMIDP
2025-06-09T06:30:00Z,APXMIDP,2025-06-09,16,101.97,1630.1,APXMIDP
2025-06-09T06:00:00Z,APXMIDP,2025-06-09,15,99.61,1738.55,APXMIDP
2025-06-09T05:30:00Z,APXMIDP,2025-06-09,14,89.17,1857.2,APXMIDP
2025-06-09T05:00:00Z,APXMIDP,2025-06-09,13,89.98,1288.55,APXMIDP
2025-06-09T04:30:00Z,APXMIDP,2025-06-09,12,77.72,1821.3,APXMIDP
2025-06-09T04:00:00Z,APXMIDP,2025-06-09,11,76.05,1897.15,APXMIDP
2025-06-09T03:30:00Z,APXMIDP,2025-06-09,10,70.75,1500.3,APXMIDP
2025-06-09T03:00:00Z,APXMIDP,2025-06-09,9,70.85,1476.25,APXMIDP
2025-06-09T02:30:00Z,APXMIDP,2025-06-09,8,66.38,1541.6,APXMIDP
2025-06-09T02:00:00Z,APXMIDP,2025-06-09,7,64.28,1566.65,APXMIDP
2025-06-09T01:30:00Z,APXMIDP,2025-06-09,6,63.09,1681.6,APXMIDP
2025-06-09T01:00:00Z,APXMIDP,2025-06-09,5,64.18,1598.2,APXMIDP
2025-06-09T00:30:00Z,APXMIDP,2025-06-09,4,64.17,1602.8,APXMIDP
2025-06-09T00:00:00Z,APXMIDP,2025-06-09,3,64.2,1548.6,APXMIDP
2025-06-08T23:30:00Z,APXMIDP,2025-06-09,2,65.74,1734.15,APXMIDP
2025-06-08T23:00:00Z,APXMIDP,2025-06-09,1,78.3,1585.45,APXMIDP
2025-06-08T22:30:00Z,APXMIDP,2025-06-08,48,81.19,1339.55,APXMIDP
2025-06-08T22:00:00Z,APXMIDP,2025-06-08,47,83.3,1732.7,APXMIDP
2025-06-08T21:30:00Z,APXMIDP,2025-06-08,46,80.72,2990.85,APXMIDP
2025-06-08T21:00:00Z,APXMIDP,2025-06-08,45,82.28,2941.55,APXMIDP
2025-06-08T20:30:00Z,APXMIDP,2025-06-08,44,86.76,3155.35,APXMIDP
2025-06-08T20:00:00Z,APXMIDP,2025-06-08,43,86.25,3334.0,APXMIDP
2025-06-08T19:30:00Z,APXMIDP,2025-06-08,42,81.6,2800.25,APXMIDP
2025-06-08T19:00:00Z,APXMIDP,2025-06-08,41,84.19,2771.35,APXMIDP
2025-06-08T18:30:00Z,APXMIDP,2025-06-08,40,88.68,2576.25,APXMIDP
2025-06-08T18:00:00Z,APXMIDP,2025-06-08,39,82.51,2610.6,APXMIDP
2025-06-08T17:30:00Z,APXMIDP,2025-06-08,38,87.23,2720.95,APXMIDP
2025-06-08T17:00:00Z,APXMIDP,2025-06-08,37,78.33,2542.3,APXMIDP
2025-06-08T16:30:00Z,APXMIDP,2025-06-08,36,82.45,2670.4,APXMIDP
2025-06-08T16:00:00Z,APXMIDP,2025-06-08,35,85.64,2568.55,APXMIDP
2025-06-08T15:30:00Z,APXMIDP,2025-06-08,34,85.87,3142.4,APXMIDP
2025-06-08T15:00:00Z,APXMIDP,2025-06-08,33,87.09,2762.85,APXMIDP
2025-06-08T14:30:00Z,APXMIDP,2025-06-08,32,94.67,2866.25,APXMIDP
2025-06-08T14:00:00Z,APXMIDP,2025-06-08,31,89.0,2827.95,APXMIDP
2025-06-08T13:30:00Z,APXMIDP,2025-06-08,30,53.63,3014.5,APXMIDP
2025-06-08T13:00:00Z,APXMIDP,2025-06-08,29,46.95,3391.45,APXMIDP
2025-06-08T12:30:00Z,APXMIDP,2025-06-08,28,36.43,3457.15,APXMIDP
2025-06-08T12:00:00Z,APXMIDP,2025-06-08,27,10.7,3820.15,APXMIDP
2025-06-08T11:30:00Z,APXMIDP,2025-06-08,26,-0.27,2849.45,APXMIDP
2025-06-08T11:00:00Z,APXMIDP,2025-06-08,25,-8.25,2998.5,APXMIDP
2025-06-08T10:30:00Z,APXMIDP,2025-06-08,24,-6.0,3127.0,APXMIDP
2025-06-08T10:00:00Z,APXMIDP,2025-06-08,23,-13.89,2715.9,APXMIDP
2025-06-08T09:30:00Z,APXMIDP,2025-06-08,22,-10.39,2738.8,APXMIDP
2025-06-08T09:00:00Z,APXMIDP,2025-06-08,21,-11.9,2390.75,APXMIDP
2025-06-08T08:30:00Z,APXMIDP,2025-06-08,20,-10.9,1823.9,APXMIDP
2025-06-08T08:00:00Z,APXMIDP,2025-06-08,19,-11.75,1749.3,APXMIDP
2025-06-08T07:30:00Z,APXMIDP,2025-06-08,18,-1.17,1762.85,APXMIDP
2025-06-08T07:00:00Z,APXMIDP,2025-06-08,17,-4.79,2073.3,APXMIDP
2025-06-08T06:30:00Z,APXMIDP,2025-06-08,16,-8.59,2159.85,APXMIDP
2025-06-08T06:00:00Z,APXMIDP,2025-06-08,15,-13.65,1570.8,APXMIDP
2025-06-08T05:30:00Z,APXMIDP,2025-06-08,14,-9.38,1784.75,APXMIDP
2025-06-08T05:00:00Z,APXMIDP,2025-06-08,13,-7.17,1564.25,APXMIDP
2025-06-08T04:30:00Z,APXMIDP,2025-06-08,12,-2.42,1811.5,APXMIDP
2025-06-08T04:00:00Z,APXMIDP,2025-06-08,11,-2.03,1763.4,APXMIDP
2025-06-08T03:30:00Z,APXMIDP,2025-06-08,10,-2.37,1756.2,APXMIDP
2025-06-08T03:00:00Z,APXMIDP,2025-06-08,9,1.33,1804.2,APXMIDP
2025-06-08T02:30:00Z,APXMIDP,2025-06-08,8,5.98,1670.75,APXMIDP
2025-06-08T02:00:00Z,APXMIDP,2025-06-08,7,11.55,1777.65,APXMIDP
2025-06-08T01:30:00Z,APXMIDP,2025-06-08,6,20.9,2168.05,APXMIDP
2025-06-08T01:00:00Z,APXMIDP,2025-06-08,5,34.87,2295.35,APXMIDP
2025-06-08T00:30:00Z,APXMIDP,2025-06-08,4,44.76,2048.35,APXMIDP
2025-06-08T00:00:00Z,APXMIDP,2025-06-08,3,65.47,1884.45,APXMIDP
2025-06-07T23:30:00Z,APXMIDP,2025-06-08,2,75.45,1536.65,APXMIDP
2025-06-07T23:00:00Z,APXMIDP,2025-06-08,1,80.64,1779.25,APXMIDP
2025-06-07T22:30:00Z,APXMIDP,2025-06-07,48,90.19,1577.6,APXMIDP
2025-06-07T22:00:00Z,APXMIDP,2025-06-07,47,94.97,1430.15,APXMIDP
2025-06-07T21:30:00Z,APXMIDP,2025-06-07,46,92.94,2840.45,APXMIDP
2025-06-07T21:00:00Z,APXMIDP,2025-06-07,45,102.36,2761.5,APXMIDP
2025-06-07T20:30:00Z,APXMIDP,2025-06-07,44,101.42,2935.25,APXMIDP
2025-06-07T20:00:00Z,APXMIDP,2025-06-07,43,103.21,3029.65,APXMIDP
2025-06-07T19:30:00Z,APXMIDP,2025-06-07,42,111.38,4063.55,APXMIDP
2025-06-07T19:00:00Z,APXMIDP,2025-06-07,41,110.62,4242.65,APXMIDP
2025-06-07T18:30:00Z,APXMIDP,2025-06-07,40,112.65,4261.6,APXMIDP
2025-06-07T18:00:00Z,APXMIDP,2025-06-07,39,113.1,4507.5,APXMIDP
2025-06-07T17:30:00Z,APXMIDP,2025-06-07,38,100.14,2805.35,APXMIDP
2025-06-07T17:00:00Z,APXMIDP,2025-06-07,37,100.16,2735.7,APXMIDP
2025-06-07T16:30:00Z,APXMIDP,2025-06-07,36,101.02,2545.15,APXMIDP
2025-06-07T16:00:00Z,APXMIDP,2025-06-07,35,100.66,2631.5,APXMIDP
2025-06-07T15:30:00Z,APXMIDP,2025-06-07,34,92.64,2855.6,APXMIDP
2025-06-07T15:00:00Z,APXMIDP,2025-06-07,33,90.83,2903.65,APXMIDP
2025-06-07T14:30:00Z,APXMIDP,2025-06-07,32,84.84,2609.45,APXMIDP
2025-06-07T14:00:00Z,APXMIDP,2025-06-07,31,78.68,3116.7,APXMIDP
2025-06-07T13:30:00Z,APXMIDP,2025-06-07,30,79.96,3045.8,APXMIDP
2025-06-07T13:00:00Z,APXMIDP,2025-06-07,29,80.74,3294.8,APXMIDP
2025-06-07T12:30:00Z,APXMIDP,2025-06-07,28,79.68,3426.55,APXMIDP
2025-06-07T12:00:00Z,APXMIDP,2025-06-07,27,78.94,3247.2,APXMIDP
2025-06-07T11:30:00Z,APXMIDP,2025-06-07,26,84.31,2531.7,APXMIDP
2025-06-07T11:00:00Z,APXMIDP,2025-06-07,25,90.17,2459.8,APXMIDP
2025-06-07T10:30:00Z,APXMIDP,2025-06-07,24,90.08,2519.9,APXMIDP
2025-06-07T10:00:00Z,APXMIDP,2025-06-07,23,90.9,2257.65,APXMIDP
2025-06-07T09:30:00Z,APXMIDP,2025-06-07,22,96.76,3146.9,APXMIDP
2025-06-07T09:00:00Z,APXMIDP,2025-06-07,21,96.31,3022.3,APXMIDP
2025-06-07T08:30:00Z,APXMIDP,2025-06-07,20,104.56,2778.2,APXMIDP
2025-06-07T08:00:00Z,APXMIDP,2025-06-07,19,109.2,2457.1,APXMIDP
2025-06-07T07:30:00Z,APXMIDP,2025-06-07,18,114.63,2670.85,APXMIDP
2025-06-07T07:00:00Z,APXMIDP,2025-06-07,17,114.15,2441.35,APXMIDP
2025-06-07T06:30:00Z,APXMIDP,2025-06-07,16,115.13,2512.45,APXMIDP
2025-06-07T06:00:00Z,APXMIDP,2025-06-07,15,112.22,2632.6,APXMIDP
2025-06-07T05:30:00Z,APXMIDP,2025-06-07,14,114.63,2263.0,APXMIDP
2025-06-07T05:00:00Z,APXMIDP,2025-06-07,13,114.36,1872.85,APXMIDP
2025-06-07T04:30:00Z,APXMIDP,2025-06-07,12,110.59,1733.45,APXMIDP
2025-06-07T04:00:00Z,APXMIDP,2025-06-07,11,108.08,1729.45,APXMIDP
2025-06-07T03:30:00Z,APXMIDP,2025-06-07,10,98.09,1926.85,APXMIDP
2025-06-07T03:00:00Z,APXMIDP,2025-06-07,9,96.95,1807.6,APXMIDP
2025-06-07T02:30:00Z,APXMIDP,2025-06-07,8,94.72,1672.45,APXMIDP
2025-06-07T02:00:00Z,APXMIDP,2025-06-07,7,95.32,1713.25,APXMIDP
2025-06-07T01:30:00Z,APXMIDP,2025-06-07,6,96.02,1739.75,APXMIDP
2025-06-07T01:00:00Z,APXMIDP,2025-06-07,5,103.08,1627.15,APXMIDP
2025-06-07T00:30:00Z,APXMIDP,2025-06-07,4,99.26,1859.45,APXMIDP
2025-06-07T00:00:00Z,APXMIDP,2025-06-07,3,95.84,1568.45,APXMIDP
2025-06-06T23:30:00Z,APXMIDP,2025-06-07,2,91.89,1323.8,APXMIDP
2025-06-06T23:00:00Z,APXMIDP,2025-06-07,1,88.04,1329.55,APXMIDP
2025-06-06T22:30:00Z,APXMIDP,2025-06-06,48,95.63,1841.05,APXMIDP
2025-06-06T22:00:00Z,APXMIDP,2025-06-06,47,86.74,1765.15,APXMIDP
2025-06-06T21:30:00Z,APXMIDP,2025-06-06,46,94.27,2825.55,APXMIDP
2025-06-06T21:00:00Z,APXMIDP,2025-06-06,45,101.64,3191.7,APXMIDP
2025-06-06T20:30:00Z,APXMIDP,2025-06-06,44,109.49,3490.2,APXMIDP
2025-06-06T20:00:00Z,APXMIDP,2025-06-06,43,111.67,3296.0,APXMIDP
2025-06-06T19:30:00Z,APXMIDP,2025-06-06,42,120.78,3765.7,APXMIDP
2025-06-06T19:00:00Z,APXMIDP,2025-06-06,41,119.62,3762.3,APXMIDP
2025-06-06T18:30:00Z,APXMIDP,2025-06-06,40,120.16,4134.8,APXMIDP
2025-06-06T18:00:00Z,APXMIDP,2025-06-06,39,118.19,4168.45,APXMIDP
2025-06-06T17:30:00Z,APXMIDP,2025-06-06,38,104.3,4126.55,APXMIDP
2025-06-06T17:00:00Z,APXMIDP,2025-06-06,37,101.38,3912.85,APXMIDP
2025-06-06T16:30:00Z,APXMIDP,2025-06-06,36,93.51,3577.45,APXMIDP
2025-06-06T16:00:00Z,APXMIDP,2025-06-06,35,88.01,3767.0,APXMIDP
2025-06-06T15:30:00Z,APXMIDP,2025-06-06,34,88.53,3727.8,APXMIDP
2025-06-06T15:00:00Z,APXMIDP,2025-06-06,33,78.11,3974.55,APXMIDP
2025-06-06T14:30:00Z,APXMIDP,2025-06-06,32,77.17,4310.6,APXMIDP
2025-06-06T14:00:00Z,APXMIDP,2025-06-06,31,75.81,3685.7,APXMIDP
2025-06-06T13:30:00Z,APXMIDP,2025-06-06,30,73.18,5225.45,APXMIDP
2025-06-06T13:00:00Z,APXMIDP,2025-06-06,29,78.93,4926.6,APXMIDP
2025-06-06T12:30:00Z,APXMIDP,2025-06-06,28,78.67,5095.05,APXMIDP
2025-06-06T12:00:00Z,APXMIDP,2025-06-06,27,75.3,4671.5,APXMIDP
2025-06-06T11:30:00Z,APXMIDP,2025-06-06,26,82.01,3822.2,APXMIDP
2025-06-06T11:00:00Z,APXMIDP,2025-06-06,25,87.44,3841.5,APXMIDP
2025-06-06T10:30:00Z,APXMIDP,2025-06-06,24,91.63,3837.45,APXMIDP
2025-06-06T10:00:00Z,APXMIDP,2025-06-06,23,95.98,4008.05,APXMIDP
2025-06-06T09:30:00Z,APXMIDP,2025-06-06,22,101.94,3806.7,APXMIDP
2025-06-06T09:00:00Z,APXMIDP,2025-06-06,21,109.56,3332.75,APXMIDP
2025-06-06T08:30:00Z,APXMIDP,2025-06-06,20,114.02,3110.25,APXMIDP
2025-06-06T08:00:00Z,APXMIDP,2025-06-06,19,116.09,2654.25,APXMIDP
2025-06-06T07:30:00Z,APXMIDP,2025-06-06,18,116.5,2699.5,APXMIDP
2025-06-06T07:00:00Z,APXMIDP,2025-06-06,17,116.71,2890.45,APXMIDP
2025-06-06T06:30:00Z,APXMIDP,2025-06-06,16,116.14,3195.25,APXMIDP
2025-06-06T06:00:00Z,APXMIDP,2025-06-06,15,111.61,2845.8,APXMIDP
2025-06-06T05:30:00Z,APXMIDP,2025-06-06,14,80.48,2655.85,APXMIDP
2025-06-06T05:00:00Z,APXMIDP,2025-06-06,13,43.03,2737.8,APXMIDP
2025-06-06T04:30:00Z,APXMIDP,2025-06-06,12,34.21,2631.5,APXMIDP
2025-06-06T04:00:00Z,APXMIDP,2025-06-06,11,40.16,2545.85,APXMIDP
2025-06-06T03:30:00Z,APXMIDP,2025-06-06,10,44.93,2964.05,APXMIDP
2025-06-06T03:00:00Z,APXMIDP,2025-06-06,9,46.95,2591.0,APXMIDP
2025-06-06T02:30:00Z,APXMIDP,2025-06-06,8,51.85,2318.95,APXMIDP
2025-06-06T02:00:00Z,APXMIDP,2025-06-06,7,52.83,2273.5,APXMIDP
2025-06-06T01:30:00Z,APXMIDP,2025-06-06,6,58.32,2049.8,APXMIDP
2025-06-06T01:00:00Z,APXMIDP,2025-06-06,5,68.65,1932.0,APXMIDP
2025-06-06T00:30:00Z,APXMIDP,2025-06-06,4,81.56,1520.8,APXMIDP
2025-06-06T00:00:00Z,APXMIDP,2025-06-06,3,81.93,1424.8,APXMIDP
2025-06-05T23:30:00Z,APXMIDP,2025-06-06,2,91.12,2317.05,APXMIDP
2025-06-05T23:00:00Z,APXMIDP,2025-06-06,1,91.55,2834.05,APXMIDP
2025-06-05T22:30:00Z,APXMIDP,2025-06-05,48,88.19,2366.7,APXMIDP
2025-06-05T22:00:00Z,APXMIDP,2025-06-05,47,92.46,2246.0,APXMIDP
2025-06-05T21:30:00Z,APXMIDP,2025-06-05,46,88.17,2483.45,APXMIDP
2025-06-05T21:00:00Z,APXMIDP,2025-06-05,45,88.8,2825.45,APXMIDP
2025-06-05T20:30:00Z,APXMIDP,2025-06-05,44,88.93,2999.4,APXMIDP
2025-06-05T20:00:00Z,APXMIDP,2025-06-05,43,96.66,3132.55,APXMIDP
2025-06-05T19:30:00Z,APXMIDP,2025-06-05,42,115.08,3797.5,APXMIDP
2025-06-05T19:00:00Z,APXMIDP,2025-06-05,41,113.82,3811.55,APXMIDP
2025-06-05T18:30:00Z,APXMIDP,2025-06-05,40,120.39,4569.0,APXMIDP
2025-06-05T18:00:00Z,APXMIDP,2025-06-05,39,119.59,4819.65,APXMIDP
2025-06-05T17:30:00Z,APXMIDP,2025-06-05,38,122.48,4545.15,APXMIDP
2025-06-05T17:00:00Z,APXMIDP,2025-06-05,37,121.3,4014.65,APXMIDP
2025-06-05T16:30:00Z,APXMIDP,2025-06-05,36,105.98,4492.2,APXMIDP
2025-06-05T16:00:00Z,APXMIDP,2025-06-05,35,108.1,3535.9,APXMIDP
2025-06-05T15:30:00Z,APXMIDP,2025-06-05,34,96.05,4285.55,APXMIDP
2025-06-05T15:00:00Z,APXMIDP,2025-06-05,33,90.46,3523.65,APXMIDP
2025-06-05T14:30:00Z,APXMIDP,2025-06-05,32,91.12,3267.75,APXMIDP
2025-06-05T14:00:00Z,APXMIDP,2025-06-05,31,88.4,3005.4,APXMIDP
2025-06-05T13:30:00Z,APXMIDP,2025-06-05,30,84.14,4075.5,APXMIDP
2025-06-05T13:00:00Z,APXMIDP,2025-06-05,29,83.04,4242.8,APXMIDP
2025-06-05T12:30:00Z,APXMIDP,2025-06-05,28,73.57,3662.45,APXMIDP
2025-06-05T12:00:00Z,APXMIDP,2025-06-05,27,80.86,3259.45,APXMIDP
2025-06-05T11:30:00Z,APXMIDP,2025-06-05,26,88.03,2545.35,APXMIDP
2025-06-05T11:00:00Z,APXMIDP,2025-06-05,25,89.39,2604.75,APXMIDP
2025-06-05T10:30:00Z,APXMIDP,2025-06-05,24,89.1,2803.35,APXMIDP
2025-06-05T10:00:00Z,APXMIDP,2025-06-05,23,89.64,3092.3,APXMIDP
2025-06-05T09:30:00Z,APXMIDP,2025-06-05,22,90.56,3228.0,APXMIDP
2025-06-05T09:00:00Z,APXMIDP,2025-06-05,21,92.11,2995.25,APXMIDP
2025-06-05T08:30:00Z,APXMIDP,2025-06-05,20,89.2,2936.2,APXMIDP
2025-06-05T08:00:00Z,APXMIDP,2025-06-05,19,88.46,3230.0,APXMIDP
2025-06-05T07:30:00Z,APXMIDP,2025-06-05,18,90.26,2724.4,APXMIDP
2025-06-05T07:00:00Z,APXMIDP,2025-06-05,17,88.72,2945.4,APXMIDP
2025-06-05T06:30:00Z,APXMIDP,2025-06-05,16,82.48,3278.6,APXMIDP
2025-06-05T06:00:00Z,APXMIDP,2025-06-05,15,73.36,3356.6,APXMIDP
2025-06-05T05:30:00Z,APXMIDP,2025-06-05,14,81.13,2756.95,APXMIDP
2025-06-05T05:00:00Z,APXMIDP,2025-06-05,13,68.8,2218.85,APXMIDP
2025-06-05T04:30:00Z,APXMIDP,2025-06-05,12,65.28,2291.7,APXMIDP
2025-06-05T04:00:00Z,APXMIDP,2025-06-05,11,59.5,2456.25,APXMIDP
2025-06-05T03:30:00Z,APXMIDP,2025-06-05,10,59.0,2092.4,APXMIDP
2025-06-05T03:00:00Z,APXMIDP,2025-06-05,9,57.52,1993.6,APXMIDP
2025-06-05T02:30:00Z,APXMIDP,2025-06-05,8,55.18,2147.15,APXMIDP
2025-06-05T02:00:00Z,APXMIDP,2025-06-05,7,51.75,2172.45,APXMIDP
2025-06-05T01:30:00Z,APXMIDP,2025-06-05,6,54.98,1826.45,APXMIDP
2025-06-05T01:00:00Z,APXMIDP,2025-06-05,5,55.43,1484.55,APXMIDP
2025-06-05T00:30:00Z,APXMIDP,2025-06-05,4,57.24,928.9,APXMIDP
2025-06-05T00:00:00Z,APXMIDP,2025-06-05,3,58.85,700.95,APXMIDP
2025-06-04T23:30:00Z,APXMIDP,2025-06-05,2,68.31,167.1,APXMIDP
2025-06-04T23:00:00Z,APXMIDP,2025-06-05,1,67.25,163.75,APXMIDP
2025-06-04T22:30:00Z,APXMIDP,2025-06-04,48,68.88,111.75,APXMIDP
2025-06-04T22:00:00Z,APXMIDP,2025-06-04,47,70.69,146.25,APXMIDP
2025-06-04T21:30:00Z,APXMIDP,2025-06-04,46,75.93,1862.7,APXMIDP
2025-06-04T21:00:00Z,APXMIDP,2025-06-04,45,76.3,2090.75,APXMIDP
2025-06-04T20:30:00Z,APXMIDP,2025-06-04,44,80.65,2070.6,APXMIDP
2025-06-04T20:00:00Z,APXMIDP,2025-06-04,43,84.38,2220.85,APXMIDP
2025-06-04T19:30:00Z,APXMIDP,2025-06-04,42,89.96,2308.0,APXMIDP
2025-06-04T19:00:00Z,APXMIDP,2025-06-04,41,92.32,2503.55,APXMIDP
2025-06-04T18:30:00Z,APXMIDP,2025-06-04,40,91.7,2670.4,APXMIDP
2025-06-04T18:00:00Z,APXMIDP,2025-06-04,39,92.43,2563.7,APXMIDP
2025-06-04T17:30:00Z,APXMIDP,2025-06-04,38,74.77,3335.55,APXMIDP
2025-06-04T17:00:00Z,APXMIDP,2025-06-04,37,70.97,2990.55,APXMIDP
2025-06-04T16:30:00Z,APXMIDP,2025-06-04,36,70.98,2745.2,APXMIDP
2025-06-04T16:00:00Z,APXMIDP,2025-06-04,35,66.37,3158.5,APXMIDP
2025-06-04T15:30:00Z,APXMIDP,2025-06-04,34,57.77,3263.85,APXMIDP
2025-06-04T15:00:00Z,APXMIDP,2025-06-04,33,38.31,3726.35,APXMIDP
2025-06-04T14:30:00Z,APXMIDP,2025-06-04,32,17.29,3434.3,APXMIDP
2025-06-04T14:00:00Z,APXMIDP,2025-06-04,31,10.76,3137.85,APXMIDP
2025-06-04T13:30:00Z,APXMIDP,2025-06-04,30,4.55,3889.85,APXMIDP
2025-06-04T13:00:00Z,APXMIDP,2025-06-04,29,6.09,3297.7,APXMIDP
2025-06-04T12:30:00Z,APXMIDP,2025-06-04,28,0.19,2961.2,APXMIDP
2025-06-04T12:00:00Z,APXMIDP,2025-06-04,27,2.09,2871.15,APXMIDP
2025-06-04T11:30:00Z,APXMIDP,2025-06-04,26,3.41,2563.2,APXMIDP
2025-06-04T11:00:00Z,APXMIDP,2025-06-04,25,6.04,2453.1,APXMIDP
2025-06-18T11:30:00Z,APXMIDP,2025-06-18,26,80.66,3878.35,APXMIDP
2025-06-18T11:00:00Z,APXMIDP,2025-06-18,25,83.21,3318.1,APXMIDP
2025-06-18T10:30:00Z,APXMIDP,2025-06-18,24,87.15,3336.55,APXMIDP
2025-06-18T10:00:00Z,APXMIDP,2025-06-18,23,90.85,3485.2,APXMIDP
2025-06-18T09:30:00Z,APXMIDP,2025-06-18,22,98.28,4191.45,APXMIDP
2025-06-18T09:00:00Z,APXMIDP,2025-06-18,21,102.68,3372.8,APXMIDP
2025-06-18T08:30:00Z,APXMIDP,2025-06-18,20,100.14,3391.25,APXMIDP
2025-06-18T08:00:00Z,APXMIDP,2025-06-18,19,108.23,2985.8,APXMIDP
2025-06-18T07:30:00Z,APXMIDP,2025-06-18,18,109.74,2256.95,APXMIDP
2025-06-18T07:00:00Z,APXMIDP,2025-06-18,17,109.21,2314.45,APXMIDP
2025-06-18T06:30:00Z,APXMIDP,2025-06-18,16,108.75,2323.6,APXMIDP
2025-06-18T06:00:00Z,APXMIDP,2025-06-18,15,108.74,2375.25,APXMIDP
2025-06-18T05:30:00Z,APXMIDP,2025-06-18,14,107.22,1559.75,APXMIDP
2025-06-18T05:00:00Z,APXMIDP,2025-06-18,13,103.06,1619.75,APXMIDP
2025-06-18T04:30:00Z,APXMIDP,2025-06-18,12,107.98,1283.65,APXMIDP
2025-06-18T04:00:00Z,APXMIDP,2025-06-18,11,101.95,1166.4,APXMIDP
2025-06-18T03:30:00Z,APXMIDP,2025-06-18,10,92.7,1644.05,APXMIDP
2025-06-18T03:00:00Z,APXMIDP,2025-06-18,9,91.75,1483.8,APXMIDP
2025-06-18T02:30:00Z,APXMIDP,2025-06-18,8,93.02,1581.6,APXMIDP
2025-06-18T02:00:00Z,APXMIDP,2025-06-18,7,92.77,1454.7,APXMIDP
2025-06-18T01:30:00Z,APXMIDP,2025-06-18,6,92.09,1648.1,APXMIDP
2025-06-18T01:00:00Z,APXMIDP,2025-06-18,5,90.96,1755.6,APXMIDP
2025-06-18T00:30:00Z,APXMIDP,2025-06-18,4,90.67,1743.75,APXMIDP
2025-06-18T00:00:00Z,APXMIDP,2025-06-18,3,92.41,1602.7,APXMIDP
2025-06-17T23:30:00Z,APXMIDP,2025-06-18,2,98.2,1361.05,APXMIDP
2025-06-17T23:00:00Z,APXMIDP,2025-06-18,1,97.45,1443.6,APXMIDP
2025-06-17T22:30:00Z,APXMIDP,2025-06-17,48,100.25,1097.35,APXMIDP
2025-06-17T22:00:00Z,APXMIDP,2025-06-17,47,94.34,1342.9,APXMIDP
2025-06-17T21:30:00Z,APXMIDP,2025-06-17,46,96.24,2578.1,APXMIDP
2025-06-17T21:00:00Z,APXMIDP,2025-06-17,45,99.14,2085.85,APXMIDP
2025-06-17T20:30:00Z,APXMIDP,2025-06-17,44,108.99,2250.35,APXMIDP
2025-06-17T20:00:00Z,APXMIDP,2025-06-17,43,114.1,2301.4,APXMIDP
2025-06-17T19:30:00Z,APXMIDP,2025-06-17,42,122.03,2700.4,APXMIDP
2025-06-17T19:00:00Z,APXMIDP,2025-06-17,41,122.2,2622.4,APXMIDP
2025-06-17T18:30:00Z,APXMIDP,2025-06-17,40,121.54,2807.05,APXMIDP
2025-06-17T18:00:00Z,APXMIDP,2025-06-17,39,120.81,3064.75,APXMIDP
2025-06-17T17:30:00Z,APXMIDP,2025-06-17,38,99.27,3089.25,APXMIDP
2025-06-17T17:00:00Z,APXMIDP,2025-06-17,37,101.07,3213.5,APXMIDP
2025-06-17T16:30:00Z,APXMIDP,2025-06-17,36,96.42,3150.75,APXMIDP
2025-06-17T16:00:00Z,APXMIDP,2025-06-17,35,92.3,2667.6,APXMIDP
2025-06-17T15:30:00Z,APXMIDP,2025-06-17,34,55.41,3675.85,APXMIDP
2025-06-17T15:00:00Z,APXMIDP,2025-06-17,33,53.88,3668.4,APXMIDP
2025-06-17T14:30:00Z,APXMIDP,2025-06-17,32,50.0,3745.8,APXMIDP
2025-06-17T14:00:00Z,APXMIDP,2025-06-17,31,40.93,3369.65,APXMIDP
2025-06-17T13:30:00Z,APXMIDP,2025-06-17,30,37.1,3651.0,APXMIDP
2025-06-17T13:00:00Z,APXMIDP,2025-06-17,29,41.26,3578.55,APXMIDP
2025-06-17T12:30:00Z,APXMIDP,2025-06-17,28,46.64,3337.2,APXMIDP
2025-06-17T12:00:00Z,APXMIDP,2025-06-17,27,50.59,3202.75,APXMIDP
2025-06-17T11:30:00Z,APXMIDP,2025-06-17,26,57.81,3681.95,APXMIDP
2025-06-17T11:00:00Z,APXMIDP,2025-06-17,25,63.87,3769.7,APXMIDP
2025-06-17T10:30:00Z,APXMIDP,2025-06-17,24,60.63,3417.55,APXMIDP
2025-06-17T10:00:00Z,APXMIDP,2025-06-17,23,66.45,3472.95,APXMIDP
2025-06-17T09:30:00Z,APXMIDP,2025-06-17,22,73.89,4150.2,APXMIDP
2025-06-17T09:00:00Z,APXMIDP,2025-06-17,21,71.28,3766.5,APXMIDP
2025-06-17T08:30:00Z,APXMIDP,2025-06-17,20,66.0,3615.05,APXMIDP
2025-06-17T08:00:00Z,APXMIDP,2025-06-17,19,57.68,3108.45,APXMIDP
2025-06-17T07:30:00Z,APXMIDP,2025-06-17,18,64.39,2656.6,APXMIDP
2025-06-17T07:00:00Z,APXMIDP,2025-06-17,17,74.42,2557.85,APXMIDP
2025-06-17T06:30:00Z,APXMIDP,2025-06-17,16,75.95,2650.7,APXMIDP
2025-06-17T06:00:00Z,APXMIDP,2025-06-17,15,78.82,2273.85,APXMIDP
2025-06-17T05:30:00Z,APXMIDP,2025-06-17,14,87.01,2317.7,APXMIDP
2025-06-17T05:00:00Z,APXMIDP,2025-06-17,13,80.0,2359.8,APXMIDP
2025-06-17T04:30:00Z,APXMIDP,2025-06-17,12,66.85,2118.05,APXMIDP
2025-06-17T04:00:00Z,APXMIDP,2025-06-17,11,60.79,2431.9,APXMIDP
2025-06-17T03:30:00Z,APXMIDP,2025-06-17,10,58.05,2511.4,APXMIDP
2025-06-17T03:00:00Z,APXMIDP,2025-06-17,9,57.68,2568.65,APXMIDP
2025-06-17T02:30:00Z,APXMIDP,2025-06-17,8,54.92,2474.75,APXMIDP
2025-06-17T02:00:00Z,APXMIDP,2025-06-17,7,53.13,2440.9,APXMIDP
2025-06-17T01:30:00Z,APXMIDP,2025-06-17,6,54.96,2143.75,APXMIDP
2025-06-17T01:00:00Z,APXMIDP,2025-06-17,5,55.9,1988.05,APXMIDP
2025-06-17T00:30:00Z,APXMIDP,2025-06-17,4,57.44,1797.25,APXMIDP
2025-06-17T00:00:00Z,APXMIDP,2025-06-17,3,57.85,1704.95,APXMIDP
2025-06-16T23:30:00Z,APXMIDP,2025-06-17,2,62.89,2118.8,APXMIDP
2025-06-16T23:00:00Z,APXMIDP,2025-06-17,1,72.16,1766.75,APXMIDP
2025-06-16T22:30:00Z,APXMIDP,2025-06-16,48,67.38,2035.9,APXMIDP
2025-06-16T22:00:00Z,APXMIDP,2025-06-16,47,73.42,1790.75,APXMIDP
2025-06-16T21:30:00Z,APXMIDP,2025-06-16,46,90.12,3093.05,APXMIDP
2025-06-16T21:00:00Z,APXMIDP,2025-06-16,45,94.0,2797.5,APXMIDP
2025-06-16T20:30:00Z,APXMIDP,2025-06-16,44,96.8,2422.3,APXMIDP
2025-06-16T20:00:00Z,APXMIDP,2025-06-16,43,99.59,2623.55,APXMIDP
2025-06-16T19:30:00Z,APXMIDP,2025-06-16,42,99.8,3061.75,APXMIDP
2025-06-16T19:00:00Z,APXMIDP,2025-06-16,41,100.03,3131.55,APXMIDP
2025-06-16T18:30:00Z,APXMIDP,2025-06-16,40,105.89,3399.05,APXMIDP
2025-06-16T18:00:00Z,APXMIDP,2025-06-16,39,103.85,3380.2,APXMIDP
2025-06-16T17:30:00Z,APXMIDP,2025-06-16,38,87.14,4096.1,APXMIDP
2025-06-16T17:00:00Z,APXMIDP,2025-06-16,37,84.28,4005.55,APXMIDP
2025-06-16T16:30:00Z,APXMIDP,2025-06-16,36,67.29,3554.6,APXMIDP
2025-06-16T16:00:00Z,APXMIDP,2025-06-16,35,62.81,3024.5,APXMIDP
2025-06-16T15:30:00Z,APXMIDP,2025-06-16,34,49.82,3556.7,APXMIDP
2025-06-16T15:00:00Z,APXMIDP,2025-06-16,33,47.73,3719.5,APXMIDP
2025-06-16T14:30:00Z,APXMIDP,2025-06-16,32,41.69,3185.05,APXMIDP
2025-06-16T14:00:00Z,APXMIDP,2025-06-16,31,42.32,3740.4,APXMIDP
2025-06-16T13:30:00Z,APXMIDP,2025-06-16,30,55.06,3851.55,APXMIDP
2025-06-16T13:00:00Z,APXMIDP,2025-06-16,29,52.53,3392.7,APXMIDP
2025-06-16T12:30:00Z,APXMIDP,2025-06-16,28,57.35,2855.85,APXMIDP
2025-06-16T12:00:00Z,APXMIDP,2025-06-16,27,79.0,2667.8,APXMIDP
2025-06-16T11:30:00Z,APXMIDP,2025-06-16,26,87.15,2278.55,APXMIDP
2025-06-16T11:00:00Z,APXMIDP,2025-06-16,25,88.39,2105.55,APXMIDP
2025-06-16T10:30:00Z,APXMIDP,2025-06-16,24,94.16,2014.7,APXMIDP
2025-06-16T10:00:00Z,APXMIDP,2025-06-16,23,94.29,1738.9,APXMIDP
2025-06-16T09:30:00Z,APXMIDP,2025-06-16,22,95.31,1528.05,APXMIDP
2025-06-16T09:00:00Z,APXMIDP,2025-06-16,21,97.98,1661.05,APXMIDP
2025-06-16T08:30:00Z,APXMIDP,2025-06-16,20,100.04,1739.4,APXMIDP
2025-06-16T08:00:00Z,APXMIDP,2025-06-16,19,103.25,1456.85,APXMIDP
2025-06-16T07:30:00Z,APXMIDP,2025-06-16,18,105.94,1630.0,APXMIDP
2025-06-16T07:00:00Z,APXMIDP,2025-06-16,17,108.16,1611.15,APXMIDP
2025-06-16T06:30:00Z,APXMIDP,2025-06-16,16,107.06,1899.55,APXMIDP
2025-06-16T06:00:00Z,APXMIDP,2025-06-16,15,104.32,1793.1,APXMIDP
2025-06-16T05:30:00Z,APXMIDP,2025-06-16,14,100.47,1874.65,APXMIDP
2025-06-16T05:00:00Z,APXMIDP,2025-06-16,13,90.27,1899.5,APXMIDP
2025-06-16T04:30:00Z,APXMIDP,2025-06-16,12,92.28,1946.15,APXMIDP
2025-06-16T04:00:00Z,APXMIDP,2025-06-16,11,90.54,1416.7,APXMIDP
2025-06-16T03:30:00Z,APXMIDP,2025-06-16,10,78.46,2041.35,APXMIDP
2025-06-16T03:00:00Z,APXMIDP,2025-06-16,9,72.51,1777.35,APXMIDP
2025-06-16T02:30:00Z,APXMIDP,2025-06-16,8,69.03,1681.25,APXMIDP
2025-06-16T02:00:00Z,APXMIDP,2025-06-16,7,70.87,1703.6,APXMIDP
2025-06-16T01:30:00Z,APXMIDP,2025-06-16,6,67.48,1831.25,APXMIDP
2025-06-16T01:00:00Z,APXMIDP,2025-06-16,5,67.17,1971.0,APXMIDP
2025-06-16T00:30:00Z,APXMIDP,2025-06-16,4,63.59,1562.8,APXMIDP
2025-06-16T00:00:00Z,APXMIDP,2025-06-16,3,68.0,1319.05,APXMIDP
2025-06-15T23:30:00Z,APXMIDP,2025-06-16,2,73.04,1324.05,APXMIDP
2025-06-15T23:00:00Z,APXMIDP,2025-06-16,1,83.17,1467.95,APXMIDP
2025-06-15T22:30:00Z,APXMIDP,2025-06-15,48,85.08,1948.1,APXMIDP
2025-06-15T22:00:00Z,APXMIDP,2025-06-15,47,83.12,1720.9,APXMIDP
2025-06-15T21:30:00Z,APXMIDP,2025-06-15,46,82.31,2294.8,APXMIDP
2025-06-15T21:00:00Z,APXMIDP,2025-06-15,45,92.84,2186.65,APXMIDP
2025-06-15T20:30:00Z,APXMIDP,2025-06-15,44,97.14,2696.4,APXMIDP
2025-06-15T20:00:00Z,APXMIDP,2025-06-15,43,97.04,2771.9,APXMIDP
2025-06-15T19:30:00Z,APXMIDP,2025-06-15,42,99.99,2767.3,APXMIDP
2025-06-15T19:00:00Z,APXMIDP,2025-06-15,41,101.13,2363.45,APXMIDP
2025-06-15T18:30:00Z,APXMIDP,2025-06-15,40,102.99,2211.85,APXMIDP
2025-06-15T18:00:00Z,APXMIDP,2025-06-15,39,98.34,2549.2,APXMIDP
2025-06-15T17:30:00Z,APXMIDP,2025-06-15,38,86.39,3180.55,APXMIDP
2025-06-15T17:00:00Z,APXMIDP,2025-06-15,37,83.98,2835.35,APXMIDP
2025-06-15T16:30:00Z,APXMIDP,2025-06-15,36,88.47,2429.7,APXMIDP
2025-06-15T16:00:00Z,APXMIDP,2025-06-15,35,99.52,2452.7,APXMIDP
2025-06-15T15:30:00Z,APXMIDP,2025-06-15,34,91.42,1997.4,APXMIDP
2025-06-15T15:00:00Z,APXMIDP,2025-06-15,33,66.05,1921.8,APXMIDP
2025-06-15T14:30:00Z,APXMIDP,2025-06-15,32,43.29,2387.6,APXMIDP
2025-06-15T14:00:00Z,APXMIDP,2025-06-15,31,25.76,2297.65,APXMIDP
2025-06-15T13:30:00Z,APXMIDP,2025-06-15,30,24.07,2642.85,APXMIDP
2025-06-15T13:00:00Z,APXMIDP,2025-06-15,29,24.07,2419.45,APXMIDP
2025-06-15T12:30:00Z,APXMIDP,2025-06-15,28,25.23,2492.8,APXMIDP
2025-06-15T12:00:00Z,APXMIDP,2025-06-15,27,23.82,2476.95,APXMIDP
2025-06-15T11:30:00Z,APXMIDP,2025-06-15,26,24.2,2748.3,APXMIDP
2025-06-15T11:00:00Z,APXMIDP,2025-06-15,25,27.8,2471.45,APXMIDP
2025-06-15T10:30:00Z,APXMIDP,2025-06-15,24,29.02,2525.35,APXMIDP
2025-06-15T10:00:00Z,APXMIDP,2025-06-15,23,45.81,2467.5,APXMIDP
2025-06-15T09:30:00Z,APXMIDP,2025-06-15,22,66.48,2492.5,APXMIDP
2025-06-15T09:00:00Z,APXMIDP,2025-06-15,21,65.77,2578.45,APXMIDP
2025-06-15T08:30:00Z,APXMIDP,2025-06-15,20,75.55,2382.1,APXMIDP
2025-06-15T08:00:00Z,APXMIDP,2025-06-15,19,83.47,1895.25,APXMIDP
2025-06-15T07:30:00Z,APXMIDP,2025-06-15,18,84.9,1877.6,APXMIDP
2025-06-15T07:00:00Z,APXMIDP,2025-06-15,17,85.45,1814.8,APXMIDP
2025-06-15T06:30:00Z,APXMIDP,2025-06-15,16,85.93,1739.95,APXMIDP
2025-06-15T06:00:00Z,APXMIDP,2025-06-15,15,77.18,2194.05,APXMIDP
2025-06-15T05:30:00Z,APXMIDP,2025-06-15,14,85.42,2196.3,APXMIDP
2025-06-15T05:00:00Z,APXMIDP,2025-06-15,13,76.49,2130.8,APXMIDP
2025-06-15T04:30:00Z,APXMIDP,2025-06-15,12,83.22,1817.65,APXMIDP
2025-06-15T04:00:00Z,APXMIDP,2025-06-15,11,85.3,1668.25,APXMIDP
2025-06-15T03:30:00Z,APXMIDP,2025-06-15,10,86.95,1709.35,APXMIDP
2025-06-15T03:00:00Z,APXMIDP,2025-06-15,9,87.3,1663.45,APXMIDP
2025-06-15T02:30:00Z,APXMIDP,2025-06-15,8,73.0,1572.15,APXMIDP
2025-06-15T02:00:00Z,APXMIDP,2025-06-15,7,79.61,1607.1,APXMIDP
2025-06-15T01:30:00Z,APXMIDP,2025-06-15,6,77.02,1941.55,APXMIDP
2025-06-15T01:00:00Z,APXMIDP,2025-06-15,5,78.86,1937.65,APXMIDP
2025-06-15T00:30:00Z,APXMIDP,2025-06-15,4,79.5,1722.8,APXMIDP
2025-06-15T00:00:00Z,APXMIDP,2025-06-15,3,88.41,1482.6,APXMIDP
2025-06-14T23:30:00Z,APXMIDP,2025-06-15,2,90.75,1896.1,APXMIDP
2025-06-14T23:00:00Z,APXMIDP,2025-06-15,1,94.32,1958.9,APXMIDP
2025-06-14T22:30:00Z,APXMIDP,2025-06-14,48,99.63,2264.95,APXMIDP
2025-06-14T22:00:00Z,APXMIDP,2025-06-14,47,95.25,2114.0,APXMIDP
2025-06-14T21:30:00Z,APXMIDP,2025-06-14,46,114.03,2458.5,APXMIDP
2025-06-14T21:00:00Z,APXMIDP,2025-06-14,45,116.2,2697.5,APXMIDP
2025-06-14T20:30:00Z,APXMIDP,2025-06-14,44,113.87,2442.95,APXMIDP
2025-06-14T20:00:00Z,APXMIDP,2025-06-14,43,112.13,2165.5,APXMIDP
2025-06-14T19:30:00Z,APXMIDP,2025-06-14,42,107.4,2049.45,APXMIDP
2025-06-14T19:00:00Z,APXMIDP,2025-06-14,41,105.28,1969.75,APXMIDP
2025-06-14T18:30:00Z,APXMIDP,2025-06-14,40,100.96,1877.85,APXMIDP
2025-06-14T18:00:00Z,APXMIDP,2025-06-14,39,99.0,1960.25,APXMIDP
2025-06-14T17:30:00Z,APXMIDP,2025-06-14,38,85.73,2462.9,APXMIDP
2025-06-14T17:00:00Z,APXMIDP,2025-06-14,37,78.08,2665.4,APXMIDP
2025-06-14T16:30:00Z,APXMIDP,2025-06-14,36,79.11,2722.95,APXMIDP
2025-06-14T16:00:00Z,APXMIDP,2025-06-14,35,66.25,2797.7,APXMIDP
2025-06-14T15:30:00Z,APXMIDP,2025-06-14,34,32.03,3121.45,APXMIDP
2025-06-14T15:00:00Z,APXMIDP,2025-06-14,33,17.82,2868.6,APXMIDP
2025-06-14T14:30:00Z,APXMIDP,2025-06-14,32,5.25,3331.45,APXMIDP
2025-06-14T14:00:00Z,APXMIDP,2025-06-14,31,-7.61,2796.15,APXMIDP
2025-06-14T13:30:00Z,APXMIDP,2025-06-14,30,-7.92,3745.5,APXMIDP
2025-06-14T13:00:00Z,APXMIDP,2025-06-14,29,-5.97,3602.0,APXMIDP
2025-06-14T12:30:00Z,APXMIDP,2025-06-14,28,-28.38,2710.8,APXMIDP
2025-06-14T12:00:00Z,APXMIDP,2025-06-14,27,-23.79,3004.8,APXMIDP
2025-06-14T11:30:00Z,APXMIDP,2025-06-14,26,-11.15,3337.1,APXMIDP
2025-06-14T11:00:00Z,APXMIDP,2025-06-14,25,-15.13,3006.45,APXMIDP
2025-06-14T10:30:00Z,APXMIDP,2025-06-14,24,-9.78,2955.6,APXMIDP
2025-06-14T10:00:00Z,APXMIDP,2025-06-14,23,1.96,2951.4,APXMIDP
2025-06-14T09:30:00Z,APXMIDP,2025-06-14,22,44.05,2969.3,APXMIDP
2025-06-14T09:00:00Z,APXMIDP,2025-06-14,21,76.13,3148.15,APXMIDP
2025-06-14T08:30:00Z,APXMIDP,2025-06-14,20,85.94,3250.2,APXMIDP
2025-06-14T08:00:00Z,APXMIDP,2025-06-14,19,82.28,2734.85,APXMIDP
2025-06-14T07:30:00Z,APXMIDP,2025-06-14,18,77.35,2583.15,APXMIDP
2025-06-14T07:00:00Z,APXMIDP,2025-06-14,17,65.83,2281.1,APXMIDP
2025-06-14T06:30:00Z,APXMIDP,2025-06-14,16,61.44,2221.1,APXMIDP
2025-06-14T06:00:00Z,APXMIDP,2025-06-14,15,61.27,1615.5,APXMIDP
2025-06-14T05:30:00Z,APXMIDP,2025-06-14,14,79.41,2542.0,APXMIDP
2025-06-14T05:00:00Z,APXMIDP,2025-06-14,13,82.1,2234.35,APXMIDP
2025-06-14T04:30:00Z,APXMIDP,2025-06-14,12,79.84,2168.9,APXMIDP
2025-06-14T04:00:00Z,APXMIDP,2025-06-14,11,88.75,2255.0,APXMIDP
2025-06-14T03:30:00Z,APXMIDP,2025-06-14,10,86.45,1740.05,APXMIDP
2025-06-14T03:00:00Z,APXMIDP,2025-06-14,9,87.29,1571.15,APXMIDP
2025-06-14T02:30:00Z,APXMIDP,2025-06-14,8,83.75,1536.55,APXMIDP
2025-06-14T02:00:00Z,APXMIDP,2025-06-14,7,78.31,1438.4,APXMIDP
2025-06-14T01:30:00Z,APXMIDP,2025-06-14,6,72.77,1655.6,APXMIDP
2025-06-14T01:00:00Z,APXMIDP,2025-06-14,5,73.38,1784.95,APXMIDP
2025-06-14T00:30:00Z,APXMIDP,2025-06-14,4,73.17,1646.35,APXMIDP
2025-06-14T00:00:00Z,APXMIDP,2025-06-14,3,74.38,1558.8,APXMIDP
2025-06-13T23:30:00Z,APXMIDP,2025-06-14,2,78.6,1625.95,APXMIDP
2025-06-13T23:00:00Z,APXMIDP,2025-06-14,1,76.54,1692.55,APXMIDP
2025-06-13T22:30:00Z,APXMIDP,2025-06-13,48,83.99,1861.05,APXMIDP
2025-06-13T22:00:00Z,APXMIDP,2025-06-13,47,80.91,2028.2,APXMIDP
2025-06-13T21:30:00Z,APXMIDP,2025-06-13,46,80.5,2938.8,APXMIDP
2025-06-13T21:00:00Z,APXMIDP,2025-06-13,45,87.64,2406.15,APXMIDP
2025-06-13T20:30:00Z,APXMIDP,2025-06-13,44,90.94,2299.0,APXMIDP
2025-06-13T20:00:00Z,APXMIDP,2025-06-13,43,94.09,2238.0,APXMIDP
2025-06-13T19:30:00Z,APXMIDP,2025-06-13,42,104.01,2564.8,APXMIDP
2025-06-13T19:00:00Z,APXMIDP,2025-06-13,41,108.23,2541.85,APXMIDP
2025-06-13T18:30:00Z,APXMIDP,2025-06-13,40,121.24,2381.8,APXMIDP
2025-06-13T18:00:00Z,APXMIDP,2025-06-13,39,119.98,2404.2,APXMIDP
2025-06-13T17:30:00Z,APXMIDP,2025-06-13,38,118.8,3255.75,APXMIDP
2025-06-13T17:00:00Z,APXMIDP,2025-06-13,37,114.83,3006.3,APXMIDP
2025-06-13T16:30:00Z,APXMIDP,2025-06-13,36,96.97,3366.8,APXMIDP
2025-06-13T16:00:00Z,APXMIDP,2025-06-13,35,95.07,3431.7,APXMIDP
2025-06-13T15:30:00Z,APXMIDP,2025-06-13,34,77.91,4584.05,APXMIDP
2025-06-13T15:00:00Z,APXMIDP,2025-06-13,33,74.94,3732.2,APXMIDP
2025-06-13T14:30:00Z,APXMIDP,2025-06-13,32,62.29,4164.6,APXMIDP
2025-06-13T14:00:00Z,APXMIDP,2025-06-13,31,49.27,4082.35,APXMIDP
2025-06-13T13:30:00Z,APXMIDP,2025-06-13,30,15.56,3913.75,APXMIDP
2025-06-13T13:00:00Z,APXMIDP,2025-06-13,29,8.63,3514.75,APXMIDP
2025-06-13T12:30:00Z,APXMIDP,2025-06-13,28,6.22,2642.85,APXMIDP
2025-06-13T12:00:00Z,APXMIDP,2025-06-13,27,6.46,2609.1,APXMIDP
2025-06-13T11:30:00Z,APXMIDP,2025-06-13,26,8.8,2682.4,APXMIDP
2025-06-13T11:00:00Z,APXMIDP,2025-06-13,25,9.82,2665.1,APXMIDP
2025-06-13T10:30:00Z,APXMIDP,2025-06-13,24,12.01,2839.65,APXMIDP
2025-06-13T10:00:00Z,APXMIDP,2025-06-13,23,16.91,2793.05,APXMIDP
2025-06-13T09:30:00Z,APXMIDP,2025-06-13,22,38.54,3188.2,APXMIDP
2025-06-13T09:00:00Z,APXMIDP,2025-06-13,21,42.56,3228.25,APXMIDP
2025-06-13T08:30:00Z,APXMIDP,2025-06-13,20,56.09,3124.0,APXMIDP
2025-06-13T08:00:00Z,APXMIDP,2025-06-13,19,76.97,3046.05,APXMIDP
2025-06-13T07:30:00Z,APXMIDP,2025-06-13,18,84.32,3081.6,APXMIDP
2025-06-13T07:00:00Z,APXMIDP,2025-06-13,17,86.54,2674.55,APXMIDP
2025-06-13T06:30:00Z,APXMIDP,2025-06-13,16,86.76,2936.1,APXMIDP
2025-06-13T06:00:00Z,APXMIDP,2025-06-13,15,82.45,3067.25,APXMIDP
2025-06-13T05:30:00Z,APXMIDP,2025-06-13,14,84.79,3287.5,APXMIDP
2025-06-13T05:00:00Z,APXMIDP,2025-06-13,13,79.87,3068.0,APXMIDP
2025-06-13T04:30:00Z,APXMIDP,2025-06-13,12,75.91,2546.6,APXMIDP
2025-06-13T04:00:00Z,APXMIDP,2025-06-13,11,72.8,2754.7,APXMIDP
2025-06-13T03:30:00Z,APXMIDP,2025-06-13,10,67.51,2805.45,APXMIDP
2025-06-13T03:00:00Z,APXMIDP,2025-06-13,9,66.78,2556.95,APXMIDP
2025-06-13T02:30:00Z,APXMIDP,2025-06-13,8,59.5,2541.2,APXMIDP
2025-06-13T02:00:00Z,APXMIDP,2025-06-13,7,59.67,2297.2,APXMIDP
2025-06-13T01:30:00Z,APXMIDP,2025-06-13,6,59.33,1976.3,APXMIDP
2025-06-13T01:00:00Z,APXMIDP,2025-06-13,5,61.23,1956.2,APXMIDP
2025-06-13T00:30:00Z,APXMIDP,2025-06-13,4,63.34,2004.9,APXMIDP
2025-06-13T00:00:00Z,APXMIDP,2025-06-13,3,66.64,1964.7,APXMIDP
2025-06-12T23:30:00Z,APXMIDP,2025-06-13,2,67.28,1993.6,APXMIDP
2025-06-12T23:00:00Z,APXMIDP,2025-06-13,1,69.8,2075.45,APXMIDP
2025-06-12T22:30:00Z,APXMIDP,2025-06-12,48,66.76,1975.35,APXMIDP
2025-06-12T22:00:00Z,APXMIDP,2025-06-12,47,69.39,2008.55,APXMIDP
2025-06-12T21:30:00Z,APXMIDP,2025-06-12,46,74.76,3597.3,APXMIDP
2025-06-12T21:00:00Z,APXMIDP,2025-06-12,45,75.44,3476.25,APXMIDP
2025-06-12T20:30:00Z,APXMIDP,2025-06-12,44,91.37,2736.6,APXMIDP
2025-06-12T20:00:00Z,APXMIDP,2025-06-12,43,93.65,2829.35,APXMIDP
2025-06-12T19:30:00Z,APXMIDP,2025-06-12,42,101.32,3423.8,APXMIDP
2025-06-12T19:00:00Z,APXMIDP,2025-06-12,41,103.27,3413.65,APXMIDP
2025-06-12T18:30:00Z,APXMIDP,2025-06-12,40,104.78,3226.05,APXMIDP
2025-06-12T18:00:00Z,APXMIDP,2025-06-12,39,101.97,3305.85,APXMIDP
2025-06-12T17:30:00Z,APXMIDP,2025-06-12,38,81.24,3408.85,APXMIDP
2025-06-12T17:00:00Z,APXMIDP,2025-06-12,37,79.13,3405.5,APXMIDP
2025-06-12T16:30:00Z,APXMIDP,2025-06-12,36,60.97,3415.35,APXMIDP
2025-06-12T16:00:00Z,APXMIDP,2025-06-12,35,55.46,3465.35,APXMIDP
2025-06-12T15:30:00Z,APXMIDP,2025-06-12,34,36.88,4318.2,APXMIDP
2025-06-12T15:00:00Z,APXMIDP,2025-06-12,33,37.58,4344.8,APXMIDP
2025-06-12T14:30:00Z,APXMIDP,2025-06-12,32,40.58,4450.35,APXMIDP
2025-06-12T14:00:00Z,APXMIDP,2025-06-12,31,47.66,4074.75,APXMIDP
2025-06-12T13:30:00Z,APXMIDP,2025-06-12,30,59.38,4431.1,APXMIDP
2025-06-12T13:00:00Z,APXMIDP,2025-06-12,29,64.64,4455.8,APXMIDP
2025-06-12T12:30:00Z,APXMIDP,2025-06-12,28,73.97,4020.7,APXMIDP
2025-06-12T12:00:00Z,APXMIDP,2025-06-12,27,74.32,3832.0,APXMIDP
2025-06-12T11:30:00Z,APXMIDP,2025-06-12,26,77.63,3525.15,APXMIDP
2025-06-12T11:00:00Z,APXMIDP,2025-06-12,25,76.76,3118.9,APXMIDP
2025-06-12T10:30:00Z,APXMIDP,2025-06-12,24,75.08,2787.1,APXMIDP
2025-06-12T10:00:00Z,APXMIDP,2025-06-12,23,76.68,3180.45,APXMIDP
2025-06-12T09:30:00Z,APXMIDP,2025-06-12,22,84.67,3262.25,APXMIDP
2025-06-12T09:00:00Z,APXMIDP,2025-06-12,21,89.72,2825.8,APXMIDP
2025-06-12T08:30:00Z,APXMIDP,2025-06-12,20,95.85,3245.5,APXMIDP
2025-06-12T08:00:00Z,APXMIDP,2025-06-12,19,99.97,3037.35,APXMIDP
2025-06-12T07:30:00Z,APXMIDP,2025-06-12,18,96.57,2843.95,APXMIDP
2025-06-12T07:00:00Z,APXMIDP,2025-06-12,17,97.02,2510.45,APXMIDP
2025-06-12T06:30:00Z,APXMIDP,2025-06-12,16,91.7,3432.45,APXMIDP
2025-06-12T06:00:00Z,APXMIDP,2025-06-12,15,87.15,3327.5,APXMIDP
2025-06-12T05:30:00Z,APXMIDP,2025-06-12,14,95.05,3123.7,APXMIDP
2025-06-12T05:00:00Z,APXMIDP,2025-06-12,13,91.1,2951.7,APXMIDP
2025-06-12T04:30:00Z,APXMIDP,2025-06-12,12,87.05,2827.85,APXMIDP
2025-06-12T04:00:00Z,APXMIDP,2025-06-12,11,87.57,2501.25,APXMIDP
2025-06-12T03:30:00Z,APXMIDP,2025-06-12,10,79.71,2384.05,APXMIDP
2025-06-12T03:00:00Z,APXMIDP,2025-06-12,9,75.91,2577.8,APXMIDP
2025-06-12T02:30:00Z,APXMIDP,2025-06-12,8,69.65,3305.75,APXMIDP
2025-06-12T02:00:00Z,APXMIDP,2025-06-12,7,71.71,3148.2,APXMIDP
2025-06-12T01:30:00Z,APXMIDP,2025-06-12,6,71.4,3492.6,APXMIDP
2025-06-12T01:00:00Z,APXMIDP,2025-06-12,5,78.64,3318.4,APXMIDP
2025-06-12T00:30:00Z,APXMIDP,2025-06-12,4,79.75,3099.0,APXMIDP
2025-06-12T00:00:00Z,APXMIDP,2025-06-12,3,84.42,3098.35,APXMIDP
2025-06-11T23:30:00Z,APXMIDP,2025-06-12,2,85.2,2898.9,APXMIDP
2025-06-11T23:00:00Z,APXMIDP,2025-06-12,1,87.06,2826.8,APXMIDP
2025-06-11T22:30:00Z,APXMIDP,2025-06-11,48,87.98,2251.0,APXMIDP
2025-06-11T22:00:00Z,APXMIDP,2025-06-11,47,85.52,2822.05,APXMIDP
2025-06-11T21:30:00Z,APXMIDP,2025-06-11,46,83.86,3406.45,APXMIDP
2025-06-11T21:00:00Z,APXMIDP,2025-06-11,45,88.89,2743.1,APXMIDP
2025-06-11T20:30:00Z,APXMIDP,2025-06-11,44,96.15,2485.25,APXMIDP
2025-06-11T20:00:00Z,APXMIDP,2025-06-11,43,97.97,2522.35,APXMIDP
2025-06-11T19:30:00Z,APXMIDP,2025-06-11,42,103.56,2504.65,APXMIDP
2025-06-11T19:00:00Z,APXMIDP,2025-06-11,41,105.51,2432.6,APXMIDP
2025-06-11T18:30:00Z,APXMIDP,2025-06-11,40,105.71,2557.8,APXMIDP
2025-06-11T18:00:00Z,APXMIDP,2025-06-11,39,105.6,2493.3,APXMIDP
2025-06-11T17:30:00Z,APXMIDP,2025-06-11,38,91.71,2885.6,APXMIDP
2025-06-11T17:00:00Z,APXMIDP,2025-06-11,37,90.67,3212.6,APXMIDP
2025-06-11T16:30:00Z,APXMIDP,2025-06-11,36,70.11,3263.3,APXMIDP
2025-06-11T16:00:00Z,APXMIDP,2025-06-11,35,73.9,3478.7,APXMIDP
2025-06-11T15:30:00Z,APXMIDP,2025-06-11,34,71.8,2751.65,APXMIDP
2025-06-11T15:00:00Z,APXMIDP,2025-06-11,33,68.29,3039.45,APXMIDP
2025-06-11T14:30:00Z,APXMIDP,2025-06-11,32,66.66,3214.3,APXMIDP
2025-06-11T14:00:00Z,APXMIDP,2025-06-11,31,74.4,2966.65,APXMIDP
2025-06-11T13:30:00Z,APXMIDP,2025-06-11,30,72.55,2894.45,APXMIDP
2025-06-11T13:00:00Z,APXMIDP,2025-06-11,29,74.76,3071.15,APXMIDP
2025-06-11T12:30:00Z,APXMIDP,2025-06-11,28,78.66,2938.1,APXMIDP
2025-06-11T12:00:00Z,APXMIDP,2025-06-11,27,83.84,3186.9,APXMIDP
2025-06-11T11:30:00Z,APXMIDP,2025-06-11,26,82.99,3383.85,APXMIDP
2025-06-25T12:00:00Z,APXMIDP,2025-06-25,27,72.31,3099.85,APXMIDP
2025-06-25T11:30:00Z,APXMIDP,2025-06-25,26,77.7,2788.55,APXMIDP
2025-06-25T11:00:00Z,APXMIDP,2025-06-25,25,82.58,2835.1,APXMIDP
2025-06-25T10:30:00Z,APXMIDP,2025-06-25,24,86.2,2995.9,APXMIDP
2025-06-25T10:00:00Z,APXMIDP,2025-06-25,23,85.53,3190.55,APXMIDP
2025-06-25T09:30:00Z,APXMIDP,2025-06-25,22,94.71,3108.55,APXMIDP
2025-06-25T09:00:00Z,APXMIDP,2025-06-25,21,94.07,3318.35,APXMIDP
2025-06-25T08:30:00Z,APXMIDP,2025-06-25,20,91.59,3507.6,APXMIDP
2025-06-25T08:00:00Z,APXMIDP,2025-06-25,19,98.5,3315.05,APXMIDP
2025-06-25T07:30:00Z,APXMIDP,2025-06-25,18,104.81,4021.4,APXMIDP
2025-06-25T07:00:00Z,APXMIDP,2025-06-25,17,104.5,3654.6,APXMIDP
2025-06-25T06:30:00Z,APXMIDP,2025-06-25,16,112.91,3962.35,APXMIDP
2025-06-25T06:00:00Z,APXMIDP,2025-06-25,15,112.52,3707.1,APXMIDP
2025-06-25T05:30:00Z,APXMIDP,2025-06-25,14,111.29,3715.85,APXMIDP
2025-06-25T05:00:00Z,APXMIDP,2025-06-25,13,105.68,3601.4,APXMIDP
2025-06-25T04:30:00Z,APXMIDP,2025-06-25,12,102.76,4514.3,APXMIDP
2025-06-25T04:00:00Z,APXMIDP,2025-06-25,11,103.64,4783.95,APXMIDP
2025-06-25T03:30:00Z,APXMIDP,2025-06-25,10,95.47,4254.95,APXMIDP
2025-06-25T03:00:00Z,APXMIDP,2025-06-25,9,97.42,3851.85,APXMIDP
2025-06-25T02:30:00Z,APXMIDP,2025-06-25,8,84.79,3657.3,APXMIDP
2025-06-25T02:00:00Z,APXMIDP,2025-06-25,7,91.11,3299.1,APXMIDP
2025-06-25T01:30:00Z,APXMIDP,2025-06-25,6,87.85,2969.45,APXMIDP
2025-06-25T01:00:00Z,APXMIDP,2025-06-25,5,93.33,2316.8,APXMIDP
2025-06-25T00:30:00Z,APXMIDP,2025-06-25,4,94.3,1857.25,APXMIDP
2025-06-25T00:00:00Z,APXMIDP,2025-06-25,3,90.75,1794.3,APXMIDP
2025-06-24T23:30:00Z,APXMIDP,2025-06-25,2,88.43,1891.35,APXMIDP
2025-06-24T23:00:00Z,APXMIDP,2025-06-25,1,81.46,2015.95,APXMIDP
2025-06-24T22:30:00Z,APXMIDP,2025-06-24,48,72.58,1757.95,APXMIDP
2025-06-24T22:00:00Z,APXMIDP,2025-06-24,47,74.97,1869.2,APXMIDP
2025-06-24T21:30:00Z,APXMIDP,2025-06-24,46,86.99,2843.2,APXMIDP
2025-06-24T21:00:00Z,APXMIDP,2025-06-24,45,97.17,2481.1,APXMIDP
2025-06-24T20:30:00Z,APXMIDP,2025-06-24,44,104.36,2854.95,APXMIDP
2025-06-24T20:00:00Z,APXMIDP,2025-06-24,43,105.8,3013.1,APXMIDP
2025-06-24T19:30:00Z,APXMIDP,2025-06-24,42,108.63,3424.0,APXMIDP
2025-06-24T19:00:00Z,APXMIDP,2025-06-24,41,107.31,3231.45,APXMIDP
2025-06-24T18:30:00Z,APXMIDP,2025-06-24,40,103.32,3902.7,APXMIDP
2025-06-24T18:00:00Z,APXMIDP,2025-06-24,39,90.88,3958.6,APXMIDP
2025-06-24T17:30:00Z,APXMIDP,2025-06-24,38,84.19,4303.95,APXMIDP
2025-06-24T17:00:00Z,APXMIDP,2025-06-24,37,82.3,4054.45,APXMIDP
2025-06-24T16:30:00Z,APXMIDP,2025-06-24,36,86.59,3327.35,APXMIDP
2025-06-24T16:00:00Z,APXMIDP,2025-06-24,35,75.09,3716.35,APXMIDP
2025-06-24T15:30:00Z,APXMIDP,2025-06-24,34,56.91,4237.25,APXMIDP
2025-06-24T15:00:00Z,APXMIDP,2025-06-24,33,18.69,3669.4,APXMIDP
2025-06-24T14:30:00Z,APXMIDP,2025-06-24,32,12.41,4740.95,APXMIDP
2025-06-24T14:00:00Z,APXMIDP,2025-06-24,31,-0.7,3941.5,APXMIDP
2025-06-24T13:30:00Z,APXMIDP,2025-06-24,30,26.07,6065.5,APXMIDP
2025-06-24T13:00:00Z,APXMIDP,2025-06-24,29,13.8,5482.35,APXMIDP
2025-06-24T12:30:00Z,APXMIDP,2025-06-24,28,7.19,5174.8,APXMIDP
2025-06-24T12:00:00Z,APXMIDP,2025-06-24,27,11.25,5402.25,APXMIDP
2025-06-24T11:30:00Z,APXMIDP,2025-06-24,26,24.75,4860.5,APXMIDP
2025-06-24T11:00:00Z,APXMIDP,2025-06-24,25,31.85,4885.0,APXMIDP
2025-06-24T10:30:00Z,APXMIDP,2025-06-24,24,37.18,4496.7,APXMIDP
2025-06-24T10:00:00Z,APXMIDP,2025-06-24,23,58.35,4355.1,APXMIDP
2025-06-24T09:30:00Z,APXMIDP,2025-06-24,22,78.55,3345.8,APXMIDP
2025-06-24T09:00:00Z,APXMIDP,2025-06-24,21,86.79,3030.0,APXMIDP
2025-06-24T08:30:00Z,APXMIDP,2025-06-24,20,88.46,3319.4,APXMIDP
2025-06-24T08:00:00Z,APXMIDP,2025-06-24,19,87.13,2931.7,APXMIDP
2025-06-24T07:30:00Z,APXMIDP,2025-06-24,18,83.35,2935.8,APXMIDP
2025-06-24T07:00:00Z,APXMIDP,2025-06-24,17,75.03,2824.5,APXMIDP
2025-06-24T06:30:00Z,APXMIDP,2025-06-24,16,73.12,3317.55,APXMIDP
2025-06-24T06:00:00Z,APXMIDP,2025-06-24,15,67.96,3168.0,APXMIDP
2025-06-24T05:30:00Z,APXMIDP,2025-06-24,14,72.33,3151.15,APXMIDP
2025-06-24T05:00:00Z,APXMIDP,2025-06-24,13,59.91,2937.3,APXMIDP
2025-06-24T04:30:00Z,APXMIDP,2025-06-24,12,59.34,3122.0,APXMIDP
2025-06-24T04:00:00Z,APXMIDP,2025-06-24,11,56.06,2665.7,APXMIDP
2025-06-24T03:30:00Z,APXMIDP,2025-06-24,10,32.5,3366.25,APXMIDP
2025-06-24T03:00:00Z,APXMIDP,2025-06-24,9,26.9,3647.8,APXMIDP
2025-06-24T02:30:00Z,APXMIDP,2025-06-24,8,31.28,2873.75,APXMIDP
2025-06-24T02:00:00Z,APXMIDP,2025-06-24,7,22.28,2252.7,APXMIDP
2025-06-24T01:30:00Z,APXMIDP,2025-06-24,6,30.68,2736.05,APXMIDP
2025-06-24T01:00:00Z,APXMIDP,2025-06-24,5,36.49,2474.75,APXMIDP
2025-06-24T00:30:00Z,APXMIDP,2025-06-24,4,46.82,2426.05,APXMIDP
2025-06-24T00:00:00Z,APXMIDP,2025-06-24,3,49.62,2374.85,APXMIDP
2025-06-23T23:30:00Z,APXMIDP,2025-06-24,2,49.66,1803.65,APXMIDP
2025-06-23T23:00:00Z,APXMIDP,2025-06-24,1,56.87,1883.05,APXMIDP
2025-06-23T22:30:00Z,APXMIDP,2025-06-23,48,62.82,2065.8,APXMIDP
2025-06-23T22:00:00Z,APXMIDP,2025-06-23,47,82.93,2135.1,APXMIDP
2025-06-23T21:30:00Z,APXMIDP,2025-06-23,46,78.97,2320.2,APXMIDP
2025-06-23T21:00:00Z,APXMIDP,2025-06-23,45,86.49,2284.1,APXMIDP
2025-06-23T20:30:00Z,APXMIDP,2025-06-23,44,95.12,1902.55,APXMIDP
2025-06-23T20:00:00Z,APXMIDP,2025-06-23,43,97.98,1919.95,APXMIDP
2025-06-23T19:30:00Z,APXMIDP,2025-06-23,42,98.44,2516.2,APXMIDP
2025-06-23T19:00:00Z,APXMIDP,2025-06-23,41,98.96,2520.3,APXMIDP
2025-06-23T18:30:00Z,APXMIDP,2025-06-23,40,100.66,3045.5,APXMIDP
2025-06-23T18:00:00Z,APXMIDP,2025-06-23,39,97.72,2775.15,APXMIDP
2025-06-23T17:30:00Z,APXMIDP,2025-06-23,38,67.75,3005.95,APXMIDP
2025-06-23T17:00:00Z,APXMIDP,2025-06-23,37,42.55,2783.9,APXMIDP
2025-06-23T16:30:00Z,APXMIDP,2025-06-23,36,19.77,2492.9,APXMIDP
2025-06-23T16:00:00Z,APXMIDP,2025-06-23,35,12.09,2484.1,APXMIDP
2025-06-23T15:30:00Z,APXMIDP,2025-06-23,34,17.09,3008.05,APXMIDP
2025-06-23T15:00:00Z,APXMIDP,2025-06-23,33,8.55,2865.4,APXMIDP
2025-06-23T14:30:00Z,APXMIDP,2025-06-23,32,10.69,3093.15,APXMIDP
2025-06-23T14:00:00Z,APXMIDP,2025-06-23,31,12.59,2901.8,APXMIDP
2025-06-23T13:30:00Z,APXMIDP,2025-06-23,30,9.29,4632.05,APXMIDP
2025-06-23T13:00:00Z,APXMIDP,2025-06-23,29,12.94,4342.05,APXMIDP
2025-06-23T12:30:00Z,APXMIDP,2025-06-23,28,-8.72,3243.05,APXMIDP
2025-06-23T12:00:00Z,APXMIDP,2025-06-23,27,-6.94,3119.05,APXMIDP
2025-06-23T11:30:00Z,APXMIDP,2025-06-23,26,-3.42,3333.0,APXMIDP
2025-06-23T11:00:00Z,APXMIDP,2025-06-23,25,2.58,3349.0,APXMIDP
2025-06-23T10:30:00Z,APXMIDP,2025-06-23,24,5.68,4048.8,APXMIDP
2025-06-23T10:00:00Z,APXMIDP,2025-06-23,23,3.67,3913.65,APXMIDP
2025-06-23T09:30:00Z,APXMIDP,2025-06-23,22,24.25,3948.25,APXMIDP
2025-06-23T09:00:00Z,APXMIDP,2025-06-23,21,13.2,3610.4,APXMIDP
2025-06-23T08:30:00Z,APXMIDP,2025-06-23,20,7.96,3313.05,APXMIDP
2025-06-23T08:00:00Z,APXMIDP,2025-06-23,19,5.88,2763.35,APXMIDP
2025-06-23T07:30:00Z,APXMIDP,2025-06-23,18,12.57,2509.9,APXMIDP
2025-06-23T07:00:00Z,APXMIDP,2025-06-23,17,19.78,2652.45,APXMIDP
2025-06-23T06:30:00Z,APXMIDP,2025-06-23,16,52.74,3082.5,APXMIDP
2025-06-23T06:00:00Z,APXMIDP,2025-06-23,15,54.29,2574.05,APXMIDP
2025-06-23T05:30:00Z,APXMIDP,2025-06-23,14,55.1,2729.35,APXMIDP
2025-06-23T05:00:00Z,APXMIDP,2025-06-23,13,45.78,3077.1,APXMIDP
2025-06-23T04:30:00Z,APXMIDP,2025-06-23,12,39.88,2102.85,APXMIDP
2025-06-23T04:00:00Z,APXMIDP,2025-06-23,11,39.45,2322.4,APXMIDP
2025-06-23T03:30:00Z,APXMIDP,2025-06-23,10,32.86,2450.3,APXMIDP
2025-06-23T03:00:00Z,APXMIDP,2025-06-23,9,29.83,2084.6,APXMIDP
2025-06-23T02:30:00Z,APXMIDP,2025-06-23,8,28.6,2044.15,APXMIDP
2025-06-23T02:00:00Z,APXMIDP,2025-06-23,7,25.18,1928.75,APXMIDP
2025-06-23T01:30:00Z,APXMIDP,2025-06-23,6,24.14,2763.75,APXMIDP
2025-06-23T01:00:00Z,APXMIDP,2025-06-23,5,22.17,2687.1,APXMIDP
2025-06-23T00:30:00Z,APXMIDP,2025-06-23,4,20.67,2771.25,APXMIDP
2025-06-23T00:00:00Z,APXMIDP,2025-06-23,3,23.29,2877.05,APXMIDP
2025-06-22T23:30:00Z,APXMIDP,2025-06-23,2,23.98,2790.5,APXMIDP
2025-06-22T23:00:00Z,APXMIDP,2025-06-23,1,35.88,2746.85,APXMIDP
2025-06-22T22:30:00Z,APXMIDP,2025-06-22,48,47.6,3068.4,APXMIDP
2025-06-22T22:00:00Z,APXMIDP,2025-06-22,47,58.11,2733.15,APXMIDP
2025-06-22T21:30:00Z,APXMIDP,2025-06-22,46,75.97,2666.55,APXMIDP
2025-06-22T21:00:00Z,APXMIDP,2025-06-22,45,93.01,2463.55,APXMIDP
2025-06-22T20:30:00Z,APXMIDP,2025-06-22,44,98.54,2150.2,APXMIDP
2025-06-22T20:00:00Z,APXMIDP,2025-06-22,43,94.88,2051.35,APXMIDP
2025-06-22T19:30:00Z,APXMIDP,2025-06-22,42,86.06,3046.85,APXMIDP
2025-06-22T19:00:00Z,APXMIDP,2025-06-22,41,81.91,3296.4,APXMIDP
2025-06-22T18:30:00Z,APXMIDP,2025-06-22,40,69.66,3105.95,APXMIDP
2025-06-22T18:00:00Z,APXMIDP,2025-06-22,39,64.6,2980.4,APXMIDP
2025-06-22T17:30:00Z,APXMIDP,2025-06-22,38,41.43,3380.75,APXMIDP
2025-06-22T17:00:00Z,APXMIDP,2025-06-22,37,35.22,3832.5,APXMIDP
2025-06-22T16:30:00Z,APXMIDP,2025-06-22,36,25.75,3625.05,APXMIDP
2025-06-22T16:00:00Z,APXMIDP,2025-06-22,35,1.84,3298.45,APXMIDP
2025-06-22T15:30:00Z,APXMIDP,2025-06-22,34,-9.74,3221.55,APXMIDP
2025-06-22T15:00:00Z,APXMIDP,2025-06-22,33,-17.78,2932.1,APXMIDP
2025-06-22T14:30:00Z,APXMIDP,2025-06-22,32,-7.63,3295.05,APXMIDP
2025-06-22T14:00:00Z,APXMIDP,2025-06-22,31,-6.23,3433.55,APXMIDP
2025-06-22T13:30:00Z,APXMIDP,2025-06-22,30,-35.86,4010.95,APXMIDP
2025-06-22T13:00:00Z,APXMIDP,2025-06-22,29,-38.36,4342.65,APXMIDP
2025-06-22T12:30:00Z,APXMIDP,2025-06-22,28,-37.96,3733.1,APXMIDP
2025-06-22T12:00:00Z,APXMIDP,2025-06-22,27,-49.47,3632.1,APXMIDP
2025-06-22T11:30:00Z,APXMIDP,2025-06-22,26,-55.78,3784.5,APXMIDP
2025-06-22T11:00:00Z,APXMIDP,2025-06-22,25,-55.96,3640.8,APXMIDP
2025-06-22T10:30:00Z,APXMIDP,2025-06-22,24,-55.47,2994.0,APXMIDP
2025-06-22T10:00:00Z,APXMIDP,2025-06-22,23,-53.26,3040.2,APXMIDP
2025-06-22T09:30:00Z,APXMIDP,2025-06-22,22,-47.6,3366.75,APXMIDP
2025-06-22T09:00:00Z,APXMIDP,2025-06-22,21,-42.66,3095.7,APXMIDP
2025-06-22T08:30:00Z,APXMIDP,2025-06-22,20,-39.43,3154.55,APXMIDP
2025-06-22T08:00:00Z,APXMIDP,2025-06-22,19,-39.61,3104.85,APXMIDP
2025-06-22T07:30:00Z,APXMIDP,2025-06-22,18,-23.19,3218.5,APXMIDP
2025-06-22T07:00:00Z,APXMIDP,2025-06-22,17,-23.96,3281.05,APXMIDP
2025-06-22T06:30:00Z,APXMIDP,2025-06-22,16,-24.45,2813.4,APXMIDP
2025-06-22T06:00:00Z,APXMIDP,2025-06-22,15,-22.37,2573.7,APXMIDP
2025-06-22T05:30:00Z,APXMIDP,2025-06-22,14,-8.0,2500.2,APXMIDP
2025-06-22T05:00:00Z,APXMIDP,2025-06-22,13,-5.56,2404.6,APXMIDP
2025-06-22T04:30:00Z,APXMIDP,2025-06-22,12,0.63,2605.3,APXMIDP
2025-06-22T04:00:00Z,APXMIDP,2025-06-22,11,6.23,2479.7,APXMIDP
2025-06-22T03:30:00Z,APXMIDP,2025-06-22,10,8.84,2554.55,APXMIDP
2025-06-22T03:00:00Z,APXMIDP,2025-06-22,9,14.36,2605.5,APXMIDP
2025-06-22T02:30:00Z,APXMIDP,2025-06-22,8,25.72,2713.0,APXMIDP
2025-06-22T02:00:00Z,APXMIDP,2025-06-22,7,40.75,2339.5,APXMIDP
2025-06-22T01:30:00Z,APXMIDP,2025-06-22,6,54.45,2819.9,APXMIDP
2025-06-22T01:00:00Z,APXMIDP,2025-06-22,5,68.91,2480.65,APXMIDP
2025-06-22T00:30:00Z,APXMIDP,2025-06-22,4,69.16,2524.1,APXMIDP
2025-06-22T00:00:00Z,APXMIDP,2025-06-22,3,80.77,2213.0,APXMIDP
2025-06-21T23:30:00Z,APXMIDP,2025-06-22,2,80.0,2012.3,APXMIDP
2025-06-21T23:00:00Z,APXMIDP,2025-06-22,1,91.58,2386.8,APXMIDP
2025-06-21T22:30:00Z,APXMIDP,2025-06-21,48,100.68,2253.4,APXMIDP
2025-06-21T22:00:00Z,APXMIDP,2025-06-21,47,98.72,2200.4,APXMIDP
2025-06-21T21:30:00Z,APXMIDP,2025-06-21,46,103.84,3324.65,APXMIDP
2025-06-21T21:00:00Z,APXMIDP,2025-06-21,45,102.4,2930.6,APXMIDP
2025-06-21T20:30:00Z,APXMIDP,2025-06-21,44,108.96,3065.3,APXMIDP
2025-06-21T20:00:00Z,APXMIDP,2025-06-21,43,110.31,3031.8,APXMIDP
2025-06-21T19:30:00Z,APXMIDP,2025-06-21,42,112.64,2796.8,APXMIDP
2025-06-21T19:00:00Z,APXMIDP,2025-06-21,41,112.62,3077.3,APXMIDP
2025-06-21T18:30:00Z,APXMIDP,2025-06-21,40,117.89,3196.15,APXMIDP
2025-06-21T18:00:00Z,APXMIDP,2025-06-21,39,120.2,2825.4,APXMIDP
2025-06-21T17:30:00Z,APXMIDP,2025-06-21,38,99.99,3896.0,APXMIDP
2025-06-21T17:00:00Z,APXMIDP,2025-06-21,37,97.16,3960.55,APXMIDP
2025-06-21T16:30:00Z,APXMIDP,2025-06-21,36,88.0,4216.65,APXMIDP
2025-06-21T16:00:00Z,APXMIDP,2025-06-21,35,92.46,4304.95,APXMIDP
2025-06-21T15:30:00Z,APXMIDP,2025-06-21,34,87.54,4627.75,APXMIDP
2025-06-21T15:00:00Z,APXMIDP,2025-06-21,33,88.56,4515.5,APXMIDP
2025-06-21T14:30:00Z,APXMIDP,2025-06-21,32,92.19,3303.7,APXMIDP
2025-06-21T14:00:00Z,APXMIDP,2025-06-21,31,98.01,3062.65,APXMIDP
2025-06-21T13:30:00Z,APXMIDP,2025-06-21,30,97.68,3176.7,APXMIDP
2025-06-21T13:00:00Z,APXMIDP,2025-06-21,29,99.13,3043.5,APXMIDP
2025-06-21T12:30:00Z,APXMIDP,2025-06-21,28,101.97,3168.0,APXMIDP
2025-06-21T12:00:00Z,APXMIDP,2025-06-21,27,102.17,3207.55,APXMIDP
2025-06-21T11:30:00Z,APXMIDP,2025-06-21,26,98.07,3154.2,APXMIDP
2025-06-21T11:00:00Z,APXMIDP,2025-06-21,25,98.16,2825.0,APXMIDP
2025-06-21T10:30:00Z,APXMIDP,2025-06-21,24,86.12,2791.95,APXMIDP
2025-06-21T10:00:00Z,APXMIDP,2025-06-21,23,76.91,2206.25,APXMIDP
2025-06-21T09:30:00Z,APXMIDP,2025-06-21,22,70.18,2365.05,APXMIDP
2025-06-21T09:00:00Z,APXMIDP,2025-06-21,21,73.23,2339.35,APXMIDP
2025-06-21T08:30:00Z,APXMIDP,2025-06-21,20,74.46,2121.35,APXMIDP
2025-06-21T08:00:00Z,APXMIDP,2025-06-21,19,75.97,2375.45,APXMIDP
2025-06-21T07:30:00Z,APXMIDP,2025-06-21,18,85.95,1571.9,APXMIDP
2025-06-21T07:00:00Z,APXMIDP,2025-06-21,17,86.97,1621.3,APXMIDP
2025-06-21T06:30:00Z,APXMIDP,2025-06-21,16,82.94,1218.75,APXMIDP
2025-06-21T06:00:00Z,APXMIDP,2025-06-21,15,79.07,1398.65,APXMIDP
2025-06-21T05:30:00Z,APXMIDP,2025-06-21,14,84.3,1817.65,APXMIDP
2025-06-21T05:00:00Z,APXMIDP,2025-06-21,13,85.06,1673.15,APXMIDP
2025-06-21T04:30:00Z,APXMIDP,2025-06-21,12,87.96,1797.55,APXMIDP
2025-06-21T04:00:00Z,APXMIDP,2025-06-21,11,84.27,1662.2,APXMIDP
2025-06-21T03:30:00Z,APXMIDP,2025-06-21,10,85.13,1820.55,APXMIDP
2025-06-21T03:00:00Z,APXMIDP,2025-06-21,9,85.99,1542.65,APXMIDP
2025-06-21T02:30:00Z,APXMIDP,2025-06-21,8,87.71,1556.55,APXMIDP
2025-06-21T02:00:00Z,APXMIDP,2025-06-21,7,86.02,1529.75,APXMIDP
2025-06-21T01:30:00Z,APXMIDP,2025-06-21,6,92.75,1619.9,APXMIDP
2025-06-21T01:00:00Z,APXMIDP,2025-06-21,5,95.15,1730.0,APXMIDP
2025-06-21T00:30:00Z,APXMIDP,2025-06-21,4,93.99,2129.6,APXMIDP
2025-06-21T00:00:00Z,APXMIDP,2025-06-21,3,88.46,2389.55,APXMIDP
2025-06-20T23:30:00Z,APXMIDP,2025-06-21,2,93.17,1885.9,APXMIDP
2025-06-20T23:00:00Z,APXMIDP,2025-06-21,1,97.15,1747.15,APXMIDP
2025-06-20T22:30:00Z,APXMIDP,2025-06-20,48,91.18,1805.2,APXMIDP
2025-06-20T22:00:00Z,APXMIDP,2025-06-20,47,90.69,2063.15,APXMIDP
2025-06-20T21:30:00Z,APXMIDP,2025-06-20,46,99.12,2193.05,APXMIDP
2025-06-20T21:00:00Z,APXMIDP,2025-06-20,45,105.81,2004.25,APXMIDP
2025-06-20T20:30:00Z,APXMIDP,2025-06-20,44,108.24,2481.05,APXMIDP
2025-06-20T20:00:00Z,APXMIDP,2025-06-20,43,114.24,2485.05,APXMIDP
2025-06-20T19:30:00Z,APXMIDP,2025-06-20,42,115.06,2704.8,APXMIDP
2025-06-20T19:00:00Z,APXMIDP,2025-06-20,41,116.36,2645.5,APXMIDP
2025-06-20T18:30:00Z,APXMIDP,2025-06-20,40,121.06,2893.5,APXMIDP
2025-06-20T18:00:00Z,APXMIDP,2025-06-20,39,117.49,2711.55,APXMIDP
2025-06-20T17:30:00Z,APXMIDP,2025-06-20,38,113.49,3119.95,APXMIDP
2025-06-20T17:00:00Z,APXMIDP,2025-06-20,37,114.34,3096.2,APXMIDP
2025-06-20T16:30:00Z,APXMIDP,2025-06-20,36,85.33,3737.15,APXMIDP
2025-06-20T16:00:00Z,APXMIDP,2025-06-20,35,101.48,3015.15,APXMIDP
2025-06-20T15:30:00Z,APXMIDP,2025-06-20,34,85.29,4288.7,APXMIDP
2025-06-20T15:00:00Z,APXMIDP,2025-06-20,33,82.01,3975.55,APXMIDP
2025-06-20T14:30:00Z,APXMIDP,2025-06-20,32,83.95,4070.7,APXMIDP
2025-06-20T14:00:00Z,APXMIDP,2025-06-20,31,82.63,4182.4,APXMIDP
2025-06-20T13:30:00Z,APXMIDP,2025-06-20,30,83.98,5072.95,APXMIDP
2025-06-20T13:00:00Z,APXMIDP,2025-06-20,29,88.87,4999.85,APXMIDP
2025-06-20T12:30:00Z,APXMIDP,2025-06-20,28,82.92,5105.7,APXMIDP
2025-06-20T12:00:00Z,APXMIDP,2025-06-20,27,88.08,4421.4,APXMIDP
2025-06-20T11:30:00Z,APXMIDP,2025-06-20,26,97.74,4188.85,APXMIDP
2025-06-20T11:00:00Z,APXMIDP,2025-06-20,25,102.24,3786.3,APXMIDP
2025-06-20T10:30:00Z,APXMIDP,2025-06-20,24,104.47,3727.45,APXMIDP
2025-06-20T10:00:00Z,APXMIDP,2025-06-20,23,108.26,4106.35,APXMIDP
2025-06-20T09:30:00Z,APXMIDP,2025-06-20,22,121.98,3182.8,APXMIDP
2025-06-20T09:00:00Z,APXMIDP,2025-06-20,21,121.12,2828.5,APXMIDP
2025-06-20T08:30:00Z,APXMIDP,2025-06-20,20,121.92,2609.0,APXMIDP
2025-06-20T08:00:00Z,APXMIDP,2025-06-20,19,121.37,2477.15,APXMIDP
2025-06-20T07:30:00Z,APXMIDP,2025-06-20,18,121.88,2532.4,APXMIDP
2025-06-20T07:00:00Z,APXMIDP,2025-06-20,17,120.01,2389.45,APXMIDP
2025-06-20T06:30:00Z,APXMIDP,2025-06-20,16,121.61,2544.9,APXMIDP
2025-06-20T06:00:00Z,APXMIDP,2025-06-20,15,124.5,2077.25,APXMIDP
2025-06-20T05:30:00Z,APXMIDP,2025-06-20,14,116.03,2027.35,APXMIDP
2025-06-20T05:00:00Z,APXMIDP,2025-06-20,13,100.83,2173.5,APXMIDP
2025-06-20T04:30:00Z,APXMIDP,2025-06-20,12,101.2,1500.75,APXMIDP
2025-06-20T04:00:00Z,APXMIDP,2025-06-20,11,96.23,1343.1,APXMIDP
2025-06-20T03:30:00Z,APXMIDP,2025-06-20,10,92.11,1390.35,APXMIDP
2025-06-20T03:00:00Z,APXMIDP,2025-06-20,9,91.75,1446.6,APXMIDP
2025-06-20T02:30:00Z,APXMIDP,2025-06-20,8,91.63,1568.8,APXMIDP
2025-06-20T02:00:00Z,APXMIDP,2025-06-20,7,92.52,1451.2,APXMIDP
2025-06-20T01:30:00Z,APXMIDP,2025-06-20,6,91.71,2226.5,APXMIDP
2025-06-20T01:00:00Z,APXMIDP,2025-06-20,5,87.88,1995.8,APXMIDP
2025-06-20T00:30:00Z,APXMIDP,2025-06-20,4,88.3,1968.4,APXMIDP
2025-06-20T00:00:00Z,APXMIDP,2025-06-20,3,88.85,1958.4,APXMIDP
2025-06-19T23:30:00Z,APXMIDP,2025-06-20,2,99.66,1882.35,APXMIDP
2025-06-19T23:00:00Z,APXMIDP,2025-06-20,1,98.73,2043.65,APXMIDP
2025-06-19T22:30:00Z,APXMIDP,2025-06-19,48,97.31,2372.55,APXMIDP
2025-06-19T22:00:00Z,APXMIDP,2025-06-19,47,99.57,2399.5,APXMIDP
2025-06-19T21:30:00Z,APXMIDP,2025-06-19,46,102.58,2656.6,APXMIDP
2025-06-19T21:00:00Z,APXMIDP,2025-06-19,45,104.38,2446.85,APXMIDP
2025-06-19T20:30:00Z,APXMIDP,2025-06-19,44,112.65,2416.95,APXMIDP
2025-06-19T20:00:00Z,APXMIDP,2025-06-19,43,116.4,2532.95,APXMIDP
2025-06-19T19:30:00Z,APXMIDP,2025-06-19,42,119.31,3202.1,APXMIDP
2025-06-19T19:00:00Z,APXMIDP,2025-06-19,41,120.93,3230.1,APXMIDP
2025-06-19T18:30:00Z,APXMIDP,2025-06-19,40,117.62,3380.85,APXMIDP
2025-06-19T18:00:00Z,APXMIDP,2025-06-19,39,117.9,3555.3,APXMIDP
2025-06-19T17:30:00Z,APXMIDP,2025-06-19,38,111.14,3043.75,APXMIDP
2025-06-19T17:00:00Z,APXMIDP,2025-06-19,37,105.49,3389.95,APXMIDP
2025-06-19T16:30:00Z,APXMIDP,2025-06-19,36,93.98,3727.25,APXMIDP
2025-06-19T16:00:00Z,APXMIDP,2025-06-19,35,100.12,3155.2,APXMIDP
2025-06-19T15:30:00Z,APXMIDP,2025-06-19,34,101.31,2295.8,APXMIDP
2025-06-19T15:00:00Z,APXMIDP,2025-06-19,33,103.32,2407.8,APXMIDP
2025-06-19T14:30:00Z,APXMIDP,2025-06-19,32,102.56,2755.7,APXMIDP
2025-06-19T14:00:00Z,APXMIDP,2025-06-19,31,92.23,2980.05,APXMIDP
2025-06-19T13:30:00Z,APXMIDP,2025-06-19,30,86.02,3066.5,APXMIDP
2025-06-19T13:00:00Z,APXMIDP,2025-06-19,29,83.12,2187.3,APXMIDP
2025-06-19T12:30:00Z,APXMIDP,2025-06-19,28,79.37,2187.95,APXMIDP
2025-06-19T12:00:00Z,APXMIDP,2025-06-19,27,80.03,2037.6,APXMIDP
2025-06-19T11:30:00Z,APXMIDP,2025-06-19,26,83.94,2181.8,APXMIDP
2025-06-19T11:00:00Z,APXMIDP,2025-06-19,25,83.05,2255.7,APXMIDP
2025-06-19T10:30:00Z,APXMIDP,2025-06-19,24,84.84,2408.75,APXMIDP
2025-06-19T10:00:00Z,APXMIDP,2025-06-19,23,93.46,2295.55,APXMIDP
2025-06-19T09:30:00Z,APXMIDP,2025-06-19,22,89.42,2323.75,APXMIDP
2025-06-19T09:00:00Z,APXMIDP,2025-06-19,21,84.8,2167.65,APXMIDP
2025-06-19T08:30:00Z,APXMIDP,2025-06-19,20,87.07,2178.9,APXMIDP
2025-06-19T08:00:00Z,APXMIDP,2025-06-19,19,101.27,2182.15,APXMIDP
2025-06-19T07:30:00Z,APXMIDP,2025-06-19,18,113.45,2001.15,APXMIDP
2025-06-19T07:00:00Z,APXMIDP,2025-06-19,17,116.59,2113.15,APXMIDP
2025-06-19T06:30:00Z,APXMIDP,2025-06-19,16,113.64,2285.0,APXMIDP
2025-06-19T06:00:00Z,APXMIDP,2025-06-19,15,114.12,2115.15,APXMIDP
2025-06-19T05:30:00Z,APXMIDP,2025-06-19,14,105.73,2101.05,APXMIDP
2025-06-19T05:00:00Z,APXMIDP,2025-06-19,13,94.53,2123.25,APXMIDP
2025-06-19T04:30:00Z,APXMIDP,2025-06-19,12,87.95,1805.05,APXMIDP
2025-06-19T04:00:00Z,APXMIDP,2025-06-19,11,83.71,1709.1,APXMIDP
2025-06-19T03:30:00Z,APXMIDP,2025-06-19,10,88.72,1776.6,APXMIDP
2025-06-19T03:00:00Z,APXMIDP,2025-06-19,9,90.7,1671.6,APXMIDP
2025-06-19T02:30:00Z,APXMIDP,2025-06-19,8,84.38,1656.5,APXMIDP
2025-06-19T02:00:00Z,APXMIDP,2025-06-19,7,88.21,1399.9,APXMIDP
2025-06-19T01:30:00Z,APXMIDP,2025-06-19,6,94.22,1797.2,APXMIDP
2025-06-19T01:00:00Z,APXMIDP,2025-06-19,5,96.72,1478.4,APXMIDP
2025-06-19T00:30:00Z,APXMIDP,2025-06-19,4,96.61,1554.55,APXMIDP
2025-06-19T00:00:00Z,APXMIDP,2025-06-19,3,98.52,1582.0,APXMIDP
2025-06-18T23:30:00Z,APXMIDP,2025-06-19,2,98.46,2185.15,APXMIDP
2025-06-18T23:00:00Z,APXMIDP,2025-06-19,1,101.49,2375.1,APXMIDP
2025-06-18T22:30:00Z,APXMIDP,2025-06-18,48,108.09,2305.95,APXMIDP
2025-06-18T22:00:00Z,APXMIDP,2025-06-18,47,102.6,2427.7,APXMIDP
2025-06-18T21:30:00Z,APXMIDP,2025-06-18,46,112.47,2739.2,APXMIDP
2025-06-18T21:00:00Z,APXMIDP,2025-06-18,45,121.51,2931.7,APXMIDP
2025-06-18T20:30:00Z,APXMIDP,2025-06-18,44,128.14,3209.75,APXMIDP
2025-06-18T20:00:00Z,APXMIDP,2025-06-18,43,130.58,2987.05,APXMIDP
2025-06-18T19:30:00Z,APXMIDP,2025-06-18,42,137.34,3138.75,APXMIDP
2025-06-18T19:00:00Z,APXMIDP,2025-06-18,41,137.85,3317.75,APXMIDP
2025-06-18T18:30:00Z,APXMIDP,2025-06-18,40,130.9,3430.0,APXMIDP
2025-06-18T18:00:00Z,APXMIDP,2025-06-18,39,129.44,3450.9,APXMIDP
2025-06-18T17:30:00Z,APXMIDP,2025-06-18,38,112.46,3510.7,APXMIDP
2025-06-18T17:00:00Z,APXMIDP,2025-06-18,37,109.76,3106.25,APXMIDP
2025-06-18T16:30:00Z,APXMIDP,2025-06-18,36,91.21,3976.65,APXMIDP
2025-06-18T16:00:00Z,APXMIDP,2025-06-18,35,98.72,3958.2,APXMIDP
2025-06-18T15:30:00Z,APXMIDP,2025-06-18,34,95.79,3325.1,APXMIDP
2025-06-18T15:00:00Z,APXMIDP,2025-06-18,33,99.14,2574.2,APXMIDP
2025-06-18T14:30:00Z,APXMIDP,2025-06-18,32,95.47,2184.8,APXMIDP
2025-06-18T14:00:00Z,APXMIDP,2025-06-18,31,88.16,2774.15,APXMIDP
2025-06-18T13:30:00Z,APXMIDP,2025-06-18,30,80.71,3744.6,APXMIDP
2025-06-18T13:00:00Z,APXMIDP,2025-06-18,29,78.43,3530.75,APXMIDP
2025-06-18T12:30:00Z,APXMIDP,2025-06-18,28,76.58,4103.35,APXMIDP
2025-06-18T12:00:00Z,APXMIDP,2025-06-18,27,82.47,4171.8,APXMIDP
2025-07-02T12:30:00Z,APXMIDP,2025-07-02,28,69.5,4471.15,APXMIDP
2025-07-02T12:00:00Z,APXMIDP,2025-07-02,27,73.86,4102.15,APXMIDP
2025-07-02T11:30:00Z,APXMIDP,2025-07-02,26,64.84,4104.85,APXMIDP
2025-07-02T11:00:00Z,APXMIDP,2025-07-02,25,64.35,3701.15,APXMIDP
2025-07-02T10:30:00Z,APXMIDP,2025-07-02,24,70.0,3800.55,APXMIDP
2025-07-02T10:00:00Z,APXMIDP,2025-07-02,23,69.34,3448.6,APXMIDP
2025-07-02T09:30:00Z,APXMIDP,2025-07-02,22,81.05,3964.55,APXMIDP
2025-07-02T09:00:00Z,APXMIDP,2025-07-02,21,83.1,3132.7,APXMIDP
2025-07-02T08:30:00Z,APXMIDP,2025-07-02,20,79.84,3071.6,APXMIDP
2025-07-02T08:00:00Z,APXMIDP,2025-07-02,19,74.06,3281.55,APXMIDP
2025-07-02T07:30:00Z,APXMIDP,2025-07-02,18,83.94,2384.55,APXMIDP
2025-07-02T07:00:00Z,APXMIDP,2025-07-02,17,78.27,2064.05,APXMIDP
2025-07-02T06:30:00Z,APXMIDP,2025-07-02,16,88.76,2599.75,APXMIDP
2025-07-02T06:00:00Z,APXMIDP,2025-07-02,15,86.61,2473.35,APXMIDP
2025-07-02T05:30:00Z,APXMIDP,2025-07-02,14,90.38,2584.65,APXMIDP
2025-07-02T05:00:00Z,APXMIDP,2025-07-02,13,80.51,2238.4,APXMIDP
2025-07-02T04:30:00Z,APXMIDP,2025-07-02,12,75.08,1557.05,APXMIDP
2025-07-02T04:00:00Z,APXMIDP,2025-07-02,11,71.57,1851.65,APXMIDP
2025-07-02T03:30:00Z,APXMIDP,2025-07-02,10,68.86,2193.5,APXMIDP
2025-07-02T03:00:00Z,APXMIDP,2025-07-02,9,69.69,2045.7,APXMIDP
2025-07-02T02:30:00Z,APXMIDP,2025-07-02,8,70.44,2061.45,APXMIDP
2025-07-02T02:00:00Z,APXMIDP,2025-07-02,7,73.49,1625.25,APXMIDP
2025-07-02T01:30:00Z,APXMIDP,2025-07-02,6,77.06,2702.85,APXMIDP
2025-07-02T01:00:00Z,APXMIDP,2025-07-02,5,79.35,2177.95,APXMIDP
2025-07-02T00:30:00Z,APXMIDP,2025-07-02,4,85.95,2116.25,APXMIDP
2025-07-02T00:00:00Z,APXMIDP,2025-07-02,3,90.43,1994.45,APXMIDP
2025-07-01T23:30:00Z,APXMIDP,2025-07-02,2,97.57,2730.1,APXMIDP
2025-07-01T23:00:00Z,APXMIDP,2025-07-02,1,110.7,2362.5,APXMIDP
2025-07-01T22:30:00Z,APXMIDP,2025-07-01,48,85.3,1680.55,APXMIDP
2025-07-01T22:00:00Z,APXMIDP,2025-07-01,47,85.36,1880.8,APXMIDP
2025-07-01T21:30:00Z,APXMIDP,2025-07-01,46,112.92,3531.45,APXMIDP
2025-07-01T21:00:00Z,APXMIDP,2025-07-01,45,120.82,3068.8,APXMIDP
2025-07-01T20:30:00Z,APXMIDP,2025-07-01,44,146.36,3767.05,APXMIDP
2025-07-01T20:00:00Z,APXMIDP,2025-07-01,43,147.93,4636.25,APXMIDP
2025-07-01T19:30:00Z,APXMIDP,2025-07-01,42,201.25,5032.75,APXMIDP
2025-07-01T19:00:00Z,APXMIDP,2025-07-01,41,204.05,5754.1,APXMIDP
2025-07-01T18:30:00Z,APXMIDP,2025-07-01,40,225.82,5339.85,APXMIDP
2025-07-01T18:00:00Z,APXMIDP,2025-07-01,39,230.86,4903.8,APXMIDP
2025-07-01T17:30:00Z,APXMIDP,2025-07-01,38,218.31,5621.75,APXMIDP
2025-07-01T17:00:00Z,APXMIDP,2025-07-01,37,217.96,5554.85,APXMIDP
2025-07-01T16:30:00Z,APXMIDP,2025-07-01,36,138.93,5274.5,APXMIDP
2025-07-01T16:00:00Z,APXMIDP,2025-07-01,35,146.54,4366.0,APXMIDP
2025-07-01T15:30:00Z,APXMIDP,2025-07-01,34,89.41,3955.2,APXMIDP
2025-07-01T15:00:00Z,APXMIDP,2025-07-01,33,92.47,3821.4,APXMIDP
2025-07-01T14:30:00Z,APXMIDP,2025-07-01,32,81.95,3422.95,APXMIDP
2025-07-01T14:00:00Z,APXMIDP,2025-07-01,31,85.67,3824.5,APXMIDP
2025-07-01T13:30:00Z,APXMIDP,2025-07-01,30,68.44,4085.6,APXMIDP
2025-07-01T13:00:00Z,APXMIDP,2025-07-01,29,71.8,3943.45,APXMIDP
2025-07-01T12:30:00Z,APXMIDP,2025-07-01,28,69.33,3890.9,APXMIDP
2025-07-01T12:00:00Z,APXMIDP,2025-07-01,27,69.77,3779.0,APXMIDP
2025-07-01T11:30:00Z,APXMIDP,2025-07-01,26,68.75,3242.15,APXMIDP
2025-07-01T11:00:00Z,APXMIDP,2025-07-01,25,70.35,3351.45,APXMIDP
2025-07-01T10:30:00Z,APXMIDP,2025-07-01,24,70.72,3123.65,APXMIDP
2025-07-01T10:00:00Z,APXMIDP,2025-07-01,23,72.73,3374.15,APXMIDP
2025-07-01T09:30:00Z,APXMIDP,2025-07-01,22,76.73,3720.05,APXMIDP
2025-07-01T09:00:00Z,APXMIDP,2025-07-01,21,73.92,3525.2,APXMIDP
2025-07-01T08:30:00Z,APXMIDP,2025-07-01,20,73.11,3690.85,APXMIDP
2025-07-01T08:00:00Z,APXMIDP,2025-07-01,19,69.53,2990.2,APXMIDP
2025-07-01T07:30:00Z,APXMIDP,2025-07-01,18,86.71,2924.9,APXMIDP
2025-07-01T07:00:00Z,APXMIDP,2025-07-01,17,93.97,2745.1,APXMIDP
2025-07-01T06:30:00Z,APXMIDP,2025-07-01,16,95.18,3445.8,APXMIDP
2025-07-01T06:00:00Z,APXMIDP,2025-07-01,15,89.63,2859.0,APXMIDP
2025-07-01T05:30:00Z,APXMIDP,2025-07-01,14,114.69,2965.75,APXMIDP
2025-07-01T05:00:00Z,APXMIDP,2025-07-01,13,103.55,2642.55,APXMIDP
2025-07-01T04:30:00Z,APXMIDP,2025-07-01,12,100.06,2447.45,APXMIDP
2025-07-01T04:00:00Z,APXMIDP,2025-07-01,11,96.12,2334.4,APXMIDP
2025-07-01T03:30:00Z,APXMIDP,2025-07-01,10,74.62,3237.5,APXMIDP
2025-07-01T03:00:00Z,APXMIDP,2025-07-01,9,73.3,3262.9,APXMIDP
2025-07-01T02:30:00Z,APXMIDP,2025-07-01,8,78.7,2946.55,APXMIDP
2025-07-01T02:00:00Z,APXMIDP,2025-07-01,7,73.18,2412.85,APXMIDP
2025-07-01T01:30:00Z,APXMIDP,2025-07-01,6,70.26,2837.55,APXMIDP
2025-07-01T01:00:00Z,APXMIDP,2025-07-01,5,72.36,2756.45,APXMIDP
2025-07-01T00:30:00Z,APXMIDP,2025-07-01,4,77.31,2676.9,APXMIDP
2025-07-01T00:00:00Z,APXMIDP,2025-07-01,3,80.01,2141.0,APXMIDP
2025-06-30T23:30:00Z,APXMIDP,2025-07-01,2,91.43,2341.7,APXMIDP
2025-06-30T23:00:00Z,APXMIDP,2025-07-01,1,92.1,2072.45,APXMIDP
2025-06-30T22:30:00Z,APXMIDP,2025-06-30,48,96.11,1831.2,APXMIDP
2025-06-30T22:00:00Z,APXMIDP,2025-06-30,47,99.11,2253.7,APXMIDP
2025-06-30T21:30:00Z,APXMIDP,2025-06-30,46,108.66,4243.35,APXMIDP
2025-06-30T21:00:00Z,APXMIDP,2025-06-30,45,115.74,4309.2,APXMIDP
2025-06-30T20:30:00Z,APXMIDP,2025-06-30,44,119.17,4333.8,APXMIDP
2025-06-30T20:00:00Z,APXMIDP,2025-06-30,43,132.64,3810.25,APXMIDP
2025-06-30T19:30:00Z,APXMIDP,2025-06-30,42,165.05,6479.3,APXMIDP
2025-06-30T19:00:00Z,APXMIDP,2025-06-30,41,190.86,5843.1,APXMIDP
2025-06-30T18:30:00Z,APXMIDP,2025-06-30,40,205.45,6431.7,APXMIDP
2025-06-30T18:00:00Z,APXMIDP,2025-06-30,39,208.36,6365.05,APXMIDP
2025-06-30T17:30:00Z,APXMIDP,2025-06-30,38,184.55,7473.6,APXMIDP
2025-06-30T17:00:00Z,APXMIDP,2025-06-30,37,170.36,6670.65,APXMIDP
2025-06-30T16:30:00Z,APXMIDP,2025-06-30,36,145.87,5580.4,APXMIDP
2025-06-30T16:00:00Z,APXMIDP,2025-06-30,35,143.43,5298.4,APXMIDP
2025-06-30T15:30:00Z,APXMIDP,2025-06-30,34,85.37,4442.4,APXMIDP
2025-06-30T15:00:00Z,APXMIDP,2025-06-30,33,95.66,3565.5,APXMIDP
2025-06-30T14:30:00Z,APXMIDP,2025-06-30,32,86.54,3484.95,APXMIDP
2025-06-30T14:00:00Z,APXMIDP,2025-06-30,31,88.77,3562.35,APXMIDP
2025-06-30T13:30:00Z,APXMIDP,2025-06-30,30,76.11,3549.95,APXMIDP
2025-06-30T13:00:00Z,APXMIDP,2025-06-30,29,78.48,3306.4,APXMIDP
2025-06-30T12:30:00Z,APXMIDP,2025-06-30,28,74.54,3042.3,APXMIDP
2025-06-30T12:00:00Z,APXMIDP,2025-06-30,27,70.11,2512.1,APXMIDP
2025-06-30T11:30:00Z,APXMIDP,2025-06-30,26,67.32,2367.55,APXMIDP
2025-06-30T11:00:00Z,APXMIDP,2025-06-30,25,68.66,2616.9,APXMIDP
2025-06-30T10:30:00Z,APXMIDP,2025-06-30,24,65.65,2663.15,APXMIDP
2025-06-30T10:00:00Z,APXMIDP,2025-06-30,23,69.12,2114.1,APXMIDP
2025-06-30T09:30:00Z,APXMIDP,2025-06-30,22,72.02,1923.0,APXMIDP
2025-06-30T09:00:00Z,APXMIDP,2025-06-30,21,74.57,2321.7,APXMIDP
2025-06-30T08:30:00Z,APXMIDP,2025-06-30,20,80.32,2324.6,APXMIDP
2025-06-30T08:00:00Z,APXMIDP,2025-06-30,19,75.27,2286.3,APXMIDP
2025-06-30T07:30:00Z,APXMIDP,2025-06-30,18,75.33,2562.9,APXMIDP
2025-06-30T07:00:00Z,APXMIDP,2025-06-30,17,75.95,2045.35,APXMIDP
2025-06-30T06:30:00Z,APXMIDP,2025-06-30,16,88.11,2287.05,APXMIDP
2025-06-30T06:00:00Z,APXMIDP,2025-06-30,15,82.21,2246.5,APXMIDP
2025-06-30T05:30:00Z,APXMIDP,2025-06-30,14,92.25,2103.0,APXMIDP
2025-06-30T05:00:00Z,APXMIDP,2025-06-30,13,87.29,2079.55,APXMIDP
2025-06-30T04:30:00Z,APXMIDP,2025-06-30,12,79.91,1731.1,APXMIDP
2025-06-30T04:00:00Z,APXMIDP,2025-06-30,11,75.44,1692.0,APXMIDP
2025-06-30T03:30:00Z,APXMIDP,2025-06-30,10,63.68,1931.9,APXMIDP
2025-06-30T03:00:00Z,APXMIDP,2025-06-30,9,61.0,1791.1,APXMIDP
2025-06-30T02:30:00Z,APXMIDP,2025-06-30,8,64.21,1584.3,APXMIDP
2025-06-30T02:00:00Z,APXMIDP,2025-06-30,7,71.73,1668.1,APXMIDP
2025-06-30T01:30:00Z,APXMIDP,2025-06-30,6,65.14,2187.85,APXMIDP
2025-06-30T01:00:00Z,APXMIDP,2025-06-30,5,68.74,1379.7,APXMIDP
2025-06-30T00:30:00Z,APXMIDP,2025-06-30,4,70.27,1497.3,APXMIDP
2025-06-30T00:00:00Z,APXMIDP,2025-06-30,3,75.25,1316.8,APXMIDP
2025-06-29T23:30:00Z,APXMIDP,2025-06-30,2,85.49,1325.85,APXMIDP
2025-06-29T23:00:00Z,APXMIDP,2025-06-30,1,87.91,1126.4,APXMIDP
2025-06-29T22:30:00Z,APXMIDP,2025-06-29,48,84.47,1573.85,APXMIDP
2025-06-29T22:00:00Z,APXMIDP,2025-06-29,47,79.8,1596.9,APXMIDP
2025-06-29T21:30:00Z,APXMIDP,2025-06-29,46,89.02,2751.65,APXMIDP
2025-06-29T21:00:00Z,APXMIDP,2025-06-29,45,98.68,1811.95,APXMIDP
2025-06-29T20:30:00Z,APXMIDP,2025-06-29,44,100.26,1968.8,APXMIDP
2025-06-29T20:00:00Z,APXMIDP,2025-06-29,43,98.85,2253.6,APXMIDP
2025-06-29T19:30:00Z,APXMIDP,2025-06-29,42,99.29,3214.9,APXMIDP
2025-06-29T19:00:00Z,APXMIDP,2025-06-29,41,99.29,3109.65,APXMIDP
2025-06-29T18:30:00Z,APXMIDP,2025-06-29,40,95.53,2752.15,APXMIDP
2025-06-29T18:00:00Z,APXMIDP,2025-06-29,39,93.05,2741.8,APXMIDP
2025-06-29T17:30:00Z,APXMIDP,2025-06-29,38,81.02,2718.3,APXMIDP
2025-06-29T17:00:00Z,APXMIDP,2025-06-29,37,79.67,2332.55,APXMIDP
2025-06-29T16:30:00Z,APXMIDP,2025-06-29,36,73.71,2265.1,APXMIDP
2025-06-29T16:00:00Z,APXMIDP,2025-06-29,35,80.21,2024.25,APXMIDP
2025-06-29T15:30:00Z,APXMIDP,2025-06-29,34,83.2,2380.1,APXMIDP
2025-06-29T15:00:00Z,APXMIDP,2025-06-29,33,78.8,2306.65,APXMIDP
2025-06-29T14:30:00Z,APXMIDP,2025-06-29,32,81.23,2365.6,APXMIDP
2025-06-29T14:00:00Z,APXMIDP,2025-06-29,31,81.29,2155.75,APXMIDP
2025-06-29T13:30:00Z,APXMIDP,2025-06-29,30,90.98,1974.95,APXMIDP
2025-06-29T13:00:00Z,APXMIDP,2025-06-29,29,94.41,1841.45,APXMIDP
2025-06-29T12:30:00Z,APXMIDP,2025-06-29,28,96.75,1649.8,APXMIDP
2025-06-29T12:00:00Z,APXMIDP,2025-06-29,27,97.03,1702.0,APXMIDP
2025-06-29T11:30:00Z,APXMIDP,2025-06-29,26,93.96,1703.45,APXMIDP
2025-06-29T11:00:00Z,APXMIDP,2025-06-29,25,95.37,2016.45,APXMIDP
2025-06-29T10:30:00Z,APXMIDP,2025-06-29,24,95.77,2215.25,APXMIDP
2025-06-29T10:00:00Z,APXMIDP,2025-06-29,23,97.49,2190.55,APXMIDP
2025-06-29T09:30:00Z,APXMIDP,2025-06-29,22,68.79,2215.3,APXMIDP
2025-06-29T09:00:00Z,APXMIDP,2025-06-29,21,58.1,2226.8,APXMIDP
2025-06-29T08:30:00Z,APXMIDP,2025-06-29,20,47.65,2685.35,APXMIDP
2025-06-29T08:00:00Z,APXMIDP,2025-06-29,19,35.46,2846.35,APXMIDP
2025-06-29T07:30:00Z,APXMIDP,2025-06-29,18,17.89,2833.05,APXMIDP
2025-06-29T07:00:00Z,APXMIDP,2025-06-29,17,7.35,2492.9,APXMIDP
2025-06-29T06:30:00Z,APXMIDP,2025-06-29,16,13.4,2513.7,APXMIDP
2025-06-29T06:00:00Z,APXMIDP,2025-06-29,15,8.27,2468.65,APXMIDP
2025-06-29T05:30:00Z,APXMIDP,2025-06-29,14,34.4,2376.45,APXMIDP
2025-06-29T05:00:00Z,APXMIDP,2025-06-29,13,33.09,2518.25,APXMIDP
2025-06-29T04:30:00Z,APXMIDP,2025-06-29,12,46.5,2238.45,APXMIDP
2025-06-29T04:00:00Z,APXMIDP,2025-06-29,11,49.95,2214.0,APXMIDP
2025-06-29T03:30:00Z,APXMIDP,2025-06-29,10,47.69,1957.8,APXMIDP
2025-06-29T03:00:00Z,APXMIDP,2025-06-29,9,46.4,1869.6,APXMIDP
2025-06-29T02:30:00Z,APXMIDP,2025-06-29,8,63.12,1851.75,APXMIDP
2025-06-29T02:00:00Z,APXMIDP,2025-06-29,7,55.77,1923.0,APXMIDP
2025-06-29T01:30:00Z,APXMIDP,2025-06-29,6,8.78,474.75,APXMIDP
2025-06-29T01:00:00Z,APXMIDP,2025-06-29,5,0.0,0.0,APXMIDP
2025-06-29T00:30:00Z,APXMIDP,2025-06-29,4,0.0,0.0,APXMIDP
2025-06-29T00:00:00Z,APXMIDP,2025-06-29,3,0.0,0.0,APXMIDP
2025-06-28T23:30:00Z,APXMIDP,2025-06-29,2,0.0,0.0,APXMIDP
2025-06-28T23:00:00Z,APXMIDP,2025-06-29,1,0.0,0.0,APXMIDP
2025-06-28T22:30:00Z,APXMIDP,2025-06-28,48,0.0,0.0,APXMIDP
2025-06-28T22:00:00Z,APXMIDP,2025-06-28,47,0.0,0.0,APXMIDP
2025-06-28T21:30:00Z,APXMIDP,2025-06-28,46,83.69,1096.0,APXMIDP
2025-06-28T21:00:00Z,APXMIDP,2025-06-28,45,84.63,1018.2,APXMIDP
2025-06-28T20:30:00Z,APXMIDP,2025-06-28,44,88.33,1147.45,APXMIDP
2025-06-28T20:00:00Z,APXMIDP,2025-06-28,43,87.34,1237.15,APXMIDP
2025-06-28T19:30:00Z,APXMIDP,2025-06-28,42,86.51,1288.45,APXMIDP
2025-06-28T19:00:00Z,APXMIDP,2025-06-28,41,86.55,1382.7,APXMIDP
2025-06-28T18:30:00Z,APXMIDP,2025-06-28,40,84.44,1601.75,APXMIDP
2025-06-28T18:00:00Z,APXMIDP,2025-06-28,39,83.04,1806.15,APXMIDP
2025-06-28T17:30:00Z,APXMIDP,2025-06-28,38,52.61,2869.8,APXMIDP
2025-06-28T17:00:00Z,APXMIDP,2025-06-28,37,50.04,3669.2,APXMIDP
2025-06-28T16:30:00Z,APXMIDP,2025-06-28,36,0.17,3762.95,APXMIDP
2025-06-28T16:00:00Z,APXMIDP,2025-06-28,35,-20.52,3046.15,APXMIDP
2025-06-28T15:30:00Z,APXMIDP,2025-06-28,34,-38.46,3369.65,APXMIDP
2025-06-28T15:00:00Z,APXMIDP,2025-06-28,33,-50.65,3305.95,APXMIDP
2025-06-28T14:30:00Z,APXMIDP,2025-06-28,32,-45.13,2875.45,APXMIDP
2025-06-28T14:00:00Z,APXMIDP,2025-06-28,31,-43.6,2957.8,APXMIDP
2025-06-28T13:30:00Z,APXMIDP,2025-06-28,30,-38.38,2867.25,APXMIDP
2025-06-28T13:00:00Z,APXMIDP,2025-06-28,29,-36.32,2743.05,APXMIDP
2025-06-28T12:30:00Z,APXMIDP,2025-06-28,28,-33.59,3183.5,APXMIDP
2025-06-28T12:00:00Z,APXMIDP,2025-06-28,27,-30.86,3161.1,APXMIDP
2025-06-28T11:30:00Z,APXMIDP,2025-06-28,26,-26.26,3083.35,APXMIDP
2025-06-28T11:00:00Z,APXMIDP,2025-06-28,25,-23.92,3038.15,APXMIDP
2025-06-28T10:30:00Z,APXMIDP,2025-06-28,24,-20.47,2926.75,APXMIDP
2025-06-28T10:00:00Z,APXMIDP,2025-06-28,23,-17.0,3144.55,APXMIDP
2025-06-28T09:30:00Z,APXMIDP,2025-06-28,22,-15.28,2865.65,APXMIDP
2025-06-28T09:00:00Z,APXMIDP,2025-06-28,21,-12.38,3012.4,APXMIDP
2025-06-28T08:30:00Z,APXMIDP,2025-06-28,20,-14.01,2767.85,APXMIDP
2025-06-28T08:00:00Z,APXMIDP,2025-06-28,19,-12.59,2461.3,APXMIDP
2025-06-28T07:30:00Z,APXMIDP,2025-06-28,18,-10.07,2071.25,APXMIDP
2025-06-28T07:00:00Z,APXMIDP,2025-06-28,17,-12.52,2319.3,APXMIDP
2025-06-28T06:30:00Z,APXMIDP,2025-06-28,16,2.51,2585.8,APXMIDP
2025-06-28T06:00:00Z,APXMIDP,2025-06-28,15,2.88,2156.45,APXMIDP
2025-06-28T05:30:00Z,APXMIDP,2025-06-28,14,7.66,2051.1,APXMIDP
2025-06-28T05:00:00Z,APXMIDP,2025-06-28,13,7.61,2104.1,APXMIDP
2025-06-28T04:30:00Z,APXMIDP,2025-06-28,12,1.79,1537.6,APXMIDP
2025-06-28T04:00:00Z,APXMIDP,2025-06-28,11,0.34,1812.4,APXMIDP
2025-06-28T03:30:00Z,APXMIDP,2025-06-28,10,-0.53,1808.75,APXMIDP
2025-06-28T03:00:00Z,APXMIDP,2025-06-28,9,-2.0,1681.65,APXMIDP
2025-06-28T02:30:00Z,APXMIDP,2025-06-28,8,-2.03,1763.6,APXMIDP
2025-06-28T02:00:00Z,APXMIDP,2025-06-28,7,-4.61,1688.75,APXMIDP
2025-06-28T01:30:00Z,APXMIDP,2025-06-28,6,1.27,1806.7,APXMIDP
2025-06-28T01:00:00Z,APXMIDP,2025-06-28,5,5.16,1890.95,APXMIDP
2025-06-28T00:30:00Z,APXMIDP,2025-06-28,4,5.06,1933.65,APXMIDP
2025-06-28T00:00:00Z,APXMIDP,2025-06-28,3,4.17,1772.5,APXMIDP
2025-06-27T23:30:00Z,APXMIDP,2025-06-28,2,11.73,1874.15,APXMIDP
2025-06-27T23:00:00Z,APXMIDP,2025-06-28,1,18.6,2317.15,APXMIDP
2025-06-27T22:30:00Z,APXMIDP,2025-06-27,48,15.28,2511.1,APXMIDP
2025-06-27T22:00:00Z,APXMIDP,2025-06-27,47,26.61,3000.65,APXMIDP
2025-06-27T21:30:00Z,APXMIDP,2025-06-27,46,49.06,3406.05,APXMIDP
2025-06-27T21:00:00Z,APXMIDP,2025-06-27,45,51.9,3011.05,APXMIDP
2025-06-27T20:30:00Z,APXMIDP,2025-06-27,44,68.5,2805.5,APXMIDP
2025-06-27T20:00:00Z,APXMIDP,2025-06-27,43,76.21,3123.4,APXMIDP
2025-06-27T19:30:00Z,APXMIDP,2025-06-27,42,90.68,3674.5,APXMIDP
2025-06-27T19:00:00Z,APXMIDP,2025-06-27,41,95.34,3203.25,APXMIDP
2025-06-27T18:30:00Z,APXMIDP,2025-06-27,40,92.54,3199.55,APXMIDP
2025-06-27T18:00:00Z,APXMIDP,2025-06-27,39,93.1,3058.35,APXMIDP
2025-06-27T17:30:00Z,APXMIDP,2025-06-27,38,78.55,3382.85,APXMIDP
2025-06-27T17:00:00Z,APXMIDP,2025-06-27,37,72.99,2826.25,APXMIDP
2025-06-27T16:30:00Z,APXMIDP,2025-06-27,36,60.81,2427.9,APXMIDP
2025-06-27T16:00:00Z,APXMIDP,2025-06-27,35,63.92,1867.1,APXMIDP
2025-06-27T15:30:00Z,APXMIDP,2025-06-27,34,44.62,2085.8,APXMIDP
2025-06-27T15:00:00Z,APXMIDP,2025-06-27,33,34.92,1434.7,APXMIDP
2025-06-27T14:30:00Z,APXMIDP,2025-06-27,32,16.61,1286.85,APXMIDP
2025-06-27T14:00:00Z,APXMIDP,2025-06-27,31,13.25,860.45,APXMIDP
2025-06-27T13:30:00Z,APXMIDP,2025-06-27,30,10.11,1599.7,APXMIDP
2025-06-27T13:00:00Z,APXMIDP,2025-06-27,29,19.02,1026.6,APXMIDP
2025-06-27T12:30:00Z,APXMIDP,2025-06-27,28,20.58,871.65,APXMIDP
2025-06-27T12:00:00Z,APXMIDP,2025-06-27,27,28.77,458.15,APXMIDP
2025-06-27T11:30:00Z,APXMIDP,2025-06-27,26,35.13,424.65,APXMIDP
2025-06-27T11:00:00Z,APXMIDP,2025-06-27,25,43.27,136.25,APXMIDP
2025-06-27T10:30:00Z,APXMIDP,2025-06-27,24,38.01,45.7,APXMIDP
2025-06-27T10:00:00Z,APXMIDP,2025-06-27,23,0.0,0.0,APXMIDP
2025-06-27T09:30:00Z,APXMIDP,2025-06-27,22,83.62,34.55,APXMIDP
2025-06-27T09:00:00Z,APXMIDP,2025-06-27,21,83.74,26.15,APXMIDP
2025-06-27T08:30:00Z,APXMIDP,2025-06-27,20,0.0,0.0,APXMIDP
2025-06-27T08:00:00Z,APXMIDP,2025-06-27,19,0.0,0.0,APXMIDP
2025-06-27T07:30:00Z,APXMIDP,2025-06-27,18,87.68,133.1,APXMIDP
2025-06-27T07:00:00Z,APXMIDP,2025-06-27,17,87.68,133.1,APXMIDP
2025-06-27T06:30:00Z,APXMIDP,2025-06-27,16,87.68,133.1,APXMIDP
2025-06-27T06:00:00Z,APXMIDP,2025-06-27,15,87.68,133.1,APXMIDP
2025-06-27T05:30:00Z,APXMIDP,2025-06-27,14,78.5,547.4,APXMIDP
2025-06-27T05:00:00Z,APXMIDP,2025-06-27,13,80.39,595.0,APXMIDP
2025-06-27T04:30:00Z,APXMIDP,2025-06-27,12,78.23,737.75,APXMIDP
2025-06-27T04:00:00Z,APXMIDP,2025-06-27,11,78.45,766.1,APXMIDP
2025-06-27T03:30:00Z,APXMIDP,2025-06-27,10,73.17,1375.9,APXMIDP
2025-06-27T03:00:00Z,APXMIDP,2025-06-27,9,74.65,1534.7,APXMIDP
2025-06-27T02:30:00Z,APXMIDP,2025-06-27,8,68.22,2059.15,APXMIDP
2025-06-27T02:00:00Z,APXMIDP,2025-06-27,7,69.1,2648.65,APXMIDP
2025-06-27T01:30:00Z,APXMIDP,2025-06-27,6,71.94,3193.2,APXMIDP
2025-06-27T01:00:00Z,APXMIDP,2025-06-27,5,86.18,2368.55,APXMIDP
2025-06-27T00:30:00Z,APXMIDP,2025-06-27,4,83.23,2172.3,APXMIDP
2025-06-27T00:00:00Z,APXMIDP,2025-06-27,3,83.03,2146.4,APXMIDP
2025-06-26T23:30:00Z,APXMIDP,2025-06-27,2,88.44,2362.7,APXMIDP
2025-06-26T23:00:00Z,APXMIDP,2025-06-27,1,88.24,2583.9,APXMIDP
2025-06-26T22:30:00Z,APXMIDP,2025-06-26,48,85.04,3407.9,APXMIDP
2025-06-26T22:00:00Z,APXMIDP,2025-06-26,47,93.17,2512.45,APXMIDP
2025-06-26T21:30:00Z,APXMIDP,2025-06-26,46,89.4,2946.3,APXMIDP
2025-06-26T21:00:00Z,APXMIDP,2025-06-26,45,89.78,3247.9,APXMIDP
2025-06-26T20:30:00Z,APXMIDP,2025-06-26,44,90.27,3244.65,APXMIDP
2025-06-26T20:00:00Z,APXMIDP,2025-06-26,43,89.76,3061.6,APXMIDP
2025-06-26T19:30:00Z,APXMIDP,2025-06-26,42,81.72,3248.3,APXMIDP
2025-06-26T19:00:00Z,APXMIDP,2025-06-26,41,79.33,3485.25,APXMIDP
2025-06-26T18:30:00Z,APXMIDP,2025-06-26,40,78.96,3136.7,APXMIDP
2025-06-26T18:00:00Z,APXMIDP,2025-06-26,39,69.09,3566.65,APXMIDP
2025-06-26T17:30:00Z,APXMIDP,2025-06-26,38,55.58,3912.85,APXMIDP
2025-06-26T17:00:00Z,APXMIDP,2025-06-26,37,53.13,3587.1,APXMIDP
2025-06-26T16:30:00Z,APXMIDP,2025-06-26,36,59.84,3648.5,APXMIDP
2025-06-26T16:00:00Z,APXMIDP,2025-06-26,35,40.66,3851.6,APXMIDP
2025-06-26T15:30:00Z,APXMIDP,2025-06-26,34,20.18,4886.7,APXMIDP
2025-06-26T15:00:00Z,APXMIDP,2025-06-26,33,0.62,3883.45,APXMIDP
2025-06-26T14:30:00Z,APXMIDP,2025-06-26,32,-7.95,4647.75,APXMIDP
2025-06-26T14:00:00Z,APXMIDP,2025-06-26,31,-16.53,4266.4,APXMIDP
2025-06-26T13:30:00Z,APXMIDP,2025-06-26,30,-7.57,4442.2,APXMIDP
2025-06-26T13:00:00Z,APXMIDP,2025-06-26,29,-4.05,4391.65,APXMIDP
2025-06-26T12:30:00Z,APXMIDP,2025-06-26,28,-2.18,4333.9,APXMIDP
2025-06-26T12:00:00Z,APXMIDP,2025-06-26,27,2.19,4548.45,APXMIDP
2025-06-26T11:30:00Z,APXMIDP,2025-06-26,26,19.23,5333.55,APXMIDP
2025-06-26T11:00:00Z,APXMIDP,2025-06-26,25,23.23,5599.9,APXMIDP
2025-06-26T10:30:00Z,APXMIDP,2025-06-26,24,31.52,5315.1,APXMIDP
2025-06-26T10:00:00Z,APXMIDP,2025-06-26,23,45.89,5053.3,APXMIDP
2025-06-26T09:30:00Z,APXMIDP,2025-06-26,22,66.65,4639.0,APXMIDP
2025-06-26T09:00:00Z,APXMIDP,2025-06-26,21,72.51,3667.8,APXMIDP
2025-06-26T08:30:00Z,APXMIDP,2025-06-26,20,72.39,3279.35,APXMIDP
2025-06-26T08:00:00Z,APXMIDP,2025-06-26,19,70.71,3464.7,APXMIDP
2025-06-26T07:30:00Z,APXMIDP,2025-06-26,18,90.9,3137.7,APXMIDP
2025-06-26T07:00:00Z,APXMIDP,2025-06-26,17,93.16,3129.2,APXMIDP
2025-06-26T06:30:00Z,APXMIDP,2025-06-26,16,95.22,3058.55,APXMIDP
2025-06-26T06:00:00Z,APXMIDP,2025-06-26,15,82.78,3067.3,APXMIDP
2025-06-26T05:30:00Z,APXMIDP,2025-06-26,14,87.99,3408.2,APXMIDP
2025-06-26T05:00:00Z,APXMIDP,2025-06-26,13,81.16,2882.05,APXMIDP
2025-06-26T04:30:00Z,APXMIDP,2025-06-26,12,70.83,2315.4,APXMIDP
2025-06-26T04:00:00Z,APXMIDP,2025-06-26,11,71.05,2771.85,APXMIDP
2025-06-26T03:30:00Z,APXMIDP,2025-06-26,10,68.12,2545.15,APXMIDP
2025-06-26T03:00:00Z,APXMIDP,2025-06-26,9,67.02,2196.05,APXMIDP
2025-06-26T02:30:00Z,APXMIDP,2025-06-26,8,71.18,2410.45,APXMIDP
2025-06-26T02:00:00Z,APXMIDP,2025-06-26,7,73.47,2332.95,APXMIDP
2025-06-26T01:30:00Z,APXMIDP,2025-06-26,6,73.69,2983.25,APXMIDP
2025-06-26T01:00:00Z,APXMIDP,2025-06-26,5,71.07,2651.45,APXMIDP
2025-06-26T00:30:00Z,APXMIDP,2025-06-26,4,79.1,3474.5,APXMIDP
2025-06-26T00:00:00Z,APXMIDP,2025-06-26,3,78.91,3155.95,APXMIDP
2025-06-25T23:30:00Z,APXMIDP,2025-06-26,2,78.94,3024.95,APXMIDP
2025-06-25T23:00:00Z,APXMIDP,2025-06-26,1,81.82,2597.95,APXMIDP
2025-06-25T22:30:00Z,APXMIDP,2025-06-25,48,84.22,3843.75,APXMIDP
2025-06-25T22:00:00Z,APXMIDP,2025-06-25,47,79.46,3627.4,APXMIDP
2025-06-25T21:30:00Z,APXMIDP,2025-06-25,46,95.79,4372.4,APXMIDP
2025-06-25T21:00:00Z,APXMIDP,2025-06-25,45,100.49,4346.85,APXMIDP
2025-06-25T20:30:00Z,APXMIDP,2025-06-25,44,110.18,3884.85,APXMIDP
2025-06-25T20:00:00Z,APXMIDP,2025-06-25,43,114.52,3851.55,APXMIDP
2025-06-25T19:30:00Z,APXMIDP,2025-06-25,42,150.92,6167.05,APXMIDP
2025-06-25T19:00:00Z,APXMIDP,2025-06-25,41,168.88,5677.6,APXMIDP
2025-06-25T18:30:00Z,APXMIDP,2025-06-25,40,161.46,5066.1,APXMIDP
2025-06-25T18:00:00Z,APXMIDP,2025-06-25,39,162.68,4454.6,APXMIDP
2025-06-25T17:30:00Z,APXMIDP,2025-06-25,38,146.58,4475.75,APXMIDP
2025-06-25T17:00:00Z,APXMIDP,2025-06-25,37,144.24,4635.5,APXMIDP
2025-06-25T16:30:00Z,APXMIDP,2025-06-25,36,117.36,4869.1,APXMIDP
2025-06-25T16:00:00Z,APXMIDP,2025-06-25,35,119.2,5230.2,APXMIDP
2025-06-25T15:30:00Z,APXMIDP,2025-06-25,34,100.96,4977.4,APXMIDP
2025-06-25T15:00:00Z,APXMIDP,2025-06-25,33,99.66,4623.95,APXMIDP
2025-06-25T14:30:00Z,APXMIDP,2025-06-25,32,78.55,4063.3,APXMIDP
2025-06-25T14:00:00Z,APXMIDP,2025-06-25,31,77.11,3631.9,APXMIDP
2025-06-25T13:30:00Z,APXMIDP,2025-06-25,30,70.2,3531.7,APXMIDP
2025-06-25T13:00:00Z,APXMIDP,2025-06-25,29,74.13,3179.55,APXMIDP
2025-06-25T12:30:00Z,APXMIDP,2025-06-25,28,74.78,3128.2,APXMIDP
2025-07-09T13:00:00Z,APXMIDP,2025-07-09,29,76.63,3011.25,APXMIDP
2025-07-09T12:30:00Z,APXMIDP,2025-07-09,28,79.0,3364.7,APXMIDP
2025-07-09T12:00:00Z,APXMIDP,2025-07-09,27,76.98,3137.4,APXMIDP
2025-07-09T11:30:00Z,APXMIDP,2025-07-09,26,82.49,3490.75,APXMIDP
2025-07-09T11:00:00Z,APXMIDP,2025-07-09,25,75.45,2755.65,APXMIDP
2025-07-09T10:30:00Z,APXMIDP,2025-07-09,24,76.7,2906.7,APXMIDP
2025-07-09T10:00:00Z,APXMIDP,2025-07-09,23,73.7,2379.9,APXMIDP
2025-07-09T09:30:00Z,APXMIDP,2025-07-09,22,75.93,2983.3,APXMIDP
2025-07-09T09:00:00Z,APXMIDP,2025-07-09,21,78.4,2723.2,APXMIDP
2025-07-09T08:30:00Z,APXMIDP,2025-07-09,20,70.17,2517.9,APXMIDP
2025-07-09T08:00:00Z,APXMIDP,2025-07-09,19,69.05,2025.9,APXMIDP
2025-07-09T07:30:00Z,APXMIDP,2025-07-09,18,82.03,2424.35,APXMIDP
2025-07-09T07:00:00Z,APXMIDP,2025-07-09,17,86.28,2190.25,APXMIDP
2025-07-09T06:30:00Z,APXMIDP,2025-07-09,16,94.33,2318.85,APXMIDP
2025-07-09T06:00:00Z,APXMIDP,2025-07-09,15,90.13,2291.3,APXMIDP
2025-07-09T05:30:00Z,APXMIDP,2025-07-09,14,95.52,2145.6,APXMIDP
2025-07-09T05:00:00Z,APXMIDP,2025-07-09,13,81.22,2038.35,APXMIDP
2025-07-09T04:30:00Z,APXMIDP,2025-07-09,12,74.21,2395.0,APXMIDP
2025-07-09T04:00:00Z,APXMIDP,2025-07-09,11,72.48,1869.45,APXMIDP
2025-07-09T03:30:00Z,APXMIDP,2025-07-09,10,69.81,1521.3,APXMIDP
2025-07-09T03:00:00Z,APXMIDP,2025-07-09,9,69.72,1676.1,APXMIDP
2025-07-09T02:30:00Z,APXMIDP,2025-07-09,8,63.72,1328.1,APXMIDP
2025-07-09T02:00:00Z,APXMIDP,2025-07-09,7,68.83,1296.0,APXMIDP
2025-07-09T01:30:00Z,APXMIDP,2025-07-09,6,72.85,1398.0,APXMIDP
2025-07-09T01:00:00Z,APXMIDP,2025-07-09,5,76.71,1444.45,APXMIDP
2025-07-09T00:30:00Z,APXMIDP,2025-07-09,4,76.92,1451.35,APXMIDP
2025-07-09T00:00:00Z,APXMIDP,2025-07-09,3,72.67,1309.7,APXMIDP
2025-07-08T23:30:00Z,APXMIDP,2025-07-09,2,78.15,1441.8,APXMIDP
2025-07-08T23:00:00Z,APXMIDP,2025-07-09,1,85.02,1363.3,APXMIDP
2025-07-08T22:30:00Z,APXMIDP,2025-07-08,48,80.09,1760.0,APXMIDP
2025-07-08T22:00:00Z,APXMIDP,2025-07-08,47,85.76,1789.6,APXMIDP
2025-07-08T21:30:00Z,APXMIDP,2025-07-08,46,83.49,2761.4,APXMIDP
2025-07-08T21:00:00Z,APXMIDP,2025-07-08,45,92.19,2375.15,APXMIDP
2025-07-08T20:30:00Z,APXMIDP,2025-07-08,44,94.94,2468.8,APXMIDP
2025-07-08T20:00:00Z,APXMIDP,2025-07-08,43,102.1,2365.65,APXMIDP
2025-07-08T19:30:00Z,APXMIDP,2025-07-08,42,102.88,2463.15,APXMIDP
2025-07-08T19:00:00Z,APXMIDP,2025-07-08,41,102.16,2175.8,APXMIDP
2025-07-08T18:30:00Z,APXMIDP,2025-07-08,40,102.95,2476.3,APXMIDP
2025-07-08T18:00:00Z,APXMIDP,2025-07-08,39,102.47,2604.25,APXMIDP
2025-07-08T17:30:00Z,APXMIDP,2025-07-08,38,86.44,3109.4,APXMIDP
2025-07-08T17:00:00Z,APXMIDP,2025-07-08,37,80.72,2958.8,APXMIDP
2025-07-08T16:30:00Z,APXMIDP,2025-07-08,36,69.04,3278.5,APXMIDP
2025-07-08T16:00:00Z,APXMIDP,2025-07-08,35,77.32,3203.2,APXMIDP
2025-07-08T15:30:00Z,APXMIDP,2025-07-08,34,64.49,3896.95,APXMIDP
2025-07-08T15:00:00Z,APXMIDP,2025-07-08,33,66.63,3640.85,APXMIDP
2025-07-08T14:30:00Z,APXMIDP,2025-07-08,32,69.0,3652.6,APXMIDP
2025-07-08T14:00:00Z,APXMIDP,2025-07-08,31,59.05,3778.65,APXMIDP
2025-07-08T13:30:00Z,APXMIDP,2025-07-08,30,52.16,2913.4,APXMIDP
2025-07-08T13:00:00Z,APXMIDP,2025-07-08,29,48.65,2644.2,APXMIDP
2025-07-08T12:30:00Z,APXMIDP,2025-07-08,28,55.52,2800.1,APXMIDP
2025-07-08T12:00:00Z,APXMIDP,2025-07-08,27,52.19,2561.15,APXMIDP
2025-07-08T11:30:00Z,APXMIDP,2025-07-08,26,56.2,2195.5,APXMIDP
2025-07-08T11:00:00Z,APXMIDP,2025-07-08,25,60.87,3225.25,APXMIDP
2025-07-08T10:30:00Z,APXMIDP,2025-07-08,24,60.91,2883.95,APXMIDP
2025-07-08T10:00:00Z,APXMIDP,2025-07-08,23,65.02,2810.8,APXMIDP
2025-07-08T09:30:00Z,APXMIDP,2025-07-08,22,73.14,2849.8,APXMIDP
2025-07-08T09:00:00Z,APXMIDP,2025-07-08,21,69.47,2119.4,APXMIDP
2025-07-08T08:30:00Z,APXMIDP,2025-07-08,20,69.21,2585.95,APXMIDP
2025-07-08T08:00:00Z,APXMIDP,2025-07-08,19,76.91,2426.3,APXMIDP
2025-07-08T07:30:00Z,APXMIDP,2025-07-08,18,82.58,2889.3,APXMIDP
2025-07-08T07:00:00Z,APXMIDP,2025-07-08,17,94.65,2064.95,APXMIDP
2025-07-08T06:30:00Z,APXMIDP,2025-07-08,16,91.66,2468.9,APXMIDP
2025-07-08T06:00:00Z,APXMIDP,2025-07-08,15,89.4,2055.55,APXMIDP
2025-07-08T05:30:00Z,APXMIDP,2025-07-08,14,91.19,2774.7,APXMIDP
2025-07-08T05:00:00Z,APXMIDP,2025-07-08,13,77.37,2465.45,APXMIDP
2025-07-08T04:30:00Z,APXMIDP,2025-07-08,12,53.89,3145.05,APXMIDP
2025-07-08T04:00:00Z,APXMIDP,2025-07-08,11,61.91,2381.4,APXMIDP
2025-07-08T03:30:00Z,APXMIDP,2025-07-08,10,70.4,2534.2,APXMIDP
2025-07-08T03:00:00Z,APXMIDP,2025-07-08,9,70.69,2291.7,APXMIDP
2025-07-08T02:30:00Z,APXMIDP,2025-07-08,8,69.33,2420.65,APXMIDP
2025-07-08T02:00:00Z,APXMIDP,2025-07-08,7,63.93,2754.0,APXMIDP
2025-07-08T01:30:00Z,APXMIDP,2025-07-08,6,72.27,2764.95,APXMIDP
2025-07-08T01:00:00Z,APXMIDP,2025-07-08,5,74.83,2407.0,APXMIDP
2025-07-08T00:30:00Z,APXMIDP,2025-07-08,4,59.87,1934.0,APXMIDP
2025-07-08T00:00:00Z,APXMIDP,2025-07-08,3,63.37,1955.5,APXMIDP
2025-07-07T23:30:00Z,APXMIDP,2025-07-08,2,79.03,2459.2,APXMIDP
2025-07-07T23:00:00Z,APXMIDP,2025-07-08,1,73.08,2257.85,APXMIDP
2025-07-07T22:30:00Z,APXMIDP,2025-07-07,48,72.26,2719.25,APXMIDP
2025-07-07T22:00:00Z,APXMIDP,2025-07-07,47,76.11,2356.5,APXMIDP
2025-07-07T21:30:00Z,APXMIDP,2025-07-07,46,80.17,1905.7,APXMIDP
2025-07-07T21:00:00Z,APXMIDP,2025-07-07,45,92.73,2213.45,APXMIDP
2025-07-07T20:30:00Z,APXMIDP,2025-07-07,44,84.5,2761.0,APXMIDP
2025-07-07T20:00:00Z,APXMIDP,2025-07-07,43,96.72,2325.95,APXMIDP
2025-07-07T19:30:00Z,APXMIDP,2025-07-07,42,102.18,2671.95,APXMIDP
2025-07-07T19:00:00Z,APXMIDP,2025-07-07,41,101.86,2816.3,APXMIDP
2025-07-07T18:30:00Z,APXMIDP,2025-07-07,40,97.95,2748.85,APXMIDP
2025-07-07T18:00:00Z,APXMIDP,2025-07-07,39,90.98,2528.05,APXMIDP
2025-07-07T17:30:00Z,APXMIDP,2025-07-07,38,74.82,3291.6,APXMIDP
2025-07-07T17:00:00Z,APXMIDP,2025-07-07,37,65.72,2762.1,APXMIDP
2025-07-07T16:30:00Z,APXMIDP,2025-07-07,36,58.66,3909.3,APXMIDP
2025-07-07T16:00:00Z,APXMIDP,2025-07-07,35,54.54,3258.45,APXMIDP
2025-07-07T15:30:00Z,APXMIDP,2025-07-07,34,38.76,3947.95,APXMIDP
2025-07-07T15:00:00Z,APXMIDP,2025-07-07,33,17.73,3669.75,APXMIDP
2025-07-07T14:30:00Z,APXMIDP,2025-07-07,32,7.44,3273.9,APXMIDP
2025-07-07T14:00:00Z,APXMIDP,2025-07-07,31,-1.27,2836.5,APXMIDP
2025-07-07T13:30:00Z,APXMIDP,2025-07-07,30,3.91,4965.7,APXMIDP
2025-07-07T13:00:00Z,APXMIDP,2025-07-07,29,5.8,4821.8,APXMIDP
2025-07-07T12:30:00Z,APXMIDP,2025-07-07,28,6.29,4217.25,APXMIDP
2025-07-07T12:00:00Z,APXMIDP,2025-07-07,27,16.44,4289.95,APXMIDP
2025-07-07T11:30:00Z,APXMIDP,2025-07-07,26,16.5,4734.7,APXMIDP
2025-07-07T11:00:00Z,APXMIDP,2025-07-07,25,17.56,5130.35,APXMIDP
2025-07-07T10:30:00Z,APXMIDP,2025-07-07,24,43.11,5382.7,APXMIDP
2025-07-07T10:00:00Z,APXMIDP,2025-07-07,23,40.59,4697.95,APXMIDP
2025-07-07T09:30:00Z,APXMIDP,2025-07-07,22,38.67,3153.25,APXMIDP
2025-07-07T09:00:00Z,APXMIDP,2025-07-07,21,40.68,2848.45,APXMIDP
2025-07-07T08:30:00Z,APXMIDP,2025-07-07,20,47.15,2195.3,APXMIDP
2025-07-07T08:00:00Z,APXMIDP,2025-07-07,19,58.67,2672.4,APXMIDP
2025-07-07T07:30:00Z,APXMIDP,2025-07-07,18,68.75,2606.1,APXMIDP
2025-07-07T07:00:00Z,APXMIDP,2025-07-07,17,80.01,2681.6,APXMIDP
2025-07-07T06:30:00Z,APXMIDP,2025-07-07,16,89.29,2645.45,APXMIDP
2025-07-07T06:00:00Z,APXMIDP,2025-07-07,15,91.72,2408.25,APXMIDP
2025-07-07T05:30:00Z,APXMIDP,2025-07-07,14,83.84,2595.0,APXMIDP
2025-07-07T05:00:00Z,APXMIDP,2025-07-07,13,86.55,2288.95,APXMIDP
2025-07-07T04:30:00Z,APXMIDP,2025-07-07,12,91.07,1597.4,APXMIDP
2025-07-07T04:00:00Z,APXMIDP,2025-07-07,11,84.75,1189.95,APXMIDP
2025-07-07T03:30:00Z,APXMIDP,2025-07-07,10,81.53,1283.35,APXMIDP
2025-07-07T03:00:00Z,APXMIDP,2025-07-07,9,84.33,1215.15,APXMIDP
2025-07-07T02:30:00Z,APXMIDP,2025-07-07,8,83.27,1462.25,APXMIDP
2025-07-07T02:00:00Z,APXMIDP,2025-07-07,7,75.61,1526.6,APXMIDP
2025-07-07T01:30:00Z,APXMIDP,2025-07-07,6,80.89,2572.9,APXMIDP
2025-07-07T01:00:00Z,APXMIDP,2025-07-07,5,84.98,2270.35,APXMIDP
2025-07-07T00:30:00Z,APXMIDP,2025-07-07,4,85.86,2437.3,APXMIDP
2025-07-07T00:00:00Z,APXMIDP,2025-07-07,3,87.21,2526.05,APXMIDP
2025-07-06T23:30:00Z,APXMIDP,2025-07-07,2,88.29,2323.5,APXMIDP
2025-07-06T23:00:00Z,APXMIDP,2025-07-07,1,86.31,2116.8,APXMIDP
2025-07-06T22:30:00Z,APXMIDP,2025-07-06,48,89.56,2598.4,APXMIDP
2025-07-06T22:00:00Z,APXMIDP,2025-07-06,47,91.34,2985.35,APXMIDP
2025-07-06T21:30:00Z,APXMIDP,2025-07-06,46,101.14,2816.0,APXMIDP
2025-07-06T21:00:00Z,APXMIDP,2025-07-06,45,100.51,2596.25,APXMIDP
2025-07-06T20:30:00Z,APXMIDP,2025-07-06,44,97.15,2857.05,APXMIDP
2025-07-06T20:00:00Z,APXMIDP,2025-07-06,43,97.2,2697.65,APXMIDP
2025-07-06T19:30:00Z,APXMIDP,2025-07-06,42,102.71,3292.0,APXMIDP
2025-07-06T19:00:00Z,APXMIDP,2025-07-06,41,107.01,2734.1,APXMIDP
2025-07-06T18:30:00Z,APXMIDP,2025-07-06,40,106.83,2608.15,APXMIDP
2025-07-06T18:00:00Z,APXMIDP,2025-07-06,39,107.88,2681.75,APXMIDP
2025-07-06T17:30:00Z,APXMIDP,2025-07-06,38,106.84,3416.0,APXMIDP
2025-07-06T17:00:00Z,APXMIDP,2025-07-06,37,105.53,3068.65,APXMIDP
2025-07-06T16:30:00Z,APXMIDP,2025-07-06,36,91.13,3291.4,APXMIDP
2025-07-06T16:00:00Z,APXMIDP,2025-07-06,35,96.2,3765.7,APXMIDP
2025-07-06T15:30:00Z,APXMIDP,2025-07-06,34,86.84,3775.15,APXMIDP
2025-07-06T15:00:00Z,APXMIDP,2025-07-06,33,83.38,3715.55,APXMIDP
2025-07-06T14:30:00Z,APXMIDP,2025-07-06,32,80.82,3866.5,APXMIDP
2025-07-06T14:00:00Z,APXMIDP,2025-07-06,31,77.27,3933.6,APXMIDP
2025-07-06T13:30:00Z,APXMIDP,2025-07-06,30,73.61,3901.7,APXMIDP
2025-07-06T13:00:00Z,APXMIDP,2025-07-06,29,82.17,3759.2,APXMIDP
2025-07-06T12:30:00Z,APXMIDP,2025-07-06,28,85.58,3454.4,APXMIDP
2025-07-06T12:00:00Z,APXMIDP,2025-07-06,27,87.57,3660.25,APXMIDP
2025-07-06T11:30:00Z,APXMIDP,2025-07-06,26,86.5,3518.55,APXMIDP
2025-07-06T11:00:00Z,APXMIDP,2025-07-06,25,88.47,3245.4,APXMIDP
2025-07-06T10:30:00Z,APXMIDP,2025-07-06,24,85.81,3587.8,APXMIDP
2025-07-06T10:00:00Z,APXMIDP,2025-07-06,23,85.01,3765.35,APXMIDP
2025-07-06T09:30:00Z,APXMIDP,2025-07-06,22,93.06,3797.8,APXMIDP
2025-07-06T09:00:00Z,APXMIDP,2025-07-06,21,91.45,3939.1,APXMIDP
2025-07-06T08:30:00Z,APXMIDP,2025-07-06,20,93.35,3633.5,APXMIDP
2025-07-06T08:00:00Z,APXMIDP,2025-07-06,19,93.12,3573.6,APXMIDP
2025-07-06T07:30:00Z,APXMIDP,2025-07-06,18,94.45,3866.6,APXMIDP
2025-07-06T07:00:00Z,APXMIDP,2025-07-06,17,95.51,3311.55,APXMIDP
2025-07-06T06:30:00Z,APXMIDP,2025-07-06,16,94.03,3280.6,APXMIDP
2025-07-06T06:00:00Z,APXMIDP,2025-07-06,15,91.42,3610.4,APXMIDP
2025-07-06T05:30:00Z,APXMIDP,2025-07-06,14,93.29,3705.6,APXMIDP
2025-07-06T05:00:00Z,APXMIDP,2025-07-06,13,89.3,3415.05,APXMIDP
2025-07-06T04:30:00Z,APXMIDP,2025-07-06,12,91.62,2669.8,APXMIDP
2025-07-06T04:00:00Z,APXMIDP,2025-07-06,11,94.48,2526.9,APXMIDP
2025-07-06T03:30:00Z,APXMIDP,2025-07-06,10,96.45,2551.15,APXMIDP
2025-07-06T03:00:00Z,APXMIDP,2025-07-06,9,96.24,2272.95,APXMIDP
2025-07-06T02:30:00Z,APXMIDP,2025-07-06,8,82.71,1647.05,APXMIDP
2025-07-06T02:00:00Z,APXMIDP,2025-07-06,7,77.63,1738.5,APXMIDP
2025-07-06T01:30:00Z,APXMIDP,2025-07-06,6,69.44,1848.15,APXMIDP
2025-07-06T01:00:00Z,APXMIDP,2025-07-06,5,75.16,1505.15,APXMIDP
2025-07-06T00:30:00Z,APXMIDP,2025-07-06,4,76.53,1773.85,APXMIDP
2025-07-06T00:00:00Z,APXMIDP,2025-07-06,3,83.17,1548.0,APXMIDP
2025-07-05T23:30:00Z,APXMIDP,2025-07-06,2,81.0,1735.3,APXMIDP
2025-07-05T23:00:00Z,APXMIDP,2025-07-06,1,81.19,1988.4,APXMIDP
2025-07-05T22:30:00Z,APXMIDP,2025-07-05,48,87.16,1507.15,APXMIDP
2025-07-05T22:00:00Z,APXMIDP,2025-07-05,47,87.59,1467.55,APXMIDP
2025-07-05T21:30:00Z,APXMIDP,2025-07-05,46,90.88,2683.6,APXMIDP
2025-07-05T21:00:00Z,APXMIDP,2025-07-05,45,92.4,2610.25,APXMIDP
2025-07-05T20:30:00Z,APXMIDP,2025-07-05,44,93.2,3005.7,APXMIDP
2025-07-05T20:00:00Z,APXMIDP,2025-07-05,43,92.25,3075.65,APXMIDP
2025-07-05T19:30:00Z,APXMIDP,2025-07-05,42,78.2,3060.0,APXMIDP
2025-07-05T19:00:00Z,APXMIDP,2025-07-05,41,66.92,2824.85,APXMIDP
2025-07-05T18:30:00Z,APXMIDP,2025-07-05,40,69.93,2885.7,APXMIDP
2025-07-05T18:00:00Z,APXMIDP,2025-07-05,39,64.0,3036.65,APXMIDP
2025-07-05T17:30:00Z,APXMIDP,2025-07-05,38,55.01,2683.6,APXMIDP
2025-07-05T17:00:00Z,APXMIDP,2025-07-05,37,28.22,2585.95,APXMIDP
2025-07-05T16:30:00Z,APXMIDP,2025-07-05,36,30.46,2353.45,APXMIDP
2025-07-05T16:00:00Z,APXMIDP,2025-07-05,35,3.8,2279.55,APXMIDP
2025-07-05T15:30:00Z,APXMIDP,2025-07-05,34,-5.56,2355.8,APXMIDP
2025-07-05T15:00:00Z,APXMIDP,2025-07-05,33,-17.46,2683.85,APXMIDP
2025-07-05T14:30:00Z,APXMIDP,2025-07-05,32,-9.19,2481.35,APXMIDP
2025-07-05T14:00:00Z,APXMIDP,2025-07-05,31,-4.9,2317.65,APXMIDP
2025-07-05T13:30:00Z,APXMIDP,2025-07-05,30,0.05,2958.55,APXMIDP
2025-07-05T13:00:00Z,APXMIDP,2025-07-05,29,5.71,2929.35,APXMIDP
2025-07-05T12:30:00Z,APXMIDP,2025-07-05,28,-0.28,2434.3,APXMIDP
2025-07-05T12:00:00Z,APXMIDP,2025-07-05,27,5.49,2666.3,APXMIDP
2025-07-05T11:30:00Z,APXMIDP,2025-07-05,26,-0.65,2319.35,APXMIDP
2025-07-05T11:00:00Z,APXMIDP,2025-07-05,25,-5.98,2183.7,APXMIDP
2025-07-05T10:30:00Z,APXMIDP,2025-07-05,24,2.71,2428.65,APXMIDP
2025-07-05T10:00:00Z,APXMIDP,2025-07-05,23,-6.0,1883.75,APXMIDP
2025-07-05T09:30:00Z,APXMIDP,2025-07-05,22,-11.11,1745.95,APXMIDP
2025-07-05T09:00:00Z,APXMIDP,2025-07-05,21,-11.61,1687.3,APXMIDP
2025-07-05T08:30:00Z,APXMIDP,2025-07-05,20,-11.24,1282.55,APXMIDP
2025-07-05T08:00:00Z,APXMIDP,2025-07-05,19,-10.41,1363.85,APXMIDP
2025-07-05T07:30:00Z,APXMIDP,2025-07-05,18,-8.89,1619.7,APXMIDP
2025-07-05T07:00:00Z,APXMIDP,2025-07-05,17,-10.01,1540.8,APXMIDP
2025-07-05T06:30:00Z,APXMIDP,2025-07-05,16,8.34,2310.8,APXMIDP
2025-07-05T06:00:00Z,APXMIDP,2025-07-05,15,0.14,1781.7,APXMIDP
2025-07-05T05:30:00Z,APXMIDP,2025-07-05,14,23.84,2385.9,APXMIDP
2025-07-05T05:00:00Z,APXMIDP,2025-07-05,13,16.26,2010.45,APXMIDP
2025-07-05T04:30:00Z,APXMIDP,2025-07-05,12,17.79,1636.2,APXMIDP
2025-07-05T04:00:00Z,APXMIDP,2025-07-05,11,16.54,1851.55,APXMIDP
2025-07-05T03:30:00Z,APXMIDP,2025-07-05,10,11.42,1773.25,APXMIDP
2025-07-05T03:00:00Z,APXMIDP,2025-07-05,9,13.31,1915.95,APXMIDP
2025-07-05T02:30:00Z,APXMIDP,2025-07-05,8,14.03,1725.6,APXMIDP
2025-07-05T02:00:00Z,APXMIDP,2025-07-05,7,13.4,2063.2,APXMIDP
2025-07-05T01:30:00Z,APXMIDP,2025-07-05,6,17.1,2217.85,APXMIDP
2025-07-05T01:00:00Z,APXMIDP,2025-07-05,5,21.37,2367.15,APXMIDP
2025-07-05T00:30:00Z,APXMIDP,2025-07-05,4,18.48,2015.05,APXMIDP
2025-07-05T00:00:00Z,APXMIDP,2025-07-05,3,17.08,2268.75,APXMIDP
2025-07-04T23:30:00Z,APXMIDP,2025-07-05,2,11.1,1762.4,APXMIDP
2025-07-04T23:00:00Z,APXMIDP,2025-07-05,1,13.79,1869.25,APXMIDP
2025-07-04T22:30:00Z,APXMIDP,2025-07-04,48,11.13,2101.6,APXMIDP
2025-07-04T22:00:00Z,APXMIDP,2025-07-04,47,11.91,2520.65,APXMIDP
2025-07-04T21:30:00Z,APXMIDP,2025-07-04,46,55.49,2717.7,APXMIDP
2025-07-04T21:00:00Z,APXMIDP,2025-07-04,45,63.97,3099.0,APXMIDP
2025-07-04T20:30:00Z,APXMIDP,2025-07-04,44,64.59,2875.1,APXMIDP
2025-07-04T20:00:00Z,APXMIDP,2025-07-04,43,71.6,2536.7,APXMIDP
2025-07-04T19:30:00Z,APXMIDP,2025-07-04,42,79.17,2819.65,APXMIDP
2025-07-04T19:00:00Z,APXMIDP,2025-07-04,41,84.67,3011.9,APXMIDP
2025-07-04T18:30:00Z,APXMIDP,2025-07-04,40,95.05,3414.7,APXMIDP
2025-07-04T18:00:00Z,APXMIDP,2025-07-04,39,93.35,3003.35,APXMIDP
2025-07-04T17:30:00Z,APXMIDP,2025-07-04,38,77.49,3154.35,APXMIDP
2025-07-04T17:00:00Z,APXMIDP,2025-07-04,37,73.64,3164.85,APXMIDP
2025-07-04T16:30:00Z,APXMIDP,2025-07-04,36,60.12,3456.55,APXMIDP
2025-07-04T16:00:00Z,APXMIDP,2025-07-04,35,54.69,3603.2,APXMIDP
2025-07-04T15:30:00Z,APXMIDP,2025-07-04,34,34.16,4303.2,APXMIDP
2025-07-04T15:00:00Z,APXMIDP,2025-07-04,33,16.91,4381.15,APXMIDP
2025-07-04T14:30:00Z,APXMIDP,2025-07-04,32,-21.32,3330.4,APXMIDP
2025-07-04T14:00:00Z,APXMIDP,2025-07-04,31,-26.17,3300.4,APXMIDP
2025-07-04T13:30:00Z,APXMIDP,2025-07-04,30,-21.77,2946.1,APXMIDP
2025-07-04T13:00:00Z,APXMIDP,2025-07-04,29,-19.13,3309.4,APXMIDP
2025-07-04T12:30:00Z,APXMIDP,2025-07-04,28,-18.26,2959.45,APXMIDP
2025-07-04T12:00:00Z,APXMIDP,2025-07-04,27,-13.84,2605.3,APXMIDP
2025-07-04T11:30:00Z,APXMIDP,2025-07-04,26,-12.24,2938.5,APXMIDP
2025-07-04T11:00:00Z,APXMIDP,2025-07-04,25,-5.17,3210.95,APXMIDP
2025-07-04T10:30:00Z,APXMIDP,2025-07-04,24,-8.89,3318.35,APXMIDP
2025-07-04T10:00:00Z,APXMIDP,2025-07-04,23,-0.07,2985.0,APXMIDP
2025-07-04T09:30:00Z,APXMIDP,2025-07-04,22,13.22,3047.75,APXMIDP
2025-07-04T09:00:00Z,APXMIDP,2025-07-04,21,26.18,3016.25,APXMIDP
2025-07-04T08:30:00Z,APXMIDP,2025-07-04,20,23.39,2232.15,APXMIDP
2025-07-04T08:00:00Z,APXMIDP,2025-07-04,19,33.81,2101.25,APXMIDP
2025-07-04T07:30:00Z,APXMIDP,2025-07-04,18,60.69,2345.2,APXMIDP
2025-07-04T07:00:00Z,APXMIDP,2025-07-04,17,67.76,2554.95,APXMIDP
2025-07-04T06:30:00Z,APXMIDP,2025-07-04,16,83.56,2631.0,APXMIDP
2025-07-04T06:00:00Z,APXMIDP,2025-07-04,15,84.24,2486.0,APXMIDP
2025-07-04T05:30:00Z,APXMIDP,2025-07-04,14,86.93,2338.75,APXMIDP
2025-07-04T05:00:00Z,APXMIDP,2025-07-04,13,81.67,1920.45,APXMIDP
2025-07-04T04:30:00Z,APXMIDP,2025-07-04,12,73.98,1348.0,APXMIDP
2025-07-04T04:00:00Z,APXMIDP,2025-07-04,11,71.36,1342.45,APXMIDP
2025-07-04T03:30:00Z,APXMIDP,2025-07-04,10,68.79,1561.4,APXMIDP
2025-07-04T03:00:00Z,APXMIDP,2025-07-04,9,71.88,1561.35,APXMIDP
2025-07-04T02:30:00Z,APXMIDP,2025-07-04,8,69.23,1739.15,APXMIDP
2025-07-04T02:00:00Z,APXMIDP,2025-07-04,7,72.37,1682.45,APXMIDP
2025-07-04T01:30:00Z,APXMIDP,2025-07-04,6,76.54,1784.05,APXMIDP
2025-07-04T01:00:00Z,APXMIDP,2025-07-04,5,77.97,1772.05,APXMIDP
2025-07-04T00:30:00Z,APXMIDP,2025-07-04,4,80.42,1890.85,APXMIDP
2025-07-04T00:00:00Z,APXMIDP,2025-07-04,3,80.3,1846.05,APXMIDP
2025-07-03T23:30:00Z,APXMIDP,2025-07-04,2,80.01,2330.4,APXMIDP
2025-07-03T23:00:00Z,APXMIDP,2025-07-04,1,77.39,2337.5,APXMIDP
2025-07-03T22:30:00Z,APXMIDP,2025-07-03,48,80.18,2111.3,APXMIDP
2025-07-03T22:00:00Z,APXMIDP,2025-07-03,47,60.64,2468.3,APXMIDP
2025-07-03T21:30:00Z,APXMIDP,2025-07-03,46,77.77,3127.55,APXMIDP
2025-07-03T21:00:00Z,APXMIDP,2025-07-03,45,87.95,3172.65,APXMIDP
2025-07-03T20:30:00Z,APXMIDP,2025-07-03,44,91.2,3428.0,APXMIDP
2025-07-03T20:00:00Z,APXMIDP,2025-07-03,43,89.46,3478.35,APXMIDP
2025-07-03T19:30:00Z,APXMIDP,2025-07-03,42,87.05,3430.7,APXMIDP
2025-07-03T19:00:00Z,APXMIDP,2025-07-03,41,87.5,3529.55,APXMIDP
2025-07-03T18:30:00Z,APXMIDP,2025-07-03,40,82.27,4075.4,APXMIDP
2025-07-03T18:00:00Z,APXMIDP,2025-07-03,39,75.81,3597.1,APXMIDP
2025-07-03T17:30:00Z,APXMIDP,2025-07-03,38,71.52,3568.9,APXMIDP
2025-07-03T17:00:00Z,APXMIDP,2025-07-03,37,74.53,3416.8,APXMIDP
2025-07-03T16:30:00Z,APXMIDP,2025-07-03,36,60.08,3357.95,APXMIDP
2025-07-03T16:00:00Z,APXMIDP,2025-07-03,35,71.4,2844.25,APXMIDP
2025-07-03T15:30:00Z,APXMIDP,2025-07-03,34,69.47,2891.5,APXMIDP
2025-07-03T15:00:00Z,APXMIDP,2025-07-03,33,71.92,2684.05,APXMIDP
2025-07-03T14:30:00Z,APXMIDP,2025-07-03,32,71.49,3222.65,APXMIDP
2025-07-03T14:00:00Z,APXMIDP,2025-07-03,31,68.12,2875.4,APXMIDP
2025-07-03T13:30:00Z,APXMIDP,2025-07-03,30,61.92,4986.85,APXMIDP
2025-07-03T13:00:00Z,APXMIDP,2025-07-03,29,62.46,4403.45,APXMIDP
2025-07-03T12:30:00Z,APXMIDP,2025-07-03,28,67.37,4033.8,APXMIDP
2025-07-03T12:00:00Z,APXMIDP,2025-07-03,27,68.99,4508.0,APXMIDP
2025-07-03T11:30:00Z,APXMIDP,2025-07-03,26,58.66,4200.4,APXMIDP
2025-07-03T11:00:00Z,APXMIDP,2025-07-03,25,65.45,4250.7,APXMIDP
2025-07-03T10:30:00Z,APXMIDP,2025-07-03,24,68.18,3830.9,APXMIDP
2025-07-03T10:00:00Z,APXMIDP,2025-07-03,23,66.96,3858.8,APXMIDP
2025-07-03T09:30:00Z,APXMIDP,2025-07-03,22,80.12,3733.7,APXMIDP
2025-07-03T09:00:00Z,APXMIDP,2025-07-03,21,83.13,3055.2,APXMIDP
2025-07-03T08:30:00Z,APXMIDP,2025-07-03,20,81.49,2776.85,APXMIDP
2025-07-03T08:00:00Z,APXMIDP,2025-07-03,19,80.51,2716.2,APXMIDP
2025-07-03T07:30:00Z,APXMIDP,2025-07-03,18,90.36,2814.05,APXMIDP
2025-07-03T07:00:00Z,APXMIDP,2025-07-03,17,95.49,2677.7,APXMIDP
2025-07-03T06:30:00Z,APXMIDP,2025-07-03,16,110.62,3307.05,APXMIDP
2025-07-03T06:00:00Z,APXMIDP,2025-07-03,15,109.88,2892.9,APXMIDP
2025-07-03T05:30:00Z,APXMIDP,2025-07-03,14,108.16,2480.15,APXMIDP
2025-07-03T05:00:00Z,APXMIDP,2025-07-03,13,96.61,2565.45,APXMIDP
2025-07-03T04:30:00Z,APXMIDP,2025-07-03,12,107.79,2259.5,APXMIDP
2025-07-03T04:00:00Z,APXMIDP,2025-07-03,11,103.93,2411.75,APXMIDP
2025-07-03T03:30:00Z,APXMIDP,2025-07-03,10,90.05,2268.6,APXMIDP
2025-07-03T03:00:00Z,APXMIDP,2025-07-03,9,90.82,2206.4,APXMIDP
2025-07-03T02:30:00Z,APXMIDP,2025-07-03,8,92.44,2234.3,APXMIDP
2025-07-03T02:00:00Z,APXMIDP,2025-07-03,7,92.41,2221.05,APXMIDP
2025-07-03T01:30:00Z,APXMIDP,2025-07-03,6,83.33,2365.75,APXMIDP
2025-07-03T01:00:00Z,APXMIDP,2025-07-03,5,82.06,2125.0,APXMIDP
2025-07-03T00:30:00Z,APXMIDP,2025-07-03,4,87.54,2148.65,APXMIDP
2025-07-03T00:00:00Z,APXMIDP,2025-07-03,3,91.18,2025.0,APXMIDP
2025-07-02T23:30:00Z,APXMIDP,2025-07-03,2,95.93,2635.3,APXMIDP
2025-07-02T23:00:00Z,APXMIDP,2025-07-03,1,91.74,2362.0,APXMIDP
2025-07-02T22:30:00Z,APXMIDP,2025-07-02,48,93.56,3685.05,APXMIDP
2025-07-02T22:00:00Z,APXMIDP,2025-07-02,47,89.87,2760.15,APXMIDP
2025-07-02T21:30:00Z,APXMIDP,2025-07-02,46,75.21,5343.35,APXMIDP
2025-07-02T21:00:00Z,APXMIDP,2025-07-02,45,75.2,5319.5,APXMIDP
2025-07-02T20:30:00Z,APXMIDP,2025-07-02,44,76.8,5167.95,APXMIDP
2025-07-02T20:00:00Z,APXMIDP,2025-07-02,43,75.71,5417.7,APXMIDP
2025-07-02T19:30:00Z,APXMIDP,2025-07-02,42,78.83,4894.65,APXMIDP
2025-07-02T19:00:00Z,APXMIDP,2025-07-02,41,80.68,4801.85,APXMIDP
2025-07-02T18:30:00Z,APXMIDP,2025-07-02,40,81.87,4998.25,APXMIDP
2025-07-02T18:00:00Z,APXMIDP,2025-07-02,39,86.96,5656.55,APXMIDP
2025-07-02T17:30:00Z,APXMIDP,2025-07-02,38,81.11,5553.75,APXMIDP
2025-07-02T17:00:00Z,APXMIDP,2025-07-02,37,75.91,4659.4,APXMIDP
2025-07-02T16:30:00Z,APXMIDP,2025-07-02,36,76.77,4206.05,APXMIDP
2025-07-02T16:00:00Z,APXMIDP,2025-07-02,35,73.89,4780.4,APXMIDP
2025-07-02T15:30:00Z,APXMIDP,2025-07-02,34,66.86,4352.35,APXMIDP
2025-07-02T15:00:00Z,APXMIDP,2025-07-02,33,67.62,4333.65,APXMIDP
2025-07-02T14:30:00Z,APXMIDP,2025-07-02,32,72.95,5074.5,APXMIDP
2025-07-02T14:00:00Z,APXMIDP,2025-07-02,31,71.42,5084.45,APXMIDP
2025-07-02T13:30:00Z,APXMIDP,2025-07-02,30,63.8,4443.85,APXMIDP
2025-07-02T13:00:00Z,APXMIDP,2025-07-02,29,67.84,4489.35,APXMIDP
2025-07-16T13:30:00Z,APXMIDP,2025-07-16,30,83.71,3181.85,APXMIDP
2025-07-16T13:00:00Z,APXMIDP,2025-07-16,29,77.8,3017.35,APXMIDP
2025-07-16T12:30:00Z,APXMIDP,2025-07-16,28,75.26,2420.2,APXMIDP
2025-07-16T12:00:00Z,APXMIDP,2025-07-16,27,75.51,2498.7,APXMIDP
2025-07-16T11:30:00Z,APXMIDP,2025-07-16,26,76.54,2388.05,APXMIDP
2025-07-16T11:00:00Z,APXMIDP,2025-07-16,25,74.64,2512.7,APXMIDP
2025-07-16T10:30:00Z,APXMIDP,2025-07-16,24,73.46,1820.35,APXMIDP
2025-07-16T10:00:00Z,APXMIDP,2025-07-16,23,74.77,1725.5,APXMIDP
2025-07-16T09:30:00Z,APXMIDP,2025-07-16,22,90.46,1367.45,APXMIDP
2025-07-16T09:00:00Z,APXMIDP,2025-07-16,21,90.97,1543.95,APXMIDP
2025-07-16T08:30:00Z,APXMIDP,2025-07-16,20,91.18,2299.7,APXMIDP
2025-07-16T08:00:00Z,APXMIDP,2025-07-16,19,96.95,2468.05,APXMIDP
2025-07-16T07:30:00Z,APXMIDP,2025-07-16,18,94.36,2960.05,APXMIDP
2025-07-16T07:00:00Z,APXMIDP,2025-07-16,17,90.26,2864.05,APXMIDP
2025-07-16T06:30:00Z,APXMIDP,2025-07-16,16,100.31,2260.75,APXMIDP
2025-07-16T06:00:00Z,APXMIDP,2025-07-16,15,93.23,2184.85,APXMIDP
2025-07-16T05:30:00Z,APXMIDP,2025-07-16,14,89.09,1997.5,APXMIDP
2025-07-16T05:00:00Z,APXMIDP,2025-07-16,13,84.45,1764.1,APXMIDP
2025-07-16T04:30:00Z,APXMIDP,2025-07-16,12,88.09,2238.8,APXMIDP
2025-07-16T04:00:00Z,APXMIDP,2025-07-16,11,80.11,2108.85,APXMIDP
2025-07-16T03:30:00Z,APXMIDP,2025-07-16,10,69.27,2117.5,APXMIDP
2025-07-16T03:00:00Z,APXMIDP,2025-07-16,9,69.37,2205.8,APXMIDP
2025-07-16T02:30:00Z,APXMIDP,2025-07-16,8,68.45,1874.95,APXMIDP
2025-07-16T02:00:00Z,APXMIDP,2025-07-16,7,68.82,2126.25,APXMIDP
2025-07-16T01:30:00Z,APXMIDP,2025-07-16,6,67.93,2375.1,APXMIDP
2025-07-16T01:00:00Z,APXMIDP,2025-07-16,5,67.43,2748.05,APXMIDP
2025-07-16T00:30:00Z,APXMIDP,2025-07-16,4,70.91,2401.3,APXMIDP
2025-07-16T00:00:00Z,APXMIDP,2025-07-16,3,71.0,2634.8,APXMIDP
2025-07-15T23:30:00Z,APXMIDP,2025-07-16,2,75.36,2569.2,APXMIDP
2025-07-15T23:00:00Z,APXMIDP,2025-07-16,1,80.17,2598.3,APXMIDP
2025-07-15T22:30:00Z,APXMIDP,2025-07-15,48,88.43,2318.0,APXMIDP
2025-07-15T22:00:00Z,APXMIDP,2025-07-15,47,85.53,2207.3,APXMIDP
2025-07-15T21:30:00Z,APXMIDP,2025-07-15,46,82.52,3592.75,APXMIDP
2025-07-15T21:00:00Z,APXMIDP,2025-07-15,45,84.89,3416.05,APXMIDP
2025-07-15T20:30:00Z,APXMIDP,2025-07-15,44,90.76,3601.85,APXMIDP
2025-07-15T20:00:00Z,APXMIDP,2025-07-15,43,96.22,3310.65,APXMIDP
2025-07-15T19:30:00Z,APXMIDP,2025-07-15,42,94.74,3728.9,APXMIDP
2025-07-15T19:00:00Z,APXMIDP,2025-07-15,41,95.65,4023.35,APXMIDP
2025-07-15T18:30:00Z,APXMIDP,2025-07-15,40,86.31,3431.25,APXMIDP
2025-07-15T18:00:00Z,APXMIDP,2025-07-15,39,91.79,3342.5,APXMIDP
2025-07-15T17:30:00Z,APXMIDP,2025-07-15,38,81.58,4214.55,APXMIDP
2025-07-15T17:00:00Z,APXMIDP,2025-07-15,37,85.77,4705.95,APXMIDP
2025-07-15T16:30:00Z,APXMIDP,2025-07-15,36,85.09,4783.5,APXMIDP
2025-07-15T16:00:00Z,APXMIDP,2025-07-15,35,85.19,4858.4,APXMIDP
2025-07-15T15:30:00Z,APXMIDP,2025-07-15,34,68.66,5246.6,APXMIDP
2025-07-15T15:00:00Z,APXMIDP,2025-07-15,33,58.9,4635.3,APXMIDP
2025-07-15T14:30:00Z,APXMIDP,2025-07-15,32,42.57,4497.75,APXMIDP
2025-07-15T14:00:00Z,APXMIDP,2025-07-15,31,36.56,3913.55,APXMIDP
2025-07-15T13:30:00Z,APXMIDP,2025-07-15,30,39.61,4277.0,APXMIDP
2025-07-15T13:00:00Z,APXMIDP,2025-07-15,29,48.18,3540.15,APXMIDP
2025-07-15T12:30:00Z,APXMIDP,2025-07-15,28,46.14,3530.35,APXMIDP
2025-07-15T12:00:00Z,APXMIDP,2025-07-15,27,53.58,3028.4,APXMIDP
2025-07-15T11:30:00Z,APXMIDP,2025-07-15,26,72.0,2866.85,APXMIDP
2025-07-15T11:00:00Z,APXMIDP,2025-07-15,25,78.54,2522.1,APXMIDP
2025-07-15T10:30:00Z,APXMIDP,2025-07-15,24,77.31,2733.15,APXMIDP
2025-07-15T10:00:00Z,APXMIDP,2025-07-15,23,78.83,2780.45,APXMIDP
2025-07-15T09:30:00Z,APXMIDP,2025-07-15,22,79.2,2618.6,APXMIDP
2025-07-15T09:00:00Z,APXMIDP,2025-07-15,21,75.42,2300.25,APXMIDP
2025-07-15T08:30:00Z,APXMIDP,2025-07-15,20,84.1,2176.65,APXMIDP
2025-07-15T08:00:00Z,APXMIDP,2025-07-15,19,87.63,2266.1,APXMIDP
2025-07-15T07:30:00Z,APXMIDP,2025-07-15,18,90.59,2899.3,APXMIDP
2025-07-15T07:00:00Z,APXMIDP,2025-07-15,17,92.27,2533.65,APXMIDP
2025-07-15T06:30:00Z,APXMIDP,2025-07-15,16,97.87,2060.45,APXMIDP
2025-07-15T06:00:00Z,APXMIDP,2025-07-15,15,91.06,1833.65,APXMIDP
2025-07-15T05:30:00Z,APXMIDP,2025-07-15,14,104.82,1715.85,APXMIDP
2025-07-15T05:00:00Z,APXMIDP,2025-07-15,13,99.04,1488.05,APXMIDP
2025-07-15T04:30:00Z,APXMIDP,2025-07-15,12,98.03,1507.8,APXMIDP
2025-07-15T04:00:00Z,APXMIDP,2025-07-15,11,93.06,1398.95,APXMIDP
2025-07-15T03:30:00Z,APXMIDP,2025-07-15,10,94.1,2010.95,APXMIDP
2025-07-15T03:00:00Z,APXMIDP,2025-07-15,9,95.18,2160.45,APXMIDP
2025-07-15T02:30:00Z,APXMIDP,2025-07-15,8,84.5,2465.45,APXMIDP
2025-07-15T02:00:00Z,APXMIDP,2025-07-15,7,91.98,2450.9,APXMIDP
2025-07-15T01:30:00Z,APXMIDP,2025-07-15,6,93.04,2441.25,APXMIDP
2025-07-15T01:00:00Z,APXMIDP,2025-07-15,5,94.0,2218.05,APXMIDP
2025-07-15T00:30:00Z,APXMIDP,2025-07-15,4,93.21,1536.25,APXMIDP
2025-07-15T00:00:00Z,APXMIDP,2025-07-15,3,89.04,1614.95,APXMIDP
2025-07-14T23:30:00Z,APXMIDP,2025-07-15,2,86.46,2097.5,APXMIDP
2025-07-14T23:00:00Z,APXMIDP,2025-07-15,1,90.92,2033.8,APXMIDP
2025-07-14T22:30:00Z,APXMIDP,2025-07-14,48,86.95,1850.7,APXMIDP
2025-07-14T22:00:00Z,APXMIDP,2025-07-14,47,89.49,1689.55,APXMIDP
2025-07-14T21:30:00Z,APXMIDP,2025-07-14,46,85.07,3148.6,APXMIDP
2025-07-14T21:00:00Z,APXMIDP,2025-07-14,45,87.46,3241.45,APXMIDP
2025-07-14T20:30:00Z,APXMIDP,2025-07-14,44,89.77,3169.1,APXMIDP
2025-07-14T20:00:00Z,APXMIDP,2025-07-14,43,87.44,3208.55,APXMIDP
2025-07-14T19:30:00Z,APXMIDP,2025-07-14,42,75.16,2566.0,APXMIDP
2025-07-14T19:00:00Z,APXMIDP,2025-07-14,41,78.04,2773.5,APXMIDP
2025-07-14T18:30:00Z,APXMIDP,2025-07-14,40,73.7,3337.85,APXMIDP
2025-07-14T18:00:00Z,APXMIDP,2025-07-14,39,62.46,3087.8,APXMIDP
2025-07-14T17:30:00Z,APXMIDP,2025-07-14,38,61.78,3842.1,APXMIDP
2025-07-14T17:00:00Z,APXMIDP,2025-07-14,37,67.67,3788.05,APXMIDP
2025-07-14T16:30:00Z,APXMIDP,2025-07-14,36,62.38,3184.85,APXMIDP
2025-07-14T16:00:00Z,APXMIDP,2025-07-14,35,62.44,3183.4,APXMIDP
2025-07-14T15:30:00Z,APXMIDP,2025-07-14,34,60.03,3329.5,APXMIDP
2025-07-14T15:00:00Z,APXMIDP,2025-07-14,33,48.38,3283.7,APXMIDP
2025-07-14T14:30:00Z,APXMIDP,2025-07-14,32,53.61,2980.5,APXMIDP
2025-07-14T14:00:00Z,APXMIDP,2025-07-14,31,59.06,2721.1,APXMIDP
2025-07-14T13:30:00Z,APXMIDP,2025-07-14,30,61.25,3144.35,APXMIDP
2025-07-14T13:00:00Z,APXMIDP,2025-07-14,29,68.3,3137.25,APXMIDP
2025-07-14T12:30:00Z,APXMIDP,2025-07-14,28,62.9,3770.55,APXMIDP
2025-07-14T12:00:00Z,APXMIDP,2025-07-14,27,67.02,3506.95,APXMIDP
2025-07-14T11:30:00Z,APXMIDP,2025-07-14,26,71.29,4299.6,APXMIDP
2025-07-14T11:00:00Z,APXMIDP,2025-07-14,25,73.6,3571.15,APXMIDP
2025-07-14T10:30:00Z,APXMIDP,2025-07-14,24,58.6,3036.5,APXMIDP
2025-07-14T10:00:00Z,APXMIDP,2025-07-14,23,63.18,2717.45,APXMIDP
2025-07-14T09:30:00Z,APXMIDP,2025-07-14,22,72.42,3309.3,APXMIDP
2025-07-14T09:00:00Z,APXMIDP,2025-07-14,21,74.07,3328.65,APXMIDP
2025-07-14T08:30:00Z,APXMIDP,2025-07-14,20,75.12,3969.35,APXMIDP
2025-07-14T08:00:00Z,APXMIDP,2025-07-14,19,81.68,3944.6,APXMIDP
2025-07-14T07:30:00Z,APXMIDP,2025-07-14,18,76.7,3317.2,APXMIDP
2025-07-14T07:00:00Z,APXMIDP,2025-07-14,17,72.88,2775.25,APXMIDP
2025-07-14T06:30:00Z,APXMIDP,2025-07-14,16,82.5,2649.65,APXMIDP
2025-07-14T06:00:00Z,APXMIDP,2025-07-14,15,81.11,2323.4,APXMIDP
2025-07-14T05:30:00Z,APXMIDP,2025-07-14,14,87.16,1930.8,APXMIDP
2025-07-14T05:00:00Z,APXMIDP,2025-07-14,13,82.4,1750.0,APXMIDP
2025-07-14T04:30:00Z,APXMIDP,2025-07-14,12,72.98,1539.85,APXMIDP
2025-07-14T04:00:00Z,APXMIDP,2025-07-14,11,73.1,1562.25,APXMIDP
2025-07-14T03:30:00Z,APXMIDP,2025-07-14,10,79.24,1624.75,APXMIDP
2025-07-14T03:00:00Z,APXMIDP,2025-07-14,9,79.71,1524.65,APXMIDP
2025-07-14T02:30:00Z,APXMIDP,2025-07-14,8,78.81,1430.3,APXMIDP
2025-07-14T02:00:00Z,APXMIDP,2025-07-14,7,77.48,1392.3,APXMIDP
2025-07-14T01:30:00Z,APXMIDP,2025-07-14,6,78.31,1434.5,APXMIDP
2025-07-14T01:00:00Z,APXMIDP,2025-07-14,5,81.87,1375.8,APXMIDP
2025-07-14T00:30:00Z,APXMIDP,2025-07-14,4,78.26,1274.95,APXMIDP
2025-07-14T00:00:00Z,APXMIDP,2025-07-14,3,78.0,1088.1,APXMIDP
2025-07-13T23:30:00Z,APXMIDP,2025-07-14,2,85.04,1660.75,APXMIDP
2025-07-13T23:00:00Z,APXMIDP,2025-07-14,1,87.52,1662.05,APXMIDP
2025-07-13T22:30:00Z,APXMIDP,2025-07-13,48,82.77,1746.25,APXMIDP
2025-07-13T22:00:00Z,APXMIDP,2025-07-13,47,87.5,1605.6,APXMIDP
2025-07-13T21:30:00Z,APXMIDP,2025-07-13,46,96.22,2307.45,APXMIDP
2025-07-13T21:00:00Z,APXMIDP,2025-07-13,45,98.0,1931.95,APXMIDP
2025-07-13T20:30:00Z,APXMIDP,2025-07-13,44,98.77,2482.7,APXMIDP
2025-07-13T20:00:00Z,APXMIDP,2025-07-13,43,102.98,2393.15,APXMIDP
2025-07-13T19:30:00Z,APXMIDP,2025-07-13,42,98.01,2493.25,APXMIDP
2025-07-13T19:00:00Z,APXMIDP,2025-07-13,41,98.98,2480.1,APXMIDP
2025-07-13T18:30:00Z,APXMIDP,2025-07-13,40,94.99,2176.8,APXMIDP
2025-07-13T18:00:00Z,APXMIDP,2025-07-13,39,100.25,2400.15,APXMIDP
2025-07-13T17:30:00Z,APXMIDP,2025-07-13,38,91.01,3066.2,APXMIDP
2025-07-13T17:00:00Z,APXMIDP,2025-07-13,37,92.88,3130.2,APXMIDP
2025-07-13T16:30:00Z,APXMIDP,2025-07-13,36,83.3,3262.7,APXMIDP
2025-07-13T16:00:00Z,APXMIDP,2025-07-13,35,85.77,3554.5,APXMIDP
2025-07-13T15:30:00Z,APXMIDP,2025-07-13,34,78.69,3110.85,APXMIDP
2025-07-13T15:00:00Z,APXMIDP,2025-07-13,33,78.43,3287.4,APXMIDP
2025-07-13T14:30:00Z,APXMIDP,2025-07-13,32,70.87,3639.6,APXMIDP
2025-07-13T14:00:00Z,APXMIDP,2025-07-13,31,68.44,3343.35,APXMIDP
2025-07-13T13:30:00Z,APXMIDP,2025-07-13,30,58.45,3194.95,APXMIDP
2025-07-13T13:00:00Z,APXMIDP,2025-07-13,29,51.92,3063.7,APXMIDP
2025-07-13T12:30:00Z,APXMIDP,2025-07-13,28,49.29,3376.05,APXMIDP
2025-07-13T12:00:00Z,APXMIDP,2025-07-13,27,37.47,3187.6,APXMIDP
2025-07-13T11:30:00Z,APXMIDP,2025-07-13,26,48.68,2913.6,APXMIDP
2025-07-13T11:00:00Z,APXMIDP,2025-07-13,25,52.51,2345.95,APXMIDP
2025-07-13T10:30:00Z,APXMIDP,2025-07-13,24,53.45,1755.0,APXMIDP
2025-07-13T10:00:00Z,APXMIDP,2025-07-13,23,58.84,1884.4,APXMIDP
2025-07-13T09:30:00Z,APXMIDP,2025-07-13,22,63.27,1688.85,APXMIDP
2025-07-13T09:00:00Z,APXMIDP,2025-07-13,21,68.16,1625.05,APXMIDP
2025-07-13T08:30:00Z,APXMIDP,2025-07-13,20,68.9,1668.5,APXMIDP
2025-07-13T08:00:00Z,APXMIDP,2025-07-13,19,66.38,1776.0,APXMIDP
2025-07-13T07:30:00Z,APXMIDP,2025-07-13,18,74.09,1638.05,APXMIDP
2025-07-13T07:00:00Z,APXMIDP,2025-07-13,17,71.75,1479.2,APXMIDP
2025-07-13T06:30:00Z,APXMIDP,2025-07-13,16,69.49,1869.8,APXMIDP
2025-07-13T06:00:00Z,APXMIDP,2025-07-13,15,66.72,1741.35,APXMIDP
2025-07-13T05:30:00Z,APXMIDP,2025-07-13,14,77.45,2038.5,APXMIDP
2025-07-13T05:00:00Z,APXMIDP,2025-07-13,13,77.1,1909.3,APXMIDP
2025-07-13T04:30:00Z,APXMIDP,2025-07-13,12,80.85,1728.35,APXMIDP
2025-07-13T04:00:00Z,APXMIDP,2025-07-13,11,85.52,1893.35,APXMIDP
2025-07-13T03:30:00Z,APXMIDP,2025-07-13,10,86.75,1534.35,APXMIDP
2025-07-13T03:00:00Z,APXMIDP,2025-07-13,9,83.94,1330.05,APXMIDP
2025-07-13T02:30:00Z,APXMIDP,2025-07-13,8,81.99,1212.85,APXMIDP
2025-07-13T02:00:00Z,APXMIDP,2025-07-13,7,79.84,1215.35,APXMIDP
2025-07-13T01:30:00Z,APXMIDP,2025-07-13,6,86.29,1308.4,APXMIDP
2025-07-13T01:00:00Z,APXMIDP,2025-07-13,5,81.92,1226.2,APXMIDP
2025-07-13T00:30:00Z,APXMIDP,2025-07-13,4,80.85,1299.8,APXMIDP
2025-07-13T00:00:00Z,APXMIDP,2025-07-13,3,85.78,1235.15,APXMIDP
2025-07-12T23:30:00Z,APXMIDP,2025-07-13,2,87.65,1185.05,APXMIDP
2025-07-12T23:00:00Z,APXMIDP,2025-07-13,1,85.13,1191.3,APXMIDP
2025-07-12T22:30:00Z,APXMIDP,2025-07-12,48,83.4,1106.7,APXMIDP
2025-07-12T22:00:00Z,APXMIDP,2025-07-12,47,85.48,1364.35,APXMIDP
2025-07-12T21:30:00Z,APXMIDP,2025-07-12,46,90.0,2095.5,APXMIDP
2025-07-12T21:00:00Z,APXMIDP,2025-07-12,45,99.41,2112.55,APXMIDP
2025-07-12T20:30:00Z,APXMIDP,2025-07-12,44,105.26,1934.95,APXMIDP
2025-07-12T20:00:00Z,APXMIDP,2025-07-12,43,105.31,2180.8,APXMIDP
2025-07-12T19:30:00Z,APXMIDP,2025-07-12,42,99.03,2040.0,APXMIDP
2025-07-12T19:00:00Z,APXMIDP,2025-07-12,41,91.92,2005.2,APXMIDP
2025-07-12T18:30:00Z,APXMIDP,2025-07-12,40,101.18,1965.2,APXMIDP
2025-07-12T18:00:00Z,APXMIDP,2025-07-12,39,97.71,2146.35,APXMIDP
2025-07-12T17:30:00Z,APXMIDP,2025-07-12,38,84.29,2100.65,APXMIDP
2025-07-12T17:00:00Z,APXMIDP,2025-07-12,37,80.48,2135.45,APXMIDP
2025-07-12T16:30:00Z,APXMIDP,2025-07-12,36,78.92,2369.8,APXMIDP
2025-07-12T16:00:00Z,APXMIDP,2025-07-12,35,89.41,2229.2,APXMIDP
2025-07-12T15:30:00Z,APXMIDP,2025-07-12,34,70.52,2863.05,APXMIDP
2025-07-12T15:00:00Z,APXMIDP,2025-07-12,33,68.15,2540.3,APXMIDP
2025-07-12T14:30:00Z,APXMIDP,2025-07-12,32,60.44,2581.4,APXMIDP
2025-07-12T14:00:00Z,APXMIDP,2025-07-12,31,50.23,2343.55,APXMIDP
2025-07-12T13:30:00Z,APXMIDP,2025-07-12,30,50.62,3321.05,APXMIDP
2025-07-12T13:00:00Z,APXMIDP,2025-07-12,29,48.42,3072.6,APXMIDP
2025-07-12T12:30:00Z,APXMIDP,2025-07-12,28,49.32,3111.5,APXMIDP
2025-07-12T12:00:00Z,APXMIDP,2025-07-12,27,45.49,2756.25,APXMIDP
2025-07-12T11:30:00Z,APXMIDP,2025-07-12,26,58.07,2672.45,APXMIDP
2025-07-12T11:00:00Z,APXMIDP,2025-07-12,25,68.36,2695.15,APXMIDP
2025-07-12T10:30:00Z,APXMIDP,2025-07-12,24,68.21,2085.5,APXMIDP
2025-07-12T10:00:00Z,APXMIDP,2025-07-12,23,63.54,1789.1,APXMIDP
2025-07-12T09:30:00Z,APXMIDP,2025-07-12,22,76.46,2062.45,APXMIDP
2025-07-12T09:00:00Z,APXMIDP,2025-07-12,21,79.63,1971.85,APXMIDP
2025-07-12T08:30:00Z,APXMIDP,2025-07-12,20,77.54,1737.85,APXMIDP
2025-07-12T08:00:00Z,APXMIDP,2025-07-12,19,77.53,1895.3,APXMIDP
2025-07-12T07:30:00Z,APXMIDP,2025-07-12,18,87.92,1714.55,APXMIDP
2025-07-12T07:00:00Z,APXMIDP,2025-07-12,17,92.29,1333.3,APXMIDP
2025-07-12T06:30:00Z,APXMIDP,2025-07-12,16,89.06,1320.3,APXMIDP
2025-07-12T06:00:00Z,APXMIDP,2025-07-12,15,81.95,1349.55,APXMIDP
2025-07-12T05:30:00Z,APXMIDP,2025-07-12,14,84.46,1143.4,APXMIDP
2025-07-12T05:00:00Z,APXMIDP,2025-07-12,13,81.25,1066.8,APXMIDP
2025-07-12T04:30:00Z,APXMIDP,2025-07-12,12,83.27,989.5,APXMIDP
2025-07-12T04:00:00Z,APXMIDP,2025-07-12,11,82.74,895.7,APXMIDP
2025-07-12T03:30:00Z,APXMIDP,2025-07-12,10,86.37,1378.9,APXMIDP
2025-07-12T03:00:00Z,APXMIDP,2025-07-12,9,88.17,1261.0,APXMIDP
2025-07-12T02:30:00Z,APXMIDP,2025-07-12,8,88.6,1759.8,APXMIDP
2025-07-12T02:00:00Z,APXMIDP,2025-07-12,7,87.12,1843.3,APXMIDP
2025-07-12T01:30:00Z,APXMIDP,2025-07-12,6,83.86,1952.1,APXMIDP
2025-07-12T01:00:00Z,APXMIDP,2025-07-12,5,86.17,1863.7,APXMIDP
2025-07-12T00:30:00Z,APXMIDP,2025-07-12,4,86.59,2270.15,APXMIDP
2025-07-12T00:00:00Z,APXMIDP,2025-07-12,3,86.3,1987.0,APXMIDP
2025-07-11T23:30:00Z,APXMIDP,2025-07-12,2,87.63,1873.7,APXMIDP
2025-07-11T23:00:00Z,APXMIDP,2025-07-12,1,91.54,1900.65,APXMIDP
2025-07-11T22:30:00Z,APXMIDP,2025-07-11,48,88.56,1801.35,APXMIDP
2025-07-11T22:00:00Z,APXMIDP,2025-07-11,47,92.75,1965.7,APXMIDP
2025-07-11T21:30:00Z,APXMIDP,2025-07-11,46,88.47,2736.3,APXMIDP
2025-07-11T21:00:00Z,APXMIDP,2025-07-11,45,100.55,2598.75,APXMIDP
2025-07-11T20:30:00Z,APXMIDP,2025-07-11,44,109.08,2360.05,APXMIDP
2025-07-11T20:00:00Z,APXMIDP,2025-07-11,43,110.97,2490.3,APXMIDP
2025-07-11T19:30:00Z,APXMIDP,2025-07-11,42,112.55,3299.0,APXMIDP
2025-07-11T19:00:00Z,APXMIDP,2025-07-11,41,110.73,3078.9,APXMIDP
2025-07-11T18:30:00Z,APXMIDP,2025-07-11,40,105.49,2673.15,APXMIDP
2025-07-11T18:00:00Z,APXMIDP,2025-07-11,39,106.24,2945.5,APXMIDP
2025-07-11T17:30:00Z,APXMIDP,2025-07-11,38,92.72,2981.7,APXMIDP
2025-07-11T17:00:00Z,APXMIDP,2025-07-11,37,87.37,3216.55,APXMIDP
2025-07-11T16:30:00Z,APXMIDP,2025-07-11,36,76.86,2868.7,APXMIDP
2025-07-11T16:00:00Z,APXMIDP,2025-07-11,35,88.92,2685.7,APXMIDP
2025-07-11T15:30:00Z,APXMIDP,2025-07-11,34,75.51,2257.75,APXMIDP
2025-07-11T15:00:00Z,APXMIDP,2025-07-11,33,65.94,1460.45,APXMIDP
2025-07-11T14:30:00Z,APXMIDP,2025-07-11,32,65.35,1795.0,APXMIDP
2025-07-11T14:00:00Z,APXMIDP,2025-07-11,31,65.03,1355.05,APXMIDP
2025-07-11T13:30:00Z,APXMIDP,2025-07-11,30,69.05,1659.75,APXMIDP
2025-07-11T13:00:00Z,APXMIDP,2025-07-11,29,70.78,1793.05,APXMIDP
2025-07-11T12:30:00Z,APXMIDP,2025-07-11,28,69.29,1766.1,APXMIDP
2025-07-11T12:00:00Z,APXMIDP,2025-07-11,27,69.13,1723.6,APXMIDP
2025-07-11T11:30:00Z,APXMIDP,2025-07-11,26,69.74,1929.7,APXMIDP
2025-07-11T11:00:00Z,APXMIDP,2025-07-11,25,68.61,1613.05,APXMIDP
2025-07-11T10:30:00Z,APXMIDP,2025-07-11,24,69.53,1849.6,APXMIDP
2025-07-11T10:00:00Z,APXMIDP,2025-07-11,23,72.64,1879.4,APXMIDP
2025-07-11T09:30:00Z,APXMIDP,2025-07-11,22,75.32,1883.95,APXMIDP
2025-07-11T09:00:00Z,APXMIDP,2025-07-11,21,75.08,1870.3,APXMIDP
2025-07-11T08:30:00Z,APXMIDP,2025-07-11,20,84.11,1696.9,APXMIDP
2025-07-11T08:00:00Z,APXMIDP,2025-07-11,19,86.69,1813.55,APXMIDP
2025-07-11T07:30:00Z,APXMIDP,2025-07-11,18,85.47,1452.25,APXMIDP
2025-07-11T07:00:00Z,APXMIDP,2025-07-11,17,89.64,1387.25,APXMIDP
2025-07-11T06:30:00Z,APXMIDP,2025-07-11,16,93.55,1908.85,APXMIDP
2025-07-11T06:00:00Z,APXMIDP,2025-07-11,15,92.0,1982.8,APXMIDP
2025-07-11T05:30:00Z,APXMIDP,2025-07-11,14,91.39,1995.8,APXMIDP
2025-07-11T05:00:00Z,APXMIDP,2025-07-11,13,86.32,2010.15,APXMIDP
2025-07-11T04:30:00Z,APXMIDP,2025-07-11,12,81.69,1390.45,APXMIDP
2025-07-11T04:00:00Z,APXMIDP,2025-07-11,11,79.57,1423.1,APXMIDP
2025-07-11T03:30:00Z,APXMIDP,2025-07-11,10,78.5,1372.3,APXMIDP
2025-07-11T03:00:00Z,APXMIDP,2025-07-11,9,76.48,1379.55,APXMIDP
2025-07-11T02:30:00Z,APXMIDP,2025-07-11,8,81.57,1115.65,APXMIDP
2025-07-11T02:00:00Z,APXMIDP,2025-07-11,7,82.38,1141.35,APXMIDP
2025-07-11T01:30:00Z,APXMIDP,2025-07-11,6,82.35,1353.5,APXMIDP
2025-07-11T01:00:00Z,APXMIDP,2025-07-11,5,84.5,1280.1,APXMIDP
2025-07-11T00:30:00Z,APXMIDP,2025-07-11,4,84.11,1214.4,APXMIDP
2025-07-11T00:00:00Z,APXMIDP,2025-07-11,3,87.22,1015.4,APXMIDP
2025-07-10T23:30:00Z,APXMIDP,2025-07-11,2,87.03,1007.8,APXMIDP
2025-07-10T23:00:00Z,APXMIDP,2025-07-11,1,87.25,1303.35,APXMIDP
2025-07-10T22:30:00Z,APXMIDP,2025-07-10,48,87.59,1054.9,APXMIDP
2025-07-10T22:00:00Z,APXMIDP,2025-07-10,47,84.84,1520.25,APXMIDP
2025-07-10T21:30:00Z,APXMIDP,2025-07-10,46,95.41,2700.75,APXMIDP
2025-07-10T21:00:00Z,APXMIDP,2025-07-10,45,102.13,2688.8,APXMIDP
2025-07-10T20:30:00Z,APXMIDP,2025-07-10,44,101.13,2864.05,APXMIDP
2025-07-10T20:00:00Z,APXMIDP,2025-07-10,43,102.69,3693.7,APXMIDP
2025-07-10T19:30:00Z,APXMIDP,2025-07-10,42,111.3,4378.65,APXMIDP
2025-07-10T19:00:00Z,APXMIDP,2025-07-10,41,110.59,3971.3,APXMIDP
2025-07-10T18:30:00Z,APXMIDP,2025-07-10,40,110.24,3471.85,APXMIDP
2025-07-10T18:00:00Z,APXMIDP,2025-07-10,39,108.15,3464.0,APXMIDP
2025-07-10T17:30:00Z,APXMIDP,2025-07-10,38,92.01,3013.65,APXMIDP
2025-07-10T17:00:00Z,APXMIDP,2025-07-10,37,84.43,3015.35,APXMIDP
2025-07-10T16:30:00Z,APXMIDP,2025-07-10,36,77.6,2683.3,APXMIDP
2025-07-10T16:00:00Z,APXMIDP,2025-07-10,35,76.93,3031.65,APXMIDP
2025-07-10T15:30:00Z,APXMIDP,2025-07-10,34,73.74,2611.05,APXMIDP
2025-07-10T15:00:00Z,APXMIDP,2025-07-10,33,78.27,2883.3,APXMIDP
2025-07-10T14:30:00Z,APXMIDP,2025-07-10,32,80.55,2457.65,APXMIDP
2025-07-10T14:00:00Z,APXMIDP,2025-07-10,31,80.13,1961.4,APXMIDP
2025-07-10T13:30:00Z,APXMIDP,2025-07-10,30,73.72,2050.8,APXMIDP
2025-07-10T13:00:00Z,APXMIDP,2025-07-10,29,72.17,1825.45,APXMIDP
2025-07-10T12:30:00Z,APXMIDP,2025-07-10,28,73.75,2009.1,APXMIDP
2025-07-10T12:00:00Z,APXMIDP,2025-07-10,27,71.6,2053.5,APXMIDP
2025-07-10T11:30:00Z,APXMIDP,2025-07-10,26,70.9,2047.2,APXMIDP
2025-07-10T11:00:00Z,APXMIDP,2025-07-10,25,69.82,2052.6,APXMIDP
2025-07-10T10:30:00Z,APXMIDP,2025-07-10,24,69.51,2182.35,APXMIDP
2025-07-10T10:00:00Z,APXMIDP,2025-07-10,23,72.95,2221.4,APXMIDP
2025-07-10T09:30:00Z,APXMIDP,2025-07-10,22,77.07,2425.1,APXMIDP
2025-07-10T09:00:00Z,APXMIDP,2025-07-10,21,74.35,1972.85,APXMIDP
2025-07-10T08:30:00Z,APXMIDP,2025-07-10,20,67.73,1569.35,APXMIDP
2025-07-10T08:00:00Z,APXMIDP,2025-07-10,19,71.35,1725.15,APXMIDP
2025-07-10T07:30:00Z,APXMIDP,2025-07-10,18,80.18,2394.5,APXMIDP
2025-07-10T07:00:00Z,APXMIDP,2025-07-10,17,78.21,1831.4,APXMIDP
2025-07-10T06:30:00Z,APXMIDP,2025-07-10,16,83.05,1968.5,APXMIDP
2025-07-10T06:00:00Z,APXMIDP,2025-07-10,15,78.96,1994.55,APXMIDP
2025-07-10T05:30:00Z,APXMIDP,2025-07-10,14,75.33,1801.85,APXMIDP
2025-07-10T05:00:00Z,APXMIDP,2025-07-10,13,71.24,1747.7,APXMIDP
2025-07-10T04:30:00Z,APXMIDP,2025-07-10,12,67.43,1590.8,APXMIDP
2025-07-10T04:00:00Z,APXMIDP,2025-07-10,11,66.19,1550.95,APXMIDP
2025-07-10T03:30:00Z,APXMIDP,2025-07-10,10,64.37,1360.6,APXMIDP
2025-07-10T03:00:00Z,APXMIDP,2025-07-10,9,70.62,1544.3,APXMIDP
2025-07-10T02:30:00Z,APXMIDP,2025-07-10,8,73.97,1088.15,APXMIDP
2025-07-10T02:00:00Z,APXMIDP,2025-07-10,7,69.14,1139.65,APXMIDP
2025-07-10T01:30:00Z,APXMIDP,2025-07-10,6,75.11,1449.25,APXMIDP
2025-07-10T01:00:00Z,APXMIDP,2025-07-10,5,77.48,1321.8,APXMIDP
2025-07-10T00:30:00Z,APXMIDP,2025-07-10,4,73.52,929.0,APXMIDP
2025-07-10T00:00:00Z,APXMIDP,2025-07-10,3,80.01,1220.3,APXMIDP
2025-07-09T23:30:00Z,APXMIDP,2025-07-10,2,84.07,1635.4,APXMIDP
2025-07-09T23:00:00Z,APXMIDP,2025-07-10,1,87.38,1771.95,APXMIDP
2025-07-09T22:30:00Z,APXMIDP,2025-07-09,48,85.48,2076.45,APXMIDP
2025-07-09T22:00:00Z,APXMIDP,2025-07-09,47,85.46,2108.4,APXMIDP
2025-07-09T21:30:00Z,APXMIDP,2025-07-09,46,95.65,3115.05,APXMIDP
2025-07-09T21:00:00Z,APXMIDP,2025-07-09,45,98.67,2589.8,APXMIDP
2025-07-09T20:30:00Z,APXMIDP,2025-07-09,44,104.22,3217.9,APXMIDP
2025-07-09T20:00:00Z,APXMIDP,2025-07-09,43,105.8,2892.15,APXMIDP
2025-07-09T19:30:00Z,APXMIDP,2025-07-09,42,104.36,3402.05,APXMIDP
2025-07-09T19:00:00Z,APXMIDP,2025-07-09,41,101.97,3640.1,APXMIDP
2025-07-09T18:30:00Z,APXMIDP,2025-07-09,40,98.57,3358.35,APXMIDP
2025-07-09T18:00:00Z,APXMIDP,2025-07-09,39,95.2,3656.45,APXMIDP
2025-07-09T17:30:00Z,APXMIDP,2025-07-09,38,82.2,3143.35,APXMIDP
2025-07-09T17:00:00Z,APXMIDP,2025-07-09,37,82.39,3191.5,APXMIDP
2025-07-09T16:30:00Z,APXMIDP,2025-07-09,36,75.66,3082.75,APXMIDP
2025-07-09T16:00:00Z,APXMIDP,2025-07-09,35,74.83,2946.95,APXMIDP
2025-07-09T15:30:00Z,APXMIDP,2025-07-09,34,69.94,4020.75,APXMIDP
2025-07-09T15:00:00Z,APXMIDP,2025-07-09,33,74.58,3274.0,APXMIDP
2025-07-09T14:30:00Z,APXMIDP,2025-07-09,32,74.6,2777.85,APXMIDP
2025-07-09T14:00:00Z,APXMIDP,2025-07-09,31,76.0,2162.55,APXMIDP
2025-07-09T13:30:00Z,APXMIDP,2025-07-09,30,75.66,2710.9,APXMIDP
2025-07-23T14:00:00Z,APXMIDP,2025-07-23,31,84.41,2741.95,APXMIDP
2025-07-23T13:30:00Z,APXMIDP,2025-07-23,30,80.84,3621.35,APXMIDP
2025-07-23T13:00:00Z,APXMIDP,2025-07-23,29,79.63,3844.15,APXMIDP
2025-07-23T12:30:00Z,APXMIDP,2025-07-23,28,77.57,3402.15,APXMIDP
2025-07-23T12:00:00Z,APXMIDP,2025-07-23,27,77.8,3193.55,APXMIDP
2025-07-23T11:30:00Z,APXMIDP,2025-07-23,26,78.25,3155.35,APXMIDP
2025-07-23T11:00:00Z,APXMIDP,2025-07-23,25,72.94,2878.75,APXMIDP
2025-07-23T10:30:00Z,APXMIDP,2025-07-23,24,73.78,3091.25,APXMIDP
2025-07-23T10:00:00Z,APXMIDP,2025-07-23,23,76.43,2826.75,APXMIDP
2025-07-23T09:30:00Z,APXMIDP,2025-07-23,22,85.14,2536.55,APXMIDP
2025-07-23T09:00:00Z,APXMIDP,2025-07-23,21,91.35,2581.85,APXMIDP
2025-07-23T08:30:00Z,APXMIDP,2025-07-23,20,107.16,2742.95,APXMIDP
2025-07-23T08:00:00Z,APXMIDP,2025-07-23,19,101.78,1811.75,APXMIDP
2025-07-23T07:30:00Z,APXMIDP,2025-07-23,18,97.2,1785.25,APXMIDP
2025-07-23T07:00:00Z,APXMIDP,2025-07-23,17,95.44,1871.35,APXMIDP
2025-07-23T06:30:00Z,APXMIDP,2025-07-23,16,88.32,2073.6,APXMIDP
2025-07-23T06:00:00Z,APXMIDP,2025-07-23,15,82.46,1912.4,APXMIDP
2025-07-23T05:30:00Z,APXMIDP,2025-07-23,14,83.31,1938.25,APXMIDP
2025-07-23T05:00:00Z,APXMIDP,2025-07-23,13,84.24,1879.45,APXMIDP
2025-07-23T04:30:00Z,APXMIDP,2025-07-23,12,81.07,1424.3,APXMIDP
2025-07-23T04:00:00Z,APXMIDP,2025-07-23,11,77.34,1739.9,APXMIDP
2025-07-23T03:30:00Z,APXMIDP,2025-07-23,10,70.4,1434.2,APXMIDP
2025-07-23T03:00:00Z,APXMIDP,2025-07-23,9,71.75,1318.7,APXMIDP
2025-07-23T02:30:00Z,APXMIDP,2025-07-23,8,72.09,1434.0,APXMIDP
2025-07-23T02:00:00Z,APXMIDP,2025-07-23,7,72.35,1655.85,APXMIDP
2025-07-23T01:30:00Z,APXMIDP,2025-07-23,6,72.28,1781.25,APXMIDP
2025-07-23T01:00:00Z,APXMIDP,2025-07-23,5,73.32,1706.25,APXMIDP
2025-07-23T00:30:00Z,APXMIDP,2025-07-23,4,68.76,1860.7,APXMIDP
2025-07-23T00:00:00Z,APXMIDP,2025-07-23,3,71.12,1870.5,APXMIDP
2025-07-22T23:30:00Z,APXMIDP,2025-07-23,2,69.17,1571.15,APXMIDP
2025-07-22T23:00:00Z,APXMIDP,2025-07-23,1,71.14,1485.5,APXMIDP
2025-07-22T22:30:00Z,APXMIDP,2025-07-22,48,73.91,2031.3,APXMIDP
2025-07-22T22:00:00Z,APXMIDP,2025-07-22,47,70.62,1779.9,APXMIDP
2025-07-22T21:30:00Z,APXMIDP,2025-07-22,46,82.38,2346.05,APXMIDP
2025-07-22T21:00:00Z,APXMIDP,2025-07-22,45,88.04,2253.1,APXMIDP
2025-07-22T20:30:00Z,APXMIDP,2025-07-22,44,89.69,2122.0,APXMIDP
2025-07-22T20:00:00Z,APXMIDP,2025-07-22,43,90.44,2281.7,APXMIDP
2025-07-22T19:30:00Z,APXMIDP,2025-07-22,42,95.73,2667.35,APXMIDP
2025-07-22T19:00:00Z,APXMIDP,2025-07-22,41,94.33,2787.8,APXMIDP
2025-07-22T18:30:00Z,APXMIDP,2025-07-22,40,94.92,2975.35,APXMIDP
2025-07-22T18:00:00Z,APXMIDP,2025-07-22,39,94.12,3100.5,APXMIDP
2025-07-22T17:30:00Z,APXMIDP,2025-07-22,38,94.07,3597.65,APXMIDP
2025-07-22T17:00:00Z,APXMIDP,2025-07-22,37,93.14,3582.05,APXMIDP
2025-07-22T16:30:00Z,APXMIDP,2025-07-22,36,87.65,3580.7,APXMIDP
2025-07-22T16:00:00Z,APXMIDP,2025-07-22,35,89.41,3514.7,APXMIDP
2025-07-22T15:30:00Z,APXMIDP,2025-07-22,34,88.61,3776.45,APXMIDP
2025-07-22T15:00:00Z,APXMIDP,2025-07-22,33,86.73,3677.05,APXMIDP
2025-07-22T14:30:00Z,APXMIDP,2025-07-22,32,86.78,3749.3,APXMIDP
2025-07-22T14:00:00Z,APXMIDP,2025-07-22,31,85.38,2980.6,APXMIDP
2025-07-22T13:30:00Z,APXMIDP,2025-07-22,30,87.79,3206.7,APXMIDP
2025-07-22T13:00:00Z,APXMIDP,2025-07-22,29,87.97,2965.5,APXMIDP
2025-07-22T12:30:00Z,APXMIDP,2025-07-22,28,90.06,2589.2,APXMIDP
2025-07-22T12:00:00Z,APXMIDP,2025-07-22,27,91.37,2633.0,APXMIDP
2025-07-22T11:30:00Z,APXMIDP,2025-07-22,26,96.79,2524.0,APXMIDP
2025-07-22T11:00:00Z,APXMIDP,2025-07-22,25,96.67,2380.95,APXMIDP
2025-07-22T10:30:00Z,APXMIDP,2025-07-22,24,91.59,2299.5,APXMIDP
2025-07-22T10:00:00Z,APXMIDP,2025-07-22,23,91.34,2368.1,APXMIDP
2025-07-22T09:30:00Z,APXMIDP,2025-07-22,22,94.95,1810.65,APXMIDP
2025-07-22T09:00:00Z,APXMIDP,2025-07-22,21,93.91,1980.35,APXMIDP
2025-07-22T08:30:00Z,APXMIDP,2025-07-22,20,93.23,1931.75,APXMIDP
2025-07-22T08:00:00Z,APXMIDP,2025-07-22,19,95.42,2095.45,APXMIDP
2025-07-22T07:30:00Z,APXMIDP,2025-07-22,18,94.29,1922.4,APXMIDP
2025-07-22T07:00:00Z,APXMIDP,2025-07-22,17,91.09,1955.6,APXMIDP
2025-07-22T06:30:00Z,APXMIDP,2025-07-22,16,98.0,2700.75,APXMIDP
2025-07-22T06:00:00Z,APXMIDP,2025-07-22,15,92.98,2266.85,APXMIDP
2025-07-22T05:30:00Z,APXMIDP,2025-07-22,14,89.69,2753.45,APXMIDP
2025-07-22T05:00:00Z,APXMIDP,2025-07-22,13,76.96,2140.7,APXMIDP
2025-07-22T04:30:00Z,APXMIDP,2025-07-22,12,71.54,1869.15,APXMIDP
2025-07-22T04:00:00Z,APXMIDP,2025-07-22,11,67.74,2118.5,APXMIDP
2025-07-22T03:30:00Z,APXMIDP,2025-07-22,10,67.54,1858.85,APXMIDP
2025-07-22T03:00:00Z,APXMIDP,2025-07-22,9,69.35,1973.4,APXMIDP
2025-07-22T02:30:00Z,APXMIDP,2025-07-22,8,68.34,1731.15,APXMIDP
2025-07-22T02:00:00Z,APXMIDP,2025-07-22,7,65.88,1836.55,APXMIDP
2025-07-22T01:30:00Z,APXMIDP,2025-07-22,6,70.91,1811.1,APXMIDP
2025-07-22T01:00:00Z,APXMIDP,2025-07-22,5,69.51,1547.35,APXMIDP
2025-07-22T00:30:00Z,APXMIDP,2025-07-22,4,69.52,1743.6,APXMIDP
2025-07-22T00:00:00Z,APXMIDP,2025-07-22,3,77.33,1520.9,APXMIDP
2025-07-21T23:30:00Z,APXMIDP,2025-07-22,2,72.42,1722.6,APXMIDP
2025-07-21T23:00:00Z,APXMIDP,2025-07-22,1,75.38,1714.65,APXMIDP
2025-07-21T22:30:00Z,APXMIDP,2025-07-21,48,78.88,1890.75,APXMIDP
2025-07-21T22:00:00Z,APXMIDP,2025-07-21,47,79.05,2168.7,APXMIDP
2025-07-21T21:30:00Z,APXMIDP,2025-07-21,46,86.56,2725.45,APXMIDP
2025-07-21T21:00:00Z,APXMIDP,2025-07-21,45,87.65,2774.6,APXMIDP
2025-07-21T20:30:00Z,APXMIDP,2025-07-21,44,88.9,2527.1,APXMIDP
2025-07-21T20:00:00Z,APXMIDP,2025-07-21,43,89.59,2179.55,APXMIDP
2025-07-21T19:30:00Z,APXMIDP,2025-07-21,42,89.89,2455.4,APXMIDP
2025-07-21T19:00:00Z,APXMIDP,2025-07-21,41,89.79,2192.4,APXMIDP
2025-07-21T18:30:00Z,APXMIDP,2025-07-21,40,89.2,2519.95,APXMIDP
2025-07-21T18:00:00Z,APXMIDP,2025-07-21,39,85.73,2695.65,APXMIDP
2025-07-21T17:30:00Z,APXMIDP,2025-07-21,38,86.39,2060.55,APXMIDP
2025-07-21T17:00:00Z,APXMIDP,2025-07-21,37,87.0,2009.95,APXMIDP
2025-07-21T16:30:00Z,APXMIDP,2025-07-21,36,86.44,1993.95,APXMIDP
2025-07-21T16:00:00Z,APXMIDP,2025-07-21,35,88.04,2128.35,APXMIDP
2025-07-21T15:30:00Z,APXMIDP,2025-07-21,34,83.63,2168.15,APXMIDP
2025-07-21T15:00:00Z,APXMIDP,2025-07-21,33,84.89,1943.65,APXMIDP
2025-07-21T14:30:00Z,APXMIDP,2025-07-21,32,80.51,1822.05,APXMIDP
2025-07-21T14:00:00Z,APXMIDP,2025-07-21,31,79.72,1888.85,APXMIDP
2025-07-21T13:30:00Z,APXMIDP,2025-07-21,30,78.92,2667.15,APXMIDP
2025-07-21T13:00:00Z,APXMIDP,2025-07-21,29,77.52,3070.55,APXMIDP
2025-07-21T12:30:00Z,APXMIDP,2025-07-21,28,81.96,2384.85,APXMIDP
2025-07-21T12:00:00Z,APXMIDP,2025-07-21,27,78.44,2363.6,APXMIDP
2025-07-21T11:30:00Z,APXMIDP,2025-07-21,26,75.74,2652.3,APXMIDP
2025-07-21T11:00:00Z,APXMIDP,2025-07-21,25,72.97,2478.5,APXMIDP
2025-07-21T10:30:00Z,APXMIDP,2025-07-21,24,78.71,2265.9,APXMIDP
2025-07-21T10:00:00Z,APXMIDP,2025-07-21,23,75.54,2257.9,APXMIDP
2025-07-21T09:30:00Z,APXMIDP,2025-07-21,22,76.97,2250.8,APXMIDP
2025-07-21T09:00:00Z,APXMIDP,2025-07-21,21,79.69,2019.2,APXMIDP
2025-07-21T08:30:00Z,APXMIDP,2025-07-21,20,86.48,2314.75,APXMIDP
2025-07-21T08:00:00Z,APXMIDP,2025-07-21,19,90.36,2528.5,APXMIDP
2025-07-21T07:30:00Z,APXMIDP,2025-07-21,18,88.63,2266.65,APXMIDP
2025-07-21T07:00:00Z,APXMIDP,2025-07-21,17,86.6,2407.45,APXMIDP
2025-07-21T06:30:00Z,APXMIDP,2025-07-21,16,86.02,2243.65,APXMIDP
2025-07-21T06:00:00Z,APXMIDP,2025-07-21,15,85.34,1807.05,APXMIDP
2025-07-21T05:30:00Z,APXMIDP,2025-07-21,14,83.9,2211.8,APXMIDP
2025-07-21T05:00:00Z,APXMIDP,2025-07-21,13,80.95,2520.75,APXMIDP
2025-07-21T04:30:00Z,APXMIDP,2025-07-21,12,72.59,1934.25,APXMIDP
2025-07-21T04:00:00Z,APXMIDP,2025-07-21,11,70.77,1816.05,APXMIDP
2025-07-21T03:30:00Z,APXMIDP,2025-07-21,10,66.3,1771.35,APXMIDP
2025-07-21T03:00:00Z,APXMIDP,2025-07-21,9,67.62,1577.15,APXMIDP
2025-07-21T02:30:00Z,APXMIDP,2025-07-21,8,67.65,1618.4,APXMIDP
2025-07-21T02:00:00Z,APXMIDP,2025-07-21,7,67.95,1665.0,APXMIDP
2025-07-21T01:30:00Z,APXMIDP,2025-07-21,6,67.86,1896.8,APXMIDP
2025-07-21T01:00:00Z,APXMIDP,2025-07-21,5,69.32,2165.65,APXMIDP
2025-07-21T00:30:00Z,APXMIDP,2025-07-21,4,70.92,1870.55,APXMIDP
2025-07-21T00:00:00Z,APXMIDP,2025-07-21,3,69.23,1785.95,APXMIDP
2025-07-20T23:30:00Z,APXMIDP,2025-07-21,2,68.94,1698.85,APXMIDP
2025-07-20T23:00:00Z,APXMIDP,2025-07-21,1,71.39,1934.9,APXMIDP
2025-07-20T22:30:00Z,APXMIDP,2025-07-20,48,72.16,2080.85,APXMIDP
2025-07-20T22:00:00Z,APXMIDP,2025-07-20,47,73.53,2036.8,APXMIDP
2025-07-20T21:30:00Z,APXMIDP,2025-07-20,46,81.6,3608.8,APXMIDP
2025-07-20T21:00:00Z,APXMIDP,2025-07-20,45,89.74,3481.65,APXMIDP
2025-07-20T20:30:00Z,APXMIDP,2025-07-20,44,99.88,3597.65,APXMIDP
2025-07-20T20:00:00Z,APXMIDP,2025-07-20,43,102.36,3340.75,APXMIDP
2025-07-20T19:30:00Z,APXMIDP,2025-07-20,42,107.68,3235.35,APXMIDP
2025-07-20T19:00:00Z,APXMIDP,2025-07-20,41,108.29,3135.15,APXMIDP
2025-07-20T18:30:00Z,APXMIDP,2025-07-20,40,106.96,3588.2,APXMIDP
2025-07-20T18:00:00Z,APXMIDP,2025-07-20,39,107.53,3467.0,APXMIDP
2025-07-20T17:30:00Z,APXMIDP,2025-07-20,38,105.49,3675.05,APXMIDP
2025-07-20T17:00:00Z,APXMIDP,2025-07-20,37,101.44,3388.5,APXMIDP
2025-07-20T16:30:00Z,APXMIDP,2025-07-20,36,93.62,3706.3,APXMIDP
2025-07-20T16:00:00Z,APXMIDP,2025-07-20,35,94.96,3051.0,APXMIDP
2025-07-20T15:30:00Z,APXMIDP,2025-07-20,34,87.1,4020.4,APXMIDP
2025-07-20T15:00:00Z,APXMIDP,2025-07-20,33,87.11,3383.85,APXMIDP
2025-07-20T14:30:00Z,APXMIDP,2025-07-20,32,85.69,3443.1,APXMIDP
2025-07-20T14:00:00Z,APXMIDP,2025-07-20,31,84.95,3332.1,APXMIDP
2025-07-20T13:30:00Z,APXMIDP,2025-07-20,30,88.67,3030.5,APXMIDP
2025-07-20T13:00:00Z,APXMIDP,2025-07-20,29,93.14,2846.25,APXMIDP
2025-07-20T12:30:00Z,APXMIDP,2025-07-20,28,93.35,2614.9,APXMIDP
2025-07-20T12:00:00Z,APXMIDP,2025-07-20,27,97.34,2443.05,APXMIDP
2025-07-20T11:30:00Z,APXMIDP,2025-07-20,26,103.87,1926.05,APXMIDP
2025-07-20T11:00:00Z,APXMIDP,2025-07-20,25,105.41,2090.25,APXMIDP
2025-07-20T10:30:00Z,APXMIDP,2025-07-20,24,105.77,1958.6,APXMIDP
2025-07-20T10:00:00Z,APXMIDP,2025-07-20,23,105.79,1811.0,APXMIDP
2025-07-20T09:30:00Z,APXMIDP,2025-07-20,22,101.84,1731.05,APXMIDP
2025-07-20T09:00:00Z,APXMIDP,2025-07-20,21,99.28,1919.4,APXMIDP
2025-07-20T08:30:00Z,APXMIDP,2025-07-20,20,96.79,1757.3,APXMIDP
2025-07-20T08:00:00Z,APXMIDP,2025-07-20,19,97.88,1554.05,APXMIDP
2025-07-20T07:30:00Z,APXMIDP,2025-07-20,18,90.29,1603.9,APXMIDP
2025-07-20T07:00:00Z,APXMIDP,2025-07-20,17,82.54,1638.2,APXMIDP
2025-07-20T06:30:00Z,APXMIDP,2025-07-20,16,84.83,1814.7,APXMIDP
2025-07-20T06:00:00Z,APXMIDP,2025-07-20,15,79.33,2008.45,APXMIDP
2025-07-20T05:30:00Z,APXMIDP,2025-07-20,14,85.99,1760.65,APXMIDP
2025-07-20T05:00:00Z,APXMIDP,2025-07-20,13,85.77,1969.1,APXMIDP
2025-07-20T04:30:00Z,APXMIDP,2025-07-20,12,90.09,1651.05,APXMIDP
2025-07-20T04:00:00Z,APXMIDP,2025-07-20,11,90.98,1679.35,APXMIDP
2025-07-20T03:30:00Z,APXMIDP,2025-07-20,10,84.75,1329.35,APXMIDP
2025-07-20T03:00:00Z,APXMIDP,2025-07-20,9,83.12,1206.1,APXMIDP
2025-07-20T02:30:00Z,APXMIDP,2025-07-20,8,84.46,1388.35,APXMIDP
2025-07-20T02:00:00Z,APXMIDP,2025-07-20,7,85.34,1499.85,APXMIDP
2025-07-20T01:30:00Z,APXMIDP,2025-07-20,6,83.63,2199.45,APXMIDP
2025-07-20T01:00:00Z,APXMIDP,2025-07-20,5,87.47,2138.1,APXMIDP
2025-07-20T00:30:00Z,APXMIDP,2025-07-20,4,86.59,2365.6,APXMIDP
2025-07-20T00:00:00Z,APXMIDP,2025-07-20,3,84.83,2421.3,APXMIDP
2025-07-19T23:30:00Z,APXMIDP,2025-07-20,2,85.96,2004.5,APXMIDP
2025-07-19T23:00:00Z,APXMIDP,2025-07-20,1,86.31,1812.4,APXMIDP
2025-07-19T22:30:00Z,APXMIDP,2025-07-19,48,88.42,1540.4,APXMIDP
2025-07-19T22:00:00Z,APXMIDP,2025-07-19,47,87.46,1474.55,APXMIDP
2025-07-19T21:30:00Z,APXMIDP,2025-07-19,46,83.81,2901.25,APXMIDP
2025-07-19T21:00:00Z,APXMIDP,2025-07-19,45,83.91,2392.35,APXMIDP
2025-07-19T20:30:00Z,APXMIDP,2025-07-19,44,80.15,2346.45,APXMIDP
2025-07-19T20:00:00Z,APXMIDP,2025-07-19,43,83.69,2741.75,APXMIDP
2025-07-19T19:30:00Z,APXMIDP,2025-07-19,42,92.77,2010.65,APXMIDP
2025-07-19T19:00:00Z,APXMIDP,2025-07-19,41,95.91,1678.15,APXMIDP
2025-07-19T18:30:00Z,APXMIDP,2025-07-19,40,95.96,1663.0,APXMIDP
2025-07-19T18:00:00Z,APXMIDP,2025-07-19,39,93.85,1818.6,APXMIDP
2025-07-19T17:30:00Z,APXMIDP,2025-07-19,38,88.6,2698.4,APXMIDP
2025-07-19T17:00:00Z,APXMIDP,2025-07-19,37,86.73,2675.75,APXMIDP
2025-07-19T16:30:00Z,APXMIDP,2025-07-19,36,82.33,2705.85,APXMIDP
2025-07-19T16:00:00Z,APXMIDP,2025-07-19,35,85.05,2986.55,APXMIDP
2025-07-19T15:30:00Z,APXMIDP,2025-07-19,34,68.06,3116.25,APXMIDP
2025-07-19T15:00:00Z,APXMIDP,2025-07-19,33,65.76,3432.15,APXMIDP
2025-07-19T14:30:00Z,APXMIDP,2025-07-19,32,62.69,2939.05,APXMIDP
2025-07-19T14:00:00Z,APXMIDP,2025-07-19,31,61.26,2666.9,APXMIDP
2025-07-19T13:30:00Z,APXMIDP,2025-07-19,30,62.74,2297.15,APXMIDP
2025-07-19T13:00:00Z,APXMIDP,2025-07-19,29,66.52,2607.5,APXMIDP
2025-07-19T12:30:00Z,APXMIDP,2025-07-19,28,73.84,2440.45,APXMIDP
2025-07-19T12:00:00Z,APXMIDP,2025-07-19,27,78.71,2352.35,APXMIDP
2025-07-19T11:30:00Z,APXMIDP,2025-07-19,26,78.88,2182.2,APXMIDP
2025-07-19T11:00:00Z,APXMIDP,2025-07-19,25,81.42,2041.05,APXMIDP
2025-07-19T10:30:00Z,APXMIDP,2025-07-19,24,81.81,2375.4,APXMIDP
2025-07-19T10:00:00Z,APXMIDP,2025-07-19,23,84.69,2391.3,APXMIDP
2025-07-19T09:30:00Z,APXMIDP,2025-07-19,22,81.79,2583.15,APXMIDP
2025-07-19T09:00:00Z,APXMIDP,2025-07-19,21,86.76,1852.05,APXMIDP
2025-07-19T08:30:00Z,APXMIDP,2025-07-19,20,85.32,1958.45,APXMIDP
2025-07-19T08:00:00Z,APXMIDP,2025-07-19,19,83.63,1939.15,APXMIDP
2025-07-19T07:30:00Z,APXMIDP,2025-07-19,18,83.86,1683.15,APXMIDP
2025-07-19T07:00:00Z,APXMIDP,2025-07-19,17,81.51,1546.0,APXMIDP
2025-07-19T06:30:00Z,APXMIDP,2025-07-19,16,81.27,1485.55,APXMIDP
2025-07-19T06:00:00Z,APXMIDP,2025-07-19,15,75.66,1608.05,APXMIDP
2025-07-19T05:30:00Z,APXMIDP,2025-07-19,14,84.27,1448.35,APXMIDP
2025-07-19T05:00:00Z,APXMIDP,2025-07-19,13,81.45,1508.55,APXMIDP
2025-07-19T04:30:00Z,APXMIDP,2025-07-19,12,84.27,1530.3,APXMIDP
2025-07-19T04:00:00Z,APXMIDP,2025-07-19,11,83.3,1420.9,APXMIDP
2025-07-19T03:30:00Z,APXMIDP,2025-07-19,10,79.36,1353.7,APXMIDP
2025-07-19T03:00:00Z,APXMIDP,2025-07-19,9,81.14,1477.75,APXMIDP
2025-07-19T02:30:00Z,APXMIDP,2025-07-19,8,79.24,1481.05,APXMIDP
2025-07-19T02:00:00Z,APXMIDP,2025-07-19,7,79.65,1478.4,APXMIDP
2025-07-19T01:30:00Z,APXMIDP,2025-07-19,6,75.75,1781.85,APXMIDP
2025-07-19T01:00:00Z,APXMIDP,2025-07-19,5,78.02,1904.5,APXMIDP
2025-07-19T00:30:00Z,APXMIDP,2025-07-19,4,80.84,1888.1,APXMIDP
2025-07-19T00:00:00Z,APXMIDP,2025-07-19,3,81.6,1558.5,APXMIDP
2025-07-18T23:30:00Z,APXMIDP,2025-07-19,2,89.44,1853.25,APXMIDP
2025-07-18T23:00:00Z,APXMIDP,2025-07-19,1,86.24,1368.9,APXMIDP
2025-07-18T22:30:00Z,APXMIDP,2025-07-18,48,86.63,1541.65,APXMIDP
2025-07-18T22:00:00Z,APXMIDP,2025-07-18,47,86.61,1514.4,APXMIDP
2025-07-18T21:30:00Z,APXMIDP,2025-07-18,46,85.73,2071.85,APXMIDP
2025-07-18T21:00:00Z,APXMIDP,2025-07-18,45,90.34,1919.3,APXMIDP
2025-07-18T20:30:00Z,APXMIDP,2025-07-18,44,94.95,2117.9,APXMIDP
2025-07-18T20:00:00Z,APXMIDP,2025-07-18,43,94.62,2010.2,APXMIDP
2025-07-18T19:30:00Z,APXMIDP,2025-07-18,42,97.05,2700.1,APXMIDP
2025-07-18T19:00:00Z,APXMIDP,2025-07-18,41,98.68,2648.45,APXMIDP
2025-07-18T18:30:00Z,APXMIDP,2025-07-18,40,96.65,3044.55,APXMIDP
2025-07-18T18:00:00Z,APXMIDP,2025-07-18,39,98.08,2951.35,APXMIDP
2025-07-18T17:30:00Z,APXMIDP,2025-07-18,38,88.71,3611.0,APXMIDP
2025-07-18T17:00:00Z,APXMIDP,2025-07-18,37,88.61,3788.6,APXMIDP
2025-07-18T16:30:00Z,APXMIDP,2025-07-18,36,82.62,3906.65,APXMIDP
2025-07-18T16:00:00Z,APXMIDP,2025-07-18,35,89.63,3535.4,APXMIDP
2025-07-18T15:30:00Z,APXMIDP,2025-07-18,34,87.39,3693.75,APXMIDP
2025-07-18T15:00:00Z,APXMIDP,2025-07-18,33,88.54,3341.25,APXMIDP
2025-07-18T14:30:00Z,APXMIDP,2025-07-18,32,80.93,3398.05,APXMIDP
2025-07-18T14:00:00Z,APXMIDP,2025-07-18,31,78.68,3078.45,APXMIDP
2025-07-18T13:30:00Z,APXMIDP,2025-07-18,30,79.1,2602.9,APXMIDP
2025-07-18T13:00:00Z,APXMIDP,2025-07-18,29,77.27,2560.2,APXMIDP
2025-07-18T12:30:00Z,APXMIDP,2025-07-18,28,77.57,2625.05,APXMIDP
2025-07-18T12:00:00Z,APXMIDP,2025-07-18,27,78.59,2556.05,APXMIDP
2025-07-18T11:30:00Z,APXMIDP,2025-07-18,26,76.67,2056.4,APXMIDP
2025-07-18T11:00:00Z,APXMIDP,2025-07-18,25,78.21,2474.6,APXMIDP
2025-07-18T10:30:00Z,APXMIDP,2025-07-18,24,78.62,2059.6,APXMIDP
2025-07-18T10:00:00Z,APXMIDP,2025-07-18,23,78.48,2242.2,APXMIDP
2025-07-18T09:30:00Z,APXMIDP,2025-07-18,22,82.66,1885.45,APXMIDP
2025-07-18T09:00:00Z,APXMIDP,2025-07-18,21,85.13,2057.95,APXMIDP
2025-07-18T08:30:00Z,APXMIDP,2025-07-18,20,83.63,1587.8,APXMIDP
2025-07-18T08:00:00Z,APXMIDP,2025-07-18,19,82.26,1910.85,APXMIDP
2025-07-18T07:30:00Z,APXMIDP,2025-07-18,18,83.24,2041.15,APXMIDP
2025-07-18T07:00:00Z,APXMIDP,2025-07-18,17,82.52,1719.45,APXMIDP
2025-07-18T06:30:00Z,APXMIDP,2025-07-18,16,92.08,1903.35,APXMIDP
2025-07-18T06:00:00Z,APXMIDP,2025-07-18,15,87.6,1660.0,APXMIDP
2025-07-18T05:30:00Z,APXMIDP,2025-07-18,14,92.44,1544.0,APXMIDP
2025-07-18T05:00:00Z,APXMIDP,2025-07-18,13,85.44,1390.4,APXMIDP
2025-07-18T04:30:00Z,APXMIDP,2025-07-18,12,78.23,1570.05,APXMIDP
2025-07-18T04:00:00Z,APXMIDP,2025-07-18,11,77.88,1719.3,APXMIDP
2025-07-18T03:30:00Z,APXMIDP,2025-07-18,10,69.94,1713.05,APXMIDP
2025-07-18T03:00:00Z,APXMIDP,2025-07-18,9,73.48,1760.8,APXMIDP
2025-07-18T02:30:00Z,APXMIDP,2025-07-18,8,74.4,1787.85,APXMIDP
2025-07-18T02:00:00Z,APXMIDP,2025-07-18,7,73.76,1824.95,APXMIDP
2025-07-18T01:30:00Z,APXMIDP,2025-07-18,6,75.93,1912.45,APXMIDP
2025-07-18T01:00:00Z,APXMIDP,2025-07-18,5,71.74,2045.75,APXMIDP
2025-07-18T00:30:00Z,APXMIDP,2025-07-18,4,74.98,1738.1,APXMIDP
2025-07-18T00:00:00Z,APXMIDP,2025-07-18,3,78.69,1796.9,APXMIDP
2025-07-17T23:30:00Z,APXMIDP,2025-07-18,2,77.12,1492.7,APXMIDP
2025-07-17T23:00:00Z,APXMIDP,2025-07-18,1,82.53,1708.85,APXMIDP
2025-07-17T22:30:00Z,APXMIDP,2025-07-17,48,75.11,2246.1,APXMIDP
2025-07-17T22:00:00Z,APXMIDP,2025-07-17,47,80.53,1868.8,APXMIDP
2025-07-17T21:30:00Z,APXMIDP,2025-07-17,46,88.97,2144.2,APXMIDP
2025-07-17T21:00:00Z,APXMIDP,2025-07-17,45,90.3,2431.55,APXMIDP
2025-07-17T20:30:00Z,APXMIDP,2025-07-17,44,92.53,2831.05,APXMIDP
2025-07-17T20:00:00Z,APXMIDP,2025-07-17,43,95.29,3015.25,APXMIDP
2025-07-17T19:30:00Z,APXMIDP,2025-07-17,42,95.5,3168.0,APXMIDP
2025-07-17T19:00:00Z,APXMIDP,2025-07-17,41,98.15,3587.8,APXMIDP
2025-07-17T18:30:00Z,APXMIDP,2025-07-17,40,96.87,3574.4,APXMIDP
2025-07-17T18:00:00Z,APXMIDP,2025-07-17,39,96.86,3448.2,APXMIDP
2025-07-17T17:30:00Z,APXMIDP,2025-07-17,38,87.74,3952.65,APXMIDP
2025-07-17T17:00:00Z,APXMIDP,2025-07-17,37,87.02,4121.1,APXMIDP
2025-07-17T16:30:00Z,APXMIDP,2025-07-17,36,81.46,3674.2,APXMIDP
2025-07-17T16:00:00Z,APXMIDP,2025-07-17,35,83.6,3413.85,APXMIDP
2025-07-17T15:30:00Z,APXMIDP,2025-07-17,34,69.21,2924.8,APXMIDP
2025-07-17T15:00:00Z,APXMIDP,2025-07-17,33,71.58,2597.7,APXMIDP
2025-07-17T14:30:00Z,APXMIDP,2025-07-17,32,73.18,3084.4,APXMIDP
2025-07-17T14:00:00Z,APXMIDP,2025-07-17,31,75.17,2782.3,APXMIDP
2025-07-17T13:30:00Z,APXMIDP,2025-07-17,30,76.83,2787.05,APXMIDP
2025-07-17T13:00:00Z,APXMIDP,2025-07-17,29,72.73,2504.1,APXMIDP
2025-07-17T12:30:00Z,APXMIDP,2025-07-17,28,77.22,2551.75,APXMIDP
2025-07-17T12:00:00Z,APXMIDP,2025-07-17,27,77.75,2621.9,APXMIDP
2025-07-17T11:30:00Z,APXMIDP,2025-07-17,26,73.61,2206.0,APXMIDP
2025-07-17T11:00:00Z,APXMIDP,2025-07-17,25,76.09,2176.55,APXMIDP
2025-07-17T10:30:00Z,APXMIDP,2025-07-17,24,75.97,2272.45,APXMIDP
2025-07-17T10:00:00Z,APXMIDP,2025-07-17,23,79.03,2041.6,APXMIDP
2025-07-17T09:30:00Z,APXMIDP,2025-07-17,22,97.32,1535.9,APXMIDP
2025-07-17T09:00:00Z,APXMIDP,2025-07-17,21,85.6,1235.6,APXMIDP
2025-07-17T08:30:00Z,APXMIDP,2025-07-17,20,85.71,1811.25,APXMIDP
2025-07-17T08:00:00Z,APXMIDP,2025-07-17,19,91.95,2015.65,APXMIDP
2025-07-17T07:30:00Z,APXMIDP,2025-07-17,18,92.58,1728.1,APXMIDP
2025-07-17T07:00:00Z,APXMIDP,2025-07-17,17,93.46,2038.25,APXMIDP
2025-07-17T06:30:00Z,APXMIDP,2025-07-17,16,93.67,2331.6,APXMIDP
2025-07-17T06:00:00Z,APXMIDP,2025-07-17,15,85.69,1990.05,APXMIDP
2025-07-17T05:30:00Z,APXMIDP,2025-07-17,14,88.64,1774.4,APXMIDP
2025-07-17T05:00:00Z,APXMIDP,2025-07-17,13,79.67,1530.25,APXMIDP
2025-07-17T04:30:00Z,APXMIDP,2025-07-17,12,83.59,1624.9,APXMIDP
2025-07-17T04:00:00Z,APXMIDP,2025-07-17,11,80.8,1727.7,APXMIDP
2025-07-17T03:30:00Z,APXMIDP,2025-07-17,10,77.14,1822.65,APXMIDP
2025-07-17T03:00:00Z,APXMIDP,2025-07-17,9,79.74,1743.1,APXMIDP
2025-07-17T02:30:00Z,APXMIDP,2025-07-17,8,81.09,2019.5,APXMIDP
2025-07-17T02:00:00Z,APXMIDP,2025-07-17,7,78.01,1753.25,APXMIDP
2025-07-17T01:30:00Z,APXMIDP,2025-07-17,6,78.7,1621.25,APXMIDP
2025-07-17T01:00:00Z,APXMIDP,2025-07-17,5,82.74,1691.55,APXMIDP
2025-07-17T00:30:00Z,APXMIDP,2025-07-17,4,77.43,1293.45,APXMIDP
2025-07-17T00:00:00Z,APXMIDP,2025-07-17,3,80.97,1203.45,APXMIDP
2025-07-16T23:30:00Z,APXMIDP,2025-07-17,2,87.53,1531.5,APXMIDP
2025-07-16T23:00:00Z,APXMIDP,2025-07-17,1,93.55,1461.6,APXMIDP
2025-07-16T22:30:00Z,APXMIDP,2025-07-16,48,88.04,1410.3,APXMIDP
2025-07-16T22:00:00Z,APXMIDP,2025-07-16,47,93.78,1560.3,APXMIDP
2025-07-16T21:30:00Z,APXMIDP,2025-07-16,46,97.04,2037.5,APXMIDP
2025-07-16T21:00:00Z,APXMIDP,2025-07-16,45,104.3,2108.45,APXMIDP
2025-07-16T20:30:00Z,APXMIDP,2025-07-16,44,109.28,2076.6,APXMIDP
2025-07-16T20:00:00Z,APXMIDP,2025-07-16,43,109.57,2481.25,APXMIDP
2025-07-16T19:30:00Z,APXMIDP,2025-07-16,42,116.4,2538.4,APXMIDP
2025-07-16T19:00:00Z,APXMIDP,2025-07-16,41,117.77,2256.4,APXMIDP
2025-07-16T18:30:00Z,APXMIDP,2025-07-16,40,117.91,2636.65,APXMIDP
2025-07-16T18:00:00Z,APXMIDP,2025-07-16,39,117.72,2170.2,APXMIDP
2025-07-16T17:30:00Z,APXMIDP,2025-07-16,38,108.11,3645.55,APXMIDP
2025-07-16T17:00:00Z,APXMIDP,2025-07-16,37,104.89,3372.75,APXMIDP
2025-07-16T16:30:00Z,APXMIDP,2025-07-16,36,101.85,3418.1,APXMIDP
2025-07-16T16:00:00Z,APXMIDP,2025-07-16,35,97.61,3607.05,APXMIDP
2025-07-16T15:30:00Z,APXMIDP,2025-07-16,34,85.31,3813.0,APXMIDP
2025-07-16T15:00:00Z,APXMIDP,2025-07-16,33,90.41,4020.5,APXMIDP
2025-07-16T14:30:00Z,APXMIDP,2025-07-16,32,96.92,4011.35,APXMIDP
2025-07-16T14:00:00Z,APXMIDP,2025-07-16,31,91.97,4344.95,APXMIDP
2025-07-30T14:30:00Z,APXMIDP,2025-07-30,32,75.62,2711.05,APXMIDP
2025-07-30T14:00:00Z,APXMIDP,2025-07-30,31,70.46,2446.8,APXMIDP
2025-07-30T13:30:00Z,APXMIDP,2025-07-30,30,75.66,2925.45,APXMIDP
2025-07-30T13:00:00Z,APXMIDP,2025-07-30,29,73.59,2780.75,APXMIDP
2025-07-30T12:30:00Z,APXMIDP,2025-07-30,28,76.22,2225.25,APXMIDP
2025-07-30T12:00:00Z,APXMIDP,2025-07-30,27,78.19,2746.3,APXMIDP
2025-07-30T11:30:00Z,APXMIDP,2025-07-30,26,81.7,2752.45,APXMIDP
2025-07-30T11:00:00Z,APXMIDP,2025-07-30,25,81.72,3160.55,APXMIDP
2025-07-30T10:30:00Z,APXMIDP,2025-07-30,24,75.26,2527.6,APXMIDP
2025-07-30T10:00:00Z,APXMIDP,2025-07-30,23,73.05,2597.1,APXMIDP
2025-07-30T09:30:00Z,APXMIDP,2025-07-30,22,74.4,2782.05,APXMIDP
2025-07-30T09:00:00Z,APXMIDP,2025-07-30,21,78.57,2302.05,APXMIDP
2025-07-30T08:30:00Z,APXMIDP,2025-07-30,20,83.95,2144.8,APXMIDP
2025-07-30T08:00:00Z,APXMIDP,2025-07-30,19,85.45,2177.45,APXMIDP
2025-07-30T07:30:00Z,APXMIDP,2025-07-30,18,83.67,2082.3,APXMIDP
2025-07-30T07:00:00Z,APXMIDP,2025-07-30,17,83.11,2018.25,APXMIDP
2025-07-30T06:30:00Z,APXMIDP,2025-07-30,16,84.75,2436.05,APXMIDP
2025-07-30T06:00:00Z,APXMIDP,2025-07-30,15,79.48,2338.45,APXMIDP
2025-07-30T05:30:00Z,APXMIDP,2025-07-30,14,98.36,2198.3,APXMIDP
2025-07-30T05:00:00Z,APXMIDP,2025-07-30,13,80.14,1617.3,APXMIDP
2025-07-30T04:30:00Z,APXMIDP,2025-07-30,12,72.72,1399.65,APXMIDP
2025-07-30T04:00:00Z,APXMIDP,2025-07-30,11,71.01,1054.5,APXMIDP
2025-07-30T03:30:00Z,APXMIDP,2025-07-30,10,69.07,1089.85,APXMIDP
2025-07-30T03:00:00Z,APXMIDP,2025-07-30,9,69.44,986.95,APXMIDP
2025-07-30T02:30:00Z,APXMIDP,2025-07-30,8,69.34,1003.9,APXMIDP
2025-07-30T02:00:00Z,APXMIDP,2025-07-30,7,70.89,1038.3,APXMIDP
2025-07-30T01:30:00Z,APXMIDP,2025-07-30,6,72.21,1356.45,APXMIDP
2025-07-30T01:00:00Z,APXMIDP,2025-07-30,5,71.67,1114.95,APXMIDP
2025-07-30T00:30:00Z,APXMIDP,2025-07-30,4,69.89,1152.95,APXMIDP
2025-07-30T00:00:00Z,APXMIDP,2025-07-30,3,69.91,1117.55,APXMIDP
2025-07-29T23:30:00Z,APXMIDP,2025-07-30,2,71.73,1020.2,APXMIDP
2025-07-29T23:00:00Z,APXMIDP,2025-07-30,1,73.9,932.7,APXMIDP
2025-07-29T22:30:00Z,APXMIDP,2025-07-29,48,79.1,1036.75,APXMIDP
2025-07-29T22:00:00Z,APXMIDP,2025-07-29,47,82.38,1696.1,APXMIDP
2025-07-29T21:30:00Z,APXMIDP,2025-07-29,46,92.43,3474.5,APXMIDP
2025-07-29T21:00:00Z,APXMIDP,2025-07-29,45,92.58,3319.45,APXMIDP
2025-07-29T20:30:00Z,APXMIDP,2025-07-29,44,92.5,2999.95,APXMIDP
2025-07-29T20:00:00Z,APXMIDP,2025-07-29,43,102.93,3264.0,APXMIDP
2025-07-29T19:30:00Z,APXMIDP,2025-07-29,42,103.4,4016.35,APXMIDP
2025-07-29T19:00:00Z,APXMIDP,2025-07-29,41,105.82,4030.95,APXMIDP
2025-07-29T18:30:00Z,APXMIDP,2025-07-29,40,110.32,4462.1,APXMIDP
2025-07-29T18:00:00Z,APXMIDP,2025-07-29,39,111.49,4417.45,APXMIDP
2025-07-29T17:30:00Z,APXMIDP,2025-07-29,38,102.59,3409.2,APXMIDP
2025-07-29T17:00:00Z,APXMIDP,2025-07-29,37,98.43,3567.75,APXMIDP
2025-07-29T16:30:00Z,APXMIDP,2025-07-29,36,94.91,2831.9,APXMIDP
2025-07-29T16:00:00Z,APXMIDP,2025-07-29,35,87.58,2471.25,APXMIDP
2025-07-29T15:30:00Z,APXMIDP,2025-07-29,34,73.88,2332.0,APXMIDP
2025-07-29T15:00:00Z,APXMIDP,2025-07-29,33,72.61,1656.3,APXMIDP
2025-07-29T14:30:00Z,APXMIDP,2025-07-29,32,73.25,2010.4,APXMIDP
2025-07-29T14:00:00Z,APXMIDP,2025-07-29,31,71.95,1605.3,APXMIDP
2025-07-29T13:30:00Z,APXMIDP,2025-07-29,30,73.6,2400.4,APXMIDP
2025-07-29T13:00:00Z,APXMIDP,2025-07-29,29,73.61,2116.0,APXMIDP
2025-07-29T12:30:00Z,APXMIDP,2025-07-29,28,74.07,2117.15,APXMIDP
2025-07-29T12:00:00Z,APXMIDP,2025-07-29,27,77.68,2473.55,APXMIDP
2025-07-29T11:30:00Z,APXMIDP,2025-07-29,26,75.07,2284.95,APXMIDP
2025-07-29T11:00:00Z,APXMIDP,2025-07-29,25,75.93,2376.85,APXMIDP
2025-07-29T10:30:00Z,APXMIDP,2025-07-29,24,76.41,2530.8,APXMIDP
2025-07-29T10:00:00Z,APXMIDP,2025-07-29,23,79.88,2296.05,APXMIDP
2025-07-29T09:30:00Z,APXMIDP,2025-07-29,22,84.14,2534.75,APXMIDP
2025-07-29T09:00:00Z,APXMIDP,2025-07-29,21,90.71,2513.65,APXMIDP
2025-07-29T08:30:00Z,APXMIDP,2025-07-29,20,88.4,2346.8,APXMIDP
2025-07-29T08:00:00Z,APXMIDP,2025-07-29,19,88.47,2707.85,APXMIDP
2025-07-29T07:30:00Z,APXMIDP,2025-07-29,18,93.75,2365.55,APXMIDP
2025-07-29T07:00:00Z,APXMIDP,2025-07-29,17,88.19,2176.8,APXMIDP
2025-07-29T06:30:00Z,APXMIDP,2025-07-29,16,79.89,2090.2,APXMIDP
2025-07-29T06:00:00Z,APXMIDP,2025-07-29,15,72.99,2038.55,APXMIDP
2025-07-29T05:30:00Z,APXMIDP,2025-07-29,14,80.95,1778.85,APXMIDP
2025-07-29T05:00:00Z,APXMIDP,2025-07-29,13,78.02,1536.7,APXMIDP
2025-07-29T04:30:00Z,APXMIDP,2025-07-29,12,81.39,1232.75,APXMIDP
2025-07-29T04:00:00Z,APXMIDP,2025-07-29,11,74.31,1347.35,APXMIDP
2025-07-29T03:30:00Z,APXMIDP,2025-07-29,10,66.96,1346.45,APXMIDP
2025-07-29T03:00:00Z,APXMIDP,2025-07-29,9,68.38,1451.5,APXMIDP
2025-07-29T02:30:00Z,APXMIDP,2025-07-29,8,66.33,1255.25,APXMIDP
2025-07-29T02:00:00Z,APXMIDP,2025-07-29,7,66.22,1294.95,APXMIDP
2025-07-29T01:30:00Z,APXMIDP,2025-07-29,6,69.0,1609.55,APXMIDP
2025-07-29T01:00:00Z,APXMIDP,2025-07-29,5,67.28,1425.25,APXMIDP
2025-07-29T00:30:00Z,APXMIDP,2025-07-29,4,67.8,1346.9,APXMIDP
2025-07-29T00:00:00Z,APXMIDP,2025-07-29,3,67.99,1126.4,APXMIDP
2025-07-28T23:30:00Z,APXMIDP,2025-07-29,2,69.55,1529.6,APXMIDP
2025-07-28T23:00:00Z,APXMIDP,2025-07-29,1,70.63,1460.35,APXMIDP
2025-07-28T22:30:00Z,APXMIDP,2025-07-28,48,71.36,1435.5,APXMIDP
2025-07-28T22:00:00Z,APXMIDP,2025-07-28,47,73.88,1897.5,APXMIDP
2025-07-28T21:30:00Z,APXMIDP,2025-07-28,46,78.16,2480.8,APXMIDP
2025-07-28T21:00:00Z,APXMIDP,2025-07-28,45,80.88,1990.5,APXMIDP
2025-07-28T20:30:00Z,APXMIDP,2025-07-28,44,82.38,2098.6,APXMIDP
2025-07-28T20:00:00Z,APXMIDP,2025-07-28,43,87.64,2383.4,APXMIDP
2025-07-28T19:30:00Z,APXMIDP,2025-07-28,42,90.55,2835.9,APXMIDP
2025-07-28T19:00:00Z,APXMIDP,2025-07-28,41,91.71,2867.0,APXMIDP
2025-07-28T18:30:00Z,APXMIDP,2025-07-28,40,91.21,3020.65,APXMIDP
2025-07-28T18:00:00Z,APXMIDP,2025-07-28,39,91.97,3202.6,APXMIDP
2025-07-28T17:30:00Z,APXMIDP,2025-07-28,38,92.41,2828.25,APXMIDP
2025-07-28T17:00:00Z,APXMIDP,2025-07-28,37,81.34,2533.65,APXMIDP
2025-07-28T16:30:00Z,APXMIDP,2025-07-28,36,74.27,2133.8,APXMIDP
2025-07-28T16:00:00Z,APXMIDP,2025-07-28,35,75.38,2253.95,APXMIDP
2025-07-28T15:30:00Z,APXMIDP,2025-07-28,34,77.15,2740.3,APXMIDP
2025-07-28T15:00:00Z,APXMIDP,2025-07-28,33,76.26,2988.95,APXMIDP
2025-07-28T14:30:00Z,APXMIDP,2025-07-28,32,77.98,2599.25,APXMIDP
2025-07-28T14:00:00Z,APXMIDP,2025-07-28,31,84.58,2733.75,APXMIDP
2025-07-28T13:30:00Z,APXMIDP,2025-07-28,30,86.86,3161.85,APXMIDP
2025-07-28T13:00:00Z,APXMIDP,2025-07-28,29,86.77,2811.0,APXMIDP
2025-07-28T12:30:00Z,APXMIDP,2025-07-28,28,84.98,3486.65,APXMIDP
2025-07-28T12:00:00Z,APXMIDP,2025-07-28,27,87.31,3957.75,APXMIDP
2025-07-28T11:30:00Z,APXMIDP,2025-07-28,26,85.2,3110.15,APXMIDP
2025-07-28T11:00:00Z,APXMIDP,2025-07-28,25,81.42,2909.95,APXMIDP
2025-07-28T10:30:00Z,APXMIDP,2025-07-28,24,72.82,2904.75,APXMIDP
2025-07-28T10:00:00Z,APXMIDP,2025-07-28,23,66.44,2604.4,APXMIDP
2025-07-28T09:30:00Z,APXMIDP,2025-07-28,22,67.53,2624.45,APXMIDP
2025-07-28T09:00:00Z,APXMIDP,2025-07-28,21,76.99,2547.35,APXMIDP
2025-07-28T08:30:00Z,APXMIDP,2025-07-28,20,79.04,2053.3,APXMIDP
2025-07-28T08:00:00Z,APXMIDP,2025-07-28,19,78.64,2155.95,APXMIDP
2025-07-28T07:30:00Z,APXMIDP,2025-07-28,18,81.1,2105.85,APXMIDP
2025-07-28T07:00:00Z,APXMIDP,2025-07-28,17,83.45,1769.15,APXMIDP
2025-07-28T06:30:00Z,APXMIDP,2025-07-28,16,83.27,2254.3,APXMIDP
2025-07-28T06:00:00Z,APXMIDP,2025-07-28,15,79.84,1853.15,APXMIDP
2025-07-28T05:30:00Z,APXMIDP,2025-07-28,14,83.72,2009.75,APXMIDP
2025-07-28T05:00:00Z,APXMIDP,2025-07-28,13,74.04,1883.95,APXMIDP
2025-07-28T04:30:00Z,APXMIDP,2025-07-28,12,71.86,1333.65,APXMIDP
2025-07-28T04:00:00Z,APXMIDP,2025-07-28,11,73.48,1475.0,APXMIDP
2025-07-28T03:30:00Z,APXMIDP,2025-07-28,10,68.1,1358.8,APXMIDP
2025-07-28T03:00:00Z,APXMIDP,2025-07-28,9,69.96,1435.7,APXMIDP
2025-07-28T02:30:00Z,APXMIDP,2025-07-28,8,66.32,1181.9,APXMIDP
2025-07-28T02:00:00Z,APXMIDP,2025-07-28,7,67.41,1284.65,APXMIDP
2025-07-28T01:30:00Z,APXMIDP,2025-07-28,6,67.8,1176.25,APXMIDP
2025-07-28T01:00:00Z,APXMIDP,2025-07-28,5,70.19,1180.8,APXMIDP
2025-07-28T00:30:00Z,APXMIDP,2025-07-28,4,70.56,998.35,APXMIDP
2025-07-28T00:00:00Z,APXMIDP,2025-07-28,3,74.2,1297.15,APXMIDP
2025-07-27T23:30:00Z,APXMIDP,2025-07-28,2,76.42,1762.65,APXMIDP
2025-07-27T23:00:00Z,APXMIDP,2025-07-28,1,76.17,1791.35,APXMIDP
2025-07-27T22:30:00Z,APXMIDP,2025-07-27,48,71.0,1981.25,APXMIDP
2025-07-27T22:00:00Z,APXMIDP,2025-07-27,47,72.15,1561.1,APXMIDP
2025-07-27T21:30:00Z,APXMIDP,2025-07-27,46,84.57,2375.95,APXMIDP
2025-07-27T21:00:00Z,APXMIDP,2025-07-27,45,87.97,2279.65,APXMIDP
2025-07-27T20:30:00Z,APXMIDP,2025-07-27,44,88.77,2392.85,APXMIDP
2025-07-27T20:00:00Z,APXMIDP,2025-07-27,43,92.78,2173.15,APXMIDP
2025-07-27T19:30:00Z,APXMIDP,2025-07-27,42,86.57,2432.9,APXMIDP
2025-07-27T19:00:00Z,APXMIDP,2025-07-27,41,91.68,2309.75,APXMIDP
2025-07-27T18:30:00Z,APXMIDP,2025-07-27,40,89.87,2068.05,APXMIDP
2025-07-27T18:00:00Z,APXMIDP,2025-07-27,39,92.0,2104.65,APXMIDP
2025-07-27T17:30:00Z,APXMIDP,2025-07-27,38,92.66,2349.2,APXMIDP
2025-07-27T17:00:00Z,APXMIDP,2025-07-27,37,87.16,2341.35,APXMIDP
2025-07-27T16:30:00Z,APXMIDP,2025-07-27,36,84.93,2267.55,APXMIDP
2025-07-27T16:00:00Z,APXMIDP,2025-07-27,35,88.76,2242.1,APXMIDP
2025-07-27T15:30:00Z,APXMIDP,2025-07-27,34,82.66,1677.55,APXMIDP
2025-07-27T15:00:00Z,APXMIDP,2025-07-27,33,83.48,1883.0,APXMIDP
2025-07-27T14:30:00Z,APXMIDP,2025-07-27,32,84.8,1908.85,APXMIDP
2025-07-27T14:00:00Z,APXMIDP,2025-07-27,31,83.43,1706.25,APXMIDP
2025-07-27T13:30:00Z,APXMIDP,2025-07-27,30,81.76,2297.85,APXMIDP
2025-07-27T13:00:00Z,APXMIDP,2025-07-27,29,86.16,1939.5,APXMIDP
2025-07-27T12:30:00Z,APXMIDP,2025-07-27,28,86.86,1864.55,APXMIDP
2025-07-27T12:00:00Z,APXMIDP,2025-07-27,27,89.28,1922.85,APXMIDP
2025-07-27T11:30:00Z,APXMIDP,2025-07-27,26,92.64,1944.4,APXMIDP
2025-07-27T11:00:00Z,APXMIDP,2025-07-27,25,93.82,1960.9,APXMIDP
2025-07-27T10:30:00Z,APXMIDP,2025-07-27,24,93.93,2018.95,APXMIDP
2025-07-27T10:00:00Z,APXMIDP,2025-07-27,23,92.97,2001.6,APXMIDP
2025-07-27T09:30:00Z,APXMIDP,2025-07-27,22,91.38,1864.05,APXMIDP
2025-07-27T09:00:00Z,APXMIDP,2025-07-27,21,90.04,1963.35,APXMIDP
2025-07-27T08:30:00Z,APXMIDP,2025-07-27,20,86.56,1790.2,APXMIDP
2025-07-27T08:00:00Z,APXMIDP,2025-07-27,19,85.55,1646.65,APXMIDP
2025-07-27T07:30:00Z,APXMIDP,2025-07-27,18,80.45,1941.05,APXMIDP
2025-07-27T07:00:00Z,APXMIDP,2025-07-27,17,76.15,1766.35,APXMIDP
2025-07-27T06:30:00Z,APXMIDP,2025-07-27,16,83.24,1651.95,APXMIDP
2025-07-27T06:00:00Z,APXMIDP,2025-07-27,15,80.21,1560.4,APXMIDP
2025-07-27T05:30:00Z,APXMIDP,2025-07-27,14,75.5,1529.25,APXMIDP
2025-07-27T05:00:00Z,APXMIDP,2025-07-27,13,74.76,1560.2,APXMIDP
2025-07-27T04:30:00Z,APXMIDP,2025-07-27,12,73.64,1171.6,APXMIDP
2025-07-27T04:00:00Z,APXMIDP,2025-07-27,11,74.49,1318.25,APXMIDP
2025-07-27T03:30:00Z,APXMIDP,2025-07-27,10,77.31,1761.9,APXMIDP
2025-07-27T03:00:00Z,APXMIDP,2025-07-27,9,74.11,1643.35,APXMIDP
2025-07-27T02:30:00Z,APXMIDP,2025-07-27,8,71.76,1484.85,APXMIDP
2025-07-27T02:00:00Z,APXMIDP,2025-07-27,7,75.33,1597.35,APXMIDP
2025-07-27T01:30:00Z,APXMIDP,2025-07-27,6,75.85,1309.2,APXMIDP
2025-07-27T01:00:00Z,APXMIDP,2025-07-27,5,78.26,1367.1,APXMIDP
2025-07-27T00:30:00Z,APXMIDP,2025-07-27,4,78.19,1587.45,APXMIDP
2025-07-27T00:00:00Z,APXMIDP,2025-07-27,3,79.6,1563.15,APXMIDP
2025-07-26T23:30:00Z,APXMIDP,2025-07-27,2,76.13,1724.7,APXMIDP
2025-07-26T23:00:00Z,APXMIDP,2025-07-27,1,77.33,1759.05,APXMIDP
2025-07-26T22:30:00Z,APXMIDP,2025-07-26,48,71.9,2222.25,APXMIDP
2025-07-26T22:00:00Z,APXMIDP,2025-07-26,47,68.87,2090.1,APXMIDP
2025-07-26T21:30:00Z,APXMIDP,2025-07-26,46,75.9,2137.3,APXMIDP
2025-07-26T21:00:00Z,APXMIDP,2025-07-26,45,77.92,1871.3,APXMIDP
2025-07-26T20:30:00Z,APXMIDP,2025-07-26,44,82.91,1553.1,APXMIDP
2025-07-26T20:00:00Z,APXMIDP,2025-07-26,43,85.66,1648.65,APXMIDP
2025-07-26T19:30:00Z,APXMIDP,2025-07-26,42,90.26,1622.95,APXMIDP
2025-07-26T19:00:00Z,APXMIDP,2025-07-26,41,92.65,1784.3,APXMIDP
2025-07-26T18:30:00Z,APXMIDP,2025-07-26,40,89.65,1561.9,APXMIDP
2025-07-26T18:00:00Z,APXMIDP,2025-07-26,39,84.49,1555.05,APXMIDP
2025-07-26T17:30:00Z,APXMIDP,2025-07-26,38,82.59,1852.55,APXMIDP
2025-07-26T17:00:00Z,APXMIDP,2025-07-26,37,84.66,2181.2,APXMIDP
2025-07-26T16:30:00Z,APXMIDP,2025-07-26,36,80.42,1819.3,APXMIDP
2025-07-26T16:00:00Z,APXMIDP,2025-07-26,35,81.6,2017.9,APXMIDP
2025-07-26T15:30:00Z,APXMIDP,2025-07-26,34,73.93,2397.05,APXMIDP
2025-07-26T15:00:00Z,APXMIDP,2025-07-26,33,76.63,2467.1,APXMIDP
2025-07-26T14:30:00Z,APXMIDP,2025-07-26,32,76.42,2577.9,APXMIDP
2025-07-26T14:00:00Z,APXMIDP,2025-07-26,31,75.75,2241.7,APXMIDP
2025-07-26T13:30:00Z,APXMIDP,2025-07-26,30,71.04,2506.95,APXMIDP
2025-07-26T13:00:00Z,APXMIDP,2025-07-26,29,76.94,2296.9,APXMIDP
2025-07-26T12:30:00Z,APXMIDP,2025-07-26,28,80.16,1943.2,APXMIDP
2025-07-26T12:00:00Z,APXMIDP,2025-07-26,27,89.06,2200.5,APXMIDP
2025-07-26T11:30:00Z,APXMIDP,2025-07-26,26,94.66,2240.0,APXMIDP
2025-07-26T11:00:00Z,APXMIDP,2025-07-26,25,91.33,2080.4,APXMIDP
2025-07-26T10:30:00Z,APXMIDP,2025-07-26,24,92.74,1865.55,APXMIDP
2025-07-26T10:00:00Z,APXMIDP,2025-07-26,23,94.5,2234.4,APXMIDP
2025-07-26T09:30:00Z,APXMIDP,2025-07-26,22,91.6,1990.55,APXMIDP
2025-07-26T09:00:00Z,APXMIDP,2025-07-26,21,85.64,1761.45,APXMIDP
2025-07-26T08:30:00Z,APXMIDP,2025-07-26,20,79.96,1404.0,APXMIDP
2025-07-26T08:00:00Z,APXMIDP,2025-07-26,19,78.49,1255.5,APXMIDP
2025-07-26T07:30:00Z,APXMIDP,2025-07-26,18,75.61,1391.8,APXMIDP
2025-07-26T07:00:00Z,APXMIDP,2025-07-26,17,73.24,1462.75,APXMIDP
2025-07-26T06:30:00Z,APXMIDP,2025-07-26,16,72.97,1344.75,APXMIDP
2025-07-26T06:00:00Z,APXMIDP,2025-07-26,15,68.68,1467.5,APXMIDP
2025-07-26T05:30:00Z,APXMIDP,2025-07-26,14,83.51,1429.2,APXMIDP
2025-07-26T05:00:00Z,APXMIDP,2025-07-26,13,80.55,1373.3,APXMIDP
2025-07-26T04:30:00Z,APXMIDP,2025-07-26,12,85.04,1302.2,APXMIDP
2025-07-26T04:00:00Z,APXMIDP,2025-07-26,11,83.53,1399.15,APXMIDP
2025-07-26T03:30:00Z,APXMIDP,2025-07-26,10,81.07,1261.05,APXMIDP
2025-07-26T03:00:00Z,APXMIDP,2025-07-26,9,78.85,1199.55,APXMIDP
2025-07-26T02:30:00Z,APXMIDP,2025-07-26,8,76.21,1310.5,APXMIDP
2025-07-26T02:00:00Z,APXMIDP,2025-07-26,7,78.88,1284.3,APXMIDP
2025-07-26T01:30:00Z,APXMIDP,2025-07-26,6,79.69,1394.1,APXMIDP
2025-07-26T01:00:00Z,APXMIDP,2025-07-26,5,81.11,1406.4,APXMIDP
2025-07-26T00:30:00Z,APXMIDP,2025-07-26,4,82.86,1301.9,APXMIDP
2025-07-26T00:00:00Z,APXMIDP,2025-07-26,3,82.12,1537.2,APXMIDP
2025-07-25T23:30:00Z,APXMIDP,2025-07-26,2,88.17,1924.8,APXMIDP
2025-07-25T23:00:00Z,APXMIDP,2025-07-26,1,94.19,2439.85,APXMIDP
2025-07-25T22:30:00Z,APXMIDP,2025-07-25,48,93.06,2633.15,APXMIDP
2025-07-25T22:00:00Z,APXMIDP,2025-07-25,47,87.02,2372.0,APXMIDP
2025-07-25T21:30:00Z,APXMIDP,2025-07-25,46,87.64,2040.9,APXMIDP
2025-07-25T21:00:00Z,APXMIDP,2025-07-25,45,95.21,2270.5,APXMIDP
2025-07-25T20:30:00Z,APXMIDP,2025-07-25,44,96.42,1885.5,APXMIDP
2025-07-25T20:00:00Z,APXMIDP,2025-07-25,43,101.82,2100.25,APXMIDP
2025-07-25T19:30:00Z,APXMIDP,2025-07-25,42,106.01,2512.3,APXMIDP
2025-07-25T19:00:00Z,APXMIDP,2025-07-25,41,106.64,2310.6,APXMIDP
2025-07-25T18:30:00Z,APXMIDP,2025-07-25,40,103.21,2744.45,APXMIDP
2025-07-25T18:00:00Z,APXMIDP,2025-07-25,39,97.6,2803.05,APXMIDP
2025-07-25T17:30:00Z,APXMIDP,2025-07-25,38,96.94,3527.1,APXMIDP
2025-07-25T17:00:00Z,APXMIDP,2025-07-25,37,88.13,3718.45,APXMIDP
2025-07-25T16:30:00Z,APXMIDP,2025-07-25,36,87.67,2913.1,APXMIDP
2025-07-25T16:00:00Z,APXMIDP,2025-07-25,35,80.64,2893.55,APXMIDP
2025-07-25T15:30:00Z,APXMIDP,2025-07-25,34,68.56,3365.45,APXMIDP
2025-07-25T15:00:00Z,APXMIDP,2025-07-25,33,73.45,2872.0,APXMIDP
2025-07-25T14:30:00Z,APXMIDP,2025-07-25,32,74.29,2750.5,APXMIDP
2025-07-25T14:00:00Z,APXMIDP,2025-07-25,31,74.2,3297.7,APXMIDP
2025-07-25T13:30:00Z,APXMIDP,2025-07-25,30,78.96,3486.3,APXMIDP
2025-07-25T13:00:00Z,APXMIDP,2025-07-25,29,76.91,3171.65,APXMIDP
2025-07-25T12:30:00Z,APXMIDP,2025-07-25,28,70.08,3012.85,APXMIDP
2025-07-25T12:00:00Z,APXMIDP,2025-07-25,27,72.27,2599.15,APXMIDP
2025-07-25T11:30:00Z,APXMIDP,2025-07-25,26,71.65,2404.15,APXMIDP
2025-07-25T11:00:00Z,APXMIDP,2025-07-25,25,73.0,2238.25,APXMIDP
2025-07-25T10:30:00Z,APXMIDP,2025-07-25,24,73.84,2697.35,APXMIDP
2025-07-25T10:00:00Z,APXMIDP,2025-07-25,23,73.94,2603.9,APXMIDP
2025-07-25T09:30:00Z,APXMIDP,2025-07-25,22,70.21,2158.7,APXMIDP
2025-07-25T09:00:00Z,APXMIDP,2025-07-25,21,66.61,1544.75,APXMIDP
2025-07-25T08:30:00Z,APXMIDP,2025-07-25,20,73.36,1574.5,APXMIDP
2025-07-25T08:00:00Z,APXMIDP,2025-07-25,19,78.4,1659.6,APXMIDP
2025-07-25T07:30:00Z,APXMIDP,2025-07-25,18,82.11,1827.6,APXMIDP
2025-07-25T07:00:00Z,APXMIDP,2025-07-25,17,87.91,1528.1,APXMIDP
2025-07-25T06:30:00Z,APXMIDP,2025-07-25,16,91.59,1753.2,APXMIDP
2025-07-25T06:00:00Z,APXMIDP,2025-07-25,15,90.81,1548.0,APXMIDP
2025-07-25T05:30:00Z,APXMIDP,2025-07-25,14,94.06,1368.7,APXMIDP
2025-07-25T05:00:00Z,APXMIDP,2025-07-25,13,82.85,1137.15,APXMIDP
2025-07-25T04:30:00Z,APXMIDP,2025-07-25,12,76.37,936.25,APXMIDP
2025-07-25T04:00:00Z,APXMIDP,2025-07-25,11,77.02,1067.4,APXMIDP
2025-07-25T03:30:00Z,APXMIDP,2025-07-25,10,77.5,1023.3,APXMIDP
2025-07-25T03:00:00Z,APXMIDP,2025-07-25,9,79.62,1068.5,APXMIDP
2025-07-25T02:30:00Z,APXMIDP,2025-07-25,8,77.86,1159.3,APXMIDP
2025-07-25T02:00:00Z,APXMIDP,2025-07-25,7,77.53,1251.2,APXMIDP
2025-07-25T01:30:00Z,APXMIDP,2025-07-25,6,80.18,1566.5,APXMIDP
2025-07-25T01:00:00Z,APXMIDP,2025-07-25,5,81.47,1458.05,APXMIDP
2025-07-25T00:30:00Z,APXMIDP,2025-07-25,4,83.88,1989.4,APXMIDP
2025-07-25T00:00:00Z,APXMIDP,2025-07-25,3,85.26,1978.45,APXMIDP
2025-07-24T23:30:00Z,APXMIDP,2025-07-25,2,85.89,2053.95,APXMIDP
2025-07-24T23:00:00Z,APXMIDP,2025-07-25,1,83.77,2092.95,APXMIDP
2025-07-24T22:30:00Z,APXMIDP,2025-07-24,48,85.05,2787.35,APXMIDP
2025-07-24T22:00:00Z,APXMIDP,2025-07-24,47,91.42,2900.35,APXMIDP
2025-07-24T21:30:00Z,APXMIDP,2025-07-24,46,83.32,2633.2,APXMIDP
2025-07-24T21:00:00Z,APXMIDP,2025-07-24,45,93.35,2870.9,APXMIDP
2025-07-24T20:30:00Z,APXMIDP,2025-07-24,44,96.53,2976.2,APXMIDP
2025-07-24T20:00:00Z,APXMIDP,2025-07-24,43,92.87,3111.3,APXMIDP
2025-07-24T19:30:00Z,APXMIDP,2025-07-24,42,99.71,3771.25,APXMIDP
2025-07-24T19:00:00Z,APXMIDP,2025-07-24,41,103.37,4362.3,APXMIDP
2025-07-24T18:30:00Z,APXMIDP,2025-07-24,40,100.6,3809.8,APXMIDP
2025-07-24T18:00:00Z,APXMIDP,2025-07-24,39,103.16,3840.2,APXMIDP
2025-07-24T17:30:00Z,APXMIDP,2025-07-24,38,96.13,4332.4,APXMIDP
2025-07-24T17:00:00Z,APXMIDP,2025-07-24,37,96.62,3680.8,APXMIDP
2025-07-24T16:30:00Z,APXMIDP,2025-07-24,36,83.83,2361.05,APXMIDP
2025-07-24T16:00:00Z,APXMIDP,2025-07-24,35,94.2,3155.4,APXMIDP
2025-07-24T15:30:00Z,APXMIDP,2025-07-24,34,84.56,2836.55,APXMIDP
2025-07-24T15:00:00Z,APXMIDP,2025-07-24,33,88.58,2431.9,APXMIDP
2025-07-24T14:30:00Z,APXMIDP,2025-07-24,32,86.11,3053.6,APXMIDP
2025-07-24T14:00:00Z,APXMIDP,2025-07-24,31,86.51,3238.8,APXMIDP
2025-07-24T13:30:00Z,APXMIDP,2025-07-24,30,81.77,3076.15,APXMIDP
2025-07-24T13:00:00Z,APXMIDP,2025-07-24,29,81.23,3248.45,APXMIDP
2025-07-24T12:30:00Z,APXMIDP,2025-07-24,28,82.0,3410.9,APXMIDP
2025-07-24T12:00:00Z,APXMIDP,2025-07-24,27,82.65,3030.6,APXMIDP
2025-07-24T11:30:00Z,APXMIDP,2025-07-24,26,82.18,3355.4,APXMIDP
2025-07-24T11:00:00Z,APXMIDP,2025-07-24,25,80.64,3393.6,APXMIDP
2025-07-24T10:30:00Z,APXMIDP,2025-07-24,24,79.16,3098.0,APXMIDP
2025-07-24T10:00:00Z,APXMIDP,2025-07-24,23,80.59,2815.95,APXMIDP
2025-07-24T09:30:00Z,APXMIDP,2025-07-24,22,84.11,3114.35,APXMIDP
2025-07-24T09:00:00Z,APXMIDP,2025-07-24,21,83.94,2856.35,APXMIDP
2025-07-24T08:30:00Z,APXMIDP,2025-07-24,20,83.42,2791.2,APXMIDP
2025-07-24T08:00:00Z,APXMIDP,2025-07-24,19,80.95,3048.7,APXMIDP
2025-07-24T07:30:00Z,APXMIDP,2025-07-24,18,85.95,3015.15,APXMIDP
2025-07-24T07:00:00Z,APXMIDP,2025-07-24,17,88.34,2562.45,APXMIDP
2025-07-24T06:30:00Z,APXMIDP,2025-07-24,16,93.59,3039.35,APXMIDP
2025-07-24T06:00:00Z,APXMIDP,2025-07-24,15,89.38,2392.8,APXMIDP
2025-07-24T05:30:00Z,APXMIDP,2025-07-24,14,92.22,2411.95,APXMIDP
2025-07-24T05:00:00Z,APXMIDP,2025-07-24,13,87.13,1904.3,APXMIDP
2025-07-24T04:30:00Z,APXMIDP,2025-07-24,12,85.03,1420.65,APXMIDP
2025-07-24T04:00:00Z,APXMIDP,2025-07-24,11,81.22,1445.6,APXMIDP
2025-07-24T03:30:00Z,APXMIDP,2025-07-24,10,78.96,1574.4,APXMIDP
2025-07-24T03:00:00Z,APXMIDP,2025-07-24,9,82.59,1512.2,APXMIDP
2025-07-24T02:30:00Z,APXMIDP,2025-07-24,8,85.86,1733.1,APXMIDP
2025-07-24T02:00:00Z,APXMIDP,2025-07-24,7,84.81,1676.0,APXMIDP
2025-07-24T01:30:00Z,APXMIDP,2025-07-24,6,78.78,1747.15,APXMIDP
2025-07-24T01:00:00Z,APXMIDP,2025-07-24,5,82.65,1489.25,APXMIDP
2025-07-24T00:30:00Z,APXMIDP,2025-07-24,4,79.33,1331.65,APXMIDP
2025-07-24T00:00:00Z,APXMIDP,2025-07-24,3,81.48,1438.6,APXMIDP
2025-07-23T23:30:00Z,APXMIDP,2025-07-24,2,82.99,1438.45,APXMIDP
2025-07-23T23:00:00Z,APXMIDP,2025-07-24,1,83.43,1592.5,APXMIDP
2025-07-23T22:30:00Z,APXMIDP,2025-07-23,48,81.52,1705.55,APXMIDP
2025-07-23T22:00:00Z,APXMIDP,2025-07-23,47,83.3,1995.35,APXMIDP
2025-07-23T21:30:00Z,APXMIDP,2025-07-23,46,86.94,2638.65,APXMIDP
2025-07-23T21:00:00Z,APXMIDP,2025-07-23,45,95.78,2330.55,APXMIDP
2025-07-23T20:30:00Z,APXMIDP,2025-07-23,44,96.43,2220.7,APXMIDP
2025-07-23T20:00:00Z,APXMIDP,2025-07-23,43,102.43,2300.95,APXMIDP
2025-07-23T19:30:00Z,APXMIDP,2025-07-23,42,103.39,2838.2,APXMIDP
2025-07-23T19:00:00Z,APXMIDP,2025-07-23,41,104.48,3164.0,APXMIDP
2025-07-23T18:30:00Z,APXMIDP,2025-07-23,40,105.25,2905.3,APXMIDP
2025-07-23T18:00:00Z,APXMIDP,2025-07-23,39,104.97,2937.0,APXMIDP
2025-07-23T17:30:00Z,APXMIDP,2025-07-23,38,109.82,2804.95,APXMIDP
2025-07-23T17:00:00Z,APXMIDP,2025-07-23,37,108.8,3012.9,APXMIDP
2025-07-23T16:30:00Z,APXMIDP,2025-07-23,36,93.85,3404.95,APXMIDP
2025-07-23T16:00:00Z,APXMIDP,2025-07-23,35,93.05,2936.45,APXMIDP
2025-07-23T15:30:00Z,APXMIDP,2025-07-23,34,84.0,3572.3,APXMIDP
2025-07-23T15:00:00Z,APXMIDP,2025-07-23,33,79.89,2529.2,APXMIDP
2025-07-23T14:30:00Z,APXMIDP,2025-07-23,32,82.1,2797.3,APXMIDP
2025-08-06T15:00:00Z,APXMIDP,2025-08-06,33,48.88,2518.65,APXMIDP
2025-08-06T14:30:00Z,APXMIDP,2025-08-06,32,47.2,2618.25,APXMIDP
2025-08-06T14:00:00Z,APXMIDP,2025-08-06,31,45.72,2600.55,APXMIDP
2025-08-06T13:30:00Z,APXMIDP,2025-08-06,30,41.69,2705.15,APXMIDP
2025-08-06T13:00:00Z,APXMIDP,2025-08-06,29,39.36,2834.8,APXMIDP
2025-08-06T12:30:00Z,APXMIDP,2025-08-06,28,42.39,2357.95,APXMIDP
2025-08-06T12:00:00Z,APXMIDP,2025-08-06,27,42.16,2507.25,APXMIDP
2025-08-06T11:30:00Z,APXMIDP,2025-08-06,26,42.02,2423.8,APXMIDP
2025-08-06T11:00:00Z,APXMIDP,2025-08-06,25,40.9,2120.95,APXMIDP
2025-08-06T10:30:00Z,APXMIDP,2025-08-06,24,39.88,2304.25,APXMIDP
2025-08-06T10:00:00Z,APXMIDP,2025-08-06,23,41.67,2433.7,APXMIDP
2025-08-06T09:30:00Z,APXMIDP,2025-08-06,22,47.1,2360.25,APXMIDP
2025-08-06T09:00:00Z,APXMIDP,2025-08-06,21,49.61,2975.5,APXMIDP
2025-08-06T08:30:00Z,APXMIDP,2025-08-06,20,52.63,2373.5,APXMIDP
2025-08-06T08:00:00Z,APXMIDP,2025-08-06,19,57.71,2529.85,APXMIDP
2025-08-06T07:30:00Z,APXMIDP,2025-08-06,18,60.23,1833.3,APXMIDP
2025-08-06T07:00:00Z,APXMIDP,2025-08-06,17,67.48,2109.75,APXMIDP
2025-08-06T06:30:00Z,APXMIDP,2025-08-06,16,74.93,2366.55,APXMIDP
2025-08-06T06:00:00Z,APXMIDP,2025-08-06,15,60.9,2076.75,APXMIDP
2025-08-06T05:30:00Z,APXMIDP,2025-08-06,14,65.12,2515.15,APXMIDP
2025-08-06T05:00:00Z,APXMIDP,2025-08-06,13,49.74,2268.6,APXMIDP
2025-08-06T04:30:00Z,APXMIDP,2025-08-06,12,33.71,2217.95,APXMIDP
2025-08-06T04:00:00Z,APXMIDP,2025-08-06,11,23.16,2243.3,APXMIDP
2025-08-06T03:30:00Z,APXMIDP,2025-08-06,10,17.76,2040.4,APXMIDP
2025-08-06T03:00:00Z,APXMIDP,2025-08-06,9,13.75,2287.95,APXMIDP
2025-08-06T02:30:00Z,APXMIDP,2025-08-06,8,18.17,1841.0,APXMIDP
2025-08-06T02:00:00Z,APXMIDP,2025-08-06,7,18.89,1756.25,APXMIDP
2025-08-06T01:30:00Z,APXMIDP,2025-08-06,6,19.36,1960.95,APXMIDP
2025-08-06T01:00:00Z,APXMIDP,2025-08-06,5,19.93,1961.95,APXMIDP
2025-08-06T00:30:00Z,APXMIDP,2025-08-06,4,23.18,1879.25,APXMIDP
2025-08-06T00:00:00Z,APXMIDP,2025-08-06,3,25.06,1589.1,APXMIDP
2025-08-05T23:30:00Z,APXMIDP,2025-08-06,2,31.96,2274.15,APXMIDP
2025-08-05T23:00:00Z,APXMIDP,2025-08-06,1,34.7,2574.75,APXMIDP
2025-08-05T22:30:00Z,APXMIDP,2025-08-05,48,68.04,2629.5,APXMIDP
2025-08-05T22:00:00Z,APXMIDP,2025-08-05,47,81.17,2677.0,APXMIDP
2025-08-05T21:30:00Z,APXMIDP,2025-08-05,46,77.04,2714.3,APXMIDP
2025-08-05T21:00:00Z,APXMIDP,2025-08-05,45,76.8,2288.6,APXMIDP
2025-08-05T20:30:00Z,APXMIDP,2025-08-05,44,86.32,2895.15,APXMIDP
2025-08-05T20:00:00Z,APXMIDP,2025-08-05,43,90.73,2925.6,APXMIDP
2025-08-05T19:30:00Z,APXMIDP,2025-08-05,42,89.59,2696.6,APXMIDP
2025-08-05T19:00:00Z,APXMIDP,2025-08-05,41,89.22,2682.15,APXMIDP
2025-08-05T18:30:00Z,APXMIDP,2025-08-05,40,86.12,2765.55,APXMIDP
2025-08-05T18:00:00Z,APXMIDP,2025-08-05,39,79.28,3068.2,APXMIDP
2025-08-05T17:30:00Z,APXMIDP,2025-08-05,38,66.96,3333.4,APXMIDP
2025-08-05T17:00:00Z,APXMIDP,2025-08-05,37,57.22,2932.85,APXMIDP
2025-08-05T16:30:00Z,APXMIDP,2025-08-05,36,19.86,3609.8,APXMIDP
2025-08-05T16:00:00Z,APXMIDP,2025-08-05,35,14.84,3606.4,APXMIDP
2025-08-05T15:30:00Z,APXMIDP,2025-08-05,34,24.36,4663.0,APXMIDP
2025-08-05T15:00:00Z,APXMIDP,2025-08-05,33,27.16,4875.95,APXMIDP
2025-08-05T14:30:00Z,APXMIDP,2025-08-05,32,26.01,4496.45,APXMIDP
2025-08-05T14:00:00Z,APXMIDP,2025-08-05,31,15.01,3820.05,APXMIDP
2025-08-05T13:30:00Z,APXMIDP,2025-08-05,30,12.43,3813.35,APXMIDP
2025-08-05T13:00:00Z,APXMIDP,2025-08-05,29,6.81,3631.3,APXMIDP
2025-08-05T12:30:00Z,APXMIDP,2025-08-05,28,10.49,3384.8,APXMIDP
2025-08-05T12:00:00Z,APXMIDP,2025-08-05,27,10.18,3484.15,APXMIDP
2025-08-05T11:30:00Z,APXMIDP,2025-08-05,26,1.4,2930.75,APXMIDP
2025-08-05T11:00:00Z,APXMIDP,2025-08-05,25,-0.43,2742.35,APXMIDP
2025-08-05T10:30:00Z,APXMIDP,2025-08-05,24,-0.05,3019.25,APXMIDP
2025-08-05T10:00:00Z,APXMIDP,2025-08-05,23,6.37,3931.6,APXMIDP
2025-08-05T09:30:00Z,APXMIDP,2025-08-05,22,8.07,4363.15,APXMIDP
2025-08-05T09:00:00Z,APXMIDP,2025-08-05,21,2.31,3993.85,APXMIDP
2025-08-05T08:30:00Z,APXMIDP,2025-08-05,20,7.38,4636.1,APXMIDP
2025-08-05T08:00:00Z,APXMIDP,2025-08-05,19,1.3,3326.25,APXMIDP
2025-08-05T07:30:00Z,APXMIDP,2025-08-05,18,6.65,2680.3,APXMIDP
2025-08-05T07:00:00Z,APXMIDP,2025-08-05,17,6.78,2391.55,APXMIDP
2025-08-05T06:30:00Z,APXMIDP,2025-08-05,16,-3.9,2396.65,APXMIDP
2025-08-05T06:00:00Z,APXMIDP,2025-08-05,15,-1.53,2014.8,APXMIDP
2025-08-05T05:30:00Z,APXMIDP,2025-08-05,14,-1.42,2223.3,APXMIDP
2025-08-05T05:00:00Z,APXMIDP,2025-08-05,13,-6.57,1862.95,APXMIDP
2025-08-05T04:30:00Z,APXMIDP,2025-08-05,12,-6.53,1506.2,APXMIDP
2025-08-05T04:00:00Z,APXMIDP,2025-08-05,11,-5.48,1535.7,APXMIDP
2025-08-05T03:30:00Z,APXMIDP,2025-08-05,10,-6.11,1687.1,APXMIDP
2025-08-05T03:00:00Z,APXMIDP,2025-08-05,9,-7.74,1942.4,APXMIDP
2025-08-05T02:30:00Z,APXMIDP,2025-08-05,8,-3.83,1438.6,APXMIDP
2025-08-05T02:00:00Z,APXMIDP,2025-08-05,7,-5.19,1333.25,APXMIDP
2025-08-05T01:30:00Z,APXMIDP,2025-08-05,6,-5.01,1680.8,APXMIDP
2025-08-05T01:00:00Z,APXMIDP,2025-08-05,5,-3.48,1985.95,APXMIDP
2025-08-05T00:30:00Z,APXMIDP,2025-08-05,4,-4.28,1916.45,APXMIDP
2025-08-05T00:00:00Z,APXMIDP,2025-08-05,3,-0.76,1816.95,APXMIDP
2025-08-04T23:30:00Z,APXMIDP,2025-08-05,2,-11.07,1568.75,APXMIDP
2025-08-04T23:00:00Z,APXMIDP,2025-08-05,1,-10.36,1975.3,APXMIDP
2025-08-04T22:30:00Z,APXMIDP,2025-08-04,48,-9.95,2391.95,APXMIDP
2025-08-04T22:00:00Z,APXMIDP,2025-08-04,47,-6.04,1807.9,APXMIDP
2025-08-04T21:30:00Z,APXMIDP,2025-08-04,46,19.34,2676.85,APXMIDP
2025-08-04T21:00:00Z,APXMIDP,2025-08-04,45,44.22,2104.55,APXMIDP
2025-08-04T20:30:00Z,APXMIDP,2025-08-04,44,40.79,2447.9,APXMIDP
2025-08-04T20:00:00Z,APXMIDP,2025-08-04,43,49.41,2560.45,APXMIDP
2025-08-04T19:30:00Z,APXMIDP,2025-08-04,42,46.32,2371.8,APXMIDP
2025-08-04T19:00:00Z,APXMIDP,2025-08-04,41,46.48,2344.0,APXMIDP
2025-08-04T18:30:00Z,APXMIDP,2025-08-04,40,58.52,2882.6,APXMIDP
2025-08-04T18:00:00Z,APXMIDP,2025-08-04,39,54.18,2853.45,APXMIDP
2025-08-04T17:30:00Z,APXMIDP,2025-08-04,38,52.77,3322.7,APXMIDP
2025-08-04T17:00:00Z,APXMIDP,2025-08-04,37,47.51,3608.3,APXMIDP
2025-08-04T16:30:00Z,APXMIDP,2025-08-04,36,22.14,3526.9,APXMIDP
2025-08-04T16:00:00Z,APXMIDP,2025-08-04,35,17.56,3137.7,APXMIDP
2025-08-04T15:30:00Z,APXMIDP,2025-08-04,34,5.72,3646.1,APXMIDP
2025-08-04T15:00:00Z,APXMIDP,2025-08-04,33,4.68,4349.35,APXMIDP
2025-08-04T14:30:00Z,APXMIDP,2025-08-04,32,2.81,5349.0,APXMIDP
2025-08-04T14:00:00Z,APXMIDP,2025-08-04,31,3.92,5704.4,APXMIDP
2025-08-04T13:30:00Z,APXMIDP,2025-08-04,30,-2.91,5581.35,APXMIDP
2025-08-04T13:00:00Z,APXMIDP,2025-08-04,29,-2.02,5421.85,APXMIDP
2025-08-04T12:30:00Z,APXMIDP,2025-08-04,28,4.64,5617.1,APXMIDP
2025-08-04T12:00:00Z,APXMIDP,2025-08-04,27,3.44,4727.15,APXMIDP
2025-08-04T11:30:00Z,APXMIDP,2025-08-04,26,-4.15,4912.65,APXMIDP
2025-08-04T11:00:00Z,APXMIDP,2025-08-04,25,-9.21,4653.45,APXMIDP
2025-08-04T10:30:00Z,APXMIDP,2025-08-04,24,13.27,5053.9,APXMIDP
2025-08-04T10:00:00Z,APXMIDP,2025-08-04,23,5.81,4532.6,APXMIDP
2025-08-04T09:30:00Z,APXMIDP,2025-08-04,22,5.86,3037.05,APXMIDP
2025-08-04T09:00:00Z,APXMIDP,2025-08-04,21,7.18,3028.6,APXMIDP
2025-08-04T08:30:00Z,APXMIDP,2025-08-04,20,11.92,3412.45,APXMIDP
2025-08-04T08:00:00Z,APXMIDP,2025-08-04,19,27.28,3110.85,APXMIDP
2025-08-04T07:30:00Z,APXMIDP,2025-08-04,18,44.96,3236.9,APXMIDP
2025-08-04T07:00:00Z,APXMIDP,2025-08-04,17,52.63,3219.5,APXMIDP
2025-08-04T06:30:00Z,APXMIDP,2025-08-04,16,53.04,3608.55,APXMIDP
2025-08-04T06:00:00Z,APXMIDP,2025-08-04,15,48.22,3291.8,APXMIDP
2025-08-04T05:30:00Z,APXMIDP,2025-08-04,14,58.4,2810.1,APXMIDP
2025-08-04T05:00:00Z,APXMIDP,2025-08-04,13,57.94,3025.6,APXMIDP
2025-08-04T04:30:00Z,APXMIDP,2025-08-04,12,42.72,1987.85,APXMIDP
2025-08-04T04:00:00Z,APXMIDP,2025-08-04,11,55.7,1853.05,APXMIDP
2025-08-04T03:30:00Z,APXMIDP,2025-08-04,10,58.83,1741.95,APXMIDP
2025-08-04T03:00:00Z,APXMIDP,2025-08-04,9,73.61,1870.9,APXMIDP
2025-08-04T02:30:00Z,APXMIDP,2025-08-04,8,58.97,1396.85,APXMIDP
2025-08-04T02:00:00Z,APXMIDP,2025-08-04,7,68.38,1446.0,APXMIDP
2025-08-04T01:30:00Z,APXMIDP,2025-08-04,6,81.15,1542.35,APXMIDP
2025-08-04T01:00:00Z,APXMIDP,2025-08-04,5,84.96,1776.95,APXMIDP
2025-08-04T00:30:00Z,APXMIDP,2025-08-04,4,85.03,1376.55,APXMIDP
2025-08-04T00:00:00Z,APXMIDP,2025-08-04,3,91.55,1699.2,APXMIDP
2025-08-03T23:30:00Z,APXMIDP,2025-08-04,2,93.45,2099.25,APXMIDP
2025-08-03T23:00:00Z,APXMIDP,2025-08-04,1,90.72,1909.1,APXMIDP
2025-08-03T22:30:00Z,APXMIDP,2025-08-03,48,93.86,2353.0,APXMIDP
2025-08-03T22:00:00Z,APXMIDP,2025-08-03,47,107.15,2069.15,APXMIDP
2025-08-03T21:30:00Z,APXMIDP,2025-08-03,46,109.13,2667.7,APXMIDP
2025-08-03T21:00:00Z,APXMIDP,2025-08-03,45,111.69,2732.65,APXMIDP
2025-08-03T20:30:00Z,APXMIDP,2025-08-03,44,109.44,2568.2,APXMIDP
2025-08-03T20:00:00Z,APXMIDP,2025-08-03,43,107.17,2474.6,APXMIDP
2025-08-03T19:30:00Z,APXMIDP,2025-08-03,42,106.86,2873.55,APXMIDP
2025-08-03T19:00:00Z,APXMIDP,2025-08-03,41,105.46,2600.1,APXMIDP
2025-08-03T18:30:00Z,APXMIDP,2025-08-03,40,104.1,2593.7,APXMIDP
2025-08-03T18:00:00Z,APXMIDP,2025-08-03,39,97.44,2510.9,APXMIDP
2025-08-03T17:30:00Z,APXMIDP,2025-08-03,38,87.06,2798.35,APXMIDP
2025-08-03T17:00:00Z,APXMIDP,2025-08-03,37,84.95,2894.0,APXMIDP
2025-08-03T16:30:00Z,APXMIDP,2025-08-03,36,85.05,3633.5,APXMIDP
2025-08-03T16:00:00Z,APXMIDP,2025-08-03,35,71.6,3577.85,APXMIDP
2025-08-03T15:30:00Z,APXMIDP,2025-08-03,34,41.98,3491.6,APXMIDP
2025-08-03T15:00:00Z,APXMIDP,2025-08-03,33,18.11,2774.6,APXMIDP
2025-08-03T14:30:00Z,APXMIDP,2025-08-03,32,21.13,2833.75,APXMIDP
2025-08-03T14:00:00Z,APXMIDP,2025-08-03,31,26.73,3631.6,APXMIDP
2025-08-03T13:30:00Z,APXMIDP,2025-08-03,30,22.97,3538.1,APXMIDP
2025-08-03T13:00:00Z,APXMIDP,2025-08-03,29,35.19,3746.3,APXMIDP
2025-08-03T12:30:00Z,APXMIDP,2025-08-03,28,27.38,3367.35,APXMIDP
2025-08-03T12:00:00Z,APXMIDP,2025-08-03,27,19.96,3508.55,APXMIDP
2025-08-03T11:30:00Z,APXMIDP,2025-08-03,26,17.27,3739.5,APXMIDP
2025-08-03T11:00:00Z,APXMIDP,2025-08-03,25,10.38,3931.0,APXMIDP
2025-08-03T10:30:00Z,APXMIDP,2025-08-03,24,17.33,3410.6,APXMIDP
2025-08-03T10:00:00Z,APXMIDP,2025-08-03,23,15.62,3384.35,APXMIDP
2025-08-03T09:30:00Z,APXMIDP,2025-08-03,22,9.58,3612.2,APXMIDP
2025-08-03T09:00:00Z,APXMIDP,2025-08-03,21,6.88,2737.1,APXMIDP
2025-08-03T08:30:00Z,APXMIDP,2025-08-03,20,2.06,2132.55,APXMIDP
2025-08-03T08:00:00Z,APXMIDP,2025-08-03,19,7.91,2207.45,APXMIDP
2025-08-03T07:30:00Z,APXMIDP,2025-08-03,18,14.01,2076.6,APXMIDP
2025-08-03T07:00:00Z,APXMIDP,2025-08-03,17,15.27,2006.55,APXMIDP
2025-08-03T06:30:00Z,APXMIDP,2025-08-03,16,10.77,1709.75,APXMIDP
2025-08-03T06:00:00Z,APXMIDP,2025-08-03,15,10.11,1709.2,APXMIDP
2025-08-03T05:30:00Z,APXMIDP,2025-08-03,14,17.16,1679.05,APXMIDP
2025-08-03T05:00:00Z,APXMIDP,2025-08-03,13,20.63,1642.55,APXMIDP
2025-08-03T04:30:00Z,APXMIDP,2025-08-03,12,28.73,1641.25,APXMIDP
2025-08-03T04:00:00Z,APXMIDP,2025-08-03,11,31.39,1948.75,APXMIDP
2025-08-03T03:30:00Z,APXMIDP,2025-08-03,10,32.4,2024.75,APXMIDP
2025-08-03T03:00:00Z,APXMIDP,2025-08-03,9,31.47,1761.85,APXMIDP
2025-08-03T02:30:00Z,APXMIDP,2025-08-03,8,28.92,1760.0,APXMIDP
2025-08-03T02:00:00Z,APXMIDP,2025-08-03,7,29.8,1698.25,APXMIDP
2025-08-03T01:30:00Z,APXMIDP,2025-08-03,6,43.26,1867.9,APXMIDP
2025-08-03T01:00:00Z,APXMIDP,2025-08-03,5,47.56,1804.05,APXMIDP
2025-08-03T00:30:00Z,APXMIDP,2025-08-03,4,45.76,1340.4,APXMIDP
2025-08-03T00:00:00Z,APXMIDP,2025-08-03,3,57.25,1170.85,APXMIDP
2025-08-02T23:30:00Z,APXMIDP,2025-08-03,2,66.49,1274.75,APXMIDP
2025-08-02T23:00:00Z,APXMIDP,2025-08-03,1,77.44,1548.05,APXMIDP
2025-08-02T22:30:00Z,APXMIDP,2025-08-02,48,80.57,1467.65,APXMIDP
2025-08-02T22:00:00Z,APXMIDP,2025-08-02,47,78.72,1379.5,APXMIDP
2025-08-02T21:30:00Z,APXMIDP,2025-08-02,46,79.13,2088.2,APXMIDP
2025-08-02T21:00:00Z,APXMIDP,2025-08-02,45,82.03,1902.65,APXMIDP
2025-08-02T20:30:00Z,APXMIDP,2025-08-02,44,84.13,1876.0,APXMIDP
2025-08-02T20:00:00Z,APXMIDP,2025-08-02,43,91.21,1859.1,APXMIDP
2025-08-02T19:30:00Z,APXMIDP,2025-08-02,42,91.63,1817.75,APXMIDP
2025-08-02T19:00:00Z,APXMIDP,2025-08-02,41,90.75,1648.95,APXMIDP
2025-08-02T18:30:00Z,APXMIDP,2025-08-02,40,89.75,1769.55,APXMIDP
2025-08-02T18:00:00Z,APXMIDP,2025-08-02,39,89.58,2219.85,APXMIDP
2025-08-02T17:30:00Z,APXMIDP,2025-08-02,38,79.7,2521.4,APXMIDP
2025-08-02T17:00:00Z,APXMIDP,2025-08-02,37,73.46,2863.45,APXMIDP
2025-08-02T16:30:00Z,APXMIDP,2025-08-02,36,71.22,2920.05,APXMIDP
2025-08-02T16:00:00Z,APXMIDP,2025-08-02,35,64.24,2939.85,APXMIDP
2025-08-02T15:30:00Z,APXMIDP,2025-08-02,34,42.14,2800.05,APXMIDP
2025-08-02T15:00:00Z,APXMIDP,2025-08-02,33,32.1,2338.7,APXMIDP
2025-08-02T14:30:00Z,APXMIDP,2025-08-02,32,26.12,2331.95,APXMIDP
2025-08-02T14:00:00Z,APXMIDP,2025-08-02,31,26.18,2442.0,APXMIDP
2025-08-02T13:30:00Z,APXMIDP,2025-08-02,30,29.19,3013.8,APXMIDP
2025-08-02T13:00:00Z,APXMIDP,2025-08-02,29,27.69,3143.3,APXMIDP
2025-08-02T12:30:00Z,APXMIDP,2025-08-02,28,26.79,2922.1,APXMIDP
2025-08-02T12:00:00Z,APXMIDP,2025-08-02,27,26.26,2817.2,APXMIDP
2025-08-02T11:30:00Z,APXMIDP,2025-08-02,26,26.81,2884.4,APXMIDP
2025-08-02T11:00:00Z,APXMIDP,2025-08-02,25,30.88,2917.1,APXMIDP
2025-08-02T10:30:00Z,APXMIDP,2025-08-02,24,34.6,2599.25,APXMIDP
2025-08-02T10:00:00Z,APXMIDP,2025-08-02,23,36.57,2732.8,APXMIDP
2025-08-02T09:30:00Z,APXMIDP,2025-08-02,22,35.96,2508.35,APXMIDP
2025-08-02T09:00:00Z,APXMIDP,2025-08-02,21,36.9,2625.0,APXMIDP
2025-08-02T08:30:00Z,APXMIDP,2025-08-02,20,40.02,2429.6,APXMIDP
2025-08-02T08:00:00Z,APXMIDP,2025-08-02,19,47.97,2185.9,APXMIDP
2025-08-02T07:30:00Z,APXMIDP,2025-08-02,18,48.86,2234.45,APXMIDP
2025-08-02T07:00:00Z,APXMIDP,2025-08-02,17,51.53,1773.8,APXMIDP
2025-08-02T06:30:00Z,APXMIDP,2025-08-02,16,52.57,2166.75,APXMIDP
2025-08-02T06:00:00Z,APXMIDP,2025-08-02,15,50.87,1714.7,APXMIDP
2025-08-02T05:30:00Z,APXMIDP,2025-08-02,14,53.45,1570.4,APXMIDP
2025-08-02T05:00:00Z,APXMIDP,2025-08-02,13,49.11,1440.35,APXMIDP
2025-08-02T04:30:00Z,APXMIDP,2025-08-02,12,50.04,1582.3,APXMIDP
2025-08-02T04:00:00Z,APXMIDP,2025-08-02,11,46.27,1508.25,APXMIDP
2025-08-02T03:30:00Z,APXMIDP,2025-08-02,10,43.1,1187.2,APXMIDP
2025-08-02T03:00:00Z,APXMIDP,2025-08-02,9,41.42,1195.3,APXMIDP
2025-08-02T02:30:00Z,APXMIDP,2025-08-02,8,42.5,1218.35,APXMIDP
2025-08-02T02:00:00Z,APXMIDP,2025-08-02,7,47.45,1234.6,APXMIDP
2025-08-02T01:30:00Z,APXMIDP,2025-08-02,6,58.72,1646.6,APXMIDP
2025-08-02T01:00:00Z,APXMIDP,2025-08-02,5,65.62,1388.3,APXMIDP
2025-08-02T00:30:00Z,APXMIDP,2025-08-02,4,71.76,1229.35,APXMIDP
2025-08-02T00:00:00Z,APXMIDP,2025-08-02,3,70.59,1225.05,APXMIDP
2025-08-01T23:30:00Z,APXMIDP,2025-08-02,2,71.33,1631.45,APXMIDP
2025-08-01T23:00:00Z,APXMIDP,2025-08-02,1,77.67,1324.4,APXMIDP
2025-08-01T22:30:00Z,APXMIDP,2025-08-01,48,77.63,1311.45,APXMIDP
2025-08-01T22:00:00Z,APXMIDP,2025-08-01,47,77.52,1523.2,APXMIDP
2025-08-01T21:30:00Z,APXMIDP,2025-08-01,46,84.29,2220.7,APXMIDP
2025-08-01T21:00:00Z,APXMIDP,2025-08-01,45,94.79,2454.45,APXMIDP
2025-08-01T20:30:00Z,APXMIDP,2025-08-01,44,95.44,2555.9,APXMIDP
2025-08-01T20:00:00Z,APXMIDP,2025-08-01,43,95.86,2478.6,APXMIDP
2025-08-01T19:30:00Z,APXMIDP,2025-08-01,42,98.04,3145.5,APXMIDP
2025-08-01T19:00:00Z,APXMIDP,2025-08-01,41,97.78,2732.0,APXMIDP
2025-08-01T18:30:00Z,APXMIDP,2025-08-01,40,100.96,2374.45,APXMIDP
2025-08-01T18:00:00Z,APXMIDP,2025-08-01,39,100.21,2341.85,APXMIDP
2025-08-01T17:30:00Z,APXMIDP,2025-08-01,38,88.64,2522.4,APXMIDP
2025-08-01T17:00:00Z,APXMIDP,2025-08-01,37,85.83,2268.9,APXMIDP
2025-08-01T16:30:00Z,APXMIDP,2025-08-01,36,76.22,2698.5,APXMIDP
2025-08-01T16:00:00Z,APXMIDP,2025-08-01,35,64.13,2404.35,APXMIDP
2025-08-01T15:30:00Z,APXMIDP,2025-08-01,34,57.4,3307.7,APXMIDP
2025-08-01T15:00:00Z,APXMIDP,2025-08-01,33,50.26,3544.8,APXMIDP
2025-08-01T14:30:00Z,APXMIDP,2025-08-01,32,38.66,3662.55,APXMIDP
2025-08-01T14:00:00Z,APXMIDP,2025-08-01,31,41.26,4169.8,APXMIDP
2025-08-01T13:30:00Z,APXMIDP,2025-08-01,30,48.74,3949.45,APXMIDP
2025-08-01T13:00:00Z,APXMIDP,2025-08-01,29,61.06,3822.8,APXMIDP
2025-08-01T12:30:00Z,APXMIDP,2025-08-01,28,65.99,3225.9,APXMIDP
2025-08-01T12:00:00Z,APXMIDP,2025-08-01,27,74.45,3134.9,APXMIDP
2025-08-01T11:30:00Z,APXMIDP,2025-08-01,26,75.81,2845.6,APXMIDP
2025-08-01T11:00:00Z,APXMIDP,2025-08-01,25,76.18,2978.25,APXMIDP
2025-08-01T10:30:00Z,APXMIDP,2025-08-01,24,74.77,3134.95,APXMIDP
2025-08-01T10:00:00Z,APXMIDP,2025-08-01,23,74.49,3536.8,APXMIDP
2025-08-01T09:30:00Z,APXMIDP,2025-08-01,22,71.37,3914.65,APXMIDP
2025-08-01T09:00:00Z,APXMIDP,2025-08-01,21,76.58,3552.9,APXMIDP
2025-08-01T08:30:00Z,APXMIDP,2025-08-01,20,70.72,3170.95,APXMIDP
2025-08-01T08:00:00Z,APXMIDP,2025-08-01,19,81.33,2683.6,APXMIDP
2025-08-01T07:30:00Z,APXMIDP,2025-08-01,18,88.7,2588.3,APXMIDP
2025-08-01T07:00:00Z,APXMIDP,2025-08-01,17,87.89,2559.45,APXMIDP
2025-08-01T06:30:00Z,APXMIDP,2025-08-01,16,98.78,2349.75,APXMIDP
2025-08-01T06:00:00Z,APXMIDP,2025-08-01,15,90.07,2521.2,APXMIDP
2025-08-01T05:30:00Z,APXMIDP,2025-08-01,14,100.9,2561.45,APXMIDP
2025-08-01T05:00:00Z,APXMIDP,2025-08-01,13,97.98,2464.65,APXMIDP
2025-08-01T04:30:00Z,APXMIDP,2025-08-01,12,90.45,2564.25,APXMIDP
2025-08-01T04:00:00Z,APXMIDP,2025-08-01,11,85.73,2246.75,APXMIDP
2025-08-01T03:30:00Z,APXMIDP,2025-08-01,10,84.35,2190.05,APXMIDP
2025-08-01T03:00:00Z,APXMIDP,2025-08-01,9,91.12,1829.25,APXMIDP
2025-08-01T02:30:00Z,APXMIDP,2025-08-01,8,89.49,1668.4,APXMIDP
2025-08-01T02:00:00Z,APXMIDP,2025-08-01,7,92.38,1742.95,APXMIDP
2025-08-01T01:30:00Z,APXMIDP,2025-08-01,6,84.99,1753.0,APXMIDP
2025-08-01T01:00:00Z,APXMIDP,2025-08-01,5,86.61,1588.55,APXMIDP
2025-08-01T00:30:00Z,APXMIDP,2025-08-01,4,79.55,1563.4,APXMIDP
2025-08-01T00:00:00Z,APXMIDP,2025-08-01,3,82.08,1525.25,APXMIDP
2025-07-31T23:30:00Z,APXMIDP,2025-08-01,2,76.25,1371.2,APXMIDP
2025-07-31T23:00:00Z,APXMIDP,2025-08-01,1,80.81,1220.05,APXMIDP
2025-07-31T22:30:00Z,APXMIDP,2025-07-31,48,93.71,977.75,APXMIDP
2025-07-31T22:00:00Z,APXMIDP,2025-07-31,47,92.91,997.0,APXMIDP
2025-07-31T21:30:00Z,APXMIDP,2025-07-31,46,86.12,2249.55,APXMIDP
2025-07-31T21:00:00Z,APXMIDP,2025-07-31,45,91.8,1974.25,APXMIDP
2025-07-31T20:30:00Z,APXMIDP,2025-07-31,44,91.17,1824.3,APXMIDP
2025-07-31T20:00:00Z,APXMIDP,2025-07-31,43,93.68,1896.95,APXMIDP
2025-07-31T19:30:00Z,APXMIDP,2025-07-31,42,105.69,2742.35,APXMIDP
2025-07-31T19:00:00Z,APXMIDP,2025-07-31,41,108.98,2470.8,APXMIDP
2025-07-31T18:30:00Z,APXMIDP,2025-07-31,40,108.43,2516.45,APXMIDP
2025-07-31T18:00:00Z,APXMIDP,2025-07-31,39,108.98,2909.55,APXMIDP
2025-07-31T17:30:00Z,APXMIDP,2025-07-31,38,99.82,2815.7,APXMIDP
2025-07-31T17:00:00Z,APXMIDP,2025-07-31,37,98.32,2880.65,APXMIDP
2025-07-31T16:30:00Z,APXMIDP,2025-07-31,36,91.57,3669.5,APXMIDP
2025-07-31T16:00:00Z,APXMIDP,2025-07-31,35,87.52,3240.45,APXMIDP
2025-07-31T15:30:00Z,APXMIDP,2025-07-31,34,81.13,3748.65,APXMIDP
2025-07-31T15:00:00Z,APXMIDP,2025-07-31,33,74.54,3361.9,APXMIDP
2025-07-31T14:30:00Z,APXMIDP,2025-07-31,32,74.55,3552.8,APXMIDP
2025-07-31T14:00:00Z,APXMIDP,2025-07-31,31,77.13,3657.95,APXMIDP
2025-07-31T13:30:00Z,APXMIDP,2025-07-31,30,68.56,3219.05,APXMIDP
2025-07-31T13:00:00Z,APXMIDP,2025-07-31,29,66.73,3079.05,APXMIDP
2025-07-31T12:30:00Z,APXMIDP,2025-07-31,28,64.67,2600.95,APXMIDP
2025-07-31T12:00:00Z,APXMIDP,2025-07-31,27,66.3,2704.2,APXMIDP
2025-07-31T11:30:00Z,APXMIDP,2025-07-31,26,70.02,2964.1,APXMIDP
2025-07-31T11:00:00Z,APXMIDP,2025-07-31,25,78.41,3348.1,APXMIDP
2025-07-31T10:30:00Z,APXMIDP,2025-07-31,24,69.76,2949.85,APXMIDP
2025-07-31T10:00:00Z,APXMIDP,2025-07-31,23,76.11,2933.75,APXMIDP
2025-07-31T09:30:00Z,APXMIDP,2025-07-31,22,77.94,3076.6,APXMIDP
2025-07-31T09:00:00Z,APXMIDP,2025-07-31,21,81.17,2609.85,APXMIDP
2025-07-31T08:30:00Z,APXMIDP,2025-07-31,20,87.46,2387.0,APXMIDP
2025-07-31T08:00:00Z,APXMIDP,2025-07-31,19,88.05,2506.4,APXMIDP
2025-07-31T07:30:00Z,APXMIDP,2025-07-31,18,90.13,2338.6,APXMIDP
2025-07-31T07:00:00Z,APXMIDP,2025-07-31,17,90.44,2169.25,APXMIDP
2025-07-31T06:30:00Z,APXMIDP,2025-07-31,16,92.25,2088.15,APXMIDP
2025-07-31T06:00:00Z,APXMIDP,2025-07-31,15,73.83,1837.1,APXMIDP
2025-07-31T05:30:00Z,APXMIDP,2025-07-31,14,96.33,1999.7,APXMIDP
2025-07-31T05:00:00Z,APXMIDP,2025-07-31,13,80.28,1693.65,APXMIDP
2025-07-31T04:30:00Z,APXMIDP,2025-07-31,12,85.62,1727.45,APXMIDP
2025-07-31T04:00:00Z,APXMIDP,2025-07-31,11,83.12,1856.05,APXMIDP
2025-07-31T03:30:00Z,APXMIDP,2025-07-31,10,68.63,1514.1,APXMIDP
2025-07-31T03:00:00Z,APXMIDP,2025-07-31,9,69.88,1539.8,APXMIDP
2025-07-31T02:30:00Z,APXMIDP,2025-07-31,8,70.78,1292.5,APXMIDP
2025-07-31T02:00:00Z,APXMIDP,2025-07-31,7,70.89,1187.3,APXMIDP
2025-07-31T01:30:00Z,APXMIDP,2025-07-31,6,70.87,1509.45,APXMIDP
2025-07-31T01:00:00Z,APXMIDP,2025-07-31,5,71.68,1617.65,APXMIDP
2025-07-31T00:30:00Z,APXMIDP,2025-07-31,4,68.34,1544.7,APXMIDP
2025-07-31T00:00:00Z,APXMIDP,2025-07-31,3,70.36,1318.2,APXMIDP
2025-07-30T23:30:00Z,APXMIDP,2025-07-31,2,73.41,1626.35,APXMIDP
2025-07-30T23:00:00Z,APXMIDP,2025-07-31,1,77.45,1536.9,APXMIDP
2025-07-30T22:30:00Z,APXMIDP,2025-07-30,48,77.69,1560.15,APXMIDP
2025-07-30T22:00:00Z,APXMIDP,2025-07-30,47,77.86,2162.8,APXMIDP
2025-07-30T21:30:00Z,APXMIDP,2025-07-30,46,88.14,3799.75,APXMIDP
2025-07-30T21:00:00Z,APXMIDP,2025-07-30,45,86.09,3007.9,APXMIDP
2025-07-30T20:30:00Z,APXMIDP,2025-07-30,44,86.28,2908.65,APXMIDP
2025-07-30T20:00:00Z,APXMIDP,2025-07-30,43,89.24,3146.65,APXMIDP
2025-07-30T19:30:00Z,APXMIDP,2025-07-30,42,98.5,4536.85,APXMIDP
2025-07-30T19:00:00Z,APXMIDP,2025-07-30,41,97.56,4172.8,APXMIDP
2025-07-30T18:30:00Z,APXMIDP,2025-07-30,40,100.64,4156.0,APXMIDP
2025-07-30T18:00:00Z,APXMIDP,2025-07-30,39,100.5,4917.0,APXMIDP
2025-07-30T17:30:00Z,APXMIDP,2025-07-30,38,90.54,4280.75,APXMIDP
2025-07-30T17:00:00Z,APXMIDP,2025-07-30,37,90.57,3704.2,APXMIDP
2025-07-30T16:30:00Z,APXMIDP,2025-07-30,36,82.65,2872.35,APXMIDP
2025-07-30T16:00:00Z,APXMIDP,2025-07-30,35,77.97,2524.55,APXMIDP
2025-07-30T15:30:00Z,APXMIDP,2025-07-30,34,73.4,2621.35,APXMIDP
2025-07-30T15:00:00Z,APXMIDP,2025-07-30,33,73.59,2416.2,APXMIDP
2025-08-13T15:30:00Z,APXMIDP,2025-08-13,34,73.3,3976.7,APXMIDP
2025-08-13T15:00:00Z,APXMIDP,2025-08-13,33,81.5,3107.3,APXMIDP
2025-08-13T14:30:00Z,APXMIDP,2025-08-13,32,74.9,2740.35,APXMIDP
2025-08-13T14:00:00Z,APXMIDP,2025-08-13,31,75.4,2717.1,APXMIDP
2025-08-13T13:30:00Z,APXMIDP,2025-08-13,30,74.04,2969.1,APXMIDP
2025-08-13T13:00:00Z,APXMIDP,2025-08-13,29,74.3,3207.25,APXMIDP
2025-08-13T12:30:00Z,APXMIDP,2025-08-13,28,75.29,3283.4,APXMIDP
2025-08-13T12:00:00Z,APXMIDP,2025-08-13,27,79.28,3130.6,APXMIDP
2025-08-13T11:30:00Z,APXMIDP,2025-08-13,26,79.49,3388.55,APXMIDP
2025-08-13T11:00:00Z,APXMIDP,2025-08-13,25,82.51,3301.2,APXMIDP
2025-08-13T10:30:00Z,APXMIDP,2025-08-13,24,84.66,3846.9,APXMIDP
2025-08-13T10:00:00Z,APXMIDP,2025-08-13,23,91.21,3785.85,APXMIDP
2025-08-13T09:30:00Z,APXMIDP,2025-08-13,22,98.79,3650.8,APXMIDP
2025-08-13T09:00:00Z,APXMIDP,2025-08-13,21,93.08,2809.15,APXMIDP
2025-08-13T08:30:00Z,APXMIDP,2025-08-13,20,95.46,2904.45,APXMIDP
2025-08-13T08:00:00Z,APXMIDP,2025-08-13,19,100.53,2884.55,APXMIDP
2025-08-13T07:30:00Z,APXMIDP,2025-08-13,18,98.5,2312.7,APXMIDP
2025-08-13T07:00:00Z,APXMIDP,2025-08-13,17,96.21,1992.35,APXMIDP
2025-08-13T06:30:00Z,APXMIDP,2025-08-13,16,95.68,2430.6,APXMIDP
2025-08-13T06:00:00Z,APXMIDP,2025-08-13,15,91.17,2264.8,APXMIDP
2025-08-13T05:30:00Z,APXMIDP,2025-08-13,14,96.18,2253.8,APXMIDP
2025-08-13T05:00:00Z,APXMIDP,2025-08-13,13,93.53,2169.6,APXMIDP
2025-08-13T04:30:00Z,APXMIDP,2025-08-13,12,92.27,1745.85,APXMIDP
2025-08-13T04:00:00Z,APXMIDP,2025-08-13,11,85.9,1575.75,APXMIDP
2025-08-13T03:30:00Z,APXMIDP,2025-08-13,10,81.66,1449.7,APXMIDP
2025-08-13T03:00:00Z,APXMIDP,2025-08-13,9,86.63,1329.6,APXMIDP
2025-08-13T02:30:00Z,APXMIDP,2025-08-13,8,85.36,1369.25,APXMIDP
2025-08-13T02:00:00Z,APXMIDP,2025-08-13,7,81.42,1276.65,APXMIDP
2025-08-13T01:30:00Z,APXMIDP,2025-08-13,6,79.84,1034.65,APXMIDP
2025-08-13T01:00:00Z,APXMIDP,2025-08-13,5,80.89,940.1,APXMIDP
2025-08-13T00:30:00Z,APXMIDP,2025-08-13,4,77.92,799.85,APXMIDP
2025-08-13T00:00:00Z,APXMIDP,2025-08-13,3,80.3,765.45,APXMIDP
2025-08-12T23:30:00Z,APXMIDP,2025-08-13,2,75.74,456.75,APXMIDP
2025-08-12T23:00:00Z,APXMIDP,2025-08-13,1,79.44,427.55,APXMIDP
2025-08-12T22:30:00Z,APXMIDP,2025-08-12,48,79.73,448.3,APXMIDP
2025-08-12T22:00:00Z,APXMIDP,2025-08-12,47,81.38,672.2,APXMIDP
2025-08-12T21:30:00Z,APXMIDP,2025-08-12,46,86.64,2667.05,APXMIDP
2025-08-12T21:00:00Z,APXMIDP,2025-08-12,45,88.47,2743.35,APXMIDP
2025-08-12T20:30:00Z,APXMIDP,2025-08-12,44,86.8,2650.95,APXMIDP
2025-08-12T20:00:00Z,APXMIDP,2025-08-12,43,92.81,2856.7,APXMIDP
2025-08-12T19:30:00Z,APXMIDP,2025-08-12,42,105.02,3678.5,APXMIDP
2025-08-12T19:00:00Z,APXMIDP,2025-08-12,41,109.16,4155.6,APXMIDP
2025-08-12T18:30:00Z,APXMIDP,2025-08-12,40,122.59,4060.7,APXMIDP
2025-08-12T18:00:00Z,APXMIDP,2025-08-12,39,125.88,4671.9,APXMIDP
2025-08-12T17:30:00Z,APXMIDP,2025-08-12,38,129.27,4875.25,APXMIDP
2025-08-12T17:00:00Z,APXMIDP,2025-08-12,37,124.39,4024.55,APXMIDP
2025-08-12T16:30:00Z,APXMIDP,2025-08-12,36,103.59,5077.95,APXMIDP
2025-08-12T16:00:00Z,APXMIDP,2025-08-12,35,100.7,4616.5,APXMIDP
2025-08-12T15:30:00Z,APXMIDP,2025-08-12,34,78.06,3784.45,APXMIDP
2025-08-12T15:00:00Z,APXMIDP,2025-08-12,33,80.55,3236.7,APXMIDP
2025-08-12T14:30:00Z,APXMIDP,2025-08-12,32,82.53,3267.6,APXMIDP
2025-08-12T14:00:00Z,APXMIDP,2025-08-12,31,87.96,3253.75,APXMIDP
2025-08-12T13:30:00Z,APXMIDP,2025-08-12,30,80.25,3392.8,APXMIDP
2025-08-12T13:00:00Z,APXMIDP,2025-08-12,29,81.28,3327.3,APXMIDP
2025-08-12T12:30:00Z,APXMIDP,2025-08-12,28,79.54,3570.65,APXMIDP
2025-08-12T12:00:00Z,APXMIDP,2025-08-12,27,83.24,3377.05,APXMIDP
2025-08-12T11:30:00Z,APXMIDP,2025-08-12,26,90.41,2357.65,APXMIDP
2025-08-12T11:00:00Z,APXMIDP,2025-08-12,25,85.62,2644.05,APXMIDP
2025-08-12T10:30:00Z,APXMIDP,2025-08-12,24,81.65,2024.7,APXMIDP
2025-08-12T10:00:00Z,APXMIDP,2025-08-12,23,83.48,2255.55,APXMIDP
2025-08-12T09:30:00Z,APXMIDP,2025-08-12,22,91.71,1831.6,APXMIDP
2025-08-12T09:00:00Z,APXMIDP,2025-08-12,21,97.58,1699.7,APXMIDP
2025-08-12T08:30:00Z,APXMIDP,2025-08-12,20,96.55,1656.0,APXMIDP
2025-08-12T08:00:00Z,APXMIDP,2025-08-12,19,97.65,1990.2,APXMIDP
2025-08-12T07:30:00Z,APXMIDP,2025-08-12,18,100.03,1656.65,APXMIDP
2025-08-12T07:00:00Z,APXMIDP,2025-08-12,17,95.65,1715.7,APXMIDP
2025-08-12T06:30:00Z,APXMIDP,2025-08-12,16,91.73,2227.0,APXMIDP
2025-08-12T06:00:00Z,APXMIDP,2025-08-12,15,84.88,2346.45,APXMIDP
2025-08-12T05:30:00Z,APXMIDP,2025-08-12,14,91.32,2253.95,APXMIDP
2025-08-12T05:00:00Z,APXMIDP,2025-08-12,13,89.95,1987.55,APXMIDP
2025-08-12T04:30:00Z,APXMIDP,2025-08-12,12,93.62,1427.4,APXMIDP
2025-08-12T04:00:00Z,APXMIDP,2025-08-12,11,84.77,1326.7,APXMIDP
2025-08-12T03:30:00Z,APXMIDP,2025-08-12,10,68.41,1406.85,APXMIDP
2025-08-12T03:00:00Z,APXMIDP,2025-08-12,9,69.32,1513.9,APXMIDP
2025-08-12T02:30:00Z,APXMIDP,2025-08-12,8,68.22,1383.9,APXMIDP
2025-08-12T02:00:00Z,APXMIDP,2025-08-12,7,69.71,1584.35,APXMIDP
2025-08-12T01:30:00Z,APXMIDP,2025-08-12,6,71.56,1942.05,APXMIDP
2025-08-12T01:00:00Z,APXMIDP,2025-08-12,5,69.95,1665.8,APXMIDP
2025-08-12T00:30:00Z,APXMIDP,2025-08-12,4,76.4,1421.5,APXMIDP
2025-08-12T00:00:00Z,APXMIDP,2025-08-12,3,75.99,1614.35,APXMIDP
2025-08-11T23:30:00Z,APXMIDP,2025-08-12,2,72.14,1472.1,APXMIDP
2025-08-11T23:00:00Z,APXMIDP,2025-08-12,1,73.28,1260.9,APXMIDP
2025-08-11T22:30:00Z,APXMIDP,2025-08-11,48,75.33,1209.5,APXMIDP
2025-08-11T22:00:00Z,APXMIDP,2025-08-11,47,74.38,1830.6,APXMIDP
2025-08-11T21:30:00Z,APXMIDP,2025-08-11,46,86.15,2912.45,APXMIDP
2025-08-11T21:00:00Z,APXMIDP,2025-08-11,45,92.24,3403.9,APXMIDP
2025-08-11T20:30:00Z,APXMIDP,2025-08-11,44,92.32,3141.7,APXMIDP
2025-08-11T20:00:00Z,APXMIDP,2025-08-11,43,94.25,3727.9,APXMIDP
2025-08-11T19:30:00Z,APXMIDP,2025-08-11,42,109.68,3909.9,APXMIDP
2025-08-11T19:00:00Z,APXMIDP,2025-08-11,41,113.72,3276.35,APXMIDP
2025-08-11T18:30:00Z,APXMIDP,2025-08-11,40,148.76,3411.15,APXMIDP
2025-08-11T18:00:00Z,APXMIDP,2025-08-11,39,154.67,3350.4,APXMIDP
2025-08-11T17:30:00Z,APXMIDP,2025-08-11,38,137.46,3017.1,APXMIDP
2025-08-11T17:00:00Z,APXMIDP,2025-08-11,37,139.86,3181.1,APXMIDP
2025-08-11T16:30:00Z,APXMIDP,2025-08-11,36,122.68,3693.55,APXMIDP
2025-08-11T16:00:00Z,APXMIDP,2025-08-11,35,112.24,3331.7,APXMIDP
2025-08-11T15:30:00Z,APXMIDP,2025-08-11,34,85.93,3473.8,APXMIDP
2025-08-11T15:00:00Z,APXMIDP,2025-08-11,33,84.77,2921.65,APXMIDP
2025-08-11T14:30:00Z,APXMIDP,2025-08-11,32,85.49,2295.75,APXMIDP
2025-08-11T14:00:00Z,APXMIDP,2025-08-11,31,84.54,2348.4,APXMIDP
2025-08-11T13:30:00Z,APXMIDP,2025-08-11,30,79.91,2555.0,APXMIDP
2025-08-11T13:00:00Z,APXMIDP,2025-08-11,29,78.15,2443.8,APXMIDP
2025-08-11T12:30:00Z,APXMIDP,2025-08-11,28,77.01,2400.85,APXMIDP
2025-08-11T12:00:00Z,APXMIDP,2025-08-11,27,75.9,2285.05,APXMIDP
2025-08-11T11:30:00Z,APXMIDP,2025-08-11,26,71.49,2373.0,APXMIDP
2025-08-11T11:00:00Z,APXMIDP,2025-08-11,25,75.41,2431.95,APXMIDP
2025-08-11T10:30:00Z,APXMIDP,2025-08-11,24,71.23,2014.4,APXMIDP
2025-08-11T10:00:00Z,APXMIDP,2025-08-11,23,70.25,2327.45,APXMIDP
2025-08-11T09:30:00Z,APXMIDP,2025-08-11,22,67.57,2125.4,APXMIDP
2025-08-11T09:00:00Z,APXMIDP,2025-08-11,21,68.2,1967.5,APXMIDP
2025-08-11T08:30:00Z,APXMIDP,2025-08-11,20,69.84,1983.1,APXMIDP
2025-08-11T08:00:00Z,APXMIDP,2025-08-11,19,69.82,1689.3,APXMIDP
2025-08-11T07:30:00Z,APXMIDP,2025-08-11,18,71.02,1568.45,APXMIDP
2025-08-11T07:00:00Z,APXMIDP,2025-08-11,17,71.18,1628.05,APXMIDP
2025-08-11T06:30:00Z,APXMIDP,2025-08-11,16,88.71,1781.1,APXMIDP
2025-08-11T06:00:00Z,APXMIDP,2025-08-11,15,74.55,1743.45,APXMIDP
2025-08-11T05:30:00Z,APXMIDP,2025-08-11,14,87.5,1834.7,APXMIDP
2025-08-11T05:00:00Z,APXMIDP,2025-08-11,13,81.27,1524.75,APXMIDP
2025-08-11T04:30:00Z,APXMIDP,2025-08-11,12,83.05,1821.9,APXMIDP
2025-08-11T04:00:00Z,APXMIDP,2025-08-11,11,82.58,1501.8,APXMIDP
2025-08-11T03:30:00Z,APXMIDP,2025-08-11,10,73.75,1689.75,APXMIDP
2025-08-11T03:00:00Z,APXMIDP,2025-08-11,9,76.33,1580.65,APXMIDP
2025-08-11T02:30:00Z,APXMIDP,2025-08-11,8,68.15,1482.9,APXMIDP
2025-08-11T02:00:00Z,APXMIDP,2025-08-11,7,73.22,1428.85,APXMIDP
2025-08-11T01:30:00Z,APXMIDP,2025-08-11,6,73.67,1716.1,APXMIDP
2025-08-11T01:00:00Z,APXMIDP,2025-08-11,5,74.54,1574.75,APXMIDP
2025-08-11T00:30:00Z,APXMIDP,2025-08-11,4,73.74,1472.45,APXMIDP
2025-08-11T00:00:00Z,APXMIDP,2025-08-11,3,75.49,1483.9,APXMIDP
2025-08-10T23:30:00Z,APXMIDP,2025-08-11,2,76.57,1346.55,APXMIDP
2025-08-10T23:00:00Z,APXMIDP,2025-08-11,1,82.48,1438.25,APXMIDP
2025-08-10T22:30:00Z,APXMIDP,2025-08-10,48,80.91,1361.65,APXMIDP
2025-08-10T22:00:00Z,APXMIDP,2025-08-10,47,81.13,1590.8,APXMIDP
2025-08-10T21:30:00Z,APXMIDP,2025-08-10,46,85.9,2086.65,APXMIDP
2025-08-10T21:00:00Z,APXMIDP,2025-08-10,45,93.48,2241.45,APXMIDP
2025-08-10T20:30:00Z,APXMIDP,2025-08-10,44,89.28,2674.5,APXMIDP
2025-08-10T20:00:00Z,APXMIDP,2025-08-10,43,89.98,2746.4,APXMIDP
2025-08-10T19:30:00Z,APXMIDP,2025-08-10,42,103.29,2772.5,APXMIDP
2025-08-10T19:00:00Z,APXMIDP,2025-08-10,41,100.16,2658.9,APXMIDP
2025-08-10T18:30:00Z,APXMIDP,2025-08-10,40,103.97,2396.4,APXMIDP
2025-08-10T18:00:00Z,APXMIDP,2025-08-10,39,106.27,2662.85,APXMIDP
2025-08-10T17:30:00Z,APXMIDP,2025-08-10,38,93.63,2350.4,APXMIDP
2025-08-10T17:00:00Z,APXMIDP,2025-08-10,37,92.87,2296.7,APXMIDP
2025-08-10T16:30:00Z,APXMIDP,2025-08-10,36,90.95,1818.0,APXMIDP
2025-08-10T16:00:00Z,APXMIDP,2025-08-10,35,85.97,1613.25,APXMIDP
2025-08-10T15:30:00Z,APXMIDP,2025-08-10,34,69.0,2176.3,APXMIDP
2025-08-10T15:00:00Z,APXMIDP,2025-08-10,33,51.54,1877.8,APXMIDP
2025-08-10T14:30:00Z,APXMIDP,2025-08-10,32,36.02,1943.8,APXMIDP
2025-08-10T14:00:00Z,APXMIDP,2025-08-10,31,31.73,1636.1,APXMIDP
2025-08-10T13:30:00Z,APXMIDP,2025-08-10,30,30.73,2388.8,APXMIDP
2025-08-10T13:00:00Z,APXMIDP,2025-08-10,29,36.2,2072.95,APXMIDP
2025-08-10T12:30:00Z,APXMIDP,2025-08-10,28,37.22,2221.75,APXMIDP
2025-08-10T12:00:00Z,APXMIDP,2025-08-10,27,38.49,2104.45,APXMIDP
2025-08-10T11:30:00Z,APXMIDP,2025-08-10,26,44.68,1646.4,APXMIDP
2025-08-10T11:00:00Z,APXMIDP,2025-08-10,25,46.45,1612.55,APXMIDP
2025-08-10T10:30:00Z,APXMIDP,2025-08-10,24,50.15,1561.15,APXMIDP
2025-08-10T10:00:00Z,APXMIDP,2025-08-10,23,59.6,1479.75,APXMIDP
2025-08-10T09:30:00Z,APXMIDP,2025-08-10,22,74.28,1436.95,APXMIDP
2025-08-10T09:00:00Z,APXMIDP,2025-08-10,21,81.08,1421.35,APXMIDP
2025-08-10T08:30:00Z,APXMIDP,2025-08-10,20,78.81,1485.2,APXMIDP
2025-08-10T08:00:00Z,APXMIDP,2025-08-10,19,84.91,1395.25,APXMIDP
2025-08-10T07:30:00Z,APXMIDP,2025-08-10,18,91.08,1799.55,APXMIDP
2025-08-10T07:00:00Z,APXMIDP,2025-08-10,17,92.04,1768.7,APXMIDP
2025-08-10T06:30:00Z,APXMIDP,2025-08-10,16,89.46,1754.15,APXMIDP
2025-08-10T06:00:00Z,APXMIDP,2025-08-10,15,92.86,1458.3,APXMIDP
2025-08-10T05:30:00Z,APXMIDP,2025-08-10,14,91.28,1586.55,APXMIDP
2025-08-10T05:00:00Z,APXMIDP,2025-08-10,13,90.4,1311.95,APXMIDP
2025-08-10T04:30:00Z,APXMIDP,2025-08-10,12,88.64,1343.45,APXMIDP
2025-08-10T04:00:00Z,APXMIDP,2025-08-10,11,86.99,1270.05,APXMIDP
2025-08-10T03:30:00Z,APXMIDP,2025-08-10,10,78.78,1452.35,APXMIDP
2025-08-10T03:00:00Z,APXMIDP,2025-08-10,9,78.34,1509.7,APXMIDP
2025-08-10T02:30:00Z,APXMIDP,2025-08-10,8,75.92,1368.8,APXMIDP
2025-08-10T02:00:00Z,APXMIDP,2025-08-10,7,74.64,1391.3,APXMIDP
2025-08-10T01:30:00Z,APXMIDP,2025-08-10,6,78.58,1344.4,APXMIDP
2025-08-10T01:00:00Z,APXMIDP,2025-08-10,5,80.07,1325.85,APXMIDP
2025-08-10T00:30:00Z,APXMIDP,2025-08-10,4,78.09,1427.25,APXMIDP
2025-08-10T00:00:00Z,APXMIDP,2025-08-10,3,75.44,1344.7,APXMIDP
2025-08-09T23:30:00Z,APXMIDP,2025-08-10,2,78.17,1422.7,APXMIDP
2025-08-09T23:00:00Z,APXMIDP,2025-08-10,1,73.49,1517.05,APXMIDP
2025-08-09T22:30:00Z,APXMIDP,2025-08-09,48,67.35,1625.7,APXMIDP
2025-08-09T22:00:00Z,APXMIDP,2025-08-09,47,65.59,1669.85,APXMIDP
2025-08-09T21:30:00Z,APXMIDP,2025-08-09,46,79.8,2425.5,APXMIDP
2025-08-09T21:00:00Z,APXMIDP,2025-08-09,45,90.33,2525.0,APXMIDP
2025-08-09T20:30:00Z,APXMIDP,2025-08-09,44,97.19,2256.3,APXMIDP
2025-08-09T20:00:00Z,APXMIDP,2025-08-09,43,95.76,2196.0,APXMIDP
2025-08-09T19:30:00Z,APXMIDP,2025-08-09,42,93.69,2754.85,APXMIDP
2025-08-09T19:00:00Z,APXMIDP,2025-08-09,41,91.5,2645.9,APXMIDP
2025-08-09T18:30:00Z,APXMIDP,2025-08-09,40,92.51,2318.7,APXMIDP
2025-08-09T18:00:00Z,APXMIDP,2025-08-09,39,90.4,2178.9,APXMIDP
2025-08-09T17:30:00Z,APXMIDP,2025-08-09,38,82.19,2198.55,APXMIDP
2025-08-09T17:00:00Z,APXMIDP,2025-08-09,37,74.56,2687.6,APXMIDP
2025-08-09T16:30:00Z,APXMIDP,2025-08-09,36,81.32,2364.25,APXMIDP
2025-08-09T16:00:00Z,APXMIDP,2025-08-09,35,54.28,2313.2,APXMIDP
2025-08-09T15:30:00Z,APXMIDP,2025-08-09,34,17.52,2649.25,APXMIDP
2025-08-09T15:00:00Z,APXMIDP,2025-08-09,33,-9.61,1983.8,APXMIDP
2025-08-09T14:30:00Z,APXMIDP,2025-08-09,32,-6.36,2432.85,APXMIDP
2025-08-09T14:00:00Z,APXMIDP,2025-08-09,31,-5.65,2163.6,APXMIDP
2025-08-09T13:30:00Z,APXMIDP,2025-08-09,30,-12.88,2210.85,APXMIDP
2025-08-09T13:00:00Z,APXMIDP,2025-08-09,29,-10.46,2409.75,APXMIDP
2025-08-09T12:30:00Z,APXMIDP,2025-08-09,28,-12.53,2109.1,APXMIDP
2025-08-09T12:00:00Z,APXMIDP,2025-08-09,27,-10.63,2125.9,APXMIDP
2025-08-09T11:30:00Z,APXMIDP,2025-08-09,26,-10.04,1958.7,APXMIDP
2025-08-09T11:00:00Z,APXMIDP,2025-08-09,25,-7.55,2017.75,APXMIDP
2025-08-09T10:30:00Z,APXMIDP,2025-08-09,24,-3.32,2282.2,APXMIDP
2025-08-09T10:00:00Z,APXMIDP,2025-08-09,23,-3.88,2192.3,APXMIDP
2025-08-09T09:30:00Z,APXMIDP,2025-08-09,22,8.72,2631.35,APXMIDP
2025-08-09T09:00:00Z,APXMIDP,2025-08-09,21,9.17,2158.45,APXMIDP
2025-08-09T08:30:00Z,APXMIDP,2025-08-09,20,13.0,1919.05,APXMIDP
2025-08-09T08:00:00Z,APXMIDP,2025-08-09,19,21.66,2070.45,APXMIDP
2025-08-09T07:30:00Z,APXMIDP,2025-08-09,18,36.03,1979.0,APXMIDP
2025-08-09T07:00:00Z,APXMIDP,2025-08-09,17,41.19,2272.8,APXMIDP
2025-08-09T06:30:00Z,APXMIDP,2025-08-09,16,64.48,1911.25,APXMIDP
2025-08-09T06:00:00Z,APXMIDP,2025-08-09,15,62.02,1700.65,APXMIDP
2025-08-09T05:30:00Z,APXMIDP,2025-08-09,14,57.88,1826.65,APXMIDP
2025-08-09T05:00:00Z,APXMIDP,2025-08-09,13,54.36,1806.7,APXMIDP
2025-08-09T04:30:00Z,APXMIDP,2025-08-09,12,61.55,1293.3,APXMIDP
2025-08-09T04:00:00Z,APXMIDP,2025-08-09,11,61.65,1532.75,APXMIDP
2025-08-09T03:30:00Z,APXMIDP,2025-08-09,10,53.44,1224.95,APXMIDP
2025-08-09T03:00:00Z,APXMIDP,2025-08-09,9,57.53,1420.7,APXMIDP
2025-08-09T02:30:00Z,APXMIDP,2025-08-09,8,58.93,1460.45,APXMIDP
2025-08-09T02:00:00Z,APXMIDP,2025-08-09,7,63.03,1399.85,APXMIDP
2025-08-09T01:30:00Z,APXMIDP,2025-08-09,6,57.94,1436.0,APXMIDP
2025-08-09T01:00:00Z,APXMIDP,2025-08-09,5,63.04,1232.75,APXMIDP
2025-08-09T00:30:00Z,APXMIDP,2025-08-09,4,59.64,1150.9,APXMIDP
2025-08-09T00:00:00Z,APXMIDP,2025-08-09,3,62.49,1282.35,APXMIDP
2025-08-08T23:30:00Z,APXMIDP,2025-08-09,2,69.5,1382.0,APXMIDP
2025-08-08T23:00:00Z,APXMIDP,2025-08-09,1,76.9,1643.15,APXMIDP
2025-08-08T22:30:00Z,APXMIDP,2025-08-08,48,81.06,1430.1,APXMIDP
2025-08-08T22:00:00Z,APXMIDP,2025-08-08,47,78.69,1779.1,APXMIDP
2025-08-08T21:30:00Z,APXMIDP,2025-08-08,46,81.36,2586.45,APXMIDP
2025-08-08T21:00:00Z,APXMIDP,2025-08-08,45,86.65,2603.8,APXMIDP
2025-08-08T20:30:00Z,APXMIDP,2025-08-08,44,87.8,2729.65,APXMIDP
2025-08-08T20:00:00Z,APXMIDP,2025-08-08,43,91.99,2777.95,APXMIDP
2025-08-08T19:30:00Z,APXMIDP,2025-08-08,42,95.98,3284.95,APXMIDP
2025-08-08T19:00:00Z,APXMIDP,2025-08-08,41,99.89,3390.05,APXMIDP
2025-08-08T18:30:00Z,APXMIDP,2025-08-08,40,103.09,2969.8,APXMIDP
2025-08-08T18:00:00Z,APXMIDP,2025-08-08,39,102.59,3273.25,APXMIDP
2025-08-08T17:30:00Z,APXMIDP,2025-08-08,38,90.67,2875.45,APXMIDP
2025-08-08T17:00:00Z,APXMIDP,2025-08-08,37,88.1,3147.8,APXMIDP
2025-08-08T16:30:00Z,APXMIDP,2025-08-08,36,86.71,3112.2,APXMIDP
2025-08-08T16:00:00Z,APXMIDP,2025-08-08,35,84.35,2771.9,APXMIDP
2025-08-08T15:30:00Z,APXMIDP,2025-08-08,34,71.59,3326.05,APXMIDP
2025-08-08T15:00:00Z,APXMIDP,2025-08-08,33,58.67,3241.0,APXMIDP
2025-08-08T14:30:00Z,APXMIDP,2025-08-08,32,44.29,4363.9,APXMIDP
2025-08-08T14:00:00Z,APXMIDP,2025-08-08,31,35.03,4541.15,APXMIDP
2025-08-08T13:30:00Z,APXMIDP,2025-08-08,30,27.48,6744.15,APXMIDP
2025-08-08T13:00:00Z,APXMIDP,2025-08-08,29,28.79,6106.1,APXMIDP
2025-08-08T12:30:00Z,APXMIDP,2025-08-08,28,16.3,5725.55,APXMIDP
2025-08-08T12:00:00Z,APXMIDP,2025-08-08,27,17.24,6051.7,APXMIDP
2025-08-08T11:30:00Z,APXMIDP,2025-08-08,26,19.24,4981.25,APXMIDP
2025-08-08T11:00:00Z,APXMIDP,2025-08-08,25,21.71,5329.15,APXMIDP
2025-08-08T10:30:00Z,APXMIDP,2025-08-08,24,24.24,4952.05,APXMIDP
2025-08-08T10:00:00Z,APXMIDP,2025-08-08,23,31.16,5317.2,APXMIDP
2025-08-08T09:30:00Z,APXMIDP,2025-08-08,22,53.3,4326.7,APXMIDP
2025-08-08T09:00:00Z,APXMIDP,2025-08-08,21,50.58,3914.7,APXMIDP
2025-08-08T08:30:00Z,APXMIDP,2025-08-08,20,67.65,3804.4,APXMIDP
2025-08-08T08:00:00Z,APXMIDP,2025-08-08,19,81.91,3539.7,APXMIDP
2025-08-08T07:30:00Z,APXMIDP,2025-08-08,18,87.03,3659.3,APXMIDP
2025-08-08T07:00:00Z,APXMIDP,2025-08-08,17,92.86,3415.5,APXMIDP
2025-08-08T06:30:00Z,APXMIDP,2025-08-08,16,100.65,3624.75,APXMIDP
2025-08-08T06:00:00Z,APXMIDP,2025-08-08,15,99.47,3385.6,APXMIDP
2025-08-08T05:30:00Z,APXMIDP,2025-08-08,14,104.89,2461.5,APXMIDP
2025-08-08T05:00:00Z,APXMIDP,2025-08-08,13,100.78,2344.2,APXMIDP
2025-08-08T04:30:00Z,APXMIDP,2025-08-08,12,96.05,2039.4,APXMIDP
2025-08-08T04:00:00Z,APXMIDP,2025-08-08,11,96.41,1824.55,APXMIDP
2025-08-08T03:30:00Z,APXMIDP,2025-08-08,10,81.28,2112.55,APXMIDP
2025-08-08T03:00:00Z,APXMIDP,2025-08-08,9,82.52,2206.25,APXMIDP
2025-08-08T02:30:00Z,APXMIDP,2025-08-08,8,78.9,2278.6,APXMIDP
2025-08-08T02:00:00Z,APXMIDP,2025-08-08,7,86.35,2117.7,APXMIDP
2025-08-08T01:30:00Z,APXMIDP,2025-08-08,6,78.77,2625.45,APXMIDP
2025-08-08T01:00:00Z,APXMIDP,2025-08-08,5,78.5,2664.45,APXMIDP
2025-08-08T00:30:00Z,APXMIDP,2025-08-08,4,79.18,2474.05,APXMIDP
2025-08-08T00:00:00Z,APXMIDP,2025-08-08,3,87.25,2238.9,APXMIDP
2025-08-07T23:30:00Z,APXMIDP,2025-08-08,2,88.04,1872.05,APXMIDP
2025-08-07T23:00:00Z,APXMIDP,2025-08-08,1,87.25,2117.5,APXMIDP
2025-08-07T22:30:00Z,APXMIDP,2025-08-07,48,90.32,2346.95,APXMIDP
2025-08-07T22:00:00Z,APXMIDP,2025-08-07,47,79.39,2394.85,APXMIDP
2025-08-07T21:30:00Z,APXMIDP,2025-08-07,46,81.28,3432.5,APXMIDP
2025-08-07T21:00:00Z,APXMIDP,2025-08-07,45,84.43,3341.6,APXMIDP
2025-08-07T20:30:00Z,APXMIDP,2025-08-07,44,85.49,3053.25,APXMIDP
2025-08-07T20:00:00Z,APXMIDP,2025-08-07,43,87.67,3352.3,APXMIDP
2025-08-07T19:30:00Z,APXMIDP,2025-08-07,42,105.18,3620.5,APXMIDP
2025-08-07T19:00:00Z,APXMIDP,2025-08-07,41,106.76,3146.55,APXMIDP
2025-08-07T18:30:00Z,APXMIDP,2025-08-07,40,108.7,3088.05,APXMIDP
2025-08-07T18:00:00Z,APXMIDP,2025-08-07,39,106.78,2811.35,APXMIDP
2025-08-07T17:30:00Z,APXMIDP,2025-08-07,38,94.81,2889.45,APXMIDP
2025-08-07T17:00:00Z,APXMIDP,2025-08-07,37,92.71,3192.45,APXMIDP
2025-08-07T16:30:00Z,APXMIDP,2025-08-07,36,86.81,3686.65,APXMIDP
2025-08-07T16:00:00Z,APXMIDP,2025-08-07,35,88.69,3196.3,APXMIDP
2025-08-07T15:30:00Z,APXMIDP,2025-08-07,34,63.87,3885.95,APXMIDP
2025-08-07T15:00:00Z,APXMIDP,2025-08-07,33,53.46,4095.5,APXMIDP
2025-08-07T14:30:00Z,APXMIDP,2025-08-07,32,26.6,3872.75,APXMIDP
2025-08-07T14:00:00Z,APXMIDP,2025-08-07,31,12.14,3705.25,APXMIDP
2025-08-07T13:30:00Z,APXMIDP,2025-08-07,30,-2.62,4306.5,APXMIDP
2025-08-07T13:00:00Z,APXMIDP,2025-08-07,29,-8.33,3844.9,APXMIDP
2025-08-07T12:30:00Z,APXMIDP,2025-08-07,28,-12.63,3190.9,APXMIDP
2025-08-07T12:00:00Z,APXMIDP,2025-08-07,27,-10.28,3595.3,APXMIDP
2025-08-07T11:30:00Z,APXMIDP,2025-08-07,26,-8.26,2774.35,APXMIDP
2025-08-07T11:00:00Z,APXMIDP,2025-08-07,25,-5.28,2799.05,APXMIDP
2025-08-07T10:30:00Z,APXMIDP,2025-08-07,24,-3.21,2661.65,APXMIDP
2025-08-07T10:00:00Z,APXMIDP,2025-08-07,23,0.74,2454.65,APXMIDP
2025-08-07T09:30:00Z,APXMIDP,2025-08-07,22,15.33,2762.2,APXMIDP
2025-08-07T09:00:00Z,APXMIDP,2025-08-07,21,19.95,3147.7,APXMIDP
2025-08-07T08:30:00Z,APXMIDP,2025-08-07,20,23.34,2547.0,APXMIDP
2025-08-07T08:00:00Z,APXMIDP,2025-08-07,19,28.6,2790.75,APXMIDP
2025-08-07T07:30:00Z,APXMIDP,2025-08-07,18,66.17,3179.85,APXMIDP
2025-08-07T07:00:00Z,APXMIDP,2025-08-07,17,65.91,2684.55,APXMIDP
2025-08-07T06:30:00Z,APXMIDP,2025-08-07,16,85.17,2681.15,APXMIDP
2025-08-07T06:00:00Z,APXMIDP,2025-08-07,15,82.08,2507.4,APXMIDP
2025-08-07T05:30:00Z,APXMIDP,2025-08-07,14,80.94,2460.45,APXMIDP
2025-08-07T05:00:00Z,APXMIDP,2025-08-07,13,69.45,2218.65,APXMIDP
2025-08-07T04:30:00Z,APXMIDP,2025-08-07,12,69.05,2313.8,APXMIDP
2025-08-07T04:00:00Z,APXMIDP,2025-08-07,11,57.33,2833.45,APXMIDP
2025-08-07T03:30:00Z,APXMIDP,2025-08-07,10,31.15,2282.5,APXMIDP
2025-08-07T03:00:00Z,APXMIDP,2025-08-07,9,22.09,1894.65,APXMIDP
2025-08-07T02:30:00Z,APXMIDP,2025-08-07,8,21.26,2100.3,APXMIDP
2025-08-07T02:00:00Z,APXMIDP,2025-08-07,7,24.26,2080.05,APXMIDP
2025-08-07T01:30:00Z,APXMIDP,2025-08-07,6,30.69,1889.8,APXMIDP
2025-08-07T01:00:00Z,APXMIDP,2025-08-07,5,37.35,1934.45,APXMIDP
2025-08-07T00:30:00Z,APXMIDP,2025-08-07,4,36.77,1796.0,APXMIDP
2025-08-07T00:00:00Z,APXMIDP,2025-08-07,3,54.38,2237.25,APXMIDP
2025-08-06T23:30:00Z,APXMIDP,2025-08-07,2,69.43,2623.35,APXMIDP
2025-08-06T23:00:00Z,APXMIDP,2025-08-07,1,87.44,2580.6,APXMIDP
2025-08-06T22:30:00Z,APXMIDP,2025-08-06,48,90.4,2486.9,APXMIDP
2025-08-06T22:00:00Z,APXMIDP,2025-08-06,47,86.46,2902.15,APXMIDP
2025-08-06T21:30:00Z,APXMIDP,2025-08-06,46,87.22,3404.25,APXMIDP
2025-08-06T21:00:00Z,APXMIDP,2025-08-06,45,94.54,3061.2,APXMIDP
2025-08-06T20:30:00Z,APXMIDP,2025-08-06,44,89.37,2965.15,APXMIDP
2025-08-06T20:00:00Z,APXMIDP,2025-08-06,43,101.23,3298.6,APXMIDP
2025-08-06T19:30:00Z,APXMIDP,2025-08-06,42,107.38,2849.35,APXMIDP
2025-08-06T19:00:00Z,APXMIDP,2025-08-06,41,109.57,2847.1,APXMIDP
2025-08-06T18:30:00Z,APXMIDP,2025-08-06,40,110.85,3085.55,APXMIDP
2025-08-06T18:00:00Z,APXMIDP,2025-08-06,39,111.41,2839.25,APXMIDP
2025-08-06T17:30:00Z,APXMIDP,2025-08-06,38,94.43,3269.95,APXMIDP
2025-08-06T17:00:00Z,APXMIDP,2025-08-06,37,93.52,3308.1,APXMIDP
2025-08-06T16:30:00Z,APXMIDP,2025-08-06,36,68.44,3140.8,APXMIDP
2025-08-06T16:00:00Z,APXMIDP,2025-08-06,35,67.96,3327.0,APXMIDP
2025-08-06T15:30:00Z,APXMIDP,2025-08-06,34,53.17,2742.5,APXMIDP
2025-08-20T16:00:00Z,APXMIDP,2025-08-20,35,102.87,4593.2,APXMIDP
2025-08-20T15:30:00Z,APXMIDP,2025-08-20,34,95.04,4150.85,APXMIDP
2025-08-20T15:00:00Z,APXMIDP,2025-08-20,33,90.26,4155.65,APXMIDP
2025-08-20T14:30:00Z,APXMIDP,2025-08-20,32,84.97,4357.4,APXMIDP
2025-08-20T14:00:00Z,APXMIDP,2025-08-20,31,85.76,4189.65,APXMIDP
2025-08-20T13:30:00Z,APXMIDP,2025-08-20,30,86.88,4236.9,APXMIDP
2025-08-20T13:00:00Z,APXMIDP,2025-08-20,29,86.87,3885.45,APXMIDP
2025-08-20T12:30:00Z,APXMIDP,2025-08-20,28,87.25,3507.15,APXMIDP
2025-08-20T12:00:00Z,APXMIDP,2025-08-20,27,86.98,3748.75,APXMIDP
2025-08-20T11:30:00Z,APXMIDP,2025-08-20,26,89.54,4054.0,APXMIDP
2025-08-20T11:00:00Z,APXMIDP,2025-08-20,25,89.42,3671.95,APXMIDP
2025-08-20T10:30:00Z,APXMIDP,2025-08-20,24,91.29,3374.55,APXMIDP
2025-08-20T10:00:00Z,APXMIDP,2025-08-20,23,91.44,3583.15,APXMIDP
2025-08-20T09:30:00Z,APXMIDP,2025-08-20,22,98.68,3001.55,APXMIDP
2025-08-20T09:00:00Z,APXMIDP,2025-08-20,21,98.89,2846.25,APXMIDP
2025-08-20T08:30:00Z,APXMIDP,2025-08-20,20,98.03,2768.55,APXMIDP
2025-08-20T08:00:00Z,APXMIDP,2025-08-20,19,94.24,3355.95,APXMIDP
2025-08-20T07:30:00Z,APXMIDP,2025-08-20,18,97.67,3425.45,APXMIDP
2025-08-20T07:00:00Z,APXMIDP,2025-08-20,17,92.77,3212.95,APXMIDP
2025-08-20T06:30:00Z,APXMIDP,2025-08-20,16,99.05,3005.05,APXMIDP
2025-08-20T06:00:00Z,APXMIDP,2025-08-20,15,95.41,2640.2,APXMIDP
2025-08-20T05:30:00Z,APXMIDP,2025-08-20,14,96.01,2857.05,APXMIDP
2025-08-20T05:00:00Z,APXMIDP,2025-08-20,13,86.27,2395.1,APXMIDP
2025-08-20T04:30:00Z,APXMIDP,2025-08-20,12,86.15,2561.2,APXMIDP
2025-08-20T04:00:00Z,APXMIDP,2025-08-20,11,89.76,2213.25,APXMIDP
2025-08-20T03:30:00Z,APXMIDP,2025-08-20,10,79.73,2076.75,APXMIDP
2025-08-20T03:00:00Z,APXMIDP,2025-08-20,9,77.73,1789.5,APXMIDP
2025-08-20T02:30:00Z,APXMIDP,2025-08-20,8,77.95,1851.45,APXMIDP
2025-08-20T02:00:00Z,APXMIDP,2025-08-20,7,75.53,2063.7,APXMIDP
2025-08-20T01:30:00Z,APXMIDP,2025-08-20,6,71.62,1933.3,APXMIDP
2025-08-20T01:00:00Z,APXMIDP,2025-08-20,5,74.6,2024.6,APXMIDP
2025-08-20T00:30:00Z,APXMIDP,2025-08-20,4,72.4,2057.4,APXMIDP
2025-08-20T00:00:00Z,APXMIDP,2025-08-20,3,73.67,1667.45,APXMIDP
2025-08-19T23:30:00Z,APXMIDP,2025-08-20,2,77.46,1979.9,APXMIDP
2025-08-19T23:00:00Z,APXMIDP,2025-08-20,1,77.78,1761.5,APXMIDP
2025-08-19T22:30:00Z,APXMIDP,2025-08-19,48,75.35,1874.15,APXMIDP
2025-08-19T22:00:00Z,APXMIDP,2025-08-19,47,73.75,1951.55,APXMIDP
2025-08-19T21:30:00Z,APXMIDP,2025-08-19,46,84.67,2553.4,APXMIDP
2025-08-19T21:00:00Z,APXMIDP,2025-08-19,45,81.16,2561.0,APXMIDP
2025-08-19T20:30:00Z,APXMIDP,2025-08-19,44,81.9,2182.3,APXMIDP
2025-08-19T20:00:00Z,APXMIDP,2025-08-19,43,90.76,2567.4,APXMIDP
2025-08-19T19:30:00Z,APXMIDP,2025-08-19,42,95.26,2359.15,APXMIDP
2025-08-19T19:00:00Z,APXMIDP,2025-08-19,41,93.95,2436.35,APXMIDP
2025-08-19T18:30:00Z,APXMIDP,2025-08-19,40,93.81,2592.75,APXMIDP
2025-08-19T18:00:00Z,APXMIDP,2025-08-19,39,95.18,2679.0,APXMIDP
2025-08-19T17:30:00Z,APXMIDP,2025-08-19,38,90.43,3122.95,APXMIDP
2025-08-19T17:00:00Z,APXMIDP,2025-08-19,37,95.99,2691.15,APXMIDP
2025-08-19T16:30:00Z,APXMIDP,2025-08-19,36,86.61,2938.05,APXMIDP
2025-08-19T16:00:00Z,APXMIDP,2025-08-19,35,87.44,2691.75,APXMIDP
2025-08-19T15:30:00Z,APXMIDP,2025-08-19,34,78.24,3155.9,APXMIDP
2025-08-19T15:00:00Z,APXMIDP,2025-08-19,33,72.64,3073.75,APXMIDP
2025-08-19T14:30:00Z,APXMIDP,2025-08-19,32,70.75,2681.35,APXMIDP
2025-08-19T14:00:00Z,APXMIDP,2025-08-19,31,77.53,2918.0,APXMIDP
2025-08-19T13:30:00Z,APXMIDP,2025-08-19,30,70.46,4129.8,APXMIDP
2025-08-19T13:00:00Z,APXMIDP,2025-08-19,29,67.18,3613.5,APXMIDP
2025-08-19T12:30:00Z,APXMIDP,2025-08-19,28,68.04,3637.05,APXMIDP
2025-08-19T12:00:00Z,APXMIDP,2025-08-19,27,69.41,3404.0,APXMIDP
2025-08-19T11:30:00Z,APXMIDP,2025-08-19,26,71.27,3410.45,APXMIDP
2025-08-19T11:00:00Z,APXMIDP,2025-08-19,25,70.93,3363.0,APXMIDP
2025-08-19T10:30:00Z,APXMIDP,2025-08-19,24,74.56,3409.2,APXMIDP
2025-08-19T10:00:00Z,APXMIDP,2025-08-19,23,76.5,3061.05,APXMIDP
2025-08-19T09:30:00Z,APXMIDP,2025-08-19,22,74.66,2622.3,APXMIDP
2025-08-19T09:00:00Z,APXMIDP,2025-08-19,21,73.14,2342.3,APXMIDP
2025-08-19T08:30:00Z,APXMIDP,2025-08-19,20,72.99,2609.4,APXMIDP
2025-08-19T08:00:00Z,APXMIDP,2025-08-19,19,69.08,1873.1,APXMIDP
2025-08-19T07:30:00Z,APXMIDP,2025-08-19,18,70.91,1747.65,APXMIDP
2025-08-19T07:00:00Z,APXMIDP,2025-08-19,17,70.74,1612.8,APXMIDP
2025-08-19T06:30:00Z,APXMIDP,2025-08-19,16,76.57,2715.9,APXMIDP
2025-08-19T06:00:00Z,APXMIDP,2025-08-19,15,76.31,1976.8,APXMIDP
2025-08-19T05:30:00Z,APXMIDP,2025-08-19,14,78.9,1740.25,APXMIDP
2025-08-19T05:00:00Z,APXMIDP,2025-08-19,13,72.63,1486.4,APXMIDP
2025-08-19T04:30:00Z,APXMIDP,2025-08-19,12,71.48,1190.15,APXMIDP
2025-08-19T04:00:00Z,APXMIDP,2025-08-19,11,71.82,957.35,APXMIDP
2025-08-19T03:30:00Z,APXMIDP,2025-08-19,10,73.81,1225.3,APXMIDP
2025-08-19T03:00:00Z,APXMIDP,2025-08-19,9,76.68,1107.75,APXMIDP
2025-08-19T02:30:00Z,APXMIDP,2025-08-19,8,72.28,1168.15,APXMIDP
2025-08-19T02:00:00Z,APXMIDP,2025-08-19,7,80.24,1242.7,APXMIDP
2025-08-19T01:30:00Z,APXMIDP,2025-08-19,6,76.92,1223.05,APXMIDP
2025-08-19T01:00:00Z,APXMIDP,2025-08-19,5,79.99,1179.4,APXMIDP
2025-08-19T00:30:00Z,APXMIDP,2025-08-19,4,80.78,1127.95,APXMIDP
2025-08-19T00:00:00Z,APXMIDP,2025-08-19,3,80.1,1013.8,APXMIDP
2025-08-18T23:30:00Z,APXMIDP,2025-08-19,2,77.89,1149.05,APXMIDP
2025-08-18T23:00:00Z,APXMIDP,2025-08-19,1,78.3,1146.5,APXMIDP
2025-08-18T22:30:00Z,APXMIDP,2025-08-18,48,80.68,1093.75,APXMIDP
2025-08-18T22:00:00Z,APXMIDP,2025-08-18,47,78.61,1681.6,APXMIDP
2025-08-18T21:30:00Z,APXMIDP,2025-08-18,46,87.08,2614.6,APXMIDP
2025-08-18T21:00:00Z,APXMIDP,2025-08-18,45,88.69,2416.6,APXMIDP
2025-08-18T20:30:00Z,APXMIDP,2025-08-18,44,89.22,2204.35,APXMIDP
2025-08-18T20:00:00Z,APXMIDP,2025-08-18,43,93.97,2867.35,APXMIDP
2025-08-18T19:30:00Z,APXMIDP,2025-08-18,42,98.05,2912.8,APXMIDP
2025-08-18T19:00:00Z,APXMIDP,2025-08-18,41,98.29,3294.5,APXMIDP
2025-08-18T18:30:00Z,APXMIDP,2025-08-18,40,105.46,3440.55,APXMIDP
2025-08-18T18:00:00Z,APXMIDP,2025-08-18,39,103.79,3545.55,APXMIDP
2025-08-18T17:30:00Z,APXMIDP,2025-08-18,38,101.72,2786.9,APXMIDP
2025-08-18T17:00:00Z,APXMIDP,2025-08-18,37,105.02,2839.4,APXMIDP
2025-08-18T16:30:00Z,APXMIDP,2025-08-18,36,97.36,2866.05,APXMIDP
2025-08-18T16:00:00Z,APXMIDP,2025-08-18,35,98.01,2550.15,APXMIDP
2025-08-18T15:30:00Z,APXMIDP,2025-08-18,34,83.56,2905.05,APXMIDP
2025-08-18T15:00:00Z,APXMIDP,2025-08-18,33,84.65,2934.8,APXMIDP
2025-08-18T14:30:00Z,APXMIDP,2025-08-18,32,85.12,3048.15,APXMIDP
2025-08-18T14:00:00Z,APXMIDP,2025-08-18,31,81.7,2870.1,APXMIDP
2025-08-18T13:30:00Z,APXMIDP,2025-08-18,30,79.43,3524.4,APXMIDP
2025-08-18T13:00:00Z,APXMIDP,2025-08-18,29,82.0,3175.55,APXMIDP
2025-08-18T12:30:00Z,APXMIDP,2025-08-18,28,83.77,3188.35,APXMIDP
2025-08-18T12:00:00Z,APXMIDP,2025-08-18,27,82.4,3269.0,APXMIDP
2025-08-18T11:30:00Z,APXMIDP,2025-08-18,26,88.49,2902.85,APXMIDP
2025-08-18T11:00:00Z,APXMIDP,2025-08-18,25,95.43,2808.95,APXMIDP
2025-08-18T10:30:00Z,APXMIDP,2025-08-18,24,93.33,2668.0,APXMIDP
2025-08-18T10:00:00Z,APXMIDP,2025-08-18,23,97.37,2350.85,APXMIDP
2025-08-18T09:30:00Z,APXMIDP,2025-08-18,22,100.86,3012.35,APXMIDP
2025-08-18T09:00:00Z,APXMIDP,2025-08-18,21,99.16,2582.45,APXMIDP
2025-08-18T08:30:00Z,APXMIDP,2025-08-18,20,97.97,2530.45,APXMIDP
2025-08-18T08:00:00Z,APXMIDP,2025-08-18,19,96.6,2575.7,APXMIDP
2025-08-18T07:30:00Z,APXMIDP,2025-08-18,18,96.97,2495.9,APXMIDP
2025-08-18T07:00:00Z,APXMIDP,2025-08-18,17,94.88,2475.1,APXMIDP
2025-08-18T06:30:00Z,APXMIDP,2025-08-18,16,95.54,2674.7,APXMIDP
2025-08-18T06:00:00Z,APXMIDP,2025-08-18,15,89.54,2355.4,APXMIDP
2025-08-18T05:30:00Z,APXMIDP,2025-08-18,14,103.44,1747.25,APXMIDP
2025-08-18T05:00:00Z,APXMIDP,2025-08-18,13,96.88,1770.1,APXMIDP
2025-08-18T04:30:00Z,APXMIDP,2025-08-18,12,94.22,1704.75,APXMIDP
2025-08-18T04:00:00Z,APXMIDP,2025-08-18,11,90.46,1316.5,APXMIDP
2025-08-18T03:30:00Z,APXMIDP,2025-08-18,10,80.2,1536.5,APXMIDP
2025-08-18T03:00:00Z,APXMIDP,2025-08-18,9,82.35,1379.0,APXMIDP
2025-08-18T02:30:00Z,APXMIDP,2025-08-18,8,80.64,1455.35,APXMIDP
2025-08-18T02:00:00Z,APXMIDP,2025-08-18,7,78.12,1497.35,APXMIDP
2025-08-18T01:30:00Z,APXMIDP,2025-08-18,6,73.34,1689.05,APXMIDP
2025-08-18T01:00:00Z,APXMIDP,2025-08-18,5,73.36,1693.65,APXMIDP
2025-08-18T00:30:00Z,APXMIDP,2025-08-18,4,73.85,1558.3,APXMIDP
2025-08-18T00:00:00Z,APXMIDP,2025-08-18,3,73.14,1559.7,APXMIDP
2025-08-17T23:30:00Z,APXMIDP,2025-08-18,2,75.28,1534.5,APXMIDP
2025-08-17T23:00:00Z,APXMIDP,2025-08-18,1,78.69,1702.2,APXMIDP
2025-08-17T22:30:00Z,APXMIDP,2025-08-17,48,84.95,1425.3,APXMIDP
2025-08-17T22:00:00Z,APXMIDP,2025-08-17,47,82.48,1613.25,APXMIDP
2025-08-17T21:30:00Z,APXMIDP,2025-08-17,46,78.61,1929.95,APXMIDP
2025-08-17T21:00:00Z,APXMIDP,2025-08-17,45,88.15,1751.1,APXMIDP
2025-08-17T20:30:00Z,APXMIDP,2025-08-17,44,84.3,1539.75,APXMIDP
2025-08-17T20:00:00Z,APXMIDP,2025-08-17,43,89.49,1739.8,APXMIDP
2025-08-17T19:30:00Z,APXMIDP,2025-08-17,42,93.62,1661.5,APXMIDP
2025-08-17T19:00:00Z,APXMIDP,2025-08-17,41,96.03,1559.15,APXMIDP
2025-08-17T18:30:00Z,APXMIDP,2025-08-17,40,94.02,1766.7,APXMIDP
2025-08-17T18:00:00Z,APXMIDP,2025-08-17,39,97.41,1814.85,APXMIDP
2025-08-17T17:30:00Z,APXMIDP,2025-08-17,38,94.77,1625.95,APXMIDP
2025-08-17T17:00:00Z,APXMIDP,2025-08-17,37,89.58,1350.7,APXMIDP
2025-08-17T16:30:00Z,APXMIDP,2025-08-17,36,90.58,1838.35,APXMIDP
2025-08-17T16:00:00Z,APXMIDP,2025-08-17,35,93.99,1631.75,APXMIDP
2025-08-17T15:30:00Z,APXMIDP,2025-08-17,34,69.88,1980.8,APXMIDP
2025-08-17T15:00:00Z,APXMIDP,2025-08-17,33,67.84,1796.1,APXMIDP
2025-08-17T14:30:00Z,APXMIDP,2025-08-17,32,69.26,1759.3,APXMIDP
2025-08-17T14:00:00Z,APXMIDP,2025-08-17,31,60.82,1849.1,APXMIDP
2025-08-17T13:30:00Z,APXMIDP,2025-08-17,30,54.28,2272.55,APXMIDP
2025-08-17T13:00:00Z,APXMIDP,2025-08-17,29,56.4,1900.0,APXMIDP
2025-08-17T12:30:00Z,APXMIDP,2025-08-17,28,54.23,1853.55,APXMIDP
2025-08-17T12:00:00Z,APXMIDP,2025-08-17,27,53.4,1902.75,APXMIDP
2025-08-17T11:30:00Z,APXMIDP,2025-08-17,26,57.08,2182.3,APXMIDP
2025-08-17T11:00:00Z,APXMIDP,2025-08-17,25,58.49,1989.45,APXMIDP
2025-08-17T10:30:00Z,APXMIDP,2025-08-17,24,62.64,1509.75,APXMIDP
2025-08-17T10:00:00Z,APXMIDP,2025-08-17,23,63.04,1175.25,APXMIDP
2025-08-17T09:30:00Z,APXMIDP,2025-08-17,22,72.28,1158.85,APXMIDP
2025-08-17T09:00:00Z,APXMIDP,2025-08-17,21,74.14,1254.5,APXMIDP
2025-08-17T08:30:00Z,APXMIDP,2025-08-17,20,74.0,952.75,APXMIDP
2025-08-17T08:00:00Z,APXMIDP,2025-08-17,19,75.37,861.25,APXMIDP
2025-08-17T07:30:00Z,APXMIDP,2025-08-17,18,79.72,1045.8,APXMIDP
2025-08-17T07:00:00Z,APXMIDP,2025-08-17,17,80.22,1093.85,APXMIDP
2025-08-17T06:30:00Z,APXMIDP,2025-08-17,16,77.96,1300.75,APXMIDP
2025-08-17T06:00:00Z,APXMIDP,2025-08-17,15,72.66,1566.4,APXMIDP
2025-08-17T05:30:00Z,APXMIDP,2025-08-17,14,74.79,1261.8,APXMIDP
2025-08-17T05:00:00Z,APXMIDP,2025-08-17,13,74.12,982.9,APXMIDP
2025-08-17T04:30:00Z,APXMIDP,2025-08-17,12,76.13,901.8,APXMIDP
2025-08-17T04:00:00Z,APXMIDP,2025-08-17,11,74.7,846.4,APXMIDP
2025-08-17T03:30:00Z,APXMIDP,2025-08-17,10,74.04,848.35,APXMIDP
2025-08-17T03:00:00Z,APXMIDP,2025-08-17,9,74.2,918.25,APXMIDP
2025-08-17T02:30:00Z,APXMIDP,2025-08-17,8,73.94,986.2,APXMIDP
2025-08-17T02:00:00Z,APXMIDP,2025-08-17,7,74.12,1176.0,APXMIDP
2025-08-17T01:30:00Z,APXMIDP,2025-08-17,6,74.78,1107.25,APXMIDP
2025-08-17T01:00:00Z,APXMIDP,2025-08-17,5,79.2,918.75,APXMIDP
2025-08-17T00:30:00Z,APXMIDP,2025-08-17,4,82.76,853.95,APXMIDP
2025-08-17T00:00:00Z,APXMIDP,2025-08-17,3,82.98,1122.0,APXMIDP
2025-08-16T23:30:00Z,APXMIDP,2025-08-17,2,82.51,857.3,APXMIDP
2025-08-16T23:00:00Z,APXMIDP,2025-08-17,1,86.07,992.85,APXMIDP
2025-08-16T22:30:00Z,APXMIDP,2025-08-16,48,87.43,1071.0,APXMIDP
2025-08-16T22:00:00Z,APXMIDP,2025-08-16,47,88.23,1139.0,APXMIDP
2025-08-16T21:30:00Z,APXMIDP,2025-08-16,46,85.63,2290.25,APXMIDP
2025-08-16T21:00:00Z,APXMIDP,2025-08-16,45,85.58,2582.4,APXMIDP
2025-08-16T20:30:00Z,APXMIDP,2025-08-16,44,89.54,2411.6,APXMIDP
2025-08-16T20:00:00Z,APXMIDP,2025-08-16,43,95.03,2587.95,APXMIDP
2025-08-16T19:30:00Z,APXMIDP,2025-08-16,42,93.43,2654.85,APXMIDP
2025-08-16T19:00:00Z,APXMIDP,2025-08-16,41,96.93,2801.05,APXMIDP
2025-08-16T18:30:00Z,APXMIDP,2025-08-16,40,99.46,2914.45,APXMIDP
2025-08-16T18:00:00Z,APXMIDP,2025-08-16,39,100.36,2366.85,APXMIDP
2025-08-16T17:30:00Z,APXMIDP,2025-08-16,38,97.6,2344.15,APXMIDP
2025-08-16T17:00:00Z,APXMIDP,2025-08-16,37,100.54,2308.2,APXMIDP
2025-08-16T16:30:00Z,APXMIDP,2025-08-16,36,99.12,1890.45,APXMIDP
2025-08-16T16:00:00Z,APXMIDP,2025-08-16,35,98.63,2094.6,APXMIDP
2025-08-16T15:30:00Z,APXMIDP,2025-08-16,34,90.12,2001.75,APXMIDP
2025-08-16T15:00:00Z,APXMIDP,2025-08-16,33,86.72,1954.9,APXMIDP
2025-08-16T14:30:00Z,APXMIDP,2025-08-16,32,85.45,2119.7,APXMIDP
2025-08-16T14:00:00Z,APXMIDP,2025-08-16,31,76.3,1720.55,APXMIDP
2025-08-16T13:30:00Z,APXMIDP,2025-08-16,30,73.4,1988.6,APXMIDP
2025-08-16T13:00:00Z,APXMIDP,2025-08-16,29,74.3,1871.15,APXMIDP
2025-08-16T12:30:00Z,APXMIDP,2025-08-16,28,73.55,1585.3,APXMIDP
2025-08-16T12:00:00Z,APXMIDP,2025-08-16,27,77.36,1837.35,APXMIDP
2025-08-16T11:30:00Z,APXMIDP,2025-08-16,26,84.48,1662.3,APXMIDP
2025-08-16T11:00:00Z,APXMIDP,2025-08-16,25,89.61,1545.75,APXMIDP
2025-08-16T10:30:00Z,APXMIDP,2025-08-16,24,92.49,1543.05,APXMIDP
2025-08-16T10:00:00Z,APXMIDP,2025-08-16,23,94.42,1687.45,APXMIDP
2025-08-16T09:30:00Z,APXMIDP,2025-08-16,22,92.4,1641.25,APXMIDP
2025-08-16T09:00:00Z,APXMIDP,2025-08-16,21,92.67,1788.9,APXMIDP
2025-08-16T08:30:00Z,APXMIDP,2025-08-16,20,91.23,1728.05,APXMIDP
2025-08-16T08:00:00Z,APXMIDP,2025-08-16,19,87.66,1836.95,APXMIDP
2025-08-16T07:30:00Z,APXMIDP,2025-08-16,18,84.51,1690.0,APXMIDP
2025-08-16T07:00:00Z,APXMIDP,2025-08-16,17,82.31,1530.75,APXMIDP
2025-08-16T06:30:00Z,APXMIDP,2025-08-16,16,77.11,1316.1,APXMIDP
2025-08-16T06:00:00Z,APXMIDP,2025-08-16,15,72.19,1315.2,APXMIDP
2025-08-16T05:30:00Z,APXMIDP,2025-08-16,14,77.09,1383.65,APXMIDP
2025-08-16T05:00:00Z,APXMIDP,2025-08-16,13,76.9,1246.85,APXMIDP
2025-08-16T04:30:00Z,APXMIDP,2025-08-16,12,73.92,1259.75,APXMIDP
2025-08-16T04:00:00Z,APXMIDP,2025-08-16,11,74.41,1095.1,APXMIDP
2025-08-16T03:30:00Z,APXMIDP,2025-08-16,10,74.66,1253.95,APXMIDP
2025-08-16T03:00:00Z,APXMIDP,2025-08-16,9,79.91,1551.4,APXMIDP
2025-08-16T02:30:00Z,APXMIDP,2025-08-16,8,69.31,1493.15,APXMIDP
2025-08-16T02:00:00Z,APXMIDP,2025-08-16,7,69.37,1542.5,APXMIDP
2025-08-16T01:30:00Z,APXMIDP,2025-08-16,6,75.71,1710.95,APXMIDP
2025-08-16T01:00:00Z,APXMIDP,2025-08-16,5,77.46,1583.2,APXMIDP
2025-08-16T00:30:00Z,APXMIDP,2025-08-16,4,71.13,1381.3,APXMIDP
2025-08-16T00:00:00Z,APXMIDP,2025-08-16,3,72.97,1517.25,APXMIDP
2025-08-15T23:30:00Z,APXMIDP,2025-08-16,2,79.13,1324.45,APXMIDP
2025-08-15T23:00:00Z,APXMIDP,2025-08-16,1,81.75,1463.5,APXMIDP
2025-08-15T22:30:00Z,APXMIDP,2025-08-15,48,80.54,1737.3,APXMIDP
2025-08-15T22:00:00Z,APXMIDP,2025-08-15,47,80.48,1730.85,APXMIDP
2025-08-15T21:30:00Z,APXMIDP,2025-08-15,46,80.45,2466.95,APXMIDP
2025-08-15T21:00:00Z,APXMIDP,2025-08-15,45,79.53,2207.25,APXMIDP
2025-08-15T20:30:00Z,APXMIDP,2025-08-15,44,90.15,2161.8,APXMIDP
2025-08-15T20:00:00Z,APXMIDP,2025-08-15,43,99.66,2300.75,APXMIDP
2025-08-15T19:30:00Z,APXMIDP,2025-08-15,42,96.56,2421.4,APXMIDP
2025-08-15T19:00:00Z,APXMIDP,2025-08-15,41,99.04,2414.2,APXMIDP
2025-08-15T18:30:00Z,APXMIDP,2025-08-15,40,102.18,2267.7,APXMIDP
2025-08-15T18:00:00Z,APXMIDP,2025-08-15,39,96.44,2396.95,APXMIDP
2025-08-15T17:30:00Z,APXMIDP,2025-08-15,38,93.49,2297.2,APXMIDP
2025-08-15T17:00:00Z,APXMIDP,2025-08-15,37,91.08,2272.7,APXMIDP
2025-08-15T16:30:00Z,APXMIDP,2025-08-15,36,82.68,2556.4,APXMIDP
2025-08-15T16:00:00Z,APXMIDP,2025-08-15,35,81.52,2333.5,APXMIDP
2025-08-15T15:30:00Z,APXMIDP,2025-08-15,34,72.03,3253.55,APXMIDP
2025-08-15T15:00:00Z,APXMIDP,2025-08-15,33,73.26,3487.3,APXMIDP
2025-08-15T14:30:00Z,APXMIDP,2025-08-15,32,69.96,2830.8,APXMIDP
2025-08-15T14:00:00Z,APXMIDP,2025-08-15,31,70.53,2781.4,APXMIDP
2025-08-15T13:30:00Z,APXMIDP,2025-08-15,30,64.82,3569.55,APXMIDP
2025-08-15T13:00:00Z,APXMIDP,2025-08-15,29,65.81,3435.65,APXMIDP
2025-08-15T12:30:00Z,APXMIDP,2025-08-15,28,68.07,3058.55,APXMIDP
2025-08-15T12:00:00Z,APXMIDP,2025-08-15,27,63.35,2452.85,APXMIDP
2025-08-15T11:30:00Z,APXMIDP,2025-08-15,26,64.66,2180.1,APXMIDP
2025-08-15T11:00:00Z,APXMIDP,2025-08-15,25,69.19,2366.6,APXMIDP
2025-08-15T10:30:00Z,APXMIDP,2025-08-15,24,65.76,2174.85,APXMIDP
2025-08-15T10:00:00Z,APXMIDP,2025-08-15,23,72.32,2385.2,APXMIDP
2025-08-15T09:30:00Z,APXMIDP,2025-08-15,22,73.82,1950.5,APXMIDP
2025-08-15T09:00:00Z,APXMIDP,2025-08-15,21,73.74,2092.3,APXMIDP
2025-08-15T08:30:00Z,APXMIDP,2025-08-15,20,75.51,1778.65,APXMIDP
2025-08-15T08:00:00Z,APXMIDP,2025-08-15,19,78.62,1839.8,APXMIDP
2025-08-15T07:30:00Z,APXMIDP,2025-08-15,18,84.79,1945.3,APXMIDP
2025-08-15T07:00:00Z,APXMIDP,2025-08-15,17,85.39,1959.8,APXMIDP
2025-08-15T06:30:00Z,APXMIDP,2025-08-15,16,88.68,2133.6,APXMIDP
2025-08-15T06:00:00Z,APXMIDP,2025-08-15,15,82.74,1920.6,APXMIDP
2025-08-15T05:30:00Z,APXMIDP,2025-08-15,14,86.25,2192.8,APXMIDP
2025-08-15T05:00:00Z,APXMIDP,2025-08-15,13,79.36,1821.25,APXMIDP
2025-08-15T04:30:00Z,APXMIDP,2025-08-15,12,79.86,1549.95,APXMIDP
2025-08-15T04:00:00Z,APXMIDP,2025-08-15,11,76.76,1626.7,APXMIDP
2025-08-15T03:30:00Z,APXMIDP,2025-08-15,10,76.28,1501.2,APXMIDP
2025-08-15T03:00:00Z,APXMIDP,2025-08-15,9,76.06,1489.25,APXMIDP
2025-08-15T02:30:00Z,APXMIDP,2025-08-15,8,79.67,1390.05,APXMIDP
2025-08-15T02:00:00Z,APXMIDP,2025-08-15,7,78.24,1369.3,APXMIDP
2025-08-15T01:30:00Z,APXMIDP,2025-08-15,6,76.19,1543.35,APXMIDP
2025-08-15T01:00:00Z,APXMIDP,2025-08-15,5,75.15,1504.25,APXMIDP
2025-08-15T00:30:00Z,APXMIDP,2025-08-15,4,73.92,1453.7,APXMIDP
2025-08-15T00:00:00Z,APXMIDP,2025-08-15,3,77.46,1449.85,APXMIDP
2025-08-14T23:30:00Z,APXMIDP,2025-08-15,2,75.99,1725.25,APXMIDP
2025-08-14T23:00:00Z,APXMIDP,2025-08-15,1,79.64,1462.35,APXMIDP
2025-08-14T22:30:00Z,APXMIDP,2025-08-14,48,80.3,1944.1,APXMIDP
2025-08-14T22:00:00Z,APXMIDP,2025-08-14,47,78.11,2567.05,APXMIDP
2025-08-14T21:30:00Z,APXMIDP,2025-08-14,46,89.57,3740.95,APXMIDP
2025-08-14T21:00:00Z,APXMIDP,2025-08-14,45,99.23,4098.15,APXMIDP
2025-08-14T20:30:00Z,APXMIDP,2025-08-14,44,96.02,4537.35,APXMIDP
2025-08-14T20:00:00Z,APXMIDP,2025-08-14,43,98.45,4902.5,APXMIDP
2025-08-14T19:30:00Z,APXMIDP,2025-08-14,42,105.65,4760.75,APXMIDP
2025-08-14T19:00:00Z,APXMIDP,2025-08-14,41,106.82,4931.9,APXMIDP
2025-08-14T18:30:00Z,APXMIDP,2025-08-14,40,109.69,4794.6,APXMIDP
2025-08-14T18:00:00Z,APXMIDP,2025-08-14,39,106.25,4942.5,APXMIDP
2025-08-14T17:30:00Z,APXMIDP,2025-08-14,38,104.01,4775.85,APXMIDP
2025-08-14T17:00:00Z,APXMIDP,2025-08-14,37,101.26,4436.35,APXMIDP
2025-08-14T16:30:00Z,APXMIDP,2025-08-14,36,80.94,3738.9,APXMIDP
2025-08-14T16:00:00Z,APXMIDP,2025-08-14,35,77.85,3563.3,APXMIDP
2025-08-14T15:30:00Z,APXMIDP,2025-08-14,34,70.34,3442.15,APXMIDP
2025-08-14T15:00:00Z,APXMIDP,2025-08-14,33,72.47,3484.7,APXMIDP
2025-08-14T14:30:00Z,APXMIDP,2025-08-14,32,69.03,2677.2,APXMIDP
2025-08-14T14:00:00Z,APXMIDP,2025-08-14,31,69.99,3122.3,APXMIDP
2025-08-14T13:30:00Z,APXMIDP,2025-08-14,30,69.48,3247.05,APXMIDP
2025-08-14T13:00:00Z,APXMIDP,2025-08-14,29,69.39,3115.15,APXMIDP
2025-08-14T12:30:00Z,APXMIDP,2025-08-14,28,68.53,2861.65,APXMIDP
2025-08-14T12:00:00Z,APXMIDP,2025-08-14,27,68.99,2933.05,APXMIDP
2025-08-14T11:30:00Z,APXMIDP,2025-08-14,26,69.33,2149.35,APXMIDP
2025-08-14T11:00:00Z,APXMIDP,2025-08-14,25,69.73,2879.1,APXMIDP
2025-08-14T10:30:00Z,APXMIDP,2025-08-14,24,70.16,2334.55,APXMIDP
2025-08-14T10:00:00Z,APXMIDP,2025-08-14,23,68.39,3038.35,APXMIDP
2025-08-14T09:30:00Z,APXMIDP,2025-08-14,22,71.46,3398.3,APXMIDP
2025-08-14T09:00:00Z,APXMIDP,2025-08-14,21,70.3,2447.55,APXMIDP
2025-08-14T08:30:00Z,APXMIDP,2025-08-14,20,72.8,2074.95,APXMIDP
2025-08-14T08:00:00Z,APXMIDP,2025-08-14,19,77.1,2176.5,APXMIDP
2025-08-14T07:30:00Z,APXMIDP,2025-08-14,18,81.88,2472.45,APXMIDP
2025-08-14T07:00:00Z,APXMIDP,2025-08-14,17,76.39,1950.8,APXMIDP
2025-08-14T06:30:00Z,APXMIDP,2025-08-14,16,85.11,2501.95,APXMIDP
2025-08-14T06:00:00Z,APXMIDP,2025-08-14,15,78.92,1986.3,APXMIDP
2025-08-14T05:30:00Z,APXMIDP,2025-08-14,14,85.59,2155.25,APXMIDP
2025-08-14T05:00:00Z,APXMIDP,2025-08-14,13,76.31,1982.7,APXMIDP
2025-08-14T04:30:00Z,APXMIDP,2025-08-14,12,74.08,1669.1,APXMIDP
2025-08-14T04:00:00Z,APXMIDP,2025-08-14,11,74.22,1892.2,APXMIDP
2025-08-14T03:30:00Z,APXMIDP,2025-08-14,10,71.37,2196.5,APXMIDP
2025-08-14T03:00:00Z,APXMIDP,2025-08-14,9,69.82,1872.55,APXMIDP
2025-08-14T02:30:00Z,APXMIDP,2025-08-14,8,72.47,1744.15,APXMIDP
2025-08-14T02:00:00Z,APXMIDP,2025-08-14,7,73.14,1929.45,APXMIDP
2025-08-14T01:30:00Z,APXMIDP,2025-08-14,6,73.22,2057.15,APXMIDP
2025-08-14T01:00:00Z,APXMIDP,2025-08-14,5,75.01,2084.0,APXMIDP
2025-08-14T00:30:00Z,APXMIDP,2025-08-14,4,77.32,1849.1,APXMIDP
2025-08-14T00:00:00Z,APXMIDP,2025-08-14,3,76.97,1851.35,APXMIDP
2025-08-13T23:30:00Z,APXMIDP,2025-08-14,2,77.53,1818.6,APXMIDP
2025-08-13T23:00:00Z,APXMIDP,2025-08-14,1,77.54,1930.9,APXMIDP
2025-08-13T22:30:00Z,APXMIDP,2025-08-13,48,78.11,2002.35,APXMIDP
2025-08-13T22:00:00Z,APXMIDP,2025-08-13,47,73.12,2062.0,APXMIDP
2025-08-13T21:30:00Z,APXMIDP,2025-08-13,46,82.62,3682.95,APXMIDP
2025-08-13T21:00:00Z,APXMIDP,2025-08-13,45,84.32,3122.35,APXMIDP
2025-08-13T20:30:00Z,APXMIDP,2025-08-13,44,84.09,3195.4,APXMIDP
2025-08-13T20:00:00Z,APXMIDP,2025-08-13,43,88.71,3439.85,APXMIDP
2025-08-13T19:30:00Z,APXMIDP,2025-08-13,42,93.99,4461.95,APXMIDP
2025-08-13T19:00:00Z,APXMIDP,2025-08-13,41,97.44,4458.45,APXMIDP
2025-08-13T18:30:00Z,APXMIDP,2025-08-13,40,106.42,4455.0,APXMIDP
2025-08-13T18:00:00Z,APXMIDP,2025-08-13,39,107.42,4302.75,APXMIDP
2025-08-13T17:30:00Z,APXMIDP,2025-08-13,38,109.58,4382.2,APXMIDP
2025-08-13T17:00:00Z,APXMIDP,2025-08-13,37,110.86,4121.35,APXMIDP
2025-08-13T16:30:00Z,APXMIDP,2025-08-13,36,89.54,3564.15,APXMIDP
2025-08-13T16:00:00Z,APXMIDP,2025-08-13,35,90.72,3475.55,APXMIDP
2025-08-27T16:30:00Z,APXMIDP,2025-08-27,36,74.87,3120.75,APXMIDP
2025-08-27T16:00:00Z,APXMIDP,2025-08-27,35,78.3,3446.55,APXMIDP
2025-08-27T15:30:00Z,APXMIDP,2025-08-27,34,71.44,3606.45,APXMIDP
2025-08-27T15:00:00Z,APXMIDP,2025-08-27,33,72.29,3476.55,APXMIDP
2025-08-27T14:30:00Z,APXMIDP,2025-08-27,32,62.49,3949.3,APXMIDP
2025-08-27T14:00:00Z,APXMIDP,2025-08-27,31,70.39,4007.2,APXMIDP
2025-08-27T13:30:00Z,APXMIDP,2025-08-27,30,65.54,4316.3,APXMIDP
2025-08-27T13:00:00Z,APXMIDP,2025-08-27,29,72.43,4586.0,APXMIDP
2025-08-27T12:30:00Z,APXMIDP,2025-08-27,28,68.65,3410.2,APXMIDP
2025-08-27T12:00:00Z,APXMIDP,2025-08-27,27,69.78,3436.4,APXMIDP
2025-08-27T11:30:00Z,APXMIDP,2025-08-27,26,71.88,3155.6,APXMIDP
2025-08-27T11:00:00Z,APXMIDP,2025-08-27,25,74.27,3242.4,APXMIDP
2025-08-27T10:30:00Z,APXMIDP,2025-08-27,24,73.15,2688.95,APXMIDP
2025-08-27T10:00:00Z,APXMIDP,2025-08-27,23,75.72,2679.35,APXMIDP
2025-08-27T09:30:00Z,APXMIDP,2025-08-27,22,82.8,3020.95,APXMIDP
2025-08-27T09:00:00Z,APXMIDP,2025-08-27,21,79.36,2562.3,APXMIDP
2025-08-27T08:30:00Z,APXMIDP,2025-08-27,20,82.34,2450.55,APXMIDP
2025-08-27T08:00:00Z,APXMIDP,2025-08-27,19,89.88,2989.75,APXMIDP
2025-08-27T07:30:00Z,APXMIDP,2025-08-27,18,94.75,2561.3,APXMIDP
2025-08-27T07:00:00Z,APXMIDP,2025-08-27,17,88.72,2951.55,APXMIDP
2025-08-27T06:30:00Z,APXMIDP,2025-08-27,16,112.23,2667.65,APXMIDP
2025-08-27T06:00:00Z,APXMIDP,2025-08-27,15,101.71,2465.85,APXMIDP
2025-08-27T05:30:00Z,APXMIDP,2025-08-27,14,91.04,2377.15,APXMIDP
2025-08-27T05:00:00Z,APXMIDP,2025-08-27,13,90.47,2038.85,APXMIDP
2025-08-27T04:30:00Z,APXMIDP,2025-08-27,12,83.24,1626.4,APXMIDP
2025-08-27T04:00:00Z,APXMIDP,2025-08-27,11,79.62,1989.35,APXMIDP
2025-08-27T03:30:00Z,APXMIDP,2025-08-27,10,74.32,1909.2,APXMIDP
2025-08-27T03:00:00Z,APXMIDP,2025-08-27,9,77.82,1868.3,APXMIDP
2025-08-27T02:30:00Z,APXMIDP,2025-08-27,8,71.38,1380.6,APXMIDP
2025-08-27T02:00:00Z,APXMIDP,2025-08-27,7,72.26,1390.6,APXMIDP
2025-08-27T01:30:00Z,APXMIDP,2025-08-27,6,72.35,1588.85,APXMIDP
2025-08-27T01:00:00Z,APXMIDP,2025-08-27,5,74.26,1755.85,APXMIDP
2025-08-27T00:30:00Z,APXMIDP,2025-08-27,4,76.48,1607.2,APXMIDP
2025-08-27T00:00:00Z,APXMIDP,2025-08-27,3,72.97,1687.6,APXMIDP
2025-08-26T23:30:00Z,APXMIDP,2025-08-27,2,77.8,1456.5,APXMIDP
2025-08-26T23:00:00Z,APXMIDP,2025-08-27,1,78.41,1792.25,APXMIDP
2025-08-26T22:30:00Z,APXMIDP,2025-08-26,48,75.15,1737.6,APXMIDP
2025-08-26T22:00:00Z,APXMIDP,2025-08-26,47,77.47,2148.3,APXMIDP
2025-08-26T21:30:00Z,APXMIDP,2025-08-26,46,93.18,3138.2,APXMIDP
2025-08-26T21:00:00Z,APXMIDP,2025-08-26,45,100.8,3064.1,APXMIDP
2025-08-26T20:30:00Z,APXMIDP,2025-08-26,44,112.61,2754.35,APXMIDP
2025-08-26T20:00:00Z,APXMIDP,2025-08-26,43,118.02,3226.4,APXMIDP
2025-08-26T19:30:00Z,APXMIDP,2025-08-26,42,130.93,4476.75,APXMIDP
2025-08-26T19:00:00Z,APXMIDP,2025-08-26,41,131.77,4162.9,APXMIDP
2025-08-26T18:30:00Z,APXMIDP,2025-08-26,40,145.52,3599.8,APXMIDP
2025-08-26T18:00:00Z,APXMIDP,2025-08-26,39,141.64,3463.85,APXMIDP
2025-08-26T17:30:00Z,APXMIDP,2025-08-26,38,128.45,3899.2,APXMIDP
2025-08-26T17:00:00Z,APXMIDP,2025-08-26,37,124.38,3676.65,APXMIDP
2025-08-26T16:30:00Z,APXMIDP,2025-08-26,36,112.15,4236.2,APXMIDP
2025-08-26T16:00:00Z,APXMIDP,2025-08-26,35,101.1,3844.05,APXMIDP
2025-08-26T15:30:00Z,APXMIDP,2025-08-26,34,88.29,3758.05,APXMIDP
2025-08-26T15:00:00Z,APXMIDP,2025-08-26,33,88.37,3542.25,APXMIDP
2025-08-26T14:30:00Z,APXMIDP,2025-08-26,32,79.43,3233.25,APXMIDP
2025-08-26T14:00:00Z,APXMIDP,2025-08-26,31,82.57,3376.35,APXMIDP
2025-08-26T13:30:00Z,APXMIDP,2025-08-26,30,80.86,3754.05,APXMIDP
2025-08-26T13:00:00Z,APXMIDP,2025-08-26,29,87.26,3519.8,APXMIDP
2025-08-26T12:30:00Z,APXMIDP,2025-08-26,28,87.69,3440.4,APXMIDP
2025-08-26T12:00:00Z,APXMIDP,2025-08-26,27,86.24,3516.05,APXMIDP
2025-08-26T11:30:00Z,APXMIDP,2025-08-26,26,90.91,3960.55,APXMIDP
2025-08-26T11:00:00Z,APXMIDP,2025-08-26,25,95.06,3960.85,APXMIDP
2025-08-26T10:30:00Z,APXMIDP,2025-08-26,24,98.32,3890.55,APXMIDP
2025-08-26T10:00:00Z,APXMIDP,2025-08-26,23,98.65,3384.5,APXMIDP
2025-08-26T09:30:00Z,APXMIDP,2025-08-26,22,102.64,3191.55,APXMIDP
2025-08-26T09:00:00Z,APXMIDP,2025-08-26,21,101.44,3190.9,APXMIDP
2025-08-26T08:30:00Z,APXMIDP,2025-08-26,20,103.73,2884.1,APXMIDP
2025-08-26T08:00:00Z,APXMIDP,2025-08-26,19,105.2,3023.35,APXMIDP
2025-08-26T07:30:00Z,APXMIDP,2025-08-26,18,111.19,2722.05,APXMIDP
2025-08-26T07:00:00Z,APXMIDP,2025-08-26,17,111.5,2788.95,APXMIDP
2025-08-26T06:30:00Z,APXMIDP,2025-08-26,16,114.69,3372.55,APXMIDP
2025-08-26T06:00:00Z,APXMIDP,2025-08-26,15,112.48,2972.5,APXMIDP
2025-08-26T05:30:00Z,APXMIDP,2025-08-26,14,113.18,2688.45,APXMIDP
2025-08-26T05:00:00Z,APXMIDP,2025-08-26,13,108.01,2359.1,APXMIDP
2025-08-26T04:30:00Z,APXMIDP,2025-08-26,12,106.7,1940.1,APXMIDP
2025-08-26T04:00:00Z,APXMIDP,2025-08-26,11,98.81,1774.55,APXMIDP
2025-08-26T03:30:00Z,APXMIDP,2025-08-26,10,83.65,1658.8,APXMIDP
2025-08-26T03:00:00Z,APXMIDP,2025-08-26,9,76.75,1957.35,APXMIDP
2025-08-26T02:30:00Z,APXMIDP,2025-08-26,8,71.78,1917.25,APXMIDP
2025-08-26T02:00:00Z,APXMIDP,2025-08-26,7,72.23,1661.05,APXMIDP
2025-08-26T01:30:00Z,APXMIDP,2025-08-26,6,71.3,1964.2,APXMIDP
2025-08-26T01:00:00Z,APXMIDP,2025-08-26,5,73.61,1648.6,APXMIDP
2025-08-26T00:30:00Z,APXMIDP,2025-08-26,4,79.69,1704.7,APXMIDP
2025-08-26T00:00:00Z,APXMIDP,2025-08-26,3,81.14,1680.35,APXMIDP
2025-08-25T23:30:00Z,APXMIDP,2025-08-26,2,91.5,2062.25,APXMIDP
2025-08-25T23:00:00Z,APXMIDP,2025-08-26,1,95.37,1916.6,APXMIDP
2025-08-25T22:30:00Z,APXMIDP,2025-08-25,48,94.93,1722.55,APXMIDP
2025-08-25T22:00:00Z,APXMIDP,2025-08-25,47,86.71,2157.15,APXMIDP
2025-08-25T21:30:00Z,APXMIDP,2025-08-25,46,93.43,2716.15,APXMIDP
2025-08-25T21:00:00Z,APXMIDP,2025-08-25,45,99.45,2808.9,APXMIDP
2025-08-25T20:30:00Z,APXMIDP,2025-08-25,44,96.12,2868.75,APXMIDP
2025-08-25T20:00:00Z,APXMIDP,2025-08-25,43,103.74,3165.1,APXMIDP
2025-08-25T19:30:00Z,APXMIDP,2025-08-25,42,113.71,3186.6,APXMIDP
2025-08-25T19:00:00Z,APXMIDP,2025-08-25,41,112.9,3008.95,APXMIDP
2025-08-25T18:30:00Z,APXMIDP,2025-08-25,40,113.48,3081.2,APXMIDP
2025-08-25T18:00:00Z,APXMIDP,2025-08-25,39,111.59,2788.3,APXMIDP
2025-08-25T17:30:00Z,APXMIDP,2025-08-25,38,102.77,3478.25,APXMIDP
2025-08-25T17:00:00Z,APXMIDP,2025-08-25,37,101.63,3574.1,APXMIDP
2025-08-25T16:30:00Z,APXMIDP,2025-08-25,36,91.73,3321.9,APXMIDP
2025-08-25T16:00:00Z,APXMIDP,2025-08-25,35,83.72,2928.3,APXMIDP
2025-08-25T15:30:00Z,APXMIDP,2025-08-25,34,65.87,3249.65,APXMIDP
2025-08-25T15:00:00Z,APXMIDP,2025-08-25,33,40.71,2978.5,APXMIDP
2025-08-25T14:30:00Z,APXMIDP,2025-08-25,32,37.73,3170.1,APXMIDP
2025-08-25T14:00:00Z,APXMIDP,2025-08-25,31,36.06,3015.55,APXMIDP
2025-08-25T13:30:00Z,APXMIDP,2025-08-25,30,12.99,3672.25,APXMIDP
2025-08-25T13:00:00Z,APXMIDP,2025-08-25,29,13.97,3794.45,APXMIDP
2025-08-25T12:30:00Z,APXMIDP,2025-08-25,28,7.09,3165.25,APXMIDP
2025-08-25T12:00:00Z,APXMIDP,2025-08-25,27,11.16,3041.55,APXMIDP
2025-08-25T11:30:00Z,APXMIDP,2025-08-25,26,14.45,2915.7,APXMIDP
2025-08-25T11:00:00Z,APXMIDP,2025-08-25,25,18.26,2956.3,APXMIDP
2025-08-25T10:30:00Z,APXMIDP,2025-08-25,24,26.59,2294.55,APXMIDP
2025-08-25T10:00:00Z,APXMIDP,2025-08-25,23,40.13,2583.3,APXMIDP
2025-08-25T09:30:00Z,APXMIDP,2025-08-25,22,78.56,2977.0,APXMIDP
2025-08-25T09:00:00Z,APXMIDP,2025-08-25,21,85.87,2246.5,APXMIDP
2025-08-25T08:30:00Z,APXMIDP,2025-08-25,20,86.1,2634.65,APXMIDP
2025-08-25T08:00:00Z,APXMIDP,2025-08-25,19,85.48,3032.85,APXMIDP
2025-08-25T07:30:00Z,APXMIDP,2025-08-25,18,86.45,2869.85,APXMIDP
2025-08-25T07:00:00Z,APXMIDP,2025-08-25,17,86.8,2367.3,APXMIDP
2025-08-25T06:30:00Z,APXMIDP,2025-08-25,16,94.6,2992.65,APXMIDP
2025-08-25T06:00:00Z,APXMIDP,2025-08-25,15,99.24,2982.65,APXMIDP
2025-08-25T05:30:00Z,APXMIDP,2025-08-25,14,114.93,2828.7,APXMIDP
2025-08-25T05:00:00Z,APXMIDP,2025-08-25,13,109.08,2465.7,APXMIDP
2025-08-25T04:30:00Z,APXMIDP,2025-08-25,12,104.97,2061.4,APXMIDP
2025-08-25T04:00:00Z,APXMIDP,2025-08-25,11,103.94,1901.3,APXMIDP
2025-08-25T03:30:00Z,APXMIDP,2025-08-25,10,91.09,1858.9,APXMIDP
2025-08-25T03:00:00Z,APXMIDP,2025-08-25,9,92.14,1903.9,APXMIDP
2025-08-25T02:30:00Z,APXMIDP,2025-08-25,8,85.66,2015.25,APXMIDP
2025-08-25T02:00:00Z,APXMIDP,2025-08-25,7,87.98,1767.35,APXMIDP
2025-08-25T01:30:00Z,APXMIDP,2025-08-25,6,80.29,2299.45,APXMIDP
2025-08-25T01:00:00Z,APXMIDP,2025-08-25,5,83.64,2047.05,APXMIDP
2025-08-25T00:30:00Z,APXMIDP,2025-08-25,4,81.92,2046.65,APXMIDP
2025-08-25T00:00:00Z,APXMIDP,2025-08-25,3,86.19,2060.95,APXMIDP
2025-08-24T23:30:00Z,APXMIDP,2025-08-25,2,88.24,1808.4,APXMIDP
2025-08-24T23:00:00Z,APXMIDP,2025-08-25,1,93.62,1761.2,APXMIDP
2025-08-24T22:30:00Z,APXMIDP,2025-08-24,48,100.55,1898.0,APXMIDP
2025-08-24T22:00:00Z,APXMIDP,2025-08-24,47,86.22,2007.55,APXMIDP
2025-08-24T21:30:00Z,APXMIDP,2025-08-24,46,92.07,2023.75,APXMIDP
2025-08-24T21:00:00Z,APXMIDP,2025-08-24,45,98.74,1814.0,APXMIDP
2025-08-24T20:30:00Z,APXMIDP,2025-08-24,44,97.45,1907.6,APXMIDP
2025-08-24T20:00:00Z,APXMIDP,2025-08-24,43,101.66,2042.7,APXMIDP
2025-08-24T19:30:00Z,APXMIDP,2025-08-24,42,98.5,2204.7,APXMIDP
2025-08-24T19:00:00Z,APXMIDP,2025-08-24,41,98.88,2196.0,APXMIDP
2025-08-24T18:30:00Z,APXMIDP,2025-08-24,40,98.21,2255.1,APXMIDP
2025-08-24T18:00:00Z,APXMIDP,2025-08-24,39,99.7,2233.65,APXMIDP
2025-08-24T17:30:00Z,APXMIDP,2025-08-24,38,92.67,1996.65,APXMIDP
2025-08-24T17:00:00Z,APXMIDP,2025-08-24,37,93.33,1855.35,APXMIDP
2025-08-24T16:30:00Z,APXMIDP,2025-08-24,36,86.91,1893.7,APXMIDP
2025-08-24T16:00:00Z,APXMIDP,2025-08-24,35,79.45,1886.05,APXMIDP
2025-08-24T15:30:00Z,APXMIDP,2025-08-24,34,73.3,1918.7,APXMIDP
2025-08-24T15:00:00Z,APXMIDP,2025-08-24,33,72.45,1885.3,APXMIDP
2025-08-24T14:30:00Z,APXMIDP,2025-08-24,32,73.13,1282.15,APXMIDP
2025-08-24T14:00:00Z,APXMIDP,2025-08-24,31,72.48,1072.0,APXMIDP
2025-08-24T13:30:00Z,APXMIDP,2025-08-24,30,72.11,1063.6,APXMIDP
2025-08-24T13:00:00Z,APXMIDP,2025-08-24,29,72.06,1087.55,APXMIDP
2025-08-24T12:30:00Z,APXMIDP,2025-08-24,28,71.97,1230.75,APXMIDP
2025-08-24T12:00:00Z,APXMIDP,2025-08-24,27,72.21,1004.25,APXMIDP
2025-08-24T11:30:00Z,APXMIDP,2025-08-24,26,73.03,961.5,APXMIDP
2025-08-24T11:00:00Z,APXMIDP,2025-08-24,25,72.67,902.9,APXMIDP
2025-08-24T10:30:00Z,APXMIDP,2025-08-24,24,75.17,1175.3,APXMIDP
2025-08-24T10:00:00Z,APXMIDP,2025-08-24,23,76.52,1036.2,APXMIDP
2025-08-24T09:30:00Z,APXMIDP,2025-08-24,22,80.04,1234.55,APXMIDP
2025-08-24T09:00:00Z,APXMIDP,2025-08-24,21,84.72,1257.55,APXMIDP
2025-08-24T08:30:00Z,APXMIDP,2025-08-24,20,89.22,990.1,APXMIDP
2025-08-24T08:00:00Z,APXMIDP,2025-08-24,19,90.62,1027.1,APXMIDP
2025-08-24T07:30:00Z,APXMIDP,2025-08-24,18,91.0,810.65,APXMIDP
2025-08-24T07:00:00Z,APXMIDP,2025-08-24,17,89.55,981.8,APXMIDP
2025-08-24T06:30:00Z,APXMIDP,2025-08-24,16,79.46,869.75,APXMIDP
2025-08-24T06:00:00Z,APXMIDP,2025-08-24,15,76.52,996.7,APXMIDP
2025-08-24T05:30:00Z,APXMIDP,2025-08-24,14,77.2,1052.7,APXMIDP
2025-08-24T05:00:00Z,APXMIDP,2025-08-24,13,76.57,1039.2,APXMIDP
2025-08-24T04:30:00Z,APXMIDP,2025-08-24,12,80.51,793.65,APXMIDP
2025-08-24T04:00:00Z,APXMIDP,2025-08-24,11,82.24,885.2,APXMIDP
2025-08-24T03:30:00Z,APXMIDP,2025-08-24,10,81.41,871.3,APXMIDP
2025-08-24T03:00:00Z,APXMIDP,2025-08-24,9,82.45,741.6,APXMIDP
2025-08-24T02:30:00Z,APXMIDP,2025-08-24,8,77.96,974.1,APXMIDP
2025-08-24T02:00:00Z,APXMIDP,2025-08-24,7,80.74,1006.3,APXMIDP
2025-08-24T01:30:00Z,APXMIDP,2025-08-24,6,81.84,1018.6,APXMIDP
2025-08-24T01:00:00Z,APXMIDP,2025-08-24,5,83.83,1258.05,APXMIDP
2025-08-24T00:30:00Z,APXMIDP,2025-08-24,4,81.99,1014.45,APXMIDP
2025-08-24T00:00:00Z,APXMIDP,2025-08-24,3,84.16,1117.55,APXMIDP
2025-08-23T23:30:00Z,APXMIDP,2025-08-24,2,83.49,1148.05,APXMIDP
2025-08-23T23:00:00Z,APXMIDP,2025-08-24,1,83.84,1204.15,APXMIDP
2025-08-23T22:30:00Z,APXMIDP,2025-08-23,48,79.38,1249.8,APXMIDP
2025-08-23T22:00:00Z,APXMIDP,2025-08-23,47,81.22,1186.4,APXMIDP
2025-08-23T21:30:00Z,APXMIDP,2025-08-23,46,87.42,1977.05,APXMIDP
2025-08-23T21:00:00Z,APXMIDP,2025-08-23,45,90.76,1824.8,APXMIDP
2025-08-23T20:30:00Z,APXMIDP,2025-08-23,44,93.01,1252.95,APXMIDP
2025-08-23T20:00:00Z,APXMIDP,2025-08-23,43,101.59,1604.05,APXMIDP
2025-08-23T19:30:00Z,APXMIDP,2025-08-23,42,102.84,1786.4,APXMIDP
2025-08-23T19:00:00Z,APXMIDP,2025-08-23,41,104.03,2093.05,APXMIDP
2025-08-23T18:30:00Z,APXMIDP,2025-08-23,40,103.45,1937.05,APXMIDP
2025-08-23T18:00:00Z,APXMIDP,2025-08-23,39,105.55,1920.55,APXMIDP
2025-08-23T17:30:00Z,APXMIDP,2025-08-23,38,98.07,2134.95,APXMIDP
2025-08-23T17:00:00Z,APXMIDP,2025-08-23,37,97.7,2012.95,APXMIDP
2025-08-23T16:30:00Z,APXMIDP,2025-08-23,36,87.47,1881.8,APXMIDP
2025-08-23T16:00:00Z,APXMIDP,2025-08-23,35,86.56,1730.25,APXMIDP
2025-08-23T15:30:00Z,APXMIDP,2025-08-23,34,88.49,1977.65,APXMIDP
2025-08-23T15:00:00Z,APXMIDP,2025-08-23,33,84.17,1644.35,APXMIDP
2025-08-23T14:30:00Z,APXMIDP,2025-08-23,32,81.5,1649.65,APXMIDP
2025-08-23T14:00:00Z,APXMIDP,2025-08-23,31,79.43,1505.8,APXMIDP
2025-08-23T13:30:00Z,APXMIDP,2025-08-23,30,76.42,1722.15,APXMIDP
2025-08-23T13:00:00Z,APXMIDP,2025-08-23,29,76.93,1679.2,APXMIDP
2025-08-23T12:30:00Z,APXMIDP,2025-08-23,28,79.14,1827.5,APXMIDP
2025-08-23T12:00:00Z,APXMIDP,2025-08-23,27,80.64,1928.75,APXMIDP
2025-08-23T11:30:00Z,APXMIDP,2025-08-23,26,78.85,2042.7,APXMIDP
2025-08-23T11:00:00Z,APXMIDP,2025-08-23,25,75.96,1944.35,APXMIDP
2025-08-23T10:30:00Z,APXMIDP,2025-08-23,24,72.02,1895.25,APXMIDP
2025-08-23T10:00:00Z,APXMIDP,2025-08-23,23,71.32,1841.95,APXMIDP
2025-08-23T09:30:00Z,APXMIDP,2025-08-23,22,71.3,1491.3,APXMIDP
2025-08-23T09:00:00Z,APXMIDP,2025-08-23,21,73.2,1181.05,APXMIDP
2025-08-23T08:30:00Z,APXMIDP,2025-08-23,20,75.95,1125.0,APXMIDP
2025-08-23T08:00:00Z,APXMIDP,2025-08-23,19,77.18,1158.0,APXMIDP
2025-08-23T07:30:00Z,APXMIDP,2025-08-23,18,80.32,1249.1,APXMIDP
2025-08-23T07:00:00Z,APXMIDP,2025-08-23,17,80.69,1007.75,APXMIDP
2025-08-23T06:30:00Z,APXMIDP,2025-08-23,16,80.29,1467.4,APXMIDP
2025-08-23T06:00:00Z,APXMIDP,2025-08-23,15,78.58,1317.3,APXMIDP
2025-08-23T05:30:00Z,APXMIDP,2025-08-23,14,88.73,1123.0,APXMIDP
2025-08-23T05:00:00Z,APXMIDP,2025-08-23,13,86.61,1073.35,APXMIDP
2025-08-23T04:30:00Z,APXMIDP,2025-08-23,12,86.82,994.55,APXMIDP
2025-08-23T04:00:00Z,APXMIDP,2025-08-23,11,85.63,965.7,APXMIDP
2025-08-23T03:30:00Z,APXMIDP,2025-08-23,10,79.85,996.55,APXMIDP
2025-08-23T03:00:00Z,APXMIDP,2025-08-23,9,78.63,968.9,APXMIDP
2025-08-23T02:30:00Z,APXMIDP,2025-08-23,8,77.0,1026.4,APXMIDP
2025-08-23T02:00:00Z,APXMIDP,2025-08-23,7,76.95,940.15,APXMIDP
2025-08-23T01:30:00Z,APXMIDP,2025-08-23,6,76.44,1079.8,APXMIDP
2025-08-23T01:00:00Z,APXMIDP,2025-08-23,5,81.58,1158.65,APXMIDP
2025-08-23T00:30:00Z,APXMIDP,2025-08-23,4,81.81,861.65,APXMIDP
2025-08-23T00:00:00Z,APXMIDP,2025-08-23,3,79.64,676.9,APXMIDP
2025-08-22T23:30:00Z,APXMIDP,2025-08-23,2,80.93,1068.05,APXMIDP
2025-08-22T23:00:00Z,APXMIDP,2025-08-23,1,84.36,1016.7,APXMIDP
2025-08-22T22:30:00Z,APXMIDP,2025-08-22,48,84.35,1135.85,APXMIDP
2025-08-22T22:00:00Z,APXMIDP,2025-08-22,47,82.14,1693.4,APXMIDP
2025-08-22T21:30:00Z,APXMIDP,2025-08-22,46,90.64,1854.9,APXMIDP
2025-08-22T21:00:00Z,APXMIDP,2025-08-22,45,100.51,2335.0,APXMIDP
2025-08-22T20:30:00Z,APXMIDP,2025-08-22,44,103.01,2262.6,APXMIDP
2025-08-22T20:00:00Z,APXMIDP,2025-08-22,43,106.7,2425.55,APXMIDP
2025-08-22T19:30:00Z,APXMIDP,2025-08-22,42,109.45,2726.05,APXMIDP
2025-08-22T19:00:00Z,APXMIDP,2025-08-22,41,109.21,2807.2,APXMIDP
2025-08-22T18:30:00Z,APXMIDP,2025-08-22,40,115.62,2528.5,APXMIDP
2025-08-22T18:00:00Z,APXMIDP,2025-08-22,39,113.87,2332.7,APXMIDP
2025-08-22T17:30:00Z,APXMIDP,2025-08-22,38,105.61,2801.75,APXMIDP
2025-08-22T17:00:00Z,APXMIDP,2025-08-22,37,102.49,2498.65,APXMIDP
2025-08-22T16:30:00Z,APXMIDP,2025-08-22,36,97.09,2006.65,APXMIDP
2025-08-22T16:00:00Z,APXMIDP,2025-08-22,35,89.47,2201.65,APXMIDP
2025-08-22T15:30:00Z,APXMIDP,2025-08-22,34,79.17,2350.5,APXMIDP
2025-08-22T15:00:00Z,APXMIDP,2025-08-22,33,75.03,1876.85,APXMIDP
2025-08-22T14:30:00Z,APXMIDP,2025-08-22,32,74.49,1987.05,APXMIDP
2025-08-22T14:00:00Z,APXMIDP,2025-08-22,31,74.41,2233.85,APXMIDP
2025-08-22T13:30:00Z,APXMIDP,2025-08-22,30,73.92,3324.75,APXMIDP
2025-08-22T13:00:00Z,APXMIDP,2025-08-22,29,74.22,2901.5,APXMIDP
2025-08-22T12:30:00Z,APXMIDP,2025-08-22,28,75.19,3001.6,APXMIDP
2025-08-22T12:00:00Z,APXMIDP,2025-08-22,27,77.06,3586.45,APXMIDP
2025-08-22T11:30:00Z,APXMIDP,2025-08-22,26,79.99,3378.7,APXMIDP
2025-08-22T11:00:00Z,APXMIDP,2025-08-22,25,83.06,3083.25,APXMIDP
2025-08-22T10:30:00Z,APXMIDP,2025-08-22,24,73.93,2662.85,APXMIDP
2025-08-22T10:00:00Z,APXMIDP,2025-08-22,23,76.25,3121.5,APXMIDP
2025-08-22T09:30:00Z,APXMIDP,2025-08-22,22,77.09,3044.55,APXMIDP
2025-08-22T09:00:00Z,APXMIDP,2025-08-22,21,76.29,2786.0,APXMIDP
2025-08-22T08:30:00Z,APXMIDP,2025-08-22,20,88.53,2238.05,APXMIDP
2025-08-22T08:00:00Z,APXMIDP,2025-08-22,19,100.52,2511.15,APXMIDP
2025-08-22T07:30:00Z,APXMIDP,2025-08-22,18,102.33,2571.05,APXMIDP
2025-08-22T07:00:00Z,APXMIDP,2025-08-22,17,100.17,2433.2,APXMIDP
2025-08-22T06:30:00Z,APXMIDP,2025-08-22,16,98.09,2285.05,APXMIDP
2025-08-22T06:00:00Z,APXMIDP,2025-08-22,15,99.02,2072.55,APXMIDP
2025-08-22T05:30:00Z,APXMIDP,2025-08-22,14,95.97,2025.65,APXMIDP
2025-08-22T05:00:00Z,APXMIDP,2025-08-22,13,91.75,1441.2,APXMIDP
2025-08-22T04:30:00Z,APXMIDP,2025-08-22,12,90.82,1350.75,APXMIDP
2025-08-22T04:00:00Z,APXMIDP,2025-08-22,11,83.85,1107.0,APXMIDP
2025-08-22T03:30:00Z,APXMIDP,2025-08-22,10,76.18,1424.35,APXMIDP
2025-08-22T03:00:00Z,APXMIDP,2025-08-22,9,74.25,1182.75,APXMIDP
2025-08-22T02:30:00Z,APXMIDP,2025-08-22,8,74.83,1149.4,APXMIDP
2025-08-22T02:00:00Z,APXMIDP,2025-08-22,7,74.83,1288.8,APXMIDP
2025-08-22T01:30:00Z,APXMIDP,2025-08-22,6,71.7,1666.65,APXMIDP
2025-08-22T01:00:00Z,APXMIDP,2025-08-22,5,73.43,1565.5,APXMIDP
2025-08-22T00:30:00Z,APXMIDP,2025-08-22,4,73.46,1680.8,APXMIDP
2025-08-22T00:00:00Z,APXMIDP,2025-08-22,3,72.33,1372.1,APXMIDP
2025-08-21T23:30:00Z,APXMIDP,2025-08-22,2,75.01,1796.8,APXMIDP
2025-08-21T23:00:00Z,APXMIDP,2025-08-22,1,76.87,1663.65,APXMIDP
2025-08-21T22:30:00Z,APXMIDP,2025-08-21,48,82.26,1489.3,APXMIDP
2025-08-21T22:00:00Z,APXMIDP,2025-08-21,47,84.94,1625.6,APXMIDP
2025-08-21T21:30:00Z,APXMIDP,2025-08-21,46,78.5,2371.4,APXMIDP
2025-08-21T21:00:00Z,APXMIDP,2025-08-21,45,85.74,2009.25,APXMIDP
2025-08-21T20:30:00Z,APXMIDP,2025-08-21,44,92.5,2720.2,APXMIDP
2025-08-21T20:00:00Z,APXMIDP,2025-08-21,43,92.22,2624.1,APXMIDP
2025-08-21T19:30:00Z,APXMIDP,2025-08-21,42,98.53,2745.15,APXMIDP
2025-08-21T19:00:00Z,APXMIDP,2025-08-21,41,94.58,2619.55,APXMIDP
2025-08-21T18:30:00Z,APXMIDP,2025-08-21,40,95.87,2959.85,APXMIDP
2025-08-21T18:00:00Z,APXMIDP,2025-08-21,39,96.77,2832.8,APXMIDP
2025-08-21T17:30:00Z,APXMIDP,2025-08-21,38,89.6,2757.9,APXMIDP
2025-08-21T17:00:00Z,APXMIDP,2025-08-21,37,84.6,2675.1,APXMIDP
2025-08-21T16:30:00Z,APXMIDP,2025-08-21,36,83.48,2517.15,APXMIDP
2025-08-21T16:00:00Z,APXMIDP,2025-08-21,35,76.7,2401.0,APXMIDP
2025-08-21T15:30:00Z,APXMIDP,2025-08-21,34,73.52,2920.05,APXMIDP
2025-08-21T15:00:00Z,APXMIDP,2025-08-21,33,72.9,2735.55,APXMIDP
2025-08-21T14:30:00Z,APXMIDP,2025-08-21,32,71.32,2389.45,APXMIDP
2025-08-21T14:00:00Z,APXMIDP,2025-08-21,31,69.99,2653.35,APXMIDP
2025-08-21T13:30:00Z,APXMIDP,2025-08-21,30,71.01,3310.75,APXMIDP
2025-08-21T13:00:00Z,APXMIDP,2025-08-21,29,71.09,2797.15,APXMIDP
2025-08-21T12:30:00Z,APXMIDP,2025-08-21,28,71.23,3139.85,APXMIDP
2025-08-21T12:00:00Z,APXMIDP,2025-08-21,27,71.65,3583.35,APXMIDP
2025-08-21T11:30:00Z,APXMIDP,2025-08-21,26,71.63,4000.7,APXMIDP
2025-08-21T11:00:00Z,APXMIDP,2025-08-21,25,70.84,3873.9,APXMIDP
2025-08-21T10:30:00Z,APXMIDP,2025-08-21,24,68.97,4348.15,APXMIDP
2025-08-21T10:00:00Z,APXMIDP,2025-08-21,23,65.53,4159.65,APXMIDP
2025-08-21T09:30:00Z,APXMIDP,2025-08-21,22,66.61,3496.4,APXMIDP
2025-08-21T09:00:00Z,APXMIDP,2025-08-21,21,67.63,3139.1,APXMIDP
2025-08-21T08:30:00Z,APXMIDP,2025-08-21,20,73.49,3314.55,APXMIDP
2025-08-21T08:00:00Z,APXMIDP,2025-08-21,19,82.38,2704.85,APXMIDP
2025-08-21T07:30:00Z,APXMIDP,2025-08-21,18,83.88,2464.1,APXMIDP
2025-08-21T07:00:00Z,APXMIDP,2025-08-21,17,86.87,2688.65,APXMIDP
2025-08-21T06:30:00Z,APXMIDP,2025-08-21,16,88.46,2830.85,APXMIDP
2025-08-21T06:00:00Z,APXMIDP,2025-08-21,15,77.34,2578.5,APXMIDP
2025-08-21T05:30:00Z,APXMIDP,2025-08-21,14,87.47,1965.9,APXMIDP
2025-08-21T05:00:00Z,APXMIDP,2025-08-21,13,83.62,1620.95,APXMIDP
2025-08-21T04:30:00Z,APXMIDP,2025-08-21,12,74.17,1499.3,APXMIDP
2025-08-21T04:00:00Z,APXMIDP,2025-08-21,11,69.45,1331.9,APXMIDP
2025-08-21T03:30:00Z,APXMIDP,2025-08-21,10,67.46,1198.3,APXMIDP
2025-08-21T03:00:00Z,APXMIDP,2025-08-21,9,68.25,1051.75,APXMIDP
2025-08-21T02:30:00Z,APXMIDP,2025-08-21,8,70.1,914.7,APXMIDP
2025-08-21T02:00:00Z,APXMIDP,2025-08-21,7,72.88,1168.85,APXMIDP
2025-08-21T01:30:00Z,APXMIDP,2025-08-21,6,70.25,1012.0,APXMIDP
2025-08-21T01:00:00Z,APXMIDP,2025-08-21,5,72.82,1199.05,APXMIDP
2025-08-21T00:30:00Z,APXMIDP,2025-08-21,4,71.05,958.35,APXMIDP
2025-08-21T00:00:00Z,APXMIDP,2025-08-21,3,71.83,835.8,APXMIDP
2025-08-20T23:30:00Z,APXMIDP,2025-08-21,2,75.2,857.4,APXMIDP
2025-08-20T23:00:00Z,APXMIDP,2025-08-21,1,75.23,937.2,APXMIDP
2025-08-20T22:30:00Z,APXMIDP,2025-08-20,48,73.01,1477.0,APXMIDP
2025-08-20T22:00:00Z,APXMIDP,2025-08-20,47,84.74,1628.2,APXMIDP
2025-08-20T21:30:00Z,APXMIDP,2025-08-20,46,89.0,2756.3,APXMIDP
2025-08-20T21:00:00Z,APXMIDP,2025-08-20,45,89.52,2394.25,APXMIDP
2025-08-20T20:30:00Z,APXMIDP,2025-08-20,44,87.36,2547.7,APXMIDP
2025-08-20T20:00:00Z,APXMIDP,2025-08-20,43,96.51,2416.6,APXMIDP
2025-08-20T19:30:00Z,APXMIDP,2025-08-20,42,100.68,3459.45,APXMIDP
2025-08-20T19:00:00Z,APXMIDP,2025-08-20,41,104.04,3422.4,APXMIDP
2025-08-20T18:30:00Z,APXMIDP,2025-08-20,40,117.21,3318.85,APXMIDP
2025-08-20T18:00:00Z,APXMIDP,2025-08-20,39,120.4,3821.3,APXMIDP
2025-08-20T17:30:00Z,APXMIDP,2025-08-20,38,114.25,4146.35,APXMIDP
2025-08-20T17:00:00Z,APXMIDP,2025-08-20,37,115.33,4117.7,APXMIDP
2025-08-20T16:30:00Z,APXMIDP,2025-08-20,36,107.5,4112.75,APXMIDP
2025-09-03T17:00:00Z,APXMIDP,2025-09-03,37,98.08,3943.75,APXMIDP
2025-09-03T16:30:00Z,APXMIDP,2025-09-03,36,94.6,3804.2,APXMIDP
2025-09-03T16:00:00Z,APXMIDP,2025-09-03,35,90.78,3637.55,APXMIDP
2025-09-03T15:30:00Z,APXMIDP,2025-09-03,34,79.44,3811.7,APXMIDP
2025-09-03T15:00:00Z,APXMIDP,2025-09-03,33,74.02,3843.15,APXMIDP
2025-09-03T14:30:00Z,APXMIDP,2025-09-03,32,73.39,3547.05,APXMIDP
2025-09-03T14:00:00Z,APXMIDP,2025-09-03,31,73.71,4181.95,APXMIDP
2025-09-03T13:30:00Z,APXMIDP,2025-09-03,30,76.28,5032.3,APXMIDP
2025-09-03T13:00:00Z,APXMIDP,2025-09-03,29,76.58,4922.6,APXMIDP
2025-09-03T12:30:00Z,APXMIDP,2025-09-03,28,76.84,4855.55,APXMIDP
2025-09-03T12:00:00Z,APXMIDP,2025-09-03,27,77.96,5143.65,APXMIDP
2025-09-03T11:30:00Z,APXMIDP,2025-09-03,26,77.3,6005.2,APXMIDP
2025-09-03T11:00:00Z,APXMIDP,2025-09-03,25,81.19,4891.65,APXMIDP
2025-09-03T10:30:00Z,APXMIDP,2025-09-03,24,86.14,4599.6,APXMIDP
2025-09-03T10:00:00Z,APXMIDP,2025-09-03,23,94.23,4688.05,APXMIDP
2025-09-03T09:30:00Z,APXMIDP,2025-09-03,22,107.9,3998.0,APXMIDP
2025-09-03T09:00:00Z,APXMIDP,2025-09-03,21,115.14,3751.15,APXMIDP
2025-09-03T08:30:00Z,APXMIDP,2025-09-03,20,113.5,3433.35,APXMIDP
2025-09-03T08:00:00Z,APXMIDP,2025-09-03,19,108.69,3019.55,APXMIDP
2025-09-03T07:30:00Z,APXMIDP,2025-09-03,18,105.8,3411.7,APXMIDP
2025-09-03T07:00:00Z,APXMIDP,2025-09-03,17,105.77,3401.1,APXMIDP
2025-09-03T06:30:00Z,APXMIDP,2025-09-03,16,105.38,3565.8,APXMIDP
2025-09-03T06:00:00Z,APXMIDP,2025-09-03,15,101.06,3797.9,APXMIDP
2025-09-03T05:30:00Z,APXMIDP,2025-09-03,14,95.05,3873.5,APXMIDP
2025-09-03T05:00:00Z,APXMIDP,2025-09-03,13,93.27,3560.0,APXMIDP
2025-09-03T04:30:00Z,APXMIDP,2025-09-03,12,94.76,2932.7,APXMIDP
2025-09-03T04:00:00Z,APXMIDP,2025-09-03,11,90.51,2747.1,APXMIDP
2025-09-03T03:30:00Z,APXMIDP,2025-09-03,10,81.54,2066.05,APXMIDP
2025-09-03T03:00:00Z,APXMIDP,2025-09-03,9,80.17,1914.15,APXMIDP
2025-09-03T02:30:00Z,APXMIDP,2025-09-03,8,80.58,1576.05,APXMIDP
2025-09-03T02:00:00Z,APXMIDP,2025-09-03,7,81.38,1521.5,APXMIDP
2025-09-03T01:30:00Z,APXMIDP,2025-09-03,6,80.65,1595.95,APXMIDP
2025-09-03T01:00:00Z,APXMIDP,2025-09-03,5,83.45,1801.25,APXMIDP
2025-09-03T00:30:00Z,APXMIDP,2025-09-03,4,85.15,1419.0,APXMIDP
2025-09-03T00:00:00Z,APXMIDP,2025-09-03,3,89.28,1484.9,APXMIDP
2025-09-02T23:30:00Z,APXMIDP,2025-09-03,2,91.93,1647.9,APXMIDP
2025-09-02T23:00:00Z,APXMIDP,2025-09-03,1,89.74,1882.05,APXMIDP
2025-09-02T22:30:00Z,APXMIDP,2025-09-02,48,87.48,2218.0,APXMIDP
2025-09-02T22:00:00Z,APXMIDP,2025-09-02,47,75.34,1873.55,APXMIDP
2025-09-02T21:30:00Z,APXMIDP,2025-09-02,46,79.13,3045.8,APXMIDP
2025-09-02T21:00:00Z,APXMIDP,2025-09-02,45,80.13,3440.0,APXMIDP
2025-09-02T20:30:00Z,APXMIDP,2025-09-02,44,82.01,3196.35,APXMIDP
2025-09-02T20:00:00Z,APXMIDP,2025-09-02,43,84.61,2931.85,APXMIDP
2025-09-02T19:30:00Z,APXMIDP,2025-09-02,42,82.41,3076.55,APXMIDP
2025-09-02T19:00:00Z,APXMIDP,2025-09-02,41,85.42,3195.75,APXMIDP
2025-09-02T18:30:00Z,APXMIDP,2025-09-02,40,97.25,3433.85,APXMIDP
2025-09-02T18:00:00Z,APXMIDP,2025-09-02,39,101.78,3073.1,APXMIDP
2025-09-02T17:30:00Z,APXMIDP,2025-09-02,38,106.6,3395.55,APXMIDP
2025-09-02T17:00:00Z,APXMIDP,2025-09-02,37,107.06,3247.85,APXMIDP
2025-09-02T16:30:00Z,APXMIDP,2025-09-02,36,102.01,3514.55,APXMIDP
2025-09-02T16:00:00Z,APXMIDP,2025-09-02,35,104.57,3042.25,APXMIDP
2025-09-02T15:30:00Z,APXMIDP,2025-09-02,34,83.73,3742.25,APXMIDP
2025-09-02T15:00:00Z,APXMIDP,2025-09-02,33,81.77,3361.8,APXMIDP
2025-09-02T14:30:00Z,APXMIDP,2025-09-02,32,81.08,3466.15,APXMIDP
2025-09-02T14:00:00Z,APXMIDP,2025-09-02,31,84.83,3107.35,APXMIDP
2025-09-02T13:30:00Z,APXMIDP,2025-09-02,30,72.16,3433.1,APXMIDP
2025-09-02T13:00:00Z,APXMIDP,2025-09-02,29,66.51,3293.65,APXMIDP
2025-09-02T12:30:00Z,APXMIDP,2025-09-02,28,67.11,3359.3,APXMIDP
2025-09-02T12:00:00Z,APXMIDP,2025-09-02,27,68.79,3483.35,APXMIDP
2025-09-02T11:30:00Z,APXMIDP,2025-09-02,26,66.99,3441.2,APXMIDP
2025-09-02T11:00:00Z,APXMIDP,2025-09-02,25,68.27,3528.05,APXMIDP
2025-09-02T10:30:00Z,APXMIDP,2025-09-02,24,69.43,4475.75,APXMIDP
2025-09-02T10:00:00Z,APXMIDP,2025-09-02,23,66.84,3734.15,APXMIDP
2025-09-02T09:30:00Z,APXMIDP,2025-09-02,22,71.76,4182.45,APXMIDP
2025-09-02T09:00:00Z,APXMIDP,2025-09-02,21,64.11,3277.05,APXMIDP
2025-09-02T08:30:00Z,APXMIDP,2025-09-02,20,66.89,2887.5,APXMIDP
2025-09-02T08:00:00Z,APXMIDP,2025-09-02,19,75.0,3284.25,APXMIDP
2025-09-02T07:30:00Z,APXMIDP,2025-09-02,18,75.67,2600.55,APXMIDP
2025-09-02T07:00:00Z,APXMIDP,2025-09-02,17,83.01,2414.7,APXMIDP
2025-09-02T06:30:00Z,APXMIDP,2025-09-02,16,93.25,2951.1,APXMIDP
2025-09-02T06:00:00Z,APXMIDP,2025-09-02,15,90.38,2715.3,APXMIDP
2025-09-02T05:30:00Z,APXMIDP,2025-09-02,14,81.27,2886.65,APXMIDP
2025-09-02T05:00:00Z,APXMIDP,2025-09-02,13,74.43,2297.8,APXMIDP
2025-09-02T04:30:00Z,APXMIDP,2025-09-02,12,73.13,2064.65,APXMIDP
2025-09-02T04:00:00Z,APXMIDP,2025-09-02,11,83.15,1856.0,APXMIDP
2025-09-02T03:30:00Z,APXMIDP,2025-09-02,10,82.24,1785.15,APXMIDP
2025-09-02T03:00:00Z,APXMIDP,2025-09-02,9,82.55,1754.7,APXMIDP
2025-09-02T02:30:00Z,APXMIDP,2025-09-02,8,78.39,1953.4,APXMIDP
2025-09-02T02:00:00Z,APXMIDP,2025-09-02,7,80.76,1579.75,APXMIDP
2025-09-02T01:30:00Z,APXMIDP,2025-09-02,6,81.68,1972.65,APXMIDP
2025-09-02T01:00:00Z,APXMIDP,2025-09-02,5,80.95,1904.6,APXMIDP
2025-09-02T00:30:00Z,APXMIDP,2025-09-02,4,83.24,1801.55,APXMIDP
2025-09-02T00:00:00Z,APXMIDP,2025-09-02,3,80.59,1819.05,APXMIDP
2025-09-01T23:30:00Z,APXMIDP,2025-09-02,2,81.15,1674.85,APXMIDP
2025-09-01T23:00:00Z,APXMIDP,2025-09-02,1,77.97,1987.1,APXMIDP
2025-09-01T22:30:00Z,APXMIDP,2025-09-01,48,70.51,2025.6,APXMIDP
2025-09-01T22:00:00Z,APXMIDP,2025-09-01,47,68.28,1807.3,APXMIDP
2025-09-01T21:30:00Z,APXMIDP,2025-09-01,46,78.49,3002.3,APXMIDP
2025-09-01T21:00:00Z,APXMIDP,2025-09-01,45,84.77,2987.3,APXMIDP
2025-09-01T20:30:00Z,APXMIDP,2025-09-01,44,82.08,2998.35,APXMIDP
2025-09-01T20:00:00Z,APXMIDP,2025-09-01,43,86.79,3114.8,APXMIDP
2025-09-01T19:30:00Z,APXMIDP,2025-09-01,42,94.05,3442.95,APXMIDP
2025-09-01T19:00:00Z,APXMIDP,2025-09-01,41,95.16,3299.7,APXMIDP
2025-09-01T18:30:00Z,APXMIDP,2025-09-01,40,94.4,3635.35,APXMIDP
2025-09-01T18:00:00Z,APXMIDP,2025-09-01,39,94.68,3234.9,APXMIDP
2025-09-01T17:30:00Z,APXMIDP,2025-09-01,38,84.6,3164.25,APXMIDP
2025-09-01T17:00:00Z,APXMIDP,2025-09-01,37,83.64,3371.55,APXMIDP
2025-09-01T16:30:00Z,APXMIDP,2025-09-01,36,69.3,3372.45,APXMIDP
2025-09-01T16:00:00Z,APXMIDP,2025-09-01,35,54.44,3329.35,APXMIDP
2025-09-01T15:30:00Z,APXMIDP,2025-09-01,34,41.75,3473.75,APXMIDP
2025-09-01T15:00:00Z,APXMIDP,2025-09-01,33,35.46,3262.25,APXMIDP
2025-09-01T14:30:00Z,APXMIDP,2025-09-01,32,34.67,3415.95,APXMIDP
2025-09-01T14:00:00Z,APXMIDP,2025-09-01,31,29.07,3311.2,APXMIDP
2025-09-01T13:30:00Z,APXMIDP,2025-09-01,30,12.15,3605.0,APXMIDP
2025-09-01T13:00:00Z,APXMIDP,2025-09-01,29,5.74,3005.3,APXMIDP
2025-09-01T12:30:00Z,APXMIDP,2025-09-01,28,4.3,2962.9,APXMIDP
2025-09-01T12:00:00Z,APXMIDP,2025-09-01,27,6.65,2904.05,APXMIDP
2025-09-01T11:30:00Z,APXMIDP,2025-09-01,26,10.36,3210.35,APXMIDP
2025-09-01T11:00:00Z,APXMIDP,2025-09-01,25,11.81,3022.5,APXMIDP
2025-09-01T10:30:00Z,APXMIDP,2025-09-01,24,18.76,3545.25,APXMIDP
2025-09-01T10:00:00Z,APXMIDP,2025-09-01,23,18.98,3386.3,APXMIDP
2025-09-01T09:30:00Z,APXMIDP,2025-09-01,22,47.33,4374.7,APXMIDP
2025-09-01T09:00:00Z,APXMIDP,2025-09-01,21,55.71,4228.6,APXMIDP
2025-09-01T08:30:00Z,APXMIDP,2025-09-01,20,51.07,3152.65,APXMIDP
2025-09-01T08:00:00Z,APXMIDP,2025-09-01,19,63.77,3285.15,APXMIDP
2025-09-01T07:30:00Z,APXMIDP,2025-09-01,18,74.82,2740.0,APXMIDP
2025-09-01T07:00:00Z,APXMIDP,2025-09-01,17,79.92,2698.6,APXMIDP
2025-09-01T06:30:00Z,APXMIDP,2025-09-01,16,79.98,2840.65,APXMIDP
2025-09-01T06:00:00Z,APXMIDP,2025-09-01,15,80.11,2627.7,APXMIDP
2025-09-01T05:30:00Z,APXMIDP,2025-09-01,14,78.75,2148.85,APXMIDP
2025-09-01T05:00:00Z,APXMIDP,2025-09-01,13,65.94,2098.65,APXMIDP
2025-09-01T04:30:00Z,APXMIDP,2025-09-01,12,62.76,1940.95,APXMIDP
2025-09-01T04:00:00Z,APXMIDP,2025-09-01,11,54.01,2259.55,APXMIDP
2025-09-01T03:30:00Z,APXMIDP,2025-09-01,10,40.08,2216.35,APXMIDP
2025-09-01T03:00:00Z,APXMIDP,2025-09-01,9,32.59,2227.5,APXMIDP
2025-09-01T02:30:00Z,APXMIDP,2025-09-01,8,23.41,2049.15,APXMIDP
2025-09-01T02:00:00Z,APXMIDP,2025-09-01,7,19.14,1945.15,APXMIDP
2025-09-01T01:30:00Z,APXMIDP,2025-09-01,6,23.65,2362.7,APXMIDP
2025-09-01T01:00:00Z,APXMIDP,2025-09-01,5,24.89,2084.0,APXMIDP
2025-09-01T00:30:00Z,APXMIDP,2025-09-01,4,26.27,1829.55,APXMIDP
2025-09-01T00:00:00Z,APXMIDP,2025-09-01,3,26.93,1752.85,APXMIDP
2025-08-31T23:30:00Z,APXMIDP,2025-09-01,2,28.02,1560.6,APXMIDP
2025-08-31T23:00:00Z,APXMIDP,2025-09-01,1,35.65,1578.75,APXMIDP
2025-08-31T22:30:00Z,APXMIDP,2025-08-31,48,35.43,1562.7,APXMIDP
2025-08-31T22:00:00Z,APXMIDP,2025-08-31,47,54.47,1700.5,APXMIDP
2025-08-31T21:30:00Z,APXMIDP,2025-08-31,46,67.93,2132.3,APXMIDP
2025-08-31T21:00:00Z,APXMIDP,2025-08-31,45,86.85,1959.7,APXMIDP
2025-08-31T20:30:00Z,APXMIDP,2025-08-31,44,78.66,2269.1,APXMIDP
2025-08-31T20:00:00Z,APXMIDP,2025-08-31,43,90.22,2487.6,APXMIDP
2025-08-31T19:30:00Z,APXMIDP,2025-08-31,42,92.89,2404.25,APXMIDP
2025-08-31T19:00:00Z,APXMIDP,2025-08-31,41,92.36,2677.0,APXMIDP
2025-08-31T18:30:00Z,APXMIDP,2025-08-31,40,90.16,2388.3,APXMIDP
2025-08-31T18:00:00Z,APXMIDP,2025-08-31,39,91.26,2331.15,APXMIDP
2025-08-31T17:30:00Z,APXMIDP,2025-08-31,38,83.03,2229.15,APXMIDP
2025-08-31T17:00:00Z,APXMIDP,2025-08-31,37,76.49,2136.7,APXMIDP
2025-08-31T16:30:00Z,APXMIDP,2025-08-31,36,67.36,2741.0,APXMIDP
2025-08-31T16:00:00Z,APXMIDP,2025-08-31,35,53.04,2803.8,APXMIDP
2025-08-31T15:30:00Z,APXMIDP,2025-08-31,34,44.2,3153.7,APXMIDP
2025-08-31T15:00:00Z,APXMIDP,2025-08-31,33,35.67,2978.45,APXMIDP
2025-08-31T14:30:00Z,APXMIDP,2025-08-31,32,42.55,3400.35,APXMIDP
2025-08-31T14:00:00Z,APXMIDP,2025-08-31,31,36.81,2517.2,APXMIDP
2025-08-31T13:30:00Z,APXMIDP,2025-08-31,30,0.34,2656.25,APXMIDP
2025-08-31T13:00:00Z,APXMIDP,2025-08-31,29,-1.42,2613.75,APXMIDP
2025-08-31T12:30:00Z,APXMIDP,2025-08-31,28,-5.99,2955.25,APXMIDP
2025-08-31T12:00:00Z,APXMIDP,2025-08-31,27,-1.9,2992.35,APXMIDP
2025-08-31T11:30:00Z,APXMIDP,2025-08-31,26,-3.42,2173.95,APXMIDP
2025-08-31T11:00:00Z,APXMIDP,2025-08-31,25,-2.94,2181.9,APXMIDP
2025-08-31T10:30:00Z,APXMIDP,2025-08-31,24,-1.59,2310.55,APXMIDP
2025-08-31T10:00:00Z,APXMIDP,2025-08-31,23,-2.51,2181.5,APXMIDP
2025-08-31T09:30:00Z,APXMIDP,2025-08-31,22,-1.43,2221.2,APXMIDP
2025-08-31T09:00:00Z,APXMIDP,2025-08-31,21,-2.61,1999.85,APXMIDP
2025-08-31T08:30:00Z,APXMIDP,2025-08-31,20,-0.71,1759.15,APXMIDP
2025-08-31T08:00:00Z,APXMIDP,2025-08-31,19,1.96,2116.4,APXMIDP
2025-08-31T07:30:00Z,APXMIDP,2025-08-31,18,10.41,1987.05,APXMIDP
2025-08-31T07:00:00Z,APXMIDP,2025-08-31,17,14.79,2172.75,APXMIDP
2025-08-31T06:30:00Z,APXMIDP,2025-08-31,16,32.73,2387.4,APXMIDP
2025-08-31T06:00:00Z,APXMIDP,2025-08-31,15,26.32,2084.85,APXMIDP
2025-08-31T05:30:00Z,APXMIDP,2025-08-31,14,32.96,2318.8,APXMIDP
2025-08-31T05:00:00Z,APXMIDP,2025-08-31,13,27.25,2238.45,APXMIDP
2025-08-31T04:30:00Z,APXMIDP,2025-08-31,12,20.39,2168.4,APXMIDP
2025-08-31T04:00:00Z,APXMIDP,2025-08-31,11,8.87,2475.7,APXMIDP
2025-08-31T03:30:00Z,APXMIDP,2025-08-31,10,-2.13,2188.65,APXMIDP
2025-08-31T03:00:00Z,APXMIDP,2025-08-31,9,0.36,1934.0,APXMIDP
2025-08-31T02:30:00Z,APXMIDP,2025-08-31,8,-0.25,1779.5,APXMIDP
2025-08-31T02:00:00Z,APXMIDP,2025-08-31,7,-2.47,1768.3,APXMIDP
2025-08-31T01:30:00Z,APXMIDP,2025-08-31,6,-2.63,1571.2,APXMIDP
2025-08-31T01:00:00Z,APXMIDP,2025-08-31,5,-2.9,1665.85,APXMIDP
2025-08-31T00:30:00Z,APXMIDP,2025-08-31,4,-0.22,1842.8,APXMIDP
2025-08-31T00:00:00Z,APXMIDP,2025-08-31,3,-3.42,1673.55,APXMIDP
2025-08-30T23:30:00Z,APXMIDP,2025-08-31,2,-3.32,1867.1,APXMIDP
2025-08-30T23:00:00Z,APXMIDP,2025-08-31,1,-3.65,1945.3,APXMIDP
2025-08-30T22:30:00Z,APXMIDP,2025-08-30,48,-8.75,1850.15,APXMIDP
2025-08-30T22:00:00Z,APXMIDP,2025-08-30,47,-5.83,1810.45,APXMIDP
2025-08-30T21:30:00Z,APXMIDP,2025-08-30,46,10.74,2173.05,APXMIDP
2025-08-30T21:00:00Z,APXMIDP,2025-08-30,45,14.12,2278.0,APXMIDP
2025-08-30T20:30:00Z,APXMIDP,2025-08-30,44,12.69,2239.7,APXMIDP
2025-08-30T20:00:00Z,APXMIDP,2025-08-30,43,17.92,2857.1,APXMIDP
2025-08-30T19:30:00Z,APXMIDP,2025-08-30,42,16.34,2748.8,APXMIDP
2025-08-30T19:00:00Z,APXMIDP,2025-08-30,41,16.32,2790.45,APXMIDP
2025-08-30T18:30:00Z,APXMIDP,2025-08-30,40,14.63,2708.7,APXMIDP
2025-08-30T18:00:00Z,APXMIDP,2025-08-30,39,17.48,2935.05,APXMIDP
2025-08-30T17:30:00Z,APXMIDP,2025-08-30,38,7.33,2709.4,APXMIDP
2025-08-30T17:00:00Z,APXMIDP,2025-08-30,37,7.57,2656.75,APXMIDP
2025-08-30T16:30:00Z,APXMIDP,2025-08-30,36,5.23,2628.75,APXMIDP
2025-08-30T16:00:00Z,APXMIDP,2025-08-30,35,3.47,2720.15,APXMIDP
2025-08-30T15:30:00Z,APXMIDP,2025-08-30,34,8.41,3089.45,APXMIDP
2025-08-30T15:00:00Z,APXMIDP,2025-08-30,33,7.24,2755.05,APXMIDP
2025-08-30T14:30:00Z,APXMIDP,2025-08-30,32,5.65,3673.25,APXMIDP
2025-08-30T14:00:00Z,APXMIDP,2025-08-30,31,7.27,3624.2,APXMIDP
2025-08-30T13:30:00Z,APXMIDP,2025-08-30,30,-0.78,3114.0,APXMIDP
2025-08-30T13:00:00Z,APXMIDP,2025-08-30,29,1.32,2856.95,APXMIDP
2025-08-30T12:30:00Z,APXMIDP,2025-08-30,28,2.42,2622.3,APXMIDP
2025-08-30T12:00:00Z,APXMIDP,2025-08-30,27,7.45,2424.45,APXMIDP
2025-08-30T11:30:00Z,APXMIDP,2025-08-30,26,16.41,2372.5,APXMIDP
2025-08-30T11:00:00Z,APXMIDP,2025-08-30,25,27.54,2382.05,APXMIDP
2025-08-30T10:30:00Z,APXMIDP,2025-08-30,24,41.11,2590.05,APXMIDP
2025-08-30T10:00:00Z,APXMIDP,2025-08-30,23,55.12,2541.55,APXMIDP
2025-08-30T09:30:00Z,APXMIDP,2025-08-30,22,63.8,2223.45,APXMIDP
2025-08-30T09:00:00Z,APXMIDP,2025-08-30,21,65.77,1585.6,APXMIDP
2025-08-30T08:30:00Z,APXMIDP,2025-08-30,20,70.81,1625.5,APXMIDP
2025-08-30T08:00:00Z,APXMIDP,2025-08-30,19,76.72,1458.1,APXMIDP
2025-08-30T07:30:00Z,APXMIDP,2025-08-30,18,83.98,1333.4,APXMIDP
2025-08-30T07:00:00Z,APXMIDP,2025-08-30,17,88.47,1236.85,APXMIDP
2025-08-30T06:30:00Z,APXMIDP,2025-08-30,16,89.58,1234.75,APXMIDP
2025-08-30T06:00:00Z,APXMIDP,2025-08-30,15,89.4,1367.5,APXMIDP
2025-08-30T05:30:00Z,APXMIDP,2025-08-30,14,90.93,1738.3,APXMIDP
2025-08-30T05:00:00Z,APXMIDP,2025-08-30,13,88.15,1620.35,APXMIDP
2025-08-30T04:30:00Z,APXMIDP,2025-08-30,12,89.23,1625.4,APXMIDP
2025-08-30T04:00:00Z,APXMIDP,2025-08-30,11,88.5,1721.5,APXMIDP
2025-08-30T03:30:00Z,APXMIDP,2025-08-30,10,85.72,1485.8,APXMIDP
2025-08-30T03:00:00Z,APXMIDP,2025-08-30,9,85.29,1526.25,APXMIDP
2025-08-30T02:30:00Z,APXMIDP,2025-08-30,8,84.37,1431.15,APXMIDP
2025-08-30T02:00:00Z,APXMIDP,2025-08-30,7,83.62,1370.65,APXMIDP
2025-08-30T01:30:00Z,APXMIDP,2025-08-30,6,80.05,1295.45,APXMIDP
2025-08-30T01:00:00Z,APXMIDP,2025-08-30,5,77.66,1345.4,APXMIDP
2025-08-30T00:30:00Z,APXMIDP,2025-08-30,4,75.17,1310.35,APXMIDP
2025-08-30T00:00:00Z,APXMIDP,2025-08-30,3,75.98,1268.8,APXMIDP
2025-08-29T23:30:00Z,APXMIDP,2025-08-30,2,76.45,1277.9,APXMIDP
2025-08-29T23:00:00Z,APXMIDP,2025-08-30,1,82.19,1407.45,APXMIDP
2025-08-29T22:30:00Z,APXMIDP,2025-08-29,48,79.08,1810.85,APXMIDP
2025-08-29T22:00:00Z,APXMIDP,2025-08-29,47,83.78,1819.4,APXMIDP
2025-08-29T21:30:00Z,APXMIDP,2025-08-29,46,86.22,2803.05,APXMIDP
2025-08-29T21:00:00Z,APXMIDP,2025-08-29,45,91.17,3165.45,APXMIDP
2025-08-29T20:30:00Z,APXMIDP,2025-08-29,44,95.76,2931.95,APXMIDP
2025-08-29T20:00:00Z,APXMIDP,2025-08-29,43,107.47,2801.25,APXMIDP
2025-08-29T19:30:00Z,APXMIDP,2025-08-29,42,107.88,3086.55,APXMIDP
2025-08-29T19:00:00Z,APXMIDP,2025-08-29,41,107.04,3027.05,APXMIDP
2025-08-29T18:30:00Z,APXMIDP,2025-08-29,40,108.25,3034.25,APXMIDP
2025-08-29T18:00:00Z,APXMIDP,2025-08-29,39,107.91,3270.25,APXMIDP
2025-08-29T17:30:00Z,APXMIDP,2025-08-29,38,107.57,3003.8,APXMIDP
2025-08-29T17:00:00Z,APXMIDP,2025-08-29,37,101.74,2954.55,APXMIDP
2025-08-29T16:30:00Z,APXMIDP,2025-08-29,36,92.48,2883.7,APXMIDP
2025-08-29T16:00:00Z,APXMIDP,2025-08-29,35,77.19,2962.0,APXMIDP
2025-08-29T15:30:00Z,APXMIDP,2025-08-29,34,73.77,3064.3,APXMIDP
2025-08-29T15:00:00Z,APXMIDP,2025-08-29,33,72.65,2345.1,APXMIDP
2025-08-29T14:30:00Z,APXMIDP,2025-08-29,32,66.85,1648.15,APXMIDP
2025-08-29T14:00:00Z,APXMIDP,2025-08-29,31,73.81,1380.45,APXMIDP
2025-08-29T13:30:00Z,APXMIDP,2025-08-29,30,67.38,3329.1,APXMIDP
2025-08-29T13:00:00Z,APXMIDP,2025-08-29,29,68.54,3561.0,APXMIDP
2025-08-29T12:30:00Z,APXMIDP,2025-08-29,28,69.01,3331.55,APXMIDP
2025-08-29T12:00:00Z,APXMIDP,2025-08-29,27,68.15,3348.5,APXMIDP
2025-08-29T11:30:00Z,APXMIDP,2025-08-29,26,71.28,3316.3,APXMIDP
2025-08-29T11:00:00Z,APXMIDP,2025-08-29,25,65.16,2986.6,APXMIDP
2025-08-29T10:30:00Z,APXMIDP,2025-08-29,24,65.99,3430.0,APXMIDP
2025-08-29T10:00:00Z,APXMIDP,2025-08-29,23,70.41,3336.9,APXMIDP
2025-08-29T09:30:00Z,APXMIDP,2025-08-29,22,97.88,3984.85,APXMIDP
2025-08-29T09:00:00Z,APXMIDP,2025-08-29,21,104.56,3544.65,APXMIDP
2025-08-29T08:30:00Z,APXMIDP,2025-08-29,20,104.86,3301.65,APXMIDP
2025-08-29T08:00:00Z,APXMIDP,2025-08-29,19,118.5,2983.3,APXMIDP
2025-08-29T07:30:00Z,APXMIDP,2025-08-29,18,110.62,2507.75,APXMIDP
2025-08-29T07:00:00Z,APXMIDP,2025-08-29,17,107.02,2187.0,APXMIDP
2025-08-29T06:30:00Z,APXMIDP,2025-08-29,16,109.24,2060.1,APXMIDP
2025-08-29T06:00:00Z,APXMIDP,2025-08-29,15,105.22,1996.15,APXMIDP
2025-08-29T05:30:00Z,APXMIDP,2025-08-29,14,94.58,2372.15,APXMIDP
2025-08-29T05:00:00Z,APXMIDP,2025-08-29,13,90.17,1693.15,APXMIDP
2025-08-29T04:30:00Z,APXMIDP,2025-08-29,12,86.39,1453.05,APXMIDP
2025-08-29T04:00:00Z,APXMIDP,2025-08-29,11,81.35,1470.8,APXMIDP
2025-08-29T03:30:00Z,APXMIDP,2025-08-29,10,70.21,1247.75,APXMIDP
2025-08-29T03:00:00Z,APXMIDP,2025-08-29,9,73.53,1027.2,APXMIDP
2025-08-29T02:30:00Z,APXMIDP,2025-08-29,8,67.29,940.05,APXMIDP
2025-08-29T02:00:00Z,APXMIDP,2025-08-29,7,68.89,850.3,APXMIDP
2025-08-29T01:30:00Z,APXMIDP,2025-08-29,6,69.19,1243.0,APXMIDP
2025-08-29T01:00:00Z,APXMIDP,2025-08-29,5,69.93,1303.45,APXMIDP
2025-08-29T00:30:00Z,APXMIDP,2025-08-29,4,71.21,1294.35,APXMIDP
2025-08-29T00:00:00Z,APXMIDP,2025-08-29,3,70.22,1606.15,APXMIDP
2025-08-28T23:30:00Z,APXMIDP,2025-08-29,2,65.86,1481.75,APXMIDP
2025-08-28T23:00:00Z,APXMIDP,2025-08-29,1,68.26,1532.95,APXMIDP
2025-08-28T22:30:00Z,APXMIDP,2025-08-28,48,71.43,1596.5,APXMIDP
2025-08-28T22:00:00Z,APXMIDP,2025-08-28,47,71.69,2020.05,APXMIDP
2025-08-28T21:30:00Z,APXMIDP,2025-08-28,46,71.61,3427.3,APXMIDP
2025-08-28T21:00:00Z,APXMIDP,2025-08-28,45,72.62,3309.55,APXMIDP
2025-08-28T20:30:00Z,APXMIDP,2025-08-28,44,83.89,2759.0,APXMIDP
2025-08-28T20:00:00Z,APXMIDP,2025-08-28,43,88.62,3084.1,APXMIDP
2025-08-28T19:30:00Z,APXMIDP,2025-08-28,42,83.57,3223.8,APXMIDP
2025-08-28T19:00:00Z,APXMIDP,2025-08-28,41,84.63,3143.3,APXMIDP
2025-08-28T18:30:00Z,APXMIDP,2025-08-28,40,85.31,3506.9,APXMIDP
2025-08-28T18:00:00Z,APXMIDP,2025-08-28,39,82.72,3384.8,APXMIDP
2025-08-28T17:30:00Z,APXMIDP,2025-08-28,38,79.3,2930.05,APXMIDP
2025-08-28T17:00:00Z,APXMIDP,2025-08-28,37,76.57,2610.85,APXMIDP
2025-08-28T16:30:00Z,APXMIDP,2025-08-28,36,76.1,2530.6,APXMIDP
2025-08-28T16:00:00Z,APXMIDP,2025-08-28,35,76.72,2739.35,APXMIDP
2025-08-28T15:30:00Z,APXMIDP,2025-08-28,34,74.1,3310.55,APXMIDP
2025-08-28T15:00:00Z,APXMIDP,2025-08-28,33,72.85,3567.65,APXMIDP
2025-08-28T14:30:00Z,APXMIDP,2025-08-28,32,71.45,2846.65,APXMIDP
2025-08-28T14:00:00Z,APXMIDP,2025-08-28,31,65.36,2814.7,APXMIDP
2025-08-28T13:30:00Z,APXMIDP,2025-08-28,30,68.26,2983.6,APXMIDP
2025-08-28T13:00:00Z,APXMIDP,2025-08-28,29,70.39,2704.9,APXMIDP
2025-08-28T12:30:00Z,APXMIDP,2025-08-28,28,70.67,2724.3,APXMIDP
2025-08-28T12:00:00Z,APXMIDP,2025-08-28,27,73.15,2685.4,APXMIDP
2025-08-28T11:30:00Z,APXMIDP,2025-08-28,26,73.74,2817.2,APXMIDP
2025-08-28T11:00:00Z,APXMIDP,2025-08-28,25,73.15,2078.25,APXMIDP
2025-08-28T10:30:00Z,APXMIDP,2025-08-28,24,75.01,2438.25,APXMIDP
2025-08-28T10:00:00Z,APXMIDP,2025-08-28,23,74.76,2573.1,APXMIDP
2025-08-28T09:30:00Z,APXMIDP,2025-08-28,22,79.5,2661.4,APXMIDP
2025-08-28T09:00:00Z,APXMIDP,2025-08-28,21,76.7,2720.65,APXMIDP
2025-08-28T08:30:00Z,APXMIDP,2025-08-28,20,80.91,2221.65,APXMIDP
2025-08-28T08:00:00Z,APXMIDP,2025-08-28,19,89.16,2428.35,APXMIDP
2025-08-28T07:30:00Z,APXMIDP,2025-08-28,18,103.37,2441.35,APXMIDP
2025-08-28T07:00:00Z,APXMIDP,2025-08-28,17,105.09,2403.8,APXMIDP
2025-08-28T06:30:00Z,APXMIDP,2025-08-28,16,97.67,2795.3,APXMIDP
2025-08-28T06:00:00Z,APXMIDP,2025-08-28,15,102.11,1777.15,APXMIDP
2025-08-28T05:30:00Z,APXMIDP,2025-08-28,14,100.94,1516.6,APXMIDP
2025-08-28T05:00:00Z,APXMIDP,2025-08-28,13,95.09,1530.3,APXMIDP
2025-08-28T04:30:00Z,APXMIDP,2025-08-28,12,87.23,1785.7,APXMIDP
2025-08-28T04:00:00Z,APXMIDP,2025-08-28,11,81.71,1310.7,APXMIDP
2025-08-28T03:30:00Z,APXMIDP,2025-08-28,10,77.92,1481.05,APXMIDP
2025-08-28T03:00:00Z,APXMIDP,2025-08-28,9,79.07,1628.05,APXMIDP
2025-08-28T02:30:00Z,APXMIDP,2025-08-28,8,78.45,1812.5,APXMIDP
2025-08-28T02:00:00Z,APXMIDP,2025-08-28,7,78.24,1617.6,APXMIDP
2025-08-28T01:30:00Z,APXMIDP,2025-08-28,6,81.25,1678.65,APXMIDP
2025-08-28T01:00:00Z,APXMIDP,2025-08-28,5,78.97,1581.0,APXMIDP
2025-08-28T00:30:00Z,APXMIDP,2025-08-28,4,80.06,1532.6,APXMIDP
2025-08-28T00:00:00Z,APXMIDP,2025-08-28,3,76.52,1681.05,APXMIDP
2025-08-27T23:30:00Z,APXMIDP,2025-08-28,2,76.42,2264.1,APXMIDP
2025-08-27T23:00:00Z,APXMIDP,2025-08-28,1,67.07,2134.55,APXMIDP
2025-08-27T22:30:00Z,APXMIDP,2025-08-27,48,75.7,1623.1,APXMIDP
2025-08-27T22:00:00Z,APXMIDP,2025-08-27,47,75.95,1883.75,APXMIDP
2025-08-27T21:30:00Z,APXMIDP,2025-08-27,46,83.3,3123.15,APXMIDP
2025-08-27T21:00:00Z,APXMIDP,2025-08-27,45,90.77,3055.05,APXMIDP
2025-08-27T20:30:00Z,APXMIDP,2025-08-27,44,97.81,3174.2,APXMIDP
2025-08-27T20:00:00Z,APXMIDP,2025-08-27,43,105.7,3399.65,APXMIDP
2025-08-27T19:30:00Z,APXMIDP,2025-08-27,42,102.97,3856.7,APXMIDP
2025-08-27T19:00:00Z,APXMIDP,2025-08-27,41,98.93,3900.75,APXMIDP
2025-08-27T18:30:00Z,APXMIDP,2025-08-27,40,93.95,3407.1,APXMIDP
2025-08-27T18:00:00Z,APXMIDP,2025-08-27,39,94.52,3559.5,APXMIDP
2025-08-27T17:30:00Z,APXMIDP,2025-08-27,38,81.09,3728.75,APXMIDP
2025-08-27T17:00:00Z,APXMIDP,2025-08-27,37,70.86,3526.85,APXMIDP
2025-09-10T17:30:00Z,APXMIDP,2025-09-10,38,90.07,2974.7,APXMIDP
2025-09-10T17:00:00Z,APXMIDP,2025-09-10,37,90.21,3112.8,APXMIDP
2025-09-10T16:30:00Z,APXMIDP,2025-09-10,36,87.84,3167.3,APXMIDP
2025-09-10T16:00:00Z,APXMIDP,2025-09-10,35,72.65,3094.55,APXMIDP
2025-09-10T15:30:00Z,APXMIDP,2025-09-10,34,65.79,4092.5,APXMIDP
2025-09-10T15:00:00Z,APXMIDP,2025-09-10,33,48.52,3640.45,APXMIDP
2025-09-10T14:30:00Z,APXMIDP,2025-09-10,32,43.69,3762.35,APXMIDP
2025-09-10T14:00:00Z,APXMIDP,2025-09-10,31,37.47,3209.25,APXMIDP
2025-09-10T13:30:00Z,APXMIDP,2025-09-10,30,28.0,4656.9,APXMIDP
2025-09-10T13:00:00Z,APXMIDP,2025-09-10,29,29.2,4335.25,APXMIDP
2025-09-10T12:30:00Z,APXMIDP,2025-09-10,28,24.91,4760.45,APXMIDP
2025-09-10T12:00:00Z,APXMIDP,2025-09-10,27,19.92,4374.25,APXMIDP
2025-09-10T11:30:00Z,APXMIDP,2025-09-10,26,22.57,3813.0,APXMIDP
2025-09-10T11:00:00Z,APXMIDP,2025-09-10,25,27.03,4137.85,APXMIDP
2025-09-10T10:30:00Z,APXMIDP,2025-09-10,24,28.37,2233.85,APXMIDP
2025-09-10T10:00:00Z,APXMIDP,2025-09-10,23,37.12,2254.6,APXMIDP
2025-09-10T09:30:00Z,APXMIDP,2025-09-10,22,62.18,2741.3,APXMIDP
2025-09-10T09:00:00Z,APXMIDP,2025-09-10,21,68.3,2652.0,APXMIDP
2025-09-10T08:30:00Z,APXMIDP,2025-09-10,20,73.53,2795.45,APXMIDP
2025-09-10T08:00:00Z,APXMIDP,2025-09-10,19,85.74,2611.75,APXMIDP
2025-09-10T07:30:00Z,APXMIDP,2025-09-10,18,100.75,2351.0,APXMIDP
2025-09-10T07:00:00Z,APXMIDP,2025-09-10,17,100.34,2216.75,APXMIDP
2025-09-10T06:30:00Z,APXMIDP,2025-09-10,16,104.79,2313.3,APXMIDP
2025-09-10T06:00:00Z,APXMIDP,2025-09-10,15,101.94,1861.3,APXMIDP
2025-09-10T05:30:00Z,APXMIDP,2025-09-10,14,89.62,2293.85,APXMIDP
2025-09-10T05:00:00Z,APXMIDP,2025-09-10,13,67.33,1743.5,APXMIDP
2025-09-10T04:30:00Z,APXMIDP,2025-09-10,12,58.63,1767.6,APXMIDP
2025-09-10T04:00:00Z,APXMIDP,2025-09-10,11,62.95,1741.7,APXMIDP
2025-09-10T03:30:00Z,APXMIDP,2025-09-10,10,55.91,1488.45,APXMIDP
2025-09-10T03:00:00Z,APXMIDP,2025-09-10,9,67.12,1149.4,APXMIDP
2025-09-10T02:30:00Z,APXMIDP,2025-09-10,8,62.02,939.8,APXMIDP
2025-09-10T02:00:00Z,APXMIDP,2025-09-10,7,60.08,685.25,APXMIDP
2025-09-10T01:30:00Z,APXMIDP,2025-09-10,6,61.91,93.05,APXMIDP
2025-09-10T01:00:00Z,APXMIDP,2025-09-10,5,62.16,80.65,APXMIDP
2025-09-10T00:30:00Z,APXMIDP,2025-09-10,4,61.94,115.35,APXMIDP
2025-09-10T00:00:00Z,APXMIDP,2025-09-10,3,63.21,142.4,APXMIDP
2025-09-09T23:30:00Z,APXMIDP,2025-09-10,2,63.51,340.9,APXMIDP
2025-09-09T23:00:00Z,APXMIDP,2025-09-10,1,63.66,577.15,APXMIDP
2025-09-09T22:30:00Z,APXMIDP,2025-09-09,48,60.3,618.05,APXMIDP
2025-09-09T22:00:00Z,APXMIDP,2025-09-09,47,57.71,753.5,APXMIDP
2025-09-09T21:30:00Z,APXMIDP,2025-09-09,46,75.75,2251.55,APXMIDP
2025-09-09T21:00:00Z,APXMIDP,2025-09-09,45,79.18,1963.8,APXMIDP
2025-09-09T20:30:00Z,APXMIDP,2025-09-09,44,81.4,2254.0,APXMIDP
2025-09-09T20:00:00Z,APXMIDP,2025-09-09,43,84.26,2426.65,APXMIDP
2025-09-09T19:30:00Z,APXMIDP,2025-09-09,42,93.76,3604.6,APXMIDP
2025-09-09T19:00:00Z,APXMIDP,2025-09-09,41,101.91,4092.75,APXMIDP
2025-09-09T18:30:00Z,APXMIDP,2025-09-09,40,105.81,5120.55,APXMIDP
2025-09-09T18:00:00Z,APXMIDP,2025-09-09,39,107.53,5132.05,APXMIDP
2025-09-09T17:30:00Z,APXMIDP,2025-09-09,38,104.61,4507.65,APXMIDP
2025-09-09T17:00:00Z,APXMIDP,2025-09-09,37,103.24,4183.3,APXMIDP
2025-09-09T16:30:00Z,APXMIDP,2025-09-09,36,99.04,4248.85,APXMIDP
2025-09-09T16:00:00Z,APXMIDP,2025-09-09,35,95.08,4064.1,APXMIDP
2025-09-09T15:30:00Z,APXMIDP,2025-09-09,34,85.42,3875.05,APXMIDP
2025-09-09T15:00:00Z,APXMIDP,2025-09-09,33,80.06,3690.5,APXMIDP
2025-09-09T14:30:00Z,APXMIDP,2025-09-09,32,79.32,3732.85,APXMIDP
2025-09-09T14:00:00Z,APXMIDP,2025-09-09,31,72.81,3376.95,APXMIDP
2025-09-09T13:30:00Z,APXMIDP,2025-09-09,30,68.21,3575.5,APXMIDP
2025-09-09T13:00:00Z,APXMIDP,2025-09-09,29,69.0,3465.8,APXMIDP
2025-09-09T12:30:00Z,APXMIDP,2025-09-09,28,68.23,4147.85,APXMIDP
2025-09-09T12:00:00Z,APXMIDP,2025-09-09,27,69.7,4484.3,APXMIDP
2025-09-09T11:30:00Z,APXMIDP,2025-09-09,26,74.02,4173.55,APXMIDP
2025-09-09T11:00:00Z,APXMIDP,2025-09-09,25,76.37,3907.7,APXMIDP
2025-09-09T10:30:00Z,APXMIDP,2025-09-09,24,72.81,4128.5,APXMIDP
2025-09-09T10:00:00Z,APXMIDP,2025-09-09,23,74.77,3877.55,APXMIDP
2025-09-09T09:30:00Z,APXMIDP,2025-09-09,22,76.45,3624.5,APXMIDP
2025-09-09T09:00:00Z,APXMIDP,2025-09-09,21,78.08,2977.4,APXMIDP
2025-09-09T08:30:00Z,APXMIDP,2025-09-09,20,77.57,2969.35,APXMIDP
2025-09-09T08:00:00Z,APXMIDP,2025-09-09,19,84.3,2850.75,APXMIDP
2025-09-09T07:30:00Z,APXMIDP,2025-09-09,18,98.76,2882.1,APXMIDP
2025-09-09T07:00:00Z,APXMIDP,2025-09-09,17,106.09,2770.7,APXMIDP
2025-09-09T06:30:00Z,APXMIDP,2025-09-09,16,109.3,2506.0,APXMIDP
2025-09-09T06:00:00Z,APXMIDP,2025-09-09,15,108.97,2223.15,APXMIDP
2025-09-09T05:30:00Z,APXMIDP,2025-09-09,14,92.92,1996.05,APXMIDP
2025-09-09T05:00:00Z,APXMIDP,2025-09-09,13,89.43,2112.75,APXMIDP
2025-09-09T04:30:00Z,APXMIDP,2025-09-09,12,84.05,1935.45,APXMIDP
2025-09-09T04:00:00Z,APXMIDP,2025-09-09,11,80.18,1947.9,APXMIDP
2025-09-09T03:30:00Z,APXMIDP,2025-09-09,10,75.28,1666.2,APXMIDP
2025-09-09T03:00:00Z,APXMIDP,2025-09-09,9,77.06,1805.65,APXMIDP
2025-09-09T02:30:00Z,APXMIDP,2025-09-09,8,75.12,1773.65,APXMIDP
2025-09-09T02:00:00Z,APXMIDP,2025-09-09,7,76.25,1597.3,APXMIDP
2025-09-09T01:30:00Z,APXMIDP,2025-09-09,6,78.71,2067.1,APXMIDP
2025-09-09T01:00:00Z,APXMIDP,2025-09-09,5,82.34,1941.1,APXMIDP
2025-09-09T00:30:00Z,APXMIDP,2025-09-09,4,80.05,1843.8,APXMIDP
2025-09-09T00:00:00Z,APXMIDP,2025-09-09,3,79.86,1710.5,APXMIDP
2025-09-08T23:30:00Z,APXMIDP,2025-09-09,2,79.08,1992.3,APXMIDP
2025-09-08T23:00:00Z,APXMIDP,2025-09-09,1,79.02,1903.45,APXMIDP
2025-09-08T22:30:00Z,APXMIDP,2025-09-08,48,79.4,1892.7,APXMIDP
2025-09-08T22:00:00Z,APXMIDP,2025-09-08,47,86.24,1979.7,APXMIDP
2025-09-08T21:30:00Z,APXMIDP,2025-09-08,46,104.97,3299.8,APXMIDP
2025-09-08T21:00:00Z,APXMIDP,2025-09-08,45,106.1,3145.55,APXMIDP
2025-09-08T20:30:00Z,APXMIDP,2025-09-08,44,111.77,3096.2,APXMIDP
2025-09-08T20:00:00Z,APXMIDP,2025-09-08,43,125.12,3580.25,APXMIDP
2025-09-08T19:30:00Z,APXMIDP,2025-09-08,42,148.13,3228.25,APXMIDP
2025-09-08T19:00:00Z,APXMIDP,2025-09-08,41,159.67,3857.45,APXMIDP
2025-09-08T18:30:00Z,APXMIDP,2025-09-08,40,238.95,4235.75,APXMIDP
2025-09-08T18:00:00Z,APXMIDP,2025-09-08,39,241.13,4750.45,APXMIDP
2025-09-08T17:30:00Z,APXMIDP,2025-09-08,38,249.5,6390.3,APXMIDP
2025-09-08T17:00:00Z,APXMIDP,2025-09-08,37,225.11,5832.5,APXMIDP
2025-09-08T16:30:00Z,APXMIDP,2025-09-08,36,176.68,4898.55,APXMIDP
2025-09-08T16:00:00Z,APXMIDP,2025-09-08,35,155.39,4250.55,APXMIDP
2025-09-08T15:30:00Z,APXMIDP,2025-09-08,34,104.84,2875.65,APXMIDP
2025-09-08T15:00:00Z,APXMIDP,2025-09-08,33,94.94,2918.55,APXMIDP
2025-09-08T14:30:00Z,APXMIDP,2025-09-08,32,80.23,3255.95,APXMIDP
2025-09-08T14:00:00Z,APXMIDP,2025-09-08,31,75.79,2958.1,APXMIDP
2025-09-08T13:30:00Z,APXMIDP,2025-09-08,30,62.24,2881.65,APXMIDP
2025-09-08T13:00:00Z,APXMIDP,2025-09-08,29,63.28,2947.6,APXMIDP
2025-09-08T12:30:00Z,APXMIDP,2025-09-08,28,62.05,2447.0,APXMIDP
2025-09-08T12:00:00Z,APXMIDP,2025-09-08,27,66.14,2302.8,APXMIDP
2025-09-08T11:30:00Z,APXMIDP,2025-09-08,26,69.39,2318.35,APXMIDP
2025-09-08T11:00:00Z,APXMIDP,2025-09-08,25,71.45,1974.95,APXMIDP
2025-09-08T10:30:00Z,APXMIDP,2025-09-08,24,71.16,1852.85,APXMIDP
2025-09-08T10:00:00Z,APXMIDP,2025-09-08,23,71.39,1587.6,APXMIDP
2025-09-08T09:30:00Z,APXMIDP,2025-09-08,22,82.08,1658.05,APXMIDP
2025-09-08T09:00:00Z,APXMIDP,2025-09-08,21,85.03,1964.55,APXMIDP
2025-09-08T08:30:00Z,APXMIDP,2025-09-08,20,92.0,2650.6,APXMIDP
2025-09-08T08:00:00Z,APXMIDP,2025-09-08,19,96.27,2133.25,APXMIDP
2025-09-08T07:30:00Z,APXMIDP,2025-09-08,18,103.62,2284.2,APXMIDP
2025-09-08T07:00:00Z,APXMIDP,2025-09-08,17,110.26,2393.4,APXMIDP
2025-09-08T06:30:00Z,APXMIDP,2025-09-08,16,116.57,1846.4,APXMIDP
2025-09-08T06:00:00Z,APXMIDP,2025-09-08,15,112.05,1590.5,APXMIDP
2025-09-08T05:30:00Z,APXMIDP,2025-09-08,14,104.87,2120.85,APXMIDP
2025-09-08T05:00:00Z,APXMIDP,2025-09-08,13,101.54,1789.4,APXMIDP
2025-09-08T04:30:00Z,APXMIDP,2025-09-08,12,90.17,2018.35,APXMIDP
2025-09-08T04:00:00Z,APXMIDP,2025-09-08,11,87.57,2023.95,APXMIDP
2025-09-08T03:30:00Z,APXMIDP,2025-09-08,10,65.24,2445.1,APXMIDP
2025-09-08T03:00:00Z,APXMIDP,2025-09-08,9,64.92,2306.5,APXMIDP
2025-09-08T02:30:00Z,APXMIDP,2025-09-08,8,65.02,2198.95,APXMIDP
2025-09-08T02:00:00Z,APXMIDP,2025-09-08,7,67.13,1874.75,APXMIDP
2025-09-08T01:30:00Z,APXMIDP,2025-09-08,6,57.49,2230.4,APXMIDP
2025-09-08T01:00:00Z,APXMIDP,2025-09-08,5,54.93,2069.75,APXMIDP
2025-09-08T00:30:00Z,APXMIDP,2025-09-08,4,55.96,1991.4,APXMIDP
2025-09-08T00:00:00Z,APXMIDP,2025-09-08,3,54.24,2150.35,APXMIDP
2025-09-07T23:30:00Z,APXMIDP,2025-09-08,2,55.66,2109.85,APXMIDP
2025-09-07T23:00:00Z,APXMIDP,2025-09-08,1,53.28,2412.45,APXMIDP
2025-09-07T22:30:00Z,APXMIDP,2025-09-07,48,44.71,2041.4,APXMIDP
2025-09-07T22:00:00Z,APXMIDP,2025-09-07,47,47.31,1866.05,APXMIDP
2025-09-07T21:30:00Z,APXMIDP,2025-09-07,46,66.3,2245.5,APXMIDP
2025-09-07T21:00:00Z,APXMIDP,2025-09-07,45,74.89,2123.55,APXMIDP
2025-09-07T20:30:00Z,APXMIDP,2025-09-07,44,80.64,2085.35,APXMIDP
2025-09-07T20:00:00Z,APXMIDP,2025-09-07,43,83.73,2161.0,APXMIDP
2025-09-07T19:30:00Z,APXMIDP,2025-09-07,42,83.26,2554.55,APXMIDP
2025-09-07T19:00:00Z,APXMIDP,2025-09-07,41,82.41,2768.0,APXMIDP
2025-09-07T18:30:00Z,APXMIDP,2025-09-07,40,80.61,2723.8,APXMIDP
2025-09-07T18:00:00Z,APXMIDP,2025-09-07,39,78.65,2468.35,APXMIDP
2025-09-07T17:30:00Z,APXMIDP,2025-09-07,38,72.81,2657.65,APXMIDP
2025-09-07T17:00:00Z,APXMIDP,2025-09-07,37,68.56,2645.6,APXMIDP
2025-09-07T16:30:00Z,APXMIDP,2025-09-07,36,64.5,2684.95,APXMIDP
2025-09-07T16:00:00Z,APXMIDP,2025-09-07,35,61.7,2728.7,APXMIDP
2025-09-07T15:30:00Z,APXMIDP,2025-09-07,34,31.45,4170.85,APXMIDP
2025-09-07T15:00:00Z,APXMIDP,2025-09-07,33,18.95,4122.75,APXMIDP
2025-09-07T14:30:00Z,APXMIDP,2025-09-07,32,27.28,4467.25,APXMIDP
2025-09-07T14:00:00Z,APXMIDP,2025-09-07,31,22.08,3804.5,APXMIDP
2025-09-07T13:30:00Z,APXMIDP,2025-09-07,30,14.8,3462.25,APXMIDP
2025-09-07T13:00:00Z,APXMIDP,2025-09-07,29,17.71,3182.1,APXMIDP
2025-09-07T12:30:00Z,APXMIDP,2025-09-07,28,17.33,2847.3,APXMIDP
2025-09-07T12:00:00Z,APXMIDP,2025-09-07,27,13.15,2647.2,APXMIDP
2025-09-07T11:30:00Z,APXMIDP,2025-09-07,26,6.24,2680.9,APXMIDP
2025-09-07T11:00:00Z,APXMIDP,2025-09-07,25,-1.35,2606.3,APXMIDP
2025-09-07T10:30:00Z,APXMIDP,2025-09-07,24,4.48,2270.0,APXMIDP
2025-09-07T10:00:00Z,APXMIDP,2025-09-07,23,1.48,2378.75,APXMIDP
2025-09-07T09:30:00Z,APXMIDP,2025-09-07,22,4.4,2524.7,APXMIDP
2025-09-07T09:00:00Z,APXMIDP,2025-09-07,21,3.22,2457.3,APXMIDP
2025-09-07T08:30:00Z,APXMIDP,2025-09-07,20,4.36,2487.25,APXMIDP
2025-09-07T08:00:00Z,APXMIDP,2025-09-07,19,4.46,2342.3,APXMIDP
2025-09-07T07:30:00Z,APXMIDP,2025-09-07,18,31.13,2916.05,APXMIDP
2025-09-07T07:00:00Z,APXMIDP,2025-09-07,17,15.78,2298.95,APXMIDP
2025-09-07T06:30:00Z,APXMIDP,2025-09-07,16,39.65,1968.95,APXMIDP
2025-09-07T06:00:00Z,APXMIDP,2025-09-07,15,20.36,1534.65,APXMIDP
2025-09-07T05:30:00Z,APXMIDP,2025-09-07,14,8.65,1444.85,APXMIDP
2025-09-07T05:00:00Z,APXMIDP,2025-09-07,13,0.37,1446.4,APXMIDP
2025-09-07T04:30:00Z,APXMIDP,2025-09-07,12,-0.88,1554.3,APXMIDP
2025-09-07T04:00:00Z,APXMIDP,2025-09-07,11,-0.23,1308.5,APXMIDP
2025-09-07T03:30:00Z,APXMIDP,2025-09-07,10,8.43,1490.75,APXMIDP
2025-09-07T03:00:00Z,APXMIDP,2025-09-07,9,11.1,1633.3,APXMIDP
2025-09-07T02:30:00Z,APXMIDP,2025-09-07,8,7.44,1566.75,APXMIDP
2025-09-07T02:00:00Z,APXMIDP,2025-09-07,7,7.26,1660.75,APXMIDP
2025-09-07T01:30:00Z,APXMIDP,2025-09-07,6,9.79,1694.55,APXMIDP
2025-09-07T01:00:00Z,APXMIDP,2025-09-07,5,8.58,1807.15,APXMIDP
2025-09-07T00:30:00Z,APXMIDP,2025-09-07,4,14.38,2035.0,APXMIDP
2025-09-07T00:00:00Z,APXMIDP,2025-09-07,3,6.38,2091.75,APXMIDP
2025-09-06T23:30:00Z,APXMIDP,2025-09-07,2,8.04,2016.8,APXMIDP
2025-09-06T23:00:00Z,APXMIDP,2025-09-07,1,6.31,2310.45,APXMIDP
2025-09-06T22:30:00Z,APXMIDP,2025-09-06,48,-0.75,1714.75,APXMIDP
2025-09-06T22:00:00Z,APXMIDP,2025-09-06,47,-2.68,1851.5,APXMIDP
2025-09-06T21:30:00Z,APXMIDP,2025-09-06,46,-3.73,1748.0,APXMIDP
2025-09-06T21:00:00Z,APXMIDP,2025-09-06,45,0.28,1788.3,APXMIDP
2025-09-06T20:30:00Z,APXMIDP,2025-09-06,44,-1.8,1728.7,APXMIDP
2025-09-06T20:00:00Z,APXMIDP,2025-09-06,43,11.04,1956.0,APXMIDP
2025-09-06T19:30:00Z,APXMIDP,2025-09-06,42,10.2,1664.95,APXMIDP
2025-09-06T19:00:00Z,APXMIDP,2025-09-06,41,15.9,1706.2,APXMIDP
2025-09-06T18:30:00Z,APXMIDP,2025-09-06,40,14.11,1940.25,APXMIDP
2025-09-06T18:00:00Z,APXMIDP,2025-09-06,39,-0.05,1788.1,APXMIDP
2025-09-06T17:30:00Z,APXMIDP,2025-09-06,38,-1.01,1927.3,APXMIDP
2025-09-06T17:00:00Z,APXMIDP,2025-09-06,37,-11.57,1497.55,APXMIDP
2025-09-06T16:30:00Z,APXMIDP,2025-09-06,36,-6.26,1867.0,APXMIDP
2025-09-06T16:00:00Z,APXMIDP,2025-09-06,35,-7.3,1586.25,APXMIDP
2025-09-06T15:30:00Z,APXMIDP,2025-09-06,34,-20.92,2172.35,APXMIDP
2025-09-06T15:00:00Z,APXMIDP,2025-09-06,33,-33.91,1764.45,APXMIDP
2025-09-06T14:30:00Z,APXMIDP,2025-09-06,32,-33.37,1946.05,APXMIDP
2025-09-06T14:00:00Z,APXMIDP,2025-09-06,31,-40.88,1652.35,APXMIDP
2025-09-06T13:30:00Z,APXMIDP,2025-09-06,30,-97.28,863.25,APXMIDP
2025-09-06T13:00:00Z,APXMIDP,2025-09-06,29,-101.11,713.65,APXMIDP
2025-09-06T12:30:00Z,APXMIDP,2025-09-06,28,-102.92,493.7,APXMIDP
2025-09-06T12:00:00Z,APXMIDP,2025-09-06,27,0.0,0.0,APXMIDP
2025-09-06T11:30:00Z,APXMIDP,2025-09-06,26,-26.88,135.6,APXMIDP
2025-09-06T11:00:00Z,APXMIDP,2025-09-06,25,-19.57,231.05,APXMIDP
2025-09-06T10:30:00Z,APXMIDP,2025-09-06,24,-22.8,663.95,APXMIDP
2025-09-06T10:00:00Z,APXMIDP,2025-09-06,23,-18.68,697.8,APXMIDP
2025-09-06T09:30:00Z,APXMIDP,2025-09-06,22,-3.29,782.85,APXMIDP
2025-09-06T09:00:00Z,APXMIDP,2025-09-06,21,6.06,1045.55,APXMIDP
2025-09-06T08:30:00Z,APXMIDP,2025-09-06,20,29.49,785.7,APXMIDP
2025-09-06T08:00:00Z,APXMIDP,2025-09-06,19,65.83,449.0,APXMIDP
2025-09-06T07:30:00Z,APXMIDP,2025-09-06,18,73.88,956.9,APXMIDP
2025-09-06T07:00:00Z,APXMIDP,2025-09-06,17,73.31,1124.45,APXMIDP
2025-09-06T06:30:00Z,APXMIDP,2025-09-06,16,76.13,1528.25,APXMIDP
2025-09-06T06:00:00Z,APXMIDP,2025-09-06,15,74.11,1560.3,APXMIDP
2025-09-06T05:30:00Z,APXMIDP,2025-09-06,14,81.27,1307.25,APXMIDP
2025-09-06T05:00:00Z,APXMIDP,2025-09-06,13,80.55,1164.4,APXMIDP
2025-09-06T04:30:00Z,APXMIDP,2025-09-06,12,79.56,1088.75,APXMIDP
2025-09-06T04:00:00Z,APXMIDP,2025-09-06,11,81.24,1068.75,APXMIDP
2025-09-06T03:30:00Z,APXMIDP,2025-09-06,10,80.59,999.6,APXMIDP
2025-09-06T03:00:00Z,APXMIDP,2025-09-06,9,81.79,1035.15,APXMIDP
2025-09-06T02:30:00Z,APXMIDP,2025-09-06,8,85.07,923.05,APXMIDP
2025-09-06T02:00:00Z,APXMIDP,2025-09-06,7,85.71,981.4,APXMIDP
2025-09-06T01:30:00Z,APXMIDP,2025-09-06,6,81.26,1053.55,APXMIDP
2025-09-06T01:00:00Z,APXMIDP,2025-09-06,5,84.99,1204.05,APXMIDP
2025-09-06T00:30:00Z,APXMIDP,2025-09-06,4,84.64,1302.95,APXMIDP
2025-09-06T00:00:00Z,APXMIDP,2025-09-06,3,82.31,1194.5,APXMIDP
2025-09-05T23:30:00Z,APXMIDP,2025-09-06,2,82.5,1446.0,APXMIDP
2025-09-05T23:00:00Z,APXMIDP,2025-09-06,1,79.42,1837.65,APXMIDP
2025-09-05T22:30:00Z,APXMIDP,2025-09-05,48,81.91,2175.5,APXMIDP
2025-09-05T22:00:00Z,APXMIDP,2025-09-05,47,81.05,1802.2,APXMIDP
2025-09-05T21:30:00Z,APXMIDP,2025-09-05,46,85.29,2675.0,APXMIDP
2025-09-05T21:00:00Z,APXMIDP,2025-09-05,45,90.36,2457.25,APXMIDP
2025-09-05T20:30:00Z,APXMIDP,2025-09-05,44,92.23,2599.25,APXMIDP
2025-09-05T20:00:00Z,APXMIDP,2025-09-05,43,99.08,2948.5,APXMIDP
2025-09-05T19:30:00Z,APXMIDP,2025-09-05,42,100.96,2847.95,APXMIDP
2025-09-05T19:00:00Z,APXMIDP,2025-09-05,41,104.77,2892.25,APXMIDP
2025-09-05T18:30:00Z,APXMIDP,2025-09-05,40,123.98,2794.85,APXMIDP
2025-09-05T18:00:00Z,APXMIDP,2025-09-05,39,124.59,2786.25,APXMIDP
2025-09-05T17:30:00Z,APXMIDP,2025-09-05,38,117.45,2994.35,APXMIDP
2025-09-05T17:00:00Z,APXMIDP,2025-09-05,37,114.71,3144.6,APXMIDP
2025-09-05T16:30:00Z,APXMIDP,2025-09-05,36,92.19,4105.75,APXMIDP
2025-09-05T16:00:00Z,APXMIDP,2025-09-05,35,90.97,4012.75,APXMIDP
2025-09-05T15:30:00Z,APXMIDP,2025-09-05,34,77.69,3077.5,APXMIDP
2025-09-05T15:00:00Z,APXMIDP,2025-09-05,33,73.22,2879.1,APXMIDP
2025-09-05T14:30:00Z,APXMIDP,2025-09-05,32,71.13,2079.4,APXMIDP
2025-09-05T14:00:00Z,APXMIDP,2025-09-05,31,70.11,2107.55,APXMIDP
2025-09-05T13:30:00Z,APXMIDP,2025-09-05,30,69.38,2694.0,APXMIDP
2025-09-05T13:00:00Z,APXMIDP,2025-09-05,29,69.44,2866.95,APXMIDP
2025-09-05T12:30:00Z,APXMIDP,2025-09-05,28,70.02,2614.7,APXMIDP
2025-09-05T12:00:00Z,APXMIDP,2025-09-05,27,71.23,2857.3,APXMIDP
2025-09-05T11:30:00Z,APXMIDP,2025-09-05,26,72.64,3178.2,APXMIDP
2025-09-05T11:00:00Z,APXMIDP,2025-09-05,25,74.69,3376.9,APXMIDP
2025-09-05T10:30:00Z,APXMIDP,2025-09-05,24,72.19,3028.8,APXMIDP
2025-09-05T10:00:00Z,APXMIDP,2025-09-05,23,67.38,2758.6,APXMIDP
2025-09-05T09:30:00Z,APXMIDP,2025-09-05,22,65.66,2273.7,APXMIDP
2025-09-05T09:00:00Z,APXMIDP,2025-09-05,21,67.77,1899.15,APXMIDP
2025-09-05T08:30:00Z,APXMIDP,2025-09-05,20,67.41,1997.0,APXMIDP
2025-09-05T08:00:00Z,APXMIDP,2025-09-05,19,72.71,2242.1,APXMIDP
2025-09-05T07:30:00Z,APXMIDP,2025-09-05,18,75.68,2390.45,APXMIDP
2025-09-05T07:00:00Z,APXMIDP,2025-09-05,17,79.42,2119.55,APXMIDP
2025-09-05T06:30:00Z,APXMIDP,2025-09-05,16,94.18,2074.3,APXMIDP
2025-09-05T06:00:00Z,APXMIDP,2025-09-05,15,92.58,1701.8,APXMIDP
2025-09-05T05:30:00Z,APXMIDP,2025-09-05,14,90.61,1852.35,APXMIDP
2025-09-05T05:00:00Z,APXMIDP,2025-09-05,13,85.91,1363.35,APXMIDP
2025-09-05T04:30:00Z,APXMIDP,2025-09-05,12,73.46,838.5,APXMIDP
2025-09-05T04:00:00Z,APXMIDP,2025-09-05,11,70.57,837.5,APXMIDP
2025-09-05T03:30:00Z,APXMIDP,2025-09-05,10,65.65,935.5,APXMIDP
2025-09-05T03:00:00Z,APXMIDP,2025-09-05,9,66.43,954.6,APXMIDP
2025-09-05T02:30:00Z,APXMIDP,2025-09-05,8,66.97,976.4,APXMIDP
2025-09-05T02:00:00Z,APXMIDP,2025-09-05,7,67.9,1127.1,APXMIDP
2025-09-05T01:30:00Z,APXMIDP,2025-09-05,6,68.54,1455.25,APXMIDP
2025-09-05T01:00:00Z,APXMIDP,2025-09-05,5,68.38,1478.75,APXMIDP
2025-09-05T00:30:00Z,APXMIDP,2025-09-05,4,68.85,1283.65,APXMIDP
2025-09-05T00:00:00Z,APXMIDP,2025-09-05,3,71.26,1206.4,APXMIDP
2025-09-04T23:30:00Z,APXMIDP,2025-09-05,2,69.43,1135.3,APXMIDP
2025-09-04T23:00:00Z,APXMIDP,2025-09-05,1,70.55,1203.5,APXMIDP
2025-09-04T22:30:00Z,APXMIDP,2025-09-04,48,68.98,1299.25,APXMIDP
2025-09-04T22:00:00Z,APXMIDP,2025-09-04,47,78.04,1410.3,APXMIDP
2025-09-04T21:30:00Z,APXMIDP,2025-09-04,46,82.58,3149.6,APXMIDP
2025-09-04T21:00:00Z,APXMIDP,2025-09-04,45,82.92,2824.7,APXMIDP
2025-09-04T20:30:00Z,APXMIDP,2025-09-04,44,81.32,3190.4,APXMIDP
2025-09-04T20:00:00Z,APXMIDP,2025-09-04,43,84.19,3557.35,APXMIDP
2025-09-04T19:30:00Z,APXMIDP,2025-09-04,42,84.7,3538.6,APXMIDP
2025-09-04T19:00:00Z,APXMIDP,2025-09-04,41,84.68,3292.95,APXMIDP
2025-09-04T18:30:00Z,APXMIDP,2025-09-04,40,90.68,3974.35,APXMIDP
2025-09-04T18:00:00Z,APXMIDP,2025-09-04,39,82.74,3645.5,APXMIDP
2025-09-04T17:30:00Z,APXMIDP,2025-09-04,38,82.16,3398.25,APXMIDP
2025-09-04T17:00:00Z,APXMIDP,2025-09-04,37,81.57,3367.3,APXMIDP
2025-09-04T16:30:00Z,APXMIDP,2025-09-04,36,73.3,3469.5,APXMIDP
2025-09-04T16:00:00Z,APXMIDP,2025-09-04,35,72.77,3331.1,APXMIDP
2025-09-04T15:30:00Z,APXMIDP,2025-09-04,34,63.9,3233.9,APXMIDP
2025-09-04T15:00:00Z,APXMIDP,2025-09-04,33,64.79,3320.5,APXMIDP
2025-09-04T14:30:00Z,APXMIDP,2025-09-04,32,66.61,2545.8,APXMIDP
2025-09-04T14:00:00Z,APXMIDP,2025-09-04,31,68.73,2733.75,APXMIDP
2025-09-04T13:30:00Z,APXMIDP,2025-09-04,30,65.1,4142.3,APXMIDP
2025-09-04T13:00:00Z,APXMIDP,2025-09-04,29,67.07,4018.3,APXMIDP
2025-09-04T12:30:00Z,APXMIDP,2025-09-04,28,67.4,4342.25,APXMIDP
2025-09-04T12:00:00Z,APXMIDP,2025-09-04,27,70.92,3574.25,APXMIDP
2025-09-04T11:30:00Z,APXMIDP,2025-09-04,26,81.23,3196.6,APXMIDP
2025-09-04T11:00:00Z,APXMIDP,2025-09-04,25,87.28,2685.5,APXMIDP
2025-09-04T10:30:00Z,APXMIDP,2025-09-04,24,94.05,2565.95,APXMIDP
2025-09-04T10:00:00Z,APXMIDP,2025-09-04,23,92.33,2698.85,APXMIDP
2025-09-04T09:30:00Z,APXMIDP,2025-09-04,22,98.74,2319.85,APXMIDP
2025-09-04T09:00:00Z,APXMIDP,2025-09-04,21,102.02,2301.25,APXMIDP
2025-09-04T08:30:00Z,APXMIDP,2025-09-04,20,102.73,2466.7,APXMIDP
2025-09-04T08:00:00Z,APXMIDP,2025-09-04,19,103.16,2424.05,APXMIDP
2025-09-04T07:30:00Z,APXMIDP,2025-09-04,18,100.98,2389.85,APXMIDP
2025-09-04T07:00:00Z,APXMIDP,2025-09-04,17,96.82,2421.6,APXMIDP
2025-09-04T06:30:00Z,APXMIDP,2025-09-04,16,92.11,2858.9,APXMIDP
2025-09-04T06:00:00Z,APXMIDP,2025-09-04,15,88.64,2495.2,APXMIDP
2025-09-04T05:30:00Z,APXMIDP,2025-09-04,14,96.79,3154.05,APXMIDP
2025-09-04T05:00:00Z,APXMIDP,2025-09-04,13,96.92,2596.6,APXMIDP
2025-09-04T04:30:00Z,APXMIDP,2025-09-04,12,88.29,2284.75,APXMIDP
2025-09-04T04:00:00Z,APXMIDP,2025-09-04,11,84.96,2229.7,APXMIDP
2025-09-04T03:30:00Z,APXMIDP,2025-09-04,10,63.1,2310.5,APXMIDP
2025-09-04T03:00:00Z,APXMIDP,2025-09-04,9,65.51,2078.05,APXMIDP
2025-09-04T02:30:00Z,APXMIDP,2025-09-04,8,70.21,1986.35,APXMIDP
2025-09-04T02:00:00Z,APXMIDP,2025-09-04,7,67.92,2103.8,APXMIDP
2025-09-04T01:30:00Z,APXMIDP,2025-09-04,6,66.71,2357.3,APXMIDP
2025-09-04T01:00:00Z,APXMIDP,2025-09-04,5,64.44,2490.95,APXMIDP
2025-09-04T00:30:00Z,APXMIDP,2025-09-04,4,63.43,2208.85,APXMIDP
2025-09-04T00:00:00Z,APXMIDP,2025-09-04,3,61.16,2326.55,APXMIDP
2025-09-03T23:30:00Z,APXMIDP,2025-09-04,2,62.47,2626.75,APXMIDP
2025-09-03T23:00:00Z,APXMIDP,2025-09-04,1,65.33,2661.5,APXMIDP
2025-09-03T22:30:00Z,APXMIDP,2025-09-03,48,65.85,2637.85,APXMIDP
2025-09-03T22:00:00Z,APXMIDP,2025-09-03,47,76.32,2256.05,APXMIDP
2025-09-03T21:30:00Z,APXMIDP,2025-09-03,46,77.46,3241.65,APXMIDP
2025-09-03T21:00:00Z,APXMIDP,2025-09-03,45,78.7,3090.3,APXMIDP
2025-09-03T20:30:00Z,APXMIDP,2025-09-03,44,85.41,3148.8,APXMIDP
2025-09-03T20:00:00Z,APXMIDP,2025-09-03,43,91.44,3583.2,APXMIDP
2025-09-03T19:30:00Z,APXMIDP,2025-09-03,42,107.83,3438.65,APXMIDP
2025-09-03T19:00:00Z,APXMIDP,2025-09-03,41,112.76,3366.1,APXMIDP
2025-09-03T18:30:00Z,APXMIDP,2025-09-03,40,112.95,3431.5,APXMIDP
2025-09-03T18:00:00Z,APXMIDP,2025-09-03,39,109.1,3082.15,APXMIDP
2025-09-03T17:30:00Z,APXMIDP,2025-09-03,38,100.65,3882.5,APXMIDP
2025-09-17T18:00:00Z,APXMIDP,2025-09-17,39,75.19,3339.0,APXMIDP
2025-09-17T17:30:00Z,APXMIDP,2025-09-17,38,88.78,3949.8,APXMIDP
2025-09-17T17:00:00Z,APXMIDP,2025-09-17,37,88.34,3892.7,APXMIDP
2025-09-17T16:30:00Z,APXMIDP,2025-09-17,36,77.15,3032.3,APXMIDP
2025-09-17T16:00:00Z,APXMIDP,2025-09-17,35,62.08,3258.5,APXMIDP
2025-09-17T15:30:00Z,APXMIDP,2025-09-17,34,42.92,3217.95,APXMIDP
2025-09-17T15:00:00Z,APXMIDP,2025-09-17,33,33.27,3586.3,APXMIDP
2025-09-17T14:30:00Z,APXMIDP,2025-09-17,32,35.08,3199.05,APXMIDP
2025-09-17T14:00:00Z,APXMIDP,2025-09-17,31,29.55,2818.65,APXMIDP
2025-09-17T13:30:00Z,APXMIDP,2025-09-17,30,21.49,3156.85,APXMIDP
2025-09-17T13:00:00Z,APXMIDP,2025-09-17,29,24.24,3191.5,APXMIDP
2025-09-17T12:30:00Z,APXMIDP,2025-09-17,28,26.72,3385.95,APXMIDP
2025-09-17T12:00:00Z,APXMIDP,2025-09-17,27,30.91,3588.25,APXMIDP
2025-09-17T11:30:00Z,APXMIDP,2025-09-17,26,31.94,3408.0,APXMIDP
2025-09-17T11:00:00Z,APXMIDP,2025-09-17,25,35.32,3507.05,APXMIDP
2025-09-17T10:30:00Z,APXMIDP,2025-09-17,24,34.33,3694.9,APXMIDP
2025-09-17T10:00:00Z,APXMIDP,2025-09-17,23,36.17,2974.4,APXMIDP
2025-09-17T09:30:00Z,APXMIDP,2025-09-17,22,64.09,3884.4,APXMIDP
2025-09-17T09:00:00Z,APXMIDP,2025-09-17,21,71.23,3150.95,APXMIDP
2025-09-17T08:30:00Z,APXMIDP,2025-09-17,20,81.6,3825.95,APXMIDP
2025-09-17T08:00:00Z,APXMIDP,2025-09-17,19,94.21,3432.6,APXMIDP
2025-09-17T07:30:00Z,APXMIDP,2025-09-17,18,97.92,2422.9,APXMIDP
2025-09-17T07:00:00Z,APXMIDP,2025-09-17,17,99.32,2488.9,APXMIDP
2025-09-17T06:30:00Z,APXMIDP,2025-09-17,16,98.91,3146.95,APXMIDP
2025-09-17T06:00:00Z,APXMIDP,2025-09-17,15,96.25,2726.1,APXMIDP
2025-09-17T05:30:00Z,APXMIDP,2025-09-17,14,90.42,3238.45,APXMIDP
2025-09-17T05:00:00Z,APXMIDP,2025-09-17,13,79.34,2958.9,APXMIDP
2025-09-17T04:30:00Z,APXMIDP,2025-09-17,12,60.96,2449.75,APXMIDP
2025-09-17T04:00:00Z,APXMIDP,2025-09-17,11,49.61,2310.85,APXMIDP
2025-09-17T03:30:00Z,APXMIDP,2025-09-17,10,40.59,1838.3,APXMIDP
2025-09-17T03:00:00Z,APXMIDP,2025-09-17,9,47.41,1319.8,APXMIDP
2025-09-17T02:30:00Z,APXMIDP,2025-09-17,8,56.5,1433.15,APXMIDP
2025-09-17T02:00:00Z,APXMIDP,2025-09-17,7,61.55,1393.5,APXMIDP
2025-09-17T01:30:00Z,APXMIDP,2025-09-17,6,68.92,1146.3,APXMIDP
2025-09-17T01:00:00Z,APXMIDP,2025-09-17,5,69.23,1090.45,APXMIDP
2025-09-17T00:30:00Z,APXMIDP,2025-09-17,4,68.11,1092.6,APXMIDP
2025-09-17T00:00:00Z,APXMIDP,2025-09-17,3,69.31,1099.1,APXMIDP
2025-09-16T23:30:00Z,APXMIDP,2025-09-17,2,74.24,1156.6,APXMIDP
2025-09-16T23:00:00Z,APXMIDP,2025-09-17,1,76.01,1015.9,APXMIDP
2025-09-16T22:30:00Z,APXMIDP,2025-09-16,48,85.68,979.9,APXMIDP
2025-09-16T22:00:00Z,APXMIDP,2025-09-16,47,98.43,987.65,APXMIDP
2025-09-16T21:30:00Z,APXMIDP,2025-09-16,46,85.55,1364.35,APXMIDP
2025-09-16T21:00:00Z,APXMIDP,2025-09-16,45,80.16,1129.25,APXMIDP
2025-09-16T20:30:00Z,APXMIDP,2025-09-16,44,81.27,1039.7,APXMIDP
2025-09-16T20:00:00Z,APXMIDP,2025-09-16,43,89.49,1084.9,APXMIDP
2025-09-16T19:30:00Z,APXMIDP,2025-09-16,42,98.81,1568.0,APXMIDP
2025-09-16T19:00:00Z,APXMIDP,2025-09-16,41,99.93,1847.45,APXMIDP
2025-09-16T18:30:00Z,APXMIDP,2025-09-16,40,105.31,2649.5,APXMIDP
2025-09-16T18:00:00Z,APXMIDP,2025-09-16,39,102.53,3005.95,APXMIDP
2025-09-16T17:30:00Z,APXMIDP,2025-09-16,38,91.76,3533.35,APXMIDP
2025-09-16T17:00:00Z,APXMIDP,2025-09-16,37,86.06,3721.75,APXMIDP
2025-09-16T16:30:00Z,APXMIDP,2025-09-16,36,82.25,3343.0,APXMIDP
2025-09-16T16:00:00Z,APXMIDP,2025-09-16,35,81.12,3097.2,APXMIDP
2025-09-16T15:30:00Z,APXMIDP,2025-09-16,34,60.84,3040.75,APXMIDP
2025-09-16T15:00:00Z,APXMIDP,2025-09-16,33,43.72,2805.3,APXMIDP
2025-09-16T14:30:00Z,APXMIDP,2025-09-16,32,33.8,3507.25,APXMIDP
2025-09-16T14:00:00Z,APXMIDP,2025-09-16,31,26.57,3286.0,APXMIDP
2025-09-16T13:30:00Z,APXMIDP,2025-09-16,30,13.37,2871.1,APXMIDP
2025-09-16T13:00:00Z,APXMIDP,2025-09-16,29,16.35,2861.85,APXMIDP
2025-09-16T12:30:00Z,APXMIDP,2025-09-16,28,11.83,2506.35,APXMIDP
2025-09-16T12:00:00Z,APXMIDP,2025-09-16,27,6.71,2050.5,APXMIDP
2025-09-16T11:30:00Z,APXMIDP,2025-09-16,26,9.72,2809.35,APXMIDP
2025-09-16T11:00:00Z,APXMIDP,2025-09-16,25,7.02,3089.55,APXMIDP
2025-09-16T10:30:00Z,APXMIDP,2025-09-16,24,3.16,2546.15,APXMIDP
2025-09-16T10:00:00Z,APXMIDP,2025-09-16,23,1.79,2225.85,APXMIDP
2025-09-16T09:30:00Z,APXMIDP,2025-09-16,22,7.67,2184.75,APXMIDP
2025-09-16T09:00:00Z,APXMIDP,2025-09-16,21,8.17,2884.2,APXMIDP
2025-09-16T08:30:00Z,APXMIDP,2025-09-16,20,7.58,2226.05,APXMIDP
2025-09-16T08:00:00Z,APXMIDP,2025-09-16,19,20.38,2559.35,APXMIDP
2025-09-16T07:30:00Z,APXMIDP,2025-09-16,18,34.54,2856.95,APXMIDP
2025-09-16T07:00:00Z,APXMIDP,2025-09-16,17,37.71,2551.55,APXMIDP
2025-09-16T06:30:00Z,APXMIDP,2025-09-16,16,40.9,2996.7,APXMIDP
2025-09-16T06:00:00Z,APXMIDP,2025-09-16,15,31.44,2838.7,APXMIDP
2025-09-16T05:30:00Z,APXMIDP,2025-09-16,14,36.74,3214.95,APXMIDP
2025-09-16T05:00:00Z,APXMIDP,2025-09-16,13,22.47,2574.2,APXMIDP
2025-09-16T04:30:00Z,APXMIDP,2025-09-16,12,15.32,2393.0,APXMIDP
2025-09-16T04:00:00Z,APXMIDP,2025-09-16,11,13.27,2074.95,APXMIDP
2025-09-16T03:30:00Z,APXMIDP,2025-09-16,10,-3.01,1962.1,APXMIDP
2025-09-16T03:00:00Z,APXMIDP,2025-09-16,9,-5.44,2172.65,APXMIDP
2025-09-16T02:30:00Z,APXMIDP,2025-09-16,8,-13.99,1979.85,APXMIDP
2025-09-16T02:00:00Z,APXMIDP,2025-09-16,7,-13.07,1737.6,APXMIDP
2025-09-16T01:30:00Z,APXMIDP,2025-09-16,6,-6.32,2352.4,APXMIDP
2025-09-16T01:00:00Z,APXMIDP,2025-09-16,5,-5.65,2294.1,APXMIDP
2025-09-16T00:30:00Z,APXMIDP,2025-09-16,4,-3.16,2286.05,APXMIDP
2025-09-16T00:00:00Z,APXMIDP,2025-09-16,3,-2.33,2253.3,APXMIDP
2025-09-15T23:30:00Z,APXMIDP,2025-09-16,2,-0.61,2089.8,APXMIDP
2025-09-15T23:00:00Z,APXMIDP,2025-09-16,1,3.34,2000.2,APXMIDP
2025-09-15T22:30:00Z,APXMIDP,2025-09-15,48,6.03,2593.55,APXMIDP
2025-09-15T22:00:00Z,APXMIDP,2025-09-15,47,17.24,2464.9,APXMIDP
2025-09-15T21:30:00Z,APXMIDP,2025-09-15,46,27.89,3078.3,APXMIDP
2025-09-15T21:00:00Z,APXMIDP,2025-09-15,45,65.87,3247.0,APXMIDP
2025-09-15T20:30:00Z,APXMIDP,2025-09-15,44,71.9,2991.6,APXMIDP
2025-09-15T20:00:00Z,APXMIDP,2025-09-15,43,87.52,2988.5,APXMIDP
2025-09-15T19:30:00Z,APXMIDP,2025-09-15,42,90.8,2691.8,APXMIDP
2025-09-15T19:00:00Z,APXMIDP,2025-09-15,41,95.42,2806.05,APXMIDP
2025-09-15T18:30:00Z,APXMIDP,2025-09-15,40,94.16,2973.65,APXMIDP
2025-09-15T18:00:00Z,APXMIDP,2025-09-15,39,92.73,2892.25,APXMIDP
2025-09-15T17:30:00Z,APXMIDP,2025-09-15,38,78.03,3338.45,APXMIDP
2025-09-15T17:00:00Z,APXMIDP,2025-09-15,37,67.49,2929.2,APXMIDP
2025-09-15T16:30:00Z,APXMIDP,2025-09-15,36,54.64,3222.5,APXMIDP
2025-09-15T16:00:00Z,APXMIDP,2025-09-15,35,43.4,2859.9,APXMIDP
2025-09-15T15:30:00Z,APXMIDP,2025-09-15,34,28.72,3111.3,APXMIDP
2025-09-15T15:00:00Z,APXMIDP,2025-09-15,33,18.42,2842.5,APXMIDP
2025-09-15T14:30:00Z,APXMIDP,2025-09-15,32,8.77,2803.8,APXMIDP
2025-09-15T14:00:00Z,APXMIDP,2025-09-15,31,3.93,2458.6,APXMIDP
2025-09-15T13:30:00Z,APXMIDP,2025-09-15,30,7.61,3543.0,APXMIDP
2025-09-15T13:00:00Z,APXMIDP,2025-09-15,29,9.84,3432.75,APXMIDP
2025-09-15T12:30:00Z,APXMIDP,2025-09-15,28,4.94,2895.55,APXMIDP
2025-09-15T12:00:00Z,APXMIDP,2025-09-15,27,7.24,2707.6,APXMIDP
2025-09-15T11:30:00Z,APXMIDP,2025-09-15,26,13.16,3348.05,APXMIDP
2025-09-15T11:00:00Z,APXMIDP,2025-09-15,25,8.39,2933.85,APXMIDP
2025-09-15T10:30:00Z,APXMIDP,2025-09-15,24,6.76,2741.85,APXMIDP
2025-09-15T10:00:00Z,APXMIDP,2025-09-15,23,8.11,2761.65,APXMIDP
2025-09-15T09:30:00Z,APXMIDP,2025-09-15,22,16.43,3184.4,APXMIDP
2025-09-15T09:00:00Z,APXMIDP,2025-09-15,21,21.64,3108.5,APXMIDP
2025-09-15T08:30:00Z,APXMIDP,2025-09-15,20,12.76,2432.5,APXMIDP
2025-09-15T08:00:00Z,APXMIDP,2025-09-15,19,28.59,2649.4,APXMIDP
2025-09-15T07:30:00Z,APXMIDP,2025-09-15,18,39.51,3168.45,APXMIDP
2025-09-15T07:00:00Z,APXMIDP,2025-09-15,17,33.57,2704.3,APXMIDP
2025-09-15T06:30:00Z,APXMIDP,2025-09-15,16,37.36,2685.1,APXMIDP
2025-09-15T06:00:00Z,APXMIDP,2025-09-15,15,21.26,2516.25,APXMIDP
2025-09-15T05:30:00Z,APXMIDP,2025-09-15,14,16.09,2641.45,APXMIDP
2025-09-15T05:00:00Z,APXMIDP,2025-09-15,13,-0.47,1883.15,APXMIDP
2025-09-15T04:30:00Z,APXMIDP,2025-09-15,12,-5.31,1831.7,APXMIDP
2025-09-15T04:00:00Z,APXMIDP,2025-09-15,11,-9.41,1905.2,APXMIDP
2025-09-15T03:30:00Z,APXMIDP,2025-09-15,10,3.1,2283.5,APXMIDP
2025-09-15T03:00:00Z,APXMIDP,2025-09-15,9,4.22,2321.5,APXMIDP
2025-09-15T02:30:00Z,APXMIDP,2025-09-15,8,2.95,2228.85,APXMIDP
2025-09-15T02:00:00Z,APXMIDP,2025-09-15,7,2.91,2156.9,APXMIDP
2025-09-15T01:30:00Z,APXMIDP,2025-09-15,6,7.88,2362.25,APXMIDP
2025-09-15T01:00:00Z,APXMIDP,2025-09-15,5,9.35,2098.45,APXMIDP
2025-09-15T00:30:00Z,APXMIDP,2025-09-15,4,12.71,2290.05,APXMIDP
2025-09-15T00:00:00Z,APXMIDP,2025-09-15,3,15.47,2274.55,APXMIDP
2025-09-14T23:30:00Z,APXMIDP,2025-09-15,2,14.25,2464.8,APXMIDP
2025-09-14T23:00:00Z,APXMIDP,2025-09-15,1,14.89,2641.6,APXMIDP
2025-09-14T22:30:00Z,APXMIDP,2025-09-14,48,8.53,1923.2,APXMIDP
2025-09-14T22:00:00Z,APXMIDP,2025-09-14,47,15.74,1745.75,APXMIDP
2025-09-14T21:30:00Z,APXMIDP,2025-09-14,46,32.74,2506.6,APXMIDP
2025-09-14T21:00:00Z,APXMIDP,2025-09-14,45,55.26,2601.15,APXMIDP
2025-09-14T20:30:00Z,APXMIDP,2025-09-14,44,56.1,2282.8,APXMIDP
2025-09-14T20:00:00Z,APXMIDP,2025-09-14,43,63.92,2298.05,APXMIDP
2025-09-14T19:30:00Z,APXMIDP,2025-09-14,42,73.46,2511.35,APXMIDP
2025-09-14T19:00:00Z,APXMIDP,2025-09-14,41,76.69,2516.15,APXMIDP
2025-09-14T18:30:00Z,APXMIDP,2025-09-14,40,74.97,2404.0,APXMIDP
2025-09-14T18:00:00Z,APXMIDP,2025-09-14,39,74.37,2561.05,APXMIDP
2025-09-14T17:30:00Z,APXMIDP,2025-09-14,38,80.78,2752.35,APXMIDP
2025-09-14T17:00:00Z,APXMIDP,2025-09-14,37,84.35,2894.0,APXMIDP
2025-09-14T16:30:00Z,APXMIDP,2025-09-14,36,88.62,3834.05,APXMIDP
2025-09-14T16:00:00Z,APXMIDP,2025-09-14,35,88.49,3735.95,APXMIDP
2025-09-14T15:30:00Z,APXMIDP,2025-09-14,34,94.38,3175.2,APXMIDP
2025-09-14T15:00:00Z,APXMIDP,2025-09-14,33,94.15,3000.95,APXMIDP
2025-09-14T14:30:00Z,APXMIDP,2025-09-14,32,82.24,3681.5,APXMIDP
2025-09-14T14:00:00Z,APXMIDP,2025-09-14,31,82.02,3188.2,APXMIDP
2025-09-14T13:30:00Z,APXMIDP,2025-09-14,30,76.88,3071.0,APXMIDP
2025-09-14T13:00:00Z,APXMIDP,2025-09-14,29,86.27,2868.3,APXMIDP
2025-09-14T12:30:00Z,APXMIDP,2025-09-14,28,89.42,2810.0,APXMIDP
2025-09-14T12:00:00Z,APXMIDP,2025-09-14,27,92.89,2891.6,APXMIDP
2025-09-14T11:30:00Z,APXMIDP,2025-09-14,26,89.45,3479.45,APXMIDP
2025-09-14T11:00:00Z,APXMIDP,2025-09-14,25,88.98,3280.0,APXMIDP
2025-09-14T10:30:00Z,APXMIDP,2025-09-14,24,89.01,3006.85,APXMIDP
2025-09-14T10:00:00Z,APXMIDP,2025-09-14,23,87.3,2838.75,APXMIDP
2025-09-14T09:30:00Z,APXMIDP,2025-09-14,22,89.52,2924.25,APXMIDP
2025-09-14T09:00:00Z,APXMIDP,2025-09-14,21,87.91,2556.35,APXMIDP
2025-09-14T08:30:00Z,APXMIDP,2025-09-14,20,86.37,2454.25,APXMIDP
2025-09-14T08:00:00Z,APXMIDP,2025-09-14,19,87.94,2644.4,APXMIDP
2025-09-14T07:30:00Z,APXMIDP,2025-09-14,18,89.6,2037.1,APXMIDP
2025-09-14T07:00:00Z,APXMIDP,2025-09-14,17,90.73,2015.85,APXMIDP
2025-09-14T06:30:00Z,APXMIDP,2025-09-14,16,93.81,1535.05,APXMIDP
2025-09-14T06:00:00Z,APXMIDP,2025-09-14,15,89.69,1655.2,APXMIDP
2025-09-14T05:30:00Z,APXMIDP,2025-09-14,14,87.56,1211.05,APXMIDP
2025-09-14T05:00:00Z,APXMIDP,2025-09-14,13,83.96,1104.2,APXMIDP
2025-09-14T04:30:00Z,APXMIDP,2025-09-14,12,87.3,1157.25,APXMIDP
2025-09-14T04:00:00Z,APXMIDP,2025-09-14,11,84.57,1030.15,APXMIDP
2025-09-14T03:30:00Z,APXMIDP,2025-09-14,10,75.24,1063.0,APXMIDP
2025-09-14T03:00:00Z,APXMIDP,2025-09-14,9,70.52,1165.5,APXMIDP
2025-09-14T02:30:00Z,APXMIDP,2025-09-14,8,68.11,1130.65,APXMIDP
2025-09-14T02:00:00Z,APXMIDP,2025-09-14,7,68.94,995.0,APXMIDP
2025-09-14T01:30:00Z,APXMIDP,2025-09-14,6,70.18,1351.25,APXMIDP
2025-09-14T01:00:00Z,APXMIDP,2025-09-14,5,70.6,1589.4,APXMIDP
2025-09-14T00:30:00Z,APXMIDP,2025-09-14,4,71.01,1869.95,APXMIDP
2025-09-14T00:00:00Z,APXMIDP,2025-09-14,3,67.49,1533.1,APXMIDP
2025-09-13T23:30:00Z,APXMIDP,2025-09-14,2,73.63,1611.4,APXMIDP
2025-09-13T23:00:00Z,APXMIDP,2025-09-14,1,73.1,1421.85,APXMIDP
2025-09-13T22:30:00Z,APXMIDP,2025-09-13,48,72.4,1565.0,APXMIDP
2025-09-13T22:00:00Z,APXMIDP,2025-09-13,47,79.07,1588.8,APXMIDP
2025-09-13T21:30:00Z,APXMIDP,2025-09-13,46,83.94,3106.9,APXMIDP
2025-09-13T21:00:00Z,APXMIDP,2025-09-13,45,87.69,3450.0,APXMIDP
2025-09-13T20:30:00Z,APXMIDP,2025-09-13,44,88.52,3430.95,APXMIDP
2025-09-13T20:00:00Z,APXMIDP,2025-09-13,43,92.23,3776.9,APXMIDP
2025-09-13T19:30:00Z,APXMIDP,2025-09-13,42,101.69,3308.35,APXMIDP
2025-09-13T19:00:00Z,APXMIDP,2025-09-13,41,103.72,3411.75,APXMIDP
2025-09-13T18:30:00Z,APXMIDP,2025-09-13,40,103.91,3333.25,APXMIDP
2025-09-13T18:00:00Z,APXMIDP,2025-09-13,39,100.03,3362.35,APXMIDP
2025-09-13T17:30:00Z,APXMIDP,2025-09-13,38,100.98,2868.15,APXMIDP
2025-09-13T17:00:00Z,APXMIDP,2025-09-13,37,101.28,2524.3,APXMIDP
2025-09-13T16:30:00Z,APXMIDP,2025-09-13,36,92.83,2399.4,APXMIDP
2025-09-13T16:00:00Z,APXMIDP,2025-09-13,35,90.63,2158.6,APXMIDP
2025-09-13T15:30:00Z,APXMIDP,2025-09-13,34,76.34,2128.45,APXMIDP
2025-09-13T15:00:00Z,APXMIDP,2025-09-13,33,30.54,2534.85,APXMIDP
2025-09-13T14:30:00Z,APXMIDP,2025-09-13,32,9.1,2343.45,APXMIDP
2025-09-13T14:00:00Z,APXMIDP,2025-09-13,31,0.36,2175.95,APXMIDP
2025-09-13T13:30:00Z,APXMIDP,2025-09-13,30,-9.33,2162.4,APXMIDP
2025-09-13T13:00:00Z,APXMIDP,2025-09-13,29,-10.14,2344.15,APXMIDP
2025-09-13T12:30:00Z,APXMIDP,2025-09-13,28,-6.34,2431.05,APXMIDP
2025-09-13T12:00:00Z,APXMIDP,2025-09-13,27,-5.78,3256.45,APXMIDP
2025-09-13T11:30:00Z,APXMIDP,2025-09-13,26,-2.01,2862.55,APXMIDP
2025-09-13T11:00:00Z,APXMIDP,2025-09-13,25,-4.1,2437.85,APXMIDP
2025-09-13T10:30:00Z,APXMIDP,2025-09-13,24,-6.32,2929.7,APXMIDP
2025-09-13T10:00:00Z,APXMIDP,2025-09-13,23,-4.56,2896.95,APXMIDP
2025-09-13T09:30:00Z,APXMIDP,2025-09-13,22,-8.77,2516.4,APXMIDP
2025-09-13T09:00:00Z,APXMIDP,2025-09-13,21,-8.0,2402.15,APXMIDP
2025-09-13T08:30:00Z,APXMIDP,2025-09-13,20,-7.8,2081.9,APXMIDP
2025-09-13T08:00:00Z,APXMIDP,2025-09-13,19,-2.74,2068.1,APXMIDP
2025-09-13T07:30:00Z,APXMIDP,2025-09-13,18,10.91,2895.6,APXMIDP
2025-09-13T07:00:00Z,APXMIDP,2025-09-13,17,9.3,2514.1,APXMIDP
2025-09-13T06:30:00Z,APXMIDP,2025-09-13,16,16.1,2580.35,APXMIDP
2025-09-13T06:00:00Z,APXMIDP,2025-09-13,15,15.83,2447.95,APXMIDP
2025-09-13T05:30:00Z,APXMIDP,2025-09-13,14,17.13,2523.4,APXMIDP
2025-09-13T05:00:00Z,APXMIDP,2025-09-13,13,16.43,2388.9,APXMIDP
2025-09-13T04:30:00Z,APXMIDP,2025-09-13,12,13.27,1920.45,APXMIDP
2025-09-13T04:00:00Z,APXMIDP,2025-09-13,11,16.05,2181.65,APXMIDP
2025-09-13T03:30:00Z,APXMIDP,2025-09-13,10,14.37,2051.6,APXMIDP
2025-09-13T03:00:00Z,APXMIDP,2025-09-13,9,18.02,1860.05,APXMIDP
2025-09-13T02:30:00Z,APXMIDP,2025-09-13,8,17.98,1946.8,APXMIDP
2025-09-13T02:00:00Z,APXMIDP,2025-09-13,7,19.72,1733.55,APXMIDP
2025-09-13T01:30:00Z,APXMIDP,2025-09-13,6,16.8,2438.75,APXMIDP
2025-09-13T01:00:00Z,APXMIDP,2025-09-13,5,18.04,2146.2,APXMIDP
2025-09-13T00:30:00Z,APXMIDP,2025-09-13,4,19.41,2252.35,APXMIDP
2025-09-13T00:00:00Z,APXMIDP,2025-09-13,3,18.49,2255.35,APXMIDP
2025-09-12T23:30:00Z,APXMIDP,2025-09-13,2,23.2,1887.8,APXMIDP
2025-09-12T23:00:00Z,APXMIDP,2025-09-13,1,29.37,2187.1,APXMIDP
2025-09-12T22:30:00Z,APXMIDP,2025-09-12,48,29.01,1775.65,APXMIDP
2025-09-12T22:00:00Z,APXMIDP,2025-09-12,47,44.85,2001.05,APXMIDP
2025-09-12T21:30:00Z,APXMIDP,2025-09-12,46,59.06,2811.2,APXMIDP
2025-09-12T21:00:00Z,APXMIDP,2025-09-12,45,84.93,2804.5,APXMIDP
2025-09-12T20:30:00Z,APXMIDP,2025-09-12,44,92.83,3094.3,APXMIDP
2025-09-12T20:00:00Z,APXMIDP,2025-09-12,43,96.64,3210.95,APXMIDP
2025-09-12T19:30:00Z,APXMIDP,2025-09-12,42,100.56,2951.2,APXMIDP
2025-09-12T19:00:00Z,APXMIDP,2025-09-12,41,104.4,3149.35,APXMIDP
2025-09-12T18:30:00Z,APXMIDP,2025-09-12,40,112.69,3793.95,APXMIDP
2025-09-12T18:00:00Z,APXMIDP,2025-09-12,39,111.66,3869.6,APXMIDP
2025-09-12T17:30:00Z,APXMIDP,2025-09-12,38,94.95,3911.25,APXMIDP
2025-09-12T17:00:00Z,APXMIDP,2025-09-12,37,95.36,3722.7,APXMIDP
2025-09-12T16:30:00Z,APXMIDP,2025-09-12,36,80.09,3611.15,APXMIDP
2025-09-12T16:00:00Z,APXMIDP,2025-09-12,35,69.75,3604.1,APXMIDP
2025-09-12T15:30:00Z,APXMIDP,2025-09-12,34,34.2,3998.15,APXMIDP
2025-09-12T15:00:00Z,APXMIDP,2025-09-12,33,4.49,3920.75,APXMIDP
2025-09-12T14:30:00Z,APXMIDP,2025-09-12,32,0.45,3772.6,APXMIDP
2025-09-12T14:00:00Z,APXMIDP,2025-09-12,31,-1.61,4248.55,APXMIDP
2025-09-12T13:30:00Z,APXMIDP,2025-09-12,30,-6.64,3578.5,APXMIDP
2025-09-12T13:00:00Z,APXMIDP,2025-09-12,29,-7.16,3733.3,APXMIDP
2025-09-12T12:30:00Z,APXMIDP,2025-09-12,28,-8.31,3078.8,APXMIDP
2025-09-12T12:00:00Z,APXMIDP,2025-09-12,27,-7.65,3110.65,APXMIDP
2025-09-12T11:30:00Z,APXMIDP,2025-09-12,26,-7.18,3446.85,APXMIDP
2025-09-12T11:00:00Z,APXMIDP,2025-09-12,25,-7.83,3619.6,APXMIDP
2025-09-12T10:30:00Z,APXMIDP,2025-09-12,24,-7.6,4584.9,APXMIDP
2025-09-12T10:00:00Z,APXMIDP,2025-09-12,23,-5.79,3856.75,APXMIDP
2025-09-12T09:30:00Z,APXMIDP,2025-09-12,22,-8.07,3100.15,APXMIDP
2025-09-12T09:00:00Z,APXMIDP,2025-09-12,21,-7.34,3236.4,APXMIDP
2025-09-12T08:30:00Z,APXMIDP,2025-09-12,20,-1.23,3569.1,APXMIDP
2025-09-12T08:00:00Z,APXMIDP,2025-09-12,19,3.79,3389.65,APXMIDP
2025-09-12T07:30:00Z,APXMIDP,2025-09-12,18,12.25,2786.2,APXMIDP
2025-09-12T07:00:00Z,APXMIDP,2025-09-12,17,18.21,2952.95,APXMIDP
2025-09-12T06:30:00Z,APXMIDP,2025-09-12,16,38.25,3395.1,APXMIDP
2025-09-12T06:00:00Z,APXMIDP,2025-09-12,15,21.5,2727.25,APXMIDP
2025-09-12T05:30:00Z,APXMIDP,2025-09-12,14,17.37,2561.8,APXMIDP
2025-09-12T05:00:00Z,APXMIDP,2025-09-12,13,8.67,2306.0,APXMIDP
2025-09-12T04:30:00Z,APXMIDP,2025-09-12,12,1.28,1944.5,APXMIDP
2025-09-12T04:00:00Z,APXMIDP,2025-09-12,11,-3.8,2237.45,APXMIDP
2025-09-12T03:30:00Z,APXMIDP,2025-09-12,10,-5.71,2345.05,APXMIDP
2025-09-12T03:00:00Z,APXMIDP,2025-09-12,9,-5.72,2226.2,APXMIDP
2025-09-12T02:30:00Z,APXMIDP,2025-09-12,8,-7.14,2489.2,APXMIDP
2025-09-12T02:00:00Z,APXMIDP,2025-09-12,7,-7.66,2483.3,APXMIDP
2025-09-12T01:30:00Z,APXMIDP,2025-09-12,6,-10.41,2210.55,APXMIDP
2025-09-12T01:00:00Z,APXMIDP,2025-09-12,5,-10.94,2088.9,APXMIDP
2025-09-12T00:30:00Z,APXMIDP,2025-09-12,4,-12.5,2263.75,APXMIDP
2025-09-12T00:00:00Z,APXMIDP,2025-09-12,3,-8.64,2240.1,APXMIDP
2025-09-11T23:30:00Z,APXMIDP,2025-09-12,2,-9.67,2227.9,APXMIDP
2025-09-11T23:00:00Z,APXMIDP,2025-09-12,1,-12.28,2333.3,APXMIDP
2025-09-11T22:30:00Z,APXMIDP,2025-09-11,48,-4.84,2518.8,APXMIDP
2025-09-11T22:00:00Z,APXMIDP,2025-09-11,47,-1.49,2561.1,APXMIDP
2025-09-11T21:30:00Z,APXMIDP,2025-09-11,46,9.55,3811.05,APXMIDP
2025-09-11T21:00:00Z,APXMIDP,2025-09-11,45,14.04,4133.7,APXMIDP
2025-09-11T20:30:00Z,APXMIDP,2025-09-11,44,28.0,4495.25,APXMIDP
2025-09-11T20:00:00Z,APXMIDP,2025-09-11,43,45.83,4434.25,APXMIDP
2025-09-11T19:30:00Z,APXMIDP,2025-09-11,42,72.41,4089.55,APXMIDP
2025-09-11T19:00:00Z,APXMIDP,2025-09-11,41,86.89,4484.85,APXMIDP
2025-09-11T18:30:00Z,APXMIDP,2025-09-11,40,95.18,4645.55,APXMIDP
2025-09-11T18:00:00Z,APXMIDP,2025-09-11,39,94.29,4551.6,APXMIDP
2025-09-11T17:30:00Z,APXMIDP,2025-09-11,38,77.82,4879.35,APXMIDP
2025-09-11T17:00:00Z,APXMIDP,2025-09-11,37,80.07,4776.1,APXMIDP
2025-09-11T16:30:00Z,APXMIDP,2025-09-11,36,84.39,4782.5,APXMIDP
2025-09-11T16:00:00Z,APXMIDP,2025-09-11,35,47.6,5294.6,APXMIDP
2025-09-11T15:30:00Z,APXMIDP,2025-09-11,34,19.54,4666.3,APXMIDP
2025-09-11T15:00:00Z,APXMIDP,2025-09-11,33,-3.83,4761.9,APXMIDP
2025-09-11T14:30:00Z,APXMIDP,2025-09-11,32,-21.32,4560.75,APXMIDP
2025-09-11T14:00:00Z,APXMIDP,2025-09-11,31,-22.99,4268.35,APXMIDP
2025-09-11T13:30:00Z,APXMIDP,2025-09-11,30,-20.59,4029.5,APXMIDP
2025-09-11T13:00:00Z,APXMIDP,2025-09-11,29,-10.56,3883.25,APXMIDP
2025-09-11T12:30:00Z,APXMIDP,2025-09-11,28,-8.24,3911.8,APXMIDP
2025-09-11T12:00:00Z,APXMIDP,2025-09-11,27,-4.9,3973.9,APXMIDP
2025-09-11T11:30:00Z,APXMIDP,2025-09-11,26,-11.22,3058.25,APXMIDP
2025-09-11T11:00:00Z,APXMIDP,2025-09-11,25,-12.01,3056.05,APXMIDP
2025-09-11T10:30:00Z,APXMIDP,2025-09-11,24,-9.95,3515.5,APXMIDP
2025-09-11T10:00:00Z,APXMIDP,2025-09-11,23,-9.26,3149.6,APXMIDP
2025-09-11T09:30:00Z,APXMIDP,2025-09-11,22,-5.9,2571.25,APXMIDP
2025-09-11T09:00:00Z,APXMIDP,2025-09-11,21,-1.67,2401.05,APXMIDP
2025-09-11T08:30:00Z,APXMIDP,2025-09-11,20,4.4,2915.1,APXMIDP
2025-09-11T08:00:00Z,APXMIDP,2025-09-11,19,13.8,2867.75,APXMIDP
2025-09-11T07:30:00Z,APXMIDP,2025-09-11,18,25.03,3105.4,APXMIDP
2025-09-11T07:00:00Z,APXMIDP,2025-09-11,17,40.27,3124.65,APXMIDP
2025-09-11T06:30:00Z,APXMIDP,2025-09-11,16,40.94,2509.55,APXMIDP
2025-09-11T06:00:00Z,APXMIDP,2025-09-11,15,35.61,2397.1,APXMIDP
2025-09-11T05:30:00Z,APXMIDP,2025-09-11,14,44.57,2331.0,APXMIDP
2025-09-11T05:00:00Z,APXMIDP,2025-09-11,13,12.58,1598.65,APXMIDP
2025-09-11T04:30:00Z,APXMIDP,2025-09-11,12,3.02,1752.95,APXMIDP
2025-09-11T04:00:00Z,APXMIDP,2025-09-11,11,1.6,1741.75,APXMIDP
2025-09-11T03:30:00Z,APXMIDP,2025-09-11,10,-1.04,1715.1,APXMIDP
2025-09-11T03:00:00Z,APXMIDP,2025-09-11,9,2.49,1928.25,APXMIDP
2025-09-11T02:30:00Z,APXMIDP,2025-09-11,8,7.22,1668.2,APXMIDP
2025-09-11T02:00:00Z,APXMIDP,2025-09-11,7,5.85,1558.8,APXMIDP
2025-09-11T01:30:00Z,APXMIDP,2025-09-11,6,0.36,1923.15,APXMIDP
2025-09-11T01:00:00Z,APXMIDP,2025-09-11,5,-0.28,2109.6,APXMIDP
2025-09-11T00:30:00Z,APXMIDP,2025-09-11,4,3.62,1987.6,APXMIDP
2025-09-11T00:00:00Z,APXMIDP,2025-09-11,3,-1.09,1834.7,APXMIDP
2025-09-10T23:30:00Z,APXMIDP,2025-09-11,2,-3.93,2074.25,APXMIDP
2025-09-10T23:00:00Z,APXMIDP,2025-09-11,1,-0.65,2251.4,APXMIDP
2025-09-10T22:30:00Z,APXMIDP,2025-09-10,48,-2.92,2351.6,APXMIDP
2025-09-10T22:00:00Z,APXMIDP,2025-09-10,47,-7.25,1943.85,APXMIDP
2025-09-10T21:30:00Z,APXMIDP,2025-09-10,46,18.22,2333.75,APXMIDP
2025-09-10T21:00:00Z,APXMIDP,2025-09-10,45,31.28,2379.95,APXMIDP
2025-09-10T20:30:00Z,APXMIDP,2025-09-10,44,41.27,2214.05,APXMIDP
2025-09-10T20:00:00Z,APXMIDP,2025-09-10,43,69.59,2280.5,APXMIDP
2025-09-10T19:30:00Z,APXMIDP,2025-09-10,42,87.06,3023.85,APXMIDP
2025-09-10T19:00:00Z,APXMIDP,2025-09-10,41,92.33,3077.75,APXMIDP
2025-09-10T18:30:00Z,APXMIDP,2025-09-10,40,90.23,3057.55,APXMIDP
2025-09-10T18:00:00Z,APXMIDP,2025-09-10,39,92.46,2478.4,APXMIDP
2025-09-24T18:30:00Z,APXMIDP,2025-09-24,40,101.44,3577.05,APXMIDP
2025-09-24T18:00:00Z,APXMIDP,2025-09-24,39,100.03,3369.9,APXMIDP
2025-09-24T17:30:00Z,APXMIDP,2025-09-24,38,95.86,3120.9,APXMIDP
2025-09-24T17:00:00Z,APXMIDP,2025-09-24,37,90.0,2951.45,APXMIDP
2025-09-24T16:30:00Z,APXMIDP,2025-09-24,36,90.46,2832.95,APXMIDP
2025-09-24T16:00:00Z,APXMIDP,2025-09-24,35,85.76,2288.55,APXMIDP
2025-09-24T15:30:00Z,APXMIDP,2025-09-24,34,78.65,2327.5,APXMIDP
2025-09-24T15:00:00Z,APXMIDP,2025-09-24,33,78.48,2316.9,APXMIDP
2025-09-24T14:30:00Z,APXMIDP,2025-09-24,32,77.63,2407.0,APXMIDP
2025-09-24T14:00:00Z,APXMIDP,2025-09-24,31,77.98,2043.6,APXMIDP
2025-09-24T13:30:00Z,APXMIDP,2025-09-24,30,73.47,2990.85,APXMIDP
2025-09-24T13:00:00Z,APXMIDP,2025-09-24,29,71.97,2909.6,APXMIDP
2025-09-24T12:30:00Z,APXMIDP,2025-09-24,28,70.69,2924.7,APXMIDP
2025-09-24T12:00:00Z,APXMIDP,2025-09-24,27,72.48,2855.4,APXMIDP
2025-09-24T11:30:00Z,APXMIDP,2025-09-24,26,70.63,2579.35,APXMIDP
2025-09-24T11:00:00Z,APXMIDP,2025-09-24,25,69.71,2715.2,APXMIDP
2025-09-24T10:30:00Z,APXMIDP,2025-09-24,24,71.56,2501.3,APXMIDP
2025-09-24T10:00:00Z,APXMIDP,2025-09-24,23,74.06,2559.9,APXMIDP
2025-09-24T09:30:00Z,APXMIDP,2025-09-24,22,79.42,2867.6,APXMIDP
2025-09-24T09:00:00Z,APXMIDP,2025-09-24,21,83.91,2816.65,APXMIDP
2025-09-24T08:30:00Z,APXMIDP,2025-09-24,20,95.76,3512.2,APXMIDP
2025-09-24T08:00:00Z,APXMIDP,2025-09-24,19,107.96,3217.65,APXMIDP
2025-09-24T07:30:00Z,APXMIDP,2025-09-24,18,112.61,2618.8,APXMIDP
2025-09-24T07:00:00Z,APXMIDP,2025-09-24,17,108.4,2869.1,APXMIDP
2025-09-24T06:30:00Z,APXMIDP,2025-09-24,16,104.94,2970.4,APXMIDP
2025-09-24T06:00:00Z,APXMIDP,2025-09-24,15,107.1,2076.4,APXMIDP
2025-09-24T05:30:00Z,APXMIDP,2025-09-24,14,101.63,2693.8,APXMIDP
2025-09-24T05:00:00Z,APXMIDP,2025-09-24,13,96.46,2129.75,APXMIDP
2025-09-24T04:30:00Z,APXMIDP,2025-09-24,12,82.93,1857.65,APXMIDP
2025-09-24T04:00:00Z,APXMIDP,2025-09-24,11,86.6,1912.15,APXMIDP
2025-09-24T03:30:00Z,APXMIDP,2025-09-24,10,82.29,2071.25,APXMIDP
2025-09-24T03:00:00Z,APXMIDP,2025-09-24,9,85.88,1937.7,APXMIDP
2025-09-24T02:30:00Z,APXMIDP,2025-09-24,8,76.73,1731.1,APXMIDP
2025-09-24T02:00:00Z,APXMIDP,2025-09-24,7,74.42,1788.05,APXMIDP
2025-09-24T01:30:00Z,APXMIDP,2025-09-24,6,75.74,1688.3,APXMIDP
2025-09-24T01:00:00Z,APXMIDP,2025-09-24,5,75.56,1774.45,APXMIDP
2025-09-24T00:30:00Z,APXMIDP,2025-09-24,4,74.49,1572.8,APXMIDP
2025-09-24T00:00:00Z,APXMIDP,2025-09-24,3,76.4,1890.35,APXMIDP
2025-09-23T23:30:00Z,APXMIDP,2025-09-24,2,72.75,1197.15,APXMIDP
2025-09-23T23:00:00Z,APXMIDP,2025-09-24,1,73.75,1228.65,APXMIDP
2025-09-23T22:30:00Z,APXMIDP,2025-09-23,48,76.67,1248.8,APXMIDP
2025-09-23T22:00:00Z,APXMIDP,2025-09-23,47,82.41,1332.9,APXMIDP
2025-09-23T21:30:00Z,APXMIDP,2025-09-23,46,83.96,2553.75,APXMIDP
2025-09-23T21:00:00Z,APXMIDP,2025-09-23,45,88.41,2369.35,APXMIDP
2025-09-23T20:30:00Z,APXMIDP,2025-09-23,44,86.52,2709.2,APXMIDP
2025-09-23T20:00:00Z,APXMIDP,2025-09-23,43,91.41,2827.15,APXMIDP
2025-09-23T19:30:00Z,APXMIDP,2025-09-23,42,105.25,3729.55,APXMIDP
2025-09-23T19:00:00Z,APXMIDP,2025-09-23,41,111.18,3956.6,APXMIDP
2025-09-23T18:30:00Z,APXMIDP,2025-09-23,40,109.55,3837.55,APXMIDP
2025-09-23T18:00:00Z,APXMIDP,2025-09-23,39,114.97,3970.1,APXMIDP
2025-09-23T17:30:00Z,APXMIDP,2025-09-23,38,118.2,5341.25,APXMIDP
2025-09-23T17:00:00Z,APXMIDP,2025-09-23,37,115.01,5216.1,APXMIDP
2025-09-23T16:30:00Z,APXMIDP,2025-09-23,36,116.2,4896.85,APXMIDP
2025-09-23T16:00:00Z,APXMIDP,2025-09-23,35,110.78,4461.1,APXMIDP
2025-09-23T15:30:00Z,APXMIDP,2025-09-23,34,93.61,3162.45,APXMIDP
2025-09-23T15:00:00Z,APXMIDP,2025-09-23,33,87.09,2988.45,APXMIDP
2025-09-23T14:30:00Z,APXMIDP,2025-09-23,32,89.05,3242.75,APXMIDP
2025-09-23T14:00:00Z,APXMIDP,2025-09-23,31,88.1,2770.2,APXMIDP
2025-09-23T13:30:00Z,APXMIDP,2025-09-23,30,75.13,3546.15,APXMIDP
2025-09-23T13:00:00Z,APXMIDP,2025-09-23,29,75.61,3563.1,APXMIDP
2025-09-23T12:30:00Z,APXMIDP,2025-09-23,28,75.38,4072.7,APXMIDP
2025-09-23T12:00:00Z,APXMIDP,2025-09-23,27,73.42,3850.2,APXMIDP
2025-09-23T11:30:00Z,APXMIDP,2025-09-23,26,74.06,3911.75,APXMIDP
2025-09-23T11:00:00Z,APXMIDP,2025-09-23,25,75.24,3788.3,APXMIDP
2025-09-23T10:30:00Z,APXMIDP,2025-09-23,24,77.22,3848.5,APXMIDP
2025-09-23T10:00:00Z,APXMIDP,2025-09-23,23,79.81,3970.65,APXMIDP
2025-09-23T09:30:00Z,APXMIDP,2025-09-23,22,80.17,4142.3,APXMIDP
2025-09-23T09:00:00Z,APXMIDP,2025-09-23,21,83.37,3581.7,APXMIDP
2025-09-23T08:30:00Z,APXMIDP,2025-09-23,20,75.32,3060.15,APXMIDP
2025-09-23T08:00:00Z,APXMIDP,2025-09-23,19,86.08,3336.2,APXMIDP
2025-09-23T07:30:00Z,APXMIDP,2025-09-23,18,115.17,3171.6,APXMIDP
2025-09-23T07:00:00Z,APXMIDP,2025-09-23,17,119.45,2841.05,APXMIDP
2025-09-23T06:30:00Z,APXMIDP,2025-09-23,16,130.67,2577.95,APXMIDP
2025-09-23T06:00:00Z,APXMIDP,2025-09-23,15,114.52,2262.35,APXMIDP
2025-09-23T05:30:00Z,APXMIDP,2025-09-23,14,101.34,2014.45,APXMIDP
2025-09-23T05:00:00Z,APXMIDP,2025-09-23,13,87.02,1973.95,APXMIDP
2025-09-23T04:30:00Z,APXMIDP,2025-09-23,12,82.55,1889.45,APXMIDP
2025-09-23T04:00:00Z,APXMIDP,2025-09-23,11,83.95,1516.45,APXMIDP
2025-09-23T03:30:00Z,APXMIDP,2025-09-23,10,85.44,1665.25,APXMIDP
2025-09-23T03:00:00Z,APXMIDP,2025-09-23,9,92.75,1218.95,APXMIDP
2025-09-23T02:30:00Z,APXMIDP,2025-09-23,8,90.25,1528.1,APXMIDP
2025-09-23T02:00:00Z,APXMIDP,2025-09-23,7,93.84,1603.5,APXMIDP
2025-09-23T01:30:00Z,APXMIDP,2025-09-23,6,83.45,1516.0,APXMIDP
2025-09-23T01:00:00Z,APXMIDP,2025-09-23,5,83.21,1493.05,APXMIDP
2025-09-23T00:30:00Z,APXMIDP,2025-09-23,4,84.13,1696.95,APXMIDP
2025-09-23T00:00:00Z,APXMIDP,2025-09-23,3,83.16,1716.15,APXMIDP
2025-09-22T23:30:00Z,APXMIDP,2025-09-23,2,85.67,1618.85,APXMIDP
2025-09-22T23:00:00Z,APXMIDP,2025-09-23,1,86.4,1625.45,APXMIDP
2025-09-22T22:30:00Z,APXMIDP,2025-09-22,48,83.91,1600.5,APXMIDP
2025-09-22T22:00:00Z,APXMIDP,2025-09-22,47,86.51,1548.55,APXMIDP
2025-09-22T21:30:00Z,APXMIDP,2025-09-22,46,79.6,2636.95,APXMIDP
2025-09-22T21:00:00Z,APXMIDP,2025-09-22,45,79.64,2544.55,APXMIDP
2025-09-22T20:30:00Z,APXMIDP,2025-09-22,44,81.24,2445.95,APXMIDP
2025-09-22T20:00:00Z,APXMIDP,2025-09-22,43,82.64,2287.1,APXMIDP
2025-09-22T19:30:00Z,APXMIDP,2025-09-22,42,88.37,2639.2,APXMIDP
2025-09-22T19:00:00Z,APXMIDP,2025-09-22,41,95.73,2697.95,APXMIDP
2025-09-22T18:30:00Z,APXMIDP,2025-09-22,40,103.96,3416.0,APXMIDP
2025-09-22T18:00:00Z,APXMIDP,2025-09-22,39,102.47,3551.4,APXMIDP
2025-09-22T17:30:00Z,APXMIDP,2025-09-22,38,104.57,3125.5,APXMIDP
2025-09-22T17:00:00Z,APXMIDP,2025-09-22,37,98.38,3386.0,APXMIDP
2025-09-22T16:30:00Z,APXMIDP,2025-09-22,36,83.46,3096.0,APXMIDP
2025-09-22T16:00:00Z,APXMIDP,2025-09-22,35,75.75,2897.05,APXMIDP
2025-09-22T15:30:00Z,APXMIDP,2025-09-22,34,62.53,3024.15,APXMIDP
2025-09-22T15:00:00Z,APXMIDP,2025-09-22,33,65.51,2548.4,APXMIDP
2025-09-22T14:30:00Z,APXMIDP,2025-09-22,32,68.06,2262.6,APXMIDP
2025-09-22T14:00:00Z,APXMIDP,2025-09-22,31,63.87,2173.55,APXMIDP
2025-09-22T13:30:00Z,APXMIDP,2025-09-22,30,61.35,3270.7,APXMIDP
2025-09-22T13:00:00Z,APXMIDP,2025-09-22,29,63.8,3405.3,APXMIDP
2025-09-22T12:30:00Z,APXMIDP,2025-09-22,28,62.73,3475.45,APXMIDP
2025-09-22T12:00:00Z,APXMIDP,2025-09-22,27,63.93,3445.9,APXMIDP
2025-09-22T11:30:00Z,APXMIDP,2025-09-22,26,56.77,3527.95,APXMIDP
2025-09-22T11:00:00Z,APXMIDP,2025-09-22,25,58.13,2690.0,APXMIDP
2025-09-22T10:30:00Z,APXMIDP,2025-09-22,24,62.97,2943.8,APXMIDP
2025-09-22T10:00:00Z,APXMIDP,2025-09-22,23,68.72,2616.1,APXMIDP
2025-09-22T09:30:00Z,APXMIDP,2025-09-22,22,75.73,2505.75,APXMIDP
2025-09-22T09:00:00Z,APXMIDP,2025-09-22,21,78.54,2628.5,APXMIDP
2025-09-22T08:30:00Z,APXMIDP,2025-09-22,20,80.08,1988.0,APXMIDP
2025-09-22T08:00:00Z,APXMIDP,2025-09-22,19,85.4,1881.05,APXMIDP
2025-09-22T07:30:00Z,APXMIDP,2025-09-22,18,95.99,2256.1,APXMIDP
2025-09-22T07:00:00Z,APXMIDP,2025-09-22,17,97.65,2187.5,APXMIDP
2025-09-22T06:30:00Z,APXMIDP,2025-09-22,16,98.1,2562.4,APXMIDP
2025-09-22T06:00:00Z,APXMIDP,2025-09-22,15,94.54,2381.0,APXMIDP
2025-09-22T05:30:00Z,APXMIDP,2025-09-22,14,89.69,2120.1,APXMIDP
2025-09-22T05:00:00Z,APXMIDP,2025-09-22,13,85.36,1938.6,APXMIDP
2025-09-22T04:30:00Z,APXMIDP,2025-09-22,12,68.33,2024.2,APXMIDP
2025-09-22T04:00:00Z,APXMIDP,2025-09-22,11,60.64,1724.75,APXMIDP
2025-09-22T03:30:00Z,APXMIDP,2025-09-22,10,66.02,1850.7,APXMIDP
2025-09-22T03:00:00Z,APXMIDP,2025-09-22,9,67.93,1420.85,APXMIDP
2025-09-22T02:30:00Z,APXMIDP,2025-09-22,8,71.83,1333.4,APXMIDP
2025-09-22T02:00:00Z,APXMIDP,2025-09-22,7,72.23,1223.4,APXMIDP
2025-09-22T01:30:00Z,APXMIDP,2025-09-22,6,72.02,1236.05,APXMIDP
2025-09-22T01:00:00Z,APXMIDP,2025-09-22,5,71.39,1267.65,APXMIDP
2025-09-22T00:30:00Z,APXMIDP,2025-09-22,4,69.85,1031.85,APXMIDP
2025-09-22T00:00:00Z,APXMIDP,2025-09-22,3,71.73,995.4,APXMIDP
2025-09-21T23:30:00Z,APXMIDP,2025-09-22,2,72.65,1191.7,APXMIDP
2025-09-21T23:00:00Z,APXMIDP,2025-09-22,1,77.59,1335.55,APXMIDP
2025-09-21T22:30:00Z,APXMIDP,2025-09-21,48,74.38,1407.3,APXMIDP
2025-09-21T22:00:00Z,APXMIDP,2025-09-21,47,86.84,1443.45,APXMIDP
2025-09-21T21:30:00Z,APXMIDP,2025-09-21,46,84.77,1867.05,APXMIDP
2025-09-21T21:00:00Z,APXMIDP,2025-09-21,45,81.6,2036.8,APXMIDP
2025-09-21T20:30:00Z,APXMIDP,2025-09-21,44,87.74,1982.6,APXMIDP
2025-09-21T20:00:00Z,APXMIDP,2025-09-21,43,97.77,2185.05,APXMIDP
2025-09-21T19:30:00Z,APXMIDP,2025-09-21,42,102.37,2384.35,APXMIDP
2025-09-21T19:00:00Z,APXMIDP,2025-09-21,41,103.38,2377.35,APXMIDP
2025-09-21T18:30:00Z,APXMIDP,2025-09-21,40,103.32,2487.15,APXMIDP
2025-09-21T18:00:00Z,APXMIDP,2025-09-21,39,102.0,2274.15,APXMIDP
2025-09-21T17:30:00Z,APXMIDP,2025-09-21,38,95.9,2828.95,APXMIDP
2025-09-21T17:00:00Z,APXMIDP,2025-09-21,37,91.9,2783.45,APXMIDP
2025-09-21T16:30:00Z,APXMIDP,2025-09-21,36,80.66,2773.65,APXMIDP
2025-09-21T16:00:00Z,APXMIDP,2025-09-21,35,79.28,2521.85,APXMIDP
2025-09-21T15:30:00Z,APXMIDP,2025-09-21,34,56.83,2877.4,APXMIDP
2025-09-21T15:00:00Z,APXMIDP,2025-09-21,33,43.7,2724.2,APXMIDP
2025-09-21T14:30:00Z,APXMIDP,2025-09-21,32,35.39,2660.15,APXMIDP
2025-09-21T14:00:00Z,APXMIDP,2025-09-21,31,25.37,3015.6,APXMIDP
2025-09-21T13:30:00Z,APXMIDP,2025-09-21,30,18.7,2984.5,APXMIDP
2025-09-21T13:00:00Z,APXMIDP,2025-09-21,29,-2.46,2508.95,APXMIDP
2025-09-21T12:30:00Z,APXMIDP,2025-09-21,28,-5.82,2833.3,APXMIDP
2025-09-21T12:00:00Z,APXMIDP,2025-09-21,27,-8.41,2657.85,APXMIDP
2025-09-21T11:30:00Z,APXMIDP,2025-09-21,26,-12.12,2065.15,APXMIDP
2025-09-21T11:00:00Z,APXMIDP,2025-09-21,25,-11.73,1874.25,APXMIDP
2025-09-21T10:30:00Z,APXMIDP,2025-09-21,24,-7.59,1709.45,APXMIDP
2025-09-21T10:00:00Z,APXMIDP,2025-09-21,23,-5.11,1767.35,APXMIDP
2025-09-21T09:30:00Z,APXMIDP,2025-09-21,22,-0.6,1668.1,APXMIDP
2025-09-21T09:00:00Z,APXMIDP,2025-09-21,21,0.45,2097.5,APXMIDP
2025-09-21T08:30:00Z,APXMIDP,2025-09-21,20,2.78,1983.95,APXMIDP
2025-09-21T08:00:00Z,APXMIDP,2025-09-21,19,2.42,1538.5,APXMIDP
2025-09-21T07:30:00Z,APXMIDP,2025-09-21,18,8.78,2135.6,APXMIDP
2025-09-21T07:00:00Z,APXMIDP,2025-09-21,17,8.44,2232.3,APXMIDP
2025-09-21T06:30:00Z,APXMIDP,2025-09-21,16,6.54,2688.4,APXMIDP
2025-09-21T06:00:00Z,APXMIDP,2025-09-21,15,9.35,2677.5,APXMIDP
2025-09-21T05:30:00Z,APXMIDP,2025-09-21,14,33.28,2913.55,APXMIDP
2025-09-21T05:00:00Z,APXMIDP,2025-09-21,13,36.8,2478.4,APXMIDP
2025-09-21T04:30:00Z,APXMIDP,2025-09-21,12,34.76,2373.8,APXMIDP
2025-09-21T04:00:00Z,APXMIDP,2025-09-21,11,31.05,2418.05,APXMIDP
2025-09-21T03:30:00Z,APXMIDP,2025-09-21,10,20.99,2532.65,APXMIDP
2025-09-21T03:00:00Z,APXMIDP,2025-09-21,9,13.96,2340.5,APXMIDP
2025-09-21T02:30:00Z,APXMIDP,2025-09-21,8,10.35,2217.5,APXMIDP
2025-09-21T02:00:00Z,APXMIDP,2025-09-21,7,7.62,2195.0,APXMIDP
2025-09-21T01:30:00Z,APXMIDP,2025-09-21,6,12.31,2432.45,APXMIDP
2025-09-21T01:00:00Z,APXMIDP,2025-09-21,5,13.62,2428.75,APXMIDP
2025-09-21T00:30:00Z,APXMIDP,2025-09-21,4,8.27,2497.7,APXMIDP
2025-09-21T00:00:00Z,APXMIDP,2025-09-21,3,5.79,2531.05,APXMIDP
2025-09-20T23:30:00Z,APXMIDP,2025-09-21,2,13.04,2487.35,APXMIDP
2025-09-20T23:00:00Z,APXMIDP,2025-09-21,1,11.6,2773.1,APXMIDP
2025-09-20T22:30:00Z,APXMIDP,2025-09-20,48,11.67,3136.3,APXMIDP
2025-09-20T22:00:00Z,APXMIDP,2025-09-20,47,9.58,2535.9,APXMIDP
2025-09-20T21:30:00Z,APXMIDP,2025-09-20,46,6.31,3276.0,APXMIDP
2025-09-20T21:00:00Z,APXMIDP,2025-09-20,45,6.43,3883.8,APXMIDP
2025-09-20T20:30:00Z,APXMIDP,2025-09-20,44,6.28,3574.1,APXMIDP
2025-09-20T20:00:00Z,APXMIDP,2025-09-20,43,9.5,3216.0,APXMIDP
2025-09-20T19:30:00Z,APXMIDP,2025-09-20,42,18.41,3847.3,APXMIDP
2025-09-20T19:00:00Z,APXMIDP,2025-09-20,41,29.08,3566.85,APXMIDP
2025-09-20T18:30:00Z,APXMIDP,2025-09-20,40,39.17,3534.35,APXMIDP
2025-09-20T18:00:00Z,APXMIDP,2025-09-20,39,48.62,3505.15,APXMIDP
2025-09-20T17:30:00Z,APXMIDP,2025-09-20,38,69.33,3781.9,APXMIDP
2025-09-20T17:00:00Z,APXMIDP,2025-09-20,37,70.52,3658.1,APXMIDP
2025-09-20T16:30:00Z,APXMIDP,2025-09-20,36,67.0,3583.0,APXMIDP
2025-09-20T16:00:00Z,APXMIDP,2025-09-20,35,67.15,3353.5,APXMIDP
2025-09-20T15:30:00Z,APXMIDP,2025-09-20,34,70.58,2255.3,APXMIDP
2025-09-20T15:00:00Z,APXMIDP,2025-09-20,33,71.35,2825.95,APXMIDP
2025-09-20T14:30:00Z,APXMIDP,2025-09-20,32,68.05,2437.2,APXMIDP
2025-09-20T14:00:00Z,APXMIDP,2025-09-20,31,69.24,2424.75,APXMIDP
2025-09-20T13:30:00Z,APXMIDP,2025-09-20,30,75.05,3156.95,APXMIDP
2025-09-20T13:00:00Z,APXMIDP,2025-09-20,29,74.0,3006.75,APXMIDP
2025-09-20T12:30:00Z,APXMIDP,2025-09-20,28,74.41,3237.25,APXMIDP
2025-09-20T12:00:00Z,APXMIDP,2025-09-20,27,79.68,3030.4,APXMIDP
2025-09-20T11:30:00Z,APXMIDP,2025-09-20,26,76.42,3906.55,APXMIDP
2025-09-20T11:00:00Z,APXMIDP,2025-09-20,25,79.48,4122.95,APXMIDP
2025-09-20T10:30:00Z,APXMIDP,2025-09-20,24,92.52,3073.7,APXMIDP
2025-09-20T10:00:00Z,APXMIDP,2025-09-20,23,96.82,3359.45,APXMIDP
2025-09-20T09:30:00Z,APXMIDP,2025-09-20,22,103.54,3248.3,APXMIDP
2025-09-20T09:00:00Z,APXMIDP,2025-09-20,21,104.29,2911.7,APXMIDP
2025-09-20T08:30:00Z,APXMIDP,2025-09-20,20,100.1,2323.9,APXMIDP
2025-09-20T08:00:00Z,APXMIDP,2025-09-20,19,98.07,2414.1,APXMIDP
2025-09-20T07:30:00Z,APXMIDP,2025-09-20,18,97.75,2081.45,APXMIDP
2025-09-20T07:00:00Z,APXMIDP,2025-09-20,17,94.02,2206.2,APXMIDP
2025-09-20T06:30:00Z,APXMIDP,2025-09-20,16,89.97,2198.05,APXMIDP
2025-09-20T06:00:00Z,APXMIDP,2025-09-20,15,90.54,1826.55,APXMIDP
2025-09-20T05:30:00Z,APXMIDP,2025-09-20,14,72.54,1335.1,APXMIDP
2025-09-20T05:00:00Z,APXMIDP,2025-09-20,13,73.82,1050.8,APXMIDP
2025-09-20T04:30:00Z,APXMIDP,2025-09-20,12,78.74,1476.3,APXMIDP
2025-09-20T04:00:00Z,APXMIDP,2025-09-20,11,74.52,1267.3,APXMIDP
2025-09-20T03:30:00Z,APXMIDP,2025-09-20,10,74.43,1318.65,APXMIDP
2025-09-20T03:00:00Z,APXMIDP,2025-09-20,9,78.55,1481.65,APXMIDP
2025-09-20T02:30:00Z,APXMIDP,2025-09-20,8,78.55,1530.6,APXMIDP
2025-09-20T02:00:00Z,APXMIDP,2025-09-20,7,78.19,1676.3,APXMIDP
2025-09-20T01:30:00Z,APXMIDP,2025-09-20,6,83.89,1385.9,APXMIDP
2025-09-20T01:00:00Z,APXMIDP,2025-09-20,5,87.51,1337.85,APXMIDP
2025-09-20T00:30:00Z,APXMIDP,2025-09-20,4,89.76,1191.1,APXMIDP
2025-09-20T00:00:00Z,APXMIDP,2025-09-20,3,90.51,1235.05,APXMIDP
2025-09-19T23:30:00Z,APXMIDP,2025-09-20,2,89.21,1497.75,APXMIDP
2025-09-19T23:00:00Z,APXMIDP,2025-09-20,1,89.92,1666.25,APXMIDP
2025-09-19T22:30:00Z,APXMIDP,2025-09-19,48,90.57,1729.5,APXMIDP
2025-09-19T22:00:00Z,APXMIDP,2025-09-19,47,88.69,1860.2,APXMIDP
2025-09-19T21:30:00Z,APXMIDP,2025-09-19,46,82.36,3493.25,APXMIDP
2025-09-19T21:00:00Z,APXMIDP,2025-09-19,45,83.05,3103.7,APXMIDP
2025-09-19T20:30:00Z,APXMIDP,2025-09-19,44,84.27,3373.5,APXMIDP
2025-09-19T20:00:00Z,APXMIDP,2025-09-19,43,87.22,3754.95,APXMIDP
2025-09-19T19:30:00Z,APXMIDP,2025-09-19,42,98.91,3091.8,APXMIDP
2025-09-19T19:00:00Z,APXMIDP,2025-09-19,41,108.46,3418.1,APXMIDP
2025-09-19T18:30:00Z,APXMIDP,2025-09-19,40,118.07,4317.05,APXMIDP
2025-09-19T18:00:00Z,APXMIDP,2025-09-19,39,116.76,4000.15,APXMIDP
2025-09-19T17:30:00Z,APXMIDP,2025-09-19,38,127.02,3618.2,APXMIDP
2025-09-19T17:00:00Z,APXMIDP,2025-09-19,37,123.03,3438.2,APXMIDP
2025-09-19T16:30:00Z,APXMIDP,2025-09-19,36,117.57,3826.7,APXMIDP
2025-09-19T16:00:00Z,APXMIDP,2025-09-19,35,115.15,3702.65,APXMIDP
2025-09-19T15:30:00Z,APXMIDP,2025-09-19,34,95.43,3133.9,APXMIDP
2025-09-19T15:00:00Z,APXMIDP,2025-09-19,33,94.11,2963.2,APXMIDP
2025-09-19T14:30:00Z,APXMIDP,2025-09-19,32,93.56,2909.7,APXMIDP
2025-09-19T14:00:00Z,APXMIDP,2025-09-19,31,88.43,2851.6,APXMIDP
2025-09-19T13:30:00Z,APXMIDP,2025-09-19,30,73.64,3677.8,APXMIDP
2025-09-19T13:00:00Z,APXMIDP,2025-09-19,29,68.0,3121.25,APXMIDP
2025-09-19T12:30:00Z,APXMIDP,2025-09-19,28,65.23,3078.45,APXMIDP
2025-09-19T12:00:00Z,APXMIDP,2025-09-19,27,60.92,2941.95,APXMIDP
2025-09-19T11:30:00Z,APXMIDP,2025-09-19,26,55.2,3351.8,APXMIDP
2025-09-19T11:00:00Z,APXMIDP,2025-09-19,25,60.24,3246.55,APXMIDP
2025-09-19T10:30:00Z,APXMIDP,2025-09-19,24,58.61,2625.6,APXMIDP
2025-09-19T10:00:00Z,APXMIDP,2025-09-19,23,61.58,3036.0,APXMIDP
2025-09-19T09:30:00Z,APXMIDP,2025-09-19,22,78.12,2567.55,APXMIDP
2025-09-19T09:00:00Z,APXMIDP,2025-09-19,21,81.61,2644.05,APXMIDP
2025-09-19T08:30:00Z,APXMIDP,2025-09-19,20,81.52,2595.55,APXMIDP
2025-09-19T08:00:00Z,APXMIDP,2025-09-19,19,81.63,2408.8,APXMIDP
2025-09-19T07:30:00Z,APXMIDP,2025-09-19,18,84.83,2758.55,APXMIDP
2025-09-19T07:00:00Z,APXMIDP,2025-09-19,17,86.02,2759.7,APXMIDP
2025-09-19T06:30:00Z,APXMIDP,2025-09-19,16,94.85,2651.15,APXMIDP
2025-09-19T06:00:00Z,APXMIDP,2025-09-19,15,85.25,2840.85,APXMIDP
2025-09-19T05:30:00Z,APXMIDP,2025-09-19,14,60.87,2438.35,APXMIDP
2025-09-19T05:00:00Z,APXMIDP,2025-09-19,13,30.11,2512.9,APXMIDP
2025-09-19T04:30:00Z,APXMIDP,2025-09-19,12,13.82,2037.5,APXMIDP
2025-09-19T04:00:00Z,APXMIDP,2025-09-19,11,2.7,2123.85,APXMIDP
2025-09-19T03:30:00Z,APXMIDP,2025-09-19,10,-1.25,1654.55,APXMIDP
2025-09-19T03:00:00Z,APXMIDP,2025-09-19,9,0.71,1715.5,APXMIDP
2025-09-19T02:30:00Z,APXMIDP,2025-09-19,8,0.48,1852.65,APXMIDP
2025-09-19T02:00:00Z,APXMIDP,2025-09-19,7,2.61,1910.3,APXMIDP
2025-09-19T01:30:00Z,APXMIDP,2025-09-19,6,8.38,2304.85,APXMIDP
2025-09-19T01:00:00Z,APXMIDP,2025-09-19,5,11.71,2477.3,APXMIDP
2025-09-19T00:30:00Z,APXMIDP,2025-09-19,4,16.06,2253.7,APXMIDP
2025-09-19T00:00:00Z,APXMIDP,2025-09-19,3,19.1,2517.75,APXMIDP
2025-09-18T23:30:00Z,APXMIDP,2025-09-19,2,21.51,2535.25,APXMIDP
2025-09-18T23:00:00Z,APXMIDP,2025-09-19,1,27.81,2514.2,APXMIDP
2025-09-18T22:30:00Z,APXMIDP,2025-09-18,48,27.89,2135.7,APXMIDP
2025-09-18T22:00:00Z,APXMIDP,2025-09-18,47,43.96,2369.55,APXMIDP
2025-09-18T21:30:00Z,APXMIDP,2025-09-18,46,69.77,2564.45,APXMIDP
2025-09-18T21:00:00Z,APXMIDP,2025-09-18,45,81.06,2407.1,APXMIDP
2025-09-18T20:30:00Z,APXMIDP,2025-09-18,44,83.06,2474.8,APXMIDP
2025-09-18T20:00:00Z,APXMIDP,2025-09-18,43,82.22,2759.8,APXMIDP
2025-09-18T19:30:00Z,APXMIDP,2025-09-18,42,89.65,3089.15,APXMIDP
2025-09-18T19:00:00Z,APXMIDP,2025-09-18,41,96.14,3484.15,APXMIDP
2025-09-18T18:30:00Z,APXMIDP,2025-09-18,40,107.5,3775.55,APXMIDP
2025-09-18T18:00:00Z,APXMIDP,2025-09-18,39,106.53,3798.4,APXMIDP
2025-09-18T17:30:00Z,APXMIDP,2025-09-18,38,110.72,5091.4,APXMIDP
2025-09-18T17:00:00Z,APXMIDP,2025-09-18,37,106.35,5208.4,APXMIDP
2025-09-18T16:30:00Z,APXMIDP,2025-09-18,36,102.36,4972.85,APXMIDP
2025-09-18T16:00:00Z,APXMIDP,2025-09-18,35,90.56,4617.5,APXMIDP
2025-09-18T15:30:00Z,APXMIDP,2025-09-18,34,78.93,4178.65,APXMIDP
2025-09-18T15:00:00Z,APXMIDP,2025-09-18,33,81.73,3916.35,APXMIDP
2025-09-18T14:30:00Z,APXMIDP,2025-09-18,32,80.66,4635.6,APXMIDP
2025-09-18T14:00:00Z,APXMIDP,2025-09-18,31,79.28,4727.45,APXMIDP
2025-09-18T13:30:00Z,APXMIDP,2025-09-18,30,65.74,4727.7,APXMIDP
2025-09-18T13:00:00Z,APXMIDP,2025-09-18,29,62.07,4548.0,APXMIDP
2025-09-18T12:30:00Z,APXMIDP,2025-09-18,28,61.17,4012.75,APXMIDP
2025-09-18T12:00:00Z,APXMIDP,2025-09-18,27,62.62,4096.45,APXMIDP
2025-09-18T11:30:00Z,APXMIDP,2025-09-18,26,62.74,4405.75,APXMIDP
2025-09-18T11:00:00Z,APXMIDP,2025-09-18,25,61.8,3893.75,APXMIDP
2025-09-18T10:30:00Z,APXMIDP,2025-09-18,24,53.68,3421.6,APXMIDP
2025-09-18T10:00:00Z,APXMIDP,2025-09-18,23,52.51,3195.8,APXMIDP
2025-09-18T09:30:00Z,APXMIDP,2025-09-18,22,61.24,2879.45,APXMIDP
2025-09-18T09:00:00Z,APXMIDP,2025-09-18,21,64.54,3037.4,APXMIDP
2025-09-18T08:30:00Z,APXMIDP,2025-09-18,20,64.59,2986.3,APXMIDP
2025-09-18T08:00:00Z,APXMIDP,2025-09-18,19,78.23,3130.8,APXMIDP
2025-09-18T07:30:00Z,APXMIDP,2025-09-18,18,85.28,3001.15,APXMIDP
2025-09-18T07:00:00Z,APXMIDP,2025-09-18,17,84.55,2858.4,APXMIDP
2025-09-18T06:30:00Z,APXMIDP,2025-09-18,16,96.09,2428.2,APXMIDP
2025-09-18T06:00:00Z,APXMIDP,2025-09-18,15,84.12,2665.7,APXMIDP
2025-09-18T05:30:00Z,APXMIDP,2025-09-18,14,80.39,2868.95,APXMIDP
2025-09-18T05:00:00Z,APXMIDP,2025-09-18,13,60.79,2272.45,APXMIDP
2025-09-18T04:30:00Z,APXMIDP,2025-09-18,12,50.83,2620.75,APXMIDP
2025-09-18T04:00:00Z,APXMIDP,2025-09-18,11,42.86,2223.65,APXMIDP
2025-09-18T03:30:00Z,APXMIDP,2025-09-18,10,30.97,2405.3,APXMIDP
2025-09-18T03:00:00Z,APXMIDP,2025-09-18,9,26.88,2299.0,APXMIDP
2025-09-18T02:30:00Z,APXMIDP,2025-09-18,8,23.3,2606.85,APXMIDP
2025-09-18T02:00:00Z,APXMIDP,2025-09-18,7,23.11,2451.6,APXMIDP
2025-09-18T01:30:00Z,APXMIDP,2025-09-18,6,27.9,2534.9,APXMIDP
2025-09-18T01:00:00Z,APXMIDP,2025-09-18,5,17.75,2059.15,APXMIDP
2025-09-18T00:30:00Z,APXMIDP,2025-09-18,4,23.19,2087.45,APXMIDP
2025-09-18T00:00:00Z,APXMIDP,2025-09-18,3,21.3,1850.75,APXMIDP
2025-09-17T23:30:00Z,APXMIDP,2025-09-18,2,22.78,1579.8,APXMIDP
2025-09-17T23:00:00Z,APXMIDP,2025-09-18,1,27.49,1888.1,APXMIDP
2025-09-17T22:30:00Z,APXMIDP,2025-09-17,48,22.48,1753.2,APXMIDP
2025-09-17T22:00:00Z,APXMIDP,2025-09-17,47,23.64,1863.05,APXMIDP
2025-09-17T21:30:00Z,APXMIDP,2025-09-17,46,32.66,2850.05,APXMIDP
2025-09-17T21:00:00Z,APXMIDP,2025-09-17,45,50.63,3251.15,APXMIDP
2025-09-17T20:30:00Z,APXMIDP,2025-09-17,44,46.96,2931.05,APXMIDP
2025-09-17T20:00:00Z,APXMIDP,2025-09-17,43,66.7,3423.7,APXMIDP
2025-09-17T19:30:00Z,APXMIDP,2025-09-17,42,69.12,3631.9,APXMIDP
2025-09-17T19:00:00Z,APXMIDP,2025-09-17,41,77.81,3428.7,APXMIDP
2025-09-17T18:30:00Z,APXMIDP,2025-09-17,40,75.91,3839.85,APXMIDP
2025-10-01T19:00:00Z,APXMIDP,2025-10-01,41,95.98,3275.95,APXMIDP
2025-10-01T18:30:00Z,APXMIDP,2025-10-01,40,108.85,3122.2,APXMIDP
2025-10-01T18:00:00Z,APXMIDP,2025-10-01,39,113.32,2844.0,APXMIDP
2025-10-01T17:30:00Z,APXMIDP,2025-10-01,38,118.23,3312.15,APXMIDP
2025-10-01T17:00:00Z,APXMIDP,2025-10-01,37,115.22,3008.15,APXMIDP
2025-10-01T16:30:00Z,APXMIDP,2025-10-01,36,111.51,2569.1,APXMIDP
2025-10-01T16:00:00Z,APXMIDP,2025-10-01,35,101.88,2908.25,APXMIDP
2025-10-01T15:30:00Z,APXMIDP,2025-10-01,34,80.28,2768.2,APXMIDP
2025-10-01T15:00:00Z,APXMIDP,2025-10-01,33,81.58,2732.45,APXMIDP
2025-10-01T14:30:00Z,APXMIDP,2025-10-01,32,77.1,2983.05,APXMIDP
2025-10-01T14:00:00Z,APXMIDP,2025-10-01,31,79.81,2715.65,APXMIDP
2025-10-01T13:30:00Z,APXMIDP,2025-10-01,30,68.7,3538.25,APXMIDP
2025-10-01T13:00:00Z,APXMIDP,2025-10-01,29,71.88,3639.4,APXMIDP
2025-10-01T12:30:00Z,APXMIDP,2025-10-01,28,67.75,3033.85,APXMIDP
2025-10-01T12:00:00Z,APXMIDP,2025-10-01,27,68.35,3125.55,APXMIDP
2025-10-01T11:30:00Z,APXMIDP,2025-10-01,26,73.58,3392.1,APXMIDP
2025-10-01T11:00:00Z,APXMIDP,2025-10-01,25,78.39,3565.2,APXMIDP
2025-10-01T10:30:00Z,APXMIDP,2025-10-01,24,78.75,3245.35,APXMIDP
2025-10-01T10:00:00Z,APXMIDP,2025-10-01,23,78.03,3271.6,APXMIDP
2025-10-01T09:30:00Z,APXMIDP,2025-10-01,22,76.76,2852.4,APXMIDP
2025-10-01T09:00:00Z,APXMIDP,2025-10-01,21,73.99,2663.65,APXMIDP
2025-10-01T08:30:00Z,APXMIDP,2025-10-01,20,78.79,2710.85,APXMIDP
2025-10-01T08:00:00Z,APXMIDP,2025-10-01,19,82.32,2566.45,APXMIDP
2025-10-01T07:30:00Z,APXMIDP,2025-10-01,18,101.26,2600.6,APXMIDP
2025-10-01T07:00:00Z,APXMIDP,2025-10-01,17,101.52,2259.05,APXMIDP
2025-10-01T06:30:00Z,APXMIDP,2025-10-01,16,108.65,2066.25,APXMIDP
2025-10-01T06:00:00Z,APXMIDP,2025-10-01,15,99.34,1752.25,APXMIDP
2025-10-01T05:30:00Z,APXMIDP,2025-10-01,14,79.92,1976.55,APXMIDP
2025-10-01T05:00:00Z,APXMIDP,2025-10-01,13,70.61,1973.5,APXMIDP
2025-10-01T04:30:00Z,APXMIDP,2025-10-01,12,67.27,1414.9,APXMIDP
2025-10-01T04:00:00Z,APXMIDP,2025-10-01,11,68.75,1713.15,APXMIDP
2025-10-01T03:30:00Z,APXMIDP,2025-10-01,10,69.5,1741.7,APXMIDP
2025-10-01T03:00:00Z,APXMIDP,2025-10-01,9,68.52,1558.6,APXMIDP
2025-10-01T02:30:00Z,APXMIDP,2025-10-01,8,68.5,1667.5,APXMIDP
2025-10-01T02:00:00Z,APXMIDP,2025-10-01,7,69.54,1420.05,APXMIDP
2025-10-01T01:30:00Z,APXMIDP,2025-10-01,6,73.15,1744.8,APXMIDP
2025-10-01T01:00:00Z,APXMIDP,2025-10-01,5,75.54,1505.7,APXMIDP
2025-10-01T00:30:00Z,APXMIDP,2025-10-01,4,75.94,1620.75,APXMIDP
2025-10-01T00:00:00Z,APXMIDP,2025-10-01,3,73.99,1496.15,APXMIDP
2025-09-30T23:30:00Z,APXMIDP,2025-10-01,2,67.16,1454.0,APXMIDP
2025-09-30T23:00:00Z,APXMIDP,2025-10-01,1,73.32,1217.15,APXMIDP
2025-09-30T22:30:00Z,APXMIDP,2025-09-30,48,75.06,1882.9,APXMIDP
2025-09-30T22:00:00Z,APXMIDP,2025-09-30,47,79.51,1685.2,APXMIDP
2025-09-30T21:30:00Z,APXMIDP,2025-09-30,46,79.58,3339.9,APXMIDP
2025-09-30T21:00:00Z,APXMIDP,2025-09-30,45,76.63,2520.45,APXMIDP
2025-09-30T20:30:00Z,APXMIDP,2025-09-30,44,75.27,2693.15,APXMIDP
2025-09-30T20:00:00Z,APXMIDP,2025-09-30,43,78.73,2424.2,APXMIDP
2025-09-30T19:30:00Z,APXMIDP,2025-09-30,42,85.27,2886.1,APXMIDP
2025-09-30T19:00:00Z,APXMIDP,2025-09-30,41,94.07,2741.95,APXMIDP
2025-09-30T18:30:00Z,APXMIDP,2025-09-30,40,98.23,3008.05,APXMIDP
2025-09-30T18:00:00Z,APXMIDP,2025-09-30,39,103.47,3497.2,APXMIDP
2025-09-30T17:30:00Z,APXMIDP,2025-09-30,38,119.77,3598.95,APXMIDP
2025-09-30T17:00:00Z,APXMIDP,2025-09-30,37,121.23,3435.95,APXMIDP
2025-09-30T16:30:00Z,APXMIDP,2025-09-30,36,119.63,3247.6,APXMIDP
2025-09-30T16:00:00Z,APXMIDP,2025-09-30,35,109.96,3233.45,APXMIDP
2025-09-30T15:30:00Z,APXMIDP,2025-09-30,34,89.68,3112.55,APXMIDP
2025-09-30T15:00:00Z,APXMIDP,2025-09-30,33,84.7,3050.0,APXMIDP
2025-09-30T14:30:00Z,APXMIDP,2025-09-30,32,82.43,2760.2,APXMIDP
2025-09-30T14:00:00Z,APXMIDP,2025-09-30,31,74.71,2761.05,APXMIDP
2025-09-30T13:30:00Z,APXMIDP,2025-09-30,30,71.88,3651.75,APXMIDP
2025-09-30T13:00:00Z,APXMIDP,2025-09-30,29,73.92,3423.1,APXMIDP
2025-09-30T12:30:00Z,APXMIDP,2025-09-30,28,71.0,3115.35,APXMIDP
2025-09-30T12:00:00Z,APXMIDP,2025-09-30,27,70.18,3092.35,APXMIDP
2025-09-30T11:30:00Z,APXMIDP,2025-09-30,26,71.08,2726.0,APXMIDP
2025-09-30T11:00:00Z,APXMIDP,2025-09-30,25,73.99,2813.0,APXMIDP
2025-09-30T10:30:00Z,APXMIDP,2025-09-30,24,71.63,2552.95,APXMIDP
2025-09-30T10:00:00Z,APXMIDP,2025-09-30,23,77.08,3274.6,APXMIDP
2025-09-30T09:30:00Z,APXMIDP,2025-09-30,22,82.1,3429.4,APXMIDP
2025-09-30T09:00:00Z,APXMIDP,2025-09-30,21,77.17,2128.05,APXMIDP
2025-09-30T08:30:00Z,APXMIDP,2025-09-30,20,81.99,2379.75,APXMIDP
2025-09-30T08:00:00Z,APXMIDP,2025-09-30,19,92.74,2887.2,APXMIDP
2025-09-30T07:30:00Z,APXMIDP,2025-09-30,18,107.48,2404.0,APXMIDP
2025-09-30T07:00:00Z,APXMIDP,2025-09-30,17,107.3,2304.6,APXMIDP
2025-09-30T06:30:00Z,APXMIDP,2025-09-30,16,111.46,2080.55,APXMIDP
2025-09-30T06:00:00Z,APXMIDP,2025-09-30,15,106.79,1892.45,APXMIDP
2025-09-30T05:30:00Z,APXMIDP,2025-09-30,14,95.72,1819.1,APXMIDP
2025-09-30T05:00:00Z,APXMIDP,2025-09-30,13,79.32,1358.75,APXMIDP
2025-09-30T04:30:00Z,APXMIDP,2025-09-30,12,73.56,2511.4,APXMIDP
2025-09-30T04:00:00Z,APXMIDP,2025-09-30,11,79.11,2068.95,APXMIDP
2025-09-30T03:30:00Z,APXMIDP,2025-09-30,10,70.49,1813.1,APXMIDP
2025-09-30T03:00:00Z,APXMIDP,2025-09-30,9,69.08,1782.7,APXMIDP
2025-09-30T02:30:00Z,APXMIDP,2025-09-30,8,74.72,1596.0,APXMIDP
2025-09-30T02:00:00Z,APXMIDP,2025-09-30,7,75.84,1496.5,APXMIDP
2025-09-30T01:30:00Z,APXMIDP,2025-09-30,6,75.75,1992.8,APXMIDP
2025-09-30T01:00:00Z,APXMIDP,2025-09-30,5,73.36,1996.45,APXMIDP
2025-09-30T00:30:00Z,APXMIDP,2025-09-30,4,75.11,2050.1,APXMIDP
2025-09-30T00:00:00Z,APXMIDP,2025-09-30,3,77.84,1937.4,APXMIDP
2025-09-29T23:30:00Z,APXMIDP,2025-09-30,2,74.14,1947.4,APXMIDP
2025-09-29T23:00:00Z,APXMIDP,2025-09-30,1,72.96,1616.6,APXMIDP
2025-09-29T22:30:00Z,APXMIDP,2025-09-29,48,75.65,1611.95,APXMIDP
2025-09-29T22:00:00Z,APXMIDP,2025-09-29,47,77.13,1655.45,APXMIDP
2025-09-29T21:30:00Z,APXMIDP,2025-09-29,46,81.4,2845.45,APXMIDP
2025-09-29T21:00:00Z,APXMIDP,2025-09-29,45,86.43,3072.25,APXMIDP
2025-09-29T20:30:00Z,APXMIDP,2025-09-29,44,84.17,3096.9,APXMIDP
2025-09-29T20:00:00Z,APXMIDP,2025-09-29,43,87.13,4002.1,APXMIDP
2025-09-29T19:30:00Z,APXMIDP,2025-09-29,42,91.66,3514.75,APXMIDP
2025-09-29T19:00:00Z,APXMIDP,2025-09-29,41,102.2,3502.4,APXMIDP
2025-09-29T18:30:00Z,APXMIDP,2025-09-29,40,101.34,4350.9,APXMIDP
2025-09-29T18:00:00Z,APXMIDP,2025-09-29,39,107.64,4001.0,APXMIDP
2025-09-29T17:30:00Z,APXMIDP,2025-09-29,38,127.78,4265.25,APXMIDP
2025-09-29T17:00:00Z,APXMIDP,2025-09-29,37,122.64,4643.35,APXMIDP
2025-09-29T16:30:00Z,APXMIDP,2025-09-29,36,126.34,4050.5,APXMIDP
2025-09-29T16:00:00Z,APXMIDP,2025-09-29,35,131.23,3742.15,APXMIDP
2025-09-29T15:30:00Z,APXMIDP,2025-09-29,34,104.08,3051.85,APXMIDP
2025-09-29T15:00:00Z,APXMIDP,2025-09-29,33,101.24,2848.45,APXMIDP
2025-09-29T14:30:00Z,APXMIDP,2025-09-29,32,87.31,2889.05,APXMIDP
2025-09-29T14:00:00Z,APXMIDP,2025-09-29,31,84.89,2407.3,APXMIDP
2025-09-29T13:30:00Z,APXMIDP,2025-09-29,30,72.4,2940.75,APXMIDP
2025-09-29T13:00:00Z,APXMIDP,2025-09-29,29,73.99,3153.35,APXMIDP
2025-09-29T12:30:00Z,APXMIDP,2025-09-29,28,68.54,3099.55,APXMIDP
2025-09-29T12:00:00Z,APXMIDP,2025-09-29,27,66.97,2995.3,APXMIDP
2025-09-29T11:30:00Z,APXMIDP,2025-09-29,26,68.62,2464.95,APXMIDP
2025-09-29T11:00:00Z,APXMIDP,2025-09-29,25,69.21,2540.7,APXMIDP
2025-09-29T10:30:00Z,APXMIDP,2025-09-29,24,71.31,2282.95,APXMIDP
2025-09-29T10:00:00Z,APXMIDP,2025-09-29,23,75.35,2622.7,APXMIDP
2025-09-29T09:30:00Z,APXMIDP,2025-09-29,22,76.81,2947.75,APXMIDP
2025-09-29T09:00:00Z,APXMIDP,2025-09-29,21,78.62,2705.0,APXMIDP
2025-09-29T08:30:00Z,APXMIDP,2025-09-29,20,76.65,2897.25,APXMIDP
2025-09-29T08:00:00Z,APXMIDP,2025-09-29,19,82.02,2237.4,APXMIDP
2025-09-29T07:30:00Z,APXMIDP,2025-09-29,18,105.54,2629.35,APXMIDP
2025-09-29T07:00:00Z,APXMIDP,2025-09-29,17,104.6,2712.75,APXMIDP
2025-09-29T06:30:00Z,APXMIDP,2025-09-29,16,108.17,1884.9,APXMIDP
2025-09-29T06:00:00Z,APXMIDP,2025-09-29,15,100.71,2005.5,APXMIDP
2025-09-29T05:30:00Z,APXMIDP,2025-09-29,14,95.69,1820.8,APXMIDP
2025-09-29T05:00:00Z,APXMIDP,2025-09-29,13,77.64,1631.15,APXMIDP
2025-09-29T04:30:00Z,APXMIDP,2025-09-29,12,72.36,2130.65,APXMIDP
2025-09-29T04:00:00Z,APXMIDP,2025-09-29,11,72.99,1902.05,APXMIDP
2025-09-29T03:30:00Z,APXMIDP,2025-09-29,10,75.54,1604.1,APXMIDP
2025-09-29T03:00:00Z,APXMIDP,2025-09-29,9,79.3,1832.3,APXMIDP
2025-09-29T02:30:00Z,APXMIDP,2025-09-29,8,77.2,1476.0,APXMIDP
2025-09-29T02:00:00Z,APXMIDP,2025-09-29,7,78.31,1550.0,APXMIDP
2025-09-29T01:30:00Z,APXMIDP,2025-09-29,6,77.83,1573.9,APXMIDP
2025-09-29T01:00:00Z,APXMIDP,2025-09-29,5,80.06,1847.45,APXMIDP
2025-09-29T00:30:00Z,APXMIDP,2025-09-29,4,80.12,1837.05,APXMIDP
2025-09-29T00:00:00Z,APXMIDP,2025-09-29,3,80.26,1813.0,APXMIDP
2025-09-28T23:30:00Z,APXMIDP,2025-09-29,2,77.16,1602.6,APXMIDP
2025-09-28T23:00:00Z,APXMIDP,2025-09-29,1,79.03,1363.6,APXMIDP
2025-09-28T22:30:00Z,APXMIDP,2025-09-28,48,81.94,1284.3,APXMIDP
2025-09-28T22:00:00Z,APXMIDP,2025-09-28,47,87.32,1502.9,APXMIDP
2025-09-28T21:30:00Z,APXMIDP,2025-09-28,46,87.32,2091.45,APXMIDP
2025-09-28T21:00:00Z,APXMIDP,2025-09-28,45,91.39,2018.7,APXMIDP
2025-09-28T20:30:00Z,APXMIDP,2025-09-28,44,86.74,1702.45,APXMIDP
2025-09-28T20:00:00Z,APXMIDP,2025-09-28,43,96.93,1951.8,APXMIDP
2025-09-28T19:30:00Z,APXMIDP,2025-09-28,42,115.74,2072.2,APXMIDP
2025-09-28T19:00:00Z,APXMIDP,2025-09-28,41,116.48,1973.9,APXMIDP
2025-09-28T18:30:00Z,APXMIDP,2025-09-28,40,119.57,2268.15,APXMIDP
2025-09-28T18:00:00Z,APXMIDP,2025-09-28,39,119.55,2179.15,APXMIDP
2025-09-28T17:30:00Z,APXMIDP,2025-09-28,38,119.62,2982.9,APXMIDP
2025-09-28T17:00:00Z,APXMIDP,2025-09-28,37,117.57,2728.4,APXMIDP
2025-09-28T16:30:00Z,APXMIDP,2025-09-28,36,123.92,2302.0,APXMIDP
2025-09-28T16:00:00Z,APXMIDP,2025-09-28,35,118.14,2049.3,APXMIDP
2025-09-28T15:30:00Z,APXMIDP,2025-09-28,34,96.49,1892.35,APXMIDP
2025-09-28T15:00:00Z,APXMIDP,2025-09-28,33,83.97,1823.2,APXMIDP
2025-09-28T14:30:00Z,APXMIDP,2025-09-28,32,76.79,1849.1,APXMIDP
2025-09-28T14:00:00Z,APXMIDP,2025-09-28,31,81.2,1823.65,APXMIDP
2025-09-28T13:30:00Z,APXMIDP,2025-09-28,30,79.68,2788.25,APXMIDP
2025-09-28T13:00:00Z,APXMIDP,2025-09-28,29,82.54,2337.55,APXMIDP
2025-09-28T12:30:00Z,APXMIDP,2025-09-28,28,81.07,2396.9,APXMIDP
2025-09-28T12:00:00Z,APXMIDP,2025-09-28,27,80.76,2121.9,APXMIDP
2025-09-28T11:30:00Z,APXMIDP,2025-09-28,26,79.2,2227.35,APXMIDP
2025-09-28T11:00:00Z,APXMIDP,2025-09-28,25,81.75,2114.6,APXMIDP
2025-09-28T10:30:00Z,APXMIDP,2025-09-28,24,84.01,1995.55,APXMIDP
2025-09-28T10:00:00Z,APXMIDP,2025-09-28,23,83.54,1954.35,APXMIDP
2025-09-28T09:30:00Z,APXMIDP,2025-09-28,22,89.08,1834.15,APXMIDP
2025-09-28T09:00:00Z,APXMIDP,2025-09-28,21,90.85,1726.8,APXMIDP
2025-09-28T08:30:00Z,APXMIDP,2025-09-28,20,88.51,1769.05,APXMIDP
2025-09-28T08:00:00Z,APXMIDP,2025-09-28,19,90.77,1703.4,APXMIDP
2025-09-28T07:30:00Z,APXMIDP,2025-09-28,18,86.7,1614.55,APXMIDP
2025-09-28T07:00:00Z,APXMIDP,2025-09-28,17,81.22,2035.9,APXMIDP
2025-09-28T06:30:00Z,APXMIDP,2025-09-28,16,87.75,2020.8,APXMIDP
2025-09-28T06:00:00Z,APXMIDP,2025-09-28,15,86.86,1850.1,APXMIDP
2025-09-28T05:30:00Z,APXMIDP,2025-09-28,14,90.32,1815.4,APXMIDP
2025-09-28T05:00:00Z,APXMIDP,2025-09-28,13,89.02,2064.65,APXMIDP
2025-09-28T04:30:00Z,APXMIDP,2025-09-28,12,88.69,1826.0,APXMIDP
2025-09-28T04:00:00Z,APXMIDP,2025-09-28,11,87.27,1643.2,APXMIDP
2025-09-28T03:30:00Z,APXMIDP,2025-09-28,10,88.33,1515.3,APXMIDP
2025-09-28T03:00:00Z,APXMIDP,2025-09-28,9,88.49,1342.35,APXMIDP
2025-09-28T02:30:00Z,APXMIDP,2025-09-28,8,88.19,1359.45,APXMIDP
2025-09-28T02:00:00Z,APXMIDP,2025-09-28,7,86.31,1293.5,APXMIDP
2025-09-28T01:30:00Z,APXMIDP,2025-09-28,6,83.73,1900.4,APXMIDP
2025-09-28T01:00:00Z,APXMIDP,2025-09-28,5,82.89,1904.45,APXMIDP
2025-09-28T00:30:00Z,APXMIDP,2025-09-28,4,83.0,1794.2,APXMIDP
2025-09-28T00:00:00Z,APXMIDP,2025-09-28,3,81.72,1602.25,APXMIDP
2025-09-27T23:30:00Z,APXMIDP,2025-09-28,2,82.64,2170.65,APXMIDP
2025-09-27T23:00:00Z,APXMIDP,2025-09-28,1,81.58,2032.0,APXMIDP
2025-09-27T22:30:00Z,APXMIDP,2025-09-27,48,78.68,2218.55,APXMIDP
2025-09-27T22:00:00Z,APXMIDP,2025-09-27,47,84.69,1681.7,APXMIDP
2025-09-27T21:30:00Z,APXMIDP,2025-09-27,46,89.99,3003.1,APXMIDP
2025-09-27T21:00:00Z,APXMIDP,2025-09-27,45,93.04,3019.55,APXMIDP
2025-09-27T20:30:00Z,APXMIDP,2025-09-27,44,93.85,3307.0,APXMIDP
2025-09-27T20:00:00Z,APXMIDP,2025-09-27,43,96.3,3279.95,APXMIDP
2025-09-27T19:30:00Z,APXMIDP,2025-09-27,42,99.9,3234.0,APXMIDP
2025-09-27T19:00:00Z,APXMIDP,2025-09-27,41,104.18,3106.35,APXMIDP
2025-09-27T18:30:00Z,APXMIDP,2025-09-27,40,102.95,2875.15,APXMIDP
2025-09-27T18:00:00Z,APXMIDP,2025-09-27,39,101.64,3007.75,APXMIDP
2025-09-27T17:30:00Z,APXMIDP,2025-09-27,38,96.69,3301.2,APXMIDP
2025-09-27T17:00:00Z,APXMIDP,2025-09-27,37,89.69,3041.95,APXMIDP
2025-09-27T16:30:00Z,APXMIDP,2025-09-27,36,82.36,2857.85,APXMIDP
2025-09-27T16:00:00Z,APXMIDP,2025-09-27,35,75.43,2699.25,APXMIDP
2025-09-27T15:30:00Z,APXMIDP,2025-09-27,34,72.49,2905.9,APXMIDP
2025-09-27T15:00:00Z,APXMIDP,2025-09-27,33,71.45,2460.05,APXMIDP
2025-09-27T14:30:00Z,APXMIDP,2025-09-27,32,68.73,2281.95,APXMIDP
2025-09-27T14:00:00Z,APXMIDP,2025-09-27,31,69.16,2401.4,APXMIDP
2025-09-27T13:30:00Z,APXMIDP,2025-09-27,30,67.06,2810.55,APXMIDP
2025-09-27T13:00:00Z,APXMIDP,2025-09-27,29,67.24,2646.0,APXMIDP
2025-09-27T12:30:00Z,APXMIDP,2025-09-27,28,66.82,2841.4,APXMIDP
2025-09-27T12:00:00Z,APXMIDP,2025-09-27,27,67.9,2610.75,APXMIDP
2025-09-27T11:30:00Z,APXMIDP,2025-09-27,26,71.45,2788.95,APXMIDP
2025-09-27T11:00:00Z,APXMIDP,2025-09-27,25,67.51,2483.95,APXMIDP
2025-09-27T10:30:00Z,APXMIDP,2025-09-27,24,68.54,2865.4,APXMIDP
2025-09-27T10:00:00Z,APXMIDP,2025-09-27,23,70.33,2588.4,APXMIDP
2025-09-27T09:30:00Z,APXMIDP,2025-09-27,22,75.48,2590.9,APXMIDP
2025-09-27T09:00:00Z,APXMIDP,2025-09-27,21,77.6,2394.05,APXMIDP
2025-09-27T08:30:00Z,APXMIDP,2025-09-27,20,76.8,2247.1,APXMIDP
2025-09-27T08:00:00Z,APXMIDP,2025-09-27,19,75.22,1821.55,APXMIDP
2025-09-27T07:30:00Z,APXMIDP,2025-09-27,18,78.35,1756.25,APXMIDP
2025-09-27T07:00:00Z,APXMIDP,2025-09-27,17,78.61,1594.95,APXMIDP
2025-09-27T06:30:00Z,APXMIDP,2025-09-27,16,82.75,1862.35,APXMIDP
2025-09-27T06:00:00Z,APXMIDP,2025-09-27,15,81.92,1728.4,APXMIDP
2025-09-27T05:30:00Z,APXMIDP,2025-09-27,14,80.81,1725.95,APXMIDP
2025-09-27T05:00:00Z,APXMIDP,2025-09-27,13,79.58,1701.45,APXMIDP
2025-09-27T04:30:00Z,APXMIDP,2025-09-27,12,75.76,1336.9,APXMIDP
2025-09-27T04:00:00Z,APXMIDP,2025-09-27,11,74.01,1269.0,APXMIDP
2025-09-27T03:30:00Z,APXMIDP,2025-09-27,10,76.05,1295.9,APXMIDP
2025-09-27T03:00:00Z,APXMIDP,2025-09-27,9,75.39,1320.85,APXMIDP
2025-09-27T02:30:00Z,APXMIDP,2025-09-27,8,74.62,1380.15,APXMIDP
2025-09-27T02:00:00Z,APXMIDP,2025-09-27,7,71.63,1503.2,APXMIDP
2025-09-27T01:30:00Z,APXMIDP,2025-09-27,6,72.05,1303.2,APXMIDP
2025-09-27T01:00:00Z,APXMIDP,2025-09-27,5,74.68,1433.4,APXMIDP
2025-09-27T00:30:00Z,APXMIDP,2025-09-27,4,72.92,1174.2,APXMIDP
2025-09-27T00:00:00Z,APXMIDP,2025-09-27,3,72.49,1250.85,APXMIDP
2025-09-26T23:30:00Z,APXMIDP,2025-09-27,2,73.64,1293.75,APXMIDP
2025-09-26T23:00:00Z,APXMIDP,2025-09-27,1,74.96,1284.75,APXMIDP
2025-09-26T22:30:00Z,APXMIDP,2025-09-26,48,72.07,1355.95,APXMIDP
2025-09-26T22:00:00Z,APXMIDP,2025-09-26,47,74.58,1847.3,APXMIDP
2025-09-26T21:30:00Z,APXMIDP,2025-09-26,46,80.54,2310.65,APXMIDP
2025-09-26T21:00:00Z,APXMIDP,2025-09-26,45,82.47,2024.6,APXMIDP
2025-09-26T20:30:00Z,APXMIDP,2025-09-26,44,87.61,2618.5,APXMIDP
2025-09-26T20:00:00Z,APXMIDP,2025-09-26,43,86.57,2319.05,APXMIDP
2025-09-26T19:30:00Z,APXMIDP,2025-09-26,42,78.67,2459.95,APXMIDP
2025-09-26T19:00:00Z,APXMIDP,2025-09-26,41,88.58,2445.05,APXMIDP
2025-09-26T18:30:00Z,APXMIDP,2025-09-26,40,94.83,3133.6,APXMIDP
2025-09-26T18:00:00Z,APXMIDP,2025-09-26,39,95.78,2785.05,APXMIDP
2025-09-26T17:30:00Z,APXMIDP,2025-09-26,38,106.03,2582.85,APXMIDP
2025-09-26T17:00:00Z,APXMIDP,2025-09-26,37,105.79,2603.75,APXMIDP
2025-09-26T16:30:00Z,APXMIDP,2025-09-26,36,104.92,2446.95,APXMIDP
2025-09-26T16:00:00Z,APXMIDP,2025-09-26,35,100.75,2142.7,APXMIDP
2025-09-26T15:30:00Z,APXMIDP,2025-09-26,34,84.96,2211.65,APXMIDP
2025-09-26T15:00:00Z,APXMIDP,2025-09-26,33,81.85,2366.55,APXMIDP
2025-09-26T14:30:00Z,APXMIDP,2025-09-26,32,79.81,2372.75,APXMIDP
2025-09-26T14:00:00Z,APXMIDP,2025-09-26,31,77.91,2717.05,APXMIDP
2025-09-26T13:30:00Z,APXMIDP,2025-09-26,30,73.64,3305.3,APXMIDP
2025-09-26T13:00:00Z,APXMIDP,2025-09-26,29,71.84,3418.65,APXMIDP
2025-09-26T12:30:00Z,APXMIDP,2025-09-26,28,74.74,3022.1,APXMIDP
2025-09-26T12:00:00Z,APXMIDP,2025-09-26,27,74.45,2973.05,APXMIDP
2025-09-26T11:30:00Z,APXMIDP,2025-09-26,26,75.18,3146.6,APXMIDP
2025-09-26T11:00:00Z,APXMIDP,2025-09-26,25,75.53,3418.9,APXMIDP
2025-09-26T10:30:00Z,APXMIDP,2025-09-26,24,72.41,2878.95,APXMIDP
2025-09-26T10:00:00Z,APXMIDP,2025-09-26,23,74.06,2937.2,APXMIDP
2025-09-26T09:30:00Z,APXMIDP,2025-09-26,22,74.7,2701.05,APXMIDP
2025-09-26T09:00:00Z,APXMIDP,2025-09-26,21,73.78,3140.4,APXMIDP
2025-09-26T08:30:00Z,APXMIDP,2025-09-26,20,78.01,2902.95,APXMIDP
2025-09-26T08:00:00Z,APXMIDP,2025-09-26,19,84.79,2852.35,APXMIDP
2025-09-26T07:30:00Z,APXMIDP,2025-09-26,18,97.76,2927.75,APXMIDP
2025-09-26T07:00:00Z,APXMIDP,2025-09-26,17,98.58,2595.35,APXMIDP
2025-09-26T06:30:00Z,APXMIDP,2025-09-26,16,100.65,2976.0,APXMIDP
2025-09-26T06:00:00Z,APXMIDP,2025-09-26,15,93.35,2990.45,APXMIDP
2025-09-26T05:30:00Z,APXMIDP,2025-09-26,14,87.27,2470.25,APXMIDP
2025-09-26T05:00:00Z,APXMIDP,2025-09-26,13,77.84,2134.25,APXMIDP
2025-09-26T04:30:00Z,APXMIDP,2025-09-26,12,75.41,2427.35,APXMIDP
2025-09-26T04:00:00Z,APXMIDP,2025-09-26,11,77.66,2156.6,APXMIDP
2025-09-26T03:30:00Z,APXMIDP,2025-09-26,10,79.9,2168.4,APXMIDP
2025-09-26T03:00:00Z,APXMIDP,2025-09-26,9,80.22,2176.35,APXMIDP
2025-09-26T02:30:00Z,APXMIDP,2025-09-26,8,81.33,1882.25,APXMIDP
2025-09-26T02:00:00Z,APXMIDP,2025-09-26,7,82.57,1843.9,APXMIDP
2025-09-26T01:30:00Z,APXMIDP,2025-09-26,6,78.19,1819.45,APXMIDP
2025-09-26T01:00:00Z,APXMIDP,2025-09-26,5,77.29,1976.75,APXMIDP
2025-09-26T00:30:00Z,APXMIDP,2025-09-26,4,73.22,1882.2,APXMIDP
2025-09-26T00:00:00Z,APXMIDP,2025-09-26,3,71.89,1694.15,APXMIDP
2025-09-25T23:30:00Z,APXMIDP,2025-09-26,2,78.05,2179.2,APXMIDP
2025-09-25T23:00:00Z,APXMIDP,2025-09-26,1,77.9,2097.35,APXMIDP
2025-09-25T22:30:00Z,APXMIDP,2025-09-25,48,76.27,1995.85,APXMIDP
2025-09-25T22:00:00Z,APXMIDP,2025-09-25,47,80.57,2329.85,APXMIDP
2025-09-25T21:30:00Z,APXMIDP,2025-09-25,46,89.52,4175.95,APXMIDP
2025-09-25T21:00:00Z,APXMIDP,2025-09-25,45,88.12,3710.1,APXMIDP
2025-09-25T20:30:00Z,APXMIDP,2025-09-25,44,79.17,3872.95,APXMIDP
2025-09-25T20:00:00Z,APXMIDP,2025-09-25,43,93.01,3813.4,APXMIDP
2025-09-25T19:30:00Z,APXMIDP,2025-09-25,42,106.76,3884.3,APXMIDP
2025-09-25T19:00:00Z,APXMIDP,2025-09-25,41,109.05,3728.9,APXMIDP
2025-09-25T18:30:00Z,APXMIDP,2025-09-25,40,116.02,3665.75,APXMIDP
2025-09-25T18:00:00Z,APXMIDP,2025-09-25,39,115.61,3604.1,APXMIDP
2025-09-25T17:30:00Z,APXMIDP,2025-09-25,38,113.85,4451.9,APXMIDP
2025-09-25T17:00:00Z,APXMIDP,2025-09-25,37,112.51,4142.15,APXMIDP
2025-09-25T16:30:00Z,APXMIDP,2025-09-25,36,107.35,3808.1,APXMIDP
2025-09-25T16:00:00Z,APXMIDP,2025-09-25,35,95.04,3898.75,APXMIDP
2025-09-25T15:30:00Z,APXMIDP,2025-09-25,34,70.61,3371.75,APXMIDP
2025-09-25T15:00:00Z,APXMIDP,2025-09-25,33,72.51,2758.1,APXMIDP
2025-09-25T14:30:00Z,APXMIDP,2025-09-25,32,74.24,3167.4,APXMIDP
2025-09-25T14:00:00Z,APXMIDP,2025-09-25,31,77.19,3127.7,APXMIDP
2025-09-25T13:30:00Z,APXMIDP,2025-09-25,30,71.06,3907.4,APXMIDP
2025-09-25T13:00:00Z,APXMIDP,2025-09-25,29,73.36,3595.65,APXMIDP
2025-09-25T12:30:00Z,APXMIDP,2025-09-25,28,75.64,3444.25,APXMIDP
2025-09-25T12:00:00Z,APXMIDP,2025-09-25,27,76.91,3564.15,APXMIDP
2025-09-25T11:30:00Z,APXMIDP,2025-09-25,26,79.05,3314.6,APXMIDP
2025-09-25T11:00:00Z,APXMIDP,2025-09-25,25,79.51,2671.0,APXMIDP
2025-09-25T10:30:00Z,APXMIDP,2025-09-25,24,76.98,2739.05,APXMIDP
2025-09-25T10:00:00Z,APXMIDP,2025-09-25,23,76.79,3025.3,APXMIDP
2025-09-25T09:30:00Z,APXMIDP,2025-09-25,22,78.7,2518.25,APXMIDP
2025-09-25T09:00:00Z,APXMIDP,2025-09-25,21,84.58,3017.9,APXMIDP
2025-09-25T08:30:00Z,APXMIDP,2025-09-25,20,83.55,2889.0,APXMIDP
2025-09-25T08:00:00Z,APXMIDP,2025-09-25,19,91.47,2689.05,APXMIDP
2025-09-25T07:30:00Z,APXMIDP,2025-09-25,18,105.32,2431.55,APXMIDP
2025-09-25T07:00:00Z,APXMIDP,2025-09-25,17,109.4,2062.8,APXMIDP
2025-09-25T06:30:00Z,APXMIDP,2025-09-25,16,114.26,1901.65,APXMIDP
2025-09-25T06:00:00Z,APXMIDP,2025-09-25,15,111.93,2098.0,APXMIDP
2025-09-25T05:30:00Z,APXMIDP,2025-09-25,14,101.17,2563.15,APXMIDP
2025-09-25T05:00:00Z,APXMIDP,2025-09-25,13,96.92,2248.1,APXMIDP
2025-09-25T04:30:00Z,APXMIDP,2025-09-25,12,80.3,2567.45,APXMIDP
2025-09-25T04:00:00Z,APXMIDP,2025-09-25,11,83.28,1956.35,APXMIDP
2025-09-25T03:30:00Z,APXMIDP,2025-09-25,10,86.71,1785.5,APXMIDP
2025-09-25T03:00:00Z,APXMIDP,2025-09-25,9,88.88,1722.55,APXMIDP
2025-09-25T02:30:00Z,APXMIDP,2025-09-25,8,92.49,1392.35,APXMIDP
2025-09-25T02:00:00Z,APXMIDP,2025-09-25,7,96.81,1422.15,APXMIDP
2025-09-25T01:30:00Z,APXMIDP,2025-09-25,6,94.03,1256.5,APXMIDP
2025-09-25T01:00:00Z,APXMIDP,2025-09-25,5,94.07,1184.3,APXMIDP
2025-09-25T00:30:00Z,APXMIDP,2025-09-25,4,91.31,1246.55,APXMIDP
2025-09-25T00:00:00Z,APXMIDP,2025-09-25,3,90.31,1135.85,APXMIDP
2025-09-24T23:30:00Z,APXMIDP,2025-09-25,2,89.78,1396.55,APXMIDP
2025-09-24T23:00:00Z,APXMIDP,2025-09-25,1,87.25,985.25,APXMIDP
2025-09-24T22:30:00Z,APXMIDP,2025-09-24,48,82.55,1299.8,APXMIDP
2025-09-24T22:00:00Z,APXMIDP,2025-09-24,47,84.49,1480.8,APXMIDP
2025-09-24T21:30:00Z,APXMIDP,2025-09-24,46,88.89,2005.05,APXMIDP
2025-09-24T21:00:00Z,APXMIDP,2025-09-24,45,88.86,2091.7,APXMIDP
2025-09-24T20:30:00Z,APXMIDP,2025-09-24,44,90.09,2081.8,APXMIDP
2025-09-24T20:00:00Z,APXMIDP,2025-09-24,43,90.11,2095.5,APXMIDP
2025-09-24T19:30:00Z,APXMIDP,2025-09-24,42,90.82,2402.5,APXMIDP
2025-09-24T19:00:00Z,APXMIDP,2025-09-24,41,97.58,2734.6,APXMIDP
2025-10-08T19:30:00Z,APXMIDP,2025-10-08,42,91.68,2074.25,APXMIDP
2025-10-08T19:00:00Z,APXMIDP,2025-10-08,41,100.92,1754.55,APXMIDP
2025-10-08T18:30:00Z,APXMIDP,2025-10-08,40,114.39,2145.05,APXMIDP
2025-10-08T18:00:00Z,APXMIDP,2025-10-08,39,119.93,2194.6,APXMIDP
2025-10-08T17:30:00Z,APXMIDP,2025-10-08,38,122.25,2864.7,APXMIDP
2025-10-08T17:00:00Z,APXMIDP,2025-10-08,37,117.37,2551.15,APXMIDP
2025-10-08T16:30:00Z,APXMIDP,2025-10-08,36,106.05,2439.8,APXMIDP
2025-10-08T16:00:00Z,APXMIDP,2025-10-08,35,91.06,2252.8,APXMIDP
2025-10-08T15:30:00Z,APXMIDP,2025-10-08,34,79.89,2205.3,APXMIDP
2025-10-08T15:00:00Z,APXMIDP,2025-10-08,33,76.33,2031.35,APXMIDP
2025-10-08T14:30:00Z,APXMIDP,2025-10-08,32,75.71,2328.3,APXMIDP
2025-10-08T14:00:00Z,APXMIDP,2025-10-08,31,75.22,2512.7,APXMIDP
2025-10-08T13:30:00Z,APXMIDP,2025-10-08,30,77.15,2735.0,APXMIDP
2025-10-08T13:00:00Z,APXMIDP,2025-10-08,29,78.61,3021.2,APXMIDP
2025-10-08T12:30:00Z,APXMIDP,2025-10-08,28,78.62,2790.25,APXMIDP
2025-10-08T12:00:00Z,APXMIDP,2025-10-08,27,76.85,2644.6,APXMIDP
2025-10-08T11:30:00Z,APXMIDP,2025-10-08,26,79.34,2741.15,APXMIDP
2025-10-08T11:00:00Z,APXMIDP,2025-10-08,25,82.26,2879.8,APXMIDP
2025-10-08T10:30:00Z,APXMIDP,2025-10-08,24,82.52,2808.15,APXMIDP
2025-10-08T10:00:00Z,APXMIDP,2025-10-08,23,85.51,2524.7,APXMIDP
2025-10-08T09:30:00Z,APXMIDP,2025-10-08,22,90.87,2339.0,APXMIDP
2025-10-08T09:00:00Z,APXMIDP,2025-10-08,21,92.5,2391.7,APXMIDP
2025-10-08T08:30:00Z,APXMIDP,2025-10-08,20,95.44,2341.6,APXMIDP
2025-10-08T08:00:00Z,APXMIDP,2025-10-08,19,98.26,2374.65,APXMIDP
2025-10-08T07:30:00Z,APXMIDP,2025-10-08,18,112.62,2268.95,APXMIDP
2025-10-08T07:00:00Z,APXMIDP,2025-10-08,17,113.41,1979.6,APXMIDP
2025-10-08T06:30:00Z,APXMIDP,2025-10-08,16,119.46,2327.2,APXMIDP
2025-10-08T06:00:00Z,APXMIDP,2025-10-08,15,114.55,2108.35,APXMIDP
2025-10-08T05:30:00Z,APXMIDP,2025-10-08,14,99.11,2490.0,APXMIDP
2025-10-08T05:00:00Z,APXMIDP,2025-10-08,13,83.67,2106.5,APXMIDP
2025-10-08T04:30:00Z,APXMIDP,2025-10-08,12,77.99,1838.35,APXMIDP
2025-10-08T04:00:00Z,APXMIDP,2025-10-08,11,77.81,1653.35,APXMIDP
2025-10-08T03:30:00Z,APXMIDP,2025-10-08,10,77.05,1839.3,APXMIDP
2025-10-08T03:00:00Z,APXMIDP,2025-10-08,9,73.31,1676.15,APXMIDP
2025-10-08T02:30:00Z,APXMIDP,2025-10-08,8,76.39,1721.15,APXMIDP
2025-10-08T02:00:00Z,APXMIDP,2025-10-08,7,75.16,1528.6,APXMIDP
2025-10-08T01:30:00Z,APXMIDP,2025-10-08,6,80.18,2121.0,APXMIDP
2025-10-08T01:00:00Z,APXMIDP,2025-10-08,5,71.3,1620.4,APXMIDP
2025-10-08T00:30:00Z,APXMIDP,2025-10-08,4,74.71,1249.75,APXMIDP
2025-10-08T00:00:00Z,APXMIDP,2025-10-08,3,77.94,1284.5,APXMIDP
2025-10-07T23:30:00Z,APXMIDP,2025-10-08,2,77.25,1248.15,APXMIDP
2025-10-07T23:00:00Z,APXMIDP,2025-10-08,1,79.01,1149.7,APXMIDP
2025-10-07T22:30:00Z,APXMIDP,2025-10-07,48,77.66,1211.2,APXMIDP
2025-10-07T22:00:00Z,APXMIDP,2025-10-07,47,78.7,1325.85,APXMIDP
2025-10-07T21:30:00Z,APXMIDP,2025-10-07,46,84.16,3004.1,APXMIDP
2025-10-07T21:00:00Z,APXMIDP,2025-10-07,45,84.73,2402.35,APXMIDP
2025-10-07T20:30:00Z,APXMIDP,2025-10-07,44,87.14,2156.6,APXMIDP
2025-10-07T20:00:00Z,APXMIDP,2025-10-07,43,91.74,1937.85,APXMIDP
2025-10-07T19:30:00Z,APXMIDP,2025-10-07,42,102.54,2485.7,APXMIDP
2025-10-07T19:00:00Z,APXMIDP,2025-10-07,41,110.46,2742.15,APXMIDP
2025-10-07T18:30:00Z,APXMIDP,2025-10-07,40,112.48,3084.5,APXMIDP
2025-10-07T18:00:00Z,APXMIDP,2025-10-07,39,120.1,3111.95,APXMIDP
2025-10-07T17:30:00Z,APXMIDP,2025-10-07,38,137.36,3395.8,APXMIDP
2025-10-07T17:00:00Z,APXMIDP,2025-10-07,37,132.5,3451.5,APXMIDP
2025-10-07T16:30:00Z,APXMIDP,2025-10-07,36,123.32,2950.35,APXMIDP
2025-10-07T16:00:00Z,APXMIDP,2025-10-07,35,113.31,2996.95,APXMIDP
2025-10-07T15:30:00Z,APXMIDP,2025-10-07,34,94.32,2818.65,APXMIDP
2025-10-07T15:00:00Z,APXMIDP,2025-10-07,33,91.85,2536.75,APXMIDP
2025-10-07T14:30:00Z,APXMIDP,2025-10-07,32,91.72,2803.95,APXMIDP
2025-10-07T14:00:00Z,APXMIDP,2025-10-07,31,92.03,2501.35,APXMIDP
2025-10-07T13:30:00Z,APXMIDP,2025-10-07,30,79.34,3403.2,APXMIDP
2025-10-07T13:00:00Z,APXMIDP,2025-10-07,29,80.47,3346.85,APXMIDP
2025-10-07T12:30:00Z,APXMIDP,2025-10-07,28,78.75,3074.25,APXMIDP
2025-10-07T12:00:00Z,APXMIDP,2025-10-07,27,81.55,2984.35,APXMIDP
2025-10-07T11:30:00Z,APXMIDP,2025-10-07,26,79.42,3441.15,APXMIDP
2025-10-07T11:00:00Z,APXMIDP,2025-10-07,25,80.52,3590.5,APXMIDP
2025-10-07T10:30:00Z,APXMIDP,2025-10-07,24,81.94,3300.85,APXMIDP
2025-10-07T10:00:00Z,APXMIDP,2025-10-07,23,85.7,3295.7,APXMIDP
2025-10-07T09:30:00Z,APXMIDP,2025-10-07,22,93.27,3233.8,APXMIDP
2025-10-07T09:00:00Z,APXMIDP,2025-10-07,21,94.26,3190.4,APXMIDP
2025-10-07T08:30:00Z,APXMIDP,2025-10-07,20,94.13,2295.95,APXMIDP
2025-10-07T08:00:00Z,APXMIDP,2025-10-07,19,94.07,2542.7,APXMIDP
2025-10-07T07:30:00Z,APXMIDP,2025-10-07,18,101.6,3289.1,APXMIDP
2025-10-07T07:00:00Z,APXMIDP,2025-10-07,17,102.3,2873.05,APXMIDP
2025-10-07T06:30:00Z,APXMIDP,2025-10-07,16,105.26,2193.55,APXMIDP
2025-10-07T06:00:00Z,APXMIDP,2025-10-07,15,84.88,2628.1,APXMIDP
2025-10-07T05:30:00Z,APXMIDP,2025-10-07,14,77.29,2328.9,APXMIDP
2025-10-07T05:00:00Z,APXMIDP,2025-10-07,13,78.24,2328.95,APXMIDP
2025-10-07T04:30:00Z,APXMIDP,2025-10-07,12,72.78,2065.0,APXMIDP
2025-10-07T04:00:00Z,APXMIDP,2025-10-07,11,74.7,1833.7,APXMIDP
2025-10-07T03:30:00Z,APXMIDP,2025-10-07,10,64.53,1913.6,APXMIDP
2025-10-07T03:00:00Z,APXMIDP,2025-10-07,9,65.4,1988.45,APXMIDP
2025-10-07T02:30:00Z,APXMIDP,2025-10-07,8,63.43,1591.25,APXMIDP
2025-10-07T02:00:00Z,APXMIDP,2025-10-07,7,66.4,1787.3,APXMIDP
2025-10-07T01:30:00Z,APXMIDP,2025-10-07,6,69.97,1915.6,APXMIDP
2025-10-07T01:00:00Z,APXMIDP,2025-10-07,5,70.64,1841.85,APXMIDP
2025-10-07T00:30:00Z,APXMIDP,2025-10-07,4,74.57,1888.05,APXMIDP
2025-10-07T00:00:00Z,APXMIDP,2025-10-07,3,76.87,1929.1,APXMIDP
2025-10-06T23:30:00Z,APXMIDP,2025-10-07,2,64.48,2017.05,APXMIDP
2025-10-06T23:00:00Z,APXMIDP,2025-10-07,1,82.81,1973.35,APXMIDP
2025-10-06T22:30:00Z,APXMIDP,2025-10-06,48,86.54,1894.05,APXMIDP
2025-10-06T22:00:00Z,APXMIDP,2025-10-06,47,89.63,1819.9,APXMIDP
2025-10-06T21:30:00Z,APXMIDP,2025-10-06,46,83.57,3270.75,APXMIDP
2025-10-06T21:00:00Z,APXMIDP,2025-10-06,45,72.43,4420.0,APXMIDP
2025-10-06T20:30:00Z,APXMIDP,2025-10-06,44,87.61,2935.9,APXMIDP
2025-10-06T20:00:00Z,APXMIDP,2025-10-06,43,86.6,2760.3,APXMIDP
2025-10-06T19:30:00Z,APXMIDP,2025-10-06,42,100.12,3361.5,APXMIDP
2025-10-06T19:00:00Z,APXMIDP,2025-10-06,41,107.16,3174.75,APXMIDP
2025-10-06T18:30:00Z,APXMIDP,2025-10-06,40,117.93,3441.4,APXMIDP
2025-10-06T18:00:00Z,APXMIDP,2025-10-06,39,123.78,3783.85,APXMIDP
2025-10-06T17:30:00Z,APXMIDP,2025-10-06,38,131.31,3615.05,APXMIDP
2025-10-06T17:00:00Z,APXMIDP,2025-10-06,37,129.57,3208.4,APXMIDP
2025-10-06T16:30:00Z,APXMIDP,2025-10-06,36,114.94,2938.55,APXMIDP
2025-10-06T16:00:00Z,APXMIDP,2025-10-06,35,101.96,2760.65,APXMIDP
2025-10-06T15:30:00Z,APXMIDP,2025-10-06,34,90.3,3053.2,APXMIDP
2025-10-06T15:00:00Z,APXMIDP,2025-10-06,33,87.75,2667.9,APXMIDP
2025-10-06T14:30:00Z,APXMIDP,2025-10-06,32,90.83,2837.1,APXMIDP
2025-10-06T14:00:00Z,APXMIDP,2025-10-06,31,88.16,2904.5,APXMIDP
2025-10-06T13:30:00Z,APXMIDP,2025-10-06,30,83.9,3169.85,APXMIDP
2025-10-06T13:00:00Z,APXMIDP,2025-10-06,29,83.83,3512.65,APXMIDP
2025-10-06T12:30:00Z,APXMIDP,2025-10-06,28,82.03,3640.25,APXMIDP
2025-10-06T12:00:00Z,APXMIDP,2025-10-06,27,77.91,3002.95,APXMIDP
2025-10-06T11:30:00Z,APXMIDP,2025-10-06,26,70.6,3536.55,APXMIDP
2025-10-06T11:00:00Z,APXMIDP,2025-10-06,25,77.01,3671.2,APXMIDP
2025-10-06T10:30:00Z,APXMIDP,2025-10-06,24,81.52,3286.8,APXMIDP
2025-10-06T10:00:00Z,APXMIDP,2025-10-06,23,81.67,2820.1,APXMIDP
2025-10-06T09:30:00Z,APXMIDP,2025-10-06,22,76.46,3573.0,APXMIDP
2025-10-06T09:00:00Z,APXMIDP,2025-10-06,21,81.81,3368.1,APXMIDP
2025-10-06T08:30:00Z,APXMIDP,2025-10-06,20,81.56,3212.6,APXMIDP
2025-10-06T08:00:00Z,APXMIDP,2025-10-06,19,90.05,3037.65,APXMIDP
2025-10-06T07:30:00Z,APXMIDP,2025-10-06,18,95.69,2999.6,APXMIDP
2025-10-06T07:00:00Z,APXMIDP,2025-10-06,17,94.95,2832.85,APXMIDP
2025-10-06T06:30:00Z,APXMIDP,2025-10-06,16,96.45,2829.2,APXMIDP
2025-10-06T06:00:00Z,APXMIDP,2025-10-06,15,92.99,2352.5,APXMIDP
2025-10-06T05:30:00Z,APXMIDP,2025-10-06,14,83.61,3502.0,APXMIDP
2025-10-06T05:00:00Z,APXMIDP,2025-10-06,13,72.39,3317.4,APXMIDP
2025-10-06T04:30:00Z,APXMIDP,2025-10-06,12,77.64,3269.3,APXMIDP
2025-10-06T04:00:00Z,APXMIDP,2025-10-06,11,74.62,3202.2,APXMIDP
2025-10-06T03:30:00Z,APXMIDP,2025-10-06,10,60.1,3133.75,APXMIDP
2025-10-06T03:00:00Z,APXMIDP,2025-10-06,9,56.76,2782.25,APXMIDP
2025-10-06T02:30:00Z,APXMIDP,2025-10-06,8,55.34,2668.4,APXMIDP
2025-10-06T02:00:00Z,APXMIDP,2025-10-06,7,45.7,2226.45,APXMIDP
2025-10-06T01:30:00Z,APXMIDP,2025-10-06,6,35.36,2338.45,APXMIDP
2025-10-06T01:00:00Z,APXMIDP,2025-10-06,5,28.99,2278.3,APXMIDP
2025-10-06T00:30:00Z,APXMIDP,2025-10-06,4,33.78,1944.65,APXMIDP
2025-10-06T00:00:00Z,APXMIDP,2025-10-06,3,31.57,1983.65,APXMIDP
2025-10-05T23:30:00Z,APXMIDP,2025-10-06,2,35.31,1872.6,APXMIDP
2025-10-05T23:00:00Z,APXMIDP,2025-10-06,1,32.25,1940.8,APXMIDP
2025-10-05T22:30:00Z,APXMIDP,2025-10-05,48,32.77,2224.55,APXMIDP
2025-10-05T22:00:00Z,APXMIDP,2025-10-05,47,43.96,2274.05,APXMIDP
2025-10-05T21:30:00Z,APXMIDP,2025-10-05,46,49.98,3189.7,APXMIDP
2025-10-05T21:00:00Z,APXMIDP,2025-10-05,45,75.88,3101.1,APXMIDP
2025-10-05T20:30:00Z,APXMIDP,2025-10-05,44,74.6,2586.4,APXMIDP
2025-10-05T20:00:00Z,APXMIDP,2025-10-05,43,82.21,2485.2,APXMIDP
2025-10-05T19:30:00Z,APXMIDP,2025-10-05,42,96.16,2690.9,APXMIDP
2025-10-05T19:00:00Z,APXMIDP,2025-10-05,41,101.77,2613.25,APXMIDP
2025-10-05T18:30:00Z,APXMIDP,2025-10-05,40,103.61,2523.45,APXMIDP
2025-10-05T18:00:00Z,APXMIDP,2025-10-05,39,103.66,2596.5,APXMIDP
2025-10-05T17:30:00Z,APXMIDP,2025-10-05,38,100.26,2967.55,APXMIDP
2025-10-05T17:00:00Z,APXMIDP,2025-10-05,37,100.28,2641.0,APXMIDP
2025-10-05T16:30:00Z,APXMIDP,2025-10-05,36,96.0,2471.5,APXMIDP
2025-10-05T16:00:00Z,APXMIDP,2025-10-05,35,86.45,2430.05,APXMIDP
2025-10-05T15:30:00Z,APXMIDP,2025-10-05,34,75.1,2489.25,APXMIDP
2025-10-05T15:00:00Z,APXMIDP,2025-10-05,33,36.12,2304.3,APXMIDP
2025-10-05T14:30:00Z,APXMIDP,2025-10-05,32,33.88,2271.7,APXMIDP
2025-10-05T14:00:00Z,APXMIDP,2025-10-05,31,18.47,2817.3,APXMIDP
2025-10-05T13:30:00Z,APXMIDP,2025-10-05,30,4.19,2602.35,APXMIDP
2025-10-05T13:00:00Z,APXMIDP,2025-10-05,29,4.08,2966.9,APXMIDP
2025-10-05T12:30:00Z,APXMIDP,2025-10-05,28,1.06,2798.7,APXMIDP
2025-10-05T12:00:00Z,APXMIDP,2025-10-05,27,1.88,2423.55,APXMIDP
2025-10-05T11:30:00Z,APXMIDP,2025-10-05,26,7.58,2642.6,APXMIDP
2025-10-05T11:00:00Z,APXMIDP,2025-10-05,25,7.14,2803.65,APXMIDP
2025-10-05T10:30:00Z,APXMIDP,2025-10-05,24,5.07,3182.25,APXMIDP
2025-10-05T10:00:00Z,APXMIDP,2025-10-05,23,5.24,2909.4,APXMIDP
2025-10-05T09:30:00Z,APXMIDP,2025-10-05,22,4.39,3191.9,APXMIDP
2025-10-05T09:00:00Z,APXMIDP,2025-10-05,21,6.28,3424.35,APXMIDP
2025-10-05T08:30:00Z,APXMIDP,2025-10-05,20,11.73,3527.1,APXMIDP
2025-10-05T08:00:00Z,APXMIDP,2025-10-05,19,12.25,3320.25,APXMIDP
2025-10-05T07:30:00Z,APXMIDP,2025-10-05,18,8.4,3636.9,APXMIDP
2025-10-05T07:00:00Z,APXMIDP,2025-10-05,17,6.54,3449.85,APXMIDP
2025-10-05T06:30:00Z,APXMIDP,2025-10-05,16,16.0,3007.3,APXMIDP
2025-10-05T06:00:00Z,APXMIDP,2025-10-05,15,13.04,2855.7,APXMIDP
2025-10-05T05:30:00Z,APXMIDP,2025-10-05,14,8.71,2188.55,APXMIDP
2025-10-05T05:00:00Z,APXMIDP,2025-10-05,13,8.72,2063.0,APXMIDP
2025-10-05T04:30:00Z,APXMIDP,2025-10-05,12,5.88,2198.4,APXMIDP
2025-10-05T04:00:00Z,APXMIDP,2025-10-05,11,3.38,1872.7,APXMIDP
2025-10-05T03:30:00Z,APXMIDP,2025-10-05,10,4.28,1455.0,APXMIDP
2025-10-05T03:00:00Z,APXMIDP,2025-10-05,9,3.56,1383.7,APXMIDP
2025-10-05T02:30:00Z,APXMIDP,2025-10-05,8,1.1,1603.5,APXMIDP
2025-10-05T02:00:00Z,APXMIDP,2025-10-05,7,2.91,1769.55,APXMIDP
2025-10-05T01:30:00Z,APXMIDP,2025-10-05,6,2.12,1650.95,APXMIDP
2025-10-05T01:00:00Z,APXMIDP,2025-10-05,5,4.57,1798.7,APXMIDP
2025-10-05T00:30:00Z,APXMIDP,2025-10-05,4,2.64,1712.45,APXMIDP
2025-10-05T00:00:00Z,APXMIDP,2025-10-05,3,3.05,1675.8,APXMIDP
2025-10-04T23:30:00Z,APXMIDP,2025-10-05,2,3.63,1795.05,APXMIDP
2025-10-04T23:00:00Z,APXMIDP,2025-10-05,1,3.2,2055.8,APXMIDP
2025-10-04T22:30:00Z,APXMIDP,2025-10-04,48,0.57,1947.95,APXMIDP
2025-10-04T22:00:00Z,APXMIDP,2025-10-04,47,2.95,2079.55,APXMIDP
2025-10-04T21:30:00Z,APXMIDP,2025-10-04,46,8.18,1899.75,APXMIDP
2025-10-04T21:00:00Z,APXMIDP,2025-10-04,45,14.92,2280.95,APXMIDP
2025-10-04T20:30:00Z,APXMIDP,2025-10-04,44,4.39,1692.35,APXMIDP
2025-10-04T20:00:00Z,APXMIDP,2025-10-04,43,11.14,2114.65,APXMIDP
2025-10-04T19:30:00Z,APXMIDP,2025-10-04,42,8.57,2509.9,APXMIDP
2025-10-04T19:00:00Z,APXMIDP,2025-10-04,41,20.31,2450.55,APXMIDP
2025-10-04T18:30:00Z,APXMIDP,2025-10-04,40,21.57,2476.3,APXMIDP
2025-10-04T18:00:00Z,APXMIDP,2025-10-04,39,20.05,2768.1,APXMIDP
2025-10-04T17:30:00Z,APXMIDP,2025-10-04,38,22.38,3136.95,APXMIDP
2025-10-04T17:00:00Z,APXMIDP,2025-10-04,37,23.08,2466.0,APXMIDP
2025-10-04T16:30:00Z,APXMIDP,2025-10-04,36,23.43,3033.4,APXMIDP
2025-10-04T16:00:00Z,APXMIDP,2025-10-04,35,14.13,2774.2,APXMIDP
2025-10-04T15:30:00Z,APXMIDP,2025-10-04,34,7.86,3784.6,APXMIDP
2025-10-04T15:00:00Z,APXMIDP,2025-10-04,33,7.01,3952.4,APXMIDP
2025-10-04T14:30:00Z,APXMIDP,2025-10-04,32,7.86,3750.35,APXMIDP
2025-10-04T14:00:00Z,APXMIDP,2025-10-04,31,8.4,3333.5,APXMIDP
2025-10-04T13:30:00Z,APXMIDP,2025-10-04,30,7.24,3130.15,APXMIDP
2025-10-04T13:00:00Z,APXMIDP,2025-10-04,29,10.31,3062.05,APXMIDP
2025-10-04T12:30:00Z,APXMIDP,2025-10-04,28,9.59,2939.95,APXMIDP
2025-10-04T12:00:00Z,APXMIDP,2025-10-04,27,12.27,2754.55,APXMIDP
2025-10-04T11:30:00Z,APXMIDP,2025-10-04,26,11.63,2404.55,APXMIDP
2025-10-04T11:00:00Z,APXMIDP,2025-10-04,25,4.38,2315.9,APXMIDP
2025-10-04T10:30:00Z,APXMIDP,2025-10-04,24,4.4,2084.65,APXMIDP
2025-10-04T10:00:00Z,APXMIDP,2025-10-04,23,4.08,2057.45,APXMIDP
2025-10-04T09:30:00Z,APXMIDP,2025-10-04,22,3.02,2681.85,APXMIDP
2025-10-04T09:00:00Z,APXMIDP,2025-10-04,21,3.55,2881.5,APXMIDP
2025-10-04T08:30:00Z,APXMIDP,2025-10-04,20,3.95,2897.2,APXMIDP
2025-10-04T08:00:00Z,APXMIDP,2025-10-04,19,8.2,2973.4,APXMIDP
2025-10-04T07:30:00Z,APXMIDP,2025-10-04,18,8.55,3253.5,APXMIDP
2025-10-04T07:00:00Z,APXMIDP,2025-10-04,17,9.33,3451.55,APXMIDP
2025-10-04T06:30:00Z,APXMIDP,2025-10-04,16,19.78,2781.8,APXMIDP
2025-10-04T06:00:00Z,APXMIDP,2025-10-04,15,18.03,2567.3,APXMIDP
2025-10-04T05:30:00Z,APXMIDP,2025-10-04,14,3.14,2436.3,APXMIDP
2025-10-04T05:00:00Z,APXMIDP,2025-10-04,13,1.44,2461.3,APXMIDP
2025-10-04T04:30:00Z,APXMIDP,2025-10-04,12,0.16,2799.6,APXMIDP
2025-10-04T04:00:00Z,APXMIDP,2025-10-04,11,-0.98,3032.5,APXMIDP
2025-10-04T03:30:00Z,APXMIDP,2025-10-04,10,-1.71,2869.65,APXMIDP
2025-10-04T03:00:00Z,APXMIDP,2025-10-04,9,-0.01,2878.95,APXMIDP
2025-10-04T02:30:00Z,APXMIDP,2025-10-04,8,4.12,2943.25,APXMIDP
2025-10-04T02:00:00Z,APXMIDP,2025-10-04,7,8.26,2701.95,APXMIDP
2025-10-04T01:30:00Z,APXMIDP,2025-10-04,6,3.23,3152.5,APXMIDP
2025-10-04T01:00:00Z,APXMIDP,2025-10-04,5,5.8,3417.05,APXMIDP
2025-10-04T00:30:00Z,APXMIDP,2025-10-04,4,8.76,3368.45,APXMIDP
2025-10-04T00:00:00Z,APXMIDP,2025-10-04,3,13.82,3446.05,APXMIDP
2025-10-03T23:30:00Z,APXMIDP,2025-10-04,2,22.35,3933.2,APXMIDP
2025-10-03T23:00:00Z,APXMIDP,2025-10-04,1,26.03,3686.45,APXMIDP
2025-10-03T22:30:00Z,APXMIDP,2025-10-03,48,26.87,4083.35,APXMIDP
2025-10-03T22:00:00Z,APXMIDP,2025-10-03,47,35.88,4297.8,APXMIDP
2025-10-03T21:30:00Z,APXMIDP,2025-10-03,46,38.38,4228.25,APXMIDP
2025-10-03T21:00:00Z,APXMIDP,2025-10-03,45,58.42,4247.95,APXMIDP
2025-10-03T20:30:00Z,APXMIDP,2025-10-03,44,49.69,4884.05,APXMIDP
2025-10-03T20:00:00Z,APXMIDP,2025-10-03,43,61.4,4393.95,APXMIDP
2025-10-03T19:30:00Z,APXMIDP,2025-10-03,42,64.57,4080.7,APXMIDP
2025-10-03T19:00:00Z,APXMIDP,2025-10-03,41,70.83,3843.15,APXMIDP
2025-10-03T18:30:00Z,APXMIDP,2025-10-03,40,73.25,4204.05,APXMIDP
2025-10-03T18:00:00Z,APXMIDP,2025-10-03,39,74.92,3415.95,APXMIDP
2025-10-03T17:30:00Z,APXMIDP,2025-10-03,38,73.4,3181.6,APXMIDP
2025-10-03T17:00:00Z,APXMIDP,2025-10-03,37,68.91,3491.6,APXMIDP
2025-10-03T16:30:00Z,APXMIDP,2025-10-03,36,59.59,3293.15,APXMIDP
2025-10-03T16:00:00Z,APXMIDP,2025-10-03,35,48.13,3550.3,APXMIDP
2025-10-03T15:30:00Z,APXMIDP,2025-10-03,34,43.92,3017.85,APXMIDP
2025-10-03T15:00:00Z,APXMIDP,2025-10-03,33,34.89,2975.55,APXMIDP
2025-10-03T14:30:00Z,APXMIDP,2025-10-03,32,23.4,2995.05,APXMIDP
2025-10-03T14:00:00Z,APXMIDP,2025-10-03,31,28.08,2961.85,APXMIDP
2025-10-03T13:30:00Z,APXMIDP,2025-10-03,30,47.35,4534.25,APXMIDP
2025-10-03T13:00:00Z,APXMIDP,2025-10-03,29,52.7,4545.0,APXMIDP
2025-10-03T12:30:00Z,APXMIDP,2025-10-03,28,57.7,4316.4,APXMIDP
2025-10-03T12:00:00Z,APXMIDP,2025-10-03,27,65.0,4822.3,APXMIDP
2025-10-03T11:30:00Z,APXMIDP,2025-10-03,26,69.85,4993.7,APXMIDP
2025-10-03T11:00:00Z,APXMIDP,2025-10-03,25,72.23,4862.75,APXMIDP
2025-10-03T10:30:00Z,APXMIDP,2025-10-03,24,79.36,4104.5,APXMIDP
2025-10-03T10:00:00Z,APXMIDP,2025-10-03,23,89.05,4160.5,APXMIDP
2025-10-03T09:30:00Z,APXMIDP,2025-10-03,22,100.69,3127.4,APXMIDP
2025-10-03T09:00:00Z,APXMIDP,2025-10-03,21,103.98,2779.95,APXMIDP
2025-10-03T08:30:00Z,APXMIDP,2025-10-03,20,107.47,2518.4,APXMIDP
2025-10-03T08:00:00Z,APXMIDP,2025-10-03,19,109.35,2369.9,APXMIDP
2025-10-03T07:30:00Z,APXMIDP,2025-10-03,18,109.31,2339.85,APXMIDP
2025-10-03T07:00:00Z,APXMIDP,2025-10-03,17,107.81,2285.45,APXMIDP
2025-10-03T06:30:00Z,APXMIDP,2025-10-03,16,107.54,2438.3,APXMIDP
2025-10-03T06:00:00Z,APXMIDP,2025-10-03,15,100.1,2174.8,APXMIDP
2025-10-03T05:30:00Z,APXMIDP,2025-10-03,14,91.32,2146.35,APXMIDP
2025-10-03T05:00:00Z,APXMIDP,2025-10-03,13,73.99,2071.2,APXMIDP
2025-10-03T04:30:00Z,APXMIDP,2025-10-03,12,53.47,2551.55,APXMIDP
2025-10-03T04:00:00Z,APXMIDP,2025-10-03,11,28.24,2099.65,APXMIDP
2025-10-03T03:30:00Z,APXMIDP,2025-10-03,10,13.48,2193.6,APXMIDP
2025-10-03T03:00:00Z,APXMIDP,2025-10-03,9,10.23,2259.3,APXMIDP
2025-10-03T02:30:00Z,APXMIDP,2025-10-03,8,9.09,2496.3,APXMIDP
2025-10-03T02:00:00Z,APXMIDP,2025-10-03,7,7.3,2556.9,APXMIDP
2025-10-03T01:30:00Z,APXMIDP,2025-10-03,6,12.36,2184.2,APXMIDP
2025-10-03T01:00:00Z,APXMIDP,2025-10-03,5,13.22,2417.2,APXMIDP
2025-10-03T00:30:00Z,APXMIDP,2025-10-03,4,14.31,2493.25,APXMIDP
2025-10-03T00:00:00Z,APXMIDP,2025-10-03,3,12.57,2222.65,APXMIDP
2025-10-02T23:30:00Z,APXMIDP,2025-10-03,2,18.11,2683.45,APXMIDP
2025-10-02T23:00:00Z,APXMIDP,2025-10-03,1,19.12,2436.45,APXMIDP
2025-10-02T22:30:00Z,APXMIDP,2025-10-02,48,21.0,2517.7,APXMIDP
2025-10-02T22:00:00Z,APXMIDP,2025-10-02,47,25.54,2550.85,APXMIDP
2025-10-02T21:30:00Z,APXMIDP,2025-10-02,46,28.53,2514.25,APXMIDP
2025-10-02T21:00:00Z,APXMIDP,2025-10-02,45,44.71,2686.85,APXMIDP
2025-10-02T20:30:00Z,APXMIDP,2025-10-02,44,52.34,3204.15,APXMIDP
2025-10-02T20:00:00Z,APXMIDP,2025-10-02,43,74.84,2688.45,APXMIDP
2025-10-02T19:30:00Z,APXMIDP,2025-10-02,42,70.39,2670.15,APXMIDP
2025-10-02T19:00:00Z,APXMIDP,2025-10-02,41,70.41,3069.7,APXMIDP
2025-10-02T18:30:00Z,APXMIDP,2025-10-02,40,86.29,2802.95,APXMIDP
2025-10-02T18:00:00Z,APXMIDP,2025-10-02,39,96.97,2806.85,APXMIDP
2025-10-02T17:30:00Z,APXMIDP,2025-10-02,38,108.1,3734.65,APXMIDP
2025-10-02T17:00:00Z,APXMIDP,2025-10-02,37,107.85,3392.75,APXMIDP
2025-10-02T16:30:00Z,APXMIDP,2025-10-02,36,103.03,2816.9,APXMIDP
2025-10-02T16:00:00Z,APXMIDP,2025-10-02,35,100.85,2829.05,APXMIDP
2025-10-02T15:30:00Z,APXMIDP,2025-10-02,34,80.96,4348.75,APXMIDP
2025-10-02T15:00:00Z,APXMIDP,2025-10-02,33,74.91,3586.45,APXMIDP
2025-10-02T14:30:00Z,APXMIDP,2025-10-02,32,71.41,3974.5,APXMIDP
2025-10-02T14:00:00Z,APXMIDP,2025-10-02,31,69.49,3554.05,APXMIDP
2025-10-02T13:30:00Z,APXMIDP,2025-10-02,30,58.75,5072.2,APXMIDP
2025-10-02T13:00:00Z,APXMIDP,2025-10-02,29,62.44,4169.65,APXMIDP
2025-10-02T12:30:00Z,APXMIDP,2025-10-02,28,64.01,3559.0,APXMIDP
2025-10-02T12:00:00Z,APXMIDP,2025-10-02,27,68.89,2941.95,APXMIDP
2025-10-02T11:30:00Z,APXMIDP,2025-10-02,26,76.27,3804.2,APXMIDP
2025-10-02T11:00:00Z,APXMIDP,2025-10-02,25,82.9,3943.65,APXMIDP
2025-10-02T10:30:00Z,APXMIDP,2025-10-02,24,85.97,3337.9,APXMIDP
2025-10-02T10:00:00Z,APXMIDP,2025-10-02,23,84.09,3235.0,APXMIDP
2025-10-02T09:30:00Z,APXMIDP,2025-10-02,22,83.88,3274.55,APXMIDP
2025-10-02T09:00:00Z,APXMIDP,2025-10-02,21,78.85,2875.1,APXMIDP
2025-10-02T08:30:00Z,APXMIDP,2025-10-02,20,86.6,2966.5,APXMIDP
2025-10-02T08:00:00Z,APXMIDP,2025-10-02,19,95.26,2840.45,APXMIDP
2025-10-02T07:30:00Z,APXMIDP,2025-10-02,18,95.56,2461.4,APXMIDP
2025-10-02T07:00:00Z,APXMIDP,2025-10-02,17,95.98,2761.3,APXMIDP
2025-10-02T06:30:00Z,APXMIDP,2025-10-02,16,107.01,2866.3,APXMIDP
2025-10-02T06:00:00Z,APXMIDP,2025-10-02,15,100.1,3026.05,APXMIDP
2025-10-02T05:30:00Z,APXMIDP,2025-10-02,14,103.52,1976.6,APXMIDP
2025-10-02T05:00:00Z,APXMIDP,2025-10-02,13,94.79,1842.0,APXMIDP
2025-10-02T04:30:00Z,APXMIDP,2025-10-02,12,74.58,1567.5,APXMIDP
2025-10-02T04:00:00Z,APXMIDP,2025-10-02,11,77.0,1341.7,APXMIDP
2025-10-02T03:30:00Z,APXMIDP,2025-10-02,10,70.93,1828.5,APXMIDP
2025-10-02T03:00:00Z,APXMIDP,2025-10-02,9,70.97,1778.0,APXMIDP
2025-10-02T02:30:00Z,APXMIDP,2025-10-02,8,63.13,1659.0,APXMIDP
2025-10-02T02:00:00Z,APXMIDP,2025-10-02,7,67.65,1628.95,APXMIDP
2025-10-02T01:30:00Z,APXMIDP,2025-10-02,6,70.09,1796.1,APXMIDP
2025-10-02T01:00:00Z,APXMIDP,2025-10-02,5,68.22,1750.6,APXMIDP
2025-10-02T00:30:00Z,APXMIDP,2025-10-02,4,72.15,2044.75,APXMIDP
2025-10-02T00:00:00Z,APXMIDP,2025-10-02,3,68.83,1856.75,APXMIDP
2025-10-01T23:30:00Z,APXMIDP,2025-10-02,2,65.98,1955.95,APXMIDP
2025-10-01T23:00:00Z,APXMIDP,2025-10-02,1,66.44,1979.6,APXMIDP
2025-10-01T22:30:00Z,APXMIDP,2025-10-01,48,67.82,1597.65,APXMIDP
2025-10-01T22:00:00Z,APXMIDP,2025-10-01,47,70.81,1951.5,APXMIDP
2025-10-01T21:30:00Z,APXMIDP,2025-10-01,46,75.9,3238.15,APXMIDP
2025-10-01T21:00:00Z,APXMIDP,2025-10-01,45,75.74,2873.3,APXMIDP
2025-10-01T20:30:00Z,APXMIDP,2025-10-01,44,80.71,2770.95,APXMIDP
2025-10-01T20:00:00Z,APXMIDP,2025-10-01,43,81.51,2931.55,APXMIDP
2025-10-01T19:30:00Z,APXMIDP,2025-10-01,42,79.79,2750.15,APXMIDP
2025-10-15T20:00:00Z,APXMIDP,2025-10-15,43,90.76,2355.4,APXMIDP
2025-10-15T19:30:00Z,APXMIDP,2025-10-15,42,96.94,1810.2,APXMIDP
2025-10-15T19:00:00Z,APXMIDP,2025-10-15,41,109.29,2166.85,APXMIDP
2025-10-15T18:30:00Z,APXMIDP,2025-10-15,40,106.66,2466.45,APXMIDP
2025-10-15T18:00:00Z,APXMIDP,2025-10-15,39,114.62,2694.75,APXMIDP
2025-10-15T17:30:00Z,APXMIDP,2025-10-15,38,140.84,4085.6,APXMIDP
2025-10-15T17:00:00Z,APXMIDP,2025-10-15,37,137.35,4511.5,APXMIDP
2025-10-15T16:30:00Z,APXMIDP,2025-10-15,36,137.94,4346.7,APXMIDP
2025-10-15T16:00:00Z,APXMIDP,2025-10-15,35,138.17,3919.9,APXMIDP
2025-10-15T15:30:00Z,APXMIDP,2025-10-15,34,139.0,4283.5,APXMIDP
2025-10-15T15:00:00Z,APXMIDP,2025-10-15,33,115.31,3680.15,APXMIDP
2025-10-15T14:30:00Z,APXMIDP,2025-10-15,32,112.11,3233.8,APXMIDP
2025-10-15T14:00:00Z,APXMIDP,2025-10-15,31,106.54,3305.4,APXMIDP
2025-10-15T13:30:00Z,APXMIDP,2025-10-15,30,96.19,3037.75,APXMIDP
2025-10-15T13:00:00Z,APXMIDP,2025-10-15,29,97.42,3488.4,APXMIDP
2025-10-15T12:30:00Z,APXMIDP,2025-10-15,28,99.32,3642.9,APXMIDP
2025-10-15T12:00:00Z,APXMIDP,2025-10-15,27,99.68,3581.5,APXMIDP
2025-10-15T11:30:00Z,APXMIDP,2025-10-15,26,102.69,3553.65,APXMIDP
2025-10-15T11:00:00Z,APXMIDP,2025-10-15,25,90.65,2901.3,APXMIDP
2025-10-15T10:30:00Z,APXMIDP,2025-10-15,24,92.93,2716.35,APXMIDP
2025-10-15T10:00:00Z,APXMIDP,2025-10-15,23,87.07,2494.85,APXMIDP
2025-10-15T09:30:00Z,APXMIDP,2025-10-15,22,94.42,2490.0,APXMIDP
2025-10-15T09:00:00Z,APXMIDP,2025-10-15,21,96.23,2276.9,APXMIDP
2025-10-15T08:30:00Z,APXMIDP,2025-10-15,20,97.11,2568.35,APXMIDP
2025-10-15T08:00:00Z,APXMIDP,2025-10-15,19,97.91,2144.05,APXMIDP
2025-10-15T07:30:00Z,APXMIDP,2025-10-15,18,108.17,2708.35,APXMIDP
2025-10-15T07:00:00Z,APXMIDP,2025-10-15,17,110.64,2606.45,APXMIDP
2025-10-15T06:30:00Z,APXMIDP,2025-10-15,16,116.02,2833.2,APXMIDP
2025-10-15T06:00:00Z,APXMIDP,2025-10-15,15,110.52,2672.2,APXMIDP
2025-10-15T05:30:00Z,APXMIDP,2025-10-15,14,80.86,2378.85,APXMIDP
2025-10-15T05:00:00Z,APXMIDP,2025-10-15,13,72.93,1940.35,APXMIDP
2025-10-15T04:30:00Z,APXMIDP,2025-10-15,12,72.48,1482.95,APXMIDP
2025-10-15T04:00:00Z,APXMIDP,2025-10-15,11,72.9,1393.3,APXMIDP
2025-10-15T03:30:00Z,APXMIDP,2025-10-15,10,71.2,1556.05,APXMIDP
2025-10-15T03:00:00Z,APXMIDP,2025-10-15,9,71.79,1372.8,APXMIDP
2025-10-15T02:30:00Z,APXMIDP,2025-10-15,8,73.29,1521.8,APXMIDP
2025-10-15T02:00:00Z,APXMIDP,2025-10-15,7,72.99,1449.9,APXMIDP
2025-10-15T01:30:00Z,APXMIDP,2025-10-15,6,73.81,986.75,APXMIDP
2025-10-15T01:00:00Z,APXMIDP,2025-10-15,5,75.14,990.3,APXMIDP
2025-10-15T00:30:00Z,APXMIDP,2025-10-15,4,76.57,1024.85,APXMIDP
2025-10-15T00:00:00Z,APXMIDP,2025-10-15,3,72.46,474.65,APXMIDP
2025-10-14T23:30:00Z,APXMIDP,2025-10-15,2,74.29,437.9,APXMIDP
2025-10-14T23:00:00Z,APXMIDP,2025-10-15,1,79.37,221.15,APXMIDP
2025-10-14T22:30:00Z,APXMIDP,2025-10-14,48,79.01,317.4,APXMIDP
2025-10-14T22:00:00Z,APXMIDP,2025-10-14,47,79.6,468.2,APXMIDP
2025-10-14T21:30:00Z,APXMIDP,2025-10-14,46,88.4,2217.15,APXMIDP
2025-10-14T21:00:00Z,APXMIDP,2025-10-14,45,90.05,2212.15,APXMIDP
2025-10-14T20:30:00Z,APXMIDP,2025-10-14,44,93.1,2553.75,APXMIDP
2025-10-14T20:00:00Z,APXMIDP,2025-10-14,43,98.71,3186.8,APXMIDP
2025-10-14T19:30:00Z,APXMIDP,2025-10-14,42,108.92,3519.2,APXMIDP
2025-10-14T19:00:00Z,APXMIDP,2025-10-14,41,114.63,4145.45,APXMIDP
2025-10-14T18:30:00Z,APXMIDP,2025-10-14,40,111.18,4511.45,APXMIDP
2025-10-14T18:00:00Z,APXMIDP,2025-10-14,39,130.25,4550.9,APXMIDP
2025-10-14T17:30:00Z,APXMIDP,2025-10-14,38,159.45,4730.1,APXMIDP
2025-10-14T17:00:00Z,APXMIDP,2025-10-14,37,159.34,4340.75,APXMIDP
2025-10-14T16:30:00Z,APXMIDP,2025-10-14,36,166.72,4317.3,APXMIDP
2025-10-14T16:00:00Z,APXMIDP,2025-10-14,35,166.26,3997.1,APXMIDP
2025-10-14T15:30:00Z,APXMIDP,2025-10-14,34,139.02,3308.9,APXMIDP
2025-10-14T15:00:00Z,APXMIDP,2025-10-14,33,125.61,3757.45,APXMIDP
2025-10-14T14:30:00Z,APXMIDP,2025-10-14,32,116.33,3995.95,APXMIDP
2025-10-14T14:00:00Z,APXMIDP,2025-10-14,31,119.9,3550.4,APXMIDP
2025-10-14T13:30:00Z,APXMIDP,2025-10-14,30,93.34,4461.35,APXMIDP
2025-10-14T13:00:00Z,APXMIDP,2025-10-14,29,91.4,4756.6,APXMIDP
2025-10-14T12:30:00Z,APXMIDP,2025-10-14,28,83.51,5162.55,APXMIDP
2025-10-14T12:00:00Z,APXMIDP,2025-10-14,27,84.5,4399.9,APXMIDP
2025-10-14T11:30:00Z,APXMIDP,2025-10-14,26,88.1,4260.7,APXMIDP
2025-10-14T11:00:00Z,APXMIDP,2025-10-14,25,88.65,3613.7,APXMIDP
2025-10-14T10:30:00Z,APXMIDP,2025-10-14,24,87.49,2632.25,APXMIDP
2025-10-14T10:00:00Z,APXMIDP,2025-10-14,23,88.61,2473.25,APXMIDP
2025-10-14T09:30:00Z,APXMIDP,2025-10-14,22,97.4,2513.55,APXMIDP
2025-10-14T09:00:00Z,APXMIDP,2025-10-14,21,98.41,2504.9,APXMIDP
2025-10-14T08:30:00Z,APXMIDP,2025-10-14,20,100.0,2355.65,APXMIDP
2025-10-14T08:00:00Z,APXMIDP,2025-10-14,19,100.39,2536.25,APXMIDP
2025-10-14T07:30:00Z,APXMIDP,2025-10-14,18,110.58,2404.35,APXMIDP
2025-10-14T07:00:00Z,APXMIDP,2025-10-14,17,110.3,2402.0,APXMIDP
2025-10-14T06:30:00Z,APXMIDP,2025-10-14,16,108.2,2555.25,APXMIDP
2025-10-14T06:00:00Z,APXMIDP,2025-10-14,15,102.6,2439.65,APXMIDP
2025-10-14T05:30:00Z,APXMIDP,2025-10-14,14,83.13,1788.3,APXMIDP
2025-10-14T05:00:00Z,APXMIDP,2025-10-14,13,75.67,1566.05,APXMIDP
2025-10-14T04:30:00Z,APXMIDP,2025-10-14,12,76.74,1867.8,APXMIDP
2025-10-14T04:00:00Z,APXMIDP,2025-10-14,11,76.61,1655.35,APXMIDP
2025-10-14T03:30:00Z,APXMIDP,2025-10-14,10,76.68,1989.95,APXMIDP
2025-10-14T03:00:00Z,APXMIDP,2025-10-14,9,76.73,1883.85,APXMIDP
2025-10-14T02:30:00Z,APXMIDP,2025-10-14,8,75.28,1632.1,APXMIDP
2025-10-14T02:00:00Z,APXMIDP,2025-10-14,7,79.92,1764.7,APXMIDP
2025-10-14T01:30:00Z,APXMIDP,2025-10-14,6,81.09,2026.45,APXMIDP
2025-10-14T01:00:00Z,APXMIDP,2025-10-14,5,79.03,1769.4,APXMIDP
2025-10-14T00:30:00Z,APXMIDP,2025-10-14,4,85.86,1643.3,APXMIDP
2025-10-14T00:00:00Z,APXMIDP,2025-10-14,3,82.86,1333.55,APXMIDP
2025-10-13T23:30:00Z,APXMIDP,2025-10-14,2,84.83,1324.55,APXMIDP
2025-10-13T23:00:00Z,APXMIDP,2025-10-14,1,87.69,1624.8,APXMIDP
2025-10-13T22:30:00Z,APXMIDP,2025-10-13,48,93.53,1813.2,APXMIDP
2025-10-13T22:00:00Z,APXMIDP,2025-10-13,47,90.83,1857.9,APXMIDP
2025-10-13T21:30:00Z,APXMIDP,2025-10-13,46,97.86,3992.2,APXMIDP
2025-10-13T21:00:00Z,APXMIDP,2025-10-13,45,100.28,3762.15,APXMIDP
2025-10-13T20:30:00Z,APXMIDP,2025-10-13,44,102.04,3465.8,APXMIDP
2025-10-13T20:00:00Z,APXMIDP,2025-10-13,43,109.12,3915.9,APXMIDP
2025-10-13T19:30:00Z,APXMIDP,2025-10-13,42,127.82,4512.75,APXMIDP
2025-10-13T19:00:00Z,APXMIDP,2025-10-13,41,137.92,3956.75,APXMIDP
2025-10-13T18:30:00Z,APXMIDP,2025-10-13,40,173.79,4445.0,APXMIDP
2025-10-13T18:00:00Z,APXMIDP,2025-10-13,39,203.82,4303.0,APXMIDP
2025-10-13T17:30:00Z,APXMIDP,2025-10-13,38,273.05,3976.8,APXMIDP
2025-10-13T17:00:00Z,APXMIDP,2025-10-13,37,271.76,3927.5,APXMIDP
2025-10-13T16:30:00Z,APXMIDP,2025-10-13,36,286.42,3753.05,APXMIDP
2025-10-13T16:00:00Z,APXMIDP,2025-10-13,35,287.57,3269.3,APXMIDP
2025-10-13T15:30:00Z,APXMIDP,2025-10-13,34,223.0,3727.85,APXMIDP
2025-10-13T15:00:00Z,APXMIDP,2025-10-13,33,205.98,3727.85,APXMIDP
2025-10-13T14:30:00Z,APXMIDP,2025-10-13,32,174.87,4777.05,APXMIDP
2025-10-13T14:00:00Z,APXMIDP,2025-10-13,31,163.68,4452.0,APXMIDP
2025-10-13T13:30:00Z,APXMIDP,2025-10-13,30,120.67,5357.0,APXMIDP
2025-10-13T13:00:00Z,APXMIDP,2025-10-13,29,122.48,5143.55,APXMIDP
2025-10-13T12:30:00Z,APXMIDP,2025-10-13,28,123.48,5107.3,APXMIDP
2025-10-13T12:00:00Z,APXMIDP,2025-10-13,27,122.81,4260.5,APXMIDP
2025-10-13T11:30:00Z,APXMIDP,2025-10-13,26,123.13,4502.0,APXMIDP
2025-10-13T11:00:00Z,APXMIDP,2025-10-13,25,105.67,4015.15,APXMIDP
2025-10-13T10:30:00Z,APXMIDP,2025-10-13,24,109.83,3506.75,APXMIDP
2025-10-13T10:00:00Z,APXMIDP,2025-10-13,23,101.28,3192.9,APXMIDP
2025-10-13T09:30:00Z,APXMIDP,2025-10-13,22,104.37,2666.25,APXMIDP
2025-10-13T09:00:00Z,APXMIDP,2025-10-13,21,106.17,2457.15,APXMIDP
2025-10-13T08:30:00Z,APXMIDP,2025-10-13,20,109.12,2788.7,APXMIDP
2025-10-13T08:00:00Z,APXMIDP,2025-10-13,19,107.04,2663.7,APXMIDP
2025-10-13T07:30:00Z,APXMIDP,2025-10-13,18,118.42,2708.9,APXMIDP
2025-10-13T07:00:00Z,APXMIDP,2025-10-13,17,110.86,2167.55,APXMIDP
2025-10-13T06:30:00Z,APXMIDP,2025-10-13,16,115.52,2563.55,APXMIDP
2025-10-13T06:00:00Z,APXMIDP,2025-10-13,15,110.93,2254.6,APXMIDP
2025-10-13T05:30:00Z,APXMIDP,2025-10-13,14,89.72,2087.9,APXMIDP
2025-10-13T05:00:00Z,APXMIDP,2025-10-13,13,82.39,1885.75,APXMIDP
2025-10-13T04:30:00Z,APXMIDP,2025-10-13,12,80.39,2108.3,APXMIDP
2025-10-13T04:00:00Z,APXMIDP,2025-10-13,11,81.99,1798.0,APXMIDP
2025-10-13T03:30:00Z,APXMIDP,2025-10-13,10,81.82,2335.8,APXMIDP
2025-10-13T03:00:00Z,APXMIDP,2025-10-13,9,78.71,1764.25,APXMIDP
2025-10-13T02:30:00Z,APXMIDP,2025-10-13,8,79.57,1790.25,APXMIDP
2025-10-13T02:00:00Z,APXMIDP,2025-10-13,7,83.05,1811.35,APXMIDP
2025-10-13T01:30:00Z,APXMIDP,2025-10-13,6,78.2,1793.5,APXMIDP
2025-10-13T01:00:00Z,APXMIDP,2025-10-13,5,79.92,1764.85,APXMIDP
2025-10-13T00:30:00Z,APXMIDP,2025-10-13,4,77.84,1449.15,APXMIDP
2025-10-13T00:00:00Z,APXMIDP,2025-10-13,3,77.64,1490.3,APXMIDP
2025-10-12T23:30:00Z,APXMIDP,2025-10-13,2,79.51,1168.5,APXMIDP
2025-10-12T23:00:00Z,APXMIDP,2025-10-13,1,81.77,1204.6,APXMIDP
2025-10-12T22:30:00Z,APXMIDP,2025-10-12,48,76.32,1064.95,APXMIDP
2025-10-12T22:00:00Z,APXMIDP,2025-10-12,47,78.84,1189.95,APXMIDP
2025-10-12T21:30:00Z,APXMIDP,2025-10-12,46,87.31,2089.25,APXMIDP
2025-10-12T21:00:00Z,APXMIDP,2025-10-12,45,92.9,1853.85,APXMIDP
2025-10-12T20:30:00Z,APXMIDP,2025-10-12,44,92.76,1659.45,APXMIDP
2025-10-12T20:00:00Z,APXMIDP,2025-10-12,43,99.89,2111.2,APXMIDP
2025-10-12T19:30:00Z,APXMIDP,2025-10-12,42,103.44,1916.75,APXMIDP
2025-10-12T19:00:00Z,APXMIDP,2025-10-12,41,116.42,2175.55,APXMIDP
2025-10-12T18:30:00Z,APXMIDP,2025-10-12,40,110.46,1837.05,APXMIDP
2025-10-12T18:00:00Z,APXMIDP,2025-10-12,39,121.11,1769.9,APXMIDP
2025-10-12T17:30:00Z,APXMIDP,2025-10-12,38,119.33,2461.5,APXMIDP
2025-10-12T17:00:00Z,APXMIDP,2025-10-12,37,118.55,2602.25,APXMIDP
2025-10-12T16:30:00Z,APXMIDP,2025-10-12,36,115.99,2730.5,APXMIDP
2025-10-12T16:00:00Z,APXMIDP,2025-10-12,35,108.77,2915.6,APXMIDP
2025-10-12T15:30:00Z,APXMIDP,2025-10-12,34,109.94,2724.2,APXMIDP
2025-10-12T15:00:00Z,APXMIDP,2025-10-12,33,96.36,3328.0,APXMIDP
2025-10-12T14:30:00Z,APXMIDP,2025-10-12,32,94.29,3780.8,APXMIDP
2025-10-12T14:00:00Z,APXMIDP,2025-10-12,31,105.98,3571.2,APXMIDP
2025-10-12T13:30:00Z,APXMIDP,2025-10-12,30,93.36,3169.5,APXMIDP
2025-10-12T13:00:00Z,APXMIDP,2025-10-12,29,96.95,3402.1,APXMIDP
2025-10-12T12:30:00Z,APXMIDP,2025-10-12,28,100.95,3479.95,APXMIDP
2025-10-12T12:00:00Z,APXMIDP,2025-10-12,27,107.99,3733.45,APXMIDP
2025-10-12T11:30:00Z,APXMIDP,2025-10-12,26,110.44,3086.5,APXMIDP
2025-10-12T11:00:00Z,APXMIDP,2025-10-12,25,110.27,2577.15,APXMIDP
2025-10-12T10:30:00Z,APXMIDP,2025-10-12,24,109.17,2571.3,APXMIDP
2025-10-12T10:00:00Z,APXMIDP,2025-10-12,23,107.5,2196.25,APXMIDP
2025-10-12T09:30:00Z,APXMIDP,2025-10-12,22,102.42,2481.0,APXMIDP
2025-10-12T09:00:00Z,APXMIDP,2025-10-12,21,102.11,2200.6,APXMIDP
2025-10-12T08:30:00Z,APXMIDP,2025-10-12,20,103.71,2435.55,APXMIDP
2025-10-12T08:00:00Z,APXMIDP,2025-10-12,19,96.96,2304.4,APXMIDP
2025-10-12T07:30:00Z,APXMIDP,2025-10-12,18,92.06,1870.75,APXMIDP
2025-10-12T07:00:00Z,APXMIDP,2025-10-12,17,90.01,1667.4,APXMIDP
2025-10-12T06:30:00Z,APXMIDP,2025-10-12,16,88.41,1471.25,APXMIDP
2025-10-12T06:00:00Z,APXMIDP,2025-10-12,15,84.27,2071.5,APXMIDP
2025-10-12T05:30:00Z,APXMIDP,2025-10-12,14,80.62,1682.6,APXMIDP
2025-10-12T05:00:00Z,APXMIDP,2025-10-12,13,81.94,1796.25,APXMIDP
2025-10-12T04:30:00Z,APXMIDP,2025-10-12,12,77.39,1720.5,APXMIDP
2025-10-12T04:00:00Z,APXMIDP,2025-10-12,11,78.89,1474.35,APXMIDP
2025-10-12T03:30:00Z,APXMIDP,2025-10-12,10,82.47,1669.75,APXMIDP
2025-10-12T03:00:00Z,APXMIDP,2025-10-12,9,84.79,1553.65,APXMIDP
2025-10-12T02:30:00Z,APXMIDP,2025-10-12,8,85.43,1587.05,APXMIDP
2025-10-12T02:00:00Z,APXMIDP,2025-10-12,7,87.48,1501.65,APXMIDP
2025-10-12T01:30:00Z,APXMIDP,2025-10-12,6,90.4,1607.9,APXMIDP
2025-10-12T01:00:00Z,APXMIDP,2025-10-12,5,92.33,1503.05,APXMIDP
2025-10-12T00:30:00Z,APXMIDP,2025-10-12,4,92.92,1446.5,APXMIDP
2025-10-12T00:00:00Z,APXMIDP,2025-10-12,3,91.13,1544.3,APXMIDP
2025-10-11T23:30:00Z,APXMIDP,2025-10-12,2,87.0,1256.0,APXMIDP
2025-10-11T23:00:00Z,APXMIDP,2025-10-12,1,89.76,1158.55,APXMIDP
2025-10-11T22:30:00Z,APXMIDP,2025-10-11,48,87.85,1091.35,APXMIDP
2025-10-11T22:00:00Z,APXMIDP,2025-10-11,47,81.85,1234.35,APXMIDP
2025-10-11T21:30:00Z,APXMIDP,2025-10-11,46,86.91,1516.05,APXMIDP
2025-10-11T21:00:00Z,APXMIDP,2025-10-11,45,87.4,1606.7,APXMIDP
2025-10-11T20:30:00Z,APXMIDP,2025-10-11,44,87.54,1772.3,APXMIDP
2025-10-11T20:00:00Z,APXMIDP,2025-10-11,43,90.36,2022.0,APXMIDP
2025-10-11T19:30:00Z,APXMIDP,2025-10-11,42,104.17,2388.3,APXMIDP
2025-10-11T19:00:00Z,APXMIDP,2025-10-11,41,118.63,2409.65,APXMIDP
2025-10-11T18:30:00Z,APXMIDP,2025-10-11,40,124.58,2881.55,APXMIDP
2025-10-11T18:00:00Z,APXMIDP,2025-10-11,39,126.35,2469.6,APXMIDP
2025-10-11T17:30:00Z,APXMIDP,2025-10-11,38,124.63,2939.1,APXMIDP
2025-10-11T17:00:00Z,APXMIDP,2025-10-11,37,120.21,2818.95,APXMIDP
2025-10-11T16:30:00Z,APXMIDP,2025-10-11,36,117.83,2941.65,APXMIDP
2025-10-11T16:00:00Z,APXMIDP,2025-10-11,35,109.21,2967.0,APXMIDP
2025-10-11T15:30:00Z,APXMIDP,2025-10-11,34,110.92,2343.05,APXMIDP
2025-10-11T15:00:00Z,APXMIDP,2025-10-11,33,105.7,2324.35,APXMIDP
2025-10-11T14:30:00Z,APXMIDP,2025-10-11,32,91.5,2830.4,APXMIDP
2025-10-11T14:00:00Z,APXMIDP,2025-10-11,31,92.69,2674.6,APXMIDP
2025-10-11T13:30:00Z,APXMIDP,2025-10-11,30,84.57,2194.05,APXMIDP
2025-10-11T13:00:00Z,APXMIDP,2025-10-11,29,87.11,2435.7,APXMIDP
2025-10-11T12:30:00Z,APXMIDP,2025-10-11,28,87.6,1945.55,APXMIDP
2025-10-11T12:00:00Z,APXMIDP,2025-10-11,27,92.08,2072.5,APXMIDP
2025-10-11T11:30:00Z,APXMIDP,2025-10-11,26,93.07,2059.5,APXMIDP
2025-10-11T11:00:00Z,APXMIDP,2025-10-11,25,93.47,2059.45,APXMIDP
2025-10-11T10:30:00Z,APXMIDP,2025-10-11,24,95.09,1608.0,APXMIDP
2025-10-11T10:00:00Z,APXMIDP,2025-10-11,23,93.37,1674.6,APXMIDP
2025-10-11T09:30:00Z,APXMIDP,2025-10-11,22,90.63,1580.25,APXMIDP
2025-10-11T09:00:00Z,APXMIDP,2025-10-11,21,88.58,1403.9,APXMIDP
2025-10-11T08:30:00Z,APXMIDP,2025-10-11,20,87.61,1568.15,APXMIDP
2025-10-11T08:00:00Z,APXMIDP,2025-10-11,19,85.09,1451.15,APXMIDP
2025-10-11T07:30:00Z,APXMIDP,2025-10-11,18,89.49,1681.15,APXMIDP
2025-10-11T07:00:00Z,APXMIDP,2025-10-11,17,88.1,1551.95,APXMIDP
2025-10-11T06:30:00Z,APXMIDP,2025-10-11,16,85.07,1367.85,APXMIDP
2025-10-11T06:00:00Z,APXMIDP,2025-10-11,15,78.79,1399.0,APXMIDP
2025-10-11T05:30:00Z,APXMIDP,2025-10-11,14,77.11,1358.5,APXMIDP
2025-10-11T05:00:00Z,APXMIDP,2025-10-11,13,73.69,1374.6,APXMIDP
2025-10-11T04:30:00Z,APXMIDP,2025-10-11,12,72.79,993.2,APXMIDP
2025-10-11T04:00:00Z,APXMIDP,2025-10-11,11,73.27,942.1,APXMIDP
2025-10-11T03:30:00Z,APXMIDP,2025-10-11,10,70.0,1088.25,APXMIDP
2025-10-11T03:00:00Z,APXMIDP,2025-10-11,9,70.19,1069.05,APXMIDP
2025-10-11T02:30:00Z,APXMIDP,2025-10-11,8,71.09,1226.15,APXMIDP
2025-10-11T02:00:00Z,APXMIDP,2025-10-11,7,71.67,1217.8,APXMIDP
2025-10-11T01:30:00Z,APXMIDP,2025-10-11,6,74.62,1347.05,APXMIDP
2025-10-11T01:00:00Z,APXMIDP,2025-10-11,5,76.46,1363.7,APXMIDP
2025-10-11T00:30:00Z,APXMIDP,2025-10-11,4,78.93,1620.65,APXMIDP
2025-10-11T00:00:00Z,APXMIDP,2025-10-11,3,79.01,1661.45,APXMIDP
2025-10-10T23:30:00Z,APXMIDP,2025-10-11,2,83.01,1668.5,APXMIDP
2025-10-10T23:00:00Z,APXMIDP,2025-10-11,1,85.16,1508.8,APXMIDP
2025-10-10T22:30:00Z,APXMIDP,2025-10-10,48,87.6,1442.75,APXMIDP
2025-10-10T22:00:00Z,APXMIDP,2025-10-10,47,83.36,1190.65,APXMIDP
2025-10-10T21:30:00Z,APXMIDP,2025-10-10,46,79.16,2076.6,APXMIDP
2025-10-10T21:00:00Z,APXMIDP,2025-10-10,45,78.49,2447.95,APXMIDP
2025-10-10T20:30:00Z,APXMIDP,2025-10-10,44,83.23,2219.6,APXMIDP
2025-10-10T20:00:00Z,APXMIDP,2025-10-10,43,89.69,2282.75,APXMIDP
2025-10-10T19:30:00Z,APXMIDP,2025-10-10,42,95.58,2767.35,APXMIDP
2025-10-10T19:00:00Z,APXMIDP,2025-10-10,41,100.81,3284.75,APXMIDP
2025-10-10T18:30:00Z,APXMIDP,2025-10-10,40,101.97,3358.95,APXMIDP
2025-10-10T18:00:00Z,APXMIDP,2025-10-10,39,104.37,3453.95,APXMIDP
2025-10-10T17:30:00Z,APXMIDP,2025-10-10,38,101.04,4094.3,APXMIDP
2025-10-10T17:00:00Z,APXMIDP,2025-10-10,37,96.22,3799.7,APXMIDP
2025-10-10T16:30:00Z,APXMIDP,2025-10-10,36,101.57,3611.9,APXMIDP
2025-10-10T16:00:00Z,APXMIDP,2025-10-10,35,95.55,3367.15,APXMIDP
2025-10-10T15:30:00Z,APXMIDP,2025-10-10,34,82.02,2444.1,APXMIDP
2025-10-10T15:00:00Z,APXMIDP,2025-10-10,33,84.95,2218.7,APXMIDP
2025-10-10T14:30:00Z,APXMIDP,2025-10-10,32,86.6,3051.95,APXMIDP
2025-10-10T14:00:00Z,APXMIDP,2025-10-10,31,85.29,2767.9,APXMIDP
2025-10-10T13:30:00Z,APXMIDP,2025-10-10,30,83.11,2808.7,APXMIDP
2025-10-10T13:00:00Z,APXMIDP,2025-10-10,29,83.3,2475.2,APXMIDP
2025-10-10T12:30:00Z,APXMIDP,2025-10-10,28,82.47,2501.5,APXMIDP
2025-10-10T12:00:00Z,APXMIDP,2025-10-10,27,82.11,2401.75,APXMIDP
2025-10-10T11:30:00Z,APXMIDP,2025-10-10,26,83.08,3079.75,APXMIDP
2025-10-10T11:00:00Z,APXMIDP,2025-10-10,25,82.48,2779.35,APXMIDP
2025-10-10T10:30:00Z,APXMIDP,2025-10-10,24,81.64,3148.1,APXMIDP
2025-10-10T10:00:00Z,APXMIDP,2025-10-10,23,83.53,2849.6,APXMIDP
2025-10-10T09:30:00Z,APXMIDP,2025-10-10,22,86.7,3169.95,APXMIDP
2025-10-10T09:00:00Z,APXMIDP,2025-10-10,21,86.84,3187.75,APXMIDP
2025-10-10T08:30:00Z,APXMIDP,2025-10-10,20,87.97,3052.1,APXMIDP
2025-10-10T08:00:00Z,APXMIDP,2025-10-10,19,92.17,3205.75,APXMIDP
2025-10-10T07:30:00Z,APXMIDP,2025-10-10,18,95.28,2849.9,APXMIDP
2025-10-10T07:00:00Z,APXMIDP,2025-10-10,17,96.13,2766.0,APXMIDP
2025-10-10T06:30:00Z,APXMIDP,2025-10-10,16,104.76,2903.45,APXMIDP
2025-10-10T06:00:00Z,APXMIDP,2025-10-10,15,102.36,2811.5,APXMIDP
2025-10-10T05:30:00Z,APXMIDP,2025-10-10,14,97.2,2613.15,APXMIDP
2025-10-10T05:00:00Z,APXMIDP,2025-10-10,13,87.46,2187.85,APXMIDP
2025-10-10T04:30:00Z,APXMIDP,2025-10-10,12,81.74,2122.05,APXMIDP
2025-10-10T04:00:00Z,APXMIDP,2025-10-10,11,84.97,2244.25,APXMIDP
2025-10-10T03:30:00Z,APXMIDP,2025-10-10,10,81.27,2076.1,APXMIDP
2025-10-10T03:00:00Z,APXMIDP,2025-10-10,9,78.72,1903.3,APXMIDP
2025-10-10T02:30:00Z,APXMIDP,2025-10-10,8,78.95,1763.05,APXMIDP
2025-10-10T02:00:00Z,APXMIDP,2025-10-10,7,83.28,1561.6,APXMIDP
2025-10-10T01:30:00Z,APXMIDP,2025-10-10,6,82.55,1744.55,APXMIDP
2025-10-10T01:00:00Z,APXMIDP,2025-10-10,5,81.36,1623.5,APXMIDP
2025-10-10T00:30:00Z,APXMIDP,2025-10-10,4,79.29,1645.1,APXMIDP
2025-10-10T00:00:00Z,APXMIDP,2025-10-10,3,76.02,1453.75,APXMIDP
2025-10-09T23:30:00Z,APXMIDP,2025-10-10,2,77.23,1480.0,APXMIDP
2025-10-09T23:00:00Z,APXMIDP,2025-10-10,1,78.9,1262.35,APXMIDP
2025-10-09T22:30:00Z,APXMIDP,2025-10-09,48,80.48,1318.4,APXMIDP
2025-10-09T22:00:00Z,APXMIDP,2025-10-09,47,82.09,1481.7,APXMIDP
2025-10-09T21:30:00Z,APXMIDP,2025-10-09,46,82.46,2093.45,APXMIDP
2025-10-09T21:00:00Z,APXMIDP,2025-10-09,45,87.2,2316.15,APXMIDP
2025-10-09T20:30:00Z,APXMIDP,2025-10-09,44,87.53,2480.5,APXMIDP
2025-10-09T20:00:00Z,APXMIDP,2025-10-09,43,85.18,2261.85,APXMIDP
2025-10-09T19:30:00Z,APXMIDP,2025-10-09,42,92.72,2306.95,APXMIDP
2025-10-09T19:00:00Z,APXMIDP,2025-10-09,41,102.91,2689.2,APXMIDP
2025-10-09T18:30:00Z,APXMIDP,2025-10-09,40,113.16,2543.3,APXMIDP
2025-10-09T18:00:00Z,APXMIDP,2025-10-09,39,115.38,2462.35,APXMIDP
2025-10-09T17:30:00Z,APXMIDP,2025-10-09,38,124.47,4026.35,APXMIDP
2025-10-09T17:00:00Z,APXMIDP,2025-10-09,37,122.85,4008.05,APXMIDP
2025-10-09T16:30:00Z,APXMIDP,2025-10-09,36,125.35,3319.7,APXMIDP
2025-10-09T16:00:00Z,APXMIDP,2025-10-09,35,115.91,3448.75,APXMIDP
2025-10-09T15:30:00Z,APXMIDP,2025-10-09,34,92.71,3121.65,APXMIDP
2025-10-09T15:00:00Z,APXMIDP,2025-10-09,33,95.66,2921.15,APXMIDP
2025-10-09T14:30:00Z,APXMIDP,2025-10-09,32,84.4,3629.55,APXMIDP
2025-10-09T14:00:00Z,APXMIDP,2025-10-09,31,84.52,3071.55,APXMIDP
2025-10-09T13:30:00Z,APXMIDP,2025-10-09,30,77.81,4172.4,APXMIDP
2025-10-09T13:00:00Z,APXMIDP,2025-10-09,29,70.42,4241.2,APXMIDP
2025-10-09T12:30:00Z,APXMIDP,2025-10-09,28,77.2,3765.8,APXMIDP
2025-10-09T12:00:00Z,APXMIDP,2025-10-09,27,78.03,3289.9,APXMIDP
2025-10-09T11:30:00Z,APXMIDP,2025-10-09,26,78.64,3730.55,APXMIDP
2025-10-09T11:00:00Z,APXMIDP,2025-10-09,25,80.13,3526.0,APXMIDP
2025-10-09T10:30:00Z,APXMIDP,2025-10-09,24,78.71,3137.4,APXMIDP
2025-10-09T10:00:00Z,APXMIDP,2025-10-09,23,80.18,3690.3,APXMIDP
2025-10-09T09:30:00Z,APXMIDP,2025-10-09,22,90.98,4043.15,APXMIDP
2025-10-09T09:00:00Z,APXMIDP,2025-10-09,21,86.08,3385.3,APXMIDP
2025-10-09T08:30:00Z,APXMIDP,2025-10-09,20,99.54,2507.0,APXMIDP
2025-10-09T08:00:00Z,APXMIDP,2025-10-09,19,103.36,2641.3,APXMIDP
2025-10-09T07:30:00Z,APXMIDP,2025-10-09,18,116.59,2199.8,APXMIDP
2025-10-09T07:00:00Z,APXMIDP,2025-10-09,17,120.5,2443.45,APXMIDP
2025-10-09T06:30:00Z,APXMIDP,2025-10-09,16,123.49,2483.95,APXMIDP
2025-10-09T06:00:00Z,APXMIDP,2025-10-09,15,119.54,2292.0,APXMIDP
2025-10-09T05:30:00Z,APXMIDP,2025-10-09,14,106.52,1940.35,APXMIDP
2025-10-09T05:00:00Z,APXMIDP,2025-10-09,13,93.1,2013.9,APXMIDP
2025-10-09T04:30:00Z,APXMIDP,2025-10-09,12,89.02,2152.65,APXMIDP
2025-10-09T04:00:00Z,APXMIDP,2025-10-09,11,87.7,2020.7,APXMIDP
2025-10-09T03:30:00Z,APXMIDP,2025-10-09,10,84.2,2000.2,APXMIDP
2025-10-09T03:00:00Z,APXMIDP,2025-10-09,9,83.94,2112.1,APXMIDP
2025-10-09T02:30:00Z,APXMIDP,2025-10-09,8,85.68,1592.2,APXMIDP
2025-10-09T02:00:00Z,APXMIDP,2025-10-09,7,87.06,1364.4,APXMIDP
2025-10-09T01:30:00Z,APXMIDP,2025-10-09,6,85.84,1401.95,APXMIDP
2025-10-09T01:00:00Z,APXMIDP,2025-10-09,5,87.96,1789.5,APXMIDP
2025-10-09T00:30:00Z,APXMIDP,2025-10-09,4,84.35,1573.1,APXMIDP
2025-10-09T00:00:00Z,APXMIDP,2025-10-09,3,87.25,1471.3,APXMIDP
2025-10-08T23:30:00Z,APXMIDP,2025-10-09,2,88.54,1235.65,APXMIDP
2025-10-08T23:00:00Z,APXMIDP,2025-10-09,1,88.29,1307.95,APXMIDP
2025-10-08T22:30:00Z,APXMIDP,2025-10-08,48,89.35,1520.95,APXMIDP
2025-10-08T22:00:00Z,APXMIDP,2025-10-08,47,86.56,1486.15,APXMIDP
2025-10-08T21:30:00Z,APXMIDP,2025-10-08,46,86.21,2281.35,APXMIDP
2025-10-08T21:00:00Z,APXMIDP,2025-10-08,45,83.48,2146.55,APXMIDP
2025-10-08T20:30:00Z,APXMIDP,2025-10-08,44,86.01,2048.1,APXMIDP
2025-10-08T20:00:00Z,APXMIDP,2025-10-08,43,95.69,2276.8,APXMIDP
2025-10-22T20:30:00Z,APXMIDP,2025-10-22,44,85.3,2714.5,APXMIDP
2025-10-22T20:00:00Z,APXMIDP,2025-10-22,43,89.0,2906.0,APXMIDP
2025-10-22T19:30:00Z,APXMIDP,2025-10-22,42,99.69,3954.8,APXMIDP
2025-10-22T19:00:00Z,APXMIDP,2025-10-22,41,104.79,4408.55,APXMIDP
2025-10-22T18:30:00Z,APXMIDP,2025-10-22,40,121.14,4992.95,APXMIDP
2025-10-22T18:00:00Z,APXMIDP,2025-10-22,39,132.99,4802.7,APXMIDP
2025-10-22T17:30:00Z,APXMIDP,2025-10-22,38,249.93,5406.95,APXMIDP
2025-10-22T17:00:00Z,APXMIDP,2025-10-22,37,252.44,5402.55,APXMIDP
2025-10-22T16:30:00Z,APXMIDP,2025-10-22,36,255.2,5424.95,APXMIDP
2025-10-22T16:00:00Z,APXMIDP,2025-10-22,35,246.43,5587.6,APXMIDP
2025-10-22T15:30:00Z,APXMIDP,2025-10-22,34,164.86,5070.7,APXMIDP
2025-10-22T15:00:00Z,APXMIDP,2025-10-22,33,138.31,4202.45,APXMIDP
2025-10-22T14:30:00Z,APXMIDP,2025-10-22,32,134.91,4214.0,APXMIDP
2025-10-22T14:00:00Z,APXMIDP,2025-10-22,31,121.71,3101.7,APXMIDP
2025-10-22T13:30:00Z,APXMIDP,2025-10-22,30,90.34,4087.0,APXMIDP
2025-10-22T13:00:00Z,APXMIDP,2025-10-22,29,86.68,3367.0,APXMIDP
2025-10-22T12:30:00Z,APXMIDP,2025-10-22,28,75.89,2929.3,APXMIDP
2025-10-22T12:00:00Z,APXMIDP,2025-10-22,27,72.18,3021.35,APXMIDP
2025-10-22T11:30:00Z,APXMIDP,2025-10-22,26,71.26,3547.25,APXMIDP
2025-10-22T11:00:00Z,APXMIDP,2025-10-22,25,70.81,3071.1,APXMIDP
2025-10-22T10:30:00Z,APXMIDP,2025-10-22,24,72.75,2892.65,APXMIDP
2025-10-22T10:00:00Z,APXMIDP,2025-10-22,23,74.18,2890.95,APXMIDP
2025-10-22T09:30:00Z,APXMIDP,2025-10-22,22,79.72,2392.8,APXMIDP
2025-10-22T09:00:00Z,APXMIDP,2025-10-22,21,81.67,2233.75,APXMIDP
2025-10-22T08:30:00Z,APXMIDP,2025-10-22,20,84.97,2274.95,APXMIDP
2025-10-22T08:00:00Z,APXMIDP,2025-10-22,19,85.33,2544.35,APXMIDP
2025-10-22T07:30:00Z,APXMIDP,2025-10-22,18,90.01,2503.25,APXMIDP
2025-10-22T07:00:00Z,APXMIDP,2025-10-22,17,85.29,2614.65,APXMIDP
2025-10-22T06:30:00Z,APXMIDP,2025-10-22,16,77.9,2448.05,APXMIDP
2025-10-22T06:00:00Z,APXMIDP,2025-10-22,15,71.66,2861.6,APXMIDP
2025-10-22T05:30:00Z,APXMIDP,2025-10-22,14,62.25,2028.05,APXMIDP
2025-10-22T05:00:00Z,APXMIDP,2025-10-22,13,70.88,2498.95,APXMIDP
2025-10-22T04:30:00Z,APXMIDP,2025-10-22,12,57.36,1364.6,APXMIDP
2025-10-22T04:00:00Z,APXMIDP,2025-10-22,11,57.63,1764.8,APXMIDP
2025-10-22T03:30:00Z,APXMIDP,2025-10-22,10,55.93,1980.7,APXMIDP
2025-10-22T03:00:00Z,APXMIDP,2025-10-22,9,59.71,2004.2,APXMIDP
2025-10-22T02:30:00Z,APXMIDP,2025-10-22,8,59.28,1974.0,APXMIDP
2025-10-22T02:00:00Z,APXMIDP,2025-10-22,7,59.1,1860.5,APXMIDP
2025-10-22T01:30:00Z,APXMIDP,2025-10-22,6,62.23,2175.05,APXMIDP
2025-10-22T01:00:00Z,APXMIDP,2025-10-22,5,61.9,2074.25,APXMIDP
2025-10-22T00:30:00Z,APXMIDP,2025-10-22,4,59.17,2423.9,APXMIDP
2025-10-22T00:00:00Z,APXMIDP,2025-10-22,3,56.01,2232.9,APXMIDP
2025-10-21T23:30:00Z,APXMIDP,2025-10-22,2,55.06,2372.45,APXMIDP
2025-10-21T23:00:00Z,APXMIDP,2025-10-22,1,53.44,1871.5,APXMIDP
2025-10-21T22:30:00Z,APXMIDP,2025-10-21,48,51.14,2024.85,APXMIDP
2025-10-21T22:00:00Z,APXMIDP,2025-10-21,47,55.67,1992.75,APXMIDP
2025-10-21T21:30:00Z,APXMIDP,2025-10-21,46,64.5,3306.35,APXMIDP
2025-10-21T21:00:00Z,APXMIDP,2025-10-21,45,68.25,2680.25,APXMIDP
2025-10-21T20:30:00Z,APXMIDP,2025-10-21,44,67.2,2281.3,APXMIDP
2025-10-21T20:00:00Z,APXMIDP,2025-10-21,43,75.14,2355.35,APXMIDP
2025-10-21T19:30:00Z,APXMIDP,2025-10-21,42,72.86,2959.0,APXMIDP
2025-10-21T19:00:00Z,APXMIDP,2025-10-21,41,75.76,2852.15,APXMIDP
2025-10-21T18:30:00Z,APXMIDP,2025-10-21,40,85.99,3105.1,APXMIDP
2025-10-21T18:00:00Z,APXMIDP,2025-10-21,39,90.87,2943.05,APXMIDP
2025-10-21T17:30:00Z,APXMIDP,2025-10-21,38,103.3,2887.45,APXMIDP
2025-10-21T17:00:00Z,APXMIDP,2025-10-21,37,103.08,2748.45,APXMIDP
2025-10-21T16:30:00Z,APXMIDP,2025-10-21,36,100.81,2900.85,APXMIDP
2025-10-21T16:00:00Z,APXMIDP,2025-10-21,35,94.54,2861.6,APXMIDP
2025-10-21T15:30:00Z,APXMIDP,2025-10-21,34,87.6,3301.4,APXMIDP
2025-10-21T15:00:00Z,APXMIDP,2025-10-21,33,82.64,2942.4,APXMIDP
2025-10-21T14:30:00Z,APXMIDP,2025-10-21,32,86.02,3111.6,APXMIDP
2025-10-21T14:00:00Z,APXMIDP,2025-10-21,31,84.86,3543.25,APXMIDP
2025-10-21T13:30:00Z,APXMIDP,2025-10-21,30,81.66,4065.65,APXMIDP
2025-10-21T13:00:00Z,APXMIDP,2025-10-21,29,79.78,3252.1,APXMIDP
2025-10-21T12:30:00Z,APXMIDP,2025-10-21,28,78.45,3066.85,APXMIDP
2025-10-21T12:00:00Z,APXMIDP,2025-10-21,27,82.0,3239.2,APXMIDP
2025-10-21T11:30:00Z,APXMIDP,2025-10-21,26,85.38,2538.85,APXMIDP
2025-10-21T11:00:00Z,APXMIDP,2025-10-21,25,86.12,2365.5,APXMIDP
2025-10-21T10:30:00Z,APXMIDP,2025-10-21,24,81.45,2462.55,APXMIDP
2025-10-21T10:00:00Z,APXMIDP,2025-10-21,23,80.3,2709.2,APXMIDP
2025-10-21T09:30:00Z,APXMIDP,2025-10-21,22,84.34,2686.65,APXMIDP
2025-10-21T09:00:00Z,APXMIDP,2025-10-21,21,84.44,3249.05,APXMIDP
2025-10-21T08:30:00Z,APXMIDP,2025-10-21,20,83.65,2768.5,APXMIDP
2025-10-21T08:00:00Z,APXMIDP,2025-10-21,19,88.49,3065.15,APXMIDP
2025-10-21T07:30:00Z,APXMIDP,2025-10-21,18,99.45,2790.85,APXMIDP
2025-10-21T07:00:00Z,APXMIDP,2025-10-21,17,99.18,2757.4,APXMIDP
2025-10-21T06:30:00Z,APXMIDP,2025-10-21,16,91.89,2357.05,APXMIDP
2025-10-21T06:00:00Z,APXMIDP,2025-10-21,15,80.28,2643.45,APXMIDP
2025-10-21T05:30:00Z,APXMIDP,2025-10-21,14,64.72,2371.0,APXMIDP
2025-10-21T05:00:00Z,APXMIDP,2025-10-21,13,64.42,1630.6,APXMIDP
2025-10-21T04:30:00Z,APXMIDP,2025-10-21,12,66.57,1934.7,APXMIDP
2025-10-21T04:00:00Z,APXMIDP,2025-10-21,11,62.38,1583.85,APXMIDP
2025-10-21T03:30:00Z,APXMIDP,2025-10-21,10,59.19,1538.8,APXMIDP
2025-10-21T03:00:00Z,APXMIDP,2025-10-21,9,61.66,1480.1,APXMIDP
2025-10-21T02:30:00Z,APXMIDP,2025-10-21,8,66.96,1214.65,APXMIDP
2025-10-21T02:00:00Z,APXMIDP,2025-10-21,7,69.71,1552.85,APXMIDP
2025-10-21T01:30:00Z,APXMIDP,2025-10-21,6,74.41,1200.3,APXMIDP
2025-10-21T01:00:00Z,APXMIDP,2025-10-21,5,78.11,1400.0,APXMIDP
2025-10-21T00:30:00Z,APXMIDP,2025-10-21,4,81.89,980.4,APXMIDP
2025-10-21T00:00:00Z,APXMIDP,2025-10-21,3,84.82,1040.4,APXMIDP
2025-10-20T23:30:00Z,APXMIDP,2025-10-21,2,86.61,989.3,APXMIDP
2025-10-20T23:00:00Z,APXMIDP,2025-10-21,1,93.34,1248.3,APXMIDP
2025-10-20T22:30:00Z,APXMIDP,2025-10-20,48,94.89,654.65,APXMIDP
2025-10-20T22:00:00Z,APXMIDP,2025-10-20,47,98.74,457.1,APXMIDP
2025-10-20T21:30:00Z,APXMIDP,2025-10-20,46,85.04,1387.65,APXMIDP
2025-10-20T21:00:00Z,APXMIDP,2025-10-20,45,88.08,1156.8,APXMIDP
2025-10-20T20:30:00Z,APXMIDP,2025-10-20,44,89.17,1110.05,APXMIDP
2025-10-20T20:00:00Z,APXMIDP,2025-10-20,43,90.95,1188.65,APXMIDP
2025-10-20T19:30:00Z,APXMIDP,2025-10-20,42,95.11,1277.45,APXMIDP
2025-10-20T19:00:00Z,APXMIDP,2025-10-20,41,98.49,1818.5,APXMIDP
2025-10-20T18:30:00Z,APXMIDP,2025-10-20,40,100.63,1919.2,APXMIDP
2025-10-20T18:00:00Z,APXMIDP,2025-10-20,39,102.16,2248.4,APXMIDP
2025-10-20T17:30:00Z,APXMIDP,2025-10-20,38,101.75,2733.65,APXMIDP
2025-10-20T17:00:00Z,APXMIDP,2025-10-20,37,98.9,2664.3,APXMIDP
2025-10-20T16:30:00Z,APXMIDP,2025-10-20,36,99.02,3037.4,APXMIDP
2025-10-20T16:00:00Z,APXMIDP,2025-10-20,35,97.65,2740.3,APXMIDP
2025-10-20T15:30:00Z,APXMIDP,2025-10-20,34,92.97,2784.8,APXMIDP
2025-10-20T15:00:00Z,APXMIDP,2025-10-20,33,81.07,2337.2,APXMIDP
2025-10-20T14:30:00Z,APXMIDP,2025-10-20,32,78.85,1797.7,APXMIDP
2025-10-20T14:00:00Z,APXMIDP,2025-10-20,31,74.15,1875.85,APXMIDP
2025-10-20T13:30:00Z,APXMIDP,2025-10-20,30,72.87,2664.0,APXMIDP
2025-10-20T13:00:00Z,APXMIDP,2025-10-20,29,72.2,2964.7,APXMIDP
2025-10-20T12:30:00Z,APXMIDP,2025-10-20,28,68.02,2769.25,APXMIDP
2025-10-20T12:00:00Z,APXMIDP,2025-10-20,27,70.67,2832.65,APXMIDP
2025-10-20T11:30:00Z,APXMIDP,2025-10-20,26,72.86,3292.9,APXMIDP
2025-10-20T11:00:00Z,APXMIDP,2025-10-20,25,68.82,3162.5,APXMIDP
2025-10-20T10:30:00Z,APXMIDP,2025-10-20,24,76.75,2543.6,APXMIDP
2025-10-20T10:00:00Z,APXMIDP,2025-10-20,23,76.67,2487.5,APXMIDP
2025-10-20T09:30:00Z,APXMIDP,2025-10-20,22,83.33,2324.85,APXMIDP
2025-10-20T09:00:00Z,APXMIDP,2025-10-20,21,82.93,2684.45,APXMIDP
2025-10-20T08:30:00Z,APXMIDP,2025-10-20,20,90.11,2745.05,APXMIDP
2025-10-20T08:00:00Z,APXMIDP,2025-10-20,19,83.55,2517.55,APXMIDP
2025-10-20T07:30:00Z,APXMIDP,2025-10-20,18,80.71,2158.75,APXMIDP
2025-10-20T07:00:00Z,APXMIDP,2025-10-20,17,75.87,1889.65,APXMIDP
2025-10-20T06:30:00Z,APXMIDP,2025-10-20,16,74.13,2649.5,APXMIDP
2025-10-20T06:00:00Z,APXMIDP,2025-10-20,15,69.66,2121.55,APXMIDP
2025-10-20T05:30:00Z,APXMIDP,2025-10-20,14,68.26,2462.7,APXMIDP
2025-10-20T05:00:00Z,APXMIDP,2025-10-20,13,75.55,1896.8,APXMIDP
2025-10-20T04:30:00Z,APXMIDP,2025-10-20,12,70.55,1940.95,APXMIDP
2025-10-20T04:00:00Z,APXMIDP,2025-10-20,11,71.63,1761.15,APXMIDP
2025-10-20T03:30:00Z,APXMIDP,2025-10-20,10,68.06,1961.2,APXMIDP
2025-10-20T03:00:00Z,APXMIDP,2025-10-20,9,68.29,1900.35,APXMIDP
2025-10-20T02:30:00Z,APXMIDP,2025-10-20,8,65.75,1921.95,APXMIDP
2025-10-20T02:00:00Z,APXMIDP,2025-10-20,7,68.02,2023.65,APXMIDP
2025-10-20T01:30:00Z,APXMIDP,2025-10-20,6,60.72,1931.75,APXMIDP
2025-10-20T01:00:00Z,APXMIDP,2025-10-20,5,54.07,2054.7,APXMIDP
2025-10-20T00:30:00Z,APXMIDP,2025-10-20,4,50.13,1522.95,APXMIDP
2025-10-20T00:00:00Z,APXMIDP,2025-10-20,3,46.74,1812.45,APXMIDP
2025-10-19T23:30:00Z,APXMIDP,2025-10-20,2,48.1,1666.05,APXMIDP
2025-10-19T23:00:00Z,APXMIDP,2025-10-20,1,46.81,1790.4,APXMIDP
2025-10-19T22:30:00Z,APXMIDP,2025-10-19,48,44.63,2354.5,APXMIDP
2025-10-19T22:00:00Z,APXMIDP,2025-10-19,47,42.16,1806.25,APXMIDP
2025-10-19T21:30:00Z,APXMIDP,2025-10-19,46,48.43,2676.45,APXMIDP
2025-10-19T21:00:00Z,APXMIDP,2025-10-19,45,52.38,2897.05,APXMIDP
2025-10-19T20:30:00Z,APXMIDP,2025-10-19,44,51.48,2399.8,APXMIDP
2025-10-19T20:00:00Z,APXMIDP,2025-10-19,43,60.59,2315.2,APXMIDP
2025-10-19T19:30:00Z,APXMIDP,2025-10-19,42,69.18,2155.75,APXMIDP
2025-10-19T19:00:00Z,APXMIDP,2025-10-19,41,79.16,2183.25,APXMIDP
2025-10-19T18:30:00Z,APXMIDP,2025-10-19,40,75.93,2028.45,APXMIDP
2025-10-19T18:00:00Z,APXMIDP,2025-10-19,39,80.65,2409.7,APXMIDP
2025-10-19T17:30:00Z,APXMIDP,2025-10-19,38,92.0,2535.95,APXMIDP
2025-10-19T17:00:00Z,APXMIDP,2025-10-19,37,90.34,2625.35,APXMIDP
2025-10-19T16:30:00Z,APXMIDP,2025-10-19,36,94.53,2483.05,APXMIDP
2025-10-19T16:00:00Z,APXMIDP,2025-10-19,35,93.35,2330.45,APXMIDP
2025-10-19T15:30:00Z,APXMIDP,2025-10-19,34,92.62,2598.25,APXMIDP
2025-10-19T15:00:00Z,APXMIDP,2025-10-19,33,90.41,1852.8,APXMIDP
2025-10-19T14:30:00Z,APXMIDP,2025-10-19,32,81.03,2028.75,APXMIDP
2025-10-19T14:00:00Z,APXMIDP,2025-10-19,31,74.01,2232.55,APXMIDP
2025-10-19T13:30:00Z,APXMIDP,2025-10-19,30,55.85,2847.35,APXMIDP
2025-10-19T13:00:00Z,APXMIDP,2025-10-19,29,59.65,2871.6,APXMIDP
2025-10-19T12:30:00Z,APXMIDP,2025-10-19,28,59.91,1951.8,APXMIDP
2025-10-19T12:00:00Z,APXMIDP,2025-10-19,27,57.9,1956.65,APXMIDP
2025-10-19T11:30:00Z,APXMIDP,2025-10-19,26,56.63,2088.55,APXMIDP
2025-10-19T11:00:00Z,APXMIDP,2025-10-19,25,55.09,2116.35,APXMIDP
2025-10-19T10:30:00Z,APXMIDP,2025-10-19,24,55.29,2190.55,APXMIDP
2025-10-19T10:00:00Z,APXMIDP,2025-10-19,23,52.41,2276.4,APXMIDP
2025-10-19T09:30:00Z,APXMIDP,2025-10-19,22,46.95,3057.25,APXMIDP
2025-10-19T09:00:00Z,APXMIDP,2025-10-19,21,47.19,2833.9,APXMIDP
2025-10-19T08:30:00Z,APXMIDP,2025-10-19,20,59.16,2608.35,APXMIDP
2025-10-19T08:00:00Z,APXMIDP,2025-10-19,19,60.72,2517.55,APXMIDP
2025-10-19T07:30:00Z,APXMIDP,2025-10-19,18,70.97,2327.6,APXMIDP
2025-10-19T07:00:00Z,APXMIDP,2025-10-19,17,66.52,2167.3,APXMIDP
2025-10-19T06:30:00Z,APXMIDP,2025-10-19,16,76.11,2035.95,APXMIDP
2025-10-19T06:00:00Z,APXMIDP,2025-10-19,15,71.58,1812.2,APXMIDP
2025-10-19T05:30:00Z,APXMIDP,2025-10-19,14,70.68,1796.35,APXMIDP
2025-10-19T05:00:00Z,APXMIDP,2025-10-19,13,66.64,1589.2,APXMIDP
2025-10-19T04:30:00Z,APXMIDP,2025-10-19,12,66.08,1722.0,APXMIDP
2025-10-19T04:00:00Z,APXMIDP,2025-10-19,11,61.22,1659.35,APXMIDP
2025-10-19T03:30:00Z,APXMIDP,2025-10-19,10,59.64,1491.7,APXMIDP
2025-10-19T03:00:00Z,APXMIDP,2025-10-19,9,60.51,1567.35,APXMIDP
2025-10-19T02:30:00Z,APXMIDP,2025-10-19,8,56.17,1575.8,APXMIDP
2025-10-19T02:00:00Z,APXMIDP,2025-10-19,7,57.45,1353.15,APXMIDP
2025-10-19T01:30:00Z,APXMIDP,2025-10-19,6,60.38,1657.2,APXMIDP
2025-10-19T01:00:00Z,APXMIDP,2025-10-19,5,61.06,1975.7,APXMIDP
2025-10-19T00:30:00Z,APXMIDP,2025-10-19,4,61.16,1909.0,APXMIDP
2025-10-19T00:00:00Z,APXMIDP,2025-10-19,3,63.12,1565.15,APXMIDP
2025-10-18T23:30:00Z,APXMIDP,2025-10-19,2,68.91,1545.2,APXMIDP
2025-10-18T23:00:00Z,APXMIDP,2025-10-19,1,69.3,1487.8,APXMIDP
2025-10-18T22:30:00Z,APXMIDP,2025-10-18,48,71.98,1492.15,APXMIDP
2025-10-18T22:00:00Z,APXMIDP,2025-10-18,47,81.22,1751.15,APXMIDP
2025-10-18T21:30:00Z,APXMIDP,2025-10-18,46,78.19,2141.6,APXMIDP
2025-10-18T21:00:00Z,APXMIDP,2025-10-18,45,80.86,1867.6,APXMIDP
2025-10-18T20:30:00Z,APXMIDP,2025-10-18,44,79.59,1798.8,APXMIDP
2025-10-18T20:00:00Z,APXMIDP,2025-10-18,43,75.71,1847.1,APXMIDP
2025-10-18T19:30:00Z,APXMIDP,2025-10-18,42,70.41,2159.25,APXMIDP
2025-10-18T19:00:00Z,APXMIDP,2025-10-18,41,72.02,1960.95,APXMIDP
2025-10-18T18:30:00Z,APXMIDP,2025-10-18,40,76.93,2199.55,APXMIDP
2025-10-18T18:00:00Z,APXMIDP,2025-10-18,39,90.31,2467.75,APXMIDP
2025-10-18T17:30:00Z,APXMIDP,2025-10-18,38,108.17,2187.5,APXMIDP
2025-10-18T17:00:00Z,APXMIDP,2025-10-18,37,109.86,2128.35,APXMIDP
2025-10-18T16:30:00Z,APXMIDP,2025-10-18,36,105.56,2270.9,APXMIDP
2025-10-18T16:00:00Z,APXMIDP,2025-10-18,35,105.06,2286.75,APXMIDP
2025-10-18T15:30:00Z,APXMIDP,2025-10-18,34,99.43,1815.85,APXMIDP
2025-10-18T15:00:00Z,APXMIDP,2025-10-18,33,93.18,2113.95,APXMIDP
2025-10-18T14:30:00Z,APXMIDP,2025-10-18,32,81.38,2458.8,APXMIDP
2025-10-18T14:00:00Z,APXMIDP,2025-10-18,31,85.11,2411.9,APXMIDP
2025-10-18T13:30:00Z,APXMIDP,2025-10-18,30,82.82,3027.6,APXMIDP
2025-10-18T13:00:00Z,APXMIDP,2025-10-18,29,83.32,2633.1,APXMIDP
2025-10-18T12:30:00Z,APXMIDP,2025-10-18,28,86.29,2053.25,APXMIDP
2025-10-18T12:00:00Z,APXMIDP,2025-10-18,27,87.31,1778.0,APXMIDP
2025-10-18T11:30:00Z,APXMIDP,2025-10-18,26,85.74,1627.35,APXMIDP
2025-10-18T11:00:00Z,APXMIDP,2025-10-18,25,83.6,1574.05,APXMIDP
2025-10-18T10:30:00Z,APXMIDP,2025-10-18,24,82.47,1568.35,APXMIDP
2025-10-18T10:00:00Z,APXMIDP,2025-10-18,23,86.43,1664.35,APXMIDP
2025-10-18T09:30:00Z,APXMIDP,2025-10-18,22,93.07,1407.7,APXMIDP
2025-10-18T09:00:00Z,APXMIDP,2025-10-18,21,95.94,1314.15,APXMIDP
2025-10-18T08:30:00Z,APXMIDP,2025-10-18,20,92.42,1331.5,APXMIDP
2025-10-18T08:00:00Z,APXMIDP,2025-10-18,19,87.32,1162.95,APXMIDP
2025-10-18T07:30:00Z,APXMIDP,2025-10-18,18,88.98,1654.0,APXMIDP
2025-10-18T07:00:00Z,APXMIDP,2025-10-18,17,86.22,1300.35,APXMIDP
2025-10-18T06:30:00Z,APXMIDP,2025-10-18,16,92.84,1492.15,APXMIDP
2025-10-18T06:00:00Z,APXMIDP,2025-10-18,15,84.15,1087.7,APXMIDP
2025-10-18T05:30:00Z,APXMIDP,2025-10-18,14,86.41,1128.95,APXMIDP
2025-10-18T05:00:00Z,APXMIDP,2025-10-18,13,80.08,1000.05,APXMIDP
2025-10-18T04:30:00Z,APXMIDP,2025-10-18,12,73.56,925.55,APXMIDP
2025-10-18T04:00:00Z,APXMIDP,2025-10-18,11,74.67,947.25,APXMIDP
2025-10-18T03:30:00Z,APXMIDP,2025-10-18,10,73.86,917.45,APXMIDP
2025-10-18T03:00:00Z,APXMIDP,2025-10-18,9,75.72,933.9,APXMIDP
2025-10-18T02:30:00Z,APXMIDP,2025-10-18,8,75.82,1121.25,APXMIDP
2025-10-18T02:00:00Z,APXMIDP,2025-10-18,7,78.74,1126.5,APXMIDP
2025-10-18T01:30:00Z,APXMIDP,2025-10-18,6,78.59,1517.95,APXMIDP
2025-10-18T01:00:00Z,APXMIDP,2025-10-18,5,83.38,1704.75,APXMIDP
2025-10-18T00:30:00Z,APXMIDP,2025-10-18,4,85.96,1225.25,APXMIDP
2025-10-18T00:00:00Z,APXMIDP,2025-10-18,3,84.91,1460.05,APXMIDP
2025-10-17T23:30:00Z,APXMIDP,2025-10-18,2,79.53,1268.4,APXMIDP
2025-10-17T23:00:00Z,APXMIDP,2025-10-18,1,84.24,1399.25,APXMIDP
2025-10-17T22:30:00Z,APXMIDP,2025-10-17,48,84.51,1418.8,APXMIDP
2025-10-17T22:00:00Z,APXMIDP,2025-10-17,47,79.36,1682.35,APXMIDP
2025-10-17T21:30:00Z,APXMIDP,2025-10-17,46,80.79,2450.35,APXMIDP
2025-10-17T21:00:00Z,APXMIDP,2025-10-17,45,86.79,2007.6,APXMIDP
2025-10-17T20:30:00Z,APXMIDP,2025-10-17,44,83.76,2346.1,APXMIDP
2025-10-17T20:00:00Z,APXMIDP,2025-10-17,43,89.51,2473.1,APXMIDP
2025-10-17T19:30:00Z,APXMIDP,2025-10-17,42,91.9,2313.05,APXMIDP
2025-10-17T19:00:00Z,APXMIDP,2025-10-17,41,101.54,2456.85,APXMIDP
2025-10-17T18:30:00Z,APXMIDP,2025-10-17,40,107.27,2270.5,APXMIDP
2025-10-17T18:00:00Z,APXMIDP,2025-10-17,39,112.21,2624.25,APXMIDP
2025-10-17T17:30:00Z,APXMIDP,2025-10-17,38,120.69,2681.9,APXMIDP
2025-10-17T17:00:00Z,APXMIDP,2025-10-17,37,117.31,2816.5,APXMIDP
2025-10-17T16:30:00Z,APXMIDP,2025-10-17,36,107.15,2247.7,APXMIDP
2025-10-17T16:00:00Z,APXMIDP,2025-10-17,35,105.71,2486.95,APXMIDP
2025-10-17T15:30:00Z,APXMIDP,2025-10-17,34,100.59,2012.5,APXMIDP
2025-10-17T15:00:00Z,APXMIDP,2025-10-17,33,89.87,1891.75,APXMIDP
2025-10-17T14:30:00Z,APXMIDP,2025-10-17,32,78.38,2584.6,APXMIDP
2025-10-17T14:00:00Z,APXMIDP,2025-10-17,31,78.25,2364.15,APXMIDP
2025-10-17T13:30:00Z,APXMIDP,2025-10-17,30,74.25,2272.8,APXMIDP
2025-10-17T13:00:00Z,APXMIDP,2025-10-17,29,75.37,2150.35,APXMIDP
2025-10-17T12:30:00Z,APXMIDP,2025-10-17,28,78.38,1528.0,APXMIDP
2025-10-17T12:00:00Z,APXMIDP,2025-10-17,27,80.03,1795.95,APXMIDP
2025-10-17T11:30:00Z,APXMIDP,2025-10-17,26,82.54,2192.35,APXMIDP
2025-10-17T11:00:00Z,APXMIDP,2025-10-17,25,81.69,2434.15,APXMIDP
2025-10-17T10:30:00Z,APXMIDP,2025-10-17,24,85.07,2644.55,APXMIDP
2025-10-17T10:00:00Z,APXMIDP,2025-10-17,23,80.65,1836.1,APXMIDP
2025-10-17T09:30:00Z,APXMIDP,2025-10-17,22,92.82,2391.6,APXMIDP
2025-10-17T09:00:00Z,APXMIDP,2025-10-17,21,95.17,2628.05,APXMIDP
2025-10-17T08:30:00Z,APXMIDP,2025-10-17,20,98.82,2289.55,APXMIDP
2025-10-17T08:00:00Z,APXMIDP,2025-10-17,19,102.93,2376.5,APXMIDP
2025-10-17T07:30:00Z,APXMIDP,2025-10-17,18,102.46,3486.55,APXMIDP
2025-10-17T07:00:00Z,APXMIDP,2025-10-17,17,95.23,2620.55,APXMIDP
2025-10-17T06:30:00Z,APXMIDP,2025-10-17,16,117.34,3145.1,APXMIDP
2025-10-17T06:00:00Z,APXMIDP,2025-10-17,15,113.52,2456.4,APXMIDP
2025-10-17T05:30:00Z,APXMIDP,2025-10-17,14,100.08,2451.05,APXMIDP
2025-10-17T05:00:00Z,APXMIDP,2025-10-17,13,95.07,2520.5,APXMIDP
2025-10-17T04:30:00Z,APXMIDP,2025-10-17,12,79.0,2200.45,APXMIDP
2025-10-17T04:00:00Z,APXMIDP,2025-10-17,11,78.88,2137.75,APXMIDP
2025-10-17T03:30:00Z,APXMIDP,2025-10-17,10,74.1,1251.65,APXMIDP
2025-10-17T03:00:00Z,APXMIDP,2025-10-17,9,75.54,1163.7,APXMIDP
2025-10-17T02:30:00Z,APXMIDP,2025-10-17,8,74.48,1327.0,APXMIDP
2025-10-17T02:00:00Z,APXMIDP,2025-10-17,7,75.11,1203.65,APXMIDP
2025-10-17T01:30:00Z,APXMIDP,2025-10-17,6,76.94,1769.5,APXMIDP
2025-10-17T01:00:00Z,APXMIDP,2025-10-17,5,77.36,1421.35,APXMIDP
2025-10-17T00:30:00Z,APXMIDP,2025-10-17,4,80.87,1327.5,APXMIDP
2025-10-17T00:00:00Z,APXMIDP,2025-10-17,3,78.61,964.85,APXMIDP
2025-10-16T23:30:00Z,APXMIDP,2025-10-17,2,81.36,1177.75,APXMIDP
2025-10-16T23:00:00Z,APXMIDP,2025-10-17,1,81.06,1041.5,APXMIDP
2025-10-16T22:30:00Z,APXMIDP,2025-10-16,48,80.85,1202.55,APXMIDP
2025-10-16T22:00:00Z,APXMIDP,2025-10-16,47,87.23,1236.15,APXMIDP
2025-10-16T21:30:00Z,APXMIDP,2025-10-16,46,85.58,2180.15,APXMIDP
2025-10-16T21:00:00Z,APXMIDP,2025-10-16,45,86.55,2046.15,APXMIDP
2025-10-16T20:30:00Z,APXMIDP,2025-10-16,44,89.2,2562.0,APXMIDP
2025-10-16T20:00:00Z,APXMIDP,2025-10-16,43,88.99,2782.45,APXMIDP
2025-10-16T19:30:00Z,APXMIDP,2025-10-16,42,92.36,3008.35,APXMIDP
2025-10-16T19:00:00Z,APXMIDP,2025-10-16,41,101.58,3209.45,APXMIDP
2025-10-16T18:30:00Z,APXMIDP,2025-10-16,40,110.25,3139.0,APXMIDP
2025-10-16T18:00:00Z,APXMIDP,2025-10-16,39,117.79,3214.75,APXMIDP
2025-10-16T17:30:00Z,APXMIDP,2025-10-16,38,128.96,4133.4,APXMIDP
2025-10-16T17:00:00Z,APXMIDP,2025-10-16,37,123.4,4154.2,APXMIDP
2025-10-16T16:30:00Z,APXMIDP,2025-10-16,36,114.09,3554.8,APXMIDP
2025-10-16T16:00:00Z,APXMIDP,2025-10-16,35,109.26,3940.9,APXMIDP
2025-10-16T15:30:00Z,APXMIDP,2025-10-16,34,90.16,3066.4,APXMIDP
2025-10-16T15:00:00Z,APXMIDP,2025-10-16,33,85.13,3165.05,APXMIDP
2025-10-16T14:30:00Z,APXMIDP,2025-10-16,32,80.83,2422.9,APXMIDP
2025-10-16T14:00:00Z,APXMIDP,2025-10-16,31,80.02,2581.0,APXMIDP
2025-10-16T13:30:00Z,APXMIDP,2025-10-16,30,75.61,2684.05,APXMIDP
2025-10-16T13:00:00Z,APXMIDP,2025-10-16,29,75.97,2715.8,APXMIDP
2025-10-16T12:30:00Z,APXMIDP,2025-10-16,28,77.02,2449.95,APXMIDP
2025-10-16T12:00:00Z,APXMIDP,2025-10-16,27,76.12,2710.5,APXMIDP
2025-10-16T11:30:00Z,APXMIDP,2025-10-16,26,74.4,2739.3,APXMIDP
2025-10-16T11:00:00Z,APXMIDP,2025-10-16,25,76.82,2866.5,APXMIDP
2025-10-16T10:30:00Z,APXMIDP,2025-10-16,24,75.91,2237.05,APXMIDP
2025-10-16T10:00:00Z,APXMIDP,2025-10-16,23,76.74,2464.0,APXMIDP
2025-10-16T09:30:00Z,APXMIDP,2025-10-16,22,83.71,2871.95,APXMIDP
2025-10-16T09:00:00Z,APXMIDP,2025-10-16,21,83.75,2721.85,APXMIDP
2025-10-16T08:30:00Z,APXMIDP,2025-10-16,20,90.06,2912.15,APXMIDP
2025-10-16T08:00:00Z,APXMIDP,2025-10-16,19,91.79,2412.5,APXMIDP
2025-10-16T07:30:00Z,APXMIDP,2025-10-16,18,98.38,2884.7,APXMIDP
2025-10-16T07:00:00Z,APXMIDP,2025-10-16,17,96.48,2447.2,APXMIDP
2025-10-16T06:30:00Z,APXMIDP,2025-10-16,16,101.17,2865.0,APXMIDP
2025-10-16T06:00:00Z,APXMIDP,2025-10-16,15,96.08,2571.1,APXMIDP
2025-10-16T05:30:00Z,APXMIDP,2025-10-16,14,91.29,2261.4,APXMIDP
2025-10-16T05:00:00Z,APXMIDP,2025-10-16,13,80.94,2035.0,APXMIDP
2025-10-16T04:30:00Z,APXMIDP,2025-10-16,12,72.94,1890.0,APXMIDP
2025-10-16T04:00:00Z,APXMIDP,2025-10-16,11,74.86,1894.45,APXMIDP
2025-10-16T03:30:00Z,APXMIDP,2025-10-16,10,71.1,1256.4,APXMIDP
2025-10-16T03:00:00Z,APXMIDP,2025-10-16,9,71.58,1359.95,APXMIDP
2025-10-16T02:30:00Z,APXMIDP,2025-10-16,8,72.66,1642.7,APXMIDP
2025-10-16T02:00:00Z,APXMIDP,2025-10-16,7,71.75,1396.65,APXMIDP
2025-10-16T01:30:00Z,APXMIDP,2025-10-16,6,75.04,1877.1,APXMIDP
2025-10-16T01:00:00Z,APXMIDP,2025-10-16,5,73.88,1511.3,APXMIDP
2025-10-16T00:30:00Z,APXMIDP,2025-10-16,4,74.55,1325.3,APXMIDP
2025-10-16T00:00:00Z,APXMIDP,2025-10-16,3,76.43,1427.5,APXMIDP
2025-10-15T23:30:00Z,APXMIDP,2025-10-16,2,78.61,1873.75,APXMIDP
2025-10-15T23:00:00Z,APXMIDP,2025-10-16,1,79.07,1693.25,APXMIDP
2025-10-15T22:30:00Z,APXMIDP,2025-10-15,48,80.72,1625.2,APXMIDP
2025-10-15T22:00:00Z,APXMIDP,2025-10-15,47,78.68,1047.75,APXMIDP
2025-10-15T21:30:00Z,APXMIDP,2025-10-15,46,83.84,2166.35,APXMIDP
2025-10-15T21:00:00Z,APXMIDP,2025-10-15,45,85.42,2209.65,APXMIDP
2025-10-15T20:30:00Z,APXMIDP,2025-10-15,44,84.3,2211.45,APXMIDP
2025-10-29T21:00:00Z,APXMIDP,2025-10-29,43,79.36,4009.95,APXMIDP
2025-10-29T20:30:00Z,APXMIDP,2025-10-29,42,78.9,3813.5,APXMIDP
2025-10-29T20:00:00Z,APXMIDP,2025-10-29,41,81.03,4001.85,APXMIDP
2025-10-29T19:30:00Z,APXMIDP,2025-10-29,40,82.29,4557.9,APXMIDP
2025-10-29T19:00:00Z,APXMIDP,2025-10-29,39,78.14,4477.5,APXMIDP
2025-10-29T18:30:00Z,APXMIDP,2025-10-29,38,99.81,4251.9,APXMIDP
2025-10-29T18:00:00Z,APXMIDP,2025-10-29,37,101.59,4570.5,APXMIDP
2025-10-29T17:30:00Z,APXMIDP,2025-10-29,36,109.26,4399.95,APXMIDP
2025-10-29T17:00:00Z,APXMIDP,2025-10-29,35,109.3,4101.0,APXMIDP
2025-10-29T16:30:00Z,APXMIDP,2025-10-29,34,107.44,4271.45,APXMIDP
2025-10-29T16:00:00Z,APXMIDP,2025-10-29,33,99.73,4460.75,APXMIDP
2025-10-29T15:30:00Z,APXMIDP,2025-10-29,32,92.07,4389.0,APXMIDP
2025-10-29T15:00:00Z,APXMIDP,2025-10-29,31,86.54,4412.85,APXMIDP
2025-10-29T14:30:00Z,APXMIDP,2025-10-29,30,88.77,5149.7,APXMIDP
2025-10-29T14:00:00Z,APXMIDP,2025-10-29,29,91.71,4166.1,APXMIDP
2025-10-29T13:30:00Z,APXMIDP,2025-10-29,28,80.9,4462.65,APXMIDP
2025-10-29T13:00:00Z,APXMIDP,2025-10-29,27,87.16,3560.45,APXMIDP
2025-10-29T12:30:00Z,APXMIDP,2025-10-29,26,83.27,3240.05,APXMIDP
2025-10-29T12:00:00Z,APXMIDP,2025-10-29,25,83.39,3379.5,APXMIDP
2025-10-29T11:30:00Z,APXMIDP,2025-10-29,24,80.73,3181.35,APXMIDP
2025-10-29T11:00:00Z,APXMIDP,2025-10-29,23,76.92,3523.2,APXMIDP
2025-10-29T10:30:00Z,APXMIDP,2025-10-29,22,74.92,3970.75,APXMIDP
2025-10-29T10:00:00Z,APXMIDP,2025-10-29,21,71.77,3551.75,APXMIDP
2025-10-29T09:30:00Z,APXMIDP,2025-10-29,20,74.44,3317.8,APXMIDP
2025-10-29T09:00:00Z,APXMIDP,2025-10-29,19,68.28,3014.2,APXMIDP
2025-10-29T08:30:00Z,APXMIDP,2025-10-29,18,70.94,3401.15,APXMIDP
2025-10-29T08:00:00Z,APXMIDP,2025-10-29,17,66.68,3489.55,APXMIDP
2025-10-29T07:30:00Z,APXMIDP,2025-10-29,16,72.99,3071.3,APXMIDP
2025-10-29T07:00:00Z,APXMIDP,2025-10-29,15,55.87,3113.0,APXMIDP
2025-10-29T06:30:00Z,APXMIDP,2025-10-29,14,67.86,3734.8,APXMIDP
2025-10-29T06:00:00Z,APXMIDP,2025-10-29,13,56.72,3583.55,APXMIDP
2025-10-29T05:30:00Z,APXMIDP,2025-10-29,12,39.95,2954.55,APXMIDP
2025-10-29T05:00:00Z,APXMIDP,2025-10-29,11,29.01,2388.2,APXMIDP
2025-10-29T04:30:00Z,APXMIDP,2025-10-29,10,20.96,2476.3,APXMIDP
2025-10-29T04:00:00Z,APXMIDP,2025-10-29,9,26.99,2808.9,APXMIDP
2025-10-29T03:30:00Z,APXMIDP,2025-10-29,8,31.34,2868.35,APXMIDP
2025-10-29T03:00:00Z,APXMIDP,2025-10-29,7,29.62,3070.2,APXMIDP
2025-10-29T02:30:00Z,APXMIDP,2025-10-29,6,20.57,2854.95,APXMIDP
2025-10-29T02:00:00Z,APXMIDP,2025-10-29,5,27.42,2761.95,APXMIDP
2025-10-29T01:30:00Z,APXMIDP,2025-10-29,4,33.06,2777.3,APXMIDP
2025-10-29T01:00:00Z,APXMIDP,2025-10-29,3,42.61,2713.85,APXMIDP
2025-10-29T00:30:00Z,APXMIDP,2025-10-29,2,49.68,2831.15,APXMIDP
2025-10-29T00:00:00Z,APXMIDP,2025-10-29,1,47.59,2362.8,APXMIDP
2025-10-28T23:30:00Z,APXMIDP,2025-10-28,48,43.81,2017.7,APXMIDP
2025-10-28T23:00:00Z,APXMIDP,2025-10-28,47,50.56,2011.8,APXMIDP
2025-10-28T22:30:00Z,APXMIDP,2025-10-28,46,54.58,2029.25,APXMIDP
2025-10-28T22:00:00Z,APXMIDP,2025-10-28,45,70.01,1985.95,APXMIDP
2025-10-28T21:30:00Z,APXMIDP,2025-10-28,44,58.69,2289.15,APXMIDP
2025-10-28T21:00:00Z,APXMIDP,2025-10-28,43,76.63,2247.35,APXMIDP
2025-10-28T20:30:00Z,APXMIDP,2025-10-28,42,87.5,2470.6,APXMIDP
2025-10-28T20:00:00Z,APXMIDP,2025-10-28,41,83.33,2547.75,APXMIDP
2025-10-28T19:30:00Z,APXMIDP,2025-10-28,40,81.46,2877.5,APXMIDP
2025-10-28T19:00:00Z,APXMIDP,2025-10-28,39,90.39,2979.95,APXMIDP
2025-10-28T18:30:00Z,APXMIDP,2025-10-28,38,98.03,3373.9,APXMIDP
2025-10-28T18:00:00Z,APXMIDP,2025-10-28,37,96.28,4512.1,APXMIDP
2025-10-28T17:30:00Z,APXMIDP,2025-10-28,36,103.58,3919.2,APXMIDP
2025-10-28T17:00:00Z,APXMIDP,2025-10-28,35,104.63,3748.35,APXMIDP
2025-10-28T16:30:00Z,APXMIDP,2025-10-28,34,93.12,4394.05,APXMIDP
2025-10-28T16:00:00Z,APXMIDP,2025-10-28,33,73.84,3837.2,APXMIDP
2025-10-28T15:30:00Z,APXMIDP,2025-10-28,32,67.6,4106.05,APXMIDP
2025-10-28T15:00:00Z,APXMIDP,2025-10-28,31,72.54,3970.0,APXMIDP
2025-10-28T14:30:00Z,APXMIDP,2025-10-28,30,49.97,4007.75,APXMIDP
2025-10-28T14:00:00Z,APXMIDP,2025-10-28,29,45.24,4327.2,APXMIDP
2025-10-28T13:30:00Z,APXMIDP,2025-10-28,28,44.92,4281.55,APXMIDP
2025-10-28T13:00:00Z,APXMIDP,2025-10-28,27,40.72,3849.1,APXMIDP
2025-10-28T12:30:00Z,APXMIDP,2025-10-28,26,30.52,3990.25,APXMIDP
2025-10-28T12:00:00Z,APXMIDP,2025-10-28,25,28.82,4068.2,APXMIDP
2025-10-28T11:30:00Z,APXMIDP,2025-10-28,24,34.39,3649.2,APXMIDP
2025-10-28T11:00:00Z,APXMIDP,2025-10-28,23,35.14,4101.9,APXMIDP
2025-10-28T10:30:00Z,APXMIDP,2025-10-28,22,35.15,3483.05,APXMIDP
2025-10-28T10:00:00Z,APXMIDP,2025-10-28,21,39.15,3739.8,APXMIDP
2025-10-28T09:30:00Z,APXMIDP,2025-10-28,20,41.65,3379.85,APXMIDP
2025-10-28T09:00:00Z,APXMIDP,2025-10-28,19,51.7,3741.6,APXMIDP
2025-10-28T08:30:00Z,APXMIDP,2025-10-28,18,57.55,3216.95,APXMIDP
2025-10-28T08:00:00Z,APXMIDP,2025-10-28,17,54.84,2795.3,APXMIDP
2025-10-28T07:30:00Z,APXMIDP,2025-10-28,16,74.05,3361.05,APXMIDP
2025-10-28T07:00:00Z,APXMIDP,2025-10-28,15,68.38,2747.8,APXMIDP
2025-10-28T06:30:00Z,APXMIDP,2025-10-28,14,68.71,3378.35,APXMIDP
2025-10-28T06:00:00Z,APXMIDP,2025-10-28,13,29.52,2992.1,APXMIDP
2025-10-28T05:30:00Z,APXMIDP,2025-10-28,12,37.78,2951.9,APXMIDP
2025-10-28T05:00:00Z,APXMIDP,2025-10-28,11,22.68,2608.2,APXMIDP
2025-10-28T04:30:00Z,APXMIDP,2025-10-28,10,2.96,2487.9,APXMIDP
2025-10-28T04:00:00Z,APXMIDP,2025-10-28,9,5.53,2506.1,APXMIDP
2025-10-28T03:30:00Z,APXMIDP,2025-10-28,8,2.21,2584.05,APXMIDP
2025-10-28T03:00:00Z,APXMIDP,2025-10-28,7,6.85,2596.6,APXMIDP
2025-10-28T02:30:00Z,APXMIDP,2025-10-28,6,0.87,2505.65,APXMIDP
2025-10-28T02:00:00Z,APXMIDP,2025-10-28,5,1.48,2075.05,APXMIDP
2025-10-28T01:30:00Z,APXMIDP,2025-10-28,4,0.49,1970.5,APXMIDP
2025-10-28T01:00:00Z,APXMIDP,2025-10-28,3,7.99,2072.8,APXMIDP
2025-10-28T00:30:00Z,APXMIDP,2025-10-28,2,10.75,1827.85,APXMIDP
2025-10-28T00:00:00Z,APXMIDP,2025-10-28,1,21.71,2216.05,APXMIDP
2025-10-27T23:30:00Z,APXMIDP,2025-10-27,48,20.57,1900.15,APXMIDP
2025-10-27T23:00:00Z,APXMIDP,2025-10-27,47,37.33,2531.0,APXMIDP
2025-10-27T22:30:00Z,APXMIDP,2025-10-27,46,60.27,2704.5,APXMIDP
2025-10-27T22:00:00Z,APXMIDP,2025-10-27,45,76.02,2812.95,APXMIDP
2025-10-27T21:30:00Z,APXMIDP,2025-10-27,44,71.45,1926.05,APXMIDP
2025-10-27T21:00:00Z,APXMIDP,2025-10-27,43,79.74,2214.9,APXMIDP
2025-10-27T20:30:00Z,APXMIDP,2025-10-27,42,78.39,2677.4,APXMIDP
2025-10-27T20:00:00Z,APXMIDP,2025-10-27,41,81.22,2180.75,APXMIDP
2025-10-27T19:30:00Z,APXMIDP,2025-10-27,40,84.55,2835.25,APXMIDP
2025-10-27T19:00:00Z,APXMIDP,2025-10-27,39,93.43,3078.85,APXMIDP
2025-10-27T18:30:00Z,APXMIDP,2025-10-27,38,102.85,3633.45,APXMIDP
2025-10-27T18:00:00Z,APXMIDP,2025-10-27,37,103.79,3714.05,APXMIDP
2025-10-27T17:30:00Z,APXMIDP,2025-10-27,36,108.41,3283.0,APXMIDP
2025-10-27T17:00:00Z,APXMIDP,2025-10-27,35,111.69,3968.05,APXMIDP
2025-10-27T16:30:00Z,APXMIDP,2025-10-27,34,111.96,3345.15,APXMIDP
2025-10-27T16:00:00Z,APXMIDP,2025-10-27,33,98.83,3056.25,APXMIDP
2025-10-27T15:30:00Z,APXMIDP,2025-10-27,32,93.73,4143.75,APXMIDP
2025-10-27T15:00:00Z,APXMIDP,2025-10-27,31,89.04,3610.15,APXMIDP
2025-10-27T14:30:00Z,APXMIDP,2025-10-27,30,79.33,4499.9,APXMIDP
2025-10-27T14:00:00Z,APXMIDP,2025-10-27,29,71.85,3631.3,APXMIDP
2025-10-27T13:30:00Z,APXMIDP,2025-10-27,28,67.28,3389.55,APXMIDP
2025-10-27T13:00:00Z,APXMIDP,2025-10-27,27,64.89,2993.4,APXMIDP
2025-10-27T12:30:00Z,APXMIDP,2025-10-27,26,65.82,3496.0,APXMIDP
2025-10-27T12:00:00Z,APXMIDP,2025-10-27,25,58.78,3298.1,APXMIDP
2025-10-27T11:30:00Z,APXMIDP,2025-10-27,24,52.95,4118.9,APXMIDP
2025-10-27T11:00:00Z,APXMIDP,2025-10-27,23,53.28,3384.1,APXMIDP
2025-10-27T10:30:00Z,APXMIDP,2025-10-27,22,74.87,3095.2,APXMIDP
2025-10-27T10:00:00Z,APXMIDP,2025-10-27,21,73.16,2841.05,APXMIDP
2025-10-27T09:30:00Z,APXMIDP,2025-10-27,20,73.8,2980.0,APXMIDP
2025-10-27T09:00:00Z,APXMIDP,2025-10-27,19,81.21,2745.7,APXMIDP
2025-10-27T08:30:00Z,APXMIDP,2025-10-27,18,80.88,2373.05,APXMIDP
2025-10-27T08:00:00Z,APXMIDP,2025-10-27,17,78.36,2035.4,APXMIDP
2025-10-27T07:30:00Z,APXMIDP,2025-10-27,16,84.31,2121.0,APXMIDP
2025-10-27T07:00:00Z,APXMIDP,2025-10-27,15,60.19,1991.35,APXMIDP
2025-10-27T06:30:00Z,APXMIDP,2025-10-27,14,67.79,3359.65,APXMIDP
2025-10-27T06:00:00Z,APXMIDP,2025-10-27,13,25.94,3241.3,APXMIDP
2025-10-27T05:30:00Z,APXMIDP,2025-10-27,12,16.39,3164.2,APXMIDP
2025-10-27T05:00:00Z,APXMIDP,2025-10-27,11,-4.76,2617.35,APXMIDP
2025-10-27T04:30:00Z,APXMIDP,2025-10-27,10,-14.32,2153.45,APXMIDP
2025-10-27T04:00:00Z,APXMIDP,2025-10-27,9,-15.55,2305.05,APXMIDP
2025-10-27T03:30:00Z,APXMIDP,2025-10-27,8,-14.22,1723.9,APXMIDP
2025-10-27T03:00:00Z,APXMIDP,2025-10-27,7,-12.16,2001.35,APXMIDP
2025-10-27T02:30:00Z,APXMIDP,2025-10-27,6,-9.0,1717.75,APXMIDP
2025-10-27T02:00:00Z,APXMIDP,2025-10-27,5,-8.17,1905.8,APXMIDP
2025-10-27T01:30:00Z,APXMIDP,2025-10-27,4,-8.31,1784.8,APXMIDP
2025-10-27T01:00:00Z,APXMIDP,2025-10-27,3,-6.4,1638.9,APXMIDP
2025-10-27T00:30:00Z,APXMIDP,2025-10-27,2,-4.02,1930.1,APXMIDP
2025-10-27T00:00:00Z,APXMIDP,2025-10-27,1,-6.43,1717.6,APXMIDP
2025-10-26T23:30:00Z,APXMIDP,2025-10-26,50,-4.68,2145.3,APXMIDP
2025-10-26T23:00:00Z,APXMIDP,2025-10-26,49,-4.0,2174.45,APXMIDP
2025-10-26T22:30:00Z,APXMIDP,2025-10-26,48,-10.53,2985.4,APXMIDP
2025-10-26T22:00:00Z,APXMIDP,2025-10-26,47,-4.65,2819.95,APXMIDP
2025-10-26T21:30:00Z,APXMIDP,2025-10-26,46,-4.03,2238.55,APXMIDP
2025-10-26T21:00:00Z,APXMIDP,2025-10-26,45,3.85,2222.8,APXMIDP
2025-10-26T20:30:00Z,APXMIDP,2025-10-26,44,3.23,2637.8,APXMIDP
2025-10-26T20:00:00Z,APXMIDP,2025-10-26,43,14.54,2547.45,APXMIDP
2025-10-26T19:30:00Z,APXMIDP,2025-10-26,42,17.0,2727.3,APXMIDP
2025-10-26T19:00:00Z,APXMIDP,2025-10-26,41,22.61,3263.45,APXMIDP
2025-10-26T18:30:00Z,APXMIDP,2025-10-26,40,59.87,3417.1,APXMIDP
2025-10-26T18:00:00Z,APXMIDP,2025-10-26,39,65.84,3898.35,APXMIDP
2025-10-26T17:30:00Z,APXMIDP,2025-10-26,38,70.05,3464.7,APXMIDP
2025-10-26T17:00:00Z,APXMIDP,2025-10-26,37,69.92,3402.6,APXMIDP
2025-10-26T16:30:00Z,APXMIDP,2025-10-26,36,54.91,3941.35,APXMIDP
2025-10-26T16:00:00Z,APXMIDP,2025-10-26,35,53.04,3239.85,APXMIDP
2025-10-26T15:30:00Z,APXMIDP,2025-10-26,34,61.5,3262.2,APXMIDP
2025-10-26T15:00:00Z,APXMIDP,2025-10-26,33,63.52,3249.8,APXMIDP
2025-10-26T14:30:00Z,APXMIDP,2025-10-26,32,54.37,4399.35,APXMIDP
2025-10-26T14:00:00Z,APXMIDP,2025-10-26,31,54.65,4330.55,APXMIDP
2025-10-26T13:30:00Z,APXMIDP,2025-10-26,30,54.93,5555.35,APXMIDP
2025-10-26T13:00:00Z,APXMIDP,2025-10-26,29,52.67,5399.6,APXMIDP
2025-10-26T12:30:00Z,APXMIDP,2025-10-26,28,38.68,5719.1,APXMIDP
2025-10-26T12:00:00Z,APXMIDP,2025-10-26,27,28.22,5702.85,APXMIDP
2025-10-26T11:30:00Z,APXMIDP,2025-10-26,26,26.42,4538.65,APXMIDP
2025-10-26T11:00:00Z,APXMIDP,2025-10-26,25,28.64,4119.9,APXMIDP
2025-10-26T10:30:00Z,APXMIDP,2025-10-26,24,31.76,2932.9,APXMIDP
2025-10-26T10:00:00Z,APXMIDP,2025-10-26,23,31.3,2593.7,APXMIDP
2025-10-26T09:30:00Z,APXMIDP,2025-10-26,22,41.1,2481.2,APXMIDP
2025-10-26T09:00:00Z,APXMIDP,2025-10-26,21,37.82,2066.85,APXMIDP
2025-10-26T08:30:00Z,APXMIDP,2025-10-26,20,35.14,2367.0,APXMIDP
2025-10-26T08:00:00Z,APXMIDP,2025-10-26,19,23.43,2252.9,APXMIDP
2025-10-26T07:30:00Z,APXMIDP,2025-10-26,18,23.69,2195.9,APXMIDP
2025-10-26T07:00:00Z,APXMIDP,2025-10-26,17,20.15,2321.45,APXMIDP
2025-10-26T06:30:00Z,APXMIDP,2025-10-26,16,19.86,2608.9,APXMIDP
2025-10-26T06:00:00Z,APXMIDP,2025-10-26,15,8.44,2309.3,APXMIDP
2025-10-26T05:30:00Z,APXMIDP,2025-10-26,14,9.22,2548.6,APXMIDP
2025-10-26T05:00:00Z,APXMIDP,2025-10-26,13,5.42,2331.35,APXMIDP
2025-10-26T04:30:00Z,APXMIDP,2025-10-26,12,4.25,2171.15,APXMIDP
2025-10-26T04:00:00Z,APXMIDP,2025-10-26,11,2.72,1839.65,APXMIDP
2025-10-26T03:30:00Z,APXMIDP,2025-10-26,10,0.21,1823.0,APXMIDP
2025-10-26T03:00:00Z,APXMIDP,2025-10-26,9,1.02,1940.95,APXMIDP
2025-10-26T02:30:00Z,APXMIDP,2025-10-26,8,5.9,2020.95,APXMIDP
2025-10-26T02:00:00Z,APXMIDP,2025-10-26,7,8.91,1626.45,APXMIDP
2025-10-26T01:30:00Z,APXMIDP,2025-10-26,6,15.64,1951.7,APXMIDP
2025-10-26T01:00:00Z,APXMIDP,2025-10-26,5,19.36,2222.0,APXMIDP
2025-10-26T00:30:00Z,APXMIDP,2025-10-26,4,35.77,2155.0,APXMIDP
2025-10-26T00:00:00Z,APXMIDP,2025-10-26,3,25.85,1760.55,APXMIDP
2025-10-25T23:30:00Z,APXMIDP,2025-10-26,2,21.2,1548.9,APXMIDP
2025-10-25T23:00:00Z,APXMIDP,2025-10-26,1,24.51,1605.2,APXMIDP
2025-10-25T22:30:00Z,APXMIDP,2025-10-25,48,25.03,1652.9,APXMIDP
2025-10-25T22:00:00Z,APXMIDP,2025-10-25,47,31.91,1799.65,APXMIDP
2025-10-25T21:30:00Z,APXMIDP,2025-10-25,46,26.15,2423.0,APXMIDP
2025-10-25T21:00:00Z,APXMIDP,2025-10-25,45,52.34,2476.6,APXMIDP
2025-10-25T20:30:00Z,APXMIDP,2025-10-25,44,40.32,2183.7,APXMIDP
2025-10-25T20:00:00Z,APXMIDP,2025-10-25,43,52.71,2324.7,APXMIDP
2025-10-25T19:30:00Z,APXMIDP,2025-10-25,42,48.7,2214.6,APXMIDP
2025-10-25T19:00:00Z,APXMIDP,2025-10-25,41,73.9,2610.4,APXMIDP
2025-10-25T18:30:00Z,APXMIDP,2025-10-25,40,79.0,2166.4,APXMIDP
2025-10-25T18:00:00Z,APXMIDP,2025-10-25,39,86.49,2004.85,APXMIDP
2025-10-25T17:30:00Z,APXMIDP,2025-10-25,38,88.88,3081.6,APXMIDP
2025-10-25T17:00:00Z,APXMIDP,2025-10-25,37,85.34,2601.55,APXMIDP
2025-10-25T16:30:00Z,APXMIDP,2025-10-25,36,82.98,2273.3,APXMIDP
2025-10-25T16:00:00Z,APXMIDP,2025-10-25,35,68.05,2638.75,APXMIDP
2025-10-25T15:30:00Z,APXMIDP,2025-10-25,34,43.6,2345.0,APXMIDP
2025-10-25T15:00:00Z,APXMIDP,2025-10-25,33,13.97,2254.55,APXMIDP
2025-10-25T14:30:00Z,APXMIDP,2025-10-25,32,17.46,2300.35,APXMIDP
2025-10-25T14:00:00Z,APXMIDP,2025-10-25,31,14.25,2215.3,APXMIDP
2025-10-25T13:30:00Z,APXMIDP,2025-10-25,30,10.14,2691.2,APXMIDP
2025-10-25T13:00:00Z,APXMIDP,2025-10-25,29,10.48,2681.35,APXMIDP
2025-10-25T12:30:00Z,APXMIDP,2025-10-25,28,11.77,2660.85,APXMIDP
2025-10-25T12:00:00Z,APXMIDP,2025-10-25,27,10.97,2526.2,APXMIDP
2025-10-25T11:30:00Z,APXMIDP,2025-10-25,26,5.05,2686.75,APXMIDP
2025-10-25T11:00:00Z,APXMIDP,2025-10-25,25,5.85,2516.85,APXMIDP
2025-10-25T10:30:00Z,APXMIDP,2025-10-25,24,4.72,2394.2,APXMIDP
2025-10-25T10:00:00Z,APXMIDP,2025-10-25,23,6.09,2048.05,APXMIDP
2025-10-25T09:30:00Z,APXMIDP,2025-10-25,22,6.76,1951.45,APXMIDP
2025-10-25T09:00:00Z,APXMIDP,2025-10-25,21,13.09,2647.7,APXMIDP
2025-10-25T08:30:00Z,APXMIDP,2025-10-25,20,12.36,1956.95,APXMIDP
2025-10-25T08:00:00Z,APXMIDP,2025-10-25,19,9.56,1839.7,APXMIDP
2025-10-25T07:30:00Z,APXMIDP,2025-10-25,18,10.08,2282.75,APXMIDP
2025-10-25T07:00:00Z,APXMIDP,2025-10-25,17,8.11,2325.7,APXMIDP
2025-10-25T06:30:00Z,APXMIDP,2025-10-25,16,10.99,1970.25,APXMIDP
2025-10-25T06:00:00Z,APXMIDP,2025-10-25,15,3.55,2012.15,APXMIDP
2025-10-25T05:30:00Z,APXMIDP,2025-10-25,14,9.92,2103.3,APXMIDP
2025-10-25T05:00:00Z,APXMIDP,2025-10-25,13,6.87,1773.5,APXMIDP
2025-10-25T04:30:00Z,APXMIDP,2025-10-25,12,4.48,1937.15,APXMIDP
2025-10-25T04:00:00Z,APXMIDP,2025-10-25,11,4.72,1970.0,APXMIDP
2025-10-25T03:30:00Z,APXMIDP,2025-10-25,10,1.72,2235.45,APXMIDP
2025-10-25T03:00:00Z,APXMIDP,2025-10-25,9,2.32,2058.5,APXMIDP
2025-10-25T02:30:00Z,APXMIDP,2025-10-25,8,1.91,2138.35,APXMIDP
2025-10-25T02:00:00Z,APXMIDP,2025-10-25,7,5.96,2264.35,APXMIDP
2025-10-25T01:30:00Z,APXMIDP,2025-10-25,6,3.79,2379.95,APXMIDP
2025-10-25T01:00:00Z,APXMIDP,2025-10-25,5,4.29,2207.3,APXMIDP
2025-10-25T00:30:00Z,APXMIDP,2025-10-25,4,7.19,2039.35,APXMIDP
2025-10-25T00:00:00Z,APXMIDP,2025-10-25,3,6.97,1995.2,APXMIDP
2025-10-24T23:30:00Z,APXMIDP,2025-10-25,2,0.38,2009.15,APXMIDP
2025-10-24T23:00:00Z,APXMIDP,2025-10-25,1,-0.57,2602.25,APXMIDP
2025-10-24T22:30:00Z,APXMIDP,2025-10-24,48,-0.72,2284.8,APXMIDP
2025-10-24T22:00:00Z,APXMIDP,2025-10-24,47,5.68,2313.25,APXMIDP
2025-10-24T21:30:00Z,APXMIDP,2025-10-24,46,10.62,2924.55,APXMIDP
2025-10-24T21:00:00Z,APXMIDP,2025-10-24,45,34.04,3340.55,APXMIDP
2025-10-24T20:30:00Z,APXMIDP,2025-10-24,44,16.76,2704.9,APXMIDP
2025-10-24T20:00:00Z,APXMIDP,2025-10-24,43,30.01,2892.75,APXMIDP
2025-10-24T19:30:00Z,APXMIDP,2025-10-24,42,32.19,2604.1,APXMIDP
2025-10-24T19:00:00Z,APXMIDP,2025-10-24,41,57.3,3081.05,APXMIDP
2025-10-24T18:30:00Z,APXMIDP,2025-10-24,40,57.51,2434.05,APXMIDP
2025-10-24T18:00:00Z,APXMIDP,2025-10-24,39,77.62,3478.75,APXMIDP
2025-10-24T17:30:00Z,APXMIDP,2025-10-24,38,86.82,3672.6,APXMIDP
2025-10-24T17:00:00Z,APXMIDP,2025-10-24,37,82.7,3646.8,APXMIDP
2025-10-24T16:30:00Z,APXMIDP,2025-10-24,36,74.69,3099.4,APXMIDP
2025-10-24T16:00:00Z,APXMIDP,2025-10-24,35,72.87,3161.9,APXMIDP
2025-10-24T15:30:00Z,APXMIDP,2025-10-24,34,59.16,3144.4,APXMIDP
2025-10-24T15:00:00Z,APXMIDP,2025-10-24,33,52.16,3021.45,APXMIDP
2025-10-24T14:30:00Z,APXMIDP,2025-10-24,32,45.2,3493.65,APXMIDP
2025-10-24T14:00:00Z,APXMIDP,2025-10-24,31,30.0,2946.1,APXMIDP
2025-10-24T13:30:00Z,APXMIDP,2025-10-24,30,17.32,3023.2,APXMIDP
2025-10-24T13:00:00Z,APXMIDP,2025-10-24,29,16.72,2645.9,APXMIDP
2025-10-24T12:30:00Z,APXMIDP,2025-10-24,28,14.5,2889.25,APXMIDP
2025-10-24T12:00:00Z,APXMIDP,2025-10-24,27,17.24,2479.9,APXMIDP
2025-10-24T11:30:00Z,APXMIDP,2025-10-24,26,20.84,2484.1,APXMIDP
2025-10-24T11:00:00Z,APXMIDP,2025-10-24,25,24.03,2476.45,APXMIDP
2025-10-24T10:30:00Z,APXMIDP,2025-10-24,24,22.62,2927.45,APXMIDP
2025-10-24T10:00:00Z,APXMIDP,2025-10-24,23,38.12,2018.55,APXMIDP
2025-10-24T09:30:00Z,APXMIDP,2025-10-24,22,68.24,2565.4,APXMIDP
2025-10-24T09:00:00Z,APXMIDP,2025-10-24,21,80.93,2703.85,APXMIDP
2025-10-24T08:30:00Z,APXMIDP,2025-10-24,20,90.96,2979.25,APXMIDP
2025-10-24T08:00:00Z,APXMIDP,2025-10-24,19,95.08,2607.7,APXMIDP
2025-10-24T07:30:00Z,APXMIDP,2025-10-24,18,98.9,2877.0,APXMIDP
2025-10-24T07:00:00Z,APXMIDP,2025-10-24,17,100.35,2786.55,APXMIDP
2025-10-24T06:30:00Z,APXMIDP,2025-10-24,16,102.43,3795.85,APXMIDP
2025-10-24T06:00:00Z,APXMIDP,2025-10-24,15,95.92,2896.45,APXMIDP
2025-10-24T05:30:00Z,APXMIDP,2025-10-24,14,77.49,3015.35,APXMIDP
2025-10-24T05:00:00Z,APXMIDP,2025-10-24,13,58.58,3423.35,APXMIDP
2025-10-24T04:30:00Z,APXMIDP,2025-10-24,12,28.6,2844.5,APXMIDP
2025-10-24T04:00:00Z,APXMIDP,2025-10-24,11,14.27,2654.7,APXMIDP
2025-10-24T03:30:00Z,APXMIDP,2025-10-24,10,6.79,2297.3,APXMIDP
2025-10-24T03:00:00Z,APXMIDP,2025-10-24,9,4.91,2199.95,APXMIDP
2025-10-24T02:30:00Z,APXMIDP,2025-10-24,8,-0.43,1826.9,APXMIDP
2025-10-24T02:00:00Z,APXMIDP,2025-10-24,7,-0.89,2081.1,APXMIDP
2025-10-24T01:30:00Z,APXMIDP,2025-10-24,6,-1.63,1919.25,APXMIDP
2025-10-24T01:00:00Z,APXMIDP,2025-10-24,5,-1.75,1952.7,APXMIDP
2025-10-24T00:30:00Z,APXMIDP,2025-10-24,4,-1.55,1997.9,APXMIDP
2025-10-24T00:00:00Z,APXMIDP,2025-10-24,3,-1.18,1924.4,APXMIDP
2025-10-23T23:30:00Z,APXMIDP,2025-10-24,2,-0.12,2028.65,APXMIDP
2025-10-23T23:00:00Z,APXMIDP,2025-10-24,1,0.36,2105.05,APXMIDP
2025-10-23T22:30:00Z,APXMIDP,2025-10-23,48,-0.48,2185.85,APXMIDP
2025-10-23T22:00:00Z,APXMIDP,2025-10-23,47,4.24,2304.3,APXMIDP
2025-10-23T21:30:00Z,APXMIDP,2025-10-23,46,23.56,3519.75,APXMIDP
2025-10-23T21:00:00Z,APXMIDP,2025-10-23,45,29.96,3307.25,APXMIDP
2025-10-23T20:30:00Z,APXMIDP,2025-10-23,44,33.37,2470.95,APXMIDP
2025-10-23T20:00:00Z,APXMIDP,2025-10-23,43,62.81,2991.95,APXMIDP
2025-10-23T19:30:00Z,APXMIDP,2025-10-23,42,73.52,3533.15,APXMIDP
2025-10-23T19:00:00Z,APXMIDP,2025-10-23,41,81.2,3643.45,APXMIDP
2025-10-23T18:30:00Z,APXMIDP,2025-10-23,40,79.68,3425.3,APXMIDP
2025-10-23T18:00:00Z,APXMIDP,2025-10-23,39,83.01,4078.55,APXMIDP
2025-10-23T17:30:00Z,APXMIDP,2025-10-23,38,85.51,4114.75,APXMIDP
2025-10-23T17:00:00Z,APXMIDP,2025-10-23,37,83.17,4018.35,APXMIDP
2025-10-23T16:30:00Z,APXMIDP,2025-10-23,36,82.92,4345.1,APXMIDP
2025-10-23T16:00:00Z,APXMIDP,2025-10-23,35,79.11,4313.35,APXMIDP
2025-10-23T15:30:00Z,APXMIDP,2025-10-23,34,86.63,3688.0,APXMIDP
2025-10-23T15:00:00Z,APXMIDP,2025-10-23,33,68.69,2866.7,APXMIDP
2025-10-23T14:30:00Z,APXMIDP,2025-10-23,32,72.88,3569.65,APXMIDP
2025-10-23T14:00:00Z,APXMIDP,2025-10-23,31,67.06,3612.55,APXMIDP
2025-10-23T13:30:00Z,APXMIDP,2025-10-23,30,66.21,4035.95,APXMIDP
2025-10-23T13:00:00Z,APXMIDP,2025-10-23,29,63.94,3811.1,APXMIDP
2025-10-23T12:30:00Z,APXMIDP,2025-10-23,28,67.01,3761.45,APXMIDP
2025-10-23T12:00:00Z,APXMIDP,2025-10-23,27,71.13,3209.35,APXMIDP
2025-10-23T11:30:00Z,APXMIDP,2025-10-23,26,71.07,3552.15,APXMIDP
2025-10-23T11:00:00Z,APXMIDP,2025-10-23,25,72.66,3407.25,APXMIDP
2025-10-23T10:30:00Z,APXMIDP,2025-10-23,24,67.66,3281.4,APXMIDP
2025-10-23T10:00:00Z,APXMIDP,2025-10-23,23,78.46,3425.35,APXMIDP
2025-10-23T09:30:00Z,APXMIDP,2025-10-23,22,84.62,3515.15,APXMIDP
2025-10-23T09:00:00Z,APXMIDP,2025-10-23,21,83.58,3178.6,APXMIDP
2025-10-23T08:30:00Z,APXMIDP,2025-10-23,20,82.26,2814.4,APXMIDP
2025-10-23T08:00:00Z,APXMIDP,2025-10-23,19,87.55,2875.3,APXMIDP
2025-10-23T07:30:00Z,APXMIDP,2025-10-23,18,91.9,2518.75,APXMIDP
2025-10-23T07:00:00Z,APXMIDP,2025-10-23,17,93.7,2443.15,APXMIDP
2025-10-23T06:30:00Z,APXMIDP,2025-10-23,16,94.01,3072.3,APXMIDP
2025-10-23T06:00:00Z,APXMIDP,2025-10-23,15,87.82,2742.7,APXMIDP
2025-10-23T05:30:00Z,APXMIDP,2025-10-23,14,73.61,3213.85,APXMIDP
2025-10-23T05:00:00Z,APXMIDP,2025-10-23,13,70.75,3106.45,APXMIDP
2025-10-23T04:30:00Z,APXMIDP,2025-10-23,12,66.27,2405.35,APXMIDP
2025-10-23T04:00:00Z,APXMIDP,2025-10-23,11,64.52,2334.0,APXMIDP
2025-10-23T03:30:00Z,APXMIDP,2025-10-23,10,70.11,2074.75,APXMIDP
2025-10-23T03:00:00Z,APXMIDP,2025-10-23,9,75.98,2047.85,APXMIDP
2025-10-23T02:30:00Z,APXMIDP,2025-10-23,8,79.46,2099.95,APXMIDP
2025-10-23T02:00:00Z,APXMIDP,2025-10-23,7,82.3,2048.95,APXMIDP
2025-10-23T01:30:00Z,APXMIDP,2025-10-23,6,79.75,2010.2,APXMIDP
2025-10-23T01:00:00Z,APXMIDP,2025-10-23,5,80.76,1813.05,APXMIDP
2025-10-23T00:30:00Z,APXMIDP,2025-10-23,4,80.15,1778.2,APXMIDP
2025-10-23T00:00:00Z,APXMIDP,2025-10-23,3,83.18,1715.2,APXMIDP
2025-10-22T23:30:00Z,APXMIDP,2025-10-23,2,83.55,1955.75,APXMIDP
2025-10-22T23:00:00Z,APXMIDP,2025-10-23,1,82.85,2071.0,APXMIDP
2025-10-22T22:30:00Z,APXMIDP,2025-10-22,48,86.26,2917.9,APXMIDP
2025-10-22T22:00:00Z,APXMIDP,2025-10-22,47,82.7,2360.85,APXMIDP
2025-10-22T21:30:00Z,APXMIDP,2025-10-22,46,81.01,3734.2,APXMIDP
2025-10-22T21:00:00Z,APXMIDP,2025-10-22,45,84.02,3131.05,APXMIDP
2025-10-31T00:00:00Z,APXMIDP,2025-10-31,1,3.41,1905.25,APXMIDP
2025-10-30T23:30:00Z,APXMIDP,2025-10-30,48,2.14,2065.85,APXMIDP
2025-10-30T23:00:00Z,APXMIDP,2025-10-30,47,9.11,1703.65,APXMIDP
2025-10-30T22:30:00Z,APXMIDP,2025-10-30,46,25.43,3126.3,APXMIDP
2025-10-30T22:00:00Z,APXMIDP,2025-10-30,45,42.44,2860.7,APXMIDP
2025-10-30T21:30:00Z,APXMIDP,2025-10-30,44,42.95,3066.5,APXMIDP
2025-10-30T21:00:00Z,APXMIDP,2025-10-30,43,59.17,3169.05,APXMIDP
2025-10-30T20:30:00Z,APXMIDP,2025-10-30,42,65.76,3024.4,APXMIDP
2025-10-30T20:00:00Z,APXMIDP,2025-10-30,41,71.6,3109.35,APXMIDP
2025-10-30T19:30:00Z,APXMIDP,2025-10-30,40,72.63,3169.7,APXMIDP
2025-10-30T19:00:00Z,APXMIDP,2025-10-30,39,71.66,3210.35,APXMIDP
2025-10-30T18:30:00Z,APXMIDP,2025-10-30,38,84.09,3796.15,APXMIDP
2025-10-30T18:00:00Z,APXMIDP,2025-10-30,37,83.25,3349.25,APXMIDP
2025-10-30T17:30:00Z,APXMIDP,2025-10-30,36,82.86,3096.25,APXMIDP
2025-10-30T17:00:00Z,APXMIDP,2025-10-30,35,85.9,3033.25,APXMIDP
2025-10-30T16:30:00Z,APXMIDP,2025-10-30,34,81.23,2700.45,APXMIDP
2025-10-30T16:00:00Z,APXMIDP,2025-10-30,33,82.01,2750.9,APXMIDP
2025-10-30T15:30:00Z,APXMIDP,2025-10-30,32,78.83,2860.85,APXMIDP
2025-10-30T15:00:00Z,APXMIDP,2025-10-30,31,85.93,2887.8,APXMIDP
2025-10-30T14:30:00Z,APXMIDP,2025-10-30,30,74.42,3390.1,APXMIDP
2025-10-30T14:00:00Z,APXMIDP,2025-10-30,29,76.03,2783.3,APXMIDP
2025-10-30T13:30:00Z,APXMIDP,2025-10-30,28,79.11,2856.45,APXMIDP
2025-10-30T13:00:00Z,APXMIDP,2025-10-30,27,84.11,2671.4,APXMIDP
2025-10-30T12:30:00Z,APXMIDP,2025-10-30,26,79.06,2384.7,APXMIDP
2025-10-30T12:00:00Z,APXMIDP,2025-10-30,25,78.55,2009.0,APXMIDP
2025-10-30T11:30:00Z,APXMIDP,2025-10-30,24,78.88,1776.75,APXMIDP
2025-10-30T11:00:00Z,APXMIDP,2025-10-30,23,79.56,1960.0,APXMIDP
2025-10-30T10:30:00Z,APXMIDP,2025-10-30,22,84.08,2296.05,APXMIDP
2025-10-30T10:00:00Z,APXMIDP,2025-10-30,21,87.28,2373.65,APXMIDP
2025-10-30T09:30:00Z,APXMIDP,2025-10-30,20,86.49,2282.15,APXMIDP
2025-10-30T09:00:00Z,APXMIDP,2025-10-30,19,90.94,2491.1,APXMIDP
2025-10-30T08:30:00Z,APXMIDP,2025-10-30,18,89.97,2393.5,APXMIDP
2025-10-30T08:00:00Z,APXMIDP,2025-10-30,17,91.47,2392.45,APXMIDP
2025-10-30T07:30:00Z,APXMIDP,2025-10-30,16,92.13,2845.45,APXMIDP
2025-10-30T07:00:00Z,APXMIDP,2025-10-30,15,83.99,2629.8,APXMIDP
2025-10-30T06:30:00Z,APXMIDP,2025-10-30,14,73.41,3334.5,APXMIDP
2025-10-30T06:00:00Z,APXMIDP,2025-10-30,13,74.4,3112.1,APXMIDP
2025-10-30T05:30:00Z,APXMIDP,2025-10-30,12,65.55,2546.5,APXMIDP
2025-10-30T05:00:00Z,APXMIDP,2025-10-30,11,71.68,2007.05,APXMIDP
2025-10-30T04:30:00Z,APXMIDP,2025-10-30,10,68.73,2215.8,APXMIDP
2025-10-30T04:00:00Z,APXMIDP,2025-10-30,9,70.0,1870.85,APXMIDP
2025-10-30T03:30:00Z,APXMIDP,2025-10-30,8,72.1,2065.4,APXMIDP
2025-10-30T03:00:00Z,APXMIDP,2025-10-30,7,73.06,1733.2,APXMIDP
2025-10-30T02:30:00Z,APXMIDP,2025-10-30,6,74.94,2126.4,APXMIDP
2025-10-30T02:00:00Z,APXMIDP,2025-10-30,5,74.96,2142.65,APXMIDP
2025-10-30T01:30:00Z,APXMIDP,2025-10-30,4,76.16,2482.95,APXMIDP
2025-10-30T01:00:00Z,APXMIDP,2025-10-30,3,78.13,2761.1,APXMIDP
2025-10-30T00:30:00Z,APXMIDP,2025-10-30,2,78.11,2657.15,APXMIDP
2025-10-30T00:00:00Z,APXMIDP,2025-10-30,1,76.33,2644.6,APXMIDP
2025-10-29T23:30:00Z,APXMIDP,2025-10-29,48,73.23,2195.55,APXMIDP
2025-10-29T23:00:00Z,APXMIDP,2025-10-29,47,77.8,1978.35,APXMIDP
2025-10-29T22:30:00Z,APXMIDP,2025-10-29,46,77.42,4000.85,APXMIDP
2025-10-29T22:00:00Z,APXMIDP,2025-10-29,45,79.85,3769.5,APXMIDP
2025-10-29T21:30:00Z,APXMIDP,2025-10-29,44,80.82,4363.75,APXMIDP
