DATETIME,provider,price_GBP_per_MWh,volume_MWh
2025-01-01 00:00:00,APXMIDP,9.07,1470.95
2025-01-01 00:30:00,APXMIDP,23.51,1792.8
2025-01-01 01:00:00,APXMIDP,9.11,1900.55
2025-01-01 01:30:00,APXMIDP,8.94,1891.0
2025-01-01 02:00:00,APXMIDP,29.65,2141.6
2025-01-01 02:30:00,APXMIDP,17.91,1866.55
2025-01-01 03:00:00,APXMIDP,11.74,1376.8
2025-01-01 03:30:00,APXMIDP,6.2,1368.5
2025-01-01 04:00:00,APXMIDP,7.01,1824.2
2025-01-01 04:30:00,APXMIDP,4.32,1787.1
2025-01-01 05:00:00,APXMIDP,3.27,1563.65
2025-01-01 05:30:00,APXMIDP,3.44,1964.6
2025-01-01 06:00:00,APXMIDP,1.84,1593.25
2025-01-01 06:30:00,APXMIDP,4.63,1704.05
2025-01-01 07:00:00,APXMIDP,-1.5,1438.3
2025-01-01 07:30:00,APXMIDP,-2.25,1435.85
2025-01-01 08:00:00,APXMIDP,-6.35,2000.1
2025-01-01 08:30:00,APXMIDP,-2.9,2378.5
2025-01-01 09:00:00,APXMIDP,-14.33,2340.25
2025-01-01 09:30:00,APXMIDP,1.84,2488.1
2025-01-01 10:00:00,APXMIDP,-3.34,2752.7
2025-01-01 10:30:00,APXMIDP,16.96,2692.05
2025-01-01 11:00:00,APXMIDP,10.53,2036.5
2025-01-01 11:30:00,APXMIDP,25.49,1870.35
2025-01-01 12:00:00,APXMIDP,45.57,1725.6
2025-01-01 12:30:00,APXMIDP,60.24,1901.3
2025-01-01 13:00:00,APXMIDP,82.29,1629.2
2025-01-01 13:30:00,APXMIDP,85.57,1723.95
2025-01-01 14:00:00,APXMIDP,87.18,1734.65
2025-01-01 14:30:00,APXMIDP,90.24,1915.05
2025-01-01 15:00:00,APXMIDP,97.49,1690.7
2025-01-01 15:30:00,APXMIDP,112.25,1561.1
2025-01-01 16:00:00,APXMIDP,119.72,1822.55
2025-01-01 16:30:00,APXMIDP,121.25,2171.65
2025-01-01 17:00:00,APXMIDP,125.79,2048.3
2025-01-01 17:30:00,APXMIDP,126.73,1894.95
2025-01-01 18:00:00,APXMIDP,125.66,2345.4
2025-01-01 18:30:00,APXMIDP,125.69,2241.8
2025-01-01 19:00:00,APXMIDP,125.56,2061.05
2025-01-01 19:30:00,APXMIDP,120.95,2429.85
2025-01-01 20:00:00,APXMIDP,109.7,2533.95
2025-01-01 20:30:00,APXMIDP,106.87,2323.95
2025-01-01 21:00:00,APXMIDP,106.0,1983.4
2025-01-01 21:30:00,APXMIDP,110.84,2108.1
2025-01-01 22:00:00,APXMIDP,111.04,2177.75
2025-01-01 22:30:00,APXMIDP,108.13,2303.45
2025-01-01 23:00:00,APXMIDP,107.77,1265.2
2025-01-01 23:30:00,APXMIDP,106.05,1324.0
2025-01-02 00:00:00,APXMIDP,110.4,1624.1
2025-01-02 00:30:00,APXMIDP,112.24,1962.95
2025-01-02 01:00:00,APXMIDP,110.88,2095.65
2025-01-02 01:30:00,APXMIDP,108.63,1960.1
2025-01-02 02:00:00,APXMIDP,106.89,2180.45
2025-01-02 02:30:00,APXMIDP,98.16,2287.75
2025-01-02 03:00:00,APXMIDP,101.2,2868.1
2025-01-02 03:30:00,APXMIDP,98.65,2382.85
2025-01-02 04:00:00,APXMIDP,87.39,2358.8
2025-01-02 04:30:00,APXMIDP,85.23,2822.7
2025-01-02 05:00:00,APXMIDP,84.69,2661.85
2025-01-02 05:30:00,APXMIDP,86.89,2379.8
2025-01-02 06:00:00,APXMIDP,99.51,3057.1
2025-01-02 06:30:00,APXMIDP,86.53,3967.45
2025-01-02 07:00:00,APXMIDP,118.11,2672.65
2025-01-02 07:30:00,APXMIDP,126.67,3158.3
2025-01-02 08:00:00,APXMIDP,121.62,2166.45
2025-01-02 08:30:00,APXMIDP,123.01,2457.65
2025-01-02 09:00:00,APXMIDP,115.3,2156.25
2025-01-02 09:30:00,APXMIDP,116.89,2275.4
2025-01-02 10:00:00,APXMIDP,116.21,2113.6
2025-01-02 10:30:00,APXMIDP,110.05,2339.35
2025-01-02 11:00:00,APXMIDP,112.43,2551.85
2025-01-02 11:30:00,APXMIDP,107.5,2604.25
2025-01-02 12:00:00,APXMIDP,99.14,2896.2
2025-01-02 12:30:00,APXMIDP,98.2,2537.0
2025-01-02 13:00:00,APXMIDP,97.91,2855.55
2025-01-02 13:30:00,APXMIDP,103.61,2563.65
2025-01-02 14:00:00,APXMIDP,110.98,2867.0
2025-01-02 14:30:00,APXMIDP,109.34,3467.45
2025-01-02 15:00:00,APXMIDP,116.72,2782.2
2025-01-02 15:30:00,APXMIDP,124.16,3119.85
2025-01-02 16:00:00,APXMIDP,127.12,2748.05
2025-01-02 16:30:00,APXMIDP,133.05,2659.95
2025-01-02 17:00:00,APXMIDP,135.83,2409.05
2025-01-02 17:30:00,APXMIDP,137.73,2637.45
2025-01-02 18:00:00,APXMIDP,133.87,2646.0
2025-01-02 18:30:00,APXMIDP,120.56,2635.65
2025-01-02 19:00:00,APXMIDP,110.16,2786.05
2025-01-02 19:30:00,APXMIDP,100.34,2683.8
2025-01-02 20:00:00,APXMIDP,98.15,2883.4
2025-01-02 20:30:00,APXMIDP,99.62,2760.0
2025-01-02 21:00:00,APXMIDP,101.46,2705.0
2025-01-02 21:30:00,APXMIDP,101.04,2716.65
2025-01-02 22:00:00,APXMIDP,100.7,3141.2
2025-01-02 22:30:00,APXMIDP,97.27,2815.4
2025-01-02 23:00:00,APXMIDP,90.46,1603.8
2025-01-02 23:30:00,APXMIDP,77.61,1644.25
2025-01-03 00:00:00,APXMIDP,77.97,2029.55
2025-01-03 00:30:00,APXMIDP,79.02,1985.4
2025-01-03 01:00:00,APXMIDP,77.94,2013.2
2025-01-03 01:30:00,APXMIDP,75.27,2169.5
2025-01-03 02:00:00,APXMIDP,72.19,2458.85
2025-01-03 02:30:00,APXMIDP,65.52,2560.95
2025-01-03 03:00:00,APXMIDP,59.36,2100.75
2025-01-03 03:30:00,APXMIDP,55.4,2453.05
2025-01-03 04:00:00,APXMIDP,59.28,2731.15
2025-01-03 04:30:00,APXMIDP,56.85,2773.2
2025-01-03 05:00:00,APXMIDP,61.35,3171.0
2025-01-03 05:30:00,APXMIDP,61.98,2860.3
2025-01-03 06:00:00,APXMIDP,75.89,4129.85
2025-01-03 06:30:00,APXMIDP,74.16,4312.1
2025-01-03 07:00:00,APXMIDP,78.5,3983.2
2025-01-03 07:30:00,APXMIDP,85.65,3549.0
2025-01-03 08:00:00,APXMIDP,85.69,3355.35
2025-01-03 08:30:00,APXMIDP,89.84,2883.75
2025-01-03 09:00:00,APXMIDP,88.37,3396.05
2025-01-03 09:30:00,APXMIDP,94.28,3791.15
2025-01-03 10:00:00,APXMIDP,89.72,3906.8
2025-01-03 10:30:00,APXMIDP,87.54,3772.5
2025-01-03 11:00:00,APXMIDP,87.73,3248.7
2025-01-03 11:30:00,APXMIDP,89.69,3297.3
2025-01-03 12:00:00,APXMIDP,87.61,2921.15
2025-01-03 12:30:00,APXMIDP,87.91,2812.75
2025-01-03 13:00:00,APXMIDP,88.96,3025.1
2025-01-03 13:30:00,APXMIDP,84.4,3377.9
2025-01-03 14:00:00,APXMIDP,85.06,3980.3
2025-01-03 14:30:00,APXMIDP,86.56,3917.5
2025-01-03 15:00:00,APXMIDP,92.32,3548.45
2025-01-03 15:30:00,APXMIDP,97.13,3720.1
2025-01-03 16:00:00,APXMIDP,106.79,3475.45
2025-01-03 16:30:00,APXMIDP,108.05,3674.75
2025-01-03 17:00:00,APXMIDP,110.82,3528.45
2025-01-03 17:30:00,APXMIDP,120.42,3535.4
2025-01-03 18:00:00,APXMIDP,124.53,3420.35
2025-01-03 18:30:00,APXMIDP,127.3,3704.0
2025-01-03 19:00:00,APXMIDP,137.57,2690.8
2025-01-03 19:30:00,APXMIDP,137.93,2788.7
2025-01-03 20:00:00,APXMIDP,134.9,2653.45
2025-01-03 20:30:00,APXMIDP,124.07,2108.2
2025-01-03 21:00:00,APXMIDP,118.67,1966.05
2025-01-03 21:30:00,APXMIDP,112.04,2282.5
2025-01-03 22:00:00,APXMIDP,116.99,2394.6
2025-01-03 22:30:00,APXMIDP,114.38,2026.95
2025-01-03 23:00:00,APXMIDP,102.69,1601.9
2025-01-03 23:30:00,APXMIDP,101.04,1251.15
2025-01-04 00:00:00,APXMIDP,97.44,1252.45
2025-01-04 00:30:00,APXMIDP,102.0,1462.85
2025-01-04 01:00:00,APXMIDP,98.69,1677.45
2025-01-04 01:30:00,APXMIDP,95.84,1641.2
2025-01-04 02:00:00,APXMIDP,97.69,1364.25
2025-01-04 02:30:00,APXMIDP,99.3,1612.25
2025-01-04 03:00:00,APXMIDP,92.83,1663.0
2025-01-04 03:30:00,APXMIDP,90.83,1557.5
2025-01-04 04:00:00,APXMIDP,94.07,1784.45
2025-01-04 04:30:00,APXMIDP,92.06,1922.8
2025-01-04 05:00:00,APXMIDP,97.76,2002.4
2025-01-04 05:30:00,APXMIDP,92.78,2008.75
2025-01-04 06:00:00,APXMIDP,96.48,1921.4
2025-01-04 06:30:00,APXMIDP,99.8,2123.9
2025-01-04 07:00:00,APXMIDP,102.39,2023.15
2025-01-04 07:30:00,APXMIDP,100.27,1859.5
2025-01-04 08:00:00,APXMIDP,102.62,2116.1
2025-01-04 08:30:00,APXMIDP,107.8,2096.25
2025-01-04 09:00:00,APXMIDP,98.99,2107.1
2025-01-04 09:30:00,APXMIDP,101.93,2069.65
2025-01-04 10:00:00,APXMIDP,100.16,2100.65
2025-01-04 10:30:00,APXMIDP,101.65,2499.25
2025-01-04 11:00:00,APXMIDP,108.42,2432.25
2025-01-04 11:30:00,APXMIDP,113.52,2423.05
2025-01-04 12:00:00,APXMIDP,102.91,2556.15
2025-01-04 12:30:00,APXMIDP,106.65,2422.25
2025-01-04 13:00:00,APXMIDP,115.19,1999.7
2025-01-04 13:30:00,APXMIDP,115.22,1881.0
2025-01-04 14:00:00,APXMIDP,115.1,1744.3
2025-01-04 14:30:00,APXMIDP,115.79,1806.5
2025-01-04 15:00:00,APXMIDP,115.92,1524.4
2025-01-04 15:30:00,APXMIDP,121.1,1620.0
2025-01-04 16:00:00,APXMIDP,131.84,1295.2
2025-01-04 16:30:00,APXMIDP,133.32,1725.25
2025-01-04 17:00:00,APXMIDP,136.53,1385.25
2025-01-04 17:30:00,APXMIDP,138.36,1596.05
2025-01-04 18:00:00,APXMIDP,139.01,1611.2
2025-01-04 18:30:00,APXMIDP,130.7,1600.85
2025-01-04 19:00:00,APXMIDP,121.31,1540.3
2025-01-04 19:30:00,APXMIDP,106.3,1534.4
2025-01-04 20:00:00,APXMIDP,110.11,1718.95
2025-01-04 20:30:00,APXMIDP,107.26,1792.35
2025-01-04 21:00:00,APXMIDP,108.81,1674.0
2025-01-04 21:30:00,APXMIDP,109.02,1519.75
2025-01-04 22:00:00,APXMIDP,108.36,1580.85
2025-01-04 22:30:00,APXMIDP,106.99,1526.1
2025-01-04 23:00:00,APXMIDP,98.29,1614.05
2025-01-04 23:30:00,APXMIDP,100.94,1455.85
2025-01-05 00:00:00,APXMIDP,109.25,1290.8
2025-01-05 00:30:00,APXMIDP,109.36,1544.6
2025-01-05 01:00:00,APXMIDP,103.82,2055.2
2025-01-05 01:30:00,APXMIDP,105.1,1467.0
2025-01-05 02:00:00,APXMIDP,109.6,1455.05
2025-01-05 02:30:00,APXMIDP,104.14,1333.3
2025-01-05 03:00:00,APXMIDP,100.67,1322.15
2025-01-05 03:30:00,APXMIDP,91.67,1264.5
2025-01-05 04:00:00,APXMIDP,85.37,1290.5
2025-01-05 04:30:00,APXMIDP,81.2,1197.4
2025-01-05 05:00:00,APXMIDP,77.84,1585.45
2025-01-05 05:30:00,APXMIDP,78.28,1587.85
2025-01-05 06:00:00,APXMIDP,83.24,1394.25
2025-01-05 06:30:00,APXMIDP,88.74,1271.6
2025-01-05 07:00:00,APXMIDP,105.37,1545.85
2025-01-05 07:30:00,APXMIDP,103.99,2186.55
2025-01-05 08:00:00,APXMIDP,113.79,2474.0
2025-01-05 08:30:00,APXMIDP,113.02,2720.1
2025-01-05 09:00:00,APXMIDP,114.84,3165.65
2025-01-05 09:30:00,APXMIDP,118.36,2957.05
2025-01-05 10:00:00,APXMIDP,117.48,2858.3
2025-01-05 10:30:00,APXMIDP,118.28,3263.8
2025-01-05 11:00:00,APXMIDP,115.49,2699.05
2025-01-05 11:30:00,APXMIDP,111.95,3025.25
2025-01-05 12:00:00,APXMIDP,117.55,2590.15
2025-01-05 12:30:00,APXMIDP,120.25,2465.5
2025-01-05 13:00:00,APXMIDP,123.42,2179.3
2025-01-05 13:30:00,APXMIDP,122.48,2079.25
2025-01-05 14:00:00,APXMIDP,120.1,2569.55
2025-01-05 14:30:00,APXMIDP,120.18,2516.05
2025-01-05 15:00:00,APXMIDP,121.3,2304.55
2025-01-05 15:30:00,APXMIDP,127.39,2217.6
2025-01-05 16:00:00,APXMIDP,132.96,2681.35
2025-01-05 16:30:00,APXMIDP,138.31,3040.2
2025-01-05 17:00:00,APXMIDP,140.74,2823.35
2025-01-05 17:30:00,APXMIDP,141.27,2900.85
2025-01-05 18:00:00,APXMIDP,139.74,3141.8
2025-01-05 18:30:00,APXMIDP,136.44,2913.95
2025-01-05 19:00:00,APXMIDP,127.82,4101.3
2025-01-05 19:30:00,APXMIDP,124.34,3876.8
2025-01-05 20:00:00,APXMIDP,117.03,4321.0
2025-01-05 20:30:00,APXMIDP,109.46,3842.4
2025-01-05 21:00:00,APXMIDP,108.72,3956.7
2025-01-05 21:30:00,APXMIDP,111.62,4030.25
2025-01-05 22:00:00,APXMIDP,108.55,3573.35
2025-01-05 22:30:00,APXMIDP,97.14,3483.45
2025-01-05 23:00:00,APXMIDP,76.65,1672.6
2025-01-05 23:30:00,APXMIDP,69.63,1407.3
2025-01-06 00:00:00,APXMIDP,77.5,1617.7
2025-01-06 00:30:00,APXMIDP,97.02,1900.35
2025-01-06 01:00:00,APXMIDP,97.25,2207.15
2025-01-06 01:30:00,APXMIDP,101.06,2165.0
2025-01-06 02:00:00,APXMIDP,102.65,2723.45
2025-01-06 02:30:00,APXMIDP,87.22,3085.0
2025-01-06 03:00:00,APXMIDP,81.53,3209.35
2025-01-06 03:30:00,APXMIDP,69.57,3183.7
2025-01-06 04:00:00,APXMIDP,49.98,3151.75
2025-01-06 04:30:00,APXMIDP,44.45,2814.15
2025-01-06 05:00:00,APXMIDP,43.08,2074.95
2025-01-06 05:30:00,APXMIDP,56.17,2846.1
2025-01-06 06:00:00,APXMIDP,82.55,2634.6
2025-01-06 06:30:00,APXMIDP,93.36,2538.2
2025-01-06 07:00:00,APXMIDP,107.08,1898.45
2025-01-06 07:30:00,APXMIDP,100.28,2217.0
2025-01-06 08:00:00,APXMIDP,107.03,1777.5
2025-01-06 08:30:00,APXMIDP,108.23,2162.45
2025-01-06 09:00:00,APXMIDP,117.82,1539.4
2025-01-06 09:30:00,APXMIDP,118.75,1722.05
2025-01-06 10:00:00,APXMIDP,118.48,1951.9
2025-01-06 10:30:00,APXMIDP,111.93,2421.0
2025-01-06 11:00:00,APXMIDP,106.04,2381.4
2025-01-06 11:30:00,APXMIDP,107.03,2265.05
2025-01-06 12:00:00,APXMIDP,111.42,1943.4
2025-01-06 12:30:00,APXMIDP,109.72,2102.45
2025-01-06 13:00:00,APXMIDP,110.52,2190.25
2025-01-06 13:30:00,APXMIDP,110.0,2205.7
2025-01-06 14:00:00,APXMIDP,110.4,2343.1
2025-01-06 14:30:00,APXMIDP,106.74,2696.95
2025-01-06 15:00:00,APXMIDP,105.46,2594.05
2025-01-06 15:30:00,APXMIDP,106.42,2312.15
2025-01-06 16:00:00,APXMIDP,106.75,2508.4
2025-01-06 16:30:00,APXMIDP,112.4,2946.35
2025-01-06 17:00:00,APXMIDP,107.28,3315.6
2025-01-06 17:30:00,APXMIDP,109.44,2841.75
2025-01-06 18:00:00,APXMIDP,111.7,2869.25
2025-01-06 18:30:00,APXMIDP,112.01,3405.55
2025-01-06 19:00:00,APXMIDP,110.44,2892.75
2025-01-06 19:30:00,APXMIDP,95.38,2338.4
2025-01-06 20:00:00,APXMIDP,97.23,3195.35
2025-01-06 20:30:00,APXMIDP,100.05,3230.65
2025-01-06 21:00:00,APXMIDP,101.03,2797.5
2025-01-06 21:30:00,APXMIDP,98.4,2797.25
2025-01-06 22:00:00,APXMIDP,99.03,2686.0
2025-01-06 22:30:00,APXMIDP,100.4,2338.1
2025-01-06 23:00:00,APXMIDP,100.91,2368.0
2025-01-06 23:30:00,APXMIDP,101.82,2294.95
2025-01-07 00:00:00,APXMIDP,100.59,2577.55
2025-01-07 00:30:00,APXMIDP,104.05,2605.05
2025-01-07 01:00:00,APXMIDP,106.03,2340.9
2025-01-07 01:30:00,APXMIDP,107.21,2548.2
2025-01-07 02:00:00,APXMIDP,108.42,2371.45
2025-01-07 02:30:00,APXMIDP,109.01,2738.45
2025-01-07 03:00:00,APXMIDP,106.27,3030.3
2025-01-07 03:30:00,APXMIDP,102.22,3121.4
2025-01-07 04:00:00,APXMIDP,96.31,3849.0
2025-01-07 04:30:00,APXMIDP,96.02,3710.55
2025-01-07 05:00:00,APXMIDP,89.85,3366.0
2025-01-07 05:30:00,APXMIDP,88.1,3712.45
2025-01-07 06:00:00,APXMIDP,97.7,3608.25
2025-01-07 06:30:00,APXMIDP,97.54,4183.35
2025-01-07 07:00:00,APXMIDP,111.87,2678.95
2025-01-07 07:30:00,APXMIDP,119.37,2889.1
2025-01-07 08:00:00,APXMIDP,124.36,2096.45
2025-01-07 08:30:00,APXMIDP,124.98,2465.0
2025-01-07 09:00:00,APXMIDP,126.55,2854.1
2025-01-07 09:30:00,APXMIDP,126.57,2720.65
2025-01-07 10:00:00,APXMIDP,126.04,2710.35
2025-01-07 10:30:00,APXMIDP,123.76,2823.4
2025-01-07 11:00:00,APXMIDP,117.14,2833.0
2025-01-07 11:30:00,APXMIDP,115.51,2900.25
2025-01-07 12:00:00,APXMIDP,113.59,2952.55
2025-01-07 12:30:00,APXMIDP,112.57,2720.3
2025-01-07 13:00:00,APXMIDP,104.5,3115.45
2025-01-07 13:30:00,APXMIDP,103.79,3189.85
2025-01-07 14:00:00,APXMIDP,103.18,2952.9
2025-01-07 14:30:00,APXMIDP,101.15,3056.8
2025-01-07 15:00:00,APXMIDP,102.0,2501.15
2025-01-07 15:30:00,APXMIDP,104.25,3210.95
2025-01-07 16:00:00,APXMIDP,108.79,3266.55
2025-01-07 16:30:00,APXMIDP,119.14,3434.9
2025-01-07 17:00:00,APXMIDP,114.55,3310.55
2025-01-07 17:30:00,APXMIDP,114.56,2873.35
2025-01-07 18:00:00,APXMIDP,112.68,3161.3
2025-01-07 18:30:00,APXMIDP,107.84,2556.9
2025-01-07 19:00:00,APXMIDP,110.9,2660.5
2025-01-07 19:30:00,APXMIDP,101.89,2232.7
2025-01-07 20:00:00,APXMIDP,83.45,2295.05
2025-01-07 20:30:00,APXMIDP,83.81,2354.85
2025-01-07 21:00:00,APXMIDP,86.57,2302.95
2025-01-07 21:30:00,APXMIDP,84.34,2931.65
2025-01-07 22:00:00,APXMIDP,83.39,3257.2
2025-01-07 22:30:00,APXMIDP,79.51,3264.45
2025-01-07 23:00:00,APXMIDP,65.25,2171.75
2025-01-07 23:30:00,APXMIDP,54.96,2250.5
2025-01-08 00:00:00,APXMIDP,55.06,2356.7
2025-01-08 00:30:00,APXMIDP,56.66,2554.6
2025-01-08 01:00:00,APXMIDP,55.86,2348.8
2025-01-08 01:30:00,APXMIDP,53.82,2213.45
2025-01-08 02:00:00,APXMIDP,54.93,2610.1
2025-01-08 02:30:00,APXMIDP,56.86,2400.95
2025-01-08 03:00:00,APXMIDP,51.71,2044.0
2025-01-08 03:30:00,APXMIDP,53.65,1959.05
2025-01-08 04:00:00,APXMIDP,61.25,2490.7
2025-01-08 04:30:00,APXMIDP,64.16,2884.15
2025-01-08 05:00:00,APXMIDP,72.38,2803.45
2025-01-08 05:30:00,APXMIDP,65.45,2658.85
2025-01-08 06:00:00,APXMIDP,86.84,2827.75
2025-01-08 06:30:00,APXMIDP,88.5,2886.5
2025-01-08 07:00:00,APXMIDP,84.77,2838.7
2025-01-08 07:30:00,APXMIDP,95.33,2883.4
2025-01-08 08:00:00,APXMIDP,106.22,2238.35
2025-01-08 08:30:00,APXMIDP,128.37,2106.95
2025-01-08 09:00:00,APXMIDP,158.04,2348.8
2025-01-08 09:30:00,APXMIDP,167.55,2697.55
2025-01-08 10:00:00,APXMIDP,168.85,2622.8
2025-01-08 10:30:00,APXMIDP,175.15,2630.75
2025-01-08 11:00:00,APXMIDP,182.95,2803.4
2025-01-08 11:30:00,APXMIDP,187.55,3096.45
2025-01-08 12:00:00,APXMIDP,214.42,2649.35
2025-01-08 12:30:00,APXMIDP,367.46,2804.2
2025-01-08 13:00:00,APXMIDP,622.95,2617.25
2025-01-08 13:30:00,APXMIDP,630.12,2892.4
2025-01-08 14:00:00,APXMIDP,654.19,2865.35
2025-01-08 14:30:00,APXMIDP,576.38,2843.35
2025-01-08 15:00:00,APXMIDP,871.93,2283.55
2025-01-08 15:30:00,APXMIDP,932.85,2261.15
2025-01-08 16:00:00,APXMIDP,977.92,1942.3
2025-01-08 16:30:00,APXMIDP,1352.9,2196.2
2025-01-08 17:00:00,APXMIDP,1309.12,1714.45
2025-01-08 17:30:00,APXMIDP,1285.63,1965.4
2025-01-08 18:00:00,APXMIDP,1051.13,1851.75
2025-01-08 18:30:00,APXMIDP,979.14,2071.6
2025-01-08 19:00:00,APXMIDP,433.01,1819.4
2025-01-08 19:30:00,APXMIDP,317.09,2263.6
2025-01-08 20:00:00,APXMIDP,234.63,2155.2
2025-01-08 20:30:00,APXMIDP,217.16,2393.35
2025-01-08 21:00:00,APXMIDP,166.44,2513.75
2025-01-08 21:30:00,APXMIDP,142.46,2247.2
2025-01-08 22:00:00,APXMIDP,132.88,2698.9
2025-01-08 22:30:00,APXMIDP,127.09,2482.85
2025-01-08 23:00:00,APXMIDP,112.17,1834.5
2025-01-08 23:30:00,APXMIDP,109.42,1777.25
2025-01-09 00:00:00,APXMIDP,118.32,1550.35
2025-01-09 00:30:00,APXMIDP,122.38,2134.9
2025-01-09 01:00:00,APXMIDP,124.44,1905.6
2025-01-09 01:30:00,APXMIDP,113.16,2145.55
2025-01-09 02:00:00,APXMIDP,109.92,2036.5
2025-01-09 02:30:00,APXMIDP,105.63,1938.0
2025-01-09 03:00:00,APXMIDP,97.79,1444.55
2025-01-09 03:30:00,APXMIDP,89.1,1674.7
2025-01-09 04:00:00,APXMIDP,96.21,1781.9
2025-01-09 04:30:00,APXMIDP,94.42,2164.35
2025-01-09 05:00:00,APXMIDP,90.07,1910.0
2025-01-09 05:30:00,APXMIDP,91.07,2501.9
2025-01-09 06:00:00,APXMIDP,100.93,2532.55
2025-01-09 06:30:00,APXMIDP,97.84,2128.3
2025-01-09 07:00:00,APXMIDP,112.9,2598.1
2025-01-09 07:30:00,APXMIDP,125.81,2603.45
2025-01-09 08:00:00,APXMIDP,127.75,2457.7
2025-01-09 08:30:00,APXMIDP,130.28,2839.95
2025-01-09 09:00:00,APXMIDP,134.84,3362.65
2025-01-09 09:30:00,APXMIDP,135.05,3195.45
2025-01-09 10:00:00,APXMIDP,132.7,3262.55
2025-01-09 10:30:00,APXMIDP,125.96,3232.3
2025-01-09 11:00:00,APXMIDP,117.69,3107.9
2025-01-09 11:30:00,APXMIDP,118.48,3010.6
2025-01-09 12:00:00,APXMIDP,115.87,3354.0
2025-01-09 12:30:00,APXMIDP,114.18,3006.2
2025-01-09 13:00:00,APXMIDP,110.3,2996.0
2025-01-09 13:30:00,APXMIDP,107.46,3120.9
2025-01-09 14:00:00,APXMIDP,106.37,3434.7
2025-01-09 14:30:00,APXMIDP,105.52,3366.7
2025-01-09 15:00:00,APXMIDP,103.16,2448.2
2025-01-09 15:30:00,APXMIDP,109.62,3133.55
2025-01-09 16:00:00,APXMIDP,110.26,3059.45
2025-01-09 16:30:00,APXMIDP,111.73,3931.4
2025-01-09 17:00:00,APXMIDP,101.55,3685.85
2025-01-09 17:30:00,APXMIDP,106.49,4024.9
2025-01-09 18:00:00,APXMIDP,112.44,4277.0
2025-01-09 18:30:00,APXMIDP,108.97,3795.85
2025-01-09 19:00:00,APXMIDP,99.34,2591.2
2025-01-09 19:30:00,APXMIDP,94.29,2644.65
2025-01-09 20:00:00,APXMIDP,94.01,2760.35
2025-01-09 20:30:00,APXMIDP,94.2,3619.4
2025-01-09 21:00:00,APXMIDP,84.06,2442.5
2025-01-09 21:30:00,APXMIDP,88.77,3309.25
2025-01-09 22:00:00,APXMIDP,86.47,3615.55
2025-01-09 22:30:00,APXMIDP,80.44,3067.0
2025-01-09 23:00:00,APXMIDP,72.56,1524.5
2025-01-09 23:30:00,APXMIDP,76.69,1692.4
2025-01-10 00:00:00,APXMIDP,70.3,1676.7
2025-01-10 00:30:00,APXMIDP,74.31,2042.85
2025-01-10 01:00:00,APXMIDP,87.78,1975.6
2025-01-10 01:30:00,APXMIDP,91.17,2217.7
2025-01-10 02:00:00,APXMIDP,80.59,2425.45
2025-01-10 02:30:00,APXMIDP,81.49,2286.0
2025-01-10 03:00:00,APXMIDP,77.17,1846.95
2025-01-10 03:30:00,APXMIDP,76.39,1408.0
2025-01-10 04:00:00,APXMIDP,78.69,1887.55
2025-01-10 04:30:00,APXMIDP,77.7,1663.3
2025-01-10 05:00:00,APXMIDP,91.45,2352.35
2025-01-10 05:30:00,APXMIDP,90.79,2135.45
2025-01-10 06:00:00,APXMIDP,99.79,2267.55
2025-01-10 06:30:00,APXMIDP,113.0,2210.25
2025-01-10 07:00:00,APXMIDP,114.37,2212.1
2025-01-10 07:30:00,APXMIDP,123.04,2894.15
2025-01-10 08:00:00,APXMIDP,142.92,2727.9
2025-01-10 08:30:00,APXMIDP,140.86,2702.5
2025-01-10 09:00:00,APXMIDP,139.66,2229.55
2025-01-10 09:30:00,APXMIDP,131.71,2416.7
2025-01-10 10:00:00,APXMIDP,133.43,2467.35
2025-01-10 10:30:00,APXMIDP,132.47,3094.95
2025-01-10 11:00:00,APXMIDP,121.17,3706.8
2025-01-10 11:30:00,APXMIDP,117.4,3991.35
2025-01-10 12:00:00,APXMIDP,128.03,4374.05
2025-01-10 12:30:00,APXMIDP,120.52,4353.25
2025-01-10 13:00:00,APXMIDP,118.22,4243.15
2025-01-10 13:30:00,APXMIDP,116.39,4244.75
2025-01-10 14:00:00,APXMIDP,110.61,4912.9
2025-01-10 14:30:00,APXMIDP,109.8,4988.85
2025-01-10 15:00:00,APXMIDP,124.21,4702.35
2025-01-10 15:30:00,APXMIDP,128.29,4523.2
2025-01-10 16:00:00,APXMIDP,127.99,4023.25
2025-01-10 16:30:00,APXMIDP,141.13,4478.15
2025-01-10 17:00:00,APXMIDP,142.72,4158.95
2025-01-10 17:30:00,APXMIDP,142.72,4323.9
2025-01-10 18:00:00,APXMIDP,140.72,4284.4
2025-01-10 18:30:00,APXMIDP,132.14,4225.7
2025-01-10 19:00:00,APXMIDP,131.91,3301.7
2025-01-10 19:30:00,APXMIDP,129.27,3456.4
2025-01-10 20:00:00,APXMIDP,121.44,2590.15
2025-01-10 20:30:00,APXMIDP,112.05,2259.95
2025-01-10 21:00:00,APXMIDP,115.16,2006.45
2025-01-10 21:30:00,APXMIDP,111.03,1992.5
2025-01-10 22:00:00,APXMIDP,105.92,2417.5
2025-01-10 22:30:00,APXMIDP,106.08,2118.15
2025-01-10 23:00:00,APXMIDP,115.79,1395.65
2025-01-10 23:30:00,APXMIDP,104.47,1218.1
2025-01-11 00:00:00,APXMIDP,103.61,959.35
2025-01-11 00:30:00,APXMIDP,108.86,788.45
2025-01-11 01:00:00,APXMIDP,99.9,1063.55
2025-01-11 01:30:00,APXMIDP,101.08,1017.45
2025-01-11 02:00:00,APXMIDP,106.5,1088.9
2025-01-11 02:30:00,APXMIDP,99.79,832.2
2025-01-11 03:00:00,APXMIDP,98.27,1102.35
2025-01-11 03:30:00,APXMIDP,95.04,893.0
2025-01-11 04:00:00,APXMIDP,89.29,1206.4
2025-01-11 04:30:00,APXMIDP,89.9,1164.95
2025-01-11 05:00:00,APXMIDP,91.77,1330.35
2025-01-11 05:30:00,APXMIDP,90.26,1390.15
2025-01-11 06:00:00,APXMIDP,96.46,1745.0
2025-01-11 06:30:00,APXMIDP,96.33,1506.1
2025-01-11 07:00:00,APXMIDP,102.99,1467.55
2025-01-11 07:30:00,APXMIDP,95.31,1444.7
2025-01-11 08:00:00,APXMIDP,91.87,1847.1
2025-01-11 08:30:00,APXMIDP,112.63,1802.7
2025-01-11 09:00:00,APXMIDP,109.94,1841.9
2025-01-11 09:30:00,APXMIDP,112.19,1715.8
2025-01-11 10:00:00,APXMIDP,107.85,2005.4
2025-01-11 10:30:00,APXMIDP,98.72,1835.65
2025-01-11 11:00:00,APXMIDP,92.65,1587.0
2025-01-11 11:30:00,APXMIDP,92.55,2201.7
2025-01-11 12:00:00,APXMIDP,93.9,2038.2
2025-01-11 12:30:00,APXMIDP,95.27,1760.1
2025-01-11 13:00:00,APXMIDP,93.84,1926.7
2025-01-11 13:30:00,APXMIDP,95.22,1981.55
2025-01-11 14:00:00,APXMIDP,93.72,2085.05
2025-01-11 14:30:00,APXMIDP,96.65,2023.95
2025-01-11 15:00:00,APXMIDP,100.41,1595.45
2025-01-11 15:30:00,APXMIDP,103.8,1957.55
2025-01-11 16:00:00,APXMIDP,123.87,1682.75
2025-01-11 16:30:00,APXMIDP,147.75,2191.0
2025-01-11 17:00:00,APXMIDP,147.41,2406.9
2025-01-11 17:30:00,APXMIDP,147.73,2205.75
2025-01-11 18:00:00,APXMIDP,152.74,2206.9
2025-01-11 18:30:00,APXMIDP,151.25,2130.1
2025-01-11 19:00:00,APXMIDP,135.69,2058.75
2025-01-11 19:30:00,APXMIDP,121.03,2042.75
2025-01-11 20:00:00,APXMIDP,114.23,1658.3
2025-01-11 20:30:00,APXMIDP,105.94,1650.05
2025-01-11 21:00:00,APXMIDP,108.13,1820.3
2025-01-11 21:30:00,APXMIDP,105.92,1787.45
2025-01-11 22:00:00,APXMIDP,108.86,2046.1
2025-01-11 22:30:00,APXMIDP,104.55,1843.05
2025-01-11 23:00:00,APXMIDP,106.88,898.4
2025-01-11 23:30:00,APXMIDP,110.03,1225.05
2025-01-12 00:00:00,APXMIDP,113.81,1005.4
2025-01-12 00:30:00,APXMIDP,119.57,1332.2
2025-01-12 01:00:00,APXMIDP,118.4,1475.95
2025-01-12 01:30:00,APXMIDP,106.92,1389.2
2025-01-12 02:00:00,APXMIDP,100.89,1467.7
2025-01-12 02:30:00,APXMIDP,101.38,1502.05
2025-01-12 03:00:00,APXMIDP,101.6,1282.6
2025-01-12 03:30:00,APXMIDP,98.98,1421.8
2025-01-12 04:00:00,APXMIDP,96.29,1525.1
2025-01-12 04:30:00,APXMIDP,93.46,1680.2
2025-01-12 05:00:00,APXMIDP,90.77,1324.75
2025-01-12 05:30:00,APXMIDP,87.46,1282.95
2025-01-12 06:00:00,APXMIDP,86.63,1479.05
2025-01-12 06:30:00,APXMIDP,86.61,1661.15
2025-01-12 07:00:00,APXMIDP,90.83,1402.05
2025-01-12 07:30:00,APXMIDP,99.07,1491.9
2025-01-12 08:00:00,APXMIDP,95.4,1468.3
2025-01-12 08:30:00,APXMIDP,103.87,1481.7
2025-01-12 09:00:00,APXMIDP,110.49,1416.9
2025-01-12 09:30:00,APXMIDP,115.47,1704.9
2025-01-12 10:00:00,APXMIDP,119.48,1712.15
2025-01-12 10:30:00,APXMIDP,121.37,1824.1
2025-01-12 11:00:00,APXMIDP,125.06,1722.6
2025-01-12 11:30:00,APXMIDP,121.83,1694.9
2025-01-12 12:00:00,APXMIDP,121.98,1561.4
2025-01-12 12:30:00,APXMIDP,120.12,1612.15
2025-01-12 13:00:00,APXMIDP,119.46,1600.45
2025-01-12 13:30:00,APXMIDP,107.15,1966.3
2025-01-12 14:00:00,APXMIDP,101.31,2400.3
2025-01-12 14:30:00,APXMIDP,104.61,2718.8
2025-01-12 15:00:00,APXMIDP,118.72,2383.45
2025-01-12 15:30:00,APXMIDP,119.68,1919.35
2025-01-12 16:00:00,APXMIDP,123.01,2434.25
2025-01-12 16:30:00,APXMIDP,126.3,2575.25
2025-01-12 17:00:00,APXMIDP,126.1,2944.9
2025-01-12 17:30:00,APXMIDP,125.34,2930.6
2025-01-12 18:00:00,APXMIDP,127.24,2875.5
2025-01-12 18:30:00,APXMIDP,121.77,2885.9
2025-01-12 19:00:00,APXMIDP,121.63,1884.5
2025-01-12 19:30:00,APXMIDP,107.93,1611.7
2025-01-12 20:00:00,APXMIDP,102.19,2536.9
2025-01-12 20:30:00,APXMIDP,101.48,2021.65
2025-01-12 21:00:00,APXMIDP,104.05,2205.6
2025-01-12 21:30:00,APXMIDP,98.17,1507.1
2025-01-12 22:00:00,APXMIDP,96.5,1906.25
2025-01-12 22:30:00,APXMIDP,92.75,1887.5
2025-01-12 23:00:00,APXMIDP,75.66,1487.4
2025-01-12 23:30:00,APXMIDP,91.07,1786.7
2025-01-13 00:00:00,APXMIDP,94.39,1961.25
2025-01-13 00:30:00,APXMIDP,93.55,2050.4
2025-01-13 01:00:00,APXMIDP,83.91,1587.3
2025-01-13 01:30:00,APXMIDP,79.54,1804.55
2025-01-13 02:00:00,APXMIDP,83.71,1861.0
2025-01-13 02:30:00,APXMIDP,78.12,1808.05
2025-01-13 03:00:00,APXMIDP,89.58,1954.7
2025-01-13 03:30:00,APXMIDP,87.99,2424.3
2025-01-13 04:00:00,APXMIDP,86.91,2182.2
2025-01-13 04:30:00,APXMIDP,86.05,1992.55
2025-01-13 05:00:00,APXMIDP,93.85,2212.4
2025-01-13 05:30:00,APXMIDP,90.64,2151.1
2025-01-13 06:00:00,APXMIDP,96.0,2334.0
2025-01-13 06:30:00,APXMIDP,91.27,2998.55
2025-01-13 07:00:00,APXMIDP,101.89,2492.25
2025-01-13 07:30:00,APXMIDP,105.56,2792.8
2025-01-13 08:00:00,APXMIDP,108.48,2242.4
2025-01-13 08:30:00,APXMIDP,112.03,2197.15
2025-01-13 09:00:00,APXMIDP,104.13,2340.15
2025-01-13 09:30:00,APXMIDP,97.81,2529.55
2025-01-13 10:00:00,APXMIDP,95.94,2804.15
2025-01-13 10:30:00,APXMIDP,92.11,2945.5
2025-01-13 11:00:00,APXMIDP,83.11,3024.9
2025-01-13 11:30:00,APXMIDP,85.48,3749.1
2025-01-13 12:00:00,APXMIDP,91.25,3613.2
2025-01-13 12:30:00,APXMIDP,85.47,3356.6
2025-01-13 13:00:00,APXMIDP,88.15,3494.85
2025-01-13 13:30:00,APXMIDP,87.55,3371.75
2025-01-13 14:00:00,APXMIDP,86.09,3269.1
2025-01-13 14:30:00,APXMIDP,84.17,3611.85
2025-01-13 15:00:00,APXMIDP,100.65,3054.0
2025-01-13 15:30:00,APXMIDP,101.13,3001.2
2025-01-13 16:00:00,APXMIDP,110.64,2227.8
2025-01-13 16:30:00,APXMIDP,115.83,2284.9
2025-01-13 17:00:00,APXMIDP,125.97,2599.65
2025-01-13 17:30:00,APXMIDP,126.09,2796.35
2025-01-13 18:00:00,APXMIDP,123.87,2743.8
2025-01-13 18:30:00,APXMIDP,120.32,2657.45
2025-01-13 19:00:00,APXMIDP,116.65,2436.4
2025-01-13 19:30:00,APXMIDP,108.48,2482.7
2025-01-13 20:00:00,APXMIDP,102.07,2148.1
2025-01-13 20:30:00,APXMIDP,100.61,2293.05
2025-01-13 21:00:00,APXMIDP,105.13,2333.05
2025-01-13 21:30:00,APXMIDP,98.84,2099.05
2025-01-13 22:00:00,APXMIDP,93.05,1862.55
2025-01-13 22:30:00,APXMIDP,93.44,1710.5
2025-01-13 23:00:00,APXMIDP,83.79,1518.6
2025-01-13 23:30:00,APXMIDP,83.49,1609.7
2025-01-14 00:00:00,APXMIDP,80.6,1758.85
2025-01-14 00:30:00,APXMIDP,81.89,1800.65
2025-01-14 01:00:00,APXMIDP,87.38,1715.4
2025-01-14 01:30:00,APXMIDP,84.53,1720.55
2025-01-14 02:00:00,APXMIDP,86.6,2168.75
2025-01-14 02:30:00,APXMIDP,84.61,2148.15
2025-01-14 03:00:00,APXMIDP,86.19,1511.55
2025-01-14 03:30:00,APXMIDP,82.51,1545.3
2025-01-14 04:00:00,APXMIDP,81.14,1321.2
2025-01-14 04:30:00,APXMIDP,79.12,1520.8
2025-01-14 05:00:00,APXMIDP,80.52,1627.7
2025-01-14 05:30:00,APXMIDP,81.54,1506.7
2025-01-14 06:00:00,APXMIDP,92.0,1925.75
2025-01-14 06:30:00,APXMIDP,85.69,1676.15
2025-01-14 07:00:00,APXMIDP,96.37,2196.55
2025-01-14 07:30:00,APXMIDP,104.75,2983.75
2025-01-14 08:00:00,APXMIDP,110.19,2586.45
2025-01-14 08:30:00,APXMIDP,113.54,2656.2
2025-01-14 09:00:00,APXMIDP,95.9,2681.65
2025-01-14 09:30:00,APXMIDP,99.15,2988.9
2025-01-14 10:00:00,APXMIDP,90.38,3132.6
2025-01-14 10:30:00,APXMIDP,93.16,2975.25
2025-01-14 11:00:00,APXMIDP,91.79,2892.25
2025-01-14 11:30:00,APXMIDP,93.85,2284.45
2025-01-14 12:00:00,APXMIDP,91.52,2300.1
2025-01-14 12:30:00,APXMIDP,92.34,2487.4
2025-01-14 13:00:00,APXMIDP,89.19,2096.8
2025-01-14 13:30:00,APXMIDP,90.53,2663.0
2025-01-14 14:00:00,APXMIDP,94.16,2832.5
2025-01-14 14:30:00,APXMIDP,94.36,3473.3
2025-01-14 15:00:00,APXMIDP,118.0,3327.5
2025-01-14 15:30:00,APXMIDP,127.38,3117.95
2025-01-14 16:00:00,APXMIDP,116.08,3554.25
2025-01-14 16:30:00,APXMIDP,122.64,3126.05
2025-01-14 17:00:00,APXMIDP,137.9,2992.25
2025-01-14 17:30:00,APXMIDP,133.05,3321.25
2025-01-14 18:00:00,APXMIDP,130.09,3069.45
2025-01-14 18:30:00,APXMIDP,128.43,2802.0
2025-01-14 19:00:00,APXMIDP,128.91,2447.05
2025-01-14 19:30:00,APXMIDP,121.52,2251.0
2025-01-14 20:00:00,APXMIDP,113.39,1809.75
2025-01-14 20:30:00,APXMIDP,102.49,2456.8
2025-01-14 21:00:00,APXMIDP,97.74,2300.7
2025-01-14 21:30:00,APXMIDP,95.1,2369.4
2025-01-14 22:00:00,APXMIDP,96.26,2014.45
2025-01-14 22:30:00,APXMIDP,92.21,2004.3
2025-01-14 23:00:00,APXMIDP,94.36,1666.9
2025-01-14 23:30:00,APXMIDP,91.36,1492.55
2025-01-15 00:00:00,APXMIDP,87.99,1685.9
2025-01-15 00:30:00,APXMIDP,90.25,1629.2
2025-01-15 01:00:00,APXMIDP,90.42,1587.6
2025-01-15 01:30:00,APXMIDP,88.9,1650.5
2025-01-15 02:00:00,APXMIDP,88.96,1494.85
2025-01-15 02:30:00,APXMIDP,89.47,1547.6
2025-01-15 03:00:00,APXMIDP,89.13,1610.95
2025-01-15 03:30:00,APXMIDP,86.11,1687.75
2025-01-15 04:00:00,APXMIDP,85.37,1603.0
2025-01-15 04:30:00,APXMIDP,84.6,1669.05
2025-01-15 05:00:00,APXMIDP,87.66,1827.95
2025-01-15 05:30:00,APXMIDP,89.66,1691.6
2025-01-15 06:00:00,APXMIDP,99.29,2476.85
2025-01-15 06:30:00,APXMIDP,93.83,2167.5
2025-01-15 07:00:00,APXMIDP,108.55,2292.4
2025-01-15 07:30:00,APXMIDP,115.2,2575.9
2025-01-15 08:00:00,APXMIDP,120.05,2787.1
2025-01-15 08:30:00,APXMIDP,124.26,3048.45
2025-01-15 09:00:00,APXMIDP,124.84,2571.95
2025-01-15 09:30:00,APXMIDP,124.29,3218.25
2025-01-15 10:00:00,APXMIDP,119.03,3264.3
2025-01-15 10:30:00,APXMIDP,114.54,3267.95
2025-01-15 11:00:00,APXMIDP,104.54,3244.45
2025-01-15 11:30:00,APXMIDP,103.11,3314.65
2025-01-15 12:00:00,APXMIDP,103.15,3060.0
2025-01-15 12:30:00,APXMIDP,103.09,2876.35
2025-01-15 13:00:00,APXMIDP,101.36,3078.1
2025-01-15 13:30:00,APXMIDP,101.47,3508.9
2025-01-15 14:00:00,APXMIDP,102.59,4086.6
2025-01-15 14:30:00,APXMIDP,103.26,3887.6
2025-01-15 15:00:00,APXMIDP,111.07,4208.35
2025-01-15 15:30:00,APXMIDP,114.31,4632.5
2025-01-15 16:00:00,APXMIDP,124.96,3854.95
2025-01-15 16:30:00,APXMIDP,125.69,4277.6
2025-01-15 17:00:00,APXMIDP,129.46,4166.35
2025-01-15 17:30:00,APXMIDP,136.66,4962.75
2025-01-15 18:00:00,APXMIDP,138.58,5307.55
2025-01-15 18:30:00,APXMIDP,133.06,4912.6
2025-01-15 19:00:00,APXMIDP,130.8,4170.7
2025-01-15 19:30:00,APXMIDP,126.0,4232.25
2025-01-15 20:00:00,APXMIDP,127.4,3755.95
2025-01-15 20:30:00,APXMIDP,122.78,3487.95
2025-01-15 21:00:00,APXMIDP,117.83,2958.05
2025-01-15 21:30:00,APXMIDP,116.22,3237.25
2025-01-15 22:00:00,APXMIDP,108.37,3719.25
2025-01-15 22:30:00,APXMIDP,106.94,3397.75
2025-01-15 23:00:00,APXMIDP,113.32,1621.25
2025-01-15 23:30:00,APXMIDP,116.07,1601.2
2025-01-16 00:00:00,APXMIDP,100.91,1356.7
2025-01-16 00:30:00,APXMIDP,103.38,1309.95
2025-01-16 01:00:00,APXMIDP,100.66,1603.9
2025-01-16 01:30:00,APXMIDP,97.07,1506.95
2025-01-16 02:00:00,APXMIDP,93.42,1668.7
2025-01-16 02:30:00,APXMIDP,91.34,1855.65
2025-01-16 03:00:00,APXMIDP,94.67,1391.05
2025-01-16 03:30:00,APXMIDP,90.88,1528.25
2025-01-16 04:00:00,APXMIDP,89.28,1218.9
2025-01-16 04:30:00,APXMIDP,89.86,1307.75
2025-01-16 05:00:00,APXMIDP,95.43,1046.1
2025-01-16 05:30:00,APXMIDP,95.85,1648.6
2025-01-16 06:00:00,APXMIDP,105.67,1946.85
2025-01-16 06:30:00,APXMIDP,117.69,2434.3
2025-01-16 07:00:00,APXMIDP,139.02,2960.6
2025-01-16 07:30:00,APXMIDP,140.49,3209.6
2025-01-16 08:00:00,APXMIDP,135.85,2626.4
2025-01-16 08:30:00,APXMIDP,140.73,2834.55
2025-01-16 09:00:00,APXMIDP,129.21,3133.4
2025-01-16 09:30:00,APXMIDP,125.43,2815.25
2025-01-16 10:00:00,APXMIDP,123.13,3542.95
2025-01-16 10:30:00,APXMIDP,111.26,3326.5
2025-01-16 11:00:00,APXMIDP,112.42,3535.0
2025-01-16 11:30:00,APXMIDP,109.02,3420.0
2025-01-16 12:00:00,APXMIDP,111.78,3515.3
2025-01-16 12:30:00,APXMIDP,111.05,4111.45
2025-01-16 13:00:00,APXMIDP,108.99,3699.3
2025-01-16 13:30:00,APXMIDP,109.05,3923.5
2025-01-16 14:00:00,APXMIDP,112.21,4165.2
2025-01-16 14:30:00,APXMIDP,111.35,3502.45
2025-01-16 15:00:00,APXMIDP,114.16,3385.5
2025-01-16 15:30:00,APXMIDP,122.93,3152.25
2025-01-16 16:00:00,APXMIDP,123.91,3087.15
2025-01-16 16:30:00,APXMIDP,121.68,3609.45
2025-01-16 17:00:00,APXMIDP,135.01,3130.55
2025-01-16 17:30:00,APXMIDP,132.91,3464.15
2025-01-16 18:00:00,APXMIDP,130.74,3094.65
2025-01-16 18:30:00,APXMIDP,126.62,3349.75
2025-01-16 19:00:00,APXMIDP,119.27,2688.05
2025-01-16 19:30:00,APXMIDP,110.98,2685.45
2025-01-16 20:00:00,APXMIDP,104.98,2786.35
2025-01-16 20:30:00,APXMIDP,106.81,2059.95
2025-01-16 21:00:00,APXMIDP,99.45,2118.5
2025-01-16 21:30:00,APXMIDP,98.48,2264.8
2025-01-16 22:00:00,APXMIDP,94.12,2136.6
2025-01-16 22:30:00,APXMIDP,93.87,2415.95
2025-01-16 23:00:00,APXMIDP,92.31,1413.4
2025-01-16 23:30:00,APXMIDP,88.92,1445.35
2025-01-17 00:00:00,APXMIDP,93.13,1547.8
2025-01-17 00:30:00,APXMIDP,100.27,1901.05
2025-01-17 01:00:00,APXMIDP,97.14,1523.35
2025-01-17 01:30:00,APXMIDP,93.2,1459.35
2025-01-17 02:00:00,APXMIDP,91.62,1666.05
2025-01-17 02:30:00,APXMIDP,90.96,1717.1
2025-01-17 03:00:00,APXMIDP,95.2,1687.3
2025-01-17 03:30:00,APXMIDP,88.96,1807.5
2025-01-17 04:00:00,APXMIDP,88.95,1706.3
2025-01-17 04:30:00,APXMIDP,89.04,1683.3
2025-01-17 05:00:00,APXMIDP,91.6,1641.2
2025-01-17 05:30:00,APXMIDP,89.21,1622.8
2025-01-17 06:00:00,APXMIDP,104.38,2201.9
2025-01-17 06:30:00,APXMIDP,94.59,1883.55
2025-01-17 07:00:00,APXMIDP,99.91,2608.75
2025-01-17 07:30:00,APXMIDP,113.76,2278.6
2025-01-17 08:00:00,APXMIDP,118.77,1978.15
2025-01-17 08:30:00,APXMIDP,125.78,2216.35
2025-01-17 09:00:00,APXMIDP,129.17,1958.75
2025-01-17 09:30:00,APXMIDP,131.03,1923.1
2025-01-17 10:00:00,APXMIDP,131.01,2510.0
2025-01-17 10:30:00,APXMIDP,130.27,2917.35
2025-01-17 11:00:00,APXMIDP,129.34,3152.7
2025-01-17 11:30:00,APXMIDP,128.3,3460.45
2025-01-17 12:00:00,APXMIDP,123.84,3471.1
2025-01-17 12:30:00,APXMIDP,123.63,3899.8
2025-01-17 13:00:00,APXMIDP,121.67,3304.95
2025-01-17 13:30:00,APXMIDP,121.04,2899.95
2025-01-17 14:00:00,APXMIDP,120.73,2962.35
2025-01-17 14:30:00,APXMIDP,116.8,3307.25
2025-01-17 15:00:00,APXMIDP,130.09,2431.55
2025-01-17 15:30:00,APXMIDP,135.8,2378.7
2025-01-17 16:00:00,APXMIDP,145.86,2381.7
2025-01-17 16:30:00,APXMIDP,148.65,2924.25
2025-01-17 17:00:00,APXMIDP,157.73,3068.05
2025-01-17 17:30:00,APXMIDP,155.7,3099.6
2025-01-17 18:00:00,APXMIDP,156.04,3186.75
2025-01-17 18:30:00,APXMIDP,145.21,3213.15
2025-01-17 19:00:00,APXMIDP,128.96,2477.25
2025-01-17 19:30:00,APXMIDP,127.8,2466.05
2025-01-17 20:00:00,APXMIDP,122.08,2143.25
2025-01-17 20:30:00,APXMIDP,115.12,1936.65
2025-01-17 21:00:00,APXMIDP,118.31,2068.9
2025-01-17 21:30:00,APXMIDP,114.0,2171.2
2025-01-17 22:00:00,APXMIDP,106.54,2455.3
2025-01-17 22:30:00,APXMIDP,108.01,2294.6
2025-01-17 23:00:00,APXMIDP,103.9,1820.35
2025-01-17 23:30:00,APXMIDP,97.04,1512.35
2025-01-18 00:00:00,APXMIDP,94.41,1559.6
2025-01-18 00:30:00,APXMIDP,95.99,1356.55
2025-01-18 01:00:00,APXMIDP,99.45,1722.9
2025-01-18 01:30:00,APXMIDP,94.45,1714.2
2025-01-18 02:00:00,APXMIDP,93.29,1483.55
2025-01-18 02:30:00,APXMIDP,91.81,1583.5
2025-01-18 03:00:00,APXMIDP,90.21,1315.2
2025-01-18 03:30:00,APXMIDP,89.54,1556.15
2025-01-18 04:00:00,APXMIDP,91.11,1546.45
2025-01-18 04:30:00,APXMIDP,95.03,1562.05
2025-01-18 05:00:00,APXMIDP,93.13,1486.4
2025-01-18 05:30:00,APXMIDP,94.53,1554.8
2025-01-18 06:00:00,APXMIDP,96.82,1753.05
2025-01-18 06:30:00,APXMIDP,96.2,1693.45
2025-01-18 07:00:00,APXMIDP,103.56,1707.6
2025-01-18 07:30:00,APXMIDP,100.24,1661.95
2025-01-18 08:00:00,APXMIDP,97.67,1723.8
2025-01-18 08:30:00,APXMIDP,101.6,2442.25
2025-01-18 09:00:00,APXMIDP,96.25,2288.7
2025-01-18 09:30:00,APXMIDP,102.91,2652.05
2025-01-18 10:00:00,APXMIDP,109.46,2736.6
2025-01-18 10:30:00,APXMIDP,112.16,2947.2
2025-01-18 11:00:00,APXMIDP,108.98,2937.4
2025-01-18 11:30:00,APXMIDP,114.45,2487.55
2025-01-18 12:00:00,APXMIDP,110.76,2430.8
2025-01-18 12:30:00,APXMIDP,103.73,2984.7
2025-01-18 13:00:00,APXMIDP,111.55,2919.25
2025-01-18 13:30:00,APXMIDP,109.63,3002.9
2025-01-18 14:00:00,APXMIDP,109.9,2829.4
2025-01-18 14:30:00,APXMIDP,110.63,2933.2
2025-01-18 15:00:00,APXMIDP,129.33,1805.4
2025-01-18 15:30:00,APXMIDP,135.18,2121.95
2025-01-18 16:00:00,APXMIDP,136.73,1950.45
2025-01-18 16:30:00,APXMIDP,144.66,2446.25
2025-01-18 17:00:00,APXMIDP,150.87,2474.25
2025-01-18 17:30:00,APXMIDP,152.64,2694.95
2025-01-18 18:00:00,APXMIDP,147.62,2578.85
2025-01-18 18:30:00,APXMIDP,142.53,2616.45
2025-01-18 19:00:00,APXMIDP,124.3,2218.7
2025-01-18 19:30:00,APXMIDP,110.14,1970.4
2025-01-18 20:00:00,APXMIDP,119.68,2308.55
2025-01-18 20:30:00,APXMIDP,110.83,1981.7
2025-01-18 21:00:00,APXMIDP,110.74,1942.65
2025-01-18 21:30:00,APXMIDP,110.32,1788.55
2025-01-18 22:00:00,APXMIDP,107.29,1734.25
2025-01-18 22:30:00,APXMIDP,106.52,1956.15
2025-01-18 23:00:00,APXMIDP,102.0,1939.05
2025-01-18 23:30:00,APXMIDP,99.26,1352.25
2025-01-19 00:00:00,APXMIDP,92.46,1674.75
2025-01-19 00:30:00,APXMIDP,102.44,1483.35
2025-01-19 01:00:00,APXMIDP,112.22,1826.4
2025-01-19 01:30:00,APXMIDP,106.86,1928.25
2025-01-19 02:00:00,APXMIDP,100.28,2114.55
2025-01-19 02:30:00,APXMIDP,99.79,2283.9
2025-01-19 03:00:00,APXMIDP,100.45,1697.75
2025-01-19 03:30:00,APXMIDP,94.76,1722.55
2025-01-19 04:00:00,APXMIDP,98.22,1700.35
2025-01-19 04:30:00,APXMIDP,97.07,1820.4
2025-01-19 05:00:00,APXMIDP,97.14,1832.0
2025-01-19 05:30:00,APXMIDP,97.95,2160.9
2025-01-19 06:00:00,APXMIDP,96.62,2005.2
2025-01-19 06:30:00,APXMIDP,96.0,2075.9
2025-01-19 07:00:00,APXMIDP,102.68,1736.3
2025-01-19 07:30:00,APXMIDP,108.7,1701.05
2025-01-19 08:00:00,APXMIDP,103.66,2027.95
2025-01-19 08:30:00,APXMIDP,122.75,1875.0
2025-01-19 09:00:00,APXMIDP,108.42,1918.5
2025-01-19 09:30:00,APXMIDP,115.95,2072.7
2025-01-19 10:00:00,APXMIDP,113.31,1900.9
2025-01-19 10:30:00,APXMIDP,114.97,1916.7
2025-01-19 11:00:00,APXMIDP,120.45,1761.4
2025-01-19 11:30:00,APXMIDP,125.7,1889.35
2025-01-19 12:00:00,APXMIDP,124.94,1831.2
2025-01-19 12:30:00,APXMIDP,133.42,1817.55
2025-01-19 13:00:00,APXMIDP,141.3,1913.4
2025-01-19 13:30:00,APXMIDP,139.08,1681.6
2025-01-19 14:00:00,APXMIDP,135.17,1989.85
2025-01-19 14:30:00,APXMIDP,130.82,2222.05
2025-01-19 15:00:00,APXMIDP,125.2,1961.75
2025-01-19 15:30:00,APXMIDP,139.63,1945.05
2025-01-19 16:00:00,APXMIDP,140.96,2005.3
2025-01-19 16:30:00,APXMIDP,141.97,2275.7
2025-01-19 17:00:00,APXMIDP,149.19,1986.05
2025-01-19 17:30:00,APXMIDP,152.82,2126.4
2025-01-19 18:00:00,APXMIDP,149.71,2088.6
2025-01-19 18:30:00,APXMIDP,148.25,2010.8
2025-01-19 19:00:00,APXMIDP,138.46,1668.45
2025-01-19 19:30:00,APXMIDP,122.47,1386.6
2025-01-19 20:00:00,APXMIDP,126.46,1474.4
2025-01-19 20:30:00,APXMIDP,112.14,1212.8
2025-01-19 21:00:00,APXMIDP,130.43,1468.0
2025-01-19 21:30:00,APXMIDP,104.38,1367.8
2025-01-19 22:00:00,APXMIDP,108.36,1773.15
2025-01-19 22:30:00,APXMIDP,99.84,1769.7
2025-01-19 23:00:00,APXMIDP,99.67,1301.8
2025-01-19 23:30:00,APXMIDP,99.16,1306.45
2025-01-20 00:00:00,APXMIDP,96.5,1454.05
2025-01-20 00:30:00,APXMIDP,98.18,1417.15
2025-01-20 01:00:00,APXMIDP,96.8,1324.0
2025-01-20 01:30:00,APXMIDP,93.1,1167.55
2025-01-20 02:00:00,APXMIDP,95.55,1517.65
2025-01-20 02:30:00,APXMIDP,90.89,1517.6
2025-01-20 03:00:00,APXMIDP,93.35,1913.35
2025-01-20 03:30:00,APXMIDP,98.77,1793.15
2025-01-20 04:00:00,APXMIDP,99.68,2041.9
2025-01-20 04:30:00,APXMIDP,97.17,2166.95
2025-01-20 05:00:00,APXMIDP,100.2,1532.1
2025-01-20 05:30:00,APXMIDP,100.49,1783.05
2025-01-20 06:00:00,APXMIDP,114.37,2089.8
2025-01-20 06:30:00,APXMIDP,135.77,2618.4
2025-01-20 07:00:00,APXMIDP,190.44,2098.75
2025-01-20 07:30:00,APXMIDP,218.41,2644.95
2025-01-20 08:00:00,APXMIDP,182.49,2864.9
2025-01-20 08:30:00,APXMIDP,203.81,2477.85
2025-01-20 09:00:00,APXMIDP,178.77,3210.55
2025-01-20 09:30:00,APXMIDP,181.28,3175.2
2025-01-20 10:00:00,APXMIDP,193.51,3221.9
2025-01-20 10:30:00,APXMIDP,194.27,3531.85
2025-01-20 11:00:00,APXMIDP,173.83,3208.05
2025-01-20 11:30:00,APXMIDP,171.35,3040.95
2025-01-20 12:00:00,APXMIDP,189.06,3519.0
2025-01-20 12:30:00,APXMIDP,180.66,3476.15
2025-01-20 13:00:00,APXMIDP,185.1,3885.4
2025-01-20 13:30:00,APXMIDP,178.98,3979.15
2025-01-20 14:00:00,APXMIDP,190.47,4148.05
2025-01-20 14:30:00,APXMIDP,187.1,3911.35
2025-01-20 15:00:00,APXMIDP,216.77,3436.7
2025-01-20 15:30:00,APXMIDP,216.2,3158.15
2025-01-20 16:00:00,APXMIDP,201.65,3064.2
2025-01-20 16:30:00,APXMIDP,230.05,3453.05
2025-01-20 17:00:00,APXMIDP,237.89,4428.0
2025-01-20 17:30:00,APXMIDP,269.63,4550.65
2025-01-20 18:00:00,APXMIDP,202.9,4169.0
2025-01-20 18:30:00,APXMIDP,195.59,3813.15
2025-01-20 19:00:00,APXMIDP,166.79,3871.7
2025-01-20 19:30:00,APXMIDP,157.14,3690.75
2025-01-20 20:00:00,APXMIDP,143.65,2915.15
2025-01-20 20:30:00,APXMIDP,130.46,2860.35
2025-01-20 21:00:00,APXMIDP,132.36,3323.2
2025-01-20 21:30:00,APXMIDP,110.74,2813.9
2025-01-20 22:00:00,APXMIDP,118.58,2902.2
2025-01-20 22:30:00,APXMIDP,109.0,2841.6
2025-01-20 23:00:00,APXMIDP,119.69,1834.8
2025-01-20 23:30:00,APXMIDP,107.76,1485.5
2025-01-21 00:00:00,APXMIDP,112.48,1518.0
2025-01-21 00:30:00,APXMIDP,117.73,1314.6
2025-01-21 01:00:00,APXMIDP,107.58,1340.75
2025-01-21 01:30:00,APXMIDP,103.56,1540.1
2025-01-21 02:00:00,APXMIDP,104.22,1586.1
2025-01-21 02:30:00,APXMIDP,103.57,1598.75
2025-01-21 03:00:00,APXMIDP,99.31,1831.05
2025-01-21 03:30:00,APXMIDP,103.31,1902.1
2025-01-21 04:00:00,APXMIDP,104.2,2080.45
2025-01-21 04:30:00,APXMIDP,101.28,2092.25
2025-01-21 05:00:00,APXMIDP,101.54,1870.95
2025-01-21 05:30:00,APXMIDP,101.12,1964.35
2025-01-21 06:00:00,APXMIDP,122.1,2121.8
2025-01-21 06:30:00,APXMIDP,134.62,2652.95
2025-01-21 07:00:00,APXMIDP,133.72,2379.65
2025-01-21 07:30:00,APXMIDP,142.88,3159.05
2025-01-21 08:00:00,APXMIDP,163.74,3223.7
2025-01-21 08:30:00,APXMIDP,165.08,3318.8
2025-01-21 09:00:00,APXMIDP,156.33,3168.15
2025-01-21 09:30:00,APXMIDP,157.79,3432.85
2025-01-21 10:00:00,APXMIDP,148.17,3361.05
2025-01-21 10:30:00,APXMIDP,147.23,3544.85
2025-01-21 11:00:00,APXMIDP,123.05,3148.5
2025-01-21 11:30:00,APXMIDP,118.18,2795.65
2025-01-21 12:00:00,APXMIDP,126.01,3845.7
2025-01-21 12:30:00,APXMIDP,131.59,4508.5
2025-01-21 13:00:00,APXMIDP,138.15,4256.7
2025-01-21 13:30:00,APXMIDP,144.78,3607.85
2025-01-21 14:00:00,APXMIDP,135.43,3967.65
2025-01-21 14:30:00,APXMIDP,156.58,3966.45
2025-01-21 15:00:00,APXMIDP,186.93,3391.15
2025-01-21 15:30:00,APXMIDP,190.24,3168.4
2025-01-21 16:00:00,APXMIDP,182.27,3009.6
2025-01-21 16:30:00,APXMIDP,210.98,3309.7
2025-01-21 17:00:00,APXMIDP,221.62,3794.1
2025-01-21 17:30:00,APXMIDP,217.63,4035.0
2025-01-21 18:00:00,APXMIDP,206.31,3324.1
2025-01-21 18:30:00,APXMIDP,198.75,3322.35
2025-01-21 19:00:00,APXMIDP,169.41,3185.2
2025-01-21 19:30:00,APXMIDP,161.36,2869.75
2025-01-21 20:00:00,APXMIDP,177.25,3353.1
2025-01-21 20:30:00,APXMIDP,154.77,3092.2
2025-01-21 21:00:00,APXMIDP,143.21,2601.35
2025-01-21 21:30:00,APXMIDP,119.69,2232.35
2025-01-21 22:00:00,APXMIDP,121.15,1959.65
2025-01-21 22:30:00,APXMIDP,112.26,2273.25
2025-01-21 23:00:00,APXMIDP,101.38,1669.05
2025-01-21 23:30:00,APXMIDP,107.41,1357.75
2025-01-22 00:00:00,APXMIDP,109.09,1503.8
2025-01-22 00:30:00,APXMIDP,107.04,2221.8
2025-01-22 01:00:00,APXMIDP,102.36,2041.6
2025-01-22 01:30:00,APXMIDP,101.63,2014.85
2025-01-22 02:00:00,APXMIDP,97.54,1898.2
2025-01-22 02:30:00,APXMIDP,97.66,1728.05
2025-01-22 03:00:00,APXMIDP,93.82,1425.9
2025-01-22 03:30:00,APXMIDP,90.38,1496.65
2025-01-22 04:00:00,APXMIDP,96.06,1559.65
2025-01-22 04:30:00,APXMIDP,97.04,1461.0
2025-01-22 05:00:00,APXMIDP,95.73,1398.7
2025-01-22 05:30:00,APXMIDP,92.79,1666.1
2025-01-22 06:00:00,APXMIDP,104.67,1378.9
2025-01-22 06:30:00,APXMIDP,128.53,1886.3
2025-01-22 07:00:00,APXMIDP,167.7,2698.75
2025-01-22 07:30:00,APXMIDP,189.55,2699.25
2025-01-22 08:00:00,APXMIDP,199.49,2362.15
2025-01-22 08:30:00,APXMIDP,222.76,2729.95
2025-01-22 09:00:00,APXMIDP,192.63,2337.7
2025-01-22 09:30:00,APXMIDP,181.54,2332.35
2025-01-22 10:00:00,APXMIDP,163.85,2268.2
2025-01-22 10:30:00,APXMIDP,154.31,2596.4
2025-01-22 11:00:00,APXMIDP,175.0,3233.6
2025-01-22 11:30:00,APXMIDP,170.82,3545.6
2025-01-22 12:00:00,APXMIDP,178.07,2931.5
2025-01-22 12:30:00,APXMIDP,170.85,3306.25
2025-01-22 13:00:00,APXMIDP,193.7,4370.4
2025-01-22 13:30:00,APXMIDP,195.31,3963.65
2025-01-22 14:00:00,APXMIDP,188.46,4071.1
2025-01-22 14:30:00,APXMIDP,188.63,4086.9
2025-01-22 15:00:00,APXMIDP,191.46,3398.2
2025-01-22 15:30:00,APXMIDP,198.84,3067.4
2025-01-22 16:00:00,APXMIDP,217.13,2678.3
2025-01-22 16:30:00,APXMIDP,272.58,3465.65
2025-01-22 17:00:00,APXMIDP,255.61,2830.2
2025-01-22 17:30:00,APXMIDP,233.78,3479.75
2025-01-22 18:00:00,APXMIDP,236.65,2964.65
2025-01-22 18:30:00,APXMIDP,223.46,3137.95
2025-01-22 19:00:00,APXMIDP,177.78,3092.35
2025-01-22 19:30:00,APXMIDP,156.44,2639.8
2025-01-22 20:00:00,APXMIDP,152.6,2642.95
2025-01-22 20:30:00,APXMIDP,146.44,2873.4
2025-01-22 21:00:00,APXMIDP,126.41,2948.0
2025-01-22 21:30:00,APXMIDP,115.09,2200.15
2025-01-22 22:00:00,APXMIDP,110.08,2267.85
2025-01-22 22:30:00,APXMIDP,105.52,2720.95
2025-01-22 23:00:00,APXMIDP,105.1,1161.3
2025-01-22 23:30:00,APXMIDP,107.18,1066.0
2025-01-23 00:00:00,APXMIDP,107.68,1254.1
2025-01-23 00:30:00,APXMIDP,113.01,1390.45
2025-01-23 01:00:00,APXMIDP,110.21,1755.9
2025-01-23 01:30:00,APXMIDP,104.71,1661.0
2025-01-23 02:00:00,APXMIDP,104.74,2105.3
2025-01-23 02:30:00,APXMIDP,101.45,1724.15
2025-01-23 03:00:00,APXMIDP,96.96,1124.1
2025-01-23 03:30:00,APXMIDP,94.54,1294.9
2025-01-23 04:00:00,APXMIDP,94.64,1379.8
2025-01-23 04:30:00,APXMIDP,97.63,1632.2
2025-01-23 05:00:00,APXMIDP,98.63,1660.15
2025-01-23 05:30:00,APXMIDP,96.06,2238.1
2025-01-23 06:00:00,APXMIDP,103.66,2121.4
2025-01-23 06:30:00,APXMIDP,126.76,2266.95
2025-01-23 07:00:00,APXMIDP,129.43,2346.4
2025-01-23 07:30:00,APXMIDP,138.59,2565.45
2025-01-23 08:00:00,APXMIDP,136.52,2115.35
2025-01-23 08:30:00,APXMIDP,134.12,2393.8
2025-01-23 09:00:00,APXMIDP,132.52,2904.1
2025-01-23 09:30:00,APXMIDP,128.0,3026.95
2025-01-23 10:00:00,APXMIDP,124.53,2656.75
2025-01-23 10:30:00,APXMIDP,124.98,2992.8
2025-01-23 11:00:00,APXMIDP,118.53,2397.5
2025-01-23 11:30:00,APXMIDP,112.39,2473.0
2025-01-23 12:00:00,APXMIDP,114.57,2804.65
2025-01-23 12:30:00,APXMIDP,116.99,2593.45
2025-01-23 13:00:00,APXMIDP,113.69,3288.65
2025-01-23 13:30:00,APXMIDP,107.85,3736.5
2025-01-23 14:00:00,APXMIDP,106.17,3535.75
2025-01-23 14:30:00,APXMIDP,105.37,3954.15
2025-01-23 15:00:00,APXMIDP,107.21,2763.5
2025-01-23 15:30:00,APXMIDP,112.37,2683.8
2025-01-23 16:00:00,APXMIDP,114.81,2414.0
2025-01-23 16:30:00,APXMIDP,125.5,2763.85
2025-01-23 17:00:00,APXMIDP,133.32,2731.85
2025-01-23 17:30:00,APXMIDP,134.25,2867.55
2025-01-23 18:00:00,APXMIDP,134.06,3035.35
2025-01-23 18:30:00,APXMIDP,134.2,3032.75
2025-01-23 19:00:00,APXMIDP,122.8,2746.6
2025-01-23 19:30:00,APXMIDP,117.54,2503.95
2025-01-23 20:00:00,APXMIDP,110.07,2833.7
2025-01-23 20:30:00,APXMIDP,103.65,3091.85
2025-01-23 21:00:00,APXMIDP,115.87,2493.8
2025-01-23 21:30:00,APXMIDP,109.19,2866.3
2025-01-23 22:00:00,APXMIDP,99.94,2485.75
2025-01-23 22:30:00,APXMIDP,96.06,2960.5
2025-01-23 23:00:00,APXMIDP,87.51,2290.0
2025-01-23 23:30:00,APXMIDP,70.06,2198.75
2025-01-24 00:00:00,APXMIDP,71.56,2228.65
2025-01-24 00:30:00,APXMIDP,70.5,2370.5
2025-01-24 01:00:00,APXMIDP,57.17,2261.45
2025-01-24 01:30:00,APXMIDP,36.13,2291.95
2025-01-24 02:00:00,APXMIDP,21.46,2246.2
2025-01-24 02:30:00,APXMIDP,15.43,2028.8
2025-01-24 03:00:00,APXMIDP,13.45,2075.75
2025-01-24 03:30:00,APXMIDP,9.98,2080.0
2025-01-24 04:00:00,APXMIDP,7.67,2236.95
2025-01-24 04:30:00,APXMIDP,6.32,2520.55
2025-01-24 05:00:00,APXMIDP,26.03,2199.7
2025-01-24 05:30:00,APXMIDP,51.23,1993.15
2025-01-24 06:00:00,APXMIDP,63.0,2295.5
2025-01-24 06:30:00,APXMIDP,81.41,2370.75
2025-01-24 07:00:00,APXMIDP,98.35,2750.4
2025-01-24 07:30:00,APXMIDP,113.09,2785.15
2025-01-24 08:00:00,APXMIDP,114.32,2512.8
2025-01-24 08:30:00,APXMIDP,115.93,2300.45
2025-01-24 09:00:00,APXMIDP,118.22,3187.3
2025-01-24 09:30:00,APXMIDP,117.86,3132.85
2025-01-24 10:00:00,APXMIDP,121.09,3227.2
2025-01-24 10:30:00,APXMIDP,119.39,3206.45
2025-01-24 11:00:00,APXMIDP,117.88,2839.15
2025-01-24 11:30:00,APXMIDP,113.77,2729.55
2025-01-24 12:00:00,APXMIDP,109.91,2613.7
2025-01-24 12:30:00,APXMIDP,107.51,2762.15
2025-01-24 13:00:00,APXMIDP,99.62,2573.35
2025-01-24 13:30:00,APXMIDP,98.49,2734.4
2025-01-24 14:00:00,APXMIDP,97.41,3015.35
2025-01-24 14:30:00,APXMIDP,97.99,3161.95
2025-01-24 15:00:00,APXMIDP,99.5,2942.9
2025-01-24 15:30:00,APXMIDP,102.45,2717.2
2025-01-24 16:00:00,APXMIDP,103.35,2753.5
2025-01-24 16:30:00,APXMIDP,113.89,2758.55
2025-01-24 17:00:00,APXMIDP,120.7,2875.3
2025-01-24 17:30:00,APXMIDP,121.16,2921.3
2025-01-24 18:00:00,APXMIDP,122.55,2906.35
2025-01-24 18:30:00,APXMIDP,123.4,2897.3
2025-01-24 19:00:00,APXMIDP,117.66,3157.6
2025-01-24 19:30:00,APXMIDP,114.08,3179.1
2025-01-24 20:00:00,APXMIDP,110.93,3225.4
2025-01-24 20:30:00,APXMIDP,109.62,3449.15
2025-01-24 21:00:00,APXMIDP,105.31,3096.9
2025-01-24 21:30:00,APXMIDP,100.03,3133.4
2025-01-24 22:00:00,APXMIDP,96.76,2791.3
2025-01-24 22:30:00,APXMIDP,84.55,2813.85
2025-01-24 23:00:00,APXMIDP,52.45,1951.8
2025-01-24 23:30:00,APXMIDP,42.58,2204.55
2025-01-25 00:00:00,APXMIDP,33.78,2260.75
2025-01-25 00:30:00,APXMIDP,37.75,2022.95
2025-01-25 01:00:00,APXMIDP,30.75,2022.9
2025-01-25 01:30:00,APXMIDP,23.9,2161.85
2025-01-25 02:00:00,APXMIDP,19.33,2130.2
2025-01-25 02:30:00,APXMIDP,18.69,2245.15
2025-01-25 03:00:00,APXMIDP,17.34,2486.45
2025-01-25 03:30:00,APXMIDP,18.46,2172.6
2025-01-25 04:00:00,APXMIDP,21.94,2170.05
2025-01-25 04:30:00,APXMIDP,24.97,2348.95
2025-01-25 05:00:00,APXMIDP,19.37,2148.1
2025-01-25 05:30:00,APXMIDP,12.34,2367.05
2025-01-25 06:00:00,APXMIDP,16.98,2546.05
2025-01-25 06:30:00,APXMIDP,19.41,2550.2
2025-01-25 07:00:00,APXMIDP,40.61,2752.45
2025-01-25 07:30:00,APXMIDP,53.32,2645.9
2025-01-25 08:00:00,APXMIDP,57.36,2822.35
2025-01-25 08:30:00,APXMIDP,67.27,3001.65
2025-01-25 09:00:00,APXMIDP,80.78,2882.5
2025-01-25 09:30:00,APXMIDP,80.44,2960.85
2025-01-25 10:00:00,APXMIDP,84.6,3188.15
2025-01-25 10:30:00,APXMIDP,85.59,3162.35
2025-01-25 11:00:00,APXMIDP,87.6,2994.8
2025-01-25 11:30:00,APXMIDP,89.12,3090.35
2025-01-25 12:00:00,APXMIDP,87.96,2805.05
2025-01-25 12:30:00,APXMIDP,89.8,2812.7
2025-01-25 13:00:00,APXMIDP,93.74,2206.0
2025-01-25 13:30:00,APXMIDP,100.24,2186.75
2025-01-25 14:00:00,APXMIDP,102.61,2265.95
2025-01-25 14:30:00,APXMIDP,105.82,2396.85
2025-01-25 15:00:00,APXMIDP,124.49,2036.65
2025-01-25 15:30:00,APXMIDP,130.15,1935.15
2025-01-25 16:00:00,APXMIDP,134.94,2047.55
2025-01-25 16:30:00,APXMIDP,141.19,2572.6
2025-01-25 17:00:00,APXMIDP,144.61,2498.65
2025-01-25 17:30:00,APXMIDP,148.26,2760.35
2025-01-25 18:00:00,APXMIDP,147.45,2883.0
2025-01-25 18:30:00,APXMIDP,143.26,2931.2
2025-01-25 19:00:00,APXMIDP,121.81,2484.0
2025-01-25 19:30:00,APXMIDP,107.38,2781.65
2025-01-25 20:00:00,APXMIDP,103.48,3363.45
2025-01-25 20:30:00,APXMIDP,107.75,3141.6
2025-01-25 21:00:00,APXMIDP,108.13,2415.95
2025-01-25 21:30:00,APXMIDP,107.06,2371.3
2025-01-25 22:00:00,APXMIDP,105.48,2612.6
2025-01-25 22:30:00,APXMIDP,104.94,2449.15
2025-01-25 23:00:00,APXMIDP,104.95,1261.3
2025-01-25 23:30:00,APXMIDP,105.36,1241.45
2025-01-26 00:00:00,APXMIDP,100.54,1285.0
2025-01-26 00:30:00,APXMIDP,106.43,1484.9
2025-01-26 01:00:00,APXMIDP,107.1,1655.5
2025-01-26 01:30:00,APXMIDP,106.53,1893.15
2025-01-26 02:00:00,APXMIDP,104.19,2175.15
2025-01-26 02:30:00,APXMIDP,102.75,1990.6
2025-01-26 03:00:00,APXMIDP,95.63,2038.95
2025-01-26 03:30:00,APXMIDP,90.76,1693.55
2025-01-26 04:00:00,APXMIDP,86.12,1916.75
2025-01-26 04:30:00,APXMIDP,81.71,1868.25
2025-01-26 05:00:00,APXMIDP,88.2,2457.65
2025-01-26 05:30:00,APXMIDP,89.89,2408.95
2025-01-26 06:00:00,APXMIDP,77.6,2679.5
2025-01-26 06:30:00,APXMIDP,67.98,2452.25
2025-01-26 07:00:00,APXMIDP,74.2,1929.95
2025-01-26 07:30:00,APXMIDP,75.83,2164.4
2025-01-26 08:00:00,APXMIDP,70.09,2435.65
2025-01-26 08:30:00,APXMIDP,53.2,2591.1
2025-01-26 09:00:00,APXMIDP,58.95,2559.85
2025-01-26 09:30:00,APXMIDP,83.98,2500.65
2025-01-26 10:00:00,APXMIDP,93.01,2191.8
2025-01-26 10:30:00,APXMIDP,98.79,2311.8
2025-01-26 11:00:00,APXMIDP,109.99,2103.05
2025-01-26 11:30:00,APXMIDP,110.41,2264.7
2025-01-26 12:00:00,APXMIDP,119.24,2097.7
2025-01-26 12:30:00,APXMIDP,121.04,2265.2
2025-01-26 13:00:00,APXMIDP,124.75,2378.15
2025-01-26 13:30:00,APXMIDP,127.2,2511.75
2025-01-26 14:00:00,APXMIDP,120.67,2319.65
2025-01-26 14:30:00,APXMIDP,113.57,2476.05
2025-01-26 15:00:00,APXMIDP,115.07,2349.3
2025-01-26 15:30:00,APXMIDP,118.93,2338.55
2025-01-26 16:00:00,APXMIDP,122.51,2035.2
2025-01-26 16:30:00,APXMIDP,126.25,2196.45
2025-01-26 17:00:00,APXMIDP,126.74,2533.9
2025-01-26 17:30:00,APXMIDP,127.17,2539.0
2025-01-26 18:00:00,APXMIDP,122.99,2911.5
2025-01-26 18:30:00,APXMIDP,116.22,2838.35
2025-01-26 19:00:00,APXMIDP,106.02,2220.1
2025-01-26 19:30:00,APXMIDP,98.43,2162.1
2025-01-26 20:00:00,APXMIDP,91.74,1993.6
2025-01-26 20:30:00,APXMIDP,92.05,1884.5
2025-01-26 21:00:00,APXMIDP,78.77,2131.95
2025-01-26 21:30:00,APXMIDP,70.4,2300.45
2025-01-26 22:00:00,APXMIDP,64.81,2087.1
2025-01-26 22:30:00,APXMIDP,41.31,2210.8
2025-01-26 23:00:00,APXMIDP,24.2,1930.85
2025-01-26 23:30:00,APXMIDP,21.55,2188.9
2025-01-27 00:00:00,APXMIDP,19.52,1980.95
2025-01-27 00:30:00,APXMIDP,26.03,2278.65
2025-01-27 01:00:00,APXMIDP,21.51,1715.6
2025-01-27 01:30:00,APXMIDP,21.32,1824.35
2025-01-27 02:00:00,APXMIDP,20.78,1771.65
2025-01-27 02:30:00,APXMIDP,28.9,2291.8
2025-01-27 03:00:00,APXMIDP,25.4,1845.5
2025-01-27 03:30:00,APXMIDP,22.42,1872.75
2025-01-27 04:00:00,APXMIDP,20.53,1917.45
2025-01-27 04:30:00,APXMIDP,25.65,1959.1
2025-01-27 05:00:00,APXMIDP,62.31,2153.6
2025-01-27 05:30:00,APXMIDP,82.19,2493.55
2025-01-27 06:00:00,APXMIDP,86.42,2593.95
2025-01-27 06:30:00,APXMIDP,95.62,2713.25
2025-01-27 07:00:00,APXMIDP,111.51,2608.6
2025-01-27 07:30:00,APXMIDP,124.03,2237.2
2025-01-27 08:00:00,APXMIDP,119.42,2811.55
2025-01-27 08:30:00,APXMIDP,107.96,2551.3
2025-01-27 09:00:00,APXMIDP,107.76,2896.2
2025-01-27 09:30:00,APXMIDP,100.78,2763.85
2025-01-27 10:00:00,APXMIDP,97.17,2822.2
2025-01-27 10:30:00,APXMIDP,92.73,3243.6
2025-01-27 11:00:00,APXMIDP,84.0,2639.35
2025-01-27 11:30:00,APXMIDP,81.78,3281.55
2025-01-27 12:00:00,APXMIDP,81.28,3497.0
2025-01-27 12:30:00,APXMIDP,87.15,3970.05
2025-01-27 13:00:00,APXMIDP,84.73,3896.3
2025-01-27 13:30:00,APXMIDP,84.29,3632.15
2025-01-27 14:00:00,APXMIDP,86.99,3526.05
2025-01-27 14:30:00,APXMIDP,89.57,3826.7
2025-01-27 15:00:00,APXMIDP,95.47,3544.75
2025-01-27 15:30:00,APXMIDP,98.63,3331.3
2025-01-27 16:00:00,APXMIDP,98.43,3308.15
2025-01-27 16:30:00,APXMIDP,106.76,3762.75
2025-01-27 17:00:00,APXMIDP,111.27,3597.45
2025-01-27 17:30:00,APXMIDP,110.69,3763.0
2025-01-27 18:00:00,APXMIDP,110.17,3383.4
2025-01-27 18:30:00,APXMIDP,105.73,3520.6
2025-01-27 19:00:00,APXMIDP,98.69,3557.25
2025-01-27 19:30:00,APXMIDP,100.69,3670.1
2025-01-27 20:00:00,APXMIDP,101.8,3419.45
2025-01-27 20:30:00,APXMIDP,98.63,3326.0
2025-01-27 21:00:00,APXMIDP,97.0,3280.25
2025-01-27 21:30:00,APXMIDP,96.5,3142.4
2025-01-27 22:00:00,APXMIDP,95.73,2897.85
2025-01-27 22:30:00,APXMIDP,90.22,3479.25
2025-01-27 23:00:00,APXMIDP,77.79,2419.05
2025-01-27 23:30:00,APXMIDP,76.89,2433.95
2025-01-28 00:00:00,APXMIDP,79.08,2112.35
2025-01-28 00:30:00,APXMIDP,81.95,2052.0
2025-01-28 01:00:00,APXMIDP,74.8,2074.0
2025-01-28 01:30:00,APXMIDP,60.05,2436.2
2025-01-28 02:00:00,APXMIDP,54.97,2070.25
2025-01-28 02:30:00,APXMIDP,43.13,2351.05
2025-01-28 03:00:00,APXMIDP,32.43,2594.5
2025-01-28 03:30:00,APXMIDP,24.95,2357.55
2025-01-28 04:00:00,APXMIDP,10.09,2691.05
2025-01-28 04:30:00,APXMIDP,11.19,2422.45
2025-01-28 05:00:00,APXMIDP,9.76,3296.05
2025-01-28 05:30:00,APXMIDP,17.4,2801.4
2025-01-28 06:00:00,APXMIDP,78.67,3679.55
2025-01-28 06:30:00,APXMIDP,89.41,3592.15
2025-01-28 07:00:00,APXMIDP,104.9,4079.95
2025-01-28 07:30:00,APXMIDP,104.5,3867.95
2025-01-28 08:00:00,APXMIDP,101.6,3919.0
2025-01-28 08:30:00,APXMIDP,97.97,3879.15
2025-01-28 09:00:00,APXMIDP,94.42,3552.65
2025-01-28 09:30:00,APXMIDP,93.19,3199.2
2025-01-28 10:00:00,APXMIDP,92.99,2705.85
2025-01-28 10:30:00,APXMIDP,94.36,3113.05
2025-01-28 11:00:00,APXMIDP,94.1,3569.05
2025-01-28 11:30:00,APXMIDP,93.6,3308.05
2025-01-28 12:00:00,APXMIDP,94.74,3500.05
2025-01-28 12:30:00,APXMIDP,96.38,3527.0
2025-01-28 13:00:00,APXMIDP,103.68,3169.6
2025-01-28 13:30:00,APXMIDP,102.41,3536.35
2025-01-28 14:00:00,APXMIDP,99.5,3647.0
2025-01-28 14:30:00,APXMIDP,97.48,3541.0
2025-01-28 15:00:00,APXMIDP,103.36,3692.65
2025-01-28 15:30:00,APXMIDP,109.34,3957.05
2025-01-28 16:00:00,APXMIDP,108.7,3509.7
2025-01-28 16:30:00,APXMIDP,118.32,4210.5
2025-01-28 17:00:00,APXMIDP,116.22,3909.9
2025-01-28 17:30:00,APXMIDP,117.19,4150.4
2025-01-28 18:00:00,APXMIDP,117.83,4046.0
2025-01-28 18:30:00,APXMIDP,114.2,3747.7
2025-01-28 19:00:00,APXMIDP,107.64,3607.15
2025-01-28 19:30:00,APXMIDP,111.54,3582.7
2025-01-28 20:00:00,APXMIDP,110.96,3930.05
2025-01-28 20:30:00,APXMIDP,104.71,3806.15
2025-01-28 21:00:00,APXMIDP,105.02,3906.05
2025-01-28 21:30:00,APXMIDP,103.98,3336.85
2025-01-28 22:00:00,APXMIDP,105.96,3123.45
2025-01-28 22:30:00,APXMIDP,95.87,3521.3
2025-01-28 23:00:00,APXMIDP,76.21,1840.7
2025-01-28 23:30:00,APXMIDP,73.66,2157.4
2025-01-29 00:00:00,APXMIDP,71.57,2162.25
2025-01-29 00:30:00,APXMIDP,71.6,2388.0
2025-01-29 01:00:00,APXMIDP,61.77,2143.35
2025-01-29 01:30:00,APXMIDP,47.82,2258.85
2025-01-29 02:00:00,APXMIDP,54.62,2508.0
2025-01-29 02:30:00,APXMIDP,56.86,2570.55
2025-01-29 03:00:00,APXMIDP,50.25,2367.1
2025-01-29 03:30:00,APXMIDP,53.82,2454.95
2025-01-29 04:00:00,APXMIDP,49.17,2344.0
2025-01-29 04:30:00,APXMIDP,49.85,2485.55
2025-01-29 05:00:00,APXMIDP,61.31,2692.8
2025-01-29 05:30:00,APXMIDP,69.56,2810.0
2025-01-29 06:00:00,APXMIDP,100.22,2227.35
2025-01-29 06:30:00,APXMIDP,110.27,3002.5
2025-01-29 07:00:00,APXMIDP,115.83,3574.6
2025-01-29 07:30:00,APXMIDP,112.33,3335.75
2025-01-29 08:00:00,APXMIDP,99.84,3557.15
2025-01-29 08:30:00,APXMIDP,105.14,3438.4
2025-01-29 09:00:00,APXMIDP,116.66,2843.25
2025-01-29 09:30:00,APXMIDP,113.56,2679.5
2025-01-29 10:00:00,APXMIDP,114.91,2440.1
2025-01-29 10:30:00,APXMIDP,114.81,2661.0
2025-01-29 11:00:00,APXMIDP,116.91,2693.45
2025-01-29 11:30:00,APXMIDP,111.87,3454.25
2025-01-29 12:00:00,APXMIDP,109.37,3290.75
2025-01-29 12:30:00,APXMIDP,103.69,3553.5
2025-01-29 13:00:00,APXMIDP,102.59,3266.85
2025-01-29 13:30:00,APXMIDP,104.87,3338.6
2025-01-29 14:00:00,APXMIDP,109.07,3598.2
2025-01-29 14:30:00,APXMIDP,111.33,3229.6
2025-01-29 15:00:00,APXMIDP,116.39,3667.95
2025-01-29 15:30:00,APXMIDP,121.07,3253.8
2025-01-29 16:00:00,APXMIDP,124.13,3307.45
2025-01-29 16:30:00,APXMIDP,133.48,3424.15
2025-01-29 17:00:00,APXMIDP,137.76,2999.9
2025-01-29 17:30:00,APXMIDP,139.75,3796.1
2025-01-29 18:00:00,APXMIDP,132.48,3157.45
2025-01-29 18:30:00,APXMIDP,132.27,3158.3
2025-01-29 19:00:00,APXMIDP,127.69,2914.15
2025-01-29 19:30:00,APXMIDP,114.97,2682.85
2025-01-29 20:00:00,APXMIDP,115.62,2892.95
2025-01-29 20:30:00,APXMIDP,119.29,3055.05
2025-01-29 21:00:00,APXMIDP,109.62,2563.85
2025-01-29 21:30:00,APXMIDP,111.35,2683.8
2025-01-29 22:00:00,APXMIDP,110.49,2983.45
2025-01-29 22:30:00,APXMIDP,104.88,3541.85
2025-01-29 23:00:00,APXMIDP,98.94,1940.5
2025-01-29 23:30:00,APXMIDP,91.74,1939.85
2025-01-30 00:00:00,APXMIDP,97.52,2044.05
2025-01-30 00:30:00,APXMIDP,108.73,1961.8
2025-01-30 01:00:00,APXMIDP,96.58,2226.8
2025-01-30 01:30:00,APXMIDP,94.36,2470.85
2025-01-30 02:00:00,APXMIDP,94.28,2825.1
2025-01-30 02:30:00,APXMIDP,90.97,2765.0
2025-01-30 03:00:00,APXMIDP,93.9,2626.0
2025-01-30 03:30:00,APXMIDP,85.52,2491.95
2025-01-30 04:00:00,APXMIDP,80.26,2512.3
2025-01-30 04:30:00,APXMIDP,80.16,2443.5
2025-01-30 05:00:00,APXMIDP,88.45,1944.1
2025-01-30 05:30:00,APXMIDP,81.14,1930.15
2025-01-30 06:00:00,APXMIDP,94.8,1956.5
2025-01-30 06:30:00,APXMIDP,89.15,3200.35
2025-01-30 07:00:00,APXMIDP,110.42,2988.2
2025-01-30 07:30:00,APXMIDP,119.88,2978.3
2025-01-30 08:00:00,APXMIDP,117.54,3007.25
2025-01-30 08:30:00,APXMIDP,115.35,3337.35
2025-01-30 09:00:00,APXMIDP,98.19,2436.05
2025-01-30 09:30:00,APXMIDP,104.39,3256.7
2025-01-30 10:00:00,APXMIDP,105.77,3351.5
2025-01-30 10:30:00,APXMIDP,99.52,3887.5
2025-01-30 11:00:00,APXMIDP,98.88,3492.9
2025-01-30 11:30:00,APXMIDP,97.17,3847.15
2025-01-30 12:00:00,APXMIDP,96.38,3602.5
2025-01-30 12:30:00,APXMIDP,96.54,3607.0
2025-01-30 13:00:00,APXMIDP,98.38,3113.9
2025-01-30 13:30:00,APXMIDP,98.06,3159.6
2025-01-30 14:00:00,APXMIDP,98.56,3501.0
2025-01-30 14:30:00,APXMIDP,102.49,3258.5
2025-01-30 15:00:00,APXMIDP,132.42,3498.65
2025-01-30 15:30:00,APXMIDP,135.53,3619.65
2025-01-30 16:00:00,APXMIDP,140.02,3108.4
2025-01-30 16:30:00,APXMIDP,147.39,3355.1
2025-01-30 17:00:00,APXMIDP,160.58,3223.25
2025-01-30 17:30:00,APXMIDP,165.2,3820.95
2025-01-30 18:00:00,APXMIDP,162.94,3430.15
2025-01-30 18:30:00,APXMIDP,161.52,3500.2
2025-01-30 19:00:00,APXMIDP,161.53,3533.2
2025-01-30 19:30:00,APXMIDP,151.03,3025.5
2025-01-30 20:00:00,APXMIDP,145.3,2665.45
2025-01-30 20:30:00,APXMIDP,126.17,2180.75
2025-01-30 21:00:00,APXMIDP,121.07,2908.3
2025-01-30 21:30:00,APXMIDP,111.69,2862.1
2025-01-30 22:00:00,APXMIDP,108.89,3475.55
2025-01-30 22:30:00,APXMIDP,109.36,3463.3
2025-01-30 23:00:00,APXMIDP,120.59,2037.8
2025-01-30 23:30:00,APXMIDP,113.64,2196.85
2025-01-31 00:00:00,APXMIDP,110.29,2013.0
2025-01-31 00:30:00,APXMIDP,116.73,1927.7
2025-01-31 01:00:00,APXMIDP,119.73,1717.5
2025-01-31 01:30:00,APXMIDP,118.84,1977.65
2025-01-31 02:00:00,APXMIDP,118.95,1501.9
2025-01-31 02:30:00,APXMIDP,124.49,1867.3
2025-01-31 03:00:00,APXMIDP,115.74,2155.3
2025-01-31 03:30:00,APXMIDP,119.55,2468.2
2025-01-31 04:00:00,APXMIDP,114.74,2215.7
2025-01-31 04:30:00,APXMIDP,111.48,2760.45
2025-01-31 05:00:00,APXMIDP,118.03,2152.7
2025-01-31 05:30:00,APXMIDP,107.51,2535.4
2025-01-31 06:00:00,APXMIDP,125.5,1758.8
2025-01-31 06:30:00,APXMIDP,113.7,2481.2
2025-01-31 07:00:00,APXMIDP,131.69,2168.5
2025-01-31 07:30:00,APXMIDP,142.26,2108.15
2025-01-31 08:00:00,APXMIDP,132.13,3215.65
2025-01-31 08:30:00,APXMIDP,133.96,3500.0
2025-01-31 09:00:00,APXMIDP,121.58,2843.75
2025-01-31 09:30:00,APXMIDP,122.2,2998.8
2025-01-31 10:00:00,APXMIDP,126.59,3058.0
2025-01-31 10:30:00,APXMIDP,122.89,2977.6
2025-01-31 11:00:00,APXMIDP,118.28,2714.75
2025-01-31 11:30:00,APXMIDP,122.73,2978.05
2025-01-31 12:00:00,APXMIDP,126.7,3404.55
2025-01-31 12:30:00,APXMIDP,119.21,3520.4
2025-01-31 13:00:00,APXMIDP,115.1,3612.8
2025-01-31 13:30:00,APXMIDP,111.91,3682.35
2025-01-31 14:00:00,APXMIDP,110.24,3735.1
2025-01-31 14:30:00,APXMIDP,116.66,4188.35
2025-01-31 15:00:00,APXMIDP,132.2,3705.65
2025-01-31 15:30:00,APXMIDP,137.49,3599.5
2025-01-31 16:00:00,APXMIDP,137.25,3881.25
2025-01-31 16:30:00,APXMIDP,141.53,4014.85
2025-01-31 17:00:00,APXMIDP,146.07,3951.35
2025-01-31 17:30:00,APXMIDP,145.81,4278.3
2025-01-31 18:00:00,APXMIDP,148.42,3943.75
2025-01-31 18:30:00,APXMIDP,145.6,3711.05
2025-01-31 19:00:00,APXMIDP,142.78,3333.05
2025-01-31 19:30:00,APXMIDP,142.08,3191.15
2025-01-31 20:00:00,APXMIDP,134.71,3680.2
2025-01-31 20:30:00,APXMIDP,117.08,3070.05
2025-01-31 21:00:00,APXMIDP,122.33,2790.0
2025-01-31 21:30:00,APXMIDP,122.78,2925.5
2025-01-31 22:00:00,APXMIDP,120.82,2326.7
2025-01-31 22:30:00,APXMIDP,110.68,2242.65
2025-01-31 23:00:00,APXMIDP,111.15,1628.55
2025-01-31 23:30:00,APXMIDP,121.27,1088.4
2025-02-01 00:00:00,APXMIDP,116.34,907.45
2025-02-01 00:30:00,APXMIDP,116.17,1051.5
2025-02-01 01:00:00,APXMIDP,109.65,1338.2
2025-02-01 01:30:00,APXMIDP,102.7,1241.55
2025-02-01 02:00:00,APXMIDP,100.13,1035.0
2025-02-01 02:30:00,APXMIDP,98.3,1305.85
2025-02-01 03:00:00,APXMIDP,98.36,1569.85
2025-02-01 03:30:00,APXMIDP,96.85,1537.4
2025-02-01 04:00:00,APXMIDP,96.2,1681.65
2025-02-01 04:30:00,APXMIDP,94.9,1611.75
2025-02-01 05:00:00,APXMIDP,101.04,1783.55
2025-02-01 05:30:00,APXMIDP,95.27,1813.2
2025-02-01 06:00:00,APXMIDP,104.28,1942.75
2025-02-01 06:30:00,APXMIDP,112.43,1909.65
2025-02-01 07:00:00,APXMIDP,126.09,1592.6
2025-02-01 07:30:00,APXMIDP,131.6,2167.5
2025-02-01 08:00:00,APXMIDP,130.16,1820.05
2025-02-01 08:30:00,APXMIDP,133.56,2387.75
2025-02-01 09:00:00,APXMIDP,121.64,2021.55
2025-02-01 09:30:00,APXMIDP,120.88,2070.7
2025-02-01 10:00:00,APXMIDP,109.16,1738.25
2025-02-01 10:30:00,APXMIDP,108.5,2381.45
2025-02-01 11:00:00,APXMIDP,101.06,2148.55
2025-02-01 11:30:00,APXMIDP,99.72,2451.9
2025-02-01 12:00:00,APXMIDP,97.14,2165.85
2025-02-01 12:30:00,APXMIDP,99.94,2807.95
2025-02-01 13:00:00,APXMIDP,107.41,3093.3
2025-02-01 13:30:00,APXMIDP,106.5,2995.6
2025-02-01 14:00:00,APXMIDP,108.52,3167.2
2025-02-01 14:30:00,APXMIDP,106.77,3713.4
2025-02-01 15:00:00,APXMIDP,127.89,1948.15
2025-02-01 15:30:00,APXMIDP,124.94,2670.4
2025-02-01 16:00:00,APXMIDP,125.16,2048.85
2025-02-01 16:30:00,APXMIDP,129.72,2130.2
2025-02-01 17:00:00,APXMIDP,130.13,2246.1
2025-02-01 17:30:00,APXMIDP,128.83,2470.5
2025-02-01 18:00:00,APXMIDP,133.91,2573.7
2025-02-01 18:30:00,APXMIDP,132.89,2291.45
2025-02-01 19:00:00,APXMIDP,128.04,1978.15
2025-02-01 19:30:00,APXMIDP,121.71,2190.1
2025-02-01 20:00:00,APXMIDP,117.25,1987.8
2025-02-01 20:30:00,APXMIDP,114.5,2001.85
2025-02-01 21:00:00,APXMIDP,115.89,2378.0
2025-02-01 21:30:00,APXMIDP,114.92,2370.8
2025-02-01 22:00:00,APXMIDP,108.3,2518.95
2025-02-01 22:30:00,APXMIDP,106.16,2698.75
2025-02-01 23:00:00,APXMIDP,93.23,1428.85
2025-02-01 23:30:00,APXMIDP,99.88,1450.85
2025-02-02 00:00:00,APXMIDP,101.93,1517.65
2025-02-02 00:30:00,APXMIDP,108.56,1506.0
2025-02-02 01:00:00,APXMIDP,104.75,1462.5
2025-02-02 01:30:00,APXMIDP,104.54,1617.7
2025-02-02 02:00:00,APXMIDP,105.43,1746.35
2025-02-02 02:30:00,APXMIDP,104.04,2020.95
2025-02-02 03:00:00,APXMIDP,104.6,1940.05
2025-02-02 03:30:00,APXMIDP,97.56,1938.8
2025-02-02 04:00:00,APXMIDP,99.79,2089.8
2025-02-02 04:30:00,APXMIDP,97.87,2207.25
2025-02-02 05:00:00,APXMIDP,105.22,2410.05
2025-02-02 05:30:00,APXMIDP,103.49,2349.2
2025-02-02 06:00:00,APXMIDP,104.39,2514.7
2025-02-02 06:30:00,APXMIDP,94.86,2691.15
2025-02-02 07:00:00,APXMIDP,100.4,2713.05
2025-02-02 07:30:00,APXMIDP,103.88,2774.95
2025-02-02 08:00:00,APXMIDP,105.33,2525.15
2025-02-02 08:30:00,APXMIDP,116.71,2595.45
2025-02-02 09:00:00,APXMIDP,105.18,2485.95
2025-02-02 09:30:00,APXMIDP,107.78,2710.45
2025-02-02 10:00:00,APXMIDP,93.83,2839.7
2025-02-02 10:30:00,APXMIDP,94.54,3846.0
2025-02-02 11:00:00,APXMIDP,78.99,3136.25
2025-02-02 11:30:00,APXMIDP,87.09,4233.8
2025-02-02 12:00:00,APXMIDP,95.08,4142.2
2025-02-02 12:30:00,APXMIDP,92.46,4183.75
2025-02-02 13:00:00,APXMIDP,101.13,4584.4
2025-02-02 13:30:00,APXMIDP,103.88,4132.2
2025-02-02 14:00:00,APXMIDP,103.35,4476.95
2025-02-02 14:30:00,APXMIDP,102.49,4595.65
2025-02-02 15:00:00,APXMIDP,119.45,3924.65
2025-02-02 15:30:00,APXMIDP,123.69,3429.8
2025-02-02 16:00:00,APXMIDP,126.91,3358.1
2025-02-02 16:30:00,APXMIDP,145.8,3249.75
2025-02-02 17:00:00,APXMIDP,146.36,3334.65
2025-02-02 17:30:00,APXMIDP,144.47,3089.45
2025-02-02 18:00:00,APXMIDP,146.44,3370.0
2025-02-02 18:30:00,APXMIDP,141.33,2960.2
2025-02-02 19:00:00,APXMIDP,141.33,2438.95
2025-02-02 19:30:00,APXMIDP,122.42,2162.5
2025-02-02 20:00:00,APXMIDP,133.38,2863.25
2025-02-02 20:30:00,APXMIDP,118.64,2914.4
2025-02-02 21:00:00,APXMIDP,108.31,2346.0
2025-02-02 21:30:00,APXMIDP,114.25,2586.8
2025-02-02 22:00:00,APXMIDP,120.84,2260.25
2025-02-02 22:30:00,APXMIDP,115.89,2516.3
2025-02-02 23:00:00,APXMIDP,102.15,1364.6
2025-02-02 23:30:00,APXMIDP,107.23,1703.45
2025-02-03 00:00:00,APXMIDP,103.3,1760.55
2025-02-03 00:30:00,APXMIDP,101.03,1641.2
2025-02-03 01:00:00,APXMIDP,99.06,1693.7
2025-02-03 01:30:00,APXMIDP,99.54,1846.0
2025-02-03 02:00:00,APXMIDP,98.78,2185.15
2025-02-03 02:30:00,APXMIDP,96.64,1840.4
2025-02-03 03:00:00,APXMIDP,91.4,1798.55
2025-02-03 03:30:00,APXMIDP,93.37,1901.05
2025-02-03 04:00:00,APXMIDP,96.9,1929.9
2025-02-03 04:30:00,APXMIDP,91.08,1731.6
2025-02-03 05:00:00,APXMIDP,99.41,1949.35
2025-02-03 05:30:00,APXMIDP,97.6,2236.65
2025-02-03 06:00:00,APXMIDP,99.08,1617.15
2025-02-03 06:30:00,APXMIDP,108.52,1687.3
2025-02-03 07:00:00,APXMIDP,145.9,1524.3
2025-02-03 07:30:00,APXMIDP,158.77,2015.2
2025-02-03 08:00:00,APXMIDP,146.37,2084.85
2025-02-03 08:30:00,APXMIDP,145.6,2405.1
2025-02-03 09:00:00,APXMIDP,120.69,2034.7
2025-02-03 09:30:00,APXMIDP,109.52,2420.55
2025-02-03 10:00:00,APXMIDP,104.09,2407.15
2025-02-03 10:30:00,APXMIDP,104.57,2742.5
2025-02-03 11:00:00,APXMIDP,102.09,3451.8
2025-02-03 11:30:00,APXMIDP,103.73,3322.2
2025-02-03 12:00:00,APXMIDP,104.74,3577.35
2025-02-03 12:30:00,APXMIDP,99.68,3483.65
2025-02-03 13:00:00,APXMIDP,99.97,3088.75
2025-02-03 13:30:00,APXMIDP,99.37,3345.1
2025-02-03 14:00:00,APXMIDP,99.11,3398.2
2025-02-03 14:30:00,APXMIDP,97.11,3261.6
2025-02-03 15:00:00,APXMIDP,106.35,2556.85
2025-02-03 15:30:00,APXMIDP,102.77,2611.3
2025-02-03 16:00:00,APXMIDP,111.42,2699.95
2025-02-03 16:30:00,APXMIDP,122.34,2852.95
2025-02-03 17:00:00,APXMIDP,132.47,2501.05
2025-02-03 17:30:00,APXMIDP,129.52,3071.8
2025-02-03 18:00:00,APXMIDP,126.66,3048.25
2025-02-03 18:30:00,APXMIDP,125.22,2833.35
2025-02-03 19:00:00,APXMIDP,122.89,3382.0
2025-02-03 19:30:00,APXMIDP,119.52,3033.0
2025-02-03 20:00:00,APXMIDP,109.77,2608.75
2025-02-03 20:30:00,APXMIDP,114.55,3323.1
2025-02-03 21:00:00,APXMIDP,112.16,2992.0
2025-02-03 21:30:00,APXMIDP,113.07,3455.6
2025-02-03 22:00:00,APXMIDP,109.88,2906.8
2025-02-03 22:30:00,APXMIDP,106.76,3267.55
2025-02-03 23:00:00,APXMIDP,96.13,1790.3
2025-02-03 23:30:00,APXMIDP,86.71,1782.5
2025-02-04 00:00:00,APXMIDP,94.18,1967.1
2025-02-04 00:30:00,APXMIDP,101.0,2279.85
2025-02-04 01:00:00,APXMIDP,94.59,1875.85
2025-02-04 01:30:00,APXMIDP,86.29,1973.05
2025-02-04 02:00:00,APXMIDP,83.93,1811.8
2025-02-04 02:30:00,APXMIDP,89.14,2212.3
2025-02-04 03:00:00,APXMIDP,93.41,1930.35
2025-02-04 03:30:00,APXMIDP,91.64,1883.1
2025-02-04 04:00:00,APXMIDP,91.63,2033.65
2025-02-04 04:30:00,APXMIDP,93.01,1917.55
2025-02-04 05:00:00,APXMIDP,108.12,1807.3
2025-02-04 05:30:00,APXMIDP,106.18,2365.05
2025-02-04 06:00:00,APXMIDP,109.99,3089.25
2025-02-04 06:30:00,APXMIDP,112.08,2157.9
2025-02-04 07:00:00,APXMIDP,139.88,3014.2
2025-02-04 07:30:00,APXMIDP,150.94,3397.55
2025-02-04 08:00:00,APXMIDP,136.05,2763.5
2025-02-04 08:30:00,APXMIDP,134.49,3161.5
2025-02-04 09:00:00,APXMIDP,121.44,2900.8
2025-02-04 09:30:00,APXMIDP,117.58,2871.25
2025-02-04 10:00:00,APXMIDP,118.09,2993.65
2025-02-04 10:30:00,APXMIDP,116.97,3146.2
2025-02-04 11:00:00,APXMIDP,103.42,3608.1
2025-02-04 11:30:00,APXMIDP,108.37,3511.75
2025-02-04 12:00:00,APXMIDP,107.52,3362.0
2025-02-04 12:30:00,APXMIDP,105.45,3366.5
2025-02-04 13:00:00,APXMIDP,114.77,3330.15
2025-02-04 13:30:00,APXMIDP,118.85,3419.0
2025-02-04 14:00:00,APXMIDP,115.76,3522.95
2025-02-04 14:30:00,APXMIDP,111.08,3477.9
2025-02-04 15:00:00,APXMIDP,116.06,3796.3
2025-02-04 15:30:00,APXMIDP,114.78,3155.6
2025-02-04 16:00:00,APXMIDP,119.47,3007.75
2025-02-04 16:30:00,APXMIDP,119.93,3109.4
2025-02-04 17:00:00,APXMIDP,131.61,3409.5
2025-02-04 17:30:00,APXMIDP,135.84,3708.6
2025-02-04 18:00:00,APXMIDP,131.6,3561.1
2025-02-04 18:30:00,APXMIDP,133.07,3545.55
2025-02-04 19:00:00,APXMIDP,130.08,3453.85
2025-02-04 19:30:00,APXMIDP,127.56,2771.9
2025-02-04 20:00:00,APXMIDP,119.65,3309.5
2025-02-04 20:30:00,APXMIDP,117.79,3082.7
2025-02-04 21:00:00,APXMIDP,111.64,2902.95
2025-02-04 21:30:00,APXMIDP,116.1,2579.75
2025-02-04 22:00:00,APXMIDP,109.53,2908.0
2025-02-04 22:30:00,APXMIDP,104.18,2855.4
2025-02-04 23:00:00,APXMIDP,109.92,2188.4
2025-02-04 23:30:00,APXMIDP,103.76,2733.2
2025-02-05 00:00:00,APXMIDP,104.16,2369.4
2025-02-05 00:30:00,APXMIDP,104.97,2486.4
2025-02-05 01:00:00,APXMIDP,95.94,2747.05
2025-02-05 01:30:00,APXMIDP,97.22,2931.35
2025-02-05 02:00:00,APXMIDP,93.81,3056.95
2025-02-05 02:30:00,APXMIDP,99.69,3019.9
2025-02-05 03:00:00,APXMIDP,105.57,2243.8
2025-02-05 03:30:00,APXMIDP,103.89,2462.75
2025-02-05 04:00:00,APXMIDP,108.39,2390.45
2025-02-05 04:30:00,APXMIDP,105.38,2568.5
2025-02-05 05:00:00,APXMIDP,120.65,1986.2
2025-02-05 05:30:00,APXMIDP,111.76,2120.2
2025-02-05 06:00:00,APXMIDP,124.8,2338.6
2025-02-05 06:30:00,APXMIDP,121.5,2979.0
2025-02-05 07:00:00,APXMIDP,137.5,2388.0
2025-02-05 07:30:00,APXMIDP,151.19,2248.55
2025-02-05 08:00:00,APXMIDP,134.92,2318.75
2025-02-05 08:30:00,APXMIDP,137.45,2099.9
2025-02-05 09:00:00,APXMIDP,133.8,2634.3
2025-02-05 09:30:00,APXMIDP,133.37,2719.75
2025-02-05 10:00:00,APXMIDP,133.15,2749.75
2025-02-05 10:30:00,APXMIDP,130.9,2767.1
2025-02-05 11:00:00,APXMIDP,125.1,2622.0
2025-02-05 11:30:00,APXMIDP,118.64,3100.6
2025-02-05 12:00:00,APXMIDP,110.51,3585.65
2025-02-05 12:30:00,APXMIDP,109.8,3331.15
2025-02-05 13:00:00,APXMIDP,111.84,3567.5
2025-02-05 13:30:00,APXMIDP,110.06,3650.45
2025-02-05 14:00:00,APXMIDP,115.18,3684.25
2025-02-05 14:30:00,APXMIDP,114.71,4214.0
2025-02-05 15:00:00,APXMIDP,136.8,2540.0
2025-02-05 15:30:00,APXMIDP,142.16,2799.65
2025-02-05 16:00:00,APXMIDP,130.7,3167.4
2025-02-05 16:30:00,APXMIDP,141.52,3086.25
2025-02-05 17:00:00,APXMIDP,158.79,2842.7
2025-02-05 17:30:00,APXMIDP,158.4,3624.95
2025-02-05 18:00:00,APXMIDP,157.24,3286.1
2025-02-05 18:30:00,APXMIDP,157.76,3117.45
2025-02-05 19:00:00,APXMIDP,147.18,2513.65
2025-02-05 19:30:00,APXMIDP,145.39,2196.8
2025-02-05 20:00:00,APXMIDP,140.35,2304.8
2025-02-05 20:30:00,APXMIDP,134.04,2053.0
2025-02-05 21:00:00,APXMIDP,122.18,2206.4
2025-02-05 21:30:00,APXMIDP,116.06,2081.1
2025-02-05 22:00:00,APXMIDP,118.73,1918.55
2025-02-05 22:30:00,APXMIDP,109.47,2517.5
2025-02-05 23:00:00,APXMIDP,106.15,1169.15
2025-02-05 23:30:00,APXMIDP,102.47,1412.45
2025-02-06 00:00:00,APXMIDP,97.3,1760.3
2025-02-06 00:30:00,APXMIDP,108.71,1941.2
2025-02-06 01:00:00,APXMIDP,104.3,1937.3
2025-02-06 01:30:00,APXMIDP,103.48,2333.75
2025-02-06 02:00:00,APXMIDP,102.29,2471.85
2025-02-06 02:30:00,APXMIDP,96.18,2770.75
2025-02-06 03:00:00,APXMIDP,102.86,2490.2
2025-02-06 03:30:00,APXMIDP,103.36,2523.7
2025-02-06 04:00:00,APXMIDP,107.15,2062.4
2025-02-06 04:30:00,APXMIDP,101.17,2084.9
2025-02-06 05:00:00,APXMIDP,102.34,2007.75
2025-02-06 05:30:00,APXMIDP,94.74,2424.65
2025-02-06 06:00:00,APXMIDP,133.65,2584.7
2025-02-06 06:30:00,APXMIDP,146.44,1976.5
2025-02-06 07:00:00,APXMIDP,166.34,2108.35
2025-02-06 07:30:00,APXMIDP,172.57,2588.95
2025-02-06 08:00:00,APXMIDP,133.25,2556.45
2025-02-06 08:30:00,APXMIDP,131.11,2760.5
2025-02-06 09:00:00,APXMIDP,129.67,2826.65
2025-02-06 09:30:00,APXMIDP,117.77,3056.0
2025-02-06 10:00:00,APXMIDP,118.88,3122.85
2025-02-06 10:30:00,APXMIDP,116.27,3250.8
2025-02-06 11:00:00,APXMIDP,110.08,3348.4
2025-02-06 11:30:00,APXMIDP,104.5,3046.75
2025-02-06 12:00:00,APXMIDP,105.37,2743.05
2025-02-06 12:30:00,APXMIDP,103.13,2528.85
2025-02-06 13:00:00,APXMIDP,101.7,3285.85
2025-02-06 13:30:00,APXMIDP,100.99,3124.0
2025-02-06 14:00:00,APXMIDP,101.9,3000.3
2025-02-06 14:30:00,APXMIDP,101.38,2964.85
2025-02-06 15:00:00,APXMIDP,107.59,2496.85
2025-02-06 15:30:00,APXMIDP,111.59,2147.95
2025-02-06 16:00:00,APXMIDP,119.58,2410.25
2025-02-06 16:30:00,APXMIDP,128.3,2724.25
2025-02-06 17:00:00,APXMIDP,144.29,3228.0
2025-02-06 17:30:00,APXMIDP,148.73,3324.75
2025-02-06 18:00:00,APXMIDP,139.95,3622.3
2025-02-06 18:30:00,APXMIDP,135.44,3586.7
2025-02-06 19:00:00,APXMIDP,121.69,2349.3
2025-02-06 19:30:00,APXMIDP,119.98,2773.25
2025-02-06 20:00:00,APXMIDP,120.71,2533.9
2025-02-06 20:30:00,APXMIDP,126.57,2533.25
2025-02-06 21:00:00,APXMIDP,125.46,2411.35
2025-02-06 21:30:00,APXMIDP,121.49,2630.95
2025-02-06 22:00:00,APXMIDP,115.79,2442.15
2025-02-06 22:30:00,APXMIDP,121.16,2783.3
2025-02-06 23:00:00,APXMIDP,104.43,1847.65
2025-02-06 23:30:00,APXMIDP,100.68,1962.5
2025-02-07 00:00:00,APXMIDP,101.79,2246.95
2025-02-07 00:30:00,APXMIDP,105.17,1715.4
2025-02-07 01:00:00,APXMIDP,99.49,1942.6
2025-02-07 01:30:00,APXMIDP,99.19,1803.75
2025-02-07 02:00:00,APXMIDP,98.12,2160.9
2025-02-07 02:30:00,APXMIDP,95.75,1832.9
2025-02-07 03:00:00,APXMIDP,90.96,1621.7
2025-02-07 03:30:00,APXMIDP,89.4,1993.85
2025-02-07 04:00:00,APXMIDP,91.71,1924.95
2025-02-07 04:30:00,APXMIDP,90.07,2002.1
2025-02-07 05:00:00,APXMIDP,93.55,2429.8
2025-02-07 05:30:00,APXMIDP,98.6,2547.5
2025-02-07 06:00:00,APXMIDP,112.43,2427.1
2025-02-07 06:30:00,APXMIDP,120.1,3011.45
2025-02-07 07:00:00,APXMIDP,125.38,2928.35
2025-02-07 07:30:00,APXMIDP,123.39,3160.5
2025-02-07 08:00:00,APXMIDP,124.49,2620.6
2025-02-07 08:30:00,APXMIDP,121.15,2641.55
2025-02-07 09:00:00,APXMIDP,97.67,1774.7
2025-02-07 09:30:00,APXMIDP,97.72,2664.45
2025-02-07 10:00:00,APXMIDP,113.48,2550.55
2025-02-07 10:30:00,APXMIDP,114.24,2360.8
2025-02-07 11:00:00,APXMIDP,117.81,3165.75
2025-02-07 11:30:00,APXMIDP,113.61,3439.9
2025-02-07 12:00:00,APXMIDP,112.33,2725.75
2025-02-07 12:30:00,APXMIDP,115.9,2826.1
2025-02-07 13:00:00,APXMIDP,119.7,3451.65
2025-02-07 13:30:00,APXMIDP,117.69,3207.45
2025-02-07 14:00:00,APXMIDP,118.49,2899.7
2025-02-07 14:30:00,APXMIDP,119.5,2838.05
2025-02-07 15:00:00,APXMIDP,121.43,2313.9
2025-02-07 15:30:00,APXMIDP,129.42,2214.7
2025-02-07 16:00:00,APXMIDP,127.81,2312.4
2025-02-07 16:30:00,APXMIDP,131.75,2327.4
2025-02-07 17:00:00,APXMIDP,132.9,2204.9
2025-02-07 17:30:00,APXMIDP,134.6,2517.6
2025-02-07 18:00:00,APXMIDP,136.84,2337.55
2025-02-07 18:30:00,APXMIDP,134.8,2415.7
2025-02-07 19:00:00,APXMIDP,130.43,2166.05
2025-02-07 19:30:00,APXMIDP,121.14,2057.7
2025-02-07 20:00:00,APXMIDP,120.8,1813.4
2025-02-07 20:30:00,APXMIDP,108.89,1841.2
2025-02-07 21:00:00,APXMIDP,113.83,2011.8
2025-02-07 21:30:00,APXMIDP,112.53,2054.55
2025-02-07 22:00:00,APXMIDP,112.62,2057.45
2025-02-07 22:30:00,APXMIDP,114.29,2736.15
2025-02-07 23:00:00,APXMIDP,97.45,1847.65
2025-02-07 23:30:00,APXMIDP,92.57,1509.8
2025-02-08 00:00:00,APXMIDP,96.88,1968.8
2025-02-08 00:30:00,APXMIDP,92.66,2251.45
2025-02-08 01:00:00,APXMIDP,89.84,2235.45
2025-02-08 01:30:00,APXMIDP,91.79,2112.2
2025-02-08 02:00:00,APXMIDP,103.0,2007.4
2025-02-08 02:30:00,APXMIDP,100.22,2006.85
2025-02-08 03:00:00,APXMIDP,105.8,1415.85
2025-02-08 03:30:00,APXMIDP,112.18,1692.75
2025-02-08 04:00:00,APXMIDP,112.19,1668.5
2025-02-08 04:30:00,APXMIDP,115.81,1638.25
2025-02-08 05:00:00,APXMIDP,122.57,2032.75
2025-02-08 05:30:00,APXMIDP,121.82,2007.35
2025-02-08 06:00:00,APXMIDP,119.7,2032.1
2025-02-08 06:30:00,APXMIDP,113.97,3147.2
2025-02-08 07:00:00,APXMIDP,114.32,3112.3
2025-02-08 07:30:00,APXMIDP,125.0,3061.1
2025-02-08 08:00:00,APXMIDP,120.68,2986.35
2025-02-08 08:30:00,APXMIDP,122.19,3319.55
2025-02-08 09:00:00,APXMIDP,133.34,2874.95
2025-02-08 09:30:00,APXMIDP,131.0,2494.5
2025-02-08 10:00:00,APXMIDP,134.54,2263.15
2025-02-08 10:30:00,APXMIDP,136.82,2649.55
2025-02-08 11:00:00,APXMIDP,148.8,2186.65
2025-02-08 11:30:00,APXMIDP,151.53,2655.2
2025-02-08 12:00:00,APXMIDP,150.31,2351.95
2025-02-08 12:30:00,APXMIDP,153.44,2492.6
2025-02-08 13:00:00,APXMIDP,150.08,3032.0
2025-02-08 13:30:00,APXMIDP,149.81,2782.6
2025-02-08 14:00:00,APXMIDP,151.26,3216.75
2025-02-08 14:30:00,APXMIDP,148.96,3055.6
2025-02-08 15:00:00,APXMIDP,147.33,2672.4
2025-02-08 15:30:00,APXMIDP,145.96,2819.7
2025-02-08 16:00:00,APXMIDP,145.7,2512.05
2025-02-08 16:30:00,APXMIDP,149.17,2569.8
2025-02-08 17:00:00,APXMIDP,157.5,2933.35
2025-02-08 17:30:00,APXMIDP,156.48,3113.75
2025-02-08 18:00:00,APXMIDP,154.97,3308.2
2025-02-08 18:30:00,APXMIDP,148.14,3001.05
2025-02-08 19:00:00,APXMIDP,133.66,2521.6
2025-02-08 19:30:00,APXMIDP,122.78,2203.2
2025-02-08 20:00:00,APXMIDP,126.05,1826.8
2025-02-08 20:30:00,APXMIDP,123.03,2597.6
2025-02-08 21:00:00,APXMIDP,116.81,2741.45
2025-02-08 21:30:00,APXMIDP,114.68,2560.85
2025-02-08 22:00:00,APXMIDP,112.85,2495.2
2025-02-08 22:30:00,APXMIDP,113.5,3070.7
2025-02-08 23:00:00,APXMIDP,114.27,850.3
2025-02-08 23:30:00,APXMIDP,109.65,960.05
2025-02-09 00:00:00,APXMIDP,110.74,994.7
2025-02-09 00:30:00,APXMIDP,116.31,1129.75
2025-02-09 01:00:00,APXMIDP,112.16,1184.9
2025-02-09 01:30:00,APXMIDP,95.05,1270.5
2025-02-09 02:00:00,APXMIDP,99.86,1536.25
2025-02-09 02:30:00,APXMIDP,101.1,1886.95
2025-02-09 03:00:00,APXMIDP,102.87,1951.6
2025-02-09 03:30:00,APXMIDP,99.8,1997.05
2025-02-09 04:00:00,APXMIDP,103.5,1922.9
2025-02-09 04:30:00,APXMIDP,101.41,1998.3
2025-02-09 05:00:00,APXMIDP,103.11,1797.5
2025-02-09 05:30:00,APXMIDP,103.8,1853.5
2025-02-09 06:00:00,APXMIDP,102.7,1910.55
2025-02-09 06:30:00,APXMIDP,100.09,1919.0
2025-02-09 07:00:00,APXMIDP,92.41,2884.45
2025-02-09 07:30:00,APXMIDP,97.16,3027.4
2025-02-09 08:00:00,APXMIDP,98.64,2939.3
2025-02-09 08:30:00,APXMIDP,101.61,2938.45
2025-02-09 09:00:00,APXMIDP,110.11,2916.55
2025-02-09 09:30:00,APXMIDP,113.02,2910.0
2025-02-09 10:00:00,APXMIDP,114.07,2881.95
2025-02-09 10:30:00,APXMIDP,113.01,2903.85
2025-02-09 11:00:00,APXMIDP,114.35,2493.25
2025-02-09 11:30:00,APXMIDP,115.54,2681.15
2025-02-09 12:00:00,APXMIDP,115.26,2309.7
2025-02-09 12:30:00,APXMIDP,119.94,2286.2
2025-02-09 13:00:00,APXMIDP,123.86,2380.25
2025-02-09 13:30:00,APXMIDP,122.62,2354.25
2025-02-09 14:00:00,APXMIDP,125.13,2708.0
2025-02-09 14:30:00,APXMIDP,121.9,2907.5
2025-02-09 15:00:00,APXMIDP,116.18,2425.8
2025-02-09 15:30:00,APXMIDP,113.63,2535.15
2025-02-09 16:00:00,APXMIDP,124.17,2342.55
2025-02-09 16:30:00,APXMIDP,127.02,2003.15
2025-02-09 17:00:00,APXMIDP,133.25,1908.25
2025-02-09 17:30:00,APXMIDP,134.55,1707.6
2025-02-09 18:00:00,APXMIDP,137.34,1674.35
2025-02-09 18:30:00,APXMIDP,131.24,1844.4
2025-02-09 19:00:00,APXMIDP,125.87,2176.65
2025-02-09 19:30:00,APXMIDP,117.39,1803.6
2025-02-09 20:00:00,APXMIDP,115.53,1740.75
2025-02-09 20:30:00,APXMIDP,112.87,2033.15
2025-02-09 21:00:00,APXMIDP,115.26,2226.1
2025-02-09 21:30:00,APXMIDP,110.53,1920.35
2025-02-09 22:00:00,APXMIDP,110.22,2431.65
2025-02-09 22:30:00,APXMIDP,113.83,3110.1
2025-02-09 23:00:00,APXMIDP,99.77,1306.45
2025-02-09 23:30:00,APXMIDP,97.35,1184.05
2025-02-10 00:00:00,APXMIDP,92.36,1228.2
2025-02-10 00:30:00,APXMIDP,94.51,1356.1
2025-02-10 01:00:00,APXMIDP,93.87,1826.65
2025-02-10 01:30:00,APXMIDP,89.96,2017.05
2025-02-10 02:00:00,APXMIDP,87.91,1938.1
2025-02-10 02:30:00,APXMIDP,90.64,2114.55
2025-02-10 03:00:00,APXMIDP,86.8,1876.1
2025-02-10 03:30:00,APXMIDP,82.21,1613.05
2025-02-10 04:00:00,APXMIDP,88.32,1731.95
2025-02-10 04:30:00,APXMIDP,84.98,1769.6
2025-02-10 05:00:00,APXMIDP,106.21,2316.15
2025-02-10 05:30:00,APXMIDP,104.36,2384.95
2025-02-10 06:00:00,APXMIDP,114.56,2623.9
2025-02-10 06:30:00,APXMIDP,112.67,2670.2
2025-02-10 07:00:00,APXMIDP,126.55,2315.7
2025-02-10 07:30:00,APXMIDP,134.3,2143.0
2025-02-10 08:00:00,APXMIDP,121.49,2081.3
2025-02-10 08:30:00,APXMIDP,123.39,2374.3
2025-02-10 09:00:00,APXMIDP,115.29,2339.2
2025-02-10 09:30:00,APXMIDP,112.15,2684.15
2025-02-10 10:00:00,APXMIDP,111.87,2295.05
2025-02-10 10:30:00,APXMIDP,111.63,2348.75
2025-02-10 11:00:00,APXMIDP,112.4,2548.3
2025-02-10 11:30:00,APXMIDP,114.22,2495.1
2025-02-10 12:00:00,APXMIDP,108.69,2739.15
2025-02-10 12:30:00,APXMIDP,109.75,2394.45
2025-02-10 13:00:00,APXMIDP,106.9,2765.15
2025-02-10 13:30:00,APXMIDP,105.7,3145.35
2025-02-10 14:00:00,APXMIDP,108.12,2615.1
2025-02-10 14:30:00,APXMIDP,109.92,2961.4
2025-02-10 15:00:00,APXMIDP,119.28,3170.0
2025-02-10 15:30:00,APXMIDP,117.04,3144.85
2025-02-10 16:00:00,APXMIDP,119.12,3233.7
2025-02-10 16:30:00,APXMIDP,132.32,2896.2
2025-02-10 17:00:00,APXMIDP,132.63,3389.15
2025-02-10 17:30:00,APXMIDP,136.27,3417.9
2025-02-10 18:00:00,APXMIDP,140.0,3396.4
2025-02-10 18:30:00,APXMIDP,138.78,3294.3
2025-02-10 19:00:00,APXMIDP,132.1,2865.7
2025-02-10 19:30:00,APXMIDP,125.65,2694.0
2025-02-10 20:00:00,APXMIDP,122.81,2883.3
2025-02-10 20:30:00,APXMIDP,120.39,3163.75
2025-02-10 21:00:00,APXMIDP,121.39,2697.0
2025-02-10 21:30:00,APXMIDP,119.87,2759.85
2025-02-10 22:00:00,APXMIDP,118.48,2774.5
2025-02-10 22:30:00,APXMIDP,120.31,3254.25
2025-02-10 23:00:00,APXMIDP,122.05,1646.45
2025-02-10 23:30:00,APXMIDP,121.51,1464.65
2025-02-11 00:00:00,APXMIDP,113.67,1387.25
2025-02-11 00:30:00,APXMIDP,118.14,1490.2
2025-02-11 01:00:00,APXMIDP,117.3,1795.75
2025-02-11 01:30:00,APXMIDP,114.27,1888.75
2025-02-11 02:00:00,APXMIDP,110.66,2289.8
2025-02-11 02:30:00,APXMIDP,114.24,2428.6
2025-02-11 03:00:00,APXMIDP,109.48,2287.15
2025-02-11 03:30:00,APXMIDP,104.22,1975.05
2025-02-11 04:00:00,APXMIDP,105.83,2271.9
2025-02-11 04:30:00,APXMIDP,108.09,2227.25
2025-02-11 05:00:00,APXMIDP,124.29,2110.7
2025-02-11 05:30:00,APXMIDP,113.99,2162.75
2025-02-11 06:00:00,APXMIDP,128.86,2412.1
2025-02-11 06:30:00,APXMIDP,119.47,2933.4
2025-02-11 07:00:00,APXMIDP,143.51,2456.85
2025-02-11 07:30:00,APXMIDP,149.16,2617.6
2025-02-11 08:00:00,APXMIDP,140.99,1756.8
2025-02-11 08:30:00,APXMIDP,145.83,1921.9
2025-02-11 09:00:00,APXMIDP,144.64,2178.7
2025-02-11 09:30:00,APXMIDP,145.45,2671.45
2025-02-11 10:00:00,APXMIDP,140.0,2336.0
2025-02-11 10:30:00,APXMIDP,137.75,2721.1
2025-02-11 11:00:00,APXMIDP,129.03,2481.4
2025-02-11 11:30:00,APXMIDP,130.25,2560.0
2025-02-11 12:00:00,APXMIDP,132.24,3040.9
2025-02-11 12:30:00,APXMIDP,130.84,2815.25
2025-02-11 13:00:00,APXMIDP,129.66,3318.7
2025-02-11 13:30:00,APXMIDP,130.88,3174.2
2025-02-11 14:00:00,APXMIDP,134.03,2723.4
2025-02-11 14:30:00,APXMIDP,133.9,2946.35
2025-02-11 15:00:00,APXMIDP,140.45,3031.15
2025-02-11 15:30:00,APXMIDP,139.59,2674.45
2025-02-11 16:00:00,APXMIDP,142.73,2626.25
2025-02-11 16:30:00,APXMIDP,144.87,2748.05
2025-02-11 17:00:00,APXMIDP,143.92,2624.55
2025-02-11 17:30:00,APXMIDP,142.57,2928.25
2025-02-11 18:00:00,APXMIDP,144.8,2771.65
2025-02-11 18:30:00,APXMIDP,142.76,2869.5
2025-02-11 19:00:00,APXMIDP,136.34,2278.3
2025-02-11 19:30:00,APXMIDP,122.98,1574.95
2025-02-11 20:00:00,APXMIDP,123.07,1310.0
2025-02-11 20:30:00,APXMIDP,124.42,1313.1
2025-02-11 21:00:00,APXMIDP,119.64,1058.25
2025-02-11 21:30:00,APXMIDP,120.87,1191.85
2025-02-11 22:00:00,APXMIDP,120.46,1742.95
2025-02-11 22:30:00,APXMIDP,125.06,2642.8
2025-02-11 23:00:00,APXMIDP,127.45,1655.8
2025-02-11 23:30:00,APXMIDP,121.6,1974.0
2025-02-12 00:00:00,APXMIDP,114.15,1635.55
2025-02-12 00:30:00,APXMIDP,117.91,1831.35
2025-02-12 01:00:00,APXMIDP,111.68,1926.25
2025-02-12 01:30:00,APXMIDP,105.66,1889.8
2025-02-12 02:00:00,APXMIDP,100.7,2073.95
2025-02-12 02:30:00,APXMIDP,103.56,2330.5
2025-02-12 03:00:00,APXMIDP,102.8,2137.9
2025-02-12 03:30:00,APXMIDP,102.36,2159.1
2025-02-12 04:00:00,APXMIDP,107.43,2574.9
2025-02-12 04:30:00,APXMIDP,103.37,2475.85
2025-02-12 05:00:00,APXMIDP,118.33,2254.3
2025-02-12 05:30:00,APXMIDP,106.48,2321.85
2025-02-12 06:00:00,APXMIDP,122.13,2653.05
2025-02-12 06:30:00,APXMIDP,122.28,2765.1
2025-02-12 07:00:00,APXMIDP,137.52,2107.45
2025-02-12 07:30:00,APXMIDP,146.35,1887.2
2025-02-12 08:00:00,APXMIDP,146.78,1993.5
2025-02-12 08:30:00,APXMIDP,149.11,2343.9
2025-02-12 09:00:00,APXMIDP,140.83,2284.4
2025-02-12 09:30:00,APXMIDP,143.85,2091.8
2025-02-12 10:00:00,APXMIDP,145.32,2562.95
2025-02-12 10:30:00,APXMIDP,146.85,2763.15
2025-02-12 11:00:00,APXMIDP,143.28,3188.75
2025-02-12 11:30:00,APXMIDP,142.75,3044.65
2025-02-12 12:00:00,APXMIDP,141.61,3305.5
2025-02-12 12:30:00,APXMIDP,141.82,3273.05
2025-02-12 13:00:00,APXMIDP,148.42,3574.75
2025-02-12 13:30:00,APXMIDP,141.63,4414.65
2025-02-12 14:00:00,APXMIDP,140.55,3820.7
2025-02-12 14:30:00,APXMIDP,136.88,3902.95
2025-02-12 15:00:00,APXMIDP,152.37,2487.85
2025-02-12 15:30:00,APXMIDP,156.05,2778.65
2025-02-12 16:00:00,APXMIDP,154.67,3342.75
2025-02-12 16:30:00,APXMIDP,157.84,3070.95
2025-02-12 17:00:00,APXMIDP,165.21,3055.2
2025-02-12 17:30:00,APXMIDP,158.38,3481.65
2025-02-12 18:00:00,APXMIDP,158.62,3621.75
2025-02-12 18:30:00,APXMIDP,160.87,3493.2
2025-02-12 19:00:00,APXMIDP,151.18,3437.65
2025-02-12 19:30:00,APXMIDP,136.18,3047.15
2025-02-12 20:00:00,APXMIDP,140.08,3019.85
2025-02-12 20:30:00,APXMIDP,130.27,2799.45
2025-02-12 21:00:00,APXMIDP,120.22,2808.05
2025-02-12 21:30:00,APXMIDP,125.63,2927.3
2025-02-12 22:00:00,APXMIDP,118.52,2847.15
2025-02-12 22:30:00,APXMIDP,115.52,2893.85
2025-02-12 23:00:00,APXMIDP,108.44,1283.55
2025-02-12 23:30:00,APXMIDP,108.46,1399.85
2025-02-13 00:00:00,APXMIDP,107.43,1342.45
2025-02-13 00:30:00,APXMIDP,116.0,1217.2
2025-02-13 01:00:00,APXMIDP,120.92,1569.9
2025-02-13 01:30:00,APXMIDP,115.73,1463.15
2025-02-13 02:00:00,APXMIDP,113.5,1599.2
2025-02-13 02:30:00,APXMIDP,113.39,1516.65
2025-02-13 03:00:00,APXMIDP,115.27,1343.6
2025-02-13 03:30:00,APXMIDP,112.0,1547.45
2025-02-13 04:00:00,APXMIDP,111.14,1617.2
2025-02-13 04:30:00,APXMIDP,106.35,2115.15
2025-02-13 05:00:00,APXMIDP,116.45,1532.75
2025-02-13 05:30:00,APXMIDP,96.12,2014.15
2025-02-13 06:00:00,APXMIDP,122.35,2211.35
2025-02-13 06:30:00,APXMIDP,123.05,2014.4
2025-02-13 07:00:00,APXMIDP,149.86,1804.0
2025-02-13 07:30:00,APXMIDP,155.33,2108.7
2025-02-13 08:00:00,APXMIDP,155.49,1907.4
2025-02-13 08:30:00,APXMIDP,158.15,2162.3
2025-02-13 09:00:00,APXMIDP,159.01,2765.3
2025-02-13 09:30:00,APXMIDP,162.99,2754.2
2025-02-13 10:00:00,APXMIDP,162.76,3426.0
2025-02-13 10:30:00,APXMIDP,155.0,3838.1
2025-02-13 11:00:00,APXMIDP,141.9,3677.05
2025-02-13 11:30:00,APXMIDP,140.2,3611.05
2025-02-13 12:00:00,APXMIDP,137.25,2962.25
2025-02-13 12:30:00,APXMIDP,135.8,3144.9
2025-02-13 13:00:00,APXMIDP,131.33,2816.05
2025-02-13 13:30:00,APXMIDP,130.65,3265.0
2025-02-13 14:00:00,APXMIDP,131.03,3411.15
2025-02-13 14:30:00,APXMIDP,133.94,3306.85
2025-02-13 15:00:00,APXMIDP,145.67,3204.15
2025-02-13 15:30:00,APXMIDP,145.01,3613.1
2025-02-13 16:00:00,APXMIDP,143.98,2736.55
2025-02-13 16:30:00,APXMIDP,143.5,3009.1
2025-02-13 17:00:00,APXMIDP,164.46,3235.8
2025-02-13 17:30:00,APXMIDP,165.2,3935.65
2025-02-13 18:00:00,APXMIDP,158.26,2821.95
2025-02-13 18:30:00,APXMIDP,151.72,2959.0
2025-02-13 19:00:00,APXMIDP,139.96,2063.45
2025-02-13 19:30:00,APXMIDP,130.06,1793.05
2025-02-13 20:00:00,APXMIDP,124.74,2173.35
2025-02-13 20:30:00,APXMIDP,116.03,2206.4
2025-02-13 21:00:00,APXMIDP,110.55,2197.5
2025-02-13 21:30:00,APXMIDP,110.7,2011.9
2025-02-13 22:00:00,APXMIDP,110.39,2162.35
2025-02-13 22:30:00,APXMIDP,105.55,1920.95
2025-02-13 23:00:00,APXMIDP,101.17,1110.0
2025-02-13 23:30:00,APXMIDP,99.77,1082.4
2025-02-14 00:00:00,APXMIDP,98.98,1191.95
2025-02-14 00:30:00,APXMIDP,107.35,1113.25
2025-02-14 01:00:00,APXMIDP,102.27,1309.15
2025-02-14 01:30:00,APXMIDP,98.25,1358.15
2025-02-14 02:00:00,APXMIDP,99.78,1931.65
2025-02-14 02:30:00,APXMIDP,90.4,1836.75
2025-02-14 03:00:00,APXMIDP,100.23,1841.85
2025-02-14 03:30:00,APXMIDP,95.31,1792.25
2025-02-14 04:00:00,APXMIDP,92.5,1899.5
2025-02-14 04:30:00,APXMIDP,93.42,1666.6
2025-02-14 05:00:00,APXMIDP,102.45,1261.2
2025-02-14 05:30:00,APXMIDP,93.94,1530.1
2025-02-14 06:00:00,APXMIDP,106.82,2080.45
2025-02-14 06:30:00,APXMIDP,105.64,2074.5
2025-02-14 07:00:00,APXMIDP,126.85,2680.75
2025-02-14 07:30:00,APXMIDP,131.7,2504.55
2025-02-14 08:00:00,APXMIDP,113.6,2324.3
2025-02-14 08:30:00,APXMIDP,117.86,2484.8
2025-02-14 09:00:00,APXMIDP,103.51,2499.3
2025-02-14 09:30:00,APXMIDP,100.67,2534.1
2025-02-14 10:00:00,APXMIDP,106.57,2808.4
2025-02-14 10:30:00,APXMIDP,99.33,2888.35
2025-02-14 11:00:00,APXMIDP,96.66,4563.8
2025-02-14 11:30:00,APXMIDP,97.57,4385.0
2025-02-14 12:00:00,APXMIDP,99.57,4318.5
2025-02-14 12:30:00,APXMIDP,98.96,4941.55
2025-02-14 13:00:00,APXMIDP,95.99,3232.35
2025-02-14 13:30:00,APXMIDP,97.86,3289.25
2025-02-14 14:00:00,APXMIDP,99.68,3079.2
2025-02-14 14:30:00,APXMIDP,98.5,3177.1
2025-02-14 15:00:00,APXMIDP,106.53,2795.0
2025-02-14 15:30:00,APXMIDP,108.03,3397.15
2025-02-14 16:00:00,APXMIDP,118.36,3114.65
2025-02-14 16:30:00,APXMIDP,130.8,3729.8
2025-02-14 17:00:00,APXMIDP,134.91,3840.9
2025-02-14 17:30:00,APXMIDP,134.51,3976.25
2025-02-14 18:00:00,APXMIDP,131.19,3893.55
2025-02-14 18:30:00,APXMIDP,135.24,4143.65
2025-02-14 19:00:00,APXMIDP,118.64,3409.2
2025-02-14 19:30:00,APXMIDP,114.12,3228.7
2025-02-14 20:00:00,APXMIDP,119.14,2993.7
2025-02-14 20:30:00,APXMIDP,116.85,3415.5
2025-02-14 21:00:00,APXMIDP,110.1,3113.15
2025-02-14 21:30:00,APXMIDP,113.24,3564.95
2025-02-14 22:00:00,APXMIDP,109.71,3192.4
2025-02-14 22:30:00,APXMIDP,104.33,2861.1
2025-02-14 23:00:00,APXMIDP,116.54,1432.6
2025-02-14 23:30:00,APXMIDP,110.44,1522.95
2025-02-15 00:00:00,APXMIDP,99.64,1796.35
2025-02-15 00:30:00,APXMIDP,104.94,2004.5
2025-02-15 01:00:00,APXMIDP,101.4,1748.1
2025-02-15 01:30:00,APXMIDP,99.09,1555.7
2025-02-15 02:00:00,APXMIDP,99.47,1521.55
2025-02-15 02:30:00,APXMIDP,99.05,1676.2
2025-02-15 03:00:00,APXMIDP,97.26,1581.8
2025-02-15 03:30:00,APXMIDP,98.83,1470.55
2025-02-15 04:00:00,APXMIDP,103.11,1291.25
2025-02-15 04:30:00,APXMIDP,110.62,1684.1
2025-02-15 05:00:00,APXMIDP,119.04,1517.3
2025-02-15 05:30:00,APXMIDP,116.9,1206.4
2025-02-15 06:00:00,APXMIDP,127.68,1491.5
2025-02-15 06:30:00,APXMIDP,131.07,1480.95
2025-02-15 07:00:00,APXMIDP,129.94,1848.15
2025-02-15 07:30:00,APXMIDP,133.6,2106.55
2025-02-15 08:00:00,APXMIDP,126.61,1724.15
2025-02-15 08:30:00,APXMIDP,138.48,1784.0
2025-02-15 09:00:00,APXMIDP,125.78,2077.85
2025-02-15 09:30:00,APXMIDP,128.49,1994.95
2025-02-15 10:00:00,APXMIDP,121.29,2034.15
2025-02-15 10:30:00,APXMIDP,118.56,2260.5
2025-02-15 11:00:00,APXMIDP,109.78,2373.2
2025-02-15 11:30:00,APXMIDP,108.28,2142.5
2025-02-15 12:00:00,APXMIDP,108.03,2104.0
2025-02-15 12:30:00,APXMIDP,107.66,1967.55
2025-02-15 13:00:00,APXMIDP,112.11,2539.15
2025-02-15 13:30:00,APXMIDP,111.7,2350.3
2025-02-15 14:00:00,APXMIDP,112.03,2563.55
2025-02-15 14:30:00,APXMIDP,109.27,2724.6
2025-02-15 15:00:00,APXMIDP,115.81,1628.8
2025-02-15 15:30:00,APXMIDP,108.7,1776.8
2025-02-15 16:00:00,APXMIDP,112.61,1830.9
2025-02-15 16:30:00,APXMIDP,122.05,1573.35
2025-02-15 17:00:00,APXMIDP,134.09,1801.0
2025-02-15 17:30:00,APXMIDP,134.98,2111.65
2025-02-15 18:00:00,APXMIDP,137.91,1857.7
2025-02-15 18:30:00,APXMIDP,138.04,2081.75
2025-02-15 19:00:00,APXMIDP,132.61,2069.2
2025-02-15 19:30:00,APXMIDP,121.09,1580.8
2025-02-15 20:00:00,APXMIDP,119.46,1794.45
2025-02-15 20:30:00,APXMIDP,117.41,1712.8
2025-02-15 21:00:00,APXMIDP,112.35,2167.15
2025-02-15 21:30:00,APXMIDP,108.84,2570.45
2025-02-15 22:00:00,APXMIDP,111.92,2854.8
2025-02-15 22:30:00,APXMIDP,115.71,3161.35
2025-02-15 23:00:00,APXMIDP,103.97,1052.2
2025-02-15 23:30:00,APXMIDP,110.11,1180.75
2025-02-16 00:00:00,APXMIDP,106.12,1209.9
2025-02-16 00:30:00,APXMIDP,112.85,1101.45
2025-02-16 01:00:00,APXMIDP,94.23,1394.5
2025-02-16 01:30:00,APXMIDP,98.77,1553.15
2025-02-16 02:00:00,APXMIDP,106.1,1348.0
2025-02-16 02:30:00,APXMIDP,95.68,1510.65
2025-02-16 03:00:00,APXMIDP,90.74,1456.0
2025-02-16 03:30:00,APXMIDP,89.26,1631.35
2025-02-16 04:00:00,APXMIDP,94.89,1659.1
2025-02-16 04:30:00,APXMIDP,92.52,1636.05
2025-02-16 05:00:00,APXMIDP,93.4,1428.6
2025-02-16 05:30:00,APXMIDP,96.22,1519.7
2025-02-16 06:00:00,APXMIDP,99.37,1584.5
2025-02-16 06:30:00,APXMIDP,95.22,1463.75
2025-02-16 07:00:00,APXMIDP,97.22,1458.1
2025-02-16 07:30:00,APXMIDP,96.88,1905.0
2025-02-16 08:00:00,APXMIDP,94.25,1560.7
2025-02-16 08:30:00,APXMIDP,102.27,2026.8
2025-02-16 09:00:00,APXMIDP,77.77,2392.35
2025-02-16 09:30:00,APXMIDP,91.7,2231.35
2025-02-16 10:00:00,APXMIDP,83.62,2266.65
2025-02-16 10:30:00,APXMIDP,80.26,2782.85
2025-02-16 11:00:00,APXMIDP,81.35,2513.65
2025-02-16 11:30:00,APXMIDP,83.95,2450.9
2025-02-16 12:00:00,APXMIDP,88.1,2786.3
2025-02-16 12:30:00,APXMIDP,86.48,3011.8
2025-02-16 13:00:00,APXMIDP,90.33,2867.4
2025-02-16 13:30:00,APXMIDP,90.1,2859.9
2025-02-16 14:00:00,APXMIDP,91.73,3408.85
2025-02-16 14:30:00,APXMIDP,89.68,2829.35
2025-02-16 15:00:00,APXMIDP,99.54,1949.6
2025-02-16 15:30:00,APXMIDP,91.73,1928.5
2025-02-16 16:00:00,APXMIDP,99.06,1966.15
2025-02-16 16:30:00,APXMIDP,106.14,2222.9
2025-02-16 17:00:00,APXMIDP,120.23,2475.25
2025-02-16 17:30:00,APXMIDP,129.61,2479.8
2025-02-16 18:00:00,APXMIDP,134.37,3039.55
2025-02-16 18:30:00,APXMIDP,128.41,2610.3
2025-02-16 19:00:00,APXMIDP,122.98,2262.75
2025-02-16 19:30:00,APXMIDP,111.11,2120.65
2025-02-16 20:00:00,APXMIDP,116.02,2304.6
2025-02-16 20:30:00,APXMIDP,102.66,2411.9
2025-02-16 21:00:00,APXMIDP,100.48,2224.8
2025-02-16 21:30:00,APXMIDP,102.27,2167.65
2025-02-16 22:00:00,APXMIDP,102.82,2290.6
2025-02-16 22:30:00,APXMIDP,97.59,2278.25
2025-02-16 23:00:00,APXMIDP,111.47,1739.05
2025-02-16 23:30:00,APXMIDP,106.96,1875.3
2025-02-17 00:00:00,APXMIDP,97.92,1719.1
2025-02-17 00:30:00,APXMIDP,104.16,1538.6
2025-02-17 01:00:00,APXMIDP,93.48,1608.45
2025-02-17 01:30:00,APXMIDP,92.8,1788.7
2025-02-17 02:00:00,APXMIDP,94.85,1807.55
2025-02-17 02:30:00,APXMIDP,94.7,1568.75
2025-02-17 03:00:00,APXMIDP,92.69,1679.0
2025-02-17 03:30:00,APXMIDP,92.66,1638.95
2025-02-17 04:00:00,APXMIDP,94.12,1664.05
2025-02-17 04:30:00,APXMIDP,89.53,2005.25
2025-02-17 05:00:00,APXMIDP,97.21,2290.6
2025-02-17 05:30:00,APXMIDP,75.99,2685.6
2025-02-17 06:00:00,APXMIDP,101.28,1923.8
2025-02-17 06:30:00,APXMIDP,107.1,2089.15
2025-02-17 07:00:00,APXMIDP,114.34,2409.25
2025-02-17 07:30:00,APXMIDP,120.56,2412.5
2025-02-17 08:00:00,APXMIDP,105.16,2771.35
2025-02-17 08:30:00,APXMIDP,124.59,2911.35
2025-02-17 09:00:00,APXMIDP,109.74,2814.2
2025-02-17 09:30:00,APXMIDP,110.03,3008.45
2025-02-17 10:00:00,APXMIDP,97.2,3144.65
2025-02-17 10:30:00,APXMIDP,97.22,3724.55
2025-02-17 11:00:00,APXMIDP,94.85,4191.9
2025-02-17 11:30:00,APXMIDP,94.04,4107.1
2025-02-17 12:00:00,APXMIDP,93.74,4055.85
2025-02-17 12:30:00,APXMIDP,94.38,4163.75
2025-02-17 13:00:00,APXMIDP,94.12,4895.55
2025-02-17 13:30:00,APXMIDP,92.99,4773.35
2025-02-17 14:00:00,APXMIDP,99.12,4009.45
2025-02-17 14:30:00,APXMIDP,98.08,4097.8
2025-02-17 15:00:00,APXMIDP,114.78,2301.25
2025-02-17 15:30:00,APXMIDP,109.46,2250.75
2025-02-17 16:00:00,APXMIDP,113.15,2887.55
2025-02-17 16:30:00,APXMIDP,121.08,2681.9
2025-02-17 17:00:00,APXMIDP,143.68,2890.6
2025-02-17 17:30:00,APXMIDP,150.06,2922.25
2025-02-17 18:00:00,APXMIDP,146.6,2706.95
2025-02-17 18:30:00,APXMIDP,143.07,2810.55
2025-02-17 19:00:00,APXMIDP,134.62,2553.25
2025-02-17 19:30:00,APXMIDP,123.59,2370.3
2025-02-17 20:00:00,APXMIDP,112.92,2212.75
2025-02-17 20:30:00,APXMIDP,105.68,2282.95
2025-02-17 21:00:00,APXMIDP,101.27,2077.1
2025-02-17 21:30:00,APXMIDP,113.14,2234.25
2025-02-17 22:00:00,APXMIDP,110.58,1839.85
2025-02-17 22:30:00,APXMIDP,108.66,2400.2
2025-02-17 23:00:00,APXMIDP,110.13,1558.65
2025-02-17 23:30:00,APXMIDP,106.73,1513.95
2025-02-18 00:00:00,APXMIDP,99.87,1587.95
2025-02-18 00:30:00,APXMIDP,103.12,1721.1
2025-02-18 01:00:00,APXMIDP,91.07,1554.1
2025-02-18 01:30:00,APXMIDP,79.44,2452.1
2025-02-18 02:00:00,APXMIDP,70.11,2438.35
2025-02-18 02:30:00,APXMIDP,83.09,2635.7
2025-02-18 03:00:00,APXMIDP,89.2,2499.0
2025-02-18 03:30:00,APXMIDP,88.92,2670.55
2025-02-18 04:00:00,APXMIDP,84.71,2095.7
2025-02-18 04:30:00,APXMIDP,80.47,2599.7
2025-02-18 05:00:00,APXMIDP,100.12,2053.7
2025-02-18 05:30:00,APXMIDP,94.39,2125.5
2025-02-18 06:00:00,APXMIDP,127.53,1690.9
2025-02-18 06:30:00,APXMIDP,140.32,2108.45
2025-02-18 07:00:00,APXMIDP,149.07,2219.7
2025-02-18 07:30:00,APXMIDP,151.09,2395.45
2025-02-18 08:00:00,APXMIDP,117.6,2298.55
2025-02-18 08:30:00,APXMIDP,119.56,2502.0
2025-02-18 09:00:00,APXMIDP,105.67,2311.3
2025-02-18 09:30:00,APXMIDP,107.57,2351.85
2025-02-18 10:00:00,APXMIDP,90.25,2605.2
2025-02-18 10:30:00,APXMIDP,89.16,2719.9
2025-02-18 11:00:00,APXMIDP,84.78,3107.4
2025-02-18 11:30:00,APXMIDP,81.15,3168.4
2025-02-18 12:00:00,APXMIDP,80.82,3669.65
2025-02-18 12:30:00,APXMIDP,82.45,3665.55
2025-02-18 13:00:00,APXMIDP,82.76,3693.8
2025-02-18 13:30:00,APXMIDP,82.73,3197.3
2025-02-18 14:00:00,APXMIDP,85.81,2992.25
2025-02-18 14:30:00,APXMIDP,85.55,3380.55
2025-02-18 15:00:00,APXMIDP,99.67,2120.5
2025-02-18 15:30:00,APXMIDP,99.63,2511.4
2025-02-18 16:00:00,APXMIDP,120.87,2136.25
2025-02-18 16:30:00,APXMIDP,121.59,2620.3
2025-02-18 17:00:00,APXMIDP,123.42,2613.2
2025-02-18 17:30:00,APXMIDP,128.58,2940.5
2025-02-18 18:00:00,APXMIDP,123.26,2840.6
2025-02-18 18:30:00,APXMIDP,117.72,2830.15
2025-02-18 19:00:00,APXMIDP,108.49,1822.4
2025-02-18 19:30:00,APXMIDP,103.64,1421.0
2025-02-18 20:00:00,APXMIDP,99.08,1746.1
2025-02-18 20:30:00,APXMIDP,97.16,1756.35
2025-02-18 21:00:00,APXMIDP,100.74,1955.85
2025-02-18 21:30:00,APXMIDP,94.11,1957.5
2025-02-18 22:00:00,APXMIDP,94.9,1924.65
2025-02-18 22:30:00,APXMIDP,92.87,2442.9
2025-02-18 23:00:00,APXMIDP,73.05,1063.6
2025-02-18 23:30:00,APXMIDP,63.65,1633.5
2025-02-19 00:00:00,APXMIDP,57.89,2241.3
2025-02-19 00:30:00,APXMIDP,80.16,1871.95
2025-02-19 01:00:00,APXMIDP,84.58,1959.85
2025-02-19 01:30:00,APXMIDP,76.52,2021.55
2025-02-19 02:00:00,APXMIDP,69.22,2045.05
2025-02-19 02:30:00,APXMIDP,74.78,2226.65
2025-02-19 03:00:00,APXMIDP,78.6,2072.35
2025-02-19 03:30:00,APXMIDP,72.04,1893.5
2025-02-19 04:00:00,APXMIDP,76.48,1803.05
2025-02-19 04:30:00,APXMIDP,71.05,2113.6
2025-02-19 05:00:00,APXMIDP,90.15,2165.3
2025-02-19 05:30:00,APXMIDP,86.92,2119.0
2025-02-19 06:00:00,APXMIDP,100.05,2722.05
2025-02-19 06:30:00,APXMIDP,114.79,2614.85
2025-02-19 07:00:00,APXMIDP,104.57,3938.1
2025-02-19 07:30:00,APXMIDP,117.78,3740.15
2025-02-19 08:00:00,APXMIDP,105.26,3119.1
2025-02-19 08:30:00,APXMIDP,116.09,3538.4
2025-02-19 09:00:00,APXMIDP,107.09,3340.2
2025-02-19 09:30:00,APXMIDP,105.76,3106.75
2025-02-19 10:00:00,APXMIDP,101.89,3356.1
2025-02-19 10:30:00,APXMIDP,101.13,3526.2
2025-02-19 11:00:00,APXMIDP,97.82,3349.1
2025-02-19 11:30:00,APXMIDP,104.48,3352.0
2025-02-19 12:00:00,APXMIDP,109.42,3240.55
2025-02-19 12:30:00,APXMIDP,109.6,3154.4
2025-02-19 13:00:00,APXMIDP,114.38,3799.75
2025-02-19 13:30:00,APXMIDP,111.79,3600.35
2025-02-19 14:00:00,APXMIDP,112.09,4384.15
2025-02-19 14:30:00,APXMIDP,105.56,4581.3
2025-02-19 15:00:00,APXMIDP,117.55,4079.9
2025-02-19 15:30:00,APXMIDP,116.69,4479.95
2025-02-19 16:00:00,APXMIDP,124.66,4053.85
2025-02-19 16:30:00,APXMIDP,122.85,4301.65
2025-02-19 17:00:00,APXMIDP,130.87,3747.75
2025-02-19 17:30:00,APXMIDP,133.49,3659.9
2025-02-19 18:00:00,APXMIDP,135.29,3801.1
2025-02-19 18:30:00,APXMIDP,134.91,3688.95
2025-02-19 19:00:00,APXMIDP,114.35,3744.65
2025-02-19 19:30:00,APXMIDP,102.02,3924.35
2025-02-19 20:00:00,APXMIDP,102.86,3780.45
2025-02-19 20:30:00,APXMIDP,100.83,3326.6
2025-02-19 21:00:00,APXMIDP,96.94,2576.45
2025-02-19 21:30:00,APXMIDP,98.26,2432.6
2025-02-19 22:00:00,APXMIDP,100.28,2108.3
2025-02-19 22:30:00,APXMIDP,92.03,2454.2
2025-02-19 23:00:00,APXMIDP,68.79,1270.85
2025-02-19 23:30:00,APXMIDP,72.48,1645.55
2025-02-20 00:00:00,APXMIDP,76.1,1780.25
2025-02-20 00:30:00,APXMIDP,67.19,1687.5
2025-02-20 01:00:00,APXMIDP,72.32,1696.35
2025-02-20 01:30:00,APXMIDP,65.92,2209.4
2025-02-20 02:00:00,APXMIDP,72.24,2112.85
2025-02-20 02:30:00,APXMIDP,69.03,1859.5
2025-02-20 03:00:00,APXMIDP,75.32,1585.3
2025-02-20 03:30:00,APXMIDP,71.98,1795.45
2025-02-20 04:00:00,APXMIDP,72.66,1653.2
2025-02-20 04:30:00,APXMIDP,70.78,1832.5
2025-02-20 05:00:00,APXMIDP,74.33,1985.5
2025-02-20 05:30:00,APXMIDP,79.91,1996.6
2025-02-20 06:00:00,APXMIDP,83.28,1830.8
2025-02-20 06:30:00,APXMIDP,98.46,2160.95
2025-02-20 07:00:00,APXMIDP,107.29,2150.15
2025-02-20 07:30:00,APXMIDP,118.2,2499.05
2025-02-20 08:00:00,APXMIDP,88.89,1963.6
2025-02-20 08:30:00,APXMIDP,99.28,2330.25
2025-02-20 09:00:00,APXMIDP,84.48,2153.9
2025-02-20 09:30:00,APXMIDP,83.0,2176.8
2025-02-20 10:00:00,APXMIDP,81.12,2483.2
2025-02-20 10:30:00,APXMIDP,84.07,2835.25
2025-02-20 11:00:00,APXMIDP,82.77,2784.9
2025-02-20 11:30:00,APXMIDP,82.5,2805.7
2025-02-20 12:00:00,APXMIDP,83.4,2779.75
2025-02-20 12:30:00,APXMIDP,81.1,2873.05
2025-02-20 13:00:00,APXMIDP,78.29,2673.9
2025-02-20 13:30:00,APXMIDP,75.98,2337.7
2025-02-20 14:00:00,APXMIDP,78.41,2722.15
2025-02-20 14:30:00,APXMIDP,79.16,2853.65
2025-02-20 15:00:00,APXMIDP,76.85,2912.5
2025-02-20 15:30:00,APXMIDP,71.45,3610.5
2025-02-20 16:00:00,APXMIDP,86.92,3197.7
2025-02-20 16:30:00,APXMIDP,89.71,2755.45
2025-02-20 17:00:00,APXMIDP,98.83,3431.6
2025-02-20 17:30:00,APXMIDP,106.62,3671.85
2025-02-20 18:00:00,APXMIDP,108.27,3636.55
2025-02-20 18:30:00,APXMIDP,107.34,3832.65
2025-02-20 19:00:00,APXMIDP,98.8,3111.65
2025-02-20 19:30:00,APXMIDP,92.73,2878.5
2025-02-20 20:00:00,APXMIDP,82.32,2289.35
2025-02-20 20:30:00,APXMIDP,74.67,2466.85
2025-02-20 21:00:00,APXMIDP,82.06,2695.2
2025-02-20 21:30:00,APXMIDP,71.56,2893.35
2025-02-20 22:00:00,APXMIDP,80.28,2594.3
2025-02-20 22:30:00,APXMIDP,52.4,2679.8
2025-02-20 23:00:00,APXMIDP,37.31,2424.35
2025-02-20 23:30:00,APXMIDP,45.76,2563.95
2025-02-21 00:00:00,APXMIDP,54.72,2583.15
2025-02-21 00:30:00,APXMIDP,50.87,2505.85
2025-02-21 01:00:00,APXMIDP,48.63,2204.85
2025-02-21 01:30:00,APXMIDP,39.88,3031.25
2025-02-21 02:00:00,APXMIDP,49.37,2837.4
2025-02-21 02:30:00,APXMIDP,40.09,2530.65
2025-02-21 03:00:00,APXMIDP,37.91,2230.05
2025-02-21 03:30:00,APXMIDP,32.51,2089.65
2025-02-21 04:00:00,APXMIDP,34.65,2092.4
2025-02-21 04:30:00,APXMIDP,29.41,2346.7
2025-02-21 05:00:00,APXMIDP,12.51,2197.3
2025-02-21 05:30:00,APXMIDP,9.93,2524.1
2025-02-21 06:00:00,APXMIDP,24.28,3112.5
2025-02-21 06:30:00,APXMIDP,41.06,2976.05
2025-02-21 07:00:00,APXMIDP,49.47,2593.65
2025-02-21 07:30:00,APXMIDP,62.26,2781.25
2025-02-21 08:00:00,APXMIDP,53.82,2730.4
2025-02-21 08:30:00,APXMIDP,61.59,2735.85
2025-02-21 09:00:00,APXMIDP,43.31,2568.6
2025-02-21 09:30:00,APXMIDP,54.44,3263.0
2025-02-21 10:00:00,APXMIDP,56.29,3053.2
2025-02-21 10:30:00,APXMIDP,59.75,3512.7
2025-02-21 11:00:00,APXMIDP,37.68,3471.0
2025-02-21 11:30:00,APXMIDP,47.79,3410.75
2025-02-21 12:00:00,APXMIDP,46.12,3517.0
2025-02-21 12:30:00,APXMIDP,38.83,2965.0
2025-02-21 13:00:00,APXMIDP,39.7,3578.3
2025-02-21 13:30:00,APXMIDP,36.54,3430.15
2025-02-21 14:00:00,APXMIDP,44.21,3242.55
2025-02-21 14:30:00,APXMIDP,44.19,3063.15
2025-02-21 15:00:00,APXMIDP,48.51,2818.85
2025-02-21 15:30:00,APXMIDP,64.39,2697.6
2025-02-21 16:00:00,APXMIDP,58.92,3134.7
2025-02-21 16:30:00,APXMIDP,71.44,2915.85
2025-02-21 17:00:00,APXMIDP,83.95,2543.5
2025-02-21 17:30:00,APXMIDP,91.37,2893.85
2025-02-21 18:00:00,APXMIDP,89.66,2830.75
2025-02-21 18:30:00,APXMIDP,85.28,3124.15
2025-02-21 19:00:00,APXMIDP,73.36,2023.5
2025-02-21 19:30:00,APXMIDP,60.98,1759.55
2025-02-21 20:00:00,APXMIDP,57.99,1728.2
2025-02-21 20:30:00,APXMIDP,45.22,1869.75
2025-02-21 21:00:00,APXMIDP,46.29,1875.1
2025-02-21 21:30:00,APXMIDP,36.14,2027.75
2025-02-21 22:00:00,APXMIDP,31.45,2219.9
2025-02-21 22:30:00,APXMIDP,23.13,2305.5
2025-02-21 23:00:00,APXMIDP,34.58,2194.35
2025-02-21 23:30:00,APXMIDP,34.39,2235.85
2025-02-22 00:00:00,APXMIDP,32.98,1871.0
2025-02-22 00:30:00,APXMIDP,39.82,2192.95
2025-02-22 01:00:00,APXMIDP,38.08,2017.4
2025-02-22 01:30:00,APXMIDP,37.35,1756.7
2025-02-22 02:00:00,APXMIDP,37.12,1705.75
2025-02-22 02:30:00,APXMIDP,37.92,1816.15
2025-02-22 03:00:00,APXMIDP,36.31,1137.0
2025-02-22 03:30:00,APXMIDP,35.89,1245.05
2025-02-22 04:00:00,APXMIDP,39.68,1310.55
2025-02-22 04:30:00,APXMIDP,40.5,1421.6
2025-02-22 05:00:00,APXMIDP,52.04,1815.65
2025-02-22 05:30:00,APXMIDP,57.94,1808.7
2025-02-22 06:00:00,APXMIDP,49.55,1955.75
2025-02-22 06:30:00,APXMIDP,60.47,1846.15
2025-02-22 07:00:00,APXMIDP,61.53,2224.25
2025-02-22 07:30:00,APXMIDP,72.8,2386.15
2025-02-22 08:00:00,APXMIDP,81.98,1901.45
2025-02-22 08:30:00,APXMIDP,92.27,2062.45
2025-02-22 09:00:00,APXMIDP,90.2,2314.9
2025-02-22 09:30:00,APXMIDP,85.37,2277.15
2025-02-22 10:00:00,APXMIDP,82.05,2121.3
2025-02-22 10:30:00,APXMIDP,78.32,2267.1
2025-02-22 11:00:00,APXMIDP,67.37,2746.6
2025-02-22 11:30:00,APXMIDP,64.9,2714.7
2025-02-22 12:00:00,APXMIDP,65.5,2674.85
2025-02-22 12:30:00,APXMIDP,61.88,2825.15
2025-02-22 13:00:00,APXMIDP,57.64,3167.15
2025-02-22 13:30:00,APXMIDP,52.74,3415.95
2025-02-22 14:00:00,APXMIDP,60.52,3668.0
2025-02-22 14:30:00,APXMIDP,62.72,3831.45
2025-02-22 15:00:00,APXMIDP,71.54,2923.6
2025-02-22 15:30:00,APXMIDP,78.97,3199.55
2025-02-22 16:00:00,APXMIDP,76.0,3569.05
2025-02-22 16:30:00,APXMIDP,86.14,3698.6
2025-02-22 17:00:00,APXMIDP,106.43,3801.85
2025-02-22 17:30:00,APXMIDP,122.84,3480.55
2025-02-22 18:00:00,APXMIDP,123.85,2982.25
2025-02-22 18:30:00,APXMIDP,123.31,2896.4
2025-02-22 19:00:00,APXMIDP,113.4,2989.1
2025-02-22 19:30:00,APXMIDP,108.45,3085.15
2025-02-22 20:00:00,APXMIDP,100.33,2604.75
2025-02-22 20:30:00,APXMIDP,84.56,3032.35
2025-02-22 21:00:00,APXMIDP,92.51,2248.4
2025-02-22 21:30:00,APXMIDP,90.31,2540.8
2025-02-22 22:00:00,APXMIDP,92.33,2450.75
2025-02-22 22:30:00,APXMIDP,78.64,2870.85
2025-02-22 23:00:00,APXMIDP,79.05,2330.55
2025-02-22 23:30:00,APXMIDP,68.3,2195.4
2025-02-23 00:00:00,APXMIDP,65.28,2219.35
2025-02-23 00:30:00,APXMIDP,56.2,2418.15
2025-02-23 01:00:00,APXMIDP,59.78,2220.0
2025-02-23 01:30:00,APXMIDP,49.97,2446.45
2025-02-23 02:00:00,APXMIDP,56.54,2370.55
2025-02-23 02:30:00,APXMIDP,51.71,2342.45
2025-02-23 03:00:00,APXMIDP,56.88,2482.15
2025-02-23 03:30:00,APXMIDP,49.18,2303.9
2025-02-23 04:00:00,APXMIDP,57.93,2228.35
2025-02-23 04:30:00,APXMIDP,44.21,2313.1
2025-02-23 05:00:00,APXMIDP,44.21,1699.8
2025-02-23 05:30:00,APXMIDP,41.0,1896.35
2025-02-23 06:00:00,APXMIDP,46.64,2066.15
2025-02-23 06:30:00,APXMIDP,46.77,1996.15
2025-02-23 07:00:00,APXMIDP,41.14,1685.35
2025-02-23 07:30:00,APXMIDP,43.08,1737.35
2025-02-23 08:00:00,APXMIDP,33.48,2137.4
2025-02-23 08:30:00,APXMIDP,46.31,2215.0
2025-02-23 09:00:00,APXMIDP,51.23,2508.7
2025-02-23 09:30:00,APXMIDP,55.26,2763.75
2025-02-23 10:00:00,APXMIDP,46.66,2797.45
2025-02-23 10:30:00,APXMIDP,48.81,3033.75
2025-02-23 11:00:00,APXMIDP,22.36,2794.15
2025-02-23 11:30:00,APXMIDP,23.43,2968.0
2025-02-23 12:00:00,APXMIDP,18.22,2852.4
2025-02-23 12:30:00,APXMIDP,18.87,2614.65
2025-02-23 13:00:00,APXMIDP,8.53,2128.75
2025-02-23 13:30:00,APXMIDP,7.56,2284.85
2025-02-23 14:00:00,APXMIDP,22.54,2817.5
2025-02-23 14:30:00,APXMIDP,22.67,3018.05
2025-02-23 15:00:00,APXMIDP,49.14,2463.5
2025-02-23 15:30:00,APXMIDP,51.11,2751.75
2025-02-23 16:00:00,APXMIDP,51.57,2618.75
2025-02-23 16:30:00,APXMIDP,53.61,2388.15
2025-02-23 17:00:00,APXMIDP,84.43,2213.6
2025-02-23 17:30:00,APXMIDP,90.67,2036.4
2025-02-23 18:00:00,APXMIDP,101.42,2378.95
2025-02-23 18:30:00,APXMIDP,99.84,2721.1
2025-02-23 19:00:00,APXMIDP,77.51,2653.95
2025-02-23 19:30:00,APXMIDP,65.24,2545.1
2025-02-23 20:00:00,APXMIDP,63.99,2182.1
2025-02-23 20:30:00,APXMIDP,51.48,2593.3
2025-02-23 21:00:00,APXMIDP,54.93,2631.35
2025-02-23 21:30:00,APXMIDP,34.92,2306.55
2025-02-23 22:00:00,APXMIDP,34.44,2305.95
2025-02-23 22:30:00,APXMIDP,23.59,2539.4
2025-02-23 23:00:00,APXMIDP,15.3,1832.95
2025-02-23 23:30:00,APXMIDP,14.0,1789.95
2025-02-24 00:00:00,APXMIDP,9.41,1821.2
2025-02-24 00:30:00,APXMIDP,14.86,1590.05
2025-02-24 01:00:00,APXMIDP,19.27,2016.8
2025-02-24 01:30:00,APXMIDP,11.52,2111.35
2025-02-24 02:00:00,APXMIDP,7.56,1844.3
2025-02-24 02:30:00,APXMIDP,7.82,1910.55
2025-02-24 03:00:00,APXMIDP,13.45,1868.1
2025-02-24 03:30:00,APXMIDP,11.59,1969.0
2025-02-24 04:00:00,APXMIDP,11.16,1846.05
2025-02-24 04:30:00,APXMIDP,13.62,1751.45
2025-02-24 05:00:00,APXMIDP,44.95,1838.75
2025-02-24 05:30:00,APXMIDP,64.18,1950.45
2025-02-24 06:00:00,APXMIDP,68.78,2402.3
2025-02-24 06:30:00,APXMIDP,94.53,2165.9
2025-02-24 07:00:00,APXMIDP,92.09,2247.5
2025-02-24 07:30:00,APXMIDP,103.67,2383.65
2025-02-24 08:00:00,APXMIDP,93.37,2545.35
2025-02-24 08:30:00,APXMIDP,93.56,2724.75
2025-02-24 09:00:00,APXMIDP,86.38,2815.15
2025-02-24 09:30:00,APXMIDP,76.1,2977.2
2025-02-24 10:00:00,APXMIDP,60.63,2939.9
2025-02-24 10:30:00,APXMIDP,53.39,3046.4
2025-02-24 11:00:00,APXMIDP,44.7,2785.7
2025-02-24 11:30:00,APXMIDP,39.53,2892.2
2025-02-24 12:00:00,APXMIDP,37.8,2873.8
2025-02-24 12:30:00,APXMIDP,36.98,2963.4
2025-02-24 13:00:00,APXMIDP,33.55,3410.0
2025-02-24 13:30:00,APXMIDP,29.08,3501.3
2025-02-24 14:00:00,APXMIDP,27.09,3579.8
2025-02-24 14:30:00,APXMIDP,22.31,3738.2
2025-02-24 15:00:00,APXMIDP,39.99,4769.6
2025-02-24 15:30:00,APXMIDP,48.98,4892.4
2025-02-24 16:00:00,APXMIDP,63.07,4545.0
2025-02-24 16:30:00,APXMIDP,76.82,4117.85
2025-02-24 17:00:00,APXMIDP,89.69,4373.2
2025-02-24 17:30:00,APXMIDP,101.01,4576.05
2025-02-24 18:00:00,APXMIDP,109.45,4621.0
2025-02-24 18:30:00,APXMIDP,108.76,4474.0
2025-02-24 19:00:00,APXMIDP,105.51,4152.45
2025-02-24 19:30:00,APXMIDP,106.33,4261.7
2025-02-24 20:00:00,APXMIDP,106.54,4406.55
2025-02-24 20:30:00,APXMIDP,99.16,4380.4
2025-02-24 21:00:00,APXMIDP,95.74,3921.3
2025-02-24 21:30:00,APXMIDP,92.57,3490.2
2025-02-24 22:00:00,APXMIDP,98.46,3147.95
2025-02-24 22:30:00,APXMIDP,73.67,3285.1
2025-02-24 23:00:00,APXMIDP,89.25,2396.85
2025-02-24 23:30:00,APXMIDP,88.35,2030.3
2025-02-25 00:00:00,APXMIDP,75.24,2038.05
2025-02-25 00:30:00,APXMIDP,88.51,2413.2
2025-02-25 01:00:00,APXMIDP,94.83,2382.55
2025-02-25 01:30:00,APXMIDP,95.84,2431.75
2025-02-25 02:00:00,APXMIDP,96.71,2623.95
2025-02-25 02:30:00,APXMIDP,93.08,2748.25
2025-02-25 03:00:00,APXMIDP,88.34,2153.15
2025-02-25 03:30:00,APXMIDP,91.11,2636.8
2025-02-25 04:00:00,APXMIDP,95.09,2723.85
2025-02-25 04:30:00,APXMIDP,94.51,2978.7
2025-02-25 05:00:00,APXMIDP,108.5,2613.05
2025-02-25 05:30:00,APXMIDP,107.39,2321.6
2025-02-25 06:00:00,APXMIDP,110.2,2850.4
2025-02-25 06:30:00,APXMIDP,111.76,2907.1
2025-02-25 07:00:00,APXMIDP,118.92,3168.3
2025-02-25 07:30:00,APXMIDP,123.31,3170.4
2025-02-25 08:00:00,APXMIDP,120.45,3232.65
2025-02-25 08:30:00,APXMIDP,117.4,3560.4
2025-02-25 09:00:00,APXMIDP,107.01,3303.1
2025-02-25 09:30:00,APXMIDP,96.9,3068.1
2025-02-25 10:00:00,APXMIDP,88.31,3690.8
2025-02-25 10:30:00,APXMIDP,88.75,4573.2
2025-02-25 11:00:00,APXMIDP,81.67,4033.6
2025-02-25 11:30:00,APXMIDP,82.1,4186.9
2025-02-25 12:00:00,APXMIDP,83.13,3660.55
2025-02-25 12:30:00,APXMIDP,84.4,3760.25
2025-02-25 13:00:00,APXMIDP,84.37,3442.4
2025-02-25 13:30:00,APXMIDP,85.03,3272.3
2025-02-25 14:00:00,APXMIDP,86.18,3419.95
2025-02-25 14:30:00,APXMIDP,84.96,3184.4
2025-02-25 15:00:00,APXMIDP,79.82,3110.9
2025-02-25 15:30:00,APXMIDP,79.29,3975.1
2025-02-25 16:00:00,APXMIDP,92.67,3969.4
2025-02-25 16:30:00,APXMIDP,112.29,3703.65
2025-02-25 17:00:00,APXMIDP,126.88,3630.95
2025-02-25 17:30:00,APXMIDP,123.21,3851.95
2025-02-25 18:00:00,APXMIDP,129.77,3918.05
2025-02-25 18:30:00,APXMIDP,126.29,3542.05
2025-02-25 19:00:00,APXMIDP,115.9,2887.25
2025-02-25 19:30:00,APXMIDP,108.61,3089.3
2025-02-25 20:00:00,APXMIDP,99.14,2066.05
2025-02-25 20:30:00,APXMIDP,95.88,2538.1
2025-02-25 21:00:00,APXMIDP,91.34,2841.5
2025-02-25 21:30:00,APXMIDP,94.34,2904.7
2025-02-25 22:00:00,APXMIDP,94.72,3128.3
2025-02-25 22:30:00,APXMIDP,92.56,3086.15
2025-02-25 23:00:00,APXMIDP,84.27,1433.95
2025-02-25 23:30:00,APXMIDP,90.37,1849.4
2025-02-26 00:00:00,APXMIDP,88.59,1554.3
2025-02-26 00:30:00,APXMIDP,91.99,1719.4
2025-02-26 01:00:00,APXMIDP,88.81,1700.15
2025-02-26 01:30:00,APXMIDP,89.33,1915.4
2025-02-26 02:00:00,APXMIDP,91.81,2255.15
2025-02-26 02:30:00,APXMIDP,88.87,2348.45
2025-02-26 03:00:00,APXMIDP,87.99,1984.9
2025-02-26 03:30:00,APXMIDP,86.65,1737.9
2025-02-26 04:00:00,APXMIDP,85.59,1637.1
2025-02-26 04:30:00,APXMIDP,84.35,1826.65
2025-02-26 05:00:00,APXMIDP,92.27,2399.95
2025-02-26 05:30:00,APXMIDP,95.82,2672.85
2025-02-26 06:00:00,APXMIDP,116.86,2839.2
2025-02-26 06:30:00,APXMIDP,124.64,3108.15
2025-02-26 07:00:00,APXMIDP,130.07,3591.45
2025-02-26 07:30:00,APXMIDP,140.0,3712.0
2025-02-26 08:00:00,APXMIDP,136.13,3655.95
2025-02-26 08:30:00,APXMIDP,131.94,4108.5
2025-02-26 09:00:00,APXMIDP,120.64,3622.45
2025-02-26 09:30:00,APXMIDP,117.6,3439.55
2025-02-26 10:00:00,APXMIDP,108.8,3690.85
2025-02-26 10:30:00,APXMIDP,96.87,3801.9
2025-02-26 11:00:00,APXMIDP,87.57,3894.55
2025-02-26 11:30:00,APXMIDP,87.78,4781.65
2025-02-26 12:00:00,APXMIDP,83.12,4196.6
2025-02-26 12:30:00,APXMIDP,81.04,3862.75
2025-02-26 13:00:00,APXMIDP,81.87,4333.5
2025-02-26 13:30:00,APXMIDP,80.84,4269.7
2025-02-26 14:00:00,APXMIDP,80.47,4354.55
2025-02-26 14:30:00,APXMIDP,84.45,4626.85
2025-02-26 15:00:00,APXMIDP,84.45,3523.9
2025-02-26 15:30:00,APXMIDP,84.58,3180.8
2025-02-26 16:00:00,APXMIDP,87.1,3523.25
2025-02-26 16:30:00,APXMIDP,95.04,3666.45
2025-02-26 17:00:00,APXMIDP,107.67,4048.4
2025-02-26 17:30:00,APXMIDP,114.89,4019.75
2025-02-26 18:00:00,APXMIDP,120.8,4132.75
2025-02-26 18:30:00,APXMIDP,120.28,4344.6
2025-02-26 19:00:00,APXMIDP,116.07,3984.8
2025-02-26 19:30:00,APXMIDP,104.47,3147.25
2025-02-26 20:00:00,APXMIDP,100.04,3141.6
2025-02-26 20:30:00,APXMIDP,95.59,3580.8
2025-02-26 21:00:00,APXMIDP,89.61,3755.2
2025-02-26 21:30:00,APXMIDP,87.87,3842.65
2025-02-26 22:00:00,APXMIDP,87.34,4097.0
2025-02-26 22:30:00,APXMIDP,81.83,3658.25
2025-02-26 23:00:00,APXMIDP,81.64,1590.9
2025-02-26 23:30:00,APXMIDP,81.46,1708.0
2025-02-27 00:00:00,APXMIDP,84.61,2281.4
2025-02-27 00:30:00,APXMIDP,86.28,1967.35
2025-02-27 01:00:00,APXMIDP,85.34,1739.0
2025-02-27 01:30:00,APXMIDP,83.93,1729.1
2025-02-27 02:00:00,APXMIDP,83.85,2293.95
2025-02-27 02:30:00,APXMIDP,82.16,2183.0
2025-02-27 03:00:00,APXMIDP,83.31,2071.6
2025-02-27 03:30:00,APXMIDP,80.34,2011.15
2025-02-27 04:00:00,APXMIDP,83.01,2186.35
2025-02-27 04:30:00,APXMIDP,88.77,2357.3
2025-02-27 05:00:00,APXMIDP,99.86,2632.6
2025-02-27 05:30:00,APXMIDP,94.09,2911.3
2025-02-27 06:00:00,APXMIDP,103.33,3006.7
2025-02-27 06:30:00,APXMIDP,112.07,3218.15
2025-02-27 07:00:00,APXMIDP,125.1,3048.6
2025-02-27 07:30:00,APXMIDP,125.03,3062.65
2025-02-27 08:00:00,APXMIDP,111.17,2792.15
2025-02-27 08:30:00,APXMIDP,106.8,2596.0
2025-02-27 09:00:00,APXMIDP,89.16,2810.6
2025-02-27 09:30:00,APXMIDP,83.62,2880.55
2025-02-27 10:00:00,APXMIDP,80.38,3165.65
2025-02-27 10:30:00,APXMIDP,81.2,3584.45
2025-02-27 11:00:00,APXMIDP,79.06,3488.0
2025-02-27 11:30:00,APXMIDP,78.27,3509.6
2025-02-27 12:00:00,APXMIDP,83.66,3616.1
2025-02-27 12:30:00,APXMIDP,79.33,3065.1
2025-02-27 13:00:00,APXMIDP,78.13,2927.75
2025-02-27 13:30:00,APXMIDP,77.82,2882.85
2025-02-27 14:00:00,APXMIDP,79.89,3304.2
2025-02-27 14:30:00,APXMIDP,78.52,3203.75
2025-02-27 15:00:00,APXMIDP,78.52,3001.8
2025-02-27 15:30:00,APXMIDP,78.07,2924.55
2025-02-27 16:00:00,APXMIDP,85.23,2880.65
2025-02-27 16:30:00,APXMIDP,85.42,2729.9
2025-02-27 17:00:00,APXMIDP,96.2,3089.25
2025-02-27 17:30:00,APXMIDP,109.53,3577.35
2025-02-27 18:00:00,APXMIDP,116.49,3311.05
2025-02-27 18:30:00,APXMIDP,117.14,2916.45
2025-02-27 19:00:00,APXMIDP,117.49,2414.2
2025-02-27 19:30:00,APXMIDP,113.52,2526.0
2025-02-27 20:00:00,APXMIDP,110.49,1894.6
2025-02-27 20:30:00,APXMIDP,106.77,2654.75
2025-02-27 21:00:00,APXMIDP,105.11,1834.95
2025-02-27 21:30:00,APXMIDP,105.54,2306.2
2025-02-27 22:00:00,APXMIDP,95.55,2586.75
2025-02-27 22:30:00,APXMIDP,112.9,2324.2
2025-02-27 23:00:00,APXMIDP,104.71,1839.55
2025-02-27 23:30:00,APXMIDP,95.9,1639.5
2025-02-28 00:00:00,APXMIDP,90.22,1923.85
2025-02-28 00:30:00,APXMIDP,92.77,1938.95
2025-02-28 01:00:00,APXMIDP,92.45,2155.8
2025-02-28 01:30:00,APXMIDP,94.24,2267.85
2025-02-28 02:00:00,APXMIDP,91.57,2011.85
2025-02-28 02:30:00,APXMIDP,89.55,1981.95
2025-02-28 03:00:00,APXMIDP,96.97,1479.8
2025-02-28 03:30:00,APXMIDP,87.96,1329.4
2025-02-28 04:00:00,APXMIDP,92.52,1353.95
2025-02-28 04:30:00,APXMIDP,86.02,1638.15
2025-02-28 05:00:00,APXMIDP,90.92,1342.4
2025-02-28 05:30:00,APXMIDP,101.58,2083.0
2025-02-28 06:00:00,APXMIDP,113.63,1665.4
2025-02-28 06:30:00,APXMIDP,130.6,2018.75
2025-02-28 07:00:00,APXMIDP,104.65,2858.6
2025-02-28 07:30:00,APXMIDP,107.85,3174.4
2025-02-28 08:00:00,APXMIDP,109.92,3707.25
2025-02-28 08:30:00,APXMIDP,107.61,3732.3
2025-02-28 09:00:00,APXMIDP,110.04,3247.15
2025-02-28 09:30:00,APXMIDP,106.17,3291.45
2025-02-28 10:00:00,APXMIDP,104.52,2835.35
2025-02-28 10:30:00,APXMIDP,98.94,3405.95
2025-02-28 11:00:00,APXMIDP,95.21,3327.15
2025-02-28 11:30:00,APXMIDP,88.91,4181.85
2025-02-28 12:00:00,APXMIDP,91.21,4030.45
2025-02-28 12:30:00,APXMIDP,87.26,3632.0
2025-02-28 13:00:00,APXMIDP,84.92,3210.95
2025-02-28 13:30:00,APXMIDP,87.21,3288.7
2025-02-28 14:00:00,APXMIDP,90.31,3475.8
2025-02-28 14:30:00,APXMIDP,85.77,3294.5
2025-02-28 15:00:00,APXMIDP,92.56,2904.95
2025-02-28 15:30:00,APXMIDP,97.69,2636.25
2025-02-28 16:00:00,APXMIDP,96.85,2724.4
2025-02-28 16:30:00,APXMIDP,101.49,2595.15
2025-02-28 17:00:00,APXMIDP,104.57,3364.9
2025-02-28 17:30:00,APXMIDP,111.81,3001.95
2025-02-28 18:00:00,APXMIDP,113.14,3355.95
2025-02-28 18:30:00,APXMIDP,114.08,3141.35
2025-02-28 19:00:00,APXMIDP,112.46,2128.3
2025-02-28 19:30:00,APXMIDP,97.04,2157.1
2025-02-28 20:00:00,APXMIDP,102.86,2000.6
2025-02-28 20:30:00,APXMIDP,98.19,1917.9
2025-02-28 21:00:00,APXMIDP,100.24,2224.05
2025-02-28 21:30:00,APXMIDP,100.74,2193.8
2025-02-28 22:00:00,APXMIDP,96.97,2628.5
2025-02-28 22:30:00,APXMIDP,95.0,2779.95
2025-02-28 23:00:00,APXMIDP,92.27,1397.25
2025-02-28 23:30:00,APXMIDP,100.28,1014.9
2025-03-01 00:00:00,APXMIDP,95.53,1032.8
2025-03-01 00:30:00,APXMIDP,101.96,970.0
2025-03-01 01:00:00,APXMIDP,94.88,921.3
2025-03-01 01:30:00,APXMIDP,88.04,1068.75
2025-03-01 02:00:00,APXMIDP,88.44,921.2
2025-03-01 02:30:00,APXMIDP,89.98,771.5
2025-03-01 03:00:00,APXMIDP,90.2,736.55
2025-03-01 03:30:00,APXMIDP,85.76,930.5
2025-03-01 04:00:00,APXMIDP,92.03,780.6
2025-03-01 04:30:00,APXMIDP,92.08,901.0
2025-03-01 05:00:00,APXMIDP,98.15,840.3
2025-03-01 05:30:00,APXMIDP,101.53,1121.05
2025-03-01 06:00:00,APXMIDP,101.75,1212.2
2025-03-01 06:30:00,APXMIDP,113.16,1230.85
2025-03-01 07:00:00,APXMIDP,100.81,1408.75
2025-03-01 07:30:00,APXMIDP,104.9,1643.85
2025-03-01 08:00:00,APXMIDP,104.6,1559.1
2025-03-01 08:30:00,APXMIDP,101.56,2010.05
2025-03-01 09:00:00,APXMIDP,96.1,1668.25
2025-03-01 09:30:00,APXMIDP,91.8,1495.0
2025-03-01 10:00:00,APXMIDP,87.85,1564.25
2025-03-01 10:30:00,APXMIDP,83.45,1749.15
2025-03-01 11:00:00,APXMIDP,88.65,2353.35
2025-03-01 11:30:00,APXMIDP,85.82,2368.05
2025-03-01 12:00:00,APXMIDP,83.13,1842.3
2025-03-01 12:30:00,APXMIDP,79.34,2117.75
2025-03-01 13:00:00,APXMIDP,79.28,2037.6
2025-03-01 13:30:00,APXMIDP,81.11,2155.6
2025-03-01 14:00:00,APXMIDP,82.56,2437.4
2025-03-01 14:30:00,APXMIDP,86.81,2334.55
2025-03-01 15:00:00,APXMIDP,92.38,2924.1
2025-03-01 15:30:00,APXMIDP,87.99,3155.25
2025-03-01 16:00:00,APXMIDP,101.06,2876.15
2025-03-01 16:30:00,APXMIDP,115.55,3285.75
2025-03-01 17:00:00,APXMIDP,115.56,2774.15
2025-03-01 17:30:00,APXMIDP,125.25,2522.9
2025-03-01 18:00:00,APXMIDP,123.21,2443.6
2025-03-01 18:30:00,APXMIDP,121.34,2549.75
2025-03-01 19:00:00,APXMIDP,118.46,2370.9
2025-03-01 19:30:00,APXMIDP,112.89,2666.7
2025-03-01 20:00:00,APXMIDP,111.99,2377.6
2025-03-01 20:30:00,APXMIDP,103.53,2484.85
2025-03-01 21:00:00,APXMIDP,97.29,2529.3
2025-03-01 21:30:00,APXMIDP,98.8,2357.55
2025-03-01 22:00:00,APXMIDP,102.79,1918.45
2025-03-01 22:30:00,APXMIDP,99.72,1847.1
2025-03-01 23:00:00,APXMIDP,96.17,1167.05
2025-03-01 23:30:00,APXMIDP,103.2,1301.15
2025-03-02 00:00:00,APXMIDP,97.4,1081.35
2025-03-02 00:30:00,APXMIDP,101.7,1285.45
2025-03-02 01:00:00,APXMIDP,100.92,1036.45
2025-03-02 01:30:00,APXMIDP,100.19,859.45
2025-03-02 02:00:00,APXMIDP,104.01,1166.2
2025-03-02 02:30:00,APXMIDP,95.98,1149.45
2025-03-02 03:00:00,APXMIDP,98.75,1387.3
2025-03-02 03:30:00,APXMIDP,98.51,1450.05
2025-03-02 04:00:00,APXMIDP,96.11,1604.15
2025-03-02 04:30:00,APXMIDP,96.22,1948.1
2025-03-02 05:00:00,APXMIDP,102.63,2004.2
2025-03-02 05:30:00,APXMIDP,102.02,2052.6
2025-03-02 06:00:00,APXMIDP,108.08,2591.0
2025-03-02 06:30:00,APXMIDP,107.49,2227.55
2025-03-02 07:00:00,APXMIDP,107.31,2027.35
2025-03-02 07:30:00,APXMIDP,108.49,2101.55
2025-03-02 08:00:00,APXMIDP,108.09,1967.3
2025-03-02 08:30:00,APXMIDP,104.0,2355.1
2025-03-02 09:00:00,APXMIDP,105.75,2304.45
2025-03-02 09:30:00,APXMIDP,108.46,2082.1
2025-03-02 10:00:00,APXMIDP,104.26,2561.65
2025-03-02 10:30:00,APXMIDP,98.17,2685.55
2025-03-02 11:00:00,APXMIDP,91.72,1942.4
2025-03-02 11:30:00,APXMIDP,87.47,1794.05
2025-03-02 12:00:00,APXMIDP,90.05,2284.55
2025-03-02 12:30:00,APXMIDP,91.06,2192.75
2025-03-02 13:00:00,APXMIDP,88.28,2912.05
2025-03-02 13:30:00,APXMIDP,85.55,2756.45
2025-03-02 14:00:00,APXMIDP,84.45,2756.55
2025-03-02 14:30:00,APXMIDP,84.59,2778.8
2025-03-02 15:00:00,APXMIDP,84.39,2550.55
2025-03-02 15:30:00,APXMIDP,91.36,2384.6
2025-03-02 16:00:00,APXMIDP,105.03,2555.7
2025-03-02 16:30:00,APXMIDP,106.89,2852.35
2025-03-02 17:00:00,APXMIDP,118.3,2165.3
2025-03-02 17:30:00,APXMIDP,123.88,2373.6
2025-03-02 18:00:00,APXMIDP,130.25,2590.25
2025-03-02 18:30:00,APXMIDP,126.45,2655.55
2025-03-02 19:00:00,APXMIDP,114.25,2792.8
2025-03-02 19:30:00,APXMIDP,108.94,2733.25
2025-03-02 20:00:00,APXMIDP,109.49,2700.8
2025-03-02 20:30:00,APXMIDP,105.02,2745.65
2025-03-02 21:00:00,APXMIDP,109.96,2807.1
2025-03-02 21:30:00,APXMIDP,106.92,2568.75
2025-03-02 22:00:00,APXMIDP,101.71,3008.75
2025-03-02 22:30:00,APXMIDP,98.3,3190.9
2025-03-02 23:00:00,APXMIDP,100.46,1777.55
2025-03-02 23:30:00,APXMIDP,95.16,1555.8
2025-03-03 00:00:00,APXMIDP,87.92,1751.5
2025-03-03 00:30:00,APXMIDP,93.5,1816.9
2025-03-03 01:00:00,APXMIDP,90.97,1460.1
2025-03-03 01:30:00,APXMIDP,91.73,1528.35
2025-03-03 02:00:00,APXMIDP,92.3,1437.3
2025-03-03 02:30:00,APXMIDP,92.54,1513.45
2025-03-03 03:00:00,APXMIDP,96.82,1679.1
2025-03-03 03:30:00,APXMIDP,93.36,1926.25
2025-03-03 04:00:00,APXMIDP,91.01,1999.2
2025-03-03 04:30:00,APXMIDP,88.38,2134.65
2025-03-03 05:00:00,APXMIDP,122.27,1614.1
2025-03-03 05:30:00,APXMIDP,113.17,1674.1
2025-03-03 06:00:00,APXMIDP,118.59,1384.0
2025-03-03 06:30:00,APXMIDP,125.02,1761.8
2025-03-03 07:00:00,APXMIDP,112.79,2160.7
2025-03-03 07:30:00,APXMIDP,119.99,2353.85
2025-03-03 08:00:00,APXMIDP,105.65,2110.9
2025-03-03 08:30:00,APXMIDP,89.0,2243.55
2025-03-03 09:00:00,APXMIDP,94.0,2645.5
2025-03-03 09:30:00,APXMIDP,89.54,2837.35
2025-03-03 10:00:00,APXMIDP,84.15,2692.7
2025-03-03 10:30:00,APXMIDP,83.41,3222.45
2025-03-03 11:00:00,APXMIDP,83.5,2641.75
2025-03-03 11:30:00,APXMIDP,75.59,2722.35
2025-03-03 12:00:00,APXMIDP,71.39,2630.1
2025-03-03 12:30:00,APXMIDP,71.38,3265.3
2025-03-03 13:00:00,APXMIDP,66.48,2916.3
2025-03-03 13:30:00,APXMIDP,66.45,3081.6
2025-03-03 14:00:00,APXMIDP,69.07,3091.15
2025-03-03 14:30:00,APXMIDP,69.85,3214.95
2025-03-03 15:00:00,APXMIDP,84.84,3366.4
2025-03-03 15:30:00,APXMIDP,85.97,3693.1
2025-03-03 16:00:00,APXMIDP,89.53,2985.45
2025-03-03 16:30:00,APXMIDP,104.9,3836.25
2025-03-03 17:00:00,APXMIDP,133.15,3495.15
2025-03-03 17:30:00,APXMIDP,140.77,3723.9
2025-03-03 18:00:00,APXMIDP,142.41,3520.25
2025-03-03 18:30:00,APXMIDP,141.33,2989.5
2025-03-03 19:00:00,APXMIDP,116.25,2599.25
2025-03-03 19:30:00,APXMIDP,100.77,2221.9
2025-03-03 20:00:00,APXMIDP,104.14,2351.55
2025-03-03 20:30:00,APXMIDP,91.2,2262.55
2025-03-03 21:00:00,APXMIDP,94.73,2332.85
2025-03-03 21:30:00,APXMIDP,94.03,2802.0
2025-03-03 22:00:00,APXMIDP,87.43,2545.7
2025-03-03 22:30:00,APXMIDP,84.63,2890.55
2025-03-03 23:00:00,APXMIDP,83.68,2733.05
2025-03-03 23:30:00,APXMIDP,71.23,2963.05
2025-03-04 00:00:00,APXMIDP,68.9,3014.0
2025-03-04 00:30:00,APXMIDP,83.14,3522.25
2025-03-04 01:00:00,APXMIDP,82.79,2714.65
2025-03-04 01:30:00,APXMIDP,80.05,2952.25
2025-03-04 02:00:00,APXMIDP,76.43,2804.7
2025-03-04 02:30:00,APXMIDP,76.63,2685.85
2025-03-04 03:00:00,APXMIDP,83.93,2247.55
2025-03-04 03:30:00,APXMIDP,76.98,2255.95
2025-03-04 04:00:00,APXMIDP,82.2,2262.05
2025-03-04 04:30:00,APXMIDP,83.99,2035.05
2025-03-04 05:00:00,APXMIDP,94.03,1547.3
2025-03-04 05:30:00,APXMIDP,100.71,1537.4
2025-03-04 06:00:00,APXMIDP,125.51,1568.05
2025-03-04 06:30:00,APXMIDP,134.29,2323.65
2025-03-04 07:00:00,APXMIDP,116.84,2246.0
2025-03-04 07:30:00,APXMIDP,119.65,2431.4
2025-03-04 08:00:00,APXMIDP,99.76,2794.7
2025-03-04 08:30:00,APXMIDP,83.52,2935.5
2025-03-04 09:00:00,APXMIDP,64.18,3324.05
2025-03-04 09:30:00,APXMIDP,89.15,4287.6
2025-03-04 10:00:00,APXMIDP,88.55,4438.15
2025-03-04 10:30:00,APXMIDP,77.91,4101.0
2025-03-04 11:00:00,APXMIDP,56.04,3495.5
2025-03-04 11:30:00,APXMIDP,52.14,3655.4
2025-03-04 12:00:00,APXMIDP,49.21,3251.1
2025-03-04 12:30:00,APXMIDP,46.53,3129.5
2025-03-04 13:00:00,APXMIDP,43.39,3083.9
2025-03-04 13:30:00,APXMIDP,41.21,3126.25
2025-03-04 14:00:00,APXMIDP,49.71,4103.6
2025-03-04 14:30:00,APXMIDP,45.93,3762.8
2025-03-04 15:00:00,APXMIDP,65.85,4425.7
2025-03-04 15:30:00,APXMIDP,71.73,4261.65
2025-03-04 16:00:00,APXMIDP,90.97,4492.4
2025-03-04 16:30:00,APXMIDP,87.74,4391.85
2025-03-04 17:00:00,APXMIDP,105.25,4472.2
2025-03-04 17:30:00,APXMIDP,115.82,4032.05
2025-03-04 18:00:00,APXMIDP,122.47,4312.65
2025-03-04 18:30:00,APXMIDP,122.4,4194.3
2025-03-04 19:00:00,APXMIDP,110.91,3401.1
2025-03-04 19:30:00,APXMIDP,109.56,3177.25
2025-03-04 20:00:00,APXMIDP,104.16,2659.9
2025-03-04 20:30:00,APXMIDP,89.17,2603.05
2025-03-04 21:00:00,APXMIDP,86.22,2682.45
2025-03-04 21:30:00,APXMIDP,91.77,2199.2
2025-03-04 22:00:00,APXMIDP,90.16,2950.4
2025-03-04 22:30:00,APXMIDP,76.87,3036.5
2025-03-04 23:00:00,APXMIDP,59.99,1758.3
2025-03-04 23:30:00,APXMIDP,48.46,1675.95
2025-03-05 00:00:00,APXMIDP,48.68,1774.15
2025-03-05 00:30:00,APXMIDP,57.21,1436.6
2025-03-05 01:00:00,APXMIDP,50.15,1615.55
2025-03-05 01:30:00,APXMIDP,40.23,2031.25
2025-03-05 02:00:00,APXMIDP,44.58,1862.35
2025-03-05 02:30:00,APXMIDP,39.79,1891.8
2025-03-05 03:00:00,APXMIDP,35.26,1416.65
2025-03-05 03:30:00,APXMIDP,30.98,1619.2
2025-03-05 04:00:00,APXMIDP,49.28,1842.45
2025-03-05 04:30:00,APXMIDP,48.85,1428.4
2025-03-05 05:00:00,APXMIDP,80.22,1998.6
2025-03-05 05:30:00,APXMIDP,88.66,1961.8
2025-03-05 06:00:00,APXMIDP,86.16,2346.95
2025-03-05 06:30:00,APXMIDP,106.01,2479.35
2025-03-05 07:00:00,APXMIDP,106.53,2187.9
2025-03-05 07:30:00,APXMIDP,112.64,2948.45
2025-03-05 08:00:00,APXMIDP,102.14,2772.75
2025-03-05 08:30:00,APXMIDP,98.75,3209.65
2025-03-05 09:00:00,APXMIDP,78.74,3417.0
2025-03-05 09:30:00,APXMIDP,64.92,3819.35
2025-03-05 10:00:00,APXMIDP,55.23,3277.2
2025-03-05 10:30:00,APXMIDP,45.99,3242.45
2025-03-05 11:00:00,APXMIDP,36.2,3221.35
2025-03-05 11:30:00,APXMIDP,24.5,2786.2
2025-03-05 12:00:00,APXMIDP,19.25,3214.5
2025-03-05 12:30:00,APXMIDP,18.23,2976.15
2025-03-05 13:00:00,APXMIDP,12.89,3127.35
2025-03-05 13:30:00,APXMIDP,13.32,2901.8
2025-03-05 14:00:00,APXMIDP,27.84,3850.5
2025-03-05 14:30:00,APXMIDP,29.78,3740.65
2025-03-05 15:00:00,APXMIDP,57.37,3421.35
2025-03-05 15:30:00,APXMIDP,64.41,3493.7
2025-03-05 16:00:00,APXMIDP,79.2,2988.65
2025-03-05 16:30:00,APXMIDP,80.59,3550.3
2025-03-05 17:00:00,APXMIDP,111.38,3955.55
2025-03-05 17:30:00,APXMIDP,120.39,3771.15
2025-03-05 18:00:00,APXMIDP,128.04,3857.5
2025-03-05 18:30:00,APXMIDP,128.89,3980.55
2025-03-05 19:00:00,APXMIDP,106.59,3115.7
2025-03-05 19:30:00,APXMIDP,100.31,2848.35
2025-03-05 20:00:00,APXMIDP,91.11,2712.85
2025-03-05 20:30:00,APXMIDP,88.66,2722.7
2025-03-05 21:00:00,APXMIDP,88.55,2794.3
2025-03-05 21:30:00,APXMIDP,92.98,2853.7
2025-03-05 22:00:00,APXMIDP,87.3,2795.05
2025-03-05 22:30:00,APXMIDP,85.76,2535.6
2025-03-05 23:00:00,APXMIDP,74.25,1682.35
2025-03-05 23:30:00,APXMIDP,70.77,1875.45
2025-03-06 00:00:00,APXMIDP,69.82,1907.3
2025-03-06 00:30:00,APXMIDP,80.69,2209.3
2025-03-06 01:00:00,APXMIDP,76.41,2487.8
2025-03-06 01:30:00,APXMIDP,81.27,2300.2
2025-03-06 02:00:00,APXMIDP,82.38,2758.75
2025-03-06 02:30:00,APXMIDP,82.48,2854.45
2025-03-06 03:00:00,APXMIDP,89.19,2816.45
2025-03-06 03:30:00,APXMIDP,90.36,2681.85
2025-03-06 04:00:00,APXMIDP,93.03,2318.35
2025-03-06 04:30:00,APXMIDP,91.11,3361.25
2025-03-06 05:00:00,APXMIDP,107.63,2499.1
2025-03-06 05:30:00,APXMIDP,112.41,2929.5
2025-03-06 06:00:00,APXMIDP,115.73,3355.35
2025-03-06 06:30:00,APXMIDP,122.56,3688.6
2025-03-06 07:00:00,APXMIDP,123.12,3645.15
2025-03-06 07:30:00,APXMIDP,127.13,4204.4
2025-03-06 08:00:00,APXMIDP,127.05,3997.15
2025-03-06 08:30:00,APXMIDP,122.94,4351.9
2025-03-06 09:00:00,APXMIDP,114.32,4673.1
2025-03-06 09:30:00,APXMIDP,107.01,5013.35
2025-03-06 10:00:00,APXMIDP,105.23,4863.6
2025-03-06 10:30:00,APXMIDP,100.86,4830.25
2025-03-06 11:00:00,APXMIDP,85.17,4183.8
2025-03-06 11:30:00,APXMIDP,64.71,4545.7
2025-03-06 12:00:00,APXMIDP,60.89,4801.5
2025-03-06 12:30:00,APXMIDP,53.02,4567.75
2025-03-06 13:00:00,APXMIDP,41.97,3590.7
2025-03-06 13:30:00,APXMIDP,39.51,3801.7
2025-03-06 14:00:00,APXMIDP,59.87,4227.25
2025-03-06 14:30:00,APXMIDP,58.49,4075.8
2025-03-06 15:00:00,APXMIDP,96.69,3290.65
2025-03-06 15:30:00,APXMIDP,91.93,3423.55
2025-03-06 16:00:00,APXMIDP,106.64,3336.6
2025-03-06 16:30:00,APXMIDP,115.65,2729.5
2025-03-06 17:00:00,APXMIDP,124.22,2537.5
2025-03-06 17:30:00,APXMIDP,126.78,2708.3
2025-03-06 18:00:00,APXMIDP,124.81,2784.05
2025-03-06 18:30:00,APXMIDP,125.68,2715.3
2025-03-06 19:00:00,APXMIDP,116.34,3906.3
2025-03-06 19:30:00,APXMIDP,113.86,3750.1
2025-03-06 20:00:00,APXMIDP,102.27,3265.15
2025-03-06 20:30:00,APXMIDP,92.72,3108.2
2025-03-06 21:00:00,APXMIDP,84.63,2537.05
2025-03-06 21:30:00,APXMIDP,82.88,2597.5
2025-03-06 22:00:00,APXMIDP,82.85,2441.1
2025-03-06 22:30:00,APXMIDP,72.28,2235.85
2025-03-06 23:00:00,APXMIDP,60.65,2317.1
2025-03-06 23:30:00,APXMIDP,61.87,2399.45
2025-03-07 00:00:00,APXMIDP,55.13,2115.0
2025-03-07 00:30:00,APXMIDP,52.72,2616.65
2025-03-07 01:00:00,APXMIDP,43.74,2555.45
2025-03-07 01:30:00,APXMIDP,40.76,2263.3
2025-03-07 02:00:00,APXMIDP,43.65,2209.6
2025-03-07 02:30:00,APXMIDP,51.38,2330.35
2025-03-07 03:00:00,APXMIDP,63.71,3001.4
2025-03-07 03:30:00,APXMIDP,70.52,2660.3
2025-03-07 04:00:00,APXMIDP,75.6,2985.75
2025-03-07 04:30:00,APXMIDP,71.81,2882.25
2025-03-07 05:00:00,APXMIDP,91.5,2757.2
2025-03-07 05:30:00,APXMIDP,88.57,3093.25
2025-03-07 06:00:00,APXMIDP,101.11,3294.65
2025-03-07 06:30:00,APXMIDP,105.95,3234.3
2025-03-07 07:00:00,APXMIDP,101.52,3517.2
2025-03-07 07:30:00,APXMIDP,107.61,3843.2
2025-03-07 08:00:00,APXMIDP,89.51,3229.75
2025-03-07 08:30:00,APXMIDP,96.12,3285.45
2025-03-07 09:00:00,APXMIDP,99.46,2935.7
2025-03-07 09:30:00,APXMIDP,91.09,3068.05
2025-03-07 10:00:00,APXMIDP,96.3,3550.05
2025-03-07 10:30:00,APXMIDP,95.31,3708.9
2025-03-07 11:00:00,APXMIDP,96.97,2734.5
2025-03-07 11:30:00,APXMIDP,99.96,4042.15
2025-03-07 12:00:00,APXMIDP,92.53,3449.6
2025-03-07 12:30:00,APXMIDP,95.24,3176.2
2025-03-07 13:00:00,APXMIDP,90.55,3535.5
2025-03-07 13:30:00,APXMIDP,88.74,3807.4
2025-03-07 14:00:00,APXMIDP,86.19,3322.55
2025-03-07 14:30:00,APXMIDP,85.13,3257.45
2025-03-07 15:00:00,APXMIDP,103.59,2641.55
2025-03-07 15:30:00,APXMIDP,95.79,2933.15
2025-03-07 16:00:00,APXMIDP,103.45,2852.25
2025-03-07 16:30:00,APXMIDP,118.3,2787.8
2025-03-07 17:00:00,APXMIDP,133.28,2932.15
2025-03-07 17:30:00,APXMIDP,133.26,3070.6
2025-03-07 18:00:00,APXMIDP,131.66,3725.2
2025-03-07 18:30:00,APXMIDP,125.64,3997.0
2025-03-07 19:00:00,APXMIDP,106.25,2561.4
2025-03-07 19:30:00,APXMIDP,85.88,2263.05
2025-03-07 20:00:00,APXMIDP,85.76,2402.35
2025-03-07 20:30:00,APXMIDP,93.72,2800.75
2025-03-07 21:00:00,APXMIDP,85.66,2912.3
2025-03-07 21:30:00,APXMIDP,82.67,2531.55
2025-03-07 22:00:00,APXMIDP,82.57,2739.4
2025-03-07 22:30:00,APXMIDP,82.28,2919.3
2025-03-07 23:00:00,APXMIDP,84.99,2400.1
2025-03-07 23:30:00,APXMIDP,85.23,2639.9
2025-03-08 00:00:00,APXMIDP,81.73,2157.25
2025-03-08 00:30:00,APXMIDP,91.46,2136.35
2025-03-08 01:00:00,APXMIDP,91.61,2179.5
2025-03-08 01:30:00,APXMIDP,91.05,2200.2
2025-03-08 02:00:00,APXMIDP,87.99,2376.35
2025-03-08 02:30:00,APXMIDP,91.27,2115.15
2025-03-08 03:00:00,APXMIDP,87.78,1738.5
2025-03-08 03:30:00,APXMIDP,87.4,1641.4
2025-03-08 04:00:00,APXMIDP,91.61,2002.6
2025-03-08 04:30:00,APXMIDP,91.22,1818.25
2025-03-08 05:00:00,APXMIDP,97.46,1989.85
2025-03-08 05:30:00,APXMIDP,99.01,1882.25
2025-03-08 06:00:00,APXMIDP,98.83,2091.6
2025-03-08 06:30:00,APXMIDP,103.34,2205.4
2025-03-08 07:00:00,APXMIDP,92.53,1678.1
2025-03-08 07:30:00,APXMIDP,92.87,1670.75
2025-03-08 08:00:00,APXMIDP,94.79,1678.4
2025-03-08 08:30:00,APXMIDP,87.52,2312.25
2025-03-08 09:00:00,APXMIDP,85.99,2591.5
2025-03-08 09:30:00,APXMIDP,91.71,2270.5
2025-03-08 10:00:00,APXMIDP,92.01,2214.8
2025-03-08 10:30:00,APXMIDP,84.43,2287.1
2025-03-08 11:00:00,APXMIDP,90.72,2225.5
2025-03-08 11:30:00,APXMIDP,93.26,2296.15
2025-03-08 12:00:00,APXMIDP,90.79,2358.35
2025-03-08 12:30:00,APXMIDP,88.27,2591.85
2025-03-08 13:00:00,APXMIDP,83.68,2744.3
2025-03-08 13:30:00,APXMIDP,81.15,2691.15
2025-03-08 14:00:00,APXMIDP,80.36,2765.85
2025-03-08 14:30:00,APXMIDP,83.95,3123.05
2025-03-08 15:00:00,APXMIDP,86.62,2680.85
2025-03-08 15:30:00,APXMIDP,90.28,3509.15
2025-03-08 16:00:00,APXMIDP,94.33,3300.75
2025-03-08 16:30:00,APXMIDP,100.4,2875.75
2025-03-08 17:00:00,APXMIDP,111.36,3157.4
2025-03-08 17:30:00,APXMIDP,117.92,3349.0
2025-03-08 18:00:00,APXMIDP,109.98,3126.65
2025-03-08 18:30:00,APXMIDP,106.81,3269.25
2025-03-08 19:00:00,APXMIDP,93.93,2514.3
2025-03-08 19:30:00,APXMIDP,85.18,2084.15
2025-03-08 20:00:00,APXMIDP,82.93,1886.95
2025-03-08 20:30:00,APXMIDP,89.55,2028.25
2025-03-08 21:00:00,APXMIDP,90.13,2107.5
2025-03-08 21:30:00,APXMIDP,82.78,2168.45
2025-03-08 22:00:00,APXMIDP,79.12,2051.65
2025-03-08 22:30:00,APXMIDP,77.92,1910.4
2025-03-08 23:00:00,APXMIDP,73.89,1390.65
2025-03-08 23:30:00,APXMIDP,71.75,1719.1
2025-03-09 00:00:00,APXMIDP,75.39,1574.45
2025-03-09 00:30:00,APXMIDP,82.11,1336.15
2025-03-09 01:00:00,APXMIDP,86.79,1174.2
2025-03-09 01:30:00,APXMIDP,90.22,1253.45
2025-03-09 02:00:00,APXMIDP,92.83,1190.9
2025-03-09 02:30:00,APXMIDP,90.11,1048.45
2025-03-09 03:00:00,APXMIDP,87.53,999.0
2025-03-09 03:30:00,APXMIDP,84.46,859.45
2025-03-09 04:00:00,APXMIDP,85.31,862.25
2025-03-09 04:30:00,APXMIDP,84.86,921.25
2025-03-09 05:00:00,APXMIDP,85.51,810.45
2025-03-09 05:30:00,APXMIDP,91.72,1021.05
2025-03-09 06:00:00,APXMIDP,99.66,1140.55
2025-03-09 06:30:00,APXMIDP,102.19,1189.05
2025-03-09 07:00:00,APXMIDP,101.15,1249.0
2025-03-09 07:30:00,APXMIDP,100.89,1090.5
2025-03-09 08:00:00,APXMIDP,103.28,1131.55
2025-03-09 08:30:00,APXMIDP,100.86,1230.4
2025-03-09 09:00:00,APXMIDP,98.93,1052.85
2025-03-09 09:30:00,APXMIDP,97.85,925.65
2025-03-09 10:00:00,APXMIDP,97.36,994.25
2025-03-09 10:30:00,APXMIDP,93.48,890.2
2025-03-09 11:00:00,APXMIDP,84.11,1143.45
2025-03-09 11:30:00,APXMIDP,81.81,1119.75
2025-03-09 12:00:00,APXMIDP,79.4,996.65
2025-03-09 12:30:00,APXMIDP,78.57,1047.85
2025-03-09 13:00:00,APXMIDP,75.69,1212.75
2025-03-09 13:30:00,APXMIDP,75.8,1292.0
2025-03-09 14:00:00,APXMIDP,74.87,1408.65
2025-03-09 14:30:00,APXMIDP,74.67,1315.9
2025-03-09 15:00:00,APXMIDP,77.71,1321.9
2025-03-09 15:30:00,APXMIDP,79.72,1605.0
2025-03-09 16:00:00,APXMIDP,89.58,1755.15
2025-03-09 16:30:00,APXMIDP,108.07,1746.0
2025-03-09 17:00:00,APXMIDP,106.98,1643.15
2025-03-09 17:30:00,APXMIDP,113.62,1704.1
2025-03-09 18:00:00,APXMIDP,114.23,1942.25
2025-03-09 18:30:00,APXMIDP,113.12,2036.85
2025-03-09 19:00:00,APXMIDP,111.16,2149.75
2025-03-09 19:30:00,APXMIDP,110.11,1955.15
2025-03-09 20:00:00,APXMIDP,112.02,2233.2
2025-03-09 20:30:00,APXMIDP,99.47,1992.5
2025-03-09 21:00:00,APXMIDP,96.83,1835.45
2025-03-09 21:30:00,APXMIDP,92.99,2253.05
2025-03-09 22:00:00,APXMIDP,90.94,2823.9
2025-03-09 22:30:00,APXMIDP,90.5,3113.4
2025-03-09 23:00:00,APXMIDP,81.06,1267.85
2025-03-09 23:30:00,APXMIDP,80.6,1025.35
2025-03-10 00:00:00,APXMIDP,80.65,1056.9
2025-03-10 00:30:00,APXMIDP,80.74,1193.75
2025-03-10 01:00:00,APXMIDP,79.76,986.3
2025-03-10 01:30:00,APXMIDP,77.62,1047.8
2025-03-10 02:00:00,APXMIDP,81.96,1181.85
2025-03-10 02:30:00,APXMIDP,81.38,1232.65
2025-03-10 03:00:00,APXMIDP,88.21,1133.4
2025-03-10 03:30:00,APXMIDP,85.11,1293.75
2025-03-10 04:00:00,APXMIDP,92.33,1292.5
2025-03-10 04:30:00,APXMIDP,89.54,1507.65
2025-03-10 05:00:00,APXMIDP,100.97,2012.7
2025-03-10 05:30:00,APXMIDP,104.95,2207.5
2025-03-10 06:00:00,APXMIDP,114.79,2070.5
2025-03-10 06:30:00,APXMIDP,114.14,2195.85
2025-03-10 07:00:00,APXMIDP,99.84,2809.15
2025-03-10 07:30:00,APXMIDP,98.36,3100.45
2025-03-10 08:00:00,APXMIDP,87.15,2734.6
2025-03-10 08:30:00,APXMIDP,83.74,3540.95
2025-03-10 09:00:00,APXMIDP,75.51,3162.3
2025-03-10 09:30:00,APXMIDP,71.42,3808.2
2025-03-10 10:00:00,APXMIDP,74.22,3812.7
2025-03-10 10:30:00,APXMIDP,77.07,3962.7
2025-03-10 11:00:00,APXMIDP,71.15,3206.9
2025-03-10 11:30:00,APXMIDP,69.39,3712.95
2025-03-10 12:00:00,APXMIDP,71.2,3312.9
2025-03-10 12:30:00,APXMIDP,70.54,3537.95
2025-03-10 13:00:00,APXMIDP,73.1,4018.5
2025-03-10 13:30:00,APXMIDP,70.8,3680.0
2025-03-10 14:00:00,APXMIDP,70.69,3711.45
2025-03-10 14:30:00,APXMIDP,71.57,3935.9
2025-03-10 15:00:00,APXMIDP,79.39,3214.1
2025-03-10 15:30:00,APXMIDP,78.73,2888.7
2025-03-10 16:00:00,APXMIDP,79.9,3161.35
2025-03-10 16:30:00,APXMIDP,79.16,2750.95
2025-03-10 17:00:00,APXMIDP,92.37,2980.7
2025-03-10 17:30:00,APXMIDP,99.4,3171.0
2025-03-10 18:00:00,APXMIDP,113.3,3536.05
2025-03-10 18:30:00,APXMIDP,115.74,3462.0
2025-03-10 19:00:00,APXMIDP,102.95,3192.2
2025-03-10 19:30:00,APXMIDP,90.82,2750.45
2025-03-10 20:00:00,APXMIDP,87.5,2582.55
2025-03-10 20:30:00,APXMIDP,89.44,2792.15
2025-03-10 21:00:00,APXMIDP,80.49,2305.1
2025-03-10 21:30:00,APXMIDP,82.09,2334.05
2025-03-10 22:00:00,APXMIDP,86.5,2226.6
2025-03-10 22:30:00,APXMIDP,90.85,2857.0
2025-03-10 23:00:00,APXMIDP,82.57,1833.95
2025-03-10 23:30:00,APXMIDP,80.22,1995.8
2025-03-11 00:00:00,APXMIDP,74.45,1881.6
2025-03-11 00:30:00,APXMIDP,79.0,1816.45
2025-03-11 01:00:00,APXMIDP,76.32,1771.9
2025-03-11 01:30:00,APXMIDP,74.82,1780.25
2025-03-11 02:00:00,APXMIDP,79.6,1752.2
2025-03-11 02:30:00,APXMIDP,79.36,1658.15
2025-03-11 03:00:00,APXMIDP,81.59,2038.05
2025-03-11 03:30:00,APXMIDP,78.45,2006.35
2025-03-11 04:00:00,APXMIDP,80.0,2239.75
2025-03-11 04:30:00,APXMIDP,76.62,2089.2
2025-03-11 05:00:00,APXMIDP,73.9,2505.7
2025-03-11 05:30:00,APXMIDP,68.32,2746.5
2025-03-11 06:00:00,APXMIDP,74.21,2930.15
2025-03-11 06:30:00,APXMIDP,83.86,2781.6
2025-03-11 07:00:00,APXMIDP,93.07,2827.4
2025-03-11 07:30:00,APXMIDP,106.46,2261.9
2025-03-11 08:00:00,APXMIDP,98.54,2058.0
2025-03-11 08:30:00,APXMIDP,93.74,2272.5
2025-03-11 09:00:00,APXMIDP,84.11,2574.45
2025-03-11 09:30:00,APXMIDP,79.81,2506.65
2025-03-11 10:00:00,APXMIDP,76.85,2362.05
2025-03-11 10:30:00,APXMIDP,76.99,2940.8
2025-03-11 11:00:00,APXMIDP,76.23,2694.85
2025-03-11 11:30:00,APXMIDP,76.61,2579.75
2025-03-11 12:00:00,APXMIDP,78.14,2632.95
2025-03-11 12:30:00,APXMIDP,79.73,2625.45
2025-03-11 13:00:00,APXMIDP,82.32,2300.7
2025-03-11 13:30:00,APXMIDP,80.89,2399.6
2025-03-11 14:00:00,APXMIDP,83.29,2501.5
2025-03-11 14:30:00,APXMIDP,82.09,2800.25
2025-03-11 15:00:00,APXMIDP,94.64,2491.35
2025-03-11 15:30:00,APXMIDP,88.38,2898.5
2025-03-11 16:00:00,APXMIDP,87.42,2580.1
2025-03-11 16:30:00,APXMIDP,87.97,2942.05
2025-03-11 17:00:00,APXMIDP,103.37,2618.25
2025-03-11 17:30:00,APXMIDP,110.71,3150.4
2025-03-11 18:00:00,APXMIDP,124.1,3332.25
2025-03-11 18:30:00,APXMIDP,126.41,3165.1
2025-03-11 19:00:00,APXMIDP,119.86,2506.9
2025-03-11 19:30:00,APXMIDP,116.54,1631.6
2025-03-11 20:00:00,APXMIDP,111.64,1296.5
2025-03-11 20:30:00,APXMIDP,108.78,1183.0
2025-03-11 21:00:00,APXMIDP,91.92,996.1
2025-03-11 21:30:00,APXMIDP,95.62,865.1
2025-03-11 22:00:00,APXMIDP,92.86,1038.85
2025-03-11 22:30:00,APXMIDP,91.12,1630.95
2025-03-11 23:00:00,APXMIDP,79.88,1900.0
2025-03-11 23:30:00,APXMIDP,85.12,1469.05
2025-03-12 00:00:00,APXMIDP,79.51,1627.75
2025-03-12 00:30:00,APXMIDP,81.06,1547.7
2025-03-12 01:00:00,APXMIDP,85.47,1409.6
2025-03-12 01:30:00,APXMIDP,81.12,1603.65
2025-03-12 02:00:00,APXMIDP,78.91,1850.5
2025-03-12 02:30:00,APXMIDP,80.41,1690.95
2025-03-12 03:00:00,APXMIDP,82.52,1832.0
2025-03-12 03:30:00,APXMIDP,75.63,1873.4
2025-03-12 04:00:00,APXMIDP,83.68,1895.15
2025-03-12 04:30:00,APXMIDP,83.88,1933.0
2025-03-12 05:00:00,APXMIDP,92.17,2083.4
2025-03-12 05:30:00,APXMIDP,91.07,2138.45
2025-03-12 06:00:00,APXMIDP,93.89,2162.25
2025-03-12 06:30:00,APXMIDP,105.21,2548.1
2025-03-12 07:00:00,APXMIDP,104.07,2297.65
2025-03-12 07:30:00,APXMIDP,111.02,2456.3
2025-03-12 08:00:00,APXMIDP,107.76,2346.35
2025-03-12 08:30:00,APXMIDP,108.26,2465.05
2025-03-12 09:00:00,APXMIDP,100.32,2353.6
2025-03-12 09:30:00,APXMIDP,92.58,2348.7
2025-03-12 10:00:00,APXMIDP,89.51,2234.3
2025-03-12 10:30:00,APXMIDP,86.97,2382.8
2025-03-12 11:00:00,APXMIDP,97.23,2688.85
2025-03-12 11:30:00,APXMIDP,100.53,2751.25
2025-03-12 12:00:00,APXMIDP,96.65,2723.5
2025-03-12 12:30:00,APXMIDP,96.84,2768.5
2025-03-12 13:00:00,APXMIDP,95.0,3071.3
2025-03-12 13:30:00,APXMIDP,93.29,3399.45
2025-03-12 14:00:00,APXMIDP,97.41,2716.7
2025-03-12 14:30:00,APXMIDP,98.35,3195.8
2025-03-12 15:00:00,APXMIDP,98.69,3224.65
2025-03-12 15:30:00,APXMIDP,94.43,3624.3
2025-03-12 16:00:00,APXMIDP,94.57,3176.4
2025-03-12 16:30:00,APXMIDP,101.77,3131.7
2025-03-12 17:00:00,APXMIDP,125.84,3340.95
2025-03-12 17:30:00,APXMIDP,139.87,3617.8
2025-03-12 18:00:00,APXMIDP,138.04,3844.65
2025-03-12 18:30:00,APXMIDP,145.26,4136.65
2025-03-12 19:00:00,APXMIDP,129.62,3268.35
2025-03-12 19:30:00,APXMIDP,124.62,2735.3
2025-03-12 20:00:00,APXMIDP,114.69,2443.9
2025-03-12 20:30:00,APXMIDP,105.49,2446.75
2025-03-12 21:00:00,APXMIDP,102.59,2322.05
2025-03-12 21:30:00,APXMIDP,99.35,1954.0
2025-03-12 22:00:00,APXMIDP,94.19,1903.25
2025-03-12 22:30:00,APXMIDP,96.47,2097.3
2025-03-12 23:00:00,APXMIDP,85.0,1327.2
2025-03-12 23:30:00,APXMIDP,83.25,1399.5
2025-03-13 00:00:00,APXMIDP,81.1,1351.3
2025-03-13 00:30:00,APXMIDP,84.43,1297.2
2025-03-13 01:00:00,APXMIDP,81.98,1389.75
2025-03-13 01:30:00,APXMIDP,82.65,1692.5
2025-03-13 02:00:00,APXMIDP,77.49,1653.5
2025-03-13 02:30:00,APXMIDP,80.52,1970.9
2025-03-13 03:00:00,APXMIDP,82.19,2551.8
2025-03-13 03:30:00,APXMIDP,78.91,2432.5
2025-03-13 04:00:00,APXMIDP,83.52,2375.65
2025-03-13 04:30:00,APXMIDP,82.7,2039.6
2025-03-13 05:00:00,APXMIDP,94.12,1970.55
2025-03-13 05:30:00,APXMIDP,89.92,2386.15
2025-03-13 06:00:00,APXMIDP,116.55,2190.85
2025-03-13 06:30:00,APXMIDP,121.7,2602.05
2025-03-13 07:00:00,APXMIDP,124.03,2380.25
2025-03-13 07:30:00,APXMIDP,132.54,2546.8
2025-03-13 08:00:00,APXMIDP,116.39,1956.8
2025-03-13 08:30:00,APXMIDP,107.19,2466.45
2025-03-13 09:00:00,APXMIDP,91.97,2028.2
2025-03-13 09:30:00,APXMIDP,89.03,2327.2
2025-03-13 10:00:00,APXMIDP,88.85,2268.0
2025-03-13 10:30:00,APXMIDP,89.96,2507.6
2025-03-13 11:00:00,APXMIDP,89.06,2265.7
2025-03-13 11:30:00,APXMIDP,91.49,2122.95
2025-03-13 12:00:00,APXMIDP,95.4,2301.95
2025-03-13 12:30:00,APXMIDP,94.62,2434.1
2025-03-13 13:00:00,APXMIDP,90.73,2707.25
2025-03-13 13:30:00,APXMIDP,91.14,2864.45
2025-03-13 14:00:00,APXMIDP,93.7,3079.1
2025-03-13 14:30:00,APXMIDP,92.74,3197.15
2025-03-13 15:00:00,APXMIDP,102.65,2845.45
2025-03-13 15:30:00,APXMIDP,106.94,2747.7
2025-03-13 16:00:00,APXMIDP,115.34,2773.75
2025-03-13 16:30:00,APXMIDP,131.45,3547.4
2025-03-13 17:00:00,APXMIDP,131.63,2879.65
2025-03-13 17:30:00,APXMIDP,137.99,3278.1
2025-03-13 18:00:00,APXMIDP,137.64,3428.9
2025-03-13 18:30:00,APXMIDP,140.85,3403.05
2025-03-13 19:00:00,APXMIDP,136.15,2897.65
2025-03-13 19:30:00,APXMIDP,130.74,2713.45
2025-03-13 20:00:00,APXMIDP,124.6,2421.45
2025-03-13 20:30:00,APXMIDP,113.82,2370.25
2025-03-13 21:00:00,APXMIDP,113.73,2286.0
2025-03-13 21:30:00,APXMIDP,97.91,2170.5
2025-03-13 22:00:00,APXMIDP,96.02,2452.1
2025-03-13 22:30:00,APXMIDP,96.71,2497.05
2025-03-13 23:00:00,APXMIDP,93.66,1039.95
2025-03-13 23:30:00,APXMIDP,90.44,823.95
2025-03-14 00:00:00,APXMIDP,89.71,1210.35
2025-03-14 00:30:00,APXMIDP,97.25,1238.6
2025-03-14 01:00:00,APXMIDP,93.36,1292.25
2025-03-14 01:30:00,APXMIDP,83.76,1175.8
2025-03-14 02:00:00,APXMIDP,84.89,1424.7
2025-03-14 02:30:00,APXMIDP,89.73,1757.95
2025-03-14 03:00:00,APXMIDP,90.94,1617.4
2025-03-14 03:30:00,APXMIDP,88.91,1690.2
2025-03-14 04:00:00,APXMIDP,93.31,1347.65
2025-03-14 04:30:00,APXMIDP,89.74,1555.8
2025-03-14 05:00:00,APXMIDP,113.41,1759.3
2025-03-14 05:30:00,APXMIDP,105.06,2032.1
2025-03-14 06:00:00,APXMIDP,118.88,1530.2
2025-03-14 06:30:00,APXMIDP,129.24,1751.8
2025-03-14 07:00:00,APXMIDP,124.22,1871.55
2025-03-14 07:30:00,APXMIDP,128.48,2059.3
2025-03-14 08:00:00,APXMIDP,114.01,1861.15
2025-03-14 08:30:00,APXMIDP,100.94,2288.25
2025-03-14 09:00:00,APXMIDP,97.5,2336.3
2025-03-14 09:30:00,APXMIDP,101.61,3022.4
2025-03-14 10:00:00,APXMIDP,108.86,3968.95
2025-03-14 10:30:00,APXMIDP,102.13,4734.2
2025-03-14 11:00:00,APXMIDP,87.31,4568.55
2025-03-14 11:30:00,APXMIDP,86.3,4807.35
2025-03-14 12:00:00,APXMIDP,88.38,4857.15
2025-03-14 12:30:00,APXMIDP,88.79,4097.2
2025-03-14 13:00:00,APXMIDP,88.75,3970.05
2025-03-14 13:30:00,APXMIDP,87.03,4659.05
2025-03-14 14:00:00,APXMIDP,90.16,4583.65
2025-03-14 14:30:00,APXMIDP,90.09,4363.8
2025-03-14 15:00:00,APXMIDP,99.27,2148.15
2025-03-14 15:30:00,APXMIDP,108.52,2610.45
2025-03-14 16:00:00,APXMIDP,102.68,2027.95
2025-03-14 16:30:00,APXMIDP,118.01,2091.1
2025-03-14 17:00:00,APXMIDP,119.92,2396.0
2025-03-14 17:30:00,APXMIDP,121.65,2445.15
2025-03-14 18:00:00,APXMIDP,123.32,2241.4
2025-03-14 18:30:00,APXMIDP,123.22,2385.7
2025-03-14 19:00:00,APXMIDP,115.82,1954.75
2025-03-14 19:30:00,APXMIDP,111.15,2063.95
2025-03-14 20:00:00,APXMIDP,105.92,1657.3
2025-03-14 20:30:00,APXMIDP,99.18,2101.65
2025-03-14 21:00:00,APXMIDP,105.95,1820.35
2025-03-14 21:30:00,APXMIDP,95.53,1780.15
2025-03-14 22:00:00,APXMIDP,94.35,2031.95
2025-03-14 22:30:00,APXMIDP,103.02,2549.75
2025-03-14 23:00:00,APXMIDP,101.88,1413.15
2025-03-14 23:30:00,APXMIDP,104.25,1513.9
2025-03-15 00:00:00,APXMIDP,105.16,1406.95
2025-03-15 00:30:00,APXMIDP,107.01,1378.7
2025-03-15 01:00:00,APXMIDP,109.05,1121.4
2025-03-15 01:30:00,APXMIDP,102.97,1064.05
2025-03-15 02:00:00,APXMIDP,99.17,1029.1
2025-03-15 02:30:00,APXMIDP,92.97,815.95
2025-03-15 03:00:00,APXMIDP,86.77,1073.35
2025-03-15 03:30:00,APXMIDP,88.65,1383.25
2025-03-15 04:00:00,APXMIDP,85.27,1455.1
2025-03-15 04:30:00,APXMIDP,83.98,1491.75
2025-03-15 05:00:00,APXMIDP,86.45,1325.7
2025-03-15 05:30:00,APXMIDP,89.11,1485.35
2025-03-15 06:00:00,APXMIDP,91.09,1616.85
2025-03-15 06:30:00,APXMIDP,92.6,2046.35
2025-03-15 07:00:00,APXMIDP,101.34,1552.15
2025-03-15 07:30:00,APXMIDP,100.47,1684.6
2025-03-15 08:00:00,APXMIDP,100.72,1725.5
2025-03-15 08:30:00,APXMIDP,101.63,1651.4
2025-03-15 09:00:00,APXMIDP,96.76,1707.4
2025-03-15 09:30:00,APXMIDP,95.13,1576.4
2025-03-15 10:00:00,APXMIDP,90.01,1818.6
2025-03-15 10:30:00,APXMIDP,89.45,2152.15
2025-03-15 11:00:00,APXMIDP,85.98,1839.3
2025-03-15 11:30:00,APXMIDP,85.3,1432.6
2025-03-15 12:00:00,APXMIDP,86.04,1732.7
2025-03-15 12:30:00,APXMIDP,87.91,1854.9
2025-03-15 13:00:00,APXMIDP,86.13,1731.95
2025-03-15 13:30:00,APXMIDP,84.2,1637.65
2025-03-15 14:00:00,APXMIDP,83.43,1843.45
2025-03-15 14:30:00,APXMIDP,83.77,1917.7
2025-03-15 15:00:00,APXMIDP,85.05,1829.25
2025-03-15 15:30:00,APXMIDP,85.41,1695.95
2025-03-15 16:00:00,APXMIDP,86.81,2224.0
2025-03-15 16:30:00,APXMIDP,93.49,2841.4
2025-03-15 17:00:00,APXMIDP,102.53,2234.65
2025-03-15 17:30:00,APXMIDP,111.62,2270.75
2025-03-15 18:00:00,APXMIDP,113.51,2628.6
2025-03-15 18:30:00,APXMIDP,117.87,2975.35
2025-03-15 19:00:00,APXMIDP,108.95,2017.5
2025-03-15 19:30:00,APXMIDP,110.45,1854.9
2025-03-15 20:00:00,APXMIDP,104.12,1499.65
2025-03-15 20:30:00,APXMIDP,94.33,1180.95
2025-03-15 21:00:00,APXMIDP,90.13,1496.35
2025-03-15 21:30:00,APXMIDP,90.05,1594.85
2025-03-15 22:00:00,APXMIDP,86.8,1850.45
2025-03-15 22:30:00,APXMIDP,91.22,1968.5
2025-03-15 23:00:00,APXMIDP,86.62,1425.7
2025-03-15 23:30:00,APXMIDP,87.01,1362.8
2025-03-16 00:00:00,APXMIDP,92.41,1271.1
2025-03-16 00:30:00,APXMIDP,94.41,1056.25
2025-03-16 01:00:00,APXMIDP,95.84,978.25
2025-03-16 01:30:00,APXMIDP,90.31,736.25
2025-03-16 02:00:00,APXMIDP,92.1,976.5
2025-03-16 02:30:00,APXMIDP,91.03,823.7
2025-03-16 03:00:00,APXMIDP,86.31,629.9
2025-03-16 03:30:00,APXMIDP,85.25,649.7
2025-03-16 04:00:00,APXMIDP,85.54,790.5
2025-03-16 04:30:00,APXMIDP,88.82,876.05
2025-03-16 05:00:00,APXMIDP,91.65,947.9
2025-03-16 05:30:00,APXMIDP,89.51,975.4
2025-03-16 06:00:00,APXMIDP,91.14,874.45
2025-03-16 06:30:00,APXMIDP,90.44,934.85
2025-03-16 07:00:00,APXMIDP,87.17,970.9
2025-03-16 07:30:00,APXMIDP,87.7,890.95
2025-03-16 08:00:00,APXMIDP,92.84,1161.5
2025-03-16 08:30:00,APXMIDP,90.1,1064.8
2025-03-16 09:00:00,APXMIDP,87.45,1208.25
2025-03-16 09:30:00,APXMIDP,88.46,1441.75
2025-03-16 10:00:00,APXMIDP,84.99,1026.25
2025-03-16 10:30:00,APXMIDP,85.15,1252.05
2025-03-16 11:00:00,APXMIDP,91.28,1883.1
2025-03-16 11:30:00,APXMIDP,89.86,1813.15
2025-03-16 12:00:00,APXMIDP,97.24,1860.0
2025-03-16 12:30:00,APXMIDP,98.52,1755.0
2025-03-16 13:00:00,APXMIDP,104.02,1983.45
2025-03-16 13:30:00,APXMIDP,102.39,2231.5
2025-03-16 14:00:00,APXMIDP,100.87,3076.2
2025-03-16 14:30:00,APXMIDP,92.5,3233.1
2025-03-16 15:00:00,APXMIDP,96.99,1763.0
2025-03-16 15:30:00,APXMIDP,97.77,2155.45
2025-03-16 16:00:00,APXMIDP,96.92,2071.5
2025-03-16 16:30:00,APXMIDP,103.27,2153.8
2025-03-16 17:00:00,APXMIDP,112.78,1789.45
2025-03-16 17:30:00,APXMIDP,116.14,2240.2
2025-03-16 18:00:00,APXMIDP,120.95,2170.35
2025-03-16 18:30:00,APXMIDP,124.44,2125.9
2025-03-16 19:00:00,APXMIDP,114.53,2734.35
2025-03-16 19:30:00,APXMIDP,106.06,2570.45
2025-03-16 20:00:00,APXMIDP,110.61,2691.2
2025-03-16 20:30:00,APXMIDP,99.42,2992.15
2025-03-16 21:00:00,APXMIDP,95.4,2512.55
2025-03-16 21:30:00,APXMIDP,97.09,2433.15
2025-03-16 22:00:00,APXMIDP,90.63,2237.8
2025-03-16 22:30:00,APXMIDP,92.78,2613.65
2025-03-16 23:00:00,APXMIDP,96.42,1810.9
2025-03-16 23:30:00,APXMIDP,91.69,1976.5
2025-03-17 00:00:00,APXMIDP,87.15,1443.05
2025-03-17 00:30:00,APXMIDP,88.65,1447.3
2025-03-17 01:00:00,APXMIDP,85.42,1424.05
2025-03-17 01:30:00,APXMIDP,86.49,1463.3
2025-03-17 02:00:00,APXMIDP,86.0,1385.1
2025-03-17 02:30:00,APXMIDP,87.49,1574.25
2025-03-17 03:00:00,APXMIDP,90.73,1499.05
2025-03-17 03:30:00,APXMIDP,88.47,1211.4
2025-03-17 04:00:00,APXMIDP,89.32,1572.4
2025-03-17 04:30:00,APXMIDP,87.32,1837.7
2025-03-17 05:00:00,APXMIDP,115.1,1807.15
2025-03-17 05:30:00,APXMIDP,106.66,2136.4
2025-03-17 06:00:00,APXMIDP,126.75,2453.1
2025-03-17 06:30:00,APXMIDP,132.37,2475.6
2025-03-17 07:00:00,APXMIDP,123.51,3253.35
2025-03-17 07:30:00,APXMIDP,127.37,2986.7
2025-03-17 08:00:00,APXMIDP,119.93,2319.8
2025-03-17 08:30:00,APXMIDP,121.93,2585.85
2025-03-17 09:00:00,APXMIDP,124.38,3247.6
2025-03-17 09:30:00,APXMIDP,124.71,3365.05
2025-03-17 10:00:00,APXMIDP,125.1,3107.65
2025-03-17 10:30:00,APXMIDP,124.14,3633.1
2025-03-17 11:00:00,APXMIDP,115.18,3544.95
2025-03-17 11:30:00,APXMIDP,113.45,3514.25
2025-03-17 12:00:00,APXMIDP,110.47,3864.9
2025-03-17 12:30:00,APXMIDP,105.53,3625.55
2025-03-17 13:00:00,APXMIDP,96.1,3624.7
2025-03-17 13:30:00,APXMIDP,94.77,4106.95
2025-03-17 14:00:00,APXMIDP,93.49,3905.65
2025-03-17 14:30:00,APXMIDP,92.82,4049.0
2025-03-17 15:00:00,APXMIDP,96.14,3889.85
2025-03-17 15:30:00,APXMIDP,96.15,3925.4
2025-03-17 16:00:00,APXMIDP,100.47,2779.45
2025-03-17 16:30:00,APXMIDP,101.47,2856.75
2025-03-17 17:00:00,APXMIDP,110.1,3029.45
2025-03-17 17:30:00,APXMIDP,116.89,3420.85
2025-03-17 18:00:00,APXMIDP,116.67,3895.8
2025-03-17 18:30:00,APXMIDP,115.13,3756.2
2025-03-17 19:00:00,APXMIDP,99.84,3123.6
2025-03-17 19:30:00,APXMIDP,99.21,2913.65
2025-03-17 20:00:00,APXMIDP,96.56,2509.4
2025-03-17 20:30:00,APXMIDP,99.79,3001.2
2025-03-17 21:00:00,APXMIDP,88.1,1815.65
2025-03-17 21:30:00,APXMIDP,91.87,1859.0
2025-03-17 22:00:00,APXMIDP,88.02,1860.4
2025-03-17 22:30:00,APXMIDP,86.5,1999.45
2025-03-17 23:00:00,APXMIDP,85.83,1638.45
2025-03-17 23:30:00,APXMIDP,87.84,1986.45
2025-03-18 00:00:00,APXMIDP,88.53,1851.2
2025-03-18 00:30:00,APXMIDP,90.94,1704.55
2025-03-18 01:00:00,APXMIDP,92.78,1709.85
2025-03-18 01:30:00,APXMIDP,91.69,1856.7
2025-03-18 02:00:00,APXMIDP,91.33,1757.7
2025-03-18 02:30:00,APXMIDP,92.28,1967.65
2025-03-18 03:00:00,APXMIDP,92.7,1148.65
2025-03-18 03:30:00,APXMIDP,97.96,1837.2
2025-03-18 04:00:00,APXMIDP,102.32,1628.2
2025-03-18 04:30:00,APXMIDP,96.82,1948.6
2025-03-18 05:00:00,APXMIDP,118.07,1837.25
2025-03-18 05:30:00,APXMIDP,119.03,1750.05
2025-03-18 06:00:00,APXMIDP,119.83,2221.05
2025-03-18 06:30:00,APXMIDP,125.87,2690.1
2025-03-18 07:00:00,APXMIDP,117.72,2757.8
2025-03-18 07:30:00,APXMIDP,117.56,2909.3
2025-03-18 08:00:00,APXMIDP,113.05,2601.95
2025-03-18 08:30:00,APXMIDP,107.96,2771.75
2025-03-18 09:00:00,APXMIDP,110.11,3037.8
2025-03-18 09:30:00,APXMIDP,104.87,2730.6
2025-03-18 10:00:00,APXMIDP,104.16,2031.2
2025-03-18 10:30:00,APXMIDP,100.91,2375.1
2025-03-18 11:00:00,APXMIDP,90.03,2651.7
2025-03-18 11:30:00,APXMIDP,88.55,2878.3
2025-03-18 12:00:00,APXMIDP,86.56,2605.05
2025-03-18 12:30:00,APXMIDP,84.59,2604.4
2025-03-18 13:00:00,APXMIDP,81.76,2697.15
2025-03-18 13:30:00,APXMIDP,79.8,2573.25
2025-03-18 14:00:00,APXMIDP,78.1,2777.45
2025-03-18 14:30:00,APXMIDP,77.32,2741.15
2025-03-18 15:00:00,APXMIDP,72.24,2651.0
2025-03-18 15:30:00,APXMIDP,69.92,3000.2
2025-03-18 16:00:00,APXMIDP,82.74,3525.3
2025-03-18 16:30:00,APXMIDP,78.1,2576.45
2025-03-18 17:00:00,APXMIDP,91.93,3270.1
2025-03-18 17:30:00,APXMIDP,98.32,3539.35
2025-03-18 18:00:00,APXMIDP,113.37,3144.1
2025-03-18 18:30:00,APXMIDP,116.15,3109.2
2025-03-18 19:00:00,APXMIDP,102.78,2421.9
2025-03-18 19:30:00,APXMIDP,102.07,2523.15
2025-03-18 20:00:00,APXMIDP,95.66,2137.95
2025-03-18 20:30:00,APXMIDP,84.08,2063.25
2025-03-18 21:00:00,APXMIDP,81.18,2769.55
2025-03-18 21:30:00,APXMIDP,82.07,2840.35
2025-03-18 22:00:00,APXMIDP,76.78,2878.35
2025-03-18 22:30:00,APXMIDP,77.55,2970.15
2025-03-18 23:00:00,APXMIDP,78.51,1513.55
2025-03-18 23:30:00,APXMIDP,78.24,1426.6
2025-03-19 00:00:00,APXMIDP,78.44,1480.55
2025-03-19 00:30:00,APXMIDP,87.44,1284.75
2025-03-19 01:00:00,APXMIDP,84.05,1501.75
2025-03-19 01:30:00,APXMIDP,87.31,1674.2
2025-03-19 02:00:00,APXMIDP,90.8,1624.65
2025-03-19 02:30:00,APXMIDP,87.92,1977.45
2025-03-19 03:00:00,APXMIDP,94.05,1839.2
2025-03-19 03:30:00,APXMIDP,95.03,2175.15
2025-03-19 04:00:00,APXMIDP,102.98,1715.45
2025-03-19 04:30:00,APXMIDP,102.72,2321.75
2025-03-19 05:00:00,APXMIDP,122.87,2457.95
2025-03-19 05:30:00,APXMIDP,124.79,2363.0
2025-03-19 06:00:00,APXMIDP,115.69,2820.55
2025-03-19 06:30:00,APXMIDP,126.68,2755.85
2025-03-19 07:00:00,APXMIDP,133.08,2672.35
2025-03-19 07:30:00,APXMIDP,131.22,2929.4
2025-03-19 08:00:00,APXMIDP,127.19,2450.25
2025-03-19 08:30:00,APXMIDP,126.55,2323.3
2025-03-19 09:00:00,APXMIDP,120.4,2739.05
2025-03-19 09:30:00,APXMIDP,109.87,2796.05
2025-03-19 10:00:00,APXMIDP,105.33,2865.2
2025-03-19 10:30:00,APXMIDP,101.15,2741.9
2025-03-19 11:00:00,APXMIDP,91.46,2030.4
2025-03-19 11:30:00,APXMIDP,86.03,1675.15
2025-03-19 12:00:00,APXMIDP,87.75,1754.55
2025-03-19 12:30:00,APXMIDP,91.26,1867.4
2025-03-19 13:00:00,APXMIDP,117.98,3949.85
2025-03-19 13:30:00,APXMIDP,110.83,3841.75
2025-03-19 14:00:00,APXMIDP,101.67,4139.8
2025-03-19 14:30:00,APXMIDP,99.98,3506.55
2025-03-19 15:00:00,APXMIDP,110.17,1791.65
2025-03-19 15:30:00,APXMIDP,110.44,1743.95
2025-03-19 16:00:00,APXMIDP,121.6,1378.2
2025-03-19 16:30:00,APXMIDP,126.11,1184.2
2025-03-19 17:00:00,APXMIDP,153.56,973.95
2025-03-19 17:30:00,APXMIDP,155.11,960.8
2025-03-19 18:00:00,APXMIDP,156.55,861.6
2025-03-19 18:30:00,APXMIDP,156.83,875.75
2025-03-19 19:00:00,APXMIDP,181.68,951.85
2025-03-19 19:30:00,APXMIDP,177.48,1689.95
2025-03-19 20:00:00,APXMIDP,129.26,2809.2
2025-03-19 20:30:00,APXMIDP,147.56,3172.35
2025-03-19 21:00:00,APXMIDP,126.37,3956.0
2025-03-19 21:30:00,APXMIDP,105.38,2962.25
2025-03-19 22:00:00,APXMIDP,103.17,3306.35
2025-03-19 22:30:00,APXMIDP,115.16,3613.65
2025-03-19 23:00:00,APXMIDP,121.15,3178.05
2025-03-19 23:30:00,APXMIDP,115.72,1857.65
2025-03-20 00:00:00,APXMIDP,110.21,1450.6
2025-03-20 00:30:00,APXMIDP,115.09,1733.35
2025-03-20 01:00:00,APXMIDP,109.38,1855.95
2025-03-20 01:30:00,APXMIDP,105.03,1650.65
2025-03-20 02:00:00,APXMIDP,107.62,1832.65
2025-03-20 02:30:00,APXMIDP,110.41,2436.6
2025-03-20 03:00:00,APXMIDP,104.82,1897.65
2025-03-20 03:30:00,APXMIDP,98.35,2177.55
2025-03-20 04:00:00,APXMIDP,110.9,1280.5
2025-03-20 04:30:00,APXMIDP,105.64,1957.0
2025-03-20 05:00:00,APXMIDP,122.28,1597.25
2025-03-20 05:30:00,APXMIDP,126.53,1351.25
2025-03-20 06:00:00,APXMIDP,116.46,2016.15
2025-03-20 06:30:00,APXMIDP,124.54,2191.25
2025-03-20 07:00:00,APXMIDP,132.5,2121.7
2025-03-20 07:30:00,APXMIDP,128.36,2439.45
2025-03-20 08:00:00,APXMIDP,127.66,2137.0
2025-03-20 08:30:00,APXMIDP,121.51,1946.2
2025-03-20 09:00:00,APXMIDP,111.96,2058.5
2025-03-20 09:30:00,APXMIDP,100.32,1586.9
2025-03-20 10:00:00,APXMIDP,92.56,2016.95
2025-03-20 10:30:00,APXMIDP,93.4,1855.0
2025-03-20 11:00:00,APXMIDP,90.24,1853.6
2025-03-20 11:30:00,APXMIDP,84.15,1922.85
2025-03-20 12:00:00,APXMIDP,85.67,2004.65
2025-03-20 12:30:00,APXMIDP,84.65,1851.75
2025-03-20 13:00:00,APXMIDP,87.52,2056.3
2025-03-20 13:30:00,APXMIDP,85.04,2118.0
2025-03-20 14:00:00,APXMIDP,83.69,2267.5
2025-03-20 14:30:00,APXMIDP,83.81,2144.5
2025-03-20 15:00:00,APXMIDP,89.73,1707.65
2025-03-20 15:30:00,APXMIDP,88.14,2030.2
2025-03-20 16:00:00,APXMIDP,103.93,3111.9
2025-03-20 16:30:00,APXMIDP,124.99,3177.05
2025-03-20 17:00:00,APXMIDP,125.78,3035.85
2025-03-20 17:30:00,APXMIDP,126.44,3657.75
2025-03-20 18:00:00,APXMIDP,136.7,4382.85
2025-03-20 18:30:00,APXMIDP,142.77,4521.35
2025-03-20 19:00:00,APXMIDP,125.86,4824.9
2025-03-20 19:30:00,APXMIDP,111.89,3484.4
2025-03-20 20:00:00,APXMIDP,104.04,2895.75
2025-03-20 20:30:00,APXMIDP,100.66,2895.7
2025-03-20 21:00:00,APXMIDP,94.69,3091.6
2025-03-20 21:30:00,APXMIDP,95.61,3345.3
2025-03-20 22:00:00,APXMIDP,94.67,3263.75
2025-03-20 22:30:00,APXMIDP,93.34,3844.15
2025-03-20 23:00:00,APXMIDP,93.44,2313.6
2025-03-20 23:30:00,APXMIDP,97.24,1920.9
2025-03-21 00:00:00,APXMIDP,92.61,1945.55
2025-03-21 00:30:00,APXMIDP,95.19,1734.55
2025-03-21 01:00:00,APXMIDP,94.5,1418.35
2025-03-21 01:30:00,APXMIDP,91.24,1688.65
2025-03-21 02:00:00,APXMIDP,89.67,1866.6
2025-03-21 02:30:00,APXMIDP,86.41,1829.35
2025-03-21 03:00:00,APXMIDP,81.76,2453.1
2025-03-21 03:30:00,APXMIDP,83.9,2646.4
2025-03-21 04:00:00,APXMIDP,87.31,2211.35
2025-03-21 04:30:00,APXMIDP,88.21,2883.9
2025-03-21 05:00:00,APXMIDP,92.33,2864.65
2025-03-21 05:30:00,APXMIDP,100.85,2856.45
2025-03-21 06:00:00,APXMIDP,103.76,2876.55
2025-03-21 06:30:00,APXMIDP,105.81,3256.5
2025-03-21 07:00:00,APXMIDP,84.34,2905.6
2025-03-21 07:30:00,APXMIDP,87.93,3010.05
2025-03-21 08:00:00,APXMIDP,84.77,2900.5
2025-03-21 08:30:00,APXMIDP,91.8,3149.4
2025-03-21 09:00:00,APXMIDP,91.54,3291.25
2025-03-21 09:30:00,APXMIDP,94.49,3032.15
2025-03-21 10:00:00,APXMIDP,96.51,3210.65
2025-03-21 10:30:00,APXMIDP,94.38,3438.2
2025-03-21 11:00:00,APXMIDP,85.62,3761.7
2025-03-21 11:30:00,APXMIDP,85.1,4018.15
2025-03-21 12:00:00,APXMIDP,73.1,4093.25
2025-03-21 12:30:00,APXMIDP,65.49,3950.35
2025-03-21 13:00:00,APXMIDP,60.39,3786.35
2025-03-21 13:30:00,APXMIDP,59.16,3474.0
2025-03-21 14:00:00,APXMIDP,58.91,3532.6
2025-03-21 14:30:00,APXMIDP,57.75,3459.9
2025-03-21 15:00:00,APXMIDP,73.26,2691.25
2025-03-21 15:30:00,APXMIDP,80.71,2796.6
2025-03-21 16:00:00,APXMIDP,95.28,2780.0
2025-03-21 16:30:00,APXMIDP,104.91,2566.2
2025-03-21 17:00:00,APXMIDP,116.69,3006.55
2025-03-21 17:30:00,APXMIDP,120.01,2952.25
2025-03-21 18:00:00,APXMIDP,121.31,3799.65
2025-03-21 18:30:00,APXMIDP,120.69,3759.4
2025-03-21 19:00:00,APXMIDP,114.73,3296.5
2025-03-21 19:30:00,APXMIDP,114.01,3028.4
2025-03-21 20:00:00,APXMIDP,109.46,3061.7
2025-03-21 20:30:00,APXMIDP,101.94,3293.5
2025-03-21 21:00:00,APXMIDP,100.82,2376.15
2025-03-21 21:30:00,APXMIDP,98.71,2226.95
2025-03-21 22:00:00,APXMIDP,102.0,2388.7
2025-03-21 22:30:00,APXMIDP,93.05,2548.65
2025-03-21 23:00:00,APXMIDP,83.92,2720.4
2025-03-21 23:30:00,APXMIDP,76.79,2675.6
2025-03-22 00:00:00,APXMIDP,70.61,2360.3
2025-03-22 00:30:00,APXMIDP,78.81,2194.95
2025-03-22 01:00:00,APXMIDP,71.79,2013.75
2025-03-22 01:30:00,APXMIDP,70.21,2108.15
2025-03-22 02:00:00,APXMIDP,70.02,2294.5
2025-03-22 02:30:00,APXMIDP,68.17,2262.6
2025-03-22 03:00:00,APXMIDP,51.8,2498.15
2025-03-22 03:30:00,APXMIDP,43.66,2562.35
2025-03-22 04:00:00,APXMIDP,49.05,2388.15
2025-03-22 04:30:00,APXMIDP,49.41,2471.1
2025-03-22 05:00:00,APXMIDP,37.11,2488.5
2025-03-22 05:30:00,APXMIDP,36.3,2452.95
2025-03-22 06:00:00,APXMIDP,51.22,2363.55
2025-03-22 06:30:00,APXMIDP,52.36,2244.65
2025-03-22 07:00:00,APXMIDP,72.45,2286.5
2025-03-22 07:30:00,APXMIDP,81.74,2796.45
2025-03-22 08:00:00,APXMIDP,85.97,2288.7
2025-03-22 08:30:00,APXMIDP,93.4,2438.7
2025-03-22 09:00:00,APXMIDP,97.83,2719.15
2025-03-22 09:30:00,APXMIDP,101.44,2332.4
2025-03-22 10:00:00,APXMIDP,101.84,2486.15
2025-03-22 10:30:00,APXMIDP,101.3,2648.9
2025-03-22 11:00:00,APXMIDP,104.0,2267.25
2025-03-22 11:30:00,APXMIDP,102.42,2055.5
2025-03-22 12:00:00,APXMIDP,96.01,2427.95
2025-03-22 12:30:00,APXMIDP,98.79,2798.45
2025-03-22 13:00:00,APXMIDP,98.15,3071.2
2025-03-22 13:30:00,APXMIDP,100.32,2786.1
2025-03-22 14:00:00,APXMIDP,100.56,2605.9
2025-03-22 14:30:00,APXMIDP,100.93,2850.85
2025-03-22 15:00:00,APXMIDP,102.64,1809.85
2025-03-22 15:30:00,APXMIDP,100.78,2098.4
2025-03-22 16:00:00,APXMIDP,100.52,2782.6
2025-03-22 16:30:00,APXMIDP,108.36,2650.0
2025-03-22 17:00:00,APXMIDP,123.96,2234.5
2025-03-22 17:30:00,APXMIDP,128.09,2120.05
2025-03-22 18:00:00,APXMIDP,130.72,2039.6
2025-03-22 18:30:00,APXMIDP,133.76,2292.9
2025-03-22 19:00:00,APXMIDP,131.06,2582.7
2025-03-22 19:30:00,APXMIDP,125.08,2192.15
2025-03-22 20:00:00,APXMIDP,113.69,2713.65
2025-03-22 20:30:00,APXMIDP,102.32,2532.45
2025-03-22 21:00:00,APXMIDP,99.41,2350.2
2025-03-22 21:30:00,APXMIDP,103.0,2545.65
2025-03-22 22:00:00,APXMIDP,96.13,2705.3
2025-03-22 22:30:00,APXMIDP,98.46,2695.8
2025-03-22 23:00:00,APXMIDP,97.29,2182.6
2025-03-22 23:30:00,APXMIDP,99.87,2234.25
2025-03-23 00:00:00,APXMIDP,100.17,2502.75
2025-03-23 00:30:00,APXMIDP,99.04,2210.0
2025-03-23 01:00:00,APXMIDP,99.71,1732.85
2025-03-23 01:30:00,APXMIDP,95.95,1681.9
2025-03-23 02:00:00,APXMIDP,93.54,1790.3
2025-03-23 02:30:00,APXMIDP,90.57,1761.35
2025-03-23 03:00:00,APXMIDP,87.1,1708.15
2025-03-23 03:30:00,APXMIDP,86.44,1639.7
2025-03-23 04:00:00,APXMIDP,81.33,1760.25
2025-03-23 04:30:00,APXMIDP,74.45,2024.9
2025-03-23 05:00:00,APXMIDP,82.35,1599.7
2025-03-23 05:30:00,APXMIDP,83.47,1753.0
2025-03-23 06:00:00,APXMIDP,85.78,2121.2
2025-03-23 06:30:00,APXMIDP,87.22,1902.85
2025-03-23 07:00:00,APXMIDP,92.31,2090.65
2025-03-23 07:30:00,APXMIDP,87.8,2267.9
2025-03-23 08:00:00,APXMIDP,85.68,2175.8
2025-03-23 08:30:00,APXMIDP,87.78,2426.3
2025-03-23 09:00:00,APXMIDP,83.65,2187.95
2025-03-23 09:30:00,APXMIDP,93.23,2543.85
2025-03-23 10:00:00,APXMIDP,93.89,2492.55
2025-03-23 10:30:00,APXMIDP,96.42,2776.0
2025-03-23 11:00:00,APXMIDP,103.85,2107.45
2025-03-23 11:30:00,APXMIDP,109.1,1877.0
2025-03-23 12:00:00,APXMIDP,113.95,1859.65
2025-03-23 12:30:00,APXMIDP,113.08,2110.75
2025-03-23 13:00:00,APXMIDP,109.73,2436.5
2025-03-23 13:30:00,APXMIDP,102.3,2496.25
2025-03-23 14:00:00,APXMIDP,98.12,2570.9
2025-03-23 14:30:00,APXMIDP,97.28,2843.65
2025-03-23 15:00:00,APXMIDP,91.81,1769.4
2025-03-23 15:30:00,APXMIDP,91.39,1798.9
2025-03-23 16:00:00,APXMIDP,98.8,2097.55
2025-03-23 16:30:00,APXMIDP,116.28,1846.55
2025-03-23 17:00:00,APXMIDP,122.37,1841.95
2025-03-23 17:30:00,APXMIDP,125.83,1730.0
2025-03-23 18:00:00,APXMIDP,119.9,1821.75
2025-03-23 18:30:00,APXMIDP,121.21,1902.1
2025-03-23 19:00:00,APXMIDP,126.08,1719.65
2025-03-23 19:30:00,APXMIDP,122.46,1501.8
2025-03-23 20:00:00,APXMIDP,120.45,1265.6
2025-03-23 20:30:00,APXMIDP,108.58,1483.6
2025-03-23 21:00:00,APXMIDP,105.34,1464.5
2025-03-23 21:30:00,APXMIDP,107.95,1856.7
2025-03-23 22:00:00,APXMIDP,102.23,2108.7
2025-03-23 22:30:00,APXMIDP,101.68,1766.65
2025-03-23 23:00:00,APXMIDP,103.02,1446.9
2025-03-23 23:30:00,APXMIDP,92.65,1283.3
2025-03-24 00:00:00,APXMIDP,89.49,1402.9
2025-03-24 00:30:00,APXMIDP,93.39,1312.05
2025-03-24 01:00:00,APXMIDP,91.1,1271.15
2025-03-24 01:30:00,APXMIDP,88.07,1470.25
2025-03-24 02:00:00,APXMIDP,90.83,1564.95
2025-03-24 02:30:00,APXMIDP,89.44,1467.2
2025-03-24 03:00:00,APXMIDP,92.0,1283.9
2025-03-24 03:30:00,APXMIDP,91.34,1298.4
2025-03-24 04:00:00,APXMIDP,95.76,1385.05
2025-03-24 04:30:00,APXMIDP,96.15,1275.9
2025-03-24 05:00:00,APXMIDP,98.73,1411.3
2025-03-24 05:30:00,APXMIDP,95.38,1669.95
2025-03-24 06:00:00,APXMIDP,117.77,2009.8
2025-03-24 06:30:00,APXMIDP,125.26,2376.85
2025-03-24 07:00:00,APXMIDP,128.77,1955.0
2025-03-24 07:30:00,APXMIDP,133.75,2567.3
2025-03-24 08:00:00,APXMIDP,120.89,2147.45
2025-03-24 08:30:00,APXMIDP,121.48,2403.15
2025-03-24 09:00:00,APXMIDP,115.26,2585.95
2025-03-24 09:30:00,APXMIDP,116.31,2952.35
2025-03-24 10:00:00,APXMIDP,114.59,2089.4
2025-03-24 10:30:00,APXMIDP,109.54,2885.25
2025-03-24 11:00:00,APXMIDP,88.76,2589.1
2025-03-24 11:30:00,APXMIDP,85.23,2909.25
2025-03-24 12:00:00,APXMIDP,84.28,2853.45
2025-03-24 12:30:00,APXMIDP,81.66,3378.45
2025-03-24 13:00:00,APXMIDP,81.56,4291.15
2025-03-24 13:30:00,APXMIDP,78.51,3668.45
2025-03-24 14:00:00,APXMIDP,79.46,3510.9
2025-03-24 14:30:00,APXMIDP,78.93,3669.15
2025-03-24 15:00:00,APXMIDP,81.5,2335.65
2025-03-24 15:30:00,APXMIDP,79.95,2923.6
2025-03-24 16:00:00,APXMIDP,85.88,2241.4
2025-03-24 16:30:00,APXMIDP,88.9,2508.6
2025-03-24 17:00:00,APXMIDP,101.13,2789.05
2025-03-24 17:30:00,APXMIDP,108.7,2791.75
2025-03-24 18:00:00,APXMIDP,128.89,2971.85
2025-03-24 18:30:00,APXMIDP,130.17,3086.5
2025-03-24 19:00:00,APXMIDP,124.96,2315.2
2025-03-24 19:30:00,APXMIDP,122.02,2048.7
2025-03-24 20:00:00,APXMIDP,108.01,1342.65
2025-03-24 20:30:00,APXMIDP,103.45,1415.4
2025-03-24 21:00:00,APXMIDP,92.07,1126.6
2025-03-24 21:30:00,APXMIDP,93.92,1228.45
2025-03-24 22:00:00,APXMIDP,91.36,1175.5
2025-03-24 22:30:00,APXMIDP,83.4,1567.35
2025-03-24 23:00:00,APXMIDP,81.35,1063.25
2025-03-24 23:30:00,APXMIDP,80.48,1252.1
2025-03-25 00:00:00,APXMIDP,80.72,1435.05
2025-03-25 00:30:00,APXMIDP,81.07,1307.3
2025-03-25 01:00:00,APXMIDP,81.79,1581.15
2025-03-25 01:30:00,APXMIDP,84.83,1751.05
2025-03-25 02:00:00,APXMIDP,80.72,1572.0
2025-03-25 02:30:00,APXMIDP,85.66,1865.1
2025-03-25 03:00:00,APXMIDP,85.02,1840.25
2025-03-25 03:30:00,APXMIDP,84.04,1779.9
2025-03-25 04:00:00,APXMIDP,79.94,2233.15
2025-03-25 04:30:00,APXMIDP,86.71,2390.35
2025-03-25 05:00:00,APXMIDP,81.52,2099.75
2025-03-25 05:30:00,APXMIDP,85.65,2479.4
2025-03-25 06:00:00,APXMIDP,92.07,2191.3
2025-03-25 06:30:00,APXMIDP,96.71,2678.4
2025-03-25 07:00:00,APXMIDP,95.0,2180.75
2025-03-25 07:30:00,APXMIDP,98.31,2448.55
2025-03-25 08:00:00,APXMIDP,92.94,2623.2
2025-03-25 08:30:00,APXMIDP,94.06,2978.1
2025-03-25 09:00:00,APXMIDP,91.85,2765.45
2025-03-25 09:30:00,APXMIDP,91.7,3182.4
2025-03-25 10:00:00,APXMIDP,86.61,2973.8
2025-03-25 10:30:00,APXMIDP,83.86,2671.8
2025-03-25 11:00:00,APXMIDP,85.01,3072.15
2025-03-25 11:30:00,APXMIDP,84.69,3128.0
2025-03-25 12:00:00,APXMIDP,81.73,2813.8
2025-03-25 12:30:00,APXMIDP,83.38,3919.0
2025-03-25 13:00:00,APXMIDP,78.47,3747.9
2025-03-25 13:30:00,APXMIDP,73.28,4037.8
2025-03-25 14:00:00,APXMIDP,73.65,4963.35
2025-03-25 14:30:00,APXMIDP,78.46,4829.8
2025-03-25 15:00:00,APXMIDP,76.02,3836.45
2025-03-25 15:30:00,APXMIDP,75.84,3578.2
2025-03-25 16:00:00,APXMIDP,88.79,3504.7
2025-03-25 16:30:00,APXMIDP,99.16,3113.25
2025-03-25 17:00:00,APXMIDP,114.82,3345.4
2025-03-25 17:30:00,APXMIDP,118.9,3208.6
2025-03-25 18:00:00,APXMIDP,116.21,3688.2
2025-03-25 18:30:00,APXMIDP,124.15,3457.1
2025-03-25 19:00:00,APXMIDP,113.68,2721.25
2025-03-25 19:30:00,APXMIDP,111.52,2896.6
2025-03-25 20:00:00,APXMIDP,111.47,2524.05
2025-03-25 20:30:00,APXMIDP,103.73,2322.2
2025-03-25 21:00:00,APXMIDP,96.24,2321.75
2025-03-25 21:30:00,APXMIDP,97.5,2903.15
2025-03-25 22:00:00,APXMIDP,93.48,2898.05
2025-03-25 22:30:00,APXMIDP,96.42,2827.6
2025-03-25 23:00:00,APXMIDP,95.87,1807.9
2025-03-25 23:30:00,APXMIDP,89.27,1479.8
2025-03-26 00:00:00,APXMIDP,93.64,1331.5
2025-03-26 00:30:00,APXMIDP,96.89,1238.0
2025-03-26 01:00:00,APXMIDP,88.06,1148.05
2025-03-26 01:30:00,APXMIDP,85.19,1379.65
2025-03-26 02:00:00,APXMIDP,89.5,1374.6
2025-03-26 02:30:00,APXMIDP,83.37,1311.3
2025-03-26 03:00:00,APXMIDP,84.73,1626.3
2025-03-26 03:30:00,APXMIDP,83.75,1190.3
2025-03-26 04:00:00,APXMIDP,79.15,1464.35
2025-03-26 04:30:00,APXMIDP,82.61,1286.7
2025-03-26 05:00:00,APXMIDP,98.0,1617.5
2025-03-26 05:30:00,APXMIDP,107.25,1819.45
2025-03-26 06:00:00,APXMIDP,107.7,2382.1
2025-03-26 06:30:00,APXMIDP,115.06,2469.45
2025-03-26 07:00:00,APXMIDP,124.82,2242.6
2025-03-26 07:30:00,APXMIDP,125.17,2739.3
2025-03-26 08:00:00,APXMIDP,124.19,2445.25
2025-03-26 08:30:00,APXMIDP,117.13,2382.05
2025-03-26 09:00:00,APXMIDP,101.57,2427.95
2025-03-26 09:30:00,APXMIDP,93.82,2475.75
2025-03-26 10:00:00,APXMIDP,95.79,2550.85
2025-03-26 10:30:00,APXMIDP,96.18,2478.2
2025-03-26 11:00:00,APXMIDP,98.22,2732.45
2025-03-26 11:30:00,APXMIDP,95.3,2915.55
2025-03-26 12:00:00,APXMIDP,91.11,3226.45
2025-03-26 12:30:00,APXMIDP,87.6,3369.35
2025-03-26 13:00:00,APXMIDP,87.98,2872.55
2025-03-26 13:30:00,APXMIDP,86.22,3005.9
2025-03-26 14:00:00,APXMIDP,88.6,3607.0
2025-03-26 14:30:00,APXMIDP,88.23,3339.05
2025-03-26 15:00:00,APXMIDP,100.0,2572.0
2025-03-26 15:30:00,APXMIDP,100.92,2534.6
2025-03-26 16:00:00,APXMIDP,97.05,2463.15
2025-03-26 16:30:00,APXMIDP,96.02,3144.7
2025-03-26 17:00:00,APXMIDP,104.35,3974.5
2025-03-26 17:30:00,APXMIDP,107.48,4018.4
2025-03-26 18:00:00,APXMIDP,118.64,4226.05
2025-03-26 18:30:00,APXMIDP,116.96,4549.65
2025-03-26 19:00:00,APXMIDP,102.53,3300.1
2025-03-26 19:30:00,APXMIDP,101.59,3329.7
2025-03-26 20:00:00,APXMIDP,100.54,2608.2
2025-03-26 20:30:00,APXMIDP,96.12,3000.5
2025-03-26 21:00:00,APXMIDP,94.03,3206.95
2025-03-26 21:30:00,APXMIDP,96.92,2885.3
2025-03-26 22:00:00,APXMIDP,94.43,2871.0
2025-03-26 22:30:00,APXMIDP,93.2,2575.55
2025-03-26 23:00:00,APXMIDP,79.7,1515.1
2025-03-26 23:30:00,APXMIDP,80.33,1444.15
2025-03-27 00:00:00,APXMIDP,77.85,1933.4
2025-03-27 00:30:00,APXMIDP,86.71,1662.8
2025-03-27 01:00:00,APXMIDP,85.43,2083.75
2025-03-27 01:30:00,APXMIDP,79.45,2129.7
2025-03-27 02:00:00,APXMIDP,79.75,1949.1
2025-03-27 02:30:00,APXMIDP,80.72,1672.35
2025-03-27 03:00:00,APXMIDP,76.08,1565.15
2025-03-27 03:30:00,APXMIDP,81.12,1538.05
2025-03-27 04:00:00,APXMIDP,86.99,1951.95
2025-03-27 04:30:00,APXMIDP,84.49,2046.75
2025-03-27 05:00:00,APXMIDP,96.79,2231.9
2025-03-27 05:30:00,APXMIDP,102.66,2092.35
2025-03-27 06:00:00,APXMIDP,103.52,2157.2
2025-03-27 06:30:00,APXMIDP,113.4,2053.6
2025-03-27 07:00:00,APXMIDP,102.28,2448.05
2025-03-27 07:30:00,APXMIDP,103.26,2592.45
2025-03-27 08:00:00,APXMIDP,103.33,2073.4
2025-03-27 08:30:00,APXMIDP,100.09,2340.8
2025-03-27 09:00:00,APXMIDP,100.58,2725.55
2025-03-27 09:30:00,APXMIDP,95.08,2748.85
2025-03-27 10:00:00,APXMIDP,90.74,2624.45
2025-03-27 10:30:00,APXMIDP,92.72,2919.45
2025-03-27 11:00:00,APXMIDP,90.57,2569.35
2025-03-27 11:30:00,APXMIDP,88.54,2951.9
2025-03-27 12:00:00,APXMIDP,86.42,2765.15
2025-03-27 12:30:00,APXMIDP,76.76,2891.15
2025-03-27 13:00:00,APXMIDP,57.42,3034.5
2025-03-27 13:30:00,APXMIDP,52.01,2804.05
2025-03-27 14:00:00,APXMIDP,49.09,3227.25
2025-03-27 14:30:00,APXMIDP,45.71,3200.0
2025-03-27 15:00:00,APXMIDP,51.4,2755.65
2025-03-27 15:30:00,APXMIDP,46.32,3176.1
2025-03-27 16:00:00,APXMIDP,67.71,3439.25
2025-03-27 16:30:00,APXMIDP,68.63,3283.5
2025-03-27 17:00:00,APXMIDP,90.87,3437.15
2025-03-27 17:30:00,APXMIDP,99.36,3493.85
2025-03-27 18:00:00,APXMIDP,106.54,3030.9
2025-03-27 18:30:00,APXMIDP,110.71,3478.2
2025-03-27 19:00:00,APXMIDP,105.15,3233.5
2025-03-27 19:30:00,APXMIDP,101.95,3329.4
2025-03-27 20:00:00,APXMIDP,93.9,3234.0
2025-03-27 20:30:00,APXMIDP,88.87,3402.15
2025-03-27 21:00:00,APXMIDP,83.58,3167.7
2025-03-27 21:30:00,APXMIDP,74.82,2916.15
2025-03-27 22:00:00,APXMIDP,69.83,2450.4
2025-03-27 22:30:00,APXMIDP,50.52,2435.85
2025-03-27 23:00:00,APXMIDP,31.89,1648.9
2025-03-27 23:30:00,APXMIDP,23.55,1573.2
2025-03-28 00:00:00,APXMIDP,16.93,1630.4
2025-03-28 00:30:00,APXMIDP,17.77,1438.95
2025-03-28 01:00:00,APXMIDP,16.08,1278.15
2025-03-28 01:30:00,APXMIDP,12.31,1435.3
2025-03-28 02:00:00,APXMIDP,11.14,1554.45
2025-03-28 02:30:00,APXMIDP,10.49,1628.1
2025-03-28 03:00:00,APXMIDP,12.05,1258.6
2025-03-28 03:30:00,APXMIDP,12.63,1569.25
2025-03-28 04:00:00,APXMIDP,26.07,1806.6
2025-03-28 04:30:00,APXMIDP,26.98,1862.7
2025-03-28 05:00:00,APXMIDP,47.95,1941.6
2025-03-28 05:30:00,APXMIDP,55.12,2057.4
2025-03-28 06:00:00,APXMIDP,68.63,1973.6
2025-03-28 06:30:00,APXMIDP,82.84,2310.95
2025-03-28 07:00:00,APXMIDP,60.33,2349.05
2025-03-28 07:30:00,APXMIDP,64.79,2565.55
2025-03-28 08:00:00,APXMIDP,51.21,2237.65
2025-03-28 08:30:00,APXMIDP,55.31,2657.2
2025-03-28 09:00:00,APXMIDP,35.89,3192.9
2025-03-28 09:30:00,APXMIDP,32.3,3559.85
2025-03-28 10:00:00,APXMIDP,25.87,3356.55
2025-03-28 10:30:00,APXMIDP,20.88,3102.15
2025-03-28 11:00:00,APXMIDP,10.13,2819.85
2025-03-28 11:30:00,APXMIDP,7.59,2711.65
2025-03-28 12:00:00,APXMIDP,1.33,2942.75
2025-03-28 12:30:00,APXMIDP,-0.37,3061.45
2025-03-28 13:00:00,APXMIDP,0.77,3657.55
2025-03-28 13:30:00,APXMIDP,0.23,3871.6
2025-03-28 14:00:00,APXMIDP,15.93,4639.0
2025-03-28 14:30:00,APXMIDP,15.89,5336.15
2025-03-28 15:00:00,APXMIDP,28.7,3563.35
2025-03-28 15:30:00,APXMIDP,40.57,3494.8
2025-03-28 16:00:00,APXMIDP,68.69,4535.45
2025-03-28 16:30:00,APXMIDP,70.74,4207.25
2025-03-28 17:00:00,APXMIDP,94.53,3198.2
2025-03-28 17:30:00,APXMIDP,102.58,3063.8
2025-03-28 18:00:00,APXMIDP,105.92,3278.25
2025-03-28 18:30:00,APXMIDP,112.89,3487.05
2025-03-28 19:00:00,APXMIDP,103.17,3183.95
2025-03-28 19:30:00,APXMIDP,99.38,2926.0
2025-03-28 20:00:00,APXMIDP,93.38,3228.9
2025-03-28 20:30:00,APXMIDP,95.31,2339.7
2025-03-28 21:00:00,APXMIDP,93.02,2128.4
2025-03-28 21:30:00,APXMIDP,90.47,2319.15
2025-03-28 22:00:00,APXMIDP,86.22,2364.6
2025-03-28 22:30:00,APXMIDP,86.24,2096.15
2025-03-28 23:00:00,APXMIDP,84.96,1889.5
2025-03-28 23:30:00,APXMIDP,89.5,1720.55
2025-03-29 00:00:00,APXMIDP,84.01,1829.35
2025-03-29 00:30:00,APXMIDP,87.64,1776.15
2025-03-29 01:00:00,APXMIDP,84.05,1532.15
2025-03-29 01:30:00,APXMIDP,76.34,1722.85
2025-03-29 02:00:00,APXMIDP,71.41,1850.35
2025-03-29 02:30:00,APXMIDP,75.19,1987.55
2025-03-29 03:00:00,APXMIDP,77.47,1716.1
2025-03-29 03:30:00,APXMIDP,76.88,1561.05
2025-03-29 04:00:00,APXMIDP,76.19,1411.35
2025-03-29 04:30:00,APXMIDP,76.18,1249.65
2025-03-29 05:00:00,APXMIDP,89.72,1114.0
2025-03-29 05:30:00,APXMIDP,93.81,1327.55
2025-03-29 06:00:00,APXMIDP,95.29,1466.75
2025-03-29 06:30:00,APXMIDP,98.87,1769.8
2025-03-29 07:00:00,APXMIDP,102.91,1483.55
2025-03-29 07:30:00,APXMIDP,105.23,1566.8
2025-03-29 08:00:00,APXMIDP,109.2,1665.6
2025-03-29 08:30:00,APXMIDP,106.09,1648.3
2025-03-29 09:00:00,APXMIDP,102.89,1413.1
2025-03-29 09:30:00,APXMIDP,78.24,1936.9
2025-03-29 10:00:00,APXMIDP,64.27,1803.85
2025-03-29 10:30:00,APXMIDP,46.61,1916.05
2025-03-29 11:00:00,APXMIDP,19.48,2289.5
2025-03-29 11:30:00,APXMIDP,4.95,2190.15
2025-03-29 12:00:00,APXMIDP,-4.73,2027.45
2025-03-29 12:30:00,APXMIDP,-9.3,2161.2
2025-03-29 13:00:00,APXMIDP,-9.99,2110.25
2025-03-29 13:30:00,APXMIDP,-17.18,2264.0
2025-03-29 14:00:00,APXMIDP,-11.17,2530.85
2025-03-29 14:30:00,APXMIDP,-10.64,3023.15
2025-03-29 15:00:00,APXMIDP,13.09,2228.55
2025-03-29 15:30:00,APXMIDP,17.11,2932.7
2025-03-29 16:00:00,APXMIDP,29.04,3121.55
2025-03-29 16:30:00,APXMIDP,51.39,3231.7
2025-03-29 17:00:00,APXMIDP,74.75,2294.3
2025-03-29 17:30:00,APXMIDP,81.66,2487.25
2025-03-29 18:00:00,APXMIDP,89.86,2539.85
2025-03-29 18:30:00,APXMIDP,94.11,2775.4
2025-03-29 19:00:00,APXMIDP,74.17,2196.65
2025-03-29 19:30:00,APXMIDP,63.81,2620.0
2025-03-29 20:00:00,APXMIDP,54.06,1951.8
2025-03-29 20:30:00,APXMIDP,34.15,1957.0
2025-03-29 21:00:00,APXMIDP,24.74,1633.2
2025-03-29 21:30:00,APXMIDP,14.47,1530.75
2025-03-29 22:00:00,APXMIDP,27.96,1930.95
2025-03-29 22:30:00,APXMIDP,16.32,2288.7
2025-03-29 23:00:00,APXMIDP,15.42,1625.5
2025-03-29 23:30:00,APXMIDP,14.7,1470.55
2025-03-30 00:00:00,APXMIDP,11.11,1001.35
2025-03-30 00:30:00,APXMIDP,12.37,966.95
2025-03-30 01:00:00,APXMIDP,0.31,864.0
2025-03-30 01:30:00,APXMIDP,-4.73,973.8
2025-03-30 02:00:00,APXMIDP,-6.22,1407.45
2025-03-30 02:30:00,APXMIDP,-8.59,1740.4
2025-03-30 03:00:00,APXMIDP,-6.94,1717.05
2025-03-30 03:30:00,APXMIDP,-9.56,1987.5
2025-03-30 04:00:00,APXMIDP,-8.56,1716.2
2025-03-30 04:30:00,APXMIDP,-5.56,1632.55
2025-03-30 05:00:00,APXMIDP,2.12,1971.75
2025-03-30 05:30:00,APXMIDP,3.93,2265.55
2025-03-30 06:00:00,APXMIDP,8.81,1677.15
2025-03-30 06:30:00,APXMIDP,10.2,1658.0
2025-03-30 07:00:00,APXMIDP,10.93,2050.6
2025-03-30 07:30:00,APXMIDP,12.15,1680.65
2025-03-30 08:00:00,APXMIDP,0.05,1245.6
2025-03-30 08:30:00,APXMIDP,0.42,1477.6
2025-03-30 09:00:00,APXMIDP,-4.65,2145.8
2025-03-30 09:30:00,APXMIDP,-7.5,1971.95
2025-03-30 10:00:00,APXMIDP,-7.26,2467.4
2025-03-30 10:30:00,APXMIDP,-10.1,2670.15
2025-03-30 11:00:00,APXMIDP,-14.5,2997.75
2025-03-30 11:30:00,APXMIDP,-13.74,3123.25
2025-03-30 12:00:00,APXMIDP,-13.05,2737.7
2025-03-30 12:30:00,APXMIDP,-9.51,2960.8
2025-03-30 13:00:00,APXMIDP,-12.15,2900.45
2025-03-30 13:30:00,APXMIDP,-3.35,2952.95
2025-03-30 14:00:00,APXMIDP,-2.36,3226.0
2025-03-30 14:30:00,APXMIDP,8.13,3397.95
2025-03-30 15:00:00,APXMIDP,8.04,3315.8
2025-03-30 15:30:00,APXMIDP,21.09,3393.4
2025-03-30 16:00:00,APXMIDP,84.61,3614.75
2025-03-30 16:30:00,APXMIDP,86.06,3812.05
2025-03-30 17:00:00,APXMIDP,78.88,2952.2
2025-03-30 17:30:00,APXMIDP,80.41,3166.1
2025-03-30 18:00:00,APXMIDP,85.1,2741.35
2025-03-30 18:30:00,APXMIDP,100.0,2333.85
2025-03-30 19:00:00,APXMIDP,98.55,2069.9
2025-03-30 19:30:00,APXMIDP,100.55,2434.85
2025-03-30 20:00:00,APXMIDP,113.31,1707.3
2025-03-30 20:30:00,APXMIDP,110.72,1984.15
2025-03-30 21:00:00,APXMIDP,99.46,1851.05
2025-03-30 21:30:00,APXMIDP,90.46,1923.95
2025-03-30 22:00:00,APXMIDP,91.58,1805.6
2025-03-30 22:30:00,APXMIDP,83.89,1540.2
2025-03-30 23:00:00,APXMIDP,79.69,1526.9
2025-03-30 23:30:00,APXMIDP,82.18,1808.75
2025-03-31 00:00:00,APXMIDP,85.33,1692.95
2025-03-31 00:30:00,APXMIDP,84.64,1432.0
2025-03-31 01:00:00,APXMIDP,81.53,1508.85
2025-03-31 01:30:00,APXMIDP,79.83,1779.1
2025-03-31 02:00:00,APXMIDP,77.24,1226.6
2025-03-31 02:30:00,APXMIDP,75.55,1603.35
2025-03-31 03:00:00,APXMIDP,71.15,2011.35
2025-03-31 03:30:00,APXMIDP,69.61,1876.4
2025-03-31 04:00:00,APXMIDP,73.26,2062.8
2025-03-31 04:30:00,APXMIDP,74.59,1750.65
2025-03-31 05:00:00,APXMIDP,109.85,2469.9
2025-03-31 05:30:00,APXMIDP,117.99,2213.5
2025-03-31 06:00:00,APXMIDP,138.42,3389.55
2025-03-31 06:30:00,APXMIDP,144.01,3714.3
2025-03-31 07:00:00,APXMIDP,119.21,2421.95
2025-03-31 07:30:00,APXMIDP,117.02,2492.05
2025-03-31 08:00:00,APXMIDP,110.24,2322.45
2025-03-31 08:30:00,APXMIDP,107.24,2466.4
2025-03-31 09:00:00,APXMIDP,99.83,2164.35
2025-03-31 09:30:00,APXMIDP,93.84,2301.55
2025-03-31 10:00:00,APXMIDP,82.78,2235.45
2025-03-31 10:30:00,APXMIDP,79.7,2234.25
2025-03-31 11:00:00,APXMIDP,80.5,2225.35
2025-03-31 11:30:00,APXMIDP,77.32,1882.55
2025-03-31 12:00:00,APXMIDP,80.23,2265.5
2025-03-31 12:30:00,APXMIDP,78.19,2314.35
2025-03-31 13:00:00,APXMIDP,77.56,2313.65
2025-03-31 13:30:00,APXMIDP,77.64,2537.75
2025-03-31 14:00:00,APXMIDP,78.57,2106.25
2025-03-31 14:30:00,APXMIDP,83.68,2352.5
2025-03-31 15:00:00,APXMIDP,88.27,2376.35
2025-03-31 15:30:00,APXMIDP,86.58,2649.05
2025-03-31 16:00:00,APXMIDP,99.91,2507.85
2025-03-31 16:30:00,APXMIDP,106.56,2662.75
2025-03-31 17:00:00,APXMIDP,134.56,2916.25
2025-03-31 17:30:00,APXMIDP,137.82,2739.3
2025-03-31 18:00:00,APXMIDP,122.38,2606.5
2025-03-31 18:30:00,APXMIDP,121.84,2748.6
2025-03-31 19:00:00,APXMIDP,106.38,2292.25
2025-03-31 19:30:00,APXMIDP,100.18,2376.0
2025-03-31 20:00:00,APXMIDP,96.3,2245.1
2025-03-31 20:30:00,APXMIDP,90.89,2321.35
2025-03-31 21:00:00,APXMIDP,86.54,2464.6
2025-03-31 21:30:00,APXMIDP,83.94,2393.5
2025-03-31 22:00:00,APXMIDP,81.54,1196.6
2025-03-31 22:30:00,APXMIDP,80.49,1226.2
2025-03-31 23:00:00,APXMIDP,82.87,1259.6
2025-03-31 23:30:00,APXMIDP,79.81,1348.65
2025-04-01 00:00:00,APXMIDP,82.1,1379.05
2025-04-01 00:30:00,APXMIDP,84.78,1508.0
2025-04-01 01:00:00,APXMIDP,78.71,1380.65
2025-04-01 01:30:00,APXMIDP,76.61,1482.4
2025-04-01 02:00:00,APXMIDP,74.4,1851.45
2025-04-01 02:30:00,APXMIDP,78.1,1516.9
2025-04-01 03:00:00,APXMIDP,78.64,1799.2
2025-04-01 03:30:00,APXMIDP,78.31,2001.95
2025-04-01 04:00:00,APXMIDP,83.71,2049.95
2025-04-01 04:30:00,APXMIDP,82.5,2440.45
2025-04-01 05:00:00,APXMIDP,103.38,1864.45
2025-04-01 05:30:00,APXMIDP,111.51,1878.9
2025-04-01 06:00:00,APXMIDP,117.07,2226.25
2025-04-01 06:30:00,APXMIDP,120.58,2531.25
2025-04-01 07:00:00,APXMIDP,93.62,2438.35
2025-04-01 07:30:00,APXMIDP,94.03,2553.2
2025-04-01 08:00:00,APXMIDP,91.21,2985.6
2025-04-01 08:30:00,APXMIDP,90.22,3153.55
2025-04-01 09:00:00,APXMIDP,90.17,3349.75
2025-04-01 09:30:00,APXMIDP,86.08,3626.35
2025-04-01 10:00:00,APXMIDP,73.78,3112.5
2025-04-01 10:30:00,APXMIDP,68.04,3309.9
2025-04-01 11:00:00,APXMIDP,61.19,3450.65
2025-04-01 11:30:00,APXMIDP,44.93,3761.0
2025-04-01 12:00:00,APXMIDP,22.83,4059.75
2025-04-01 12:30:00,APXMIDP,20.89,3588.0
2025-04-01 13:00:00,APXMIDP,13.73,3844.15
2025-04-01 13:30:00,APXMIDP,12.84,3828.55
2025-04-01 14:00:00,APXMIDP,12.96,3754.3
2025-04-01 14:30:00,APXMIDP,12.36,4550.6
2025-04-01 15:00:00,APXMIDP,17.06,4427.95
2025-04-01 15:30:00,APXMIDP,30.08,4548.15
2025-04-01 16:00:00,APXMIDP,54.89,4038.0
2025-04-01 16:30:00,APXMIDP,78.96,3475.45
2025-04-01 17:00:00,APXMIDP,92.19,3249.55
2025-04-01 17:30:00,APXMIDP,95.46,3719.75
2025-04-01 18:00:00,APXMIDP,100.04,2697.5
2025-04-01 18:30:00,APXMIDP,99.15,3077.7
2025-04-01 19:00:00,APXMIDP,90.58,2389.15
2025-04-01 19:30:00,APXMIDP,84.21,2411.75
2025-04-01 20:00:00,APXMIDP,70.49,2865.8
2025-04-01 20:30:00,APXMIDP,59.94,2551.15
2025-04-01 21:00:00,APXMIDP,64.82,3068.65
2025-04-01 21:30:00,APXMIDP,44.52,3294.35
2025-04-01 22:00:00,APXMIDP,12.58,2157.05
2025-04-01 22:30:00,APXMIDP,0.6,2591.45
2025-04-01 23:00:00,APXMIDP,0.26,2438.8
2025-04-01 23:30:00,APXMIDP,0.3,2305.25
2025-04-02 00:00:00,APXMIDP,-1.72,2513.0
2025-04-02 00:30:00,APXMIDP,0.34,2522.6
2025-04-02 01:00:00,APXMIDP,-7.41,2302.15
2025-04-02 01:30:00,APXMIDP,-7.44,2171.45
2025-04-02 02:00:00,APXMIDP,-8.18,1986.2
2025-04-02 02:30:00,APXMIDP,-7.64,2091.7
2025-04-02 03:00:00,APXMIDP,-3.29,2486.4
2025-04-02 03:30:00,APXMIDP,1.6,2838.6
2025-04-02 04:00:00,APXMIDP,40.27,3487.4
2025-04-02 04:30:00,APXMIDP,62.47,2787.4
2025-04-02 05:00:00,APXMIDP,98.32,3595.6
2025-04-02 05:30:00,APXMIDP,108.4,2936.05
2025-04-02 06:00:00,APXMIDP,116.73,2695.85
2025-04-02 06:30:00,APXMIDP,122.53,2228.95
2025-04-02 07:00:00,APXMIDP,127.04,2760.05
2025-04-02 07:30:00,APXMIDP,127.73,2932.2
2025-04-02 08:00:00,APXMIDP,105.3,4447.0
2025-04-02 08:30:00,APXMIDP,96.03,4912.9
2025-04-02 09:00:00,APXMIDP,52.78,3977.5
2025-04-02 09:30:00,APXMIDP,29.69,3795.0
2025-04-02 10:00:00,APXMIDP,-3.51,4134.3
2025-04-02 10:30:00,APXMIDP,4.57,4893.85
2025-04-02 11:00:00,APXMIDP,-8.94,4788.1
2025-04-02 11:30:00,APXMIDP,-15.2,5263.15
2025-04-02 12:00:00,APXMIDP,-9.52,5591.9
2025-04-02 12:30:00,APXMIDP,-13.42,4739.7
2025-04-02 13:00:00,APXMIDP,-11.66,4918.3
2025-04-02 13:30:00,APXMIDP,-13.33,4957.85
2025-04-02 14:00:00,APXMIDP,0.96,3731.15
2025-04-02 14:30:00,APXMIDP,8.66,3599.35
2025-04-02 15:00:00,APXMIDP,7.3,3344.9
2025-04-02 15:30:00,APXMIDP,35.38,3903.35
2025-04-02 16:00:00,APXMIDP,68.3,3448.15
2025-04-02 16:30:00,APXMIDP,83.35,3266.3
2025-04-02 17:00:00,APXMIDP,91.32,3501.2
2025-04-02 17:30:00,APXMIDP,96.05,3224.35
2025-04-02 18:00:00,APXMIDP,111.05,2903.55
2025-04-02 18:30:00,APXMIDP,112.68,2968.65
2025-04-02 19:00:00,APXMIDP,114.45,2716.05
2025-04-02 19:30:00,APXMIDP,114.76,2758.95
2025-04-02 20:00:00,APXMIDP,113.2,3110.7
2025-04-02 20:30:00,APXMIDP,106.59,2999.7
2025-04-02 21:00:00,APXMIDP,101.48,2856.35
2025-04-02 21:30:00,APXMIDP,101.9,2846.05
2025-04-02 22:00:00,APXMIDP,96.33,2160.6
2025-04-02 22:30:00,APXMIDP,91.28,2458.0
2025-04-02 23:00:00,APXMIDP,85.81,2128.65
2025-04-02 23:30:00,APXMIDP,83.19,1997.25
2025-04-03 00:00:00,APXMIDP,81.85,1658.05
2025-04-03 00:30:00,APXMIDP,79.78,1595.1
2025-04-03 01:00:00,APXMIDP,74.96,2191.8
2025-04-03 01:30:00,APXMIDP,76.5,2132.55
2025-04-03 02:00:00,APXMIDP,71.35,1869.75
2025-04-03 02:30:00,APXMIDP,69.29,2156.65
2025-04-03 03:00:00,APXMIDP,87.06,1872.15
2025-04-03 03:30:00,APXMIDP,85.54,2059.8
2025-04-03 04:00:00,APXMIDP,116.72,2038.2
2025-04-03 04:30:00,APXMIDP,107.43,2513.2
2025-04-03 05:00:00,APXMIDP,122.66,2973.85
2025-04-03 05:30:00,APXMIDP,134.14,2741.0
2025-04-03 06:00:00,APXMIDP,134.84,3864.6
2025-04-03 06:30:00,APXMIDP,140.03,3952.0
2025-04-03 07:00:00,APXMIDP,135.19,3507.45
2025-04-03 07:30:00,APXMIDP,132.72,3041.4
2025-04-03 08:00:00,APXMIDP,125.38,3876.0
2025-04-03 08:30:00,APXMIDP,119.6,4303.45
2025-04-03 09:00:00,APXMIDP,114.55,3836.4
2025-04-03 09:30:00,APXMIDP,111.78,3777.95
2025-04-03 10:00:00,APXMIDP,85.51,3877.2
2025-04-03 10:30:00,APXMIDP,80.72,3928.25
2025-04-03 11:00:00,APXMIDP,85.62,4092.05
2025-04-03 11:30:00,APXMIDP,80.79,4122.6
2025-04-03 12:00:00,APXMIDP,69.45,4872.2
2025-04-03 12:30:00,APXMIDP,66.05,4817.4
2025-04-03 13:00:00,APXMIDP,63.73,5697.15
2025-04-03 13:30:00,APXMIDP,63.63,5036.7
2025-04-03 14:00:00,APXMIDP,77.54,4149.45
2025-04-03 14:30:00,APXMIDP,86.84,4069.25
2025-04-03 15:00:00,APXMIDP,95.65,4600.95
2025-04-03 15:30:00,APXMIDP,96.97,5192.65
2025-04-03 16:00:00,APXMIDP,125.63,4280.15
2025-04-03 16:30:00,APXMIDP,127.13,4377.55
2025-04-03 17:00:00,APXMIDP,134.35,4807.05
2025-04-03 17:30:00,APXMIDP,131.31,5534.4
2025-04-03 18:00:00,APXMIDP,113.73,5030.1
2025-04-03 18:30:00,APXMIDP,117.89,5192.0
2025-04-03 19:00:00,APXMIDP,114.64,4476.25
2025-04-03 19:30:00,APXMIDP,109.53,4369.4
2025-04-03 20:00:00,APXMIDP,103.92,3747.5
2025-04-03 20:30:00,APXMIDP,103.24,3422.85
2025-04-03 21:00:00,APXMIDP,98.98,3162.25
2025-04-03 21:30:00,APXMIDP,95.76,3396.95
2025-04-03 22:00:00,APXMIDP,88.01,2390.45
2025-04-03 22:30:00,APXMIDP,77.62,2476.05
2025-04-03 23:00:00,APXMIDP,82.41,1676.2
2025-04-03 23:30:00,APXMIDP,89.81,1887.7
2025-04-04 00:00:00,APXMIDP,93.46,1968.35
2025-04-04 00:30:00,APXMIDP,100.21,2067.15
2025-04-04 01:00:00,APXMIDP,94.76,1980.85
2025-04-04 01:30:00,APXMIDP,98.32,2063.15
2025-04-04 02:00:00,APXMIDP,101.48,2214.45
2025-04-04 02:30:00,APXMIDP,96.37,1991.2
2025-04-04 03:00:00,APXMIDP,99.42,1939.95
2025-04-04 03:30:00,APXMIDP,85.42,2053.9
2025-04-04 04:00:00,APXMIDP,94.41,2858.55
2025-04-04 04:30:00,APXMIDP,96.16,2909.9
2025-04-04 05:00:00,APXMIDP,111.9,2940.3
2025-04-04 05:30:00,APXMIDP,119.83,3032.8
2025-04-04 06:00:00,APXMIDP,105.94,3745.35
2025-04-04 06:30:00,APXMIDP,108.31,3791.1
2025-04-04 07:00:00,APXMIDP,99.67,2991.5
2025-04-04 07:30:00,APXMIDP,97.0,2850.9
2025-04-04 08:00:00,APXMIDP,98.3,3442.25
2025-04-04 08:30:00,APXMIDP,98.33,3467.9
2025-04-04 09:00:00,APXMIDP,102.92,3983.15
2025-04-04 09:30:00,APXMIDP,103.99,3833.9
2025-04-04 10:00:00,APXMIDP,101.97,3942.4
2025-04-04 10:30:00,APXMIDP,93.73,4002.05
2025-04-04 11:00:00,APXMIDP,87.51,3765.2
2025-04-04 11:30:00,APXMIDP,72.11,3453.55
2025-04-04 12:00:00,APXMIDP,38.13,4108.5
2025-04-04 12:30:00,APXMIDP,26.87,3787.05
2025-04-04 13:00:00,APXMIDP,18.65,4003.35
2025-04-04 13:30:00,APXMIDP,15.44,4197.1
2025-04-04 14:00:00,APXMIDP,45.23,5608.4
2025-04-04 14:30:00,APXMIDP,44.86,5115.6
2025-04-04 15:00:00,APXMIDP,45.27,4459.6
2025-04-04 15:30:00,APXMIDP,48.8,4846.7
2025-04-04 16:00:00,APXMIDP,93.21,3490.7
2025-04-04 16:30:00,APXMIDP,95.47,3603.9
2025-04-04 17:00:00,APXMIDP,96.59,3380.15
2025-04-04 17:30:00,APXMIDP,93.56,3400.35
2025-04-04 18:00:00,APXMIDP,81.47,2514.25
2025-04-04 18:30:00,APXMIDP,87.44,2761.8
2025-04-04 19:00:00,APXMIDP,76.14,2547.65
2025-04-04 19:30:00,APXMIDP,70.37,2526.35
2025-04-04 20:00:00,APXMIDP,69.31,1773.95
2025-04-04 20:30:00,APXMIDP,65.7,1565.05
2025-04-04 21:00:00,APXMIDP,72.88,1740.55
2025-04-04 21:30:00,APXMIDP,71.98,1808.4
2025-04-04 22:00:00,APXMIDP,74.68,1710.05
2025-04-04 22:30:00,APXMIDP,56.61,1897.25
2025-04-04 23:00:00,APXMIDP,68.21,2020.95
2025-04-04 23:30:00,APXMIDP,63.79,1971.25
2025-04-05 00:00:00,APXMIDP,65.41,2155.15
2025-04-05 00:30:00,APXMIDP,66.11,2537.8
2025-04-05 01:00:00,APXMIDP,67.74,2460.4
2025-04-05 01:30:00,APXMIDP,70.38,2520.25
2025-04-05 02:00:00,APXMIDP,73.71,1704.65
2025-04-05 02:30:00,APXMIDP,71.58,1800.75
2025-04-05 03:00:00,APXMIDP,63.39,1865.8
2025-04-05 03:30:00,APXMIDP,43.79,2075.45
2025-04-05 04:00:00,APXMIDP,45.32,2236.95
2025-04-05 04:30:00,APXMIDP,50.12,2311.35
2025-04-05 05:00:00,APXMIDP,54.54,2508.35
2025-04-05 05:30:00,APXMIDP,64.52,2988.1
2025-04-05 06:00:00,APXMIDP,47.28,2727.4
2025-04-05 06:30:00,APXMIDP,45.79,2901.3
2025-04-05 07:00:00,APXMIDP,39.85,2865.5
2025-04-05 07:30:00,APXMIDP,33.85,2844.2
2025-04-05 08:00:00,APXMIDP,10.56,2585.0
2025-04-05 08:30:00,APXMIDP,0.86,2409.1
2025-04-05 09:00:00,APXMIDP,-7.26,2507.2
2025-04-05 09:30:00,APXMIDP,-19.47,2544.35
2025-04-05 10:00:00,APXMIDP,-44.9,2644.25
2025-04-05 10:30:00,APXMIDP,-51.41,2515.7
2025-04-05 11:00:00,APXMIDP,-61.89,2393.4
2025-04-05 11:30:00,APXMIDP,-67.11,2535.35
2025-04-05 12:00:00,APXMIDP,-67.41,2521.2
2025-04-05 12:30:00,APXMIDP,-68.05,2116.35
2025-04-05 13:00:00,APXMIDP,-68.67,2492.9
2025-04-05 13:30:00,APXMIDP,-67.58,2512.2
2025-04-05 14:00:00,APXMIDP,-31.43,2525.9
2025-04-05 14:30:00,APXMIDP,-13.82,2807.2
2025-04-05 15:00:00,APXMIDP,-18.36,2220.25
2025-04-05 15:30:00,APXMIDP,17.35,2725.05
2025-04-05 16:00:00,APXMIDP,45.5,2258.1
2025-04-05 16:30:00,APXMIDP,69.09,2398.45
2025-04-05 17:00:00,APXMIDP,79.79,2285.85
2025-04-05 17:30:00,APXMIDP,89.26,2373.05
2025-04-05 18:00:00,APXMIDP,95.83,2901.7
2025-04-05 18:30:00,APXMIDP,100.3,2548.3
2025-04-05 19:00:00,APXMIDP,101.62,1914.9
2025-04-05 19:30:00,APXMIDP,103.39,2076.0
2025-04-05 20:00:00,APXMIDP,95.19,1873.85
2025-04-05 20:30:00,APXMIDP,79.82,1892.2
2025-04-05 21:00:00,APXMIDP,87.75,1670.05
2025-04-05 21:30:00,APXMIDP,86.55,2078.95
2025-04-05 22:00:00,APXMIDP,71.4,1436.75
2025-04-05 22:30:00,APXMIDP,64.86,1189.25
2025-04-05 23:00:00,APXMIDP,54.85,1493.6
2025-04-05 23:30:00,APXMIDP,46.64,1661.05
2025-04-06 00:00:00,APXMIDP,38.85,1361.35
2025-04-06 00:30:00,APXMIDP,33.8,1386.05
2025-04-06 01:00:00,APXMIDP,16.91,1450.35
2025-04-06 01:30:00,APXMIDP,13.04,1328.1
2025-04-06 02:00:00,APXMIDP,13.78,1910.8
2025-04-06 02:30:00,APXMIDP,14.23,1811.25
2025-04-06 03:00:00,APXMIDP,16.22,1931.1
2025-04-06 03:30:00,APXMIDP,21.06,1808.4
2025-04-06 04:00:00,APXMIDP,28.54,1509.45
2025-04-06 04:30:00,APXMIDP,38.74,1533.2
2025-04-06 05:00:00,APXMIDP,44.02,1670.75
2025-04-06 05:30:00,APXMIDP,47.44,1785.1
2025-04-06 06:00:00,APXMIDP,59.89,1891.55
2025-04-06 06:30:00,APXMIDP,61.57,1788.05
2025-04-06 07:00:00,APXMIDP,55.16,1960.9
2025-04-06 07:30:00,APXMIDP,53.74,2108.3
2025-04-06 08:00:00,APXMIDP,33.34,2310.85
2025-04-06 08:30:00,APXMIDP,26.61,2137.7
2025-04-06 09:00:00,APXMIDP,10.34,2280.4
2025-04-06 09:30:00,APXMIDP,4.32,2135.3
2025-04-06 10:00:00,APXMIDP,-9.74,2044.9
2025-04-06 10:30:00,APXMIDP,-12.03,2117.15
2025-04-06 11:00:00,APXMIDP,-7.15,1992.45
2025-04-06 11:30:00,APXMIDP,-8.19,2053.65
2025-04-06 12:00:00,APXMIDP,-11.72,2387.8
2025-04-06 12:30:00,APXMIDP,-5.38,2889.9
2025-04-06 13:00:00,APXMIDP,-5.66,2336.85
2025-04-06 13:30:00,APXMIDP,6.35,2365.85
2025-04-06 14:00:00,APXMIDP,30.95,2679.45
2025-04-06 14:30:00,APXMIDP,40.51,2477.15
2025-04-06 15:00:00,APXMIDP,51.16,2650.9
2025-04-06 15:30:00,APXMIDP,51.9,2497.45
2025-04-06 16:00:00,APXMIDP,71.69,3325.25
2025-04-06 16:30:00,APXMIDP,74.03,2973.4
2025-04-06 17:00:00,APXMIDP,78.23,3342.6
2025-04-06 17:30:00,APXMIDP,86.51,3531.8
2025-04-06 18:00:00,APXMIDP,101.68,2636.85
2025-04-06 18:30:00,APXMIDP,102.42,2931.7
2025-04-06 19:00:00,APXMIDP,95.97,2434.6
2025-04-06 19:30:00,APXMIDP,90.55,3051.9
2025-04-06 20:00:00,APXMIDP,81.56,2591.2
2025-04-06 20:30:00,APXMIDP,73.3,2821.65
2025-04-06 21:00:00,APXMIDP,71.32,2306.9
2025-04-06 21:30:00,APXMIDP,67.72,2640.3
2025-04-06 22:00:00,APXMIDP,70.94,1846.95
2025-04-06 22:30:00,APXMIDP,73.42,1836.75
2025-04-06 23:00:00,APXMIDP,69.52,1877.35
2025-04-06 23:30:00,APXMIDP,68.54,1546.6
2025-04-07 00:00:00,APXMIDP,68.16,1491.0
2025-04-07 00:30:00,APXMIDP,71.49,1648.1
2025-04-07 01:00:00,APXMIDP,66.24,1719.25
2025-04-07 01:30:00,APXMIDP,68.69,1756.55
2025-04-07 02:00:00,APXMIDP,72.84,1103.4
2025-04-07 02:30:00,APXMIDP,68.97,1024.95
2025-04-07 03:00:00,APXMIDP,75.38,1072.45
2025-04-07 03:30:00,APXMIDP,73.48,1145.95
2025-04-07 04:00:00,APXMIDP,81.69,1455.0
2025-04-07 04:30:00,APXMIDP,88.9,1733.65
2025-04-07 05:00:00,APXMIDP,101.27,2178.15
2025-04-07 05:30:00,APXMIDP,116.82,2047.2
2025-04-07 06:00:00,APXMIDP,118.29,2478.55
2025-04-07 06:30:00,APXMIDP,123.42,2844.95
2025-04-07 07:00:00,APXMIDP,106.42,2174.4
2025-04-07 07:30:00,APXMIDP,98.39,1961.85
2025-04-07 08:00:00,APXMIDP,95.01,1998.65
2025-04-07 08:30:00,APXMIDP,86.12,1852.55
2025-04-07 09:00:00,APXMIDP,76.4,1484.25
2025-04-07 09:30:00,APXMIDP,76.19,1743.1
2025-04-07 10:00:00,APXMIDP,81.24,2558.3
2025-04-07 10:30:00,APXMIDP,70.76,2153.25
2025-04-07 11:00:00,APXMIDP,70.36,2335.4
2025-04-07 11:30:00,APXMIDP,69.33,2277.55
2025-04-07 12:00:00,APXMIDP,73.77,2730.65
2025-04-07 12:30:00,APXMIDP,71.08,2533.05
2025-04-07 13:00:00,APXMIDP,68.58,2433.8
2025-04-07 13:30:00,APXMIDP,71.21,2720.0
2025-04-07 14:00:00,APXMIDP,63.25,2049.2
2025-04-07 14:30:00,APXMIDP,64.06,2340.5
2025-04-07 15:00:00,APXMIDP,63.18,2614.65
2025-04-07 15:30:00,APXMIDP,58.12,2902.95
2025-04-07 16:00:00,APXMIDP,73.78,3813.5
2025-04-07 16:30:00,APXMIDP,70.0,3526.05
2025-04-07 17:00:00,APXMIDP,80.53,4812.2
2025-04-07 17:30:00,APXMIDP,89.48,4323.55
2025-04-07 18:00:00,APXMIDP,108.8,4359.55
2025-04-07 18:30:00,APXMIDP,110.45,4644.65
2025-04-07 19:00:00,APXMIDP,98.09,3755.5
2025-04-07 19:30:00,APXMIDP,100.17,3489.35
2025-04-07 20:00:00,APXMIDP,96.93,2881.8
2025-04-07 20:30:00,APXMIDP,87.73,3224.75
2025-04-07 21:00:00,APXMIDP,82.81,3259.35
2025-04-07 21:30:00,APXMIDP,80.43,3285.7
2025-04-07 22:00:00,APXMIDP,81.32,1437.2
2025-04-07 22:30:00,APXMIDP,78.01,1338.9
2025-04-07 23:00:00,APXMIDP,80.22,1343.45
2025-04-07 23:30:00,APXMIDP,78.76,1254.3
2025-04-08 00:00:00,APXMIDP,74.87,1006.4
2025-04-08 00:30:00,APXMIDP,75.88,1245.85
2025-04-08 01:00:00,APXMIDP,78.58,986.65
2025-04-08 01:30:00,APXMIDP,79.53,1139.4
2025-04-08 02:00:00,APXMIDP,82.65,815.9
2025-04-08 02:30:00,APXMIDP,79.82,870.95
2025-04-08 03:00:00,APXMIDP,77.34,857.7
2025-04-08 03:30:00,APXMIDP,76.79,1185.5
2025-04-08 04:00:00,APXMIDP,78.54,1063.55
2025-04-08 04:30:00,APXMIDP,78.43,1281.3
2025-04-08 05:00:00,APXMIDP,112.58,1718.4
2025-04-08 05:30:00,APXMIDP,126.6,1842.35
2025-04-08 06:00:00,APXMIDP,115.71,2088.7
2025-04-08 06:30:00,APXMIDP,113.27,2398.15
2025-04-08 07:00:00,APXMIDP,99.82,1932.15
2025-04-08 07:30:00,APXMIDP,90.76,2071.85
2025-04-08 08:00:00,APXMIDP,85.5,2359.45
2025-04-08 08:30:00,APXMIDP,86.66,2352.85
2025-04-08 09:00:00,APXMIDP,85.12,2263.15
2025-04-08 09:30:00,APXMIDP,82.44,2000.55
2025-04-08 10:00:00,APXMIDP,79.1,1846.2
2025-04-08 10:30:00,APXMIDP,81.83,2925.1
2025-04-08 11:00:00,APXMIDP,81.71,2889.0
2025-04-08 11:30:00,APXMIDP,78.3,2635.9
2025-04-08 12:00:00,APXMIDP,75.96,2481.5
2025-04-08 12:30:00,APXMIDP,76.62,2328.7
2025-04-08 13:00:00,APXMIDP,76.1,2773.1
2025-04-08 13:30:00,APXMIDP,76.36,2751.4
2025-04-08 14:00:00,APXMIDP,77.89,2842.4
2025-04-08 14:30:00,APXMIDP,80.88,3452.1
2025-04-08 15:00:00,APXMIDP,81.06,3220.25
2025-04-08 15:30:00,APXMIDP,72.37,3590.95
2025-04-08 16:00:00,APXMIDP,88.93,3395.15
2025-04-08 16:30:00,APXMIDP,94.24,3256.5
2025-04-08 17:00:00,APXMIDP,103.71,3189.4
2025-04-08 17:30:00,APXMIDP,109.03,3395.4
2025-04-08 18:00:00,APXMIDP,111.86,1882.45
2025-04-08 18:30:00,APXMIDP,111.18,1655.9
2025-04-08 19:00:00,APXMIDP,111.77,1619.0
2025-04-08 19:30:00,APXMIDP,110.43,1348.05
2025-04-08 20:00:00,APXMIDP,105.3,911.95
2025-04-08 20:30:00,APXMIDP,89.47,1024.9
2025-04-08 21:00:00,APXMIDP,92.53,1379.8
2025-04-08 21:30:00,APXMIDP,95.27,1473.65
2025-04-08 22:00:00,APXMIDP,90.02,1213.65
2025-04-08 22:30:00,APXMIDP,90.52,1169.25
2025-04-08 23:00:00,APXMIDP,87.57,1295.05
2025-04-08 23:30:00,APXMIDP,84.32,1333.05
2025-04-09 00:00:00,APXMIDP,83.23,1267.15
2025-04-09 00:30:00,APXMIDP,83.6,1419.75
2025-04-09 01:00:00,APXMIDP,82.26,1311.9
2025-04-09 01:30:00,APXMIDP,80.71,1482.4
2025-04-09 02:00:00,APXMIDP,88.54,1219.5
2025-04-09 02:30:00,APXMIDP,89.64,1325.9
2025-04-09 03:00:00,APXMIDP,88.14,1396.75
2025-04-09 03:30:00,APXMIDP,84.49,1687.15
2025-04-09 04:00:00,APXMIDP,88.09,1445.4
2025-04-09 04:30:00,APXMIDP,87.32,1610.0
2025-04-09 05:00:00,APXMIDP,91.0,2212.1
2025-04-09 05:30:00,APXMIDP,106.93,2212.5
2025-04-09 06:00:00,APXMIDP,100.81,2857.65
2025-04-09 06:30:00,APXMIDP,111.32,2392.65
2025-04-09 07:00:00,APXMIDP,94.88,2470.05
2025-04-09 07:30:00,APXMIDP,87.39,2610.6
2025-04-09 08:00:00,APXMIDP,83.81,3020.0
2025-04-09 08:30:00,APXMIDP,83.42,3436.15
2025-04-09 09:00:00,APXMIDP,91.72,3173.5
2025-04-09 09:30:00,APXMIDP,96.32,3590.5
2025-04-09 10:00:00,APXMIDP,94.31,3712.55
2025-04-09 10:30:00,APXMIDP,92.79,4000.8
2025-04-09 11:00:00,APXMIDP,92.94,3581.1
2025-04-09 11:30:00,APXMIDP,93.18,3425.65
2025-04-09 12:00:00,APXMIDP,86.56,3733.55
2025-04-09 12:30:00,APXMIDP,82.08,3326.8
2025-04-09 13:00:00,APXMIDP,80.37,3582.8
2025-04-09 13:30:00,APXMIDP,81.56,3602.4
2025-04-09 14:00:00,APXMIDP,81.96,3191.25
2025-04-09 14:30:00,APXMIDP,83.42,3336.25
2025-04-09 15:00:00,APXMIDP,82.99,2949.6
2025-04-09 15:30:00,APXMIDP,80.07,3010.55
2025-04-09 16:00:00,APXMIDP,83.16,2843.4
2025-04-09 16:30:00,APXMIDP,90.2,2993.1
2025-04-09 17:00:00,APXMIDP,103.72,2551.35
2025-04-09 17:30:00,APXMIDP,103.52,2858.7
2025-04-09 18:00:00,APXMIDP,98.61,2660.0
2025-04-09 18:30:00,APXMIDP,101.82,2813.05
2025-04-09 19:00:00,APXMIDP,98.84,2339.6
2025-04-09 19:30:00,APXMIDP,93.88,2764.25
2025-04-09 20:00:00,APXMIDP,84.95,2460.85
2025-04-09 20:30:00,APXMIDP,82.03,2550.2
2025-04-09 21:00:00,APXMIDP,82.27,3012.6
2025-04-09 21:30:00,APXMIDP,80.5,2188.85
2025-04-09 22:00:00,APXMIDP,72.27,1423.55
2025-04-09 22:30:00,APXMIDP,70.96,1524.4
2025-04-09 23:00:00,APXMIDP,70.37,1277.45
2025-04-09 23:30:00,APXMIDP,68.59,1100.1
2025-04-10 00:00:00,APXMIDP,68.52,1031.1
2025-04-10 00:30:00,APXMIDP,69.08,1324.0
2025-04-10 01:00:00,APXMIDP,67.54,1489.8
2025-04-10 01:30:00,APXMIDP,65.55,1224.25
2025-04-10 02:00:00,APXMIDP,67.05,1247.6
2025-04-10 02:30:00,APXMIDP,66.93,1374.0
2025-04-10 03:00:00,APXMIDP,74.11,1813.6
2025-04-10 03:30:00,APXMIDP,72.39,1789.35
2025-04-10 04:00:00,APXMIDP,81.63,1513.4
2025-04-10 04:30:00,APXMIDP,82.83,1537.0
2025-04-10 05:00:00,APXMIDP,91.61,2482.95
2025-04-10 05:30:00,APXMIDP,111.38,2112.4
2025-04-10 06:00:00,APXMIDP,120.4,2574.0
2025-04-10 06:30:00,APXMIDP,126.48,2990.4
2025-04-10 07:00:00,APXMIDP,113.24,2751.7
2025-04-10 07:30:00,APXMIDP,107.23,2909.95
2025-04-10 08:00:00,APXMIDP,100.75,3086.1
2025-04-10 08:30:00,APXMIDP,94.44,3339.45
2025-04-10 09:00:00,APXMIDP,89.46,3070.45
2025-04-10 09:30:00,APXMIDP,94.79,3626.65
2025-04-10 10:00:00,APXMIDP,83.11,3238.0
2025-04-10 10:30:00,APXMIDP,77.65,2642.25
2025-04-10 11:00:00,APXMIDP,74.95,2792.85
2025-04-10 11:30:00,APXMIDP,72.43,3143.8
2025-04-10 12:00:00,APXMIDP,67.13,3506.35
2025-04-10 12:30:00,APXMIDP,64.25,3754.2
2025-04-10 13:00:00,APXMIDP,62.45,3770.0
2025-04-10 13:30:00,APXMIDP,61.12,3760.35
2025-04-10 14:00:00,APXMIDP,56.18,3506.75
2025-04-10 14:30:00,APXMIDP,54.79,4162.85
2025-04-10 15:00:00,APXMIDP,60.17,4009.05
2025-04-10 15:30:00,APXMIDP,70.18,4827.45
2025-04-10 16:00:00,APXMIDP,71.61,3872.3
2025-04-10 16:30:00,APXMIDP,68.53,3150.75
2025-04-10 17:00:00,APXMIDP,92.38,4414.85
2025-04-10 17:30:00,APXMIDP,95.07,4195.95
2025-04-10 18:00:00,APXMIDP,96.52,3231.7
2025-04-10 18:30:00,APXMIDP,101.44,3598.25
2025-04-10 19:00:00,APXMIDP,87.97,2368.1
2025-04-10 19:30:00,APXMIDP,83.67,2228.7
2025-04-10 20:00:00,APXMIDP,85.09,2383.2
2025-04-10 20:30:00,APXMIDP,82.99,2729.25
2025-04-10 21:00:00,APXMIDP,75.06,1909.85
2025-04-10 21:30:00,APXMIDP,71.81,2490.45
2025-04-10 22:00:00,APXMIDP,77.61,1522.1
2025-04-10 22:30:00,APXMIDP,74.72,1818.05
2025-04-10 23:00:00,APXMIDP,71.76,1477.6
2025-04-10 23:30:00,APXMIDP,70.21,1620.9
2025-04-11 00:00:00,APXMIDP,68.77,1920.0
2025-04-11 00:30:00,APXMIDP,70.01,1704.3
2025-04-11 01:00:00,APXMIDP,68.03,1543.7
2025-04-11 01:30:00,APXMIDP,65.28,1852.2
2025-04-11 02:00:00,APXMIDP,64.72,1416.65
2025-04-11 02:30:00,APXMIDP,64.94,1479.1
2025-04-11 03:00:00,APXMIDP,68.71,1793.25
2025-04-11 03:30:00,APXMIDP,70.34,1850.45
2025-04-11 04:00:00,APXMIDP,72.49,1669.7
2025-04-11 04:30:00,APXMIDP,73.34,1728.65
2025-04-11 05:00:00,APXMIDP,91.68,2217.2
2025-04-11 05:30:00,APXMIDP,99.7,2569.35
2025-04-11 06:00:00,APXMIDP,106.53,2612.8
2025-04-11 06:30:00,APXMIDP,109.79,3022.35
2025-04-11 07:00:00,APXMIDP,106.49,2748.5
2025-04-11 07:30:00,APXMIDP,99.75,3014.0
2025-04-11 08:00:00,APXMIDP,73.03,1646.55
2025-04-11 08:30:00,APXMIDP,66.0,2247.95
2025-04-11 09:00:00,APXMIDP,66.04,2384.15
2025-04-11 09:30:00,APXMIDP,68.22,2944.8
2025-04-11 10:00:00,APXMIDP,61.87,2985.95
2025-04-11 10:30:00,APXMIDP,59.71,3111.8
2025-04-11 11:00:00,APXMIDP,61.2,3017.75
2025-04-11 11:30:00,APXMIDP,61.35,3040.2
2025-04-11 12:00:00,APXMIDP,59.39,3661.1
2025-04-11 12:30:00,APXMIDP,59.33,4065.5
2025-04-11 13:00:00,APXMIDP,63.88,4291.55
2025-04-11 13:30:00,APXMIDP,64.21,4913.15
2025-04-11 14:00:00,APXMIDP,68.99,3135.4
2025-04-11 14:30:00,APXMIDP,72.55,3062.75
2025-04-11 15:00:00,APXMIDP,78.55,2807.1
2025-04-11 15:30:00,APXMIDP,75.29,3126.65
2025-04-11 16:00:00,APXMIDP,84.89,2633.7
2025-04-11 16:30:00,APXMIDP,79.18,3178.8
2025-04-11 17:00:00,APXMIDP,82.13,2449.55
2025-04-11 17:30:00,APXMIDP,95.35,2693.3
2025-04-11 18:00:00,APXMIDP,96.79,2241.95
2025-04-11 18:30:00,APXMIDP,100.22,2207.45
2025-04-11 19:00:00,APXMIDP,98.81,2243.5
2025-04-11 19:30:00,APXMIDP,95.43,2084.95
2025-04-11 20:00:00,APXMIDP,88.55,2142.25
2025-04-11 20:30:00,APXMIDP,81.24,2329.85
2025-04-11 21:00:00,APXMIDP,81.24,2285.55
2025-04-11 21:30:00,APXMIDP,79.19,2274.6
2025-04-11 22:00:00,APXMIDP,76.2,1500.8
2025-04-11 22:30:00,APXMIDP,85.96,1583.0
2025-04-11 23:00:00,APXMIDP,81.44,936.5
2025-04-11 23:30:00,APXMIDP,85.84,994.45
2025-04-12 00:00:00,APXMIDP,82.78,888.8
2025-04-12 00:30:00,APXMIDP,87.24,902.1
2025-04-12 01:00:00,APXMIDP,88.37,1105.8
2025-04-12 01:30:00,APXMIDP,86.49,975.85
2025-04-12 02:00:00,APXMIDP,96.57,1318.95
2025-04-12 02:30:00,APXMIDP,92.24,1427.7
2025-04-12 03:00:00,APXMIDP,93.12,1413.75
2025-04-12 03:30:00,APXMIDP,95.55,1398.9
2025-04-12 04:00:00,APXMIDP,101.06,1571.9
2025-04-12 04:30:00,APXMIDP,100.76,1528.15
2025-04-12 05:00:00,APXMIDP,101.14,1573.7
2025-04-12 05:30:00,APXMIDP,103.86,1739.9
2025-04-12 06:00:00,APXMIDP,83.5,1922.5
2025-04-12 06:30:00,APXMIDP,84.08,1907.05
2025-04-12 07:00:00,APXMIDP,84.76,1897.75
2025-04-12 07:30:00,APXMIDP,80.92,1766.3
2025-04-12 08:00:00,APXMIDP,79.61,2062.95
2025-04-12 08:30:00,APXMIDP,79.46,1972.7
2025-04-12 09:00:00,APXMIDP,78.34,2230.6
2025-04-12 09:30:00,APXMIDP,70.33,2198.35
2025-04-12 10:00:00,APXMIDP,52.48,3080.8
2025-04-12 10:30:00,APXMIDP,46.36,3079.25
2025-04-12 11:00:00,APXMIDP,31.47,3200.35
2025-04-12 11:30:00,APXMIDP,21.52,3189.5
2025-04-12 12:00:00,APXMIDP,7.05,3006.3
2025-04-12 12:30:00,APXMIDP,0.86,3067.2
2025-04-12 13:00:00,APXMIDP,-3.37,3465.65
2025-04-12 13:30:00,APXMIDP,-2.1,3469.7
2025-04-12 14:00:00,APXMIDP,-0.86,2767.9
2025-04-12 14:30:00,APXMIDP,12.69,2820.3
2025-04-12 15:00:00,APXMIDP,33.77,2634.75
2025-04-12 15:30:00,APXMIDP,42.11,2448.25
2025-04-12 16:00:00,APXMIDP,81.26,3329.35
2025-04-12 16:30:00,APXMIDP,75.32,3226.1
2025-04-12 17:00:00,APXMIDP,78.95,3580.6
2025-04-12 17:30:00,APXMIDP,85.0,2759.95
2025-04-12 18:00:00,APXMIDP,80.09,2329.5
2025-04-12 18:30:00,APXMIDP,83.93,2398.7
2025-04-12 19:00:00,APXMIDP,77.33,2190.35
2025-04-12 19:30:00,APXMIDP,85.06,2282.05
2025-04-12 20:00:00,APXMIDP,85.87,1756.05
2025-04-12 20:30:00,APXMIDP,80.22,1836.65
2025-04-12 21:00:00,APXMIDP,77.96,1999.95
2025-04-12 21:30:00,APXMIDP,77.1,1723.75
2025-04-12 22:00:00,APXMIDP,64.76,2282.7
2025-04-12 22:30:00,APXMIDP,70.17,2073.35
2025-04-12 23:00:00,APXMIDP,72.58,2371.5
2025-04-12 23:30:00,APXMIDP,71.39,2506.0
2025-04-13 00:00:00,APXMIDP,72.78,2201.15
2025-04-13 00:30:00,APXMIDP,74.22,2522.2
2025-04-13 01:00:00,APXMIDP,76.47,2528.75
2025-04-13 01:30:00,APXMIDP,67.41,2321.4
2025-04-13 02:00:00,APXMIDP,40.97,2038.25
2025-04-13 02:30:00,APXMIDP,31.21,1887.7
2025-04-13 03:00:00,APXMIDP,23.01,2087.7
2025-04-13 03:30:00,APXMIDP,19.44,2251.3
2025-04-13 04:00:00,APXMIDP,18.56,2593.75
2025-04-13 04:30:00,APXMIDP,36.7,2963.3
2025-04-13 05:00:00,APXMIDP,43.63,3055.2
2025-04-13 05:30:00,APXMIDP,45.5,3370.65
2025-04-13 06:00:00,APXMIDP,62.67,2602.05
2025-04-13 06:30:00,APXMIDP,67.47,2925.65
2025-04-13 07:00:00,APXMIDP,71.05,3450.1
2025-04-13 07:30:00,APXMIDP,80.75,3446.9
2025-04-13 08:00:00,APXMIDP,81.96,3425.85
2025-04-13 08:30:00,APXMIDP,83.66,3341.95
2025-04-13 09:00:00,APXMIDP,82.23,3005.45
2025-04-13 09:30:00,APXMIDP,78.51,3121.65
2025-04-13 10:00:00,APXMIDP,81.38,2287.5
2025-04-13 10:30:00,APXMIDP,81.28,2593.35
2025-04-13 11:00:00,APXMIDP,77.54,2568.0
2025-04-13 11:30:00,APXMIDP,72.65,2791.9
2025-04-13 12:00:00,APXMIDP,59.69,2880.2
2025-04-13 12:30:00,APXMIDP,58.61,2739.2
2025-04-13 13:00:00,APXMIDP,48.94,3319.15
2025-04-13 13:30:00,APXMIDP,45.41,2884.2
2025-04-13 14:00:00,APXMIDP,31.53,3115.65
2025-04-13 14:30:00,APXMIDP,37.49,3399.7
2025-04-13 15:00:00,APXMIDP,62.41,3335.4
2025-04-13 15:30:00,APXMIDP,79.36,2687.2
2025-04-13 16:00:00,APXMIDP,78.92,2785.15
2025-04-13 16:30:00,APXMIDP,79.16,2558.35
2025-04-13 17:00:00,APXMIDP,81.18,2959.65
2025-04-13 17:30:00,APXMIDP,77.63,2690.0
2025-04-13 18:00:00,APXMIDP,84.21,2329.15
2025-04-13 18:30:00,APXMIDP,84.66,2832.4
2025-04-13 19:00:00,APXMIDP,84.7,2738.8
2025-04-13 19:30:00,APXMIDP,80.85,3009.55
2025-04-13 20:00:00,APXMIDP,68.98,2621.1
2025-04-13 20:30:00,APXMIDP,66.22,2296.05
2025-04-13 21:00:00,APXMIDP,67.14,2845.25
2025-04-13 21:30:00,APXMIDP,76.64,2671.5
2025-04-13 22:00:00,APXMIDP,84.63,1492.3
2025-04-13 22:30:00,APXMIDP,86.86,1631.8
2025-04-13 23:00:00,APXMIDP,96.42,1852.4
2025-04-13 23:30:00,APXMIDP,88.68,1837.15
2025-04-14 00:00:00,APXMIDP,85.31,1773.75
2025-04-14 00:30:00,APXMIDP,86.09,1878.25
2025-04-14 01:00:00,APXMIDP,85.32,2262.5
2025-04-14 01:30:00,APXMIDP,77.67,2364.85
2025-04-14 02:00:00,APXMIDP,79.04,2163.0
2025-04-14 02:30:00,APXMIDP,75.69,1948.3
2025-04-14 03:00:00,APXMIDP,84.73,2014.45
2025-04-14 03:30:00,APXMIDP,75.93,1751.85
2025-04-14 04:00:00,APXMIDP,80.95,1750.8
2025-04-14 04:30:00,APXMIDP,75.99,1629.5
2025-04-14 05:00:00,APXMIDP,80.0,2051.2
2025-04-14 05:30:00,APXMIDP,80.74,2480.8
2025-04-14 06:00:00,APXMIDP,92.36,2377.4
2025-04-14 06:30:00,APXMIDP,99.58,2784.0
2025-04-14 07:00:00,APXMIDP,75.32,2554.05
2025-04-14 07:30:00,APXMIDP,51.33,2578.8
2025-04-14 08:00:00,APXMIDP,69.81,3701.65
2025-04-14 08:30:00,APXMIDP,69.63,3880.35
2025-04-14 09:00:00,APXMIDP,55.91,3767.25
2025-04-14 09:30:00,APXMIDP,54.35,4087.95
2025-04-14 10:00:00,APXMIDP,44.72,3139.5
2025-04-14 10:30:00,APXMIDP,42.49,2815.85
2025-04-14 11:00:00,APXMIDP,51.87,3274.3
2025-04-14 11:30:00,APXMIDP,51.05,3454.6
2025-04-14 12:00:00,APXMIDP,61.14,3808.5
2025-04-14 12:30:00,APXMIDP,63.87,3686.65
2025-04-14 13:00:00,APXMIDP,63.76,3864.1
2025-04-14 13:30:00,APXMIDP,64.31,3490.7
2025-04-14 14:00:00,APXMIDP,78.74,2793.0
2025-04-14 14:30:00,APXMIDP,79.52,2931.95
2025-04-14 15:00:00,APXMIDP,83.14,3252.8
2025-04-14 15:30:00,APXMIDP,74.54,3483.2
2025-04-14 16:00:00,APXMIDP,87.42,2790.9
2025-04-14 16:30:00,APXMIDP,87.42,2937.4
2025-04-14 17:00:00,APXMIDP,95.92,3028.25
2025-04-14 17:30:00,APXMIDP,102.25,3114.05
2025-04-14 18:00:00,APXMIDP,94.43,3597.15
2025-04-14 18:30:00,APXMIDP,96.48,2980.8
2025-04-14 19:00:00,APXMIDP,83.79,2388.9
2025-04-14 19:30:00,APXMIDP,82.04,2860.6
2025-04-14 20:00:00,APXMIDP,80.74,3056.25
2025-04-14 20:30:00,APXMIDP,78.29,2640.6
2025-04-14 21:00:00,APXMIDP,76.42,3197.4
2025-04-14 21:30:00,APXMIDP,79.87,3059.95
2025-04-14 22:00:00,APXMIDP,76.96,1695.7
2025-04-14 22:30:00,APXMIDP,77.32,1674.7
2025-04-14 23:00:00,APXMIDP,78.63,1634.55
2025-04-14 23:30:00,APXMIDP,81.91,1451.6
2025-04-15 00:00:00,APXMIDP,84.36,1927.4
2025-04-15 00:30:00,APXMIDP,87.39,1967.9
2025-04-15 01:00:00,APXMIDP,83.4,1990.95
2025-04-15 01:30:00,APXMIDP,78.62,1875.9
2025-04-15 02:00:00,APXMIDP,75.79,1901.05
2025-04-15 02:30:00,APXMIDP,73.61,2002.5
2025-04-15 03:00:00,APXMIDP,73.68,1938.9
2025-04-15 03:30:00,APXMIDP,72.65,1794.55
2025-04-15 04:00:00,APXMIDP,74.49,1852.75
2025-04-15 04:30:00,APXMIDP,82.47,2557.65
2025-04-15 05:00:00,APXMIDP,77.19,2417.75
2025-04-15 05:30:00,APXMIDP,72.9,2904.35
2025-04-15 06:00:00,APXMIDP,71.8,2972.1
2025-04-15 06:30:00,APXMIDP,89.23,2723.9
2025-04-15 07:00:00,APXMIDP,99.15,2389.6
2025-04-15 07:30:00,APXMIDP,100.77,2381.15
2025-04-15 08:00:00,APXMIDP,98.41,3243.95
2025-04-15 08:30:00,APXMIDP,98.05,3267.0
2025-04-15 09:00:00,APXMIDP,99.46,3406.8
2025-04-15 09:30:00,APXMIDP,100.03,3150.6
2025-04-15 10:00:00,APXMIDP,100.0,2448.5
2025-04-15 10:30:00,APXMIDP,91.33,2504.0
2025-04-15 11:00:00,APXMIDP,95.71,3072.2
2025-04-15 11:30:00,APXMIDP,98.44,3290.8
2025-04-15 12:00:00,APXMIDP,88.22,3266.8
2025-04-15 12:30:00,APXMIDP,88.29,3307.65
2025-04-15 13:00:00,APXMIDP,92.53,3856.95
2025-04-15 13:30:00,APXMIDP,92.11,3915.05
2025-04-15 14:00:00,APXMIDP,98.25,4260.0
2025-04-15 14:30:00,APXMIDP,99.44,4508.2
2025-04-15 15:00:00,APXMIDP,91.59,4839.7
2025-04-15 15:30:00,APXMIDP,96.61,4763.3
2025-04-15 16:00:00,APXMIDP,99.41,4281.15
2025-04-15 16:30:00,APXMIDP,99.16,4191.05
2025-04-15 17:00:00,APXMIDP,101.29,3889.6
2025-04-15 17:30:00,APXMIDP,98.25,3675.1
2025-04-15 18:00:00,APXMIDP,88.31,3339.8
2025-04-15 18:30:00,APXMIDP,89.75,3541.55
2025-04-15 19:00:00,APXMIDP,88.24,3064.2
2025-04-15 19:30:00,APXMIDP,87.13,3384.2
2025-04-15 20:00:00,APXMIDP,93.96,3282.9
2025-04-15 20:30:00,APXMIDP,85.96,3292.85
2025-04-15 21:00:00,APXMIDP,90.41,3528.9
2025-04-15 21:30:00,APXMIDP,87.84,3734.25
2025-04-15 22:00:00,APXMIDP,76.55,3091.15
2025-04-15 22:30:00,APXMIDP,79.26,3127.35
2025-04-15 23:00:00,APXMIDP,82.74,2644.1
2025-04-15 23:30:00,APXMIDP,82.35,2742.5
2025-04-16 00:00:00,APXMIDP,79.1,2182.3
2025-04-16 00:30:00,APXMIDP,79.15,1810.6
2025-04-16 01:00:00,APXMIDP,82.6,2359.2
2025-04-16 01:30:00,APXMIDP,74.33,2326.9
2025-04-16 02:00:00,APXMIDP,81.69,2100.95
2025-04-16 02:30:00,APXMIDP,78.59,2137.3
2025-04-16 03:00:00,APXMIDP,74.31,2235.5
2025-04-16 03:30:00,APXMIDP,72.89,2356.25
2025-04-16 04:00:00,APXMIDP,71.6,2469.75
2025-04-16 04:30:00,APXMIDP,65.32,2371.7
2025-04-16 05:00:00,APXMIDP,85.38,2240.8
2025-04-16 05:30:00,APXMIDP,89.11,2485.85
2025-04-16 06:00:00,APXMIDP,106.81,3961.45
2025-04-16 06:30:00,APXMIDP,110.32,3947.75
2025-04-16 07:00:00,APXMIDP,108.3,4164.8
2025-04-16 07:30:00,APXMIDP,108.76,4196.9
2025-04-16 08:00:00,APXMIDP,105.24,4514.75
2025-04-16 08:30:00,APXMIDP,102.59,4859.5
2025-04-16 09:00:00,APXMIDP,95.43,4506.4
2025-04-16 09:30:00,APXMIDP,87.52,4703.25
2025-04-16 10:00:00,APXMIDP,64.4,4510.5
2025-04-16 10:30:00,APXMIDP,60.96,4943.15
2025-04-16 11:00:00,APXMIDP,66.51,5299.6
2025-04-16 11:30:00,APXMIDP,67.56,5405.15
2025-04-16 12:00:00,APXMIDP,67.21,5042.75
2025-04-16 12:30:00,APXMIDP,62.37,4313.5
2025-04-16 13:00:00,APXMIDP,65.45,4185.5
2025-04-16 13:30:00,APXMIDP,67.93,4302.05
2025-04-16 14:00:00,APXMIDP,83.23,2927.7
2025-04-16 14:30:00,APXMIDP,88.11,3129.1
2025-04-16 15:00:00,APXMIDP,78.1,2577.05
2025-04-16 15:30:00,APXMIDP,76.25,2601.15
2025-04-16 16:00:00,APXMIDP,76.73,3306.4
2025-04-16 16:30:00,APXMIDP,82.12,3399.75
2025-04-16 17:00:00,APXMIDP,85.75,3223.75
2025-04-16 17:30:00,APXMIDP,84.02,3405.35
2025-04-16 18:00:00,APXMIDP,90.69,3241.35
2025-04-16 18:30:00,APXMIDP,94.17,3247.2
2025-04-16 19:00:00,APXMIDP,83.14,2852.05
2025-04-16 19:30:00,APXMIDP,85.8,2682.9
2025-04-16 20:00:00,APXMIDP,81.68,3193.25
2025-04-16 20:30:00,APXMIDP,84.82,3428.75
2025-04-16 21:00:00,APXMIDP,82.04,2813.45
2025-04-16 21:30:00,APXMIDP,79.23,2687.9
2025-04-16 22:00:00,APXMIDP,71.29,2015.35
2025-04-16 22:30:00,APXMIDP,72.44,1811.5
2025-04-16 23:00:00,APXMIDP,72.08,1544.25
2025-04-16 23:30:00,APXMIDP,68.38,1667.7
2025-04-17 00:00:00,APXMIDP,67.52,2020.45
2025-04-17 00:30:00,APXMIDP,70.98,2203.85
2025-04-17 01:00:00,APXMIDP,69.33,2064.8
2025-04-17 01:30:00,APXMIDP,68.6,2152.25
2025-04-17 02:00:00,APXMIDP,56.73,2068.35
2025-04-17 02:30:00,APXMIDP,55.5,2426.9
2025-04-17 03:00:00,APXMIDP,61.45,2621.4
2025-04-17 03:30:00,APXMIDP,59.71,2365.65
2025-04-17 04:00:00,APXMIDP,92.46,1994.45
2025-04-17 04:30:00,APXMIDP,90.74,2290.5
2025-04-17 05:00:00,APXMIDP,92.87,2689.65
2025-04-17 05:30:00,APXMIDP,107.43,2476.85
2025-04-17 06:00:00,APXMIDP,106.12,2756.85
2025-04-17 06:30:00,APXMIDP,113.11,2852.35
2025-04-17 07:00:00,APXMIDP,114.41,2781.3
2025-04-17 07:30:00,APXMIDP,106.43,3344.25
2025-04-17 08:00:00,APXMIDP,96.83,3109.2
2025-04-17 08:30:00,APXMIDP,94.06,3109.4
2025-04-17 09:00:00,APXMIDP,90.21,3346.5
2025-04-17 09:30:00,APXMIDP,84.11,2712.4
2025-04-17 10:00:00,APXMIDP,76.26,2819.3
2025-04-17 10:30:00,APXMIDP,80.07,3208.05
2025-04-17 11:00:00,APXMIDP,74.85,3417.8
2025-04-17 11:30:00,APXMIDP,75.73,3189.85
2025-04-17 12:00:00,APXMIDP,76.36,3528.95
2025-04-17 12:30:00,APXMIDP,72.92,4112.7
2025-04-17 13:00:00,APXMIDP,75.38,3452.45
2025-04-17 13:30:00,APXMIDP,76.95,3574.9
2025-04-17 14:00:00,APXMIDP,87.6,2703.8
2025-04-17 14:30:00,APXMIDP,90.44,3179.6
2025-04-17 15:00:00,APXMIDP,91.01,3004.4
2025-04-17 15:30:00,APXMIDP,86.37,3059.5
2025-04-17 16:00:00,APXMIDP,89.7,2939.55
2025-04-17 16:30:00,APXMIDP,98.37,2912.85
2025-04-17 17:00:00,APXMIDP,105.04,2930.1
2025-04-17 17:30:00,APXMIDP,107.79,2983.7
2025-04-17 18:00:00,APXMIDP,105.9,2675.05
2025-04-17 18:30:00,APXMIDP,106.0,2758.1
2025-04-17 19:00:00,APXMIDP,98.26,2449.1
2025-04-17 19:30:00,APXMIDP,100.75,2481.2
2025-04-17 20:00:00,APXMIDP,103.26,2570.25
2025-04-17 20:30:00,APXMIDP,92.11,2288.55
2025-04-17 21:00:00,APXMIDP,91.27,2421.45
2025-04-17 21:30:00,APXMIDP,91.56,2723.0
2025-04-17 22:00:00,APXMIDP,83.32,1556.95
2025-04-17 22:30:00,APXMIDP,81.47,1364.8
2025-04-17 23:00:00,APXMIDP,85.55,1203.95
2025-04-17 23:30:00,APXMIDP,79.72,1027.85
2025-04-18 00:00:00,APXMIDP,80.68,968.65
2025-04-18 00:30:00,APXMIDP,81.99,1051.8
2025-04-18 01:00:00,APXMIDP,78.65,1097.95
2025-04-18 01:30:00,APXMIDP,78.63,1197.55
2025-04-18 02:00:00,APXMIDP,80.82,1407.0
2025-04-18 02:30:00,APXMIDP,77.96,1474.15
2025-04-18 03:00:00,APXMIDP,78.02,1657.8
2025-04-18 03:30:00,APXMIDP,75.83,1790.1
2025-04-18 04:00:00,APXMIDP,82.12,1093.15
2025-04-18 04:30:00,APXMIDP,83.97,1504.85
2025-04-18 05:00:00,APXMIDP,88.02,1526.1
2025-04-18 05:30:00,APXMIDP,91.57,1643.8
2025-04-18 06:00:00,APXMIDP,89.97,1768.2
2025-04-18 06:30:00,APXMIDP,90.74,2270.4
2025-04-18 07:00:00,APXMIDP,100.62,2441.5
2025-04-18 07:30:00,APXMIDP,99.93,2572.2
2025-04-18 08:00:00,APXMIDP,88.76,2613.1
2025-04-18 08:30:00,APXMIDP,85.83,2742.6
2025-04-18 09:00:00,APXMIDP,85.16,3094.6
2025-04-18 09:30:00,APXMIDP,81.73,2735.35
2025-04-18 10:00:00,APXMIDP,76.15,2510.8
2025-04-18 10:30:00,APXMIDP,68.91,2862.35
2025-04-18 11:00:00,APXMIDP,69.35,2802.15
2025-04-18 11:30:00,APXMIDP,70.56,3003.15
2025-04-18 12:00:00,APXMIDP,71.24,3184.6
2025-04-18 12:30:00,APXMIDP,72.7,3545.55
2025-04-18 13:00:00,APXMIDP,72.41,3739.75
2025-04-18 13:30:00,APXMIDP,71.77,3467.1
2025-04-18 14:00:00,APXMIDP,79.77,3427.9
2025-04-18 14:30:00,APXMIDP,82.29,3538.65
2025-04-18 15:00:00,APXMIDP,86.54,2848.4
2025-04-18 15:30:00,APXMIDP,93.12,3186.45
2025-04-18 16:00:00,APXMIDP,101.06,2681.7
2025-04-18 16:30:00,APXMIDP,101.99,3282.8
2025-04-18 17:00:00,APXMIDP,106.39,2783.2
2025-04-18 17:30:00,APXMIDP,105.81,2607.2
2025-04-18 18:00:00,APXMIDP,107.53,2879.15
2025-04-18 18:30:00,APXMIDP,106.5,3206.4
2025-04-18 19:00:00,APXMIDP,94.32,2949.35
2025-04-18 19:30:00,APXMIDP,95.14,3009.0
2025-04-18 20:00:00,APXMIDP,91.04,2659.65
2025-04-18 20:30:00,APXMIDP,82.96,1925.0
2025-04-18 21:00:00,APXMIDP,88.53,2123.4
2025-04-18 21:30:00,APXMIDP,87.63,1714.85
2025-04-18 22:00:00,APXMIDP,83.97,1590.9
2025-04-18 22:30:00,APXMIDP,81.55,1597.6
2025-04-18 23:00:00,APXMIDP,76.7,1536.0
2025-04-18 23:30:00,APXMIDP,74.91,1171.7
2025-04-19 00:00:00,APXMIDP,77.73,1116.15
2025-04-19 00:30:00,APXMIDP,79.54,1260.1
2025-04-19 01:00:00,APXMIDP,77.78,1122.25
2025-04-19 01:30:00,APXMIDP,75.32,1297.3
2025-04-19 02:00:00,APXMIDP,75.64,1070.85
2025-04-19 02:30:00,APXMIDP,75.78,1350.75
2025-04-19 03:00:00,APXMIDP,68.25,1689.65
2025-04-19 03:30:00,APXMIDP,73.29,1718.8
2025-04-19 04:00:00,APXMIDP,76.01,1345.25
2025-04-19 04:30:00,APXMIDP,72.92,1864.1
2025-04-19 05:00:00,APXMIDP,77.22,1814.5
2025-04-19 05:30:00,APXMIDP,83.99,1873.35
2025-04-19 06:00:00,APXMIDP,83.32,2015.85
2025-04-19 06:30:00,APXMIDP,87.66,1744.0
2025-04-19 07:00:00,APXMIDP,78.09,2246.05
2025-04-19 07:30:00,APXMIDP,75.47,2546.15
2025-04-19 08:00:00,APXMIDP,59.1,2571.35
2025-04-19 08:30:00,APXMIDP,61.84,3170.3
2025-04-19 09:00:00,APXMIDP,65.46,2510.6
2025-04-19 09:30:00,APXMIDP,67.3,2837.95
2025-04-19 10:00:00,APXMIDP,50.15,2286.35
2025-04-19 10:30:00,APXMIDP,42.49,2003.1
2025-04-19 11:00:00,APXMIDP,30.83,2063.0
2025-04-19 11:30:00,APXMIDP,17.86,2591.65
2025-04-19 12:00:00,APXMIDP,21.98,3451.7
2025-04-19 12:30:00,APXMIDP,21.46,3438.1
2025-04-19 13:00:00,APXMIDP,19.94,3166.4
2025-04-19 13:30:00,APXMIDP,17.12,3192.75
2025-04-19 14:00:00,APXMIDP,24.46,3240.6
2025-04-19 14:30:00,APXMIDP,33.2,3281.55
2025-04-19 15:00:00,APXMIDP,52.74,2864.15
2025-04-19 15:30:00,APXMIDP,66.3,2880.65
2025-04-19 16:00:00,APXMIDP,73.86,2861.05
2025-04-19 16:30:00,APXMIDP,77.18,3047.85
2025-04-19 17:00:00,APXMIDP,82.44,2123.4
2025-04-19 17:30:00,APXMIDP,85.8,2109.55
2025-04-19 18:00:00,APXMIDP,104.19,2141.95
2025-04-19 18:30:00,APXMIDP,104.53,2373.85
2025-04-19 19:00:00,APXMIDP,102.22,2182.85
2025-04-19 19:30:00,APXMIDP,106.06,2531.25
2025-04-19 20:00:00,APXMIDP,102.09,2060.85
2025-04-19 20:30:00,APXMIDP,100.16,1850.55
2025-04-19 21:00:00,APXMIDP,98.18,2138.85
2025-04-19 21:30:00,APXMIDP,89.08,2455.6
2025-04-19 22:00:00,APXMIDP,82.3,2146.3
2025-04-19 22:30:00,APXMIDP,84.71,1783.5
2025-04-19 23:00:00,APXMIDP,79.15,1637.45
2025-04-19 23:30:00,APXMIDP,81.44,1522.6
2025-04-20 00:00:00,APXMIDP,82.62,1080.6
2025-04-20 00:30:00,APXMIDP,85.52,1212.0
2025-04-20 01:00:00,APXMIDP,79.81,1202.65
2025-04-20 01:30:00,APXMIDP,75.62,1245.5
2025-04-20 02:00:00,APXMIDP,85.14,1112.15
2025-04-20 02:30:00,APXMIDP,88.69,1265.55
2025-04-20 03:00:00,APXMIDP,91.78,1376.65
2025-04-20 03:30:00,APXMIDP,96.18,1521.6
2025-04-20 04:00:00,APXMIDP,91.52,1378.95
2025-04-20 04:30:00,APXMIDP,89.18,1726.6
2025-04-20 05:00:00,APXMIDP,79.45,1639.35
2025-04-20 05:30:00,APXMIDP,81.07,1801.95
2025-04-20 06:00:00,APXMIDP,84.38,1490.6
2025-04-20 06:30:00,APXMIDP,91.8,1793.55
2025-04-20 07:00:00,APXMIDP,91.61,1820.0
2025-04-20 07:30:00,APXMIDP,92.36,1669.3
2025-04-20 08:00:00,APXMIDP,95.77,1487.75
2025-04-20 08:30:00,APXMIDP,97.57,1809.55
2025-04-20 09:00:00,APXMIDP,96.98,1884.5
2025-04-20 09:30:00,APXMIDP,90.73,1929.8
2025-04-20 10:00:00,APXMIDP,79.89,2437.5
2025-04-20 10:30:00,APXMIDP,76.95,2540.6
2025-04-20 11:00:00,APXMIDP,76.98,2443.6
2025-04-20 11:30:00,APXMIDP,75.77,2562.8
2025-04-20 12:00:00,APXMIDP,73.36,2820.7
2025-04-20 12:30:00,APXMIDP,73.28,2849.4
2025-04-20 13:00:00,APXMIDP,72.71,3351.45
2025-04-20 13:30:00,APXMIDP,73.96,3308.8
2025-04-20 14:00:00,APXMIDP,74.43,1949.6
2025-04-20 14:30:00,APXMIDP,74.98,2031.2
2025-04-20 15:00:00,APXMIDP,90.21,2869.45
2025-04-20 15:30:00,APXMIDP,98.39,3184.05
2025-04-20 16:00:00,APXMIDP,102.24,2717.6
2025-04-20 16:30:00,APXMIDP,104.04,2836.85
2025-04-20 17:00:00,APXMIDP,106.22,2684.2
2025-04-20 17:30:00,APXMIDP,107.71,2582.3
2025-04-20 18:00:00,APXMIDP,109.56,2552.35
2025-04-20 18:30:00,APXMIDP,109.68,2743.8
2025-04-20 19:00:00,APXMIDP,103.68,2517.3
2025-04-20 19:30:00,APXMIDP,103.81,2677.2
2025-04-20 20:00:00,APXMIDP,99.83,2274.15
2025-04-20 20:30:00,APXMIDP,90.51,2035.1
2025-04-20 21:00:00,APXMIDP,98.29,2443.0
2025-04-20 21:30:00,APXMIDP,93.49,2043.7
2025-04-20 22:00:00,APXMIDP,88.63,1393.55
2025-04-20 22:30:00,APXMIDP,88.31,1163.3
2025-04-20 23:00:00,APXMIDP,88.76,829.05
2025-04-20 23:30:00,APXMIDP,85.69,1012.45
2025-04-21 00:00:00,APXMIDP,81.61,958.65
2025-04-21 00:30:00,APXMIDP,83.09,1036.0
2025-04-21 01:00:00,APXMIDP,86.03,1058.65
2025-04-21 01:30:00,APXMIDP,79.96,771.0
2025-04-21 02:00:00,APXMIDP,84.75,702.05
2025-04-21 02:30:00,APXMIDP,83.4,612.7
2025-04-21 03:00:00,APXMIDP,86.24,715.65
2025-04-21 03:30:00,APXMIDP,85.63,708.3
2025-04-21 04:00:00,APXMIDP,89.44,598.1
2025-04-21 04:30:00,APXMIDP,95.72,693.7
2025-04-21 05:00:00,APXMIDP,86.25,1163.25
2025-04-21 05:30:00,APXMIDP,91.7,1255.55
2025-04-21 06:00:00,APXMIDP,88.81,1221.55
2025-04-21 06:30:00,APXMIDP,91.66,1553.8
2025-04-21 07:00:00,APXMIDP,87.46,1725.6
2025-04-21 07:30:00,APXMIDP,89.84,1786.55
2025-04-21 08:00:00,APXMIDP,98.19,1591.25
2025-04-21 08:30:00,APXMIDP,99.72,1516.05
2025-04-21 09:00:00,APXMIDP,100.78,1395.4
2025-04-21 09:30:00,APXMIDP,99.82,1545.2
2025-04-21 10:00:00,APXMIDP,98.84,1250.3
2025-04-21 10:30:00,APXMIDP,99.48,1194.7
2025-04-21 11:00:00,APXMIDP,99.39,1296.3
2025-04-21 11:30:00,APXMIDP,98.34,1292.3
2025-04-21 12:00:00,APXMIDP,94.74,1338.05
2025-04-21 12:30:00,APXMIDP,93.16,1436.3
2025-04-21 13:00:00,APXMIDP,92.96,1704.25
2025-04-21 13:30:00,APXMIDP,90.77,1910.05
2025-04-21 14:00:00,APXMIDP,93.44,2086.5
2025-04-21 14:30:00,APXMIDP,95.69,1887.3
2025-04-21 15:00:00,APXMIDP,94.1,2223.8
2025-04-21 15:30:00,APXMIDP,89.94,2575.5
2025-04-21 16:00:00,APXMIDP,100.47,1937.45
2025-04-21 16:30:00,APXMIDP,97.44,1935.9
2025-04-21 17:00:00,APXMIDP,104.78,1896.75
2025-04-21 17:30:00,APXMIDP,104.85,2112.6
2025-04-21 18:00:00,APXMIDP,108.11,1567.8
2025-04-21 18:30:00,APXMIDP,105.9,1764.05
2025-04-21 19:00:00,APXMIDP,104.25,1697.85
2025-04-21 19:30:00,APXMIDP,102.07,1594.7
2025-04-21 20:00:00,APXMIDP,95.07,1749.9
2025-04-21 20:30:00,APXMIDP,93.04,1581.45
2025-04-21 21:00:00,APXMIDP,89.05,1727.35
2025-04-21 21:30:00,APXMIDP,84.83,2208.75
2025-04-21 22:00:00,APXMIDP,89.52,775.3
2025-04-21 22:30:00,APXMIDP,82.78,728.75
2025-04-21 23:00:00,APXMIDP,80.05,695.2
2025-04-21 23:30:00,APXMIDP,85.91,915.85
2025-04-22 00:00:00,APXMIDP,74.19,974.65
2025-04-22 00:30:00,APXMIDP,74.99,996.1
2025-04-22 01:00:00,APXMIDP,73.78,1058.3
2025-04-22 01:30:00,APXMIDP,71.3,1335.85
2025-04-22 02:00:00,APXMIDP,76.18,1039.75
2025-04-22 02:30:00,APXMIDP,72.17,977.3
2025-04-22 03:00:00,APXMIDP,72.31,806.65
2025-04-22 03:30:00,APXMIDP,73.74,943.35
2025-04-22 04:00:00,APXMIDP,78.96,733.3
2025-04-22 04:30:00,APXMIDP,77.31,1138.7
2025-04-22 05:00:00,APXMIDP,100.32,1280.55
2025-04-22 05:30:00,APXMIDP,103.56,1283.95
2025-04-22 06:00:00,APXMIDP,120.07,1939.2
2025-04-22 06:30:00,APXMIDP,123.98,2091.15
2025-04-22 07:00:00,APXMIDP,99.12,1615.85
2025-04-22 07:30:00,APXMIDP,91.46,1891.4
2025-04-22 08:00:00,APXMIDP,81.95,1817.75
2025-04-22 08:30:00,APXMIDP,78.38,1922.05
2025-04-22 09:00:00,APXMIDP,80.01,1761.95
2025-04-22 09:30:00,APXMIDP,76.51,2267.95
2025-04-22 10:00:00,APXMIDP,72.48,2276.15
2025-04-22 10:30:00,APXMIDP,71.89,2360.75
2025-04-22 11:00:00,APXMIDP,70.87,1897.9
2025-04-22 11:30:00,APXMIDP,71.54,1952.1
2025-04-22 12:00:00,APXMIDP,73.79,2527.8
2025-04-22 12:30:00,APXMIDP,72.46,2236.9
2025-04-22 13:00:00,APXMIDP,71.51,2648.55
2025-04-22 13:30:00,APXMIDP,73.22,2842.1
2025-04-22 14:00:00,APXMIDP,77.54,2213.3
2025-04-22 14:30:00,APXMIDP,77.13,2481.4
2025-04-22 15:00:00,APXMIDP,76.48,2617.05
2025-04-22 15:30:00,APXMIDP,76.45,2780.2
2025-04-22 16:00:00,APXMIDP,84.7,2829.1
2025-04-22 16:30:00,APXMIDP,84.99,3352.2
2025-04-22 17:00:00,APXMIDP,96.12,3541.45
2025-04-22 17:30:00,APXMIDP,98.91,3334.1
2025-04-22 18:00:00,APXMIDP,104.41,2613.2
2025-04-22 18:30:00,APXMIDP,105.08,2477.7
2025-04-22 19:00:00,APXMIDP,106.56,2415.2
2025-04-22 19:30:00,APXMIDP,106.57,2397.1
2025-04-22 20:00:00,APXMIDP,100.9,2014.75
2025-04-22 20:30:00,APXMIDP,96.03,2034.4
2025-04-22 21:00:00,APXMIDP,86.17,2530.1
2025-04-22 21:30:00,APXMIDP,75.79,2421.9
2025-04-22 22:00:00,APXMIDP,74.49,1319.3
2025-04-22 22:30:00,APXMIDP,68.83,1426.85
2025-04-22 23:00:00,APXMIDP,70.25,1294.1
2025-04-22 23:30:00,APXMIDP,70.61,1198.9
2025-04-23 00:00:00,APXMIDP,68.1,1644.9
2025-04-23 00:30:00,APXMIDP,69.13,1796.95
2025-04-23 01:00:00,APXMIDP,68.93,1666.15
2025-04-23 01:30:00,APXMIDP,68.33,1849.85
2025-04-23 02:00:00,APXMIDP,70.25,1611.4
2025-04-23 02:30:00,APXMIDP,71.41,1582.95
2025-04-23 03:00:00,APXMIDP,68.98,1469.2
2025-04-23 03:30:00,APXMIDP,69.06,1612.85
2025-04-23 04:00:00,APXMIDP,74.79,1384.25
2025-04-23 04:30:00,APXMIDP,69.77,1703.65
2025-04-23 05:00:00,APXMIDP,76.66,1484.85
2025-04-23 05:30:00,APXMIDP,90.42,1981.5
2025-04-23 06:00:00,APXMIDP,81.13,2301.2
2025-04-23 06:30:00,APXMIDP,93.88,2804.25
2025-04-23 07:00:00,APXMIDP,87.55,2000.85
2025-04-23 07:30:00,APXMIDP,85.92,2121.4
2025-04-23 08:00:00,APXMIDP,82.03,1837.05
2025-04-23 08:30:00,APXMIDP,76.36,1580.7
2025-04-23 09:00:00,APXMIDP,73.91,1819.6
2025-04-23 09:30:00,APXMIDP,74.39,2314.8
2025-04-23 10:00:00,APXMIDP,73.92,2695.9
2025-04-23 10:30:00,APXMIDP,73.39,2447.6
2025-04-23 11:00:00,APXMIDP,73.93,2515.35
2025-04-23 11:30:00,APXMIDP,72.67,2280.05
2025-04-23 12:00:00,APXMIDP,70.21,2407.25
2025-04-23 12:30:00,APXMIDP,71.87,2633.75
2025-04-23 13:00:00,APXMIDP,74.21,3088.9
2025-04-23 13:30:00,APXMIDP,71.92,3142.75
2025-04-23 14:00:00,APXMIDP,70.62,2497.7
2025-04-23 14:30:00,APXMIDP,71.41,2574.65
2025-04-23 15:00:00,APXMIDP,88.68,2364.35
2025-04-23 15:30:00,APXMIDP,86.61,2513.25
2025-04-23 16:00:00,APXMIDP,102.36,3045.55
2025-04-23 16:30:00,APXMIDP,105.52,3212.6
2025-04-23 17:00:00,APXMIDP,112.67,3224.0
2025-04-23 17:30:00,APXMIDP,115.54,3025.95
2025-04-23 18:00:00,APXMIDP,118.18,2829.15
2025-04-23 18:30:00,APXMIDP,119.03,2871.65
2025-04-23 19:00:00,APXMIDP,109.76,3329.55
2025-04-23 19:30:00,APXMIDP,107.55,3098.3
2025-04-23 20:00:00,APXMIDP,100.65,2813.75
2025-04-23 20:30:00,APXMIDP,84.42,2356.85
2025-04-23 21:00:00,APXMIDP,85.66,2435.85
2025-04-23 21:30:00,APXMIDP,85.44,2258.6
2025-04-23 22:00:00,APXMIDP,82.46,1613.9
2025-04-23 22:30:00,APXMIDP,71.74,1685.45
2025-04-23 23:00:00,APXMIDP,71.49,1480.65
2025-04-23 23:30:00,APXMIDP,67.68,1761.0
2025-04-24 00:00:00,APXMIDP,67.97,1762.3
2025-04-24 00:30:00,APXMIDP,71.94,2165.3
2025-04-24 01:00:00,APXMIDP,74.91,2024.2
2025-04-24 01:30:00,APXMIDP,69.78,1724.65
2025-04-24 02:00:00,APXMIDP,67.86,1827.0
2025-04-24 02:30:00,APXMIDP,69.28,2089.05
2025-04-24 03:00:00,APXMIDP,68.13,1832.1
2025-04-24 03:30:00,APXMIDP,64.56,1882.0
2025-04-24 04:00:00,APXMIDP,71.81,1386.0
2025-04-24 04:30:00,APXMIDP,63.46,1879.75
2025-04-24 05:00:00,APXMIDP,67.71,1773.15
2025-04-24 05:30:00,APXMIDP,81.58,1988.15
2025-04-24 06:00:00,APXMIDP,85.11,2234.8
2025-04-24 06:30:00,APXMIDP,89.32,2211.95
2025-04-24 07:00:00,APXMIDP,80.76,2291.95
2025-04-24 07:30:00,APXMIDP,81.63,2402.9
2025-04-24 08:00:00,APXMIDP,82.54,2531.35
2025-04-24 08:30:00,APXMIDP,79.34,2521.55
2025-04-24 09:00:00,APXMIDP,81.73,2669.0
2025-04-24 09:30:00,APXMIDP,79.82,2589.75
2025-04-24 10:00:00,APXMIDP,81.64,3050.05
2025-04-24 10:30:00,APXMIDP,76.75,3138.65
2025-04-24 11:00:00,APXMIDP,69.89,3145.45
2025-04-24 11:30:00,APXMIDP,73.0,3010.2
2025-04-24 12:00:00,APXMIDP,76.43,3122.3
2025-04-24 12:30:00,APXMIDP,71.1,2872.05
2025-04-24 13:00:00,APXMIDP,69.32,2799.65
2025-04-24 13:30:00,APXMIDP,69.81,2952.6
2025-04-24 14:00:00,APXMIDP,66.72,2158.15
2025-04-24 14:30:00,APXMIDP,66.4,2769.4
2025-04-24 15:00:00,APXMIDP,67.87,3365.6
2025-04-24 15:30:00,APXMIDP,69.1,3029.05
2025-04-24 16:00:00,APXMIDP,74.91,3259.75
2025-04-24 16:30:00,APXMIDP,79.65,3311.6
2025-04-24 17:00:00,APXMIDP,77.91,3308.85
2025-04-24 17:30:00,APXMIDP,82.01,3159.55
2025-04-24 18:00:00,APXMIDP,90.63,3328.65
2025-04-24 18:30:00,APXMIDP,89.49,3460.15
2025-04-24 19:00:00,APXMIDP,90.64,3000.0
2025-04-24 19:30:00,APXMIDP,90.08,2892.75
2025-04-24 20:00:00,APXMIDP,91.53,2226.5
2025-04-24 20:30:00,APXMIDP,82.73,2020.0
2025-04-24 21:00:00,APXMIDP,84.33,2216.55
2025-04-24 21:30:00,APXMIDP,84.64,2162.65
2025-04-24 22:00:00,APXMIDP,78.66,1459.2
2025-04-24 22:30:00,APXMIDP,81.74,1284.8
2025-04-24 23:00:00,APXMIDP,80.11,1395.8
2025-04-24 23:30:00,APXMIDP,75.2,1261.75
2025-04-25 00:00:00,APXMIDP,76.01,1679.95
2025-04-25 00:30:00,APXMIDP,74.33,1657.8
2025-04-25 01:00:00,APXMIDP,73.81,1752.55
2025-04-25 01:30:00,APXMIDP,72.53,1774.7
2025-04-25 02:00:00,APXMIDP,74.99,1870.0
2025-04-25 02:30:00,APXMIDP,75.55,2161.15
2025-04-25 03:00:00,APXMIDP,78.78,2012.1
2025-04-25 03:30:00,APXMIDP,76.15,1906.55
2025-04-25 04:00:00,APXMIDP,84.12,1632.65
2025-04-25 04:30:00,APXMIDP,87.21,1511.3
2025-04-25 05:00:00,APXMIDP,102.71,1899.15
2025-04-25 05:30:00,APXMIDP,108.43,2135.25
2025-04-25 06:00:00,APXMIDP,117.63,2694.7
2025-04-25 06:30:00,APXMIDP,120.92,3079.05
2025-04-25 07:00:00,APXMIDP,116.01,2946.15
2025-04-25 07:30:00,APXMIDP,115.63,2890.65
2025-04-25 08:00:00,APXMIDP,97.25,2382.25
2025-04-25 08:30:00,APXMIDP,85.8,2527.6
2025-04-25 09:00:00,APXMIDP,74.75,1867.45
2025-04-25 09:30:00,APXMIDP,72.8,2484.15
2025-04-25 10:00:00,APXMIDP,72.61,1459.3
2025-04-25 10:30:00,APXMIDP,69.24,1418.8
2025-04-25 11:00:00,APXMIDP,71.36,1390.45
2025-04-25 11:30:00,APXMIDP,71.47,1522.05
2025-04-25 12:00:00,APXMIDP,70.06,1623.8
2025-04-25 12:30:00,APXMIDP,68.38,1521.0
2025-04-25 13:00:00,APXMIDP,67.34,1508.0
2025-04-25 13:30:00,APXMIDP,67.08,1349.35
2025-04-25 14:00:00,APXMIDP,68.13,1144.2
2025-04-25 14:30:00,APXMIDP,70.01,1427.45
2025-04-25 15:00:00,APXMIDP,68.3,1773.3
2025-04-25 15:30:00,APXMIDP,66.48,2071.05
2025-04-25 16:00:00,APXMIDP,85.78,2960.4
2025-04-25 16:30:00,APXMIDP,93.06,2969.25
2025-04-25 17:00:00,APXMIDP,102.09,2956.95
2025-04-25 17:30:00,APXMIDP,103.68,3057.65
2025-04-25 18:00:00,APXMIDP,108.58,2564.0
2025-04-25 18:30:00,APXMIDP,109.2,2490.9
2025-04-25 19:00:00,APXMIDP,100.9,2063.15
2025-04-25 19:30:00,APXMIDP,99.17,2121.55
2025-04-25 20:00:00,APXMIDP,92.36,1732.8
2025-04-25 20:30:00,APXMIDP,84.64,1690.8
2025-04-25 21:00:00,APXMIDP,86.78,1896.75
2025-04-25 21:30:00,APXMIDP,86.35,1885.0
2025-04-25 22:00:00,APXMIDP,78.38,1822.05
2025-04-25 22:30:00,APXMIDP,81.98,1182.2
2025-04-25 23:00:00,APXMIDP,86.49,926.95
2025-04-25 23:30:00,APXMIDP,84.35,916.3
2025-04-26 00:00:00,APXMIDP,79.65,1151.25
2025-04-26 00:30:00,APXMIDP,80.68,1156.9
2025-04-26 01:00:00,APXMIDP,82.74,928.3
2025-04-26 01:30:00,APXMIDP,76.83,1056.1
2025-04-26 02:00:00,APXMIDP,79.38,946.9
2025-04-26 02:30:00,APXMIDP,79.77,984.7
2025-04-26 03:00:00,APXMIDP,81.0,1180.45
2025-04-26 03:30:00,APXMIDP,82.85,1026.1
2025-04-26 04:00:00,APXMIDP,84.3,981.45
2025-04-26 04:30:00,APXMIDP,84.92,1026.15
2025-04-26 05:00:00,APXMIDP,84.46,1319.25
2025-04-26 05:30:00,APXMIDP,86.07,1427.4
2025-04-26 06:00:00,APXMIDP,87.49,1828.65
2025-04-26 06:30:00,APXMIDP,97.34,1518.15
2025-04-26 07:00:00,APXMIDP,102.14,1508.8
2025-04-26 07:30:00,APXMIDP,102.43,1409.4
2025-04-26 08:00:00,APXMIDP,101.59,1510.95
2025-04-26 08:30:00,APXMIDP,101.41,1751.4
2025-04-26 09:00:00,APXMIDP,100.54,1721.85
2025-04-26 09:30:00,APXMIDP,92.72,1946.7
2025-04-26 10:00:00,APXMIDP,77.92,1856.25
2025-04-26 10:30:00,APXMIDP,71.06,1760.55
2025-04-26 11:00:00,APXMIDP,70.28,1769.0
2025-04-26 11:30:00,APXMIDP,66.92,2229.15
2025-04-26 12:00:00,APXMIDP,61.97,2047.3
2025-04-26 12:30:00,APXMIDP,60.44,2226.75
2025-04-26 13:00:00,APXMIDP,60.15,2436.9
2025-04-26 13:30:00,APXMIDP,59.27,2425.3
2025-04-26 14:00:00,APXMIDP,54.85,1832.95
2025-04-26 14:30:00,APXMIDP,57.19,1738.95
2025-04-26 15:00:00,APXMIDP,59.98,2176.6
2025-04-26 15:30:00,APXMIDP,62.37,2423.8
2025-04-26 16:00:00,APXMIDP,75.67,2159.85
2025-04-26 16:30:00,APXMIDP,82.19,2325.65
2025-04-26 17:00:00,APXMIDP,85.48,2500.35
2025-04-26 17:30:00,APXMIDP,87.2,2506.7
2025-04-26 18:00:00,APXMIDP,94.52,2004.05
2025-04-26 18:30:00,APXMIDP,95.0,2234.75
2025-04-26 19:00:00,APXMIDP,96.35,2230.05
2025-04-26 19:30:00,APXMIDP,95.05,2441.85
2025-04-26 20:00:00,APXMIDP,87.58,1888.55
2025-04-26 20:30:00,APXMIDP,79.04,1571.1
2025-04-26 21:00:00,APXMIDP,76.01,1852.3
2025-04-26 21:30:00,APXMIDP,71.11,2109.3
2025-04-26 22:00:00,APXMIDP,79.35,1636.7
2025-04-26 22:30:00,APXMIDP,77.32,1391.3
2025-04-26 23:00:00,APXMIDP,67.22,1512.05
2025-04-26 23:30:00,APXMIDP,69.43,1840.2
2025-04-27 00:00:00,APXMIDP,65.11,1318.95
2025-04-27 00:30:00,APXMIDP,60.8,1391.55
2025-04-27 01:00:00,APXMIDP,62.06,1397.75
2025-04-27 01:30:00,APXMIDP,58.72,1186.7
2025-04-27 02:00:00,APXMIDP,59.3,1339.35
2025-04-27 02:30:00,APXMIDP,62.93,1773.8
2025-04-27 03:00:00,APXMIDP,66.25,1769.95
2025-04-27 03:30:00,APXMIDP,60.56,1765.55
2025-04-27 04:00:00,APXMIDP,64.03,1332.35
2025-04-27 04:30:00,APXMIDP,62.87,1360.95
2025-04-27 05:00:00,APXMIDP,57.86,1508.95
2025-04-27 05:30:00,APXMIDP,58.18,1357.45
2025-04-27 06:00:00,APXMIDP,26.75,1332.1
2025-04-27 06:30:00,APXMIDP,22.14,1474.5
2025-04-27 07:00:00,APXMIDP,19.31,1356.85
2025-04-27 07:30:00,APXMIDP,29.63,1963.6
2025-04-27 08:00:00,APXMIDP,39.43,1827.65
2025-04-27 08:30:00,APXMIDP,27.72,2224.2
2025-04-27 09:00:00,APXMIDP,15.77,2225.75
2025-04-27 09:30:00,APXMIDP,-5.37,2059.85
2025-04-27 10:00:00,APXMIDP,-11.66,2170.05
2025-04-27 10:30:00,APXMIDP,-11.99,2469.55
2025-04-27 11:00:00,APXMIDP,-4.54,2729.85
2025-04-27 11:30:00,APXMIDP,-12.02,2816.55
2025-04-27 12:00:00,APXMIDP,-24.68,2414.8
2025-04-27 12:30:00,APXMIDP,-27.75,2448.8
2025-04-27 13:00:00,APXMIDP,-30.2,2203.45
2025-04-27 13:30:00,APXMIDP,-35.48,2243.4
2025-04-27 14:00:00,APXMIDP,-12.74,2862.15
2025-04-27 14:30:00,APXMIDP,-8.24,2545.05
2025-04-27 15:00:00,APXMIDP,-6.27,2853.05
2025-04-27 15:30:00,APXMIDP,-3.99,2388.15
2025-04-27 16:00:00,APXMIDP,59.82,3408.3
2025-04-27 16:30:00,APXMIDP,66.44,3299.8
2025-04-27 17:00:00,APXMIDP,73.69,2787.4
2025-04-27 17:30:00,APXMIDP,73.21,2734.3
2025-04-27 18:00:00,APXMIDP,86.19,2852.7
2025-04-27 18:30:00,APXMIDP,87.09,2558.4
2025-04-27 19:00:00,APXMIDP,79.81,3050.8
2025-04-27 19:30:00,APXMIDP,81.33,2840.6
2025-04-27 20:00:00,APXMIDP,84.41,2663.8
2025-04-27 20:30:00,APXMIDP,75.2,2711.75
2025-04-27 21:00:00,APXMIDP,77.41,2362.6
2025-04-27 21:30:00,APXMIDP,72.48,2718.35
2025-04-27 22:00:00,APXMIDP,59.79,1749.8
2025-04-27 22:30:00,APXMIDP,62.69,1886.6
2025-04-27 23:00:00,APXMIDP,59.82,2162.15
2025-04-27 23:30:00,APXMIDP,54.82,2399.4
2025-04-28 00:00:00,APXMIDP,59.1,2390.3
2025-04-28 00:30:00,APXMIDP,66.94,2612.95
2025-04-28 01:00:00,APXMIDP,64.32,2974.15
2025-04-28 01:30:00,APXMIDP,62.32,3259.2
2025-04-28 02:00:00,APXMIDP,70.18,2526.75
2025-04-28 02:30:00,APXMIDP,71.39,2349.85
2025-04-28 03:00:00,APXMIDP,75.48,2082.2
2025-04-28 03:30:00,APXMIDP,77.28,1877.25
2025-04-28 04:00:00,APXMIDP,86.65,1992.15
2025-04-28 04:30:00,APXMIDP,84.45,2023.45
2025-04-28 05:00:00,APXMIDP,93.4,2376.95
2025-04-28 05:30:00,APXMIDP,101.73,2606.3
2025-04-28 06:00:00,APXMIDP,88.77,3415.85
2025-04-28 06:30:00,APXMIDP,92.17,3312.95
2025-04-28 07:00:00,APXMIDP,91.17,2311.05
2025-04-28 07:30:00,APXMIDP,85.13,2064.5
2025-04-28 08:00:00,APXMIDP,75.83,1928.3
2025-04-28 08:30:00,APXMIDP,71.3,1961.3
2025-04-28 09:00:00,APXMIDP,64.26,1682.05
2025-04-28 09:30:00,APXMIDP,62.36,2158.8
2025-04-28 10:00:00,APXMIDP,58.18,3084.3
2025-04-28 10:30:00,APXMIDP,58.82,3257.05
2025-04-28 11:00:00,APXMIDP,63.27,3620.65
2025-04-28 11:30:00,APXMIDP,64.1,3546.35
2025-04-28 12:00:00,APXMIDP,63.15,3247.9
2025-04-28 12:30:00,APXMIDP,65.24,3212.9
2025-04-28 13:00:00,APXMIDP,65.61,3367.5
2025-04-28 13:30:00,APXMIDP,65.54,3730.05
2025-04-28 14:00:00,APXMIDP,73.45,2358.8
2025-04-28 14:30:00,APXMIDP,75.95,2643.7
2025-04-28 15:00:00,APXMIDP,83.7,2841.5
2025-04-28 15:30:00,APXMIDP,77.75,3166.5
2025-04-28 16:00:00,APXMIDP,99.33,3260.85
2025-04-28 16:30:00,APXMIDP,100.7,3139.55
2025-04-28 17:00:00,APXMIDP,119.65,3525.9
2025-04-28 17:30:00,APXMIDP,123.67,3756.15
2025-04-28 18:00:00,APXMIDP,144.99,4626.75
2025-04-28 18:30:00,APXMIDP,151.52,5169.9
2025-04-28 19:00:00,APXMIDP,130.24,4606.65
2025-04-28 19:30:00,APXMIDP,126.67,4634.3
2025-04-28 20:00:00,APXMIDP,107.47,3347.05
2025-04-28 20:30:00,APXMIDP,100.62,3246.15
2025-04-28 21:00:00,APXMIDP,98.86,3489.95
2025-04-28 21:30:00,APXMIDP,90.15,3652.3
2025-04-28 22:00:00,APXMIDP,88.08,2370.3
2025-04-28 22:30:00,APXMIDP,91.58,1852.7
2025-04-28 23:00:00,APXMIDP,79.58,1983.7
2025-04-28 23:30:00,APXMIDP,77.66,2019.0
2025-04-29 00:00:00,APXMIDP,82.25,1970.4
2025-04-29 00:30:00,APXMIDP,86.16,2121.05
2025-04-29 01:00:00,APXMIDP,81.47,2120.75
2025-04-29 01:30:00,APXMIDP,78.39,2290.65
2025-04-29 02:00:00,APXMIDP,77.06,2131.25
2025-04-29 02:30:00,APXMIDP,78.71,2233.85
2025-04-29 03:00:00,APXMIDP,81.82,1975.2
2025-04-29 03:30:00,APXMIDP,80.3,2155.65
2025-04-29 04:00:00,APXMIDP,87.31,1943.0
2025-04-29 04:30:00,APXMIDP,96.88,2351.7
2025-04-29 05:00:00,APXMIDP,102.61,2056.75
2025-04-29 05:30:00,APXMIDP,107.9,2286.55
2025-04-29 06:00:00,APXMIDP,108.56,1941.75
2025-04-29 06:30:00,APXMIDP,106.31,2187.0
2025-04-29 07:00:00,APXMIDP,103.63,2344.1
2025-04-29 07:30:00,APXMIDP,96.84,2104.1
2025-04-29 08:00:00,APXMIDP,85.94,2540.2
2025-04-29 08:30:00,APXMIDP,75.73,2279.2
2025-04-29 09:00:00,APXMIDP,80.39,2295.2
2025-04-29 09:30:00,APXMIDP,82.46,2729.45
2025-04-29 10:00:00,APXMIDP,67.53,2239.35
2025-04-29 10:30:00,APXMIDP,64.34,2350.3
2025-04-29 11:00:00,APXMIDP,65.87,2239.35
2025-04-29 11:30:00,APXMIDP,69.47,2370.6
2025-04-29 12:00:00,APXMIDP,69.68,2589.35
2025-04-29 12:30:00,APXMIDP,69.86,3229.4
2025-04-29 13:00:00,APXMIDP,68.77,2950.75
2025-04-29 13:30:00,APXMIDP,64.52,3458.05
2025-04-29 14:00:00,APXMIDP,68.04,2499.6
2025-04-29 14:30:00,APXMIDP,74.02,2406.25
2025-04-29 15:00:00,APXMIDP,71.06,2173.25
2025-04-29 15:30:00,APXMIDP,71.07,2592.5
2025-04-29 16:00:00,APXMIDP,99.99,2710.8
2025-04-29 16:30:00,APXMIDP,97.57,3050.65
2025-04-29 17:00:00,APXMIDP,113.33,2814.8
2025-04-29 17:30:00,APXMIDP,108.09,3250.65
2025-04-29 18:00:00,APXMIDP,99.89,3257.1
2025-04-29 18:30:00,APXMIDP,104.2,3324.6
2025-04-29 19:00:00,APXMIDP,107.03,3259.85
2025-04-29 19:30:00,APXMIDP,106.61,3522.1
2025-04-29 20:00:00,APXMIDP,94.13,2847.5
2025-04-29 20:30:00,APXMIDP,83.99,2393.3
2025-04-29 21:00:00,APXMIDP,89.44,2578.55
2025-04-29 21:30:00,APXMIDP,87.05,2408.95
2025-04-29 22:00:00,APXMIDP,75.22,1603.15
2025-04-29 22:30:00,APXMIDP,82.32,1644.65
2025-04-29 23:00:00,APXMIDP,84.6,1801.1
2025-04-29 23:30:00,APXMIDP,76.26,1406.3
2025-04-30 00:00:00,APXMIDP,70.33,1680.35
2025-04-30 00:30:00,APXMIDP,70.25,1581.95
2025-04-30 01:00:00,APXMIDP,69.85,1408.0
2025-04-30 01:30:00,APXMIDP,69.32,1431.45
2025-04-30 02:00:00,APXMIDP,69.06,1422.45
2025-04-30 02:30:00,APXMIDP,67.52,1606.2
2025-04-30 03:00:00,APXMIDP,70.9,1715.75
2025-04-30 03:30:00,APXMIDP,70.26,1909.15
2025-04-30 04:00:00,APXMIDP,90.08,2336.6
2025-04-30 04:30:00,APXMIDP,98.68,2094.15
2025-04-30 05:00:00,APXMIDP,94.85,1745.9
2025-04-30 05:30:00,APXMIDP,100.34,1422.8
2025-04-30 06:00:00,APXMIDP,98.97,746.95
2025-04-30 06:30:00,APXMIDP,101.82,1625.75
2025-04-30 07:00:00,APXMIDP,103.13,2524.7
2025-04-30 07:30:00,APXMIDP,100.95,2599.2
2025-04-30 08:00:00,APXMIDP,89.99,3105.55
2025-04-30 08:30:00,APXMIDP,84.12,2557.85
2025-04-30 09:00:00,APXMIDP,89.5,3060.2
2025-04-30 09:30:00,APXMIDP,91.84,3173.1
2025-04-30 10:00:00,APXMIDP,81.26,3538.65
2025-04-30 10:30:00,APXMIDP,75.54,2821.05
2025-04-30 11:00:00,APXMIDP,75.03,3037.25
2025-04-30 11:30:00,APXMIDP,72.59,3030.6
2025-04-30 12:00:00,APXMIDP,70.71,3562.3
2025-04-30 12:30:00,APXMIDP,69.52,3877.8
2025-04-30 13:00:00,APXMIDP,69.9,3685.05
2025-04-30 13:30:00,APXMIDP,68.04,3811.45
2025-04-30 14:00:00,APXMIDP,72.55,2478.35
2025-04-30 14:30:00,APXMIDP,72.78,2323.75
2025-04-30 15:00:00,APXMIDP,71.65,2686.15
2025-04-30 15:30:00,APXMIDP,71.34,3081.45
2025-04-30 16:00:00,APXMIDP,85.88,2454.0
2025-04-30 16:30:00,APXMIDP,77.61,2864.95
2025-04-30 17:00:00,APXMIDP,90.65,2965.8
2025-04-30 17:30:00,APXMIDP,94.07,2931.0
2025-04-30 18:00:00,APXMIDP,106.88,2646.65
2025-04-30 18:30:00,APXMIDP,106.91,2646.2
2025-04-30 19:00:00,APXMIDP,105.38,2652.5
2025-04-30 19:30:00,APXMIDP,103.96,2623.2
2025-04-30 20:00:00,APXMIDP,86.41,2209.3
2025-04-30 20:30:00,APXMIDP,76.47,2254.45
2025-04-30 21:00:00,APXMIDP,79.91,2234.9
2025-04-30 21:30:00,APXMIDP,83.13,2363.8
2025-04-30 22:00:00,APXMIDP,80.16,1460.65
2025-04-30 22:30:00,APXMIDP,86.57,1492.8
2025-04-30 23:00:00,APXMIDP,83.11,1380.55
2025-04-30 23:30:00,APXMIDP,79.6,1412.35
2025-05-01 00:00:00,APXMIDP,81.47,1397.3
2025-05-01 00:30:00,APXMIDP,80.66,1498.8
2025-05-01 01:00:00,APXMIDP,79.87,1385.95
2025-05-01 01:30:00,APXMIDP,78.8,1302.75
2025-05-01 02:00:00,APXMIDP,78.66,1369.95
2025-05-01 02:30:00,APXMIDP,77.62,1156.8
2025-05-01 03:00:00,APXMIDP,77.21,1368.4
2025-05-01 03:30:00,APXMIDP,78.34,1233.75
2025-05-01 04:00:00,APXMIDP,78.64,1281.1
2025-05-01 04:30:00,APXMIDP,91.4,1811.85
2025-05-01 05:00:00,APXMIDP,81.64,1618.55
2025-05-01 05:30:00,APXMIDP,97.77,1963.0
2025-05-01 06:00:00,APXMIDP,101.03,2293.6
2025-05-01 06:30:00,APXMIDP,98.53,3014.2
2025-05-01 07:00:00,APXMIDP,92.59,2592.8
2025-05-01 07:30:00,APXMIDP,88.94,2793.05
2025-05-01 08:00:00,APXMIDP,79.19,2698.7
2025-05-01 08:30:00,APXMIDP,72.33,2486.85
2025-05-01 09:00:00,APXMIDP,71.37,3202.15
2025-05-01 09:30:00,APXMIDP,76.22,2433.15
2025-05-01 10:00:00,APXMIDP,68.04,2983.6
2025-05-01 10:30:00,APXMIDP,66.32,2752.95
2025-05-01 11:00:00,APXMIDP,67.22,2455.85
2025-05-01 11:30:00,APXMIDP,64.37,2596.25
2025-05-01 12:00:00,APXMIDP,63.39,2712.4
2025-05-01 12:30:00,APXMIDP,62.61,2533.85
2025-05-01 13:00:00,APXMIDP,60.88,2668.3
2025-05-01 13:30:00,APXMIDP,60.42,2438.45
2025-05-01 14:00:00,APXMIDP,57.67,1684.15
2025-05-01 14:30:00,APXMIDP,59.09,1645.1
2025-05-01 15:00:00,APXMIDP,57.08,1870.55
2025-05-01 15:30:00,APXMIDP,59.83,2431.25
2025-05-01 16:00:00,APXMIDP,80.99,2933.15
2025-05-01 16:30:00,APXMIDP,74.64,3515.45
2025-05-01 17:00:00,APXMIDP,89.69,2788.65
2025-05-01 17:30:00,APXMIDP,92.24,2710.1
2025-05-01 18:00:00,APXMIDP,98.47,2944.9
2025-05-01 18:30:00,APXMIDP,96.05,2875.5
2025-05-01 19:00:00,APXMIDP,95.77,2527.5
2025-05-01 19:30:00,APXMIDP,94.95,2768.9
2025-05-01 20:00:00,APXMIDP,81.35,2005.15
2025-05-01 20:30:00,APXMIDP,76.39,1644.9
2025-05-01 21:00:00,APXMIDP,69.73,2562.45
2025-05-01 21:30:00,APXMIDP,68.21,2047.85
2025-05-01 22:00:00,APXMIDP,69.38,2789.3
2025-05-01 22:30:00,APXMIDP,67.42,1859.75
2025-05-01 23:00:00,APXMIDP,57.28,2204.3
2025-05-01 23:30:00,APXMIDP,62.32,2735.45
2025-05-02 00:00:00,APXMIDP,63.0,2472.75
2025-05-02 00:30:00,APXMIDP,60.79,2291.95
2025-05-02 01:00:00,APXMIDP,60.74,1916.7
2025-05-02 01:30:00,APXMIDP,58.63,2250.8
2025-05-02 02:00:00,APXMIDP,58.55,1995.1
2025-05-02 02:30:00,APXMIDP,57.6,1715.15
2025-05-02 03:00:00,APXMIDP,55.57,1599.35
2025-05-02 03:30:00,APXMIDP,60.66,1906.5
2025-05-02 04:00:00,APXMIDP,64.75,1790.2
2025-05-02 04:30:00,APXMIDP,68.3,2037.35
2025-05-02 05:00:00,APXMIDP,76.55,2038.7
2025-05-02 05:30:00,APXMIDP,94.33,2202.55
2025-05-02 06:00:00,APXMIDP,89.64,2052.55
2025-05-02 06:30:00,APXMIDP,95.4,2139.6
2025-05-02 07:00:00,APXMIDP,89.37,2236.75
2025-05-02 07:30:00,APXMIDP,91.11,2206.05
2025-05-02 08:00:00,APXMIDP,95.24,2193.6
2025-05-02 08:30:00,APXMIDP,83.71,2088.7
2025-05-02 09:00:00,APXMIDP,78.02,2648.35
2025-05-02 09:30:00,APXMIDP,78.52,2806.55
2025-05-02 10:00:00,APXMIDP,74.93,2866.2
2025-05-02 10:30:00,APXMIDP,73.68,2622.1
2025-05-02 11:00:00,APXMIDP,74.16,3259.2
2025-05-02 11:30:00,APXMIDP,64.94,3401.05
2025-05-02 12:00:00,APXMIDP,63.99,4551.85
2025-05-02 12:30:00,APXMIDP,62.09,4553.8
2025-05-02 13:00:00,APXMIDP,56.51,4008.6
2025-05-02 13:30:00,APXMIDP,55.79,4555.9
2025-05-02 14:00:00,APXMIDP,52.55,3755.95
2025-05-02 14:30:00,APXMIDP,52.77,3465.8
2025-05-02 15:00:00,APXMIDP,56.88,3786.9
2025-05-02 15:30:00,APXMIDP,64.08,3838.8
2025-05-02 16:00:00,APXMIDP,77.93,3538.4
2025-05-02 16:30:00,APXMIDP,70.62,3722.8
2025-05-02 17:00:00,APXMIDP,80.37,3570.1
2025-05-02 17:30:00,APXMIDP,87.66,3191.5
2025-05-02 18:00:00,APXMIDP,101.94,2455.3
2025-05-02 18:30:00,APXMIDP,103.92,2317.15
2025-05-02 19:00:00,APXMIDP,101.39,2690.85
2025-05-02 19:30:00,APXMIDP,100.63,2929.85
2025-05-02 20:00:00,APXMIDP,99.12,2466.7
2025-05-02 20:30:00,APXMIDP,97.5,2210.25
2025-05-02 21:00:00,APXMIDP,86.99,3360.2
2025-05-02 21:30:00,APXMIDP,83.39,3005.9
2025-05-02 22:00:00,APXMIDP,73.07,1610.65
2025-05-02 22:30:00,APXMIDP,73.6,1715.55
2025-05-02 23:00:00,APXMIDP,75.53,1322.1
2025-05-02 23:30:00,APXMIDP,78.24,1335.95
2025-05-03 00:00:00,APXMIDP,74.83,1360.25
2025-05-03 00:30:00,APXMIDP,71.43,1386.2
2025-05-03 01:00:00,APXMIDP,71.83,1521.85
2025-05-03 01:30:00,APXMIDP,71.99,1591.75
2025-05-03 02:00:00,APXMIDP,70.51,1885.35
2025-05-03 02:30:00,APXMIDP,69.24,1741.55
2025-05-03 03:00:00,APXMIDP,71.54,1833.85
2025-05-03 03:30:00,APXMIDP,70.34,1794.15
2025-05-03 04:00:00,APXMIDP,69.65,2319.05
2025-05-03 04:30:00,APXMIDP,69.7,2356.1
2025-05-03 05:00:00,APXMIDP,69.89,2229.55
2025-05-03 05:30:00,APXMIDP,69.19,2256.7
2025-05-03 06:00:00,APXMIDP,61.33,2046.3
2025-05-03 06:30:00,APXMIDP,60.14,1885.95
2025-05-03 07:00:00,APXMIDP,51.86,1517.1
2025-05-03 07:30:00,APXMIDP,46.97,1780.85
2025-05-03 08:00:00,APXMIDP,49.2,2046.0
2025-05-03 08:30:00,APXMIDP,37.46,1975.55
2025-05-03 09:00:00,APXMIDP,47.68,2700.25
2025-05-03 09:30:00,APXMIDP,33.22,2499.4
2025-05-03 10:00:00,APXMIDP,21.3,2638.95
2025-05-03 10:30:00,APXMIDP,16.62,2828.55
2025-05-03 11:00:00,APXMIDP,14.96,3281.0
2025-05-03 11:30:00,APXMIDP,16.58,3278.0
2025-05-03 12:00:00,APXMIDP,16.37,3393.3
2025-05-03 12:30:00,APXMIDP,17.81,3779.05
2025-05-03 13:00:00,APXMIDP,28.44,3760.5
2025-05-03 13:30:00,APXMIDP,34.49,3983.95
2025-05-03 14:00:00,APXMIDP,41.91,3386.35
2025-05-03 14:30:00,APXMIDP,37.51,3136.85
2025-05-03 15:00:00,APXMIDP,50.38,3292.45
2025-05-03 15:30:00,APXMIDP,61.37,3098.05
2025-05-03 16:00:00,APXMIDP,65.74,2632.4
2025-05-03 16:30:00,APXMIDP,75.59,2513.05
2025-05-03 17:00:00,APXMIDP,62.98,2644.0
2025-05-03 17:30:00,APXMIDP,65.64,2331.4
2025-05-03 18:00:00,APXMIDP,76.51,2330.15
2025-05-03 18:30:00,APXMIDP,80.57,2128.45
2025-05-03 19:00:00,APXMIDP,81.07,1854.4
2025-05-03 19:30:00,APXMIDP,83.28,1933.7
2025-05-03 20:00:00,APXMIDP,80.1,2002.35
2025-05-03 20:30:00,APXMIDP,76.59,2043.9
2025-05-03 21:00:00,APXMIDP,73.09,2142.15
2025-05-03 21:30:00,APXMIDP,59.16,2206.2
2025-05-03 22:00:00,APXMIDP,32.97,1807.55
2025-05-03 22:30:00,APXMIDP,26.79,1576.6
2025-05-03 23:00:00,APXMIDP,23.66,1672.15
2025-05-03 23:30:00,APXMIDP,21.58,1440.5
2025-05-04 00:00:00,APXMIDP,13.74,2026.2
2025-05-04 00:30:00,APXMIDP,14.2,1794.6
2025-05-04 01:00:00,APXMIDP,9.03,1737.2
2025-05-04 01:30:00,APXMIDP,7.28,1683.45
2025-05-04 02:00:00,APXMIDP,1.5,1661.7
2025-05-04 02:30:00,APXMIDP,0.76,1507.65
2025-05-04 03:00:00,APXMIDP,0.48,1563.3
2025-05-04 03:30:00,APXMIDP,-0.06,1498.85
2025-05-04 04:00:00,APXMIDP,-1.06,1606.95
2025-05-04 04:30:00,APXMIDP,-1.39,1393.4
2025-05-04 05:00:00,APXMIDP,-0.7,1549.6
2025-05-04 05:30:00,APXMIDP,-0.92,1712.95
2025-05-04 06:00:00,APXMIDP,-8.13,1185.2
2025-05-04 06:30:00,APXMIDP,-8.71,1216.95
2025-05-04 07:00:00,APXMIDP,5.7,1982.6
2025-05-04 07:30:00,APXMIDP,1.5,2096.2
2025-05-04 08:00:00,APXMIDP,-1.76,1728.2
2025-05-04 08:30:00,APXMIDP,-4.02,1486.9
2025-05-04 09:00:00,APXMIDP,-3.8,1667.25
2025-05-04 09:30:00,APXMIDP,-3.83,1573.35
2025-05-04 10:00:00,APXMIDP,-5.35,2084.6
2025-05-04 10:30:00,APXMIDP,-3.6,2294.65
2025-05-04 11:00:00,APXMIDP,-0.79,2303.5
2025-05-04 11:30:00,APXMIDP,3.34,2408.05
2025-05-04 12:00:00,APXMIDP,3.04,2948.5
2025-05-04 12:30:00,APXMIDP,2.17,2600.55
2025-05-04 13:00:00,APXMIDP,0.74,2556.3
2025-05-04 13:30:00,APXMIDP,-0.1,2722.75
2025-05-04 14:00:00,APXMIDP,9.47,2441.6
2025-05-04 14:30:00,APXMIDP,18.06,2553.65
2025-05-04 15:00:00,APXMIDP,10.84,2413.55
2025-05-04 15:30:00,APXMIDP,13.97,2758.15
2025-05-04 16:00:00,APXMIDP,67.94,2559.4
2025-05-04 16:30:00,APXMIDP,70.8,2588.9
2025-05-04 17:00:00,APXMIDP,76.39,2609.95
2025-05-04 17:30:00,APXMIDP,79.41,2798.9
2025-05-04 18:00:00,APXMIDP,74.25,2758.4
2025-05-04 18:30:00,APXMIDP,81.96,2569.85
2025-05-04 19:00:00,APXMIDP,87.25,2992.1
2025-05-04 19:30:00,APXMIDP,89.06,2871.8
2025-05-04 20:00:00,APXMIDP,83.45,2322.4
2025-05-04 20:30:00,APXMIDP,84.27,2108.8
2025-05-04 21:00:00,APXMIDP,78.26,1975.55
2025-05-04 21:30:00,APXMIDP,68.49,2005.25
2025-05-04 22:00:00,APXMIDP,68.29,1347.9
2025-05-04 22:30:00,APXMIDP,65.25,1366.95
2025-05-04 23:00:00,APXMIDP,65.93,1011.2
2025-05-04 23:30:00,APXMIDP,63.27,1167.45
2025-05-05 00:00:00,APXMIDP,63.29,1656.25
2025-05-05 00:30:00,APXMIDP,68.9,1600.2
2025-05-05 01:00:00,APXMIDP,68.82,2033.05
2025-05-05 01:30:00,APXMIDP,67.61,1751.25
2025-05-05 02:00:00,APXMIDP,68.15,2003.9
2025-05-05 02:30:00,APXMIDP,67.37,1886.05
2025-05-05 03:00:00,APXMIDP,73.57,1832.2
2025-05-05 03:30:00,APXMIDP,72.56,1788.6
2025-05-05 04:00:00,APXMIDP,86.06,1872.0
2025-05-05 04:30:00,APXMIDP,85.54,1774.45
2025-05-05 05:00:00,APXMIDP,86.32,2317.6
2025-05-05 05:30:00,APXMIDP,83.29,2256.8
2025-05-05 06:00:00,APXMIDP,87.24,2490.0
2025-05-05 06:30:00,APXMIDP,88.48,2549.1
2025-05-05 07:00:00,APXMIDP,68.92,2451.45
2025-05-05 07:30:00,APXMIDP,78.61,2301.85
2025-05-05 08:00:00,APXMIDP,60.58,2721.5
2025-05-05 08:30:00,APXMIDP,60.35,2274.6
2025-05-05 09:00:00,APXMIDP,63.72,2441.3
2025-05-05 09:30:00,APXMIDP,65.24,2687.3
2025-05-05 10:00:00,APXMIDP,72.35,2629.95
2025-05-05 10:30:00,APXMIDP,78.76,2606.45
2025-05-05 11:00:00,APXMIDP,82.98,2929.55
2025-05-05 11:30:00,APXMIDP,83.48,2820.55
2025-05-05 12:00:00,APXMIDP,82.91,3077.25
2025-05-05 12:30:00,APXMIDP,78.48,2754.0
2025-05-05 13:00:00,APXMIDP,78.47,3068.15
2025-05-05 13:30:00,APXMIDP,76.29,3167.0
2025-05-05 14:00:00,APXMIDP,81.62,2420.5
2025-05-05 14:30:00,APXMIDP,81.83,2398.4
2025-05-05 15:00:00,APXMIDP,74.12,2816.95
2025-05-05 15:30:00,APXMIDP,73.55,3054.4
2025-05-05 16:00:00,APXMIDP,73.33,2810.5
2025-05-05 16:30:00,APXMIDP,79.84,2997.1
2025-05-05 17:00:00,APXMIDP,84.22,2728.25
2025-05-05 17:30:00,APXMIDP,84.09,2513.05
2025-05-05 18:00:00,APXMIDP,85.09,2505.45
2025-05-05 18:30:00,APXMIDP,85.33,2449.4
2025-05-05 19:00:00,APXMIDP,87.9,2242.0
2025-05-05 19:30:00,APXMIDP,88.09,2224.85
2025-05-05 20:00:00,APXMIDP,78.65,1698.7
2025-05-05 20:30:00,APXMIDP,82.5,1762.7
2025-05-05 21:00:00,APXMIDP,80.84,2195.1
2025-05-05 21:30:00,APXMIDP,75.26,1924.45
2025-05-05 22:00:00,APXMIDP,71.56,1188.8
2025-05-05 22:30:00,APXMIDP,75.21,1450.1
2025-05-05 23:00:00,APXMIDP,69.96,1670.4
2025-05-05 23:30:00,APXMIDP,67.73,1961.75
2025-05-06 00:00:00,APXMIDP,67.35,2023.5
2025-05-06 00:30:00,APXMIDP,65.54,1756.95
2025-05-06 01:00:00,APXMIDP,71.68,1826.2
2025-05-06 01:30:00,APXMIDP,73.35,1777.15
2025-05-06 02:00:00,APXMIDP,75.45,1547.95
2025-05-06 02:30:00,APXMIDP,71.74,1479.2
2025-05-06 03:00:00,APXMIDP,73.12,1365.55
2025-05-06 03:30:00,APXMIDP,72.59,1636.35
2025-05-06 04:00:00,APXMIDP,87.58,1376.65
2025-05-06 04:30:00,APXMIDP,95.04,1328.9
2025-05-06 05:00:00,APXMIDP,101.94,1832.3
2025-05-06 05:30:00,APXMIDP,108.26,2059.6
2025-05-06 06:00:00,APXMIDP,94.65,1934.6
2025-05-06 06:30:00,APXMIDP,90.74,2740.55
2025-05-06 07:00:00,APXMIDP,94.16,2120.1
2025-05-06 07:30:00,APXMIDP,87.63,2475.3
2025-05-06 08:00:00,APXMIDP,80.39,2631.65
2025-05-06 08:30:00,APXMIDP,75.92,2310.2
2025-05-06 09:00:00,APXMIDP,73.26,2348.75
2025-05-06 09:30:00,APXMIDP,74.26,2415.2
2025-05-06 10:00:00,APXMIDP,72.08,2178.5
2025-05-06 10:30:00,APXMIDP,72.73,2267.95
2025-05-06 11:00:00,APXMIDP,70.25,2160.45
2025-05-06 11:30:00,APXMIDP,68.94,2163.8
2025-05-06 12:00:00,APXMIDP,66.96,2675.95
2025-05-06 12:30:00,APXMIDP,65.7,2573.25
2025-05-06 13:00:00,APXMIDP,64.1,2606.95
2025-05-06 13:30:00,APXMIDP,62.35,3125.7
2025-05-06 14:00:00,APXMIDP,59.63,2370.35
2025-05-06 14:30:00,APXMIDP,58.99,2547.9
2025-05-06 15:00:00,APXMIDP,60.93,2694.9
2025-05-06 15:30:00,APXMIDP,63.31,2972.0
2025-05-06 16:00:00,APXMIDP,76.48,2948.6
2025-05-06 16:30:00,APXMIDP,75.68,2759.15
2025-05-06 17:00:00,APXMIDP,92.07,3368.25
2025-05-06 17:30:00,APXMIDP,99.53,3649.6
2025-05-06 18:00:00,APXMIDP,111.7,2735.85
2025-05-06 18:30:00,APXMIDP,116.94,3125.0
2025-05-06 19:00:00,APXMIDP,110.04,2804.6
2025-05-06 19:30:00,APXMIDP,107.1,3184.9
2025-05-06 20:00:00,APXMIDP,96.26,2419.7
2025-05-06 20:30:00,APXMIDP,89.48,1790.5
2025-05-06 21:00:00,APXMIDP,85.63,2562.55
2025-05-06 21:30:00,APXMIDP,81.25,2241.85
2025-05-06 22:00:00,APXMIDP,77.21,1049.15
2025-05-06 22:30:00,APXMIDP,79.71,1276.65
2025-05-06 23:00:00,APXMIDP,80.84,1186.15
2025-05-06 23:30:00,APXMIDP,85.07,1238.9
2025-05-07 00:00:00,APXMIDP,81.39,1116.6
2025-05-07 00:30:00,APXMIDP,82.58,1115.45
2025-05-07 01:00:00,APXMIDP,82.12,1155.05
2025-05-07 01:30:00,APXMIDP,80.9,1637.3
2025-05-07 02:00:00,APXMIDP,83.46,1726.6
2025-05-07 02:30:00,APXMIDP,82.39,1700.25
2025-05-07 03:00:00,APXMIDP,86.07,1350.5
2025-05-07 03:30:00,APXMIDP,86.03,1403.25
2025-05-07 04:00:00,APXMIDP,105.96,1357.1
2025-05-07 04:30:00,APXMIDP,108.79,1616.1
2025-05-07 05:00:00,APXMIDP,112.49,1950.25
2025-05-07 05:30:00,APXMIDP,117.2,1922.4
2025-05-07 06:00:00,APXMIDP,106.5,2256.75
2025-05-07 06:30:00,APXMIDP,108.26,2157.7
2025-05-07 07:00:00,APXMIDP,100.48,2360.45
2025-05-07 07:30:00,APXMIDP,93.76,1845.55
2025-05-07 08:00:00,APXMIDP,88.04,3208.85
2025-05-07 08:30:00,APXMIDP,80.85,2525.85
2025-05-07 09:00:00,APXMIDP,83.94,2971.95
2025-05-07 09:30:00,APXMIDP,80.11,3430.95
2025-05-07 10:00:00,APXMIDP,70.41,3082.2
2025-05-07 10:30:00,APXMIDP,70.71,3230.5
2025-05-07 11:00:00,APXMIDP,73.11,3648.75
2025-05-07 11:30:00,APXMIDP,72.61,3759.9
2025-05-07 12:00:00,APXMIDP,72.44,3676.05
2025-05-07 12:30:00,APXMIDP,72.8,3454.3
2025-05-07 13:00:00,APXMIDP,69.25,3357.05
2025-05-07 13:30:00,APXMIDP,71.42,3639.3
2025-05-07 14:00:00,APXMIDP,75.36,2441.55
2025-05-07 14:30:00,APXMIDP,76.17,2367.95
2025-05-07 15:00:00,APXMIDP,77.94,2420.5
2025-05-07 15:30:00,APXMIDP,77.18,2710.45
2025-05-07 16:00:00,APXMIDP,101.25,3038.65
2025-05-07 16:30:00,APXMIDP,103.03,3641.1
2025-05-07 17:00:00,APXMIDP,114.09,3765.6
2025-05-07 17:30:00,APXMIDP,117.1,4013.2
2025-05-07 18:00:00,APXMIDP,124.83,3559.65
2025-05-07 18:30:00,APXMIDP,126.04,3731.55
2025-05-07 19:00:00,APXMIDP,121.22,3669.4
2025-05-07 19:30:00,APXMIDP,117.8,3997.9
2025-05-07 20:00:00,APXMIDP,104.85,3352.55
2025-05-07 20:30:00,APXMIDP,96.04,2811.05
2025-05-07 21:00:00,APXMIDP,89.13,2444.75
2025-05-07 21:30:00,APXMIDP,86.25,2988.65
2025-05-07 22:00:00,APXMIDP,72.83,1252.9
2025-05-07 22:30:00,APXMIDP,79.63,1791.9
2025-05-07 23:00:00,APXMIDP,84.52,1553.6
2025-05-07 23:30:00,APXMIDP,81.77,1422.2
2025-05-08 00:00:00,APXMIDP,81.22,1504.85
2025-05-08 00:30:00,APXMIDP,83.49,1485.6
2025-05-08 01:00:00,APXMIDP,80.5,1380.6
2025-05-08 01:30:00,APXMIDP,77.14,1222.75
2025-05-08 02:00:00,APXMIDP,78.89,1308.75
2025-05-08 02:30:00,APXMIDP,78.7,1237.75
2025-05-08 03:00:00,APXMIDP,78.95,1209.1
2025-05-08 03:30:00,APXMIDP,76.07,1690.6
2025-05-08 04:00:00,APXMIDP,101.44,1788.2
2025-05-08 04:30:00,APXMIDP,100.22,1804.6
2025-05-08 05:00:00,APXMIDP,100.41,1756.85
2025-05-08 05:30:00,APXMIDP,105.57,2524.0
2025-05-08 06:00:00,APXMIDP,97.47,2679.05
2025-05-08 06:30:00,APXMIDP,100.69,3118.15
2025-05-08 07:00:00,APXMIDP,89.94,2210.5
2025-05-08 07:30:00,APXMIDP,86.19,2386.15
2025-05-08 08:00:00,APXMIDP,83.04,3054.55
2025-05-08 08:30:00,APXMIDP,83.16,3135.35
2025-05-08 09:00:00,APXMIDP,81.48,2959.7
2025-05-08 09:30:00,APXMIDP,83.89,3167.55
2025-05-08 10:00:00,APXMIDP,84.07,2851.85
2025-05-08 10:30:00,APXMIDP,82.46,3006.5
2025-05-08 11:00:00,APXMIDP,80.42,2734.15
2025-05-08 11:30:00,APXMIDP,77.28,2746.5
2025-05-08 12:00:00,APXMIDP,75.03,2558.0
2025-05-08 12:30:00,APXMIDP,74.88,2431.55
2025-05-08 13:00:00,APXMIDP,75.46,2777.6
2025-05-08 13:30:00,APXMIDP,78.49,3050.55
2025-05-08 14:00:00,APXMIDP,88.19,2878.65
2025-05-08 14:30:00,APXMIDP,90.39,3248.25
2025-05-08 15:00:00,APXMIDP,92.5,2730.55
2025-05-08 15:30:00,APXMIDP,97.46,3230.45
2025-05-08 16:00:00,APXMIDP,115.15,3867.95
2025-05-08 16:30:00,APXMIDP,106.06,4394.7
2025-05-08 17:00:00,APXMIDP,122.34,4020.8
2025-05-08 17:30:00,APXMIDP,123.51,3715.35
2025-05-08 18:00:00,APXMIDP,130.44,3147.8
2025-05-08 18:30:00,APXMIDP,133.64,3383.9
2025-05-08 19:00:00,APXMIDP,130.09,2930.9
2025-05-08 19:30:00,APXMIDP,124.25,3156.3
2025-05-08 20:00:00,APXMIDP,116.55,2728.5
2025-05-08 20:30:00,APXMIDP,109.37,2824.4
2025-05-08 21:00:00,APXMIDP,100.08,2843.0
2025-05-08 21:30:00,APXMIDP,94.52,2363.45
2025-05-08 22:00:00,APXMIDP,98.07,2157.4
2025-05-08 22:30:00,APXMIDP,111.66,2148.15
2025-05-08 23:00:00,APXMIDP,95.64,1949.0
2025-05-08 23:30:00,APXMIDP,92.1,2080.3
2025-05-09 00:00:00,APXMIDP,104.42,1922.75
2025-05-09 00:30:00,APXMIDP,108.17,2208.0
2025-05-09 01:00:00,APXMIDP,108.23,2408.25
2025-05-09 01:30:00,APXMIDP,108.07,2442.7
2025-05-09 02:00:00,APXMIDP,116.5,2510.8
2025-05-09 02:30:00,APXMIDP,115.12,2577.4
2025-05-09 03:00:00,APXMIDP,115.44,2333.9
2025-05-09 03:30:00,APXMIDP,113.6,2623.3
2025-05-09 04:00:00,APXMIDP,123.39,2520.25
2025-05-09 04:30:00,APXMIDP,127.11,2936.65
2025-05-09 05:00:00,APXMIDP,128.61,2865.0
2025-05-09 05:30:00,APXMIDP,133.31,3182.3
2025-05-09 06:00:00,APXMIDP,103.91,3105.7
2025-05-09 06:30:00,APXMIDP,108.11,3207.9
2025-05-09 07:00:00,APXMIDP,101.07,3016.8
2025-05-09 07:30:00,APXMIDP,95.75,2833.7
2025-05-09 08:00:00,APXMIDP,87.68,2950.65
2025-05-09 08:30:00,APXMIDP,84.48,2760.3
2025-05-09 09:00:00,APXMIDP,77.91,3199.05
2025-05-09 09:30:00,APXMIDP,82.75,3079.5
2025-05-09 10:00:00,APXMIDP,79.37,2139.55
2025-05-09 10:30:00,APXMIDP,76.36,2310.3
2025-05-09 11:00:00,APXMIDP,75.89,2436.2
2025-05-09 11:30:00,APXMIDP,75.42,2603.45
2025-05-09 12:00:00,APXMIDP,69.98,3585.9
2025-05-09 12:30:00,APXMIDP,66.61,4142.15
2025-05-09 13:00:00,APXMIDP,71.84,3801.9
2025-05-09 13:30:00,APXMIDP,71.34,4224.3
2025-05-09 14:00:00,APXMIDP,68.33,2941.8
2025-05-09 14:30:00,APXMIDP,68.81,3101.3
2025-05-09 15:00:00,APXMIDP,70.73,3067.85
2025-05-09 15:30:00,APXMIDP,72.13,3631.05
2025-05-09 16:00:00,APXMIDP,77.31,3162.15
2025-05-09 16:30:00,APXMIDP,77.51,3412.4
2025-05-09 17:00:00,APXMIDP,89.16,3246.35
2025-05-09 17:30:00,APXMIDP,92.01,2995.05
2025-05-09 18:00:00,APXMIDP,101.6,3070.65
2025-05-09 18:30:00,APXMIDP,104.37,2774.8
2025-05-09 19:00:00,APXMIDP,102.61,2846.3
2025-05-09 19:30:00,APXMIDP,102.85,2967.9
2025-05-09 20:00:00,APXMIDP,95.31,2605.95
2025-05-09 20:30:00,APXMIDP,87.64,2185.6
2025-05-09 21:00:00,APXMIDP,94.44,2523.55
2025-05-09 21:30:00,APXMIDP,94.08,2708.25
2025-05-09 22:00:00,APXMIDP,79.54,1923.1
2025-05-09 22:30:00,APXMIDP,84.33,1634.55
2025-05-09 23:00:00,APXMIDP,87.64,1355.7
2025-05-09 23:30:00,APXMIDP,85.15,1408.35
2025-05-10 00:00:00,APXMIDP,83.09,1334.8
2025-05-10 00:30:00,APXMIDP,81.34,1204.8
2025-05-10 01:00:00,APXMIDP,85.28,1297.55
2025-05-10 01:30:00,APXMIDP,83.55,1380.85
2025-05-10 02:00:00,APXMIDP,84.95,1341.95
2025-05-10 02:30:00,APXMIDP,85.8,1318.75
2025-05-10 03:00:00,APXMIDP,91.99,1584.0
2025-05-10 03:30:00,APXMIDP,89.91,1566.4
2025-05-10 04:00:00,APXMIDP,91.75,1883.7
2025-05-10 04:30:00,APXMIDP,91.87,1835.15
2025-05-10 05:00:00,APXMIDP,87.94,1840.4
2025-05-10 05:30:00,APXMIDP,94.24,1825.9
2025-05-10 06:00:00,APXMIDP,80.67,1719.85
2025-05-10 06:30:00,APXMIDP,86.42,2174.45
2025-05-10 07:00:00,APXMIDP,82.14,2198.7
2025-05-10 07:30:00,APXMIDP,80.47,1863.65
2025-05-10 08:00:00,APXMIDP,78.47,2160.15
2025-05-10 08:30:00,APXMIDP,78.07,1906.6
2025-05-10 09:00:00,APXMIDP,80.61,2125.5
2025-05-10 09:30:00,APXMIDP,77.01,1974.7
2025-05-10 10:00:00,APXMIDP,59.63,2174.7
2025-05-10 10:30:00,APXMIDP,53.92,2046.95
2025-05-10 11:00:00,APXMIDP,54.93,2272.85
2025-05-10 11:30:00,APXMIDP,56.04,2480.45
2025-05-10 12:00:00,APXMIDP,54.84,3136.05
2025-05-10 12:30:00,APXMIDP,55.52,3458.9
2025-05-10 13:00:00,APXMIDP,58.57,3231.65
2025-05-10 13:30:00,APXMIDP,57.61,3292.65
2025-05-10 14:00:00,APXMIDP,63.1,3249.1
2025-05-10 14:30:00,APXMIDP,61.51,3518.8
2025-05-10 15:00:00,APXMIDP,69.53,3296.45
2025-05-10 15:30:00,APXMIDP,63.45,2895.8
2025-05-10 16:00:00,APXMIDP,59.67,2258.8
2025-05-10 16:30:00,APXMIDP,46.81,2910.35
2025-05-10 17:00:00,APXMIDP,69.6,2564.85
2025-05-10 17:30:00,APXMIDP,86.15,2843.55
2025-05-10 18:00:00,APXMIDP,98.42,2884.4
2025-05-10 18:30:00,APXMIDP,98.53,2953.15
2025-05-10 19:00:00,APXMIDP,97.98,3376.9
2025-05-10 19:30:00,APXMIDP,98.9,3127.2
2025-05-10 20:00:00,APXMIDP,84.16,1975.95
2025-05-10 20:30:00,APXMIDP,81.94,1753.9
2025-05-10 21:00:00,APXMIDP,80.81,2187.55
2025-05-10 21:30:00,APXMIDP,76.61,2411.95
2025-05-10 22:00:00,APXMIDP,74.6,1662.8
2025-05-10 22:30:00,APXMIDP,77.87,1441.9
2025-05-10 23:00:00,APXMIDP,79.59,1866.3
2025-05-10 23:30:00,APXMIDP,78.71,1734.9
2025-05-11 00:00:00,APXMIDP,79.81,1640.5
2025-05-11 00:30:00,APXMIDP,82.11,1597.55
2025-05-11 01:00:00,APXMIDP,81.26,1932.85
2025-05-11 01:30:00,APXMIDP,78.69,1882.6
2025-05-11 02:00:00,APXMIDP,79.75,1659.9
2025-05-11 02:30:00,APXMIDP,71.57,1885.1
2025-05-11 03:00:00,APXMIDP,75.98,1808.85
2025-05-11 03:30:00,APXMIDP,74.96,1857.6
2025-05-11 04:00:00,APXMIDP,77.55,2292.4
2025-05-11 04:30:00,APXMIDP,79.72,2047.7
2025-05-11 05:00:00,APXMIDP,71.28,2158.4
2025-05-11 05:30:00,APXMIDP,69.0,2111.85
2025-05-11 06:00:00,APXMIDP,45.94,2024.85
2025-05-11 06:30:00,APXMIDP,42.63,1960.3
2025-05-11 07:00:00,APXMIDP,49.26,2287.0
2025-05-11 07:30:00,APXMIDP,54.19,2535.8
2025-05-11 08:00:00,APXMIDP,52.81,2163.15
2025-05-11 08:30:00,APXMIDP,50.98,2626.85
2025-05-11 09:00:00,APXMIDP,48.86,2241.55
2025-05-11 09:30:00,APXMIDP,43.78,2389.1
2025-05-11 10:00:00,APXMIDP,43.87,2221.35
2025-05-11 10:30:00,APXMIDP,34.71,2369.8
2025-05-11 11:00:00,APXMIDP,44.33,2663.4
2025-05-11 11:30:00,APXMIDP,43.96,2962.95
2025-05-11 12:00:00,APXMIDP,47.58,2428.95
2025-05-11 12:30:00,APXMIDP,53.75,2735.85
2025-05-11 13:00:00,APXMIDP,55.5,2687.35
2025-05-11 13:30:00,APXMIDP,60.64,2507.75
2025-05-11 14:00:00,APXMIDP,75.57,2523.7
2025-05-11 14:30:00,APXMIDP,77.32,2710.0
2025-05-11 15:00:00,APXMIDP,83.15,2588.0
2025-05-11 15:30:00,APXMIDP,85.69,3110.7
2025-05-11 16:00:00,APXMIDP,89.56,2470.3
2025-05-11 16:30:00,APXMIDP,85.72,2586.35
2025-05-11 17:00:00,APXMIDP,87.36,2495.5
2025-05-11 17:30:00,APXMIDP,87.52,2431.65
2025-05-11 18:00:00,APXMIDP,92.63,2570.2
2025-05-11 18:30:00,APXMIDP,94.03,2459.8
2025-05-11 19:00:00,APXMIDP,94.01,2365.45
2025-05-11 19:30:00,APXMIDP,91.12,2528.05
2025-05-11 20:00:00,APXMIDP,84.18,2041.95
2025-05-11 20:30:00,APXMIDP,78.9,1841.9
2025-05-11 21:00:00,APXMIDP,76.94,1837.05
2025-05-11 21:30:00,APXMIDP,73.62,2446.4
2025-05-11 22:00:00,APXMIDP,72.11,1778.2
2025-05-11 22:30:00,APXMIDP,65.94,1837.0
2025-05-11 23:00:00,APXMIDP,69.66,1942.8
2025-05-11 23:30:00,APXMIDP,70.81,2239.65
2025-05-12 00:00:00,APXMIDP,71.08,1870.35
2025-05-12 00:30:00,APXMIDP,72.68,2033.85
2025-05-12 01:00:00,APXMIDP,74.7,2047.9
2025-05-12 01:30:00,APXMIDP,71.52,1878.6
2025-05-12 02:00:00,APXMIDP,75.88,1599.45
2025-05-12 02:30:00,APXMIDP,76.7,1776.95
2025-05-12 03:00:00,APXMIDP,82.59,1535.55
2025-05-12 03:30:00,APXMIDP,82.36,1465.5
2025-05-12 04:00:00,APXMIDP,83.91,1067.05
2025-05-12 04:30:00,APXMIDP,76.16,1705.9
2025-05-12 05:00:00,APXMIDP,74.85,1813.95
2025-05-12 05:30:00,APXMIDP,93.25,1801.65
2025-05-12 06:00:00,APXMIDP,102.43,1912.6
2025-05-12 06:30:00,APXMIDP,104.24,2333.0
2025-05-12 07:00:00,APXMIDP,105.36,1954.35
2025-05-12 07:30:00,APXMIDP,105.62,2277.3
2025-05-12 08:00:00,APXMIDP,105.04,2119.3
2025-05-12 08:30:00,APXMIDP,103.22,2172.65
2025-05-12 09:00:00,APXMIDP,100.06,2297.75
2025-05-12 09:30:00,APXMIDP,96.43,2468.25
2025-05-12 10:00:00,APXMIDP,93.43,2607.35
2025-05-12 10:30:00,APXMIDP,87.77,2569.25
2025-05-12 11:00:00,APXMIDP,84.51,2677.65
2025-05-12 11:30:00,APXMIDP,77.24,3014.35
2025-05-12 12:00:00,APXMIDP,72.97,2870.7
2025-05-12 12:30:00,APXMIDP,71.7,2947.05
2025-05-12 13:00:00,APXMIDP,71.47,3474.45
2025-05-12 13:30:00,APXMIDP,72.79,3343.85
2025-05-12 14:00:00,APXMIDP,76.68,3097.2
2025-05-12 14:30:00,APXMIDP,77.51,3484.4
2025-05-12 15:00:00,APXMIDP,80.12,3383.6
2025-05-12 15:30:00,APXMIDP,81.68,3334.75
2025-05-12 16:00:00,APXMIDP,85.66,3221.45
2025-05-12 16:30:00,APXMIDP,84.38,3309.45
2025-05-12 17:00:00,APXMIDP,92.97,3366.9
2025-05-12 17:30:00,APXMIDP,96.76,3363.2
2025-05-12 18:00:00,APXMIDP,99.93,2724.15
2025-05-12 18:30:00,APXMIDP,99.26,2605.8
2025-05-12 19:00:00,APXMIDP,102.06,2188.65
2025-05-12 19:30:00,APXMIDP,102.14,2232.45
2025-05-12 20:00:00,APXMIDP,102.28,2145.45
2025-05-12 20:30:00,APXMIDP,102.73,2037.6
2025-05-12 21:00:00,APXMIDP,96.87,2210.1
2025-05-12 21:30:00,APXMIDP,100.18,2028.0
2025-05-12 22:00:00,APXMIDP,101.44,2018.95
2025-05-12 22:30:00,APXMIDP,94.44,1892.05
2025-05-12 23:00:00,APXMIDP,84.93,2053.05
2025-05-12 23:30:00,APXMIDP,88.79,2473.4
2025-05-13 00:00:00,APXMIDP,88.3,2061.85
2025-05-13 00:30:00,APXMIDP,89.34,2314.45
2025-05-13 01:00:00,APXMIDP,88.23,2460.05
2025-05-13 01:30:00,APXMIDP,83.69,2525.9
2025-05-13 02:00:00,APXMIDP,79.25,1895.95
2025-05-13 02:30:00,APXMIDP,78.85,1438.1
2025-05-13 03:00:00,APXMIDP,83.67,1388.2
2025-05-13 03:30:00,APXMIDP,82.06,1839.7
2025-05-13 04:00:00,APXMIDP,81.99,1261.4
2025-05-13 04:30:00,APXMIDP,80.7,1489.75
2025-05-13 05:00:00,APXMIDP,96.74,1565.5
2025-05-13 05:30:00,APXMIDP,103.17,1969.35
2025-05-13 06:00:00,APXMIDP,104.9,2005.15
2025-05-13 06:30:00,APXMIDP,106.98,2563.3
2025-05-13 07:00:00,APXMIDP,104.17,2947.9
2025-05-13 07:30:00,APXMIDP,102.04,2753.95
2025-05-13 08:00:00,APXMIDP,95.46,2881.45
2025-05-13 08:30:00,APXMIDP,86.98,3599.15
2025-05-13 09:00:00,APXMIDP,81.57,2946.85
2025-05-13 09:30:00,APXMIDP,76.18,3217.05
2025-05-13 10:00:00,APXMIDP,68.65,2384.7
2025-05-13 10:30:00,APXMIDP,66.2,2562.6
2025-05-13 11:00:00,APXMIDP,60.78,2874.75
2025-05-13 11:30:00,APXMIDP,57.31,3358.25
2025-05-13 12:00:00,APXMIDP,59.06,3634.95
2025-05-13 12:30:00,APXMIDP,52.79,3339.4
2025-05-13 13:00:00,APXMIDP,55.5,3825.75
2025-05-13 13:30:00,APXMIDP,60.59,3332.7
2025-05-13 14:00:00,APXMIDP,64.79,2801.95
2025-05-13 14:30:00,APXMIDP,64.51,3161.5
2025-05-13 15:00:00,APXMIDP,65.75,3051.0
2025-05-13 15:30:00,APXMIDP,71.52,3520.85
2025-05-13 16:00:00,APXMIDP,82.68,2807.4
2025-05-13 16:30:00,APXMIDP,88.98,2794.05
2025-05-13 17:00:00,APXMIDP,99.13,2774.1
2025-05-13 17:30:00,APXMIDP,104.07,2722.35
2025-05-13 18:00:00,APXMIDP,119.17,2694.4
2025-05-13 18:30:00,APXMIDP,121.03,2708.25
2025-05-13 19:00:00,APXMIDP,113.42,2833.15
2025-05-13 19:30:00,APXMIDP,117.87,2513.4
2025-05-13 20:00:00,APXMIDP,112.02,2105.1
2025-05-13 20:30:00,APXMIDP,100.32,1795.8
2025-05-13 21:00:00,APXMIDP,89.85,1760.35
2025-05-13 21:30:00,APXMIDP,84.95,1922.8
2025-05-13 22:00:00,APXMIDP,87.81,1584.15
2025-05-13 22:30:00,APXMIDP,83.89,1740.35
2025-05-13 23:00:00,APXMIDP,79.08,1570.45
2025-05-13 23:30:00,APXMIDP,76.51,1415.1
2025-05-14 00:00:00,APXMIDP,82.51,1609.4
2025-05-14 00:30:00,APXMIDP,80.59,1706.85
2025-05-14 01:00:00,APXMIDP,77.11,1785.0
2025-05-14 01:30:00,APXMIDP,72.08,1976.0
2025-05-14 02:00:00,APXMIDP,69.09,1110.0
2025-05-14 02:30:00,APXMIDP,67.98,1008.85
2025-05-14 03:00:00,APXMIDP,66.23,1004.95
2025-05-14 03:30:00,APXMIDP,63.31,1155.8
2025-05-14 04:00:00,APXMIDP,65.18,1390.75
2025-05-14 04:30:00,APXMIDP,65.26,1043.1
2025-05-14 05:00:00,APXMIDP,73.57,1934.2
2025-05-14 05:30:00,APXMIDP,88.2,1850.8
2025-05-14 06:00:00,APXMIDP,89.59,2002.1
2025-05-14 06:30:00,APXMIDP,93.36,2101.95
2025-05-14 07:00:00,APXMIDP,93.05,2147.55
2025-05-14 07:30:00,APXMIDP,79.23,1916.9
2025-05-14 08:00:00,APXMIDP,64.45,2031.3
2025-05-14 08:30:00,APXMIDP,70.54,2290.55
2025-05-14 09:00:00,APXMIDP,73.89,2708.8
2025-05-14 09:30:00,APXMIDP,74.11,2777.85
2025-05-14 10:00:00,APXMIDP,71.13,2121.4
2025-05-14 10:30:00,APXMIDP,72.4,2258.1
2025-05-14 11:00:00,APXMIDP,75.32,2199.6
2025-05-14 11:30:00,APXMIDP,70.84,2516.8
2025-05-14 12:00:00,APXMIDP,67.82,2505.65
2025-05-14 12:30:00,APXMIDP,70.57,2831.75
2025-05-14 13:00:00,APXMIDP,69.21,3384.35
2025-05-14 13:30:00,APXMIDP,71.58,3107.4
2025-05-14 14:00:00,APXMIDP,76.3,2963.3
2025-05-14 14:30:00,APXMIDP,76.56,2896.0
2025-05-14 15:00:00,APXMIDP,77.37,2608.5
2025-05-14 15:30:00,APXMIDP,77.19,2881.15
2025-05-14 16:00:00,APXMIDP,74.21,2509.45
2025-05-14 16:30:00,APXMIDP,73.85,2848.5
2025-05-14 17:00:00,APXMIDP,74.51,2547.4
2025-05-14 17:30:00,APXMIDP,74.95,3092.5
2025-05-14 18:00:00,APXMIDP,86.4,3094.95
2025-05-14 18:30:00,APXMIDP,94.55,2857.25
2025-05-14 19:00:00,APXMIDP,94.04,3081.0
2025-05-14 19:30:00,APXMIDP,91.28,2967.35
2025-05-14 20:00:00,APXMIDP,87.88,2305.15
2025-05-14 20:30:00,APXMIDP,79.65,2041.75
2025-05-14 21:00:00,APXMIDP,73.19,2260.55
2025-05-14 21:30:00,APXMIDP,72.14,2834.8
2025-05-14 22:00:00,APXMIDP,84.51,2377.1
2025-05-14 22:30:00,APXMIDP,78.35,2738.3
2025-05-14 23:00:00,APXMIDP,82.44,1703.8
2025-05-14 23:30:00,APXMIDP,76.55,1589.05
2025-05-15 00:00:00,APXMIDP,67.85,1314.4
2025-05-15 00:30:00,APXMIDP,73.68,1775.9
2025-05-15 01:00:00,APXMIDP,77.35,1486.45
2025-05-15 01:30:00,APXMIDP,78.82,1724.8
2025-05-15 02:00:00,APXMIDP,73.5,1489.85
2025-05-15 02:30:00,APXMIDP,75.71,1872.0
2025-05-15 03:00:00,APXMIDP,76.11,1583.0
2025-05-15 03:30:00,APXMIDP,69.92,1840.55
2025-05-15 04:00:00,APXMIDP,67.65,1610.5
2025-05-15 04:30:00,APXMIDP,67.86,2381.5
2025-05-15 05:00:00,APXMIDP,70.65,2397.2
2025-05-15 05:30:00,APXMIDP,72.51,1921.1
2025-05-15 06:00:00,APXMIDP,77.55,2419.35
2025-05-15 06:30:00,APXMIDP,91.1,2497.05
2025-05-15 07:00:00,APXMIDP,83.66,2754.0
2025-05-15 07:30:00,APXMIDP,78.34,3031.2
2025-05-15 08:00:00,APXMIDP,78.65,3084.05
2025-05-15 08:30:00,APXMIDP,79.51,3015.05
2025-05-15 09:00:00,APXMIDP,78.79,3504.85
2025-05-15 09:30:00,APXMIDP,81.86,3081.1
2025-05-15 10:00:00,APXMIDP,88.25,3825.75
2025-05-15 10:30:00,APXMIDP,89.32,3243.0
2025-05-15 11:00:00,APXMIDP,93.46,3663.35
2025-05-15 11:30:00,APXMIDP,91.98,3828.2
2025-05-15 12:00:00,APXMIDP,90.73,3487.4
2025-05-15 12:30:00,APXMIDP,89.61,3417.9
2025-05-15 13:00:00,APXMIDP,89.44,3468.0
2025-05-15 13:30:00,APXMIDP,88.55,3920.9
2025-05-15 14:00:00,APXMIDP,88.67,2776.0
2025-05-15 14:30:00,APXMIDP,88.94,3334.8
2025-05-15 15:00:00,APXMIDP,86.62,2899.15
2025-05-15 15:30:00,APXMIDP,86.78,3599.15
2025-05-15 16:00:00,APXMIDP,94.16,3260.25
2025-05-15 16:30:00,APXMIDP,98.67,3373.15
2025-05-15 17:00:00,APXMIDP,97.8,3165.7
2025-05-15 17:30:00,APXMIDP,102.42,3036.8
2025-05-15 18:00:00,APXMIDP,110.98,2653.5
2025-05-15 18:30:00,APXMIDP,111.4,2374.15
2025-05-15 19:00:00,APXMIDP,113.24,2749.1
2025-05-15 19:30:00,APXMIDP,113.68,2847.85
2025-05-15 20:00:00,APXMIDP,108.38,2743.85
2025-05-15 20:30:00,APXMIDP,103.0,2657.25
2025-05-15 21:00:00,APXMIDP,96.47,2247.0
2025-05-15 21:30:00,APXMIDP,81.7,2414.55
2025-05-15 22:00:00,APXMIDP,73.12,1920.0
2025-05-15 22:30:00,APXMIDP,69.93,2152.45
2025-05-15 23:00:00,APXMIDP,66.81,1320.35
2025-05-15 23:30:00,APXMIDP,67.32,1425.75
2025-05-16 00:00:00,APXMIDP,66.76,1332.85
2025-05-16 00:30:00,APXMIDP,66.7,1336.7
2025-05-16 01:00:00,APXMIDP,70.61,1607.45
2025-05-16 01:30:00,APXMIDP,69.36,1637.9
2025-05-16 02:00:00,APXMIDP,62.75,1558.35
2025-05-16 02:30:00,APXMIDP,61.24,1539.65
2025-05-16 03:00:00,APXMIDP,64.69,1579.7
2025-05-16 03:30:00,APXMIDP,66.12,1940.6
2025-05-16 04:00:00,APXMIDP,63.45,1732.45
2025-05-16 04:30:00,APXMIDP,61.18,1761.45
2025-05-16 05:00:00,APXMIDP,64.61,1714.65
2025-05-16 05:30:00,APXMIDP,74.88,1866.05
2025-05-16 06:00:00,APXMIDP,81.78,2740.6
2025-05-16 06:30:00,APXMIDP,86.38,2723.65
2025-05-16 07:00:00,APXMIDP,85.46,2628.85
2025-05-16 07:30:00,APXMIDP,80.31,2799.3
2025-05-16 08:00:00,APXMIDP,73.15,2251.0
2025-05-16 08:30:00,APXMIDP,67.33,2488.9
2025-05-16 09:00:00,APXMIDP,75.31,3102.0
2025-05-16 09:30:00,APXMIDP,72.95,3899.7
2025-05-16 10:00:00,APXMIDP,44.74,3528.25
2025-05-16 10:30:00,APXMIDP,51.15,3280.7
2025-05-16 11:00:00,APXMIDP,53.65,3069.75
2025-05-16 11:30:00,APXMIDP,48.94,2946.45
2025-05-16 12:00:00,APXMIDP,39.07,3432.9
2025-05-16 12:30:00,APXMIDP,35.17,3338.05
2025-05-16 13:00:00,APXMIDP,29.28,3498.6
2025-05-16 13:30:00,APXMIDP,23.81,3406.8
2025-05-16 14:00:00,APXMIDP,12.62,2860.6
2025-05-16 14:30:00,APXMIDP,19.51,2791.85
2025-05-16 15:00:00,APXMIDP,41.48,3192.45
2025-05-16 15:30:00,APXMIDP,67.37,3185.35
2025-05-16 16:00:00,APXMIDP,83.93,2320.35
2025-05-16 16:30:00,APXMIDP,88.75,2962.2
2025-05-16 17:00:00,APXMIDP,88.33,3269.2
2025-05-16 17:30:00,APXMIDP,85.32,3435.5
2025-05-16 18:00:00,APXMIDP,85.52,3891.55
2025-05-16 18:30:00,APXMIDP,85.84,3541.0
2025-05-16 19:00:00,APXMIDP,93.06,3991.1
2025-05-16 19:30:00,APXMIDP,92.2,3550.15
2025-05-16 20:00:00,APXMIDP,95.53,3429.1
2025-05-16 20:30:00,APXMIDP,91.5,3140.0
2025-05-16 21:00:00,APXMIDP,93.82,3136.1
2025-05-16 21:30:00,APXMIDP,88.75,3027.3
2025-05-16 22:00:00,APXMIDP,75.52,1797.15
2025-05-16 22:30:00,APXMIDP,72.7,1556.85
2025-05-16 23:00:00,APXMIDP,79.29,1798.65
2025-05-16 23:30:00,APXMIDP,76.19,1810.35
2025-05-17 00:00:00,APXMIDP,78.23,1551.1
2025-05-17 00:30:00,APXMIDP,79.46,1484.3
2025-05-17 01:00:00,APXMIDP,78.0,1628.25
2025-05-17 01:30:00,APXMIDP,76.97,1660.1
2025-05-17 02:00:00,APXMIDP,79.05,1635.3
2025-05-17 02:30:00,APXMIDP,73.26,1427.6
2025-05-17 03:00:00,APXMIDP,72.99,1379.45
2025-05-17 03:30:00,APXMIDP,74.19,1413.85
2025-05-17 04:00:00,APXMIDP,75.01,1383.0
2025-05-17 04:30:00,APXMIDP,74.77,1271.1
2025-05-17 05:00:00,APXMIDP,70.89,1466.8
2025-05-17 05:30:00,APXMIDP,73.39,1607.2
2025-05-17 06:00:00,APXMIDP,75.72,2460.15
2025-05-17 06:30:00,APXMIDP,78.42,2406.75
2025-05-17 07:00:00,APXMIDP,82.39,2321.5
2025-05-17 07:30:00,APXMIDP,81.45,2466.25
2025-05-17 08:00:00,APXMIDP,82.65,2418.4
2025-05-17 08:30:00,APXMIDP,81.33,2591.1
2025-05-17 09:00:00,APXMIDP,79.0,3160.15
2025-05-17 09:30:00,APXMIDP,80.3,3842.8
2025-05-17 10:00:00,APXMIDP,65.7,3195.35
2025-05-17 10:30:00,APXMIDP,53.5,2887.7
2025-05-17 11:00:00,APXMIDP,35.62,3006.95
2025-05-17 11:30:00,APXMIDP,24.8,2947.7
2025-05-17 12:00:00,APXMIDP,13.83,3813.85
2025-05-17 12:30:00,APXMIDP,7.52,3443.25
2025-05-17 13:00:00,APXMIDP,7.84,3104.85
2025-05-17 13:30:00,APXMIDP,3.82,3039.65
2025-05-17 14:00:00,APXMIDP,-0.37,2952.15
2025-05-17 14:30:00,APXMIDP,1.57,2961.55
2025-05-17 15:00:00,APXMIDP,9.39,3365.9
2025-05-17 15:30:00,APXMIDP,16.26,3008.85
2025-05-17 16:00:00,APXMIDP,43.21,3445.95
2025-05-17 16:30:00,APXMIDP,48.56,3469.25
2025-05-17 17:00:00,APXMIDP,66.98,3123.7
2025-05-17 17:30:00,APXMIDP,72.62,2990.05
2025-05-17 18:00:00,APXMIDP,97.85,2335.6
2025-05-17 18:30:00,APXMIDP,100.03,2265.6
2025-05-17 19:00:00,APXMIDP,102.43,2265.0
2025-05-17 19:30:00,APXMIDP,102.89,2210.6
2025-05-17 20:00:00,APXMIDP,98.82,2791.15
2025-05-17 20:30:00,APXMIDP,90.68,2752.95
2025-05-17 21:00:00,APXMIDP,84.97,2144.1
2025-05-17 21:30:00,APXMIDP,80.96,2079.3
2025-05-17 22:00:00,APXMIDP,76.9,1209.2
2025-05-17 22:30:00,APXMIDP,78.64,1421.35
2025-05-17 23:00:00,APXMIDP,77.61,1527.4
2025-05-17 23:30:00,APXMIDP,78.66,1500.45
2025-05-18 00:00:00,APXMIDP,77.15,1400.3
2025-05-18 00:30:00,APXMIDP,76.23,1599.5
2025-05-18 01:00:00,APXMIDP,75.76,1382.25
2025-05-18 01:30:00,APXMIDP,73.66,1504.95
2025-05-18 02:00:00,APXMIDP,74.16,1550.15
2025-05-18 02:30:00,APXMIDP,66.34,1592.75
2025-05-18 03:00:00,APXMIDP,70.34,2040.45
2025-05-18 03:30:00,APXMIDP,70.03,1573.7
2025-05-18 04:00:00,APXMIDP,60.49,2112.9
2025-05-18 04:30:00,APXMIDP,75.37,2683.8
2025-05-18 05:00:00,APXMIDP,70.3,2393.9
2025-05-18 05:30:00,APXMIDP,69.75,2298.55
2025-05-18 06:00:00,APXMIDP,77.6,2297.55
2025-05-18 06:30:00,APXMIDP,76.84,2649.4
2025-05-18 07:00:00,APXMIDP,78.45,2897.5
2025-05-18 07:30:00,APXMIDP,84.45,2720.35
2025-05-18 08:00:00,APXMIDP,84.83,3314.75
2025-05-18 08:30:00,APXMIDP,87.88,2992.45
2025-05-18 09:00:00,APXMIDP,82.21,2286.65
2025-05-18 09:30:00,APXMIDP,78.61,2583.1
2025-05-18 10:00:00,APXMIDP,61.39,2095.85
2025-05-18 10:30:00,APXMIDP,46.32,2265.75
2025-05-18 11:00:00,APXMIDP,38.39,2134.55
2025-05-18 11:30:00,APXMIDP,35.02,2557.55
2025-05-18 12:00:00,APXMIDP,16.76,2302.6
2025-05-18 12:30:00,APXMIDP,16.21,2606.6
2025-05-18 13:00:00,APXMIDP,15.27,2466.2
2025-05-18 13:30:00,APXMIDP,17.83,2546.9
2025-05-18 14:00:00,APXMIDP,32.73,2302.3
2025-05-18 14:30:00,APXMIDP,46.58,2328.5
2025-05-18 15:00:00,APXMIDP,54.26,2795.5
2025-05-18 15:30:00,APXMIDP,69.07,2429.25
2025-05-18 16:00:00,APXMIDP,85.33,3054.6
2025-05-18 16:30:00,APXMIDP,80.39,3659.0
2025-05-18 17:00:00,APXMIDP,84.74,3319.45
2025-05-18 17:30:00,APXMIDP,82.55,3112.1
2025-05-18 18:00:00,APXMIDP,94.79,2038.3
2025-05-18 18:30:00,APXMIDP,94.76,2301.35
2025-05-18 19:00:00,APXMIDP,96.21,2210.3
2025-05-18 19:30:00,APXMIDP,94.87,2187.45
2025-05-18 20:00:00,APXMIDP,87.08,1963.05
2025-05-18 20:30:00,APXMIDP,86.08,1828.8
2025-05-18 21:00:00,APXMIDP,91.95,2068.55
2025-05-18 21:30:00,APXMIDP,85.95,2000.7
2025-05-18 22:00:00,APXMIDP,84.11,1458.85
2025-05-18 22:30:00,APXMIDP,84.76,1770.95
2025-05-18 23:00:00,APXMIDP,83.87,1411.3
2025-05-18 23:30:00,APXMIDP,84.91,1351.35
2025-05-19 00:00:00,APXMIDP,86.65,1614.45
2025-05-19 00:30:00,APXMIDP,86.84,1635.85
2025-05-19 01:00:00,APXMIDP,89.68,1489.25
2025-05-19 01:30:00,APXMIDP,87.27,1470.9
2025-05-19 02:00:00,APXMIDP,86.38,1287.45
2025-05-19 02:30:00,APXMIDP,79.85,1500.35
2025-05-19 03:00:00,APXMIDP,78.06,1435.6
2025-05-19 03:30:00,APXMIDP,75.98,1508.9
2025-05-19 04:00:00,APXMIDP,73.52,1749.9
2025-05-19 04:30:00,APXMIDP,76.66,1664.8
2025-05-19 05:00:00,APXMIDP,85.76,1749.15
2025-05-19 05:30:00,APXMIDP,91.6,2379.25
2025-05-19 06:00:00,APXMIDP,92.01,1913.25
2025-05-19 06:30:00,APXMIDP,94.39,2204.3
2025-05-19 07:00:00,APXMIDP,91.43,1707.75
2025-05-19 07:30:00,APXMIDP,90.9,2031.65
2025-05-19 08:00:00,APXMIDP,95.77,2790.3
2025-05-19 08:30:00,APXMIDP,94.09,2660.6
2025-05-19 09:00:00,APXMIDP,90.29,3159.85
2025-05-19 09:30:00,APXMIDP,89.56,2767.85
2025-05-19 10:00:00,APXMIDP,75.66,2814.7
2025-05-19 10:30:00,APXMIDP,72.7,2210.9
2025-05-19 11:00:00,APXMIDP,70.64,2430.5
2025-05-19 11:30:00,APXMIDP,69.46,2606.4
2025-05-19 12:00:00,APXMIDP,68.01,2744.25
2025-05-19 12:30:00,APXMIDP,68.81,2870.65
2025-05-19 13:00:00,APXMIDP,67.33,2826.0
2025-05-19 13:30:00,APXMIDP,63.03,3180.7
2025-05-19 14:00:00,APXMIDP,58.04,2216.1
2025-05-19 14:30:00,APXMIDP,48.23,3207.95
2025-05-19 15:00:00,APXMIDP,57.05,3607.6
2025-05-19 15:30:00,APXMIDP,57.42,3442.3
2025-05-19 16:00:00,APXMIDP,70.73,3633.35
2025-05-19 16:30:00,APXMIDP,71.25,3910.7
2025-05-19 17:00:00,APXMIDP,83.59,3813.65
2025-05-19 17:30:00,APXMIDP,88.42,3356.05
2025-05-19 18:00:00,APXMIDP,101.73,2386.55
2025-05-19 18:30:00,APXMIDP,101.94,3042.6
2025-05-19 19:00:00,APXMIDP,103.64,2500.15
2025-05-19 19:30:00,APXMIDP,98.78,2635.9
2025-05-19 20:00:00,APXMIDP,102.51,2791.1
2025-05-19 20:30:00,APXMIDP,101.47,2627.95
2025-05-19 21:00:00,APXMIDP,93.12,1658.85
2025-05-19 21:30:00,APXMIDP,77.42,1319.1
2025-05-19 22:00:00,APXMIDP,79.92,2335.45
2025-05-19 22:30:00,APXMIDP,87.18,1896.2
2025-05-19 23:00:00,APXMIDP,84.44,1711.35
2025-05-19 23:30:00,APXMIDP,82.43,1953.4
2025-05-20 00:00:00,APXMIDP,81.84,1709.35
2025-05-20 00:30:00,APXMIDP,81.17,1685.85
2025-05-20 01:00:00,APXMIDP,79.59,1813.6
2025-05-20 01:30:00,APXMIDP,78.37,2032.8
2025-05-20 02:00:00,APXMIDP,76.02,1723.15
2025-05-20 02:30:00,APXMIDP,76.92,1786.55
2025-05-20 03:00:00,APXMIDP,71.73,1830.85
2025-05-20 03:30:00,APXMIDP,75.69,1981.05
2025-05-20 04:00:00,APXMIDP,76.76,1793.95
2025-05-20 04:30:00,APXMIDP,75.52,1881.6
2025-05-20 05:00:00,APXMIDP,89.2,2450.25
2025-05-20 05:30:00,APXMIDP,98.54,2773.3
2025-05-20 06:00:00,APXMIDP,95.09,2549.5
2025-05-20 06:30:00,APXMIDP,94.39,2846.55
2025-05-20 07:00:00,APXMIDP,87.27,2465.45
2025-05-20 07:30:00,APXMIDP,81.61,2644.0
2025-05-20 08:00:00,APXMIDP,77.14,2940.4
2025-05-20 08:30:00,APXMIDP,78.14,3045.15
2025-05-20 09:00:00,APXMIDP,77.49,2898.95
2025-05-20 09:30:00,APXMIDP,75.66,3249.15
2025-05-20 10:00:00,APXMIDP,69.07,2832.85
2025-05-20 10:30:00,APXMIDP,67.37,2720.3
2025-05-20 11:00:00,APXMIDP,64.72,2812.9
2025-05-20 11:30:00,APXMIDP,63.46,3108.0
2025-05-20 12:00:00,APXMIDP,67.03,4401.5
2025-05-20 12:30:00,APXMIDP,67.84,4592.05
2025-05-20 13:00:00,APXMIDP,71.54,4335.45
2025-05-20 13:30:00,APXMIDP,70.65,4031.6
2025-05-20 14:00:00,APXMIDP,74.01,2851.5
2025-05-20 14:30:00,APXMIDP,75.9,2374.6
2025-05-20 15:00:00,APXMIDP,74.61,3114.9
2025-05-20 15:30:00,APXMIDP,76.4,3266.7
2025-05-20 16:00:00,APXMIDP,81.39,2620.45
2025-05-20 16:30:00,APXMIDP,78.63,2928.0
2025-05-20 17:00:00,APXMIDP,97.19,2400.5
2025-05-20 17:30:00,APXMIDP,97.34,2500.7
2025-05-20 18:00:00,APXMIDP,108.1,1929.9
2025-05-20 18:30:00,APXMIDP,109.3,2124.9
2025-05-20 19:00:00,APXMIDP,103.43,1847.65
2025-05-20 19:30:00,APXMIDP,99.72,1953.5
2025-05-20 20:00:00,APXMIDP,97.57,1685.4
2025-05-20 20:30:00,APXMIDP,92.48,2124.85
2025-05-20 21:00:00,APXMIDP,88.83,2383.6
2025-05-20 21:30:00,APXMIDP,87.09,3110.7
2025-05-20 22:00:00,APXMIDP,92.43,2282.8
2025-05-20 22:30:00,APXMIDP,111.08,1435.7
2025-05-20 23:00:00,APXMIDP,105.83,1385.5
2025-05-20 23:30:00,APXMIDP,103.81,1235.55
2025-05-21 00:00:00,APXMIDP,109.44,1500.8
2025-05-21 00:30:00,APXMIDP,98.38,1394.85
2025-05-21 01:00:00,APXMIDP,91.28,1681.05
2025-05-21 01:30:00,APXMIDP,87.27,1549.6
2025-05-21 02:00:00,APXMIDP,88.71,1464.75
2025-05-21 02:30:00,APXMIDP,89.5,1660.85
2025-05-21 03:00:00,APXMIDP,89.91,1470.8
2025-05-21 03:30:00,APXMIDP,88.03,1385.4
2025-05-21 04:00:00,APXMIDP,92.34,1880.0
2025-05-21 04:30:00,APXMIDP,90.89,1680.1
2025-05-21 05:00:00,APXMIDP,95.69,2383.95
2025-05-21 05:30:00,APXMIDP,97.18,2212.65
2025-05-21 06:00:00,APXMIDP,99.17,2556.55
2025-05-21 06:30:00,APXMIDP,104.43,2695.95
2025-05-21 07:00:00,APXMIDP,102.16,3098.4
2025-05-21 07:30:00,APXMIDP,100.31,3018.6
2025-05-21 08:00:00,APXMIDP,90.33,2693.5
2025-05-21 08:30:00,APXMIDP,89.45,2735.65
2025-05-21 09:00:00,APXMIDP,80.67,2488.45
2025-05-21 09:30:00,APXMIDP,80.85,2651.9
2025-05-21 10:00:00,APXMIDP,70.36,2476.85
2025-05-21 10:30:00,APXMIDP,69.97,2691.8
2025-05-21 11:00:00,APXMIDP,70.35,2740.8
2025-05-21 11:30:00,APXMIDP,68.95,2950.7
2025-05-21 12:00:00,APXMIDP,61.01,2923.65
2025-05-21 12:30:00,APXMIDP,55.15,3224.85
2025-05-21 13:00:00,APXMIDP,52.46,3272.25
2025-05-21 13:30:00,APXMIDP,50.67,3392.8
2025-05-21 14:00:00,APXMIDP,44.37,3486.7
2025-05-21 14:30:00,APXMIDP,43.97,3959.9
2025-05-21 15:00:00,APXMIDP,54.09,4028.25
2025-05-21 15:30:00,APXMIDP,66.97,4040.35
2025-05-21 16:00:00,APXMIDP,76.11,2771.65
2025-05-21 16:30:00,APXMIDP,77.71,2800.45
2025-05-21 17:00:00,APXMIDP,79.53,2526.8
2025-05-21 17:30:00,APXMIDP,88.0,2812.3
2025-05-21 18:00:00,APXMIDP,97.18,2637.45
2025-05-21 18:30:00,APXMIDP,94.02,2747.55
2025-05-21 19:00:00,APXMIDP,98.35,3058.95
2025-05-21 19:30:00,APXMIDP,100.12,2598.25
2025-05-21 20:00:00,APXMIDP,102.86,2210.3
2025-05-21 20:30:00,APXMIDP,99.7,2237.15
2025-05-21 21:00:00,APXMIDP,86.72,2397.85
2025-05-21 21:30:00,APXMIDP,88.04,2639.0
2025-05-21 22:00:00,APXMIDP,96.58,2165.65
2025-05-21 22:30:00,APXMIDP,99.7,2169.55
2025-05-21 23:00:00,APXMIDP,97.78,1893.3
2025-05-21 23:30:00,APXMIDP,98.03,1623.5
2025-05-22 00:00:00,APXMIDP,97.84,1660.3
2025-05-22 00:30:00,APXMIDP,94.89,1998.65
2025-05-22 01:00:00,APXMIDP,97.68,1646.85
2025-05-22 01:30:00,APXMIDP,96.88,1631.45
2025-05-22 02:00:00,APXMIDP,94.93,1951.7
2025-05-22 02:30:00,APXMIDP,90.73,1943.2
2025-05-22 03:00:00,APXMIDP,87.57,1861.35
2025-05-22 03:30:00,APXMIDP,87.12,2039.7
2025-05-22 04:00:00,APXMIDP,90.26,1742.45
2025-05-22 04:30:00,APXMIDP,91.45,2423.85
2025-05-22 05:00:00,APXMIDP,98.75,2875.55
2025-05-22 05:30:00,APXMIDP,105.57,2818.65
2025-05-22 06:00:00,APXMIDP,107.96,2778.3
2025-05-22 06:30:00,APXMIDP,107.29,3064.9
2025-05-22 07:00:00,APXMIDP,107.59,2549.1
2025-05-22 07:30:00,APXMIDP,104.58,2845.55
2025-05-22 08:00:00,APXMIDP,99.49,2473.15
2025-05-22 08:30:00,APXMIDP,93.72,2588.95
2025-05-22 09:00:00,APXMIDP,97.1,2598.0
2025-05-22 09:30:00,APXMIDP,95.4,2748.0
2025-05-22 10:00:00,APXMIDP,86.79,3732.8
2025-05-22 10:30:00,APXMIDP,91.98,3810.4
2025-05-22 11:00:00,APXMIDP,94.35,3967.35
2025-05-22 11:30:00,APXMIDP,91.07,3843.65
2025-05-22 12:00:00,APXMIDP,87.53,3360.75
2025-05-22 12:30:00,APXMIDP,84.93,3105.5
2025-05-22 13:00:00,APXMIDP,82.6,3234.6
2025-05-22 13:30:00,APXMIDP,82.8,3233.8
2025-05-22 14:00:00,APXMIDP,83.4,2504.45
2025-05-22 14:30:00,APXMIDP,80.89,2434.95
2025-05-22 15:00:00,APXMIDP,82.45,2638.4
2025-05-22 15:30:00,APXMIDP,84.85,3155.2
2025-05-22 16:00:00,APXMIDP,92.79,3485.9
2025-05-22 16:30:00,APXMIDP,94.04,3525.75
2025-05-22 17:00:00,APXMIDP,95.39,2961.75
2025-05-22 17:30:00,APXMIDP,97.18,3704.85
2025-05-22 18:00:00,APXMIDP,107.91,2942.8
2025-05-22 18:30:00,APXMIDP,104.11,3043.65
2025-05-22 19:00:00,APXMIDP,105.11,2744.8
2025-05-22 19:30:00,APXMIDP,103.49,3089.15
2025-05-22 20:00:00,APXMIDP,102.2,2622.75
2025-05-22 20:30:00,APXMIDP,95.16,2501.15
2025-05-22 21:00:00,APXMIDP,95.5,2154.05
2025-05-22 21:30:00,APXMIDP,95.17,2369.85
2025-05-22 22:00:00,APXMIDP,82.75,1739.3
2025-05-22 22:30:00,APXMIDP,72.48,1621.2
2025-05-22 23:00:00,APXMIDP,79.66,1455.1
2025-05-22 23:30:00,APXMIDP,75.4,1381.85
2025-05-23 00:00:00,APXMIDP,74.68,1468.05
2025-05-23 00:30:00,APXMIDP,73.97,1517.4
2025-05-23 01:00:00,APXMIDP,69.29,1277.35
2025-05-23 01:30:00,APXMIDP,68.17,1400.8
2025-05-23 02:00:00,APXMIDP,68.79,1294.7
2025-05-23 02:30:00,APXMIDP,70.21,1623.45
2025-05-23 03:00:00,APXMIDP,70.34,1243.55
2025-05-23 03:30:00,APXMIDP,68.03,1222.0
2025-05-23 04:00:00,APXMIDP,68.01,1145.0
2025-05-23 04:30:00,APXMIDP,69.08,1311.15
2025-05-23 05:00:00,APXMIDP,66.33,1488.7
2025-05-23 05:30:00,APXMIDP,78.53,2004.55
2025-05-23 06:00:00,APXMIDP,88.65,2228.75
2025-05-23 06:30:00,APXMIDP,96.02,2193.35
2025-05-23 07:00:00,APXMIDP,97.58,1811.1
2025-05-23 07:30:00,APXMIDP,95.66,2456.05
2025-05-23 08:00:00,APXMIDP,88.1,2501.25
2025-05-23 08:30:00,APXMIDP,80.19,2282.3
2025-05-23 09:00:00,APXMIDP,77.57,1868.4
2025-05-23 09:30:00,APXMIDP,73.38,2394.9
2025-05-23 10:00:00,APXMIDP,69.33,2037.45
2025-05-23 10:30:00,APXMIDP,70.92,2487.9
2025-05-23 11:00:00,APXMIDP,74.05,2113.2
2025-05-23 11:30:00,APXMIDP,73.96,1815.1
2025-05-23 12:00:00,APXMIDP,72.39,2593.55
2025-05-23 12:30:00,APXMIDP,69.78,2340.45
2025-05-23 13:00:00,APXMIDP,68.33,2736.6
2025-05-23 13:30:00,APXMIDP,64.77,2950.7
2025-05-23 14:00:00,APXMIDP,63.72,2299.15
2025-05-23 14:30:00,APXMIDP,70.68,2245.6
2025-05-23 15:00:00,APXMIDP,69.99,2277.05
2025-05-23 15:30:00,APXMIDP,69.82,2244.0
2025-05-23 16:00:00,APXMIDP,70.95,2493.5
2025-05-23 16:30:00,APXMIDP,73.18,2274.2
2025-05-23 17:00:00,APXMIDP,84.24,2855.95
2025-05-23 17:30:00,APXMIDP,80.92,3067.9
2025-05-23 18:00:00,APXMIDP,82.65,2874.8
2025-05-23 18:30:00,APXMIDP,82.18,2911.85
2025-05-23 19:00:00,APXMIDP,84.32,3060.8
2025-05-23 19:30:00,APXMIDP,88.87,3286.7
2025-05-23 20:00:00,APXMIDP,88.41,3527.1
2025-05-23 20:30:00,APXMIDP,89.26,3231.3
2025-05-23 21:00:00,APXMIDP,79.88,3632.15
2025-05-23 21:30:00,APXMIDP,80.84,4228.45
2025-05-23 22:00:00,APXMIDP,72.8,2554.9
2025-05-23 22:30:00,APXMIDP,69.5,2744.7
2025-05-23 23:00:00,APXMIDP,68.73,1882.1
2025-05-23 23:30:00,APXMIDP,65.48,1890.3
2025-05-24 00:00:00,APXMIDP,57.07,1662.9
2025-05-24 00:30:00,APXMIDP,56.54,1821.9
2025-05-24 01:00:00,APXMIDP,59.59,1785.45
2025-05-24 01:30:00,APXMIDP,49.41,2051.25
2025-05-24 02:00:00,APXMIDP,37.22,2087.95
2025-05-24 02:30:00,APXMIDP,29.31,2011.55
2025-05-24 03:00:00,APXMIDP,27.22,2201.1
2025-05-24 03:30:00,APXMIDP,21.75,2097.05
2025-05-24 04:00:00,APXMIDP,17.87,2352.85
2025-05-24 04:30:00,APXMIDP,16.74,2184.15
2025-05-24 05:00:00,APXMIDP,10.33,2300.9
2025-05-24 05:30:00,APXMIDP,3.59,2799.05
2025-05-24 06:00:00,APXMIDP,0.78,2828.6
2025-05-24 06:30:00,APXMIDP,4.93,2552.95
2025-05-24 07:00:00,APXMIDP,3.5,2523.85
2025-05-24 07:30:00,APXMIDP,5.77,2453.45
2025-05-24 08:00:00,APXMIDP,0.91,2422.0
2025-05-24 08:30:00,APXMIDP,-3.42,2498.45
2025-05-24 09:00:00,APXMIDP,-5.97,2861.1
2025-05-24 09:30:00,APXMIDP,-8.53,2827.4
2025-05-24 10:00:00,APXMIDP,-3.55,3815.45
2025-05-24 10:30:00,APXMIDP,-3.88,3618.0
2025-05-24 11:00:00,APXMIDP,-6.39,2732.25
2025-05-24 11:30:00,APXMIDP,-5.96,2853.55
2025-05-24 12:00:00,APXMIDP,-4.88,2734.8
2025-05-24 12:30:00,APXMIDP,-3.09,2978.05
2025-05-24 13:00:00,APXMIDP,-6.67,2866.1
2025-05-24 13:30:00,APXMIDP,-4.64,3195.9
2025-05-24 14:00:00,APXMIDP,2.26,2696.35
2025-05-24 14:30:00,APXMIDP,1.87,2767.25
2025-05-24 15:00:00,APXMIDP,11.87,3522.0
2025-05-24 15:30:00,APXMIDP,16.88,3041.6
2025-05-24 16:00:00,APXMIDP,42.02,2852.5
2025-05-24 16:30:00,APXMIDP,52.42,2893.1
2025-05-24 17:00:00,APXMIDP,47.03,3438.2
2025-05-24 17:30:00,APXMIDP,55.48,3407.4
2025-05-24 18:00:00,APXMIDP,68.46,2684.95
2025-05-24 18:30:00,APXMIDP,67.6,2765.5
2025-05-24 19:00:00,APXMIDP,64.45,2931.15
2025-05-24 19:30:00,APXMIDP,50.1,2992.2
2025-05-24 20:00:00,APXMIDP,42.35,2601.5
2025-05-24 20:30:00,APXMIDP,33.55,3491.15
2025-05-24 21:00:00,APXMIDP,26.52,2977.85
2025-05-24 21:30:00,APXMIDP,13.52,3265.9
2025-05-24 22:00:00,APXMIDP,23.98,2206.25
2025-05-24 22:30:00,APXMIDP,7.79,2008.35
2025-05-24 23:00:00,APXMIDP,17.3,1898.7
2025-05-24 23:30:00,APXMIDP,16.05,1997.95
2025-05-25 00:00:00,APXMIDP,19.76,1948.3
2025-05-25 00:30:00,APXMIDP,14.72,1939.05
2025-05-25 01:00:00,APXMIDP,16.75,1750.75
2025-05-25 01:30:00,APXMIDP,14.22,1931.95
2025-05-25 02:00:00,APXMIDP,13.99,1826.15
2025-05-25 02:30:00,APXMIDP,10.39,1985.6
2025-05-25 03:00:00,APXMIDP,6.34,1775.85
2025-05-25 03:30:00,APXMIDP,3.8,2057.75
2025-05-25 04:00:00,APXMIDP,0.81,1940.05
2025-05-25 04:30:00,APXMIDP,-2.53,1939.2
2025-05-25 05:00:00,APXMIDP,-1.02,2012.6
2025-05-25 05:30:00,APXMIDP,-1.84,2017.15
2025-05-25 06:00:00,APXMIDP,-6.03,1690.25
2025-05-25 06:30:00,APXMIDP,-2.83,1965.55
2025-05-25 07:00:00,APXMIDP,0.44,2170.35
2025-05-25 07:30:00,APXMIDP,1.77,2567.75
2025-05-25 08:00:00,APXMIDP,-2.44,2355.65
2025-05-25 08:30:00,APXMIDP,-1.18,2802.9
2025-05-25 09:00:00,APXMIDP,-1.65,2571.75
2025-05-25 09:30:00,APXMIDP,-5.08,2708.05
2025-05-25 10:00:00,APXMIDP,-4.61,2681.5
2025-05-25 10:30:00,APXMIDP,-6.12,2684.7
2025-05-25 11:00:00,APXMIDP,-6.31,2707.95
2025-05-25 11:30:00,APXMIDP,-4.53,2706.65
2025-05-25 12:00:00,APXMIDP,-3.46,2762.55
2025-05-25 12:30:00,APXMIDP,-2.43,2685.85
2025-05-25 13:00:00,APXMIDP,4.13,3370.85
2025-05-25 13:30:00,APXMIDP,-4.86,3418.95
2025-05-25 14:00:00,APXMIDP,-7.63,3260.25
2025-05-25 14:30:00,APXMIDP,-6.62,4060.8
2025-05-25 15:00:00,APXMIDP,-2.28,3354.9
2025-05-25 15:30:00,APXMIDP,-2.59,3789.35
2025-05-25 16:00:00,APXMIDP,-4.2,3166.7
2025-05-25 16:30:00,APXMIDP,3.82,3018.0
2025-05-25 17:00:00,APXMIDP,2.76,2773.55
2025-05-25 17:30:00,APXMIDP,12.58,2414.75
2025-05-25 18:00:00,APXMIDP,44.26,2297.7
2025-05-25 18:30:00,APXMIDP,55.96,2290.4
2025-05-25 19:00:00,APXMIDP,64.4,2672.95
2025-05-25 19:30:00,APXMIDP,66.09,2753.35
2025-05-25 20:00:00,APXMIDP,75.16,2498.25
2025-05-25 20:30:00,APXMIDP,77.0,2671.0
2025-05-25 21:00:00,APXMIDP,78.82,3104.05
2025-05-25 21:30:00,APXMIDP,57.26,3314.5
2025-05-25 22:00:00,APXMIDP,64.04,2390.4
2025-05-25 22:30:00,APXMIDP,47.1,2559.4
2025-05-25 23:00:00,APXMIDP,46.86,2546.85
2025-05-25 23:30:00,APXMIDP,33.53,2777.5
2025-05-26 00:00:00,APXMIDP,25.8,2202.7
2025-05-26 00:30:00,APXMIDP,18.02,2176.0
2025-05-26 01:00:00,APXMIDP,19.57,2144.75
2025-05-26 01:30:00,APXMIDP,19.63,2289.05
2025-05-26 02:00:00,APXMIDP,13.8,1548.15
2025-05-26 02:30:00,APXMIDP,16.73,1946.05
2025-05-26 03:00:00,APXMIDP,14.82,1845.5
2025-05-26 03:30:00,APXMIDP,13.95,1935.1
2025-05-26 04:00:00,APXMIDP,18.6,1624.85
2025-05-26 04:30:00,APXMIDP,19.53,1451.85
2025-05-26 05:00:00,APXMIDP,33.12,2137.35
2025-05-26 05:30:00,APXMIDP,34.88,2324.3
2025-05-26 06:00:00,APXMIDP,32.2,2317.15
2025-05-26 06:30:00,APXMIDP,34.56,2453.95
2025-05-26 07:00:00,APXMIDP,17.8,2236.4
2025-05-26 07:30:00,APXMIDP,12.82,2182.5
2025-05-26 08:00:00,APXMIDP,1.25,2083.5
2025-05-26 08:30:00,APXMIDP,-1.47,1993.35
2025-05-26 09:00:00,APXMIDP,-2.54,2171.9
2025-05-26 09:30:00,APXMIDP,-5.03,2392.75
2025-05-26 10:00:00,APXMIDP,-1.93,3212.35
2025-05-26 10:30:00,APXMIDP,-2.73,3142.55
2025-05-26 11:00:00,APXMIDP,-2.27,3341.3
2025-05-26 11:30:00,APXMIDP,-1.01,3485.05
2025-05-26 12:00:00,APXMIDP,-1.38,2904.3
2025-05-26 12:30:00,APXMIDP,2.76,3239.5
2025-05-26 13:00:00,APXMIDP,4.04,2745.75
2025-05-26 13:30:00,APXMIDP,2.89,2907.4
2025-05-26 14:00:00,APXMIDP,-2.27,2455.45
2025-05-26 14:30:00,APXMIDP,13.0,2983.4
2025-05-26 15:00:00,APXMIDP,5.69,3379.6
2025-05-26 15:30:00,APXMIDP,25.45,3282.9
2025-05-26 16:00:00,APXMIDP,39.44,3647.45
2025-05-26 16:30:00,APXMIDP,69.57,3562.3
2025-05-26 17:00:00,APXMIDP,81.94,3026.25
2025-05-26 17:30:00,APXMIDP,78.99,2633.15
2025-05-26 18:00:00,APXMIDP,93.36,2469.5
2025-05-26 18:30:00,APXMIDP,95.57,2482.15
2025-05-26 19:00:00,APXMIDP,91.04,2870.75
2025-05-26 19:30:00,APXMIDP,88.63,2899.7
2025-05-26 20:00:00,APXMIDP,80.33,2485.65
2025-05-26 20:30:00,APXMIDP,75.34,2778.1
2025-05-26 21:00:00,APXMIDP,76.29,2482.6
2025-05-26 21:30:00,APXMIDP,55.78,2383.55
2025-05-26 22:00:00,APXMIDP,49.17,2606.75
2025-05-26 22:30:00,APXMIDP,30.45,2138.0
2025-05-26 23:00:00,APXMIDP,35.83,1999.9
2025-05-26 23:30:00,APXMIDP,28.27,2110.0
2025-05-27 00:00:00,APXMIDP,20.85,2043.35
2025-05-27 00:30:00,APXMIDP,23.09,2097.35
2025-05-27 01:00:00,APXMIDP,39.76,2458.85
2025-05-27 01:30:00,APXMIDP,40.34,2707.3
2025-05-27 02:00:00,APXMIDP,13.76,2183.35
2025-05-27 02:30:00,APXMIDP,15.38,2140.4
2025-05-27 03:00:00,APXMIDP,15.44,2068.25
2025-05-27 03:30:00,APXMIDP,11.55,2197.4
2025-05-27 04:00:00,APXMIDP,7.96,1971.95
2025-05-27 04:30:00,APXMIDP,11.58,1558.7
2025-05-27 05:00:00,APXMIDP,18.26,2194.6
2025-05-27 05:30:00,APXMIDP,41.52,2677.05
2025-05-27 06:00:00,APXMIDP,34.9,2175.0
2025-05-27 06:30:00,APXMIDP,58.51,2651.85
2025-05-27 07:00:00,APXMIDP,45.01,2335.95
2025-05-27 07:30:00,APXMIDP,64.03,2545.75
2025-05-27 08:00:00,APXMIDP,72.49,2841.1
2025-05-27 08:30:00,APXMIDP,80.7,2724.0
2025-05-27 09:00:00,APXMIDP,83.25,2457.9
2025-05-27 09:30:00,APXMIDP,92.75,2497.15
2025-05-27 10:00:00,APXMIDP,102.57,2752.7
2025-05-27 10:30:00,APXMIDP,101.32,3163.6
2025-05-27 11:00:00,APXMIDP,101.07,3155.2
2025-05-27 11:30:00,APXMIDP,99.62,3493.25
2025-05-27 12:00:00,APXMIDP,89.45,3205.95
2025-05-27 12:30:00,APXMIDP,92.09,3528.25
2025-05-27 13:00:00,APXMIDP,91.8,3661.2
2025-05-27 13:30:00,APXMIDP,90.78,3856.7
2025-05-27 14:00:00,APXMIDP,87.8,3249.75
2025-05-27 14:30:00,APXMIDP,84.73,3399.65
2025-05-27 15:00:00,APXMIDP,99.39,3836.7
2025-05-27 15:30:00,APXMIDP,101.06,4551.9
2025-05-27 16:00:00,APXMIDP,101.28,3848.05
2025-05-27 16:30:00,APXMIDP,107.56,4051.45
2025-05-27 17:00:00,APXMIDP,110.84,4398.15
2025-05-27 17:30:00,APXMIDP,111.62,4640.4
2025-05-27 18:00:00,APXMIDP,109.58,3130.85
2025-05-27 18:30:00,APXMIDP,111.77,3414.75
2025-05-27 19:00:00,APXMIDP,99.16,3453.75
2025-05-27 19:30:00,APXMIDP,94.66,3474.95
2025-05-27 20:00:00,APXMIDP,93.81,2921.9
2025-05-27 20:30:00,APXMIDP,92.38,3054.95
2025-05-27 21:00:00,APXMIDP,87.84,2668.75
2025-05-27 21:30:00,APXMIDP,91.39,2994.4
2025-05-27 22:00:00,APXMIDP,92.65,1864.9
2025-05-27 22:30:00,APXMIDP,88.24,1320.85
2025-05-27 23:00:00,APXMIDP,80.43,1374.1
2025-05-27 23:30:00,APXMIDP,76.84,1660.8
2025-05-28 00:00:00,APXMIDP,80.68,1569.1
2025-05-28 00:30:00,APXMIDP,80.87,1787.75
2025-05-28 01:00:00,APXMIDP,81.8,1884.0
2025-05-28 01:30:00,APXMIDP,82.07,1978.4
2025-05-28 02:00:00,APXMIDP,86.71,2009.15
2025-05-28 02:30:00,APXMIDP,86.95,2265.65
2025-05-28 03:00:00,APXMIDP,87.36,2552.4
2025-05-28 03:30:00,APXMIDP,88.31,2777.85
2025-05-28 04:00:00,APXMIDP,93.74,2286.2
2025-05-28 04:30:00,APXMIDP,89.88,3144.75
2025-05-28 05:00:00,APXMIDP,93.31,2779.2
2025-05-28 05:30:00,APXMIDP,100.39,3099.75
2025-05-28 06:00:00,APXMIDP,94.75,2259.25
2025-05-28 06:30:00,APXMIDP,92.81,2440.65
2025-05-28 07:00:00,APXMIDP,87.03,2702.25
2025-05-28 07:30:00,APXMIDP,90.42,3408.0
2025-05-28 08:00:00,APXMIDP,88.92,2460.4
2025-05-28 08:30:00,APXMIDP,82.76,2493.05
2025-05-28 09:00:00,APXMIDP,82.69,2852.6
2025-05-28 09:30:00,APXMIDP,76.1,2728.0
2025-05-28 10:00:00,APXMIDP,76.68,3385.95
2025-05-28 10:30:00,APXMIDP,82.32,3105.2
2025-05-28 11:00:00,APXMIDP,84.07,3443.1
2025-05-28 11:30:00,APXMIDP,82.73,3204.0
2025-05-28 12:00:00,APXMIDP,81.21,3244.2
2025-05-28 12:30:00,APXMIDP,79.77,3334.2
2025-05-28 13:00:00,APXMIDP,80.96,3539.65
2025-05-28 13:30:00,APXMIDP,82.24,3731.25
2025-05-28 14:00:00,APXMIDP,83.95,3217.85
2025-05-28 14:30:00,APXMIDP,83.34,3169.25
2025-05-28 15:00:00,APXMIDP,80.3,2738.0
2025-05-28 15:30:00,APXMIDP,78.7,2617.2
2025-05-28 16:00:00,APXMIDP,87.22,3867.35
2025-05-28 16:30:00,APXMIDP,92.3,3731.25
2025-05-28 17:00:00,APXMIDP,93.94,3513.4
2025-05-28 17:30:00,APXMIDP,100.84,3247.65
2025-05-28 18:00:00,APXMIDP,107.3,2542.45
2025-05-28 18:30:00,APXMIDP,111.56,2506.9
2025-05-28 19:00:00,APXMIDP,108.07,2797.15
2025-05-28 19:30:00,APXMIDP,104.1,2808.65
2025-05-28 20:00:00,APXMIDP,102.66,2477.95
2025-05-28 20:30:00,APXMIDP,89.27,2255.9
2025-05-28 21:00:00,APXMIDP,80.75,2530.6
2025-05-28 21:30:00,APXMIDP,80.1,3011.75
2025-05-28 22:00:00,APXMIDP,80.55,2511.55
2025-05-28 22:30:00,APXMIDP,76.43,2061.0
2025-05-28 23:00:00,APXMIDP,76.82,2189.95
2025-05-28 23:30:00,APXMIDP,73.11,2292.9
2025-05-29 00:00:00,APXMIDP,67.03,1572.85
2025-05-29 00:30:00,APXMIDP,62.02,1793.7
2025-05-29 01:00:00,APXMIDP,52.62,2043.9
2025-05-29 01:30:00,APXMIDP,41.66,1921.95
2025-05-29 02:00:00,APXMIDP,20.27,2107.9
2025-05-29 02:30:00,APXMIDP,15.54,2436.25
2025-05-29 03:00:00,APXMIDP,8.48,2299.55
2025-05-29 03:30:00,APXMIDP,2.84,2572.25
2025-05-29 04:00:00,APXMIDP,3.4,2041.25
2025-05-29 04:30:00,APXMIDP,2.68,2468.25
2025-05-29 05:00:00,APXMIDP,10.8,2595.15
2025-05-29 05:30:00,APXMIDP,18.92,3320.0
2025-05-29 06:00:00,APXMIDP,39.72,3926.55
2025-05-29 06:30:00,APXMIDP,43.02,4167.55
2025-05-29 07:00:00,APXMIDP,40.72,5011.6
2025-05-29 07:30:00,APXMIDP,32.79,4524.0
2025-05-29 08:00:00,APXMIDP,16.67,3481.1
2025-05-29 08:30:00,APXMIDP,9.87,3727.3
2025-05-29 09:00:00,APXMIDP,5.61,3503.65
2025-05-29 09:30:00,APXMIDP,1.25,3505.85
2025-05-29 10:00:00,APXMIDP,-5.79,3289.65
2025-05-29 10:30:00,APXMIDP,-7.53,2890.8
2025-05-29 11:00:00,APXMIDP,-8.19,2890.8
2025-05-29 11:30:00,APXMIDP,-9.68,3068.45
2025-05-29 12:00:00,APXMIDP,-16.4,2979.8
2025-05-29 12:30:00,APXMIDP,-18.24,3324.9
2025-05-29 13:00:00,APXMIDP,-14.12,3858.05
2025-05-29 13:30:00,APXMIDP,-13.38,3613.95
2025-05-29 14:00:00,APXMIDP,-9.62,3576.6
2025-05-29 14:30:00,APXMIDP,-6.06,3065.55
2025-05-29 15:00:00,APXMIDP,-8.94,3275.0
2025-05-29 15:30:00,APXMIDP,-1.89,3442.95
2025-05-29 16:00:00,APXMIDP,15.45,2989.4
2025-05-29 16:30:00,APXMIDP,36.06,3005.05
2025-05-29 17:00:00,APXMIDP,39.54,3629.6
2025-05-29 17:30:00,APXMIDP,51.62,3872.1
2025-05-29 18:00:00,APXMIDP,61.66,3482.95
2025-05-29 18:30:00,APXMIDP,67.99,3408.3
2025-05-29 19:00:00,APXMIDP,69.28,3553.75
2025-05-29 19:30:00,APXMIDP,75.0,3560.85
2025-05-29 20:00:00,APXMIDP,74.7,3594.35
2025-05-29 20:30:00,APXMIDP,73.75,3500.25
2025-05-29 21:00:00,APXMIDP,68.49,3428.75
2025-05-29 21:30:00,APXMIDP,53.67,3060.7
2025-05-29 22:00:00,APXMIDP,54.77,2128.35
2025-05-29 22:30:00,APXMIDP,49.81,2461.9
2025-05-29 23:00:00,APXMIDP,49.27,2102.05
2025-05-29 23:30:00,APXMIDP,43.75,2172.3
2025-05-30 00:00:00,APXMIDP,48.27,2383.05
2025-05-30 00:30:00,APXMIDP,49.61,2149.05
2025-05-30 01:00:00,APXMIDP,51.7,2071.65
2025-05-30 01:30:00,APXMIDP,50.61,2124.95
2025-05-30 02:00:00,APXMIDP,50.86,1963.95
2025-05-30 02:30:00,APXMIDP,48.5,2366.85
2025-05-30 03:00:00,APXMIDP,55.97,1806.9
2025-05-30 03:30:00,APXMIDP,52.48,2011.5
2025-05-30 04:00:00,APXMIDP,51.34,2214.75
2025-05-30 04:30:00,APXMIDP,61.93,1999.75
2025-05-30 05:00:00,APXMIDP,59.34,2354.95
2025-05-30 05:30:00,APXMIDP,69.54,2678.3
2025-05-30 06:00:00,APXMIDP,59.53,2840.7
2025-05-30 06:30:00,APXMIDP,71.86,2883.2
2025-05-30 07:00:00,APXMIDP,74.66,2454.3
2025-05-30 07:30:00,APXMIDP,72.81,2671.65
2025-05-30 08:00:00,APXMIDP,70.01,2654.25
2025-05-30 08:30:00,APXMIDP,64.92,2841.65
2025-05-30 09:00:00,APXMIDP,58.09,2976.75
2025-05-30 09:30:00,APXMIDP,47.44,3366.25
2025-05-30 10:00:00,APXMIDP,38.04,3212.65
2025-05-30 10:30:00,APXMIDP,29.6,3232.15
2025-05-30 11:00:00,APXMIDP,45.14,3775.0
2025-05-30 11:30:00,APXMIDP,56.33,3485.2
2025-05-30 12:00:00,APXMIDP,67.19,3573.1
2025-05-30 12:30:00,APXMIDP,71.74,3931.5
2025-05-30 13:00:00,APXMIDP,77.4,3643.95
2025-05-30 13:30:00,APXMIDP,78.05,3979.7
2025-05-30 14:00:00,APXMIDP,81.38,3489.35
2025-05-30 14:30:00,APXMIDP,82.11,2814.95
2025-05-30 15:00:00,APXMIDP,80.48,3339.6
2025-05-30 15:30:00,APXMIDP,80.68,3285.3
2025-05-30 16:00:00,APXMIDP,77.02,2925.1
2025-05-30 16:30:00,APXMIDP,73.34,3617.75
2025-05-30 17:00:00,APXMIDP,77.08,2632.4
2025-05-30 17:30:00,APXMIDP,80.3,2681.9
2025-05-30 18:00:00,APXMIDP,106.97,1954.0
2025-05-30 18:30:00,APXMIDP,107.53,2091.15
2025-05-30 19:00:00,APXMIDP,109.68,1776.15
2025-05-30 19:30:00,APXMIDP,111.12,1774.3
2025-05-30 20:00:00,APXMIDP,109.57,2043.65
2025-05-30 20:30:00,APXMIDP,107.29,1994.95
2025-05-30 21:00:00,APXMIDP,97.05,1950.5
2025-05-30 21:30:00,APXMIDP,88.52,2097.25
2025-05-30 22:00:00,APXMIDP,85.46,1984.55
2025-05-30 22:30:00,APXMIDP,85.28,1844.55
2025-05-30 23:00:00,APXMIDP,75.82,1383.1
2025-05-30 23:30:00,APXMIDP,72.69,1596.0
2025-05-31 00:00:00,APXMIDP,75.38,1556.9
2025-05-31 00:30:00,APXMIDP,72.23,1406.4
2025-05-31 01:00:00,APXMIDP,74.08,1745.7
2025-05-31 01:30:00,APXMIDP,78.34,1776.45
2025-05-31 02:00:00,APXMIDP,79.54,1769.2
2025-05-31 02:30:00,APXMIDP,82.48,1886.95
2025-05-31 03:00:00,APXMIDP,83.93,1652.7
2025-05-31 03:30:00,APXMIDP,83.48,1859.5
2025-05-31 04:00:00,APXMIDP,76.79,1484.4
2025-05-31 04:30:00,APXMIDP,80.07,1662.4
2025-05-31 05:00:00,APXMIDP,70.13,1761.3
2025-05-31 05:30:00,APXMIDP,69.34,1812.55
2025-05-31 06:00:00,APXMIDP,42.67,1824.7
2025-05-31 06:30:00,APXMIDP,48.38,1706.15
2025-05-31 07:00:00,APXMIDP,61.19,2237.1
2025-05-31 07:30:00,APXMIDP,60.65,2100.85
2025-05-31 08:00:00,APXMIDP,62.0,2085.15
2025-05-31 08:30:00,APXMIDP,52.11,2121.2
2025-05-31 09:00:00,APXMIDP,44.25,2048.15
2025-05-31 09:30:00,APXMIDP,26.37,2509.65
2025-05-31 10:00:00,APXMIDP,11.15,2029.15
2025-05-31 10:30:00,APXMIDP,0.81,1903.5
2025-05-31 11:00:00,APXMIDP,2.07,2103.55
2025-05-31 11:30:00,APXMIDP,-1.23,1967.65
2025-05-31 12:00:00,APXMIDP,2.63,2104.75
2025-05-31 12:30:00,APXMIDP,-1.26,1822.9
2025-05-31 13:00:00,APXMIDP,-1.17,1807.45
2025-05-31 13:30:00,APXMIDP,-2.39,1981.8
2025-05-31 14:00:00,APXMIDP,1.9,1492.55
2025-05-31 14:30:00,APXMIDP,3.29,1218.85
2025-05-31 15:00:00,APXMIDP,16.09,1043.35
2025-05-31 15:30:00,APXMIDP,48.3,1652.0
2025-05-31 16:00:00,APXMIDP,78.97,2523.65
2025-05-31 16:30:00,APXMIDP,87.03,2534.2
2025-05-31 17:00:00,APXMIDP,92.42,2767.6
2025-05-31 17:30:00,APXMIDP,89.47,2632.45
2025-05-31 18:00:00,APXMIDP,83.81,1990.0
2025-05-31 18:30:00,APXMIDP,87.08,1742.8
2025-05-31 19:00:00,APXMIDP,85.65,1762.55
2025-05-31 19:30:00,APXMIDP,84.27,1859.6
2025-05-31 20:00:00,APXMIDP,86.22,1781.4
2025-05-31 20:30:00,APXMIDP,82.47,1914.9
2025-05-31 21:00:00,APXMIDP,80.07,1749.15
2025-05-31 21:30:00,APXMIDP,78.76,2329.3
2025-05-31 22:00:00,APXMIDP,78.46,1850.0
2025-05-31 22:30:00,APXMIDP,75.16,2212.8
2025-05-31 23:00:00,APXMIDP,66.15,1985.9
2025-05-31 23:30:00,APXMIDP,54.08,1968.3
2025-06-01 00:00:00,APXMIDP,48.02,1781.25
2025-06-01 00:30:00,APXMIDP,37.4,1824.95
2025-06-01 01:00:00,APXMIDP,29.45,1553.05
2025-06-01 01:30:00,APXMIDP,27.16,1447.8
2025-06-01 02:00:00,APXMIDP,17.34,1698.55
2025-06-01 02:30:00,APXMIDP,22.62,1847.7
2025-06-01 03:00:00,APXMIDP,27.73,1912.45
2025-06-01 03:30:00,APXMIDP,31.14,1941.35
2025-06-01 04:00:00,APXMIDP,32.69,2825.6
2025-06-01 04:30:00,APXMIDP,35.55,2764.0
2025-06-01 05:00:00,APXMIDP,19.47,3063.25
2025-06-01 05:30:00,APXMIDP,13.68,3129.4
2025-06-01 06:00:00,APXMIDP,14.16,2661.6
2025-06-01 06:30:00,APXMIDP,8.07,2826.7
2025-06-01 07:00:00,APXMIDP,2.86,2354.9
2025-06-01 07:30:00,APXMIDP,1.6,2188.45
2025-06-01 08:00:00,APXMIDP,0.11,2183.4
2025-06-01 08:30:00,APXMIDP,-0.9,2055.65
2025-06-01 09:00:00,APXMIDP,-2.13,2360.85
2025-06-01 09:30:00,APXMIDP,0.17,2822.25
2025-06-01 10:00:00,APXMIDP,3.1,2317.75
2025-06-01 10:30:00,APXMIDP,-1.24,2402.9
2025-06-01 11:00:00,APXMIDP,-5.62,2494.5
2025-06-01 11:30:00,APXMIDP,-9.16,2654.8
2025-06-01 12:00:00,APXMIDP,-3.82,2608.2
2025-06-01 12:30:00,APXMIDP,-6.75,2506.25
2025-06-01 13:00:00,APXMIDP,-6.52,2754.85
2025-06-01 13:30:00,APXMIDP,-6.72,2651.45
2025-06-01 14:00:00,APXMIDP,24.56,3287.0
2025-06-01 14:30:00,APXMIDP,23.68,3410.15
2025-06-01 15:00:00,APXMIDP,10.75,3421.5
2025-06-01 15:30:00,APXMIDP,22.5,3534.05
2025-06-01 16:00:00,APXMIDP,40.5,3395.5
2025-06-01 16:30:00,APXMIDP,58.41,2948.8
2025-06-01 17:00:00,APXMIDP,71.31,2450.25
2025-06-01 17:30:00,APXMIDP,77.47,2657.9
2025-06-01 18:00:00,APXMIDP,72.6,2339.15
2025-06-01 18:30:00,APXMIDP,76.79,2842.6
2025-06-01 19:00:00,APXMIDP,75.51,2498.3
2025-06-01 19:30:00,APXMIDP,82.68,2197.0
2025-06-01 20:00:00,APXMIDP,88.92,2639.8
2025-06-01 20:30:00,APXMIDP,89.29,2503.05
2025-06-01 21:00:00,APXMIDP,78.02,2214.85
2025-06-01 21:30:00,APXMIDP,59.05,2330.15
2025-06-01 22:00:00,APXMIDP,51.13,1557.4
2025-06-01 22:30:00,APXMIDP,42.99,1537.05
2025-06-01 23:00:00,APXMIDP,38.92,1526.25
2025-06-01 23:30:00,APXMIDP,43.53,1293.95
2025-06-02 00:00:00,APXMIDP,48.7,1608.5
2025-06-02 00:30:00,APXMIDP,51.44,1426.2
2025-06-02 01:00:00,APXMIDP,53.04,1645.4
2025-06-02 01:30:00,APXMIDP,59.42,2160.15
2025-06-02 02:00:00,APXMIDP,61.39,1929.85
2025-06-02 02:30:00,APXMIDP,63.99,1900.25
2025-06-02 03:00:00,APXMIDP,67.65,1610.6
2025-06-02 03:30:00,APXMIDP,70.42,1492.3
2025-06-02 04:00:00,APXMIDP,83.61,1711.55
2025-06-02 04:30:00,APXMIDP,89.63,1914.55
2025-06-02 05:00:00,APXMIDP,85.33,2430.45
2025-06-02 05:30:00,APXMIDP,93.72,2181.05
2025-06-02 06:00:00,APXMIDP,90.58,2094.8
2025-06-02 06:30:00,APXMIDP,91.23,2483.7
2025-06-02 07:00:00,APXMIDP,92.14,2040.55
2025-06-02 07:30:00,APXMIDP,90.93,2425.6
2025-06-02 08:00:00,APXMIDP,85.28,1894.75
2025-06-02 08:30:00,APXMIDP,80.59,2026.2
2025-06-02 09:00:00,APXMIDP,75.96,1922.25
2025-06-02 09:30:00,APXMIDP,75.22,2066.15
2025-06-02 10:00:00,APXMIDP,68.23,1831.25
2025-06-02 10:30:00,APXMIDP,68.41,2156.85
2025-06-02 11:00:00,APXMIDP,70.53,1883.45
2025-06-02 11:30:00,APXMIDP,58.14,2071.6
2025-06-02 12:00:00,APXMIDP,52.67,2610.75
2025-06-02 12:30:00,APXMIDP,45.13,2441.6
2025-06-02 13:00:00,APXMIDP,45.44,2823.15
2025-06-02 13:30:00,APXMIDP,41.41,2687.3
2025-06-02 14:00:00,APXMIDP,64.88,3069.05
2025-06-02 14:30:00,APXMIDP,58.34,2812.75
2025-06-02 15:00:00,APXMIDP,63.36,2697.35
2025-06-02 15:30:00,APXMIDP,66.53,2761.4
2025-06-02 16:00:00,APXMIDP,77.18,2632.6
2025-06-02 16:30:00,APXMIDP,78.28,2575.6
2025-06-02 17:00:00,APXMIDP,78.18,3069.65
2025-06-02 17:30:00,APXMIDP,77.09,2932.5
2025-06-02 18:00:00,APXMIDP,74.44,2602.5
2025-06-02 18:30:00,APXMIDP,69.5,2477.9
2025-06-02 19:00:00,APXMIDP,65.6,2934.6
2025-06-02 19:30:00,APXMIDP,55.51,2878.45
2025-06-02 20:00:00,APXMIDP,54.97,3279.1
2025-06-02 20:30:00,APXMIDP,47.19,3188.8
2025-06-02 21:00:00,APXMIDP,44.73,3336.6
2025-06-02 21:30:00,APXMIDP,35.37,3410.7
2025-06-02 22:00:00,APXMIDP,14.1,2273.25
2025-06-02 22:30:00,APXMIDP,4.97,2125.6
2025-06-02 23:00:00,APXMIDP,0.49,1784.2
2025-06-02 23:30:00,APXMIDP,-1.52,1735.0
2025-06-03 00:00:00,APXMIDP,-2.01,1559.0
2025-06-03 00:30:00,APXMIDP,-2.43,1492.35
2025-06-03 01:00:00,APXMIDP,-5.19,1637.8
2025-06-03 01:30:00,APXMIDP,-4.16,1549.05
2025-06-03 02:00:00,APXMIDP,-7.01,1404.8
2025-06-03 02:30:00,APXMIDP,-6.34,1565.95
2025-06-03 03:00:00,APXMIDP,-2.15,2383.15
2025-06-03 03:30:00,APXMIDP,-2.43,1965.8
2025-06-03 04:00:00,APXMIDP,0.75,2210.1
2025-06-03 04:30:00,APXMIDP,-0.31,2143.2
2025-06-03 05:00:00,APXMIDP,0.49,2493.55
2025-06-03 05:30:00,APXMIDP,5.8,2740.15
2025-06-03 06:00:00,APXMIDP,19.02,3453.2
2025-06-03 06:30:00,APXMIDP,35.75,3484.0
2025-06-03 07:00:00,APXMIDP,11.84,2504.45
2025-06-03 07:30:00,APXMIDP,7.23,2698.1
2025-06-03 08:00:00,APXMIDP,-3.74,2852.7
2025-06-03 08:30:00,APXMIDP,-6.45,3401.05
2025-06-03 09:00:00,APXMIDP,-1.93,3210.3
2025-06-03 09:30:00,APXMIDP,-4.62,3248.85
2025-06-03 10:00:00,APXMIDP,-18.8,3075.1
2025-06-03 10:30:00,APXMIDP,-24.2,3103.1
2025-06-03 11:00:00,APXMIDP,-24.51,3137.95
2025-06-03 11:30:00,APXMIDP,-26.73,3123.95
2025-06-03 12:00:00,APXMIDP,-25.91,3374.8
2025-06-03 12:30:00,APXMIDP,-28.41,3479.4
2025-06-03 13:00:00,APXMIDP,-32.84,3308.85
2025-06-03 13:30:00,APXMIDP,-35.62,3603.15
2025-06-03 14:00:00,APXMIDP,-30.38,3538.4
2025-06-03 14:30:00,APXMIDP,-26.34,3935.65
2025-06-03 15:00:00,APXMIDP,-33.69,3409.7
2025-06-03 15:30:00,APXMIDP,-17.43,3928.7
2025-06-03 16:00:00,APXMIDP,15.11,3593.0
2025-06-03 16:30:00,APXMIDP,44.9,3778.15
2025-06-03 17:00:00,APXMIDP,52.37,3429.85
2025-06-03 17:30:00,APXMIDP,57.96,3598.05
2025-06-03 18:00:00,APXMIDP,77.74,2871.95
2025-06-03 18:30:00,APXMIDP,84.65,3539.65
2025-06-03 19:00:00,APXMIDP,84.54,3264.85
2025-06-03 19:30:00,APXMIDP,85.51,3210.1
2025-06-03 20:00:00,APXMIDP,74.52,2871.6
2025-06-03 20:30:00,APXMIDP,73.74,2508.9
2025-06-03 21:00:00,APXMIDP,72.38,2949.25
2025-06-03 21:30:00,APXMIDP,64.03,2875.2
2025-06-03 22:00:00,APXMIDP,38.62,2463.25
2025-06-03 22:30:00,APXMIDP,27.94,2398.3
2025-06-03 23:00:00,APXMIDP,24.0,1749.2
2025-06-03 23:30:00,APXMIDP,20.52,1852.95
2025-06-04 00:00:00,APXMIDP,17.42,1704.7
2025-06-04 00:30:00,APXMIDP,15.94,2181.5
2025-06-04 01:00:00,APXMIDP,16.51,2286.1
2025-06-04 01:30:00,APXMIDP,14.13,2102.65
2025-06-04 02:00:00,APXMIDP,15.31,1567.1
2025-06-04 02:30:00,APXMIDP,19.89,2031.15
2025-06-04 03:00:00,APXMIDP,21.12,2182.4
2025-06-04 03:30:00,APXMIDP,20.04,1920.5
2025-06-04 04:00:00,APXMIDP,21.51,1844.45
2025-06-04 04:30:00,APXMIDP,27.61,2237.2
2025-06-04 05:00:00,APXMIDP,43.7,2331.35
2025-06-04 05:30:00,APXMIDP,56.71,2291.5
2025-06-04 06:00:00,APXMIDP,73.75,2027.2
2025-06-04 06:30:00,APXMIDP,79.18,2199.95
2025-06-04 07:00:00,APXMIDP,61.11,2829.2
2025-06-04 07:30:00,APXMIDP,53.64,2978.7
2025-06-04 08:00:00,APXMIDP,61.69,3848.5
2025-06-04 08:30:00,APXMIDP,48.97,3660.05
2025-06-04 09:00:00,APXMIDP,48.69,4185.2
2025-06-04 09:30:00,APXMIDP,49.0,4294.0
2025-06-04 10:00:00,APXMIDP,18.59,3277.75
2025-06-04 10:30:00,APXMIDP,15.09,3030.0
2025-06-04 11:00:00,APXMIDP,6.04,2453.1
2025-06-04 11:30:00,APXMIDP,3.41,2563.2
2025-06-04 12:00:00,APXMIDP,2.09,2871.15
2025-06-04 12:30:00,APXMIDP,0.19,2961.2
2025-06-04 13:00:00,APXMIDP,6.09,3297.7
2025-06-04 13:30:00,APXMIDP,4.55,3889.85
2025-06-04 14:00:00,APXMIDP,10.76,3137.85
2025-06-04 14:30:00,APXMIDP,17.29,3434.3
2025-06-04 15:00:00,APXMIDP,38.31,3726.35
2025-06-04 15:30:00,APXMIDP,57.77,3263.85
2025-06-04 16:00:00,APXMIDP,66.37,3158.5
2025-06-04 16:30:00,APXMIDP,70.98,2745.2
2025-06-04 17:00:00,APXMIDP,70.97,2990.55
2025-06-04 17:30:00,APXMIDP,74.77,3335.55
2025-06-04 18:00:00,APXMIDP,92.43,2563.7
2025-06-04 18:30:00,APXMIDP,91.7,2670.4
2025-06-04 19:00:00,APXMIDP,92.32,2503.55
2025-06-04 19:30:00,APXMIDP,89.96,2308.0
2025-06-04 20:00:00,APXMIDP,84.38,2220.85
2025-06-04 20:30:00,APXMIDP,80.65,2070.6
2025-06-04 21:00:00,APXMIDP,76.3,2090.75
2025-06-04 21:30:00,APXMIDP,75.93,1862.7
2025-06-04 22:00:00,APXMIDP,70.69,146.25
2025-06-04 22:30:00,APXMIDP,68.88,111.75
2025-06-04 23:00:00,APXMIDP,67.25,163.75
2025-06-04 23:30:00,APXMIDP,68.31,167.1
2025-06-05 00:00:00,APXMIDP,58.85,700.95
2025-06-05 00:30:00,APXMIDP,57.24,928.9
2025-06-05 01:00:00,APXMIDP,55.43,1484.55
2025-06-05 01:30:00,APXMIDP,54.98,1826.45
2025-06-05 02:00:00,APXMIDP,51.75,2172.45
2025-06-05 02:30:00,APXMIDP,55.18,2147.15
2025-06-05 03:00:00,APXMIDP,57.52,1993.6
2025-06-05 03:30:00,APXMIDP,59.0,2092.4
2025-06-05 04:00:00,APXMIDP,59.5,2456.25
2025-06-05 04:30:00,APXMIDP,65.28,2291.7
2025-06-05 05:00:00,APXMIDP,68.8,2218.85
2025-06-05 05:30:00,APXMIDP,81.13,2756.95
2025-06-05 06:00:00,APXMIDP,73.36,3356.6
2025-06-05 06:30:00,APXMIDP,82.48,3278.6
2025-06-05 07:00:00,APXMIDP,88.72,2945.4
2025-06-05 07:30:00,APXMIDP,90.26,2724.4
2025-06-05 08:00:00,APXMIDP,88.46,3230.0
2025-06-05 08:30:00,APXMIDP,89.2,2936.2
2025-06-05 09:00:00,APXMIDP,92.11,2995.25
2025-06-05 09:30:00,APXMIDP,90.56,3228.0
2025-06-05 10:00:00,APXMIDP,89.64,3092.3
2025-06-05 10:30:00,APXMIDP,89.1,2803.35
2025-06-05 11:00:00,APXMIDP,89.39,2604.75
2025-06-05 11:30:00,APXMIDP,88.03,2545.35
2025-06-05 12:00:00,APXMIDP,80.86,3259.45
2025-06-05 12:30:00,APXMIDP,73.57,3662.45
2025-06-05 13:00:00,APXMIDP,83.04,4242.8
2025-06-05 13:30:00,APXMIDP,84.14,4075.5
2025-06-05 14:00:00,APXMIDP,88.4,3005.4
2025-06-05 14:30:00,APXMIDP,91.12,3267.75
2025-06-05 15:00:00,APXMIDP,90.46,3523.65
2025-06-05 15:30:00,APXMIDP,96.05,4285.55
2025-06-05 16:00:00,APXMIDP,108.1,3535.9
2025-06-05 16:30:00,APXMIDP,105.98,4492.2
2025-06-05 17:00:00,APXMIDP,121.3,4014.65
2025-06-05 17:30:00,APXMIDP,122.48,4545.15
2025-06-05 18:00:00,APXMIDP,119.59,4819.65
2025-06-05 18:30:00,APXMIDP,120.39,4569.0
2025-06-05 19:00:00,APXMIDP,113.82,3811.55
2025-06-05 19:30:00,APXMIDP,115.08,3797.5
2025-06-05 20:00:00,APXMIDP,96.66,3132.55
2025-06-05 20:30:00,APXMIDP,88.93,2999.4
2025-06-05 21:00:00,APXMIDP,88.8,2825.45
2025-06-05 21:30:00,APXMIDP,88.17,2483.45
2025-06-05 22:00:00,APXMIDP,92.46,2246.0
2025-06-05 22:30:00,APXMIDP,88.19,2366.7
2025-06-05 23:00:00,APXMIDP,91.55,2834.05
2025-06-05 23:30:00,APXMIDP,91.12,2317.05
2025-06-06 00:00:00,APXMIDP,81.93,1424.8
2025-06-06 00:30:00,APXMIDP,81.56,1520.8
2025-06-06 01:00:00,APXMIDP,68.65,1932.0
2025-06-06 01:30:00,APXMIDP,58.32,2049.8
2025-06-06 02:00:00,APXMIDP,52.83,2273.5
2025-06-06 02:30:00,APXMIDP,51.85,2318.95
2025-06-06 03:00:00,APXMIDP,46.95,2591.0
2025-06-06 03:30:00,APXMIDP,44.93,2964.05
2025-06-06 04:00:00,APXMIDP,40.16,2545.85
2025-06-06 04:30:00,APXMIDP,34.21,2631.5
2025-06-06 05:00:00,APXMIDP,43.03,2737.8
2025-06-06 05:30:00,APXMIDP,80.48,2655.85
2025-06-06 06:00:00,APXMIDP,111.61,2845.8
2025-06-06 06:30:00,APXMIDP,116.14,3195.25
2025-06-06 07:00:00,APXMIDP,116.71,2890.45
2025-06-06 07:30:00,APXMIDP,116.5,2699.5
2025-06-06 08:00:00,APXMIDP,116.09,2654.25
2025-06-06 08:30:00,APXMIDP,114.02,3110.25
2025-06-06 09:00:00,APXMIDP,109.56,3332.75
2025-06-06 09:30:00,APXMIDP,101.94,3806.7
2025-06-06 10:00:00,APXMIDP,95.98,4008.05
2025-06-06 10:30:00,APXMIDP,91.63,3837.45
2025-06-06 11:00:00,APXMIDP,87.44,3841.5
2025-06-06 11:30:00,APXMIDP,82.01,3822.2
2025-06-06 12:00:00,APXMIDP,75.3,4671.5
2025-06-06 12:30:00,APXMIDP,78.67,5095.05
2025-06-06 13:00:00,APXMIDP,78.93,4926.6
2025-06-06 13:30:00,APXMIDP,73.18,5225.45
2025-06-06 14:00:00,APXMIDP,75.81,3685.7
2025-06-06 14:30:00,APXMIDP,77.17,4310.6
2025-06-06 15:00:00,APXMIDP,78.11,3974.55
2025-06-06 15:30:00,APXMIDP,88.53,3727.8
2025-06-06 16:00:00,APXMIDP,88.01,3767.0
2025-06-06 16:30:00,APXMIDP,93.51,3577.45
2025-06-06 17:00:00,APXMIDP,101.38,3912.85
2025-06-06 17:30:00,APXMIDP,104.3,4126.55
2025-06-06 18:00:00,APXMIDP,118.19,4168.45
2025-06-06 18:30:00,APXMIDP,120.16,4134.8
2025-06-06 19:00:00,APXMIDP,119.62,3762.3
2025-06-06 19:30:00,APXMIDP,120.78,3765.7
2025-06-06 20:00:00,APXMIDP,111.67,3296.0
2025-06-06 20:30:00,APXMIDP,109.49,3490.2
2025-06-06 21:00:00,APXMIDP,101.64,3191.7
2025-06-06 21:30:00,APXMIDP,94.27,2825.55
2025-06-06 22:00:00,APXMIDP,86.74,1765.15
2025-06-06 22:30:00,APXMIDP,95.63,1841.05
2025-06-06 23:00:00,APXMIDP,88.04,1329.55
2025-06-06 23:30:00,APXMIDP,91.89,1323.8
2025-06-07 00:00:00,APXMIDP,95.84,1568.45
2025-06-07 00:30:00,APXMIDP,99.26,1859.45
2025-06-07 01:00:00,APXMIDP,103.08,1627.15
2025-06-07 01:30:00,APXMIDP,96.02,1739.75
2025-06-07 02:00:00,APXMIDP,95.32,1713.25
2025-06-07 02:30:00,APXMIDP,94.72,1672.45
2025-06-07 03:00:00,APXMIDP,96.95,1807.6
2025-06-07 03:30:00,APXMIDP,98.09,1926.85
2025-06-07 04:00:00,APXMIDP,108.08,1729.45
2025-06-07 04:30:00,APXMIDP,110.59,1733.45
2025-06-07 05:00:00,APXMIDP,114.36,1872.85
2025-06-07 05:30:00,APXMIDP,114.63,2263.0
2025-06-07 06:00:00,APXMIDP,112.22,2632.6
2025-06-07 06:30:00,APXMIDP,115.13,2512.45
2025-06-07 07:00:00,APXMIDP,114.15,2441.35
2025-06-07 07:30:00,APXMIDP,114.63,2670.85
2025-06-07 08:00:00,APXMIDP,109.2,2457.1
2025-06-07 08:30:00,APXMIDP,104.56,2778.2
2025-06-07 09:00:00,APXMIDP,96.31,3022.3
2025-06-07 09:30:00,APXMIDP,96.76,3146.9
2025-06-07 10:00:00,APXMIDP,90.9,2257.65
2025-06-07 10:30:00,APXMIDP,90.08,2519.9
2025-06-07 11:00:00,APXMIDP,90.17,2459.8
2025-06-07 11:30:00,APXMIDP,84.31,2531.7
2025-06-07 12:00:00,APXMIDP,78.94,3247.2
2025-06-07 12:30:00,APXMIDP,79.68,3426.55
2025-06-07 13:00:00,APXMIDP,80.74,3294.8
2025-06-07 13:30:00,APXMIDP,79.96,3045.8
2025-06-07 14:00:00,APXMIDP,78.68,3116.7
2025-06-07 14:30:00,APXMIDP,84.84,2609.45
2025-06-07 15:00:00,APXMIDP,90.83,2903.65
2025-06-07 15:30:00,APXMIDP,92.64,2855.6
2025-06-07 16:00:00,APXMIDP,100.66,2631.5
2025-06-07 16:30:00,APXMIDP,101.02,2545.15
2025-06-07 17:00:00,APXMIDP,100.16,2735.7
2025-06-07 17:30:00,APXMIDP,100.14,2805.35
2025-06-07 18:00:00,APXMIDP,113.1,4507.5
2025-06-07 18:30:00,APXMIDP,112.65,4261.6
2025-06-07 19:00:00,APXMIDP,110.62,4242.65
2025-06-07 19:30:00,APXMIDP,111.38,4063.55
2025-06-07 20:00:00,APXMIDP,103.21,3029.65
2025-06-07 20:30:00,APXMIDP,101.42,2935.25
2025-06-07 21:00:00,APXMIDP,102.36,2761.5
2025-06-07 21:30:00,APXMIDP,92.94,2840.45
2025-06-07 22:00:00,APXMIDP,94.97,1430.15
2025-06-07 22:30:00,APXMIDP,90.19,1577.6
2025-06-07 23:00:00,APXMIDP,80.64,1779.25
2025-06-07 23:30:00,APXMIDP,75.45,1536.65
2025-06-08 00:00:00,APXMIDP,65.47,1884.45
2025-06-08 00:30:00,APXMIDP,44.76,2048.35
2025-06-08 01:00:00,APXMIDP,34.87,2295.35
2025-06-08 01:30:00,APXMIDP,20.9,2168.05
2025-06-08 02:00:00,APXMIDP,11.55,1777.65
2025-06-08 02:30:00,APXMIDP,5.98,1670.75
2025-06-08 03:00:00,APXMIDP,1.33,1804.2
2025-06-08 03:30:00,APXMIDP,-2.37,1756.2
2025-06-08 04:00:00,APXMIDP,-2.03,1763.4
2025-06-08 04:30:00,APXMIDP,-2.42,1811.5
2025-06-08 05:00:00,APXMIDP,-7.17,1564.25
2025-06-08 05:30:00,APXMIDP,-9.38,1784.75
2025-06-08 06:00:00,APXMIDP,-13.65,1570.8
2025-06-08 06:30:00,APXMIDP,-8.59,2159.85
2025-06-08 07:00:00,APXMIDP,-4.79,2073.3
2025-06-08 07:30:00,APXMIDP,-1.17,1762.85
2025-06-08 08:00:00,APXMIDP,-11.75,1749.3
2025-06-08 08:30:00,APXMIDP,-10.9,1823.9
2025-06-08 09:00:00,APXMIDP,-11.9,2390.75
2025-06-08 09:30:00,APXMIDP,-10.39,2738.8
2025-06-08 10:00:00,APXMIDP,-13.89,2715.9
2025-06-08 10:30:00,APXMIDP,-6.0,3127.0
2025-06-08 11:00:00,APXMIDP,-8.25,2998.5
2025-06-08 11:30:00,APXMIDP,-0.27,2849.45
2025-06-08 12:00:00,APXMIDP,10.7,3820.15
2025-06-08 12:30:00,APXMIDP,36.43,3457.15
2025-06-08 13:00:00,APXMIDP,46.95,3391.45
2025-06-08 13:30:00,APXMIDP,53.63,3014.5
2025-06-08 14:00:00,APXMIDP,89.0,2827.95
2025-06-08 14:30:00,APXMIDP,94.67,2866.25
2025-06-08 15:00:00,APXMIDP,87.09,2762.85
2025-06-08 15:30:00,APXMIDP,85.87,3142.4
2025-06-08 16:00:00,APXMIDP,85.64,2568.55
2025-06-08 16:30:00,APXMIDP,82.45,2670.4
2025-06-08 17:00:00,APXMIDP,78.33,2542.3
2025-06-08 17:30:00,APXMIDP,87.23,2720.95
2025-06-08 18:00:00,APXMIDP,82.51,2610.6
2025-06-08 18:30:00,APXMIDP,88.68,2576.25
2025-06-08 19:00:00,APXMIDP,84.19,2771.35
2025-06-08 19:30:00,APXMIDP,81.6,2800.25
2025-06-08 20:00:00,APXMIDP,86.25,3334.0
2025-06-08 20:30:00,APXMIDP,86.76,3155.35
2025-06-08 21:00:00,APXMIDP,82.28,2941.55
2025-06-08 21:30:00,APXMIDP,80.72,2990.85
2025-06-08 22:00:00,APXMIDP,83.3,1732.7
2025-06-08 22:30:00,APXMIDP,81.19,1339.55
2025-06-08 23:00:00,APXMIDP,78.3,1585.45
2025-06-08 23:30:00,APXMIDP,65.74,1734.15
2025-06-09 00:00:00,APXMIDP,64.2,1548.6
2025-06-09 00:30:00,APXMIDP,64.17,1602.8
2025-06-09 01:00:00,APXMIDP,64.18,1598.2
2025-06-09 01:30:00,APXMIDP,63.09,1681.6
2025-06-09 02:00:00,APXMIDP,64.28,1566.65
2025-06-09 02:30:00,APXMIDP,66.38,1541.6
2025-06-09 03:00:00,APXMIDP,70.85,1476.25
2025-06-09 03:30:00,APXMIDP,70.75,1500.3
2025-06-09 04:00:00,APXMIDP,76.05,1897.15
2025-06-09 04:30:00,APXMIDP,77.72,1821.3
2025-06-09 05:00:00,APXMIDP,89.98,1288.55
2025-06-09 05:30:00,APXMIDP,89.17,1857.2
2025-06-09 06:00:00,APXMIDP,99.61,1738.55
2025-06-09 06:30:00,APXMIDP,101.97,1630.1
2025-06-09 07:00:00,APXMIDP,104.59,1691.7
2025-06-09 07:30:00,APXMIDP,105.44,1993.15
2025-06-09 08:00:00,APXMIDP,105.02,1900.25
2025-06-09 08:30:00,APXMIDP,103.23,1855.7
2025-06-09 09:00:00,APXMIDP,102.62,1785.55
2025-06-09 09:30:00,APXMIDP,102.02,2146.3
2025-06-09 10:00:00,APXMIDP,91.25,1804.35
2025-06-09 10:30:00,APXMIDP,93.12,2210.7
2025-06-09 11:00:00,APXMIDP,94.97,2301.9
2025-06-09 11:30:00,APXMIDP,88.63,2606.4
2025-06-09 12:00:00,APXMIDP,75.95,2988.15
2025-06-09 12:30:00,APXMIDP,75.14,3064.55
2025-06-09 13:00:00,APXMIDP,72.41,3467.95
2025-06-09 13:30:00,APXMIDP,72.3,3588.75
2025-06-09 14:00:00,APXMIDP,69.8,3594.6
2025-06-09 14:30:00,APXMIDP,67.0,3043.65
2025-06-09 15:00:00,APXMIDP,61.42,3881.05
2025-06-09 15:30:00,APXMIDP,64.33,4576.85
2025-06-09 16:00:00,APXMIDP,67.92,4313.9
2025-06-09 16:30:00,APXMIDP,65.68,4219.2
2025-06-09 17:00:00,APXMIDP,74.17,4523.45
2025-06-09 17:30:00,APXMIDP,77.12,4426.3
2025-06-09 18:00:00,APXMIDP,89.59,4496.4
2025-06-09 18:30:00,APXMIDP,92.63,4534.5
2025-06-09 19:00:00,APXMIDP,93.07,4345.2
2025-06-09 19:30:00,APXMIDP,93.05,4679.3
2025-06-09 20:00:00,APXMIDP,90.84,4963.05
2025-06-09 20:30:00,APXMIDP,89.65,5027.95
2025-06-09 21:00:00,APXMIDP,83.11,4414.35
2025-06-09 21:30:00,APXMIDP,83.19,5047.1
2025-06-09 22:00:00,APXMIDP,53.67,2872.35
2025-06-09 22:30:00,APXMIDP,42.03,3343.6
2025-06-09 23:00:00,APXMIDP,39.22,3135.6
2025-06-09 23:30:00,APXMIDP,36.92,3816.15
2025-06-10 00:00:00,APXMIDP,36.77,3345.25
2025-06-10 00:30:00,APXMIDP,36.36,3585.05
2025-06-10 01:00:00,APXMIDP,35.84,3144.55
2025-06-10 01:30:00,APXMIDP,34.22,3171.4
2025-06-10 02:00:00,APXMIDP,31.1,2368.55
2025-06-10 02:30:00,APXMIDP,24.83,3079.8
2025-06-10 03:00:00,APXMIDP,19.75,2739.45
2025-06-10 03:30:00,APXMIDP,17.94,3009.9
2025-06-10 04:00:00,APXMIDP,20.34,3351.95
2025-06-10 04:30:00,APXMIDP,24.92,3568.65
2025-06-10 05:00:00,APXMIDP,28.67,3098.7
2025-06-10 05:30:00,APXMIDP,47.67,3546.0
2025-06-10 06:00:00,APXMIDP,46.95,3295.15
2025-06-10 06:30:00,APXMIDP,60.73,3215.6
2025-06-10 07:00:00,APXMIDP,59.4,3440.25
2025-06-10 07:30:00,APXMIDP,64.78,3606.65
2025-06-10 08:00:00,APXMIDP,56.35,3892.7
2025-06-10 08:30:00,APXMIDP,44.57,3979.0
2025-06-10 09:00:00,APXMIDP,40.77,3863.7
2025-06-10 09:30:00,APXMIDP,34.85,3969.2
2025-06-10 10:00:00,APXMIDP,24.35,3806.35
2025-06-10 10:30:00,APXMIDP,24.15,3872.1
2025-06-10 11:00:00,APXMIDP,25.0,4432.7
2025-06-10 11:30:00,APXMIDP,30.12,4895.7
2025-06-10 12:00:00,APXMIDP,39.33,5097.65
2025-06-10 12:30:00,APXMIDP,53.53,4888.25
2025-06-10 13:00:00,APXMIDP,62.47,4786.5
2025-06-10 13:30:00,APXMIDP,60.09,4787.5
2025-06-10 14:00:00,APXMIDP,62.4,4379.55
2025-06-10 14:30:00,APXMIDP,62.66,4445.5
2025-06-10 15:00:00,APXMIDP,64.8,4657.45
2025-06-10 15:30:00,APXMIDP,69.87,4719.8
2025-06-10 16:00:00,APXMIDP,72.92,3636.25
2025-06-10 16:30:00,APXMIDP,74.24,3747.85
2025-06-10 17:00:00,APXMIDP,81.12,3263.85
2025-06-10 17:30:00,APXMIDP,87.52,2260.9
2025-06-10 18:00:00,APXMIDP,97.4,1571.45
2025-06-10 18:30:00,APXMIDP,97.74,1453.0
2025-06-10 19:00:00,APXMIDP,99.11,1281.85
2025-06-10 19:30:00,APXMIDP,99.16,1106.4
2025-06-10 20:00:00,APXMIDP,96.67,693.0
2025-06-10 20:30:00,APXMIDP,94.27,1120.75
2025-06-10 21:00:00,APXMIDP,99.13,1700.2
2025-06-10 21:30:00,APXMIDP,88.68,1660.5
2025-06-10 22:00:00,APXMIDP,84.12,1332.3
2025-06-10 22:30:00,APXMIDP,79.19,1357.35
2025-06-10 23:00:00,APXMIDP,71.9,1142.15
2025-06-10 23:30:00,APXMIDP,72.9,1138.25
2025-06-11 00:00:00,APXMIDP,75.65,1192.75
2025-06-11 00:30:00,APXMIDP,68.29,1155.65
2025-06-11 01:00:00,APXMIDP,75.47,1344.6
2025-06-11 01:30:00,APXMIDP,76.38,1674.55
2025-06-11 02:00:00,APXMIDP,72.81,1307.3
2025-06-11 02:30:00,APXMIDP,73.48,1338.1
2025-06-11 03:00:00,APXMIDP,73.04,1499.35
2025-06-11 03:30:00,APXMIDP,77.31,1635.2
2025-06-11 04:00:00,APXMIDP,76.89,1108.0
2025-06-11 04:30:00,APXMIDP,80.63,1251.5
2025-06-11 05:00:00,APXMIDP,91.82,1556.95
2025-06-11 05:30:00,APXMIDP,98.54,2000.85
2025-06-11 06:00:00,APXMIDP,87.21,2118.0
2025-06-11 06:30:00,APXMIDP,91.38,2107.7
2025-06-11 07:00:00,APXMIDP,91.42,1674.6
2025-06-11 07:30:00,APXMIDP,85.62,1705.9
2025-06-11 08:00:00,APXMIDP,87.36,1849.65
2025-06-11 08:30:00,APXMIDP,84.56,1996.5
2025-06-11 09:00:00,APXMIDP,79.9,2053.6
2025-06-11 09:30:00,APXMIDP,76.47,1991.3
2025-06-11 10:00:00,APXMIDP,75.82,2008.7
2025-06-11 10:30:00,APXMIDP,76.24,2467.35
2025-06-11 11:00:00,APXMIDP,83.75,3041.15
2025-06-11 11:30:00,APXMIDP,82.99,3383.85
2025-06-11 12:00:00,APXMIDP,83.84,3186.9
2025-06-11 12:30:00,APXMIDP,78.66,2938.1
2025-06-11 13:00:00,APXMIDP,74.76,3071.15
2025-06-11 13:30:00,APXMIDP,72.55,2894.45
2025-06-11 14:00:00,APXMIDP,74.4,2966.65
2025-06-11 14:30:00,APXMIDP,66.66,3214.3
2025-06-11 15:00:00,APXMIDP,68.29,3039.45
2025-06-11 15:30:00,APXMIDP,71.8,2751.65
2025-06-11 16:00:00,APXMIDP,73.9,3478.7
2025-06-11 16:30:00,APXMIDP,70.11,3263.3
2025-06-11 17:00:00,APXMIDP,90.67,3212.6
2025-06-11 17:30:00,APXMIDP,91.71,2885.6
2025-06-11 18:00:00,APXMIDP,105.6,2493.3
2025-06-11 18:30:00,APXMIDP,105.71,2557.8
2025-06-11 19:00:00,APXMIDP,105.51,2432.6
2025-06-11 19:30:00,APXMIDP,103.56,2504.65
2025-06-11 20:00:00,APXMIDP,97.97,2522.35
2025-06-11 20:30:00,APXMIDP,96.15,2485.25
2025-06-11 21:00:00,APXMIDP,88.89,2743.1
2025-06-11 21:30:00,APXMIDP,83.86,3406.45
2025-06-11 22:00:00,APXMIDP,85.52,2822.05
2025-06-11 22:30:00,APXMIDP,87.98,2251.0
2025-06-11 23:00:00,APXMIDP,87.06,2826.8
2025-06-11 23:30:00,APXMIDP,85.2,2898.9
2025-06-12 00:00:00,APXMIDP,84.42,3098.35
2025-06-12 00:30:00,APXMIDP,79.75,3099.0
2025-06-12 01:00:00,APXMIDP,78.64,3318.4
2025-06-12 01:30:00,APXMIDP,71.4,3492.6
2025-06-12 02:00:00,APXMIDP,71.71,3148.2
2025-06-12 02:30:00,APXMIDP,69.65,3305.75
2025-06-12 03:00:00,APXMIDP,75.91,2577.8
2025-06-12 03:30:00,APXMIDP,79.71,2384.05
2025-06-12 04:00:00,APXMIDP,87.57,2501.25
2025-06-12 04:30:00,APXMIDP,87.05,2827.85
2025-06-12 05:00:00,APXMIDP,91.1,2951.7
2025-06-12 05:30:00,APXMIDP,95.05,3123.7
2025-06-12 06:00:00,APXMIDP,87.15,3327.5
2025-06-12 06:30:00,APXMIDP,91.7,3432.45
2025-06-12 07:00:00,APXMIDP,97.02,2510.45
2025-06-12 07:30:00,APXMIDP,96.57,2843.95
2025-06-12 08:00:00,APXMIDP,99.97,3037.35
2025-06-12 08:30:00,APXMIDP,95.85,3245.5
2025-06-12 09:00:00,APXMIDP,89.72,2825.8
2025-06-12 09:30:00,APXMIDP,84.67,3262.25
2025-06-12 10:00:00,APXMIDP,76.68,3180.45
2025-06-12 10:30:00,APXMIDP,75.08,2787.1
2025-06-12 11:00:00,APXMIDP,76.76,3118.9
2025-06-12 11:30:00,APXMIDP,77.63,3525.15
2025-06-12 12:00:00,APXMIDP,74.32,3832.0
2025-06-12 12:30:00,APXMIDP,73.97,4020.7
2025-06-12 13:00:00,APXMIDP,64.64,4455.8
2025-06-12 13:30:00,APXMIDP,59.38,4431.1
2025-06-12 14:00:00,APXMIDP,47.66,4074.75
2025-06-12 14:30:00,APXMIDP,40.58,4450.35
2025-06-12 15:00:00,APXMIDP,37.58,4344.8
2025-06-12 15:30:00,APXMIDP,36.88,4318.2
2025-06-12 16:00:00,APXMIDP,55.46,3465.35
2025-06-12 16:30:00,APXMIDP,60.97,3415.35
2025-06-12 17:00:00,APXMIDP,79.13,3405.5
2025-06-12 17:30:00,APXMIDP,81.24,3408.85
2025-06-12 18:00:00,APXMIDP,101.97,3305.85
2025-06-12 18:30:00,APXMIDP,104.78,3226.05
2025-06-12 19:00:00,APXMIDP,103.27,3413.65
2025-06-12 19:30:00,APXMIDP,101.32,3423.8
2025-06-12 20:00:00,APXMIDP,93.65,2829.35
2025-06-12 20:30:00,APXMIDP,91.37,2736.6
2025-06-12 21:00:00,APXMIDP,75.44,3476.25
2025-06-12 21:30:00,APXMIDP,74.76,3597.3
2025-06-12 22:00:00,APXMIDP,69.39,2008.55
2025-06-12 22:30:00,APXMIDP,66.76,1975.35
2025-06-12 23:00:00,APXMIDP,69.8,2075.45
2025-06-12 23:30:00,APXMIDP,67.28,1993.6
2025-06-13 00:00:00,APXMIDP,66.64,1964.7
2025-06-13 00:30:00,APXMIDP,63.34,2004.9
2025-06-13 01:00:00,APXMIDP,61.23,1956.2
2025-06-13 01:30:00,APXMIDP,59.33,1976.3
2025-06-13 02:00:00,APXMIDP,59.67,2297.2
2025-06-13 02:30:00,APXMIDP,59.5,2541.2
2025-06-13 03:00:00,APXMIDP,66.78,2556.95
2025-06-13 03:30:00,APXMIDP,67.51,2805.45
2025-06-13 04:00:00,APXMIDP,72.8,2754.7
2025-06-13 04:30:00,APXMIDP,75.91,2546.6
2025-06-13 05:00:00,APXMIDP,79.87,3068.0
2025-06-13 05:30:00,APXMIDP,84.79,3287.5
2025-06-13 06:00:00,APXMIDP,82.45,3067.25
2025-06-13 06:30:00,APXMIDP,86.76,2936.1
2025-06-13 07:00:00,APXMIDP,86.54,2674.55
2025-06-13 07:30:00,APXMIDP,84.32,3081.6
2025-06-13 08:00:00,APXMIDP,76.97,3046.05
2025-06-13 08:30:00,APXMIDP,56.09,3124.0
2025-06-13 09:00:00,APXMIDP,42.56,3228.25
2025-06-13 09:30:00,APXMIDP,38.54,3188.2
2025-06-13 10:00:00,APXMIDP,16.91,2793.05
2025-06-13 10:30:00,APXMIDP,12.01,2839.65
2025-06-13 11:00:00,APXMIDP,9.82,2665.1
2025-06-13 11:30:00,APXMIDP,8.8,2682.4
2025-06-13 12:00:00,APXMIDP,6.46,2609.1
2025-06-13 12:30:00,APXMIDP,6.22,2642.85
2025-06-13 13:00:00,APXMIDP,8.63,3514.75
2025-06-13 13:30:00,APXMIDP,15.56,3913.75
2025-06-13 14:00:00,APXMIDP,49.27,4082.35
2025-06-13 14:30:00,APXMIDP,62.29,4164.6
2025-06-13 15:00:00,APXMIDP,74.94,3732.2
2025-06-13 15:30:00,APXMIDP,77.91,4584.05
2025-06-13 16:00:00,APXMIDP,95.07,3431.7
2025-06-13 16:30:00,APXMIDP,96.97,3366.8
2025-06-13 17:00:00,APXMIDP,114.83,3006.3
2025-06-13 17:30:00,APXMIDP,118.8,3255.75
2025-06-13 18:00:00,APXMIDP,119.98,2404.2
2025-06-13 18:30:00,APXMIDP,121.24,2381.8
2025-06-13 19:00:00,APXMIDP,108.23,2541.85
2025-06-13 19:30:00,APXMIDP,104.01,2564.8
2025-06-13 20:00:00,APXMIDP,94.09,2238.0
2025-06-13 20:30:00,APXMIDP,90.94,2299.0
2025-06-13 21:00:00,APXMIDP,87.64,2406.15
2025-06-13 21:30:00,APXMIDP,80.5,2938.8
2025-06-13 22:00:00,APXMIDP,80.91,2028.2
2025-06-13 22:30:00,APXMIDP,83.99,1861.05
2025-06-13 23:00:00,APXMIDP,76.54,1692.55
2025-06-13 23:30:00,APXMIDP,78.6,1625.95
2025-06-14 00:00:00,APXMIDP,74.38,1558.8
2025-06-14 00:30:00,APXMIDP,73.17,1646.35
2025-06-14 01:00:00,APXMIDP,73.38,1784.95
2025-06-14 01:30:00,APXMIDP,72.77,1655.6
2025-06-14 02:00:00,APXMIDP,78.31,1438.4
2025-06-14 02:30:00,APXMIDP,83.75,1536.55
2025-06-14 03:00:00,APXMIDP,87.29,1571.15
2025-06-14 03:30:00,APXMIDP,86.45,1740.05
2025-06-14 04:00:00,APXMIDP,88.75,2255.0
2025-06-14 04:30:00,APXMIDP,79.84,2168.9
2025-06-14 05:00:00,APXMIDP,82.1,2234.35
2025-06-14 05:30:00,APXMIDP,79.41,2542.0
2025-06-14 06:00:00,APXMIDP,61.27,1615.5
2025-06-14 06:30:00,APXMIDP,61.44,2221.1
2025-06-14 07:00:00,APXMIDP,65.83,2281.1
2025-06-14 07:30:00,APXMIDP,77.35,2583.15
2025-06-14 08:00:00,APXMIDP,82.28,2734.85
2025-06-14 08:30:00,APXMIDP,85.94,3250.2
2025-06-14 09:00:00,APXMIDP,76.13,3148.15
2025-06-14 09:30:00,APXMIDP,44.05,2969.3
2025-06-14 10:00:00,APXMIDP,1.96,2951.4
2025-06-14 10:30:00,APXMIDP,-9.78,2955.6
2025-06-14 11:00:00,APXMIDP,-15.13,3006.45
2025-06-14 11:30:00,APXMIDP,-11.15,3337.1
2025-06-14 12:00:00,APXMIDP,-23.79,3004.8
2025-06-14 12:30:00,APXMIDP,-28.38,2710.8
2025-06-14 13:00:00,APXMIDP,-5.97,3602.0
2025-06-14 13:30:00,APXMIDP,-7.92,3745.5
2025-06-14 14:00:00,APXMIDP,-7.61,2796.15
2025-06-14 14:30:00,APXMIDP,5.25,3331.45
2025-06-14 15:00:00,APXMIDP,17.82,2868.6
2025-06-14 15:30:00,APXMIDP,32.03,3121.45
2025-06-14 16:00:00,APXMIDP,66.25,2797.7
2025-06-14 16:30:00,APXMIDP,79.11,2722.95
2025-06-14 17:00:00,APXMIDP,78.08,2665.4
2025-06-14 17:30:00,APXMIDP,85.73,2462.9
2025-06-14 18:00:00,APXMIDP,99.0,1960.25
2025-06-14 18:30:00,APXMIDP,100.96,1877.85
2025-06-14 19:00:00,APXMIDP,105.28,1969.75
2025-06-14 19:30:00,APXMIDP,107.4,2049.45
2025-06-14 20:00:00,APXMIDP,112.13,2165.5
2025-06-14 20:30:00,APXMIDP,113.87,2442.95
2025-06-14 21:00:00,APXMIDP,116.2,2697.5
2025-06-14 21:30:00,APXMIDP,114.03,2458.5
2025-06-14 22:00:00,APXMIDP,95.25,2114.0
2025-06-14 22:30:00,APXMIDP,99.63,2264.95
2025-06-14 23:00:00,APXMIDP,94.32,1958.9
2025-06-14 23:30:00,APXMIDP,90.75,1896.1
2025-06-15 00:00:00,APXMIDP,88.41,1482.6
2025-06-15 00:30:00,APXMIDP,79.5,1722.8
2025-06-15 01:00:00,APXMIDP,78.86,1937.65
2025-06-15 01:30:00,APXMIDP,77.02,1941.55
2025-06-15 02:00:00,APXMIDP,79.61,1607.1
2025-06-15 02:30:00,APXMIDP,73.0,1572.15
2025-06-15 03:00:00,APXMIDP,87.3,1663.45
2025-06-15 03:30:00,APXMIDP,86.95,1709.35
2025-06-15 04:00:00,APXMIDP,85.3,1668.25
2025-06-15 04:30:00,APXMIDP,83.22,1817.65
2025-06-15 05:00:00,APXMIDP,76.49,2130.8
2025-06-15 05:30:00,APXMIDP,85.42,2196.3
2025-06-15 06:00:00,APXMIDP,77.18,2194.05
2025-06-15 06:30:00,APXMIDP,85.93,1739.95
2025-06-15 07:00:00,APXMIDP,85.45,1814.8
2025-06-15 07:30:00,APXMIDP,84.9,1877.6
2025-06-15 08:00:00,APXMIDP,83.47,1895.25
2025-06-15 08:30:00,APXMIDP,75.55,2382.1
2025-06-15 09:00:00,APXMIDP,65.77,2578.45
2025-06-15 09:30:00,APXMIDP,66.48,2492.5
2025-06-15 10:00:00,APXMIDP,45.81,2467.5
2025-06-15 10:30:00,APXMIDP,29.02,2525.35
2025-06-15 11:00:00,APXMIDP,27.8,2471.45
2025-06-15 11:30:00,APXMIDP,24.2,2748.3
2025-06-15 12:00:00,APXMIDP,23.82,2476.95
2025-06-15 12:30:00,APXMIDP,25.23,2492.8
2025-06-15 13:00:00,APXMIDP,24.07,2419.45
2025-06-15 13:30:00,APXMIDP,24.07,2642.85
2025-06-15 14:00:00,APXMIDP,25.76,2297.65
2025-06-15 14:30:00,APXMIDP,43.29,2387.6
2025-06-15 15:00:00,APXMIDP,66.05,1921.8
2025-06-15 15:30:00,APXMIDP,91.42,1997.4
2025-06-15 16:00:00,APXMIDP,99.52,2452.7
2025-06-15 16:30:00,APXMIDP,88.47,2429.7
2025-06-15 17:00:00,APXMIDP,83.98,2835.35
2025-06-15 17:30:00,APXMIDP,86.39,3180.55
2025-06-15 18:00:00,APXMIDP,98.34,2549.2
2025-06-15 18:30:00,APXMIDP,102.99,2211.85
2025-06-15 19:00:00,APXMIDP,101.13,2363.45
2025-06-15 19:30:00,APXMIDP,99.99,2767.3
2025-06-15 20:00:00,APXMIDP,97.04,2771.9
2025-06-15 20:30:00,APXMIDP,97.14,2696.4
2025-06-15 21:00:00,APXMIDP,92.84,2186.65
2025-06-15 21:30:00,APXMIDP,82.31,2294.8
2025-06-15 22:00:00,APXMIDP,83.12,1720.9
2025-06-15 22:30:00,APXMIDP,85.08,1948.1
2025-06-15 23:00:00,APXMIDP,83.17,1467.95
2025-06-15 23:30:00,APXMIDP,73.04,1324.05
2025-06-16 00:00:00,APXMIDP,68.0,1319.05
2025-06-16 00:30:00,APXMIDP,63.59,1562.8
2025-06-16 01:00:00,APXMIDP,67.17,1971.0
2025-06-16 01:30:00,APXMIDP,67.48,1831.25
2025-06-16 02:00:00,APXMIDP,70.87,1703.6
2025-06-16 02:30:00,APXMIDP,69.03,1681.25
2025-06-16 03:00:00,APXMIDP,72.51,1777.35
2025-06-16 03:30:00,APXMIDP,78.46,2041.35
2025-06-16 04:00:00,APXMIDP,90.54,1416.7
2025-06-16 04:30:00,APXMIDP,92.28,1946.15
2025-06-16 05:00:00,APXMIDP,90.27,1899.5
2025-06-16 05:30:00,APXMIDP,100.47,1874.65
2025-06-16 06:00:00,APXMIDP,104.32,1793.1
2025-06-16 06:30:00,APXMIDP,107.06,1899.55
2025-06-16 07:00:00,APXMIDP,108.16,1611.15
2025-06-16 07:30:00,APXMIDP,105.94,1630.0
2025-06-16 08:00:00,APXMIDP,103.25,1456.85
2025-06-16 08:30:00,APXMIDP,100.04,1739.4
2025-06-16 09:00:00,APXMIDP,97.98,1661.05
2025-06-16 09:30:00,APXMIDP,95.31,1528.05
2025-06-16 10:00:00,APXMIDP,94.29,1738.9
2025-06-16 10:30:00,APXMIDP,94.16,2014.7
2025-06-16 11:00:00,APXMIDP,88.39,2105.55
2025-06-16 11:30:00,APXMIDP,87.15,2278.55
2025-06-16 12:00:00,APXMIDP,79.0,2667.8
2025-06-16 12:30:00,APXMIDP,57.35,2855.85
2025-06-16 13:00:00,APXMIDP,52.53,3392.7
2025-06-16 13:30:00,APXMIDP,55.06,3851.55
2025-06-16 14:00:00,APXMIDP,42.32,3740.4
2025-06-16 14:30:00,APXMIDP,41.69,3185.05
2025-06-16 15:00:00,APXMIDP,47.73,3719.5
2025-06-16 15:30:00,APXMIDP,49.82,3556.7
2025-06-16 16:00:00,APXMIDP,62.81,3024.5
2025-06-16 16:30:00,APXMIDP,67.29,3554.6
2025-06-16 17:00:00,APXMIDP,84.28,4005.55
2025-06-16 17:30:00,APXMIDP,87.14,4096.1
2025-06-16 18:00:00,APXMIDP,103.85,3380.2
2025-06-16 18:30:00,APXMIDP,105.89,3399.05
2025-06-16 19:00:00,APXMIDP,100.03,3131.55
2025-06-16 19:30:00,APXMIDP,99.8,3061.75
2025-06-16 20:00:00,APXMIDP,99.59,2623.55
2025-06-16 20:30:00,APXMIDP,96.8,2422.3
2025-06-16 21:00:00,APXMIDP,94.0,2797.5
2025-06-16 21:30:00,APXMIDP,90.12,3093.05
2025-06-16 22:00:00,APXMIDP,73.42,1790.75
2025-06-16 22:30:00,APXMIDP,67.38,2035.9
2025-06-16 23:00:00,APXMIDP,72.16,1766.75
2025-06-16 23:30:00,APXMIDP,62.89,2118.8
2025-06-17 00:00:00,APXMIDP,57.85,1704.95
2025-06-17 00:30:00,APXMIDP,57.44,1797.25
2025-06-17 01:00:00,APXMIDP,55.9,1988.05
2025-06-17 01:30:00,APXMIDP,54.96,2143.75
2025-06-17 02:00:00,APXMIDP,53.13,2440.9
2025-06-17 02:30:00,APXMIDP,54.92,2474.75
2025-06-17 03:00:00,APXMIDP,57.68,2568.65
2025-06-17 03:30:00,APXMIDP,58.05,2511.4
2025-06-17 04:00:00,APXMIDP,60.79,2431.9
2025-06-17 04:30:00,APXMIDP,66.85,2118.05
2025-06-17 05:00:00,APXMIDP,80.0,2359.8
2025-06-17 05:30:00,APXMIDP,87.01,2317.7
2025-06-17 06:00:00,APXMIDP,78.82,2273.85
2025-06-17 06:30:00,APXMIDP,75.95,2650.7
2025-06-17 07:00:00,APXMIDP,74.42,2557.85
2025-06-17 07:30:00,APXMIDP,64.39,2656.6
2025-06-17 08:00:00,APXMIDP,57.68,3108.45
2025-06-17 08:30:00,APXMIDP,66.0,3615.05
2025-06-17 09:00:00,APXMIDP,71.28,3766.5
2025-06-17 09:30:00,APXMIDP,73.89,4150.2
2025-06-17 10:00:00,APXMIDP,66.45,3472.95
2025-06-17 10:30:00,APXMIDP,60.63,3417.55
2025-06-17 11:00:00,APXMIDP,63.87,3769.7
2025-06-17 11:30:00,APXMIDP,57.81,3681.95
2025-06-17 12:00:00,APXMIDP,50.59,3202.75
2025-06-17 12:30:00,APXMIDP,46.64,3337.2
2025-06-17 13:00:00,APXMIDP,41.26,3578.55
2025-06-17 13:30:00,APXMIDP,37.1,3651.0
2025-06-17 14:00:00,APXMIDP,40.93,3369.65
2025-06-17 14:30:00,APXMIDP,50.0,3745.8
2025-06-17 15:00:00,APXMIDP,53.88,3668.4
2025-06-17 15:30:00,APXMIDP,55.41,3675.85
2025-06-17 16:00:00,APXMIDP,92.3,2667.6
2025-06-17 16:30:00,APXMIDP,96.42,3150.75
2025-06-17 17:00:00,APXMIDP,101.07,3213.5
2025-06-17 17:30:00,APXMIDP,99.27,3089.25
2025-06-17 18:00:00,APXMIDP,120.81,3064.75
2025-06-17 18:30:00,APXMIDP,121.54,2807.05
2025-06-17 19:00:00,APXMIDP,122.2,2622.4
2025-06-17 19:30:00,APXMIDP,122.03,2700.4
2025-06-17 20:00:00,APXMIDP,114.1,2301.4
2025-06-17 20:30:00,APXMIDP,108.99,2250.35
2025-06-17 21:00:00,APXMIDP,99.14,2085.85
2025-06-17 21:30:00,APXMIDP,96.24,2578.1
2025-06-17 22:00:00,APXMIDP,94.34,1342.9
2025-06-17 22:30:00,APXMIDP,100.25,1097.35
2025-06-17 23:00:00,APXMIDP,97.45,1443.6
2025-06-17 23:30:00,APXMIDP,98.2,1361.05
2025-06-18 00:00:00,APXMIDP,92.41,1602.7
2025-06-18 00:30:00,APXMIDP,90.67,1743.75
2025-06-18 01:00:00,APXMIDP,90.96,1755.6
2025-06-18 01:30:00,APXMIDP,92.09,1648.1
2025-06-18 02:00:00,APXMIDP,92.77,1454.7
2025-06-18 02:30:00,APXMIDP,93.02,1581.6
2025-06-18 03:00:00,APXMIDP,91.75,1483.8
2025-06-18 03:30:00,APXMIDP,92.7,1644.05
2025-06-18 04:00:00,APXMIDP,101.95,1166.4
2025-06-18 04:30:00,APXMIDP,107.98,1283.65
2025-06-18 05:00:00,APXMIDP,103.06,1619.75
2025-06-18 05:30:00,APXMIDP,107.22,1559.75
2025-06-18 06:00:00,APXMIDP,108.74,2375.25
2025-06-18 06:30:00,APXMIDP,108.75,2323.6
2025-06-18 07:00:00,APXMIDP,109.21,2314.45
2025-06-18 07:30:00,APXMIDP,109.74,2256.95
2025-06-18 08:00:00,APXMIDP,108.23,2985.8
2025-06-18 08:30:00,APXMIDP,100.14,3391.25
2025-06-18 09:00:00,APXMIDP,102.68,3372.8
2025-06-18 09:30:00,APXMIDP,98.28,4191.45
2025-06-18 10:00:00,APXMIDP,90.85,3485.2
2025-06-18 10:30:00,APXMIDP,87.15,3336.55
2025-06-18 11:00:00,APXMIDP,83.21,3318.1
2025-06-18 11:30:00,APXMIDP,80.66,3878.35
2025-06-18 12:00:00,APXMIDP,82.47,4171.8
2025-06-18 12:30:00,APXMIDP,76.58,4103.35
2025-06-18 13:00:00,APXMIDP,78.43,3530.75
2025-06-18 13:30:00,APXMIDP,80.71,3744.6
2025-06-18 14:00:00,APXMIDP,88.16,2774.15
2025-06-18 14:30:00,APXMIDP,95.47,2184.8
2025-06-18 15:00:00,APXMIDP,99.14,2574.2
2025-06-18 15:30:00,APXMIDP,95.79,3325.1
2025-06-18 16:00:00,APXMIDP,98.72,3958.2
2025-06-18 16:30:00,APXMIDP,91.21,3976.65
2025-06-18 17:00:00,APXMIDP,109.76,3106.25
2025-06-18 17:30:00,APXMIDP,112.46,3510.7
2025-06-18 18:00:00,APXMIDP,129.44,3450.9
2025-06-18 18:30:00,APXMIDP,130.9,3430.0
2025-06-18 19:00:00,APXMIDP,137.85,3317.75
2025-06-18 19:30:00,APXMIDP,137.34,3138.75
2025-06-18 20:00:00,APXMIDP,130.58,2987.05
2025-06-18 20:30:00,APXMIDP,128.14,3209.75
2025-06-18 21:00:00,APXMIDP,121.51,2931.7
2025-06-18 21:30:00,APXMIDP,112.47,2739.2
2025-06-18 22:00:00,APXMIDP,102.6,2427.7
2025-06-18 22:30:00,APXMIDP,108.09,2305.95
2025-06-18 23:00:00,APXMIDP,101.49,2375.1
2025-06-18 23:30:00,APXMIDP,98.46,2185.15
2025-06-19 00:00:00,APXMIDP,98.52,1582.0
2025-06-19 00:30:00,APXMIDP,96.61,1554.55
2025-06-19 01:00:00,APXMIDP,96.72,1478.4
2025-06-19 01:30:00,APXMIDP,94.22,1797.2
2025-06-19 02:00:00,APXMIDP,88.21,1399.9
2025-06-19 02:30:00,APXMIDP,84.38,1656.5
2025-06-19 03:00:00,APXMIDP,90.7,1671.6
2025-06-19 03:30:00,APXMIDP,88.72,1776.6
2025-06-19 04:00:00,APXMIDP,83.71,1709.1
2025-06-19 04:30:00,APXMIDP,87.95,1805.05
2025-06-19 05:00:00,APXMIDP,94.53,2123.25
2025-06-19 05:30:00,APXMIDP,105.73,2101.05
2025-06-19 06:00:00,APXMIDP,114.12,2115.15
2025-06-19 06:30:00,APXMIDP,113.64,2285.0
2025-06-19 07:00:00,APXMIDP,116.59,2113.15
2025-06-19 07:30:00,APXMIDP,113.45,2001.15
2025-06-19 08:00:00,APXMIDP,101.27,2182.15
2025-06-19 08:30:00,APXMIDP,87.07,2178.9
2025-06-19 09:00:00,APXMIDP,84.8,2167.65
2025-06-19 09:30:00,APXMIDP,89.42,2323.75
2025-06-19 10:00:00,APXMIDP,93.46,2295.55
2025-06-19 10:30:00,APXMIDP,84.84,2408.75
2025-06-19 11:00:00,APXMIDP,83.05,2255.7
2025-06-19 11:30:00,APXMIDP,83.94,2181.8
2025-06-19 12:00:00,APXMIDP,80.03,2037.6
2025-06-19 12:30:00,APXMIDP,79.37,2187.95
2025-06-19 13:00:00,APXMIDP,83.12,2187.3
2025-06-19 13:30:00,APXMIDP,86.02,3066.5
2025-06-19 14:00:00,APXMIDP,92.23,2980.05
2025-06-19 14:30:00,APXMIDP,102.56,2755.7
2025-06-19 15:00:00,APXMIDP,103.32,2407.8
2025-06-19 15:30:00,APXMIDP,101.31,2295.8
2025-06-19 16:00:00,APXMIDP,100.12,3155.2
2025-06-19 16:30:00,APXMIDP,93.98,3727.25
2025-06-19 17:00:00,APXMIDP,105.49,3389.95
2025-06-19 17:30:00,APXMIDP,111.14,3043.75
2025-06-19 18:00:00,APXMIDP,117.9,3555.3
2025-06-19 18:30:00,APXMIDP,117.62,3380.85
2025-06-19 19:00:00,APXMIDP,120.93,3230.1
2025-06-19 19:30:00,APXMIDP,119.31,3202.1
2025-06-19 20:00:00,APXMIDP,116.4,2532.95
2025-06-19 20:30:00,APXMIDP,112.65,2416.95
2025-06-19 21:00:00,APXMIDP,104.38,2446.85
2025-06-19 21:30:00,APXMIDP,102.58,2656.6
2025-06-19 22:00:00,APXMIDP,99.57,2399.5
2025-06-19 22:30:00,APXMIDP,97.31,2372.55
2025-06-19 23:00:00,APXMIDP,98.73,2043.65
2025-06-19 23:30:00,APXMIDP,99.66,1882.35
2025-06-20 00:00:00,APXMIDP,88.85,1958.4
2025-06-20 00:30:00,APXMIDP,88.3,1968.4
2025-06-20 01:00:00,APXMIDP,87.88,1995.8
2025-06-20 01:30:00,APXMIDP,91.71,2226.5
2025-06-20 02:00:00,APXMIDP,92.52,1451.2
2025-06-20 02:30:00,APXMIDP,91.63,1568.8
2025-06-20 03:00:00,APXMIDP,91.75,1446.6
2025-06-20 03:30:00,APXMIDP,92.11,1390.35
2025-06-20 04:00:00,APXMIDP,96.23,1343.1
2025-06-20 04:30:00,APXMIDP,101.2,1500.75
2025-06-20 05:00:00,APXMIDP,100.83,2173.5
2025-06-20 05:30:00,APXMIDP,116.03,2027.35
2025-06-20 06:00:00,APXMIDP,124.5,2077.25
2025-06-20 06:30:00,APXMIDP,121.61,2544.9
2025-06-20 07:00:00,APXMIDP,120.01,2389.45
2025-06-20 07:30:00,APXMIDP,121.88,2532.4
2025-06-20 08:00:00,APXMIDP,121.37,2477.15
2025-06-20 08:30:00,APXMIDP,121.92,2609.0
2025-06-20 09:00:00,APXMIDP,121.12,2828.5
2025-06-20 09:30:00,APXMIDP,121.98,3182.8
2025-06-20 10:00:00,APXMIDP,108.26,4106.35
2025-06-20 10:30:00,APXMIDP,104.47,3727.45
2025-06-20 11:00:00,APXMIDP,102.24,3786.3
2025-06-20 11:30:00,APXMIDP,97.74,4188.85
2025-06-20 12:00:00,APXMIDP,88.08,4421.4
2025-06-20 12:30:00,APXMIDP,82.92,5105.7
2025-06-20 13:00:00,APXMIDP,88.87,4999.85
2025-06-20 13:30:00,APXMIDP,83.98,5072.95
2025-06-20 14:00:00,APXMIDP,82.63,4182.4
2025-06-20 14:30:00,APXMIDP,83.95,4070.7
2025-06-20 15:00:00,APXMIDP,82.01,3975.55
2025-06-20 15:30:00,APXMIDP,85.29,4288.7
2025-06-20 16:00:00,APXMIDP,101.48,3015.15
2025-06-20 16:30:00,APXMIDP,85.33,3737.15
2025-06-20 17:00:00,APXMIDP,114.34,3096.2
2025-06-20 17:30:00,APXMIDP,113.49,3119.95
2025-06-20 18:00:00,APXMIDP,117.49,2711.55
2025-06-20 18:30:00,APXMIDP,121.06,2893.5
2025-06-20 19:00:00,APXMIDP,116.36,2645.5
2025-06-20 19:30:00,APXMIDP,115.06,2704.8
2025-06-20 20:00:00,APXMIDP,114.24,2485.05
2025-06-20 20:30:00,APXMIDP,108.24,2481.05
2025-06-20 21:00:00,APXMIDP,105.81,2004.25
2025-06-20 21:30:00,APXMIDP,99.12,2193.05
2025-06-20 22:00:00,APXMIDP,90.69,2063.15
2025-06-20 22:30:00,APXMIDP,91.18,1805.2
2025-06-20 23:00:00,APXMIDP,97.15,1747.15
2025-06-20 23:30:00,APXMIDP,93.17,1885.9
2025-06-21 00:00:00,APXMIDP,88.46,2389.55
2025-06-21 00:30:00,APXMIDP,93.99,2129.6
2025-06-21 01:00:00,APXMIDP,95.15,1730.0
2025-06-21 01:30:00,APXMIDP,92.75,1619.9
2025-06-21 02:00:00,APXMIDP,86.02,1529.75
2025-06-21 02:30:00,APXMIDP,87.71,1556.55
2025-06-21 03:00:00,APXMIDP,85.99,1542.65
2025-06-21 03:30:00,APXMIDP,85.13,1820.55
2025-06-21 04:00:00,APXMIDP,84.27,1662.2
2025-06-21 04:30:00,APXMIDP,87.96,1797.55
2025-06-21 05:00:00,APXMIDP,85.06,1673.15
2025-06-21 05:30:00,APXMIDP,84.3,1817.65
2025-06-21 06:00:00,APXMIDP,79.07,1398.65
2025-06-21 06:30:00,APXMIDP,82.94,1218.75
2025-06-21 07:00:00,APXMIDP,86.97,1621.3
2025-06-21 07:30:00,APXMIDP,85.95,1571.9
2025-06-21 08:00:00,APXMIDP,75.97,2375.45
2025-06-21 08:30:00,APXMIDP,74.46,2121.35
2025-06-21 09:00:00,APXMIDP,73.23,2339.35
2025-06-21 09:30:00,APXMIDP,70.18,2365.05
2025-06-21 10:00:00,APXMIDP,76.91,2206.25
2025-06-21 10:30:00,APXMIDP,86.12,2791.95
2025-06-21 11:00:00,APXMIDP,98.16,2825.0
2025-06-21 11:30:00,APXMIDP,98.07,3154.2
2025-06-21 12:00:00,APXMIDP,102.17,3207.55
2025-06-21 12:30:00,APXMIDP,101.97,3168.0
2025-06-21 13:00:00,APXMIDP,99.13,3043.5
2025-06-21 13:30:00,APXMIDP,97.68,3176.7
2025-06-21 14:00:00,APXMIDP,98.01,3062.65
2025-06-21 14:30:00,APXMIDP,92.19,3303.7
2025-06-21 15:00:00,APXMIDP,88.56,4515.5
2025-06-21 15:30:00,APXMIDP,87.54,4627.75
2025-06-21 16:00:00,APXMIDP,92.46,4304.95
2025-06-21 16:30:00,APXMIDP,88.0,4216.65
2025-06-21 17:00:00,APXMIDP,97.16,3960.55
2025-06-21 17:30:00,APXMIDP,99.99,3896.0
2025-06-21 18:00:00,APXMIDP,120.2,2825.4
2025-06-21 18:30:00,APXMIDP,117.89,3196.15
2025-06-21 19:00:00,APXMIDP,112.62,3077.3
2025-06-21 19:30:00,APXMIDP,112.64,2796.8
2025-06-21 20:00:00,APXMIDP,110.31,3031.8
2025-06-21 20:30:00,APXMIDP,108.96,3065.3
2025-06-21 21:00:00,APXMIDP,102.4,2930.6
2025-06-21 21:30:00,APXMIDP,103.84,3324.65
2025-06-21 22:00:00,APXMIDP,98.72,2200.4
2025-06-21 22:30:00,APXMIDP,100.68,2253.4
2025-06-21 23:00:00,APXMIDP,91.58,2386.8
2025-06-21 23:30:00,APXMIDP,80.0,2012.3
2025-06-22 00:00:00,APXMIDP,80.77,2213.0
2025-06-22 00:30:00,APXMIDP,69.16,2524.1
2025-06-22 01:00:00,APXMIDP,68.91,2480.65
2025-06-22 01:30:00,APXMIDP,54.45,2819.9
2025-06-22 02:00:00,APXMIDP,40.75,2339.5
2025-06-22 02:30:00,APXMIDP,25.72,2713.0
2025-06-22 03:00:00,APXMIDP,14.36,2605.5
2025-06-22 03:30:00,APXMIDP,8.84,2554.55
2025-06-22 04:00:00,APXMIDP,6.23,2479.7
2025-06-22 04:30:00,APXMIDP,0.63,2605.3
2025-06-22 05:00:00,APXMIDP,-5.56,2404.6
2025-06-22 05:30:00,APXMIDP,-8.0,2500.2
2025-06-22 06:00:00,APXMIDP,-22.37,2573.7
2025-06-22 06:30:00,APXMIDP,-24.45,2813.4
2025-06-22 07:00:00,APXMIDP,-23.96,3281.05
2025-06-22 07:30:00,APXMIDP,-23.19,3218.5
2025-06-22 08:00:00,APXMIDP,-39.61,3104.85
2025-06-22 08:30:00,APXMIDP,-39.43,3154.55
2025-06-22 09:00:00,APXMIDP,-42.66,3095.7
2025-06-22 09:30:00,APXMIDP,-47.6,3366.75
2025-06-22 10:00:00,APXMIDP,-53.26,3040.2
2025-06-22 10:30:00,APXMIDP,-55.47,2994.0
2025-06-22 11:00:00,APXMIDP,-55.96,3640.8
2025-06-22 11:30:00,APXMIDP,-55.78,3784.5
2025-06-22 12:00:00,APXMIDP,-49.47,3632.1
2025-06-22 12:30:00,APXMIDP,-37.96,3733.1
2025-06-22 13:00:00,APXMIDP,-38.36,4342.65
2025-06-22 13:30:00,APXMIDP,-35.86,4010.95
2025-06-22 14:00:00,APXMIDP,-6.23,3433.55
2025-06-22 14:30:00,APXMIDP,-7.63,3295.05
2025-06-22 15:00:00,APXMIDP,-17.78,2932.1
2025-06-22 15:30:00,APXMIDP,-9.74,3221.55
2025-06-22 16:00:00,APXMIDP,1.84,3298.45
2025-06-22 16:30:00,APXMIDP,25.75,3625.05
2025-06-22 17:00:00,APXMIDP,35.22,3832.5
2025-06-22 17:30:00,APXMIDP,41.43,3380.75
2025-06-22 18:00:00,APXMIDP,64.6,2980.4
2025-06-22 18:30:00,APXMIDP,69.66,3105.95
2025-06-22 19:00:00,APXMIDP,81.91,3296.4
2025-06-22 19:30:00,APXMIDP,86.06,3046.85
2025-06-22 20:00:00,APXMIDP,94.88,2051.35
2025-06-22 20:30:00,APXMIDP,98.54,2150.2
2025-06-22 21:00:00,APXMIDP,93.01,2463.55
2025-06-22 21:30:00,APXMIDP,75.97,2666.55
2025-06-22 22:00:00,APXMIDP,58.11,2733.15
2025-06-22 22:30:00,APXMIDP,47.6,3068.4
2025-06-22 23:00:00,APXMIDP,35.88,2746.85
2025-06-22 23:30:00,APXMIDP,23.98,2790.5
2025-06-23 00:00:00,APXMIDP,23.29,2877.05
2025-06-23 00:30:00,APXMIDP,20.67,2771.25
2025-06-23 01:00:00,APXMIDP,22.17,2687.1
2025-06-23 01:30:00,APXMIDP,24.14,2763.75
2025-06-23 02:00:00,APXMIDP,25.18,1928.75
2025-06-23 02:30:00,APXMIDP,28.6,2044.15
2025-06-23 03:00:00,APXMIDP,29.83,2084.6
2025-06-23 03:30:00,APXMIDP,32.86,2450.3
2025-06-23 04:00:00,APXMIDP,39.45,2322.4
2025-06-23 04:30:00,APXMIDP,39.88,2102.85
2025-06-23 05:00:00,APXMIDP,45.78,3077.1
2025-06-23 05:30:00,APXMIDP,55.1,2729.35
2025-06-23 06:00:00,APXMIDP,54.29,2574.05
2025-06-23 06:30:00,APXMIDP,52.74,3082.5
2025-06-23 07:00:00,APXMIDP,19.78,2652.45
2025-06-23 07:30:00,APXMIDP,12.57,2509.9
2025-06-23 08:00:00,APXMIDP,5.88,2763.35
2025-06-23 08:30:00,APXMIDP,7.96,3313.05
2025-06-23 09:00:00,APXMIDP,13.2,3610.4
2025-06-23 09:30:00,APXMIDP,24.25,3948.25
2025-06-23 10:00:00,APXMIDP,3.67,3913.65
2025-06-23 10:30:00,APXMIDP,5.68,4048.8
2025-06-23 11:00:00,APXMIDP,2.58,3349.0
2025-06-23 11:30:00,APXMIDP,-3.42,3333.0
2025-06-23 12:00:00,APXMIDP,-6.94,3119.05
2025-06-23 12:30:00,APXMIDP,-8.72,3243.05
2025-06-23 13:00:00,APXMIDP,12.94,4342.05
2025-06-23 13:30:00,APXMIDP,9.29,4632.05
2025-06-23 14:00:00,APXMIDP,12.59,2901.8
2025-06-23 14:30:00,APXMIDP,10.69,3093.15
2025-06-23 15:00:00,APXMIDP,8.55,2865.4
2025-06-23 15:30:00,APXMIDP,17.09,3008.05
2025-06-23 16:00:00,APXMIDP,12.09,2484.1
2025-06-23 16:30:00,APXMIDP,19.77,2492.9
2025-06-23 17:00:00,APXMIDP,42.55,2783.9
2025-06-23 17:30:00,APXMIDP,67.75,3005.95
2025-06-23 18:00:00,APXMIDP,97.72,2775.15
2025-06-23 18:30:00,APXMIDP,100.66,3045.5
2025-06-23 19:00:00,APXMIDP,98.96,2520.3
2025-06-23 19:30:00,APXMIDP,98.44,2516.2
2025-06-23 20:00:00,APXMIDP,97.98,1919.95
2025-06-23 20:30:00,APXMIDP,95.12,1902.55
2025-06-23 21:00:00,APXMIDP,86.49,2284.1
2025-06-23 21:30:00,APXMIDP,78.97,2320.2
2025-06-23 22:00:00,APXMIDP,82.93,2135.1
2025-06-23 22:30:00,APXMIDP,62.82,2065.8
2025-06-23 23:00:00,APXMIDP,56.87,1883.05
2025-06-23 23:30:00,APXMIDP,49.66,1803.65
2025-06-24 00:00:00,APXMIDP,49.62,2374.85
2025-06-24 00:30:00,APXMIDP,46.82,2426.05
2025-06-24 01:00:00,APXMIDP,36.49,2474.75
2025-06-24 01:30:00,APXMIDP,30.68,2736.05
2025-06-24 02:00:00,APXMIDP,22.28,2252.7
2025-06-24 02:30:00,APXMIDP,31.28,2873.75
2025-06-24 03:00:00,APXMIDP,26.9,3647.8
2025-06-24 03:30:00,APXMIDP,32.5,3366.25
2025-06-24 04:00:00,APXMIDP,56.06,2665.7
2025-06-24 04:30:00,APXMIDP,59.34,3122.0
2025-06-24 05:00:00,APXMIDP,59.91,2937.3
2025-06-24 05:30:00,APXMIDP,72.33,3151.15
2025-06-24 06:00:00,APXMIDP,67.96,3168.0
2025-06-24 06:30:00,APXMIDP,73.12,3317.55
2025-06-24 07:00:00,APXMIDP,75.03,2824.5
2025-06-24 07:30:00,APXMIDP,83.35,2935.8
2025-06-24 08:00:00,APXMIDP,87.13,2931.7
2025-06-24 08:30:00,APXMIDP,88.46,3319.4
2025-06-24 09:00:00,APXMIDP,86.79,3030.0
2025-06-24 09:30:00,APXMIDP,78.55,3345.8
2025-06-24 10:00:00,APXMIDP,58.35,4355.1
2025-06-24 10:30:00,APXMIDP,37.18,4496.7
2025-06-24 11:00:00,APXMIDP,31.85,4885.0
2025-06-24 11:30:00,APXMIDP,24.75,4860.5
2025-06-24 12:00:00,APXMIDP,11.25,5402.25
2025-06-24 12:30:00,APXMIDP,7.19,5174.8
2025-06-24 13:00:00,APXMIDP,13.8,5482.35
2025-06-24 13:30:00,APXMIDP,26.07,6065.5
2025-06-24 14:00:00,APXMIDP,-0.7,3941.5
2025-06-24 14:30:00,APXMIDP,12.41,4740.95
2025-06-24 15:00:00,APXMIDP,18.69,3669.4
2025-06-24 15:30:00,APXMIDP,56.91,4237.25
2025-06-24 16:00:00,APXMIDP,75.09,3716.35
2025-06-24 16:30:00,APXMIDP,86.59,3327.35
2025-06-24 17:00:00,APXMIDP,82.3,4054.45
2025-06-24 17:30:00,APXMIDP,84.19,4303.95
2025-06-24 18:00:00,APXMIDP,90.88,3958.6
2025-06-24 18:30:00,APXMIDP,103.32,3902.7
2025-06-24 19:00:00,APXMIDP,107.31,3231.45
2025-06-24 19:30:00,APXMIDP,108.63,3424.0
2025-06-24 20:00:00,APXMIDP,105.8,3013.1
2025-06-24 20:30:00,APXMIDP,104.36,2854.95
2025-06-24 21:00:00,APXMIDP,97.17,2481.1
2025-06-24 21:30:00,APXMIDP,86.99,2843.2
2025-06-24 22:00:00,APXMIDP,74.97,1869.2
2025-06-24 22:30:00,APXMIDP,72.58,1757.95
2025-06-24 23:00:00,APXMIDP,81.46,2015.95
2025-06-24 23:30:00,APXMIDP,88.43,1891.35
2025-06-25 00:00:00,APXMIDP,90.75,1794.3
2025-06-25 00:30:00,APXMIDP,94.3,1857.25
2025-06-25 01:00:00,APXMIDP,93.33,2316.8
2025-06-25 01:30:00,APXMIDP,87.85,2969.45
2025-06-25 02:00:00,APXMIDP,91.11,3299.1
2025-06-25 02:30:00,APXMIDP,84.79,3657.3
2025-06-25 03:00:00,APXMIDP,97.42,3851.85
2025-06-25 03:30:00,APXMIDP,95.47,4254.95
2025-06-25 04:00:00,APXMIDP,103.64,4783.95
2025-06-25 04:30:00,APXMIDP,102.76,4514.3
2025-06-25 05:00:00,APXMIDP,105.68,3601.4
2025-06-25 05:30:00,APXMIDP,111.29,3715.85
2025-06-25 06:00:00,APXMIDP,112.52,3707.1
2025-06-25 06:30:00,APXMIDP,112.91,3962.35
2025-06-25 07:00:00,APXMIDP,104.5,3654.6
2025-06-25 07:30:00,APXMIDP,104.81,4021.4
2025-06-25 08:00:00,APXMIDP,98.5,3315.05
2025-06-25 08:30:00,APXMIDP,91.59,3507.6
2025-06-25 09:00:00,APXMIDP,94.07,3318.35
2025-06-25 09:30:00,APXMIDP,94.71,3108.55
2025-06-25 10:00:00,APXMIDP,85.53,3190.55
2025-06-25 10:30:00,APXMIDP,86.2,2995.9
2025-06-25 11:00:00,APXMIDP,82.58,2835.1
2025-06-25 11:30:00,APXMIDP,77.7,2788.55
2025-06-25 12:00:00,APXMIDP,72.31,3099.85
2025-06-25 12:30:00,APXMIDP,74.78,3128.2
2025-06-25 13:00:00,APXMIDP,74.13,3179.55
2025-06-25 13:30:00,APXMIDP,70.2,3531.7
2025-06-25 14:00:00,APXMIDP,77.11,3631.9
2025-06-25 14:30:00,APXMIDP,78.55,4063.3
2025-06-25 15:00:00,APXMIDP,99.66,4623.95
2025-06-25 15:30:00,APXMIDP,100.96,4977.4
2025-06-25 16:00:00,APXMIDP,119.2,5230.2
2025-06-25 16:30:00,APXMIDP,117.36,4869.1
2025-06-25 17:00:00,APXMIDP,144.24,4635.5
2025-06-25 17:30:00,APXMIDP,146.58,4475.75
2025-06-25 18:00:00,APXMIDP,162.68,4454.6
2025-06-25 18:30:00,APXMIDP,161.46,5066.1
2025-06-25 19:00:00,APXMIDP,168.88,5677.6
2025-06-25 19:30:00,APXMIDP,150.92,6167.05
2025-06-25 20:00:00,APXMIDP,114.52,3851.55
2025-06-25 20:30:00,APXMIDP,110.18,3884.85
2025-06-25 21:00:00,APXMIDP,100.49,4346.85
2025-06-25 21:30:00,APXMIDP,95.79,4372.4
2025-06-25 22:00:00,APXMIDP,79.46,3627.4
2025-06-25 22:30:00,APXMIDP,84.22,3843.75
2025-06-25 23:00:00,APXMIDP,81.82,2597.95
2025-06-25 23:30:00,APXMIDP,78.94,3024.95
2025-06-26 00:00:00,APXMIDP,78.91,3155.95
2025-06-26 00:30:00,APXMIDP,79.1,3474.5
2025-06-26 01:00:00,APXMIDP,71.07,2651.45
2025-06-26 01:30:00,APXMIDP,73.69,2983.25
2025-06-26 02:00:00,APXMIDP,73.47,2332.95
2025-06-26 02:30:00,APXMIDP,71.18,2410.45
2025-06-26 03:00:00,APXMIDP,67.02,2196.05
2025-06-26 03:30:00,APXMIDP,68.12,2545.15
2025-06-26 04:00:00,APXMIDP,71.05,2771.85
2025-06-26 04:30:00,APXMIDP,70.83,2315.4
2025-06-26 05:00:00,APXMIDP,81.16,2882.05
2025-06-26 05:30:00,APXMIDP,87.99,3408.2
2025-06-26 06:00:00,APXMIDP,82.78,3067.3
2025-06-26 06:30:00,APXMIDP,95.22,3058.55
2025-06-26 07:00:00,APXMIDP,93.16,3129.2
2025-06-26 07:30:00,APXMIDP,90.9,3137.7
2025-06-26 08:00:00,APXMIDP,70.71,3464.7
2025-06-26 08:30:00,APXMIDP,72.39,3279.35
2025-06-26 09:00:00,APXMIDP,72.51,3667.8
2025-06-26 09:30:00,APXMIDP,66.65,4639.0
2025-06-26 10:00:00,APXMIDP,45.89,5053.3
2025-06-26 10:30:00,APXMIDP,31.52,5315.1
2025-06-26 11:00:00,APXMIDP,23.23,5599.9
2025-06-26 11:30:00,APXMIDP,19.23,5333.55
2025-06-26 12:00:00,APXMIDP,2.19,4548.45
2025-06-26 12:30:00,APXMIDP,-2.18,4333.9
2025-06-26 13:00:00,APXMIDP,-4.05,4391.65
2025-06-26 13:30:00,APXMIDP,-7.57,4442.2
2025-06-26 14:00:00,APXMIDP,-16.53,4266.4
2025-06-26 14:30:00,APXMIDP,-7.95,4647.75
2025-06-26 15:00:00,APXMIDP,0.62,3883.45
2025-06-26 15:30:00,APXMIDP,20.18,4886.7
2025-06-26 16:00:00,APXMIDP,40.66,3851.6
2025-06-26 16:30:00,APXMIDP,59.84,3648.5
2025-06-26 17:00:00,APXMIDP,53.13,3587.1
2025-06-26 17:30:00,APXMIDP,55.58,3912.85
2025-06-26 18:00:00,APXMIDP,69.09,3566.65
2025-06-26 18:30:00,APXMIDP,78.96,3136.7
2025-06-26 19:00:00,APXMIDP,79.33,3485.25
2025-06-26 19:30:00,APXMIDP,81.72,3248.3
2025-06-26 20:00:00,APXMIDP,89.76,3061.6
2025-06-26 20:30:00,APXMIDP,90.27,3244.65
2025-06-26 21:00:00,APXMIDP,89.78,3247.9
2025-06-26 21:30:00,APXMIDP,89.4,2946.3
2025-06-26 22:00:00,APXMIDP,93.17,2512.45
2025-06-26 22:30:00,APXMIDP,85.04,3407.9
2025-06-26 23:00:00,APXMIDP,88.24,2583.9
2025-06-26 23:30:00,APXMIDP,88.44,2362.7
2025-06-27 00:00:00,APXMIDP,83.03,2146.4
2025-06-27 00:30:00,APXMIDP,83.23,2172.3
2025-06-27 01:00:00,APXMIDP,86.18,2368.55
2025-06-27 01:30:00,APXMIDP,71.94,3193.2
2025-06-27 02:00:00,APXMIDP,69.1,2648.65
2025-06-27 02:30:00,APXMIDP,68.22,2059.15
2025-06-27 03:00:00,APXMIDP,74.65,1534.7
2025-06-27 03:30:00,APXMIDP,73.17,1375.9
2025-06-27 04:00:00,APXMIDP,78.45,766.1
2025-06-27 04:30:00,APXMIDP,78.23,737.75
2025-06-27 05:00:00,APXMIDP,80.39,595.0
2025-06-27 05:30:00,APXMIDP,78.5,547.4
2025-06-27 06:00:00,APXMIDP,87.68,133.1
2025-06-27 06:30:00,APXMIDP,87.68,133.1
2025-06-27 07:00:00,APXMIDP,87.68,133.1
2025-06-27 07:30:00,APXMIDP,87.68,133.1
2025-06-27 08:00:00,APXMIDP,0.0,0.0
2025-06-27 08:30:00,APXMIDP,0.0,0.0
2025-06-27 09:00:00,APXMIDP,83.74,26.15
2025-06-27 09:30:00,APXMIDP,83.62,34.55
2025-06-27 10:00:00,APXMIDP,0.0,0.0
2025-06-27 10:30:00,APXMIDP,38.01,45.7
2025-06-27 11:00:00,APXMIDP,43.27,136.25
2025-06-27 11:30:00,APXMIDP,35.13,424.65
2025-06-27 12:00:00,APXMIDP,28.77,458.15
2025-06-27 12:30:00,APXMIDP,20.58,871.65
2025-06-27 13:00:00,APXMIDP,19.02,1026.6
2025-06-27 13:30:00,APXMIDP,10.11,1599.7
2025-06-27 14:00:00,APXMIDP,13.25,860.45
2025-06-27 14:30:00,APXMIDP,16.61,1286.85
2025-06-27 15:00:00,APXMIDP,34.92,1434.7
2025-06-27 15:30:00,APXMIDP,44.62,2085.8
2025-06-27 16:00:00,APXMIDP,63.92,1867.1
2025-06-27 16:30:00,APXMIDP,60.81,2427.9
2025-06-27 17:00:00,APXMIDP,72.99,2826.25
2025-06-27 17:30:00,APXMIDP,78.55,3382.85
2025-06-27 18:00:00,APXMIDP,93.1,3058.35
2025-06-27 18:30:00,APXMIDP,92.54,3199.55
2025-06-27 19:00:00,APXMIDP,95.34,3203.25
2025-06-27 19:30:00,APXMIDP,90.68,3674.5
2025-06-27 20:00:00,APXMIDP,76.21,3123.4
2025-06-27 20:30:00,APXMIDP,68.5,2805.5
2025-06-27 21:00:00,APXMIDP,51.9,3011.05
2025-06-27 21:30:00,APXMIDP,49.06,3406.05
2025-06-27 22:00:00,APXMIDP,26.61,3000.65
2025-06-27 22:30:00,APXMIDP,15.28,2511.1
2025-06-27 23:00:00,APXMIDP,18.6,2317.15
2025-06-27 23:30:00,APXMIDP,11.73,1874.15
2025-06-28 00:00:00,APXMIDP,4.17,1772.5
2025-06-28 00:30:00,APXMIDP,5.06,1933.65
2025-06-28 01:00:00,APXMIDP,5.16,1890.95
2025-06-28 01:30:00,APXMIDP,1.27,1806.7
2025-06-28 02:00:00,APXMIDP,-4.61,1688.75
2025-06-28 02:30:00,APXMIDP,-2.03,1763.6
2025-06-28 03:00:00,APXMIDP,-2.0,1681.65
2025-06-28 03:30:00,APXMIDP,-0.53,1808.75
2025-06-28 04:00:00,APXMIDP,0.34,1812.4
2025-06-28 04:30:00,APXMIDP,1.79,1537.6
2025-06-28 05:00:00,APXMIDP,7.61,2104.1
2025-06-28 05:30:00,APXMIDP,7.66,2051.1
2025-06-28 06:00:00,APXMIDP,2.88,2156.45
2025-06-28 06:30:00,APXMIDP,2.51,2585.8
2025-06-28 07:00:00,APXMIDP,-12.52,2319.3
2025-06-28 07:30:00,APXMIDP,-10.07,2071.25
2025-06-28 08:00:00,APXMIDP,-12.59,2461.3
2025-06-28 08:30:00,APXMIDP,-14.01,2767.85
2025-06-28 09:00:00,APXMIDP,-12.38,3012.4
2025-06-28 09:30:00,APXMIDP,-15.28,2865.65
2025-06-28 10:00:00,APXMIDP,-17.0,3144.55
2025-06-28 10:30:00,APXMIDP,-20.47,2926.75
2025-06-28 11:00:00,APXMIDP,-23.92,3038.15
2025-06-28 11:30:00,APXMIDP,-26.26,3083.35
2025-06-28 12:00:00,APXMIDP,-30.86,3161.1
2025-06-28 12:30:00,APXMIDP,-33.59,3183.5
2025-06-28 13:00:00,APXMIDP,-36.32,2743.05
2025-06-28 13:30:00,APXMIDP,-38.38,2867.25
2025-06-28 14:00:00,APXMIDP,-43.6,2957.8
2025-06-28 14:30:00,APXMIDP,-45.13,2875.45
2025-06-28 15:00:00,APXMIDP,-50.65,3305.95
2025-06-28 15:30:00,APXMIDP,-38.46,3369.65
2025-06-28 16:00:00,APXMIDP,-20.52,3046.15
2025-06-28 16:30:00,APXMIDP,0.17,3762.95
2025-06-28 17:00:00,APXMIDP,50.04,3669.2
2025-06-28 17:30:00,APXMIDP,52.61,2869.8
2025-06-28 18:00:00,APXMIDP,83.04,1806.15
2025-06-28 18:30:00,APXMIDP,84.44,1601.75
2025-06-28 19:00:00,APXMIDP,86.55,1382.7
2025-06-28 19:30:00,APXMIDP,86.51,1288.45
2025-06-28 20:00:00,APXMIDP,87.34,1237.15
2025-06-28 20:30:00,APXMIDP,88.33,1147.45
2025-06-28 21:00:00,APXMIDP,84.63,1018.2
2025-06-28 21:30:00,APXMIDP,83.69,1096.0
2025-06-28 22:00:00,APXMIDP,0.0,0.0
2025-06-28 22:30:00,APXMIDP,0.0,0.0
2025-06-28 23:00:00,APXMIDP,0.0,0.0
2025-06-28 23:30:00,APXMIDP,0.0,0.0
2025-06-29 00:00:00,APXMIDP,0.0,0.0
2025-06-29 00:30:00,APXMIDP,0.0,0.0
2025-06-29 01:00:00,APXMIDP,0.0,0.0
2025-06-29 01:30:00,APXMIDP,8.78,474.75
2025-06-29 02:00:00,APXMIDP,55.77,1923.0
2025-06-29 02:30:00,APXMIDP,63.12,1851.75
2025-06-29 03:00:00,APXMIDP,46.4,1869.6
2025-06-29 03:30:00,APXMIDP,47.69,1957.8
2025-06-29 04:00:00,APXMIDP,49.95,2214.0
2025-06-29 04:30:00,APXMIDP,46.5,2238.45
2025-06-29 05:00:00,APXMIDP,33.09,2518.25
2025-06-29 05:30:00,APXMIDP,34.4,2376.45
2025-06-29 06:00:00,APXMIDP,8.27,2468.65
2025-06-29 06:30:00,APXMIDP,13.4,2513.7
2025-06-29 07:00:00,APXMIDP,7.35,2492.9
2025-06-29 07:30:00,APXMIDP,17.89,2833.05
2025-06-29 08:00:00,APXMIDP,35.46,2846.35
2025-06-29 08:30:00,APXMIDP,47.65,2685.35
2025-06-29 09:00:00,APXMIDP,58.1,2226.8
2025-06-29 09:30:00,APXMIDP,68.79,2215.3
2025-06-29 10:00:00,APXMIDP,97.49,2190.55
2025-06-29 10:30:00,APXMIDP,95.77,2215.25
2025-06-29 11:00:00,APXMIDP,95.37,2016.45
2025-06-29 11:30:00,APXMIDP,93.96,1703.45
2025-06-29 12:00:00,APXMIDP,97.03,1702.0
2025-06-29 12:30:00,APXMIDP,96.75,1649.8
2025-06-29 13:00:00,APXMIDP,94.41,1841.45
2025-06-29 13:30:00,APXMIDP,90.98,1974.95
2025-06-29 14:00:00,APXMIDP,81.29,2155.75
2025-06-29 14:30:00,APXMIDP,81.23,2365.6
2025-06-29 15:00:00,APXMIDP,78.8,2306.65
2025-06-29 15:30:00,APXMIDP,83.2,2380.1
2025-06-29 16:00:00,APXMIDP,80.21,2024.25
2025-06-29 16:30:00,APXMIDP,73.71,2265.1
2025-06-29 17:00:00,APXMIDP,79.67,2332.55
2025-06-29 17:30:00,APXMIDP,81.02,2718.3
2025-06-29 18:00:00,APXMIDP,93.05,2741.8
2025-06-29 18:30:00,APXMIDP,95.53,2752.15
2025-06-29 19:00:00,APXMIDP,99.29,3109.65
2025-06-29 19:30:00,APXMIDP,99.29,3214.9
2025-06-29 20:00:00,APXMIDP,98.85,2253.6
2025-06-29 20:30:00,APXMIDP,100.26,1968.8
2025-06-29 21:00:00,APXMIDP,98.68,1811.95
2025-06-29 21:30:00,APXMIDP,89.02,2751.65
2025-06-29 22:00:00,APXMIDP,79.8,1596.9
2025-06-29 22:30:00,APXMIDP,84.47,1573.85
2025-06-29 23:00:00,APXMIDP,87.91,1126.4
2025-06-29 23:30:00,APXMIDP,85.49,1325.85
2025-06-30 00:00:00,APXMIDP,75.25,1316.8
2025-06-30 00:30:00,APXMIDP,70.27,1497.3
2025-06-30 01:00:00,APXMIDP,68.74,1379.7
2025-06-30 01:30:00,APXMIDP,65.14,2187.85
2025-06-30 02:00:00,APXMIDP,71.73,1668.1
2025-06-30 02:30:00,APXMIDP,64.21,1584.3
2025-06-30 03:00:00,APXMIDP,61.0,1791.1
2025-06-30 03:30:00,APXMIDP,63.68,1931.9
2025-06-30 04:00:00,APXMIDP,75.44,1692.0
2025-06-30 04:30:00,APXMIDP,79.91,1731.1
2025-06-30 05:00:00,APXMIDP,87.29,2079.55
2025-06-30 05:30:00,APXMIDP,92.25,2103.0
2025-06-30 06:00:00,APXMIDP,82.21,2246.5
2025-06-30 06:30:00,APXMIDP,88.11,2287.05
2025-06-30 07:00:00,APXMIDP,75.95,2045.35
2025-06-30 07:30:00,APXMIDP,75.33,2562.9
2025-06-30 08:00:00,APXMIDP,75.27,2286.3
2025-06-30 08:30:00,APXMIDP,80.32,2324.6
2025-06-30 09:00:00,APXMIDP,74.57,2321.7
2025-06-30 09:30:00,APXMIDP,72.02,1923.0
2025-06-30 10:00:00,APXMIDP,69.12,2114.1
2025-06-30 10:30:00,APXMIDP,65.65,2663.15
2025-06-30 11:00:00,APXMIDP,68.66,2616.9
2025-06-30 11:30:00,APXMIDP,67.32,2367.55
2025-06-30 12:00:00,APXMIDP,70.11,2512.1
2025-06-30 12:30:00,APXMIDP,74.54,3042.3
2025-06-30 13:00:00,APXMIDP,78.48,3306.4
2025-06-30 13:30:00,APXMIDP,76.11,3549.95
2025-06-30 14:00:00,APXMIDP,88.77,3562.35
2025-06-30 14:30:00,APXMIDP,86.54,3484.95
2025-06-30 15:00:00,APXMIDP,95.66,3565.5
2025-06-30 15:30:00,APXMIDP,85.37,4442.4
2025-06-30 16:00:00,APXMIDP,143.43,5298.4
2025-06-30 16:30:00,APXMIDP,145.87,5580.4
2025-06-30 17:00:00,APXMIDP,170.36,6670.65
2025-06-30 17:30:00,APXMIDP,184.55,7473.6
2025-06-30 18:00:00,APXMIDP,208.36,6365.05
2025-06-30 18:30:00,APXMIDP,205.45,6431.7
2025-06-30 19:00:00,APXMIDP,190.86,5843.1
2025-06-30 19:30:00,APXMIDP,165.05,6479.3
2025-06-30 20:00:00,APXMIDP,132.64,3810.25
2025-06-30 20:30:00,APXMIDP,119.17,4333.8
2025-06-30 21:00:00,APXMIDP,115.74,4309.2
2025-06-30 21:30:00,APXMIDP,108.66,4243.35
2025-06-30 22:00:00,APXMIDP,99.11,2253.7
2025-06-30 22:30:00,APXMIDP,96.11,1831.2
2025-06-30 23:00:00,APXMIDP,92.1,2072.45
2025-06-30 23:30:00,APXMIDP,91.43,2341.7
2025-07-01 00:00:00,APXMIDP,80.01,2141.0
2025-07-01 00:30:00,APXMIDP,77.31,2676.9
2025-07-01 01:00:00,APXMIDP,72.36,2756.45
2025-07-01 01:30:00,APXMIDP,70.26,2837.55
2025-07-01 02:00:00,APXMIDP,73.18,2412.85
2025-07-01 02:30:00,APXMIDP,78.7,2946.55
2025-07-01 03:00:00,APXMIDP,73.3,3262.9
2025-07-01 03:30:00,APXMIDP,74.62,3237.5
2025-07-01 04:00:00,APXMIDP,96.12,2334.4
2025-07-01 04:30:00,APXMIDP,100.06,2447.45
2025-07-01 05:00:00,APXMIDP,103.55,2642.55
2025-07-01 05:30:00,APXMIDP,114.69,2965.75
2025-07-01 06:00:00,APXMIDP,89.63,2859.0
2025-07-01 06:30:00,APXMIDP,95.18,3445.8
2025-07-01 07:00:00,APXMIDP,93.97,2745.1
2025-07-01 07:30:00,APXMIDP,86.71,2924.9
2025-07-01 08:00:00,APXMIDP,69.53,2990.2
2025-07-01 08:30:00,APXMIDP,73.11,3690.85
2025-07-01 09:00:00,APXMIDP,73.92,3525.2
2025-07-01 09:30:00,APXMIDP,76.73,3720.05
2025-07-01 10:00:00,APXMIDP,72.73,3374.15
2025-07-01 10:30:00,APXMIDP,70.72,3123.65
2025-07-01 11:00:00,APXMIDP,70.35,3351.45
2025-07-01 11:30:00,APXMIDP,68.75,3242.15
2025-07-01 12:00:00,APXMIDP,69.77,3779.0
2025-07-01 12:30:00,APXMIDP,69.33,3890.9
2025-07-01 13:00:00,APXMIDP,71.8,3943.45
2025-07-01 13:30:00,APXMIDP,68.44,4085.6
2025-07-01 14:00:00,APXMIDP,85.67,3824.5
2025-07-01 14:30:00,APXMIDP,81.95,3422.95
2025-07-01 15:00:00,APXMIDP,92.47,3821.4
2025-07-01 15:30:00,APXMIDP,89.41,3955.2
2025-07-01 16:00:00,APXMIDP,146.54,4366.0
2025-07-01 16:30:00,APXMIDP,138.93,5274.5
2025-07-01 17:00:00,APXMIDP,217.96,5554.85
2025-07-01 17:30:00,APXMIDP,218.31,5621.75
2025-07-01 18:00:00,APXMIDP,230.86,4903.8
2025-07-01 18:30:00,APXMIDP,225.82,5339.85
2025-07-01 19:00:00,APXMIDP,204.05,5754.1
2025-07-01 19:30:00,APXMIDP,201.25,5032.75
2025-07-01 20:00:00,APXMIDP,147.93,4636.25
2025-07-01 20:30:00,APXMIDP,146.36,3767.05
2025-07-01 21:00:00,APXMIDP,120.82,3068.8
2025-07-01 21:30:00,APXMIDP,112.92,3531.45
2025-07-01 22:00:00,APXMIDP,85.36,1880.8
2025-07-01 22:30:00,APXMIDP,85.3,1680.55
2025-07-01 23:00:00,APXMIDP,110.7,2362.5
2025-07-01 23:30:00,APXMIDP,97.57,2730.1
2025-07-02 00:00:00,APXMIDP,90.43,1994.45
2025-07-02 00:30:00,APXMIDP,85.95,2116.25
2025-07-02 01:00:00,APXMIDP,79.35,2177.95
2025-07-02 01:30:00,APXMIDP,77.06,2702.85
2025-07-02 02:00:00,APXMIDP,73.49,1625.25
2025-07-02 02:30:00,APXMIDP,70.44,2061.45
2025-07-02 03:00:00,APXMIDP,69.69,2045.7
2025-07-02 03:30:00,APXMIDP,68.86,2193.5
2025-07-02 04:00:00,APXMIDP,71.57,1851.65
2025-07-02 04:30:00,APXMIDP,75.08,1557.05
2025-07-02 05:00:00,APXMIDP,80.51,2238.4
2025-07-02 05:30:00,APXMIDP,90.38,2584.65
2025-07-02 06:00:00,APXMIDP,86.61,2473.35
2025-07-02 06:30:00,APXMIDP,88.76,2599.75
2025-07-02 07:00:00,APXMIDP,78.27,2064.05
2025-07-02 07:30:00,APXMIDP,83.94,2384.55
2025-07-02 08:00:00,APXMIDP,74.06,3281.55
2025-07-02 08:30:00,APXMIDP,79.84,3071.6
2025-07-02 09:00:00,APXMIDP,83.1,3132.7
2025-07-02 09:30:00,APXMIDP,81.05,3964.55
2025-07-02 10:00:00,APXMIDP,69.34,3448.6
2025-07-02 10:30:00,APXMIDP,70.0,3800.55
2025-07-02 11:00:00,APXMIDP,64.35,3701.15
2025-07-02 11:30:00,APXMIDP,64.84,4104.85
2025-07-02 12:00:00,APXMIDP,73.86,4102.15
2025-07-02 12:30:00,APXMIDP,69.5,4471.15
2025-07-02 13:00:00,APXMIDP,67.84,4489.35
2025-07-02 13:30:00,APXMIDP,63.8,4443.85
2025-07-02 14:00:00,APXMIDP,71.42,5084.45
2025-07-02 14:30:00,APXMIDP,72.95,5074.5
2025-07-02 15:00:00,APXMIDP,67.62,4333.65
2025-07-02 15:30:00,APXMIDP,66.86,4352.35
2025-07-02 16:00:00,APXMIDP,73.89,4780.4
2025-07-02 16:30:00,APXMIDP,76.77,4206.05
2025-07-02 17:00:00,APXMIDP,75.91,4659.4
2025-07-02 17:30:00,APXMIDP,81.11,5553.75
2025-07-02 18:00:00,APXMIDP,86.96,5656.55
2025-07-02 18:30:00,APXMIDP,81.87,4998.25
2025-07-02 19:00:00,APXMIDP,80.68,4801.85
2025-07-02 19:30:00,APXMIDP,78.83,4894.65
2025-07-02 20:00:00,APXMIDP,75.71,5417.7
2025-07-02 20:30:00,APXMIDP,76.8,5167.95
2025-07-02 21:00:00,APXMIDP,75.2,5319.5
2025-07-02 21:30:00,APXMIDP,75.21,5343.35
2025-07-02 22:00:00,APXMIDP,89.87,2760.15
2025-07-02 22:30:00,APXMIDP,93.56,3685.05
2025-07-02 23:00:00,APXMIDP,91.74,2362.0
2025-07-02 23:30:00,APXMIDP,95.93,2635.3
2025-07-03 00:00:00,APXMIDP,91.18,2025.0
2025-07-03 00:30:00,APXMIDP,87.54,2148.65
2025-07-03 01:00:00,APXMIDP,82.06,2125.0
2025-07-03 01:30:00,APXMIDP,83.33,2365.75
2025-07-03 02:00:00,APXMIDP,92.41,2221.05
2025-07-03 02:30:00,APXMIDP,92.44,2234.3
2025-07-03 03:00:00,APXMIDP,90.82,2206.4
2025-07-03 03:30:00,APXMIDP,90.05,2268.6
2025-07-03 04:00:00,APXMIDP,103.93,2411.75
2025-07-03 04:30:00,APXMIDP,107.79,2259.5
2025-07-03 05:00:00,APXMIDP,96.61,2565.45
2025-07-03 05:30:00,APXMIDP,108.16,2480.15
2025-07-03 06:00:00,APXMIDP,109.88,2892.9
2025-07-03 06:30:00,APXMIDP,110.62,3307.05
2025-07-03 07:00:00,APXMIDP,95.49,2677.7
2025-07-03 07:30:00,APXMIDP,90.36,2814.05
2025-07-03 08:00:00,APXMIDP,80.51,2716.2
2025-07-03 08:30:00,APXMIDP,81.49,2776.85
2025-07-03 09:00:00,APXMIDP,83.13,3055.2
2025-07-03 09:30:00,APXMIDP,80.12,3733.7
2025-07-03 10:00:00,APXMIDP,66.96,3858.8
2025-07-03 10:30:00,APXMIDP,68.18,3830.9
2025-07-03 11:00:00,APXMIDP,65.45,4250.7
2025-07-03 11:30:00,APXMIDP,58.66,4200.4
2025-07-03 12:00:00,APXMIDP,68.99,4508.0
2025-07-03 12:30:00,APXMIDP,67.37,4033.8
2025-07-03 13:00:00,APXMIDP,62.46,4403.45
2025-07-03 13:30:00,APXMIDP,61.92,4986.85
2025-07-03 14:00:00,APXMIDP,68.12,2875.4
2025-07-03 14:30:00,APXMIDP,71.49,3222.65
2025-07-03 15:00:00,APXMIDP,71.92,2684.05
2025-07-03 15:30:00,APXMIDP,69.47,2891.5
2025-07-03 16:00:00,APXMIDP,71.4,2844.25
2025-07-03 16:30:00,APXMIDP,60.08,3357.95
2025-07-03 17:00:00,APXMIDP,74.53,3416.8
2025-07-03 17:30:00,APXMIDP,71.52,3568.9
2025-07-03 18:00:00,APXMIDP,75.81,3597.1
2025-07-03 18:30:00,APXMIDP,82.27,4075.4
2025-07-03 19:00:00,APXMIDP,87.5,3529.55
2025-07-03 19:30:00,APXMIDP,87.05,3430.7
2025-07-03 20:00:00,APXMIDP,89.46,3478.35
2025-07-03 20:30:00,APXMIDP,91.2,3428.0
2025-07-03 21:00:00,APXMIDP,87.95,3172.65
2025-07-03 21:30:00,APXMIDP,77.77,3127.55
2025-07-03 22:00:00,APXMIDP,60.64,2468.3
2025-07-03 22:30:00,APXMIDP,80.18,2111.3
2025-07-03 23:00:00,APXMIDP,77.39,2337.5
2025-07-03 23:30:00,APXMIDP,80.01,2330.4
2025-07-04 00:00:00,APXMIDP,80.3,1846.05
2025-07-04 00:30:00,APXMIDP,80.42,1890.85
2025-07-04 01:00:00,APXMIDP,77.97,1772.05
2025-07-04 01:30:00,APXMIDP,76.54,1784.05
2025-07-04 02:00:00,APXMIDP,72.37,1682.45
2025-07-04 02:30:00,APXMIDP,69.23,1739.15
2025-07-04 03:00:00,APXMIDP,71.88,1561.35
2025-07-04 03:30:00,APXMIDP,68.79,1561.4
2025-07-04 04:00:00,APXMIDP,71.36,1342.45
2025-07-04 04:30:00,APXMIDP,73.98,1348.0
2025-07-04 05:00:00,APXMIDP,81.67,1920.45
2025-07-04 05:30:00,APXMIDP,86.93,2338.75
2025-07-04 06:00:00,APXMIDP,84.24,2486.0
2025-07-04 06:30:00,APXMIDP,83.56,2631.0
2025-07-04 07:00:00,APXMIDP,67.76,2554.95
2025-07-04 07:30:00,APXMIDP,60.69,2345.2
2025-07-04 08:00:00,APXMIDP,33.81,2101.25
2025-07-04 08:30:00,APXMIDP,23.39,2232.15
2025-07-04 09:00:00,APXMIDP,26.18,3016.25
2025-07-04 09:30:00,APXMIDP,13.22,3047.75
2025-07-04 10:00:00,APXMIDP,-0.07,2985.0
2025-07-04 10:30:00,APXMIDP,-8.89,3318.35
2025-07-04 11:00:00,APXMIDP,-5.17,3210.95
2025-07-04 11:30:00,APXMIDP,-12.24,2938.5
2025-07-04 12:00:00,APXMIDP,-13.84,2605.3
2025-07-04 12:30:00,APXMIDP,-18.26,2959.45
2025-07-04 13:00:00,APXMIDP,-19.13,3309.4
2025-07-04 13:30:00,APXMIDP,-21.77,2946.1
2025-07-04 14:00:00,APXMIDP,-26.17,3300.4
2025-07-04 14:30:00,APXMIDP,-21.32,3330.4
2025-07-04 15:00:00,APXMIDP,16.91,4381.15
2025-07-04 15:30:00,APXMIDP,34.16,4303.2
2025-07-04 16:00:00,APXMIDP,54.69,3603.2
2025-07-04 16:30:00,APXMIDP,60.12,3456.55
2025-07-04 17:00:00,APXMIDP,73.64,3164.85
2025-07-04 17:30:00,APXMIDP,77.49,3154.35
2025-07-04 18:00:00,APXMIDP,93.35,3003.35
2025-07-04 18:30:00,APXMIDP,95.05,3414.7
2025-07-04 19:00:00,APXMIDP,84.67,3011.9
2025-07-04 19:30:00,APXMIDP,79.17,2819.65
2025-07-04 20:00:00,APXMIDP,71.6,2536.7
2025-07-04 20:30:00,APXMIDP,64.59,2875.1
2025-07-04 21:00:00,APXMIDP,63.97,3099.0
2025-07-04 21:30:00,APXMIDP,55.49,2717.7
2025-07-04 22:00:00,APXMIDP,11.91,2520.65
2025-07-04 22:30:00,APXMIDP,11.13,2101.6
2025-07-04 23:00:00,APXMIDP,13.79,1869.25
2025-07-04 23:30:00,APXMIDP,11.1,1762.4
2025-07-05 00:00:00,APXMIDP,17.08,2268.75
2025-07-05 00:30:00,APXMIDP,18.48,2015.05
2025-07-05 01:00:00,APXMIDP,21.37,2367.15
2025-07-05 01:30:00,APXMIDP,17.1,2217.85
2025-07-05 02:00:00,APXMIDP,13.4,2063.2
2025-07-05 02:30:00,APXMIDP,14.03,1725.6
2025-07-05 03:00:00,APXMIDP,13.31,1915.95
2025-07-05 03:30:00,APXMIDP,11.42,1773.25
2025-07-05 04:00:00,APXMIDP,16.54,1851.55
2025-07-05 04:30:00,APXMIDP,17.79,1636.2
2025-07-05 05:00:00,APXMIDP,16.26,2010.45
2025-07-05 05:30:00,APXMIDP,23.84,2385.9
2025-07-05 06:00:00,APXMIDP,0.14,1781.7
2025-07-05 06:30:00,APXMIDP,8.34,2310.8
2025-07-05 07:00:00,APXMIDP,-10.01,1540.8
2025-07-05 07:30:00,APXMIDP,-8.89,1619.7
2025-07-05 08:00:00,APXMIDP,-10.41,1363.85
2025-07-05 08:30:00,APXMIDP,-11.24,1282.55
2025-07-05 09:00:00,APXMIDP,-11.61,1687.3
2025-07-05 09:30:00,APXMIDP,-11.11,1745.95
2025-07-05 10:00:00,APXMIDP,-6.0,1883.75
2025-07-05 10:30:00,APXMIDP,2.71,2428.65
2025-07-05 11:00:00,APXMIDP,-5.98,2183.7
2025-07-05 11:30:00,APXMIDP,-0.65,2319.35
2025-07-05 12:00:00,APXMIDP,5.49,2666.3
2025-07-05 12:30:00,APXMIDP,-0.28,2434.3
2025-07-05 13:00:00,APXMIDP,5.71,2929.35
2025-07-05 13:30:00,APXMIDP,0.05,2958.55
2025-07-05 14:00:00,APXMIDP,-4.9,2317.65
2025-07-05 14:30:00,APXMIDP,-9.19,2481.35
2025-07-05 15:00:00,APXMIDP,-17.46,2683.85
2025-07-05 15:30:00,APXMIDP,-5.56,2355.8
2025-07-05 16:00:00,APXMIDP,3.8,2279.55
2025-07-05 16:30:00,APXMIDP,30.46,2353.45
2025-07-05 17:00:00,APXMIDP,28.22,2585.95
2025-07-05 17:30:00,APXMIDP,55.01,2683.6
2025-07-05 18:00:00,APXMIDP,64.0,3036.65
2025-07-05 18:30:00,APXMIDP,69.93,2885.7
2025-07-05 19:00:00,APXMIDP,66.92,2824.85
2025-07-05 19:30:00,APXMIDP,78.2,3060.0
2025-07-05 20:00:00,APXMIDP,92.25,3075.65
2025-07-05 20:30:00,APXMIDP,93.2,3005.7
2025-07-05 21:00:00,APXMIDP,92.4,2610.25
2025-07-05 21:30:00,APXMIDP,90.88,2683.6
2025-07-05 22:00:00,APXMIDP,87.59,1467.55
2025-07-05 22:30:00,APXMIDP,87.16,1507.15
2025-07-05 23:00:00,APXMIDP,81.19,1988.4
2025-07-05 23:30:00,APXMIDP,81.0,1735.3
2025-07-06 00:00:00,APXMIDP,83.17,1548.0
2025-07-06 00:30:00,APXMIDP,76.53,1773.85
2025-07-06 01:00:00,APXMIDP,75.16,1505.15
2025-07-06 01:30:00,APXMIDP,69.44,1848.15
2025-07-06 02:00:00,APXMIDP,77.63,1738.5
2025-07-06 02:30:00,APXMIDP,82.71,1647.05
2025-07-06 03:00:00,APXMIDP,96.24,2272.95
2025-07-06 03:30:00,APXMIDP,96.45,2551.15
2025-07-06 04:00:00,APXMIDP,94.48,2526.9
2025-07-06 04:30:00,APXMIDP,91.62,2669.8
2025-07-06 05:00:00,APXMIDP,89.3,3415.05
2025-07-06 05:30:00,APXMIDP,93.29,3705.6
2025-07-06 06:00:00,APXMIDP,91.42,3610.4
2025-07-06 06:30:00,APXMIDP,94.03,3280.6
2025-07-06 07:00:00,APXMIDP,95.51,3311.55
2025-07-06 07:30:00,APXMIDP,94.45,3866.6
2025-07-06 08:00:00,APXMIDP,93.12,3573.6
2025-07-06 08:30:00,APXMIDP,93.35,3633.5
2025-07-06 09:00:00,APXMIDP,91.45,3939.1
2025-07-06 09:30:00,APXMIDP,93.06,3797.8
2025-07-06 10:00:00,APXMIDP,85.01,3765.35
2025-07-06 10:30:00,APXMIDP,85.81,3587.8
2025-07-06 11:00:00,APXMIDP,88.47,3245.4
2025-07-06 11:30:00,APXMIDP,86.5,3518.55
2025-07-06 12:00:00,APXMIDP,87.57,3660.25
2025-07-06 12:30:00,APXMIDP,85.58,3454.4
2025-07-06 13:00:00,APXMIDP,82.17,3759.2
2025-07-06 13:30:00,APXMIDP,73.61,3901.7
2025-07-06 14:00:00,APXMIDP,77.27,3933.6
2025-07-06 14:30:00,APXMIDP,80.82,3866.5
2025-07-06 15:00:00,APXMIDP,83.38,3715.55
2025-07-06 15:30:00,APXMIDP,86.84,3775.15
2025-07-06 16:00:00,APXMIDP,96.2,3765.7
2025-07-06 16:30:00,APXMIDP,91.13,3291.4
2025-07-06 17:00:00,APXMIDP,105.53,3068.65
2025-07-06 17:30:00,APXMIDP,106.84,3416.0
2025-07-06 18:00:00,APXMIDP,107.88,2681.75
2025-07-06 18:30:00,APXMIDP,106.83,2608.15
2025-07-06 19:00:00,APXMIDP,107.01,2734.1
2025-07-06 19:30:00,APXMIDP,102.71,3292.0
2025-07-06 20:00:00,APXMIDP,97.2,2697.65
2025-07-06 20:30:00,APXMIDP,97.15,2857.05
2025-07-06 21:00:00,APXMIDP,100.51,2596.25
2025-07-06 21:30:00,APXMIDP,101.14,2816.0
2025-07-06 22:00:00,APXMIDP,91.34,2985.35
2025-07-06 22:30:00,APXMIDP,89.56,2598.4
2025-07-06 23:00:00,APXMIDP,86.31,2116.8
2025-07-06 23:30:00,APXMIDP,88.29,2323.5
2025-07-07 00:00:00,APXMIDP,87.21,2526.05
2025-07-07 00:30:00,APXMIDP,85.86,2437.3
2025-07-07 01:00:00,APXMIDP,84.98,2270.35
2025-07-07 01:30:00,APXMIDP,80.89,2572.9
2025-07-07 02:00:00,APXMIDP,75.61,1526.6
2025-07-07 02:30:00,APXMIDP,83.27,1462.25
2025-07-07 03:00:00,APXMIDP,84.33,1215.15
2025-07-07 03:30:00,APXMIDP,81.53,1283.35
2025-07-07 04:00:00,APXMIDP,84.75,1189.95
2025-07-07 04:30:00,APXMIDP,91.07,1597.4
2025-07-07 05:00:00,APXMIDP,86.55,2288.95
2025-07-07 05:30:00,APXMIDP,83.84,2595.0
2025-07-07 06:00:00,APXMIDP,91.72,2408.25
2025-07-07 06:30:00,APXMIDP,89.29,2645.45
2025-07-07 07:00:00,APXMIDP,80.01,2681.6
2025-07-07 07:30:00,APXMIDP,68.75,2606.1
2025-07-07 08:00:00,APXMIDP,58.67,2672.4
2025-07-07 08:30:00,APXMIDP,47.15,2195.3
2025-07-07 09:00:00,APXMIDP,40.68,2848.45
2025-07-07 09:30:00,APXMIDP,38.67,3153.25
2025-07-07 10:00:00,APXMIDP,40.59,4697.95
2025-07-07 10:30:00,APXMIDP,43.11,5382.7
2025-07-07 11:00:00,APXMIDP,17.56,5130.35
2025-07-07 11:30:00,APXMIDP,16.5,4734.7
2025-07-07 12:00:00,APXMIDP,16.44,4289.95
2025-07-07 12:30:00,APXMIDP,6.29,4217.25
2025-07-07 13:00:00,APXMIDP,5.8,4821.8
2025-07-07 13:30:00,APXMIDP,3.91,4965.7
2025-07-07 14:00:00,APXMIDP,-1.27,2836.5
2025-07-07 14:30:00,APXMIDP,7.44,3273.9
2025-07-07 15:00:00,APXMIDP,17.73,3669.75
2025-07-07 15:30:00,APXMIDP,38.76,3947.95
2025-07-07 16:00:00,APXMIDP,54.54,3258.45
2025-07-07 16:30:00,APXMIDP,58.66,3909.3
2025-07-07 17:00:00,APXMIDP,65.72,2762.1
2025-07-07 17:30:00,APXMIDP,74.82,3291.6
2025-07-07 18:00:00,APXMIDP,90.98,2528.05
2025-07-07 18:30:00,APXMIDP,97.95,2748.85
2025-07-07 19:00:00,APXMIDP,101.86,2816.3
2025-07-07 19:30:00,APXMIDP,102.18,2671.95
2025-07-07 20:00:00,APXMIDP,96.72,2325.95
2025-07-07 20:30:00,APXMIDP,84.5,2761.0
2025-07-07 21:00:00,APXMIDP,92.73,2213.45
2025-07-07 21:30:00,APXMIDP,80.17,1905.7
2025-07-07 22:00:00,APXMIDP,76.11,2356.5
2025-07-07 22:30:00,APXMIDP,72.26,2719.25
2025-07-07 23:00:00,APXMIDP,73.08,2257.85
2025-07-07 23:30:00,APXMIDP,79.03,2459.2
2025-07-08 00:00:00,APXMIDP,63.37,1955.5
2025-07-08 00:30:00,APXMIDP,59.87,1934.0
2025-07-08 01:00:00,APXMIDP,74.83,2407.0
2025-07-08 01:30:00,APXMIDP,72.27,2764.95
2025-07-08 02:00:00,APXMIDP,63.93,2754.0
2025-07-08 02:30:00,APXMIDP,69.33,2420.65
2025-07-08 03:00:00,APXMIDP,70.69,2291.7
2025-07-08 03:30:00,APXMIDP,70.4,2534.2
2025-07-08 04:00:00,APXMIDP,61.91,2381.4
2025-07-08 04:30:00,APXMIDP,53.89,3145.05
2025-07-08 05:00:00,APXMIDP,77.37,2465.45
2025-07-08 05:30:00,APXMIDP,91.19,2774.7
2025-07-08 06:00:00,APXMIDP,89.4,2055.55
2025-07-08 06:30:00,APXMIDP,91.66,2468.9
2025-07-08 07:00:00,APXMIDP,94.65,2064.95
2025-07-08 07:30:00,APXMIDP,82.58,2889.3
2025-07-08 08:00:00,APXMIDP,76.91,2426.3
2025-07-08 08:30:00,APXMIDP,69.21,2585.95
2025-07-08 09:00:00,APXMIDP,69.47,2119.4
2025-07-08 09:30:00,APXMIDP,73.14,2849.8
2025-07-08 10:00:00,APXMIDP,65.02,2810.8
2025-07-08 10:30:00,APXMIDP,60.91,2883.95
2025-07-08 11:00:00,APXMIDP,60.87,3225.25
2025-07-08 11:30:00,APXMIDP,56.2,2195.5
2025-07-08 12:00:00,APXMIDP,52.19,2561.15
2025-07-08 12:30:00,APXMIDP,55.52,2800.1
2025-07-08 13:00:00,APXMIDP,48.65,2644.2
2025-07-08 13:30:00,APXMIDP,52.16,2913.4
2025-07-08 14:00:00,APXMIDP,59.05,3778.65
2025-07-08 14:30:00,APXMIDP,69.0,3652.6
2025-07-08 15:00:00,APXMIDP,66.63,3640.85
2025-07-08 15:30:00,APXMIDP,64.49,3896.95
2025-07-08 16:00:00,APXMIDP,77.32,3203.2
2025-07-08 16:30:00,APXMIDP,69.04,3278.5
2025-07-08 17:00:00,APXMIDP,80.72,2958.8
2025-07-08 17:30:00,APXMIDP,86.44,3109.4
2025-07-08 18:00:00,APXMIDP,102.47,2604.25
2025-07-08 18:30:00,APXMIDP,102.95,2476.3
2025-07-08 19:00:00,APXMIDP,102.16,2175.8
2025-07-08 19:30:00,APXMIDP,102.88,2463.15
2025-07-08 20:00:00,APXMIDP,102.1,2365.65
2025-07-08 20:30:00,APXMIDP,94.94,2468.8
2025-07-08 21:00:00,APXMIDP,92.19,2375.15
2025-07-08 21:30:00,APXMIDP,83.49,2761.4
2025-07-08 22:00:00,APXMIDP,85.76,1789.6
2025-07-08 22:30:00,APXMIDP,80.09,1760.0
2025-07-08 23:00:00,APXMIDP,85.02,1363.3
2025-07-08 23:30:00,APXMIDP,78.15,1441.8
2025-07-09 00:00:00,APXMIDP,72.67,1309.7
2025-07-09 00:30:00,APXMIDP,76.92,1451.35
2025-07-09 01:00:00,APXMIDP,76.71,1444.45
2025-07-09 01:30:00,APXMIDP,72.85,1398.0
2025-07-09 02:00:00,APXMIDP,68.83,1296.0
2025-07-09 02:30:00,APXMIDP,63.72,1328.1
2025-07-09 03:00:00,APXMIDP,69.72,1676.1
2025-07-09 03:30:00,APXMIDP,69.81,1521.3
2025-07-09 04:00:00,APXMIDP,72.48,1869.45
2025-07-09 04:30:00,APXMIDP,74.21,2395.0
2025-07-09 05:00:00,APXMIDP,81.22,2038.35
2025-07-09 05:30:00,APXMIDP,95.52,2145.6
2025-07-09 06:00:00,APXMIDP,90.13,2291.3
2025-07-09 06:30:00,APXMIDP,94.33,2318.85
2025-07-09 07:00:00,APXMIDP,86.28,2190.25
2025-07-09 07:30:00,APXMIDP,82.03,2424.35
2025-07-09 08:00:00,APXMIDP,69.05,2025.9
2025-07-09 08:30:00,APXMIDP,70.17,2517.9
2025-07-09 09:00:00,APXMIDP,78.4,2723.2
2025-07-09 09:30:00,APXMIDP,75.93,2983.3
2025-07-09 10:00:00,APXMIDP,73.7,2379.9
2025-07-09 10:30:00,APXMIDP,76.7,2906.7
2025-07-09 11:00:00,APXMIDP,75.45,2755.65
2025-07-09 11:30:00,APXMIDP,82.49,3490.75
2025-07-09 12:00:00,APXMIDP,76.98,3137.4
2025-07-09 12:30:00,APXMIDP,79.0,3364.7
2025-07-09 13:00:00,APXMIDP,76.63,3011.25
2025-07-09 13:30:00,APXMIDP,75.66,2710.9
2025-07-09 14:00:00,APXMIDP,76.0,2162.55
2025-07-09 14:30:00,APXMIDP,74.6,2777.85
2025-07-09 15:00:00,APXMIDP,74.58,3274.0
2025-07-09 15:30:00,APXMIDP,69.94,4020.75
2025-07-09 16:00:00,APXMIDP,74.83,2946.95
2025-07-09 16:30:00,APXMIDP,75.66,3082.75
2025-07-09 17:00:00,APXMIDP,82.39,3191.5
2025-07-09 17:30:00,APXMIDP,82.2,3143.35
2025-07-09 18:00:00,APXMIDP,95.2,3656.45
2025-07-09 18:30:00,APXMIDP,98.57,3358.35
2025-07-09 19:00:00,APXMIDP,101.97,3640.1
2025-07-09 19:30:00,APXMIDP,104.36,3402.05
2025-07-09 20:00:00,APXMIDP,105.8,2892.15
2025-07-09 20:30:00,APXMIDP,104.22,3217.9
2025-07-09 21:00:00,APXMIDP,98.67,2589.8
2025-07-09 21:30:00,APXMIDP,95.65,3115.05
2025-07-09 22:00:00,APXMIDP,85.46,2108.4
2025-07-09 22:30:00,APXMIDP,85.48,2076.45
2025-07-09 23:00:00,APXMIDP,87.38,1771.95
2025-07-09 23:30:00,APXMIDP,84.07,1635.4
2025-07-10 00:00:00,APXMIDP,80.01,1220.3
2025-07-10 00:30:00,APXMIDP,73.52,929.0
2025-07-10 01:00:00,APXMIDP,77.48,1321.8
2025-07-10 01:30:00,APXMIDP,75.11,1449.25
2025-07-10 02:00:00,APXMIDP,69.14,1139.65
2025-07-10 02:30:00,APXMIDP,73.97,1088.15
2025-07-10 03:00:00,APXMIDP,70.62,1544.3
2025-07-10 03:30:00,APXMIDP,64.37,1360.6
2025-07-10 04:00:00,APXMIDP,66.19,1550.95
2025-07-10 04:30:00,APXMIDP,67.43,1590.8
2025-07-10 05:00:00,APXMIDP,71.24,1747.7
2025-07-10 05:30:00,APXMIDP,75.33,1801.85
2025-07-10 06:00:00,APXMIDP,78.96,1994.55
2025-07-10 06:30:00,APXMIDP,83.05,1968.5
2025-07-10 07:00:00,APXMIDP,78.21,1831.4
2025-07-10 07:30:00,APXMIDP,80.18,2394.5
2025-07-10 08:00:00,APXMIDP,71.35,1725.15
2025-07-10 08:30:00,APXMIDP,67.73,1569.35
2025-07-10 09:00:00,APXMIDP,74.35,1972.85
2025-07-10 09:30:00,APXMIDP,77.07,2425.1
2025-07-10 10:00:00,APXMIDP,72.95,2221.4
2025-07-10 10:30:00,APXMIDP,69.51,2182.35
2025-07-10 11:00:00,APXMIDP,69.82,2052.6
2025-07-10 11:30:00,APXMIDP,70.9,2047.2
2025-07-10 12:00:00,APXMIDP,71.6,2053.5
2025-07-10 12:30:00,APXMIDP,73.75,2009.1
2025-07-10 13:00:00,APXMIDP,72.17,1825.45
2025-07-10 13:30:00,APXMIDP,73.72,2050.8
2025-07-10 14:00:00,APXMIDP,80.13,1961.4
2025-07-10 14:30:00,APXMIDP,80.55,2457.65
2025-07-10 15:00:00,APXMIDP,78.27,2883.3
2025-07-10 15:30:00,APXMIDP,73.74,2611.05
2025-07-10 16:00:00,APXMIDP,76.93,3031.65
2025-07-10 16:30:00,APXMIDP,77.6,2683.3
2025-07-10 17:00:00,APXMIDP,84.43,3015.35
2025-07-10 17:30:00,APXMIDP,92.01,3013.65
2025-07-10 18:00:00,APXMIDP,108.15,3464.0
2025-07-10 18:30:00,APXMIDP,110.24,3471.85
2025-07-10 19:00:00,APXMIDP,110.59,3971.3
2025-07-10 19:30:00,APXMIDP,111.3,4378.65
2025-07-10 20:00:00,APXMIDP,102.69,3693.7
2025-07-10 20:30:00,APXMIDP,101.13,2864.05
2025-07-10 21:00:00,APXMIDP,102.13,2688.8
2025-07-10 21:30:00,APXMIDP,95.41,2700.75
2025-07-10 22:00:00,APXMIDP,84.84,1520.25
2025-07-10 22:30:00,APXMIDP,87.59,1054.9
2025-07-10 23:00:00,APXMIDP,87.25,1303.35
2025-07-10 23:30:00,APXMIDP,87.03,1007.8
2025-07-11 00:00:00,APXMIDP,87.22,1015.4
2025-07-11 00:30:00,APXMIDP,84.11,1214.4
2025-07-11 01:00:00,APXMIDP,84.5,1280.1
2025-07-11 01:30:00,APXMIDP,82.35,1353.5
2025-07-11 02:00:00,APXMIDP,82.38,1141.35
2025-07-11 02:30:00,APXMIDP,81.57,1115.65
2025-07-11 03:00:00,APXMIDP,76.48,1379.55
2025-07-11 03:30:00,APXMIDP,78.5,1372.3
2025-07-11 04:00:00,APXMIDP,79.57,1423.1
2025-07-11 04:30:00,APXMIDP,81.69,1390.45
2025-07-11 05:00:00,APXMIDP,86.32,2010.15
2025-07-11 05:30:00,APXMIDP,91.39,1995.8
2025-07-11 06:00:00,APXMIDP,92.0,1982.8
2025-07-11 06:30:00,APXMIDP,93.55,1908.85
2025-07-11 07:00:00,APXMIDP,89.64,1387.25
2025-07-11 07:30:00,APXMIDP,85.47,1452.25
2025-07-11 08:00:00,APXMIDP,86.69,1813.55
2025-07-11 08:30:00,APXMIDP,84.11,1696.9
2025-07-11 09:00:00,APXMIDP,75.08,1870.3
2025-07-11 09:30:00,APXMIDP,75.32,1883.95
2025-07-11 10:00:00,APXMIDP,72.64,1879.4
2025-07-11 10:30:00,APXMIDP,69.53,1849.6
2025-07-11 11:00:00,APXMIDP,68.61,1613.05
2025-07-11 11:30:00,APXMIDP,69.74,1929.7
2025-07-11 12:00:00,APXMIDP,69.13,1723.6
2025-07-11 12:30:00,APXMIDP,69.29,1766.1
2025-07-11 13:00:00,APXMIDP,70.78,1793.05
2025-07-11 13:30:00,APXMIDP,69.05,1659.75
2025-07-11 14:00:00,APXMIDP,65.03,1355.05
2025-07-11 14:30:00,APXMIDP,65.35,1795.0
2025-07-11 15:00:00,APXMIDP,65.94,1460.45
2025-07-11 15:30:00,APXMIDP,75.51,2257.75
2025-07-11 16:00:00,APXMIDP,88.92,2685.7
2025-07-11 16:30:00,APXMIDP,76.86,2868.7
2025-07-11 17:00:00,APXMIDP,87.37,3216.55
2025-07-11 17:30:00,APXMIDP,92.72,2981.7
2025-07-11 18:00:00,APXMIDP,106.24,2945.5
2025-07-11 18:30:00,APXMIDP,105.49,2673.15
2025-07-11 19:00:00,APXMIDP,110.73,3078.9
2025-07-11 19:30:00,APXMIDP,112.55,3299.0
2025-07-11 20:00:00,APXMIDP,110.97,2490.3
2025-07-11 20:30:00,APXMIDP,109.08,2360.05
2025-07-11 21:00:00,APXMIDP,100.55,2598.75
2025-07-11 21:30:00,APXMIDP,88.47,2736.3
2025-07-11 22:00:00,APXMIDP,92.75,1965.7
2025-07-11 22:30:00,APXMIDP,88.56,1801.35
2025-07-11 23:00:00,APXMIDP,91.54,1900.65
2025-07-11 23:30:00,APXMIDP,87.63,1873.7
2025-07-12 00:00:00,APXMIDP,86.3,1987.0
2025-07-12 00:30:00,APXMIDP,86.59,2270.15
2025-07-12 01:00:00,APXMIDP,86.17,1863.7
2025-07-12 01:30:00,APXMIDP,83.86,1952.1
2025-07-12 02:00:00,APXMIDP,87.12,1843.3
2025-07-12 02:30:00,APXMIDP,88.6,1759.8
2025-07-12 03:00:00,APXMIDP,88.17,1261.0
2025-07-12 03:30:00,APXMIDP,86.37,1378.9
2025-07-12 04:00:00,APXMIDP,82.74,895.7
2025-07-12 04:30:00,APXMIDP,83.27,989.5
2025-07-12 05:00:00,APXMIDP,81.25,1066.8
2025-07-12 05:30:00,APXMIDP,84.46,1143.4
2025-07-12 06:00:00,APXMIDP,81.95,1349.55
2025-07-12 06:30:00,APXMIDP,89.06,1320.3
2025-07-12 07:00:00,APXMIDP,92.29,1333.3
2025-07-12 07:30:00,APXMIDP,87.92,1714.55
2025-07-12 08:00:00,APXMIDP,77.53,1895.3
2025-07-12 08:30:00,APXMIDP,77.54,1737.85
2025-07-12 09:00:00,APXMIDP,79.63,1971.85
2025-07-12 09:30:00,APXMIDP,76.46,2062.45
2025-07-12 10:00:00,APXMIDP,63.54,1789.1
2025-07-12 10:30:00,APXMIDP,68.21,2085.5
2025-07-12 11:00:00,APXMIDP,68.36,2695.15
2025-07-12 11:30:00,APXMIDP,58.07,2672.45
2025-07-12 12:00:00,APXMIDP,45.49,2756.25
2025-07-12 12:30:00,APXMIDP,49.32,3111.5
2025-07-12 13:00:00,APXMIDP,48.42,3072.6
2025-07-12 13:30:00,APXMIDP,50.62,3321.05
2025-07-12 14:00:00,APXMIDP,50.23,2343.55
2025-07-12 14:30:00,APXMIDP,60.44,2581.4
2025-07-12 15:00:00,APXMIDP,68.15,2540.3
2025-07-12 15:30:00,APXMIDP,70.52,2863.05
2025-07-12 16:00:00,APXMIDP,89.41,2229.2
2025-07-12 16:30:00,APXMIDP,78.92,2369.8
2025-07-12 17:00:00,APXMIDP,80.48,2135.45
2025-07-12 17:30:00,APXMIDP,84.29,2100.65
2025-07-12 18:00:00,APXMIDP,97.71,2146.35
2025-07-12 18:30:00,APXMIDP,101.18,1965.2
2025-07-12 19:00:00,APXMIDP,91.92,2005.2
2025-07-12 19:30:00,APXMIDP,99.03,2040.0
2025-07-12 20:00:00,APXMIDP,105.31,2180.8
2025-07-12 20:30:00,APXMIDP,105.26,1934.95
2025-07-12 21:00:00,APXMIDP,99.41,2112.55
2025-07-12 21:30:00,APXMIDP,90.0,2095.5
2025-07-12 22:00:00,APXMIDP,85.48,1364.35
2025-07-12 22:30:00,APXMIDP,83.4,1106.7
2025-07-12 23:00:00,APXMIDP,85.13,1191.3
2025-07-12 23:30:00,APXMIDP,87.65,1185.05
2025-07-13 00:00:00,APXMIDP,85.78,1235.15
2025-07-13 00:30:00,APXMIDP,80.85,1299.8
2025-07-13 01:00:00,APXMIDP,81.92,1226.2
2025-07-13 01:30:00,APXMIDP,86.29,1308.4
2025-07-13 02:00:00,APXMIDP,79.84,1215.35
2025-07-13 02:30:00,APXMIDP,81.99,1212.85
2025-07-13 03:00:00,APXMIDP,83.94,1330.05
2025-07-13 03:30:00,APXMIDP,86.75,1534.35
2025-07-13 04:00:00,APXMIDP,85.52,1893.35
2025-07-13 04:30:00,APXMIDP,80.85,1728.35
2025-07-13 05:00:00,APXMIDP,77.1,1909.3
2025-07-13 05:30:00,APXMIDP,77.45,2038.5
2025-07-13 06:00:00,APXMIDP,66.72,1741.35
2025-07-13 06:30:00,APXMIDP,69.49,1869.8
2025-07-13 07:00:00,APXMIDP,71.75,1479.2
2025-07-13 07:30:00,APXMIDP,74.09,1638.05
2025-07-13 08:00:00,APXMIDP,66.38,1776.0
2025-07-13 08:30:00,APXMIDP,68.9,1668.5
2025-07-13 09:00:00,APXMIDP,68.16,1625.05
2025-07-13 09:30:00,APXMIDP,63.27,1688.85
2025-07-13 10:00:00,APXMIDP,58.84,1884.4
2025-07-13 10:30:00,APXMIDP,53.45,1755.0
2025-07-13 11:00:00,APXMIDP,52.51,2345.95
2025-07-13 11:30:00,APXMIDP,48.68,2913.6
2025-07-13 12:00:00,APXMIDP,37.47,3187.6
2025-07-13 12:30:00,APXMIDP,49.29,3376.05
2025-07-13 13:00:00,APXMIDP,51.92,3063.7
2025-07-13 13:30:00,APXMIDP,58.45,3194.95
2025-07-13 14:00:00,APXMIDP,68.44,3343.35
2025-07-13 14:30:00,APXMIDP,70.87,3639.6
2025-07-13 15:00:00,APXMIDP,78.43,3287.4
2025-07-13 15:30:00,APXMIDP,78.69,3110.85
2025-07-13 16:00:00,APXMIDP,85.77,3554.5
2025-07-13 16:30:00,APXMIDP,83.3,3262.7
2025-07-13 17:00:00,APXMIDP,92.88,3130.2
2025-07-13 17:30:00,APXMIDP,91.01,3066.2
2025-07-13 18:00:00,APXMIDP,100.25,2400.15
2025-07-13 18:30:00,APXMIDP,94.99,2176.8
2025-07-13 19:00:00,APXMIDP,98.98,2480.1
2025-07-13 19:30:00,APXMIDP,98.01,2493.25
2025-07-13 20:00:00,APXMIDP,102.98,2393.15
2025-07-13 20:30:00,APXMIDP,98.77,2482.7
2025-07-13 21:00:00,APXMIDP,98.0,1931.95
2025-07-13 21:30:00,APXMIDP,96.22,2307.45
2025-07-13 22:00:00,APXMIDP,87.5,1605.6
2025-07-13 22:30:00,APXMIDP,82.77,1746.25
2025-07-13 23:00:00,APXMIDP,87.52,1662.05
2025-07-13 23:30:00,APXMIDP,85.04,1660.75
2025-07-14 00:00:00,APXMIDP,78.0,1088.1
2025-07-14 00:30:00,APXMIDP,78.26,1274.95
2025-07-14 01:00:00,APXMIDP,81.87,1375.8
2025-07-14 01:30:00,APXMIDP,78.31,1434.5
2025-07-14 02:00:00,APXMIDP,77.48,1392.3
2025-07-14 02:30:00,APXMIDP,78.81,1430.3
2025-07-14 03:00:00,APXMIDP,79.71,1524.65
2025-07-14 03:30:00,APXMIDP,79.24,1624.75
2025-07-14 04:00:00,APXMIDP,73.1,1562.25
2025-07-14 04:30:00,APXMIDP,72.98,1539.85
2025-07-14 05:00:00,APXMIDP,82.4,1750.0
2025-07-14 05:30:00,APXMIDP,87.16,1930.8
2025-07-14 06:00:00,APXMIDP,81.11,2323.4
2025-07-14 06:30:00,APXMIDP,82.5,2649.65
2025-07-14 07:00:00,APXMIDP,72.88,2775.25
2025-07-14 07:30:00,APXMIDP,76.7,3317.2
2025-07-14 08:00:00,APXMIDP,81.68,3944.6
2025-07-14 08:30:00,APXMIDP,75.12,3969.35
2025-07-14 09:00:00,APXMIDP,74.07,3328.65
2025-07-14 09:30:00,APXMIDP,72.42,3309.3
2025-07-14 10:00:00,APXMIDP,63.18,2717.45
2025-07-14 10:30:00,APXMIDP,58.6,3036.5
2025-07-14 11:00:00,APXMIDP,73.6,3571.15
2025-07-14 11:30:00,APXMIDP,71.29,4299.6
2025-07-14 12:00:00,APXMIDP,67.02,3506.95
2025-07-14 12:30:00,APXMIDP,62.9,3770.55
2025-07-14 13:00:00,APXMIDP,68.3,3137.25
2025-07-14 13:30:00,APXMIDP,61.25,3144.35
2025-07-14 14:00:00,APXMIDP,59.06,2721.1
2025-07-14 14:30:00,APXMIDP,53.61,2980.5
2025-07-14 15:00:00,APXMIDP,48.38,3283.7
2025-07-14 15:30:00,APXMIDP,60.03,3329.5
2025-07-14 16:00:00,APXMIDP,62.44,3183.4
2025-07-14 16:30:00,APXMIDP,62.38,3184.85
2025-07-14 17:00:00,APXMIDP,67.67,3788.05
2025-07-14 17:30:00,APXMIDP,61.78,3842.1
2025-07-14 18:00:00,APXMIDP,62.46,3087.8
2025-07-14 18:30:00,APXMIDP,73.7,3337.85
2025-07-14 19:00:00,APXMIDP,78.04,2773.5
2025-07-14 19:30:00,APXMIDP,75.16,2566.0
2025-07-14 20:00:00,APXMIDP,87.44,3208.55
2025-07-14 20:30:00,APXMIDP,89.77,3169.1
2025-07-14 21:00:00,APXMIDP,87.46,3241.45
2025-07-14 21:30:00,APXMIDP,85.07,3148.6
2025-07-14 22:00:00,APXMIDP,89.49,1689.55
2025-07-14 22:30:00,APXMIDP,86.95,1850.7
2025-07-14 23:00:00,APXMIDP,90.92,2033.8
2025-07-14 23:30:00,APXMIDP,86.46,2097.5
2025-07-15 00:00:00,APXMIDP,89.04,1614.95
2025-07-15 00:30:00,APXMIDP,93.21,1536.25
2025-07-15 01:00:00,APXMIDP,94.0,2218.05
2025-07-15 01:30:00,APXMIDP,93.04,2441.25
2025-07-15 02:00:00,APXMIDP,91.98,2450.9
2025-07-15 02:30:00,APXMIDP,84.5,2465.45
2025-07-15 03:00:00,APXMIDP,95.18,2160.45
2025-07-15 03:30:00,APXMIDP,94.1,2010.95
2025-07-15 04:00:00,APXMIDP,93.06,1398.95
2025-07-15 04:30:00,APXMIDP,98.03,1507.8
2025-07-15 05:00:00,APXMIDP,99.04,1488.05
2025-07-15 05:30:00,APXMIDP,104.82,1715.85
2025-07-15 06:00:00,APXMIDP,91.06,1833.65
2025-07-15 06:30:00,APXMIDP,97.87,2060.45
2025-07-15 07:00:00,APXMIDP,92.27,2533.65
2025-07-15 07:30:00,APXMIDP,90.59,2899.3
2025-07-15 08:00:00,APXMIDP,87.63,2266.1
2025-07-15 08:30:00,APXMIDP,84.1,2176.65
2025-07-15 09:00:00,APXMIDP,75.42,2300.25
2025-07-15 09:30:00,APXMIDP,79.2,2618.6
2025-07-15 10:00:00,APXMIDP,78.83,2780.45
2025-07-15 10:30:00,APXMIDP,77.31,2733.15
2025-07-15 11:00:00,APXMIDP,78.54,2522.1
2025-07-15 11:30:00,APXMIDP,72.0,2866.85
2025-07-15 12:00:00,APXMIDP,53.58,3028.4
2025-07-15 12:30:00,APXMIDP,46.14,3530.35
2025-07-15 13:00:00,APXMIDP,48.18,3540.15
2025-07-15 13:30:00,APXMIDP,39.61,4277.0
2025-07-15 14:00:00,APXMIDP,36.56,3913.55
2025-07-15 14:30:00,APXMIDP,42.57,4497.75
2025-07-15 15:00:00,APXMIDP,58.9,4635.3
2025-07-15 15:30:00,APXMIDP,68.66,5246.6
2025-07-15 16:00:00,APXMIDP,85.19,4858.4
2025-07-15 16:30:00,APXMIDP,85.09,4783.5
2025-07-15 17:00:00,APXMIDP,85.77,4705.95
2025-07-15 17:30:00,APXMIDP,81.58,4214.55
2025-07-15 18:00:00,APXMIDP,91.79,3342.5
2025-07-15 18:30:00,APXMIDP,86.31,3431.25
2025-07-15 19:00:00,APXMIDP,95.65,4023.35
2025-07-15 19:30:00,APXMIDP,94.74,3728.9
2025-07-15 20:00:00,APXMIDP,96.22,3310.65
2025-07-15 20:30:00,APXMIDP,90.76,3601.85
2025-07-15 21:00:00,APXMIDP,84.89,3416.05
2025-07-15 21:30:00,APXMIDP,82.52,3592.75
2025-07-15 22:00:00,APXMIDP,85.53,2207.3
2025-07-15 22:30:00,APXMIDP,88.43,2318.0
2025-07-15 23:00:00,APXMIDP,80.17,2598.3
2025-07-15 23:30:00,APXMIDP,75.36,2569.2
2025-07-16 00:00:00,APXMIDP,71.0,2634.8
2025-07-16 00:30:00,APXMIDP,70.91,2401.3
2025-07-16 01:00:00,APXMIDP,67.43,2748.05
2025-07-16 01:30:00,APXMIDP,67.93,2375.1
2025-07-16 02:00:00,APXMIDP,68.82,2126.25
2025-07-16 02:30:00,APXMIDP,68.45,1874.95
2025-07-16 03:00:00,APXMIDP,69.37,2205.8
2025-07-16 03:30:00,APXMIDP,69.27,2117.5
2025-07-16 04:00:00,APXMIDP,80.11,2108.85
2025-07-16 04:30:00,APXMIDP,88.09,2238.8
2025-07-16 05:00:00,APXMIDP,84.45,1764.1
2025-07-16 05:30:00,APXMIDP,89.09,1997.5
2025-07-16 06:00:00,APXMIDP,93.23,2184.85
2025-07-16 06:30:00,APXMIDP,100.31,2260.75
2025-07-16 07:00:00,APXMIDP,90.26,2864.05
2025-07-16 07:30:00,APXMIDP,94.36,2960.05
2025-07-16 08:00:00,APXMIDP,96.95,2468.05
2025-07-16 08:30:00,APXMIDP,91.18,2299.7
2025-07-16 09:00:00,APXMIDP,90.97,1543.95
2025-07-16 09:30:00,APXMIDP,90.46,1367.45
2025-07-16 10:00:00,APXMIDP,74.77,1725.5
2025-07-16 10:30:00,APXMIDP,73.46,1820.35
2025-07-16 11:00:00,APXMIDP,74.64,2512.7
2025-07-16 11:30:00,APXMIDP,76.54,2388.05
2025-07-16 12:00:00,APXMIDP,75.51,2498.7
2025-07-16 12:30:00,APXMIDP,75.26,2420.2
2025-07-16 13:00:00,APXMIDP,77.8,3017.35
2025-07-16 13:30:00,APXMIDP,83.71,3181.85
2025-07-16 14:00:00,APXMIDP,91.97,4344.95
2025-07-16 14:30:00,APXMIDP,96.92,4011.35
2025-07-16 15:00:00,APXMIDP,90.41,4020.5
2025-07-16 15:30:00,APXMIDP,85.31,3813.0
2025-07-16 16:00:00,APXMIDP,97.61,3607.05
2025-07-16 16:30:00,APXMIDP,101.85,3418.1
2025-07-16 17:00:00,APXMIDP,104.89,3372.75
2025-07-16 17:30:00,APXMIDP,108.11,3645.55
2025-07-16 18:00:00,APXMIDP,117.72,2170.2
2025-07-16 18:30:00,APXMIDP,117.91,2636.65
2025-07-16 19:00:00,APXMIDP,117.77,2256.4
2025-07-16 19:30:00,APXMIDP,116.4,2538.4
2025-07-16 20:00:00,APXMIDP,109.57,2481.25
2025-07-16 20:30:00,APXMIDP,109.28,2076.6
2025-07-16 21:00:00,APXMIDP,104.3,2108.45
2025-07-16 21:30:00,APXMIDP,97.04,2037.5
2025-07-16 22:00:00,APXMIDP,93.78,1560.3
2025-07-16 22:30:00,APXMIDP,88.04,1410.3
2025-07-16 23:00:00,APXMIDP,93.55,1461.6
2025-07-16 23:30:00,APXMIDP,87.53,1531.5
2025-07-17 00:00:00,APXMIDP,80.97,1203.45
2025-07-17 00:30:00,APXMIDP,77.43,1293.45
2025-07-17 01:00:00,APXMIDP,82.74,1691.55
2025-07-17 01:30:00,APXMIDP,78.7,1621.25
2025-07-17 02:00:00,APXMIDP,78.01,1753.25
2025-07-17 02:30:00,APXMIDP,81.09,2019.5
2025-07-17 03:00:00,APXMIDP,79.74,1743.1
2025-07-17 03:30:00,APXMIDP,77.14,1822.65
2025-07-17 04:00:00,APXMIDP,80.8,1727.7
2025-07-17 04:30:00,APXMIDP,83.59,1624.9
2025-07-17 05:00:00,APXMIDP,79.67,1530.25
2025-07-17 05:30:00,APXMIDP,88.64,1774.4
2025-07-17 06:00:00,APXMIDP,85.69,1990.05
2025-07-17 06:30:00,APXMIDP,93.67,2331.6
2025-07-17 07:00:00,APXMIDP,93.46,2038.25
2025-07-17 07:30:00,APXMIDP,92.58,1728.1
2025-07-17 08:00:00,APXMIDP,91.95,2015.65
2025-07-17 08:30:00,APXMIDP,85.71,1811.25
2025-07-17 09:00:00,APXMIDP,85.6,1235.6
2025-07-17 09:30:00,APXMIDP,97.32,1535.9
2025-07-17 10:00:00,APXMIDP,79.03,2041.6
2025-07-17 10:30:00,APXMIDP,75.97,2272.45
2025-07-17 11:00:00,APXMIDP,76.09,2176.55
2025-07-17 11:30:00,APXMIDP,73.61,2206.0
2025-07-17 12:00:00,APXMIDP,77.75,2621.9
2025-07-17 12:30:00,APXMIDP,77.22,2551.75
2025-07-17 13:00:00,APXMIDP,72.73,2504.1
2025-07-17 13:30:00,APXMIDP,76.83,2787.05
2025-07-17 14:00:00,APXMIDP,75.17,2782.3
2025-07-17 14:30:00,APXMIDP,73.18,3084.4
2025-07-17 15:00:00,APXMIDP,71.58,2597.7
2025-07-17 15:30:00,APXMIDP,69.21,2924.8
2025-07-17 16:00:00,APXMIDP,83.6,3413.85
2025-07-17 16:30:00,APXMIDP,81.46,3674.2
2025-07-17 17:00:00,APXMIDP,87.02,4121.1
2025-07-17 17:30:00,APXMIDP,87.74,3952.65
2025-07-17 18:00:00,APXMIDP,96.86,3448.2
2025-07-17 18:30:00,APXMIDP,96.87,3574.4
2025-07-17 19:00:00,APXMIDP,98.15,3587.8
2025-07-17 19:30:00,APXMIDP,95.5,3168.0
2025-07-17 20:00:00,APXMIDP,95.29,3015.25
2025-07-17 20:30:00,APXMIDP,92.53,2831.05
2025-07-17 21:00:00,APXMIDP,90.3,2431.55
2025-07-17 21:30:00,APXMIDP,88.97,2144.2
2025-07-17 22:00:00,APXMIDP,80.53,1868.8
2025-07-17 22:30:00,APXMIDP,75.11,2246.1
2025-07-17 23:00:00,APXMIDP,82.53,1708.85
2025-07-17 23:30:00,APXMIDP,77.12,1492.7
2025-07-18 00:00:00,APXMIDP,78.69,1796.9
2025-07-18 00:30:00,APXMIDP,74.98,1738.1
2025-07-18 01:00:00,APXMIDP,71.74,2045.75
2025-07-18 01:30:00,APXMIDP,75.93,1912.45
2025-07-18 02:00:00,APXMIDP,73.76,1824.95
2025-07-18 02:30:00,APXMIDP,74.4,1787.85
2025-07-18 03:00:00,APXMIDP,73.48,1760.8
2025-07-18 03:30:00,APXMIDP,69.94,1713.05
2025-07-18 04:00:00,APXMIDP,77.88,1719.3
2025-07-18 04:30:00,APXMIDP,78.23,1570.05
2025-07-18 05:00:00,APXMIDP,85.44,1390.4
2025-07-18 05:30:00,APXMIDP,92.44,1544.0
2025-07-18 06:00:00,APXMIDP,87.6,1660.0
2025-07-18 06:30:00,APXMIDP,92.08,1903.35
2025-07-18 07:00:00,APXMIDP,82.52,1719.45
2025-07-18 07:30:00,APXMIDP,83.24,2041.15
2025-07-18 08:00:00,APXMIDP,82.26,1910.85
2025-07-18 08:30:00,APXMIDP,83.63,1587.8
2025-07-18 09:00:00,APXMIDP,85.13,2057.95
2025-07-18 09:30:00,APXMIDP,82.66,1885.45
2025-07-18 10:00:00,APXMIDP,78.48,2242.2
2025-07-18 10:30:00,APXMIDP,78.62,2059.6
2025-07-18 11:00:00,APXMIDP,78.21,2474.6
2025-07-18 11:30:00,APXMIDP,76.67,2056.4
2025-07-18 12:00:00,APXMIDP,78.59,2556.05
2025-07-18 12:30:00,APXMIDP,77.57,2625.05
2025-07-18 13:00:00,APXMIDP,77.27,2560.2
2025-07-18 13:30:00,APXMIDP,79.1,2602.9
2025-07-18 14:00:00,APXMIDP,78.68,3078.45
2025-07-18 14:30:00,APXMIDP,80.93,3398.05
2025-07-18 15:00:00,APXMIDP,88.54,3341.25
2025-07-18 15:30:00,APXMIDP,87.39,3693.75
2025-07-18 16:00:00,APXMIDP,89.63,3535.4
2025-07-18 16:30:00,APXMIDP,82.62,3906.65
2025-07-18 17:00:00,APXMIDP,88.61,3788.6
2025-07-18 17:30:00,APXMIDP,88.71,3611.0
2025-07-18 18:00:00,APXMIDP,98.08,2951.35
2025-07-18 18:30:00,APXMIDP,96.65,3044.55
2025-07-18 19:00:00,APXMIDP,98.68,2648.45
2025-07-18 19:30:00,APXMIDP,97.05,2700.1
2025-07-18 20:00:00,APXMIDP,94.62,2010.2
2025-07-18 20:30:00,APXMIDP,94.95,2117.9
2025-07-18 21:00:00,APXMIDP,90.34,1919.3
2025-07-18 21:30:00,APXMIDP,85.73,2071.85
2025-07-18 22:00:00,APXMIDP,86.61,1514.4
2025-07-18 22:30:00,APXMIDP,86.63,1541.65
2025-07-18 23:00:00,APXMIDP,86.24,1368.9
2025-07-18 23:30:00,APXMIDP,89.44,1853.25
2025-07-19 00:00:00,APXMIDP,81.6,1558.5
2025-07-19 00:30:00,APXMIDP,80.84,1888.1
2025-07-19 01:00:00,APXMIDP,78.02,1904.5
2025-07-19 01:30:00,APXMIDP,75.75,1781.85
2025-07-19 02:00:00,APXMIDP,79.65,1478.4
2025-07-19 02:30:00,APXMIDP,79.24,1481.05
2025-07-19 03:00:00,APXMIDP,81.14,1477.75
2025-07-19 03:30:00,APXMIDP,79.36,1353.7
2025-07-19 04:00:00,APXMIDP,83.3,1420.9
2025-07-19 04:30:00,APXMIDP,84.27,1530.3
2025-07-19 05:00:00,APXMIDP,81.45,1508.55
2025-07-19 05:30:00,APXMIDP,84.27,1448.35
2025-07-19 06:00:00,APXMIDP,75.66,1608.05
2025-07-19 06:30:00,APXMIDP,81.27,1485.55
2025-07-19 07:00:00,APXMIDP,81.51,1546.0
2025-07-19 07:30:00,APXMIDP,83.86,1683.15
2025-07-19 08:00:00,APXMIDP,83.63,1939.15
2025-07-19 08:30:00,APXMIDP,85.32,1958.45
2025-07-19 09:00:00,APXMIDP,86.76,1852.05
2025-07-19 09:30:00,APXMIDP,81.79,2583.15
2025-07-19 10:00:00,APXMIDP,84.69,2391.3
2025-07-19 10:30:00,APXMIDP,81.81,2375.4
2025-07-19 11:00:00,APXMIDP,81.42,2041.05
2025-07-19 11:30:00,APXMIDP,78.88,2182.2
2025-07-19 12:00:00,APXMIDP,78.71,2352.35
2025-07-19 12:30:00,APXMIDP,73.84,2440.45
2025-07-19 13:00:00,APXMIDP,66.52,2607.5
2025-07-19 13:30:00,APXMIDP,62.74,2297.15
2025-07-19 14:00:00,APXMIDP,61.26,2666.9
2025-07-19 14:30:00,APXMIDP,62.69,2939.05
2025-07-19 15:00:00,APXMIDP,65.76,3432.15
2025-07-19 15:30:00,APXMIDP,68.06,3116.25
2025-07-19 16:00:00,APXMIDP,85.05,2986.55
2025-07-19 16:30:00,APXMIDP,82.33,2705.85
2025-07-19 17:00:00,APXMIDP,86.73,2675.75
2025-07-19 17:30:00,APXMIDP,88.6,2698.4
2025-07-19 18:00:00,APXMIDP,93.85,1818.6
2025-07-19 18:30:00,APXMIDP,95.96,1663.0
2025-07-19 19:00:00,APXMIDP,95.91,1678.15
2025-07-19 19:30:00,APXMIDP,92.77,2010.65
2025-07-19 20:00:00,APXMIDP,83.69,2741.75
2025-07-19 20:30:00,APXMIDP,80.15,2346.45
2025-07-19 21:00:00,APXMIDP,83.91,2392.35
2025-07-19 21:30:00,APXMIDP,83.81,2901.25
2025-07-19 22:00:00,APXMIDP,87.46,1474.55
2025-07-19 22:30:00,APXMIDP,88.42,1540.4
2025-07-19 23:00:00,APXMIDP,86.31,1812.4
2025-07-19 23:30:00,APXMIDP,85.96,2004.5
2025-07-20 00:00:00,APXMIDP,84.83,2421.3
2025-07-20 00:30:00,APXMIDP,86.59,2365.6
2025-07-20 01:00:00,APXMIDP,87.47,2138.1
2025-07-20 01:30:00,APXMIDP,83.63,2199.45
2025-07-20 02:00:00,APXMIDP,85.34,1499.85
2025-07-20 02:30:00,APXMIDP,84.46,1388.35
2025-07-20 03:00:00,APXMIDP,83.12,1206.1
2025-07-20 03:30:00,APXMIDP,84.75,1329.35
2025-07-20 04:00:00,APXMIDP,90.98,1679.35
2025-07-20 04:30:00,APXMIDP,90.09,1651.05
2025-07-20 05:00:00,APXMIDP,85.77,1969.1
2025-07-20 05:30:00,APXMIDP,85.99,1760.65
2025-07-20 06:00:00,APXMIDP,79.33,2008.45
2025-07-20 06:30:00,APXMIDP,84.83,1814.7
2025-07-20 07:00:00,APXMIDP,82.54,1638.2
2025-07-20 07:30:00,APXMIDP,90.29,1603.9
2025-07-20 08:00:00,APXMIDP,97.88,1554.05
2025-07-20 08:30:00,APXMIDP,96.79,1757.3
2025-07-20 09:00:00,APXMIDP,99.28,1919.4
2025-07-20 09:30:00,APXMIDP,101.84,1731.05
2025-07-20 10:00:00,APXMIDP,105.79,1811.0
2025-07-20 10:30:00,APXMIDP,105.77,1958.6
2025-07-20 11:00:00,APXMIDP,105.41,2090.25
2025-07-20 11:30:00,APXMIDP,103.87,1926.05
2025-07-20 12:00:00,APXMIDP,97.34,2443.05
2025-07-20 12:30:00,APXMIDP,93.35,2614.9
2025-07-20 13:00:00,APXMIDP,93.14,2846.25
2025-07-20 13:30:00,APXMIDP,88.67,3030.5
2025-07-20 14:00:00,APXMIDP,84.95,3332.1
2025-07-20 14:30:00,APXMIDP,85.69,3443.1
2025-07-20 15:00:00,APXMIDP,87.11,3383.85
2025-07-20 15:30:00,APXMIDP,87.1,4020.4
2025-07-20 16:00:00,APXMIDP,94.96,3051.0
2025-07-20 16:30:00,APXMIDP,93.62,3706.3
2025-07-20 17:00:00,APXMIDP,101.44,3388.5
2025-07-20 17:30:00,APXMIDP,105.49,3675.05
2025-07-20 18:00:00,APXMIDP,107.53,3467.0
2025-07-20 18:30:00,APXMIDP,106.96,3588.2
2025-07-20 19:00:00,APXMIDP,108.29,3135.15
2025-07-20 19:30:00,APXMIDP,107.68,3235.35
2025-07-20 20:00:00,APXMIDP,102.36,3340.75
2025-07-20 20:30:00,APXMIDP,99.88,3597.65
2025-07-20 21:00:00,APXMIDP,89.74,3481.65
2025-07-20 21:30:00,APXMIDP,81.6,3608.8
2025-07-20 22:00:00,APXMIDP,73.53,2036.8
2025-07-20 22:30:00,APXMIDP,72.16,2080.85
2025-07-20 23:00:00,APXMIDP,71.39,1934.9
2025-07-20 23:30:00,APXMIDP,68.94,1698.85
2025-07-21 00:00:00,APXMIDP,69.23,1785.95
2025-07-21 00:30:00,APXMIDP,70.92,1870.55
2025-07-21 01:00:00,APXMIDP,69.32,2165.65
2025-07-21 01:30:00,APXMIDP,67.86,1896.8
2025-07-21 02:00:00,APXMIDP,67.95,1665.0
2025-07-21 02:30:00,APXMIDP,67.65,1618.4
2025-07-21 03:00:00,APXMIDP,67.62,1577.15
2025-07-21 03:30:00,APXMIDP,66.3,1771.35
2025-07-21 04:00:00,APXMIDP,70.77,1816.05
2025-07-21 04:30:00,APXMIDP,72.59,1934.25
2025-07-21 05:00:00,APXMIDP,80.95,2520.75
2025-07-21 05:30:00,APXMIDP,83.9,2211.8
2025-07-21 06:00:00,APXMIDP,85.34,1807.05
2025-07-21 06:30:00,APXMIDP,86.02,2243.65
2025-07-21 07:00:00,APXMIDP,86.6,2407.45
2025-07-21 07:30:00,APXMIDP,88.63,2266.65
2025-07-21 08:00:00,APXMIDP,90.36,2528.5
2025-07-21 08:30:00,APXMIDP,86.48,2314.75
2025-07-21 09:00:00,APXMIDP,79.69,2019.2
2025-07-21 09:30:00,APXMIDP,76.97,2250.8
2025-07-21 10:00:00,APXMIDP,75.54,2257.9
2025-07-21 10:30:00,APXMIDP,78.71,2265.9
2025-07-21 11:00:00,APXMIDP,72.97,2478.5
2025-07-21 11:30:00,APXMIDP,75.74,2652.3
2025-07-21 12:00:00,APXMIDP,78.44,2363.6
2025-07-21 12:30:00,APXMIDP,81.96,2384.85
2025-07-21 13:00:00,APXMIDP,77.52,3070.55
2025-07-21 13:30:00,APXMIDP,78.92,2667.15
2025-07-21 14:00:00,APXMIDP,79.72,1888.85
2025-07-21 14:30:00,APXMIDP,80.51,1822.05
2025-07-21 15:00:00,APXMIDP,84.89,1943.65
2025-07-21 15:30:00,APXMIDP,83.63,2168.15
2025-07-21 16:00:00,APXMIDP,88.04,2128.35
2025-07-21 16:30:00,APXMIDP,86.44,1993.95
2025-07-21 17:00:00,APXMIDP,87.0,2009.95
2025-07-21 17:30:00,APXMIDP,86.39,2060.55
2025-07-21 18:00:00,APXMIDP,85.73,2695.65
2025-07-21 18:30:00,APXMIDP,89.2,2519.95
2025-07-21 19:00:00,APXMIDP,89.79,2192.4
2025-07-21 19:30:00,APXMIDP,89.89,2455.4
2025-07-21 20:00:00,APXMIDP,89.59,2179.55
2025-07-21 20:30:00,APXMIDP,88.9,2527.1
2025-07-21 21:00:00,APXMIDP,87.65,2774.6
2025-07-21 21:30:00,APXMIDP,86.56,2725.45
2025-07-21 22:00:00,APXMIDP,79.05,2168.7
2025-07-21 22:30:00,APXMIDP,78.88,1890.75
2025-07-21 23:00:00,APXMIDP,75.38,1714.65
2025-07-21 23:30:00,APXMIDP,72.42,1722.6
2025-07-22 00:00:00,APXMIDP,77.33,1520.9
2025-07-22 00:30:00,APXMIDP,69.52,1743.6
2025-07-22 01:00:00,APXMIDP,69.51,1547.35
2025-07-22 01:30:00,APXMIDP,70.91,1811.1
2025-07-22 02:00:00,APXMIDP,65.88,1836.55
2025-07-22 02:30:00,APXMIDP,68.34,1731.15
2025-07-22 03:00:00,APXMIDP,69.35,1973.4
2025-07-22 03:30:00,APXMIDP,67.54,1858.85
2025-07-22 04:00:00,APXMIDP,67.74,2118.5
2025-07-22 04:30:00,APXMIDP,71.54,1869.15
2025-07-22 05:00:00,APXMIDP,76.96,2140.7
2025-07-22 05:30:00,APXMIDP,89.69,2753.45
2025-07-22 06:00:00,APXMIDP,92.98,2266.85
2025-07-22 06:30:00,APXMIDP,98.0,2700.75
2025-07-22 07:00:00,APXMIDP,91.09,1955.6
2025-07-22 07:30:00,APXMIDP,94.29,1922.4
2025-07-22 08:00:00,APXMIDP,95.42,2095.45
2025-07-22 08:30:00,APXMIDP,93.23,1931.75
2025-07-22 09:00:00,APXMIDP,93.91,1980.35
2025-07-22 09:30:00,APXMIDP,94.95,1810.65
2025-07-22 10:00:00,APXMIDP,91.34,2368.1
2025-07-22 10:30:00,APXMIDP,91.59,2299.5
2025-07-22 11:00:00,APXMIDP,96.67,2380.95
2025-07-22 11:30:00,APXMIDP,96.79,2524.0
2025-07-22 12:00:00,APXMIDP,91.37,2633.0
2025-07-22 12:30:00,APXMIDP,90.06,2589.2
2025-07-22 13:00:00,APXMIDP,87.97,2965.5
2025-07-22 13:30:00,APXMIDP,87.79,3206.7
2025-07-22 14:00:00,APXMIDP,85.38,2980.6
2025-07-22 14:30:00,APXMIDP,86.78,3749.3
2025-07-22 15:00:00,APXMIDP,86.73,3677.05
2025-07-22 15:30:00,APXMIDP,88.61,3776.45
2025-07-22 16:00:00,APXMIDP,89.41,3514.7
2025-07-22 16:30:00,APXMIDP,87.65,3580.7
2025-07-22 17:00:00,APXMIDP,93.14,3582.05
2025-07-22 17:30:00,APXMIDP,94.07,3597.65
2025-07-22 18:00:00,APXMIDP,94.12,3100.5
2025-07-22 18:30:00,APXMIDP,94.92,2975.35
2025-07-22 19:00:00,APXMIDP,94.33,2787.8
2025-07-22 19:30:00,APXMIDP,95.73,2667.35
2025-07-22 20:00:00,APXMIDP,90.44,2281.7
2025-07-22 20:30:00,APXMIDP,89.69,2122.0
2025-07-22 21:00:00,APXMIDP,88.04,2253.1
2025-07-22 21:30:00,APXMIDP,82.38,2346.05
2025-07-22 22:00:00,APXMIDP,70.62,1779.9
2025-07-22 22:30:00,APXMIDP,73.91,2031.3
2025-07-22 23:00:00,APXMIDP,71.14,1485.5
2025-07-22 23:30:00,APXMIDP,69.17,1571.15
2025-07-23 00:00:00,APXMIDP,71.12,1870.5
2025-07-23 00:30:00,APXMIDP,68.76,1860.7
2025-07-23 01:00:00,APXMIDP,73.32,1706.25
2025-07-23 01:30:00,APXMIDP,72.28,1781.25
2025-07-23 02:00:00,APXMIDP,72.35,1655.85
2025-07-23 02:30:00,APXMIDP,72.09,1434.0
2025-07-23 03:00:00,APXMIDP,71.75,1318.7
2025-07-23 03:30:00,APXMIDP,70.4,1434.2
2025-07-23 04:00:00,APXMIDP,77.34,1739.9
2025-07-23 04:30:00,APXMIDP,81.07,1424.3
2025-07-23 05:00:00,APXMIDP,84.24,1879.45
2025-07-23 05:30:00,APXMIDP,83.31,1938.25
2025-07-23 06:00:00,APXMIDP,82.46,1912.4
2025-07-23 06:30:00,APXMIDP,88.32,2073.6
2025-07-23 07:00:00,APXMIDP,95.44,1871.35
2025-07-23 07:30:00,APXMIDP,97.2,1785.25
2025-07-23 08:00:00,APXMIDP,101.78,1811.75
2025-07-23 08:30:00,APXMIDP,107.16,2742.95
2025-07-23 09:00:00,APXMIDP,91.35,2581.85
2025-07-23 09:30:00,APXMIDP,85.14,2536.55
2025-07-23 10:00:00,APXMIDP,76.43,2826.75
2025-07-23 10:30:00,APXMIDP,73.78,3091.25
2025-07-23 11:00:00,APXMIDP,72.94,2878.75
2025-07-23 11:30:00,APXMIDP,78.25,3155.35
2025-07-23 12:00:00,APXMIDP,77.8,3193.55
2025-07-23 12:30:00,APXMIDP,77.57,3402.15
2025-07-23 13:00:00,APXMIDP,79.63,3844.15
2025-07-23 13:30:00,APXMIDP,80.84,3621.35
2025-07-23 14:00:00,APXMIDP,84.41,2741.95
2025-07-23 14:30:00,APXMIDP,82.1,2797.3
2025-07-23 15:00:00,APXMIDP,79.89,2529.2
2025-07-23 15:30:00,APXMIDP,84.0,3572.3
2025-07-23 16:00:00,APXMIDP,93.05,2936.45
2025-07-23 16:30:00,APXMIDP,93.85,3404.95
2025-07-23 17:00:00,APXMIDP,108.8,3012.9
2025-07-23 17:30:00,APXMIDP,109.82,2804.95
2025-07-23 18:00:00,APXMIDP,104.97,2937.0
2025-07-23 18:30:00,APXMIDP,105.25,2905.3
2025-07-23 19:00:00,APXMIDP,104.48,3164.0
2025-07-23 19:30:00,APXMIDP,103.39,2838.2
2025-07-23 20:00:00,APXMIDP,102.43,2300.95
2025-07-23 20:30:00,APXMIDP,96.43,2220.7
2025-07-23 21:00:00,APXMIDP,95.78,2330.55
2025-07-23 21:30:00,APXMIDP,86.94,2638.65
2025-07-23 22:00:00,APXMIDP,83.3,1995.35
2025-07-23 22:30:00,APXMIDP,81.52,1705.55
2025-07-23 23:00:00,APXMIDP,83.43,1592.5
2025-07-23 23:30:00,APXMIDP,82.99,1438.45
2025-07-24 00:00:00,APXMIDP,81.48,1438.6
2025-07-24 00:30:00,APXMIDP,79.33,1331.65
2025-07-24 01:00:00,APXMIDP,82.65,1489.25
2025-07-24 01:30:00,APXMIDP,78.78,1747.15
2025-07-24 02:00:00,APXMIDP,84.81,1676.0
2025-07-24 02:30:00,APXMIDP,85.86,1733.1
2025-07-24 03:00:00,APXMIDP,82.59,1512.2
2025-07-24 03:30:00,APXMIDP,78.96,1574.4
2025-07-24 04:00:00,APXMIDP,81.22,1445.6
2025-07-24 04:30:00,APXMIDP,85.03,1420.65
2025-07-24 05:00:00,APXMIDP,87.13,1904.3
2025-07-24 05:30:00,APXMIDP,92.22,2411.95
2025-07-24 06:00:00,APXMIDP,89.38,2392.8
2025-07-24 06:30:00,APXMIDP,93.59,3039.35
2025-07-24 07:00:00,APXMIDP,88.34,2562.45
2025-07-24 07:30:00,APXMIDP,85.95,3015.15
2025-07-24 08:00:00,APXMIDP,80.95,3048.7
2025-07-24 08:30:00,APXMIDP,83.42,2791.2
2025-07-24 09:00:00,APXMIDP,83.94,2856.35
2025-07-24 09:30:00,APXMIDP,84.11,3114.35
2025-07-24 10:00:00,APXMIDP,80.59,2815.95
2025-07-24 10:30:00,APXMIDP,79.16,3098.0
2025-07-24 11:00:00,APXMIDP,80.64,3393.6
2025-07-24 11:30:00,APXMIDP,82.18,3355.4
2025-07-24 12:00:00,APXMIDP,82.65,3030.6
2025-07-24 12:30:00,APXMIDP,82.0,3410.9
2025-07-24 13:00:00,APXMIDP,81.23,3248.45
2025-07-24 13:30:00,APXMIDP,81.77,3076.15
2025-07-24 14:00:00,APXMIDP,86.51,3238.8
2025-07-24 14:30:00,APXMIDP,86.11,3053.6
2025-07-24 15:00:00,APXMIDP,88.58,2431.9
2025-07-24 15:30:00,APXMIDP,84.56,2836.55
2025-07-24 16:00:00,APXMIDP,94.2,3155.4
2025-07-24 16:30:00,APXMIDP,83.83,2361.05
2025-07-24 17:00:00,APXMIDP,96.62,3680.8
2025-07-24 17:30:00,APXMIDP,96.13,4332.4
2025-07-24 18:00:00,APXMIDP,103.16,3840.2
2025-07-24 18:30:00,APXMIDP,100.6,3809.8
2025-07-24 19:00:00,APXMIDP,103.37,4362.3
2025-07-24 19:30:00,APXMIDP,99.71,3771.25
2025-07-24 20:00:00,APXMIDP,92.87,3111.3
2025-07-24 20:30:00,APXMIDP,96.53,2976.2
2025-07-24 21:00:00,APXMIDP,93.35,2870.9
2025-07-24 21:30:00,APXMIDP,83.32,2633.2
2025-07-24 22:00:00,APXMIDP,91.42,2900.35
2025-07-24 22:30:00,APXMIDP,85.05,2787.35
2025-07-24 23:00:00,APXMIDP,83.77,2092.95
2025-07-24 23:30:00,APXMIDP,85.89,2053.95
2025-07-25 00:00:00,APXMIDP,85.26,1978.45
2025-07-25 00:30:00,APXMIDP,83.88,1989.4
2025-07-25 01:00:00,APXMIDP,81.47,1458.05
2025-07-25 01:30:00,APXMIDP,80.18,1566.5
2025-07-25 02:00:00,APXMIDP,77.53,1251.2
2025-07-25 02:30:00,APXMIDP,77.86,1159.3
2025-07-25 03:00:00,APXMIDP,79.62,1068.5
2025-07-25 03:30:00,APXMIDP,77.5,1023.3
2025-07-25 04:00:00,APXMIDP,77.02,1067.4
2025-07-25 04:30:00,APXMIDP,76.37,936.25
2025-07-25 05:00:00,APXMIDP,82.85,1137.15
2025-07-25 05:30:00,APXMIDP,94.06,1368.7
2025-07-25 06:00:00,APXMIDP,90.81,1548.0
2025-07-25 06:30:00,APXMIDP,91.59,1753.2
2025-07-25 07:00:00,APXMIDP,87.91,1528.1
2025-07-25 07:30:00,APXMIDP,82.11,1827.6
2025-07-25 08:00:00,APXMIDP,78.4,1659.6
2025-07-25 08:30:00,APXMIDP,73.36,1574.5
2025-07-25 09:00:00,APXMIDP,66.61,1544.75
2025-07-25 09:30:00,APXMIDP,70.21,2158.7
2025-07-25 10:00:00,APXMIDP,73.94,2603.9
2025-07-25 10:30:00,APXMIDP,73.84,2697.35
2025-07-25 11:00:00,APXMIDP,73.0,2238.25
2025-07-25 11:30:00,APXMIDP,71.65,2404.15
2025-07-25 12:00:00,APXMIDP,72.27,2599.15
2025-07-25 12:30:00,APXMIDP,70.08,3012.85
2025-07-25 13:00:00,APXMIDP,76.91,3171.65
2025-07-25 13:30:00,APXMIDP,78.96,3486.3
2025-07-25 14:00:00,APXMIDP,74.2,3297.7
2025-07-25 14:30:00,APXMIDP,74.29,2750.5
2025-07-25 15:00:00,APXMIDP,73.45,2872.0
2025-07-25 15:30:00,APXMIDP,68.56,3365.45
2025-07-25 16:00:00,APXMIDP,80.64,2893.55
2025-07-25 16:30:00,APXMIDP,87.67,2913.1
2025-07-25 17:00:00,APXMIDP,88.13,3718.45
2025-07-25 17:30:00,APXMIDP,96.94,3527.1
2025-07-25 18:00:00,APXMIDP,97.6,2803.05
2025-07-25 18:30:00,APXMIDP,103.21,2744.45
2025-07-25 19:00:00,APXMIDP,106.64,2310.6
2025-07-25 19:30:00,APXMIDP,106.01,2512.3
2025-07-25 20:00:00,APXMIDP,101.82,2100.25
2025-07-25 20:30:00,APXMIDP,96.42,1885.5
2025-07-25 21:00:00,APXMIDP,95.21,2270.5
2025-07-25 21:30:00,APXMIDP,87.64,2040.9
2025-07-25 22:00:00,APXMIDP,87.02,2372.0
2025-07-25 22:30:00,APXMIDP,93.06,2633.15
2025-07-25 23:00:00,APXMIDP,94.19,2439.85
2025-07-25 23:30:00,APXMIDP,88.17,1924.8
2025-07-26 00:00:00,APXMIDP,82.12,1537.2
2025-07-26 00:30:00,APXMIDP,82.86,1301.9
2025-07-26 01:00:00,APXMIDP,81.11,1406.4
2025-07-26 01:30:00,APXMIDP,79.69,1394.1
2025-07-26 02:00:00,APXMIDP,78.88,1284.3
2025-07-26 02:30:00,APXMIDP,76.21,1310.5
2025-07-26 03:00:00,APXMIDP,78.85,1199.55
2025-07-26 03:30:00,APXMIDP,81.07,1261.05
2025-07-26 04:00:00,APXMIDP,83.53,1399.15
2025-07-26 04:30:00,APXMIDP,85.04,1302.2
2025-07-26 05:00:00,APXMIDP,80.55,1373.3
2025-07-26 05:30:00,APXMIDP,83.51,1429.2
2025-07-26 06:00:00,APXMIDP,68.68,1467.5
2025-07-26 06:30:00,APXMIDP,72.97,1344.75
2025-07-26 07:00:00,APXMIDP,73.24,1462.75
2025-07-26 07:30:00,APXMIDP,75.61,1391.8
2025-07-26 08:00:00,APXMIDP,78.49,1255.5
2025-07-26 08:30:00,APXMIDP,79.96,1404.0
2025-07-26 09:00:00,APXMIDP,85.64,1761.45
2025-07-26 09:30:00,APXMIDP,91.6,1990.55
2025-07-26 10:00:00,APXMIDP,94.5,2234.4
2025-07-26 10:30:00,APXMIDP,92.74,1865.55
2025-07-26 11:00:00,APXMIDP,91.33,2080.4
2025-07-26 11:30:00,APXMIDP,94.66,2240.0
2025-07-26 12:00:00,APXMIDP,89.06,2200.5
2025-07-26 12:30:00,APXMIDP,80.16,1943.2
2025-07-26 13:00:00,APXMIDP,76.94,2296.9
2025-07-26 13:30:00,APXMIDP,71.04,2506.95
2025-07-26 14:00:00,APXMIDP,75.75,2241.7
2025-07-26 14:30:00,APXMIDP,76.42,2577.9
2025-07-26 15:00:00,APXMIDP,76.63,2467.1
2025-07-26 15:30:00,APXMIDP,73.93,2397.05
2025-07-26 16:00:00,APXMIDP,81.6,2017.9
2025-07-26 16:30:00,APXMIDP,80.42,1819.3
2025-07-26 17:00:00,APXMIDP,84.66,2181.2
2025-07-26 17:30:00,APXMIDP,82.59,1852.55
2025-07-26 18:00:00,APXMIDP,84.49,1555.05
2025-07-26 18:30:00,APXMIDP,89.65,1561.9
2025-07-26 19:00:00,APXMIDP,92.65,1784.3
2025-07-26 19:30:00,APXMIDP,90.26,1622.95
2025-07-26 20:00:00,APXMIDP,85.66,1648.65
2025-07-26 20:30:00,APXMIDP,82.91,1553.1
2025-07-26 21:00:00,APXMIDP,77.92,1871.3
2025-07-26 21:30:00,APXMIDP,75.9,2137.3
2025-07-26 22:00:00,APXMIDP,68.87,2090.1
2025-07-26 22:30:00,APXMIDP,71.9,2222.25
2025-07-26 23:00:00,APXMIDP,77.33,1759.05
2025-07-26 23:30:00,APXMIDP,76.13,1724.7
2025-07-27 00:00:00,APXMIDP,79.6,1563.15
2025-07-27 00:30:00,APXMIDP,78.19,1587.45
2025-07-27 01:00:00,APXMIDP,78.26,1367.1
2025-07-27 01:30:00,APXMIDP,75.85,1309.2
2025-07-27 02:00:00,APXMIDP,75.33,1597.35
2025-07-27 02:30:00,APXMIDP,71.76,1484.85
2025-07-27 03:00:00,APXMIDP,74.11,1643.35
2025-07-27 03:30:00,APXMIDP,77.31,1761.9
2025-07-27 04:00:00,APXMIDP,74.49,1318.25
2025-07-27 04:30:00,APXMIDP,73.64,1171.6
2025-07-27 05:00:00,APXMIDP,74.76,1560.2
2025-07-27 05:30:00,APXMIDP,75.5,1529.25
2025-07-27 06:00:00,APXMIDP,80.21,1560.4
2025-07-27 06:30:00,APXMIDP,83.24,1651.95
2025-07-27 07:00:00,APXMIDP,76.15,1766.35
2025-07-27 07:30:00,APXMIDP,80.45,1941.05
2025-07-27 08:00:00,APXMIDP,85.55,1646.65
2025-07-27 08:30:00,APXMIDP,86.56,1790.2
2025-07-27 09:00:00,APXMIDP,90.04,1963.35
2025-07-27 09:30:00,APXMIDP,91.38,1864.05
2025-07-27 10:00:00,APXMIDP,92.97,2001.6
2025-07-27 10:30:00,APXMIDP,93.93,2018.95
2025-07-27 11:00:00,APXMIDP,93.82,1960.9
2025-07-27 11:30:00,APXMIDP,92.64,1944.4
2025-07-27 12:00:00,APXMIDP,89.28,1922.85
2025-07-27 12:30:00,APXMIDP,86.86,1864.55
2025-07-27 13:00:00,APXMIDP,86.16,1939.5
2025-07-27 13:30:00,APXMIDP,81.76,2297.85
2025-07-27 14:00:00,APXMIDP,83.43,1706.25
2025-07-27 14:30:00,APXMIDP,84.8,1908.85
2025-07-27 15:00:00,APXMIDP,83.48,1883.0
2025-07-27 15:30:00,APXMIDP,82.66,1677.55
2025-07-27 16:00:00,APXMIDP,88.76,2242.1
2025-07-27 16:30:00,APXMIDP,84.93,2267.55
2025-07-27 17:00:00,APXMIDP,87.16,2341.35
2025-07-27 17:30:00,APXMIDP,92.66,2349.2
2025-07-27 18:00:00,APXMIDP,92.0,2104.65
2025-07-27 18:30:00,APXMIDP,89.87,2068.05
2025-07-27 19:00:00,APXMIDP,91.68,2309.75
2025-07-27 19:30:00,APXMIDP,86.57,2432.9
2025-07-27 20:00:00,APXMIDP,92.78,2173.15
2025-07-27 20:30:00,APXMIDP,88.77,2392.85
2025-07-27 21:00:00,APXMIDP,87.97,2279.65
2025-07-27 21:30:00,APXMIDP,84.57,2375.95
2025-07-27 22:00:00,APXMIDP,72.15,1561.1
2025-07-27 22:30:00,APXMIDP,71.0,1981.25
2025-07-27 23:00:00,APXMIDP,76.17,1791.35
2025-07-27 23:30:00,APXMIDP,76.42,1762.65
2025-07-28 00:00:00,APXMIDP,74.2,1297.15
2025-07-28 00:30:00,APXMIDP,70.56,998.35
2025-07-28 01:00:00,APXMIDP,70.19,1180.8
2025-07-28 01:30:00,APXMIDP,67.8,1176.25
2025-07-28 02:00:00,APXMIDP,67.41,1284.65
2025-07-28 02:30:00,APXMIDP,66.32,1181.9
2025-07-28 03:00:00,APXMIDP,69.96,1435.7
2025-07-28 03:30:00,APXMIDP,68.1,1358.8
2025-07-28 04:00:00,APXMIDP,73.48,1475.0
2025-07-28 04:30:00,APXMIDP,71.86,1333.65
2025-07-28 05:00:00,APXMIDP,74.04,1883.95
2025-07-28 05:30:00,APXMIDP,83.72,2009.75
2025-07-28 06:00:00,APXMIDP,79.84,1853.15
2025-07-28 06:30:00,APXMIDP,83.27,2254.3
2025-07-28 07:00:00,APXMIDP,83.45,1769.15
2025-07-28 07:30:00,APXMIDP,81.1,2105.85
2025-07-28 08:00:00,APXMIDP,78.64,2155.95
2025-07-28 08:30:00,APXMIDP,79.04,2053.3
2025-07-28 09:00:00,APXMIDP,76.99,2547.35
2025-07-28 09:30:00,APXMIDP,67.53,2624.45
2025-07-28 10:00:00,APXMIDP,66.44,2604.4
2025-07-28 10:30:00,APXMIDP,72.82,2904.75
2025-07-28 11:00:00,APXMIDP,81.42,2909.95
2025-07-28 11:30:00,APXMIDP,85.2,3110.15
2025-07-28 12:00:00,APXMIDP,87.31,3957.75
2025-07-28 12:30:00,APXMIDP,84.98,3486.65
2025-07-28 13:00:00,APXMIDP,86.77,2811.0
2025-07-28 13:30:00,APXMIDP,86.86,3161.85
2025-07-28 14:00:00,APXMIDP,84.58,2733.75
2025-07-28 14:30:00,APXMIDP,77.98,2599.25
2025-07-28 15:00:00,APXMIDP,76.26,2988.95
2025-07-28 15:30:00,APXMIDP,77.15,2740.3
2025-07-28 16:00:00,APXMIDP,75.38,2253.95
2025-07-28 16:30:00,APXMIDP,74.27,2133.8
2025-07-28 17:00:00,APXMIDP,81.34,2533.65
2025-07-28 17:30:00,APXMIDP,92.41,2828.25
2025-07-28 18:00:00,APXMIDP,91.97,3202.6
2025-07-28 18:30:00,APXMIDP,91.21,3020.65
2025-07-28 19:00:00,APXMIDP,91.71,2867.0
2025-07-28 19:30:00,APXMIDP,90.55,2835.9
2025-07-28 20:00:00,APXMIDP,87.64,2383.4
2025-07-28 20:30:00,APXMIDP,82.38,2098.6
2025-07-28 21:00:00,APXMIDP,80.88,1990.5
2025-07-28 21:30:00,APXMIDP,78.16,2480.8
2025-07-28 22:00:00,APXMIDP,73.88,1897.5
2025-07-28 22:30:00,APXMIDP,71.36,1435.5
2025-07-28 23:00:00,APXMIDP,70.63,1460.35
2025-07-28 23:30:00,APXMIDP,69.55,1529.6
2025-07-29 00:00:00,APXMIDP,67.99,1126.4
2025-07-29 00:30:00,APXMIDP,67.8,1346.9
2025-07-29 01:00:00,APXMIDP,67.28,1425.25
2025-07-29 01:30:00,APXMIDP,69.0,1609.55
2025-07-29 02:00:00,APXMIDP,66.22,1294.95
2025-07-29 02:30:00,APXMIDP,66.33,1255.25
2025-07-29 03:00:00,APXMIDP,68.38,1451.5
2025-07-29 03:30:00,APXMIDP,66.96,1346.45
2025-07-29 04:00:00,APXMIDP,74.31,1347.35
2025-07-29 04:30:00,APXMIDP,81.39,1232.75
2025-07-29 05:00:00,APXMIDP,78.02,1536.7
2025-07-29 05:30:00,APXMIDP,80.95,1778.85
2025-07-29 06:00:00,APXMIDP,72.99,2038.55
2025-07-29 06:30:00,APXMIDP,79.89,2090.2
2025-07-29 07:00:00,APXMIDP,88.19,2176.8
2025-07-29 07:30:00,APXMIDP,93.75,2365.55
2025-07-29 08:00:00,APXMIDP,88.47,2707.85
2025-07-29 08:30:00,APXMIDP,88.4,2346.8
2025-07-29 09:00:00,APXMIDP,90.71,2513.65
2025-07-29 09:30:00,APXMIDP,84.14,2534.75
2025-07-29 10:00:00,APXMIDP,79.88,2296.05
2025-07-29 10:30:00,APXMIDP,76.41,2530.8
2025-07-29 11:00:00,APXMIDP,75.93,2376.85
2025-07-29 11:30:00,APXMIDP,75.07,2284.95
2025-07-29 12:00:00,APXMIDP,77.68,2473.55
2025-07-29 12:30:00,APXMIDP,74.07,2117.15
2025-07-29 13:00:00,APXMIDP,73.61,2116.0
2025-07-29 13:30:00,APXMIDP,73.6,2400.4
2025-07-29 14:00:00,APXMIDP,71.95,1605.3
2025-07-29 14:30:00,APXMIDP,73.25,2010.4
2025-07-29 15:00:00,APXMIDP,72.61,1656.3
2025-07-29 15:30:00,APXMIDP,73.88,2332.0
2025-07-29 16:00:00,APXMIDP,87.58,2471.25
2025-07-29 16:30:00,APXMIDP,94.91,2831.9
2025-07-29 17:00:00,APXMIDP,98.43,3567.75
2025-07-29 17:30:00,APXMIDP,102.59,3409.2
2025-07-29 18:00:00,APXMIDP,111.49,4417.45
2025-07-29 18:30:00,APXMIDP,110.32,4462.1
2025-07-29 19:00:00,APXMIDP,105.82,4030.95
2025-07-29 19:30:00,APXMIDP,103.4,4016.35
2025-07-29 20:00:00,APXMIDP,102.93,3264.0
2025-07-29 20:30:00,APXMIDP,92.5,2999.95
2025-07-29 21:00:00,APXMIDP,92.58,3319.45
2025-07-29 21:30:00,APXMIDP,92.43,3474.5
2025-07-29 22:00:00,APXMIDP,82.38,1696.1
2025-07-29 22:30:00,APXMIDP,79.1,1036.75
2025-07-29 23:00:00,APXMIDP,73.9,932.7
2025-07-29 23:30:00,APXMIDP,71.73,1020.2
2025-07-30 00:00:00,APXMIDP,69.91,1117.55
2025-07-30 00:30:00,APXMIDP,69.89,1152.95
2025-07-30 01:00:00,APXMIDP,71.67,1114.95
2025-07-30 01:30:00,APXMIDP,72.21,1356.45
2025-07-30 02:00:00,APXMIDP,70.89,1038.3
2025-07-30 02:30:00,APXMIDP,69.34,1003.9
2025-07-30 03:00:00,APXMIDP,69.44,986.95
2025-07-30 03:30:00,APXMIDP,69.07,1089.85
2025-07-30 04:00:00,APXMIDP,71.01,1054.5
2025-07-30 04:30:00,APXMIDP,72.72,1399.65
2025-07-30 05:00:00,APXMIDP,80.14,1617.3
2025-07-30 05:30:00,APXMIDP,98.36,2198.3
2025-07-30 06:00:00,APXMIDP,79.48,2338.45
2025-07-30 06:30:00,APXMIDP,84.75,2436.05
2025-07-30 07:00:00,APXMIDP,83.11,2018.25
2025-07-30 07:30:00,APXMIDP,83.67,2082.3
2025-07-30 08:00:00,APXMIDP,85.45,2177.45
2025-07-30 08:30:00,APXMIDP,83.95,2144.8
2025-07-30 09:00:00,APXMIDP,78.57,2302.05
2025-07-30 09:30:00,APXMIDP,74.4,2782.05
2025-07-30 10:00:00,APXMIDP,73.05,2597.1
2025-07-30 10:30:00,APXMIDP,75.26,2527.6
2025-07-30 11:00:00,APXMIDP,81.72,3160.55
2025-07-30 11:30:00,APXMIDP,81.7,2752.45
2025-07-30 12:00:00,APXMIDP,78.19,2746.3
2025-07-30 12:30:00,APXMIDP,76.22,2225.25
2025-07-30 13:00:00,APXMIDP,73.59,2780.75
2025-07-30 13:30:00,APXMIDP,75.66,2925.45
2025-07-30 14:00:00,APXMIDP,70.46,2446.8
2025-07-30 14:30:00,APXMIDP,75.62,2711.05
2025-07-30 15:00:00,APXMIDP,73.59,2416.2
2025-07-30 15:30:00,APXMIDP,73.4,2621.35
2025-07-30 16:00:00,APXMIDP,77.97,2524.55
2025-07-30 16:30:00,APXMIDP,82.65,2872.35
2025-07-30 17:00:00,APXMIDP,90.57,3704.2
2025-07-30 17:30:00,APXMIDP,90.54,4280.75
2025-07-30 18:00:00,APXMIDP,100.5,4917.0
2025-07-30 18:30:00,APXMIDP,100.64,4156.0
2025-07-30 19:00:00,APXMIDP,97.56,4172.8
2025-07-30 19:30:00,APXMIDP,98.5,4536.85
2025-07-30 20:00:00,APXMIDP,89.24,3146.65
2025-07-30 20:30:00,APXMIDP,86.28,2908.65
2025-07-30 21:00:00,APXMIDP,86.09,3007.9
2025-07-30 21:30:00,APXMIDP,88.14,3799.75
2025-07-30 22:00:00,APXMIDP,77.86,2162.8
2025-07-30 22:30:00,APXMIDP,77.69,1560.15
2025-07-30 23:00:00,APXMIDP,77.45,1536.9
2025-07-30 23:30:00,APXMIDP,73.41,1626.35
2025-07-31 00:00:00,APXMIDP,70.36,1318.2
2025-07-31 00:30:00,APXMIDP,68.34,1544.7
2025-07-31 01:00:00,APXMIDP,71.68,1617.65
2025-07-31 01:30:00,APXMIDP,70.87,1509.45
2025-07-31 02:00:00,APXMIDP,70.89,1187.3
2025-07-31 02:30:00,APXMIDP,70.78,1292.5
2025-07-31 03:00:00,APXMIDP,69.88,1539.8
2025-07-31 03:30:00,APXMIDP,68.63,1514.1
2025-07-31 04:00:00,APXMIDP,83.12,1856.05
2025-07-31 04:30:00,APXMIDP,85.62,1727.45
2025-07-31 05:00:00,APXMIDP,80.28,1693.65
2025-07-31 05:30:00,APXMIDP,96.33,1999.7
2025-07-31 06:00:00,APXMIDP,73.83,1837.1
2025-07-31 06:30:00,APXMIDP,92.25,2088.15
2025-07-31 07:00:00,APXMIDP,90.44,2169.25
2025-07-31 07:30:00,APXMIDP,90.13,2338.6
2025-07-31 08:00:00,APXMIDP,88.05,2506.4
2025-07-31 08:30:00,APXMIDP,87.46,2387.0
2025-07-31 09:00:00,APXMIDP,81.17,2609.85
2025-07-31 09:30:00,APXMIDP,77.94,3076.6
2025-07-31 10:00:00,APXMIDP,76.11,2933.75
2025-07-31 10:30:00,APXMIDP,69.76,2949.85
2025-07-31 11:00:00,APXMIDP,78.41,3348.1
2025-07-31 11:30:00,APXMIDP,70.02,2964.1
2025-07-31 12:00:00,APXMIDP,66.3,2704.2
2025-07-31 12:30:00,APXMIDP,64.67,2600.95
2025-07-31 13:00:00,APXMIDP,66.73,3079.05
2025-07-31 13:30:00,APXMIDP,68.56,3219.05
2025-07-31 14:00:00,APXMIDP,77.13,3657.95
2025-07-31 14:30:00,APXMIDP,74.55,3552.8
2025-07-31 15:00:00,APXMIDP,74.54,3361.9
2025-07-31 15:30:00,APXMIDP,81.13,3748.65
2025-07-31 16:00:00,APXMIDP,87.52,3240.45
2025-07-31 16:30:00,APXMIDP,91.57,3669.5
2025-07-31 17:00:00,APXMIDP,98.32,2880.65
2025-07-31 17:30:00,APXMIDP,99.82,2815.7
2025-07-31 18:00:00,APXMIDP,108.98,2909.55
2025-07-31 18:30:00,APXMIDP,108.43,2516.45
2025-07-31 19:00:00,APXMIDP,108.98,2470.8
2025-07-31 19:30:00,APXMIDP,105.69,2742.35
2025-07-31 20:00:00,APXMIDP,93.68,1896.95
2025-07-31 20:30:00,APXMIDP,91.17,1824.3
2025-07-31 21:00:00,APXMIDP,91.8,1974.25
2025-07-31 21:30:00,APXMIDP,86.12,2249.55
2025-07-31 22:00:00,APXMIDP,92.91,997.0
2025-07-31 22:30:00,APXMIDP,93.71,977.75
2025-07-31 23:00:00,APXMIDP,80.81,1220.05
2025-07-31 23:30:00,APXMIDP,76.25,1371.2
2025-08-01 00:00:00,APXMIDP,82.08,1525.25
2025-08-01 00:30:00,APXMIDP,79.55,1563.4
2025-08-01 01:00:00,APXMIDP,86.61,1588.55
2025-08-01 01:30:00,APXMIDP,84.99,1753.0
2025-08-01 02:00:00,APXMIDP,92.38,1742.95
2025-08-01 02:30:00,APXMIDP,89.49,1668.4
2025-08-01 03:00:00,APXMIDP,91.12,1829.25
2025-08-01 03:30:00,APXMIDP,84.35,2190.05
2025-08-01 04:00:00,APXMIDP,85.73,2246.75
2025-08-01 04:30:00,APXMIDP,90.45,2564.25
2025-08-01 05:00:00,APXMIDP,97.98,2464.65
2025-08-01 05:30:00,APXMIDP,100.9,2561.45
2025-08-01 06:00:00,APXMIDP,90.07,2521.2
2025-08-01 06:30:00,APXMIDP,98.78,2349.75
2025-08-01 07:00:00,APXMIDP,87.89,2559.45
2025-08-01 07:30:00,APXMIDP,88.7,2588.3
2025-08-01 08:00:00,APXMIDP,81.33,2683.6
2025-08-01 08:30:00,APXMIDP,70.72,3170.95
2025-08-01 09:00:00,APXMIDP,76.58,3552.9
2025-08-01 09:30:00,APXMIDP,71.37,3914.65
2025-08-01 10:00:00,APXMIDP,74.49,3536.8
2025-08-01 10:30:00,APXMIDP,74.77,3134.95
2025-08-01 11:00:00,APXMIDP,76.18,2978.25
2025-08-01 11:30:00,APXMIDP,75.81,2845.6
2025-08-01 12:00:00,APXMIDP,74.45,3134.9
2025-08-01 12:30:00,APXMIDP,65.99,3225.9
2025-08-01 13:00:00,APXMIDP,61.06,3822.8
2025-08-01 13:30:00,APXMIDP,48.74,3949.45
2025-08-01 14:00:00,APXMIDP,41.26,4169.8
2025-08-01 14:30:00,APXMIDP,38.66,3662.55
2025-08-01 15:00:00,APXMIDP,50.26,3544.8
2025-08-01 15:30:00,APXMIDP,57.4,3307.7
2025-08-01 16:00:00,APXMIDP,64.13,2404.35
2025-08-01 16:30:00,APXMIDP,76.22,2698.5
2025-08-01 17:00:00,APXMIDP,85.83,2268.9
2025-08-01 17:30:00,APXMIDP,88.64,2522.4
2025-08-01 18:00:00,APXMIDP,100.21,2341.85
2025-08-01 18:30:00,APXMIDP,100.96,2374.45
2025-08-01 19:00:00,APXMIDP,97.78,2732.0
2025-08-01 19:30:00,APXMIDP,98.04,3145.5
2025-08-01 20:00:00,APXMIDP,95.86,2478.6
2025-08-01 20:30:00,APXMIDP,95.44,2555.9
2025-08-01 21:00:00,APXMIDP,94.79,2454.45
2025-08-01 21:30:00,APXMIDP,84.29,2220.7
2025-08-01 22:00:00,APXMIDP,77.52,1523.2
2025-08-01 22:30:00,APXMIDP,77.63,1311.45
2025-08-01 23:00:00,APXMIDP,77.67,1324.4
2025-08-01 23:30:00,APXMIDP,71.33,1631.45
2025-08-02 00:00:00,APXMIDP,70.59,1225.05
2025-08-02 00:30:00,APXMIDP,71.76,1229.35
2025-08-02 01:00:00,APXMIDP,65.62,1388.3
2025-08-02 01:30:00,APXMIDP,58.72,1646.6
2025-08-02 02:00:00,APXMIDP,47.45,1234.6
2025-08-02 02:30:00,APXMIDP,42.5,1218.35
2025-08-02 03:00:00,APXMIDP,41.42,1195.3
2025-08-02 03:30:00,APXMIDP,43.1,1187.2
2025-08-02 04:00:00,APXMIDP,46.27,1508.25
2025-08-02 04:30:00,APXMIDP,50.04,1582.3
2025-08-02 05:00:00,APXMIDP,49.11,1440.35
2025-08-02 05:30:00,APXMIDP,53.45,1570.4
2025-08-02 06:00:00,APXMIDP,50.87,1714.7
2025-08-02 06:30:00,APXMIDP,52.57,2166.75
2025-08-02 07:00:00,APXMIDP,51.53,1773.8
2025-08-02 07:30:00,APXMIDP,48.86,2234.45
2025-08-02 08:00:00,APXMIDP,47.97,2185.9
2025-08-02 08:30:00,APXMIDP,40.02,2429.6
2025-08-02 09:00:00,APXMIDP,36.9,2625.0
2025-08-02 09:30:00,APXMIDP,35.96,2508.35
2025-08-02 10:00:00,APXMIDP,36.57,2732.8
2025-08-02 10:30:00,APXMIDP,34.6,2599.25
2025-08-02 11:00:00,APXMIDP,30.88,2917.1
2025-08-02 11:30:00,APXMIDP,26.81,2884.4
2025-08-02 12:00:00,APXMIDP,26.26,2817.2
2025-08-02 12:30:00,APXMIDP,26.79,2922.1
2025-08-02 13:00:00,APXMIDP,27.69,3143.3
2025-08-02 13:30:00,APXMIDP,29.19,3013.8
2025-08-02 14:00:00,APXMIDP,26.18,2442.0
2025-08-02 14:30:00,APXMIDP,26.12,2331.95
2025-08-02 15:00:00,APXMIDP,32.1,2338.7
2025-08-02 15:30:00,APXMIDP,42.14,2800.05
2025-08-02 16:00:00,APXMIDP,64.24,2939.85
2025-08-02 16:30:00,APXMIDP,71.22,2920.05
2025-08-02 17:00:00,APXMIDP,73.46,2863.45
2025-08-02 17:30:00,APXMIDP,79.7,2521.4
2025-08-02 18:00:00,APXMIDP,89.58,2219.85
2025-08-02 18:30:00,APXMIDP,89.75,1769.55
2025-08-02 19:00:00,APXMIDP,90.75,1648.95
2025-08-02 19:30:00,APXMIDP,91.63,1817.75
2025-08-02 20:00:00,APXMIDP,91.21,1859.1
2025-08-02 20:30:00,APXMIDP,84.13,1876.0
2025-08-02 21:00:00,APXMIDP,82.03,1902.65
2025-08-02 21:30:00,APXMIDP,79.13,2088.2
2025-08-02 22:00:00,APXMIDP,78.72,1379.5
2025-08-02 22:30:00,APXMIDP,80.57,1467.65
2025-08-02 23:00:00,APXMIDP,77.44,1548.05
2025-08-02 23:30:00,APXMIDP,66.49,1274.75
2025-08-03 00:00:00,APXMIDP,57.25,1170.85
2025-08-03 00:30:00,APXMIDP,45.76,1340.4
2025-08-03 01:00:00,APXMIDP,47.56,1804.05
2025-08-03 01:30:00,APXMIDP,43.26,1867.9
2025-08-03 02:00:00,APXMIDP,29.8,1698.25
2025-08-03 02:30:00,APXMIDP,28.92,1760.0
2025-08-03 03:00:00,APXMIDP,31.47,1761.85
2025-08-03 03:30:00,APXMIDP,32.4,2024.75
2025-08-03 04:00:00,APXMIDP,31.39,1948.75
2025-08-03 04:30:00,APXMIDP,28.73,1641.25
2025-08-03 05:00:00,APXMIDP,20.63,1642.55
2025-08-03 05:30:00,APXMIDP,17.16,1679.05
2025-08-03 06:00:00,APXMIDP,10.11,1709.2
2025-08-03 06:30:00,APXMIDP,10.77,1709.75
2025-08-03 07:00:00,APXMIDP,15.27,2006.55
2025-08-03 07:30:00,APXMIDP,14.01,2076.6
2025-08-03 08:00:00,APXMIDP,7.91,2207.45
2025-08-03 08:30:00,APXMIDP,2.06,2132.55
2025-08-03 09:00:00,APXMIDP,6.88,2737.1
2025-08-03 09:30:00,APXMIDP,9.58,3612.2
2025-08-03 10:00:00,APXMIDP,15.62,3384.35
2025-08-03 10:30:00,APXMIDP,17.33,3410.6
2025-08-03 11:00:00,APXMIDP,10.38,3931.0
2025-08-03 11:30:00,APXMIDP,17.27,3739.5
2025-08-03 12:00:00,APXMIDP,19.96,3508.55
2025-08-03 12:30:00,APXMIDP,27.38,3367.35
2025-08-03 13:00:00,APXMIDP,35.19,3746.3
2025-08-03 13:30:00,APXMIDP,22.97,3538.1
2025-08-03 14:00:00,APXMIDP,26.73,3631.6
2025-08-03 14:30:00,APXMIDP,21.13,2833.75
2025-08-03 15:00:00,APXMIDP,18.11,2774.6
2025-08-03 15:30:00,APXMIDP,41.98,3491.6
2025-08-03 16:00:00,APXMIDP,71.6,3577.85
2025-08-03 16:30:00,APXMIDP,85.05,3633.5
2025-08-03 17:00:00,APXMIDP,84.95,2894.0
2025-08-03 17:30:00,APXMIDP,87.06,2798.35
2025-08-03 18:00:00,APXMIDP,97.44,2510.9
2025-08-03 18:30:00,APXMIDP,104.1,2593.7
2025-08-03 19:00:00,APXMIDP,105.46,2600.1
2025-08-03 19:30:00,APXMIDP,106.86,2873.55
2025-08-03 20:00:00,APXMIDP,107.17,2474.6
2025-08-03 20:30:00,APXMIDP,109.44,2568.2
2025-08-03 21:00:00,APXMIDP,111.69,2732.65
2025-08-03 21:30:00,APXMIDP,109.13,2667.7
2025-08-03 22:00:00,APXMIDP,107.15,2069.15
2025-08-03 22:30:00,APXMIDP,93.86,2353.0
2025-08-03 23:00:00,APXMIDP,90.72,1909.1
2025-08-03 23:30:00,APXMIDP,93.45,2099.25
2025-08-04 00:00:00,APXMIDP,91.55,1699.2
2025-08-04 00:30:00,APXMIDP,85.03,1376.55
2025-08-04 01:00:00,APXMIDP,84.96,1776.95
2025-08-04 01:30:00,APXMIDP,81.15,1542.35
2025-08-04 02:00:00,APXMIDP,68.38,1446.0
2025-08-04 02:30:00,APXMIDP,58.97,1396.85
2025-08-04 03:00:00,APXMIDP,73.61,1870.9
2025-08-04 03:30:00,APXMIDP,58.83,1741.95
2025-08-04 04:00:00,APXMIDP,55.7,1853.05
2025-08-04 04:30:00,APXMIDP,42.72,1987.85
2025-08-04 05:00:00,APXMIDP,57.94,3025.6
2025-08-04 05:30:00,APXMIDP,58.4,2810.1
2025-08-04 06:00:00,APXMIDP,48.22,3291.8
2025-08-04 06:30:00,APXMIDP,53.04,3608.55
2025-08-04 07:00:00,APXMIDP,52.63,3219.5
2025-08-04 07:30:00,APXMIDP,44.96,3236.9
2025-08-04 08:00:00,APXMIDP,27.28,3110.85
2025-08-04 08:30:00,APXMIDP,11.92,3412.45
2025-08-04 09:00:00,APXMIDP,7.18,3028.6
2025-08-04 09:30:00,APXMIDP,5.86,3037.05
2025-08-04 10:00:00,APXMIDP,5.81,4532.6
2025-08-04 10:30:00,APXMIDP,13.27,5053.9
2025-08-04 11:00:00,APXMIDP,-9.21,4653.45
2025-08-04 11:30:00,APXMIDP,-4.15,4912.65
2025-08-04 12:00:00,APXMIDP,3.44,4727.15
2025-08-04 12:30:00,APXMIDP,4.64,5617.1
2025-08-04 13:00:00,APXMIDP,-2.02,5421.85
2025-08-04 13:30:00,APXMIDP,-2.91,5581.35
2025-08-04 14:00:00,APXMIDP,3.92,5704.4
2025-08-04 14:30:00,APXMIDP,2.81,5349.0
2025-08-04 15:00:00,APXMIDP,4.68,4349.35
2025-08-04 15:30:00,APXMIDP,5.72,3646.1
2025-08-04 16:00:00,APXMIDP,17.56,3137.7
2025-08-04 16:30:00,APXMIDP,22.14,3526.9
2025-08-04 17:00:00,APXMIDP,47.51,3608.3
2025-08-04 17:30:00,APXMIDP,52.77,3322.7
2025-08-04 18:00:00,APXMIDP,54.18,2853.45
2025-08-04 18:30:00,APXMIDP,58.52,2882.6
2025-08-04 19:00:00,APXMIDP,46.48,2344.0
2025-08-04 19:30:00,APXMIDP,46.32,2371.8
2025-08-04 20:00:00,APXMIDP,49.41,2560.45
2025-08-04 20:30:00,APXMIDP,40.79,2447.9
2025-08-04 21:00:00,APXMIDP,44.22,2104.55
2025-08-04 21:30:00,APXMIDP,19.34,2676.85
2025-08-04 22:00:00,APXMIDP,-6.04,1807.9
2025-08-04 22:30:00,APXMIDP,-9.95,2391.95
2025-08-04 23:00:00,APXMIDP,-10.36,1975.3
2025-08-04 23:30:00,APXMIDP,-11.07,1568.75
2025-08-05 00:00:00,APXMIDP,-0.76,1816.95
2025-08-05 00:30:00,APXMIDP,-4.28,1916.45
2025-08-05 01:00:00,APXMIDP,-3.48,1985.95
2025-08-05 01:30:00,APXMIDP,-5.01,1680.8
2025-08-05 02:00:00,APXMIDP,-5.19,1333.25
2025-08-05 02:30:00,APXMIDP,-3.83,1438.6
2025-08-05 03:00:00,APXMIDP,-7.74,1942.4
2025-08-05 03:30:00,APXMIDP,-6.11,1687.1
2025-08-05 04:00:00,APXMIDP,-5.48,1535.7
2025-08-05 04:30:00,APXMIDP,-6.53,1506.2
2025-08-05 05:00:00,APXMIDP,-6.57,1862.95
2025-08-05 05:30:00,APXMIDP,-1.42,2223.3
2025-08-05 06:00:00,APXMIDP,-1.53,2014.8
2025-08-05 06:30:00,APXMIDP,-3.9,2396.65
2025-08-05 07:00:00,APXMIDP,6.78,2391.55
2025-08-05 07:30:00,APXMIDP,6.65,2680.3
2025-08-05 08:00:00,APXMIDP,1.3,3326.25
2025-08-05 08:30:00,APXMIDP,7.38,4636.1
2025-08-05 09:00:00,APXMIDP,2.31,3993.85
2025-08-05 09:30:00,APXMIDP,8.07,4363.15
2025-08-05 10:00:00,APXMIDP,6.37,3931.6
2025-08-05 10:30:00,APXMIDP,-0.05,3019.25
2025-08-05 11:00:00,APXMIDP,-0.43,2742.35
2025-08-05 11:30:00,APXMIDP,1.4,2930.75
2025-08-05 12:00:00,APXMIDP,10.18,3484.15
2025-08-05 12:30:00,APXMIDP,10.49,3384.8
2025-08-05 13:00:00,APXMIDP,6.81,3631.3
2025-08-05 13:30:00,APXMIDP,12.43,3813.35
2025-08-05 14:00:00,APXMIDP,15.01,3820.05
2025-08-05 14:30:00,APXMIDP,26.01,4496.45
2025-08-05 15:00:00,APXMIDP,27.16,4875.95
2025-08-05 15:30:00,APXMIDP,24.36,4663.0
2025-08-05 16:00:00,APXMIDP,14.84,3606.4
2025-08-05 16:30:00,APXMIDP,19.86,3609.8
2025-08-05 17:00:00,APXMIDP,57.22,2932.85
2025-08-05 17:30:00,APXMIDP,66.96,3333.4
2025-08-05 18:00:00,APXMIDP,79.28,3068.2
2025-08-05 18:30:00,APXMIDP,86.12,2765.55
2025-08-05 19:00:00,APXMIDP,89.22,2682.15
2025-08-05 19:30:00,APXMIDP,89.59,2696.6
2025-08-05 20:00:00,APXMIDP,90.73,2925.6
2025-08-05 20:30:00,APXMIDP,86.32,2895.15
2025-08-05 21:00:00,APXMIDP,76.8,2288.6
2025-08-05 21:30:00,APXMIDP,77.04,2714.3
2025-08-05 22:00:00,APXMIDP,81.17,2677.0
2025-08-05 22:30:00,APXMIDP,68.04,2629.5
2025-08-05 23:00:00,APXMIDP,34.7,2574.75
2025-08-05 23:30:00,APXMIDP,31.96,2274.15
2025-08-06 00:00:00,APXMIDP,25.06,1589.1
2025-08-06 00:30:00,APXMIDP,23.18,1879.25
2025-08-06 01:00:00,APXMIDP,19.93,1961.95
2025-08-06 01:30:00,APXMIDP,19.36,1960.95
2025-08-06 02:00:00,APXMIDP,18.89,1756.25
2025-08-06 02:30:00,APXMIDP,18.17,1841.0
2025-08-06 03:00:00,APXMIDP,13.75,2287.95
2025-08-06 03:30:00,APXMIDP,17.76,2040.4
2025-08-06 04:00:00,APXMIDP,23.16,2243.3
2025-08-06 04:30:00,APXMIDP,33.71,2217.95
2025-08-06 05:00:00,APXMIDP,49.74,2268.6
2025-08-06 05:30:00,APXMIDP,65.12,2515.15
2025-08-06 06:00:00,APXMIDP,60.9,2076.75
2025-08-06 06:30:00,APXMIDP,74.93,2366.55
2025-08-06 07:00:00,APXMIDP,67.48,2109.75
2025-08-06 07:30:00,APXMIDP,60.23,1833.3
2025-08-06 08:00:00,APXMIDP,57.71,2529.85
2025-08-06 08:30:00,APXMIDP,52.63,2373.5
2025-08-06 09:00:00,APXMIDP,49.61,2975.5
2025-08-06 09:30:00,APXMIDP,47.1,2360.25
2025-08-06 10:00:00,APXMIDP,41.67,2433.7
2025-08-06 10:30:00,APXMIDP,39.88,2304.25
2025-08-06 11:00:00,APXMIDP,40.9,2120.95
2025-08-06 11:30:00,APXMIDP,42.02,2423.8
2025-08-06 12:00:00,APXMIDP,42.16,2507.25
2025-08-06 12:30:00,APXMIDP,42.39,2357.95
2025-08-06 13:00:00,APXMIDP,39.36,2834.8
2025-08-06 13:30:00,APXMIDP,41.69,2705.15
2025-08-06 14:00:00,APXMIDP,45.72,2600.55
2025-08-06 14:30:00,APXMIDP,47.2,2618.25
2025-08-06 15:00:00,APXMIDP,48.88,2518.65
2025-08-06 15:30:00,APXMIDP,53.17,2742.5
2025-08-06 16:00:00,APXMIDP,67.96,3327.0
2025-08-06 16:30:00,APXMIDP,68.44,3140.8
2025-08-06 17:00:00,APXMIDP,93.52,3308.1
2025-08-06 17:30:00,APXMIDP,94.43,3269.95
2025-08-06 18:00:00,APXMIDP,111.41,2839.25
2025-08-06 18:30:00,APXMIDP,110.85,3085.55
2025-08-06 19:00:00,APXMIDP,109.57,2847.1
2025-08-06 19:30:00,APXMIDP,107.38,2849.35
2025-08-06 20:00:00,APXMIDP,101.23,3298.6
2025-08-06 20:30:00,APXMIDP,89.37,2965.15
2025-08-06 21:00:00,APXMIDP,94.54,3061.2
2025-08-06 21:30:00,APXMIDP,87.22,3404.25
2025-08-06 22:00:00,APXMIDP,86.46,2902.15
2025-08-06 22:30:00,APXMIDP,90.4,2486.9
2025-08-06 23:00:00,APXMIDP,87.44,2580.6
2025-08-06 23:30:00,APXMIDP,69.43,2623.35
2025-08-07 00:00:00,APXMIDP,54.38,2237.25
2025-08-07 00:30:00,APXMIDP,36.77,1796.0
2025-08-07 01:00:00,APXMIDP,37.35,1934.45
2025-08-07 01:30:00,APXMIDP,30.69,1889.8
2025-08-07 02:00:00,APXMIDP,24.26,2080.05
2025-08-07 02:30:00,APXMIDP,21.26,2100.3
2025-08-07 03:00:00,APXMIDP,22.09,1894.65
2025-08-07 03:30:00,APXMIDP,31.15,2282.5
2025-08-07 04:00:00,APXMIDP,57.33,2833.45
2025-08-07 04:30:00,APXMIDP,69.05,2313.8
2025-08-07 05:00:00,APXMIDP,69.45,2218.65
2025-08-07 05:30:00,APXMIDP,80.94,2460.45
2025-08-07 06:00:00,APXMIDP,82.08,2507.4
2025-08-07 06:30:00,APXMIDP,85.17,2681.15
2025-08-07 07:00:00,APXMIDP,65.91,2684.55
2025-08-07 07:30:00,APXMIDP,66.17,3179.85
2025-08-07 08:00:00,APXMIDP,28.6,2790.75
2025-08-07 08:30:00,APXMIDP,23.34,2547.0
2025-08-07 09:00:00,APXMIDP,19.95,3147.7
2025-08-07 09:30:00,APXMIDP,15.33,2762.2
2025-08-07 10:00:00,APXMIDP,0.74,2454.65
2025-08-07 10:30:00,APXMIDP,-3.21,2661.65
2025-08-07 11:00:00,APXMIDP,-5.28,2799.05
2025-08-07 11:30:00,APXMIDP,-8.26,2774.35
2025-08-07 12:00:00,APXMIDP,-10.28,3595.3
2025-08-07 12:30:00,APXMIDP,-12.63,3190.9
2025-08-07 13:00:00,APXMIDP,-8.33,3844.9
2025-08-07 13:30:00,APXMIDP,-2.62,4306.5
2025-08-07 14:00:00,APXMIDP,12.14,3705.25
2025-08-07 14:30:00,APXMIDP,26.6,3872.75
2025-08-07 15:00:00,APXMIDP,53.46,4095.5
2025-08-07 15:30:00,APXMIDP,63.87,3885.95
2025-08-07 16:00:00,APXMIDP,88.69,3196.3
2025-08-07 16:30:00,APXMIDP,86.81,3686.65
2025-08-07 17:00:00,APXMIDP,92.71,3192.45
2025-08-07 17:30:00,APXMIDP,94.81,2889.45
2025-08-07 18:00:00,APXMIDP,106.78,2811.35
2025-08-07 18:30:00,APXMIDP,108.7,3088.05
2025-08-07 19:00:00,APXMIDP,106.76,3146.55
2025-08-07 19:30:00,APXMIDP,105.18,3620.5
2025-08-07 20:00:00,APXMIDP,87.67,3352.3
2025-08-07 20:30:00,APXMIDP,85.49,3053.25
2025-08-07 21:00:00,APXMIDP,84.43,3341.6
2025-08-07 21:30:00,APXMIDP,81.28,3432.5
2025-08-07 22:00:00,APXMIDP,79.39,2394.85
2025-08-07 22:30:00,APXMIDP,90.32,2346.95
2025-08-07 23:00:00,APXMIDP,87.25,2117.5
2025-08-07 23:30:00,APXMIDP,88.04,1872.05
2025-08-08 00:00:00,APXMIDP,87.25,2238.9
2025-08-08 00:30:00,APXMIDP,79.18,2474.05
2025-08-08 01:00:00,APXMIDP,78.5,2664.45
2025-08-08 01:30:00,APXMIDP,78.77,2625.45
2025-08-08 02:00:00,APXMIDP,86.35,2117.7
2025-08-08 02:30:00,APXMIDP,78.9,2278.6
2025-08-08 03:00:00,APXMIDP,82.52,2206.25
2025-08-08 03:30:00,APXMIDP,81.28,2112.55
2025-08-08 04:00:00,APXMIDP,96.41,1824.55
2025-08-08 04:30:00,APXMIDP,96.05,2039.4
2025-08-08 05:00:00,APXMIDP,100.78,2344.2
2025-08-08 05:30:00,APXMIDP,104.89,2461.5
2025-08-08 06:00:00,APXMIDP,99.47,3385.6
2025-08-08 06:30:00,APXMIDP,100.65,3624.75
2025-08-08 07:00:00,APXMIDP,92.86,3415.5
2025-08-08 07:30:00,APXMIDP,87.03,3659.3
2025-08-08 08:00:00,APXMIDP,81.91,3539.7
2025-08-08 08:30:00,APXMIDP,67.65,3804.4
2025-08-08 09:00:00,APXMIDP,50.58,3914.7
2025-08-08 09:30:00,APXMIDP,53.3,4326.7
2025-08-08 10:00:00,APXMIDP,31.16,5317.2
2025-08-08 10:30:00,APXMIDP,24.24,4952.05
2025-08-08 11:00:00,APXMIDP,21.71,5329.15
2025-08-08 11:30:00,APXMIDP,19.24,4981.25
2025-08-08 12:00:00,APXMIDP,17.24,6051.7
2025-08-08 12:30:00,APXMIDP,16.3,5725.55
2025-08-08 13:00:00,APXMIDP,28.79,6106.1
2025-08-08 13:30:00,APXMIDP,27.48,6744.15
2025-08-08 14:00:00,APXMIDP,35.03,4541.15
2025-08-08 14:30:00,APXMIDP,44.29,4363.9
2025-08-08 15:00:00,APXMIDP,58.67,3241.0
2025-08-08 15:30:00,APXMIDP,71.59,3326.05
2025-08-08 16:00:00,APXMIDP,84.35,2771.9
2025-08-08 16:30:00,APXMIDP,86.71,3112.2
2025-08-08 17:00:00,APXMIDP,88.1,3147.8
2025-08-08 17:30:00,APXMIDP,90.67,2875.45
2025-08-08 18:00:00,APXMIDP,102.59,3273.25
2025-08-08 18:30:00,APXMIDP,103.09,2969.8
2025-08-08 19:00:00,APXMIDP,99.89,3390.05
2025-08-08 19:30:00,APXMIDP,95.98,3284.95
2025-08-08 20:00:00,APXMIDP,91.99,2777.95
2025-08-08 20:30:00,APXMIDP,87.8,2729.65
2025-08-08 21:00:00,APXMIDP,86.65,2603.8
2025-08-08 21:30:00,APXMIDP,81.36,2586.45
2025-08-08 22:00:00,APXMIDP,78.69,1779.1
2025-08-08 22:30:00,APXMIDP,81.06,1430.1
2025-08-08 23:00:00,APXMIDP,76.9,1643.15
2025-08-08 23:30:00,APXMIDP,69.5,1382.0
2025-08-09 00:00:00,APXMIDP,62.49,1282.35
2025-08-09 00:30:00,APXMIDP,59.64,1150.9
2025-08-09 01:00:00,APXMIDP,63.04,1232.75
2025-08-09 01:30:00,APXMIDP,57.94,1436.0
2025-08-09 02:00:00,APXMIDP,63.03,1399.85
2025-08-09 02:30:00,APXMIDP,58.93,1460.45
2025-08-09 03:00:00,APXMIDP,57.53,1420.7
2025-08-09 03:30:00,APXMIDP,53.44,1224.95
2025-08-09 04:00:00,APXMIDP,61.65,1532.75
2025-08-09 04:30:00,APXMIDP,61.55,1293.3
2025-08-09 05:00:00,APXMIDP,54.36,1806.7
2025-08-09 05:30:00,APXMIDP,57.88,1826.65
2025-08-09 06:00:00,APXMIDP,62.02,1700.65
2025-08-09 06:30:00,APXMIDP,64.48,1911.25
2025-08-09 07:00:00,APXMIDP,41.19,2272.8
2025-08-09 07:30:00,APXMIDP,36.03,1979.0
2025-08-09 08:00:00,APXMIDP,21.66,2070.45
2025-08-09 08:30:00,APXMIDP,13.0,1919.05
2025-08-09 09:00:00,APXMIDP,9.17,2158.45
2025-08-09 09:30:00,APXMIDP,8.72,2631.35
2025-08-09 10:00:00,APXMIDP,-3.88,2192.3
2025-08-09 10:30:00,APXMIDP,-3.32,2282.2
2025-08-09 11:00:00,APXMIDP,-7.55,2017.75
2025-08-09 11:30:00,APXMIDP,-10.04,1958.7
2025-08-09 12:00:00,APXMIDP,-10.63,2125.9
2025-08-09 12:30:00,APXMIDP,-12.53,2109.1
2025-08-09 13:00:00,APXMIDP,-10.46,2409.75
2025-08-09 13:30:00,APXMIDP,-12.88,2210.85
2025-08-09 14:00:00,APXMIDP,-5.65,2163.6
2025-08-09 14:30:00,APXMIDP,-6.36,2432.85
2025-08-09 15:00:00,APXMIDP,-9.61,1983.8
2025-08-09 15:30:00,APXMIDP,17.52,2649.25
2025-08-09 16:00:00,APXMIDP,54.28,2313.2
2025-08-09 16:30:00,APXMIDP,81.32,2364.25
2025-08-09 17:00:00,APXMIDP,74.56,2687.6
2025-08-09 17:30:00,APXMIDP,82.19,2198.55
2025-08-09 18:00:00,APXMIDP,90.4,2178.9
2025-08-09 18:30:00,APXMIDP,92.51,2318.7
2025-08-09 19:00:00,APXMIDP,91.5,2645.9
2025-08-09 19:30:00,APXMIDP,93.69,2754.85
2025-08-09 20:00:00,APXMIDP,95.76,2196.0
2025-08-09 20:30:00,APXMIDP,97.19,2256.3
2025-08-09 21:00:00,APXMIDP,90.33,2525.0
2025-08-09 21:30:00,APXMIDP,79.8,2425.5
2025-08-09 22:00:00,APXMIDP,65.59,1669.85
2025-08-09 22:30:00,APXMIDP,67.35,1625.7
2025-08-09 23:00:00,APXMIDP,73.49,1517.05
2025-08-09 23:30:00,APXMIDP,78.17,1422.7
2025-08-10 00:00:00,APXMIDP,75.44,1344.7
2025-08-10 00:30:00,APXMIDP,78.09,1427.25
2025-08-10 01:00:00,APXMIDP,80.07,1325.85
2025-08-10 01:30:00,APXMIDP,78.58,1344.4
2025-08-10 02:00:00,APXMIDP,74.64,1391.3
2025-08-10 02:30:00,APXMIDP,75.92,1368.8
2025-08-10 03:00:00,APXMIDP,78.34,1509.7
2025-08-10 03:30:00,APXMIDP,78.78,1452.35
2025-08-10 04:00:00,APXMIDP,86.99,1270.05
2025-08-10 04:30:00,APXMIDP,88.64,1343.45
2025-08-10 05:00:00,APXMIDP,90.4,1311.95
2025-08-10 05:30:00,APXMIDP,91.28,1586.55
2025-08-10 06:00:00,APXMIDP,92.86,1458.3
2025-08-10 06:30:00,APXMIDP,89.46,1754.15
2025-08-10 07:00:00,APXMIDP,92.04,1768.7
2025-08-10 07:30:00,APXMIDP,91.08,1799.55
2025-08-10 08:00:00,APXMIDP,84.91,1395.25
2025-08-10 08:30:00,APXMIDP,78.81,1485.2
2025-08-10 09:00:00,APXMIDP,81.08,1421.35
2025-08-10 09:30:00,APXMIDP,74.28,1436.95
2025-08-10 10:00:00,APXMIDP,59.6,1479.75
2025-08-10 10:30:00,APXMIDP,50.15,1561.15
2025-08-10 11:00:00,APXMIDP,46.45,1612.55
2025-08-10 11:30:00,APXMIDP,44.68,1646.4
2025-08-10 12:00:00,APXMIDP,38.49,2104.45
2025-08-10 12:30:00,APXMIDP,37.22,2221.75
2025-08-10 13:00:00,APXMIDP,36.2,2072.95
2025-08-10 13:30:00,APXMIDP,30.73,2388.8
2025-08-10 14:00:00,APXMIDP,31.73,1636.1
2025-08-10 14:30:00,APXMIDP,36.02,1943.8
2025-08-10 15:00:00,APXMIDP,51.54,1877.8
2025-08-10 15:30:00,APXMIDP,69.0,2176.3
2025-08-10 16:00:00,APXMIDP,85.97,1613.25
2025-08-10 16:30:00,APXMIDP,90.95,1818.0
2025-08-10 17:00:00,APXMIDP,92.87,2296.7
2025-08-10 17:30:00,APXMIDP,93.63,2350.4
2025-08-10 18:00:00,APXMIDP,106.27,2662.85
2025-08-10 18:30:00,APXMIDP,103.97,2396.4
2025-08-10 19:00:00,APXMIDP,100.16,2658.9
2025-08-10 19:30:00,APXMIDP,103.29,2772.5
2025-08-10 20:00:00,APXMIDP,89.98,2746.4
2025-08-10 20:30:00,APXMIDP,89.28,2674.5
2025-08-10 21:00:00,APXMIDP,93.48,2241.45
2025-08-10 21:30:00,APXMIDP,85.9,2086.65
2025-08-10 22:00:00,APXMIDP,81.13,1590.8
2025-08-10 22:30:00,APXMIDP,80.91,1361.65
2025-08-10 23:00:00,APXMIDP,82.48,1438.25
2025-08-10 23:30:00,APXMIDP,76.57,1346.55
2025-08-11 00:00:00,APXMIDP,75.49,1483.9
2025-08-11 00:30:00,APXMIDP,73.74,1472.45
2025-08-11 01:00:00,APXMIDP,74.54,1574.75
2025-08-11 01:30:00,APXMIDP,73.67,1716.1
2025-08-11 02:00:00,APXMIDP,73.22,1428.85
2025-08-11 02:30:00,APXMIDP,68.15,1482.9
2025-08-11 03:00:00,APXMIDP,76.33,1580.65
2025-08-11 03:30:00,APXMIDP,73.75,1689.75
2025-08-11 04:00:00,APXMIDP,82.58,1501.8
2025-08-11 04:30:00,APXMIDP,83.05,1821.9
2025-08-11 05:00:00,APXMIDP,81.27,1524.75
2025-08-11 05:30:00,APXMIDP,87.5,1834.7
2025-08-11 06:00:00,APXMIDP,74.55,1743.45
2025-08-11 06:30:00,APXMIDP,88.71,1781.1
2025-08-11 07:00:00,APXMIDP,71.18,1628.05
2025-08-11 07:30:00,APXMIDP,71.02,1568.45
2025-08-11 08:00:00,APXMIDP,69.82,1689.3
2025-08-11 08:30:00,APXMIDP,69.84,1983.1
2025-08-11 09:00:00,APXMIDP,68.2,1967.5
2025-08-11 09:30:00,APXMIDP,67.57,2125.4
2025-08-11 10:00:00,APXMIDP,70.25,2327.45
2025-08-11 10:30:00,APXMIDP,71.23,2014.4
2025-08-11 11:00:00,APXMIDP,75.41,2431.95
2025-08-11 11:30:00,APXMIDP,71.49,2373.0
2025-08-11 12:00:00,APXMIDP,75.9,2285.05
2025-08-11 12:30:00,APXMIDP,77.01,2400.85
2025-08-11 13:00:00,APXMIDP,78.15,2443.8
2025-08-11 13:30:00,APXMIDP,79.91,2555.0
2025-08-11 14:00:00,APXMIDP,84.54,2348.4
2025-08-11 14:30:00,APXMIDP,85.49,2295.75
2025-08-11 15:00:00,APXMIDP,84.77,2921.65
2025-08-11 15:30:00,APXMIDP,85.93,3473.8
2025-08-11 16:00:00,APXMIDP,112.24,3331.7
2025-08-11 16:30:00,APXMIDP,122.68,3693.55
2025-08-11 17:00:00,APXMIDP,139.86,3181.1
2025-08-11 17:30:00,APXMIDP,137.46,3017.1
2025-08-11 18:00:00,APXMIDP,154.67,3350.4
2025-08-11 18:30:00,APXMIDP,148.76,3411.15
2025-08-11 19:00:00,APXMIDP,113.72,3276.35
2025-08-11 19:30:00,APXMIDP,109.68,3909.9
2025-08-11 20:00:00,APXMIDP,94.25,3727.9
2025-08-11 20:30:00,APXMIDP,92.32,3141.7
2025-08-11 21:00:00,APXMIDP,92.24,3403.9
2025-08-11 21:30:00,APXMIDP,86.15,2912.45
2025-08-11 22:00:00,APXMIDP,74.38,1830.6
2025-08-11 22:30:00,APXMIDP,75.33,1209.5
2025-08-11 23:00:00,APXMIDP,73.28,1260.9
2025-08-11 23:30:00,APXMIDP,72.14,1472.1
2025-08-12 00:00:00,APXMIDP,75.99,1614.35
2025-08-12 00:30:00,APXMIDP,76.4,1421.5
2025-08-12 01:00:00,APXMIDP,69.95,1665.8
2025-08-12 01:30:00,APXMIDP,71.56,1942.05
2025-08-12 02:00:00,APXMIDP,69.71,1584.35
2025-08-12 02:30:00,APXMIDP,68.22,1383.9
2025-08-12 03:00:00,APXMIDP,69.32,1513.9
2025-08-12 03:30:00,APXMIDP,68.41,1406.85
2025-08-12 04:00:00,APXMIDP,84.77,1326.7
2025-08-12 04:30:00,APXMIDP,93.62,1427.4
2025-08-12 05:00:00,APXMIDP,89.95,1987.55
2025-08-12 05:30:00,APXMIDP,91.32,2253.95
2025-08-12 06:00:00,APXMIDP,84.88,2346.45
2025-08-12 06:30:00,APXMIDP,91.73,2227.0
2025-08-12 07:00:00,APXMIDP,95.65,1715.7
2025-08-12 07:30:00,APXMIDP,100.03,1656.65
2025-08-12 08:00:00,APXMIDP,97.65,1990.2
2025-08-12 08:30:00,APXMIDP,96.55,1656.0
2025-08-12 09:00:00,APXMIDP,97.58,1699.7
2025-08-12 09:30:00,APXMIDP,91.71,1831.6
2025-08-12 10:00:00,APXMIDP,83.48,2255.55
2025-08-12 10:30:00,APXMIDP,81.65,2024.7
2025-08-12 11:00:00,APXMIDP,85.62,2644.05
2025-08-12 11:30:00,APXMIDP,90.41,2357.65
2025-08-12 12:00:00,APXMIDP,83.24,3377.05
2025-08-12 12:30:00,APXMIDP,79.54,3570.65
2025-08-12 13:00:00,APXMIDP,81.28,3327.3
2025-08-12 13:30:00,APXMIDP,80.25,3392.8
2025-08-12 14:00:00,APXMIDP,87.96,3253.75
2025-08-12 14:30:00,APXMIDP,82.53,3267.6
2025-08-12 15:00:00,APXMIDP,80.55,3236.7
2025-08-12 15:30:00,APXMIDP,78.06,3784.45
2025-08-12 16:00:00,APXMIDP,100.7,4616.5
2025-08-12 16:30:00,APXMIDP,103.59,5077.95
2025-08-12 17:00:00,APXMIDP,124.39,4024.55
2025-08-12 17:30:00,APXMIDP,129.27,4875.25
2025-08-12 18:00:00,APXMIDP,125.88,4671.9
2025-08-12 18:30:00,APXMIDP,122.59,4060.7
2025-08-12 19:00:00,APXMIDP,109.16,4155.6
2025-08-12 19:30:00,APXMIDP,105.02,3678.5
2025-08-12 20:00:00,APXMIDP,92.81,2856.7
2025-08-12 20:30:00,APXMIDP,86.8,2650.95
2025-08-12 21:00:00,APXMIDP,88.47,2743.35
2025-08-12 21:30:00,APXMIDP,86.64,2667.05
2025-08-12 22:00:00,APXMIDP,81.38,672.2
2025-08-12 22:30:00,APXMIDP,79.73,448.3
2025-08-12 23:00:00,APXMIDP,79.44,427.55
2025-08-12 23:30:00,APXMIDP,75.74,456.75
2025-08-13 00:00:00,APXMIDP,80.3,765.45
2025-08-13 00:30:00,APXMIDP,77.92,799.85
2025-08-13 01:00:00,APXMIDP,80.89,940.1
2025-08-13 01:30:00,APXMIDP,79.84,1034.65
2025-08-13 02:00:00,APXMIDP,81.42,1276.65
2025-08-13 02:30:00,APXMIDP,85.36,1369.25
2025-08-13 03:00:00,APXMIDP,86.63,1329.6
2025-08-13 03:30:00,APXMIDP,81.66,1449.7
2025-08-13 04:00:00,APXMIDP,85.9,1575.75
2025-08-13 04:30:00,APXMIDP,92.27,1745.85
2025-08-13 05:00:00,APXMIDP,93.53,2169.6
2025-08-13 05:30:00,APXMIDP,96.18,2253.8
2025-08-13 06:00:00,APXMIDP,91.17,2264.8
2025-08-13 06:30:00,APXMIDP,95.68,2430.6
2025-08-13 07:00:00,APXMIDP,96.21,1992.35
2025-08-13 07:30:00,APXMIDP,98.5,2312.7
2025-08-13 08:00:00,APXMIDP,100.53,2884.55
2025-08-13 08:30:00,APXMIDP,95.46,2904.45
2025-08-13 09:00:00,APXMIDP,93.08,2809.15
2025-08-13 09:30:00,APXMIDP,98.79,3650.8
2025-08-13 10:00:00,APXMIDP,91.21,3785.85
2025-08-13 10:30:00,APXMIDP,84.66,3846.9
2025-08-13 11:00:00,APXMIDP,82.51,3301.2
2025-08-13 11:30:00,APXMIDP,79.49,3388.55
2025-08-13 12:00:00,APXMIDP,79.28,3130.6
2025-08-13 12:30:00,APXMIDP,75.29,3283.4
2025-08-13 13:00:00,APXMIDP,74.3,3207.25
2025-08-13 13:30:00,APXMIDP,74.04,2969.1
2025-08-13 14:00:00,APXMIDP,75.4,2717.1
2025-08-13 14:30:00,APXMIDP,74.9,2740.35
2025-08-13 15:00:00,APXMIDP,81.5,3107.3
2025-08-13 15:30:00,APXMIDP,73.3,3976.7
2025-08-13 16:00:00,APXMIDP,90.72,3475.55
2025-08-13 16:30:00,APXMIDP,89.54,3564.15
2025-08-13 17:00:00,APXMIDP,110.86,4121.35
2025-08-13 17:30:00,APXMIDP,109.58,4382.2
2025-08-13 18:00:00,APXMIDP,107.42,4302.75
2025-08-13 18:30:00,APXMIDP,106.42,4455.0
2025-08-13 19:00:00,APXMIDP,97.44,4458.45
2025-08-13 19:30:00,APXMIDP,93.99,4461.95
2025-08-13 20:00:00,APXMIDP,88.71,3439.85
2025-08-13 20:30:00,APXMIDP,84.09,3195.4
2025-08-13 21:00:00,APXMIDP,84.32,3122.35
2025-08-13 21:30:00,APXMIDP,82.62,3682.95
2025-08-13 22:00:00,APXMIDP,73.12,2062.0
2025-08-13 22:30:00,APXMIDP,78.11,2002.35
2025-08-13 23:00:00,APXMIDP,77.54,1930.9
2025-08-13 23:30:00,APXMIDP,77.53,1818.6
2025-08-14 00:00:00,APXMIDP,76.97,1851.35
2025-08-14 00:30:00,APXMIDP,77.32,1849.1
2025-08-14 01:00:00,APXMIDP,75.01,2084.0
2025-08-14 01:30:00,APXMIDP,73.22,2057.15
2025-08-14 02:00:00,APXMIDP,73.14,1929.45
2025-08-14 02:30:00,APXMIDP,72.47,1744.15
2025-08-14 03:00:00,APXMIDP,69.82,1872.55
2025-08-14 03:30:00,APXMIDP,71.37,2196.5
2025-08-14 04:00:00,APXMIDP,74.22,1892.2
2025-08-14 04:30:00,APXMIDP,74.08,1669.1
2025-08-14 05:00:00,APXMIDP,76.31,1982.7
2025-08-14 05:30:00,APXMIDP,85.59,2155.25
2025-08-14 06:00:00,APXMIDP,78.92,1986.3
2025-08-14 06:30:00,APXMIDP,85.11,2501.95
2025-08-14 07:00:00,APXMIDP,76.39,1950.8
2025-08-14 07:30:00,APXMIDP,81.88,2472.45
2025-08-14 08:00:00,APXMIDP,77.1,2176.5
2025-08-14 08:30:00,APXMIDP,72.8,2074.95
2025-08-14 09:00:00,APXMIDP,70.3,2447.55
2025-08-14 09:30:00,APXMIDP,71.46,3398.3
2025-08-14 10:00:00,APXMIDP,68.39,3038.35
2025-08-14 10:30:00,APXMIDP,70.16,2334.55
2025-08-14 11:00:00,APXMIDP,69.73,2879.1
2025-08-14 11:30:00,APXMIDP,69.33,2149.35
2025-08-14 12:00:00,APXMIDP,68.99,2933.05
2025-08-14 12:30:00,APXMIDP,68.53,2861.65
2025-08-14 13:00:00,APXMIDP,69.39,3115.15
2025-08-14 13:30:00,APXMIDP,69.48,3247.05
2025-08-14 14:00:00,APXMIDP,69.99,3122.3
2025-08-14 14:30:00,APXMIDP,69.03,2677.2
2025-08-14 15:00:00,APXMIDP,72.47,3484.7
2025-08-14 15:30:00,APXMIDP,70.34,3442.15
2025-08-14 16:00:00,APXMIDP,77.85,3563.3
2025-08-14 16:30:00,APXMIDP,80.94,3738.9
2025-08-14 17:00:00,APXMIDP,101.26,4436.35
2025-08-14 17:30:00,APXMIDP,104.01,4775.85
2025-08-14 18:00:00,APXMIDP,106.25,4942.5
2025-08-14 18:30:00,APXMIDP,109.69,4794.6
2025-08-14 19:00:00,APXMIDP,106.82,4931.9
2025-08-14 19:30:00,APXMIDP,105.65,4760.75
2025-08-14 20:00:00,APXMIDP,98.45,4902.5
2025-08-14 20:30:00,APXMIDP,96.02,4537.35
2025-08-14 21:00:00,APXMIDP,99.23,4098.15
2025-08-14 21:30:00,APXMIDP,89.57,3740.95
2025-08-14 22:00:00,APXMIDP,78.11,2567.05
2025-08-14 22:30:00,APXMIDP,80.3,1944.1
2025-08-14 23:00:00,APXMIDP,79.64,1462.35
2025-08-14 23:30:00,APXMIDP,75.99,1725.25
2025-08-15 00:00:00,APXMIDP,77.46,1449.85
2025-08-15 00:30:00,APXMIDP,73.92,1453.7
2025-08-15 01:00:00,APXMIDP,75.15,1504.25
2025-08-15 01:30:00,APXMIDP,76.19,1543.35
2025-08-15 02:00:00,APXMIDP,78.24,1369.3
2025-08-15 02:30:00,APXMIDP,79.67,1390.05
2025-08-15 03:00:00,APXMIDP,76.06,1489.25
2025-08-15 03:30:00,APXMIDP,76.28,1501.2
2025-08-15 04:00:00,APXMIDP,76.76,1626.7
2025-08-15 04:30:00,APXMIDP,79.86,1549.95
2025-08-15 05:00:00,APXMIDP,79.36,1821.25
2025-08-15 05:30:00,APXMIDP,86.25,2192.8
2025-08-15 06:00:00,APXMIDP,82.74,1920.6
2025-08-15 06:30:00,APXMIDP,88.68,2133.6
2025-08-15 07:00:00,APXMIDP,85.39,1959.8
2025-08-15 07:30:00,APXMIDP,84.79,1945.3
2025-08-15 08:00:00,APXMIDP,78.62,1839.8
2025-08-15 08:30:00,APXMIDP,75.51,1778.65
2025-08-15 09:00:00,APXMIDP,73.74,2092.3
2025-08-15 09:30:00,APXMIDP,73.82,1950.5
2025-08-15 10:00:00,APXMIDP,72.32,2385.2
2025-08-15 10:30:00,APXMIDP,65.76,2174.85
2025-08-15 11:00:00,APXMIDP,69.19,2366.6
2025-08-15 11:30:00,APXMIDP,64.66,2180.1
2025-08-15 12:00:00,APXMIDP,63.35,2452.85
2025-08-15 12:30:00,APXMIDP,68.07,3058.55
2025-08-15 13:00:00,APXMIDP,65.81,3435.65
2025-08-15 13:30:00,APXMIDP,64.82,3569.55
2025-08-15 14:00:00,APXMIDP,70.53,2781.4
2025-08-15 14:30:00,APXMIDP,69.96,2830.8
2025-08-15 15:00:00,APXMIDP,73.26,3487.3
2025-08-15 15:30:00,APXMIDP,72.03,3253.55
2025-08-15 16:00:00,APXMIDP,81.52,2333.5
2025-08-15 16:30:00,APXMIDP,82.68,2556.4
2025-08-15 17:00:00,APXMIDP,91.08,2272.7
2025-08-15 17:30:00,APXMIDP,93.49,2297.2
2025-08-15 18:00:00,APXMIDP,96.44,2396.95
2025-08-15 18:30:00,APXMIDP,102.18,2267.7
2025-08-15 19:00:00,APXMIDP,99.04,2414.2
2025-08-15 19:30:00,APXMIDP,96.56,2421.4
2025-08-15 20:00:00,APXMIDP,99.66,2300.75
2025-08-15 20:30:00,APXMIDP,90.15,2161.8
2025-08-15 21:00:00,APXMIDP,79.53,2207.25
2025-08-15 21:30:00,APXMIDP,80.45,2466.95
2025-08-15 22:00:00,APXMIDP,80.48,1730.85
2025-08-15 22:30:00,APXMIDP,80.54,1737.3
2025-08-15 23:00:00,APXMIDP,81.75,1463.5
2025-08-15 23:30:00,APXMIDP,79.13,1324.45
2025-08-16 00:00:00,APXMIDP,72.97,1517.25
2025-08-16 00:30:00,APXMIDP,71.13,1381.3
2025-08-16 01:00:00,APXMIDP,77.46,1583.2
2025-08-16 01:30:00,APXMIDP,75.71,1710.95
2025-08-16 02:00:00,APXMIDP,69.37,1542.5
2025-08-16 02:30:00,APXMIDP,69.31,1493.15
2025-08-16 03:00:00,APXMIDP,79.91,1551.4
2025-08-16 03:30:00,APXMIDP,74.66,1253.95
2025-08-16 04:00:00,APXMIDP,74.41,1095.1
2025-08-16 04:30:00,APXMIDP,73.92,1259.75
2025-08-16 05:00:00,APXMIDP,76.9,1246.85
2025-08-16 05:30:00,APXMIDP,77.09,1383.65
2025-08-16 06:00:00,APXMIDP,72.19,1315.2
2025-08-16 06:30:00,APXMIDP,77.11,1316.1
2025-08-16 07:00:00,APXMIDP,82.31,1530.75
2025-08-16 07:30:00,APXMIDP,84.51,1690.0
2025-08-16 08:00:00,APXMIDP,87.66,1836.95
2025-08-16 08:30:00,APXMIDP,91.23,1728.05
2025-08-16 09:00:00,APXMIDP,92.67,1788.9
2025-08-16 09:30:00,APXMIDP,92.4,1641.25
2025-08-16 10:00:00,APXMIDP,94.42,1687.45
2025-08-16 10:30:00,APXMIDP,92.49,1543.05
2025-08-16 11:00:00,APXMIDP,89.61,1545.75
2025-08-16 11:30:00,APXMIDP,84.48,1662.3
2025-08-16 12:00:00,APXMIDP,77.36,1837.35
2025-08-16 12:30:00,APXMIDP,73.55,1585.3
2025-08-16 13:00:00,APXMIDP,74.3,1871.15
2025-08-16 13:30:00,APXMIDP,73.4,1988.6
2025-08-16 14:00:00,APXMIDP,76.3,1720.55
2025-08-16 14:30:00,APXMIDP,85.45,2119.7
2025-08-16 15:00:00,APXMIDP,86.72,1954.9
2025-08-16 15:30:00,APXMIDP,90.12,2001.75
2025-08-16 16:00:00,APXMIDP,98.63,2094.6
2025-08-16 16:30:00,APXMIDP,99.12,1890.45
2025-08-16 17:00:00,APXMIDP,100.54,2308.2
2025-08-16 17:30:00,APXMIDP,97.6,2344.15
2025-08-16 18:00:00,APXMIDP,100.36,2366.85
2025-08-16 18:30:00,APXMIDP,99.46,2914.45
2025-08-16 19:00:00,APXMIDP,96.93,2801.05
2025-08-16 19:30:00,APXMIDP,93.43,2654.85
2025-08-16 20:00:00,APXMIDP,95.03,2587.95
2025-08-16 20:30:00,APXMIDP,89.54,2411.6
2025-08-16 21:00:00,APXMIDP,85.58,2582.4
2025-08-16 21:30:00,APXMIDP,85.63,2290.25
2025-08-16 22:00:00,APXMIDP,88.23,1139.0
2025-08-16 22:30:00,APXMIDP,87.43,1071.0
2025-08-16 23:00:00,APXMIDP,86.07,992.85
2025-08-16 23:30:00,APXMIDP,82.51,857.3
2025-08-17 00:00:00,APXMIDP,82.98,1122.0
2025-08-17 00:30:00,APXMIDP,82.76,853.95
2025-08-17 01:00:00,APXMIDP,79.2,918.75
2025-08-17 01:30:00,APXMIDP,74.78,1107.25
2025-08-17 02:00:00,APXMIDP,74.12,1176.0
2025-08-17 02:30:00,APXMIDP,73.94,986.2
2025-08-17 03:00:00,APXMIDP,74.2,918.25
2025-08-17 03:30:00,APXMIDP,74.04,848.35
2025-08-17 04:00:00,APXMIDP,74.7,846.4
2025-08-17 04:30:00,APXMIDP,76.13,901.8
2025-08-17 05:00:00,APXMIDP,74.12,982.9
2025-08-17 05:30:00,APXMIDP,74.79,1261.8
2025-08-17 06:00:00,APXMIDP,72.66,1566.4
2025-08-17 06:30:00,APXMIDP,77.96,1300.75
2025-08-17 07:00:00,APXMIDP,80.22,1093.85
2025-08-17 07:30:00,APXMIDP,79.72,1045.8
2025-08-17 08:00:00,APXMIDP,75.37,861.25
2025-08-17 08:30:00,APXMIDP,74.0,952.75
2025-08-17 09:00:00,APXMIDP,74.14,1254.5
2025-08-17 09:30:00,APXMIDP,72.28,1158.85
2025-08-17 10:00:00,APXMIDP,63.04,1175.25
2025-08-17 10:30:00,APXMIDP,62.64,1509.75
2025-08-17 11:00:00,APXMIDP,58.49,1989.45
2025-08-17 11:30:00,APXMIDP,57.08,2182.3
2025-08-17 12:00:00,APXMIDP,53.4,1902.75
2025-08-17 12:30:00,APXMIDP,54.23,1853.55
2025-08-17 13:00:00,APXMIDP,56.4,1900.0
2025-08-17 13:30:00,APXMIDP,54.28,2272.55
2025-08-17 14:00:00,APXMIDP,60.82,1849.1
2025-08-17 14:30:00,APXMIDP,69.26,1759.3
2025-08-17 15:00:00,APXMIDP,67.84,1796.1
2025-08-17 15:30:00,APXMIDP,69.88,1980.8
2025-08-17 16:00:00,APXMIDP,93.99,1631.75
2025-08-17 16:30:00,APXMIDP,90.58,1838.35
2025-08-17 17:00:00,APXMIDP,89.58,1350.7
2025-08-17 17:30:00,APXMIDP,94.77,1625.95
2025-08-17 18:00:00,APXMIDP,97.41,1814.85
2025-08-17 18:30:00,APXMIDP,94.02,1766.7
2025-08-17 19:00:00,APXMIDP,96.03,1559.15
2025-08-17 19:30:00,APXMIDP,93.62,1661.5
2025-08-17 20:00:00,APXMIDP,89.49,1739.8
2025-08-17 20:30:00,APXMIDP,84.3,1539.75
2025-08-17 21:00:00,APXMIDP,88.15,1751.1
2025-08-17 21:30:00,APXMIDP,78.61,1929.95
2025-08-17 22:00:00,APXMIDP,82.48,1613.25
2025-08-17 22:30:00,APXMIDP,84.95,1425.3
2025-08-17 23:00:00,APXMIDP,78.69,1702.2
2025-08-17 23:30:00,APXMIDP,75.28,1534.5
2025-08-18 00:00:00,APXMIDP,73.14,1559.7
2025-08-18 00:30:00,APXMIDP,73.85,1558.3
2025-08-18 01:00:00,APXMIDP,73.36,1693.65
2025-08-18 01:30:00,APXMIDP,73.34,1689.05
2025-08-18 02:00:00,APXMIDP,78.12,1497.35
2025-08-18 02:30:00,APXMIDP,80.64,1455.35
2025-08-18 03:00:00,APXMIDP,82.35,1379.0
2025-08-18 03:30:00,APXMIDP,80.2,1536.5
2025-08-18 04:00:00,APXMIDP,90.46,1316.5
2025-08-18 04:30:00,APXMIDP,94.22,1704.75
2025-08-18 05:00:00,APXMIDP,96.88,1770.1
2025-08-18 05:30:00,APXMIDP,103.44,1747.25
2025-08-18 06:00:00,APXMIDP,89.54,2355.4
2025-08-18 06:30:00,APXMIDP,95.54,2674.7
2025-08-18 07:00:00,APXMIDP,94.88,2475.1
2025-08-18 07:30:00,APXMIDP,96.97,2495.9
2025-08-18 08:00:00,APXMIDP,96.6,2575.7
2025-08-18 08:30:00,APXMIDP,97.97,2530.45
2025-08-18 09:00:00,APXMIDP,99.16,2582.45
2025-08-18 09:30:00,APXMIDP,100.86,3012.35
2025-08-18 10:00:00,APXMIDP,97.37,2350.85
2025-08-18 10:30:00,APXMIDP,93.33,2668.0
2025-08-18 11:00:00,APXMIDP,95.43,2808.95
2025-08-18 11:30:00,APXMIDP,88.49,2902.85
2025-08-18 12:00:00,APXMIDP,82.4,3269.0
2025-08-18 12:30:00,APXMIDP,83.77,3188.35
2025-08-18 13:00:00,APXMIDP,82.0,3175.55
2025-08-18 13:30:00,APXMIDP,79.43,3524.4
2025-08-18 14:00:00,APXMIDP,81.7,2870.1
2025-08-18 14:30:00,APXMIDP,85.12,3048.15
2025-08-18 15:00:00,APXMIDP,84.65,2934.8
2025-08-18 15:30:00,APXMIDP,83.56,2905.05
2025-08-18 16:00:00,APXMIDP,98.01,2550.15
2025-08-18 16:30:00,APXMIDP,97.36,2866.05
2025-08-18 17:00:00,APXMIDP,105.02,2839.4
2025-08-18 17:30:00,APXMIDP,101.72,2786.9
2025-08-18 18:00:00,APXMIDP,103.79,3545.55
2025-08-18 18:30:00,APXMIDP,105.46,3440.55
2025-08-18 19:00:00,APXMIDP,98.29,3294.5
2025-08-18 19:30:00,APXMIDP,98.05,2912.8
2025-08-18 20:00:00,APXMIDP,93.97,2867.35
2025-08-18 20:30:00,APXMIDP,89.22,2204.35
2025-08-18 21:00:00,APXMIDP,88.69,2416.6
2025-08-18 21:30:00,APXMIDP,87.08,2614.6
2025-08-18 22:00:00,APXMIDP,78.61,1681.6
2025-08-18 22:30:00,APXMIDP,80.68,1093.75
2025-08-18 23:00:00,APXMIDP,78.3,1146.5
2025-08-18 23:30:00,APXMIDP,77.89,1149.05
2025-08-19 00:00:00,APXMIDP,80.1,1013.8
2025-08-19 00:30:00,APXMIDP,80.78,1127.95
2025-08-19 01:00:00,APXMIDP,79.99,1179.4
2025-08-19 01:30:00,APXMIDP,76.92,1223.05
2025-08-19 02:00:00,APXMIDP,80.24,1242.7
2025-08-19 02:30:00,APXMIDP,72.28,1168.15
2025-08-19 03:00:00,APXMIDP,76.68,1107.75
2025-08-19 03:30:00,APXMIDP,73.81,1225.3
2025-08-19 04:00:00,APXMIDP,71.82,957.35
2025-08-19 04:30:00,APXMIDP,71.48,1190.15
2025-08-19 05:00:00,APXMIDP,72.63,1486.4
2025-08-19 05:30:00,APXMIDP,78.9,1740.25
2025-08-19 06:00:00,APXMIDP,76.31,1976.8
2025-08-19 06:30:00,APXMIDP,76.57,2715.9
2025-08-19 07:00:00,APXMIDP,70.74,1612.8
2025-08-19 07:30:00,APXMIDP,70.91,1747.65
2025-08-19 08:00:00,APXMIDP,69.08,1873.1
2025-08-19 08:30:00,APXMIDP,72.99,2609.4
2025-08-19 09:00:00,APXMIDP,73.14,2342.3
2025-08-19 09:30:00,APXMIDP,74.66,2622.3
2025-08-19 10:00:00,APXMIDP,76.5,3061.05
2025-08-19 10:30:00,APXMIDP,74.56,3409.2
2025-08-19 11:00:00,APXMIDP,70.93,3363.0
2025-08-19 11:30:00,APXMIDP,71.27,3410.45
2025-08-19 12:00:00,APXMIDP,69.41,3404.0
2025-08-19 12:30:00,APXMIDP,68.04,3637.05
2025-08-19 13:00:00,APXMIDP,67.18,3613.5
2025-08-19 13:30:00,APXMIDP,70.46,4129.8
2025-08-19 14:00:00,APXMIDP,77.53,2918.0
2025-08-19 14:30:00,APXMIDP,70.75,2681.35
2025-08-19 15:00:00,APXMIDP,72.64,3073.75
2025-08-19 15:30:00,APXMIDP,78.24,3155.9
2025-08-19 16:00:00,APXMIDP,87.44,2691.75
2025-08-19 16:30:00,APXMIDP,86.61,2938.05
2025-08-19 17:00:00,APXMIDP,95.99,2691.15
2025-08-19 17:30:00,APXMIDP,90.43,3122.95
2025-08-19 18:00:00,APXMIDP,95.18,2679.0
2025-08-19 18:30:00,APXMIDP,93.81,2592.75
2025-08-19 19:00:00,APXMIDP,93.95,2436.35
2025-08-19 19:30:00,APXMIDP,95.26,2359.15
2025-08-19 20:00:00,APXMIDP,90.76,2567.4
2025-08-19 20:30:00,APXMIDP,81.9,2182.3
2025-08-19 21:00:00,APXMIDP,81.16,2561.0
2025-08-19 21:30:00,APXMIDP,84.67,2553.4
2025-08-19 22:00:00,APXMIDP,73.75,1951.55
2025-08-19 22:30:00,APXMIDP,75.35,1874.15
2025-08-19 23:00:00,APXMIDP,77.78,1761.5
2025-08-19 23:30:00,APXMIDP,77.46,1979.9
2025-08-20 00:00:00,APXMIDP,73.67,1667.45
2025-08-20 00:30:00,APXMIDP,72.4,2057.4
2025-08-20 01:00:00,APXMIDP,74.6,2024.6
2025-08-20 01:30:00,APXMIDP,71.62,1933.3
2025-08-20 02:00:00,APXMIDP,75.53,2063.7
2025-08-20 02:30:00,APXMIDP,77.95,1851.45
2025-08-20 03:00:00,APXMIDP,77.73,1789.5
2025-08-20 03:30:00,APXMIDP,79.73,2076.75
2025-08-20 04:00:00,APXMIDP,89.76,2213.25
2025-08-20 04:30:00,APXMIDP,86.15,2561.2
2025-08-20 05:00:00,APXMIDP,86.27,2395.1
2025-08-20 05:30:00,APXMIDP,96.01,2857.05
2025-08-20 06:00:00,APXMIDP,95.41,2640.2
2025-08-20 06:30:00,APXMIDP,99.05,3005.05
2025-08-20 07:00:00,APXMIDP,92.77,3212.95
2025-08-20 07:30:00,APXMIDP,97.67,3425.45
2025-08-20 08:00:00,APXMIDP,94.24,3355.95
2025-08-20 08:30:00,APXMIDP,98.03,2768.55
2025-08-20 09:00:00,APXMIDP,98.89,2846.25
2025-08-20 09:30:00,APXMIDP,98.68,3001.55
2025-08-20 10:00:00,APXMIDP,91.44,3583.15
2025-08-20 10:30:00,APXMIDP,91.29,3374.55
2025-08-20 11:00:00,APXMIDP,89.42,3671.95
2025-08-20 11:30:00,APXMIDP,89.54,4054.0
2025-08-20 12:00:00,APXMIDP,86.98,3748.75
2025-08-20 12:30:00,APXMIDP,87.25,3507.15
2025-08-20 13:00:00,APXMIDP,86.87,3885.45
2025-08-20 13:30:00,APXMIDP,86.88,4236.9
2025-08-20 14:00:00,APXMIDP,85.76,4189.65
2025-08-20 14:30:00,APXMIDP,84.97,4357.4
2025-08-20 15:00:00,APXMIDP,90.26,4155.65
2025-08-20 15:30:00,APXMIDP,95.04,4150.85
2025-08-20 16:00:00,APXMIDP,102.87,4593.2
2025-08-20 16:30:00,APXMIDP,107.5,4112.75
2025-08-20 17:00:00,APXMIDP,115.33,4117.7
2025-08-20 17:30:00,APXMIDP,114.25,4146.35
2025-08-20 18:00:00,APXMIDP,120.4,3821.3
2025-08-20 18:30:00,APXMIDP,117.21,3318.85
2025-08-20 19:00:00,APXMIDP,104.04,3422.4
2025-08-20 19:30:00,APXMIDP,100.68,3459.45
2025-08-20 20:00:00,APXMIDP,96.51,2416.6
2025-08-20 20:30:00,APXMIDP,87.36,2547.7
2025-08-20 21:00:00,APXMIDP,89.52,2394.25
2025-08-20 21:30:00,APXMIDP,89.0,2756.3
2025-08-20 22:00:00,APXMIDP,84.74,1628.2
2025-08-20 22:30:00,APXMIDP,73.01,1477.0
2025-08-20 23:00:00,APXMIDP,75.23,937.2
2025-08-20 23:30:00,APXMIDP,75.2,857.4
2025-08-21 00:00:00,APXMIDP,71.83,835.8
2025-08-21 00:30:00,APXMIDP,71.05,958.35
2025-08-21 01:00:00,APXMIDP,72.82,1199.05
2025-08-21 01:30:00,APXMIDP,70.25,1012.0
2025-08-21 02:00:00,APXMIDP,72.88,1168.85
2025-08-21 02:30:00,APXMIDP,70.1,914.7
2025-08-21 03:00:00,APXMIDP,68.25,1051.75
2025-08-21 03:30:00,APXMIDP,67.46,1198.3
2025-08-21 04:00:00,APXMIDP,69.45,1331.9
2025-08-21 04:30:00,APXMIDP,74.17,1499.3
2025-08-21 05:00:00,APXMIDP,83.62,1620.95
2025-08-21 05:30:00,APXMIDP,87.47,1965.9
2025-08-21 06:00:00,APXMIDP,77.34,2578.5
2025-08-21 06:30:00,APXMIDP,88.46,2830.85
2025-08-21 07:00:00,APXMIDP,86.87,2688.65
2025-08-21 07:30:00,APXMIDP,83.88,2464.1
2025-08-21 08:00:00,APXMIDP,82.38,2704.85
2025-08-21 08:30:00,APXMIDP,73.49,3314.55
2025-08-21 09:00:00,APXMIDP,67.63,3139.1
2025-08-21 09:30:00,APXMIDP,66.61,3496.4
2025-08-21 10:00:00,APXMIDP,65.53,4159.65
2025-08-21 10:30:00,APXMIDP,68.97,4348.15
2025-08-21 11:00:00,APXMIDP,70.84,3873.9
2025-08-21 11:30:00,APXMIDP,71.63,4000.7
2025-08-21 12:00:00,APXMIDP,71.65,3583.35
2025-08-21 12:30:00,APXMIDP,71.23,3139.85
2025-08-21 13:00:00,APXMIDP,71.09,2797.15
2025-08-21 13:30:00,APXMIDP,71.01,3310.75
2025-08-21 14:00:00,APXMIDP,69.99,2653.35
2025-08-21 14:30:00,APXMIDP,71.32,2389.45
2025-08-21 15:00:00,APXMIDP,72.9,2735.55
2025-08-21 15:30:00,APXMIDP,73.52,2920.05
2025-08-21 16:00:00,APXMIDP,76.7,2401.0
2025-08-21 16:30:00,APXMIDP,83.48,2517.15
2025-08-21 17:00:00,APXMIDP,84.6,2675.1
2025-08-21 17:30:00,APXMIDP,89.6,2757.9
2025-08-21 18:00:00,APXMIDP,96.77,2832.8
2025-08-21 18:30:00,APXMIDP,95.87,2959.85
2025-08-21 19:00:00,APXMIDP,94.58,2619.55
2025-08-21 19:30:00,APXMIDP,98.53,2745.15
2025-08-21 20:00:00,APXMIDP,92.22,2624.1
2025-08-21 20:30:00,APXMIDP,92.5,2720.2
2025-08-21 21:00:00,APXMIDP,85.74,2009.25
2025-08-21 21:30:00,APXMIDP,78.5,2371.4
2025-08-21 22:00:00,APXMIDP,84.94,1625.6
2025-08-21 22:30:00,APXMIDP,82.26,1489.3
2025-08-21 23:00:00,APXMIDP,76.87,1663.65
2025-08-21 23:30:00,APXMIDP,75.01,1796.8
2025-08-22 00:00:00,APXMIDP,72.33,1372.1
2025-08-22 00:30:00,APXMIDP,73.46,1680.8
2025-08-22 01:00:00,APXMIDP,73.43,1565.5
2025-08-22 01:30:00,APXMIDP,71.7,1666.65
2025-08-22 02:00:00,APXMIDP,74.83,1288.8
2025-08-22 02:30:00,APXMIDP,74.83,1149.4
2025-08-22 03:00:00,APXMIDP,74.25,1182.75
2025-08-22 03:30:00,APXMIDP,76.18,1424.35
2025-08-22 04:00:00,APXMIDP,83.85,1107.0
2025-08-22 04:30:00,APXMIDP,90.82,1350.75
2025-08-22 05:00:00,APXMIDP,91.75,1441.2
2025-08-22 05:30:00,APXMIDP,95.97,2025.65
2025-08-22 06:00:00,APXMIDP,99.02,2072.55
2025-08-22 06:30:00,APXMIDP,98.09,2285.05
2025-08-22 07:00:00,APXMIDP,100.17,2433.2
2025-08-22 07:30:00,APXMIDP,102.33,2571.05
2025-08-22 08:00:00,APXMIDP,100.52,2511.15
2025-08-22 08:30:00,APXMIDP,88.53,2238.05
2025-08-22 09:00:00,APXMIDP,76.29,2786.0
2025-08-22 09:30:00,APXMIDP,77.09,3044.55
2025-08-22 10:00:00,APXMIDP,76.25,3121.5
2025-08-22 10:30:00,APXMIDP,73.93,2662.85
2025-08-22 11:00:00,APXMIDP,83.06,3083.25
2025-08-22 11:30:00,APXMIDP,79.99,3378.7
2025-08-22 12:00:00,APXMIDP,77.06,3586.45
2025-08-22 12:30:00,APXMIDP,75.19,3001.6
2025-08-22 13:00:00,APXMIDP,74.22,2901.5
2025-08-22 13:30:00,APXMIDP,73.92,3324.75
2025-08-22 14:00:00,APXMIDP,74.41,2233.85
2025-08-22 14:30:00,APXMIDP,74.49,1987.05
2025-08-22 15:00:00,APXMIDP,75.03,1876.85
2025-08-22 15:30:00,APXMIDP,79.17,2350.5
2025-08-22 16:00:00,APXMIDP,89.47,2201.65
2025-08-22 16:30:00,APXMIDP,97.09,2006.65
2025-08-22 17:00:00,APXMIDP,102.49,2498.65
2025-08-22 17:30:00,APXMIDP,105.61,2801.75
2025-08-22 18:00:00,APXMIDP,113.87,2332.7
2025-08-22 18:30:00,APXMIDP,115.62,2528.5
2025-08-22 19:00:00,APXMIDP,109.21,2807.2
2025-08-22 19:30:00,APXMIDP,109.45,2726.05
2025-08-22 20:00:00,APXMIDP,106.7,2425.55
2025-08-22 20:30:00,APXMIDP,103.01,2262.6
2025-08-22 21:00:00,APXMIDP,100.51,2335.0
2025-08-22 21:30:00,APXMIDP,90.64,1854.9
2025-08-22 22:00:00,APXMIDP,82.14,1693.4
2025-08-22 22:30:00,APXMIDP,84.35,1135.85
2025-08-22 23:00:00,APXMIDP,84.36,1016.7
2025-08-22 23:30:00,APXMIDP,80.93,1068.05
2025-08-23 00:00:00,APXMIDP,79.64,676.9
2025-08-23 00:30:00,APXMIDP,81.81,861.65
2025-08-23 01:00:00,APXMIDP,81.58,1158.65
2025-08-23 01:30:00,APXMIDP,76.44,1079.8
2025-08-23 02:00:00,APXMIDP,76.95,940.15
2025-08-23 02:30:00,APXMIDP,77.0,1026.4
2025-08-23 03:00:00,APXMIDP,78.63,968.9
2025-08-23 03:30:00,APXMIDP,79.85,996.55
2025-08-23 04:00:00,APXMIDP,85.63,965.7
2025-08-23 04:30:00,APXMIDP,86.82,994.55
2025-08-23 05:00:00,APXMIDP,86.61,1073.35
2025-08-23 05:30:00,APXMIDP,88.73,1123.0
2025-08-23 06:00:00,APXMIDP,78.58,1317.3
2025-08-23 06:30:00,APXMIDP,80.29,1467.4
2025-08-23 07:00:00,APXMIDP,80.69,1007.75
2025-08-23 07:30:00,APXMIDP,80.32,1249.1
2025-08-23 08:00:00,APXMIDP,77.18,1158.0
2025-08-23 08:30:00,APXMIDP,75.95,1125.0
2025-08-23 09:00:00,APXMIDP,73.2,1181.05
2025-08-23 09:30:00,APXMIDP,71.3,1491.3
2025-08-23 10:00:00,APXMIDP,71.32,1841.95
2025-08-23 10:30:00,APXMIDP,72.02,1895.25
2025-08-23 11:00:00,APXMIDP,75.96,1944.35
2025-08-23 11:30:00,APXMIDP,78.85,2042.7
2025-08-23 12:00:00,APXMIDP,80.64,1928.75
2025-08-23 12:30:00,APXMIDP,79.14,1827.5
2025-08-23 13:00:00,APXMIDP,76.93,1679.2
2025-08-23 13:30:00,APXMIDP,76.42,1722.15
2025-08-23 14:00:00,APXMIDP,79.43,1505.8
2025-08-23 14:30:00,APXMIDP,81.5,1649.65
2025-08-23 15:00:00,APXMIDP,84.17,1644.35
2025-08-23 15:30:00,APXMIDP,88.49,1977.65
2025-08-23 16:00:00,APXMIDP,86.56,1730.25
2025-08-23 16:30:00,APXMIDP,87.47,1881.8
2025-08-23 17:00:00,APXMIDP,97.7,2012.95
2025-08-23 17:30:00,APXMIDP,98.07,2134.95
2025-08-23 18:00:00,APXMIDP,105.55,1920.55
2025-08-23 18:30:00,APXMIDP,103.45,1937.05
2025-08-23 19:00:00,APXMIDP,104.03,2093.05
2025-08-23 19:30:00,APXMIDP,102.84,1786.4
2025-08-23 20:00:00,APXMIDP,101.59,1604.05
2025-08-23 20:30:00,APXMIDP,93.01,1252.95
2025-08-23 21:00:00,APXMIDP,90.76,1824.8
2025-08-23 21:30:00,APXMIDP,87.42,1977.05
2025-08-23 22:00:00,APXMIDP,81.22,1186.4
2025-08-23 22:30:00,APXMIDP,79.38,1249.8
2025-08-23 23:00:00,APXMIDP,83.84,1204.15
2025-08-23 23:30:00,APXMIDP,83.49,1148.05
2025-08-24 00:00:00,APXMIDP,84.16,1117.55
2025-08-24 00:30:00,APXMIDP,81.99,1014.45
2025-08-24 01:00:00,APXMIDP,83.83,1258.05
2025-08-24 01:30:00,APXMIDP,81.84,1018.6
2025-08-24 02:00:00,APXMIDP,80.74,1006.3
2025-08-24 02:30:00,APXMIDP,77.96,974.1
2025-08-24 03:00:00,APXMIDP,82.45,741.6
2025-08-24 03:30:00,APXMIDP,81.41,871.3
2025-08-24 04:00:00,APXMIDP,82.24,885.2
2025-08-24 04:30:00,APXMIDP,80.51,793.65
2025-08-24 05:00:00,APXMIDP,76.57,1039.2
2025-08-24 05:30:00,APXMIDP,77.2,1052.7
2025-08-24 06:00:00,APXMIDP,76.52,996.7
2025-08-24 06:30:00,APXMIDP,79.46,869.75
2025-08-24 07:00:00,APXMIDP,89.55,981.8
2025-08-24 07:30:00,APXMIDP,91.0,810.65
2025-08-24 08:00:00,APXMIDP,90.62,1027.1
2025-08-24 08:30:00,APXMIDP,89.22,990.1
2025-08-24 09:00:00,APXMIDP,84.72,1257.55
2025-08-24 09:30:00,APXMIDP,80.04,1234.55
2025-08-24 10:00:00,APXMIDP,76.52,1036.2
2025-08-24 10:30:00,APXMIDP,75.17,1175.3
2025-08-24 11:00:00,APXMIDP,72.67,902.9
2025-08-24 11:30:00,APXMIDP,73.03,961.5
2025-08-24 12:00:00,APXMIDP,72.21,1004.25
2025-08-24 12:30:00,APXMIDP,71.97,1230.75
2025-08-24 13:00:00,APXMIDP,72.06,1087.55
2025-08-24 13:30:00,APXMIDP,72.11,1063.6
2025-08-24 14:00:00,APXMIDP,72.48,1072.0
2025-08-24 14:30:00,APXMIDP,73.13,1282.15
2025-08-24 15:00:00,APXMIDP,72.45,1885.3
2025-08-24 15:30:00,APXMIDP,73.3,1918.7
2025-08-24 16:00:00,APXMIDP,79.45,1886.05
2025-08-24 16:30:00,APXMIDP,86.91,1893.7
2025-08-24 17:00:00,APXMIDP,93.33,1855.35
2025-08-24 17:30:00,APXMIDP,92.67,1996.65
2025-08-24 18:00:00,APXMIDP,99.7,2233.65
2025-08-24 18:30:00,APXMIDP,98.21,2255.1
2025-08-24 19:00:00,APXMIDP,98.88,2196.0
2025-08-24 19:30:00,APXMIDP,98.5,2204.7
2025-08-24 20:00:00,APXMIDP,101.66,2042.7
2025-08-24 20:30:00,APXMIDP,97.45,1907.6
2025-08-24 21:00:00,APXMIDP,98.74,1814.0
2025-08-24 21:30:00,APXMIDP,92.07,2023.75
2025-08-24 22:00:00,APXMIDP,86.22,2007.55
2025-08-24 22:30:00,APXMIDP,100.55,1898.0
2025-08-24 23:00:00,APXMIDP,93.62,1761.2
2025-08-24 23:30:00,APXMIDP,88.24,1808.4
2025-08-25 00:00:00,APXMIDP,86.19,2060.95
2025-08-25 00:30:00,APXMIDP,81.92,2046.65
2025-08-25 01:00:00,APXMIDP,83.64,2047.05
2025-08-25 01:30:00,APXMIDP,80.29,2299.45
2025-08-25 02:00:00,APXMIDP,87.98,1767.35
2025-08-25 02:30:00,APXMIDP,85.66,2015.25
2025-08-25 03:00:00,APXMIDP,92.14,1903.9
2025-08-25 03:30:00,APXMIDP,91.09,1858.9
2025-08-25 04:00:00,APXMIDP,103.94,1901.3
2025-08-25 04:30:00,APXMIDP,104.97,2061.4
2025-08-25 05:00:00,APXMIDP,109.08,2465.7
2025-08-25 05:30:00,APXMIDP,114.93,2828.7
2025-08-25 06:00:00,APXMIDP,99.24,2982.65
2025-08-25 06:30:00,APXMIDP,94.6,2992.65
2025-08-25 07:00:00,APXMIDP,86.8,2367.3
2025-08-25 07:30:00,APXMIDP,86.45,2869.85
2025-08-25 08:00:00,APXMIDP,85.48,3032.85
2025-08-25 08:30:00,APXMIDP,86.1,2634.65
2025-08-25 09:00:00,APXMIDP,85.87,2246.5
2025-08-25 09:30:00,APXMIDP,78.56,2977.0
2025-08-25 10:00:00,APXMIDP,40.13,2583.3
2025-08-25 10:30:00,APXMIDP,26.59,2294.55
2025-08-25 11:00:00,APXMIDP,18.26,2956.3
2025-08-25 11:30:00,APXMIDP,14.45,2915.7
2025-08-25 12:00:00,APXMIDP,11.16,3041.55
2025-08-25 12:30:00,APXMIDP,7.09,3165.25
2025-08-25 13:00:00,APXMIDP,13.97,3794.45
2025-08-25 13:30:00,APXMIDP,12.99,3672.25
2025-08-25 14:00:00,APXMIDP,36.06,3015.55
2025-08-25 14:30:00,APXMIDP,37.73,3170.1
2025-08-25 15:00:00,APXMIDP,40.71,2978.5
2025-08-25 15:30:00,APXMIDP,65.87,3249.65
2025-08-25 16:00:00,APXMIDP,83.72,2928.3
2025-08-25 16:30:00,APXMIDP,91.73,3321.9
2025-08-25 17:00:00,APXMIDP,101.63,3574.1
2025-08-25 17:30:00,APXMIDP,102.77,3478.25
2025-08-25 18:00:00,APXMIDP,111.59,2788.3
2025-08-25 18:30:00,APXMIDP,113.48,3081.2
2025-08-25 19:00:00,APXMIDP,112.9,3008.95
2025-08-25 19:30:00,APXMIDP,113.71,3186.6
2025-08-25 20:00:00,APXMIDP,103.74,3165.1
2025-08-25 20:30:00,APXMIDP,96.12,2868.75
2025-08-25 21:00:00,APXMIDP,99.45,2808.9
2025-08-25 21:30:00,APXMIDP,93.43,2716.15
2025-08-25 22:00:00,APXMIDP,86.71,2157.15
2025-08-25 22:30:00,APXMIDP,94.93,1722.55
2025-08-25 23:00:00,APXMIDP,95.37,1916.6
2025-08-25 23:30:00,APXMIDP,91.5,2062.25
2025-08-26 00:00:00,APXMIDP,81.14,1680.35
2025-08-26 00:30:00,APXMIDP,79.69,1704.7
2025-08-26 01:00:00,APXMIDP,73.61,1648.6
2025-08-26 01:30:00,APXMIDP,71.3,1964.2
2025-08-26 02:00:00,APXMIDP,72.23,1661.05
2025-08-26 02:30:00,APXMIDP,71.78,1917.25
2025-08-26 03:00:00,APXMIDP,76.75,1957.35
2025-08-26 03:30:00,APXMIDP,83.65,1658.8
2025-08-26 04:00:00,APXMIDP,98.81,1774.55
2025-08-26 04:30:00,APXMIDP,106.7,1940.1
2025-08-26 05:00:00,APXMIDP,108.01,2359.1
2025-08-26 05:30:00,APXMIDP,113.18,2688.45
2025-08-26 06:00:00,APXMIDP,112.48,2972.5
2025-08-26 06:30:00,APXMIDP,114.69,3372.55
2025-08-26 07:00:00,APXMIDP,111.5,2788.95
2025-08-26 07:30:00,APXMIDP,111.19,2722.05
2025-08-26 08:00:00,APXMIDP,105.2,3023.35
2025-08-26 08:30:00,APXMIDP,103.73,2884.1
2025-08-26 09:00:00,APXMIDP,101.44,3190.9
2025-08-26 09:30:00,APXMIDP,102.64,3191.55
2025-08-26 10:00:00,APXMIDP,98.65,3384.5
2025-08-26 10:30:00,APXMIDP,98.32,3890.55
2025-08-26 11:00:00,APXMIDP,95.06,3960.85
2025-08-26 11:30:00,APXMIDP,90.91,3960.55
2025-08-26 12:00:00,APXMIDP,86.24,3516.05
2025-08-26 12:30:00,APXMIDP,87.69,3440.4
2025-08-26 13:00:00,APXMIDP,87.26,3519.8
2025-08-26 13:30:00,APXMIDP,80.86,3754.05
2025-08-26 14:00:00,APXMIDP,82.57,3376.35
2025-08-26 14:30:00,APXMIDP,79.43,3233.25
2025-08-26 15:00:00,APXMIDP,88.37,3542.25
2025-08-26 15:30:00,APXMIDP,88.29,3758.05
2025-08-26 16:00:00,APXMIDP,101.1,3844.05
2025-08-26 16:30:00,APXMIDP,112.15,4236.2
2025-08-26 17:00:00,APXMIDP,124.38,3676.65
2025-08-26 17:30:00,APXMIDP,128.45,3899.2
2025-08-26 18:00:00,APXMIDP,141.64,3463.85
2025-08-26 18:30:00,APXMIDP,145.52,3599.8
2025-08-26 19:00:00,APXMIDP,131.77,4162.9
2025-08-26 19:30:00,APXMIDP,130.93,4476.75
2025-08-26 20:00:00,APXMIDP,118.02,3226.4
2025-08-26 20:30:00,APXMIDP,112.61,2754.35
2025-08-26 21:00:00,APXMIDP,100.8,3064.1
2025-08-26 21:30:00,APXMIDP,93.18,3138.2
2025-08-26 22:00:00,APXMIDP,77.47,2148.3
2025-08-26 22:30:00,APXMIDP,75.15,1737.6
2025-08-26 23:00:00,APXMIDP,78.41,1792.25
2025-08-26 23:30:00,APXMIDP,77.8,1456.5
2025-08-27 00:00:00,APXMIDP,72.97,1687.6
2025-08-27 00:30:00,APXMIDP,76.48,1607.2
2025-08-27 01:00:00,APXMIDP,74.26,1755.85
2025-08-27 01:30:00,APXMIDP,72.35,1588.85
2025-08-27 02:00:00,APXMIDP,72.26,1390.6
2025-08-27 02:30:00,APXMIDP,71.38,1380.6
2025-08-27 03:00:00,APXMIDP,77.82,1868.3
2025-08-27 03:30:00,APXMIDP,74.32,1909.2
2025-08-27 04:00:00,APXMIDP,79.62,1989.35
2025-08-27 04:30:00,APXMIDP,83.24,1626.4
2025-08-27 05:00:00,APXMIDP,90.47,2038.85
2025-08-27 05:30:00,APXMIDP,91.04,2377.15
2025-08-27 06:00:00,APXMIDP,101.71,2465.85
2025-08-27 06:30:00,APXMIDP,112.23,2667.65
2025-08-27 07:00:00,APXMIDP,88.72,2951.55
2025-08-27 07:30:00,APXMIDP,94.75,2561.3
2025-08-27 08:00:00,APXMIDP,89.88,2989.75
2025-08-27 08:30:00,APXMIDP,82.34,2450.55
2025-08-27 09:00:00,APXMIDP,79.36,2562.3
2025-08-27 09:30:00,APXMIDP,82.8,3020.95
2025-08-27 10:00:00,APXMIDP,75.72,2679.35
2025-08-27 10:30:00,APXMIDP,73.15,2688.95
2025-08-27 11:00:00,APXMIDP,74.27,3242.4
2025-08-27 11:30:00,APXMIDP,71.88,3155.6
2025-08-27 12:00:00,APXMIDP,69.78,3436.4
2025-08-27 12:30:00,APXMIDP,68.65,3410.2
2025-08-27 13:00:00,APXMIDP,72.43,4586.0
2025-08-27 13:30:00,APXMIDP,65.54,4316.3
2025-08-27 14:00:00,APXMIDP,70.39,4007.2
2025-08-27 14:30:00,APXMIDP,62.49,3949.3
2025-08-27 15:00:00,APXMIDP,72.29,3476.55
2025-08-27 15:30:00,APXMIDP,71.44,3606.45
2025-08-27 16:00:00,APXMIDP,78.3,3446.55
2025-08-27 16:30:00,APXMIDP,74.87,3120.75
2025-08-27 17:00:00,APXMIDP,70.86,3526.85
2025-08-27 17:30:00,APXMIDP,81.09,3728.75
2025-08-27 18:00:00,APXMIDP,94.52,3559.5
2025-08-27 18:30:00,APXMIDP,93.95,3407.1
2025-08-27 19:00:00,APXMIDP,98.93,3900.75
2025-08-27 19:30:00,APXMIDP,102.97,3856.7
2025-08-27 20:00:00,APXMIDP,105.7,3399.65
2025-08-27 20:30:00,APXMIDP,97.81,3174.2
2025-08-27 21:00:00,APXMIDP,90.77,3055.05
2025-08-27 21:30:00,APXMIDP,83.3,3123.15
2025-08-27 22:00:00,APXMIDP,75.95,1883.75
2025-08-27 22:30:00,APXMIDP,75.7,1623.1
2025-08-27 23:00:00,APXMIDP,67.07,2134.55
2025-08-27 23:30:00,APXMIDP,76.42,2264.1
2025-08-28 00:00:00,APXMIDP,76.52,1681.05
2025-08-28 00:30:00,APXMIDP,80.06,1532.6
2025-08-28 01:00:00,APXMIDP,78.97,1581.0
2025-08-28 01:30:00,APXMIDP,81.25,1678.65
2025-08-28 02:00:00,APXMIDP,78.24,1617.6
2025-08-28 02:30:00,APXMIDP,78.45,1812.5
2025-08-28 03:00:00,APXMIDP,79.07,1628.05
2025-08-28 03:30:00,APXMIDP,77.92,1481.05
2025-08-28 04:00:00,APXMIDP,81.71,1310.7
2025-08-28 04:30:00,APXMIDP,87.23,1785.7
2025-08-28 05:00:00,APXMIDP,95.09,1530.3
2025-08-28 05:30:00,APXMIDP,100.94,1516.6
2025-08-28 06:00:00,APXMIDP,102.11,1777.15
2025-08-28 06:30:00,APXMIDP,97.67,2795.3
2025-08-28 07:00:00,APXMIDP,105.09,2403.8
2025-08-28 07:30:00,APXMIDP,103.37,2441.35
2025-08-28 08:00:00,APXMIDP,89.16,2428.35
2025-08-28 08:30:00,APXMIDP,80.91,2221.65
2025-08-28 09:00:00,APXMIDP,76.7,2720.65
2025-08-28 09:30:00,APXMIDP,79.5,2661.4
2025-08-28 10:00:00,APXMIDP,74.76,2573.1
2025-08-28 10:30:00,APXMIDP,75.01,2438.25
2025-08-28 11:00:00,APXMIDP,73.15,2078.25
2025-08-28 11:30:00,APXMIDP,73.74,2817.2
2025-08-28 12:00:00,APXMIDP,73.15,2685.4
2025-08-28 12:30:00,APXMIDP,70.67,2724.3
2025-08-28 13:00:00,APXMIDP,70.39,2704.9
2025-08-28 13:30:00,APXMIDP,68.26,2983.6
2025-08-28 14:00:00,APXMIDP,65.36,2814.7
2025-08-28 14:30:00,APXMIDP,71.45,2846.65
2025-08-28 15:00:00,APXMIDP,72.85,3567.65
2025-08-28 15:30:00,APXMIDP,74.1,3310.55
2025-08-28 16:00:00,APXMIDP,76.72,2739.35
2025-08-28 16:30:00,APXMIDP,76.1,2530.6
2025-08-28 17:00:00,APXMIDP,76.57,2610.85
2025-08-28 17:30:00,APXMIDP,79.3,2930.05
2025-08-28 18:00:00,APXMIDP,82.72,3384.8
2025-08-28 18:30:00,APXMIDP,85.31,3506.9
2025-08-28 19:00:00,APXMIDP,84.63,3143.3
2025-08-28 19:30:00,APXMIDP,83.57,3223.8
2025-08-28 20:00:00,APXMIDP,88.62,3084.1
2025-08-28 20:30:00,APXMIDP,83.89,2759.0
2025-08-28 21:00:00,APXMIDP,72.62,3309.55
2025-08-28 21:30:00,APXMIDP,71.61,3427.3
2025-08-28 22:00:00,APXMIDP,71.69,2020.05
2025-08-28 22:30:00,APXMIDP,71.43,1596.5
2025-08-28 23:00:00,APXMIDP,68.26,1532.95
2025-08-28 23:30:00,APXMIDP,65.86,1481.75
2025-08-29 00:00:00,APXMIDP,70.22,1606.15
2025-08-29 00:30:00,APXMIDP,71.21,1294.35
2025-08-29 01:00:00,APXMIDP,69.93,1303.45
2025-08-29 01:30:00,APXMIDP,69.19,1243.0
2025-08-29 02:00:00,APXMIDP,68.89,850.3
2025-08-29 02:30:00,APXMIDP,67.29,940.05
2025-08-29 03:00:00,APXMIDP,73.53,1027.2
2025-08-29 03:30:00,APXMIDP,70.21,1247.75
2025-08-29 04:00:00,APXMIDP,81.35,1470.8
2025-08-29 04:30:00,APXMIDP,86.39,1453.05
2025-08-29 05:00:00,APXMIDP,90.17,1693.15
2025-08-29 05:30:00,APXMIDP,94.58,2372.15
2025-08-29 06:00:00,APXMIDP,105.22,1996.15
2025-08-29 06:30:00,APXMIDP,109.24,2060.1
2025-08-29 07:00:00,APXMIDP,107.02,2187.0
2025-08-29 07:30:00,APXMIDP,110.62,2507.75
2025-08-29 08:00:00,APXMIDP,118.5,2983.3
2025-08-29 08:30:00,APXMIDP,104.86,3301.65
2025-08-29 09:00:00,APXMIDP,104.56,3544.65
2025-08-29 09:30:00,APXMIDP,97.88,3984.85
2025-08-29 10:00:00,APXMIDP,70.41,3336.9
2025-08-29 10:30:00,APXMIDP,65.99,3430.0
2025-08-29 11:00:00,APXMIDP,65.16,2986.6
2025-08-29 11:30:00,APXMIDP,71.28,3316.3
2025-08-29 12:00:00,APXMIDP,68.15,3348.5
2025-08-29 12:30:00,APXMIDP,69.01,3331.55
2025-08-29 13:00:00,APXMIDP,68.54,3561.0
2025-08-29 13:30:00,APXMIDP,67.38,3329.1
2025-08-29 14:00:00,APXMIDP,73.81,1380.45
2025-08-29 14:30:00,APXMIDP,66.85,1648.15
2025-08-29 15:00:00,APXMIDP,72.65,2345.1
2025-08-29 15:30:00,APXMIDP,73.77,3064.3
2025-08-29 16:00:00,APXMIDP,77.19,2962.0
2025-08-29 16:30:00,APXMIDP,92.48,2883.7
2025-08-29 17:00:00,APXMIDP,101.74,2954.55
2025-08-29 17:30:00,APXMIDP,107.57,3003.8
2025-08-29 18:00:00,APXMIDP,107.91,3270.25
2025-08-29 18:30:00,APXMIDP,108.25,3034.25
2025-08-29 19:00:00,APXMIDP,107.04,3027.05
2025-08-29 19:30:00,APXMIDP,107.88,3086.55
2025-08-29 20:00:00,APXMIDP,107.47,2801.25
2025-08-29 20:30:00,APXMIDP,95.76,2931.95
2025-08-29 21:00:00,APXMIDP,91.17,3165.45
2025-08-29 21:30:00,APXMIDP,86.22,2803.05
2025-08-29 22:00:00,APXMIDP,83.78,1819.4
2025-08-29 22:30:00,APXMIDP,79.08,1810.85
2025-08-29 23:00:00,APXMIDP,82.19,1407.45
2025-08-29 23:30:00,APXMIDP,76.45,1277.9
2025-08-30 00:00:00,APXMIDP,75.98,1268.8
2025-08-30 00:30:00,APXMIDP,75.17,1310.35
2025-08-30 01:00:00,APXMIDP,77.66,1345.4
2025-08-30 01:30:00,APXMIDP,80.05,1295.45
2025-08-30 02:00:00,APXMIDP,83.62,1370.65
2025-08-30 02:30:00,APXMIDP,84.37,1431.15
2025-08-30 03:00:00,APXMIDP,85.29,1526.25
2025-08-30 03:30:00,APXMIDP,85.72,1485.8
2025-08-30 04:00:00,APXMIDP,88.5,1721.5
2025-08-30 04:30:00,APXMIDP,89.23,1625.4
2025-08-30 05:00:00,APXMIDP,88.15,1620.35
2025-08-30 05:30:00,APXMIDP,90.93,1738.3
2025-08-30 06:00:00,APXMIDP,89.4,1367.5
2025-08-30 06:30:00,APXMIDP,89.58,1234.75
2025-08-30 07:00:00,APXMIDP,88.47,1236.85
2025-08-30 07:30:00,APXMIDP,83.98,1333.4
2025-08-30 08:00:00,APXMIDP,76.72,1458.1
2025-08-30 08:30:00,APXMIDP,70.81,1625.5
2025-08-30 09:00:00,APXMIDP,65.77,1585.6
2025-08-30 09:30:00,APXMIDP,63.8,2223.45
2025-08-30 10:00:00,APXMIDP,55.12,2541.55
2025-08-30 10:30:00,APXMIDP,41.11,2590.05
2025-08-30 11:00:00,APXMIDP,27.54,2382.05
2025-08-30 11:30:00,APXMIDP,16.41,2372.5
2025-08-30 12:00:00,APXMIDP,7.45,2424.45
2025-08-30 12:30:00,APXMIDP,2.42,2622.3
2025-08-30 13:00:00,APXMIDP,1.32,2856.95
2025-08-30 13:30:00,APXMIDP,-0.78,3114.0
2025-08-30 14:00:00,APXMIDP,7.27,3624.2
2025-08-30 14:30:00,APXMIDP,5.65,3673.25
2025-08-30 15:00:00,APXMIDP,7.24,2755.05
2025-08-30 15:30:00,APXMIDP,8.41,3089.45
2025-08-30 16:00:00,APXMIDP,3.47,2720.15
2025-08-30 16:30:00,APXMIDP,5.23,2628.75
2025-08-30 17:00:00,APXMIDP,7.57,2656.75
2025-08-30 17:30:00,APXMIDP,7.33,2709.4
2025-08-30 18:00:00,APXMIDP,17.48,2935.05
2025-08-30 18:30:00,APXMIDP,14.63,2708.7
2025-08-30 19:00:00,APXMIDP,16.32,2790.45
2025-08-30 19:30:00,APXMIDP,16.34,2748.8
2025-08-30 20:00:00,APXMIDP,17.92,2857.1
2025-08-30 20:30:00,APXMIDP,12.69,2239.7
2025-08-30 21:00:00,APXMIDP,14.12,2278.0
2025-08-30 21:30:00,APXMIDP,10.74,2173.05
2025-08-30 22:00:00,APXMIDP,-5.83,1810.45
2025-08-30 22:30:00,APXMIDP,-8.75,1850.15
2025-08-30 23:00:00,APXMIDP,-3.65,1945.3
2025-08-30 23:30:00,APXMIDP,-3.32,1867.1
2025-08-31 00:00:00,APXMIDP,-3.42,1673.55
2025-08-31 00:30:00,APXMIDP,-0.22,1842.8
2025-08-31 01:00:00,APXMIDP,-2.9,1665.85
2025-08-31 01:30:00,APXMIDP,-2.63,1571.2
2025-08-31 02:00:00,APXMIDP,-2.47,1768.3
2025-08-31 02:30:00,APXMIDP,-0.25,1779.5
2025-08-31 03:00:00,APXMIDP,0.36,1934.0
2025-08-31 03:30:00,APXMIDP,-2.13,2188.65
2025-08-31 04:00:00,APXMIDP,8.87,2475.7
2025-08-31 04:30:00,APXMIDP,20.39,2168.4
2025-08-31 05:00:00,APXMIDP,27.25,2238.45
2025-08-31 05:30:00,APXMIDP,32.96,2318.8
2025-08-31 06:00:00,APXMIDP,26.32,2084.85
2025-08-31 06:30:00,APXMIDP,32.73,2387.4
2025-08-31 07:00:00,APXMIDP,14.79,2172.75
2025-08-31 07:30:00,APXMIDP,10.41,1987.05
2025-08-31 08:00:00,APXMIDP,1.96,2116.4
2025-08-31 08:30:00,APXMIDP,-0.71,1759.15
2025-08-31 09:00:00,APXMIDP,-2.61,1999.85
2025-08-31 09:30:00,APXMIDP,-1.43,2221.2
2025-08-31 10:00:00,APXMIDP,-2.51,2181.5
2025-08-31 10:30:00,APXMIDP,-1.59,2310.55
2025-08-31 11:00:00,APXMIDP,-2.94,2181.9
2025-08-31 11:30:00,APXMIDP,-3.42,2173.95
2025-08-31 12:00:00,APXMIDP,-1.9,2992.35
2025-08-31 12:30:00,APXMIDP,-5.99,2955.25
2025-08-31 13:00:00,APXMIDP,-1.42,2613.75
2025-08-31 13:30:00,APXMIDP,0.34,2656.25
2025-08-31 14:00:00,APXMIDP,36.81,2517.2
2025-08-31 14:30:00,APXMIDP,42.55,3400.35
2025-08-31 15:00:00,APXMIDP,35.67,2978.45
2025-08-31 15:30:00,APXMIDP,44.2,3153.7
2025-08-31 16:00:00,APXMIDP,53.04,2803.8
2025-08-31 16:30:00,APXMIDP,67.36,2741.0
2025-08-31 17:00:00,APXMIDP,76.49,2136.7
2025-08-31 17:30:00,APXMIDP,83.03,2229.15
2025-08-31 18:00:00,APXMIDP,91.26,2331.15
2025-08-31 18:30:00,APXMIDP,90.16,2388.3
2025-08-31 19:00:00,APXMIDP,92.36,2677.0
2025-08-31 19:30:00,APXMIDP,92.89,2404.25
2025-08-31 20:00:00,APXMIDP,90.22,2487.6
2025-08-31 20:30:00,APXMIDP,78.66,2269.1
2025-08-31 21:00:00,APXMIDP,86.85,1959.7
2025-08-31 21:30:00,APXMIDP,67.93,2132.3
2025-08-31 22:00:00,APXMIDP,54.47,1700.5
2025-08-31 22:30:00,APXMIDP,35.43,1562.7
2025-08-31 23:00:00,APXMIDP,35.65,1578.75
2025-08-31 23:30:00,APXMIDP,28.02,1560.6
2025-09-01 00:00:00,APXMIDP,26.93,1752.85
2025-09-01 00:30:00,APXMIDP,26.27,1829.55
2025-09-01 01:00:00,APXMIDP,24.89,2084.0
2025-09-01 01:30:00,APXMIDP,23.65,2362.7
2025-09-01 02:00:00,APXMIDP,19.14,1945.15
2025-09-01 02:30:00,APXMIDP,23.41,2049.15
2025-09-01 03:00:00,APXMIDP,32.59,2227.5
2025-09-01 03:30:00,APXMIDP,40.08,2216.35
2025-09-01 04:00:00,APXMIDP,54.01,2259.55
2025-09-01 04:30:00,APXMIDP,62.76,1940.95
2025-09-01 05:00:00,APXMIDP,65.94,2098.65
2025-09-01 05:30:00,APXMIDP,78.75,2148.85
2025-09-01 06:00:00,APXMIDP,80.11,2627.7
2025-09-01 06:30:00,APXMIDP,79.98,2840.65
2025-09-01 07:00:00,APXMIDP,79.92,2698.6
2025-09-01 07:30:00,APXMIDP,74.82,2740.0
2025-09-01 08:00:00,APXMIDP,63.77,3285.15
2025-09-01 08:30:00,APXMIDP,51.07,3152.65
2025-09-01 09:00:00,APXMIDP,55.71,4228.6
2025-09-01 09:30:00,APXMIDP,47.33,4374.7
2025-09-01 10:00:00,APXMIDP,18.98,3386.3
2025-09-01 10:30:00,APXMIDP,18.76,3545.25
2025-09-01 11:00:00,APXMIDP,11.81,3022.5
2025-09-01 11:30:00,APXMIDP,10.36,3210.35
2025-09-01 12:00:00,APXMIDP,6.65,2904.05
2025-09-01 12:30:00,APXMIDP,4.3,2962.9
2025-09-01 13:00:00,APXMIDP,5.74,3005.3
2025-09-01 13:30:00,APXMIDP,12.15,3605.0
2025-09-01 14:00:00,APXMIDP,29.07,3311.2
2025-09-01 14:30:00,APXMIDP,34.67,3415.95
2025-09-01 15:00:00,APXMIDP,35.46,3262.25
2025-09-01 15:30:00,APXMIDP,41.75,3473.75
2025-09-01 16:00:00,APXMIDP,54.44,3329.35
2025-09-01 16:30:00,APXMIDP,69.3,3372.45
2025-09-01 17:00:00,APXMIDP,83.64,3371.55
2025-09-01 17:30:00,APXMIDP,84.6,3164.25
2025-09-01 18:00:00,APXMIDP,94.68,3234.9
2025-09-01 18:30:00,APXMIDP,94.4,3635.35
2025-09-01 19:00:00,APXMIDP,95.16,3299.7
2025-09-01 19:30:00,APXMIDP,94.05,3442.95
2025-09-01 20:00:00,APXMIDP,86.79,3114.8
2025-09-01 20:30:00,APXMIDP,82.08,2998.35
2025-09-01 21:00:00,APXMIDP,84.77,2987.3
2025-09-01 21:30:00,APXMIDP,78.49,3002.3
2025-09-01 22:00:00,APXMIDP,68.28,1807.3
2025-09-01 22:30:00,APXMIDP,70.51,2025.6
2025-09-01 23:00:00,APXMIDP,77.97,1987.1
2025-09-01 23:30:00,APXMIDP,81.15,1674.85
2025-09-02 00:00:00,APXMIDP,80.59,1819.05
2025-09-02 00:30:00,APXMIDP,83.24,1801.55
2025-09-02 01:00:00,APXMIDP,80.95,1904.6
2025-09-02 01:30:00,APXMIDP,81.68,1972.65
2025-09-02 02:00:00,APXMIDP,80.76,1579.75
2025-09-02 02:30:00,APXMIDP,78.39,1953.4
2025-09-02 03:00:00,APXMIDP,82.55,1754.7
2025-09-02 03:30:00,APXMIDP,82.24,1785.15
2025-09-02 04:00:00,APXMIDP,83.15,1856.0
2025-09-02 04:30:00,APXMIDP,73.13,2064.65
2025-09-02 05:00:00,APXMIDP,74.43,2297.8
2025-09-02 05:30:00,APXMIDP,81.27,2886.65
2025-09-02 06:00:00,APXMIDP,90.38,2715.3
2025-09-02 06:30:00,APXMIDP,93.25,2951.1
2025-09-02 07:00:00,APXMIDP,83.01,2414.7
2025-09-02 07:30:00,APXMIDP,75.67,2600.55
2025-09-02 08:00:00,APXMIDP,75.0,3284.25
2025-09-02 08:30:00,APXMIDP,66.89,2887.5
2025-09-02 09:00:00,APXMIDP,64.11,3277.05
2025-09-02 09:30:00,APXMIDP,71.76,4182.45
2025-09-02 10:00:00,APXMIDP,66.84,3734.15
2025-09-02 10:30:00,APXMIDP,69.43,4475.75
2025-09-02 11:00:00,APXMIDP,68.27,3528.05
2025-09-02 11:30:00,APXMIDP,66.99,3441.2
2025-09-02 12:00:00,APXMIDP,68.79,3483.35
2025-09-02 12:30:00,APXMIDP,67.11,3359.3
2025-09-02 13:00:00,APXMIDP,66.51,3293.65
2025-09-02 13:30:00,APXMIDP,72.16,3433.1
2025-09-02 14:00:00,APXMIDP,84.83,3107.35
2025-09-02 14:30:00,APXMIDP,81.08,3466.15
2025-09-02 15:00:00,APXMIDP,81.77,3361.8
2025-09-02 15:30:00,APXMIDP,83.73,3742.25
2025-09-02 16:00:00,APXMIDP,104.57,3042.25
2025-09-02 16:30:00,APXMIDP,102.01,3514.55
2025-09-02 17:00:00,APXMIDP,107.06,3247.85
2025-09-02 17:30:00,APXMIDP,106.6,3395.55
2025-09-02 18:00:00,APXMIDP,101.78,3073.1
2025-09-02 18:30:00,APXMIDP,97.25,3433.85
2025-09-02 19:00:00,APXMIDP,85.42,3195.75
2025-09-02 19:30:00,APXMIDP,82.41,3076.55
2025-09-02 20:00:00,APXMIDP,84.61,2931.85
2025-09-02 20:30:00,APXMIDP,82.01,3196.35
2025-09-02 21:00:00,APXMIDP,80.13,3440.0
2025-09-02 21:30:00,APXMIDP,79.13,3045.8
2025-09-02 22:00:00,APXMIDP,75.34,1873.55
2025-09-02 22:30:00,APXMIDP,87.48,2218.0
2025-09-02 23:00:00,APXMIDP,89.74,1882.05
2025-09-02 23:30:00,APXMIDP,91.93,1647.9
2025-09-03 00:00:00,APXMIDP,89.28,1484.9
2025-09-03 00:30:00,APXMIDP,85.15,1419.0
2025-09-03 01:00:00,APXMIDP,83.45,1801.25
2025-09-03 01:30:00,APXMIDP,80.65,1595.95
2025-09-03 02:00:00,APXMIDP,81.38,1521.5
2025-09-03 02:30:00,APXMIDP,80.58,1576.05
2025-09-03 03:00:00,APXMIDP,80.17,1914.15
2025-09-03 03:30:00,APXMIDP,81.54,2066.05
2025-09-03 04:00:00,APXMIDP,90.51,2747.1
2025-09-03 04:30:00,APXMIDP,94.76,2932.7
2025-09-03 05:00:00,APXMIDP,93.27,3560.0
2025-09-03 05:30:00,APXMIDP,95.05,3873.5
2025-09-03 06:00:00,APXMIDP,101.06,3797.9
2025-09-03 06:30:00,APXMIDP,105.38,3565.8
2025-09-03 07:00:00,APXMIDP,105.77,3401.1
2025-09-03 07:30:00,APXMIDP,105.8,3411.7
2025-09-03 08:00:00,APXMIDP,108.69,3019.55
2025-09-03 08:30:00,APXMIDP,113.5,3433.35
2025-09-03 09:00:00,APXMIDP,115.14,3751.15
2025-09-03 09:30:00,APXMIDP,107.9,3998.0
2025-09-03 10:00:00,APXMIDP,94.23,4688.05
2025-09-03 10:30:00,APXMIDP,86.14,4599.6
2025-09-03 11:00:00,APXMIDP,81.19,4891.65
2025-09-03 11:30:00,APXMIDP,77.3,6005.2
2025-09-03 12:00:00,APXMIDP,77.96,5143.65
2025-09-03 12:30:00,APXMIDP,76.84,4855.55
2025-09-03 13:00:00,APXMIDP,76.58,4922.6
2025-09-03 13:30:00,APXMIDP,76.28,5032.3
2025-09-03 14:00:00,APXMIDP,73.71,4181.95
2025-09-03 14:30:00,APXMIDP,73.39,3547.05
2025-09-03 15:00:00,APXMIDP,74.02,3843.15
2025-09-03 15:30:00,APXMIDP,79.44,3811.7
2025-09-03 16:00:00,APXMIDP,90.78,3637.55
2025-09-03 16:30:00,APXMIDP,94.6,3804.2
2025-09-03 17:00:00,APXMIDP,98.08,3943.75
2025-09-03 17:30:00,APXMIDP,100.65,3882.5
2025-09-03 18:00:00,APXMIDP,109.1,3082.15
2025-09-03 18:30:00,APXMIDP,112.95,3431.5
2025-09-03 19:00:00,APXMIDP,112.76,3366.1
2025-09-03 19:30:00,APXMIDP,107.83,3438.65
2025-09-03 20:00:00,APXMIDP,91.44,3583.2
2025-09-03 20:30:00,APXMIDP,85.41,3148.8
2025-09-03 21:00:00,APXMIDP,78.7,3090.3
2025-09-03 21:30:00,APXMIDP,77.46,3241.65
2025-09-03 22:00:00,APXMIDP,76.32,2256.05
2025-09-03 22:30:00,APXMIDP,65.85,2637.85
2025-09-03 23:00:00,APXMIDP,65.33,2661.5
2025-09-03 23:30:00,APXMIDP,62.47,2626.75
2025-09-04 00:00:00,APXMIDP,61.16,2326.55
2025-09-04 00:30:00,APXMIDP,63.43,2208.85
2025-09-04 01:00:00,APXMIDP,64.44,2490.95
2025-09-04 01:30:00,APXMIDP,66.71,2357.3
2025-09-04 02:00:00,APXMIDP,67.92,2103.8
2025-09-04 02:30:00,APXMIDP,70.21,1986.35
2025-09-04 03:00:00,APXMIDP,65.51,2078.05
2025-09-04 03:30:00,APXMIDP,63.1,2310.5
2025-09-04 04:00:00,APXMIDP,84.96,2229.7
2025-09-04 04:30:00,APXMIDP,88.29,2284.75
2025-09-04 05:00:00,APXMIDP,96.92,2596.6
2025-09-04 05:30:00,APXMIDP,96.79,3154.05
2025-09-04 06:00:00,APXMIDP,88.64,2495.2
2025-09-04 06:30:00,APXMIDP,92.11,2858.9
2025-09-04 07:00:00,APXMIDP,96.82,2421.6
2025-09-04 07:30:00,APXMIDP,100.98,2389.85
2025-09-04 08:00:00,APXMIDP,103.16,2424.05
2025-09-04 08:30:00,APXMIDP,102.73,2466.7
2025-09-04 09:00:00,APXMIDP,102.02,2301.25
2025-09-04 09:30:00,APXMIDP,98.74,2319.85
2025-09-04 10:00:00,APXMIDP,92.33,2698.85
2025-09-04 10:30:00,APXMIDP,94.05,2565.95
2025-09-04 11:00:00,APXMIDP,87.28,2685.5
2025-09-04 11:30:00,APXMIDP,81.23,3196.6
2025-09-04 12:00:00,APXMIDP,70.92,3574.25
2025-09-04 12:30:00,APXMIDP,67.4,4342.25
2025-09-04 13:00:00,APXMIDP,67.07,4018.3
2025-09-04 13:30:00,APXMIDP,65.1,4142.3
2025-09-04 14:00:00,APXMIDP,68.73,2733.75
2025-09-04 14:30:00,APXMIDP,66.61,2545.8
2025-09-04 15:00:00,APXMIDP,64.79,3320.5
2025-09-04 15:30:00,APXMIDP,63.9,3233.9
2025-09-04 16:00:00,APXMIDP,72.77,3331.1
2025-09-04 16:30:00,APXMIDP,73.3,3469.5
2025-09-04 17:00:00,APXMIDP,81.57,3367.3
2025-09-04 17:30:00,APXMIDP,82.16,3398.25
2025-09-04 18:00:00,APXMIDP,82.74,3645.5
2025-09-04 18:30:00,APXMIDP,90.68,3974.35
2025-09-04 19:00:00,APXMIDP,84.68,3292.95
2025-09-04 19:30:00,APXMIDP,84.7,3538.6
2025-09-04 20:00:00,APXMIDP,84.19,3557.35
2025-09-04 20:30:00,APXMIDP,81.32,3190.4
2025-09-04 21:00:00,APXMIDP,82.92,2824.7
2025-09-04 21:30:00,APXMIDP,82.58,3149.6
2025-09-04 22:00:00,APXMIDP,78.04,1410.3
2025-09-04 22:30:00,APXMIDP,68.98,1299.25
2025-09-04 23:00:00,APXMIDP,70.55,1203.5
2025-09-04 23:30:00,APXMIDP,69.43,1135.3
2025-09-05 00:00:00,APXMIDP,71.26,1206.4
2025-09-05 00:30:00,APXMIDP,68.85,1283.65
2025-09-05 01:00:00,APXMIDP,68.38,1478.75
2025-09-05 01:30:00,APXMIDP,68.54,1455.25
2025-09-05 02:00:00,APXMIDP,67.9,1127.1
2025-09-05 02:30:00,APXMIDP,66.97,976.4
2025-09-05 03:00:00,APXMIDP,66.43,954.6
2025-09-05 03:30:00,APXMIDP,65.65,935.5
2025-09-05 04:00:00,APXMIDP,70.57,837.5
2025-09-05 04:30:00,APXMIDP,73.46,838.5
2025-09-05 05:00:00,APXMIDP,85.91,1363.35
2025-09-05 05:30:00,APXMIDP,90.61,1852.35
2025-09-05 06:00:00,APXMIDP,92.58,1701.8
2025-09-05 06:30:00,APXMIDP,94.18,2074.3
2025-09-05 07:00:00,APXMIDP,79.42,2119.55
2025-09-05 07:30:00,APXMIDP,75.68,2390.45
2025-09-05 08:00:00,APXMIDP,72.71,2242.1
2025-09-05 08:30:00,APXMIDP,67.41,1997.0
2025-09-05 09:00:00,APXMIDP,67.77,1899.15
2025-09-05 09:30:00,APXMIDP,65.66,2273.7
2025-09-05 10:00:00,APXMIDP,67.38,2758.6
2025-09-05 10:30:00,APXMIDP,72.19,3028.8
2025-09-05 11:00:00,APXMIDP,74.69,3376.9
2025-09-05 11:30:00,APXMIDP,72.64,3178.2
2025-09-05 12:00:00,APXMIDP,71.23,2857.3
2025-09-05 12:30:00,APXMIDP,70.02,2614.7
2025-09-05 13:00:00,APXMIDP,69.44,2866.95
2025-09-05 13:30:00,APXMIDP,69.38,2694.0
2025-09-05 14:00:00,APXMIDP,70.11,2107.55
2025-09-05 14:30:00,APXMIDP,71.13,2079.4
2025-09-05 15:00:00,APXMIDP,73.22,2879.1
2025-09-05 15:30:00,APXMIDP,77.69,3077.5
2025-09-05 16:00:00,APXMIDP,90.97,4012.75
2025-09-05 16:30:00,APXMIDP,92.19,4105.75
2025-09-05 17:00:00,APXMIDP,114.71,3144.6
2025-09-05 17:30:00,APXMIDP,117.45,2994.35
2025-09-05 18:00:00,APXMIDP,124.59,2786.25
2025-09-05 18:30:00,APXMIDP,123.98,2794.85
2025-09-05 19:00:00,APXMIDP,104.77,2892.25
2025-09-05 19:30:00,APXMIDP,100.96,2847.95
2025-09-05 20:00:00,APXMIDP,99.08,2948.5
2025-09-05 20:30:00,APXMIDP,92.23,2599.25
2025-09-05 21:00:00,APXMIDP,90.36,2457.25
2025-09-05 21:30:00,APXMIDP,85.29,2675.0
2025-09-05 22:00:00,APXMIDP,81.05,1802.2
2025-09-05 22:30:00,APXMIDP,81.91,2175.5
2025-09-05 23:00:00,APXMIDP,79.42,1837.65
2025-09-05 23:30:00,APXMIDP,82.5,1446.0
2025-09-06 00:00:00,APXMIDP,82.31,1194.5
2025-09-06 00:30:00,APXMIDP,84.64,1302.95
2025-09-06 01:00:00,APXMIDP,84.99,1204.05
2025-09-06 01:30:00,APXMIDP,81.26,1053.55
2025-09-06 02:00:00,APXMIDP,85.71,981.4
2025-09-06 02:30:00,APXMIDP,85.07,923.05
2025-09-06 03:00:00,APXMIDP,81.79,1035.15
2025-09-06 03:30:00,APXMIDP,80.59,999.6
2025-09-06 04:00:00,APXMIDP,81.24,1068.75
2025-09-06 04:30:00,APXMIDP,79.56,1088.75
2025-09-06 05:00:00,APXMIDP,80.55,1164.4
2025-09-06 05:30:00,APXMIDP,81.27,1307.25
2025-09-06 06:00:00,APXMIDP,74.11,1560.3
2025-09-06 06:30:00,APXMIDP,76.13,1528.25
2025-09-06 07:00:00,APXMIDP,73.31,1124.45
2025-09-06 07:30:00,APXMIDP,73.88,956.9
2025-09-06 08:00:00,APXMIDP,65.83,449.0
2025-09-06 08:30:00,APXMIDP,29.49,785.7
2025-09-06 09:00:00,APXMIDP,6.06,1045.55
2025-09-06 09:30:00,APXMIDP,-3.29,782.85
2025-09-06 10:00:00,APXMIDP,-18.68,697.8
2025-09-06 10:30:00,APXMIDP,-22.8,663.95
2025-09-06 11:00:00,APXMIDP,-19.57,231.05
2025-09-06 11:30:00,APXMIDP,-26.88,135.6
2025-09-06 12:00:00,APXMIDP,0.0,0.0
2025-09-06 12:30:00,APXMIDP,-102.92,493.7
2025-09-06 13:00:00,APXMIDP,-101.11,713.65
2025-09-06 13:30:00,APXMIDP,-97.28,863.25
2025-09-06 14:00:00,APXMIDP,-40.88,1652.35
2025-09-06 14:30:00,APXMIDP,-33.37,1946.05
2025-09-06 15:00:00,APXMIDP,-33.91,1764.45
2025-09-06 15:30:00,APXMIDP,-20.92,2172.35
2025-09-06 16:00:00,APXMIDP,-7.3,1586.25
2025-09-06 16:30:00,APXMIDP,-6.26,1867.0
2025-09-06 17:00:00,APXMIDP,-11.57,1497.55
2025-09-06 17:30:00,APXMIDP,-1.01,1927.3
2025-09-06 18:00:00,APXMIDP,-0.05,1788.1
2025-09-06 18:30:00,APXMIDP,14.11,1940.25
2025-09-06 19:00:00,APXMIDP,15.9,1706.2
2025-09-06 19:30:00,APXMIDP,10.2,1664.95
2025-09-06 20:00:00,APXMIDP,11.04,1956.0
2025-09-06 20:30:00,APXMIDP,-1.8,1728.7
2025-09-06 21:00:00,APXMIDP,0.28,1788.3
2025-09-06 21:30:00,APXMIDP,-3.73,1748.0
2025-09-06 22:00:00,APXMIDP,-2.68,1851.5
2025-09-06 22:30:00,APXMIDP,-0.75,1714.75
2025-09-06 23:00:00,APXMIDP,6.31,2310.45
2025-09-06 23:30:00,APXMIDP,8.04,2016.8
2025-09-07 00:00:00,APXMIDP,6.38,2091.75
2025-09-07 00:30:00,APXMIDP,14.38,2035.0
2025-09-07 01:00:00,APXMIDP,8.58,1807.15
2025-09-07 01:30:00,APXMIDP,9.79,1694.55
2025-09-07 02:00:00,APXMIDP,7.26,1660.75
2025-09-07 02:30:00,APXMIDP,7.44,1566.75
2025-09-07 03:00:00,APXMIDP,11.1,1633.3
2025-09-07 03:30:00,APXMIDP,8.43,1490.75
2025-09-07 04:00:00,APXMIDP,-0.23,1308.5
2025-09-07 04:30:00,APXMIDP,-0.88,1554.3
2025-09-07 05:00:00,APXMIDP,0.37,1446.4
2025-09-07 05:30:00,APXMIDP,8.65,1444.85
2025-09-07 06:00:00,APXMIDP,20.36,1534.65
2025-09-07 06:30:00,APXMIDP,39.65,1968.95
2025-09-07 07:00:00,APXMIDP,15.78,2298.95
2025-09-07 07:30:00,APXMIDP,31.13,2916.05
2025-09-07 08:00:00,APXMIDP,4.46,2342.3
2025-09-07 08:30:00,APXMIDP,4.36,2487.25
2025-09-07 09:00:00,APXMIDP,3.22,2457.3
2025-09-07 09:30:00,APXMIDP,4.4,2524.7
2025-09-07 10:00:00,APXMIDP,1.48,2378.75
2025-09-07 10:30:00,APXMIDP,4.48,2270.0
2025-09-07 11:00:00,APXMIDP,-1.35,2606.3
2025-09-07 11:30:00,APXMIDP,6.24,2680.9
2025-09-07 12:00:00,APXMIDP,13.15,2647.2
2025-09-07 12:30:00,APXMIDP,17.33,2847.3
2025-09-07 13:00:00,APXMIDP,17.71,3182.1
2025-09-07 13:30:00,APXMIDP,14.8,3462.25
2025-09-07 14:00:00,APXMIDP,22.08,3804.5
2025-09-07 14:30:00,APXMIDP,27.28,4467.25
2025-09-07 15:00:00,APXMIDP,18.95,4122.75
2025-09-07 15:30:00,APXMIDP,31.45,4170.85
2025-09-07 16:00:00,APXMIDP,61.7,2728.7
2025-09-07 16:30:00,APXMIDP,64.5,2684.95
2025-09-07 17:00:00,APXMIDP,68.56,2645.6
2025-09-07 17:30:00,APXMIDP,72.81,2657.65
2025-09-07 18:00:00,APXMIDP,78.65,2468.35
2025-09-07 18:30:00,APXMIDP,80.61,2723.8
2025-09-07 19:00:00,APXMIDP,82.41,2768.0
2025-09-07 19:30:00,APXMIDP,83.26,2554.55
2025-09-07 20:00:00,APXMIDP,83.73,2161.0
2025-09-07 20:30:00,APXMIDP,80.64,2085.35
2025-09-07 21:00:00,APXMIDP,74.89,2123.55
2025-09-07 21:30:00,APXMIDP,66.3,2245.5
2025-09-07 22:00:00,APXMIDP,47.31,1866.05
2025-09-07 22:30:00,APXMIDP,44.71,2041.4
2025-09-07 23:00:00,APXMIDP,53.28,2412.45
2025-09-07 23:30:00,APXMIDP,55.66,2109.85
2025-09-08 00:00:00,APXMIDP,54.24,2150.35
2025-09-08 00:30:00,APXMIDP,55.96,1991.4
2025-09-08 01:00:00,APXMIDP,54.93,2069.75
2025-09-08 01:30:00,APXMIDP,57.49,2230.4
2025-09-08 02:00:00,APXMIDP,67.13,1874.75
2025-09-08 02:30:00,APXMIDP,65.02,2198.95
2025-09-08 03:00:00,APXMIDP,64.92,2306.5
2025-09-08 03:30:00,APXMIDP,65.24,2445.1
2025-09-08 04:00:00,APXMIDP,87.57,2023.95
2025-09-08 04:30:00,APXMIDP,90.17,2018.35
2025-09-08 05:00:00,APXMIDP,101.54,1789.4
2025-09-08 05:30:00,APXMIDP,104.87,2120.85
2025-09-08 06:00:00,APXMIDP,112.05,1590.5
2025-09-08 06:30:00,APXMIDP,116.57,1846.4
2025-09-08 07:00:00,APXMIDP,110.26,2393.4
2025-09-08 07:30:00,APXMIDP,103.62,2284.2
2025-09-08 08:00:00,APXMIDP,96.27,2133.25
2025-09-08 08:30:00,APXMIDP,92.0,2650.6
2025-09-08 09:00:00,APXMIDP,85.03,1964.55
2025-09-08 09:30:00,APXMIDP,82.08,1658.05
2025-09-08 10:00:00,APXMIDP,71.39,1587.6
2025-09-08 10:30:00,APXMIDP,71.16,1852.85
2025-09-08 11:00:00,APXMIDP,71.45,1974.95
2025-09-08 11:30:00,APXMIDP,69.39,2318.35
2025-09-08 12:00:00,APXMIDP,66.14,2302.8
2025-09-08 12:30:00,APXMIDP,62.05,2447.0
2025-09-08 13:00:00,APXMIDP,63.28,2947.6
2025-09-08 13:30:00,APXMIDP,62.24,2881.65
2025-09-08 14:00:00,APXMIDP,75.79,2958.1
2025-09-08 14:30:00,APXMIDP,80.23,3255.95
2025-09-08 15:00:00,APXMIDP,94.94,2918.55
2025-09-08 15:30:00,APXMIDP,104.84,2875.65
2025-09-08 16:00:00,APXMIDP,155.39,4250.55
2025-09-08 16:30:00,APXMIDP,176.68,4898.55
2025-09-08 17:00:00,APXMIDP,225.11,5832.5
2025-09-08 17:30:00,APXMIDP,249.5,6390.3
2025-09-08 18:00:00,APXMIDP,241.13,4750.45
2025-09-08 18:30:00,APXMIDP,238.95,4235.75
2025-09-08 19:00:00,APXMIDP,159.67,3857.45
2025-09-08 19:30:00,APXMIDP,148.13,3228.25
2025-09-08 20:00:00,APXMIDP,125.12,3580.25
2025-09-08 20:30:00,APXMIDP,111.77,3096.2
2025-09-08 21:00:00,APXMIDP,106.1,3145.55
2025-09-08 21:30:00,APXMIDP,104.97,3299.8
2025-09-08 22:00:00,APXMIDP,86.24,1979.7
2025-09-08 22:30:00,APXMIDP,79.4,1892.7
2025-09-08 23:00:00,APXMIDP,79.02,1903.45
2025-09-08 23:30:00,APXMIDP,79.08,1992.3
2025-09-09 00:00:00,APXMIDP,79.86,1710.5
2025-09-09 00:30:00,APXMIDP,80.05,1843.8
2025-09-09 01:00:00,APXMIDP,82.34,1941.1
2025-09-09 01:30:00,APXMIDP,78.71,2067.1
2025-09-09 02:00:00,APXMIDP,76.25,1597.3
2025-09-09 02:30:00,APXMIDP,75.12,1773.65
2025-09-09 03:00:00,APXMIDP,77.06,1805.65
2025-09-09 03:30:00,APXMIDP,75.28,1666.2
2025-09-09 04:00:00,APXMIDP,80.18,1947.9
2025-09-09 04:30:00,APXMIDP,84.05,1935.45
2025-09-09 05:00:00,APXMIDP,89.43,2112.75
2025-09-09 05:30:00,APXMIDP,92.92,1996.05
2025-09-09 06:00:00,APXMIDP,108.97,2223.15
2025-09-09 06:30:00,APXMIDP,109.3,2506.0
2025-09-09 07:00:00,APXMIDP,106.09,2770.7
2025-09-09 07:30:00,APXMIDP,98.76,2882.1
2025-09-09 08:00:00,APXMIDP,84.3,2850.75
2025-09-09 08:30:00,APXMIDP,77.57,2969.35
2025-09-09 09:00:00,APXMIDP,78.08,2977.4
2025-09-09 09:30:00,APXMIDP,76.45,3624.5
2025-09-09 10:00:00,APXMIDP,74.77,3877.55
2025-09-09 10:30:00,APXMIDP,72.81,4128.5
2025-09-09 11:00:00,APXMIDP,76.37,3907.7
2025-09-09 11:30:00,APXMIDP,74.02,4173.55
2025-09-09 12:00:00,APXMIDP,69.7,4484.3
2025-09-09 12:30:00,APXMIDP,68.23,4147.85
2025-09-09 13:00:00,APXMIDP,69.0,3465.8
2025-09-09 13:30:00,APXMIDP,68.21,3575.5
2025-09-09 14:00:00,APXMIDP,72.81,3376.95
2025-09-09 14:30:00,APXMIDP,79.32,3732.85
2025-09-09 15:00:00,APXMIDP,80.06,3690.5
2025-09-09 15:30:00,APXMIDP,85.42,3875.05
2025-09-09 16:00:00,APXMIDP,95.08,4064.1
2025-09-09 16:30:00,APXMIDP,99.04,4248.85
2025-09-09 17:00:00,APXMIDP,103.24,4183.3
2025-09-09 17:30:00,APXMIDP,104.61,4507.65
2025-09-09 18:00:00,APXMIDP,107.53,5132.05
2025-09-09 18:30:00,APXMIDP,105.81,5120.55
2025-09-09 19:00:00,APXMIDP,101.91,4092.75
2025-09-09 19:30:00,APXMIDP,93.76,3604.6
2025-09-09 20:00:00,APXMIDP,84.26,2426.65
2025-09-09 20:30:00,APXMIDP,81.4,2254.0
2025-09-09 21:00:00,APXMIDP,79.18,1963.8
2025-09-09 21:30:00,APXMIDP,75.75,2251.55
2025-09-09 22:00:00,APXMIDP,57.71,753.5
2025-09-09 22:30:00,APXMIDP,60.3,618.05
2025-09-09 23:00:00,APXMIDP,63.66,577.15
2025-09-09 23:30:00,APXMIDP,63.51,340.9
2025-09-10 00:00:00,APXMIDP,63.21,142.4
2025-09-10 00:30:00,APXMIDP,61.94,115.35
2025-09-10 01:00:00,APXMIDP,62.16,80.65
2025-09-10 01:30:00,APXMIDP,61.91,93.05
2025-09-10 02:00:00,APXMIDP,60.08,685.25
2025-09-10 02:30:00,APXMIDP,62.02,939.8
2025-09-10 03:00:00,APXMIDP,67.12,1149.4
2025-09-10 03:30:00,APXMIDP,55.91,1488.45
2025-09-10 04:00:00,APXMIDP,62.95,1741.7
2025-09-10 04:30:00,APXMIDP,58.63,1767.6
2025-09-10 05:00:00,APXMIDP,67.33,1743.5
2025-09-10 05:30:00,APXMIDP,89.62,2293.85
2025-09-10 06:00:00,APXMIDP,101.94,1861.3
2025-09-10 06:30:00,APXMIDP,104.79,2313.3
2025-09-10 07:00:00,APXMIDP,100.34,2216.75
2025-09-10 07:30:00,APXMIDP,100.75,2351.0
2025-09-10 08:00:00,APXMIDP,85.74,2611.75
2025-09-10 08:30:00,APXMIDP,73.53,2795.45
2025-09-10 09:00:00,APXMIDP,68.3,2652.0
2025-09-10 09:30:00,APXMIDP,62.18,2741.3
2025-09-10 10:00:00,APXMIDP,37.12,2254.6
2025-09-10 10:30:00,APXMIDP,28.37,2233.85
2025-09-10 11:00:00,APXMIDP,27.03,4137.85
2025-09-10 11:30:00,APXMIDP,22.57,3813.0
2025-09-10 12:00:00,APXMIDP,19.92,4374.25
2025-09-10 12:30:00,APXMIDP,24.91,4760.45
2025-09-10 13:00:00,APXMIDP,29.2,4335.25
2025-09-10 13:30:00,APXMIDP,28.0,4656.9
2025-09-10 14:00:00,APXMIDP,37.47,3209.25
2025-09-10 14:30:00,APXMIDP,43.69,3762.35
2025-09-10 15:00:00,APXMIDP,48.52,3640.45
2025-09-10 15:30:00,APXMIDP,65.79,4092.5
2025-09-10 16:00:00,APXMIDP,72.65,3094.55
2025-09-10 16:30:00,APXMIDP,87.84,3167.3
2025-09-10 17:00:00,APXMIDP,90.21,3112.8
2025-09-10 17:30:00,APXMIDP,90.07,2974.7
2025-09-10 18:00:00,APXMIDP,92.46,2478.4
2025-09-10 18:30:00,APXMIDP,90.23,3057.55
2025-09-10 19:00:00,APXMIDP,92.33,3077.75
2025-09-10 19:30:00,APXMIDP,87.06,3023.85
2025-09-10 20:00:00,APXMIDP,69.59,2280.5
2025-09-10 20:30:00,APXMIDP,41.27,2214.05
2025-09-10 21:00:00,APXMIDP,31.28,2379.95
2025-09-10 21:30:00,APXMIDP,18.22,2333.75
2025-09-10 22:00:00,APXMIDP,-7.25,1943.85
2025-09-10 22:30:00,APXMIDP,-2.92,2351.6
2025-09-10 23:00:00,APXMIDP,-0.65,2251.4
2025-09-10 23:30:00,APXMIDP,-3.93,2074.25
2025-09-11 00:00:00,APXMIDP,-1.09,1834.7
2025-09-11 00:30:00,APXMIDP,3.62,1987.6
2025-09-11 01:00:00,APXMIDP,-0.28,2109.6
2025-09-11 01:30:00,APXMIDP,0.36,1923.15
2025-09-11 02:00:00,APXMIDP,5.85,1558.8
2025-09-11 02:30:00,APXMIDP,7.22,1668.2
2025-09-11 03:00:00,APXMIDP,2.49,1928.25
2025-09-11 03:30:00,APXMIDP,-1.04,1715.1
2025-09-11 04:00:00,APXMIDP,1.6,1741.75
2025-09-11 04:30:00,APXMIDP,3.02,1752.95
2025-09-11 05:00:00,APXMIDP,12.58,1598.65
2025-09-11 05:30:00,APXMIDP,44.57,2331.0
2025-09-11 06:00:00,APXMIDP,35.61,2397.1
2025-09-11 06:30:00,APXMIDP,40.94,2509.55
2025-09-11 07:00:00,APXMIDP,40.27,3124.65
2025-09-11 07:30:00,APXMIDP,25.03,3105.4
2025-09-11 08:00:00,APXMIDP,13.8,2867.75
2025-09-11 08:30:00,APXMIDP,4.4,2915.1
2025-09-11 09:00:00,APXMIDP,-1.67,2401.05
2025-09-11 09:30:00,APXMIDP,-5.9,2571.25
2025-09-11 10:00:00,APXMIDP,-9.26,3149.6
2025-09-11 10:30:00,APXMIDP,-9.95,3515.5
2025-09-11 11:00:00,APXMIDP,-12.01,3056.05
2025-09-11 11:30:00,APXMIDP,-11.22,3058.25
2025-09-11 12:00:00,APXMIDP,-4.9,3973.9
2025-09-11 12:30:00,APXMIDP,-8.24,3911.8
2025-09-11 13:00:00,APXMIDP,-10.56,3883.25
2025-09-11 13:30:00,APXMIDP,-20.59,4029.5
2025-09-11 14:00:00,APXMIDP,-22.99,4268.35
2025-09-11 14:30:00,APXMIDP,-21.32,4560.75
2025-09-11 15:00:00,APXMIDP,-3.83,4761.9
2025-09-11 15:30:00,APXMIDP,19.54,4666.3
2025-09-11 16:00:00,APXMIDP,47.6,5294.6
2025-09-11 16:30:00,APXMIDP,84.39,4782.5
2025-09-11 17:00:00,APXMIDP,80.07,4776.1
2025-09-11 17:30:00,APXMIDP,77.82,4879.35
2025-09-11 18:00:00,APXMIDP,94.29,4551.6
2025-09-11 18:30:00,APXMIDP,95.18,4645.55
2025-09-11 19:00:00,APXMIDP,86.89,4484.85
2025-09-11 19:30:00,APXMIDP,72.41,4089.55
2025-09-11 20:00:00,APXMIDP,45.83,4434.25
2025-09-11 20:30:00,APXMIDP,28.0,4495.25
2025-09-11 21:00:00,APXMIDP,14.04,4133.7
2025-09-11 21:30:00,APXMIDP,9.55,3811.05
2025-09-11 22:00:00,APXMIDP,-1.49,2561.1
2025-09-11 22:30:00,APXMIDP,-4.84,2518.8
2025-09-11 23:00:00,APXMIDP,-12.28,2333.3
2025-09-11 23:30:00,APXMIDP,-9.67,2227.9
2025-09-12 00:00:00,APXMIDP,-8.64,2240.1
2025-09-12 00:30:00,APXMIDP,-12.5,2263.75
2025-09-12 01:00:00,APXMIDP,-10.94,2088.9
2025-09-12 01:30:00,APXMIDP,-10.41,2210.55
2025-09-12 02:00:00,APXMIDP,-7.66,2483.3
2025-09-12 02:30:00,APXMIDP,-7.14,2489.2
2025-09-12 03:00:00,APXMIDP,-5.72,2226.2
2025-09-12 03:30:00,APXMIDP,-5.71,2345.05
2025-09-12 04:00:00,APXMIDP,-3.8,2237.45
2025-09-12 04:30:00,APXMIDP,1.28,1944.5
2025-09-12 05:00:00,APXMIDP,8.67,2306.0
2025-09-12 05:30:00,APXMIDP,17.37,2561.8
2025-09-12 06:00:00,APXMIDP,21.5,2727.25
2025-09-12 06:30:00,APXMIDP,38.25,3395.1
2025-09-12 07:00:00,APXMIDP,18.21,2952.95
2025-09-12 07:30:00,APXMIDP,12.25,2786.2
2025-09-12 08:00:00,APXMIDP,3.79,3389.65
2025-09-12 08:30:00,APXMIDP,-1.23,3569.1
2025-09-12 09:00:00,APXMIDP,-7.34,3236.4
2025-09-12 09:30:00,APXMIDP,-8.07,3100.15
2025-09-12 10:00:00,APXMIDP,-5.79,3856.75
2025-09-12 10:30:00,APXMIDP,-7.6,4584.9
2025-09-12 11:00:00,APXMIDP,-7.83,3619.6
2025-09-12 11:30:00,APXMIDP,-7.18,3446.85
2025-09-12 12:00:00,APXMIDP,-7.65,3110.65
2025-09-12 12:30:00,APXMIDP,-8.31,3078.8
2025-09-12 13:00:00,APXMIDP,-7.16,3733.3
2025-09-12 13:30:00,APXMIDP,-6.64,3578.5
2025-09-12 14:00:00,APXMIDP,-1.61,4248.55
2025-09-12 14:30:00,APXMIDP,0.45,3772.6
2025-09-12 15:00:00,APXMIDP,4.49,3920.75
2025-09-12 15:30:00,APXMIDP,34.2,3998.15
2025-09-12 16:00:00,APXMIDP,69.75,3604.1
2025-09-12 16:30:00,APXMIDP,80.09,3611.15
2025-09-12 17:00:00,APXMIDP,95.36,3722.7
2025-09-12 17:30:00,APXMIDP,94.95,3911.25
2025-09-12 18:00:00,APXMIDP,111.66,3869.6
2025-09-12 18:30:00,APXMIDP,112.69,3793.95
2025-09-12 19:00:00,APXMIDP,104.4,3149.35
2025-09-12 19:30:00,APXMIDP,100.56,2951.2
2025-09-12 20:00:00,APXMIDP,96.64,3210.95
2025-09-12 20:30:00,APXMIDP,92.83,3094.3
2025-09-12 21:00:00,APXMIDP,84.93,2804.5
2025-09-12 21:30:00,APXMIDP,59.06,2811.2
2025-09-12 22:00:00,APXMIDP,44.85,2001.05
2025-09-12 22:30:00,APXMIDP,29.01,1775.65
2025-09-12 23:00:00,APXMIDP,29.37,2187.1
2025-09-12 23:30:00,APXMIDP,23.2,1887.8
2025-09-13 00:00:00,APXMIDP,18.49,2255.35
2025-09-13 00:30:00,APXMIDP,19.41,2252.35
2025-09-13 01:00:00,APXMIDP,18.04,2146.2
2025-09-13 01:30:00,APXMIDP,16.8,2438.75
2025-09-13 02:00:00,APXMIDP,19.72,1733.55
2025-09-13 02:30:00,APXMIDP,17.98,1946.8
2025-09-13 03:00:00,APXMIDP,18.02,1860.05
2025-09-13 03:30:00,APXMIDP,14.37,2051.6
2025-09-13 04:00:00,APXMIDP,16.05,2181.65
2025-09-13 04:30:00,APXMIDP,13.27,1920.45
2025-09-13 05:00:00,APXMIDP,16.43,2388.9
2025-09-13 05:30:00,APXMIDP,17.13,2523.4
2025-09-13 06:00:00,APXMIDP,15.83,2447.95
2025-09-13 06:30:00,APXMIDP,16.1,2580.35
2025-09-13 07:00:00,APXMIDP,9.3,2514.1
2025-09-13 07:30:00,APXMIDP,10.91,2895.6
2025-09-13 08:00:00,APXMIDP,-2.74,2068.1
2025-09-13 08:30:00,APXMIDP,-7.8,2081.9
2025-09-13 09:00:00,APXMIDP,-8.0,2402.15
2025-09-13 09:30:00,APXMIDP,-8.77,2516.4
2025-09-13 10:00:00,APXMIDP,-4.56,2896.95
2025-09-13 10:30:00,APXMIDP,-6.32,2929.7
2025-09-13 11:00:00,APXMIDP,-4.1,2437.85
2025-09-13 11:30:00,APXMIDP,-2.01,2862.55
2025-09-13 12:00:00,APXMIDP,-5.78,3256.45
2025-09-13 12:30:00,APXMIDP,-6.34,2431.05
2025-09-13 13:00:00,APXMIDP,-10.14,2344.15
2025-09-13 13:30:00,APXMIDP,-9.33,2162.4
2025-09-13 14:00:00,APXMIDP,0.36,2175.95
2025-09-13 14:30:00,APXMIDP,9.1,2343.45
2025-09-13 15:00:00,APXMIDP,30.54,2534.85
2025-09-13 15:30:00,APXMIDP,76.34,2128.45
2025-09-13 16:00:00,APXMIDP,90.63,2158.6
2025-09-13 16:30:00,APXMIDP,92.83,2399.4
2025-09-13 17:00:00,APXMIDP,101.28,2524.3
2025-09-13 17:30:00,APXMIDP,100.98,2868.15
2025-09-13 18:00:00,APXMIDP,100.03,3362.35
2025-09-13 18:30:00,APXMIDP,103.91,3333.25
2025-09-13 19:00:00,APXMIDP,103.72,3411.75
2025-09-13 19:30:00,APXMIDP,101.69,3308.35
2025-09-13 20:00:00,APXMIDP,92.23,3776.9
2025-09-13 20:30:00,APXMIDP,88.52,3430.95
2025-09-13 21:00:00,APXMIDP,87.69,3450.0
2025-09-13 21:30:00,APXMIDP,83.94,3106.9
2025-09-13 22:00:00,APXMIDP,79.07,1588.8
2025-09-13 22:30:00,APXMIDP,72.4,1565.0
2025-09-13 23:00:00,APXMIDP,73.1,1421.85
2025-09-13 23:30:00,APXMIDP,73.63,1611.4
2025-09-14 00:00:00,APXMIDP,67.49,1533.1
2025-09-14 00:30:00,APXMIDP,71.01,1869.95
2025-09-14 01:00:00,APXMIDP,70.6,1589.4
2025-09-14 01:30:00,APXMIDP,70.18,1351.25
2025-09-14 02:00:00,APXMIDP,68.94,995.0
2025-09-14 02:30:00,APXMIDP,68.11,1130.65
2025-09-14 03:00:00,APXMIDP,70.52,1165.5
2025-09-14 03:30:00,APXMIDP,75.24,1063.0
2025-09-14 04:00:00,APXMIDP,84.57,1030.15
2025-09-14 04:30:00,APXMIDP,87.3,1157.25
2025-09-14 05:00:00,APXMIDP,83.96,1104.2
2025-09-14 05:30:00,APXMIDP,87.56,1211.05
2025-09-14 06:00:00,APXMIDP,89.69,1655.2
2025-09-14 06:30:00,APXMIDP,93.81,1535.05
2025-09-14 07:00:00,APXMIDP,90.73,2015.85
2025-09-14 07:30:00,APXMIDP,89.6,2037.1
2025-09-14 08:00:00,APXMIDP,87.94,2644.4
2025-09-14 08:30:00,APXMIDP,86.37,2454.25
2025-09-14 09:00:00,APXMIDP,87.91,2556.35
2025-09-14 09:30:00,APXMIDP,89.52,2924.25
2025-09-14 10:00:00,APXMIDP,87.3,2838.75
2025-09-14 10:30:00,APXMIDP,89.01,3006.85
2025-09-14 11:00:00,APXMIDP,88.98,3280.0
2025-09-14 11:30:00,APXMIDP,89.45,3479.45
2025-09-14 12:00:00,APXMIDP,92.89,2891.6
2025-09-14 12:30:00,APXMIDP,89.42,2810.0
2025-09-14 13:00:00,APXMIDP,86.27,2868.3
2025-09-14 13:30:00,APXMIDP,76.88,3071.0
2025-09-14 14:00:00,APXMIDP,82.02,3188.2
2025-09-14 14:30:00,APXMIDP,82.24,3681.5
2025-09-14 15:00:00,APXMIDP,94.15,3000.95
2025-09-14 15:30:00,APXMIDP,94.38,3175.2
2025-09-14 16:00:00,APXMIDP,88.49,3735.95
2025-09-14 16:30:00,APXMIDP,88.62,3834.05
2025-09-14 17:00:00,APXMIDP,84.35,2894.0
2025-09-14 17:30:00,APXMIDP,80.78,2752.35
2025-09-14 18:00:00,APXMIDP,74.37,2561.05
2025-09-14 18:30:00,APXMIDP,74.97,2404.0
2025-09-14 19:00:00,APXMIDP,76.69,2516.15
2025-09-14 19:30:00,APXMIDP,73.46,2511.35
2025-09-14 20:00:00,APXMIDP,63.92,2298.05
2025-09-14 20:30:00,APXMIDP,56.1,2282.8
2025-09-14 21:00:00,APXMIDP,55.26,2601.15
2025-09-14 21:30:00,APXMIDP,32.74,2506.6
2025-09-14 22:00:00,APXMIDP,15.74,1745.75
2025-09-14 22:30:00,APXMIDP,8.53,1923.2
2025-09-14 23:00:00,APXMIDP,14.89,2641.6
2025-09-14 23:30:00,APXMIDP,14.25,2464.8
2025-09-15 00:00:00,APXMIDP,15.47,2274.55
2025-09-15 00:30:00,APXMIDP,12.71,2290.05
2025-09-15 01:00:00,APXMIDP,9.35,2098.45
2025-09-15 01:30:00,APXMIDP,7.88,2362.25
2025-09-15 02:00:00,APXMIDP,2.91,2156.9
2025-09-15 02:30:00,APXMIDP,2.95,2228.85
2025-09-15 03:00:00,APXMIDP,4.22,2321.5
2025-09-15 03:30:00,APXMIDP,3.1,2283.5
2025-09-15 04:00:00,APXMIDP,-9.41,1905.2
2025-09-15 04:30:00,APXMIDP,-5.31,1831.7
2025-09-15 05:00:00,APXMIDP,-0.47,1883.15
2025-09-15 05:30:00,APXMIDP,16.09,2641.45
2025-09-15 06:00:00,APXMIDP,21.26,2516.25
2025-09-15 06:30:00,APXMIDP,37.36,2685.1
2025-09-15 07:00:00,APXMIDP,33.57,2704.3
2025-09-15 07:30:00,APXMIDP,39.51,3168.45
2025-09-15 08:00:00,APXMIDP,28.59,2649.4
2025-09-15 08:30:00,APXMIDP,12.76,2432.5
2025-09-15 09:00:00,APXMIDP,21.64,3108.5
2025-09-15 09:30:00,APXMIDP,16.43,3184.4
2025-09-15 10:00:00,APXMIDP,8.11,2761.65
2025-09-15 10:30:00,APXMIDP,6.76,2741.85
2025-09-15 11:00:00,APXMIDP,8.39,2933.85
2025-09-15 11:30:00,APXMIDP,13.16,3348.05
2025-09-15 12:00:00,APXMIDP,7.24,2707.6
2025-09-15 12:30:00,APXMIDP,4.94,2895.55
2025-09-15 13:00:00,APXMIDP,9.84,3432.75
2025-09-15 13:30:00,APXMIDP,7.61,3543.0
2025-09-15 14:00:00,APXMIDP,3.93,2458.6
2025-09-15 14:30:00,APXMIDP,8.77,2803.8
2025-09-15 15:00:00,APXMIDP,18.42,2842.5
2025-09-15 15:30:00,APXMIDP,28.72,3111.3
2025-09-15 16:00:00,APXMIDP,43.4,2859.9
2025-09-15 16:30:00,APXMIDP,54.64,3222.5
2025-09-15 17:00:00,APXMIDP,67.49,2929.2
2025-09-15 17:30:00,APXMIDP,78.03,3338.45
2025-09-15 18:00:00,APXMIDP,92.73,2892.25
2025-09-15 18:30:00,APXMIDP,94.16,2973.65
2025-09-15 19:00:00,APXMIDP,95.42,2806.05
2025-09-15 19:30:00,APXMIDP,90.8,2691.8
2025-09-15 20:00:00,APXMIDP,87.52,2988.5
2025-09-15 20:30:00,APXMIDP,71.9,2991.6
2025-09-15 21:00:00,APXMIDP,65.87,3247.0
2025-09-15 21:30:00,APXMIDP,27.89,3078.3
2025-09-15 22:00:00,APXMIDP,17.24,2464.9
2025-09-15 22:30:00,APXMIDP,6.03,2593.55
2025-09-15 23:00:00,APXMIDP,3.34,2000.2
2025-09-15 23:30:00,APXMIDP,-0.61,2089.8
2025-09-16 00:00:00,APXMIDP,-2.33,2253.3
2025-09-16 00:30:00,APXMIDP,-3.16,2286.05
2025-09-16 01:00:00,APXMIDP,-5.65,2294.1
2025-09-16 01:30:00,APXMIDP,-6.32,2352.4
2025-09-16 02:00:00,APXMIDP,-13.07,1737.6
2025-09-16 02:30:00,APXMIDP,-13.99,1979.85
2025-09-16 03:00:00,APXMIDP,-5.44,2172.65
2025-09-16 03:30:00,APXMIDP,-3.01,1962.1
2025-09-16 04:00:00,APXMIDP,13.27,2074.95
2025-09-16 04:30:00,APXMIDP,15.32,2393.0
2025-09-16 05:00:00,APXMIDP,22.47,2574.2
2025-09-16 05:30:00,APXMIDP,36.74,3214.95
2025-09-16 06:00:00,APXMIDP,31.44,2838.7
2025-09-16 06:30:00,APXMIDP,40.9,2996.7
2025-09-16 07:00:00,APXMIDP,37.71,2551.55
2025-09-16 07:30:00,APXMIDP,34.54,2856.95
2025-09-16 08:00:00,APXMIDP,20.38,2559.35
2025-09-16 08:30:00,APXMIDP,7.58,2226.05
2025-09-16 09:00:00,APXMIDP,8.17,2884.2
2025-09-16 09:30:00,APXMIDP,7.67,2184.75
2025-09-16 10:00:00,APXMIDP,1.79,2225.85
2025-09-16 10:30:00,APXMIDP,3.16,2546.15
2025-09-16 11:00:00,APXMIDP,7.02,3089.55
2025-09-16 11:30:00,APXMIDP,9.72,2809.35
2025-09-16 12:00:00,APXMIDP,6.71,2050.5
2025-09-16 12:30:00,APXMIDP,11.83,2506.35
2025-09-16 13:00:00,APXMIDP,16.35,2861.85
2025-09-16 13:30:00,APXMIDP,13.37,2871.1
2025-09-16 14:00:00,APXMIDP,26.57,3286.0
2025-09-16 14:30:00,APXMIDP,33.8,3507.25
2025-09-16 15:00:00,APXMIDP,43.72,2805.3
2025-09-16 15:30:00,APXMIDP,60.84,3040.75
2025-09-16 16:00:00,APXMIDP,81.12,3097.2
2025-09-16 16:30:00,APXMIDP,82.25,3343.0
2025-09-16 17:00:00,APXMIDP,86.06,3721.75
2025-09-16 17:30:00,APXMIDP,91.76,3533.35
2025-09-16 18:00:00,APXMIDP,102.53,3005.95
2025-09-16 18:30:00,APXMIDP,105.31,2649.5
2025-09-16 19:00:00,APXMIDP,99.93,1847.45
2025-09-16 19:30:00,APXMIDP,98.81,1568.0
2025-09-16 20:00:00,APXMIDP,89.49,1084.9
2025-09-16 20:30:00,APXMIDP,81.27,1039.7
2025-09-16 21:00:00,APXMIDP,80.16,1129.25
2025-09-16 21:30:00,APXMIDP,85.55,1364.35
2025-09-16 22:00:00,APXMIDP,98.43,987.65
2025-09-16 22:30:00,APXMIDP,85.68,979.9
2025-09-16 23:00:00,APXMIDP,76.01,1015.9
2025-09-16 23:30:00,APXMIDP,74.24,1156.6
2025-09-17 00:00:00,APXMIDP,69.31,1099.1
2025-09-17 00:30:00,APXMIDP,68.11,1092.6
2025-09-17 01:00:00,APXMIDP,69.23,1090.45
2025-09-17 01:30:00,APXMIDP,68.92,1146.3
2025-09-17 02:00:00,APXMIDP,61.55,1393.5
2025-09-17 02:30:00,APXMIDP,56.5,1433.15
2025-09-17 03:00:00,APXMIDP,47.41,1319.8
2025-09-17 03:30:00,APXMIDP,40.59,1838.3
2025-09-17 04:00:00,APXMIDP,49.61,2310.85
2025-09-17 04:30:00,APXMIDP,60.96,2449.75
2025-09-17 05:00:00,APXMIDP,79.34,2958.9
2025-09-17 05:30:00,APXMIDP,90.42,3238.45
2025-09-17 06:00:00,APXMIDP,96.25,2726.1
2025-09-17 06:30:00,APXMIDP,98.91,3146.95
2025-09-17 07:00:00,APXMIDP,99.32,2488.9
2025-09-17 07:30:00,APXMIDP,97.92,2422.9
2025-09-17 08:00:00,APXMIDP,94.21,3432.6
2025-09-17 08:30:00,APXMIDP,81.6,3825.95
2025-09-17 09:00:00,APXMIDP,71.23,3150.95
2025-09-17 09:30:00,APXMIDP,64.09,3884.4
2025-09-17 10:00:00,APXMIDP,36.17,2974.4
2025-09-17 10:30:00,APXMIDP,34.33,3694.9
2025-09-17 11:00:00,APXMIDP,35.32,3507.05
2025-09-17 11:30:00,APXMIDP,31.94,3408.0
2025-09-17 12:00:00,APXMIDP,30.91,3588.25
2025-09-17 12:30:00,APXMIDP,26.72,3385.95
2025-09-17 13:00:00,APXMIDP,24.24,3191.5
2025-09-17 13:30:00,APXMIDP,21.49,3156.85
2025-09-17 14:00:00,APXMIDP,29.55,2818.65
2025-09-17 14:30:00,APXMIDP,35.08,3199.05
2025-09-17 15:00:00,APXMIDP,33.27,3586.3
2025-09-17 15:30:00,APXMIDP,42.92,3217.95
2025-09-17 16:00:00,APXMIDP,62.08,3258.5
2025-09-17 16:30:00,APXMIDP,77.15,3032.3
2025-09-17 17:00:00,APXMIDP,88.34,3892.7
2025-09-17 17:30:00,APXMIDP,88.78,3949.8
2025-09-17 18:00:00,APXMIDP,75.19,3339.0
2025-09-17 18:30:00,APXMIDP,75.91,3839.85
2025-09-17 19:00:00,APXMIDP,77.81,3428.7
2025-09-17 19:30:00,APXMIDP,69.12,3631.9
2025-09-17 20:00:00,APXMIDP,66.7,3423.7
2025-09-17 20:30:00,APXMIDP,46.96,2931.05
2025-09-17 21:00:00,APXMIDP,50.63,3251.15
2025-09-17 21:30:00,APXMIDP,32.66,2850.05
2025-09-17 22:00:00,APXMIDP,23.64,1863.05
2025-09-17 22:30:00,APXMIDP,22.48,1753.2
2025-09-17 23:00:00,APXMIDP,27.49,1888.1
2025-09-17 23:30:00,APXMIDP,22.78,1579.8
2025-09-18 00:00:00,APXMIDP,21.3,1850.75
2025-09-18 00:30:00,APXMIDP,23.19,2087.45
2025-09-18 01:00:00,APXMIDP,17.75,2059.15
2025-09-18 01:30:00,APXMIDP,27.9,2534.9
2025-09-18 02:00:00,APXMIDP,23.11,2451.6
2025-09-18 02:30:00,APXMIDP,23.3,2606.85
2025-09-18 03:00:00,APXMIDP,26.88,2299.0
2025-09-18 03:30:00,APXMIDP,30.97,2405.3
2025-09-18 04:00:00,APXMIDP,42.86,2223.65
2025-09-18 04:30:00,APXMIDP,50.83,2620.75
2025-09-18 05:00:00,APXMIDP,60.79,2272.45
2025-09-18 05:30:00,APXMIDP,80.39,2868.95
2025-09-18 06:00:00,APXMIDP,84.12,2665.7
2025-09-18 06:30:00,APXMIDP,96.09,2428.2
2025-09-18 07:00:00,APXMIDP,84.55,2858.4
2025-09-18 07:30:00,APXMIDP,85.28,3001.15
2025-09-18 08:00:00,APXMIDP,78.23,3130.8
2025-09-18 08:30:00,APXMIDP,64.59,2986.3
2025-09-18 09:00:00,APXMIDP,64.54,3037.4
2025-09-18 09:30:00,APXMIDP,61.24,2879.45
2025-09-18 10:00:00,APXMIDP,52.51,3195.8
2025-09-18 10:30:00,APXMIDP,53.68,3421.6
2025-09-18 11:00:00,APXMIDP,61.8,3893.75
2025-09-18 11:30:00,APXMIDP,62.74,4405.75
2025-09-18 12:00:00,APXMIDP,62.62,4096.45
2025-09-18 12:30:00,APXMIDP,61.17,4012.75
2025-09-18 13:00:00,APXMIDP,62.07,4548.0
2025-09-18 13:30:00,APXMIDP,65.74,4727.7
2025-09-18 14:00:00,APXMIDP,79.28,4727.45
2025-09-18 14:30:00,APXMIDP,80.66,4635.6
2025-09-18 15:00:00,APXMIDP,81.73,3916.35
2025-09-18 15:30:00,APXMIDP,78.93,4178.65
2025-09-18 16:00:00,APXMIDP,90.56,4617.5
2025-09-18 16:30:00,APXMIDP,102.36,4972.85
2025-09-18 17:00:00,APXMIDP,106.35,5208.4
2025-09-18 17:30:00,APXMIDP,110.72,5091.4
2025-09-18 18:00:00,APXMIDP,106.53,3798.4
2025-09-18 18:30:00,APXMIDP,107.5,3775.55
2025-09-18 19:00:00,APXMIDP,96.14,3484.15
2025-09-18 19:30:00,APXMIDP,89.65,3089.15
2025-09-18 20:00:00,APXMIDP,82.22,2759.8
2025-09-18 20:30:00,APXMIDP,83.06,2474.8
2025-09-18 21:00:00,APXMIDP,81.06,2407.1
2025-09-18 21:30:00,APXMIDP,69.77,2564.45
2025-09-18 22:00:00,APXMIDP,43.96,2369.55
2025-09-18 22:30:00,APXMIDP,27.89,2135.7
2025-09-18 23:00:00,APXMIDP,27.81,2514.2
2025-09-18 23:30:00,APXMIDP,21.51,2535.25
2025-09-19 00:00:00,APXMIDP,19.1,2517.75
2025-09-19 00:30:00,APXMIDP,16.06,2253.7
2025-09-19 01:00:00,APXMIDP,11.71,2477.3
2025-09-19 01:30:00,APXMIDP,8.38,2304.85
2025-09-19 02:00:00,APXMIDP,2.61,1910.3
2025-09-19 02:30:00,APXMIDP,0.48,1852.65
2025-09-19 03:00:00,APXMIDP,0.71,1715.5
2025-09-19 03:30:00,APXMIDP,-1.25,1654.55
2025-09-19 04:00:00,APXMIDP,2.7,2123.85
2025-09-19 04:30:00,APXMIDP,13.82,2037.5
2025-09-19 05:00:00,APXMIDP,30.11,2512.9
2025-09-19 05:30:00,APXMIDP,60.87,2438.35
2025-09-19 06:00:00,APXMIDP,85.25,2840.85
2025-09-19 06:30:00,APXMIDP,94.85,2651.15
2025-09-19 07:00:00,APXMIDP,86.02,2759.7
2025-09-19 07:30:00,APXMIDP,84.83,2758.55
2025-09-19 08:00:00,APXMIDP,81.63,2408.8
2025-09-19 08:30:00,APXMIDP,81.52,2595.55
2025-09-19 09:00:00,APXMIDP,81.61,2644.05
2025-09-19 09:30:00,APXMIDP,78.12,2567.55
2025-09-19 10:00:00,APXMIDP,61.58,3036.0
2025-09-19 10:30:00,APXMIDP,58.61,2625.6
2025-09-19 11:00:00,APXMIDP,60.24,3246.55
2025-09-19 11:30:00,APXMIDP,55.2,3351.8
2025-09-19 12:00:00,APXMIDP,60.92,2941.95
2025-09-19 12:30:00,APXMIDP,65.23,3078.45
2025-09-19 13:00:00,APXMIDP,68.0,3121.25
2025-09-19 13:30:00,APXMIDP,73.64,3677.8
2025-09-19 14:00:00,APXMIDP,88.43,2851.6
2025-09-19 14:30:00,APXMIDP,93.56,2909.7
2025-09-19 15:00:00,APXMIDP,94.11,2963.2
2025-09-19 15:30:00,APXMIDP,95.43,3133.9
2025-09-19 16:00:00,APXMIDP,115.15,3702.65
2025-09-19 16:30:00,APXMIDP,117.57,3826.7
2025-09-19 17:00:00,APXMIDP,123.03,3438.2
2025-09-19 17:30:00,APXMIDP,127.02,3618.2
2025-09-19 18:00:00,APXMIDP,116.76,4000.15
2025-09-19 18:30:00,APXMIDP,118.07,4317.05
2025-09-19 19:00:00,APXMIDP,108.46,3418.1
2025-09-19 19:30:00,APXMIDP,98.91,3091.8
2025-09-19 20:00:00,APXMIDP,87.22,3754.95
2025-09-19 20:30:00,APXMIDP,84.27,3373.5
2025-09-19 21:00:00,APXMIDP,83.05,3103.7
2025-09-19 21:30:00,APXMIDP,82.36,3493.25
2025-09-19 22:00:00,APXMIDP,88.69,1860.2
2025-09-19 22:30:00,APXMIDP,90.57,1729.5
2025-09-19 23:00:00,APXMIDP,89.92,1666.25
2025-09-19 23:30:00,APXMIDP,89.21,1497.75
2025-09-20 00:00:00,APXMIDP,90.51,1235.05
2025-09-20 00:30:00,APXMIDP,89.76,1191.1
2025-09-20 01:00:00,APXMIDP,87.51,1337.85
2025-09-20 01:30:00,APXMIDP,83.89,1385.9
2025-09-20 02:00:00,APXMIDP,78.19,1676.3
2025-09-20 02:30:00,APXMIDP,78.55,1530.6
2025-09-20 03:00:00,APXMIDP,78.55,1481.65
2025-09-20 03:30:00,APXMIDP,74.43,1318.65
2025-09-20 04:00:00,APXMIDP,74.52,1267.3
2025-09-20 04:30:00,APXMIDP,78.74,1476.3
2025-09-20 05:00:00,APXMIDP,73.82,1050.8
2025-09-20 05:30:00,APXMIDP,72.54,1335.1
2025-09-20 06:00:00,APXMIDP,90.54,1826.55
2025-09-20 06:30:00,APXMIDP,89.97,2198.05
2025-09-20 07:00:00,APXMIDP,94.02,2206.2
2025-09-20 07:30:00,APXMIDP,97.75,2081.45
2025-09-20 08:00:00,APXMIDP,98.07,2414.1
2025-09-20 08:30:00,APXMIDP,100.1,2323.9
2025-09-20 09:00:00,APXMIDP,104.29,2911.7
2025-09-20 09:30:00,APXMIDP,103.54,3248.3
2025-09-20 10:00:00,APXMIDP,96.82,3359.45
2025-09-20 10:30:00,APXMIDP,92.52,3073.7
2025-09-20 11:00:00,APXMIDP,79.48,4122.95
2025-09-20 11:30:00,APXMIDP,76.42,3906.55
2025-09-20 12:00:00,APXMIDP,79.68,3030.4
2025-09-20 12:30:00,APXMIDP,74.41,3237.25
2025-09-20 13:00:00,APXMIDP,74.0,3006.75
2025-09-20 13:30:00,APXMIDP,75.05,3156.95
2025-09-20 14:00:00,APXMIDP,69.24,2424.75
2025-09-20 14:30:00,APXMIDP,68.05,2437.2
2025-09-20 15:00:00,APXMIDP,71.35,2825.95
2025-09-20 15:30:00,APXMIDP,70.58,2255.3
2025-09-20 16:00:00,APXMIDP,67.15,3353.5
2025-09-20 16:30:00,APXMIDP,67.0,3583.0
2025-09-20 17:00:00,APXMIDP,70.52,3658.1
2025-09-20 17:30:00,APXMIDP,69.33,3781.9
2025-09-20 18:00:00,APXMIDP,48.62,3505.15
2025-09-20 18:30:00,APXMIDP,39.17,3534.35
2025-09-20 19:00:00,APXMIDP,29.08,3566.85
2025-09-20 19:30:00,APXMIDP,18.41,3847.3
2025-09-20 20:00:00,APXMIDP,9.5,3216.0
2025-09-20 20:30:00,APXMIDP,6.28,3574.1
2025-09-20 21:00:00,APXMIDP,6.43,3883.8
2025-09-20 21:30:00,APXMIDP,6.31,3276.0
2025-09-20 22:00:00,APXMIDP,9.58,2535.9
2025-09-20 22:30:00,APXMIDP,11.67,3136.3
2025-09-20 23:00:00,APXMIDP,11.6,2773.1
2025-09-20 23:30:00,APXMIDP,13.04,2487.35
2025-09-21 00:00:00,APXMIDP,5.79,2531.05
2025-09-21 00:30:00,APXMIDP,8.27,2497.7
2025-09-21 01:00:00,APXMIDP,13.62,2428.75
2025-09-21 01:30:00,APXMIDP,12.31,2432.45
2025-09-21 02:00:00,APXMIDP,7.62,2195.0
2025-09-21 02:30:00,APXMIDP,10.35,2217.5
2025-09-21 03:00:00,APXMIDP,13.96,2340.5
2025-09-21 03:30:00,APXMIDP,20.99,2532.65
2025-09-21 04:00:00,APXMIDP,31.05,2418.05
2025-09-21 04:30:00,APXMIDP,34.76,2373.8
2025-09-21 05:00:00,APXMIDP,36.8,2478.4
2025-09-21 05:30:00,APXMIDP,33.28,2913.55
2025-09-21 06:00:00,APXMIDP,9.35,2677.5
2025-09-21 06:30:00,APXMIDP,6.54,2688.4
2025-09-21 07:00:00,APXMIDP,8.44,2232.3
2025-09-21 07:30:00,APXMIDP,8.78,2135.6
2025-09-21 08:00:00,APXMIDP,2.42,1538.5
2025-09-21 08:30:00,APXMIDP,2.78,1983.95
2025-09-21 09:00:00,APXMIDP,0.45,2097.5
2025-09-21 09:30:00,APXMIDP,-0.6,1668.1
2025-09-21 10:00:00,APXMIDP,-5.11,1767.35
2025-09-21 10:30:00,APXMIDP,-7.59,1709.45
2025-09-21 11:00:00,APXMIDP,-11.73,1874.25
2025-09-21 11:30:00,APXMIDP,-12.12,2065.15
2025-09-21 12:00:00,APXMIDP,-8.41,2657.85
2025-09-21 12:30:00,APXMIDP,-5.82,2833.3
2025-09-21 13:00:00,APXMIDP,-2.46,2508.95
2025-09-21 13:30:00,APXMIDP,18.7,2984.5
2025-09-21 14:00:00,APXMIDP,25.37,3015.6
2025-09-21 14:30:00,APXMIDP,35.39,2660.15
2025-09-21 15:00:00,APXMIDP,43.7,2724.2
2025-09-21 15:30:00,APXMIDP,56.83,2877.4
2025-09-21 16:00:00,APXMIDP,79.28,2521.85
2025-09-21 16:30:00,APXMIDP,80.66,2773.65
2025-09-21 17:00:00,APXMIDP,91.9,2783.45
2025-09-21 17:30:00,APXMIDP,95.9,2828.95
2025-09-21 18:00:00,APXMIDP,102.0,2274.15
2025-09-21 18:30:00,APXMIDP,103.32,2487.15
2025-09-21 19:00:00,APXMIDP,103.38,2377.35
2025-09-21 19:30:00,APXMIDP,102.37,2384.35
2025-09-21 20:00:00,APXMIDP,97.77,2185.05
2025-09-21 20:30:00,APXMIDP,87.74,1982.6
2025-09-21 21:00:00,APXMIDP,81.6,2036.8
2025-09-21 21:30:00,APXMIDP,84.77,1867.05
2025-09-21 22:00:00,APXMIDP,86.84,1443.45
2025-09-21 22:30:00,APXMIDP,74.38,1407.3
2025-09-21 23:00:00,APXMIDP,77.59,1335.55
2025-09-21 23:30:00,APXMIDP,72.65,1191.7
2025-09-22 00:00:00,APXMIDP,71.73,995.4
2025-09-22 00:30:00,APXMIDP,69.85,1031.85
2025-09-22 01:00:00,APXMIDP,71.39,1267.65
2025-09-22 01:30:00,APXMIDP,72.02,1236.05
2025-09-22 02:00:00,APXMIDP,72.23,1223.4
2025-09-22 02:30:00,APXMIDP,71.83,1333.4
2025-09-22 03:00:00,APXMIDP,67.93,1420.85
2025-09-22 03:30:00,APXMIDP,66.02,1850.7
2025-09-22 04:00:00,APXMIDP,60.64,1724.75
2025-09-22 04:30:00,APXMIDP,68.33,2024.2
2025-09-22 05:00:00,APXMIDP,85.36,1938.6
2025-09-22 05:30:00,APXMIDP,89.69,2120.1
2025-09-22 06:00:00,APXMIDP,94.54,2381.0
2025-09-22 06:30:00,APXMIDP,98.1,2562.4
2025-09-22 07:00:00,APXMIDP,97.65,2187.5
2025-09-22 07:30:00,APXMIDP,95.99,2256.1
2025-09-22 08:00:00,APXMIDP,85.4,1881.05
2025-09-22 08:30:00,APXMIDP,80.08,1988.0
2025-09-22 09:00:00,APXMIDP,78.54,2628.5
2025-09-22 09:30:00,APXMIDP,75.73,2505.75
2025-09-22 10:00:00,APXMIDP,68.72,2616.1
2025-09-22 10:30:00,APXMIDP,62.97,2943.8
2025-09-22 11:00:00,APXMIDP,58.13,2690.0
2025-09-22 11:30:00,APXMIDP,56.77,3527.95
2025-09-22 12:00:00,APXMIDP,63.93,3445.9
2025-09-22 12:30:00,APXMIDP,62.73,3475.45
2025-09-22 13:00:00,APXMIDP,63.8,3405.3
2025-09-22 13:30:00,APXMIDP,61.35,3270.7
2025-09-22 14:00:00,APXMIDP,63.87,2173.55
2025-09-22 14:30:00,APXMIDP,68.06,2262.6
2025-09-22 15:00:00,APXMIDP,65.51,2548.4
2025-09-22 15:30:00,APXMIDP,62.53,3024.15
2025-09-22 16:00:00,APXMIDP,75.75,2897.05
2025-09-22 16:30:00,APXMIDP,83.46,3096.0
2025-09-22 17:00:00,APXMIDP,98.38,3386.0
2025-09-22 17:30:00,APXMIDP,104.57,3125.5
2025-09-22 18:00:00,APXMIDP,102.47,3551.4
2025-09-22 18:30:00,APXMIDP,103.96,3416.0
2025-09-22 19:00:00,APXMIDP,95.73,2697.95
2025-09-22 19:30:00,APXMIDP,88.37,2639.2
2025-09-22 20:00:00,APXMIDP,82.64,2287.1
2025-09-22 20:30:00,APXMIDP,81.24,2445.95
2025-09-22 21:00:00,APXMIDP,79.64,2544.55
2025-09-22 21:30:00,APXMIDP,79.6,2636.95
2025-09-22 22:00:00,APXMIDP,86.51,1548.55
2025-09-22 22:30:00,APXMIDP,83.91,1600.5
2025-09-22 23:00:00,APXMIDP,86.4,1625.45
2025-09-22 23:30:00,APXMIDP,85.67,1618.85
2025-09-23 00:00:00,APXMIDP,83.16,1716.15
2025-09-23 00:30:00,APXMIDP,84.13,1696.95
2025-09-23 01:00:00,APXMIDP,83.21,1493.05
2025-09-23 01:30:00,APXMIDP,83.45,1516.0
2025-09-23 02:00:00,APXMIDP,93.84,1603.5
2025-09-23 02:30:00,APXMIDP,90.25,1528.1
2025-09-23 03:00:00,APXMIDP,92.75,1218.95
2025-09-23 03:30:00,APXMIDP,85.44,1665.25
2025-09-23 04:00:00,APXMIDP,83.95,1516.45
2025-09-23 04:30:00,APXMIDP,82.55,1889.45
2025-09-23 05:00:00,APXMIDP,87.02,1973.95
2025-09-23 05:30:00,APXMIDP,101.34,2014.45
2025-09-23 06:00:00,APXMIDP,114.52,2262.35
2025-09-23 06:30:00,APXMIDP,130.67,2577.95
2025-09-23 07:00:00,APXMIDP,119.45,2841.05
2025-09-23 07:30:00,APXMIDP,115.17,3171.6
2025-09-23 08:00:00,APXMIDP,86.08,3336.2
2025-09-23 08:30:00,APXMIDP,75.32,3060.15
2025-09-23 09:00:00,APXMIDP,83.37,3581.7
2025-09-23 09:30:00,APXMIDP,80.17,4142.3
2025-09-23 10:00:00,APXMIDP,79.81,3970.65
2025-09-23 10:30:00,APXMIDP,77.22,3848.5
2025-09-23 11:00:00,APXMIDP,75.24,3788.3
2025-09-23 11:30:00,APXMIDP,74.06,3911.75
2025-09-23 12:00:00,APXMIDP,73.42,3850.2
2025-09-23 12:30:00,APXMIDP,75.38,4072.7
2025-09-23 13:00:00,APXMIDP,75.61,3563.1
2025-09-23 13:30:00,APXMIDP,75.13,3546.15
2025-09-23 14:00:00,APXMIDP,88.1,2770.2
2025-09-23 14:30:00,APXMIDP,89.05,3242.75
2025-09-23 15:00:00,APXMIDP,87.09,2988.45
2025-09-23 15:30:00,APXMIDP,93.61,3162.45
2025-09-23 16:00:00,APXMIDP,110.78,4461.1
2025-09-23 16:30:00,APXMIDP,116.2,4896.85
2025-09-23 17:00:00,APXMIDP,115.01,5216.1
2025-09-23 17:30:00,APXMIDP,118.2,5341.25
2025-09-23 18:00:00,APXMIDP,114.97,3970.1
2025-09-23 18:30:00,APXMIDP,109.55,3837.55
2025-09-23 19:00:00,APXMIDP,111.18,3956.6
2025-09-23 19:30:00,APXMIDP,105.25,3729.55
2025-09-23 20:00:00,APXMIDP,91.41,2827.15
2025-09-23 20:30:00,APXMIDP,86.52,2709.2
2025-09-23 21:00:00,APXMIDP,88.41,2369.35
2025-09-23 21:30:00,APXMIDP,83.96,2553.75
2025-09-23 22:00:00,APXMIDP,82.41,1332.9
2025-09-23 22:30:00,APXMIDP,76.67,1248.8
2025-09-23 23:00:00,APXMIDP,73.75,1228.65
2025-09-23 23:30:00,APXMIDP,72.75,1197.15
2025-09-24 00:00:00,APXMIDP,76.4,1890.35
2025-09-24 00:30:00,APXMIDP,74.49,1572.8
2025-09-24 01:00:00,APXMIDP,75.56,1774.45
2025-09-24 01:30:00,APXMIDP,75.74,1688.3
2025-09-24 02:00:00,APXMIDP,74.42,1788.05
2025-09-24 02:30:00,APXMIDP,76.73,1731.1
2025-09-24 03:00:00,APXMIDP,85.88,1937.7
2025-09-24 03:30:00,APXMIDP,82.29,2071.25
2025-09-24 04:00:00,APXMIDP,86.6,1912.15
2025-09-24 04:30:00,APXMIDP,82.93,1857.65
2025-09-24 05:00:00,APXMIDP,96.46,2129.75
2025-09-24 05:30:00,APXMIDP,101.63,2693.8
2025-09-24 06:00:00,APXMIDP,107.1,2076.4
2025-09-24 06:30:00,APXMIDP,104.94,2970.4
2025-09-24 07:00:00,APXMIDP,108.4,2869.1
2025-09-24 07:30:00,APXMIDP,112.61,2618.8
2025-09-24 08:00:00,APXMIDP,107.96,3217.65
2025-09-24 08:30:00,APXMIDP,95.76,3512.2
2025-09-24 09:00:00,APXMIDP,83.91,2816.65
2025-09-24 09:30:00,APXMIDP,79.42,2867.6
2025-09-24 10:00:00,APXMIDP,74.06,2559.9
2025-09-24 10:30:00,APXMIDP,71.56,2501.3
2025-09-24 11:00:00,APXMIDP,69.71,2715.2
2025-09-24 11:30:00,APXMIDP,70.63,2579.35
2025-09-24 12:00:00,APXMIDP,72.48,2855.4
2025-09-24 12:30:00,APXMIDP,70.69,2924.7
2025-09-24 13:00:00,APXMIDP,71.97,2909.6
2025-09-24 13:30:00,APXMIDP,73.47,2990.85
2025-09-24 14:00:00,APXMIDP,77.98,2043.6
2025-09-24 14:30:00,APXMIDP,77.63,2407.0
2025-09-24 15:00:00,APXMIDP,78.48,2316.9
2025-09-24 15:30:00,APXMIDP,78.65,2327.5
2025-09-24 16:00:00,APXMIDP,85.76,2288.55
2025-09-24 16:30:00,APXMIDP,90.46,2832.95
2025-09-24 17:00:00,APXMIDP,90.0,2951.45
2025-09-24 17:30:00,APXMIDP,95.86,3120.9
2025-09-24 18:00:00,APXMIDP,100.03,3369.9
2025-09-24 18:30:00,APXMIDP,101.44,3577.05
2025-09-24 19:00:00,APXMIDP,97.58,2734.6
2025-09-24 19:30:00,APXMIDP,90.82,2402.5
2025-09-24 20:00:00,APXMIDP,90.11,2095.5
2025-09-24 20:30:00,APXMIDP,90.09,2081.8
2025-09-24 21:00:00,APXMIDP,88.86,2091.7
2025-09-24 21:30:00,APXMIDP,88.89,2005.05
2025-09-24 22:00:00,APXMIDP,84.49,1480.8
2025-09-24 22:30:00,APXMIDP,82.55,1299.8
2025-09-24 23:00:00,APXMIDP,87.25,985.25
2025-09-24 23:30:00,APXMIDP,89.78,1396.55
2025-09-25 00:00:00,APXMIDP,90.31,1135.85
2025-09-25 00:30:00,APXMIDP,91.31,1246.55
2025-09-25 01:00:00,APXMIDP,94.07,1184.3
2025-09-25 01:30:00,APXMIDP,94.03,1256.5
2025-09-25 02:00:00,APXMIDP,96.81,1422.15
2025-09-25 02:30:00,APXMIDP,92.49,1392.35
2025-09-25 03:00:00,APXMIDP,88.88,1722.55
2025-09-25 03:30:00,APXMIDP,86.71,1785.5
2025-09-25 04:00:00,APXMIDP,83.28,1956.35
2025-09-25 04:30:00,APXMIDP,80.3,2567.45
2025-09-25 05:00:00,APXMIDP,96.92,2248.1
2025-09-25 05:30:00,APXMIDP,101.17,2563.15
2025-09-25 06:00:00,APXMIDP,111.93,2098.0
2025-09-25 06:30:00,APXMIDP,114.26,1901.65
2025-09-25 07:00:00,APXMIDP,109.4,2062.8
2025-09-25 07:30:00,APXMIDP,105.32,2431.55
2025-09-25 08:00:00,APXMIDP,91.47,2689.05
2025-09-25 08:30:00,APXMIDP,83.55,2889.0
2025-09-25 09:00:00,APXMIDP,84.58,3017.9
2025-09-25 09:30:00,APXMIDP,78.7,2518.25
2025-09-25 10:00:00,APXMIDP,76.79,3025.3
2025-09-25 10:30:00,APXMIDP,76.98,2739.05
2025-09-25 11:00:00,APXMIDP,79.51,2671.0
2025-09-25 11:30:00,APXMIDP,79.05,3314.6
2025-09-25 12:00:00,APXMIDP,76.91,3564.15
2025-09-25 12:30:00,APXMIDP,75.64,3444.25
2025-09-25 13:00:00,APXMIDP,73.36,3595.65
2025-09-25 13:30:00,APXMIDP,71.06,3907.4
2025-09-25 14:00:00,APXMIDP,77.19,3127.7
2025-09-25 14:30:00,APXMIDP,74.24,3167.4
2025-09-25 15:00:00,APXMIDP,72.51,2758.1
2025-09-25 15:30:00,APXMIDP,70.61,3371.75
2025-09-25 16:00:00,APXMIDP,95.04,3898.75
2025-09-25 16:30:00,APXMIDP,107.35,3808.1
2025-09-25 17:00:00,APXMIDP,112.51,4142.15
2025-09-25 17:30:00,APXMIDP,113.85,4451.9
2025-09-25 18:00:00,APXMIDP,115.61,3604.1
2025-09-25 18:30:00,APXMIDP,116.02,3665.75
2025-09-25 19:00:00,APXMIDP,109.05,3728.9
2025-09-25 19:30:00,APXMIDP,106.76,3884.3
2025-09-25 20:00:00,APXMIDP,93.01,3813.4
2025-09-25 20:30:00,APXMIDP,79.17,3872.95
2025-09-25 21:00:00,APXMIDP,88.12,3710.1
2025-09-25 21:30:00,APXMIDP,89.52,4175.95
2025-09-25 22:00:00,APXMIDP,80.57,2329.85
2025-09-25 22:30:00,APXMIDP,76.27,1995.85
2025-09-25 23:00:00,APXMIDP,77.9,2097.35
2025-09-25 23:30:00,APXMIDP,78.05,2179.2
2025-09-26 00:00:00,APXMIDP,71.89,1694.15
2025-09-26 00:30:00,APXMIDP,73.22,1882.2
2025-09-26 01:00:00,APXMIDP,77.29,1976.75
2025-09-26 01:30:00,APXMIDP,78.19,1819.45
2025-09-26 02:00:00,APXMIDP,82.57,1843.9
2025-09-26 02:30:00,APXMIDP,81.33,1882.25
2025-09-26 03:00:00,APXMIDP,80.22,2176.35
2025-09-26 03:30:00,APXMIDP,79.9,2168.4
2025-09-26 04:00:00,APXMIDP,77.66,2156.6
2025-09-26 04:30:00,APXMIDP,75.41,2427.35
2025-09-26 05:00:00,APXMIDP,77.84,2134.25
2025-09-26 05:30:00,APXMIDP,87.27,2470.25
2025-09-26 06:00:00,APXMIDP,93.35,2990.45
2025-09-26 06:30:00,APXMIDP,100.65,2976.0
2025-09-26 07:00:00,APXMIDP,98.58,2595.35
2025-09-26 07:30:00,APXMIDP,97.76,2927.75
2025-09-26 08:00:00,APXMIDP,84.79,2852.35
2025-09-26 08:30:00,APXMIDP,78.01,2902.95
2025-09-26 09:00:00,APXMIDP,73.78,3140.4
2025-09-26 09:30:00,APXMIDP,74.7,2701.05
2025-09-26 10:00:00,APXMIDP,74.06,2937.2
2025-09-26 10:30:00,APXMIDP,72.41,2878.95
2025-09-26 11:00:00,APXMIDP,75.53,3418.9
2025-09-26 11:30:00,APXMIDP,75.18,3146.6
2025-09-26 12:00:00,APXMIDP,74.45,2973.05
2025-09-26 12:30:00,APXMIDP,74.74,3022.1
2025-09-26 13:00:00,APXMIDP,71.84,3418.65
2025-09-26 13:30:00,APXMIDP,73.64,3305.3
2025-09-26 14:00:00,APXMIDP,77.91,2717.05
2025-09-26 14:30:00,APXMIDP,79.81,2372.75
2025-09-26 15:00:00,APXMIDP,81.85,2366.55
2025-09-26 15:30:00,APXMIDP,84.96,2211.65
2025-09-26 16:00:00,APXMIDP,100.75,2142.7
2025-09-26 16:30:00,APXMIDP,104.92,2446.95
2025-09-26 17:00:00,APXMIDP,105.79,2603.75
2025-09-26 17:30:00,APXMIDP,106.03,2582.85
2025-09-26 18:00:00,APXMIDP,95.78,2785.05
2025-09-26 18:30:00,APXMIDP,94.83,3133.6
2025-09-26 19:00:00,APXMIDP,88.58,2445.05
2025-09-26 19:30:00,APXMIDP,78.67,2459.95
2025-09-26 20:00:00,APXMIDP,86.57,2319.05
2025-09-26 20:30:00,APXMIDP,87.61,2618.5
2025-09-26 21:00:00,APXMIDP,82.47,2024.6
2025-09-26 21:30:00,APXMIDP,80.54,2310.65
2025-09-26 22:00:00,APXMIDP,74.58,1847.3
2025-09-26 22:30:00,APXMIDP,72.07,1355.95
2025-09-26 23:00:00,APXMIDP,74.96,1284.75
2025-09-26 23:30:00,APXMIDP,73.64,1293.75
2025-09-27 00:00:00,APXMIDP,72.49,1250.85
2025-09-27 00:30:00,APXMIDP,72.92,1174.2
2025-09-27 01:00:00,APXMIDP,74.68,1433.4
2025-09-27 01:30:00,APXMIDP,72.05,1303.2
2025-09-27 02:00:00,APXMIDP,71.63,1503.2
2025-09-27 02:30:00,APXMIDP,74.62,1380.15
2025-09-27 03:00:00,APXMIDP,75.39,1320.85
2025-09-27 03:30:00,APXMIDP,76.05,1295.9
2025-09-27 04:00:00,APXMIDP,74.01,1269.0
2025-09-27 04:30:00,APXMIDP,75.76,1336.9
2025-09-27 05:00:00,APXMIDP,79.58,1701.45
2025-09-27 05:30:00,APXMIDP,80.81,1725.95
2025-09-27 06:00:00,APXMIDP,81.92,1728.4
2025-09-27 06:30:00,APXMIDP,82.75,1862.35
2025-09-27 07:00:00,APXMIDP,78.61,1594.95
2025-09-27 07:30:00,APXMIDP,78.35,1756.25
2025-09-27 08:00:00,APXMIDP,75.22,1821.55
2025-09-27 08:30:00,APXMIDP,76.8,2247.1
2025-09-27 09:00:00,APXMIDP,77.6,2394.05
2025-09-27 09:30:00,APXMIDP,75.48,2590.9
2025-09-27 10:00:00,APXMIDP,70.33,2588.4
2025-09-27 10:30:00,APXMIDP,68.54,2865.4
2025-09-27 11:00:00,APXMIDP,67.51,2483.95
2025-09-27 11:30:00,APXMIDP,71.45,2788.95
2025-09-27 12:00:00,APXMIDP,67.9,2610.75
2025-09-27 12:30:00,APXMIDP,66.82,2841.4
2025-09-27 13:00:00,APXMIDP,67.24,2646.0
2025-09-27 13:30:00,APXMIDP,67.06,2810.55
2025-09-27 14:00:00,APXMIDP,69.16,2401.4
2025-09-27 14:30:00,APXMIDP,68.73,2281.95
2025-09-27 15:00:00,APXMIDP,71.45,2460.05
2025-09-27 15:30:00,APXMIDP,72.49,2905.9
2025-09-27 16:00:00,APXMIDP,75.43,2699.25
2025-09-27 16:30:00,APXMIDP,82.36,2857.85
2025-09-27 17:00:00,APXMIDP,89.69,3041.95
2025-09-27 17:30:00,APXMIDP,96.69,3301.2
2025-09-27 18:00:00,APXMIDP,101.64,3007.75
2025-09-27 18:30:00,APXMIDP,102.95,2875.15
2025-09-27 19:00:00,APXMIDP,104.18,3106.35
2025-09-27 19:30:00,APXMIDP,99.9,3234.0
2025-09-27 20:00:00,APXMIDP,96.3,3279.95
2025-09-27 20:30:00,APXMIDP,93.85,3307.0
2025-09-27 21:00:00,APXMIDP,93.04,3019.55
2025-09-27 21:30:00,APXMIDP,89.99,3003.1
2025-09-27 22:00:00,APXMIDP,84.69,1681.7
2025-09-27 22:30:00,APXMIDP,78.68,2218.55
2025-09-27 23:00:00,APXMIDP,81.58,2032.0
2025-09-27 23:30:00,APXMIDP,82.64,2170.65
2025-09-28 00:00:00,APXMIDP,81.72,1602.25
2025-09-28 00:30:00,APXMIDP,83.0,1794.2
2025-09-28 01:00:00,APXMIDP,82.89,1904.45
2025-09-28 01:30:00,APXMIDP,83.73,1900.4
2025-09-28 02:00:00,APXMIDP,86.31,1293.5
2025-09-28 02:30:00,APXMIDP,88.19,1359.45
2025-09-28 03:00:00,APXMIDP,88.49,1342.35
2025-09-28 03:30:00,APXMIDP,88.33,1515.3
2025-09-28 04:00:00,APXMIDP,87.27,1643.2
2025-09-28 04:30:00,APXMIDP,88.69,1826.0
2025-09-28 05:00:00,APXMIDP,89.02,2064.65
2025-09-28 05:30:00,APXMIDP,90.32,1815.4
2025-09-28 06:00:00,APXMIDP,86.86,1850.1
2025-09-28 06:30:00,APXMIDP,87.75,2020.8
2025-09-28 07:00:00,APXMIDP,81.22,2035.9
2025-09-28 07:30:00,APXMIDP,86.7,1614.55
2025-09-28 08:00:00,APXMIDP,90.77,1703.4
2025-09-28 08:30:00,APXMIDP,88.51,1769.05
2025-09-28 09:00:00,APXMIDP,90.85,1726.8
2025-09-28 09:30:00,APXMIDP,89.08,1834.15
2025-09-28 10:00:00,APXMIDP,83.54,1954.35
2025-09-28 10:30:00,APXMIDP,84.01,1995.55
2025-09-28 11:00:00,APXMIDP,81.75,2114.6
2025-09-28 11:30:00,APXMIDP,79.2,2227.35
2025-09-28 12:00:00,APXMIDP,80.76,2121.9
2025-09-28 12:30:00,APXMIDP,81.07,2396.9
2025-09-28 13:00:00,APXMIDP,82.54,2337.55
2025-09-28 13:30:00,APXMIDP,79.68,2788.25
2025-09-28 14:00:00,APXMIDP,81.2,1823.65
2025-09-28 14:30:00,APXMIDP,76.79,1849.1
2025-09-28 15:00:00,APXMIDP,83.97,1823.2
2025-09-28 15:30:00,APXMIDP,96.49,1892.35
2025-09-28 16:00:00,APXMIDP,118.14,2049.3
2025-09-28 16:30:00,APXMIDP,123.92,2302.0
2025-09-28 17:00:00,APXMIDP,117.57,2728.4
2025-09-28 17:30:00,APXMIDP,119.62,2982.9
2025-09-28 18:00:00,APXMIDP,119.55,2179.15
2025-09-28 18:30:00,APXMIDP,119.57,2268.15
2025-09-28 19:00:00,APXMIDP,116.48,1973.9
2025-09-28 19:30:00,APXMIDP,115.74,2072.2
2025-09-28 20:00:00,APXMIDP,96.93,1951.8
2025-09-28 20:30:00,APXMIDP,86.74,1702.45
2025-09-28 21:00:00,APXMIDP,91.39,2018.7
2025-09-28 21:30:00,APXMIDP,87.32,2091.45
2025-09-28 22:00:00,APXMIDP,87.32,1502.9
2025-09-28 22:30:00,APXMIDP,81.94,1284.3
2025-09-28 23:00:00,APXMIDP,79.03,1363.6
2025-09-28 23:30:00,APXMIDP,77.16,1602.6
2025-09-29 00:00:00,APXMIDP,80.26,1813.0
2025-09-29 00:30:00,APXMIDP,80.12,1837.05
2025-09-29 01:00:00,APXMIDP,80.06,1847.45
2025-09-29 01:30:00,APXMIDP,77.83,1573.9
2025-09-29 02:00:00,APXMIDP,78.31,1550.0
2025-09-29 02:30:00,APXMIDP,77.2,1476.0
2025-09-29 03:00:00,APXMIDP,79.3,1832.3
2025-09-29 03:30:00,APXMIDP,75.54,1604.1
2025-09-29 04:00:00,APXMIDP,72.99,1902.05
2025-09-29 04:30:00,APXMIDP,72.36,2130.65
2025-09-29 05:00:00,APXMIDP,77.64,1631.15
2025-09-29 05:30:00,APXMIDP,95.69,1820.8
2025-09-29 06:00:00,APXMIDP,100.71,2005.5
2025-09-29 06:30:00,APXMIDP,108.17,1884.9
2025-09-29 07:00:00,APXMIDP,104.6,2712.75
2025-09-29 07:30:00,APXMIDP,105.54,2629.35
2025-09-29 08:00:00,APXMIDP,82.02,2237.4
2025-09-29 08:30:00,APXMIDP,76.65,2897.25
2025-09-29 09:00:00,APXMIDP,78.62,2705.0
2025-09-29 09:30:00,APXMIDP,76.81,2947.75
2025-09-29 10:00:00,APXMIDP,75.35,2622.7
2025-09-29 10:30:00,APXMIDP,71.31,2282.95
2025-09-29 11:00:00,APXMIDP,69.21,2540.7
2025-09-29 11:30:00,APXMIDP,68.62,2464.95
2025-09-29 12:00:00,APXMIDP,66.97,2995.3
2025-09-29 12:30:00,APXMIDP,68.54,3099.55
2025-09-29 13:00:00,APXMIDP,73.99,3153.35
2025-09-29 13:30:00,APXMIDP,72.4,2940.75
2025-09-29 14:00:00,APXMIDP,84.89,2407.3
2025-09-29 14:30:00,APXMIDP,87.31,2889.05
2025-09-29 15:00:00,APXMIDP,101.24,2848.45
2025-09-29 15:30:00,APXMIDP,104.08,3051.85
2025-09-29 16:00:00,APXMIDP,131.23,3742.15
2025-09-29 16:30:00,APXMIDP,126.34,4050.5
2025-09-29 17:00:00,APXMIDP,122.64,4643.35
2025-09-29 17:30:00,APXMIDP,127.78,4265.25
2025-09-29 18:00:00,APXMIDP,107.64,4001.0
2025-09-29 18:30:00,APXMIDP,101.34,4350.9
2025-09-29 19:00:00,APXMIDP,102.2,3502.4
2025-09-29 19:30:00,APXMIDP,91.66,3514.75
2025-09-29 20:00:00,APXMIDP,87.13,4002.1
2025-09-29 20:30:00,APXMIDP,84.17,3096.9
2025-09-29 21:00:00,APXMIDP,86.43,3072.25
2025-09-29 21:30:00,APXMIDP,81.4,2845.45
2025-09-29 22:00:00,APXMIDP,77.13,1655.45
2025-09-29 22:30:00,APXMIDP,75.65,1611.95
2025-09-29 23:00:00,APXMIDP,72.96,1616.6
2025-09-29 23:30:00,APXMIDP,74.14,1947.4
2025-09-30 00:00:00,APXMIDP,77.84,1937.4
2025-09-30 00:30:00,APXMIDP,75.11,2050.1
2025-09-30 01:00:00,APXMIDP,73.36,1996.45
2025-09-30 01:30:00,APXMIDP,75.75,1992.8
2025-09-30 02:00:00,APXMIDP,75.84,1496.5
2025-09-30 02:30:00,APXMIDP,74.72,1596.0
2025-09-30 03:00:00,APXMIDP,69.08,1782.7
2025-09-30 03:30:00,APXMIDP,70.49,1813.1
2025-09-30 04:00:00,APXMIDP,79.11,2068.95
2025-09-30 04:30:00,APXMIDP,73.56,2511.4
2025-09-30 05:00:00,APXMIDP,79.32,1358.75
2025-09-30 05:30:00,APXMIDP,95.72,1819.1
2025-09-30 06:00:00,APXMIDP,106.79,1892.45
2025-09-30 06:30:00,APXMIDP,111.46,2080.55
2025-09-30 07:00:00,APXMIDP,107.3,2304.6
2025-09-30 07:30:00,APXMIDP,107.48,2404.0
2025-09-30 08:00:00,APXMIDP,92.74,2887.2
2025-09-30 08:30:00,APXMIDP,81.99,2379.75
2025-09-30 09:00:00,APXMIDP,77.17,2128.05
2025-09-30 09:30:00,APXMIDP,82.1,3429.4
2025-09-30 10:00:00,APXMIDP,77.08,3274.6
2025-09-30 10:30:00,APXMIDP,71.63,2552.95
2025-09-30 11:00:00,APXMIDP,73.99,2813.0
2025-09-30 11:30:00,APXMIDP,71.08,2726.0
2025-09-30 12:00:00,APXMIDP,70.18,3092.35
2025-09-30 12:30:00,APXMIDP,71.0,3115.35
2025-09-30 13:00:00,APXMIDP,73.92,3423.1
2025-09-30 13:30:00,APXMIDP,71.88,3651.75
2025-09-30 14:00:00,APXMIDP,74.71,2761.05
2025-09-30 14:30:00,APXMIDP,82.43,2760.2
2025-09-30 15:00:00,APXMIDP,84.7,3050.0
2025-09-30 15:30:00,APXMIDP,89.68,3112.55
2025-09-30 16:00:00,APXMIDP,109.96,3233.45
2025-09-30 16:30:00,APXMIDP,119.63,3247.6
2025-09-30 17:00:00,APXMIDP,121.23,3435.95
2025-09-30 17:30:00,APXMIDP,119.77,3598.95
2025-09-30 18:00:00,APXMIDP,103.47,3497.2
2025-09-30 18:30:00,APXMIDP,98.23,3008.05
2025-09-30 19:00:00,APXMIDP,94.07,2741.95
2025-09-30 19:30:00,APXMIDP,85.27,2886.1
2025-09-30 20:00:00,APXMIDP,78.73,2424.2
2025-09-30 20:30:00,APXMIDP,75.27,2693.15
2025-09-30 21:00:00,APXMIDP,76.63,2520.45
2025-09-30 21:30:00,APXMIDP,79.58,3339.9
2025-09-30 22:00:00,APXMIDP,79.51,1685.2
2025-09-30 22:30:00,APXMIDP,75.06,1882.9
2025-09-30 23:00:00,APXMIDP,73.32,1217.15
2025-09-30 23:30:00,APXMIDP,67.16,1454.0
2025-10-01 00:00:00,APXMIDP,73.99,1496.15
2025-10-01 00:30:00,APXMIDP,75.94,1620.75
2025-10-01 01:00:00,APXMIDP,75.54,1505.7
2025-10-01 01:30:00,APXMIDP,73.15,1744.8
2025-10-01 02:00:00,APXMIDP,69.54,1420.05
2025-10-01 02:30:00,APXMIDP,68.5,1667.5
2025-10-01 03:00:00,APXMIDP,68.52,1558.6
2025-10-01 03:30:00,APXMIDP,69.5,1741.7
2025-10-01 04:00:00,APXMIDP,68.75,1713.15
2025-10-01 04:30:00,APXMIDP,67.27,1414.9
2025-10-01 05:00:00,APXMIDP,70.61,1973.5
2025-10-01 05:30:00,APXMIDP,79.92,1976.55
2025-10-01 06:00:00,APXMIDP,99.34,1752.25
2025-10-01 06:30:00,APXMIDP,108.65,2066.25
2025-10-01 07:00:00,APXMIDP,101.52,2259.05
2025-10-01 07:30:00,APXMIDP,101.26,2600.6
2025-10-01 08:00:00,APXMIDP,82.32,2566.45
2025-10-01 08:30:00,APXMIDP,78.79,2710.85
2025-10-01 09:00:00,APXMIDP,73.99,2663.65
2025-10-01 09:30:00,APXMIDP,76.76,2852.4
2025-10-01 10:00:00,APXMIDP,78.03,3271.6
2025-10-01 10:30:00,APXMIDP,78.75,3245.35
2025-10-01 11:00:00,APXMIDP,78.39,3565.2
2025-10-01 11:30:00,APXMIDP,73.58,3392.1
2025-10-01 12:00:00,APXMIDP,68.35,3125.55
2025-10-01 12:30:00,APXMIDP,67.75,3033.85
2025-10-01 13:00:00,APXMIDP,71.88,3639.4
2025-10-01 13:30:00,APXMIDP,68.7,3538.25
2025-10-01 14:00:00,APXMIDP,79.81,2715.65
2025-10-01 14:30:00,APXMIDP,77.1,2983.05
2025-10-01 15:00:00,APXMIDP,81.58,2732.45
2025-10-01 15:30:00,APXMIDP,80.28,2768.2
2025-10-01 16:00:00,APXMIDP,101.88,2908.25
2025-10-01 16:30:00,APXMIDP,111.51,2569.1
2025-10-01 17:00:00,APXMIDP,115.22,3008.15
2025-10-01 17:30:00,APXMIDP,118.23,3312.15
2025-10-01 18:00:00,APXMIDP,113.32,2844.0
2025-10-01 18:30:00,APXMIDP,108.85,3122.2
2025-10-01 19:00:00,APXMIDP,95.98,3275.95
2025-10-01 19:30:00,APXMIDP,79.79,2750.15
2025-10-01 20:00:00,APXMIDP,81.51,2931.55
2025-10-01 20:30:00,APXMIDP,80.71,2770.95
2025-10-01 21:00:00,APXMIDP,75.74,2873.3
2025-10-01 21:30:00,APXMIDP,75.9,3238.15
2025-10-01 22:00:00,APXMIDP,70.81,1951.5
2025-10-01 22:30:00,APXMIDP,67.82,1597.65
2025-10-01 23:00:00,APXMIDP,66.44,1979.6
2025-10-01 23:30:00,APXMIDP,65.98,1955.95
2025-10-02 00:00:00,APXMIDP,68.83,1856.75
2025-10-02 00:30:00,APXMIDP,72.15,2044.75
2025-10-02 01:00:00,APXMIDP,68.22,1750.6
2025-10-02 01:30:00,APXMIDP,70.09,1796.1
2025-10-02 02:00:00,APXMIDP,67.65,1628.95
2025-10-02 02:30:00,APXMIDP,63.13,1659.0
2025-10-02 03:00:00,APXMIDP,70.97,1778.0
2025-10-02 03:30:00,APXMIDP,70.93,1828.5
2025-10-02 04:00:00,APXMIDP,77.0,1341.7
2025-10-02 04:30:00,APXMIDP,74.58,1567.5
2025-10-02 05:00:00,APXMIDP,94.79,1842.0
2025-10-02 05:30:00,APXMIDP,103.52,1976.6
2025-10-02 06:00:00,APXMIDP,100.1,3026.05
2025-10-02 06:30:00,APXMIDP,107.01,2866.3
2025-10-02 07:00:00,APXMIDP,95.98,2761.3
2025-10-02 07:30:00,APXMIDP,95.56,2461.4
2025-10-02 08:00:00,APXMIDP,95.26,2840.45
2025-10-02 08:30:00,APXMIDP,86.6,2966.5
2025-10-02 09:00:00,APXMIDP,78.85,2875.1
2025-10-02 09:30:00,APXMIDP,83.88,3274.55
2025-10-02 10:00:00,APXMIDP,84.09,3235.0
2025-10-02 10:30:00,APXMIDP,85.97,3337.9
2025-10-02 11:00:00,APXMIDP,82.9,3943.65
2025-10-02 11:30:00,APXMIDP,76.27,3804.2
2025-10-02 12:00:00,APXMIDP,68.89,2941.95
2025-10-02 12:30:00,APXMIDP,64.01,3559.0
2025-10-02 13:00:00,APXMIDP,62.44,4169.65
2025-10-02 13:30:00,APXMIDP,58.75,5072.2
2025-10-02 14:00:00,APXMIDP,69.49,3554.05
2025-10-02 14:30:00,APXMIDP,71.41,3974.5
2025-10-02 15:00:00,APXMIDP,74.91,3586.45
2025-10-02 15:30:00,APXMIDP,80.96,4348.75
2025-10-02 16:00:00,APXMIDP,100.85,2829.05
2025-10-02 16:30:00,APXMIDP,103.03,2816.9
2025-10-02 17:00:00,APXMIDP,107.85,3392.75
2025-10-02 17:30:00,APXMIDP,108.1,3734.65
2025-10-02 18:00:00,APXMIDP,96.97,2806.85
2025-10-02 18:30:00,APXMIDP,86.29,2802.95
2025-10-02 19:00:00,APXMIDP,70.41,3069.7
2025-10-02 19:30:00,APXMIDP,70.39,2670.15
2025-10-02 20:00:00,APXMIDP,74.84,2688.45
2025-10-02 20:30:00,APXMIDP,52.34,3204.15
2025-10-02 21:00:00,APXMIDP,44.71,2686.85
2025-10-02 21:30:00,APXMIDP,28.53,2514.25
2025-10-02 22:00:00,APXMIDP,25.54,2550.85
2025-10-02 22:30:00,APXMIDP,21.0,2517.7
2025-10-02 23:00:00,APXMIDP,19.12,2436.45
2025-10-02 23:30:00,APXMIDP,18.11,2683.45
2025-10-03 00:00:00,APXMIDP,12.57,2222.65
2025-10-03 00:30:00,APXMIDP,14.31,2493.25
2025-10-03 01:00:00,APXMIDP,13.22,2417.2
2025-10-03 01:30:00,APXMIDP,12.36,2184.2
2025-10-03 02:00:00,APXMIDP,7.3,2556.9
2025-10-03 02:30:00,APXMIDP,9.09,2496.3
2025-10-03 03:00:00,APXMIDP,10.23,2259.3
2025-10-03 03:30:00,APXMIDP,13.48,2193.6
2025-10-03 04:00:00,APXMIDP,28.24,2099.65
2025-10-03 04:30:00,APXMIDP,53.47,2551.55
2025-10-03 05:00:00,APXMIDP,73.99,2071.2
2025-10-03 05:30:00,APXMIDP,91.32,2146.35
2025-10-03 06:00:00,APXMIDP,100.1,2174.8
2025-10-03 06:30:00,APXMIDP,107.54,2438.3
2025-10-03 07:00:00,APXMIDP,107.81,2285.45
2025-10-03 07:30:00,APXMIDP,109.31,2339.85
2025-10-03 08:00:00,APXMIDP,109.35,2369.9
2025-10-03 08:30:00,APXMIDP,107.47,2518.4
2025-10-03 09:00:00,APXMIDP,103.98,2779.95
2025-10-03 09:30:00,APXMIDP,100.69,3127.4
2025-10-03 10:00:00,APXMIDP,89.05,4160.5
2025-10-03 10:30:00,APXMIDP,79.36,4104.5
2025-10-03 11:00:00,APXMIDP,72.23,4862.75
2025-10-03 11:30:00,APXMIDP,69.85,4993.7
2025-10-03 12:00:00,APXMIDP,65.0,4822.3
2025-10-03 12:30:00,APXMIDP,57.7,4316.4
2025-10-03 13:00:00,APXMIDP,52.7,4545.0
2025-10-03 13:30:00,APXMIDP,47.35,4534.25
2025-10-03 14:00:00,APXMIDP,28.08,2961.85
2025-10-03 14:30:00,APXMIDP,23.4,2995.05
2025-10-03 15:00:00,APXMIDP,34.89,2975.55
2025-10-03 15:30:00,APXMIDP,43.92,3017.85
2025-10-03 16:00:00,APXMIDP,48.13,3550.3
2025-10-03 16:30:00,APXMIDP,59.59,3293.15
2025-10-03 17:00:00,APXMIDP,68.91,3491.6
2025-10-03 17:30:00,APXMIDP,73.4,3181.6
2025-10-03 18:00:00,APXMIDP,74.92,3415.95
2025-10-03 18:30:00,APXMIDP,73.25,4204.05
2025-10-03 19:00:00,APXMIDP,70.83,3843.15
2025-10-03 19:30:00,APXMIDP,64.57,4080.7
2025-10-03 20:00:00,APXMIDP,61.4,4393.95
2025-10-03 20:30:00,APXMIDP,49.69,4884.05
2025-10-03 21:00:00,APXMIDP,58.42,4247.95
2025-10-03 21:30:00,APXMIDP,38.38,4228.25
2025-10-03 22:00:00,APXMIDP,35.88,4297.8
2025-10-03 22:30:00,APXMIDP,26.87,4083.35
2025-10-03 23:00:00,APXMIDP,26.03,3686.45
2025-10-03 23:30:00,APXMIDP,22.35,3933.2
2025-10-04 00:00:00,APXMIDP,13.82,3446.05
2025-10-04 00:30:00,APXMIDP,8.76,3368.45
2025-10-04 01:00:00,APXMIDP,5.8,3417.05
2025-10-04 01:30:00,APXMIDP,3.23,3152.5
2025-10-04 02:00:00,APXMIDP,8.26,2701.95
2025-10-04 02:30:00,APXMIDP,4.12,2943.25
2025-10-04 03:00:00,APXMIDP,-0.01,2878.95
2025-10-04 03:30:00,APXMIDP,-1.71,2869.65
2025-10-04 04:00:00,APXMIDP,-0.98,3032.5
2025-10-04 04:30:00,APXMIDP,0.16,2799.6
2025-10-04 05:00:00,APXMIDP,1.44,2461.3
2025-10-04 05:30:00,APXMIDP,3.14,2436.3
2025-10-04 06:00:00,APXMIDP,18.03,2567.3
2025-10-04 06:30:00,APXMIDP,19.78,2781.8
2025-10-04 07:00:00,APXMIDP,9.33,3451.55
2025-10-04 07:30:00,APXMIDP,8.55,3253.5
2025-10-04 08:00:00,APXMIDP,8.2,2973.4
2025-10-04 08:30:00,APXMIDP,3.95,2897.2
2025-10-04 09:00:00,APXMIDP,3.55,2881.5
2025-10-04 09:30:00,APXMIDP,3.02,2681.85
2025-10-04 10:00:00,APXMIDP,4.08,2057.45
2025-10-04 10:30:00,APXMIDP,4.4,2084.65
2025-10-04 11:00:00,APXMIDP,4.38,2315.9
2025-10-04 11:30:00,APXMIDP,11.63,2404.55
2025-10-04 12:00:00,APXMIDP,12.27,2754.55
2025-10-04 12:30:00,APXMIDP,9.59,2939.95
2025-10-04 13:00:00,APXMIDP,10.31,3062.05
2025-10-04 13:30:00,APXMIDP,7.24,3130.15
2025-10-04 14:00:00,APXMIDP,8.4,3333.5
2025-10-04 14:30:00,APXMIDP,7.86,3750.35
2025-10-04 15:00:00,APXMIDP,7.01,3952.4
2025-10-04 15:30:00,APXMIDP,7.86,3784.6
2025-10-04 16:00:00,APXMIDP,14.13,2774.2
2025-10-04 16:30:00,APXMIDP,23.43,3033.4
2025-10-04 17:00:00,APXMIDP,23.08,2466.0
2025-10-04 17:30:00,APXMIDP,22.38,3136.95
2025-10-04 18:00:00,APXMIDP,20.05,2768.1
2025-10-04 18:30:00,APXMIDP,21.57,2476.3
2025-10-04 19:00:00,APXMIDP,20.31,2450.55
2025-10-04 19:30:00,APXMIDP,8.57,2509.9
2025-10-04 20:00:00,APXMIDP,11.14,2114.65
2025-10-04 20:30:00,APXMIDP,4.39,1692.35
2025-10-04 21:00:00,APXMIDP,14.92,2280.95
2025-10-04 21:30:00,APXMIDP,8.18,1899.75
2025-10-04 22:00:00,APXMIDP,2.95,2079.55
2025-10-04 22:30:00,APXMIDP,0.57,1947.95
2025-10-04 23:00:00,APXMIDP,3.2,2055.8
2025-10-04 23:30:00,APXMIDP,3.63,1795.05
2025-10-05 00:00:00,APXMIDP,3.05,1675.8
2025-10-05 00:30:00,APXMIDP,2.64,1712.45
2025-10-05 01:00:00,APXMIDP,4.57,1798.7
2025-10-05 01:30:00,APXMIDP,2.12,1650.95
2025-10-05 02:00:00,APXMIDP,2.91,1769.55
2025-10-05 02:30:00,APXMIDP,1.1,1603.5
2025-10-05 03:00:00,APXMIDP,3.56,1383.7
2025-10-05 03:30:00,APXMIDP,4.28,1455.0
2025-10-05 04:00:00,APXMIDP,3.38,1872.7
2025-10-05 04:30:00,APXMIDP,5.88,2198.4
2025-10-05 05:00:00,APXMIDP,8.72,2063.0
2025-10-05 05:30:00,APXMIDP,8.71,2188.55
2025-10-05 06:00:00,APXMIDP,13.04,2855.7
2025-10-05 06:30:00,APXMIDP,16.0,3007.3
2025-10-05 07:00:00,APXMIDP,6.54,3449.85
2025-10-05 07:30:00,APXMIDP,8.4,3636.9
2025-10-05 08:00:00,APXMIDP,12.25,3320.25
2025-10-05 08:30:00,APXMIDP,11.73,3527.1
2025-10-05 09:00:00,APXMIDP,6.28,3424.35
2025-10-05 09:30:00,APXMIDP,4.39,3191.9
2025-10-05 10:00:00,APXMIDP,5.24,2909.4
2025-10-05 10:30:00,APXMIDP,5.07,3182.25
2025-10-05 11:00:00,APXMIDP,7.14,2803.65
2025-10-05 11:30:00,APXMIDP,7.58,2642.6
2025-10-05 12:00:00,APXMIDP,1.88,2423.55
2025-10-05 12:30:00,APXMIDP,1.06,2798.7
2025-10-05 13:00:00,APXMIDP,4.08,2966.9
2025-10-05 13:30:00,APXMIDP,4.19,2602.35
2025-10-05 14:00:00,APXMIDP,18.47,2817.3
2025-10-05 14:30:00,APXMIDP,33.88,2271.7
2025-10-05 15:00:00,APXMIDP,36.12,2304.3
2025-10-05 15:30:00,APXMIDP,75.1,2489.25
2025-10-05 16:00:00,APXMIDP,86.45,2430.05
2025-10-05 16:30:00,APXMIDP,96.0,2471.5
2025-10-05 17:00:00,APXMIDP,100.28,2641.0
2025-10-05 17:30:00,APXMIDP,100.26,2967.55
2025-10-05 18:00:00,APXMIDP,103.66,2596.5
2025-10-05 18:30:00,APXMIDP,103.61,2523.45
2025-10-05 19:00:00,APXMIDP,101.77,2613.25
2025-10-05 19:30:00,APXMIDP,96.16,2690.9
2025-10-05 20:00:00,APXMIDP,82.21,2485.2
2025-10-05 20:30:00,APXMIDP,74.6,2586.4
2025-10-05 21:00:00,APXMIDP,75.88,3101.1
2025-10-05 21:30:00,APXMIDP,49.98,3189.7
2025-10-05 22:00:00,APXMIDP,43.96,2274.05
2025-10-05 22:30:00,APXMIDP,32.77,2224.55
2025-10-05 23:00:00,APXMIDP,32.25,1940.8
2025-10-05 23:30:00,APXMIDP,35.31,1872.6
2025-10-06 00:00:00,APXMIDP,31.57,1983.65
2025-10-06 00:30:00,APXMIDP,33.78,1944.65
2025-10-06 01:00:00,APXMIDP,28.99,2278.3
2025-10-06 01:30:00,APXMIDP,35.36,2338.45
2025-10-06 02:00:00,APXMIDP,45.7,2226.45
2025-10-06 02:30:00,APXMIDP,55.34,2668.4
2025-10-06 03:00:00,APXMIDP,56.76,2782.25
2025-10-06 03:30:00,APXMIDP,60.1,3133.75
2025-10-06 04:00:00,APXMIDP,74.62,3202.2
2025-10-06 04:30:00,APXMIDP,77.64,3269.3
2025-10-06 05:00:00,APXMIDP,72.39,3317.4
2025-10-06 05:30:00,APXMIDP,83.61,3502.0
2025-10-06 06:00:00,APXMIDP,92.99,2352.5
2025-10-06 06:30:00,APXMIDP,96.45,2829.2
2025-10-06 07:00:00,APXMIDP,94.95,2832.85
2025-10-06 07:30:00,APXMIDP,95.69,2999.6
2025-10-06 08:00:00,APXMIDP,90.05,3037.65
2025-10-06 08:30:00,APXMIDP,81.56,3212.6
2025-10-06 09:00:00,APXMIDP,81.81,3368.1
2025-10-06 09:30:00,APXMIDP,76.46,3573.0
2025-10-06 10:00:00,APXMIDP,81.67,2820.1
2025-10-06 10:30:00,APXMIDP,81.52,3286.8
2025-10-06 11:00:00,APXMIDP,77.01,3671.2
2025-10-06 11:30:00,APXMIDP,70.6,3536.55
2025-10-06 12:00:00,APXMIDP,77.91,3002.95
2025-10-06 12:30:00,APXMIDP,82.03,3640.25
2025-10-06 13:00:00,APXMIDP,83.83,3512.65
2025-10-06 13:30:00,APXMIDP,83.9,3169.85
2025-10-06 14:00:00,APXMIDP,88.16,2904.5
2025-10-06 14:30:00,APXMIDP,90.83,2837.1
2025-10-06 15:00:00,APXMIDP,87.75,2667.9
2025-10-06 15:30:00,APXMIDP,90.3,3053.2
2025-10-06 16:00:00,APXMIDP,101.96,2760.65
2025-10-06 16:30:00,APXMIDP,114.94,2938.55
2025-10-06 17:00:00,APXMIDP,129.57,3208.4
2025-10-06 17:30:00,APXMIDP,131.31,3615.05
2025-10-06 18:00:00,APXMIDP,123.78,3783.85
2025-10-06 18:30:00,APXMIDP,117.93,3441.4
2025-10-06 19:00:00,APXMIDP,107.16,3174.75
2025-10-06 19:30:00,APXMIDP,100.12,3361.5
2025-10-06 20:00:00,APXMIDP,86.6,2760.3
2025-10-06 20:30:00,APXMIDP,87.61,2935.9
2025-10-06 21:00:00,APXMIDP,72.43,4420.0
2025-10-06 21:30:00,APXMIDP,83.57,3270.75
2025-10-06 22:00:00,APXMIDP,89.63,1819.9
2025-10-06 22:30:00,APXMIDP,86.54,1894.05
2025-10-06 23:00:00,APXMIDP,82.81,1973.35
2025-10-06 23:30:00,APXMIDP,64.48,2017.05
2025-10-07 00:00:00,APXMIDP,76.87,1929.1
2025-10-07 00:30:00,APXMIDP,74.57,1888.05
2025-10-07 01:00:00,APXMIDP,70.64,1841.85
2025-10-07 01:30:00,APXMIDP,69.97,1915.6
2025-10-07 02:00:00,APXMIDP,66.4,1787.3
2025-10-07 02:30:00,APXMIDP,63.43,1591.25
2025-10-07 03:00:00,APXMIDP,65.4,1988.45
2025-10-07 03:30:00,APXMIDP,64.53,1913.6
2025-10-07 04:00:00,APXMIDP,74.7,1833.7
2025-10-07 04:30:00,APXMIDP,72.78,2065.0
2025-10-07 05:00:00,APXMIDP,78.24,2328.95
2025-10-07 05:30:00,APXMIDP,77.29,2328.9
2025-10-07 06:00:00,APXMIDP,84.88,2628.1
2025-10-07 06:30:00,APXMIDP,105.26,2193.55
2025-10-07 07:00:00,APXMIDP,102.3,2873.05
2025-10-07 07:30:00,APXMIDP,101.6,3289.1
2025-10-07 08:00:00,APXMIDP,94.07,2542.7
2025-10-07 08:30:00,APXMIDP,94.13,2295.95
2025-10-07 09:00:00,APXMIDP,94.26,3190.4
2025-10-07 09:30:00,APXMIDP,93.27,3233.8
2025-10-07 10:00:00,APXMIDP,85.7,3295.7
2025-10-07 10:30:00,APXMIDP,81.94,3300.85
2025-10-07 11:00:00,APXMIDP,80.52,3590.5
2025-10-07 11:30:00,APXMIDP,79.42,3441.15
2025-10-07 12:00:00,APXMIDP,81.55,2984.35
2025-10-07 12:30:00,APXMIDP,78.75,3074.25
2025-10-07 13:00:00,APXMIDP,80.47,3346.85
2025-10-07 13:30:00,APXMIDP,79.34,3403.2
2025-10-07 14:00:00,APXMIDP,92.03,2501.35
2025-10-07 14:30:00,APXMIDP,91.72,2803.95
2025-10-07 15:00:00,APXMIDP,91.85,2536.75
2025-10-07 15:30:00,APXMIDP,94.32,2818.65
2025-10-07 16:00:00,APXMIDP,113.31,2996.95
2025-10-07 16:30:00,APXMIDP,123.32,2950.35
2025-10-07 17:00:00,APXMIDP,132.5,3451.5
2025-10-07 17:30:00,APXMIDP,137.36,3395.8
2025-10-07 18:00:00,APXMIDP,120.1,3111.95
2025-10-07 18:30:00,APXMIDP,112.48,3084.5
2025-10-07 19:00:00,APXMIDP,110.46,2742.15
2025-10-07 19:30:00,APXMIDP,102.54,2485.7
2025-10-07 20:00:00,APXMIDP,91.74,1937.85
2025-10-07 20:30:00,APXMIDP,87.14,2156.6
2025-10-07 21:00:00,APXMIDP,84.73,2402.35
2025-10-07 21:30:00,APXMIDP,84.16,3004.1
2025-10-07 22:00:00,APXMIDP,78.7,1325.85
2025-10-07 22:30:00,APXMIDP,77.66,1211.2
2025-10-07 23:00:00,APXMIDP,79.01,1149.7
2025-10-07 23:30:00,APXMIDP,77.25,1248.15
2025-10-08 00:00:00,APXMIDP,77.94,1284.5
2025-10-08 00:30:00,APXMIDP,74.71,1249.75
2025-10-08 01:00:00,APXMIDP,71.3,1620.4
2025-10-08 01:30:00,APXMIDP,80.18,2121.0
2025-10-08 02:00:00,APXMIDP,75.16,1528.6
2025-10-08 02:30:00,APXMIDP,76.39,1721.15
2025-10-08 03:00:00,APXMIDP,73.31,1676.15
2025-10-08 03:30:00,APXMIDP,77.05,1839.3
2025-10-08 04:00:00,APXMIDP,77.81,1653.35
2025-10-08 04:30:00,APXMIDP,77.99,1838.35
2025-10-08 05:00:00,APXMIDP,83.67,2106.5
2025-10-08 05:30:00,APXMIDP,99.11,2490.0
2025-10-08 06:00:00,APXMIDP,114.55,2108.35
2025-10-08 06:30:00,APXMIDP,119.46,2327.2
2025-10-08 07:00:00,APXMIDP,113.41,1979.6
2025-10-08 07:30:00,APXMIDP,112.62,2268.95
2025-10-08 08:00:00,APXMIDP,98.26,2374.65
2025-10-08 08:30:00,APXMIDP,95.44,2341.6
2025-10-08 09:00:00,APXMIDP,92.5,2391.7
2025-10-08 09:30:00,APXMIDP,90.87,2339.0
2025-10-08 10:00:00,APXMIDP,85.51,2524.7
2025-10-08 10:30:00,APXMIDP,82.52,2808.15
2025-10-08 11:00:00,APXMIDP,82.26,2879.8
2025-10-08 11:30:00,APXMIDP,79.34,2741.15
2025-10-08 12:00:00,APXMIDP,76.85,2644.6
2025-10-08 12:30:00,APXMIDP,78.62,2790.25
2025-10-08 13:00:00,APXMIDP,78.61,3021.2
2025-10-08 13:30:00,APXMIDP,77.15,2735.0
2025-10-08 14:00:00,APXMIDP,75.22,2512.7
2025-10-08 14:30:00,APXMIDP,75.71,2328.3
2025-10-08 15:00:00,APXMIDP,76.33,2031.35
2025-10-08 15:30:00,APXMIDP,79.89,2205.3
2025-10-08 16:00:00,APXMIDP,91.06,2252.8
2025-10-08 16:30:00,APXMIDP,106.05,2439.8
2025-10-08 17:00:00,APXMIDP,117.37,2551.15
2025-10-08 17:30:00,APXMIDP,122.25,2864.7
2025-10-08 18:00:00,APXMIDP,119.93,2194.6
2025-10-08 18:30:00,APXMIDP,114.39,2145.05
2025-10-08 19:00:00,APXMIDP,100.92,1754.55
2025-10-08 19:30:00,APXMIDP,91.68,2074.25
2025-10-08 20:00:00,APXMIDP,95.69,2276.8
2025-10-08 20:30:00,APXMIDP,86.01,2048.1
2025-10-08 21:00:00,APXMIDP,83.48,2146.55
2025-10-08 21:30:00,APXMIDP,86.21,2281.35
2025-10-08 22:00:00,APXMIDP,86.56,1486.15
2025-10-08 22:30:00,APXMIDP,89.35,1520.95
2025-10-08 23:00:00,APXMIDP,88.29,1307.95
2025-10-08 23:30:00,APXMIDP,88.54,1235.65
2025-10-09 00:00:00,APXMIDP,87.25,1471.3
2025-10-09 00:30:00,APXMIDP,84.35,1573.1
2025-10-09 01:00:00,APXMIDP,87.96,1789.5
2025-10-09 01:30:00,APXMIDP,85.84,1401.95
2025-10-09 02:00:00,APXMIDP,87.06,1364.4
2025-10-09 02:30:00,APXMIDP,85.68,1592.2
2025-10-09 03:00:00,APXMIDP,83.94,2112.1
2025-10-09 03:30:00,APXMIDP,84.2,2000.2
2025-10-09 04:00:00,APXMIDP,87.7,2020.7
2025-10-09 04:30:00,APXMIDP,89.02,2152.65
2025-10-09 05:00:00,APXMIDP,93.1,2013.9
2025-10-09 05:30:00,APXMIDP,106.52,1940.35
2025-10-09 06:00:00,APXMIDP,119.54,2292.0
2025-10-09 06:30:00,APXMIDP,123.49,2483.95
2025-10-09 07:00:00,APXMIDP,120.5,2443.45
2025-10-09 07:30:00,APXMIDP,116.59,2199.8
2025-10-09 08:00:00,APXMIDP,103.36,2641.3
2025-10-09 08:30:00,APXMIDP,99.54,2507.0
2025-10-09 09:00:00,APXMIDP,86.08,3385.3
2025-10-09 09:30:00,APXMIDP,90.98,4043.15
2025-10-09 10:00:00,APXMIDP,80.18,3690.3
2025-10-09 10:30:00,APXMIDP,78.71,3137.4
2025-10-09 11:00:00,APXMIDP,80.13,3526.0
2025-10-09 11:30:00,APXMIDP,78.64,3730.55
2025-10-09 12:00:00,APXMIDP,78.03,3289.9
2025-10-09 12:30:00,APXMIDP,77.2,3765.8
2025-10-09 13:00:00,APXMIDP,70.42,4241.2
2025-10-09 13:30:00,APXMIDP,77.81,4172.4
2025-10-09 14:00:00,APXMIDP,84.52,3071.55
2025-10-09 14:30:00,APXMIDP,84.4,3629.55
2025-10-09 15:00:00,APXMIDP,95.66,2921.15
2025-10-09 15:30:00,APXMIDP,92.71,3121.65
2025-10-09 16:00:00,APXMIDP,115.91,3448.75
2025-10-09 16:30:00,APXMIDP,125.35,3319.7
2025-10-09 17:00:00,APXMIDP,122.85,4008.05
2025-10-09 17:30:00,APXMIDP,124.47,4026.35
2025-10-09 18:00:00,APXMIDP,115.38,2462.35
2025-10-09 18:30:00,APXMIDP,113.16,2543.3
2025-10-09 19:00:00,APXMIDP,102.91,2689.2
2025-10-09 19:30:00,APXMIDP,92.72,2306.95
2025-10-09 20:00:00,APXMIDP,85.18,2261.85
2025-10-09 20:30:00,APXMIDP,87.53,2480.5
2025-10-09 21:00:00,APXMIDP,87.2,2316.15
2025-10-09 21:30:00,APXMIDP,82.46,2093.45
2025-10-09 22:00:00,APXMIDP,82.09,1481.7
2025-10-09 22:30:00,APXMIDP,80.48,1318.4
2025-10-09 23:00:00,APXMIDP,78.9,1262.35
2025-10-09 23:30:00,APXMIDP,77.23,1480.0
2025-10-10 00:00:00,APXMIDP,76.02,1453.75
2025-10-10 00:30:00,APXMIDP,79.29,1645.1
2025-10-10 01:00:00,APXMIDP,81.36,1623.5
2025-10-10 01:30:00,APXMIDP,82.55,1744.55
2025-10-10 02:00:00,APXMIDP,83.28,1561.6
2025-10-10 02:30:00,APXMIDP,78.95,1763.05
2025-10-10 03:00:00,APXMIDP,78.72,1903.3
2025-10-10 03:30:00,APXMIDP,81.27,2076.1
2025-10-10 04:00:00,APXMIDP,84.97,2244.25
2025-10-10 04:30:00,APXMIDP,81.74,2122.05
2025-10-10 05:00:00,APXMIDP,87.46,2187.85
2025-10-10 05:30:00,APXMIDP,97.2,2613.15
2025-10-10 06:00:00,APXMIDP,102.36,2811.5
2025-10-10 06:30:00,APXMIDP,104.76,2903.45
2025-10-10 07:00:00,APXMIDP,96.13,2766.0
2025-10-10 07:30:00,APXMIDP,95.28,2849.9
2025-10-10 08:00:00,APXMIDP,92.17,3205.75
2025-10-10 08:30:00,APXMIDP,87.97,3052.1
2025-10-10 09:00:00,APXMIDP,86.84,3187.75
2025-10-10 09:30:00,APXMIDP,86.7,3169.95
2025-10-10 10:00:00,APXMIDP,83.53,2849.6
2025-10-10 10:30:00,APXMIDP,81.64,3148.1
2025-10-10 11:00:00,APXMIDP,82.48,2779.35
2025-10-10 11:30:00,APXMIDP,83.08,3079.75
2025-10-10 12:00:00,APXMIDP,82.11,2401.75
2025-10-10 12:30:00,APXMIDP,82.47,2501.5
2025-10-10 13:00:00,APXMIDP,83.3,2475.2
2025-10-10 13:30:00,APXMIDP,83.11,2808.7
2025-10-10 14:00:00,APXMIDP,85.29,2767.9
2025-10-10 14:30:00,APXMIDP,86.6,3051.95
2025-10-10 15:00:00,APXMIDP,84.95,2218.7
2025-10-10 15:30:00,APXMIDP,82.02,2444.1
2025-10-10 16:00:00,APXMIDP,95.55,3367.15
2025-10-10 16:30:00,APXMIDP,101.57,3611.9
2025-10-10 17:00:00,APXMIDP,96.22,3799.7
2025-10-10 17:30:00,APXMIDP,101.04,4094.3
2025-10-10 18:00:00,APXMIDP,104.37,3453.95
2025-10-10 18:30:00,APXMIDP,101.97,3358.95
2025-10-10 19:00:00,APXMIDP,100.81,3284.75
2025-10-10 19:30:00,APXMIDP,95.58,2767.35
2025-10-10 20:00:00,APXMIDP,89.69,2282.75
2025-10-10 20:30:00,APXMIDP,83.23,2219.6
2025-10-10 21:00:00,APXMIDP,78.49,2447.95
2025-10-10 21:30:00,APXMIDP,79.16,2076.6
2025-10-10 22:00:00,APXMIDP,83.36,1190.65
2025-10-10 22:30:00,APXMIDP,87.6,1442.75
2025-10-10 23:00:00,APXMIDP,85.16,1508.8
2025-10-10 23:30:00,APXMIDP,83.01,1668.5
2025-10-11 00:00:00,APXMIDP,79.01,1661.45
2025-10-11 00:30:00,APXMIDP,78.93,1620.65
2025-10-11 01:00:00,APXMIDP,76.46,1363.7
2025-10-11 01:30:00,APXMIDP,74.62,1347.05
2025-10-11 02:00:00,APXMIDP,71.67,1217.8
2025-10-11 02:30:00,APXMIDP,71.09,1226.15
2025-10-11 03:00:00,APXMIDP,70.19,1069.05
2025-10-11 03:30:00,APXMIDP,70.0,1088.25
2025-10-11 04:00:00,APXMIDP,73.27,942.1
2025-10-11 04:30:00,APXMIDP,72.79,993.2
2025-10-11 05:00:00,APXMIDP,73.69,1374.6
2025-10-11 05:30:00,APXMIDP,77.11,1358.5
2025-10-11 06:00:00,APXMIDP,78.79,1399.0
2025-10-11 06:30:00,APXMIDP,85.07,1367.85
2025-10-11 07:00:00,APXMIDP,88.1,1551.95
2025-10-11 07:30:00,APXMIDP,89.49,1681.15
2025-10-11 08:00:00,APXMIDP,85.09,1451.15
2025-10-11 08:30:00,APXMIDP,87.61,1568.15
2025-10-11 09:00:00,APXMIDP,88.58,1403.9
2025-10-11 09:30:00,APXMIDP,90.63,1580.25
2025-10-11 10:00:00,APXMIDP,93.37,1674.6
2025-10-11 10:30:00,APXMIDP,95.09,1608.0
2025-10-11 11:00:00,APXMIDP,93.47,2059.45
2025-10-11 11:30:00,APXMIDP,93.07,2059.5
2025-10-11 12:00:00,APXMIDP,92.08,2072.5
2025-10-11 12:30:00,APXMIDP,87.6,1945.55
2025-10-11 13:00:00,APXMIDP,87.11,2435.7
2025-10-11 13:30:00,APXMIDP,84.57,2194.05
2025-10-11 14:00:00,APXMIDP,92.69,2674.6
2025-10-11 14:30:00,APXMIDP,91.5,2830.4
2025-10-11 15:00:00,APXMIDP,105.7,2324.35
2025-10-11 15:30:00,APXMIDP,110.92,2343.05
2025-10-11 16:00:00,APXMIDP,109.21,2967.0
2025-10-11 16:30:00,APXMIDP,117.83,2941.65
2025-10-11 17:00:00,APXMIDP,120.21,2818.95
2025-10-11 17:30:00,APXMIDP,124.63,2939.1
2025-10-11 18:00:00,APXMIDP,126.35,2469.6
2025-10-11 18:30:00,APXMIDP,124.58,2881.55
2025-10-11 19:00:00,APXMIDP,118.63,2409.65
2025-10-11 19:30:00,APXMIDP,104.17,2388.3
2025-10-11 20:00:00,APXMIDP,90.36,2022.0
2025-10-11 20:30:00,APXMIDP,87.54,1772.3
2025-10-11 21:00:00,APXMIDP,87.4,1606.7
2025-10-11 21:30:00,APXMIDP,86.91,1516.05
2025-10-11 22:00:00,APXMIDP,81.85,1234.35
2025-10-11 22:30:00,APXMIDP,87.85,1091.35
2025-10-11 23:00:00,APXMIDP,89.76,1158.55
2025-10-11 23:30:00,APXMIDP,87.0,1256.0
2025-10-12 00:00:00,APXMIDP,91.13,1544.3
2025-10-12 00:30:00,APXMIDP,92.92,1446.5
2025-10-12 01:00:00,APXMIDP,92.33,1503.05
2025-10-12 01:30:00,APXMIDP,90.4,1607.9
2025-10-12 02:00:00,APXMIDP,87.48,1501.65
2025-10-12 02:30:00,APXMIDP,85.43,1587.05
2025-10-12 03:00:00,APXMIDP,84.79,1553.65
2025-10-12 03:30:00,APXMIDP,82.47,1669.75
2025-10-12 04:00:00,APXMIDP,78.89,1474.35
2025-10-12 04:30:00,APXMIDP,77.39,1720.5
2025-10-12 05:00:00,APXMIDP,81.94,1796.25
2025-10-12 05:30:00,APXMIDP,80.62,1682.6
2025-10-12 06:00:00,APXMIDP,84.27,2071.5
2025-10-12 06:30:00,APXMIDP,88.41,1471.25
2025-10-12 07:00:00,APXMIDP,90.01,1667.4
2025-10-12 07:30:00,APXMIDP,92.06,1870.75
2025-10-12 08:00:00,APXMIDP,96.96,2304.4
2025-10-12 08:30:00,APXMIDP,103.71,2435.55
2025-10-12 09:00:00,APXMIDP,102.11,2200.6
2025-10-12 09:30:00,APXMIDP,102.42,2481.0
2025-10-12 10:00:00,APXMIDP,107.5,2196.25
2025-10-12 10:30:00,APXMIDP,109.17,2571.3
2025-10-12 11:00:00,APXMIDP,110.27,2577.15
2025-10-12 11:30:00,APXMIDP,110.44,3086.5
2025-10-12 12:00:00,APXMIDP,107.99,3733.45
2025-10-12 12:30:00,APXMIDP,100.95,3479.95
2025-10-12 13:00:00,APXMIDP,96.95,3402.1
2025-10-12 13:30:00,APXMIDP,93.36,3169.5
2025-10-12 14:00:00,APXMIDP,105.98,3571.2
2025-10-12 14:30:00,APXMIDP,94.29,3780.8
2025-10-12 15:00:00,APXMIDP,96.36,3328.0
2025-10-12 15:30:00,APXMIDP,109.94,2724.2
2025-10-12 16:00:00,APXMIDP,108.77,2915.6
2025-10-12 16:30:00,APXMIDP,115.99,2730.5
2025-10-12 17:00:00,APXMIDP,118.55,2602.25
2025-10-12 17:30:00,APXMIDP,119.33,2461.5
2025-10-12 18:00:00,APXMIDP,121.11,1769.9
2025-10-12 18:30:00,APXMIDP,110.46,1837.05
2025-10-12 19:00:00,APXMIDP,116.42,2175.55
2025-10-12 19:30:00,APXMIDP,103.44,1916.75
2025-10-12 20:00:00,APXMIDP,99.89,2111.2
2025-10-12 20:30:00,APXMIDP,92.76,1659.45
2025-10-12 21:00:00,APXMIDP,92.9,1853.85
2025-10-12 21:30:00,APXMIDP,87.31,2089.25
2025-10-12 22:00:00,APXMIDP,78.84,1189.95
2025-10-12 22:30:00,APXMIDP,76.32,1064.95
2025-10-12 23:00:00,APXMIDP,81.77,1204.6
2025-10-12 23:30:00,APXMIDP,79.51,1168.5
2025-10-13 00:00:00,APXMIDP,77.64,1490.3
2025-10-13 00:30:00,APXMIDP,77.84,1449.15
2025-10-13 01:00:00,APXMIDP,79.92,1764.85
2025-10-13 01:30:00,APXMIDP,78.2,1793.5
2025-10-13 02:00:00,APXMIDP,83.05,1811.35
2025-10-13 02:30:00,APXMIDP,79.57,1790.25
2025-10-13 03:00:00,APXMIDP,78.71,1764.25
2025-10-13 03:30:00,APXMIDP,81.82,2335.8
2025-10-13 04:00:00,APXMIDP,81.99,1798.0
2025-10-13 04:30:00,APXMIDP,80.39,2108.3
2025-10-13 05:00:00,APXMIDP,82.39,1885.75
2025-10-13 05:30:00,APXMIDP,89.72,2087.9
2025-10-13 06:00:00,APXMIDP,110.93,2254.6
2025-10-13 06:30:00,APXMIDP,115.52,2563.55
2025-10-13 07:00:00,APXMIDP,110.86,2167.55
2025-10-13 07:30:00,APXMIDP,118.42,2708.9
2025-10-13 08:00:00,APXMIDP,107.04,2663.7
2025-10-13 08:30:00,APXMIDP,109.12,2788.7
2025-10-13 09:00:00,APXMIDP,106.17,2457.15
2025-10-13 09:30:00,APXMIDP,104.37,2666.25
2025-10-13 10:00:00,APXMIDP,101.28,3192.9
2025-10-13 10:30:00,APXMIDP,109.83,3506.75
2025-10-13 11:00:00,APXMIDP,105.67,4015.15
2025-10-13 11:30:00,APXMIDP,123.13,4502.0
2025-10-13 12:00:00,APXMIDP,122.81,4260.5
2025-10-13 12:30:00,APXMIDP,123.48,5107.3
2025-10-13 13:00:00,APXMIDP,122.48,5143.55
2025-10-13 13:30:00,APXMIDP,120.67,5357.0
2025-10-13 14:00:00,APXMIDP,163.68,4452.0
2025-10-13 14:30:00,APXMIDP,174.87,4777.05
2025-10-13 15:00:00,APXMIDP,205.98,3727.85
2025-10-13 15:30:00,APXMIDP,223.0,3727.85
2025-10-13 16:00:00,APXMIDP,287.57,3269.3
2025-10-13 16:30:00,APXMIDP,286.42,3753.05
2025-10-13 17:00:00,APXMIDP,271.76,3927.5
2025-10-13 17:30:00,APXMIDP,273.05,3976.8
2025-10-13 18:00:00,APXMIDP,203.82,4303.0
2025-10-13 18:30:00,APXMIDP,173.79,4445.0
2025-10-13 19:00:00,APXMIDP,137.92,3956.75
2025-10-13 19:30:00,APXMIDP,127.82,4512.75
2025-10-13 20:00:00,APXMIDP,109.12,3915.9
2025-10-13 20:30:00,APXMIDP,102.04,3465.8
2025-10-13 21:00:00,APXMIDP,100.28,3762.15
2025-10-13 21:30:00,APXMIDP,97.86,3992.2
2025-10-13 22:00:00,APXMIDP,90.83,1857.9
2025-10-13 22:30:00,APXMIDP,93.53,1813.2
2025-10-13 23:00:00,APXMIDP,87.69,1624.8
2025-10-13 23:30:00,APXMIDP,84.83,1324.55
2025-10-14 00:00:00,APXMIDP,82.86,1333.55
2025-10-14 00:30:00,APXMIDP,85.86,1643.3
2025-10-14 01:00:00,APXMIDP,79.03,1769.4
2025-10-14 01:30:00,APXMIDP,81.09,2026.45
2025-10-14 02:00:00,APXMIDP,79.92,1764.7
2025-10-14 02:30:00,APXMIDP,75.28,1632.1
2025-10-14 03:00:00,APXMIDP,76.73,1883.85
2025-10-14 03:30:00,APXMIDP,76.68,1989.95
2025-10-14 04:00:00,APXMIDP,76.61,1655.35
2025-10-14 04:30:00,APXMIDP,76.74,1867.8
2025-10-14 05:00:00,APXMIDP,75.67,1566.05
2025-10-14 05:30:00,APXMIDP,83.13,1788.3
2025-10-14 06:00:00,APXMIDP,102.6,2439.65
2025-10-14 06:30:00,APXMIDP,108.2,2555.25
2025-10-14 07:00:00,APXMIDP,110.3,2402.0
2025-10-14 07:30:00,APXMIDP,110.58,2404.35
2025-10-14 08:00:00,APXMIDP,100.39,2536.25
2025-10-14 08:30:00,APXMIDP,100.0,2355.65
2025-10-14 09:00:00,APXMIDP,98.41,2504.9
2025-10-14 09:30:00,APXMIDP,97.4,2513.55
2025-10-14 10:00:00,APXMIDP,88.61,2473.25
2025-10-14 10:30:00,APXMIDP,87.49,2632.25
2025-10-14 11:00:00,APXMIDP,88.65,3613.7
2025-10-14 11:30:00,APXMIDP,88.1,4260.7
2025-10-14 12:00:00,APXMIDP,84.5,4399.9
2025-10-14 12:30:00,APXMIDP,83.51,5162.55
2025-10-14 13:00:00,APXMIDP,91.4,4756.6
2025-10-14 13:30:00,APXMIDP,93.34,4461.35
2025-10-14 14:00:00,APXMIDP,119.9,3550.4
2025-10-14 14:30:00,APXMIDP,116.33,3995.95
2025-10-14 15:00:00,APXMIDP,125.61,3757.45
2025-10-14 15:30:00,APXMIDP,139.02,3308.9
2025-10-14 16:00:00,APXMIDP,166.26,3997.1
2025-10-14 16:30:00,APXMIDP,166.72,4317.3
2025-10-14 17:00:00,APXMIDP,159.34,4340.75
2025-10-14 17:30:00,APXMIDP,159.45,4730.1
2025-10-14 18:00:00,APXMIDP,130.25,4550.9
2025-10-14 18:30:00,APXMIDP,111.18,4511.45
2025-10-14 19:00:00,APXMIDP,114.63,4145.45
2025-10-14 19:30:00,APXMIDP,108.92,3519.2
2025-10-14 20:00:00,APXMIDP,98.71,3186.8
2025-10-14 20:30:00,APXMIDP,93.1,2553.75
2025-10-14 21:00:00,APXMIDP,90.05,2212.15
2025-10-14 21:30:00,APXMIDP,88.4,2217.15
2025-10-14 22:00:00,APXMIDP,79.6,468.2
2025-10-14 22:30:00,APXMIDP,79.01,317.4
2025-10-14 23:00:00,APXMIDP,79.37,221.15
2025-10-14 23:30:00,APXMIDP,74.29,437.9
2025-10-15 00:00:00,APXMIDP,72.46,474.65
2025-10-15 00:30:00,APXMIDP,76.57,1024.85
2025-10-15 01:00:00,APXMIDP,75.14,990.3
2025-10-15 01:30:00,APXMIDP,73.81,986.75
2025-10-15 02:00:00,APXMIDP,72.99,1449.9
2025-10-15 02:30:00,APXMIDP,73.29,1521.8
2025-10-15 03:00:00,APXMIDP,71.79,1372.8
2025-10-15 03:30:00,APXMIDP,71.2,1556.05
2025-10-15 04:00:00,APXMIDP,72.9,1393.3
2025-10-15 04:30:00,APXMIDP,72.48,1482.95
2025-10-15 05:00:00,APXMIDP,72.93,1940.35
2025-10-15 05:30:00,APXMIDP,80.86,2378.85
2025-10-15 06:00:00,APXMIDP,110.52,2672.2
2025-10-15 06:30:00,APXMIDP,116.02,2833.2
2025-10-15 07:00:00,APXMIDP,110.64,2606.45
2025-10-15 07:30:00,APXMIDP,108.17,2708.35
2025-10-15 08:00:00,APXMIDP,97.91,2144.05
2025-10-15 08:30:00,APXMIDP,97.11,2568.35
2025-10-15 09:00:00,APXMIDP,96.23,2276.9
2025-10-15 09:30:00,APXMIDP,94.42,2490.0
2025-10-15 10:00:00,APXMIDP,87.07,2494.85
2025-10-15 10:30:00,APXMIDP,92.93,2716.35
2025-10-15 11:00:00,APXMIDP,90.65,2901.3
2025-10-15 11:30:00,APXMIDP,102.69,3553.65
2025-10-15 12:00:00,APXMIDP,99.68,3581.5
2025-10-15 12:30:00,APXMIDP,99.32,3642.9
2025-10-15 13:00:00,APXMIDP,97.42,3488.4
2025-10-15 13:30:00,APXMIDP,96.19,3037.75
2025-10-15 14:00:00,APXMIDP,106.54,3305.4
2025-10-15 14:30:00,APXMIDP,112.11,3233.8
2025-10-15 15:00:00,APXMIDP,115.31,3680.15
2025-10-15 15:30:00,APXMIDP,139.0,4283.5
2025-10-15 16:00:00,APXMIDP,138.17,3919.9
2025-10-15 16:30:00,APXMIDP,137.94,4346.7
2025-10-15 17:00:00,APXMIDP,137.35,4511.5
2025-10-15 17:30:00,APXMIDP,140.84,4085.6
2025-10-15 18:00:00,APXMIDP,114.62,2694.75
2025-10-15 18:30:00,APXMIDP,106.66,2466.45
2025-10-15 19:00:00,APXMIDP,109.29,2166.85
2025-10-15 19:30:00,APXMIDP,96.94,1810.2
2025-10-15 20:00:00,APXMIDP,90.76,2355.4
2025-10-15 20:30:00,APXMIDP,84.3,2211.45
2025-10-15 21:00:00,APXMIDP,85.42,2209.65
2025-10-15 21:30:00,APXMIDP,83.84,2166.35
2025-10-15 22:00:00,APXMIDP,78.68,1047.75
2025-10-15 22:30:00,APXMIDP,80.72,1625.2
2025-10-15 23:00:00,APXMIDP,79.07,1693.25
2025-10-15 23:30:00,APXMIDP,78.61,1873.75
2025-10-16 00:00:00,APXMIDP,76.43,1427.5
2025-10-16 00:30:00,APXMIDP,74.55,1325.3
2025-10-16 01:00:00,APXMIDP,73.88,1511.3
2025-10-16 01:30:00,APXMIDP,75.04,1877.1
2025-10-16 02:00:00,APXMIDP,71.75,1396.65
2025-10-16 02:30:00,APXMIDP,72.66,1642.7
2025-10-16 03:00:00,APXMIDP,71.58,1359.95
2025-10-16 03:30:00,APXMIDP,71.1,1256.4
2025-10-16 04:00:00,APXMIDP,74.86,1894.45
2025-10-16 04:30:00,APXMIDP,72.94,1890.0
2025-10-16 05:00:00,APXMIDP,80.94,2035.0
2025-10-16 05:30:00,APXMIDP,91.29,2261.4
2025-10-16 06:00:00,APXMIDP,96.08,2571.1
2025-10-16 06:30:00,APXMIDP,101.17,2865.0
2025-10-16 07:00:00,APXMIDP,96.48,2447.2
2025-10-16 07:30:00,APXMIDP,98.38,2884.7
2025-10-16 08:00:00,APXMIDP,91.79,2412.5
2025-10-16 08:30:00,APXMIDP,90.06,2912.15
2025-10-16 09:00:00,APXMIDP,83.75,2721.85
2025-10-16 09:30:00,APXMIDP,83.71,2871.95
2025-10-16 10:00:00,APXMIDP,76.74,2464.0
2025-10-16 10:30:00,APXMIDP,75.91,2237.05
2025-10-16 11:00:00,APXMIDP,76.82,2866.5
2025-10-16 11:30:00,APXMIDP,74.4,2739.3
2025-10-16 12:00:00,APXMIDP,76.12,2710.5
2025-10-16 12:30:00,APXMIDP,77.02,2449.95
2025-10-16 13:00:00,APXMIDP,75.97,2715.8
2025-10-16 13:30:00,APXMIDP,75.61,2684.05
2025-10-16 14:00:00,APXMIDP,80.02,2581.0
2025-10-16 14:30:00,APXMIDP,80.83,2422.9
2025-10-16 15:00:00,APXMIDP,85.13,3165.05
2025-10-16 15:30:00,APXMIDP,90.16,3066.4
2025-10-16 16:00:00,APXMIDP,109.26,3940.9
2025-10-16 16:30:00,APXMIDP,114.09,3554.8
2025-10-16 17:00:00,APXMIDP,123.4,4154.2
2025-10-16 17:30:00,APXMIDP,128.96,4133.4
2025-10-16 18:00:00,APXMIDP,117.79,3214.75
2025-10-16 18:30:00,APXMIDP,110.25,3139.0
2025-10-16 19:00:00,APXMIDP,101.58,3209.45
2025-10-16 19:30:00,APXMIDP,92.36,3008.35
2025-10-16 20:00:00,APXMIDP,88.99,2782.45
2025-10-16 20:30:00,APXMIDP,89.2,2562.0
2025-10-16 21:00:00,APXMIDP,86.55,2046.15
2025-10-16 21:30:00,APXMIDP,85.58,2180.15
2025-10-16 22:00:00,APXMIDP,87.23,1236.15
2025-10-16 22:30:00,APXMIDP,80.85,1202.55
2025-10-16 23:00:00,APXMIDP,81.06,1041.5
2025-10-16 23:30:00,APXMIDP,81.36,1177.75
2025-10-17 00:00:00,APXMIDP,78.61,964.85
2025-10-17 00:30:00,APXMIDP,80.87,1327.5
2025-10-17 01:00:00,APXMIDP,77.36,1421.35
2025-10-17 01:30:00,APXMIDP,76.94,1769.5
2025-10-17 02:00:00,APXMIDP,75.11,1203.65
2025-10-17 02:30:00,APXMIDP,74.48,1327.0
2025-10-17 03:00:00,APXMIDP,75.54,1163.7
2025-10-17 03:30:00,APXMIDP,74.1,1251.65
2025-10-17 04:00:00,APXMIDP,78.88,2137.75
2025-10-17 04:30:00,APXMIDP,79.0,2200.45
2025-10-17 05:00:00,APXMIDP,95.07,2520.5
2025-10-17 05:30:00,APXMIDP,100.08,2451.05
2025-10-17 06:00:00,APXMIDP,113.52,2456.4
2025-10-17 06:30:00,APXMIDP,117.34,3145.1
2025-10-17 07:00:00,APXMIDP,95.23,2620.55
2025-10-17 07:30:00,APXMIDP,102.46,3486.55
2025-10-17 08:00:00,APXMIDP,102.93,2376.5
2025-10-17 08:30:00,APXMIDP,98.82,2289.55
2025-10-17 09:00:00,APXMIDP,95.17,2628.05
2025-10-17 09:30:00,APXMIDP,92.82,2391.6
2025-10-17 10:00:00,APXMIDP,80.65,1836.1
2025-10-17 10:30:00,APXMIDP,85.07,2644.55
2025-10-17 11:00:00,APXMIDP,81.69,2434.15
2025-10-17 11:30:00,APXMIDP,82.54,2192.35
2025-10-17 12:00:00,APXMIDP,80.03,1795.95
2025-10-17 12:30:00,APXMIDP,78.38,1528.0
2025-10-17 13:00:00,APXMIDP,75.37,2150.35
2025-10-17 13:30:00,APXMIDP,74.25,2272.8
2025-10-17 14:00:00,APXMIDP,78.25,2364.15
2025-10-17 14:30:00,APXMIDP,78.38,2584.6
2025-10-17 15:00:00,APXMIDP,89.87,1891.75
2025-10-17 15:30:00,APXMIDP,100.59,2012.5
2025-10-17 16:00:00,APXMIDP,105.71,2486.95
2025-10-17 16:30:00,APXMIDP,107.15,2247.7
2025-10-17 17:00:00,APXMIDP,117.31,2816.5
2025-10-17 17:30:00,APXMIDP,120.69,2681.9
2025-10-17 18:00:00,APXMIDP,112.21,2624.25
2025-10-17 18:30:00,APXMIDP,107.27,2270.5
2025-10-17 19:00:00,APXMIDP,101.54,2456.85
2025-10-17 19:30:00,APXMIDP,91.9,2313.05
2025-10-17 20:00:00,APXMIDP,89.51,2473.1
2025-10-17 20:30:00,APXMIDP,83.76,2346.1
2025-10-17 21:00:00,APXMIDP,86.79,2007.6
2025-10-17 21:30:00,APXMIDP,80.79,2450.35
2025-10-17 22:00:00,APXMIDP,79.36,1682.35
2025-10-17 22:30:00,APXMIDP,84.51,1418.8
2025-10-17 23:00:00,APXMIDP,84.24,1399.25
2025-10-17 23:30:00,APXMIDP,79.53,1268.4
2025-10-18 00:00:00,APXMIDP,84.91,1460.05
2025-10-18 00:30:00,APXMIDP,85.96,1225.25
2025-10-18 01:00:00,APXMIDP,83.38,1704.75
2025-10-18 01:30:00,APXMIDP,78.59,1517.95
2025-10-18 02:00:00,APXMIDP,78.74,1126.5
2025-10-18 02:30:00,APXMIDP,75.82,1121.25
2025-10-18 03:00:00,APXMIDP,75.72,933.9
2025-10-18 03:30:00,APXMIDP,73.86,917.45
2025-10-18 04:00:00,APXMIDP,74.67,947.25
2025-10-18 04:30:00,APXMIDP,73.56,925.55
2025-10-18 05:00:00,APXMIDP,80.08,1000.05
2025-10-18 05:30:00,APXMIDP,86.41,1128.95
2025-10-18 06:00:00,APXMIDP,84.15,1087.7
2025-10-18 06:30:00,APXMIDP,92.84,1492.15
2025-10-18 07:00:00,APXMIDP,86.22,1300.35
2025-10-18 07:30:00,APXMIDP,88.98,1654.0
2025-10-18 08:00:00,APXMIDP,87.32,1162.95
2025-10-18 08:30:00,APXMIDP,92.42,1331.5
2025-10-18 09:00:00,APXMIDP,95.94,1314.15
2025-10-18 09:30:00,APXMIDP,93.07,1407.7
2025-10-18 10:00:00,APXMIDP,86.43,1664.35
2025-10-18 10:30:00,APXMIDP,82.47,1568.35
2025-10-18 11:00:00,APXMIDP,83.6,1574.05
2025-10-18 11:30:00,APXMIDP,85.74,1627.35
2025-10-18 12:00:00,APXMIDP,87.31,1778.0
2025-10-18 12:30:00,APXMIDP,86.29,2053.25
2025-10-18 13:00:00,APXMIDP,83.32,2633.1
2025-10-18 13:30:00,APXMIDP,82.82,3027.6
2025-10-18 14:00:00,APXMIDP,85.11,2411.9
2025-10-18 14:30:00,APXMIDP,81.38,2458.8
2025-10-18 15:00:00,APXMIDP,93.18,2113.95
2025-10-18 15:30:00,APXMIDP,99.43,1815.85
2025-10-18 16:00:00,APXMIDP,105.06,2286.75
2025-10-18 16:30:00,APXMIDP,105.56,2270.9
2025-10-18 17:00:00,APXMIDP,109.86,2128.35
2025-10-18 17:30:00,APXMIDP,108.17,2187.5
2025-10-18 18:00:00,APXMIDP,90.31,2467.75
2025-10-18 18:30:00,APXMIDP,76.93,2199.55
2025-10-18 19:00:00,APXMIDP,72.02,1960.95
2025-10-18 19:30:00,APXMIDP,70.41,2159.25
2025-10-18 20:00:00,APXMIDP,75.71,1847.1
2025-10-18 20:30:00,APXMIDP,79.59,1798.8
2025-10-18 21:00:00,APXMIDP,80.86,1867.6
2025-10-18 21:30:00,APXMIDP,78.19,2141.6
2025-10-18 22:00:00,APXMIDP,81.22,1751.15
2025-10-18 22:30:00,APXMIDP,71.98,1492.15
2025-10-18 23:00:00,APXMIDP,69.3,1487.8
2025-10-18 23:30:00,APXMIDP,68.91,1545.2
2025-10-19 00:00:00,APXMIDP,63.12,1565.15
2025-10-19 00:30:00,APXMIDP,61.16,1909.0
2025-10-19 01:00:00,APXMIDP,61.06,1975.7
2025-10-19 01:30:00,APXMIDP,60.38,1657.2
2025-10-19 02:00:00,APXMIDP,57.45,1353.15
2025-10-19 02:30:00,APXMIDP,56.17,1575.8
2025-10-19 03:00:00,APXMIDP,60.51,1567.35
2025-10-19 03:30:00,APXMIDP,59.64,1491.7
2025-10-19 04:00:00,APXMIDP,61.22,1659.35
2025-10-19 04:30:00,APXMIDP,66.08,1722.0
2025-10-19 05:00:00,APXMIDP,66.64,1589.2
2025-10-19 05:30:00,APXMIDP,70.68,1796.35
2025-10-19 06:00:00,APXMIDP,71.58,1812.2
2025-10-19 06:30:00,APXMIDP,76.11,2035.95
2025-10-19 07:00:00,APXMIDP,66.52,2167.3
2025-10-19 07:30:00,APXMIDP,70.97,2327.6
2025-10-19 08:00:00,APXMIDP,60.72,2517.55
2025-10-19 08:30:00,APXMIDP,59.16,2608.35
2025-10-19 09:00:00,APXMIDP,47.19,2833.9
2025-10-19 09:30:00,APXMIDP,46.95,3057.25
2025-10-19 10:00:00,APXMIDP,52.41,2276.4
2025-10-19 10:30:00,APXMIDP,55.29,2190.55
2025-10-19 11:00:00,APXMIDP,55.09,2116.35
2025-10-19 11:30:00,APXMIDP,56.63,2088.55
2025-10-19 12:00:00,APXMIDP,57.9,1956.65
2025-10-19 12:30:00,APXMIDP,59.91,1951.8
2025-10-19 13:00:00,APXMIDP,59.65,2871.6
2025-10-19 13:30:00,APXMIDP,55.85,2847.35
2025-10-19 14:00:00,APXMIDP,74.01,2232.55
2025-10-19 14:30:00,APXMIDP,81.03,2028.75
2025-10-19 15:00:00,APXMIDP,90.41,1852.8
2025-10-19 15:30:00,APXMIDP,92.62,2598.25
2025-10-19 16:00:00,APXMIDP,93.35,2330.45
2025-10-19 16:30:00,APXMIDP,94.53,2483.05
2025-10-19 17:00:00,APXMIDP,90.34,2625.35
2025-10-19 17:30:00,APXMIDP,92.0,2535.95
2025-10-19 18:00:00,APXMIDP,80.65,2409.7
2025-10-19 18:30:00,APXMIDP,75.93,2028.45
2025-10-19 19:00:00,APXMIDP,79.16,2183.25
2025-10-19 19:30:00,APXMIDP,69.18,2155.75
2025-10-19 20:00:00,APXMIDP,60.59,2315.2
2025-10-19 20:30:00,APXMIDP,51.48,2399.8
2025-10-19 21:00:00,APXMIDP,52.38,2897.05
2025-10-19 21:30:00,APXMIDP,48.43,2676.45
2025-10-19 22:00:00,APXMIDP,42.16,1806.25
2025-10-19 22:30:00,APXMIDP,44.63,2354.5
2025-10-19 23:00:00,APXMIDP,46.81,1790.4
2025-10-19 23:30:00,APXMIDP,48.1,1666.05
2025-10-20 00:00:00,APXMIDP,46.74,1812.45
2025-10-20 00:30:00,APXMIDP,50.13,1522.95
2025-10-20 01:00:00,APXMIDP,54.07,2054.7
2025-10-20 01:30:00,APXMIDP,60.72,1931.75
2025-10-20 02:00:00,APXMIDP,68.02,2023.65
2025-10-20 02:30:00,APXMIDP,65.75,1921.95
2025-10-20 03:00:00,APXMIDP,68.29,1900.35
2025-10-20 03:30:00,APXMIDP,68.06,1961.2
2025-10-20 04:00:00,APXMIDP,71.63,1761.15
2025-10-20 04:30:00,APXMIDP,70.55,1940.95
2025-10-20 05:00:00,APXMIDP,75.55,1896.8
2025-10-20 05:30:00,APXMIDP,68.26,2462.7
2025-10-20 06:00:00,APXMIDP,69.66,2121.55
2025-10-20 06:30:00,APXMIDP,74.13,2649.5
2025-10-20 07:00:00,APXMIDP,75.87,1889.65
2025-10-20 07:30:00,APXMIDP,80.71,2158.75
2025-10-20 08:00:00,APXMIDP,83.55,2517.55
2025-10-20 08:30:00,APXMIDP,90.11,2745.05
2025-10-20 09:00:00,APXMIDP,82.93,2684.45
2025-10-20 09:30:00,APXMIDP,83.33,2324.85
2025-10-20 10:00:00,APXMIDP,76.67,2487.5
2025-10-20 10:30:00,APXMIDP,76.75,2543.6
2025-10-20 11:00:00,APXMIDP,68.82,3162.5
2025-10-20 11:30:00,APXMIDP,72.86,3292.9
2025-10-20 12:00:00,APXMIDP,70.67,2832.65
2025-10-20 12:30:00,APXMIDP,68.02,2769.25
2025-10-20 13:00:00,APXMIDP,72.2,2964.7
2025-10-20 13:30:00,APXMIDP,72.87,2664.0
2025-10-20 14:00:00,APXMIDP,74.15,1875.85
2025-10-20 14:30:00,APXMIDP,78.85,1797.7
2025-10-20 15:00:00,APXMIDP,81.07,2337.2
2025-10-20 15:30:00,APXMIDP,92.97,2784.8
2025-10-20 16:00:00,APXMIDP,97.65,2740.3
2025-10-20 16:30:00,APXMIDP,99.02,3037.4
2025-10-20 17:00:00,APXMIDP,98.9,2664.3
2025-10-20 17:30:00,APXMIDP,101.75,2733.65
2025-10-20 18:00:00,APXMIDP,102.16,2248.4
2025-10-20 18:30:00,APXMIDP,100.63,1919.2
2025-10-20 19:00:00,APXMIDP,98.49,1818.5
2025-10-20 19:30:00,APXMIDP,95.11,1277.45
2025-10-20 20:00:00,APXMIDP,90.95,1188.65
2025-10-20 20:30:00,APXMIDP,89.17,1110.05
2025-10-20 21:00:00,APXMIDP,88.08,1156.8
2025-10-20 21:30:00,APXMIDP,85.04,1387.65
2025-10-20 22:00:00,APXMIDP,98.74,457.1
2025-10-20 22:30:00,APXMIDP,94.89,654.65
2025-10-20 23:00:00,APXMIDP,93.34,1248.3
2025-10-20 23:30:00,APXMIDP,86.61,989.3
2025-10-21 00:00:00,APXMIDP,84.82,1040.4
2025-10-21 00:30:00,APXMIDP,81.89,980.4
2025-10-21 01:00:00,APXMIDP,78.11,1400.0
2025-10-21 01:30:00,APXMIDP,74.41,1200.3
2025-10-21 02:00:00,APXMIDP,69.71,1552.85
2025-10-21 02:30:00,APXMIDP,66.96,1214.65
2025-10-21 03:00:00,APXMIDP,61.66,1480.1
2025-10-21 03:30:00,APXMIDP,59.19,1538.8
2025-10-21 04:00:00,APXMIDP,62.38,1583.85
2025-10-21 04:30:00,APXMIDP,66.57,1934.7
2025-10-21 05:00:00,APXMIDP,64.42,1630.6
2025-10-21 05:30:00,APXMIDP,64.72,2371.0
2025-10-21 06:00:00,APXMIDP,80.28,2643.45
2025-10-21 06:30:00,APXMIDP,91.89,2357.05
2025-10-21 07:00:00,APXMIDP,99.18,2757.4
2025-10-21 07:30:00,APXMIDP,99.45,2790.85
2025-10-21 08:00:00,APXMIDP,88.49,3065.15
2025-10-21 08:30:00,APXMIDP,83.65,2768.5
2025-10-21 09:00:00,APXMIDP,84.44,3249.05
2025-10-21 09:30:00,APXMIDP,84.34,2686.65
2025-10-21 10:00:00,APXMIDP,80.3,2709.2
2025-10-21 10:30:00,APXMIDP,81.45,2462.55
2025-10-21 11:00:00,APXMIDP,86.12,2365.5
2025-10-21 11:30:00,APXMIDP,85.38,2538.85
2025-10-21 12:00:00,APXMIDP,82.0,3239.2
2025-10-21 12:30:00,APXMIDP,78.45,3066.85
2025-10-21 13:00:00,APXMIDP,79.78,3252.1
2025-10-21 13:30:00,APXMIDP,81.66,4065.65
2025-10-21 14:00:00,APXMIDP,84.86,3543.25
2025-10-21 14:30:00,APXMIDP,86.02,3111.6
2025-10-21 15:00:00,APXMIDP,82.64,2942.4
2025-10-21 15:30:00,APXMIDP,87.6,3301.4
2025-10-21 16:00:00,APXMIDP,94.54,2861.6
2025-10-21 16:30:00,APXMIDP,100.81,2900.85
2025-10-21 17:00:00,APXMIDP,103.08,2748.45
2025-10-21 17:30:00,APXMIDP,103.3,2887.45
2025-10-21 18:00:00,APXMIDP,90.87,2943.05
2025-10-21 18:30:00,APXMIDP,85.99,3105.1
2025-10-21 19:00:00,APXMIDP,75.76,2852.15
2025-10-21 19:30:00,APXMIDP,72.86,2959.0
2025-10-21 20:00:00,APXMIDP,75.14,2355.35
2025-10-21 20:30:00,APXMIDP,67.2,2281.3
2025-10-21 21:00:00,APXMIDP,68.25,2680.25
2025-10-21 21:30:00,APXMIDP,64.5,3306.35
2025-10-21 22:00:00,APXMIDP,55.67,1992.75
2025-10-21 22:30:00,APXMIDP,51.14,2024.85
2025-10-21 23:00:00,APXMIDP,53.44,1871.5
2025-10-21 23:30:00,APXMIDP,55.06,2372.45
2025-10-22 00:00:00,APXMIDP,56.01,2232.9
2025-10-22 00:30:00,APXMIDP,59.17,2423.9
2025-10-22 01:00:00,APXMIDP,61.9,2074.25
2025-10-22 01:30:00,APXMIDP,62.23,2175.05
2025-10-22 02:00:00,APXMIDP,59.1,1860.5
2025-10-22 02:30:00,APXMIDP,59.28,1974.0
2025-10-22 03:00:00,APXMIDP,59.71,2004.2
2025-10-22 03:30:00,APXMIDP,55.93,1980.7
2025-10-22 04:00:00,APXMIDP,57.63,1764.8
2025-10-22 04:30:00,APXMIDP,57.36,1364.6
2025-10-22 05:00:00,APXMIDP,70.88,2498.95
2025-10-22 05:30:00,APXMIDP,62.25,2028.05
2025-10-22 06:00:00,APXMIDP,71.66,2861.6
2025-10-22 06:30:00,APXMIDP,77.9,2448.05
2025-10-22 07:00:00,APXMIDP,85.29,2614.65
2025-10-22 07:30:00,APXMIDP,90.01,2503.25
2025-10-22 08:00:00,APXMIDP,85.33,2544.35
2025-10-22 08:30:00,APXMIDP,84.97,2274.95
2025-10-22 09:00:00,APXMIDP,81.67,2233.75
2025-10-22 09:30:00,APXMIDP,79.72,2392.8
2025-10-22 10:00:00,APXMIDP,74.18,2890.95
2025-10-22 10:30:00,APXMIDP,72.75,2892.65
2025-10-22 11:00:00,APXMIDP,70.81,3071.1
2025-10-22 11:30:00,APXMIDP,71.26,3547.25
2025-10-22 12:00:00,APXMIDP,72.18,3021.35
2025-10-22 12:30:00,APXMIDP,75.89,2929.3
2025-10-22 13:00:00,APXMIDP,86.68,3367.0
2025-10-22 13:30:00,APXMIDP,90.34,4087.0
2025-10-22 14:00:00,APXMIDP,121.71,3101.7
2025-10-22 14:30:00,APXMIDP,134.91,4214.0
2025-10-22 15:00:00,APXMIDP,138.31,4202.45
2025-10-22 15:30:00,APXMIDP,164.86,5070.7
2025-10-22 16:00:00,APXMIDP,246.43,5587.6
2025-10-22 16:30:00,APXMIDP,255.2,5424.95
2025-10-22 17:00:00,APXMIDP,252.44,5402.55
2025-10-22 17:30:00,APXMIDP,249.93,5406.95
2025-10-22 18:00:00,APXMIDP,132.99,4802.7
2025-10-22 18:30:00,APXMIDP,121.14,4992.95
2025-10-22 19:00:00,APXMIDP,104.79,4408.55
2025-10-22 19:30:00,APXMIDP,99.69,3954.8
2025-10-22 20:00:00,APXMIDP,89.0,2906.0
2025-10-22 20:30:00,APXMIDP,85.3,2714.5
2025-10-22 21:00:00,APXMIDP,84.02,3131.05
2025-10-22 21:30:00,APXMIDP,81.01,3734.2
2025-10-22 22:00:00,APXMIDP,82.7,2360.85
2025-10-22 22:30:00,APXMIDP,86.26,2917.9
2025-10-22 23:00:00,APXMIDP,82.85,2071.0
2025-10-22 23:30:00,APXMIDP,83.55,1955.75
2025-10-23 00:00:00,APXMIDP,83.18,1715.2
2025-10-23 00:30:00,APXMIDP,80.15,1778.2
2025-10-23 01:00:00,APXMIDP,80.76,1813.05
2025-10-23 01:30:00,APXMIDP,79.75,2010.2
2025-10-23 02:00:00,APXMIDP,82.3,2048.95
2025-10-23 02:30:00,APXMIDP,79.46,2099.95
2025-10-23 03:00:00,APXMIDP,75.98,2047.85
2025-10-23 03:30:00,APXMIDP,70.11,2074.75
2025-10-23 04:00:00,APXMIDP,64.52,2334.0
2025-10-23 04:30:00,APXMIDP,66.27,2405.35
2025-10-23 05:00:00,APXMIDP,70.75,3106.45
2025-10-23 05:30:00,APXMIDP,73.61,3213.85
2025-10-23 06:00:00,APXMIDP,87.82,2742.7
2025-10-23 06:30:00,APXMIDP,94.01,3072.3
2025-10-23 07:00:00,APXMIDP,93.7,2443.15
2025-10-23 07:30:00,APXMIDP,91.9,2518.75
2025-10-23 08:00:00,APXMIDP,87.55,2875.3
2025-10-23 08:30:00,APXMIDP,82.26,2814.4
2025-10-23 09:00:00,APXMIDP,83.58,3178.6
2025-10-23 09:30:00,APXMIDP,84.62,3515.15
2025-10-23 10:00:00,APXMIDP,78.46,3425.35
2025-10-23 10:30:00,APXMIDP,67.66,3281.4
2025-10-23 11:00:00,APXMIDP,72.66,3407.25
2025-10-23 11:30:00,APXMIDP,71.07,3552.15
2025-10-23 12:00:00,APXMIDP,71.13,3209.35
2025-10-23 12:30:00,APXMIDP,67.01,3761.45
2025-10-23 13:00:00,APXMIDP,63.94,3811.1
2025-10-23 13:30:00,APXMIDP,66.21,4035.95
2025-10-23 14:00:00,APXMIDP,67.06,3612.55
2025-10-23 14:30:00,APXMIDP,72.88,3569.65
2025-10-23 15:00:00,APXMIDP,68.69,2866.7
2025-10-23 15:30:00,APXMIDP,86.63,3688.0
2025-10-23 16:00:00,APXMIDP,79.11,4313.35
2025-10-23 16:30:00,APXMIDP,82.92,4345.1
2025-10-23 17:00:00,APXMIDP,83.17,4018.35
2025-10-23 17:30:00,APXMIDP,85.51,4114.75
2025-10-23 18:00:00,APXMIDP,83.01,4078.55
2025-10-23 18:30:00,APXMIDP,79.68,3425.3
2025-10-23 19:00:00,APXMIDP,81.2,3643.45
2025-10-23 19:30:00,APXMIDP,73.52,3533.15
2025-10-23 20:00:00,APXMIDP,62.81,2991.95
2025-10-23 20:30:00,APXMIDP,33.37,2470.95
2025-10-23 21:00:00,APXMIDP,29.96,3307.25
2025-10-23 21:30:00,APXMIDP,23.56,3519.75
2025-10-23 22:00:00,APXMIDP,4.24,2304.3
2025-10-23 22:30:00,APXMIDP,-0.48,2185.85
2025-10-23 23:00:00,APXMIDP,0.36,2105.05
2025-10-23 23:30:00,APXMIDP,-0.12,2028.65
2025-10-24 00:00:00,APXMIDP,-1.18,1924.4
2025-10-24 00:30:00,APXMIDP,-1.55,1997.9
2025-10-24 01:00:00,APXMIDP,-1.75,1952.7
2025-10-24 01:30:00,APXMIDP,-1.63,1919.25
2025-10-24 02:00:00,APXMIDP,-0.89,2081.1
2025-10-24 02:30:00,APXMIDP,-0.43,1826.9
2025-10-24 03:00:00,APXMIDP,4.91,2199.95
2025-10-24 03:30:00,APXMIDP,6.79,2297.3
2025-10-24 04:00:00,APXMIDP,14.27,2654.7
2025-10-24 04:30:00,APXMIDP,28.6,2844.5
2025-10-24 05:00:00,APXMIDP,58.58,3423.35
2025-10-24 05:30:00,APXMIDP,77.49,3015.35
2025-10-24 06:00:00,APXMIDP,95.92,2896.45
2025-10-24 06:30:00,APXMIDP,102.43,3795.85
2025-10-24 07:00:00,APXMIDP,100.35,2786.55
2025-10-24 07:30:00,APXMIDP,98.9,2877.0
2025-10-24 08:00:00,APXMIDP,95.08,2607.7
2025-10-24 08:30:00,APXMIDP,90.96,2979.25
2025-10-24 09:00:00,APXMIDP,80.93,2703.85
2025-10-24 09:30:00,APXMIDP,68.24,2565.4
2025-10-24 10:00:00,APXMIDP,38.12,2018.55
2025-10-24 10:30:00,APXMIDP,22.62,2927.45
2025-10-24 11:00:00,APXMIDP,24.03,2476.45
2025-10-24 11:30:00,APXMIDP,20.84,2484.1
2025-10-24 12:00:00,APXMIDP,17.24,2479.9
2025-10-24 12:30:00,APXMIDP,14.5,2889.25
2025-10-24 13:00:00,APXMIDP,16.72,2645.9
2025-10-24 13:30:00,APXMIDP,17.32,3023.2
2025-10-24 14:00:00,APXMIDP,30.0,2946.1
2025-10-24 14:30:00,APXMIDP,45.2,3493.65
2025-10-24 15:00:00,APXMIDP,52.16,3021.45
2025-10-24 15:30:00,APXMIDP,59.16,3144.4
2025-10-24 16:00:00,APXMIDP,72.87,3161.9
2025-10-24 16:30:00,APXMIDP,74.69,3099.4
2025-10-24 17:00:00,APXMIDP,82.7,3646.8
2025-10-24 17:30:00,APXMIDP,86.82,3672.6
2025-10-24 18:00:00,APXMIDP,77.62,3478.75
2025-10-24 18:30:00,APXMIDP,57.51,2434.05
2025-10-24 19:00:00,APXMIDP,57.3,3081.05
2025-10-24 19:30:00,APXMIDP,32.19,2604.1
2025-10-24 20:00:00,APXMIDP,30.01,2892.75
2025-10-24 20:30:00,APXMIDP,16.76,2704.9
2025-10-24 21:00:00,APXMIDP,34.04,3340.55
2025-10-24 21:30:00,APXMIDP,10.62,2924.55
2025-10-24 22:00:00,APXMIDP,5.68,2313.25
2025-10-24 22:30:00,APXMIDP,-0.72,2284.8
2025-10-24 23:00:00,APXMIDP,-0.57,2602.25
2025-10-24 23:30:00,APXMIDP,0.38,2009.15
2025-10-25 00:00:00,APXMIDP,6.97,1995.2
2025-10-25 00:30:00,APXMIDP,7.19,2039.35
2025-10-25 01:00:00,APXMIDP,4.29,2207.3
2025-10-25 01:30:00,APXMIDP,3.79,2379.95
2025-10-25 02:00:00,APXMIDP,5.96,2264.35
2025-10-25 02:30:00,APXMIDP,1.91,2138.35
2025-10-25 03:00:00,APXMIDP,2.32,2058.5
2025-10-25 03:30:00,APXMIDP,1.72,2235.45
2025-10-25 04:00:00,APXMIDP,4.72,1970.0
2025-10-25 04:30:00,APXMIDP,4.48,1937.15
2025-10-25 05:00:00,APXMIDP,6.87,1773.5
2025-10-25 05:30:00,APXMIDP,9.92,2103.3
2025-10-25 06:00:00,APXMIDP,3.55,2012.15
2025-10-25 06:30:00,APXMIDP,10.99,1970.25
2025-10-25 07:00:00,APXMIDP,8.11,2325.7
2025-10-25 07:30:00,APXMIDP,10.08,2282.75
2025-10-25 08:00:00,APXMIDP,9.56,1839.7
2025-10-25 08:30:00,APXMIDP,12.36,1956.95
2025-10-25 09:00:00,APXMIDP,13.09,2647.7
2025-10-25 09:30:00,APXMIDP,6.76,1951.45
2025-10-25 10:00:00,APXMIDP,6.09,2048.05
2025-10-25 10:30:00,APXMIDP,4.72,2394.2
2025-10-25 11:00:00,APXMIDP,5.85,2516.85
2025-10-25 11:30:00,APXMIDP,5.05,2686.75
2025-10-25 12:00:00,APXMIDP,10.97,2526.2
2025-10-25 12:30:00,APXMIDP,11.77,2660.85
2025-10-25 13:00:00,APXMIDP,10.48,2681.35
2025-10-25 13:30:00,APXMIDP,10.14,2691.2
2025-10-25 14:00:00,APXMIDP,14.25,2215.3
2025-10-25 14:30:00,APXMIDP,17.46,2300.35
2025-10-25 15:00:00,APXMIDP,13.97,2254.55
2025-10-25 15:30:00,APXMIDP,43.6,2345.0
2025-10-25 16:00:00,APXMIDP,68.05,2638.75
2025-10-25 16:30:00,APXMIDP,82.98,2273.3
2025-10-25 17:00:00,APXMIDP,85.34,2601.55
2025-10-25 17:30:00,APXMIDP,88.88,3081.6
2025-10-25 18:00:00,APXMIDP,86.49,2004.85
2025-10-25 18:30:00,APXMIDP,79.0,2166.4
2025-10-25 19:00:00,APXMIDP,73.9,2610.4
2025-10-25 19:30:00,APXMIDP,48.7,2214.6
2025-10-25 20:00:00,APXMIDP,52.71,2324.7
2025-10-25 20:30:00,APXMIDP,40.32,2183.7
2025-10-25 21:00:00,APXMIDP,52.34,2476.6
2025-10-25 21:30:00,APXMIDP,26.15,2423.0
2025-10-25 22:00:00,APXMIDP,31.91,1799.65
2025-10-25 22:30:00,APXMIDP,25.03,1652.9
2025-10-25 23:00:00,APXMIDP,24.51,1605.2
2025-10-25 23:30:00,APXMIDP,21.2,1548.9
2025-10-26 00:00:00,APXMIDP,25.85,1760.55
2025-10-26 00:30:00,APXMIDP,35.77,2155.0
2025-10-26 01:00:00,APXMIDP,19.36,2222.0
2025-10-26 01:30:00,APXMIDP,15.64,1951.7
2025-10-26 02:00:00,APXMIDP,8.91,1626.45
2025-10-26 02:30:00,APXMIDP,5.9,2020.95
2025-10-26 03:00:00,APXMIDP,1.02,1940.95
2025-10-26 03:30:00,APXMIDP,0.21,1823.0
2025-10-26 04:00:00,APXMIDP,2.72,1839.65
2025-10-26 04:30:00,APXMIDP,4.25,2171.15
2025-10-26 05:00:00,APXMIDP,5.42,2331.35
2025-10-26 05:30:00,APXMIDP,9.22,2548.6
2025-10-26 06:00:00,APXMIDP,8.44,2309.3
2025-10-26 06:30:00,APXMIDP,19.86,2608.9
2025-10-26 07:00:00,APXMIDP,20.15,2321.45
2025-10-26 07:30:00,APXMIDP,23.69,2195.9
2025-10-26 08:00:00,APXMIDP,23.43,2252.9
2025-10-26 08:30:00,APXMIDP,35.14,2367.0
2025-10-26 09:00:00,APXMIDP,37.82,2066.85
2025-10-26 09:30:00,APXMIDP,41.1,2481.2
2025-10-26 10:00:00,APXMIDP,31.3,2593.7
2025-10-26 10:30:00,APXMIDP,31.76,2932.9
2025-10-26 11:00:00,APXMIDP,28.64,4119.9
2025-10-26 11:30:00,APXMIDP,26.42,4538.65
2025-10-26 12:00:00,APXMIDP,28.22,5702.85
2025-10-26 12:30:00,APXMIDP,38.68,5719.1
2025-10-26 13:00:00,APXMIDP,52.67,5399.6
2025-10-26 13:30:00,APXMIDP,54.93,5555.35
2025-10-26 14:00:00,APXMIDP,54.65,4330.55
2025-10-26 14:30:00,APXMIDP,54.37,4399.35
2025-10-26 15:00:00,APXMIDP,63.52,3249.8
2025-10-26 15:30:00,APXMIDP,61.5,3262.2
2025-10-26 16:00:00,APXMIDP,53.04,3239.85
2025-10-26 16:30:00,APXMIDP,54.91,3941.35
2025-10-26 17:00:00,APXMIDP,69.92,3402.6
2025-10-26 17:30:00,APXMIDP,70.05,3464.7
2025-10-26 18:00:00,APXMIDP,65.84,3898.35
2025-10-26 18:30:00,APXMIDP,59.87,3417.1
2025-10-26 19:00:00,APXMIDP,22.61,3263.45
2025-10-26 19:30:00,APXMIDP,17.0,2727.3
2025-10-26 20:00:00,APXMIDP,14.54,2547.45
2025-10-26 20:30:00,APXMIDP,3.23,2637.8
2025-10-26 21:00:00,APXMIDP,3.85,2222.8
2025-10-26 21:30:00,APXMIDP,-4.03,2238.55
2025-10-26 22:00:00,APXMIDP,-4.65,2819.95
2025-10-26 22:30:00,APXMIDP,-10.53,2985.4
2025-10-26 23:00:00,APXMIDP,-4.0,2174.45
2025-10-26 23:30:00,APXMIDP,-4.68,2145.3
2025-10-27 00:00:00,APXMIDP,-6.43,1717.6
2025-10-27 00:30:00,APXMIDP,-4.02,1930.1
2025-10-27 01:00:00,APXMIDP,-6.4,1638.9
2025-10-27 01:30:00,APXMIDP,-8.31,1784.8
2025-10-27 02:00:00,APXMIDP,-8.17,1905.8
2025-10-27 02:30:00,APXMIDP,-9.0,1717.75
2025-10-27 03:00:00,APXMIDP,-12.16,2001.35
2025-10-27 03:30:00,APXMIDP,-14.22,1723.9
2025-10-27 04:00:00,APXMIDP,-15.55,2305.05
2025-10-27 04:30:00,APXMIDP,-14.32,2153.45
2025-10-27 05:00:00,APXMIDP,-4.76,2617.35
2025-10-27 05:30:00,APXMIDP,16.39,3164.2
2025-10-27 06:00:00,APXMIDP,25.94,3241.3
2025-10-27 06:30:00,APXMIDP,67.79,3359.65
2025-10-27 07:00:00,APXMIDP,60.19,1991.35
2025-10-27 07:30:00,APXMIDP,84.31,2121.0
2025-10-27 08:00:00,APXMIDP,78.36,2035.4
2025-10-27 08:30:00,APXMIDP,80.88,2373.05
2025-10-27 09:00:00,APXMIDP,81.21,2745.7
2025-10-27 09:30:00,APXMIDP,73.8,2980.0
2025-10-27 10:00:00,APXMIDP,73.16,2841.05
2025-10-27 10:30:00,APXMIDP,74.87,3095.2
2025-10-27 11:00:00,APXMIDP,53.28,3384.1
2025-10-27 11:30:00,APXMIDP,52.95,4118.9
2025-10-27 12:00:00,APXMIDP,58.78,3298.1
2025-10-27 12:30:00,APXMIDP,65.82,3496.0
2025-10-27 13:00:00,APXMIDP,64.89,2993.4
2025-10-27 13:30:00,APXMIDP,67.28,3389.55
2025-10-27 14:00:00,APXMIDP,71.85,3631.3
2025-10-27 14:30:00,APXMIDP,79.33,4499.9
2025-10-27 15:00:00,APXMIDP,89.04,3610.15
2025-10-27 15:30:00,APXMIDP,93.73,4143.75
2025-10-27 16:00:00,APXMIDP,98.83,3056.25
2025-10-27 16:30:00,APXMIDP,111.96,3345.15
2025-10-27 17:00:00,APXMIDP,111.69,3968.05
2025-10-27 17:30:00,APXMIDP,108.41,3283.0
2025-10-27 18:00:00,APXMIDP,103.79,3714.05
2025-10-27 18:30:00,APXMIDP,102.85,3633.45
2025-10-27 19:00:00,APXMIDP,93.43,3078.85
2025-10-27 19:30:00,APXMIDP,84.55,2835.25
2025-10-27 20:00:00,APXMIDP,81.22,2180.75
2025-10-27 20:30:00,APXMIDP,78.39,2677.4
2025-10-27 21:00:00,APXMIDP,79.74,2214.9
2025-10-27 21:30:00,APXMIDP,71.45,1926.05
2025-10-27 22:00:00,APXMIDP,76.02,2812.95
2025-10-27 22:30:00,APXMIDP,60.27,2704.5
2025-10-27 23:00:00,APXMIDP,37.33,2531.0
2025-10-27 23:30:00,APXMIDP,20.57,1900.15
2025-10-28 00:00:00,APXMIDP,21.71,2216.05
2025-10-28 00:30:00,APXMIDP,10.75,1827.85
2025-10-28 01:00:00,APXMIDP,7.99,2072.8
2025-10-28 01:30:00,APXMIDP,0.49,1970.5
2025-10-28 02:00:00,APXMIDP,1.48,2075.05
2025-10-28 02:30:00,APXMIDP,0.87,2505.65
2025-10-28 03:00:00,APXMIDP,6.85,2596.6
2025-10-28 03:30:00,APXMIDP,2.21,2584.05
2025-10-28 04:00:00,APXMIDP,5.53,2506.1
2025-10-28 04:30:00,APXMIDP,2.96,2487.9
2025-10-28 05:00:00,APXMIDP,22.68,2608.2
2025-10-28 05:30:00,APXMIDP,37.78,2951.9
2025-10-28 06:00:00,APXMIDP,29.52,2992.1
2025-10-28 06:30:00,APXMIDP,68.71,3378.35
2025-10-28 07:00:00,APXMIDP,68.38,2747.8
2025-10-28 07:30:00,APXMIDP,74.05,3361.05
2025-10-28 08:00:00,APXMIDP,54.84,2795.3
2025-10-28 08:30:00,APXMIDP,57.55,3216.95
2025-10-28 09:00:00,APXMIDP,51.7,3741.6
2025-10-28 09:30:00,APXMIDP,41.65,3379.85
2025-10-28 10:00:00,APXMIDP,39.15,3739.8
2025-10-28 10:30:00,APXMIDP,35.15,3483.05
2025-10-28 11:00:00,APXMIDP,35.14,4101.9
2025-10-28 11:30:00,APXMIDP,34.39,3649.2
2025-10-28 12:00:00,APXMIDP,28.82,4068.2
2025-10-28 12:30:00,APXMIDP,30.52,3990.25
2025-10-28 13:00:00,APXMIDP,40.72,3849.1
2025-10-28 13:30:00,APXMIDP,44.92,4281.55
2025-10-28 14:00:00,APXMIDP,45.24,4327.2
2025-10-28 14:30:00,APXMIDP,49.97,4007.75
2025-10-28 15:00:00,APXMIDP,72.54,3970.0
2025-10-28 15:30:00,APXMIDP,67.6,4106.05
2025-10-28 16:00:00,APXMIDP,73.84,3837.2
2025-10-28 16:30:00,APXMIDP,93.12,4394.05
2025-10-28 17:00:00,APXMIDP,104.63,3748.35
2025-10-28 17:30:00,APXMIDP,103.58,3919.2
2025-10-28 18:00:00,APXMIDP,96.28,4512.1
2025-10-28 18:30:00,APXMIDP,98.03,3373.9
2025-10-28 19:00:00,APXMIDP,90.39,2979.95
2025-10-28 19:30:00,APXMIDP,81.46,2877.5
2025-10-28 20:00:00,APXMIDP,83.33,2547.75
2025-10-28 20:30:00,APXMIDP,87.5,2470.6
2025-10-28 21:00:00,APXMIDP,76.63,2247.35
2025-10-28 21:30:00,APXMIDP,58.69,2289.15
2025-10-28 22:00:00,APXMIDP,70.01,1985.95
2025-10-28 22:30:00,APXMIDP,54.58,2029.25
2025-10-28 23:00:00,APXMIDP,50.56,2011.8
2025-10-28 23:30:00,APXMIDP,43.81,2017.7
2025-10-29 00:00:00,APXMIDP,47.59,2362.8
2025-10-29 00:30:00,APXMIDP,49.68,2831.15
2025-10-29 01:00:00,APXMIDP,42.61,2713.85
2025-10-29 01:30:00,APXMIDP,33.06,2777.3
2025-10-29 02:00:00,APXMIDP,27.42,2761.95
2025-10-29 02:30:00,APXMIDP,20.57,2854.95
2025-10-29 03:00:00,APXMIDP,29.62,3070.2
2025-10-29 03:30:00,APXMIDP,31.34,2868.35
2025-10-29 04:00:00,APXMIDP,26.99,2808.9
2025-10-29 04:30:00,APXMIDP,20.96,2476.3
2025-10-29 05:00:00,APXMIDP,29.01,2388.2
2025-10-29 05:30:00,APXMIDP,39.95,2954.55
2025-10-29 06:00:00,APXMIDP,56.72,3583.55
2025-10-29 06:30:00,APXMIDP,67.86,3734.8
2025-10-29 07:00:00,APXMIDP,55.87,3113.0
2025-10-29 07:30:00,APXMIDP,72.99,3071.3
2025-10-29 08:00:00,APXMIDP,66.68,3489.55
2025-10-29 08:30:00,APXMIDP,70.94,3401.15
2025-10-29 09:00:00,APXMIDP,68.28,3014.2
2025-10-29 09:30:00,APXMIDP,74.44,3317.8
2025-10-29 10:00:00,APXMIDP,71.77,3551.75
2025-10-29 10:30:00,APXMIDP,74.92,3970.75
2025-10-29 11:00:00,APXMIDP,76.92,3523.2
2025-10-29 11:30:00,APXMIDP,80.73,3181.35
2025-10-29 12:00:00,APXMIDP,83.39,3379.5
2025-10-29 12:30:00,APXMIDP,83.27,3240.05
2025-10-29 13:00:00,APXMIDP,87.16,3560.45
2025-10-29 13:30:00,APXMIDP,80.9,4462.65
2025-10-29 14:00:00,APXMIDP,91.71,4166.1
2025-10-29 14:30:00,APXMIDP,88.77,5149.7
2025-10-29 15:00:00,APXMIDP,86.54,4412.85
2025-10-29 15:30:00,APXMIDP,92.07,4389.0
2025-10-29 16:00:00,APXMIDP,99.73,4460.75
2025-10-29 16:30:00,APXMIDP,107.44,4271.45
2025-10-29 17:00:00,APXMIDP,109.3,4101.0
2025-10-29 17:30:00,APXMIDP,109.26,4399.95
2025-10-29 18:00:00,APXMIDP,101.59,4570.5
2025-10-29 18:30:00,APXMIDP,99.81,4251.9
2025-10-29 19:00:00,APXMIDP,78.14,4477.5
2025-10-29 19:30:00,APXMIDP,82.29,4557.9
2025-10-29 20:00:00,APXMIDP,81.03,4001.85
2025-10-29 20:30:00,APXMIDP,78.9,3813.5
2025-10-29 21:00:00,APXMIDP,79.36,4009.95
2025-10-29 21:30:00,APXMIDP,80.82,4363.75
2025-10-29 22:00:00,APXMIDP,79.85,3769.5
2025-10-29 22:30:00,APXMIDP,77.42,4000.85
2025-10-29 23:00:00,APXMIDP,77.8,1978.35
2025-10-29 23:30:00,APXMIDP,73.23,2195.55
2025-10-30 00:00:00,APXMIDP,76.33,2644.6
2025-10-30 00:30:00,APXMIDP,78.11,2657.15
2025-10-30 01:00:00,APXMIDP,78.13,2761.1
2025-10-30 01:30:00,APXMIDP,76.16,2482.95
2025-10-30 02:00:00,APXMIDP,74.96,2142.65
2025-10-30 02:30:00,APXMIDP,74.94,2126.4
2025-10-30 03:00:00,APXMIDP,73.06,1733.2
2025-10-30 03:30:00,APXMIDP,72.1,2065.4
2025-10-30 04:00:00,APXMIDP,70.0,1870.85
2025-10-30 04:30:00,APXMIDP,68.73,2215.8
2025-10-30 05:00:00,APXMIDP,71.68,2007.05
2025-10-30 05:30:00,APXMIDP,65.55,2546.5
2025-10-30 06:00:00,APXMIDP,74.4,3112.1
2025-10-30 06:30:00,APXMIDP,73.41,3334.5
2025-10-30 07:00:00,APXMIDP,83.99,2629.8
2025-10-30 07:30:00,APXMIDP,92.13,2845.45
2025-10-30 08:00:00,APXMIDP,91.47,2392.45
2025-10-30 08:30:00,APXMIDP,89.97,2393.5
2025-10-30 09:00:00,APXMIDP,90.94,2491.1
2025-10-30 09:30:00,APXMIDP,86.49,2282.15
2025-10-30 10:00:00,APXMIDP,87.28,2373.65
2025-10-30 10:30:00,APXMIDP,84.08,2296.05
2025-10-30 11:00:00,APXMIDP,79.56,1960.0
2025-10-30 11:30:00,APXMIDP,78.88,1776.75
2025-10-30 12:00:00,APXMIDP,78.55,2009.0
2025-10-30 12:30:00,APXMIDP,79.06,2384.7
2025-10-30 13:00:00,APXMIDP,84.11,2671.4
2025-10-30 13:30:00,APXMIDP,79.11,2856.45
2025-10-30 14:00:00,APXMIDP,76.03,2783.3
2025-10-30 14:30:00,APXMIDP,74.42,3390.1
2025-10-30 15:00:00,APXMIDP,85.93,2887.8
2025-10-30 15:30:00,APXMIDP,78.83,2860.85
2025-10-30 16:00:00,APXMIDP,82.01,2750.9
2025-10-30 16:30:00,APXMIDP,81.23,2700.45
2025-10-30 17:00:00,APXMIDP,85.9,3033.25
2025-10-30 17:30:00,APXMIDP,82.86,3096.25
2025-10-30 18:00:00,APXMIDP,83.25,3349.25
2025-10-30 18:30:00,APXMIDP,84.09,3796.15
2025-10-30 19:00:00,APXMIDP,71.66,3210.35
2025-10-30 19:30:00,APXMIDP,72.63,3169.7
2025-10-30 20:00:00,APXMIDP,71.6,3109.35
2025-10-30 20:30:00,APXMIDP,65.76,3024.4
2025-10-30 21:00:00,APXMIDP,59.17,3169.05
2025-10-30 21:30:00,APXMIDP,42.95,3066.5
2025-10-30 22:00:00,APXMIDP,42.44,2860.7
2025-10-30 22:30:00,APXMIDP,25.43,3126.3
2025-10-30 23:00:00,APXMIDP,9.11,1703.65
2025-10-30 23:30:00,APXMIDP,2.14,2065.85
2025-10-31 00:00:00,APXMIDP,3.41,1905.25
