DATETIME,GAS,COAL,NUCLEAR,WIND,WIND_EMB,HYDRO,IMPORTS,BIOMASS,OTHER,SOLAR,STORAGE,GENERATION,CARBON_INTENSITY,LOW_CARBON,ZERO_CARBON,RENEWABLE,FOSSIL,GAS_perc,COAL_perc,NUCLEAR_perc,WIND_perc,WIND_EMB_perc,HYDRO_perc,IMPORTS_perc,BIOMASS_perc,OTHER_perc,SOLAR_perc,STORAGE_perc,GENERATION_perc,LOW_CARBON_perc,ZERO_CARBON_perc,RENEWABLE_perc,FOSSIL_perc,_DATE,REP_SEASON,REP_KIND,provider,price_GBP_per_MWh,volume_MWh,wholesale_price_GBP_per_MWh,delivered_uplift_GBP_per_MWh,grid_purchase_price_GBP_per_MWh,grid_purchase_price_GBP_per_kWh,price_source,price_provider_selected
2025-01-01 00:00:00,3711.0,0.0,5062.0,15799.0,5452.0,744.0,336.0,962.0,223.0,0.0,0.0,32289.0,51.0,28019.0,22567.0,21995.0,3711.0,11.5,0.0,15.7,48.9,16.9,2.3,1.0,3.0,0.7,0.0,0.0,100.0,86.8,85.2,68.1,11.5,2025-01-01,Winter,top10,APXMIDP,9.07,1470.95,9.07,0.0,9.07,0.00907,Elexon BMRS Market Index Data,APXMIDP
2025-01-01 00:30:00,3935.0,0.0,5059.0,15317.0,5410.0,745.0,318.0,1097.0,281.0,0.0,0.0,32162.0,55.0,27628.0,22232.0,21472.0,3935.0,12.2,0.0,15.7,47.6,16.8,2.3,1.0,3.4,0.9,0.0,0.0,100.0,85.9,88.8,66.8,12.2,2025-01-01,Winter,top10,APXMIDP,23.51,1792.8,23.51,0.0,23.51,0.023510000000000003,Elexon BMRS Market Index Data,APXMIDP
2025-01-01 01:00:00,3769.0,0.0,5056.0,14992.0,5358.0,744.0,481.0,1106.0,293.0,0.0,0.0,31799.0,54.0,27256.0,21907.0,21094.0,3769.0,11.9,0.0,15.9,47.1,16.8,2.3,1.5,3.5,0.9,0.0,0.0,100.0,85.7,89.0,66.3,11.9,2025-01-01,Winter,top10,APXMIDP,9.11,1900.55,9.11,0.0,9.11,0.00911,Elexon BMRS Market Index Data,APXMIDP
2025-01-01 01:30:00,3719.0,0.0,5057.0,14580.0,5236.0,745.0,454.0,1083.0,223.0,0.0,0.0,31097.0,54.0,26701.0,21465.0,20561.0,3719.0,12.0,0.0,16.3,46.9,16.8,2.4,1.5,3.5,0.7,0.0,0.0,100.0,85.9,89.0,66.1,12.0,2025-01-01,Winter,top10,APXMIDP,8.94,1891.0,8.94,0.0,8.94,0.00894,Elexon BMRS Market Index Data,APXMIDP
2025-01-01 02:00:00,3675.0,0.0,5057.0,14685.0,5115.0,737.0,286.0,1007.0,229.0,0.0,0.0,30791.0,53.0,26601.0,21486.0,20537.0,3675.0,11.9,0.0,16.4,47.7,16.6,2.4,0.9,3.3,0.7,0.0,0.0,100.0,86.4,88.9,66.7,11.9,2025-01-01,Winter,top10,APXMIDP,29.65,2141.6,29.65,0.0,29.65,0.02965,Elexon BMRS Market Index Data,APXMIDP
2025-01-01 02:30:00,3260.0,0.0,5054.0,15020.0,5068.0,757.0,272.0,818.0,241.0,0.0,0.0,30490.0,48.0,26717.0,21654.0,20845.0,3260.0,10.7,0.0,16.6,49.3,16.6,2.5,0.9,2.7,0.8,0.0,0.0,100.0,87.6,89.9,68.4,10.7,2025-01-01,Winter,top10,APXMIDP,17.91,1866.55,17.91,0.0,17.91,0.01791,Elexon BMRS Market Index Data,APXMIDP
2025-01-01 03:00:00,3012.0,0.0,5056.0,14831.0,5044.0,763.0,145.0,794.0,259.0,0.0,0.0,29904.0,46.0,26488.0,21444.0,20638.0,3012.0,10.1,0.0,16.9,49.6,16.9,2.6,0.5,2.7,0.9,0.0,0.0,100.0,88.6,90.2,69.0,10.1,2025-01-01,Winter,top10,APXMIDP,11.74,1376.8,11.74,0.0,11.74,0.01174,Elexon BMRS Market Index Data,APXMIDP
2025-01-01 03:30:00,2974.0,0.0,5056.0,15021.0,4983.0,764.0,124.0,788.0,205.0,0.0,0.0,29914.0,45.0,26612.0,21629.0,20768.0,2974.0,9.9,0.0,16.9,50.2,16.7,2.6,0.4,2.6,0.7,0.0,0.0,100.0,89.0,90.6,69.4,9.9,2025-01-01,Winter,top10,APXMIDP,6.2,1368.5,6.2,0.0,6.2,0.0062,Elexon BMRS Market Index Data,APXMIDP
2025-01-01 04:00:00,2915.0,0.0,5057.0,15078.0,4900.0,763.0,2.0,796.0,315.0,0.0,0.0,29826.0,45.0,26594.0,21694.0,20741.0,2915.0,9.8,0.0,17.0,50.6,16.4,2.6,0.0,2.7,1.1,0.0,0.0,100.0,89.2,90.4,69.5,9.8,2025-01-01,Winter,top10,APXMIDP,7.01,1824.2,7.01,0.0,7.01,0.00701,Elexon BMRS Market Index Data,APXMIDP
2025-01-01 04:30:00,2809.0,0.0,5047.0,14844.0,4820.0,762.0,2.0,837.0,375.0,0.0,0.0,29496.0,45.0,26310.0,21490.0,20426.0,2809.0,9.5,0.0,17.1,50.3,16.3,2.6,0.0,2.8,1.3,0.0,0.0,100.0,89.2,90.5,69.3,9.5,2025-01-01,Winter,top10,APXMIDP,4.32,1787.1,4.32,0.0,4.32,0.00432,Elexon BMRS Market Index Data,APXMIDP
2025-01-01 05:00:00,2928.0,0.0,5059.0,14732.0,4730.0,760.0,2.0,859.0,314.0,0.0,0.0,29384.0,46.0,26140.0,21410.0,20222.0,2928.0,10.0,0.0,17.2,50.1,16.1,2.6,0.0,2.9,1.1,0.0,0.0,100.0,89.0,90.8,68.8,10.0,2025-01-01,Winter,top10,APXMIDP,3.27,1563.65,3.27,0.0,3.27,0.00327,Elexon BMRS Market Index Data,APXMIDP
2025-01-01 05:30:00,2798.0,0.0,5058.0,14897.0,4610.0,759.0,1.0,854.0,252.0,0.0,0.0,29229.0,44.0,26178.0,21574.0,20266.0,2798.0,9.6,0.0,17.3,51.0,15.8,2.6,0.0,2.9,0.9,0.0,0.0,100.0,89.6,91.2,69.3,9.6,2025-01-01,Winter,top10,APXMIDP,3.44,1964.6,3.44,0.0,3.44,0.00344,Elexon BMRS Market Index Data,APXMIDP
2025-01-01 06:00:00,2672.0,0.0,5060.0,15220.0,4457.0,753.0,103.0,776.0,263.0,0.0,0.0,29304.0,42.0,26266.0,21820.0,20430.0,2672.0,9.1,0.0,17.3,51.9,15.2,2.6,0.4,2.6,0.9,0.0,0.0,100.0,89.6,91.4,69.7,9.1,2025-01-01,Winter,top10,APXMIDP,1.84,1593.25,1.84,0.0,1.84,0.00184,Elexon BMRS Market Index Data,APXMIDP
2025-01-01 06:30:00,2662.0,0.0,5068.0,15208.0,4288.0,747.0,156.0,771.0,230.0,0.0,0.0,29129.0,42.0,26082.0,21794.0,20243.0,2662.0,9.1,0.0,17.4,52.2,14.7,2.6,0.5,2.6,0.8,0.0,0.0,100.0,89.5,91.6,69.5,9.1,2025-01-01,Winter,top10,APXMIDP,4.63,1704.05,4.63,0.0,4.63,0.00463,Elexon BMRS Market Index Data,APXMIDP
2025-01-01 07:00:00,2654.0,0.0,5067.0,14793.0,4171.0,770.0,635.0,765.0,193.0,0.0,0.0,29048.0,42.0,25566.0,21395.0,19734.0,2654.0,9.1,0.0,17.4,50.9,14.4,2.7,2.2,2.6,0.7,0.0,0.0,100.0,88.0,91.6,67.9,9.1,2025-01-01,Winter,top10,APXMIDP,-1.5,1438.3,-1.5,0.0,-1.5,-0.0015,Elexon BMRS Market Index Data,APXMIDP
2025-01-01 07:30:00,2666.0,0.0,5063.0,14333.0,4178.0,773.0,715.0,773.0,214.0,0.0,0.0,28716.0,43.0,25120.0,20942.0,19284.0,2666.0,9.3,0.0,17.6,49.9,14.6,2.7,2.5,2.7,0.7,0.0,0.0,100.0,87.5,91.3,67.2,9.3,2025-01-01,Winter,top10,APXMIDP,-2.25,1435.85,-2.25,0.0,-2.25,-0.00225,Elexon BMRS Market Index Data,APXMIDP
2025-01-01 08:00:00,2602.0,0.0,5063.0,14112.0,4336.0,771.0,1198.0,781.0,254.0,0.0,0.0,29117.0,43.0,25063.0,20727.0,19219.0,2602.0,8.9,0.0,17.4,48.5,14.9,2.6,4.1,2.7,0.9,0.0,0.0,100.0,86.1,91.3,66.0,8.9,2025-01-01,Winter,top10,APXMIDP,-6.35,2000.1,-6.35,0.0,-6.35,-0.00635,Elexon BMRS Market Index Data,APXMIDP
2025-01-01 08:30:00,2283.0,0.0,5055.0,14301.0,4621.0,771.0,1335.0,796.0,708.0,1.0,0.0,29872.0,42.0,25545.0,20959.0,19694.0,2283.0,7.6,0.0,16.9,47.9,15.5,2.6,4.5,2.7,2.4,0.0,0.0,100.0,85.5,91.0,65.9,7.6,2025-01-01,Winter,top10,APXMIDP,-2.9,2378.5,-2.9,0.0,-2.9,-0.0029,Elexon BMRS Market Index Data,APXMIDP
2025-01-01 09:00:00,2267.0,0.0,5064.0,14558.0,4864.0,770.0,2211.0,783.0,316.0,29.0,0.0,30862.0,37.0,26068.0,21176.0,20221.0,2267.0,7.3,0.0,16.4,47.2,15.8,2.5,7.2,2.5,1.0,0.1,0.0,100.0,84.5,92.6,65.5,7.3,2025-01-01,Winter,top10,APXMIDP,-14.33,2340.25,-14.33,0.0,-14.33,-0.01433,Elexon BMRS Market Index Data,APXMIDP
2025-01-01 09:30:00,2074.0,0.0,5058.0,14907.0,4911.0,769.0,2418.0,797.0,498.0,117.0,0.0,31549.0,36.0,26559.0,21564.0,20704.0,2074.0,6.6,0.0,16.0,47.3,15.6,2.4,7.7,2.5,1.6,0.4,0.0,100.0,84.2,93.2,65.6,6.6,2025-01-01,Winter,top10,APXMIDP,1.84,2488.1,1.84,0.0,1.84,0.00184,Elexon BMRS Market Index Data,APXMIDP
2025-01-01 10:00:00,1954.0,0.0,5057.0,15026.0,4833.0,773.0,3723.0,831.0,415.0,222.0,0.0,32834.0,34.0,26742.0,21689.0,20854.0,1954.0,6.0,0.0,15.4,45.8,14.7,2.4,11.3,2.5,1.3,0.7,0.0,100.0,81.4,94.4,63.5,6.0,2025-01-01,Winter,top10,APXMIDP,-3.34,2752.7,-3.34,0.0,-3.34,-0.0033399999999999997,Elexon BMRS Market Index Data,APXMIDP
2025-01-01 10:30:00,2088.0,0.0,5060.0,14953.0,4731.0,789.0,3898.0,981.0,633.0,329.0,0.0,33462.0,38.0,26843.0,21824.0,20802.0,2088.0,6.2,0.0,15.1,44.7,14.1,2.4,11.7,2.9,1.9,1.0,0.0,100.0,80.2,93.7,62.2,6.2,2025-01-01,Winter,top10,APXMIDP,16.96,2692.05,16.96,0.0,16.96,0.01696,Elexon BMRS Market Index Data,APXMIDP
2025-01-01 11:00:00,1826.0,0.0,5056.0,14923.0,4597.0,831.0,5128.0,1063.0,255.0,377.0,0.0,34056.0,32.0,26847.0,21875.0,20728.0,1826.0,5.4,0.0,14.8,43.8,13.5,2.4,15.1,3.1,0.7,1.1,0.0,100.0,78.8,95.1,60.9,5.4,2025-01-01,Winter,top10,APXMIDP,10.53,2036.5,10.53,0.0,10.53,0.01053,Elexon BMRS Market Index Data,APXMIDP
2025-01-01 11:30:00,1833.0,0.0,5054.0,14908.0,4424.0,998.0,5249.0,1135.0,288.0,436.0,0.0,34325.0,33.0,26955.0,22098.0,20766.0,1833.0,5.3,0.0,14.7,43.4,12.9,2.9,15.3,3.3,0.8,1.3,0.0,100.0,78.5,95.0,60.5,5.3,2025-01-01,Winter,top10,APXMIDP,25.49,1870.35,25.49,0.0,25.49,0.02549,Elexon BMRS Market Index Data,APXMIDP
2025-01-01 12:00:00,2062.0,0.0,5047.0,14927.0,4298.0,1010.0,5308.0,1149.0,267.0,475.0,0.0,34543.0,35.0,26906.0,22134.0,20710.0,2062.0,6.0,0.0,14.6,43.2,12.4,2.9,15.4,3.3,0.8,1.4,0.0,100.0,77.9,95.1,60.0,6.0,2025-01-01,Winter,top10,APXMIDP,45.57,1725.6,45.57,0.0,45.57,0.04557,Elexon BMRS Market Index Data,APXMIDP
2025-01-01 12:30:00,2343.0,0.0,5047.0,15045.0,4281.0,1032.0,5361.0,1153.0,279.0,476.0,0.0,35017.0,38.0,27034.0,22282.0,20834.0,2343.0,6.7,0.0,14.4,43.0,12.2,2.9,15.3,3.3,0.8,1.4,0.0,100.0,77.2,95.0,59.5,6.7,2025-01-01,Winter,top10,APXMIDP,60.24,1901.3,60.24,0.0,60.24,0.06024,Elexon BMRS Market Index Data,APXMIDP
2025-01-01 13:00:00,2397.0,0.0,5046.0,15258.0,4241.0,1095.0,5397.0,1249.0,243.0,511.0,4.0,35441.0,38.0,27404.0,22653.0,21109.0,2397.0,6.8,0.0,14.2,43.1,12.0,3.1,15.2,3.5,0.7,1.4,0.0,100.0,77.3,94.9,59.6,6.8,2025-01-01,Winter,top10,APXMIDP,82.29,1629.2,82.29,0.0,82.29,0.08229,Elexon BMRS Market Index Data,APXMIDP
2025-01-01 13:30:00,2649.0,0.0,5049.0,14980.0,4047.0,1110.0,5448.0,1369.0,277.0,510.0,32.0,35471.0,42.0,27097.0,22541.0,20679.0,2649.0,7.5,0.0,14.2,42.2,11.4,3.1,15.4,3.9,0.8,1.4,0.1,100.0,76.4,94.0,58.3,7.5,2025-01-01,Winter,top10,APXMIDP,85.57,1723.95,85.57,0.0,85.57,0.08557,Elexon BMRS Market Index Data,APXMIDP
2025-01-01 14:00:00,2496.0,0.0,5051.0,15115.0,3772.0,1057.0,5494.0,1555.0,264.0,353.0,0.0,35157.0,41.0,26903.0,22779.0,20297.0,2496.0,7.1,0.0,14.4,43.0,10.7,3.0,15.6,4.4,0.8,1.0,0.0,100.0,76.5,94.1,57.7,7.1,2025-01-01,Winter,top10,APXMIDP,87.18,1734.65,87.18,0.0,87.18,0.08718000000000001,Elexon BMRS Market Index Data,APXMIDP
2025-01-01 14:30:00,3072.0,0.0,5054.0,14464.0,3518.0,1040.0,5546.0,1953.0,327.0,198.0,0.0,35171.0,49.0,26227.0,22511.0,19220.0,3072.0,8.7,0.0,14.4,41.1,10.0,3.0,15.8,5.6,0.9,0.6,0.0,100.0,74.6,91.5,54.6,8.7,2025-01-01,Winter,top10,APXMIDP,90.24,1915.05,90.24,0.0,90.24,0.09024,Elexon BMRS Market Index Data,APXMIDP
2025-01-01 15:00:00,4425.0,0.0,5051.0,13197.0,3310.0,1040.0,5644.0,2267.0,361.0,71.0,200.0,35566.0,65.0,25136.0,21755.0,17818.0,4425.0,12.4,0.0,14.2,37.1,9.3,2.9,15.9,6.4,1.0,0.2,0.6,100.0,70.7,87.0,50.1,12.4,2025-01-01,Winter,top10,APXMIDP,97.49,1690.7,97.49,0.0,97.49,0.09749,Elexon BMRS Market Index Data,APXMIDP
2025-01-01 15:30:00,5057.0,0.0,5062.0,12500.0,3145.0,1044.0,5696.0,2386.0,506.0,5.0,306.0,35707.0,73.0,24448.0,21304.0,17000.0,5057.0,14.2,0.0,14.2,35.0,8.8,2.9,16.0,6.7,1.4,0.0,0.9,100.0,68.5,84.1,47.6,14.2,2025-01-01,Winter,top10,APXMIDP,112.25,1561.1,112.25,0.0,112.25,0.11225,Elexon BMRS Market Index Data,APXMIDP
2025-01-01 16:00:00,5206.0,0.0,5057.0,12818.0,2969.0,1115.0,5828.0,2404.0,742.0,0.0,590.0,36728.0,75.0,24953.0,21992.0,17492.0,5206.0,14.2,0.0,13.8,34.9,8.1,3.0,15.9,6.5,2.0,0.0,1.6,100.0,67.9,83.5,47.6,14.2,2025-01-01,Winter,top10,APXMIDP,119.72,1822.55,119.72,0.0,119.72,0.11972,Elexon BMRS Market Index Data,APXMIDP
2025-01-01 16:30:00,6207.0,0.0,5055.0,13009.0,2736.0,1115.0,5886.0,2422.0,870.0,0.0,778.0,38078.0,84.0,25115.0,22387.0,17638.0,6207.0,16.3,0.0,13.3,34.2,7.2,2.9,15.5,6.4,2.3,0.0,2.0,100.0,66.0,81.2,46.3,16.3,2025-01-01,Winter,top10,APXMIDP,121.25,2171.65,121.25,0.0,121.25,0.12125,Elexon BMRS Market Index Data,APXMIDP
2025-01-01 17:00:00,6570.0,0.0,5061.0,12780.0,2499.0,1127.0,5886.0,2436.0,1031.0,0.0,812.0,38202.0,88.0,24715.0,22266.0,17218.0,6570.0,17.2,0.0,13.2,33.5,6.5,3.0,15.4,6.4,2.7,0.0,2.1,100.0,64.7,79.8,45.1,17.2,2025-01-01,Winter,top10,APXMIDP,125.79,2048.3,125.79,0.0,125.79,0.12579,Elexon BMRS Market Index Data,APXMIDP
2025-01-01 17:30:00,6578.0,0.0,5062.0,12730.0,2315.0,1130.0,5888.0,2445.0,1026.0,0.0,834.0,38008.0,89.0,24516.0,22229.0,17009.0,6578.0,17.3,0.0,13.3,33.5,6.1,3.0,15.5,6.4,2.7,0.0,2.2,100.0,64.5,79.7,44.8,17.3,2025-01-01,Winter,top10,APXMIDP,126.73,1894.95,126.73,0.0,126.73,0.12673,Elexon BMRS Market Index Data,APXMIDP
2025-01-01 18:00:00,6635.0,0.0,5055.0,12149.0,2181.0,1130.0,5886.0,2451.0,975.0,0.0,980.0,37442.0,90.0,23946.0,21779.0,16440.0,6635.0,17.7,0.0,13.5,32.4,5.8,3.0,15.7,6.5,2.6,0.0,2.6,100.0,64.0,79.3,43.9,17.7,2025-01-01,Winter,top10,APXMIDP,125.66,2345.4,125.66,0.0,125.66,0.12566,Elexon BMRS Market Index Data,APXMIDP
2025-01-01 18:30:00,6572.0,0.0,5063.0,12115.0,2076.0,1132.0,5886.0,2441.0,800.0,0.0,744.0,36829.0,90.0,23571.0,21525.0,16067.0,6572.0,17.8,0.0,13.7,32.9,5.6,3.1,16.0,6.6,2.2,0.0,2.0,100.0,64.0,79.9,43.6,17.8,2025-01-01,Winter,top10,APXMIDP,125.69,2241.8,125.69,0.0,125.69,0.12569,Elexon BMRS Market Index Data,APXMIDP
2025-01-01 19:00:00,6397.0,0.0,5054.0,11929.0,1980.0,1075.0,5887.0,2443.0,618.0,0.0,596.0,35979.0,89.0,23077.0,21128.0,15580.0,6397.0,17.8,0.0,14.0,33.2,5.5,3.0,16.4,6.8,1.7,0.0,1.7,100.0,64.1,80.7,43.3,17.8,2025-01-01,Winter,top10,APXMIDP,125.56,2061.05,125.56,0.0,125.56,0.12556,Elexon BMRS Market Index Data,APXMIDP
2025-01-01 19:30:00,6313.0,0.0,5059.0,11687.0,1877.0,1070.0,5888.0,2444.0,442.0,0.0,512.0,35292.0,88.0,22649.0,20793.0,15146.0,6313.0,17.9,0.0,14.3,33.1,5.3,3.0,16.7,6.9,1.3,0.0,1.5,100.0,64.2,80.7,42.9,17.9,2025-01-01,Winter,top10,APXMIDP,120.95,2429.85,120.95,0.0,120.95,0.12095,Elexon BMRS Market Index Data,APXMIDP
2025-01-01 20:00:00,6285.0,0.0,5060.0,11363.0,1783.0,1038.0,5887.0,2458.0,333.0,0.0,442.0,34649.0,88.0,22144.0,20384.0,14626.0,6285.0,18.1,0.0,14.6,32.8,5.1,3.0,17.0,7.1,1.0,0.0,1.3,100.0,63.9,81.1,42.2,18.1,2025-01-01,Winter,top10,APXMIDP,109.7,2533.95,109.7,0.0,109.7,0.1097,Elexon BMRS Market Index Data,APXMIDP
2025-01-01 20:30:00,5947.0,0.0,5061.0,10726.0,1720.0,1021.0,5886.0,2458.0,364.0,0.0,210.0,33393.0,88.0,21196.0,19476.0,13677.0,5947.0,17.8,0.0,15.2,32.1,5.1,3.1,17.6,7.4,1.1,0.0,0.6,100.0,63.5,81.0,41.0,17.8,2025-01-01,Winter,top10,APXMIDP,106.87,2323.95,106.87,0.0,106.87,0.10687,Elexon BMRS Market Index Data,APXMIDP
2025-01-01 21:00:00,5259.0,0.0,5054.0,10323.0,1676.0,1011.0,5886.0,2459.0,454.0,0.0,166.0,32288.0,83.0,20689.0,19013.0,13176.0,5259.0,16.3,0.0,15.7,32.0,5.2,3.1,18.2,7.6,1.4,0.0,0.5,100.0,64.1,82.0,40.8,16.3,2025-01-01,Winter,top10,APXMIDP,106.0,1983.4,106.0,0.0,106.0,0.106,Elexon BMRS Market Index Data,APXMIDP
2025-01-01 21:30:00,4704.0,0.0,5063.0,9733.0,1635.0,993.0,5888.0,2458.0,464.0,0.0,218.0,31156.0,79.0,20100.0,18465.0,12579.0,4704.0,15.1,0.0,16.3,31.2,5.2,3.2,18.9,7.9,1.5,0.0,0.7,100.0,64.5,83.6,40.4,15.1,2025-01-01,Winter,top10,APXMIDP,110.84,2108.1,110.84,0.0,110.84,0.11084000000000001,Elexon BMRS Market Index Data,APXMIDP
2025-01-01 22:00:00,4188.0,0.0,5056.0,9466.0,1586.0,991.0,5888.0,2456.0,313.0,0.0,242.0,30186.0,74.0,19797.0,18215.0,12285.0,4188.0,13.9,0.0,16.7,31.4,5.3,3.3,19.5,8.1,1.0,0.0,0.8,100.0,65.6,86.0,40.7,13.9,2025-01-01,Winter,top10,APXMIDP,111.04,2177.75,111.04,0.0,111.04,0.11104,Elexon BMRS Market Index Data,APXMIDP
2025-01-01 22:30:00,3795.0,0.0,5060.0,8632.0,1524.0,991.0,5890.0,2442.0,210.0,0.0,296.0,28840.0,71.0,18945.0,17421.0,11443.0,3795.0,13.2,0.0,17.5,29.9,5.3,3.4,20.4,8.5,0.7,0.0,1.0,100.0,65.7,86.8,39.7,13.2,2025-01-01,Winter,top10,APXMIDP,108.13,2303.45,108.13,0.0,108.13,0.10812999999999999,Elexon BMRS Market Index Data,APXMIDP
2025-01-01 23:00:00,3023.0,0.0,5061.0,8587.0,1466.0,983.0,5888.0,2457.0,192.0,0.0,140.0,27797.0,62.0,18694.0,17228.0,11176.0,3023.0,10.9,0.0,18.2,30.9,5.3,3.5,21.2,8.8,0.7,0.0,0.5,100.0,67.3,89.7,40.2,10.9,2025-01-01,Winter,top10,APXMIDP,107.77,1265.2,107.77,0.0,107.77,0.10776999999999999,Elexon BMRS Market Index Data,APXMIDP
2025-01-01 23:30:00,2740.0,0.0,5061.0,8389.0,1439.0,936.0,5888.0,2459.0,189.0,0.0,0.0,27101.0,60.0,18284.0,16845.0,10764.0,2740.0,10.1,0.0,18.7,31.0,5.3,3.5,21.7,9.1,0.7,0.0,0.0,100.0,67.5,90.2,39.7,10.1,2025-01-01,Winter,top10,APXMIDP,106.05,1324.0,106.05,0.0,106.05,0.10604999999999999,Elexon BMRS Market Index Data,APXMIDP
2025-01-02 00:00:00,2735.0,0.0,5058.0,7429.0,1453.0,924.0,5890.0,2437.0,297.0,0.0,332.0,26555.0,67.0,17633.0,16180.0,10138.0,2735.0,10.3,0.0,19.0,28.0,5.5,3.5,22.2,9.2,1.1,0.0,1.3,100.0,66.4,88.7,38.2,10.3,2025-01-02,Winter,avg,APXMIDP,110.4,1624.1,110.4,0.0,110.4,0.11040000000000001,Elexon BMRS Market Index Data,APXMIDP
2025-01-02 00:30:00,2889.0,0.0,5062.0,7573.0,1510.0,888.0,5888.0,2452.0,451.0,0.0,280.0,26993.0,70.0,17765.0,16255.0,10251.0,2889.0,10.7,0.0,18.8,28.1,5.6,3.3,21.8,9.1,1.7,0.0,1.0,100.0,65.8,87.7,38.0,10.7,2025-01-02,Winter,avg,APXMIDP,112.24,1962.95,112.24,0.0,112.24,0.11223999999999999,Elexon BMRS Market Index Data,APXMIDP
2025-01-02 01:00:00,2809.0,0.0,5067.0,7494.0,1571.0,873.0,5888.0,2440.0,416.0,0.0,66.0,26624.0,70.0,17511.0,15940.0,10004.0,2809.0,10.6,0.0,19.0,28.1,5.9,3.3,22.1,9.2,1.6,0.0,0.2,100.0,65.8,88.2,37.6,10.6,2025-01-02,Winter,avg,APXMIDP,110.88,2095.65,110.88,0.0,110.88,0.11087999999999999,Elexon BMRS Market Index Data,APXMIDP
2025-01-02 01:30:00,2366.0,0.0,5063.0,7940.0,1604.0,769.0,5890.0,2404.0,293.0,0.0,0.0,26329.0,62.0,17780.0,16176.0,10313.0,2366.0,9.0,0.0,19.2,30.2,6.1,2.9,22.4,9.1,1.1,0.0,0.0,100.0,67.5,90.4,39.2,9.0,2025-01-02,Winter,avg,APXMIDP,108.63,1960.1,108.63,0.0,108.63,0.10862999999999999,Elexon BMRS Market Index Data,APXMIDP
2025-01-02 02:00:00,2052.0,0.0,5054.0,8382.0,1619.0,745.0,5888.0,2267.0,277.0,0.0,42.0,26326.0,57.0,18109.0,16490.0,10788.0,2052.0,7.8,0.0,19.2,31.8,6.2,2.8,22.4,8.6,1.1,0.0,0.2,100.0,68.8,91.9,41.0,7.8,2025-01-02,Winter,avg,APXMIDP,106.89,2180.45,106.89,0.0,106.89,0.10689,Elexon BMRS Market Index Data,APXMIDP
2025-01-02 02:30:00,2158.0,0.0,5058.0,7557.0,1635.0,744.0,5888.0,2335.0,318.0,0.0,40.0,25733.0,61.0,17369.0,15734.0,9976.0,2158.0,8.4,0.0,19.7,29.4,6.4,2.9,22.9,9.1,1.2,0.0,0.2,100.0,67.5,91.5,38.8,8.4,2025-01-02,Winter,avg,APXMIDP,98.16,2287.75,98.16,0.0,98.16,0.09816,Elexon BMRS Market Index Data,APXMIDP
2025-01-02 03:00:00,2115.0,0.0,5052.0,7756.0,1656.0,745.0,5888.0,2434.0,330.0,0.0,0.0,25976.0,60.0,17643.0,15987.0,10157.0,2115.0,8.1,0.0,19.4,29.9,6.4,2.9,22.7,9.4,1.3,0.0,0.0,100.0,67.9,91.5,39.1,8.1,2025-01-02,Winter,avg,APXMIDP,101.2,2868.1,101.2,0.0,101.2,0.1012,Elexon BMRS Market Index Data,APXMIDP
2025-01-02 03:30:00,2107.0,0.0,5050.0,8347.0,1677.0,743.0,5896.0,2336.0,217.0,0.0,0.0,26373.0,57.0,18153.0,16476.0,10767.0,2107.0,8.0,0.0,19.1,31.6,6.4,2.8,22.4,8.9,0.8,0.0,0.0,100.0,68.8,91.7,40.8,8.0,2025-01-02,Winter,avg,APXMIDP,98.65,2382.85,98.65,0.0,98.65,0.09865,Elexon BMRS Market Index Data,APXMIDP
2025-01-02 04:00:00,2436.0,0.0,5053.0,7796.0,1673.0,743.0,6098.0,2361.0,208.0,0.0,0.0,26368.0,63.0,17626.0,15953.0,10212.0,2436.0,9.2,0.0,19.2,29.6,6.3,2.8,23.1,9.0,0.8,0.0,0.0,100.0,66.8,89.9,38.7,9.2,2025-01-02,Winter,avg,APXMIDP,87.39,2358.8,87.39,0.0,87.39,0.08739,Elexon BMRS Market Index Data,APXMIDP
2025-01-02 04:30:00,2590.0,0.0,5053.0,8157.0,1631.0,743.0,6108.0,2187.0,197.0,0.0,0.0,26666.0,64.0,17771.0,16140.0,10531.0,2590.0,9.7,0.0,18.9,30.6,6.1,2.8,22.9,8.2,0.7,0.0,0.0,100.0,66.6,89.2,39.5,9.7,2025-01-02,Winter,avg,APXMIDP,85.23,2822.7,85.23,0.0,85.23,0.08523,Elexon BMRS Market Index Data,APXMIDP
2025-01-02 05:00:00,2908.0,0.0,5053.0,8322.0,1612.0,743.0,6082.0,1791.0,309.0,0.0,0.0,26820.0,67.0,17521.0,15909.0,10677.0,2908.0,10.8,0.0,18.8,31.0,6.0,2.8,22.7,6.7,1.2,0.0,0.0,100.0,65.3,87.0,39.8,10.8,2025-01-02,Winter,avg,APXMIDP,84.69,2661.85,84.69,0.0,84.69,0.08469,Elexon BMRS Market Index Data,APXMIDP
2025-01-02 05:30:00,3183.0,0.0,5051.0,8713.0,1668.0,744.0,6054.0,1838.0,210.0,0.0,0.0,27461.0,69.0,18014.0,16346.0,11125.0,3183.0,11.6,0.0,18.4,31.7,6.1,2.7,22.0,6.7,0.8,0.0,0.0,100.0,65.6,86.6,40.5,11.6,2025-01-02,Winter,avg,APXMIDP,86.89,2379.8,86.89,0.0,86.89,0.08689,Elexon BMRS Market Index Data,APXMIDP
2025-01-02 06:00:00,4514.0,0.0,5048.0,8475.0,1737.0,847.0,5240.0,1791.0,376.0,0.0,0.0,28028.0,84.0,17898.0,16175.0,11059.0,4514.0,16.1,0.0,18.0,30.2,6.2,3.0,18.7,6.4,1.3,0.0,0.0,100.0,63.9,81.1,39.5,16.1,2025-01-02,Winter,avg,APXMIDP,99.51,3057.1,99.51,0.0,99.51,0.09951,Elexon BMRS Market Index Data,APXMIDP
2025-01-02 06:30:00,6612.0,0.0,5053.0,7981.0,1752.0,953.0,5182.0,1803.0,388.0,0.0,92.0,29816.0,107.0,17634.0,15905.0,10778.0,6612.0,22.2,0.0,16.9,26.8,5.9,3.2,17.4,6.0,1.3,0.0,0.3,100.0,59.1,74.1,36.1,22.2,2025-01-02,Winter,avg,APXMIDP,86.53,3967.45,86.53,0.0,86.53,0.08653,Elexon BMRS Market Index Data,APXMIDP
2025-01-02 07:00:00,8966.0,0.0,5054.0,8362.0,1746.0,980.0,4098.0,1800.0,720.0,0.0,306.0,32032.0,130.0,18248.0,16561.0,11394.0,8966.0,28.0,0.0,15.8,26.1,5.4,3.1,12.8,5.6,2.2,0.0,1.0,100.0,57.0,67.5,35.6,28.0,2025-01-02,Winter,avg,APXMIDP,118.11,2672.65,118.11,0.0,118.11,0.11810999999999999,Elexon BMRS Market Index Data,APXMIDP
2025-01-02 07:30:00,10271.0,0.0,5057.0,8899.0,1759.0,978.0,4088.0,1806.0,738.0,0.0,314.0,33910.0,138.0,18813.0,17093.0,11950.0,10271.0,30.3,0.0,14.9,26.2,5.2,2.9,12.1,5.3,2.2,0.0,0.9,100.0,55.5,64.9,35.2,30.3,2025-01-02,Winter,avg,APXMIDP,126.67,3158.3,126.67,0.0,126.67,0.12667,Elexon BMRS Market Index Data,APXMIDP
2025-01-02 08:00:00,10839.0,0.0,5051.0,9506.0,1770.0,959.0,5072.0,1811.0,495.0,1.0,428.0,35932.0,136.0,19526.0,17760.0,12664.0,10839.0,30.2,0.0,14.1,26.5,4.9,2.7,14.1,5.0,1.4,0.0,1.2,100.0,54.3,64.9,35.2,30.2,2025-01-02,Winter,avg,APXMIDP,121.62,2166.45,121.62,0.0,121.62,0.12162,Elexon BMRS Market Index Data,APXMIDP
2025-01-02 08:30:00,11883.0,0.0,5055.0,9139.0,1748.0,966.0,5190.0,1811.0,574.0,274.0,518.0,37158.0,143.0,19511.0,17499.0,12645.0,11883.0,32.0,0.0,13.6,24.6,4.7,2.6,14.0,4.9,1.5,0.7,1.4,100.0,52.5,62.5,34.0,32.0,2025-01-02,Winter,avg,APXMIDP,123.01,2457.65,123.01,0.0,123.01,0.12301000000000001,Elexon BMRS Market Index Data,APXMIDP
2025-01-02 09:00:00,12245.0,0.0,5067.0,9175.0,1708.0,978.0,6226.0,1769.0,464.0,1272.0,304.0,39208.0,141.0,20273.0,17298.0,13437.0,12245.0,31.2,0.0,12.9,23.4,4.4,2.5,15.9,4.5,1.2,3.2,0.8,100.0,51.7,61.7,34.3,31.2,2025-01-02,Winter,avg,APXMIDP,115.3,2156.25,115.3,0.0,115.3,0.1153,Elexon BMRS Market Index Data,APXMIDP
2025-01-02 09:30:00,12046.0,0.0,5065.0,9917.0,1667.0,972.0,6258.0,1766.0,335.0,2449.0,0.0,40475.0,134.0,21836.0,17732.0,15005.0,12046.0,29.8,0.0,12.5,24.5,4.1,2.4,15.5,4.4,0.8,6.1,0.0,100.0,53.9,63.0,37.1,29.8,2025-01-02,Winter,avg,APXMIDP,116.89,2275.4,116.89,0.0,116.89,0.11689,Elexon BMRS Market Index Data,APXMIDP
2025-01-02 10:00:00,12362.0,0.0,5057.0,9771.0,1607.0,957.0,5758.0,1766.0,245.0,3524.0,76.0,41123.0,133.0,22758.0,17638.0,15935.0,12362.0,30.1,0.0,12.3,23.8,3.9,2.3,14.0,4.3,0.6,8.6,0.2,100.0,55.3,62.4,38.7,30.1,2025-01-02,Winter,avg,APXMIDP,116.21,2113.6,116.21,0.0,116.21,0.11621,Elexon BMRS Market Index Data,APXMIDP
2025-01-02 10:30:00,12354.0,0.0,5057.0,9592.0,1514.0,956.0,5734.0,1718.0,229.0,4456.0,0.0,41610.0,131.0,23293.0,17338.0,16518.0,12354.0,29.7,0.0,12.2,23.1,3.6,2.3,13.8,4.1,0.6,10.7,0.0,100.0,56.0,62.0,39.7,29.7,2025-01-02,Winter,avg,APXMIDP,110.05,2339.35,110.05,0.0,110.05,0.11005,Elexon BMRS Market Index Data,APXMIDP
2025-01-02 11:00:00,12391.0,0.0,5059.0,9745.0,1425.0,956.0,5188.0,1715.0,245.0,5093.0,116.0,41933.0,129.0,24109.0,17607.0,17335.0,12391.0,29.5,0.0,12.1,23.2,3.4,2.3,12.4,4.1,0.6,12.1,0.3,100.0,57.5,62.1,41.3,29.5,2025-01-02,Winter,avg,APXMIDP,112.43,2551.85,112.43,0.0,112.43,0.11243,Elexon BMRS Market Index Data,APXMIDP
2025-01-02 11:30:00,12011.0,0.0,5048.0,9745.0,1378.0,955.0,5184.0,1730.0,226.0,5466.0,234.0,41977.0,125.0,24556.0,17731.0,17778.0,12011.0,28.6,0.0,12.0,23.2,3.3,2.3,12.3,4.1,0.5,13.0,0.6,100.0,58.5,62.7,42.4,28.6,2025-01-02,Winter,avg,APXMIDP,107.5,2604.25,107.5,0.0,107.5,0.1075,Elexon BMRS Market Index Data,APXMIDP
2025-01-02 12:00:00,11323.0,0.0,5047.0,10433.0,1381.0,954.0,5888.0,1811.0,254.0,5590.0,0.0,42681.0,119.0,25216.0,18263.0,18358.0,11323.0,26.5,0.0,11.8,24.4,3.2,2.2,13.8,4.2,0.6,13.1,0.0,100.0,59.1,64.5,43.0,26.5,2025-01-02,Winter,avg,APXMIDP,99.14,2896.2,99.14,0.0,99.14,0.09914,Elexon BMRS Market Index Data,APXMIDP
2025-01-02 12:30:00,11554.0,0.0,5051.0,10281.0,1425.0,953.0,5890.0,1812.0,225.0,5465.0,62.0,42718.0,121.0,25049.0,18177.0,18186.0,11554.0,27.0,0.0,11.8,24.1,3.3,2.2,13.8,4.2,0.5,12.8,0.1,100.0,58.6,63.7,42.6,27.0,2025-01-02,Winter,avg,APXMIDP,98.2,2537.0,98.2,0.0,98.2,0.09820000000000001,Elexon BMRS Market Index Data,APXMIDP
2025-01-02 13:00:00,12257.0,0.0,5047.0,9657.0,1459.0,944.0,5484.0,1799.0,245.0,5066.0,8.0,41966.0,130.0,23980.0,17471.0,17134.0,12257.0,29.2,0.0,12.0,23.0,3.5,2.2,13.1,4.3,0.6,12.1,0.0,100.0,57.1,61.7,40.8,29.2,2025-01-02,Winter,avg,APXMIDP,97.91,2855.55,97.91,0.0,97.91,0.09791,Elexon BMRS Market Index Data,APXMIDP
2025-01-02 13:30:00,12392.0,0.0,5048.0,9864.0,1438.0,1020.0,5444.0,1801.0,206.0,4365.0,0.0,41578.0,132.0,23536.0,17746.0,16687.0,12392.0,29.8,0.0,12.1,23.7,3.5,2.5,13.1,4.3,0.5,10.5,0.0,100.0,56.6,61.8,40.1,29.8,2025-01-02,Winter,avg,APXMIDP,103.61,2563.65,103.61,0.0,103.61,0.10361,Elexon BMRS Market Index Data,APXMIDP
2025-01-02 14:00:00,12918.0,0.0,5048.0,9912.0,1402.0,1105.0,4636.0,1808.0,299.0,3455.0,214.0,40797.0,138.0,22944.0,18105.0,16088.0,12918.0,31.7,0.0,12.4,24.3,3.4,2.7,11.4,4.4,0.7,8.5,0.5,100.0,56.2,61.1,39.4,31.7,2025-01-02,Winter,avg,APXMIDP,110.98,2867.0,110.98,0.0,110.98,0.11098000000000001,Elexon BMRS Market Index Data,APXMIDP
2025-01-02 14:30:00,13707.0,0.0,5049.0,10161.0,1396.0,1106.0,4616.0,1810.0,240.0,2301.0,564.0,40950.0,144.0,22387.0,18696.0,15528.0,13707.0,33.5,0.0,12.3,24.8,3.4,2.7,11.3,4.4,0.6,5.6,1.4,100.0,54.7,60.7,37.9,33.5,2025-01-02,Winter,avg,APXMIDP,109.34,3467.45,109.34,0.0,109.34,0.10934,Elexon BMRS Market Index Data,APXMIDP
2025-01-02 15:00:00,13907.0,0.0,5047.0,10266.0,1409.0,1117.0,5114.0,1813.0,495.0,984.0,1030.0,41182.0,149.0,21666.0,19288.0,14806.0,13907.0,33.8,0.0,12.3,24.9,3.4,2.7,12.4,4.4,1.2,2.4,2.5,100.0,52.6,60.2,36.0,33.8,2025-01-02,Winter,avg,APXMIDP,116.72,2782.2,116.72,0.0,116.72,0.11672,Elexon BMRS Market Index Data,APXMIDP
2025-01-02 15:30:00,14507.0,0.0,5045.0,10575.0,1428.0,1118.0,5148.0,1813.0,459.0,147.0,1306.0,41546.0,153.0,21432.0,19888.0,14574.0,14507.0,34.9,0.0,12.1,25.5,3.4,2.7,12.4,4.4,1.1,0.4,3.1,100.0,51.6,60.4,35.1,34.9,2025-01-02,Winter,avg,APXMIDP,124.16,3119.85,124.16,0.0,124.16,0.12415999999999999,Elexon BMRS Market Index Data,APXMIDP
2025-01-02 16:00:00,14718.0,0.0,5050.0,10648.0,1492.0,1154.0,5972.0,1809.0,516.0,0.0,1326.0,42685.0,153.0,21479.0,19987.0,14620.0,14718.0,34.5,0.0,11.8,24.9,3.5,2.7,14.0,4.2,1.2,0.0,3.1,100.0,50.3,59.9,34.3,34.5,2025-01-02,Winter,avg,APXMIDP,127.12,2748.05,127.12,0.0,127.12,0.12712,Elexon BMRS Market Index Data,APXMIDP
2025-01-02 16:30:00,15259.0,0.0,5047.0,10222.0,1624.0,1154.0,6008.0,1819.0,1090.0,0.0,1498.0,43721.0,158.0,21364.0,19779.0,14498.0,15259.0,34.9,0.0,11.5,23.4,3.7,2.6,13.7,4.2,2.5,0.0,3.4,100.0,48.9,58.0,33.2,34.9,2025-01-02,Winter,avg,APXMIDP,133.05,2659.95,133.05,0.0,133.05,0.13305,Elexon BMRS Market Index Data,APXMIDP
2025-01-02 17:00:00,15461.0,0.0,5046.0,10435.0,1728.0,1153.0,6300.0,1813.0,1181.0,0.0,1372.0,44489.0,158.0,21547.0,19848.0,14688.0,15461.0,34.8,0.0,11.3,23.5,3.9,2.6,14.2,4.1,2.7,0.0,3.1,100.0,48.4,57.5,33.0,34.8,2025-01-02,Winter,avg,APXMIDP,135.83,2409.05,135.83,0.0,135.83,0.13583,Elexon BMRS Market Index Data,APXMIDP
2025-01-02 17:30:00,15123.0,0.0,5054.0,11520.0,1719.0,1119.0,6312.0,1811.0,1033.0,0.0,1330.0,45021.0,152.0,22553.0,20850.0,15688.0,15123.0,33.6,0.0,11.2,25.6,3.8,2.5,14.0,4.0,2.3,0.0,3.0,100.0,50.1,59.4,34.8,33.6,2025-01-02,Winter,avg,APXMIDP,137.73,2637.45,137.73,0.0,137.73,0.13773,Elexon BMRS Market Index Data,APXMIDP
2025-01-02 18:00:00,15218.0,0.0,5051.0,12249.0,1666.0,993.0,6302.0,1817.0,650.0,0.0,1222.0,45168.0,150.0,22998.0,21332.0,16130.0,15218.0,33.7,0.0,11.2,27.1,3.7,2.2,14.0,4.0,1.4,0.0,2.7,100.0,50.9,60.6,35.7,33.7,2025-01-02,Winter,avg,APXMIDP,133.87,2646.0,133.87,0.0,133.87,0.13387000000000002,Elexon BMRS Market Index Data,APXMIDP
2025-01-02 18:30:00,15109.0,0.0,5060.0,12297.0,1650.0,990.0,6302.0,1809.0,528.0,0.0,954.0,44699.0,150.0,22760.0,21110.0,15891.0,15109.0,33.8,0.0,11.3,27.5,3.7,2.2,14.1,4.0,1.2,0.0,2.1,100.0,50.9,60.5,35.6,33.8,2025-01-02,Winter,avg,APXMIDP,120.56,2635.65,120.56,0.0,120.56,0.12056,Elexon BMRS Market Index Data,APXMIDP
2025-01-02 19:00:00,14970.0,0.0,5059.0,12746.0,1643.0,974.0,6312.0,1805.0,371.0,0.0,386.0,44266.0,149.0,22613.0,20970.0,15749.0,14970.0,33.8,0.0,11.4,28.8,3.7,2.2,14.3,4.1,0.8,0.0,0.9,100.0,51.1,60.9,35.6,33.8,2025-01-02,Winter,avg,APXMIDP,110.16,2786.05,110.16,0.0,110.16,0.11016,Elexon BMRS Market Index Data,APXMIDP
2025-01-02 19:30:00,14108.0,0.0,5062.0,12723.0,1613.0,970.0,6312.0,1807.0,236.0,0.0,0.0,42831.0,145.0,22175.0,20562.0,15306.0,14108.0,32.9,0.0,11.8,29.7,3.8,2.3,14.7,4.2,0.6,0.0,0.0,100.0,51.8,62.4,35.7,32.9,2025-01-02,Winter,avg,APXMIDP,100.34,2683.8,100.34,0.0,100.34,0.10034,Elexon BMRS Market Index Data,APXMIDP
2025-01-02 20:00:00,12462.0,0.0,5053.0,12618.0,1616.0,933.0,6312.0,1813.0,403.0,0.0,0.0,41210.0,136.0,22033.0,20445.0,15167.0,12462.0,30.2,0.0,12.3,30.6,3.9,2.3,15.3,4.4,1.0,0.0,0.0,100.0,53.5,65.3,36.8,30.2,2025-01-02,Winter,avg,APXMIDP,98.15,2883.4,98.15,0.0,98.15,0.09815,Elexon BMRS Market Index Data,APXMIDP
2025-01-02 20:30:00,11220.0,0.0,5050.0,12471.0,1707.0,931.0,6310.0,1789.0,449.0,0.0,0.0,39927.0,129.0,21948.0,20255.0,15109.0,11220.0,28.1,0.0,12.6,31.2,4.3,2.3,15.8,4.5,1.1,0.0,0.0,100.0,55.0,67.7,37.8,28.1,2025-01-02,Winter,avg,APXMIDP,99.62,2760.0,99.62,0.0,99.62,0.09962,Elexon BMRS Market Index Data,APXMIDP
2025-01-02 21:00:00,9466.0,0.0,5052.0,12657.0,1821.0,921.0,6290.0,1791.0,428.0,0.0,0.0,38426.0,116.0,22242.0,20436.0,15399.0,9466.0,24.6,0.0,13.1,32.9,4.7,2.4,16.4,4.7,1.1,0.0,0.0,100.0,57.9,71.5,40.1,24.6,2025-01-02,Winter,avg,APXMIDP,101.46,2705.0,101.46,0.0,101.46,0.10146,Elexon BMRS Market Index Data,APXMIDP
2025-01-02 21:30:00,8169.0,0.0,5045.0,12524.0,1888.0,914.0,6278.0,1780.0,312.0,0.0,0.0,36910.0,106.0,22151.0,20263.0,15326.0,8169.0,22.1,0.0,13.7,33.9,5.1,2.5,17.0,4.8,0.8,0.0,0.0,100.0,60.0,73.5,41.5,22.1,2025-01-02,Winter,avg,APXMIDP,101.04,2716.65,101.04,0.0,101.04,0.10104,Elexon BMRS Market Index Data,APXMIDP
2025-01-02 22:00:00,6868.0,0.0,5046.0,12643.0,1950.0,772.0,5790.0,1787.0,333.0,0.0,0.0,35189.0,95.0,22198.0,20254.0,15365.0,6868.0,19.5,0.0,14.3,35.9,5.5,2.2,16.5,5.1,0.9,0.0,0.0,100.0,63.1,77.1,43.7,19.5,2025-01-02,Winter,avg,APXMIDP,100.7,3141.2,100.7,0.0,100.7,0.1007,Elexon BMRS Market Index Data,APXMIDP
2025-01-02 22:30:00,5735.0,0.0,5050.0,12646.0,2062.0,771.0,5750.0,1732.0,189.0,0.0,0.0,33935.0,84.0,22261.0,20199.0,15479.0,5735.0,16.9,0.0,14.9,37.3,6.1,2.3,16.9,5.1,0.6,0.0,0.0,100.0,65.6,80.5,45.6,16.9,2025-01-02,Winter,avg,APXMIDP,97.27,2815.4,97.27,0.0,97.27,0.09727,Elexon BMRS Market Index Data,APXMIDP
2025-01-02 23:00:00,4598.0,0.0,5048.0,12930.0,2211.0,716.0,5286.0,1711.0,231.0,0.0,0.0,32731.0,74.0,22616.0,20405.0,15857.0,4598.0,14.0,0.0,15.4,39.5,6.8,2.2,16.1,5.2,0.7,0.0,0.0,100.0,69.1,83.6,48.4,14.0,2025-01-02,Winter,avg,APXMIDP,90.46,1603.8,90.46,0.0,90.46,0.09046,Elexon BMRS Market Index Data,APXMIDP
2025-01-02 23:30:00,3686.0,0.0,5049.0,12799.0,2367.0,718.0,5252.0,1715.0,206.0,0.0,0.0,31792.0,65.0,22648.0,20281.0,15884.0,3686.0,11.6,0.0,15.9,40.3,7.4,2.3,16.5,5.4,0.6,0.0,0.0,100.0,71.2,86.5,50.0,11.6,2025-01-02,Winter,avg,APXMIDP,77.61,1644.25,77.61,0.0,77.61,0.07761,Elexon BMRS Market Index Data,APXMIDP
2025-01-21 00:00:00,21198.0,0.0,3606.0,3549.0,779.0,356.0,1632.0,3103.0,232.0,0.0,0.0,34455.0,258.0,11393.0,10615.0,4684.0,21198.0,61.5,0.0,10.5,10.3,2.3,1.0,4.7,9.0,0.7,0.0,0.0,100.0,33.1,36.9,13.6,61.5,2025-01-21,Winter,bottom10,APXMIDP,112.48,1518.0,112.48,0.0,112.48,0.11248000000000001,Elexon BMRS Market Index Data,APXMIDP
2025-01-21 00:30:00,21378.0,0.0,3598.0,3614.0,793.0,343.0,1624.0,3117.0,232.0,0.0,0.0,34699.0,258.0,11465.0,10673.0,4750.0,21378.0,61.6,0.0,10.4,10.4,2.3,1.0,4.7,9.0,0.7,0.0,0.0,100.0,33.0,36.9,13.7,61.6,2025-01-21,Winter,bottom10,APXMIDP,117.73,1314.6,117.73,0.0,117.73,0.11773,Elexon BMRS Market Index Data,APXMIDP
2025-01-21 01:00:00,21246.0,0.0,3598.0,3717.0,797.0,302.0,1646.0,3103.0,215.0,0.0,0.0,34624.0,257.0,11517.0,10721.0,4816.0,21246.0,61.4,0.0,10.4,10.7,2.3,0.9,4.8,9.0,0.6,0.0,0.0,100.0,33.3,37.1,13.9,61.4,2025-01-21,Winter,bottom10,APXMIDP,107.58,1340.75,107.58,0.0,107.58,0.10758,Elexon BMRS Market Index Data,APXMIDP
2025-01-21 01:30:00,20696.0,0.0,3600.0,3933.0,779.0,300.0,1642.0,3106.0,223.0,0.0,0.0,34279.0,254.0,11718.0,10940.0,5012.0,20696.0,60.4,0.0,10.5,11.5,2.3,0.9,4.8,9.1,0.7,0.0,0.0,100.0,34.2,38.1,14.6,60.4,2025-01-21,Winter,bottom10,APXMIDP,103.56,1540.1,103.56,0.0,103.56,0.10356,Elexon BMRS Market Index Data,APXMIDP
2025-01-21 02:00:00,20047.0,0.0,3618.0,3952.0,751.0,300.0,1415.0,3102.0,231.0,0.0,0.0,33416.0,251.0,11723.0,10974.0,5003.0,20047.0,60.0,0.0,10.8,11.8,2.2,0.9,4.2,9.3,0.7,0.0,0.0,100.0,35.1,38.5,15.0,60.0,2025-01-21,Winter,bottom10,APXMIDP,104.22,1586.1,104.22,0.0,104.22,0.10422,Elexon BMRS Market Index Data,APXMIDP
2025-01-21 02:30:00,19542.0,0.0,3617.0,4102.0,734.0,298.0,1400.0,3101.0,240.0,0.0,0.0,33034.0,248.0,11852.0,11124.0,5134.0,19542.0,59.2,0.0,10.9,12.4,2.2,0.9,4.2,9.4,0.7,0.0,0.0,100.0,35.9,39.3,15.5,59.2,2025-01-21,Winter,bottom10,APXMIDP,103.57,1598.75,103.57,0.0,103.57,0.10357,Elexon BMRS Market Index Data,APXMIDP
2025-01-21 03:00:00,19622.0,0.0,3618.0,3898.0,756.0,297.0,1400.0,3112.0,276.0,0.0,0.0,32979.0,250.0,11681.0,10926.0,4951.0,19622.0,59.5,0.0,11.0,11.8,2.3,0.9,4.2,9.4,0.8,0.0,0.0,100.0,35.4,38.9,15.0,59.5,2025-01-21,Winter,bottom10,APXMIDP,99.31,1831.05,99.31,0.0,99.31,0.09931,Elexon BMRS Market Index Data,APXMIDP
2025-01-21 03:30:00,19849.0,0.0,3621.0,3678.0,828.0,296.0,1398.0,3099.0,222.0,0.0,0.0,32991.0,252.0,11522.0,10695.0,4802.0,19849.0,60.2,0.0,11.0,11.1,2.5,0.9,4.2,9.4,0.7,0.0,0.0,100.0,34.9,38.6,14.6,60.2,2025-01-21,Winter,bottom10,APXMIDP,103.31,1902.1,103.31,0.0,103.31,0.10331,Elexon BMRS Market Index Data,APXMIDP
2025-01-21 04:00:00,20115.0,0.0,3635.0,3602.0,893.0,295.0,1398.0,3107.0,225.0,0.0,0.0,33270.0,253.0,11532.0,10640.0,4790.0,20115.0,60.5,0.0,10.9,10.8,2.7,0.9,4.2,9.3,0.7,0.0,0.0,100.0,34.7,37.9,14.4,60.5,2025-01-21,Winter,bottom10,APXMIDP,104.2,2080.45,104.2,0.0,104.2,0.1042,Elexon BMRS Market Index Data,APXMIDP
2025-01-21 04:30:00,20521.0,0.0,3633.0,3442.0,901.0,293.0,1396.0,3115.0,231.0,0.0,0.0,33532.0,256.0,11384.0,10484.0,4636.0,20521.0,61.2,0.0,10.8,10.3,2.7,0.9,4.2,9.3,0.7,0.0,0.0,100.0,33.9,37.0,13.8,61.2,2025-01-21,Winter,bottom10,APXMIDP,101.28,2092.25,101.28,0.0,101.28,0.10128,Elexon BMRS Market Index Data,APXMIDP
2025-01-21 05:00:00,21031.0,0.0,3647.0,3661.0,886.0,292.0,1384.0,3115.0,214.0,0.0,0.0,34230.0,256.0,11601.0,10716.0,4839.0,21031.0,61.4,0.0,10.7,10.7,2.6,0.9,4.0,9.1,0.6,0.0,0.0,100.0,33.9,36.7,14.1,61.4,2025-01-21,Winter,bottom10,APXMIDP,101.54,1870.95,101.54,0.0,101.54,0.10154,Elexon BMRS Market Index Data,APXMIDP
2025-01-21 05:30:00,21444.0,0.0,3728.0,3974.0,892.0,300.0,1346.0,3115.0,218.0,0.0,0.0,35017.0,255.0,12009.0,11118.0,5166.0,21444.0,61.2,0.0,10.6,11.3,2.5,0.9,3.8,8.9,0.6,0.0,0.0,100.0,34.3,37.1,14.8,61.2,2025-01-21,Winter,bottom10,APXMIDP,101.12,1964.35,101.12,0.0,101.12,0.10112,Elexon BMRS Market Index Data,APXMIDP
2025-01-21 06:00:00,23229.0,0.0,3737.0,4079.0,905.0,407.0,980.0,3187.0,233.0,0.0,0.0,36757.0,262.0,12315.0,11411.0,5391.0,23229.0,63.2,0.0,10.2,11.1,2.5,1.1,2.7,8.7,0.6,0.0,0.0,100.0,33.5,35.9,14.7,63.2,2025-01-21,Winter,bottom10,APXMIDP,122.1,2121.8,122.1,0.0,122.1,0.1221,Elexon BMRS Market Index Data,APXMIDP
2025-01-21 06:30:00,24535.0,0.0,3736.0,4017.0,905.0,568.0,930.0,3197.0,598.0,0.0,0.0,38486.0,267.0,12423.0,11521.0,5490.0,24535.0,63.8,0.0,9.7,10.4,2.4,1.5,2.4,8.3,1.6,0.0,0.0,100.0,32.3,34.6,14.3,63.8,2025-01-21,Winter,bottom10,APXMIDP,134.62,2652.95,134.62,0.0,134.62,0.13462000000000002,Elexon BMRS Market Index Data,APXMIDP
2025-01-21 07:00:00,25823.0,0.0,3730.0,4106.0,915.0,635.0,732.0,3195.0,792.0,0.0,222.0,40150.0,270.0,12803.0,11889.0,5878.0,25823.0,64.3,0.0,9.3,10.2,2.3,1.6,1.8,8.0,2.0,0.0,0.6,100.0,31.9,33.9,14.6,64.3,2025-01-21,Winter,bottom10,APXMIDP,133.72,2379.65,133.72,0.0,133.72,0.13372,Elexon BMRS Market Index Data,APXMIDP
2025-01-21 07:30:00,26188.0,0.0,3729.0,4339.0,950.0,783.0,733.0,3188.0,1523.0,0.0,590.0,42023.0,267.0,13579.0,12634.0,6662.0,26188.0,62.3,0.0,8.9,10.3,2.3,1.9,1.7,7.6,3.6,0.0,1.4,100.0,32.3,34.3,15.9,62.3,2025-01-21,Winter,bottom10,APXMIDP,142.88,3159.05,142.88,0.0,142.88,0.14288,Elexon BMRS Market Index Data,APXMIDP
2025-01-21 08:00:00,26312.0,0.0,3730.0,4391.0,972.0,790.0,1104.0,3184.0,1333.0,24.0,544.0,42384.0,265.0,13635.0,12652.0,6721.0,26312.0,62.1,0.0,8.8,10.4,2.3,1.9,2.6,7.5,3.1,0.1,1.3,100.0,32.2,34.4,15.9,62.1,2025-01-21,Winter,bottom10,APXMIDP,163.74,3223.7,163.74,0.0,163.74,0.16374,Elexon BMRS Market Index Data,APXMIDP
2025-01-21 08:30:00,26348.0,0.0,3729.0,4189.0,942.0,791.0,1200.0,3196.0,1600.0,231.0,900.0,43126.0,263.0,13978.0,12820.0,7053.0,26348.0,61.1,0.0,8.6,9.7,2.2,1.8,2.8,7.4,3.7,0.5,2.1,100.0,32.4,34.4,16.4,61.1,2025-01-21,Winter,bottom10,APXMIDP,165.08,3318.8,165.08,0.0,165.08,0.16508,Elexon BMRS Market Index Data,APXMIDP
2025-01-21 09:00:00,26307.0,0.0,3734.0,4139.0,885.0,803.0,1992.0,3187.0,1486.0,599.0,466.0,43598.0,262.0,13813.0,12347.0,6892.0,26307.0,60.3,0.0,8.6,9.5,2.0,1.8,4.6,7.3,3.4,1.4,1.1,100.0,31.7,33.7,15.8,60.3,2025-01-21,Winter,bottom10,APXMIDP,156.33,3168.15,156.33,0.0,156.33,0.15633000000000002,Elexon BMRS Market Index Data,APXMIDP
2025-01-21 09:30:00,26303.0,0.0,3718.0,4046.0,831.0,804.0,2102.0,3202.0,1522.0,1233.0,182.0,43944.0,260.0,14017.0,11985.0,7096.0,26303.0,59.9,0.0,8.5,9.2,1.9,1.8,4.8,7.3,3.5,2.8,0.4,100.0,31.9,33.0,16.1,59.9,2025-01-21,Winter,bottom10,APXMIDP,157.79,3432.85,157.79,0.0,157.79,0.15778999999999999,Elexon BMRS Market Index Data,APXMIDP
2025-01-21 10:00:00,26060.0,0.0,3715.0,3952.0,779.0,596.0,2854.0,3191.0,1152.0,1899.0,18.0,44216.0,255.0,14150.0,11504.0,7244.0,26060.0,58.9,0.0,8.4,8.9,1.8,1.3,6.5,7.2,2.6,4.3,0.0,100.0,32.0,32.7,16.4,58.9,2025-01-21,Winter,bottom10,APXMIDP,148.17,3361.05,148.17,0.0,148.17,0.14817,Elexon BMRS Market Index Data,APXMIDP
2025-01-21 10:30:00,25867.0,0.0,3718.0,4043.0,723.0,572.0,2922.0,3167.0,1182.0,2349.0,0.0,44543.0,252.0,14572.0,11559.0,7687.0,25867.0,58.1,0.0,8.3,9.1,1.6,1.3,6.6,7.1,2.7,5.3,0.0,100.0,32.7,33.0,17.3,58.1,2025-01-21,Winter,bottom10,APXMIDP,147.23,3544.85,147.23,0.0,147.23,0.14723,Elexon BMRS Market Index Data,APXMIDP
2025-01-21 11:00:00,25149.0,0.0,3726.0,4446.0,677.0,592.0,4094.0,3186.0,586.0,2712.0,0.0,45168.0,241.0,15339.0,11993.0,8427.0,25149.0,55.7,0.0,8.2,9.8,1.5,1.3,9.1,7.1,1.3,6.0,0.0,100.0,34.0,35.1,18.7,55.7,2025-01-21,Winter,bottom10,APXMIDP,123.05,3148.5,123.05,0.0,123.05,0.12304999999999999,Elexon BMRS Market Index Data,APXMIDP
2025-01-21 11:30:00,24669.0,0.0,3733.0,4514.0,656.0,591.0,4125.0,3205.0,507.0,2859.0,0.0,44859.0,238.0,15558.0,12101.0,8620.0,24669.0,55.0,0.0,8.3,10.1,1.5,1.3,9.2,7.1,1.1,6.4,0.0,100.0,34.7,35.7,19.2,55.0,2025-01-21,Winter,bottom10,APXMIDP,118.18,2795.65,118.18,0.0,118.18,0.11818000000000001,Elexon BMRS Market Index Data,APXMIDP
2025-01-21 12:00:00,24891.0,0.0,3738.0,4122.0,649.0,577.0,3684.0,3204.0,506.0,2761.0,274.0,44406.0,241.0,15325.0,11961.0,8383.0,24891.0,56.1,0.0,8.4,9.3,1.5,1.3,8.3,7.2,1.1,6.2,0.6,100.0,34.5,35.4,18.9,56.1,2025-01-21,Winter,bottom10,APXMIDP,126.01,3845.7,126.01,0.0,126.01,0.12601,Elexon BMRS Market Index Data,APXMIDP
2025-01-21 12:30:00,24753.0,0.0,3741.0,3823.0,635.0,644.0,3694.0,3196.0,845.0,2762.0,72.0,44165.0,243.0,14873.0,11537.0,7936.0,24753.0,56.0,0.0,8.5,8.7,1.4,1.5,8.4,7.2,1.9,6.3,0.2,100.0,33.7,34.3,18.0,56.0,2025-01-21,Winter,bottom10,APXMIDP,131.59,4508.5,131.59,0.0,131.59,0.13159,Elexon BMRS Market Index Data,APXMIDP
2025-01-21 13:00:00,24538.0,0.0,3742.0,3409.0,615.0,635.0,4092.0,3205.0,679.0,2697.0,282.0,43894.0,241.0,14585.0,11332.0,7638.0,24538.0,55.9,0.0,8.5,7.8,1.4,1.4,9.3,7.3,1.5,6.1,0.6,100.0,33.2,34.2,17.4,55.9,2025-01-21,Winter,bottom10,APXMIDP,138.15,4256.7,138.15,0.0,138.15,0.13815,Elexon BMRS Market Index Data,APXMIDP
2025-01-21 13:30:00,24621.0,0.0,3743.0,3167.0,593.0,612.0,4110.0,3206.0,711.0,2140.0,86.0,42989.0,247.0,13547.0,10854.0,6598.0,24621.0,57.3,0.0,8.7,7.4,1.4,1.4,9.6,7.5,1.7,5.0,0.2,100.0,31.5,33.2,15.3,57.3,2025-01-21,Winter,bottom10,APXMIDP,144.78,3607.85,144.78,0.0,144.78,0.14478,Elexon BMRS Market Index Data,APXMIDP
2025-01-21 14:00:00,24332.0,0.0,3743.0,2822.0,567.0,649.0,4198.0,3206.0,1248.0,1563.0,180.0,42507.0,252.0,12729.0,10676.0,5781.0,24332.0,57.2,0.0,8.8,6.6,1.3,1.5,9.9,7.5,2.9,3.7,0.4,100.0,29.9,32.5,13.6,57.2,2025-01-21,Winter,bottom10,APXMIDP,135.43,3967.65,135.43,0.0,135.43,0.13543,Elexon BMRS Market Index Data,APXMIDP
2025-01-21 14:30:00,24340.0,0.0,3744.0,2688.0,535.0,665.0,4154.0,3221.0,1237.0,937.0,0.0,41521.0,258.0,11790.0,10343.0,4825.0,24340.0,58.6,0.0,9.0,6.5,1.3,1.6,10.0,7.8,3.0,2.3,0.0,100.0,28.4,31.8,11.6,58.6,2025-01-21,Winter,bottom10,APXMIDP,156.58,3966.45,156.58,0.0,156.58,0.15658000000000002,Elexon BMRS Market Index Data,APXMIDP
2025-01-21 15:00:00,24910.0,0.0,3745.0,2532.0,517.0,736.0,4090.0,3220.0,1297.0,500.0,536.0,42083.0,264.0,11786.0,10785.0,4821.0,24910.0,59.2,0.0,8.9,6.0,1.2,1.7,9.7,7.7,3.1,1.2,1.3,100.0,28.0,32.1,11.5,59.2,2025-01-21,Winter,bottom10,APXMIDP,186.93,3391.15,186.93,0.0,186.93,0.18693,Elexon BMRS Market Index Data,APXMIDP
2025-01-21 15:30:00,25201.0,0.0,3747.0,2513.0,523.0,761.0,4079.0,3211.0,1318.0,199.0,936.0,42488.0,264.0,11890.0,11175.0,4932.0,25201.0,59.3,0.0,8.8,5.9,1.2,1.8,9.6,7.6,3.1,0.5,2.2,100.0,28.0,32.6,11.6,59.3,2025-01-21,Winter,bottom10,APXMIDP,190.24,3168.4,190.24,0.0,190.24,0.19024000000000002,Elexon BMRS Market Index Data,APXMIDP
2025-01-21 16:00:00,24925.0,0.0,3747.0,2384.0,543.0,1108.0,4125.0,3222.0,1551.0,22.0,1800.0,43428.0,256.0,12827.0,12263.0,5857.0,24925.0,57.4,0.0,8.6,5.5,1.3,2.6,9.5,7.4,3.6,0.1,4.1,100.0,29.5,34.6,13.5,57.4,2025-01-21,Winter,bottom10,APXMIDP,182.27,3009.6,182.27,0.0,182.27,0.18227000000000002,Elexon BMRS Market Index Data,APXMIDP
2025-01-21 16:30:00,25162.0,0.0,3748.0,2438.0,562.0,1113.0,4162.0,3227.0,2148.0,0.0,2012.0,44572.0,255.0,13100.0,12630.0,6125.0,25162.0,56.5,0.0,8.4,5.5,1.3,2.5,9.3,7.2,4.8,0.0,4.5,100.0,29.4,34.6,13.7,56.5,2025-01-21,Winter,bottom10,APXMIDP,210.98,3309.7,210.98,0.0,210.98,0.21098,Elexon BMRS Market Index Data,APXMIDP
2025-01-21 17:00:00,25123.0,0.0,3749.0,2670.0,578.0,1071.0,4358.0,3230.0,2661.0,0.0,1782.0,45222.0,256.0,13080.0,12588.0,6101.0,25123.0,55.6,0.0,8.3,5.9,1.3,2.4,9.6,7.1,5.9,0.0,3.9,100.0,28.9,34.1,13.5,55.6,2025-01-21,Winter,bottom10,APXMIDP,221.62,3794.1,221.62,0.0,221.62,0.22162,Elexon BMRS Market Index Data,APXMIDP
2025-01-21 17:30:00,24893.0,0.0,3749.0,2716.0,592.0,1061.0,4376.0,3231.0,3036.0,0.0,1822.0,45476.0,255.0,13171.0,12690.0,6191.0,24893.0,54.7,0.0,8.2,6.0,1.3,2.3,9.6,7.1,6.7,0.0,4.0,100.0,29.0,34.1,13.6,54.7,2025-01-21,Winter,bottom10,APXMIDP,217.63,4035.0,217.63,0.0,217.63,0.21763,Elexon BMRS Market Index Data,APXMIDP
2025-01-21 18:00:00,24906.0,0.0,3747.0,2679.0,600.0,1085.0,4460.0,3224.0,2828.0,0.0,1618.0,45147.0,257.0,12953.0,12391.0,5982.0,24906.0,55.2,0.0,8.3,5.9,1.3,2.4,9.9,7.1,6.3,0.0,3.6,100.0,28.7,33.7,13.2,55.2,2025-01-21,Winter,bottom10,APXMIDP,206.31,3324.1,206.31,0.0,206.31,0.20631,Elexon BMRS Market Index Data,APXMIDP
2025-01-21 18:30:00,24657.0,0.0,3745.0,2866.0,600.0,1067.0,4477.0,3226.0,2334.0,0.0,1610.0,44583.0,254.0,13115.0,12569.0,6143.0,24657.0,55.3,0.0,8.4,6.4,1.3,2.4,10.0,7.2,5.2,0.0,3.6,100.0,29.4,34.7,13.8,55.3,2025-01-21,Winter,bottom10,APXMIDP,198.75,3322.35,198.75,0.0,198.75,0.19875,Elexon BMRS Market Index Data,APXMIDP
2025-01-21 19:00:00,24716.0,0.0,3743.0,2792.0,604.0,858.0,4794.0,3227.0,2030.0,0.0,1472.0,44235.0,256.0,12695.0,12130.0,5726.0,24716.0,55.9,0.0,8.5,6.3,1.4,1.9,10.8,7.3,4.6,0.0,3.3,100.0,28.7,34.3,12.9,55.9,2025-01-21,Winter,bottom10,APXMIDP,169.41,3185.2,169.41,0.0,169.41,0.16941,Elexon BMRS Market Index Data,APXMIDP
2025-01-21 19:30:00,24724.0,0.0,3739.0,2510.0,611.0,837.0,4786.0,3233.0,1850.0,0.0,462.0,42752.0,264.0,11392.0,10795.0,4420.0,24724.0,57.8,0.0,8.7,5.9,1.4,2.0,11.2,7.6,4.3,0.0,1.1,100.0,26.6,31.8,10.3,57.8,2025-01-21,Winter,bottom10,APXMIDP,161.36,2869.75,161.36,0.0,161.36,0.16136,Elexon BMRS Market Index Data,APXMIDP
2025-01-21 20:00:00,24271.0,0.0,3735.0,2342.0,594.0,760.0,4344.0,3229.0,1679.0,0.0,16.0,40970.0,267.0,10676.0,10109.0,3712.0,24271.0,59.2,0.0,9.1,5.7,1.4,1.9,10.6,7.9,4.1,0.0,0.0,100.0,26.1,30.9,9.1,59.2,2025-01-21,Winter,bottom10,APXMIDP,177.25,3353.1,177.25,0.0,177.25,0.17725,Elexon BMRS Market Index Data,APXMIDP
2025-01-21 20:30:00,23864.0,0.0,3732.0,2122.0,531.0,674.0,4324.0,3234.0,1376.0,0.0,336.0,40193.0,264.0,10629.0,10099.0,3663.0,23864.0,59.4,0.0,9.3,5.3,1.3,1.7,10.8,8.0,3.4,0.0,0.8,100.0,26.4,31.5,9.1,59.4,2025-01-21,Winter,bottom10,APXMIDP,154.77,3092.2,154.77,0.0,154.77,0.15477000000000002,Elexon BMRS Market Index Data,APXMIDP
2025-01-21 21:00:00,23624.0,0.0,3791.0,2103.0,461.0,615.0,4114.0,3233.0,873.0,0.0,0.0,38814.0,266.0,10203.0,9743.0,3179.0,23624.0,60.9,0.0,9.8,5.4,1.2,1.6,10.6,8.3,2.2,0.0,0.0,100.0,26.3,31.4,8.2,60.9,2025-01-21,Winter,bottom10,APXMIDP,143.21,2601.35,143.21,0.0,143.21,0.14321,Elexon BMRS Market Index Data,APXMIDP
2025-01-21 21:30:00,23058.0,0.0,3827.0,1913.0,422.0,546.0,4042.0,3234.0,425.0,0.0,0.0,37467.0,266.0,9942.0,9521.0,2881.0,23058.0,61.5,0.0,10.2,5.1,1.1,1.5,10.8,8.6,1.1,0.0,0.0,100.0,26.5,32.2,7.7,61.5,2025-01-21,Winter,bottom10,APXMIDP,119.69,2232.35,119.69,0.0,119.69,0.11968999999999999,Elexon BMRS Market Index Data,APXMIDP
2025-01-21 22:00:00,23226.0,0.0,3827.0,1656.0,396.0,480.0,2512.0,3179.0,376.0,0.0,0.0,35652.0,275.0,9538.0,9143.0,2532.0,23226.0,65.1,0.0,10.7,4.6,1.1,1.3,7.0,8.9,1.1,0.0,0.0,100.0,26.8,31.2,7.1,65.1,2025-01-21,Winter,bottom10,APXMIDP,121.15,1959.65,121.15,0.0,121.15,0.12115000000000001,Elexon BMRS Market Index Data,APXMIDP
2025-01-21 22:30:00,23110.0,0.0,3825.0,1512.0,357.0,477.0,2494.0,2691.0,300.0,0.0,0.0,34766.0,278.0,8862.0,8506.0,2346.0,23110.0,66.5,0.0,11.0,4.3,1.0,1.4,7.2,7.7,0.9,0.0,0.0,100.0,25.5,29.9,6.7,66.5,2025-01-21,Winter,bottom10,APXMIDP,112.26,2273.25,112.26,0.0,112.26,0.11226,Elexon BMRS Market Index Data,APXMIDP
2025-01-21 23:00:00,22156.0,0.0,3824.0,1310.0,316.0,427.0,3130.0,2592.0,266.0,0.0,0.0,34021.0,275.0,8469.0,8154.0,2053.0,22156.0,65.1,0.0,11.2,3.9,0.9,1.3,9.2,7.6,0.8,0.0,0.0,100.0,24.9,29.9,6.0,65.1,2025-01-21,Winter,bottom10,APXMIDP,101.38,1669.05,101.38,0.0,101.38,0.10138,Elexon BMRS Market Index Data,APXMIDP
2025-01-21 23:30:00,21606.0,0.0,3824.0,1140.0,287.0,406.0,3186.0,2594.0,260.0,0.0,0.0,33303.0,274.0,8251.0,7965.0,1833.0,21606.0,64.9,0.0,11.5,3.4,0.9,1.2,9.6,7.8,0.8,0.0,0.0,100.0,24.8,29.8,5.5,64.9,2025-01-21,Winter,bottom10,APXMIDP,107.41,1357.75,107.41,0.0,107.41,0.10740999999999999,Elexon BMRS Market Index Data,APXMIDP
2025-04-30 00:00:00,10180.0,0.0,3184.0,2426.0,687.0,87.0,4424.0,2924.0,96.0,0.0,0.0,24008.0,189.0,9308.0,8622.0,3200.0,10180.0,42.4,0.0,13.3,10.1,2.9,0.4,18.4,12.2,0.4,0.0,0.0,100.0,38.8,50.5,13.3,42.4,2025-04-30,Spring,bottom10,APXMIDP,70.33,1680.35,70.33,0.0,70.33,0.07033,Elexon BMRS Market Index Data,APXMIDP
2025-04-30 00:30:00,9948.0,0.0,3184.0,2466.0,630.0,87.0,4432.0,2918.0,108.0,0.0,0.0,23773.0,188.0,9285.0,8656.0,3183.0,9948.0,41.8,0.0,13.4,10.4,2.6,0.4,18.6,12.3,0.5,0.0,0.0,100.0,39.1,50.9,13.4,41.8,2025-04-30,Spring,bottom10,APXMIDP,70.25,1581.95,70.25,0.0,70.25,0.07025,Elexon BMRS Market Index Data,APXMIDP
2025-04-30 01:00:00,10108.0,0.0,3185.0,2489.0,564.0,87.0,4186.0,2893.0,126.0,0.0,0.0,23638.0,189.0,9218.0,8655.0,3140.0,10108.0,42.8,0.0,13.5,10.5,2.4,0.4,17.7,12.2,0.5,0.0,0.0,100.0,39.0,50.0,13.3,42.8,2025-04-30,Spring,bottom10,APXMIDP,69.85,1408.0,69.85,0.0,69.85,0.06985,Elexon BMRS Market Index Data,APXMIDP
2025-04-30 01:30:00,9936.0,0.0,3186.0,2525.0,534.0,86.0,4182.0,2882.0,84.0,0.0,0.0,23415.0,187.0,9213.0,8680.0,3145.0,9936.0,42.4,0.0,13.6,10.8,2.3,0.4,17.9,12.3,0.4,0.0,0.0,100.0,39.3,50.6,13.4,42.4,2025-04-30,Spring,bottom10,APXMIDP,69.32,1431.45,69.32,0.0,69.32,0.06931999999999999,Elexon BMRS Market Index Data,APXMIDP
2025-04-30 02:00:00,9926.0,0.0,3186.0,2412.0,516.0,86.0,3912.0,2874.0,99.0,0.0,0.0,23011.0,189.0,9074.0,8559.0,3014.0,9926.0,43.1,0.0,13.8,10.5,2.2,0.4,17.0,12.5,0.4,0.0,0.0,100.0,39.4,50.2,13.1,43.1,2025-04-30,Spring,bottom10,APXMIDP,69.06,1422.45,69.06,0.0,69.06,0.06906,Elexon BMRS Market Index Data,APXMIDP
2025-04-30 02:30:00,9843.0,0.0,3187.0,2180.0,479.0,86.0,3908.0,2934.0,116.0,0.0,0.0,22733.0,190.0,8866.0,8388.0,2745.0,9843.0,43.3,0.0,14.0,9.6,2.1,0.4,17.2,12.9,0.5,0.0,0.0,100.0,39.0,49.8,12.1,43.3,2025-04-30,Spring,bottom10,APXMIDP,67.52,1606.2,67.52,0.0,67.52,0.06752,Elexon BMRS Market Index Data,APXMIDP
2025-04-30 03:00:00,10589.0,0.0,3186.0,1853.0,440.0,86.0,3906.0,2949.0,162.0,0.0,0.0,23171.0,200.0,8514.0,8086.0,2379.0,10589.0,45.7,0.0,13.8,8.0,1.9,0.4,16.9,12.7,0.7,0.0,0.0,100.0,36.7,46.9,10.3,45.7,2025-04-30,Spring,bottom10,APXMIDP,70.9,1715.75,70.9,0.0,70.9,0.0709,Elexon BMRS Market Index Data,APXMIDP
2025-04-30 03:30:00,11092.0,0.0,3187.0,1592.0,419.0,86.0,3906.0,2948.0,183.0,0.0,0.0,23413.0,207.0,8232.0,7814.0,2097.0,11092.0,47.4,0.0,13.6,6.8,1.8,0.4,16.7,12.6,0.8,0.0,0.0,100.0,35.2,44.5,9.0,47.4,2025-04-30,Spring,bottom10,APXMIDP,70.26,1909.15,70.26,0.0,70.26,0.07026,Elexon BMRS Market Index Data,APXMIDP
2025-04-30 04:00:00,11805.0,0.0,3187.0,1371.0,412.0,86.0,3908.0,2951.0,167.0,0.0,0.0,23887.0,214.0,8007.0,7596.0,1869.0,11805.0,49.4,0.0,13.3,5.7,1.7,0.4,16.4,12.4,0.7,0.0,0.0,100.0,33.5,42.7,7.8,49.4,2025-04-30,Spring,bottom10,APXMIDP,90.08,2336.6,90.08,0.0,90.08,0.09008,Elexon BMRS Market Index Data,APXMIDP
2025-04-30 04:30:00,12021.0,0.0,3187.0,1168.0,410.0,104.0,3908.0,2955.0,396.0,18.0,0.0,24167.0,218.0,7842.0,7480.0,1700.0,12021.0,49.7,0.0,13.2,4.8,1.7,0.4,16.2,12.2,1.6,0.1,0.0,100.0,32.4,41.7,7.0,49.7,2025-04-30,Spring,bottom10,APXMIDP,98.68,2094.15,98.68,0.0,98.68,0.09868,Elexon BMRS Market Index Data,APXMIDP
2025-04-30 05:00:00,12159.0,0.0,3188.0,1043.0,407.0,270.0,3908.0,2965.0,536.0,397.0,0.0,24873.0,216.0,8270.0,7505.0,2117.0,12159.0,48.9,0.0,12.8,4.2,1.6,1.1,15.7,11.9,2.2,1.6,0.0,100.0,33.2,41.0,8.5,48.9,2025-04-30,Spring,bottom10,APXMIDP,94.85,1745.9,94.85,0.0,94.85,0.09484999999999999,Elexon BMRS Market Index Data,APXMIDP
2025-04-30 05:30:00,12527.0,0.0,3187.0,1029.0,402.0,272.0,3910.0,2952.0,1100.0,1193.0,256.0,26828.0,212.0,9291.0,7866.0,3152.0,12527.0,46.7,0.0,11.9,3.8,1.5,1.0,14.6,11.0,4.1,4.4,1.0,100.0,34.6,40.6,11.7,46.7,2025-04-30,Spring,bottom10,APXMIDP,100.34,1422.8,100.34,0.0,100.34,0.10034,Elexon BMRS Market Index Data,APXMIDP
2025-04-30 06:00:00,12290.0,0.0,3187.0,920.0,389.0,272.0,6432.0,2963.0,692.0,2216.0,318.0,29679.0,200.0,10265.0,7764.0,4115.0,12290.0,41.4,0.0,10.7,3.1,1.3,0.9,21.7,10.0,2.3,7.5,1.1,100.0,34.6,41.4,13.9,41.4,2025-04-30,Spring,bottom10,APXMIDP,98.97,746.95,98.97,0.0,98.97,0.09897,Elexon BMRS Market Index Data,APXMIDP
2025-04-30 06:30:00,12137.0,0.0,3187.0,789.0,363.0,272.0,6702.0,3011.0,1158.0,3478.0,294.0,31391.0,194.0,11394.0,7719.0,5196.0,12137.0,38.7,0.0,10.2,2.5,1.2,0.9,21.4,9.6,3.7,11.1,0.9,100.0,36.3,40.8,16.6,38.7,2025-04-30,Spring,bottom10,APXMIDP,101.82,1625.75,101.82,0.0,101.82,0.10182,Elexon BMRS Market Index Data,APXMIDP
2025-04-30 07:00:00,12003.0,0.0,3187.0,691.0,324.0,268.0,6718.0,3022.0,866.0,4811.0,302.0,32192.0,185.0,12605.0,7603.0,6396.0,12003.0,37.3,0.0,9.9,2.1,1.0,0.8,20.9,9.4,2.7,14.9,0.9,100.0,39.2,41.2,19.9,37.3,2025-04-30,Spring,bottom10,APXMIDP,103.13,2524.7,103.13,0.0,103.13,0.10313,Elexon BMRS Market Index Data,APXMIDP
2025-04-30 07:30:00,11684.0,0.0,3187.0,604.0,275.0,264.0,6718.0,3021.0,565.0,6261.0,214.0,32793.0,175.0,13826.0,7415.0,7618.0,11684.0,35.6,0.0,9.7,1.8,0.8,0.8,20.5,9.2,1.7,19.1,0.7,100.0,42.2,42.0,23.2,35.6,2025-04-30,Spring,bottom10,APXMIDP,100.95,2599.2,100.95,0.0,100.95,0.10095,Elexon BMRS Market Index Data,APXMIDP
2025-04-30 08:00:00,11606.0,0.0,3188.0,584.0,229.0,191.0,6742.0,3013.0,425.0,7630.0,0.0,33608.0,169.0,14835.0,7079.0,8634.0,11606.0,34.5,0.0,9.5,1.7,0.7,0.6,20.1,9.0,1.3,22.7,0.0,100.0,44.1,41.3,25.7,34.5,2025-04-30,Spring,bottom10,APXMIDP,89.99,3105.55,89.99,0.0,89.99,0.08999,Elexon BMRS Market Index Data,APXMIDP
2025-04-30 08:30:00,10780.0,0.0,3185.0,535.0,197.0,189.0,6740.0,3002.0,324.0,8995.0,0.0,33947.0,157.0,16103.0,7028.0,9916.0,10780.0,31.8,0.0,9.4,1.6,0.6,0.6,19.9,8.8,1.0,26.5,0.0,100.0,47.4,43.6,29.2,31.8,2025-04-30,Spring,bottom10,APXMIDP,84.12,2557.85,84.12,0.0,84.12,0.08412,Elexon BMRS Market Index Data,APXMIDP
2025-04-30 09:00:00,9352.0,0.0,3191.0,561.0,183.0,167.0,6746.0,3016.0,298.0,10221.0,0.0,33735.0,141.0,17339.0,7069.0,11132.0,9352.0,27.7,0.0,9.5,1.7,0.5,0.5,20.0,8.9,0.9,30.3,0.0,100.0,51.4,47.5,33.0,27.7,2025-04-30,Spring,bottom10,APXMIDP,89.5,3060.2,89.5,0.0,89.5,0.0895,Elexon BMRS Market Index Data,APXMIDP
2025-04-30 09:30:00,8309.0,0.0,3186.0,590.0,186.0,152.0,6744.0,3012.0,373.0,11209.0,20.0,33781.0,129.0,18355.0,7116.0,12157.0,8309.0,24.6,0.0,9.4,1.7,0.6,0.4,20.0,8.9,1.1,33.2,0.1,100.0,54.3,49.6,36.0,24.6,2025-04-30,Spring,bottom10,APXMIDP,91.84,3173.1,91.84,0.0,91.84,0.09184,Elexon BMRS Market Index Data,APXMIDP
2025-04-30 10:00:00,7915.0,0.0,3186.0,585.0,198.0,152.0,6744.0,3010.0,316.0,12158.0,0.0,34264.0,122.0,19289.0,7082.0,13093.0,7915.0,23.1,0.0,9.3,1.7,0.6,0.4,19.7,8.8,0.9,35.5,0.0,100.0,56.3,50.3,38.2,23.1,2025-04-30,Spring,bottom10,APXMIDP,81.26,3538.65,81.26,0.0,81.26,0.08126,Elexon BMRS Market Index Data,APXMIDP
2025-04-30 10:30:00,7771.0,0.0,3186.0,610.0,213.0,149.0,6746.0,3007.0,311.0,12838.0,12.0,34843.0,118.0,20015.0,7115.0,13822.0,7771.0,22.3,0.0,9.1,1.8,0.6,0.4,19.4,8.6,0.9,36.8,0.0,100.0,57.4,51.0,39.7,22.3,2025-04-30,Spring,bottom10,APXMIDP,75.54,2821.05,75.54,0.0,75.54,0.07554000000000001,Elexon BMRS Market Index Data,APXMIDP
2025-04-30 11:00:00,7466.0,0.0,3186.0,729.0,225.0,119.0,6940.0,2962.0,386.0,13332.0,0.0,35345.0,115.0,20553.0,7206.0,14405.0,7466.0,21.1,0.0,9.0,2.1,0.6,0.3,19.6,8.4,1.1,37.7,0.0,100.0,58.1,52.2,40.8,21.1,2025-04-30,Spring,bottom10,APXMIDP,75.03,3037.25,75.03,0.0,75.03,0.07503,Elexon BMRS Market Index Data,APXMIDP
2025-04-30 11:30:00,7427.0,0.0,3184.0,816.0,236.0,119.0,6940.0,2910.0,302.0,13465.0,0.0,35399.0,113.0,20730.0,7180.0,14636.0,7427.0,21.0,0.0,9.0,2.3,0.7,0.3,19.6,8.2,0.9,38.0,0.0,100.0,58.6,52.3,41.3,21.0,2025-04-30,Spring,bottom10,APXMIDP,72.59,3030.6,72.59,0.0,72.59,0.07259,Elexon BMRS Market Index Data,APXMIDP
2025-04-30 12:00:00,7344.0,0.0,3182.0,923.0,260.0,119.0,6940.0,2923.0,314.0,13437.0,0.0,35442.0,112.0,20844.0,7297.0,14739.0,7344.0,20.7,0.0,9.0,2.6,0.7,0.3,19.6,8.2,0.9,37.9,0.0,100.0,58.8,52.9,41.6,20.7,2025-04-30,Spring,bottom10,APXMIDP,70.71,3562.3,70.71,0.0,70.71,0.07071,Elexon BMRS Market Index Data,APXMIDP
2025-04-30 12:30:00,6915.0,0.0,3185.0,1096.0,305.0,119.0,6940.0,2925.0,297.0,13153.0,0.0,34935.0,109.0,20783.0,7476.0,14673.0,6915.0,19.8,0.0,9.1,3.1,0.9,0.3,19.9,8.4,0.9,37.6,0.0,100.0,59.5,55.4,42.0,19.8,2025-04-30,Spring,bottom10,APXMIDP,69.52,3877.8,69.52,0.0,69.52,0.06952,Elexon BMRS Market Index Data,APXMIDP
2025-04-30 13:00:00,6909.0,0.0,3182.0,1259.0,354.0,104.0,6920.0,2919.0,254.0,12765.0,18.0,34684.0,109.0,20601.0,7633.0,14500.0,6909.0,19.9,0.0,9.2,3.6,1.0,0.3,20.0,8.4,0.7,36.8,0.1,100.0,59.4,56.0,41.8,19.9,2025-04-30,Spring,bottom10,APXMIDP,69.9,3685.05,69.9,0.0,69.9,0.0699,Elexon BMRS Market Index Data,APXMIDP
2025-04-30 13:30:00,7004.0,0.0,3180.0,1406.0,385.0,104.0,6920.0,2918.0,277.0,12179.0,0.0,34373.0,111.0,20172.0,7758.0,14074.0,7004.0,20.4,0.0,9.3,4.1,1.1,0.3,20.1,8.5,0.8,35.4,0.0,100.0,58.7,55.8,40.9,20.4,2025-04-30,Spring,bottom10,APXMIDP,68.04,3811.45,68.04,0.0,68.04,0.06804,Elexon BMRS Market Index Data,APXMIDP
2025-04-30 14:00:00,7074.0,0.0,3181.0,1491.0,418.0,104.0,6920.0,2885.0,293.0,11303.0,0.0,33669.0,114.0,19382.0,7804.0,13316.0,7074.0,21.0,0.0,9.4,4.4,1.2,0.3,20.6,8.6,0.9,33.6,0.0,100.0,57.6,55.8,39.5,21.0,2025-04-30,Spring,bottom10,APXMIDP,72.55,2478.35,72.55,0.0,72.55,0.07255,Elexon BMRS Market Index Data,APXMIDP
2025-04-30 14:30:00,7145.0,0.0,3181.0,1779.0,469.0,98.0,6920.0,2870.0,379.0,10193.0,0.0,33034.0,118.0,18590.0,8058.0,12539.0,7145.0,21.6,0.0,9.6,5.4,1.4,0.3,20.9,8.7,1.1,30.9,0.0,100.0,56.3,56.1,38.0,21.6,2025-04-30,Spring,bottom10,APXMIDP,72.78,2323.75,72.78,0.0,72.78,0.07278,Elexon BMRS Market Index Data,APXMIDP
2025-04-30 15:00:00,7708.0,0.0,3180.0,2161.0,527.0,86.0,6914.0,2896.0,514.0,8990.0,0.0,32976.0,126.0,17840.0,8452.0,11764.0,7708.0,23.4,0.0,9.6,6.6,1.6,0.3,21.0,8.8,1.6,27.3,0.0,100.0,54.1,54.9,35.7,23.4,2025-04-30,Spring,bottom10,APXMIDP,71.65,2686.15,71.65,0.0,71.65,0.07165,Elexon BMRS Market Index Data,APXMIDP
2025-04-30 15:30:00,9404.0,0.0,3184.0,2445.0,578.0,87.0,6820.0,2934.0,461.0,7629.0,0.0,33542.0,143.0,16857.0,8822.0,10739.0,9404.0,28.0,0.0,9.5,7.3,1.7,0.3,20.3,8.7,1.4,22.7,0.0,100.0,50.3,51.4,32.0,28.0,2025-04-30,Spring,bottom10,APXMIDP,71.34,3081.45,71.34,0.0,71.34,0.07134,Elexon BMRS Market Index Data,APXMIDP
2025-04-30 16:00:00,12062.0,0.0,3183.0,2885.0,636.0,117.0,4604.0,2991.0,404.0,6222.0,0.0,33104.0,163.0,16034.0,9276.0,9860.0,12062.0,36.4,0.0,9.6,8.7,1.9,0.4,13.9,9.0,1.2,18.8,0.0,100.0,48.4,46.4,29.8,36.4,2025-04-30,Spring,bottom10,APXMIDP,85.88,2454.0,85.88,0.0,85.88,0.08588,Elexon BMRS Market Index Data,APXMIDP
2025-04-30 16:30:00,13794.0,0.0,3186.0,3310.0,711.0,129.0,4388.0,3010.0,377.0,4847.0,0.0,33752.0,179.0,15193.0,9697.0,8997.0,13794.0,40.9,0.0,9.4,9.8,2.1,0.4,13.0,8.9,1.1,14.4,0.0,100.0,45.0,44.9,26.7,40.9,2025-04-30,Spring,bottom10,APXMIDP,77.61,2864.95,77.61,0.0,77.61,0.07761,Elexon BMRS Market Index Data,APXMIDP
2025-04-30 17:00:00,16351.0,0.0,3183.0,3418.0,776.0,211.0,3906.0,3010.0,782.0,3565.0,234.0,35436.0,201.0,14397.0,10115.0,8204.0,16351.0,46.1,0.0,9.0,9.6,2.2,0.6,11.0,8.5,2.2,10.1,0.7,100.0,40.6,41.2,23.2,46.1,2025-04-30,Spring,bottom10,APXMIDP,90.65,2965.8,90.65,0.0,90.65,0.09065000000000001,Elexon BMRS Market Index Data,APXMIDP
2025-04-30 17:30:00,16758.0,0.0,3182.0,3652.0,807.0,226.0,3906.0,3007.0,940.0,2373.0,306.0,35157.0,208.0,13553.0,10510.0,7364.0,16758.0,47.7,0.0,9.1,10.4,2.3,0.6,11.1,8.6,2.7,6.7,0.9,100.0,38.5,41.4,20.9,47.7,2025-04-30,Spring,bottom10,APXMIDP,94.07,2931.0,94.07,0.0,94.07,0.09406999999999999,Elexon BMRS Market Index Data,APXMIDP
2025-04-30 18:00:00,16934.0,0.0,3182.0,3606.0,824.0,270.0,3908.0,3012.0,1397.0,1366.0,254.0,34753.0,217.0,12514.0,10436.0,6320.0,16934.0,48.7,0.0,9.2,10.4,2.4,0.8,11.2,8.7,4.0,3.9,0.7,100.0,36.0,40.2,18.2,48.7,2025-04-30,Spring,bottom10,APXMIDP,106.88,2646.65,106.88,0.0,106.88,0.10687999999999999,Elexon BMRS Market Index Data,APXMIDP
2025-04-30 18:30:00,16970.0,0.0,3183.0,3608.0,855.0,296.0,3910.0,3004.0,1601.0,509.0,308.0,34244.0,222.0,11763.0,10491.0,5576.0,16970.0,49.6,0.0,9.3,10.5,2.5,0.9,11.4,8.8,4.7,1.5,0.9,100.0,34.3,39.9,16.3,49.6,2025-04-30,Spring,bottom10,APXMIDP,106.91,2646.2,106.91,0.0,106.91,0.10690999999999999,Elexon BMRS Market Index Data,APXMIDP
2025-04-30 19:00:00,16747.0,0.0,3183.0,3417.0,909.0,310.0,3908.0,2982.0,1078.0,56.0,308.0,32898.0,224.0,11165.0,10203.0,5000.0,16747.0,50.9,0.0,9.7,10.4,2.8,0.9,11.9,9.1,3.3,0.2,0.9,100.0,33.9,40.2,15.2,50.9,2025-04-30,Spring,bottom10,APXMIDP,105.38,2652.5,105.38,0.0,105.38,0.10538,Elexon BMRS Market Index Data,APXMIDP
2025-04-30 19:30:00,16908.0,0.0,3181.0,3505.0,983.0,309.0,3906.0,2919.0,964.0,0.0,322.0,32997.0,223.0,11219.0,10237.0,5119.0,16908.0,51.2,0.0,9.6,10.6,3.0,0.9,11.8,8.8,2.9,0.0,1.0,100.0,34.0,40.2,15.5,51.2,2025-04-30,Spring,bottom10,APXMIDP,103.96,2623.2,103.96,0.0,103.96,0.10396,Elexon BMRS Market Index Data,APXMIDP
2025-04-30 20:00:00,16998.0,0.0,3183.0,3481.0,1029.0,281.0,3906.0,2916.0,483.0,0.0,86.0,32363.0,224.0,10976.0,9956.0,4877.0,16998.0,52.5,0.0,9.8,10.8,3.2,0.9,12.1,9.0,1.5,0.0,0.3,100.0,33.9,40.2,15.1,52.5,2025-04-30,Spring,bottom10,APXMIDP,86.41,2209.3,86.41,0.0,86.41,0.08641,Elexon BMRS Market Index Data,APXMIDP
2025-04-30 20:30:00,16633.0,0.0,3183.0,3353.0,1012.0,251.0,3906.0,2918.0,395.0,0.0,0.0,31651.0,224.0,10717.0,9706.0,4616.0,16633.0,52.6,0.0,10.1,10.6,3.2,0.8,12.3,9.2,1.2,0.0,0.0,100.0,33.9,40.2,14.6,52.6,2025-04-30,Spring,bottom10,APXMIDP,76.47,2254.45,76.47,0.0,76.47,0.07647,Elexon BMRS Market Index Data,APXMIDP
2025-04-30 21:00:00,15387.0,0.0,3184.0,3284.0,980.0,188.0,3906.0,2921.0,452.0,0.0,0.0,30302.0,219.0,10557.0,9685.0,4452.0,15387.0,50.8,0.0,10.5,10.8,3.2,0.6,12.9,9.6,1.5,0.0,0.0,100.0,34.8,41.7,14.7,50.8,2025-04-30,Spring,bottom10,APXMIDP,79.91,2234.9,79.91,0.0,79.91,0.07991,Elexon BMRS Market Index Data,APXMIDP
2025-04-30 21:30:00,13784.0,0.0,3186.0,3266.0,985.0,170.0,3906.0,2922.0,416.0,0.0,36.0,28671.0,208.0,10565.0,9607.0,4457.0,13784.0,48.1,0.0,11.1,11.4,3.4,0.6,13.6,10.2,1.5,0.0,0.1,100.0,36.8,44.2,15.5,48.1,2025-04-30,Spring,bottom10,APXMIDP,83.13,2363.8,83.13,0.0,83.13,0.08313,Elexon BMRS Market Index Data,APXMIDP
2025-04-30 22:00:00,11476.0,0.0,3185.0,3099.0,1006.0,103.0,4410.0,2922.0,221.0,0.0,0.0,26422.0,194.0,10315.0,9310.0,4208.0,11476.0,43.4,0.0,12.1,11.7,3.8,0.4,16.7,11.1,0.8,0.0,0.0,100.0,39.0,48.6,15.9,43.4,2025-04-30,Spring,bottom10,APXMIDP,80.16,1460.65,80.16,0.0,80.16,0.08016,Elexon BMRS Market Index Data,APXMIDP
2025-04-30 22:30:00,10377.0,0.0,3185.0,3008.0,1014.0,102.0,4448.0,2921.0,187.0,0.0,0.0,25242.0,185.0,10230.0,9217.0,4124.0,10377.0,41.1,0.0,12.6,11.9,4.0,0.4,17.6,11.6,0.7,0.0,0.0,100.0,40.5,51.2,16.3,41.1,2025-04-30,Spring,bottom10,APXMIDP,86.57,1492.8,86.57,0.0,86.57,0.08657,Elexon BMRS Market Index Data,APXMIDP
2025-04-30 23:00:00,10278.0,0.0,3187.0,2934.0,1025.0,87.0,4068.0,2912.0,113.0,0.0,0.0,24604.0,183.0,10145.0,9121.0,4046.0,10278.0,41.8,0.0,13.0,11.9,4.2,0.4,16.5,11.8,0.5,0.0,0.0,100.0,41.2,51.9,16.4,41.8,2025-04-30,Spring,bottom10,APXMIDP,83.11,1380.55,83.11,0.0,83.11,0.08311,Elexon BMRS Market Index Data,APXMIDP
2025-04-30 23:30:00,9908.0,0.0,3187.0,2968.0,1053.0,86.0,4054.0,2919.0,137.0,0.0,0.0,24312.0,180.0,10213.0,9161.0,4107.0,9908.0,40.8,0.0,13.1,12.2,4.3,0.4,16.7,12.0,0.6,0.0,0.0,100.0,42.0,52.9,16.9,40.8,2025-04-30,Spring,bottom10,APXMIDP,79.6,1412.35,79.6,0.0,79.6,0.07959999999999999,Elexon BMRS Market Index Data,APXMIDP
2025-05-14 00:00:00,6433.0,0.0,5042.0,3608.0,1421.0,90.0,5190.0,2576.0,175.0,0.0,0.0,24535.0,121.0,12737.0,11324.0,5119.0,6433.0,26.2,0.0,20.6,14.7,5.8,0.4,21.2,10.5,0.7,0.0,0.0,100.0,51.9,68.4,20.9,26.2,2025-05-14,Spring,avg,APXMIDP,82.51,1609.4,82.51,0.0,82.51,0.08251,Elexon BMRS Market Index Data,APXMIDP
2025-05-14 00:30:00,6244.0,0.0,5084.0,3769.0,1419.0,90.0,5198.0,2454.0,215.0,0.0,0.0,24473.0,118.0,12816.0,11401.0,5278.0,6244.0,25.5,0.0,20.8,15.4,5.8,0.4,21.2,10.0,0.9,0.0,0.0,100.0,52.4,69.2,21.6,25.5,2025-05-14,Spring,avg,APXMIDP,80.59,1706.85,80.59,0.0,80.59,0.08059000000000001,Elexon BMRS Market Index Data,APXMIDP
2025-05-14 01:00:00,6151.0,0.0,5094.0,3783.0,1407.0,90.0,5108.0,2338.0,246.0,0.0,0.0,24217.0,117.0,12712.0,11326.0,5280.0,6151.0,25.4,0.0,21.0,15.6,5.8,0.4,21.1,9.7,1.0,0.0,0.0,100.0,52.5,69.3,21.8,25.4,2025-05-14,Spring,avg,APXMIDP,77.11,1785.0,77.11,0.0,77.11,0.07711,Elexon BMRS Market Index Data,APXMIDP
2025-05-14 01:30:00,6035.0,0.0,5092.0,3813.0,1382.0,90.0,5098.0,2149.0,264.0,0.0,0.0,23923.0,116.0,12526.0,11156.0,5285.0,6035.0,25.2,0.0,21.3,15.9,5.8,0.4,21.3,9.0,1.1,0.0,0.0,100.0,52.4,69.2,22.1,25.2,2025-05-14,Spring,avg,APXMIDP,72.08,1976.0,72.08,0.0,72.08,0.07208,Elexon BMRS Market Index Data,APXMIDP
2025-05-14 02:00:00,5788.0,0.0,5091.0,3934.0,1364.0,90.0,5054.0,2149.0,188.0,0.0,0.0,23658.0,112.0,12628.0,11265.0,5388.0,5788.0,24.5,0.0,21.5,16.6,5.8,0.4,21.4,9.1,0.8,0.0,0.0,100.0,53.4,70.3,22.8,24.5,2025-05-14,Spring,avg,APXMIDP,69.09,1110.0,69.09,0.0,69.09,0.06909,Elexon BMRS Market Index Data,APXMIDP
2025-05-14 02:30:00,5730.0,0.0,5092.0,4201.0,1367.0,90.0,5024.0,2171.0,138.0,0.0,0.0,23813.0,110.0,12921.0,11555.0,5658.0,5730.0,24.1,0.0,21.4,17.6,5.7,0.4,21.1,9.1,0.6,0.0,0.0,100.0,54.3,70.6,23.8,24.1,2025-05-14,Spring,avg,APXMIDP,67.98,1008.85,67.98,0.0,67.98,0.06798,Elexon BMRS Market Index Data,APXMIDP
2025-05-14 03:00:00,5496.0,0.0,5089.0,4257.0,1385.0,90.0,4658.0,2173.0,190.0,0.0,0.0,23338.0,109.0,12994.0,11610.0,5732.0,5496.0,23.5,0.0,21.8,18.2,5.9,0.4,20.0,9.3,0.8,0.0,0.0,100.0,55.7,71.5,24.6,23.5,2025-05-14,Spring,avg,APXMIDP,66.23,1004.95,66.23,0.0,66.23,0.06623,Elexon BMRS Market Index Data,APXMIDP
2025-05-14 03:30:00,5480.0,0.0,5092.0,4376.0,1404.0,90.0,4620.0,2174.0,152.0,0.0,0.0,23388.0,108.0,13136.0,11733.0,5870.0,5480.0,23.4,0.0,21.8,18.7,6.0,0.4,19.8,9.3,0.6,0.0,0.0,100.0,56.2,71.8,25.1,23.4,2025-05-14,Spring,avg,APXMIDP,63.31,1155.8,63.31,0.0,63.31,0.06331,Elexon BMRS Market Index Data,APXMIDP
2025-05-14 04:00:00,5379.0,0.0,5097.0,4628.0,1407.0,106.0,4440.0,2153.0,160.0,2.0,0.0,23372.0,105.0,13393.0,11987.0,6143.0,5379.0,23.0,0.0,21.8,19.8,6.0,0.5,19.0,9.2,0.7,0.0,0.0,100.0,57.3,72.6,26.3,23.0,2025-05-14,Spring,avg,APXMIDP,65.18,1390.75,65.18,0.0,65.18,0.06518,Elexon BMRS Market Index Data,APXMIDP
2025-05-14 04:30:00,5453.0,0.0,5095.0,4530.0,1389.0,112.0,4456.0,2246.0,238.0,173.0,0.0,23692.0,107.0,13545.0,11994.0,6204.0,5453.0,23.0,0.0,21.5,19.1,5.9,0.5,18.8,9.5,1.0,0.7,0.0,100.0,57.2,72.4,26.2,23.0,2025-05-14,Spring,avg,APXMIDP,65.26,1043.1,65.26,0.0,65.26,0.06526,Elexon BMRS Market Index Data,APXMIDP
2025-05-14 05:00:00,6093.0,0.0,5091.0,4631.0,1356.0,174.0,4994.0,2177.0,496.0,709.0,0.0,25721.0,111.0,14138.0,12134.0,6870.0,6093.0,23.7,0.0,19.8,18.0,5.3,0.7,19.4,8.5,1.9,2.8,0.0,100.0,55.0,69.8,26.7,23.7,2025-05-14,Spring,avg,APXMIDP,73.57,1934.2,73.57,0.0,73.57,0.07357,Elexon BMRS Market Index Data,APXMIDP
2025-05-14 05:30:00,6859.0,0.0,5097.0,4781.0,1310.0,176.0,5070.0,2258.0,758.0,1498.0,0.0,27807.0,117.0,15120.0,12388.0,7765.0,6859.0,24.7,0.0,18.3,17.2,4.7,0.6,18.2,8.1,2.7,5.4,0.0,100.0,54.4,67.3,27.9,24.7,2025-05-14,Spring,avg,APXMIDP,88.2,1850.8,88.2,0.0,88.2,0.0882,Elexon BMRS Market Index Data,APXMIDP
2025-05-14 06:00:00,6632.0,0.0,5098.0,4663.0,1270.0,209.0,5792.0,2593.0,766.0,2543.0,140.0,29706.0,110.0,16516.0,12829.0,8825.0,6632.0,22.3,0.0,17.2,15.7,4.3,0.7,19.5,8.7,2.6,8.6,0.5,100.0,55.6,69.0,29.7,22.3,2025-05-14,Spring,avg,APXMIDP,89.59,2002.1,89.59,0.0,89.59,0.08959,Elexon BMRS Market Index Data,APXMIDP
2025-05-14 06:30:00,6245.0,0.0,5103.0,4989.0,1250.0,203.0,5898.0,3053.0,843.0,3706.0,148.0,31438.0,102.0,18452.0,13592.0,10296.0,6245.0,19.9,0.0,16.2,15.9,4.0,0.6,18.8,9.7,2.7,11.8,0.5,100.0,58.7,71.3,32.7,19.9,2025-05-14,Spring,avg,APXMIDP,93.36,2101.95,93.36,0.0,93.36,0.09336,Elexon BMRS Market Index Data,APXMIDP
2025-05-14 07:00:00,6076.0,0.0,5100.0,5121.0,1245.0,201.0,5806.0,3041.0,735.0,4930.0,148.0,32403.0,95.0,19786.0,13747.0,11645.0,6076.0,18.8,0.0,15.7,15.8,3.8,0.6,17.9,9.4,2.3,15.2,0.5,100.0,61.1,72.6,35.9,18.8,2025-05-14,Spring,avg,APXMIDP,93.05,2147.55,93.05,0.0,93.05,0.09305,Elexon BMRS Market Index Data,APXMIDP
2025-05-14 07:30:00,5607.0,0.0,5103.0,5266.0,1260.0,185.0,5804.0,2914.0,588.0,6125.0,0.0,32852.0,87.0,20853.0,13646.0,12836.0,5607.0,17.1,0.0,15.5,16.0,3.8,0.6,17.7,8.9,1.8,18.6,0.0,100.0,63.5,74.3,39.1,17.1,2025-05-14,Spring,avg,APXMIDP,79.23,1916.9,79.23,0.0,79.23,0.07923000000000001,Elexon BMRS Market Index Data,APXMIDP
2025-05-14 08:00:00,5060.0,0.0,5100.0,5434.0,1296.0,181.0,5866.0,2864.0,393.0,7428.0,0.0,33622.0,77.0,22303.0,13791.0,14339.0,5060.0,15.0,0.0,15.2,16.2,3.9,0.5,17.4,8.5,1.2,22.1,0.0,100.0,66.3,76.7,42.6,15.0,2025-05-14,Spring,avg,APXMIDP,64.45,2031.3,64.45,0.0,64.45,0.06445000000000001,Elexon BMRS Market Index Data,APXMIDP
2025-05-14 08:30:00,4001.0,0.0,5103.0,5377.0,1347.0,172.0,5862.0,2695.0,408.0,8638.0,0.0,33603.0,64.0,23332.0,13578.0,15534.0,4001.0,11.9,0.0,15.2,16.0,4.0,0.5,17.4,8.0,1.2,25.7,0.0,100.0,69.4,79.7,46.2,11.9,2025-05-14,Spring,avg,APXMIDP,70.54,2290.55,70.54,0.0,70.54,0.07054,Elexon BMRS Market Index Data,APXMIDP
2025-05-14 09:00:00,3558.0,0.0,5104.0,5134.0,1370.0,127.0,5642.0,2127.0,469.0,9803.0,0.0,33334.0,57.0,23665.0,12752.0,16434.0,3558.0,10.7,0.0,15.3,15.4,4.1,0.4,16.9,6.4,1.4,29.4,0.0,100.0,71.0,80.7,49.3,10.7,2025-05-14,Spring,avg,APXMIDP,73.89,2708.8,73.89,0.0,73.89,0.07389,Elexon BMRS Market Index Data,APXMIDP
2025-05-14 09:30:00,3046.0,0.0,5105.0,5157.0,1337.0,126.0,5630.0,1797.0,476.0,10800.0,0.0,33474.0,49.0,24322.0,12472.0,17420.0,3046.0,9.1,0.0,15.3,15.4,4.0,0.4,16.8,5.4,1.4,32.3,0.0,100.0,72.7,81.7,52.0,9.1,2025-05-14,Spring,avg,APXMIDP,74.11,2777.85,74.11,0.0,74.11,0.07411,Elexon BMRS Market Index Data,APXMIDP
2025-05-14 10:00:00,2571.0,0.0,5102.0,5097.0,1303.0,110.0,5638.0,1770.0,619.0,11834.0,0.0,34044.0,46.0,25216.0,12401.0,18344.0,2571.0,7.6,0.0,15.0,15.0,3.8,0.3,16.6,5.2,1.8,34.8,0.0,100.0,74.1,82.7,53.9,7.6,2025-05-14,Spring,avg,APXMIDP,71.13,2121.4,71.13,0.0,71.13,0.07113,Elexon BMRS Market Index Data,APXMIDP
2025-05-14 10:30:00,2236.0,0.0,5125.0,5104.0,1321.0,107.0,5632.0,1783.0,520.0,12452.0,0.0,34280.0,41.0,25892.0,12474.0,18984.0,2236.0,6.5,0.0,15.0,14.9,3.9,0.3,16.4,5.2,1.5,36.3,0.0,100.0,75.5,85.5,55.4,6.5,2025-05-14,Spring,avg,APXMIDP,72.4,2258.1,72.4,0.0,72.4,0.0724,Elexon BMRS Market Index Data,APXMIDP
2025-05-14 11:00:00,2066.0,0.0,5154.0,5105.0,1351.0,104.0,5584.0,1756.0,666.0,13047.0,0.0,34833.0,40.0,26517.0,12500.0,19607.0,2066.0,5.9,0.0,14.8,14.7,3.9,0.3,16.0,5.0,1.9,37.5,0.0,100.0,76.1,85.6,56.3,5.9,2025-05-14,Spring,avg,APXMIDP,75.32,2199.6,75.32,0.0,75.32,0.07532,Elexon BMRS Market Index Data,APXMIDP
2025-05-14 11:30:00,2225.0,0.0,5150.0,5191.0,1346.0,104.0,5566.0,1654.0,609.0,13531.0,0.0,35376.0,40.0,26976.0,12512.0,20172.0,2225.0,6.3,0.0,14.6,14.7,3.8,0.3,15.7,4.7,1.7,38.2,0.0,100.0,76.3,85.5,57.0,6.3,2025-05-14,Spring,avg,APXMIDP,70.84,2516.8,70.84,0.0,70.84,0.07084,Elexon BMRS Market Index Data,APXMIDP
2025-05-14 12:00:00,2130.0,0.0,5158.0,5297.0,1329.0,139.0,5566.0,1586.0,464.0,13528.0,0.0,35197.0,38.0,27037.0,12503.0,20293.0,2130.0,6.1,0.0,14.7,15.0,3.8,0.4,15.8,4.5,1.3,38.4,0.0,100.0,76.8,86.2,57.7,6.1,2025-05-14,Spring,avg,APXMIDP,67.82,2505.65,67.82,0.0,67.82,0.06781999999999999,Elexon BMRS Market Index Data,APXMIDP
2025-05-14 12:30:00,2092.0,0.0,5158.0,5353.0,1328.0,147.0,5564.0,1452.0,455.0,13227.0,0.0,34776.0,37.0,26665.0,12436.0,20055.0,2092.0,6.0,0.0,14.8,15.4,3.8,0.4,16.0,4.2,1.3,38.0,0.0,100.0,76.7,86.3,57.7,6.0,2025-05-14,Spring,avg,APXMIDP,70.57,2831.75,70.57,0.0,70.57,0.07057,Elexon BMRS Market Index Data,APXMIDP
2025-05-14 13:00:00,2043.0,0.0,5160.0,5398.0,1325.0,135.0,5564.0,1449.0,482.0,12899.0,0.0,34455.0,38.0,26366.0,12467.0,19757.0,2043.0,5.9,0.0,15.0,15.7,3.8,0.4,16.1,4.2,1.4,37.4,0.0,100.0,76.5,86.5,57.3,5.9,2025-05-14,Spring,avg,APXMIDP,69.21,3384.35,69.21,0.0,69.21,0.06921,Elexon BMRS Market Index Data,APXMIDP
2025-05-14 13:30:00,1912.0,0.0,5165.0,5742.0,1308.0,129.0,5566.0,1454.0,493.0,12374.0,0.0,34143.0,36.0,26172.0,12797.0,19553.0,1912.0,5.6,0.0,15.1,16.8,3.8,0.4,16.3,4.3,1.4,36.2,0.0,100.0,76.7,87.4,57.3,5.6,2025-05-14,Spring,avg,APXMIDP,71.58,3107.4,71.58,0.0,71.58,0.07158,Elexon BMRS Market Index Data,APXMIDP
2025-05-14 14:00:00,2019.0,0.0,5164.0,6215.0,1325.0,128.0,5532.0,1616.0,450.0,11541.0,0.0,33990.0,37.0,25989.0,13416.0,19209.0,2019.0,5.9,0.0,15.2,18.3,3.9,0.4,16.3,4.8,1.3,34.0,0.0,100.0,76.5,87.4,56.5,5.9,2025-05-14,Spring,avg,APXMIDP,76.3,2963.3,76.3,0.0,76.3,0.07629999999999999,Elexon BMRS Market Index Data,APXMIDP
2025-05-14 14:30:00,2389.0,0.0,5164.0,6389.0,1417.0,130.0,5550.0,1692.0,518.0,10617.0,0.0,33866.0,42.0,25409.0,13666.0,18553.0,2389.0,7.1,0.0,15.2,18.9,4.2,0.4,16.4,5.0,1.5,31.4,0.0,100.0,75.0,85.6,54.8,7.1,2025-05-14,Spring,avg,APXMIDP,76.56,2896.0,76.56,0.0,76.56,0.07656,Elexon BMRS Market Index Data,APXMIDP
2025-05-14 15:00:00,2636.0,0.0,5166.0,6486.0,1519.0,144.0,5498.0,1802.0,617.0,9401.0,0.0,33269.0,46.0,24518.0,13874.0,17550.0,2636.0,7.9,0.0,15.5,19.5,4.6,0.4,16.5,5.4,1.9,28.3,0.0,100.0,73.7,83.9,52.8,7.9,2025-05-14,Spring,avg,APXMIDP,77.37,2608.5,77.37,0.0,77.37,0.07737000000000001,Elexon BMRS Market Index Data,APXMIDP
2025-05-14 15:30:00,3427.0,0.0,5164.0,7039.0,1566.0,146.0,5516.0,1899.0,576.0,7933.0,0.0,33266.0,55.0,23747.0,14498.0,16684.0,3427.0,10.3,0.0,15.5,21.2,4.7,0.4,16.6,5.7,1.7,23.8,0.0,100.0,71.4,81.2,50.2,10.3,2025-05-14,Spring,avg,APXMIDP,77.19,2881.15,77.19,0.0,77.19,0.07719,Elexon BMRS Market Index Data,APXMIDP
2025-05-14 16:00:00,4431.0,0.0,5173.0,7574.0,1586.0,177.0,5694.0,2209.0,524.0,6524.0,0.0,33892.0,67.0,23243.0,15330.0,15861.0,4431.0,13.1,0.0,15.3,22.3,4.7,0.5,16.8,6.5,1.5,19.2,0.0,100.0,68.6,78.8,46.8,13.1,2025-05-14,Spring,avg,APXMIDP,74.21,2509.45,74.21,0.0,74.21,0.07421,Elexon BMRS Market Index Data,APXMIDP
2025-05-14 16:30:00,5559.0,0.0,5172.0,7729.0,1617.0,195.0,5692.0,2491.0,528.0,5180.0,0.0,34163.0,80.0,22384.0,15765.0,14721.0,5559.0,16.3,0.0,15.1,22.6,4.7,0.6,16.7,7.3,1.5,15.2,0.0,100.0,65.5,76.6,43.1,16.3,2025-05-14,Spring,avg,APXMIDP,73.85,2848.5,73.85,0.0,73.85,0.07385,Elexon BMRS Market Index Data,APXMIDP
2025-05-14 17:00:00,6100.0,0.0,5175.0,7845.0,1637.0,222.0,5812.0,2665.0,551.0,3912.0,0.0,33919.0,89.0,21456.0,16055.0,13616.0,6100.0,18.0,0.0,15.3,23.1,4.8,0.7,17.1,7.9,1.6,11.5,0.0,100.0,63.3,76.3,40.1,18.0,2025-05-14,Spring,avg,APXMIDP,74.51,2547.4,74.51,0.0,74.51,0.07451,Elexon BMRS Market Index Data,APXMIDP
2025-05-14 17:30:00,6401.0,0.0,5165.0,8311.0,1617.0,222.0,5800.0,2530.0,620.0,2798.0,16.0,33480.0,93.0,20659.0,16365.0,12964.0,6401.0,19.1,0.0,15.4,24.8,4.8,0.7,17.3,7.6,1.9,8.4,0.0,100.0,61.7,75.4,38.7,19.1,2025-05-14,Spring,avg,APXMIDP,74.95,3092.5,74.95,0.0,74.95,0.07495,Elexon BMRS Market Index Data,APXMIDP
2025-05-14 18:00:00,7670.0,0.0,5164.0,8082.0,1550.0,251.0,4983.0,2359.0,1290.0,1803.0,314.0,33466.0,112.0,19523.0,16418.0,12000.0,7670.0,22.9,0.0,15.4,24.1,4.6,0.8,14.9,7.0,3.9,5.4,0.9,100.0,58.3,69.7,35.9,22.9,2025-05-14,Spring,avg,APXMIDP,86.4,3094.95,86.4,0.0,86.4,0.0864,Elexon BMRS Market Index Data,APXMIDP
2025-05-14 18:30:00,8253.0,0.0,5166.0,7782.0,1446.0,263.0,4978.0,2333.0,1239.0,965.0,204.0,32630.0,121.0,18159.0,15957.0,10660.0,8253.0,25.3,0.0,15.8,23.8,4.4,0.8,15.3,7.1,3.8,3.0,0.6,100.0,55.7,67.4,32.7,25.3,2025-05-14,Spring,avg,APXMIDP,94.55,2857.25,94.55,0.0,94.55,0.09455,Elexon BMRS Market Index Data,APXMIDP
2025-05-14 19:00:00,7894.0,0.0,5164.0,7823.0,1361.0,281.0,5310.0,2539.0,881.0,285.0,80.0,31618.0,118.0,17533.0,15939.0,9830.0,7894.0,25.0,0.0,16.3,24.7,4.3,0.9,16.8,8.0,2.8,0.9,0.3,100.0,55.5,69.0,31.1,25.0,2025-05-14,Spring,avg,APXMIDP,94.04,3081.0,94.04,0.0,94.04,0.09404000000000001,Elexon BMRS Market Index Data,APXMIDP
2025-05-14 19:30:00,7674.0,0.0,5161.0,7940.0,1350.0,282.0,5348.0,2827.0,720.0,17.0,72.0,31391.0,116.0,17649.0,16296.0,9661.0,7674.0,24.4,0.0,16.4,25.3,4.3,0.9,17.0,9.0,2.3,0.1,0.2,100.0,56.2,70.2,30.8,24.4,2025-05-14,Spring,avg,APXMIDP,91.28,2967.35,91.28,0.0,91.28,0.09128,Elexon BMRS Market Index Data,APXMIDP
2025-05-14 20:00:00,7643.0,0.0,5162.0,8040.0,1408.0,239.0,5429.0,2902.0,579.0,0.0,40.0,31442.0,115.0,17791.0,16413.0,9727.0,7643.0,24.3,0.0,16.4,25.6,4.5,0.8,17.3,9.2,1.8,0.0,0.1,100.0,56.6,71.0,30.9,24.3,2025-05-14,Spring,avg,APXMIDP,87.88,2305.15,87.88,0.0,87.88,0.08788,Elexon BMRS Market Index Data,APXMIDP
2025-05-14 20:30:00,7508.0,0.0,5174.0,8578.0,1512.0,229.0,5394.0,2878.0,212.0,0.0,0.0,31485.0,109.0,18371.0,16860.0,10319.0,7508.0,23.8,0.0,16.4,27.2,4.8,0.7,17.1,9.1,0.7,0.0,0.0,100.0,58.3,72.9,32.8,23.8,2025-05-14,Spring,avg,APXMIDP,79.65,2041.75,79.65,0.0,79.65,0.07965000000000001,Elexon BMRS Market Index Data,APXMIDP
2025-05-14 21:00:00,6874.0,0.0,5169.0,8713.0,1613.0,214.0,4942.0,2587.0,206.0,0.0,0.0,30318.0,103.0,18296.0,16684.0,10540.0,6874.0,22.7,0.0,17.0,28.7,5.3,0.7,16.3,8.5,0.7,0.0,0.0,100.0,60.3,74.2,34.8,22.7,2025-05-14,Spring,avg,APXMIDP,73.19,2260.55,73.19,0.0,73.19,0.07318999999999999,Elexon BMRS Market Index Data,APXMIDP
2025-05-14 21:30:00,5950.0,0.0,5173.0,8742.0,1666.0,210.0,4942.0,1963.0,165.0,0.0,0.0,28811.0,93.0,17754.0,16089.0,10618.0,5950.0,20.7,0.0,18.0,30.3,5.8,0.7,17.2,6.8,0.6,0.0,0.0,100.0,61.6,76.5,36.9,20.7,2025-05-14,Spring,avg,APXMIDP,72.14,2834.8,72.14,0.0,72.14,0.07214,Elexon BMRS Market Index Data,APXMIDP
2025-05-14 22:00:00,3812.0,0.0,5180.0,8690.0,1660.0,165.0,5512.0,1469.0,198.0,0.0,0.0,26686.0,68.0,17164.0,15505.0,10515.0,3812.0,14.3,0.0,19.4,32.6,6.2,0.6,20.7,5.5,0.7,0.0,0.0,100.0,64.3,81.1,39.4,14.3,2025-05-14,Spring,avg,APXMIDP,84.51,2377.1,84.51,0.0,84.51,0.08451,Elexon BMRS Market Index Data,APXMIDP
2025-05-14 22:30:00,2702.0,0.0,5179.0,8538.0,1606.0,141.0,5544.0,1144.0,498.0,0.0,0.0,25352.0,57.0,16608.0,15005.0,10285.0,2702.0,10.7,0.0,20.4,33.7,6.3,0.6,21.9,4.5,2.0,0.0,0.0,100.0,65.5,83.6,40.6,10.7,2025-05-14,Spring,avg,APXMIDP,78.35,2738.3,78.35,0.0,78.35,0.07834999999999999,Elexon BMRS Market Index Data,APXMIDP
2025-05-14 23:00:00,2901.0,0.0,5177.0,8484.0,1551.0,126.0,5064.0,1161.0,373.0,0.0,0.0,24837.0,59.0,16499.0,14949.0,10161.0,2901.0,11.7,0.0,20.8,34.2,6.2,0.5,20.4,4.7,1.5,0.0,0.0,100.0,66.4,83.2,40.9,11.7,2025-05-14,Spring,avg,APXMIDP,82.44,1703.8,82.44,0.0,82.44,0.08244,Elexon BMRS Market Index Data,APXMIDP
2025-05-14 23:30:00,2759.0,0.0,5177.0,8507.0,1540.0,125.0,5040.0,1161.0,349.0,0.0,0.0,24658.0,57.0,16510.0,14971.0,10172.0,2759.0,11.2,0.0,21.0,34.5,6.2,0.5,20.4,4.7,1.4,0.0,0.0,100.0,67.0,84.1,41.3,11.2,2025-05-14,Spring,avg,APXMIDP,76.55,1589.05,76.55,0.0,76.55,0.07654999999999999,Elexon BMRS Market Index Data,APXMIDP
2025-05-24 00:00:00,3269.0,0.0,4881.0,7602.0,1728.0,177.0,3766.0,1178.0,432.0,0.0,0.0,23033.0,70.0,15566.0,13910.0,9507.0,3269.0,14.2,0.0,21.2,33.0,7.5,0.8,16.4,5.1,1.9,0.0,0.0,100.0,67.6,80.9,41.3,14.2,2025-05-24,Spring,top10,APXMIDP,57.07,1662.9,57.07,0.0,57.07,0.05707,Elexon BMRS Market Index Data,APXMIDP
2025-05-24 00:30:00,2955.0,0.0,4883.0,7634.0,1756.0,172.0,3750.0,1176.0,406.0,0.0,0.0,22732.0,65.0,15621.0,13900.0,9562.0,2955.0,13.0,0.0,21.5,33.6,7.7,0.8,16.5,5.2,1.8,0.0,0.0,100.0,68.7,82.3,42.1,13.0,2025-05-24,Spring,top10,APXMIDP,56.54,1821.9,56.54,0.0,56.54,0.05654,Elexon BMRS Market Index Data,APXMIDP
2025-05-24 01:00:00,2885.0,0.0,4880.0,7844.0,1781.0,141.0,3358.0,1177.0,470.0,0.0,0.0,22536.0,65.0,15823.0,14124.0,9766.0,2885.0,12.8,0.0,21.7,34.8,7.9,0.6,14.9,5.2,2.1,0.0,0.0,100.0,70.2,82.4,43.3,12.8,2025-05-24,Spring,top10,APXMIDP,59.59,1785.45,59.59,0.0,59.59,0.059590000000000004,Elexon BMRS Market Index Data,APXMIDP
2025-05-24 01:30:00,2789.0,0.0,4886.0,8246.0,1829.0,140.0,3324.0,1147.0,191.0,0.0,0.0,22552.0,60.0,16248.0,14453.0,10215.0,2789.0,12.4,0.0,21.7,36.6,8.1,0.6,14.7,5.1,0.8,0.0,0.0,100.0,72.0,84.2,45.3,12.4,2025-05-24,Spring,top10,APXMIDP,49.41,2051.25,49.41,0.0,49.41,0.049409999999999996,Elexon BMRS Market Index Data,APXMIDP
2025-05-24 02:00:00,2770.0,0.0,4887.0,8572.0,1865.0,140.0,2966.0,1115.0,164.0,0.0,0.0,22479.0,59.0,16579.0,14715.0,10577.0,2770.0,12.3,0.0,21.7,38.1,8.3,0.6,13.2,5.0,0.7,0.0,0.0,100.0,73.8,84.5,47.1,12.3,2025-05-24,Spring,top10,APXMIDP,37.22,2087.95,37.22,0.0,37.22,0.037219999999999996,Elexon BMRS Market Index Data,APXMIDP
2025-05-24 02:30:00,2774.0,0.0,4883.0,8911.0,1861.0,140.0,2918.0,1104.0,101.0,0.0,0.0,22692.0,57.0,16899.0,15039.0,10912.0,2774.0,12.2,0.0,21.5,39.3,8.2,0.6,12.9,4.9,0.4,0.0,0.0,100.0,74.5,85.1,48.1,12.2,2025-05-24,Spring,top10,APXMIDP,29.31,2011.55,29.31,0.0,29.31,0.02931,Elexon BMRS Market Index Data,APXMIDP
2025-05-24 03:00:00,2739.0,0.0,4880.0,9224.0,1885.0,139.0,2096.0,1114.0,95.0,0.0,0.0,22172.0,58.0,17242.0,15358.0,11248.0,2739.0,12.4,0.0,22.0,41.6,8.5,0.6,9.5,5.0,0.4,0.0,0.0,100.0,77.8,85.3,50.7,12.4,2025-05-24,Spring,top10,APXMIDP,27.22,2201.1,27.22,0.0,27.22,0.027219999999999998,Elexon BMRS Market Index Data,APXMIDP
2025-05-24 03:30:00,2672.0,0.0,4875.0,9384.0,1998.0,126.0,2036.0,967.0,101.0,0.0,0.0,22159.0,56.0,17350.0,15353.0,11508.0,2672.0,12.1,0.0,22.0,42.3,9.0,0.6,9.2,4.4,0.5,0.0,0.0,100.0,78.3,85.3,51.9,12.1,2025-05-24,Spring,top10,APXMIDP,21.75,2097.05,21.75,0.0,21.75,0.02175,Elexon BMRS Market Index Data,APXMIDP
2025-05-24 04:00:00,2633.0,0.0,4880.0,9573.0,2139.0,116.0,1876.0,779.0,122.0,0.0,0.0,22118.0,54.0,17487.0,15349.0,11828.0,2633.0,11.9,0.0,22.1,43.3,9.7,0.5,8.5,3.5,0.6,0.0,0.0,100.0,79.1,85.4,53.5,11.9,2025-05-24,Spring,top10,APXMIDP,17.87,2352.85,17.87,0.0,17.87,0.01787,Elexon BMRS Market Index Data,APXMIDP
2025-05-24 04:30:00,2674.0,0.0,4877.0,9477.0,2237.0,120.0,1892.0,777.0,104.0,35.0,0.0,22193.0,55.0,17523.0,15253.0,11869.0,2674.0,12.0,0.0,22.0,42.7,10.1,0.5,8.5,3.5,0.5,0.2,0.0,100.0,79.0,85.2,53.5,12.0,2025-05-24,Spring,top10,APXMIDP,16.74,2184.15,16.74,0.0,16.74,0.016739999999999998,Elexon BMRS Market Index Data,APXMIDP
2025-05-24 05:00:00,2736.0,0.0,4875.0,8541.0,2311.0,164.0,2570.0,779.0,174.0,160.0,0.0,22310.0,57.0,16830.0,14362.0,11176.0,2736.0,12.3,0.0,21.9,38.3,10.4,0.7,11.5,3.5,0.8,0.7,0.0,100.0,75.4,83.8,50.1,12.3,2025-05-24,Spring,top10,APXMIDP,10.33,2300.9,10.33,0.0,10.33,0.01033,Elexon BMRS Market Index Data,APXMIDP
2025-05-24 05:30:00,2708.0,0.0,4879.0,8719.0,2392.0,167.0,2640.0,777.0,287.0,387.0,0.0,22956.0,56.0,17321.0,14545.0,11665.0,2708.0,11.8,0.0,21.3,38.0,10.4,0.7,11.5,3.4,1.3,1.7,0.0,100.0,75.5,83.6,50.8,11.8,2025-05-24,Spring,top10,APXMIDP,3.59,2799.05,3.59,0.0,3.59,0.00359,Elexon BMRS Market Index Data,APXMIDP
2025-05-24 06:00:00,2809.0,0.0,4883.0,9361.0,2455.0,179.0,3374.0,785.0,446.0,733.0,0.0,25025.0,55.0,18396.0,15216.0,12728.0,2809.0,11.2,0.0,19.5,37.4,9.8,0.7,13.5,3.1,1.8,2.9,0.0,100.0,73.5,83.1,50.9,11.2,2025-05-24,Spring,top10,APXMIDP,0.78,2828.6,0.78,0.0,0.78,0.00078,Elexon BMRS Market Index Data,APXMIDP
2025-05-24 06:30:00,3050.0,0.0,4882.0,9847.0,2479.0,173.0,3420.0,793.0,245.0,1077.0,0.0,25966.0,55.0,19251.0,15707.0,13576.0,3050.0,11.7,0.0,18.8,37.9,9.5,0.7,13.2,3.1,0.9,4.1,0.0,100.0,74.1,83.9,52.3,11.7,2025-05-24,Spring,top10,APXMIDP,4.93,2552.95,4.93,0.0,4.93,0.0049299999999999995,Elexon BMRS Market Index Data,APXMIDP
2025-05-24 07:00:00,2880.0,0.0,4878.0,10244.0,2493.0,170.0,4272.0,793.0,264.0,1466.0,0.0,27460.0,52.0,20044.0,16112.0,14373.0,2880.0,10.5,0.0,17.8,37.3,9.1,0.6,15.6,2.9,1.0,5.3,0.0,100.0,73.0,86.1,52.3,10.5,2025-05-24,Spring,top10,APXMIDP,3.5,2523.85,3.5,0.0,3.5,0.0035,Elexon BMRS Market Index Data,APXMIDP
2025-05-24 07:30:00,2504.0,0.0,4876.0,10713.0,2529.0,158.0,4316.0,791.0,289.0,2393.0,0.0,28569.0,45.0,21460.0,16587.0,15793.0,2504.0,8.8,0.0,17.1,37.5,8.9,0.6,15.1,2.8,1.0,8.4,0.0,100.0,75.1,89.4,55.3,8.8,2025-05-24,Spring,top10,APXMIDP,5.77,2453.45,5.77,0.0,5.77,0.00577,Elexon BMRS Market Index Data,APXMIDP
2025-05-24 08:00:00,2510.0,0.0,4883.0,11277.0,2555.0,142.0,4900.0,792.0,316.0,2978.0,0.0,30353.0,46.0,22627.0,17127.0,16952.0,2510.0,8.3,0.0,16.1,37.2,8.4,0.5,16.1,2.6,1.0,9.8,0.0,100.0,74.5,89.8,55.9,8.3,2025-05-24,Spring,top10,APXMIDP,0.91,2422.0,0.91,0.0,0.91,0.00091,Elexon BMRS Market Index Data,APXMIDP
2025-05-24 08:30:00,2514.0,0.0,4885.0,11062.0,2554.0,135.0,4906.0,791.0,388.0,3349.0,0.0,30584.0,47.0,22776.0,16911.0,17100.0,2514.0,8.2,0.0,16.0,36.2,8.4,0.4,16.0,2.6,1.3,11.0,0.0,100.0,74.5,89.4,55.9,8.2,2025-05-24,Spring,top10,APXMIDP,-3.42,2498.45,-3.42,0.0,-3.42,-0.00342,Elexon BMRS Market Index Data,APXMIDP
2025-05-24 09:00:00,2543.0,0.0,4883.0,11050.0,2608.0,65.0,4554.0,793.0,338.0,3883.0,0.0,30717.0,45.0,23282.0,16865.0,17606.0,2543.0,8.3,0.0,15.9,36.0,8.5,0.2,14.8,2.6,1.1,12.6,0.0,100.0,75.8,89.6,57.3,8.3,2025-05-24,Spring,top10,APXMIDP,-5.97,2861.1,-5.97,0.0,-5.97,-0.00597,Elexon BMRS Market Index Data,APXMIDP
2025-05-24 09:30:00,2560.0,0.0,4887.0,11060.0,2788.0,64.0,4419.0,793.0,522.0,4402.0,0.0,31495.0,46.0,23994.0,16967.0,18314.0,2560.0,8.1,0.0,15.5,35.1,8.9,0.2,14.0,2.5,1.7,14.0,0.0,100.0,76.2,89.2,58.1,8.1,2025-05-24,Spring,top10,APXMIDP,-8.53,2827.4,-8.53,0.0,-8.53,-0.00853,Elexon BMRS Market Index Data,APXMIDP
2025-05-24 10:00:00,3323.0,0.0,4880.0,11794.0,2992.0,64.0,2281.0,981.0,1255.0,4102.0,0.0,31672.0,59.0,24813.0,17875.0,18952.0,3323.0,10.5,0.0,15.4,37.2,9.4,0.2,7.2,3.1,4.0,13.0,0.0,100.0,78.3,84.2,59.8,10.5,2025-05-24,Spring,top10,APXMIDP,-3.55,3815.45,-3.55,0.0,-3.55,-0.0035499999999999998,Elexon BMRS Market Index Data,APXMIDP
2025-05-24 10:30:00,2693.0,0.0,4875.0,12285.0,3111.0,64.0,1887.0,1127.0,1459.0,4487.0,0.0,31988.0,52.0,25949.0,18530.0,19947.0,2693.0,8.4,0.0,15.2,38.4,9.7,0.2,5.9,3.5,4.6,14.0,0.0,100.0,81.1,85.6,62.4,8.4,2025-05-24,Spring,top10,APXMIDP,-3.88,3618.0,-3.88,0.0,-3.88,-0.0038799999999999998,Elexon BMRS Market Index Data,APXMIDP
2025-05-24 11:00:00,2584.0,0.0,4873.0,12126.0,3173.0,64.0,1744.0,1130.0,843.0,4871.0,0.0,31408.0,48.0,26237.0,18321.0,20234.0,2584.0,8.2,0.0,15.5,38.6,10.1,0.2,5.6,3.6,2.7,15.5,0.0,100.0,83.5,88.2,64.4,8.2,2025-05-24,Spring,top10,APXMIDP,-6.39,2732.25,-6.39,0.0,-6.39,-0.00639,Elexon BMRS Market Index Data,APXMIDP
2025-05-24 11:30:00,2585.0,0.0,4874.0,12037.0,3223.0,64.0,1709.0,985.0,731.0,4870.0,0.0,31077.0,47.0,26053.0,18100.0,20194.0,2585.0,8.3,0.0,15.7,38.7,10.4,0.2,5.5,3.2,2.4,15.7,0.0,100.0,83.8,88.7,65.0,8.3,2025-05-24,Spring,top10,APXMIDP,-5.96,2853.55,-5.96,0.0,-5.96,-0.00596,Elexon BMRS Market Index Data,APXMIDP
2025-05-24 12:00:00,2588.0,0.0,4873.0,11939.0,3233.0,64.0,1588.0,791.0,711.0,5091.0,0.0,30878.0,46.0,25991.0,17725.0,20327.0,2588.0,8.4,0.0,15.8,38.7,10.5,0.2,5.1,2.6,2.3,16.5,0.0,100.0,84.2,88.2,65.8,8.4,2025-05-24,Spring,top10,APXMIDP,-4.88,2734.8,-4.88,0.0,-4.88,-0.00488,Elexon BMRS Market Index Data,APXMIDP
2025-05-24 12:30:00,2579.0,0.0,4874.0,12208.0,3182.0,64.0,1565.0,789.0,688.0,5181.0,0.0,31130.0,46.0,26298.0,18003.0,20635.0,2579.0,8.3,0.0,15.7,39.2,10.2,0.2,5.0,2.5,2.2,16.6,0.0,100.0,84.5,88.5,66.3,8.3,2025-05-24,Spring,top10,APXMIDP,-3.09,2978.05,-3.09,0.0,-3.09,-0.00309,Elexon BMRS Market Index Data,APXMIDP
2025-05-24 13:00:00,2572.0,0.0,4874.0,12077.0,3132.0,64.0,2476.0,790.0,670.0,5465.0,0.0,32119.0,42.0,26402.0,17853.0,20738.0,2572.0,8.0,0.0,15.2,37.6,9.8,0.2,7.7,2.5,2.1,17.0,0.0,100.0,82.2,88.5,64.6,8.0,2025-05-24,Spring,top10,APXMIDP,-6.67,2866.1,-6.67,0.0,-6.67,-0.00667,Elexon BMRS Market Index Data,APXMIDP
2025-05-24 13:30:00,2462.0,0.0,4875.0,11696.0,3133.0,64.0,2651.0,790.0,648.0,4767.0,0.0,31085.0,42.0,25325.0,17487.0,19660.0,2462.0,7.9,0.0,15.7,37.6,10.1,0.2,8.5,2.5,2.1,15.3,0.0,100.0,81.5,88.9,63.2,7.9,2025-05-24,Spring,top10,APXMIDP,-4.64,3195.9,-4.64,0.0,-4.64,-0.00464,Elexon BMRS Market Index Data,APXMIDP
2025-05-24 14:00:00,2273.0,0.0,4884.0,11970.0,3113.0,64.0,2890.0,788.0,639.0,4733.0,0.0,31354.0,41.0,25552.0,17760.0,19880.0,2273.0,7.2,0.0,15.6,38.2,9.9,0.2,9.2,2.5,2.0,15.1,0.0,100.0,81.5,89.8,63.4,7.2,2025-05-24,Spring,top10,APXMIDP,2.26,2696.35,2.26,0.0,2.26,0.00226,Elexon BMRS Market Index Data,APXMIDP
2025-05-24 14:30:00,2288.0,0.0,4884.0,11714.0,3004.0,64.0,2948.0,788.0,630.0,4794.0,0.0,31114.0,41.0,25248.0,17483.0,19576.0,2288.0,7.4,0.0,15.7,37.6,9.7,0.2,9.5,2.5,2.0,15.4,0.0,100.0,81.1,89.6,62.9,7.4,2025-05-24,Spring,top10,APXMIDP,1.87,2767.25,1.87,0.0,1.87,0.0018700000000000001,Elexon BMRS Market Index Data,APXMIDP
2025-05-24 15:00:00,2257.0,0.0,4883.0,11361.0,2869.0,64.0,3683.0,787.0,632.0,4147.0,0.0,30683.0,42.0,24111.0,17170.0,18441.0,2257.0,7.4,0.0,15.9,37.0,9.3,0.2,12.0,2.6,2.1,13.5,0.0,100.0,78.6,89.7,60.1,7.4,2025-05-24,Spring,top10,APXMIDP,11.87,3522.0,11.87,0.0,11.87,0.011869999999999999,Elexon BMRS Market Index Data,APXMIDP
2025-05-24 15:30:00,2365.0,0.0,4877.0,11079.0,2787.0,64.0,3838.0,936.0,642.0,3378.0,0.0,29967.0,46.0,23121.0,17021.0,17308.0,2365.0,7.9,0.0,16.3,37.0,9.3,0.2,12.8,3.1,2.1,11.3,0.0,100.0,77.2,89.1,57.8,7.9,2025-05-24,Spring,top10,APXMIDP,16.88,3041.6,16.88,0.0,16.88,0.01688,Elexon BMRS Market Index Data,APXMIDP
2025-05-24 16:00:00,2504.0,0.0,4887.0,10036.0,2761.0,95.0,5633.0,1120.0,667.0,2875.0,56.0,30634.0,54.0,21830.0,16236.0,15823.0,2504.0,8.2,0.0,16.0,32.8,9.0,0.3,18.4,3.7,2.2,9.4,0.2,100.0,71.3,87.7,51.7,8.2,2025-05-24,Spring,top10,APXMIDP,42.02,2852.5,42.02,0.0,42.02,0.04202,Elexon BMRS Market Index Data,APXMIDP
2025-05-24 16:30:00,2727.0,0.0,4885.0,9825.0,2778.0,129.0,5724.0,1130.0,712.0,2237.0,182.0,30330.0,58.0,21166.0,16190.0,15151.0,2727.0,9.0,0.0,16.1,32.4,9.2,0.4,18.9,3.7,2.3,7.4,0.6,100.0,69.8,86.5,50.0,9.0,2025-05-24,Spring,top10,APXMIDP,52.42,2893.1,52.42,0.0,52.42,0.05242,Elexon BMRS Market Index Data,APXMIDP
2025-05-24 17:00:00,2744.0,0.0,4878.0,9478.0,2836.0,184.0,5321.0,1131.0,758.0,1596.0,340.0,29266.0,59.0,20443.0,16248.0,14434.0,2744.0,9.4,0.0,16.7,32.4,9.7,0.6,18.2,3.9,2.6,5.5,1.2,100.0,69.9,87.2,49.3,9.4,2025-05-24,Spring,top10,APXMIDP,47.03,3438.2,47.03,0.0,47.03,0.04703,Elexon BMRS Market Index Data,APXMIDP
2025-05-24 17:30:00,2604.0,0.0,4887.0,10099.0,2926.0,188.0,5366.0,1123.0,778.0,1070.0,458.0,29499.0,58.0,20751.0,16774.0,14741.0,2604.0,8.8,0.0,16.6,34.2,9.9,0.6,18.2,3.8,2.6,3.6,1.6,100.0,70.3,87.0,50.0,8.8,2025-05-24,Spring,top10,APXMIDP,55.48,3407.4,55.48,0.0,55.48,0.055479999999999995,Elexon BMRS Market Index Data,APXMIDP
2025-05-24 18:00:00,2669.0,0.0,4893.0,10477.0,3011.0,247.0,4649.0,1122.0,771.0,646.0,462.0,28947.0,57.0,20858.0,17437.0,14843.0,2669.0,9.2,0.0,16.9,36.2,10.4,0.9,16.1,3.9,2.7,2.2,1.6,100.0,72.1,88.1,51.3,9.2,2025-05-24,Spring,top10,APXMIDP,68.46,2684.95,68.46,0.0,68.46,0.06846,Elexon BMRS Market Index Data,APXMIDP
2025-05-24 18:30:00,2483.0,0.0,4892.0,10668.0,3059.0,253.0,4708.0,1124.0,739.0,332.0,462.0,28720.0,55.0,20790.0,17591.0,14774.0,2483.0,8.6,0.0,17.0,37.1,10.7,0.9,16.4,3.9,2.6,1.2,1.6,100.0,72.4,89.0,51.4,8.6,2025-05-24,Spring,top10,APXMIDP,67.6,2765.5,67.6,0.0,67.6,0.0676,Elexon BMRS Market Index Data,APXMIDP
2025-05-24 19:00:00,2301.0,0.0,4891.0,11080.0,3100.0,259.0,4579.0,1125.0,689.0,106.0,454.0,28584.0,53.0,21015.0,17912.0,14999.0,2301.0,8.0,0.0,17.1,38.8,10.8,0.9,16.0,3.9,2.4,0.4,1.6,100.0,73.5,89.8,52.5,8.0,2025-05-24,Spring,top10,APXMIDP,64.45,2931.15,64.45,0.0,64.45,0.06445000000000001,Elexon BMRS Market Index Data,APXMIDP
2025-05-24 19:30:00,2221.0,0.0,4894.0,11524.0,3163.0,261.0,4508.0,1118.0,639.0,7.0,234.0,28570.0,51.0,21201.0,18049.0,15189.0,2221.0,7.8,0.0,17.1,40.3,11.1,0.9,15.8,3.9,2.2,0.0,0.8,100.0,74.2,90.0,53.2,7.8,2025-05-24,Spring,top10,APXMIDP,50.1,2992.2,50.1,0.0,50.1,0.0501,Elexon BMRS Market Index Data,APXMIDP
2025-05-24 20:00:00,2614.0,0.0,4886.0,11671.0,3222.0,257.0,3616.0,1128.0,604.0,0.0,226.0,28223.0,52.0,21390.0,18213.0,15376.0,2614.0,9.3,0.0,17.3,41.4,11.4,0.9,12.8,4.0,2.1,0.0,0.8,100.0,75.8,88.7,54.5,9.3,2025-05-24,Spring,top10,APXMIDP,42.35,2601.5,42.35,0.0,42.35,0.04235,Elexon BMRS Market Index Data,APXMIDP
2025-05-24 20:30:00,2788.0,0.0,4894.0,11568.0,3249.0,270.0,3483.0,1105.0,559.0,0.0,124.0,28041.0,52.0,21210.0,17962.0,15211.0,2788.0,9.9,0.0,17.5,41.3,11.6,1.0,12.4,3.9,2.0,0.0,0.4,100.0,75.6,87.7,54.2,9.9,2025-05-24,Spring,top10,APXMIDP,33.55,3491.15,33.55,0.0,33.55,0.033549999999999996,Elexon BMRS Market Index Data,APXMIDP
2025-05-24 21:00:00,2784.0,0.0,4897.0,11947.0,3289.0,236.0,3148.0,961.0,534.0,0.0,0.0,27796.0,52.0,21330.0,18042.0,15472.0,2784.0,10.0,0.0,17.6,43.0,11.8,0.8,11.3,3.5,1.9,0.0,0.0,100.0,76.7,87.0,55.7,10.0,2025-05-24,Spring,top10,APXMIDP,26.52,2977.85,26.52,0.0,26.52,0.02652,Elexon BMRS Market Index Data,APXMIDP
2025-05-24 21:30:00,2620.0,0.0,4899.0,11971.0,3383.0,234.0,2945.0,784.0,501.0,0.0,0.0,27337.0,49.0,21271.0,17889.0,15588.0,2620.0,9.6,0.0,17.9,43.8,12.4,0.9,10.8,2.9,1.8,0.0,0.0,100.0,77.8,87.6,57.0,9.6,2025-05-24,Spring,top10,APXMIDP,13.52,3265.9,13.52,0.0,13.52,0.013519999999999999,Elexon BMRS Market Index Data,APXMIDP
2025-05-24 22:00:00,2546.0,0.0,4898.0,12465.0,3502.0,168.0,1740.0,754.0,472.0,0.0,38.0,26583.0,48.0,21825.0,18342.0,16173.0,2546.0,9.6,0.0,18.4,46.9,13.2,0.6,6.5,2.8,1.8,0.0,0.1,100.0,82.1,88.5,60.8,9.6,2025-05-24,Spring,top10,APXMIDP,23.98,2206.25,23.98,0.0,23.98,0.02398,Elexon BMRS Market Index Data,APXMIDP
2025-05-24 22:30:00,2643.0,0.0,4890.0,12488.0,3608.0,131.0,1662.0,728.0,430.0,0.0,0.0,26580.0,49.0,21845.0,18238.0,16227.0,2643.0,9.9,0.0,18.4,47.0,13.6,0.5,6.3,2.7,1.6,0.0,0.0,100.0,82.2,88.2,61.0,9.9,2025-05-24,Spring,top10,APXMIDP,7.79,2008.35,7.79,0.0,7.79,0.00779,Elexon BMRS Market Index Data,APXMIDP
2025-05-24 23:00:00,2585.0,0.0,4898.0,12735.0,3690.0,120.0,878.0,730.0,179.0,0.0,0.0,25815.0,48.0,22173.0,18484.0,16545.0,2585.0,10.0,0.0,19.0,49.3,14.3,0.5,3.4,2.8,0.7,0.0,0.0,100.0,85.9,89.5,64.1,10.0,2025-05-24,Spring,top10,APXMIDP,17.3,1898.7,17.3,0.0,17.3,0.0173,Elexon BMRS Market Index Data,APXMIDP
2025-05-24 23:30:00,2560.0,0.0,4902.0,12893.0,3749.0,127.0,898.0,723.0,143.0,0.0,0.0,25995.0,49.0,22394.0,18646.0,16769.0,2560.0,9.8,0.0,18.9,49.6,14.4,0.5,3.5,2.8,0.6,0.0,0.0,100.0,86.1,89.8,64.5,9.8,2025-05-24,Spring,top10,APXMIDP,16.05,1997.95,16.05,0.0,16.05,0.016050000000000002,Elexon BMRS Market Index Data,APXMIDP
2025-06-16 00:00:00,3006.0,0.0,4153.0,7085.0,1169.0,117.0,4608.0,2552.0,115.0,0.0,0.0,22805.0,71.0,15076.0,13908.0,8371.0,3006.0,13.2,0.0,18.2,31.1,5.1,0.5,20.2,11.2,0.5,0.0,0.0,100.0,66.1,84.9,36.7,13.2,2025-06-16,Summer,avg,APXMIDP,68.0,1319.05,68.0,0.0,68.0,0.068,Elexon BMRS Market Index Data,APXMIDP
2025-06-16 00:30:00,2990.0,0.0,4149.0,6814.0,1181.0,115.0,4596.0,2452.0,431.0,0.0,0.0,22728.0,74.0,14711.0,13550.0,8110.0,2990.0,13.2,0.0,18.3,30.0,5.2,0.5,20.2,10.8,1.9,0.0,0.0,100.0,64.7,82.6,35.7,13.2,2025-06-16,Summer,avg,APXMIDP,63.59,1562.8,63.59,0.0,63.59,0.06359000000000001,Elexon BMRS Market Index Data,APXMIDP
2025-06-16 01:00:00,3122.0,0.0,4159.0,6620.0,1216.0,115.0,4510.0,2607.0,497.0,0.0,0.0,22846.0,78.0,14717.0,13502.0,7951.0,3122.0,13.7,0.0,18.2,29.0,5.3,0.5,19.7,11.4,2.2,0.0,0.0,100.0,64.4,81.8,34.8,13.7,2025-06-16,Summer,avg,APXMIDP,67.17,1971.0,67.17,0.0,67.17,0.06717000000000001,Elexon BMRS Market Index Data,APXMIDP
2025-06-16 01:30:00,3271.0,0.0,4169.0,6916.0,1276.0,115.0,4510.0,2492.0,189.0,0.0,0.0,22938.0,75.0,14968.0,13693.0,8307.0,3271.0,14.3,0.0,18.2,30.2,5.6,0.5,19.7,10.9,0.8,0.0,0.0,100.0,65.3,82.6,36.2,14.3,2025-06-16,Summer,avg,APXMIDP,67.48,1831.25,67.48,0.0,67.48,0.06748,Elexon BMRS Market Index Data,APXMIDP
2025-06-16 02:00:00,3192.0,0.0,4169.0,7100.0,1339.0,113.0,4550.0,2549.0,100.0,0.0,0.0,23112.0,72.0,15270.0,13932.0,8552.0,3192.0,13.8,0.0,18.0,30.7,5.8,0.5,19.7,11.0,0.4,0.0,0.0,100.0,66.1,83.5,37.0,13.8,2025-06-16,Summer,avg,APXMIDP,70.87,1703.6,70.87,0.0,70.87,0.07087,Elexon BMRS Market Index Data,APXMIDP
2025-06-16 02:30:00,3236.0,0.0,4160.0,6412.0,1378.0,94.0,4558.0,2801.0,367.0,0.0,0.0,23006.0,78.0,14845.0,13468.0,7884.0,3236.0,14.1,0.0,18.1,27.9,6.0,0.4,19.8,12.2,1.6,0.0,0.0,100.0,64.5,81.4,34.3,14.1,2025-06-16,Summer,avg,APXMIDP,69.03,1681.25,69.03,0.0,69.03,0.06903000000000001,Elexon BMRS Market Index Data,APXMIDP
2025-06-16 03:00:00,3497.0,0.0,4158.0,5909.0,1382.0,94.0,4604.0,2853.0,497.0,0.0,0.0,22994.0,85.0,14396.0,13064.0,7385.0,3497.0,15.2,0.0,18.1,25.7,6.0,0.4,20.0,12.4,2.2,0.0,0.0,100.0,62.6,79.8,32.1,15.2,2025-06-16,Summer,avg,APXMIDP,72.51,1777.35,72.51,0.0,72.51,0.07251,Elexon BMRS Market Index Data,APXMIDP
2025-06-16 03:30:00,3541.0,0.0,4170.0,5574.0,1349.0,101.0,4600.0,2839.0,432.0,0.0,0.0,22606.0,86.0,14033.0,12713.0,7024.0,3541.0,15.7,0.0,18.4,24.7,6.0,0.4,20.3,12.6,1.9,0.0,0.0,100.0,62.1,79.5,31.1,15.7,2025-06-16,Summer,avg,APXMIDP,78.46,2041.35,78.46,0.0,78.46,0.07845999999999999,Elexon BMRS Market Index Data,APXMIDP
2025-06-16 04:00:00,3873.0,0.0,4163.0,5689.0,1285.0,122.0,4446.0,2689.0,346.0,102.0,16.0,22731.0,89.0,14066.0,12788.0,7214.0,3873.0,17.0,0.0,18.3,25.0,5.7,0.5,19.6,11.8,1.5,0.4,0.1,100.0,61.9,79.8,31.7,17.0,2025-06-16,Summer,avg,APXMIDP,90.54,1416.7,90.54,0.0,90.54,0.09054000000000001,Elexon BMRS Market Index Data,APXMIDP
2025-06-16 04:30:00,4614.0,0.0,4158.0,5571.0,1198.0,124.0,4468.0,2701.0,356.0,494.0,122.0,23806.0,98.0,14368.0,12763.0,7509.0,4614.0,19.4,0.0,17.5,23.4,5.0,0.5,18.8,11.3,1.5,2.1,0.5,100.0,60.4,77.3,31.5,19.4,2025-06-16,Summer,avg,APXMIDP,92.28,1946.15,92.28,0.0,92.28,0.09228,Elexon BMRS Market Index Data,APXMIDP
2025-06-16 05:00:00,5521.0,0.0,4164.0,5262.0,1104.0,176.0,5148.0,2745.0,270.0,979.0,386.0,25755.0,104.0,14816.0,12781.0,7907.0,5521.0,21.4,0.0,16.2,20.4,4.3,0.7,20.0,10.7,1.0,3.8,1.5,100.0,57.5,74.0,30.7,21.4,2025-06-16,Summer,avg,APXMIDP,90.27,1899.5,90.27,0.0,90.27,0.09026999999999999,Elexon BMRS Market Index Data,APXMIDP
2025-06-16 05:30:00,5913.0,0.0,4159.0,4720.0,1024.0,195.0,5180.0,2845.0,926.0,1600.0,412.0,26974.0,113.0,14955.0,12446.0,7951.0,5913.0,21.9,0.0,15.4,17.5,3.8,0.7,19.2,10.5,3.4,5.9,1.5,100.0,55.4,69.6,29.5,21.9,2025-06-16,Summer,avg,APXMIDP,100.47,1874.65,100.47,0.0,100.47,0.10047,Elexon BMRS Market Index Data,APXMIDP
2025-06-16 06:00:00,5960.0,0.0,4161.0,4608.0,974.0,209.0,6276.0,2842.0,657.0,2626.0,418.0,28731.0,112.0,15838.0,12345.0,8835.0,5960.0,20.7,0.0,14.5,16.0,3.4,0.7,21.8,9.9,2.3,9.1,1.5,100.0,55.1,70.5,30.8,20.7,2025-06-16,Summer,avg,APXMIDP,104.32,1793.1,104.32,0.0,104.32,0.10432,Elexon BMRS Market Index Data,APXMIDP
2025-06-16 06:30:00,6141.0,0.0,4158.0,4555.0,973.0,209.0,6410.0,2849.0,1083.0,3604.0,462.0,30444.0,113.0,16810.0,12407.0,9803.0,6141.0,20.2,0.0,13.7,15.0,3.2,0.7,21.1,9.4,3.6,11.8,1.5,100.0,55.2,68.9,32.2,20.2,2025-06-16,Summer,avg,APXMIDP,107.06,1899.55,107.06,0.0,107.06,0.10706,Elexon BMRS Market Index Data,APXMIDP
2025-06-16 07:00:00,5998.0,0.0,4164.0,4196.0,1010.0,401.0,7154.0,2843.0,989.0,4716.0,346.0,31817.0,111.0,17676.0,12203.0,10669.0,5998.0,18.9,0.0,13.1,13.2,3.2,1.3,22.5,8.9,3.1,14.8,1.1,100.0,55.6,69.7,33.5,18.9,2025-06-16,Summer,avg,APXMIDP,108.16,1611.15,108.16,0.0,108.16,0.10815999999999999,Elexon BMRS Market Index Data,APXMIDP
2025-06-16 07:30:00,5962.0,0.0,4166.0,4073.0,1066.0,402.0,7168.0,2838.0,920.0,5784.0,170.0,32549.0,108.0,18499.0,11903.0,11495.0,5962.0,18.3,0.0,12.8,12.5,3.3,1.2,22.0,8.7,2.8,17.8,0.5,100.0,56.8,69.6,35.3,18.3,2025-06-16,Summer,avg,APXMIDP,105.94,1630.0,105.94,0.0,105.94,0.10593999999999999,Elexon BMRS Market Index Data,APXMIDP
2025-06-16 08:00:00,6081.0,0.0,4159.0,3997.0,1130.0,391.0,7172.0,2828.0,733.0,6539.0,238.0,33268.0,106.0,19282.0,11851.0,12295.0,6081.0,18.3,0.0,12.5,12.0,3.4,1.2,21.6,8.5,2.2,19.7,0.7,100.0,58.0,69.8,37.0,18.3,2025-06-16,Summer,avg,APXMIDP,103.25,1456.85,103.25,0.0,103.25,0.10325,Elexon BMRS Market Index Data,APXMIDP
2025-06-16 08:30:00,5618.0,0.0,4169.0,3915.0,1187.0,387.0,7172.0,2826.0,632.0,7260.0,148.0,33314.0,99.0,19892.0,11685.0,12897.0,5618.0,16.9,0.0,12.5,11.8,3.6,1.2,21.5,8.5,1.9,21.8,0.4,100.0,59.7,71.6,38.7,16.9,2025-06-16,Summer,avg,APXMIDP,100.04,1739.4,100.04,0.0,100.04,0.10004,Elexon BMRS Market Index Data,APXMIDP
2025-06-16 09:00:00,5403.0,0.0,4164.0,3822.0,1230.0,228.0,7186.0,2820.0,603.0,7577.0,168.0,33201.0,96.0,20009.0,11447.0,13025.0,5403.0,16.3,0.0,12.5,11.5,3.7,0.7,21.6,8.5,1.8,22.8,0.5,100.0,60.3,72.0,39.2,16.3,2025-06-16,Summer,avg,APXMIDP,97.98,1661.05,97.98,0.0,97.98,0.09798,Elexon BMRS Market Index Data,APXMIDP
2025-06-16 09:30:00,5286.0,0.0,4166.0,3908.0,1258.0,188.0,7170.0,2836.0,502.0,8453.0,148.0,33915.0,92.0,20957.0,11500.0,13955.0,5286.0,15.6,0.0,12.3,11.5,3.7,0.6,21.1,8.4,1.5,24.9,0.4,100.0,61.8,72.5,41.1,15.6,2025-06-16,Summer,avg,APXMIDP,95.31,1528.05,95.31,0.0,95.31,0.09531,Elexon BMRS Market Index Data,APXMIDP
2025-06-16 10:00:00,5137.0,0.0,4163.0,3994.0,1272.0,152.0,6776.0,2839.0,497.0,9120.0,148.0,34098.0,90.0,21688.0,11577.0,14686.0,5137.0,15.1,0.0,12.2,11.7,3.7,0.4,19.9,8.3,1.5,26.7,0.4,100.0,63.6,74.1,43.1,15.1,2025-06-16,Summer,avg,APXMIDP,94.29,1738.9,94.29,0.0,94.29,0.09429000000000001,Elexon BMRS Market Index Data,APXMIDP
2025-06-16 10:30:00,4592.0,0.0,4160.0,3962.0,1276.0,277.0,6756.0,2840.0,511.0,9327.0,182.0,33883.0,84.0,22024.0,11696.0,15024.0,4592.0,13.6,0.0,12.3,11.7,3.8,0.8,19.9,8.4,1.5,27.5,0.5,100.0,65.0,77.2,44.3,13.6,2025-06-16,Summer,avg,APXMIDP,94.16,2014.7,94.16,0.0,94.16,0.09416,Elexon BMRS Market Index Data,APXMIDP
2025-06-16 11:00:00,4099.0,0.0,4156.0,4042.0,1281.0,247.0,6754.0,2844.0,496.0,10068.0,148.0,34135.0,77.0,22786.0,11693.0,15786.0,4099.0,12.0,0.0,12.2,11.8,3.8,0.7,19.8,8.3,1.5,29.5,0.4,100.0,66.8,79.9,46.2,12.0,2025-06-16,Summer,avg,APXMIDP,88.39,2105.55,88.39,0.0,88.39,0.08839,Elexon BMRS Market Index Data,APXMIDP
2025-06-16 11:30:00,3595.0,0.0,4162.0,4332.0,1299.0,109.0,6756.0,2838.0,468.0,10447.0,128.0,34134.0,71.0,23315.0,11814.0,16315.0,3595.0,10.5,0.0,12.2,12.7,3.8,0.3,19.8,8.3,1.4,30.6,0.4,100.0,68.3,81.6,47.8,10.5,2025-06-16,Summer,avg,APXMIDP,87.15,2278.55,87.15,0.0,87.15,0.08715,Elexon BMRS Market Index Data,APXMIDP
2025-06-16 12:00:00,2895.0,0.0,4159.0,4859.0,1321.0,105.0,6758.0,2835.0,576.0,10743.0,0.0,34251.0,64.0,24022.0,12292.0,17028.0,2895.0,8.5,0.0,12.1,14.2,3.9,0.3,19.7,8.3,1.7,31.4,0.0,100.0,70.1,85.6,49.7,8.5,2025-06-16,Summer,avg,APXMIDP,79.0,2667.8,79.0,0.0,79.0,0.079,Elexon BMRS Market Index Data,APXMIDP
2025-06-16 12:30:00,2541.0,0.0,4160.0,5304.0,1340.0,124.0,6758.0,2772.0,457.0,11318.0,0.0,34774.0,58.0,25018.0,12652.0,18086.0,2541.0,7.3,0.0,12.0,15.3,3.9,0.4,19.4,8.0,1.3,32.5,0.0,100.0,71.9,88.2,52.0,7.3,2025-06-16,Summer,avg,APXMIDP,57.35,2855.85,57.35,0.0,57.35,0.05735,Elexon BMRS Market Index Data,APXMIDP
2025-06-16 13:00:00,2514.0,0.0,4157.0,5522.0,1355.0,111.0,6758.0,2363.0,538.0,11307.0,0.0,34625.0,57.0,24815.0,12471.0,18295.0,2514.0,7.3,0.0,12.0,15.9,3.9,0.3,19.5,6.8,1.6,32.7,0.0,100.0,71.7,87.8,52.8,7.3,2025-06-16,Summer,avg,APXMIDP,52.53,3392.7,52.53,0.0,52.53,0.05253,Elexon BMRS Market Index Data,APXMIDP
2025-06-16 13:30:00,2528.0,0.0,4144.0,5703.0,1365.0,98.0,6776.0,1845.0,549.0,10903.0,0.0,33911.0,57.0,24058.0,12040.0,18069.0,2528.0,7.5,0.0,12.2,16.8,4.0,0.3,20.0,5.4,1.6,32.2,0.0,100.0,70.9,86.7,53.3,7.5,2025-06-16,Summer,avg,APXMIDP,55.06,3851.55,55.06,0.0,55.06,0.055060000000000005,Elexon BMRS Market Index Data,APXMIDP
2025-06-16 14:00:00,2478.0,0.0,4173.0,5791.0,1374.0,81.0,7148.0,1863.0,430.0,10584.0,0.0,33922.0,55.0,23866.0,12150.0,17830.0,2478.0,7.3,0.0,12.3,17.1,4.1,0.2,21.1,5.5,1.3,31.2,0.0,100.0,70.4,88.2,52.6,7.3,2025-06-16,Summer,avg,APXMIDP,42.32,3740.4,42.32,0.0,42.32,0.04232,Elexon BMRS Market Index Data,APXMIDP
2025-06-16 14:30:00,2457.0,0.0,4229.0,6092.0,1389.0,85.0,7148.0,1909.0,441.0,9888.0,0.0,33638.0,56.0,23592.0,12578.0,17454.0,2457.0,7.3,0.0,12.6,18.1,4.1,0.3,21.2,5.7,1.3,29.4,0.0,100.0,70.1,88.7,51.9,7.3,2025-06-16,Summer,avg,APXMIDP,41.69,3185.05,41.69,0.0,41.69,0.04169,Elexon BMRS Market Index Data,APXMIDP
2025-06-16 15:00:00,2821.0,0.0,4276.0,6603.0,1406.0,86.0,6500.0,1959.0,445.0,8913.0,0.0,33009.0,59.0,23243.0,13164.0,17008.0,2821.0,8.5,0.0,13.0,20.0,4.3,0.3,19.7,5.9,1.3,27.0,0.0,100.0,70.4,86.7,51.5,8.5,2025-06-16,Summer,avg,APXMIDP,47.73,3719.5,47.73,0.0,47.73,0.047729999999999995,Elexon BMRS Market Index Data,APXMIDP
2025-06-16 15:30:00,3328.0,0.0,4301.0,6895.0,1423.0,96.0,6440.0,2057.0,555.0,7859.0,0.0,32954.0,66.0,22631.0,13593.0,16273.0,3328.0,10.1,0.0,13.1,20.9,4.3,0.3,19.5,6.2,1.7,23.8,0.0,100.0,68.7,83.7,49.4,10.1,2025-06-16,Summer,avg,APXMIDP,49.82,3556.7,49.82,0.0,49.82,0.04982,Elexon BMRS Market Index Data,APXMIDP
2025-06-16 16:00:00,4455.0,0.0,4334.0,6956.0,1448.0,114.0,5250.0,2774.0,761.0,6750.0,0.0,32842.0,76.0,22376.0,14385.0,15268.0,4455.0,13.6,0.0,13.2,21.2,4.4,0.3,16.0,8.4,2.3,20.6,0.0,100.0,68.1,79.3,46.5,13.6,2025-06-16,Summer,avg,APXMIDP,62.81,3024.5,62.81,0.0,62.81,0.06281,Elexon BMRS Market Index Data,APXMIDP
2025-06-16 16:30:00,5598.0,0.0,4361.0,6903.0,1489.0,130.0,5154.0,3046.0,662.0,5523.0,0.0,32866.0,89.0,21452.0,14618.0,14045.0,5598.0,17.0,0.0,13.3,21.0,4.5,0.4,15.7,9.3,2.0,16.8,0.0,100.0,65.3,75.7,42.7,17.0,2025-06-16,Summer,avg,APXMIDP,67.29,3554.6,67.29,0.0,67.29,0.06729,Elexon BMRS Market Index Data,APXMIDP
2025-06-16 17:00:00,7105.0,0.0,4361.0,7155.0,1531.0,281.0,3906.0,3072.0,1263.0,4358.0,0.0,33032.0,111.0,20758.0,15069.0,13325.0,7105.0,21.5,0.0,13.2,21.7,4.6,0.9,11.8,9.3,3.8,13.2,0.0,100.0,62.8,69.5,40.3,21.5,2025-06-16,Summer,avg,APXMIDP,84.28,4005.55,84.28,0.0,84.28,0.08428000000000001,Elexon BMRS Market Index Data,APXMIDP
2025-06-16 17:30:00,8257.0,0.0,4359.0,7663.0,1562.0,344.0,3724.0,3063.0,1205.0,3234.0,0.0,33411.0,122.0,20225.0,15542.0,12803.0,8257.0,24.7,0.0,13.0,22.9,4.7,1.0,11.1,9.2,3.6,9.7,0.0,100.0,60.5,67.4,38.3,24.7,2025-06-16,Summer,avg,APXMIDP,87.14,4096.1,87.14,0.0,87.14,0.08714,Elexon BMRS Market Index Data,APXMIDP
2025-06-16 18:00:00,8416.0,0.0,4356.0,8429.0,1585.0,504.0,3060.0,3078.0,2152.0,2276.0,0.0,33856.0,131.0,20228.0,16505.0,12794.0,8416.0,24.9,0.0,12.9,24.9,4.7,1.5,9.0,9.1,6.4,6.7,0.0,100.0,59.7,65.7,37.8,24.9,2025-06-16,Summer,avg,APXMIDP,103.85,3380.2,103.85,0.0,103.85,0.10385,Elexon BMRS Market Index Data,APXMIDP
2025-06-16 18:30:00,8774.0,0.0,4355.0,8456.0,1608.0,508.0,3046.0,3086.0,2133.0,1335.0,0.0,33301.0,137.0,19348.0,16577.0,11907.0,8774.0,26.3,0.0,13.1,25.4,4.8,1.5,9.1,9.3,6.4,4.0,0.0,100.0,58.1,65.0,35.8,26.3,2025-06-16,Summer,avg,APXMIDP,105.89,3399.05,105.89,0.0,105.89,0.10589,Elexon BMRS Market Index Data,APXMIDP
2025-06-16 19:00:00,8779.0,0.0,4361.0,8568.0,1629.0,445.0,3710.0,3071.0,1547.0,672.0,0.0,32782.0,134.0,18746.0,16506.0,11314.0,8779.0,26.8,0.0,13.3,26.1,5.0,1.4,11.3,9.4,4.7,2.0,0.0,100.0,57.2,66.2,34.5,26.8,2025-06-16,Summer,avg,APXMIDP,100.03,3131.55,100.03,0.0,100.03,0.10003000000000001,Elexon BMRS Market Index Data,APXMIDP
2025-06-16 19:30:00,8858.0,0.0,4376.0,8657.0,1652.0,394.0,3742.0,3084.0,1049.0,211.0,0.0,32023.0,133.0,18374.0,16567.0,10914.0,8858.0,27.7,0.0,13.7,27.0,5.2,1.2,11.7,9.6,3.3,0.7,0.0,100.0,57.4,67.5,34.1,27.7,2025-06-16,Summer,avg,APXMIDP,99.8,3061.75,99.8,0.0,99.8,0.0998,Elexon BMRS Market Index Data,APXMIDP
2025-06-16 20:00:00,9050.0,0.0,4433.0,8957.0,1705.0,369.0,3414.0,3077.0,1005.0,14.0,0.0,32024.0,135.0,18555.0,16875.0,11045.0,9050.0,28.3,0.0,13.8,28.0,5.3,1.2,10.7,9.6,3.1,0.0,0.0,100.0,57.9,67.4,34.5,28.3,2025-06-16,Summer,avg,APXMIDP,99.59,2623.55,99.59,0.0,99.59,0.09959,Elexon BMRS Market Index Data,APXMIDP
2025-06-16 20:30:00,8720.0,0.0,4488.0,9089.0,1814.0,336.0,3356.0,3075.0,831.0,0.0,0.0,31709.0,130.0,18802.0,16990.0,11239.0,8720.0,27.5,0.0,14.2,28.7,5.7,1.1,10.6,9.7,2.6,0.0,0.0,100.0,59.3,68.7,35.4,27.5,2025-06-16,Summer,avg,APXMIDP,96.8,2422.3,96.8,0.0,96.8,0.0968,Elexon BMRS Market Index Data,APXMIDP
2025-06-16 21:00:00,8147.0,0.0,4543.0,9333.0,1946.0,251.0,3642.0,3075.0,329.0,0.0,0.0,31266.0,119.0,19148.0,17204.0,11530.0,8147.0,26.1,0.0,14.5,29.9,6.2,0.8,11.6,9.8,1.1,0.0,0.0,100.0,61.2,72.2,36.9,26.1,2025-06-16,Summer,avg,APXMIDP,94.0,2797.5,94.0,0.0,94.0,0.094,Elexon BMRS Market Index Data,APXMIDP
2025-06-16 21:30:00,6963.0,0.0,4603.0,9492.0,2060.0,243.0,3662.0,3077.0,296.0,0.0,0.0,30396.0,107.0,19475.0,17416.0,11795.0,6963.0,22.9,0.0,15.1,31.2,6.8,0.8,12.0,10.1,1.0,0.0,0.0,100.0,64.1,76.1,38.8,22.9,2025-06-16,Summer,avg,APXMIDP,90.12,3093.05,90.12,0.0,90.12,0.09012,Elexon BMRS Market Index Data,APXMIDP
2025-06-16 22:00:00,5305.0,0.0,4661.0,9164.0,2140.0,222.0,3792.0,3076.0,367.0,0.0,0.0,28727.0,93.0,19263.0,17124.0,11526.0,5305.0,18.5,0.0,16.2,31.9,7.4,0.8,13.2,10.7,1.3,0.0,0.0,100.0,67.1,80.2,40.1,18.5,2025-06-16,Summer,avg,APXMIDP,73.42,1790.75,73.42,0.0,73.42,0.07342,Elexon BMRS Market Index Data,APXMIDP
2025-06-16 22:30:00,4072.0,0.0,4703.0,9259.0,2177.0,214.0,3946.0,3080.0,316.0,0.0,0.0,27767.0,80.0,19433.0,17257.0,11650.0,4072.0,14.7,0.0,16.9,33.3,7.8,0.8,14.2,11.1,1.1,0.0,0.0,100.0,70.0,84.6,42.0,14.7,2025-06-16,Summer,avg,APXMIDP,67.38,2035.9,67.38,0.0,67.38,0.06738,Elexon BMRS Market Index Data,APXMIDP
2025-06-16 23:00:00,4173.0,0.0,4714.0,9522.0,2180.0,186.0,3802.0,3084.0,331.0,0.0,0.0,27992.0,78.0,19686.0,17507.0,11888.0,4173.0,14.9,0.0,16.8,34.0,7.8,0.7,13.6,11.0,1.2,0.0,0.0,100.0,70.3,84.6,42.5,14.9,2025-06-16,Summer,avg,APXMIDP,72.16,1766.75,72.16,0.0,72.16,0.07216,Elexon BMRS Market Index Data,APXMIDP
2025-06-16 23:30:00,3862.0,0.0,4719.0,9530.0,2164.0,181.0,3784.0,3080.0,226.0,0.0,0.0,27546.0,74.0,19674.0,17511.0,11875.0,3862.0,14.0,0.0,17.1,34.6,7.9,0.7,13.7,11.2,0.8,0.0,0.0,100.0,71.4,85.0,43.1,14.0,2025-06-16,Summer,avg,APXMIDP,62.89,2118.8,62.89,0.0,62.89,0.06289,Elexon BMRS Market Index Data,APXMIDP
2025-07-05 00:00:00,4488.0,0.0,4164.0,12542.0,4285.0,325.0,343.0,1487.0,376.0,0.0,0.0,28011.0,74.0,22803.0,18519.0,17152.0,4488.0,16.0,0.0,14.9,44.8,15.3,1.2,1.2,5.3,1.3,0.0,0.0,100.0,81.4,82.4,61.2,16.0,2025-07-05,Summer,top10,APXMIDP,17.08,2268.75,17.08,0.0,17.08,0.017079999999999998,Elexon BMRS Market Index Data,APXMIDP
2025-07-05 00:30:00,4671.0,0.0,4159.0,12369.0,4198.0,325.0,293.0,1267.0,424.0,0.0,0.0,27707.0,77.0,22318.0,18123.0,16892.0,4671.0,16.9,0.0,15.0,44.6,15.2,1.2,1.1,4.6,1.5,0.0,0.0,100.0,80.6,80.9,61.0,16.9,2025-07-05,Summer,top10,APXMIDP,18.48,2015.05,18.48,0.0,18.48,0.01848,Elexon BMRS Market Index Data,APXMIDP
2025-07-05 01:00:00,4699.0,0.0,4165.0,12579.0,4154.0,311.0,212.0,1187.0,401.0,0.0,0.0,27708.0,76.0,22396.0,18243.0,17044.0,4699.0,17.0,0.0,15.0,45.4,15.0,1.1,0.8,4.3,1.4,0.0,0.0,100.0,80.8,81.0,61.5,17.0,2025-07-05,Summer,top10,APXMIDP,21.37,2367.15,21.37,0.0,21.37,0.02137,Elexon BMRS Market Index Data,APXMIDP
2025-07-05 01:30:00,4439.0,0.0,4166.0,12794.0,4151.0,309.0,212.0,1181.0,333.0,0.0,0.0,27585.0,72.0,22601.0,18451.0,17254.0,4439.0,16.1,0.0,15.1,46.4,15.0,1.1,0.8,4.3,1.2,0.0,0.0,100.0,81.9,82.4,62.5,16.1,2025-07-05,Summer,top10,APXMIDP,17.1,2217.85,17.1,0.0,17.1,0.0171,Elexon BMRS Market Index Data,APXMIDP
2025-07-05 02:00:00,4332.0,0.0,4162.0,13048.0,4147.0,294.0,340.0,1193.0,297.0,0.0,0.0,27813.0,70.0,22844.0,18698.0,17489.0,4332.0,15.6,0.0,15.0,46.9,14.9,1.1,1.2,4.3,1.1,0.0,0.0,100.0,82.1,83.1,62.9,15.6,2025-07-05,Summer,top10,APXMIDP,13.4,2063.2,13.4,0.0,13.4,0.0134,Elexon BMRS Market Index Data,APXMIDP
2025-07-05 02:30:00,4009.0,0.0,4172.0,13313.0,4102.0,292.0,354.0,1164.0,244.0,0.0,0.0,27650.0,65.0,23043.0,18942.0,17707.0,4009.0,14.5,0.0,15.1,48.1,14.8,1.1,1.3,4.2,0.9,0.0,0.0,100.0,83.3,84.6,64.0,14.5,2025-07-05,Summer,top10,APXMIDP,14.03,1725.6,14.03,0.0,14.03,0.014029999999999999,Elexon BMRS Market Index Data,APXMIDP
2025-07-05 03:00:00,4269.0,0.0,4165.0,13200.0,4048.0,293.0,528.0,1107.0,281.0,0.0,0.0,27891.0,69.0,22813.0,18766.0,17541.0,4269.0,15.3,0.0,14.9,47.3,14.5,1.1,1.9,4.0,1.0,0.0,0.0,100.0,81.8,83.4,62.9,15.3,2025-07-05,Summer,top10,APXMIDP,13.31,1915.95,13.31,0.0,13.31,0.01331,Elexon BMRS Market Index Data,APXMIDP
2025-07-05 03:30:00,4241.0,0.0,4172.0,12910.0,4015.0,293.0,536.0,1117.0,261.0,0.0,0.0,27545.0,69.0,22507.0,18493.0,17218.0,4241.0,15.4,0.0,15.1,46.9,14.6,1.1,1.9,4.1,0.9,0.0,0.0,100.0,81.7,83.4,62.5,15.4,2025-07-05,Summer,top10,APXMIDP,11.42,1773.25,11.42,0.0,11.42,0.01142,Elexon BMRS Market Index Data,APXMIDP
2025-07-05 04:00:00,3961.0,0.0,4182.0,12636.0,3973.0,292.0,590.0,1191.0,315.0,7.0,0.0,27147.0,67.0,22281.0,18304.0,16908.0,3961.0,14.6,0.0,15.4,46.5,14.6,1.1,2.2,4.4,1.2,0.0,0.0,100.0,82.1,84.1,62.3,14.6,2025-07-05,Summer,top10,APXMIDP,16.54,1851.55,16.54,0.0,16.54,0.01654,Elexon BMRS Market Index Data,APXMIDP
2025-07-05 04:30:00,4080.0,0.0,4177.0,12350.0,3894.0,311.0,606.0,1102.0,396.0,117.0,0.0,27033.0,69.0,21951.0,17945.0,16672.0,4080.0,15.1,0.0,15.5,45.7,14.4,1.2,2.2,4.1,1.5,0.4,0.0,100.0,81.2,83.1,61.7,15.1,2025-07-05,Summer,top10,APXMIDP,17.79,1636.2,17.79,0.0,17.79,0.01779,Elexon BMRS Market Index Data,APXMIDP
2025-07-05 05:00:00,4291.0,0.0,4175.0,12117.0,3819.0,332.0,900.0,1158.0,631.0,384.0,0.0,27807.0,73.0,21985.0,17790.0,16652.0,4291.0,15.4,0.0,15.0,43.6,13.7,1.2,3.2,4.2,2.3,1.4,0.0,100.0,79.1,81.2,59.9,15.4,2025-07-05,Summer,top10,APXMIDP,16.26,2010.45,16.26,0.0,16.26,0.01626,Elexon BMRS Market Index Data,APXMIDP
2025-07-05 05:30:00,4181.0,0.0,4181.0,12359.0,3791.0,318.0,930.0,1105.0,939.0,754.0,0.0,28558.0,73.0,22508.0,18005.0,17222.0,4181.0,14.6,0.0,14.6,43.3,13.3,1.1,3.3,3.9,3.3,2.6,0.0,100.0,78.8,80.9,60.3,14.6,2025-07-05,Summer,top10,APXMIDP,23.84,2385.9,23.84,0.0,23.84,0.02384,Elexon BMRS Market Index Data,APXMIDP
2025-07-05 06:00:00,3315.0,0.0,4175.0,12657.0,3791.0,320.0,1168.0,864.0,370.0,1293.0,0.0,27953.0,55.0,23100.0,18052.0,18061.0,3315.0,11.9,0.0,14.9,45.3,13.6,1.1,4.2,3.1,1.3,4.6,0.0,100.0,82.6,85.9,64.6,11.9,2025-07-05,Summer,top10,APXMIDP,0.14,1781.7,0.14,0.0,0.14,0.00014000000000000001,Elexon BMRS Market Index Data,APXMIDP
2025-07-05 06:30:00,3121.0,0.0,4166.0,12870.0,3794.0,315.0,1328.0,839.0,383.0,1802.0,0.0,28618.0,52.0,23786.0,18257.0,18781.0,3121.0,10.9,0.0,14.6,45.0,13.3,1.1,4.6,2.9,1.3,6.3,0.0,100.0,83.1,86.8,65.6,10.9,2025-07-05,Summer,top10,APXMIDP,8.34,2310.8,8.34,0.0,8.34,0.00834,Elexon BMRS Market Index Data,APXMIDP
2025-07-05 07:00:00,2893.0,0.0,4170.0,13003.0,3781.0,265.0,2302.0,830.0,240.0,2507.0,0.0,29991.0,47.0,24556.0,18363.0,19556.0,2893.0,9.6,0.0,13.9,43.4,12.6,0.9,7.7,2.8,0.8,8.4,0.0,100.0,81.9,88.5,65.2,9.6,2025-07-05,Summer,top10,APXMIDP,-10.01,1540.8,-10.01,0.0,-10.01,-0.01001,Elexon BMRS Market Index Data,APXMIDP
2025-07-05 07:30:00,2564.0,0.0,4168.0,13025.0,3747.0,243.0,2504.0,828.0,249.0,3340.0,0.0,30668.0,42.0,25351.0,18377.0,20355.0,2564.0,8.4,0.0,13.6,42.5,12.2,0.8,8.2,2.7,0.8,10.9,0.0,100.0,82.7,90.0,66.4,8.4,2025-07-05,Summer,top10,APXMIDP,-8.89,1619.7,-8.89,0.0,-8.89,-0.00889,Elexon BMRS Market Index Data,APXMIDP
2025-07-05 08:00:00,2374.0,0.0,4173.0,12855.0,3722.0,211.0,3132.0,829.0,278.0,3822.0,0.0,31396.0,40.0,25612.0,18207.0,20610.0,2374.0,7.6,0.0,13.3,40.9,11.9,0.7,10.0,2.6,0.9,12.2,0.0,100.0,81.6,90.8,65.6,7.6,2025-07-05,Summer,top10,APXMIDP,-10.41,1363.85,-10.41,0.0,-10.41,-0.01041,Elexon BMRS Market Index Data,APXMIDP
2025-07-05 08:30:00,2409.0,0.0,4172.0,12870.0,3729.0,206.0,3162.0,828.0,362.0,4045.0,0.0,31783.0,41.0,25850.0,18233.0,20850.0,2409.0,7.6,0.0,13.1,40.5,11.7,0.6,9.9,2.6,1.1,12.7,0.0,100.0,81.3,90.3,65.6,7.6,2025-07-05,Summer,top10,APXMIDP,-11.24,1282.55,-11.24,0.0,-11.24,-0.01124,Elexon BMRS Market Index Data,APXMIDP
2025-07-05 09:00:00,2443.0,0.0,4172.0,13046.0,3722.0,193.0,2924.0,828.0,353.0,3951.0,232.0,31864.0,43.0,26144.0,18616.0,21144.0,2443.0,7.7,0.0,13.1,40.9,11.7,0.6,9.2,2.6,1.1,12.4,0.7,100.0,82.0,90.3,66.4,7.7,2025-07-05,Summer,top10,APXMIDP,-11.61,1687.3,-11.61,0.0,-11.61,-0.011609999999999999,Elexon BMRS Market Index Data,APXMIDP
2025-07-05 09:30:00,2313.0,0.0,4168.0,12623.0,3661.0,194.0,2860.0,852.0,668.0,4130.0,240.0,31709.0,45.0,25868.0,18276.0,20848.0,2313.0,7.3,0.0,13.1,39.8,11.5,0.6,9.0,2.7,2.1,13.0,0.8,100.0,81.6,89.6,65.7,7.3,2025-07-05,Summer,top10,APXMIDP,-11.11,1745.95,-11.11,0.0,-11.11,-0.01111,Elexon BMRS Market Index Data,APXMIDP
2025-07-05 10:00:00,2291.0,0.0,4164.0,12308.0,3600.0,192.0,2346.0,854.0,910.0,4063.0,240.0,30968.0,47.0,25421.0,17965.0,20403.0,2291.0,7.4,0.0,13.4,39.7,11.6,0.6,7.6,2.8,2.9,13.1,0.8,100.0,82.1,88.5,65.9,7.4,2025-07-05,Summer,top10,APXMIDP,-6.0,1883.75,-6.0,0.0,-6.0,-0.006,Elexon BMRS Market Index Data,APXMIDP
2025-07-05 10:30:00,2285.0,0.0,4170.0,11934.0,3590.0,193.0,2370.0,848.0,1005.0,3850.0,240.0,30485.0,49.0,24825.0,17609.0,19807.0,2285.0,7.5,0.0,13.7,39.1,11.8,0.6,7.8,2.8,3.3,12.6,0.8,100.0,81.4,88.0,65.0,7.5,2025-07-05,Summer,top10,APXMIDP,2.71,2428.65,2.71,0.0,2.71,0.00271,Elexon BMRS Market Index Data,APXMIDP
2025-07-05 11:00:00,2289.0,0.0,4168.0,11779.0,3570.0,193.0,4042.0,851.0,669.0,3852.0,240.0,31653.0,47.0,24653.0,17407.0,19634.0,2289.0,7.2,0.0,13.2,37.2,11.3,0.6,12.8,2.7,2.1,12.2,0.8,100.0,77.9,89.1,62.0,7.2,2025-07-05,Summer,top10,APXMIDP,-5.98,2183.7,-5.98,0.0,-5.98,-0.00598,Elexon BMRS Market Index Data,APXMIDP
2025-07-05 11:30:00,2227.0,0.0,4175.0,11685.0,3487.0,193.0,4128.0,826.0,772.0,4636.0,240.0,32369.0,46.0,25242.0,17250.0,20241.0,2227.0,6.9,0.0,12.9,36.1,10.8,0.6,12.8,2.6,2.4,14.3,0.7,100.0,78.0,88.6,62.5,6.9,2025-07-05,Summer,top10,APXMIDP,-0.65,2319.35,-0.65,0.0,-0.65,-0.00065,Elexon BMRS Market Index Data,APXMIDP
2025-07-05 12:00:00,2201.0,0.0,4184.0,11624.0,3440.0,192.0,4672.0,826.0,506.0,4926.0,2.0,32573.0,44.0,25194.0,16984.0,20184.0,2201.0,6.8,0.0,12.8,35.7,10.6,0.6,14.3,2.5,1.6,15.1,0.0,100.0,77.3,90.0,62.0,6.8,2025-07-05,Summer,top10,APXMIDP,5.49,2666.3,5.49,0.0,5.49,0.00549,Elexon BMRS Market Index Data,APXMIDP
2025-07-05 12:30:00,2407.0,0.0,4180.0,11577.0,3522.0,192.0,4668.0,823.0,305.0,5091.0,0.0,32765.0,45.0,25385.0,16879.0,20382.0,2407.0,7.3,0.0,12.8,35.3,10.7,0.6,14.2,2.5,0.9,15.5,0.0,100.0,77.5,89.7,62.2,7.3,2025-07-05,Summer,top10,APXMIDP,-0.28,2434.3,-0.28,0.0,-0.28,-0.00028000000000000003,Elexon BMRS Market Index Data,APXMIDP
2025-07-05 13:00:00,2475.0,0.0,4188.0,12011.0,3644.0,231.0,3636.0,829.0,305.0,5693.0,0.0,33012.0,44.0,26596.0,17350.0,21579.0,2475.0,7.5,0.0,12.7,36.4,11.0,0.7,11.0,2.5,0.9,17.2,0.0,100.0,80.6,89.5,65.4,7.5,2025-07-05,Summer,top10,APXMIDP,5.71,2929.35,5.71,0.0,5.71,0.00571,Elexon BMRS Market Index Data,APXMIDP
2025-07-05 13:30:00,2550.0,0.0,4176.0,11073.0,3703.0,236.0,3590.0,844.0,284.0,5447.0,0.0,31903.0,46.0,25479.0,16427.0,20459.0,2550.0,8.0,0.0,13.1,34.7,11.6,0.7,11.3,2.6,0.9,17.1,0.0,100.0,79.9,88.8,64.1,8.0,2025-07-05,Summer,top10,APXMIDP,0.05,2958.55,0.05,0.0,0.05,5e-05,Elexon BMRS Market Index Data,APXMIDP
2025-07-05 14:00:00,2552.0,0.0,4175.0,10830.0,3704.0,220.0,3366.0,842.0,346.0,5292.0,0.0,31327.0,45.0,25063.0,16229.0,20046.0,2552.0,8.1,0.0,13.3,34.6,11.8,0.7,10.7,2.7,1.1,16.9,0.0,100.0,80.0,88.6,64.0,8.1,2025-07-05,Summer,top10,APXMIDP,-4.9,2317.65,-4.9,0.0,-4.9,-0.004900000000000001,Elexon BMRS Market Index Data,APXMIDP
2025-07-05 14:30:00,2552.0,0.0,4170.0,10076.0,3679.0,202.0,3434.0,840.0,362.0,5410.0,0.0,30725.0,46.0,24377.0,15406.0,19367.0,2552.0,8.3,0.0,13.6,32.8,12.0,0.7,11.2,2.7,1.2,17.6,0.0,100.0,79.3,87.8,63.0,8.3,2025-07-05,Summer,top10,APXMIDP,-9.19,2481.35,-9.19,0.0,-9.19,-0.00919,Elexon BMRS Market Index Data,APXMIDP
2025-07-05 15:00:00,2603.0,0.0,4157.0,9796.0,3643.0,224.0,3432.0,857.0,402.0,4980.0,0.0,30094.0,46.0,23657.0,15128.0,18643.0,2603.0,8.6,0.0,13.8,32.6,12.1,0.7,11.4,2.8,1.3,16.5,0.0,100.0,78.6,87.0,61.9,8.6,2025-07-05,Summer,top10,APXMIDP,-17.46,2683.85,-17.46,0.0,-17.46,-0.01746,Elexon BMRS Market Index Data,APXMIDP
2025-07-05 15:30:00,2572.0,0.0,4157.0,10629.0,3606.0,223.0,3534.0,828.0,296.0,4635.0,0.0,30480.0,44.0,24078.0,15958.0,19093.0,2572.0,8.4,0.0,13.6,34.9,11.8,0.7,11.6,2.7,1.0,15.2,0.0,100.0,79.0,88.4,62.6,8.4,2025-07-05,Summer,top10,APXMIDP,-5.56,2355.8,-5.56,0.0,-5.56,-0.00556,Elexon BMRS Market Index Data,APXMIDP
2025-07-05 16:00:00,2740.0,0.0,4158.0,11364.0,3563.0,221.0,4158.0,824.0,281.0,3927.0,0.0,31236.0,45.0,24057.0,16697.0,19075.0,2740.0,8.8,0.0,13.3,36.4,11.4,0.7,13.3,2.6,0.9,12.6,0.0,100.0,77.0,88.2,61.1,8.8,2025-07-05,Summer,top10,APXMIDP,3.8,2279.55,3.8,0.0,3.8,0.0038,Elexon BMRS Market Index Data,APXMIDP
2025-07-05 16:30:00,3053.0,0.0,4150.0,11318.0,3502.0,232.0,4254.0,830.0,527.0,3367.0,0.0,31233.0,51.0,23399.0,16738.0,18419.0,3053.0,9.8,0.0,13.3,36.2,11.2,0.7,13.6,2.7,1.7,10.8,0.0,100.0,74.9,86.5,59.0,9.8,2025-07-05,Summer,top10,APXMIDP,30.46,2353.45,30.46,0.0,30.46,0.03046,Elexon BMRS Market Index Data,APXMIDP
2025-07-05 17:00:00,3446.0,0.0,4158.0,11025.0,3387.0,310.0,5218.0,997.0,500.0,2949.0,0.0,31990.0,54.0,22826.0,16625.0,17671.0,3446.0,10.8,0.0,13.0,34.5,10.6,1.0,16.3,3.1,1.6,9.2,0.0,100.0,71.4,85.0,55.2,10.8,2025-07-05,Summer,top10,APXMIDP,28.22,2585.95,28.22,0.0,28.22,0.02822,Elexon BMRS Market Index Data,APXMIDP
2025-07-05 17:30:00,3689.0,0.0,4160.0,10434.0,3189.0,332.0,5230.0,1273.0,750.0,2176.0,20.0,31253.0,62.0,21584.0,16334.0,16151.0,3689.0,11.8,0.0,13.3,33.4,10.2,1.1,16.7,4.1,2.4,7.0,0.1,100.0,69.1,82.6,51.7,11.8,2025-07-05,Summer,top10,APXMIDP,55.01,2683.6,55.01,0.0,55.01,0.055009999999999996,Elexon BMRS Market Index Data,APXMIDP
2025-07-05 18:00:00,3631.0,0.0,4167.0,10730.0,2928.0,409.0,5184.0,1297.0,456.0,1498.0,74.0,30374.0,60.0,21103.0,16742.0,15639.0,3631.0,12.0,0.0,13.7,35.3,9.6,1.3,17.1,4.3,1.5,4.9,0.2,100.0,69.5,83.9,51.5,12.0,2025-07-05,Summer,top10,APXMIDP,64.0,3036.65,64.0,0.0,64.0,0.064,Elexon BMRS Market Index Data,APXMIDP
2025-07-05 18:30:00,4011.0,0.0,4161.0,10383.0,2639.0,432.0,5200.0,1304.0,348.0,892.0,286.0,29656.0,65.0,20097.0,16630.0,14632.0,4011.0,13.5,0.0,14.0,35.0,8.9,1.5,17.5,4.4,1.2,3.0,1.0,100.0,67.8,82.9,49.3,13.5,2025-07-05,Summer,top10,APXMIDP,69.93,2885.7,69.93,0.0,69.93,0.06993,Elexon BMRS Market Index Data,APXMIDP
2025-07-05 19:00:00,4188.0,0.0,4166.0,9541.0,2371.0,432.0,5768.0,1306.0,637.0,456.0,314.0,29179.0,73.0,18586.0,15890.0,13114.0,4188.0,14.4,0.0,14.3,32.7,8.1,1.5,19.8,4.5,2.2,1.6,1.1,100.0,63.7,80.7,44.9,14.4,2025-07-05,Summer,top10,APXMIDP,66.92,2824.85,66.92,0.0,66.92,0.06692000000000001,Elexon BMRS Market Index Data,APXMIDP
2025-07-05 19:30:00,4099.0,0.0,4170.0,9200.0,2171.0,446.0,5744.0,1298.0,663.0,121.0,314.0,28226.0,74.0,17720.0,15555.0,12252.0,4099.0,14.5,0.0,14.8,32.6,7.7,1.6,20.3,4.6,2.3,0.4,1.1,100.0,62.8,80.6,43.4,14.5,2025-07-05,Summer,top10,APXMIDP,78.2,3060.0,78.2,0.0,78.2,0.0782,Elexon BMRS Market Index Data,APXMIDP
2025-07-05 20:00:00,4372.0,0.0,4171.0,8687.0,2050.0,511.0,4704.0,1298.0,1355.0,7.0,392.0,27547.0,87.0,17116.0,15228.0,11647.0,4372.0,15.9,0.0,15.1,31.5,7.4,1.9,17.1,4.7,4.9,0.0,1.4,100.0,62.1,76.6,42.3,15.9,2025-07-05,Summer,top10,APXMIDP,92.25,3075.65,92.25,0.0,92.25,0.09225,Elexon BMRS Market Index Data,APXMIDP
2025-07-05 20:30:00,4686.0,0.0,4173.0,8201.0,2002.0,517.0,4684.0,1297.0,1272.0,0.0,464.0,27296.0,91.0,16654.0,14777.0,11184.0,4686.0,17.2,0.0,15.3,30.0,7.3,1.9,17.2,4.8,4.7,0.0,1.7,100.0,61.0,75.0,41.0,17.2,2025-07-05,Summer,top10,APXMIDP,93.2,3005.7,93.2,0.0,93.2,0.0932,Elexon BMRS Market Index Data,APXMIDP
2025-07-05 21:00:00,4649.0,0.0,4177.0,8130.0,1976.0,487.0,5048.0,1289.0,764.0,0.0,566.0,27086.0,87.0,16625.0,14727.0,11159.0,4649.0,17.2,0.0,15.4,30.0,7.3,1.8,18.6,4.8,2.8,0.0,2.1,100.0,61.4,76.8,41.2,17.2,2025-07-05,Summer,top10,APXMIDP,92.4,2610.25,92.4,0.0,92.4,0.09240000000000001,Elexon BMRS Market Index Data,APXMIDP
2025-07-05 21:30:00,4473.0,0.0,4174.0,7956.0,1918.0,480.0,5090.0,1294.0,443.0,0.0,614.0,26442.0,83.0,16436.0,14555.0,10968.0,4473.0,16.9,0.0,15.8,30.1,7.3,1.8,19.2,4.9,1.7,0.0,2.3,100.0,62.2,78.5,41.5,16.9,2025-07-05,Summer,top10,APXMIDP,90.88,2683.6,90.88,0.0,90.88,0.09087999999999999,Elexon BMRS Market Index Data,APXMIDP
2025-07-05 22:00:00,4078.0,0.0,4179.0,7690.0,1831.0,382.0,6064.0,1303.0,192.0,0.0,542.0,26261.0,74.0,15927.0,14097.0,10445.0,4078.0,15.5,0.0,15.9,29.3,7.0,1.5,23.1,5.0,0.7,0.0,2.1,100.0,60.6,80.3,39.8,15.5,2025-07-05,Summer,top10,APXMIDP,87.59,1467.55,87.59,0.0,87.59,0.08759,Elexon BMRS Market Index Data,APXMIDP
2025-07-05 22:30:00,3776.0,0.0,4174.0,7255.0,1729.0,362.0,6110.0,1310.0,247.0,0.0,536.0,25499.0,72.0,15366.0,13638.0,9882.0,3776.0,14.8,0.0,16.4,28.5,6.8,1.4,24.0,5.1,1.0,0.0,2.1,100.0,60.3,81.0,38.8,14.8,2025-07-05,Summer,top10,APXMIDP,87.16,1507.15,87.16,0.0,87.16,0.08716,Elexon BMRS Market Index Data,APXMIDP
2025-07-05 23:00:00,3783.0,0.0,4177.0,7216.0,1621.0,361.0,6066.0,1313.0,194.0,0.0,18.0,24749.0,75.0,14706.0,13086.0,9216.0,3783.0,15.3,0.0,16.9,29.2,6.5,1.5,24.5,5.3,0.8,0.0,0.1,100.0,59.4,80.5,37.2,15.3,2025-07-05,Summer,top10,APXMIDP,81.19,1988.4,81.19,0.0,81.19,0.08119,Elexon BMRS Market Index Data,APXMIDP
2025-07-05 23:30:00,3346.0,0.0,4175.0,7394.0,1517.0,361.0,6044.0,1308.0,137.0,0.0,2.0,24284.0,69.0,14757.0,13241.0,9274.0,3346.0,13.8,0.0,17.2,30.4,6.2,1.5,24.9,5.4,0.6,0.0,0.0,100.0,60.8,83.2,38.2,13.8,2025-07-05,Summer,top10,APXMIDP,81.0,1735.3,81.0,0.0,81.0,0.081,Elexon BMRS Market Index Data,APXMIDP
2025-07-10 00:00:00,10380.0,0.0,4167.0,3015.0,581.0,173.0,5148.0,2641.0,128.0,0.0,0.0,26233.0,172.0,10577.0,9997.0,3769.0,10380.0,39.6,0.0,15.9,11.5,2.2,0.7,19.6,10.1,0.5,0.0,0.0,100.0,40.3,51.3,14.4,39.6,2025-07-10,Summer,bottom10,APXMIDP,80.01,1220.3,80.01,0.0,80.01,0.08001000000000001,Elexon BMRS Market Index Data,APXMIDP
2025-07-10 00:30:00,10415.0,0.0,4161.0,2828.0,566.0,155.0,5158.0,2643.0,159.0,0.0,0.0,26085.0,174.0,10353.0,9788.0,3549.0,10415.0,39.9,0.0,16.0,10.8,2.2,0.6,19.8,10.1,0.6,0.0,0.0,100.0,39.7,50.6,13.6,39.9,2025-07-10,Summer,bottom10,APXMIDP,73.52,929.0,73.52,0.0,73.52,0.07352,Elexon BMRS Market Index Data,APXMIDP
2025-07-10 01:00:00,10555.0,0.0,4166.0,2699.0,562.0,136.0,5364.0,2638.0,194.0,0.0,0.0,26314.0,175.0,10201.0,9659.0,3397.0,10555.0,40.1,0.0,15.8,10.3,2.1,0.5,20.4,10.0,0.7,0.0,0.0,100.0,38.8,49.9,12.9,40.1,2025-07-10,Summer,bottom10,APXMIDP,77.48,1321.8,77.48,0.0,77.48,0.07748000000000001,Elexon BMRS Market Index Data,APXMIDP
2025-07-10 01:30:00,10347.0,0.0,4167.0,2841.0,549.0,136.0,5376.0,2637.0,122.0,0.0,0.0,26175.0,172.0,10330.0,9782.0,3526.0,10347.0,39.5,0.0,15.9,10.9,2.1,0.5,20.5,10.1,0.5,0.0,0.0,100.0,39.5,50.9,13.5,39.5,2025-07-10,Summer,bottom10,APXMIDP,75.11,1449.25,75.11,0.0,75.11,0.07511,Elexon BMRS Market Index Data,APXMIDP
2025-07-10 02:00:00,10460.0,0.0,4162.0,2895.0,523.0,135.0,5318.0,2643.0,170.0,0.0,0.0,26306.0,174.0,10358.0,9836.0,3553.0,10460.0,39.8,0.0,15.8,11.0,2.0,0.5,20.2,10.0,0.6,0.0,0.0,100.0,39.4,50.8,13.5,39.8,2025-07-10,Summer,bottom10,APXMIDP,69.14,1139.65,69.14,0.0,69.14,0.06914000000000001,Elexon BMRS Market Index Data,APXMIDP
2025-07-10 02:30:00,10497.0,0.0,4163.0,2847.0,485.0,133.0,5318.0,2641.0,117.0,0.0,0.0,26201.0,174.0,10269.0,9785.0,3465.0,10497.0,40.1,0.0,15.9,10.9,1.9,0.5,20.3,10.1,0.4,0.0,0.0,100.0,39.2,50.7,13.2,40.1,2025-07-10,Summer,bottom10,APXMIDP,73.97,1088.15,73.97,0.0,73.97,0.07397,Elexon BMRS Market Index Data,APXMIDP
2025-07-10 03:00:00,10375.0,0.0,4154.0,2814.0,453.0,134.0,4878.0,2697.0,127.0,0.0,0.0,25632.0,177.0,10252.0,9800.0,3401.0,10375.0,40.5,0.0,16.2,11.0,1.8,0.5,19.0,10.5,0.5,0.0,0.0,100.0,40.0,51.0,13.3,40.5,2025-07-10,Summer,bottom10,APXMIDP,70.62,1544.3,70.62,0.0,70.62,0.07062,Elexon BMRS Market Index Data,APXMIDP
2025-07-10 03:30:00,10102.0,0.0,4161.0,2942.0,441.0,134.0,4842.0,2760.0,112.0,0.0,0.0,25494.0,173.0,10438.0,9999.0,3517.0,10102.0,39.6,0.0,16.3,11.5,1.7,0.5,19.0,10.8,0.4,0.0,0.0,100.0,40.9,52.2,13.8,39.6,2025-07-10,Summer,bottom10,APXMIDP,64.37,1360.6,64.37,0.0,64.37,0.06437000000000001,Elexon BMRS Market Index Data,APXMIDP
2025-07-10 04:00:00,9865.0,0.0,4155.0,2896.0,440.0,144.0,4358.0,2925.0,156.0,29.0,0.0,24968.0,174.0,10589.0,10123.0,3509.0,9865.0,39.5,0.0,16.6,11.6,1.8,0.6,17.5,11.7,0.6,0.1,0.0,100.0,42.4,52.7,14.1,39.5,2025-07-10,Summer,bottom10,APXMIDP,66.19,1550.95,66.19,0.0,66.19,0.06619,Elexon BMRS Market Index Data,APXMIDP
2025-07-10 04:30:00,9993.0,0.0,4159.0,2805.0,435.0,150.0,4350.0,2941.0,189.0,310.0,0.0,25332.0,174.0,10800.0,10062.0,3700.0,9993.0,39.4,0.0,16.4,11.1,1.7,0.6,17.2,11.6,0.7,1.2,0.0,100.0,42.6,52.1,14.6,39.4,2025-07-10,Summer,bottom10,APXMIDP,67.43,1590.8,67.43,0.0,67.43,0.06743,Elexon BMRS Market Index Data,APXMIDP
2025-07-10 05:00:00,10323.0,0.0,4160.0,2788.0,417.0,252.0,5066.0,2963.0,345.0,922.0,0.0,27236.0,169.0,11502.0,10215.0,4379.0,10323.0,37.9,0.0,15.3,10.2,1.5,0.9,18.6,10.9,1.3,3.4,0.0,100.0,42.2,51.6,16.1,37.9,2025-07-10,Summer,bottom10,APXMIDP,71.24,1747.7,71.24,0.0,71.24,0.07124,Elexon BMRS Market Index Data,APXMIDP
2025-07-10 05:30:00,10631.0,0.0,4162.0,2642.0,385.0,292.0,5122.0,2993.0,1030.0,1703.0,56.0,29016.0,170.0,12233.0,10315.0,5078.0,10631.0,36.6,0.0,14.3,9.1,1.3,1.0,17.7,10.3,3.5,5.9,0.2,100.0,42.2,49.8,17.5,36.6,2025-07-10,Summer,bottom10,APXMIDP,75.33,1801.85,75.33,0.0,75.33,0.07533,Elexon BMRS Market Index Data,APXMIDP
2025-07-10 06:00:00,10569.0,0.0,4161.0,2593.0,360.0,292.0,5290.0,3025.0,762.0,2675.0,60.0,29787.0,162.0,13166.0,10268.0,5980.0,10569.0,35.5,0.0,14.0,8.7,1.2,1.0,17.8,10.2,2.6,9.0,0.2,100.0,44.2,50.4,20.1,35.5,2025-07-10,Summer,bottom10,APXMIDP,78.96,1994.55,78.96,0.0,78.96,0.07895999999999999,Elexon BMRS Market Index Data,APXMIDP
2025-07-10 06:30:00,10627.0,0.0,4160.0,2534.0,360.0,295.0,5298.0,3060.0,976.0,3780.0,6.0,31095.0,158.0,14194.0,10285.0,6975.0,10627.0,34.2,0.0,13.4,8.1,1.2,0.9,17.0,9.8,3.1,12.2,0.0,100.0,45.6,50.0,22.4,34.2,2025-07-10,Summer,bottom10,APXMIDP,83.05,1968.5,83.05,0.0,83.05,0.08305,Elexon BMRS Market Index Data,APXMIDP
2025-07-10 07:00:00,10357.0,0.0,4160.0,2561.0,363.0,301.0,6442.0,3086.0,548.0,4965.0,0.0,32783.0,150.0,15436.0,10285.0,8190.0,10357.0,31.6,0.0,12.7,7.8,1.1,0.9,19.7,9.4,1.7,15.1,0.0,100.0,47.1,51.2,25.0,31.6,2025-07-10,Summer,bottom10,APXMIDP,78.21,1831.4,78.21,0.0,78.21,0.07820999999999999,Elexon BMRS Market Index Data,APXMIDP
2025-07-10 07:30:00,10124.0,0.0,4161.0,2578.0,349.0,273.0,6548.0,3104.0,495.0,6382.0,0.0,34014.0,142.0,16847.0,10307.0,9582.0,10124.0,29.8,0.0,12.2,7.6,1.0,0.8,19.3,9.1,1.5,18.8,0.0,100.0,49.5,52.0,28.2,29.8,2025-07-10,Summer,bottom10,APXMIDP,80.18,2394.5,80.18,0.0,80.18,0.08018,Elexon BMRS Market Index Data,APXMIDP
2025-07-10 08:00:00,9770.0,0.0,4158.0,2531.0,334.0,224.0,7752.0,3115.0,403.0,7754.0,0.0,36042.0,135.0,18116.0,10264.0,10843.0,9770.0,27.1,0.0,11.5,7.0,0.9,0.6,21.5,8.6,1.1,21.5,0.0,100.0,50.3,53.2,30.1,27.1,2025-07-10,Summer,bottom10,APXMIDP,71.35,1725.15,71.35,0.0,71.35,0.07135,Elexon BMRS Market Index Data,APXMIDP
2025-07-10 08:30:00,9355.0,0.0,4154.0,2451.0,336.0,222.0,7772.0,3125.0,443.0,9036.0,0.0,36894.0,128.0,19324.0,10217.0,12045.0,9355.0,25.4,0.0,11.3,6.6,0.9,0.6,21.1,8.5,1.2,24.5,0.0,100.0,52.4,54.0,32.6,25.4,2025-07-10,Summer,bottom10,APXMIDP,67.73,1569.35,67.73,0.0,67.73,0.06773,Elexon BMRS Market Index Data,APXMIDP
2025-07-10 09:00:00,8867.0,0.0,4140.0,2365.0,343.0,199.0,7438.0,3131.0,500.0,10160.0,0.0,37144.0,120.0,20339.0,10143.0,13067.0,8867.0,23.9,0.0,11.1,6.4,0.9,0.5,20.0,8.4,1.3,27.4,0.0,100.0,54.8,54.4,35.2,23.9,2025-07-10,Summer,bottom10,APXMIDP,74.35,1972.85,74.35,0.0,74.35,0.07435,Elexon BMRS Market Index Data,APXMIDP
2025-07-10 09:30:00,8455.0,0.0,4124.0,388.0,345.0,28.0,7490.0,3131.0,98.0,11207.0,0.0,35267.0,118.0,19224.0,7979.0,11968.0,8455.0,24.0,0.0,11.7,1.1,1.0,0.1,21.2,8.9,0.3,31.8,0.0,100.0,54.5,50.9,33.9,24.0,2025-07-10,Summer,bottom10,APXMIDP,77.07,2425.1,77.07,0.0,77.07,0.07707,Elexon BMRS Market Index Data,APXMIDP
2025-07-10 10:00:00,8123.0,0.0,4120.0,0.0,360.0,0.0,7828.0,3136.0,0.0,12024.0,0.0,35592.0,114.0,19641.0,7564.0,12384.0,8123.0,22.8,0.0,11.6,0.0,1.0,0.0,22.0,8.8,0.0,33.8,0.0,100.0,55.2,51.0,34.8,22.8,2025-07-10,Summer,bottom10,APXMIDP,72.95,2221.4,72.95,0.0,72.95,0.07295,Elexon BMRS Market Index Data,APXMIDP
2025-07-10 10:30:00,7899.0,0.0,4122.0,397.0,405.0,28.0,8037.0,3140.0,94.0,12594.0,0.0,36716.0,110.0,20686.0,7995.0,13424.0,7899.0,21.5,0.0,11.2,1.1,1.1,0.1,21.9,8.6,0.3,34.3,0.0,100.0,56.3,52.9,36.6,21.5,2025-07-10,Summer,bottom10,APXMIDP,69.51,2182.35,69.51,0.0,69.51,0.06951,Elexon BMRS Market Index Data,APXMIDP
2025-07-10 11:00:00,7827.0,0.0,4129.0,2354.0,450.0,159.0,8259.0,3146.0,550.0,12969.0,0.0,39844.0,105.0,23208.0,10105.0,15932.0,7827.0,19.6,0.0,10.4,5.9,1.1,0.4,20.7,7.9,1.4,32.5,0.0,100.0,58.2,57.4,40.0,19.6,2025-07-10,Summer,bottom10,APXMIDP,69.82,2052.6,69.82,0.0,69.82,0.06982,Elexon BMRS Market Index Data,APXMIDP
2025-07-10 11:30:00,7652.0,0.0,4136.0,2414.0,469.0,137.0,7662.0,3150.0,529.0,13074.0,0.0,39223.0,105.0,23380.0,10188.0,16094.0,7652.0,19.5,0.0,10.5,6.2,1.2,0.3,19.5,8.0,1.3,33.3,0.0,100.0,59.6,58.6,41.0,19.5,2025-07-10,Summer,bottom10,APXMIDP,70.9,2047.2,70.9,0.0,70.9,0.0709,Elexon BMRS Market Index Data,APXMIDP
2025-07-10 12:00:00,7502.0,0.0,4142.0,2446.0,483.0,123.0,7617.0,3156.0,567.0,13096.0,0.0,39132.0,103.0,23445.0,10214.0,16148.0,7502.0,19.2,0.0,10.6,6.3,1.2,0.3,19.5,8.1,1.4,33.5,0.0,100.0,59.9,59.1,41.3,19.2,2025-07-10,Summer,bottom10,APXMIDP,71.6,2053.5,71.6,0.0,71.6,0.0716,Elexon BMRS Market Index Data,APXMIDP
2025-07-10 12:30:00,7330.0,0.0,4145.0,2664.0,512.0,122.0,7611.0,3161.0,547.0,12831.0,0.0,38922.0,102.0,23434.0,10437.0,16129.0,7330.0,18.8,0.0,10.6,6.8,1.3,0.3,19.6,8.1,1.4,33.0,0.0,100.0,60.2,60.3,41.4,18.8,2025-07-10,Summer,bottom10,APXMIDP,73.75,2009.1,73.75,0.0,73.75,0.07375,Elexon BMRS Market Index Data,APXMIDP
2025-07-10 13:00:00,7288.0,0.0,4146.0,2694.0,539.0,122.0,7703.0,3169.0,553.0,12473.0,0.0,38686.0,103.0,23142.0,10473.0,15828.0,7288.0,18.8,0.0,10.7,7.0,1.4,0.3,19.9,8.2,1.4,32.2,0.0,100.0,59.8,60.4,40.9,18.8,2025-07-10,Summer,bottom10,APXMIDP,72.17,1825.45,72.17,0.0,72.17,0.07217,Elexon BMRS Market Index Data,APXMIDP
2025-07-10 13:30:00,7231.0,0.0,4147.0,2714.0,541.0,142.0,7694.0,3177.0,660.0,11870.0,0.0,38176.0,104.0,22591.0,10514.0,15267.0,7231.0,18.9,0.0,10.9,7.1,1.4,0.4,20.2,8.3,1.7,31.1,0.0,100.0,59.2,60.3,40.0,18.9,2025-07-10,Summer,bottom10,APXMIDP,73.72,2050.8,73.72,0.0,73.72,0.07372,Elexon BMRS Market Index Data,APXMIDP
2025-07-10 14:00:00,7406.0,0.0,4147.0,2743.0,531.0,153.0,7532.0,3188.0,674.0,11459.0,0.0,37833.0,107.0,22221.0,10559.0,14886.0,7406.0,19.6,0.0,11.0,7.3,1.4,0.4,19.9,8.4,1.8,30.3,0.0,100.0,58.7,60.1,39.3,19.6,2025-07-10,Summer,bottom10,APXMIDP,80.13,1961.4,80.13,0.0,80.13,0.08012999999999999,Elexon BMRS Market Index Data,APXMIDP
2025-07-10 14:30:00,7630.0,0.0,4149.0,2802.0,524.0,152.0,7468.0,3200.0,971.0,10317.0,0.0,37213.0,113.0,21143.0,10658.0,13795.0,7630.0,20.5,0.0,11.1,7.5,1.4,0.4,20.1,8.6,2.6,27.7,0.0,100.0,56.8,59.2,37.1,20.5,2025-07-10,Summer,bottom10,APXMIDP,80.55,2457.65,80.55,0.0,80.55,0.08055,Elexon BMRS Market Index Data,APXMIDP
2025-07-10 15:00:00,8161.0,0.0,4151.0,2727.0,525.0,126.0,6728.0,3212.0,894.0,9240.0,0.0,35764.0,118.0,19981.0,10531.0,12618.0,8161.0,22.8,0.0,11.6,7.6,1.5,0.4,18.8,9.0,2.5,25.8,0.0,100.0,55.9,57.7,35.3,22.8,2025-07-10,Summer,bottom10,APXMIDP,78.27,2883.3,78.27,0.0,78.27,0.07826999999999999,Elexon BMRS Market Index Data,APXMIDP
2025-07-10 15:30:00,8864.0,0.0,4153.0,2792.0,535.0,122.0,6692.0,3227.0,753.0,8068.0,0.0,35206.0,126.0,18897.0,10547.0,11517.0,8864.0,25.2,0.0,11.8,7.9,1.5,0.3,19.0,9.2,2.1,22.9,0.0,100.0,53.7,56.3,32.7,25.2,2025-07-10,Summer,bottom10,APXMIDP,73.74,2611.05,73.74,0.0,73.74,0.07374,Elexon BMRS Market Index Data,APXMIDP
2025-07-10 16:00:00,10897.0,0.0,4154.0,2739.0,546.0,147.0,6028.0,3222.0,704.0,6865.0,0.0,35302.0,145.0,17673.0,10477.0,10297.0,10897.0,30.9,0.0,11.8,7.8,1.5,0.4,17.1,9.1,2.0,19.4,0.0,100.0,50.1,51.1,29.2,30.9,2025-07-10,Summer,bottom10,APXMIDP,76.93,3031.65,76.93,0.0,76.93,0.07693000000000001,Elexon BMRS Market Index Data,APXMIDP
2025-07-10 16:30:00,12138.0,0.0,4156.0,2607.0,549.0,166.0,6012.0,3235.0,753.0,5674.0,0.0,35290.0,159.0,16387.0,10351.0,8996.0,12138.0,34.4,0.0,11.8,7.4,1.6,0.5,17.0,9.2,2.1,16.1,0.0,100.0,46.4,47.7,25.5,34.4,2025-07-10,Summer,bottom10,APXMIDP,77.6,2683.3,77.6,0.0,77.6,0.07759999999999999,Elexon BMRS Market Index Data,APXMIDP
2025-07-10 17:00:00,13420.0,0.0,4147.0,2310.0,540.0,295.0,5352.0,3235.0,1032.0,4427.0,0.0,34758.0,175.0,14954.0,10157.0,7572.0,13420.0,38.6,0.0,11.9,6.6,1.6,0.8,15.4,9.3,3.0,12.7,0.0,100.0,43.0,44.0,21.8,38.6,2025-07-10,Summer,bottom10,APXMIDP,84.43,3015.35,84.43,0.0,84.43,0.08443,Elexon BMRS Market Index Data,APXMIDP
2025-07-10 17:30:00,13672.0,0.0,4147.0,2116.0,519.0,335.0,5354.0,3235.0,1516.0,3390.0,158.0,34442.0,183.0,13900.0,10178.0,6518.0,13672.0,39.7,0.0,12.0,6.1,1.5,1.0,15.5,9.4,4.4,9.8,0.5,100.0,40.4,42.7,18.9,39.7,2025-07-10,Summer,bottom10,APXMIDP,92.01,3013.65,92.01,0.0,92.01,0.09201000000000001,Elexon BMRS Market Index Data,APXMIDP
2025-07-10 18:00:00,13748.0,0.0,4155.0,2107.0,497.0,623.0,5732.0,3222.0,1757.0,2252.0,98.0,34191.0,190.0,12954.0,10320.0,5577.0,13748.0,40.2,0.0,12.2,6.2,1.5,1.8,16.8,9.4,5.1,6.6,0.3,100.0,37.9,42.4,16.3,40.2,2025-07-10,Summer,bottom10,APXMIDP,108.15,3464.0,108.15,0.0,108.15,0.10815000000000001,Elexon BMRS Market Index Data,APXMIDP
2025-07-10 18:30:00,13868.0,0.0,4149.0,2001.0,486.0,646.0,5748.0,3242.0,1566.0,1399.0,138.0,33243.0,196.0,12061.0,10223.0,4670.0,13868.0,41.7,0.0,12.5,6.0,1.5,1.9,17.3,9.8,4.7,4.2,0.4,100.0,36.3,42.2,14.0,41.7,2025-07-10,Summer,bottom10,APXMIDP,110.24,3471.85,110.24,0.0,110.24,0.11023999999999999,Elexon BMRS Market Index Data,APXMIDP
2025-07-10 19:00:00,13899.0,0.0,4146.0,1956.0,480.0,661.0,5352.0,3256.0,1670.0,692.0,122.0,32234.0,201.0,11313.0,10163.0,3911.0,13899.0,43.1,0.0,12.9,6.1,1.5,2.1,16.6,10.1,5.2,2.1,0.4,100.0,35.1,41.7,12.1,43.1,2025-07-10,Summer,bottom10,APXMIDP,110.59,3971.3,110.59,0.0,110.59,0.11059000000000001,Elexon BMRS Market Index Data,APXMIDP
2025-07-10 19:30:00,13645.0,0.0,4147.0,2012.0,473.0,663.0,5352.0,3243.0,1458.0,202.0,156.0,31351.0,201.0,10896.0,10306.0,3506.0,13645.0,43.5,0.0,13.2,6.4,1.5,2.1,17.1,10.3,4.7,0.6,0.5,100.0,34.8,43.2,11.2,43.5,2025-07-10,Summer,bottom10,APXMIDP,111.3,4378.65,111.3,0.0,111.3,0.1113,Elexon BMRS Market Index Data,APXMIDP
2025-07-10 20:00:00,13933.0,0.0,4144.0,2137.0,471.0,651.0,5834.0,3244.0,1183.0,10.0,164.0,31771.0,201.0,10821.0,10342.0,3433.0,13933.0,43.9,0.0,13.0,6.7,1.5,2.0,18.4,10.2,3.7,0.0,0.5,100.0,34.1,43.5,10.8,43.9,2025-07-10,Summer,bottom10,APXMIDP,102.69,3693.7,102.69,0.0,102.69,0.10269,Elexon BMRS Market Index Data,APXMIDP
2025-07-10 20:30:00,13999.0,0.0,4148.0,2150.0,476.0,606.0,5848.0,3220.0,947.0,0.0,174.0,31568.0,201.0,10774.0,10300.0,3406.0,13999.0,44.3,0.0,13.1,6.8,1.5,1.9,18.5,10.2,3.0,0.0,0.6,100.0,34.1,43.9,10.8,44.3,2025-07-10,Summer,bottom10,APXMIDP,101.13,2864.05,101.13,0.0,101.13,0.10113,Elexon BMRS Market Index Data,APXMIDP
2025-07-10 21:00:00,14031.0,0.0,4146.0,2140.0,478.0,502.0,5602.0,3226.0,886.0,0.0,162.0,31173.0,203.0,10654.0,10178.0,3282.0,14031.0,45.0,0.0,13.3,6.9,1.5,1.6,18.0,10.3,2.8,0.0,0.5,100.0,34.2,43.7,10.5,45.0,2025-07-10,Summer,bottom10,APXMIDP,102.13,2688.8,102.13,0.0,102.13,0.10213,Elexon BMRS Market Index Data,APXMIDP
2025-07-10 21:30:00,13906.0,0.0,4150.0,1947.0,463.0,513.0,5574.0,3233.0,689.0,0.0,182.0,30657.0,202.0,10488.0,10078.0,3105.0,13906.0,45.4,0.0,13.5,6.4,1.5,1.7,18.2,10.5,2.2,0.0,0.6,100.0,34.2,44.2,10.1,45.4,2025-07-10,Summer,bottom10,APXMIDP,95.41,2700.75,95.41,0.0,95.41,0.09541,Elexon BMRS Market Index Data,APXMIDP
2025-07-10 22:00:00,13110.0,0.0,4153.0,1791.0,439.0,473.0,5352.0,3226.0,634.0,0.0,212.0,29390.0,199.0,10294.0,9866.0,2915.0,13110.0,44.6,0.0,14.1,6.1,1.5,1.6,18.2,11.0,2.2,0.0,0.7,100.0,35.0,44.4,9.9,44.6,2025-07-10,Summer,bottom10,APXMIDP,84.84,1520.25,84.84,0.0,84.84,0.08484,Elexon BMRS Market Index Data,APXMIDP
2025-07-10 22:30:00,12474.0,0.0,4151.0,1718.0,415.0,431.0,5352.0,3179.0,378.0,0.0,152.0,28250.0,194.0,10046.0,9649.0,2716.0,12474.0,44.2,0.0,14.7,6.1,1.5,1.5,18.9,11.3,1.3,0.0,0.5,100.0,35.6,45.1,9.6,44.2,2025-07-10,Summer,bottom10,APXMIDP,87.59,1054.9,87.59,0.0,87.59,0.08759,Elexon BMRS Market Index Data,APXMIDP
2025-07-10 23:00:00,12133.0,0.0,4159.0,1609.0,393.0,389.0,5352.0,3082.0,343.0,0.0,150.0,27610.0,193.0,9782.0,9390.0,2541.0,12133.0,43.9,0.0,15.1,5.8,1.4,1.4,19.4,11.2,1.2,0.0,0.5,100.0,35.4,45.2,9.2,43.9,2025-07-10,Summer,bottom10,APXMIDP,87.25,1303.35,87.25,0.0,87.25,0.08725,Elexon BMRS Market Index Data,APXMIDP
2025-07-10 23:30:00,11763.0,0.0,4162.0,1511.0,372.0,286.0,5354.0,3068.0,252.0,0.0,150.0,26918.0,192.0,9549.0,9178.0,2319.0,11763.0,43.7,0.0,15.5,5.6,1.4,1.1,19.9,11.4,0.9,0.0,0.6,100.0,35.5,45.6,8.6,43.7,2025-07-10,Summer,bottom10,APXMIDP,87.03,1007.8,87.03,0.0,87.03,0.08703,Elexon BMRS Market Index Data,APXMIDP
2025-09-29 00:00:00,12716.0,0.0,2510.0,801.0,256.0,160.0,4890.0,3148.0,146.0,0.0,0.0,24627.0,237.0,6875.0,6620.0,1217.0,12716.0,51.6,0.0,10.2,3.3,1.0,0.6,19.9,12.8,0.6,0.0,0.0,100.0,27.9,38.0,4.9,51.6,2025-09-29,Autumn,bottom10,APXMIDP,80.26,1813.0,80.26,0.0,80.26,0.08026000000000001,Elexon BMRS Market Index Data,APXMIDP
2025-09-29 00:30:00,12692.0,0.0,2510.0,874.0,247.0,160.0,4890.0,3232.0,200.0,0.0,0.0,24805.0,236.0,7023.0,6777.0,1281.0,12692.0,51.2,0.0,10.1,3.5,1.0,0.6,19.7,13.0,0.8,0.0,0.0,100.0,28.3,38.4,5.2,51.2,2025-09-29,Autumn,bottom10,APXMIDP,80.12,1837.05,80.12,0.0,80.12,0.08012000000000001,Elexon BMRS Market Index Data,APXMIDP
2025-09-29 01:00:00,12599.0,0.0,2508.0,1011.0,237.0,159.0,4756.0,3232.0,189.0,0.0,0.0,24691.0,234.0,7147.0,6911.0,1407.0,12599.0,51.0,0.0,10.2,4.1,1.0,0.6,19.3,13.1,0.8,0.0,0.0,100.0,28.9,39.0,5.7,51.0,2025-09-29,Autumn,bottom10,APXMIDP,80.06,1847.45,80.06,0.0,80.06,0.08006,Elexon BMRS Market Index Data,APXMIDP
2025-09-29 01:30:00,12512.0,0.0,2508.0,1171.0,243.0,225.0,4756.0,3241.0,205.0,0.0,0.0,24860.0,231.0,7388.0,7146.0,1639.0,12512.0,50.3,0.0,10.1,4.7,1.0,0.9,19.1,13.0,0.8,0.0,0.0,100.0,29.7,39.8,6.6,50.3,2025-09-29,Autumn,bottom10,APXMIDP,77.83,1573.9,77.83,0.0,77.83,0.07783,Elexon BMRS Market Index Data,APXMIDP
2025-09-29 02:00:00,12500.0,0.0,2509.0,1303.0,253.0,207.0,4580.0,3244.0,227.0,0.0,0.0,24823.0,229.0,7516.0,7264.0,1763.0,12500.0,50.4,0.0,10.1,5.2,1.0,0.8,18.5,13.1,0.9,0.0,0.0,100.0,30.3,39.9,7.1,50.4,2025-09-29,Autumn,bottom10,APXMIDP,78.31,1550.0,78.31,0.0,78.31,0.07831,Elexon BMRS Market Index Data,APXMIDP
2025-09-29 02:30:00,12356.0,0.0,2511.0,1387.0,259.0,140.0,4574.0,3237.0,246.0,0.0,0.0,24710.0,228.0,7534.0,7276.0,1786.0,12356.0,50.0,0.0,10.2,5.6,1.1,0.6,18.5,13.1,1.0,0.0,0.0,100.0,30.5,39.9,7.2,50.0,2025-09-29,Autumn,bottom10,APXMIDP,77.2,1476.0,77.2,0.0,77.2,0.0772,Elexon BMRS Market Index Data,APXMIDP
2025-09-29 03:00:00,12757.0,0.0,2510.0,1421.0,261.0,130.0,4232.0,3243.0,269.0,0.0,0.0,24823.0,229.0,7565.0,7305.0,1812.0,12757.0,51.4,0.0,10.1,5.7,1.1,0.5,17.0,13.1,1.1,0.0,0.0,100.0,30.5,39.3,7.3,51.4,2025-09-29,Autumn,bottom10,APXMIDP,79.3,1832.3,79.3,0.0,79.3,0.0793,Elexon BMRS Market Index Data,APXMIDP
2025-09-29 03:30:00,12876.0,0.0,2509.0,1460.0,256.0,129.0,4210.0,3247.0,285.0,0.0,0.0,24972.0,229.0,7601.0,7346.0,1845.0,12876.0,51.6,0.0,10.0,5.8,1.0,0.5,16.9,13.0,1.1,0.0,0.0,100.0,30.4,39.2,7.4,51.6,2025-09-29,Autumn,bottom10,APXMIDP,75.54,1604.1,75.54,0.0,75.54,0.07554000000000001,Elexon BMRS Market Index Data,APXMIDP
2025-09-29 04:00:00,14105.0,0.0,2511.0,1503.0,252.0,137.0,3890.0,3246.0,311.0,0.0,0.0,25955.0,235.0,7649.0,7398.0,1892.0,14105.0,54.3,0.0,9.7,5.8,1.0,0.5,15.0,12.5,1.2,0.0,0.0,100.0,29.5,37.5,7.3,54.3,2025-09-29,Autumn,bottom10,APXMIDP,72.99,1902.05,72.99,0.0,72.99,0.07299,Elexon BMRS Market Index Data,APXMIDP
2025-09-29 04:30:00,14906.0,0.0,2512.0,1606.0,260.0,168.0,3890.0,3236.0,329.0,0.0,0.0,26907.0,239.0,7782.0,7523.0,2034.0,14906.0,55.4,0.0,9.3,6.0,1.0,0.6,14.5,12.0,1.2,0.0,0.0,100.0,28.9,37.2,7.6,55.4,2025-09-29,Autumn,bottom10,APXMIDP,72.36,2130.65,72.36,0.0,72.36,0.07236,Elexon BMRS Market Index Data,APXMIDP
2025-09-29 05:00:00,16334.0,0.0,2510.0,1683.0,271.0,382.0,3890.0,3237.0,359.0,0.0,0.0,28667.0,244.0,8083.0,7868.0,2336.0,16334.0,57.0,0.0,8.8,5.9,0.9,1.3,13.6,11.3,1.3,0.0,0.0,100.0,28.2,36.2,8.1,57.0,2025-09-29,Autumn,bottom10,APXMIDP,77.64,1631.15,77.64,0.0,77.64,0.07764,Elexon BMRS Market Index Data,APXMIDP
2025-09-29 05:30:00,17426.0,0.0,2510.0,1702.0,280.0,504.0,3890.0,3234.0,401.0,0.0,10.0,29957.0,249.0,8240.0,8075.0,2496.0,17426.0,58.2,0.0,8.4,5.7,0.9,1.7,13.0,10.8,1.3,0.0,0.0,100.0,27.5,35.4,8.3,58.2,2025-09-29,Autumn,bottom10,APXMIDP,95.69,1820.8,95.69,0.0,95.69,0.09569,Elexon BMRS Market Index Data,APXMIDP
2025-09-29 06:00:00,17827.0,0.0,2510.0,1658.0,290.0,827.0,3890.0,3266.0,432.0,37.0,436.0,31173.0,245.0,9024.0,9038.0,3248.0,17827.0,57.2,0.0,8.1,5.3,0.9,2.7,12.5,10.5,1.4,0.1,1.4,100.0,28.9,37.7,10.4,57.2,2025-09-29,Autumn,bottom10,APXMIDP,100.71,2005.5,100.71,0.0,100.71,0.10071,Elexon BMRS Market Index Data,APXMIDP
2025-09-29 06:30:00,17943.0,0.0,2514.0,1783.0,305.0,826.0,3890.0,3247.0,486.0,629.0,398.0,32021.0,240.0,9702.0,9151.0,3941.0,17943.0,56.0,0.0,7.9,5.6,1.0,2.6,12.1,10.1,1.5,2.0,1.2,100.0,30.3,37.8,12.3,56.0,2025-09-29,Autumn,bottom10,APXMIDP,108.17,1884.9,108.17,0.0,108.17,0.10817,Elexon BMRS Market Index Data,APXMIDP
2025-09-29 07:00:00,17527.0,0.0,2516.0,1974.0,322.0,598.0,4688.0,3249.0,488.0,1999.0,114.0,33474.0,233.0,10772.0,8556.0,5007.0,17527.0,52.4,0.0,7.5,5.9,1.0,1.8,14.0,9.7,1.5,6.0,0.3,100.0,32.2,36.4,15.0,52.4,2025-09-29,Autumn,bottom10,APXMIDP,104.6,2712.75,104.6,0.0,104.6,0.1046,Elexon BMRS Market Index Data,APXMIDP
2025-09-29 07:30:00,17255.0,0.0,2515.0,1959.0,341.0,492.0,4796.0,3250.0,523.0,3853.0,42.0,35025.0,221.0,12452.0,8374.0,6687.0,17255.0,49.3,0.0,7.2,5.6,1.0,1.4,13.7,9.3,1.5,11.0,0.1,100.0,35.6,36.4,19.1,49.3,2025-09-29,Autumn,bottom10,APXMIDP,105.54,2629.35,105.54,0.0,105.54,0.10554000000000001,Elexon BMRS Market Index Data,APXMIDP
2025-09-29 08:00:00,16488.0,0.0,2515.0,1817.0,346.0,469.0,5672.0,3255.0,521.0,5540.0,136.0,36758.0,209.0,14078.0,8313.0,8308.0,16488.0,44.9,0.0,6.8,4.9,0.9,1.3,15.4,8.9,1.4,15.1,0.4,100.0,38.3,37.5,22.6,44.9,2025-09-29,Autumn,bottom10,APXMIDP,82.02,2237.4,82.02,0.0,82.02,0.08202,Elexon BMRS Market Index Data,APXMIDP
2025-09-29 08:30:00,16071.0,0.0,2516.0,1737.0,322.0,393.0,5678.0,3254.0,539.0,6932.0,0.0,37442.0,201.0,15154.0,8029.0,9384.0,16071.0,42.9,0.0,6.7,4.6,0.9,1.0,15.2,8.7,1.4,18.5,0.0,100.0,40.5,37.1,25.1,42.9,2025-09-29,Autumn,bottom10,APXMIDP,76.65,2897.25,76.65,0.0,76.65,0.07665000000000001,Elexon BMRS Market Index Data,APXMIDP
2025-09-29 09:00:00,14972.0,0.0,2515.0,1600.0,288.0,556.0,4946.0,3263.0,544.0,8304.0,0.0,36988.0,186.0,16526.0,8083.0,10748.0,14972.0,40.5,0.0,6.8,4.3,0.8,1.5,13.4,8.8,1.5,22.5,0.0,100.0,44.7,38.8,29.1,40.5,2025-09-29,Autumn,bottom10,APXMIDP,78.62,2705.0,78.62,0.0,78.62,0.07862000000000001,Elexon BMRS Market Index Data,APXMIDP
2025-09-29 09:30:00,14446.0,0.0,2515.0,1601.0,268.0,507.0,4954.0,3250.0,555.0,9090.0,0.0,37186.0,180.0,17231.0,8043.0,11466.0,14446.0,38.8,0.0,6.8,4.3,0.7,1.4,13.3,8.7,1.5,24.4,0.0,100.0,46.3,39.3,30.8,38.8,2025-09-29,Autumn,bottom10,APXMIDP,76.81,2947.75,76.81,0.0,76.81,0.07681,Elexon BMRS Market Index Data,APXMIDP
2025-09-29 10:00:00,13134.0,0.0,2514.0,1624.0,263.0,344.0,5864.0,3264.0,574.0,10104.0,0.0,37686.0,171.0,18113.0,7928.0,12335.0,13134.0,34.9,0.0,6.7,4.3,0.7,0.9,15.6,8.7,1.5,26.8,0.0,100.0,48.1,41.3,32.7,34.9,2025-09-29,Autumn,bottom10,APXMIDP,75.35,2622.7,75.35,0.0,75.35,0.07535,Elexon BMRS Market Index Data,APXMIDP
2025-09-29 10:30:00,12336.0,0.0,2513.0,1726.0,269.0,328.0,5916.0,3266.0,587.0,10499.0,0.0,37439.0,165.0,18601.0,8018.0,12822.0,12336.0,32.9,0.0,6.7,4.6,0.7,0.9,15.8,8.7,1.6,28.0,0.0,100.0,49.7,43.1,34.2,32.9,2025-09-29,Autumn,bottom10,APXMIDP,71.31,2282.95,71.31,0.0,71.31,0.07131,Elexon BMRS Market Index Data,APXMIDP
2025-09-29 11:00:00,11606.0,0.0,2507.0,1794.0,282.0,296.0,6814.0,3261.0,604.0,10349.0,0.0,37513.0,161.0,18489.0,8048.0,12721.0,11606.0,30.9,0.0,6.7,4.8,0.8,0.8,18.2,8.7,1.6,27.6,0.0,100.0,49.3,44.6,33.9,30.9,2025-09-29,Autumn,bottom10,APXMIDP,69.21,2540.7,69.21,0.0,69.21,0.06921,Elexon BMRS Market Index Data,APXMIDP
2025-09-29 11:30:00,11764.0,0.0,2506.0,1714.0,302.0,257.0,6846.0,3214.0,619.0,9480.0,0.0,36703.0,166.0,17473.0,7924.0,11753.0,11764.0,32.1,0.0,6.8,4.7,0.8,0.7,18.7,8.8,1.7,25.8,0.0,100.0,47.6,44.0,32.0,32.1,2025-09-29,Autumn,bottom10,APXMIDP,68.62,2464.95,68.62,0.0,68.62,0.06862,Elexon BMRS Market Index Data,APXMIDP
2025-09-29 12:00:00,12155.0,0.0,2505.0,1896.0,324.0,257.0,6784.0,3192.0,639.0,8683.0,0.0,36435.0,172.0,16857.0,8157.0,11160.0,12155.0,33.4,0.0,6.9,5.2,0.9,0.7,18.6,8.8,1.8,23.8,0.0,100.0,46.3,44.3,30.6,33.4,2025-09-29,Autumn,bottom10,APXMIDP,66.97,2995.3,66.97,0.0,66.97,0.06697,Elexon BMRS Market Index Data,APXMIDP
2025-09-29 12:30:00,12415.0,0.0,2505.0,2002.0,346.0,258.0,6670.0,3199.0,627.0,7728.0,0.0,35750.0,177.0,16038.0,8239.0,10334.0,12415.0,34.7,0.0,7.0,5.6,1.0,0.7,18.7,8.9,1.8,21.6,0.0,100.0,44.9,44.0,28.9,34.7,2025-09-29,Autumn,bottom10,APXMIDP,68.54,3099.55,68.54,0.0,68.54,0.06854,Elexon BMRS Market Index Data,APXMIDP
2025-09-29 13:00:00,13896.0,0.0,2503.0,1989.0,367.0,259.0,5256.0,3212.0,663.0,6793.0,0.0,34938.0,189.0,15123.0,8265.0,9408.0,13896.0,39.8,0.0,7.2,5.7,1.0,0.7,15.0,9.2,1.9,19.4,0.0,100.0,43.3,41.5,26.9,39.8,2025-09-29,Autumn,bottom10,APXMIDP,73.99,3153.35,73.99,0.0,73.99,0.07399,Elexon BMRS Market Index Data,APXMIDP
2025-09-29 13:30:00,14504.0,0.0,2502.0,2086.0,385.0,259.0,5202.0,3214.0,532.0,5854.0,0.0,34538.0,197.0,14300.0,8288.0,8584.0,14504.0,42.0,0.0,7.2,6.0,1.1,0.7,15.1,9.3,1.5,16.9,0.0,100.0,41.4,41.0,24.9,42.0,2025-09-29,Autumn,bottom10,APXMIDP,72.4,2940.75,72.4,0.0,72.4,0.0724,Elexon BMRS Market Index Data,APXMIDP
2025-09-29 14:00:00,15801.0,0.0,2505.0,2213.0,401.0,285.0,4648.0,3208.0,505.0,4613.0,0.0,34179.0,208.0,13225.0,8437.0,7512.0,15801.0,46.2,0.0,7.3,6.5,1.2,0.8,13.6,9.4,1.5,13.5,0.0,100.0,38.7,39.1,22.0,46.2,2025-09-29,Autumn,bottom10,APXMIDP,84.89,2407.3,84.89,0.0,84.89,0.08489000000000001,Elexon BMRS Market Index Data,APXMIDP
2025-09-29 14:30:00,16907.0,0.0,2503.0,2354.0,416.0,299.0,4650.0,3230.0,436.0,3734.0,12.0,34541.0,217.0,12548.0,8585.0,6815.0,16907.0,48.9,0.0,7.2,6.8,1.2,0.9,13.5,9.4,1.3,10.8,0.0,100.0,36.3,37.7,19.7,48.9,2025-09-29,Autumn,bottom10,APXMIDP,87.31,2889.05,87.31,0.0,87.31,0.08731,Elexon BMRS Market Index Data,APXMIDP
2025-09-29 15:00:00,18310.0,0.0,2505.0,2312.0,423.0,479.0,4828.0,3273.0,511.0,2919.0,228.0,35788.0,228.0,12139.0,8922.0,6361.0,18310.0,51.2,0.0,7.0,6.5,1.2,1.3,13.5,9.1,1.4,8.2,0.6,100.0,33.9,36.3,17.8,51.2,2025-09-29,Autumn,bottom10,APXMIDP,101.24,2848.45,101.24,0.0,101.24,0.10124,Elexon BMRS Market Index Data,APXMIDP
2025-09-29 15:30:00,18740.0,0.0,2508.0,2333.0,421.0,707.0,4828.0,3274.0,601.0,1887.0,534.0,35833.0,234.0,11664.0,9450.0,5882.0,18740.0,52.3,0.0,7.0,6.5,1.2,2.0,13.5,9.1,1.7,5.3,1.5,100.0,32.6,36.6,16.4,52.3,2025-09-29,Autumn,bottom10,APXMIDP,104.08,3051.85,104.08,0.0,104.08,0.10407999999999999,Elexon BMRS Market Index Data,APXMIDP
2025-09-29 16:00:00,18620.0,0.0,2511.0,2621.0,423.0,799.0,4638.0,3275.0,1146.0,1181.0,870.0,36084.0,234.0,11680.0,10132.0,5894.0,18620.0,51.6,0.0,7.0,7.3,1.2,2.2,12.9,9.1,3.2,3.3,2.4,100.0,32.4,37.2,16.3,51.6,2025-09-29,Autumn,bottom10,APXMIDP,131.23,3742.15,131.23,0.0,131.23,0.13122999999999999,Elexon BMRS Market Index Data,APXMIDP
2025-09-29 16:30:00,18614.0,0.0,2511.0,2755.0,443.0,683.0,4650.0,3275.0,1763.0,580.0,1096.0,36370.0,237.0,11343.0,10525.0,5557.0,18614.0,51.2,0.0,6.9,7.6,1.2,1.9,12.8,9.0,4.8,1.6,3.0,100.0,31.2,37.4,15.3,51.2,2025-09-29,Autumn,bottom10,APXMIDP,126.34,4050.5,126.34,0.0,126.34,0.12634,Elexon BMRS Market Index Data,APXMIDP
2025-09-29 17:00:00,18500.0,0.0,2512.0,2936.0,468.0,726.0,4360.0,3271.0,2044.0,156.0,1096.0,36069.0,237.0,11165.0,10660.0,5382.0,18500.0,51.3,0.0,7.0,8.1,1.3,2.0,12.1,9.1,5.7,0.4,3.0,100.0,31.0,37.4,14.9,51.3,2025-09-29,Autumn,bottom10,APXMIDP,122.64,4643.35,122.64,0.0,122.64,0.12264,Elexon BMRS Market Index Data,APXMIDP
2025-09-29 17:30:00,18552.0,0.0,2514.0,3113.0,491.0,751.0,4412.0,3256.0,2139.0,1.0,976.0,36205.0,238.0,11102.0,10771.0,5332.0,18552.0,51.2,0.0,6.9,8.6,1.4,2.1,12.2,9.0,5.9,0.0,2.7,100.0,30.7,37.7,14.7,51.2,2025-09-29,Autumn,bottom10,APXMIDP,127.78,4265.25,127.78,0.0,127.78,0.12778,Elexon BMRS Market Index Data,APXMIDP
2025-09-29 18:00:00,18813.0,0.0,2512.0,3053.0,524.0,762.0,4824.0,3272.0,1789.0,0.0,334.0,35883.0,244.0,10457.0,10111.0,4673.0,18813.0,52.4,0.0,7.0,8.5,1.5,2.1,13.4,9.1,5.0,0.0,0.9,100.0,29.1,36.7,13.0,52.4,2025-09-29,Autumn,bottom10,APXMIDP,107.64,4001.0,107.64,0.0,107.64,0.10764,Elexon BMRS Market Index Data,APXMIDP
2025-09-29 18:30:00,18847.0,0.0,2510.0,3142.0,578.0,809.0,4790.0,3273.0,1342.0,0.0,290.0,35581.0,242.0,10602.0,10193.0,4819.0,18847.0,53.0,0.0,7.1,8.8,1.6,2.3,13.5,9.2,3.8,0.0,0.8,100.0,29.8,37.4,13.5,53.0,2025-09-29,Autumn,bottom10,APXMIDP,101.34,4350.9,101.34,0.0,101.34,0.10134,Elexon BMRS Market Index Data,APXMIDP
2025-09-29 19:00:00,18791.0,0.0,2510.0,3269.0,630.0,804.0,4488.0,3275.0,844.0,0.0,288.0,34899.0,239.0,10776.0,10266.0,4991.0,18791.0,53.8,0.0,7.2,9.4,1.8,2.3,12.9,9.4,2.4,0.0,0.8,100.0,30.9,38.0,14.3,53.8,2025-09-29,Autumn,bottom10,APXMIDP,102.2,3502.4,102.2,0.0,102.2,0.1022,Elexon BMRS Market Index Data,APXMIDP
2025-09-29 19:30:00,18095.0,0.0,2512.0,3571.0,657.0,678.0,4486.0,3274.0,350.0,0.0,288.0,33911.0,233.0,10980.0,10325.0,5194.0,18095.0,53.4,0.0,7.4,10.5,1.9,2.0,13.2,9.7,1.0,0.0,0.8,100.0,32.4,39.2,15.3,53.4,2025-09-29,Autumn,bottom10,APXMIDP,91.66,3514.75,91.66,0.0,91.66,0.09165999999999999,Elexon BMRS Market Index Data,APXMIDP
2025-09-29 20:00:00,16784.0,0.0,2511.0,3815.0,676.0,357.0,4434.0,3270.0,496.0,0.0,288.0,32631.0,227.0,10917.0,10243.0,5136.0,16784.0,51.4,0.0,7.7,11.7,2.1,1.1,13.6,10.0,1.5,0.0,0.9,100.0,33.5,39.8,15.7,51.4,2025-09-29,Autumn,bottom10,APXMIDP,87.13,4002.1,87.13,0.0,87.13,0.08713,Elexon BMRS Market Index Data,APXMIDP
2025-09-29 20:30:00,15363.0,0.0,2514.0,3855.0,703.0,325.0,4450.0,3272.0,207.0,0.0,288.0,30977.0,218.0,10957.0,10256.0,5171.0,15363.0,49.6,0.0,8.1,12.4,2.3,1.0,14.4,10.6,0.7,0.0,0.9,100.0,35.4,42.5,16.7,49.6,2025-09-29,Autumn,bottom10,APXMIDP,84.17,3096.9,84.17,0.0,84.17,0.08417,Elexon BMRS Market Index Data,APXMIDP
2025-09-29 21:00:00,13712.0,0.0,2512.0,3916.0,730.0,324.0,4092.0,3264.0,307.0,0.0,98.0,28955.0,208.0,10844.0,10116.0,5068.0,13712.0,47.4,0.0,8.7,13.5,2.5,1.1,14.1,11.3,1.1,0.0,0.3,100.0,37.5,45.5,17.5,47.4,2025-09-29,Autumn,bottom10,APXMIDP,86.43,3072.25,86.43,0.0,86.43,0.08643,Elexon BMRS Market Index Data,APXMIDP
2025-09-29 21:30:00,12533.0,0.0,2513.0,4129.0,745.0,308.0,4004.0,3275.0,502.0,0.0,0.0,28009.0,200.0,10970.0,10227.0,5182.0,12533.0,44.7,0.0,9.0,14.7,2.7,1.1,14.3,11.7,1.8,0.0,0.0,100.0,39.2,47.8,18.5,44.7,2025-09-29,Autumn,bottom10,APXMIDP,81.4,2845.45,81.4,0.0,81.4,0.0814,Elexon BMRS Market Index Data,APXMIDP
2025-09-29 22:00:00,11333.0,0.0,2512.0,4185.0,762.0,181.0,4012.0,3271.0,269.0,0.0,0.0,26525.0,190.0,10911.0,10151.0,5128.0,11333.0,42.7,0.0,9.5,15.8,2.9,0.7,15.1,12.3,1.0,0.0,0.0,100.0,41.1,50.6,19.3,42.7,2025-09-29,Autumn,bottom10,APXMIDP,77.13,1655.45,77.13,0.0,77.13,0.07712999999999999,Elexon BMRS Market Index Data,APXMIDP
2025-09-29 22:30:00,10287.0,0.0,2511.0,4205.0,795.0,177.0,4020.0,3271.0,243.0,0.0,0.0,25509.0,182.0,10959.0,10166.0,5177.0,10287.0,40.3,0.0,9.8,16.5,3.1,0.7,15.8,12.8,1.0,0.0,0.0,100.0,43.0,52.9,20.3,40.3,2025-09-29,Autumn,bottom10,APXMIDP,75.65,1611.95,75.65,0.0,75.65,0.07565000000000001,Elexon BMRS Market Index Data,APXMIDP
2025-09-29 23:00:00,9619.0,0.0,2508.0,4087.0,840.0,159.0,4472.0,3271.0,281.0,0.0,0.0,25237.0,180.0,10865.0,10037.0,5086.0,9619.0,38.1,0.0,9.9,16.2,3.3,0.6,17.7,13.0,1.1,0.0,0.0,100.0,43.1,54.4,20.2,38.1,2025-09-29,Autumn,bottom10,APXMIDP,72.96,1616.6,72.96,0.0,72.96,0.07296,Elexon BMRS Market Index Data,APXMIDP
2025-09-29 23:30:00,9314.0,0.0,2508.0,4169.0,886.0,194.0,4482.0,3271.0,255.0,0.0,0.0,25079.0,176.0,11028.0,10144.0,5249.0,9314.0,37.1,0.0,10.0,16.6,3.5,0.8,17.9,13.0,1.0,0.0,0.0,100.0,44.0,55.7,20.9,37.1,2025-09-29,Autumn,bottom10,APXMIDP,74.14,1947.4,74.14,0.0,74.14,0.07414,Elexon BMRS Market Index Data,APXMIDP
2025-10-26 00:00:00,3203.0,0.0,3679.0,15474.0,3663.0,118.0,1158.0,896.0,516.0,0.0,0.0,28707.0,64.0,23830.0,20169.0,19255.0,3203.0,11.2,0.0,12.8,53.9,12.8,0.4,4.0,3.1,1.8,0.0,0.0,100.0,83.0,87.2,67.1,11.2,2025-10-26,Autumn,top10,APXMIDP,25.85,1760.55,25.85,0.0,25.85,0.02585,Elexon BMRS Market Index Data,APXMIDP
2025-10-26 00:30:00,3395.0,0.0,3679.0,15599.0,3659.0,118.0,1174.0,903.0,496.0,0.0,0.0,29023.0,66.0,23958.0,20304.0,19376.0,3395.0,11.7,0.0,12.7,53.7,12.6,0.4,4.0,3.1,1.7,0.0,0.0,100.0,82.5,86.7,66.8,11.7,2025-10-26,Autumn,top10,APXMIDP,35.77,2155.0,35.77,0.0,35.77,0.03577,Elexon BMRS Market Index Data,APXMIDP
2025-10-26 01:00:00,3267.0,0.0,3666.0,15189.0,3641.0,118.0,1482.0,920.0,357.0,0.0,0.0,28640.0,62.0,23534.0,19895.0,18948.0,3267.0,11.4,0.0,12.8,53.0,12.7,0.4,5.2,3.2,1.2,0.0,0.0,100.0,82.2,87.6,66.2,11.4,2025-10-26,Autumn,top10,APXMIDP,19.36,2222.0,19.36,0.0,19.36,0.01936,Elexon BMRS Market Index Data,APXMIDP
2025-10-26 01:30:00,3197.0,0.0,3675.0,15225.0,3602.0,118.0,1482.0,916.0,546.0,0.0,0.0,28761.0,63.0,23536.0,19939.0,18945.0,3197.0,11.1,0.0,12.8,52.9,12.5,0.4,5.2,3.2,1.9,0.0,0.0,100.0,81.8,87.2,65.9,11.1,2025-10-26,Autumn,top10,APXMIDP,15.64,1951.7,15.64,0.0,15.64,0.01564,Elexon BMRS Market Index Data,APXMIDP
2025-10-26 02:00:00,3244.0,0.0,3675.0,15593.0,3552.0,118.0,1372.0,928.0,614.0,0.0,0.0,29096.0,67.0,23866.0,20316.0,19263.0,3244.0,11.1,0.0,12.6,53.6,12.2,0.4,4.7,3.2,2.1,0.0,0.0,100.0,82.0,87.1,66.2,11.1,2025-10-26,Autumn,top10,APXMIDP,8.91,1626.45,8.91,0.0,8.91,0.00891,Elexon BMRS Market Index Data,APXMIDP
2025-10-26 02:30:00,3025.0,0.0,3681.0,15606.0,3503.0,118.0,1376.0,918.0,572.0,0.0,0.0,28799.0,64.0,23826.0,20331.0,19227.0,3025.0,10.5,0.0,12.8,54.2,12.2,0.4,4.8,3.2,2.0,0.0,0.0,100.0,82.7,88.0,66.8,10.5,2025-10-26,Autumn,top10,APXMIDP,5.9,2020.95,5.9,0.0,5.9,0.005900000000000001,Elexon BMRS Market Index Data,APXMIDP
2025-10-26 03:00:00,2826.0,0.0,3676.0,15675.0,3457.0,118.0,1346.0,879.0,516.0,0.0,0.0,28493.0,63.0,23805.0,20350.0,19250.0,2826.0,9.9,0.0,12.9,55.0,12.1,0.4,4.7,3.1,1.8,0.0,0.0,100.0,83.5,88.6,67.6,9.9,2025-10-26,Autumn,top10,APXMIDP,1.02,1940.95,1.02,0.0,1.02,0.00102,Elexon BMRS Market Index Data,APXMIDP
2025-10-26 03:30:00,2946.0,0.0,3676.0,15294.0,3405.0,118.0,1346.0,777.0,305.0,0.0,0.0,27867.0,63.0,23270.0,19867.0,18817.0,2946.0,10.6,0.0,13.2,54.9,12.2,0.4,4.8,2.8,1.1,0.0,0.0,100.0,83.5,89.0,67.5,10.6,2025-10-26,Autumn,top10,APXMIDP,0.21,1823.0,0.21,0.0,0.21,0.00020999999999999998,Elexon BMRS Market Index Data,APXMIDP
2025-10-26 04:00:00,2960.0,0.0,3677.0,15143.0,3322.0,118.0,1338.0,830.0,218.0,0.0,0.0,27606.0,56.0,23090.0,19770.0,18583.0,2960.0,10.7,0.0,13.3,54.9,12.0,0.4,4.8,3.0,0.8,0.0,0.0,100.0,83.6,89.3,67.3,10.7,2025-10-26,Autumn,top10,APXMIDP,2.72,1839.65,2.72,0.0,2.72,0.00272,Elexon BMRS Market Index Data,APXMIDP
2025-10-26 04:30:00,2902.0,0.0,3676.0,15112.0,3194.0,118.0,1362.0,702.0,280.0,0.0,0.0,27346.0,56.0,22802.0,19610.0,18424.0,2902.0,10.6,0.0,13.4,55.3,11.7,0.4,5.0,2.6,1.0,0.0,0.0,100.0,83.4,89.0,67.4,10.6,2025-10-26,Autumn,top10,APXMIDP,4.25,2171.15,4.25,0.0,4.25,0.00425,Elexon BMRS Market Index Data,APXMIDP
2025-10-26 05:00:00,2760.0,0.0,3675.0,14975.0,3087.0,118.0,1898.0,611.0,287.0,0.0,0.0,27411.0,51.0,22466.0,19381.0,18180.0,2760.0,10.1,0.0,13.4,54.6,11.3,0.4,6.9,2.2,1.0,0.0,0.0,100.0,82.0,88.9,66.3,10.1,2025-10-26,Autumn,top10,APXMIDP,5.42,2331.35,5.42,0.0,5.42,0.00542,Elexon BMRS Market Index Data,APXMIDP
2025-10-26 05:30:00,2680.0,0.0,3671.0,14909.0,3057.0,118.0,1942.0,610.0,296.0,0.0,0.0,27283.0,50.0,22365.0,19310.0,18084.0,2680.0,9.8,0.0,13.5,54.6,11.2,0.4,7.1,2.2,1.1,0.0,0.0,100.0,82.0,89.2,66.3,9.8,2025-10-26,Autumn,top10,APXMIDP,9.22,2548.6,9.22,0.0,9.22,0.00922,Elexon BMRS Market Index Data,APXMIDP
2025-10-26 06:00:00,2673.0,0.0,3673.0,14309.0,3050.0,118.0,3272.0,610.0,274.0,0.0,0.0,27979.0,63.0,21760.0,18712.0,17477.0,2673.0,9.6,0.0,13.1,51.1,10.9,0.4,11.7,2.2,1.0,0.0,0.0,100.0,77.8,89.0,62.5,9.6,2025-10-26,Autumn,top10,APXMIDP,8.44,2309.3,8.44,0.0,8.44,0.00844,Elexon BMRS Market Index Data,APXMIDP
2025-10-26 06:30:00,2684.0,0.0,3672.0,14378.0,3008.0,118.0,3390.0,610.0,355.0,0.0,0.0,28215.0,64.0,21786.0,18783.0,17504.0,2684.0,9.5,0.0,13.0,51.0,10.7,0.4,12.0,2.2,1.3,0.0,0.0,100.0,77.2,88.7,62.0,9.5,2025-10-26,Autumn,top10,APXMIDP,19.86,2608.9,19.86,0.0,19.86,0.01986,Elexon BMRS Market Index Data,APXMIDP
2025-10-26 07:00:00,2653.0,0.0,3678.0,14666.0,2945.0,118.0,4480.0,610.0,320.0,210.0,0.0,29680.0,71.0,22227.0,19095.0,17939.0,2653.0,8.9,0.0,12.4,49.4,9.9,0.4,15.1,2.1,1.1,0.7,0.0,100.0,74.9,89.1,60.4,8.9,2025-10-26,Autumn,top10,APXMIDP,20.15,2321.45,20.15,0.0,20.15,0.020149999999999998,Elexon BMRS Market Index Data,APXMIDP
2025-10-26 07:30:00,2680.0,0.0,3676.0,14421.0,2885.0,118.0,4544.0,610.0,376.0,1257.0,0.0,30567.0,70.0,22967.0,18879.0,18681.0,2680.0,8.8,0.0,12.0,47.2,9.4,0.4,14.9,2.0,1.2,4.1,0.0,100.0,75.1,88.9,61.1,8.8,2025-10-26,Autumn,top10,APXMIDP,23.69,2195.9,23.69,0.0,23.69,0.023690000000000003,Elexon BMRS Market Index Data,APXMIDP
2025-10-26 08:00:00,2594.0,0.0,3682.0,13977.0,2792.0,135.0,5654.0,609.0,431.0,2894.0,0.0,32768.0,68.0,24089.0,18495.0,19798.0,2594.0,7.9,0.0,11.2,42.7,8.5,0.4,17.3,1.9,1.3,8.8,0.0,100.0,73.5,89.3,60.4,7.9,2025-10-26,Autumn,top10,APXMIDP,23.43,2252.9,23.43,0.0,23.43,0.02343,Elexon BMRS Market Index Data,APXMIDP
2025-10-26 08:30:00,2448.0,0.0,3678.0,13844.0,2641.0,137.0,5726.0,609.0,445.0,4111.0,0.0,33639.0,65.0,25020.0,18410.0,20733.0,2448.0,7.3,0.0,10.9,41.2,7.9,0.4,17.0,1.8,1.3,12.2,0.0,100.0,74.4,90.5,61.6,7.3,2025-10-26,Autumn,top10,APXMIDP,35.14,2367.0,35.14,0.0,35.14,0.03514,Elexon BMRS Market Index Data,APXMIDP
2025-10-26 09:00:00,2363.0,0.0,3685.0,14026.0,2509.0,137.0,6610.0,611.0,376.0,5129.0,0.0,35446.0,66.0,26097.0,18623.0,21801.0,2363.0,6.7,0.0,10.4,39.6,7.1,0.4,18.6,1.7,1.1,14.5,0.0,100.0,73.6,91.5,61.5,6.7,2025-10-26,Autumn,top10,APXMIDP,37.82,2066.85,37.82,0.0,37.82,0.03782,Elexon BMRS Market Index Data,APXMIDP
2025-10-26 09:30:00,2031.0,0.0,3681.0,13969.0,2469.0,152.0,6712.0,610.0,370.0,5962.0,0.0,35956.0,61.0,26843.0,18605.0,22552.0,2031.0,5.6,0.0,10.2,38.9,6.9,0.4,18.7,1.7,1.0,16.6,0.0,100.0,74.7,93.2,62.7,5.6,2025-10-26,Autumn,top10,APXMIDP,41.1,2481.2,41.1,0.0,41.1,0.041100000000000005,Elexon BMRS Market Index Data,APXMIDP
2025-10-26 10:00:00,2015.0,0.0,3676.0,13639.0,2477.0,174.0,7074.0,609.0,401.0,6329.0,0.0,36394.0,61.0,26904.0,18292.0,22619.0,2015.0,5.5,0.0,10.1,37.5,6.8,0.5,19.4,1.7,1.1,17.4,0.0,100.0,73.9,93.0,62.2,5.5,2025-10-26,Autumn,top10,APXMIDP,31.3,2593.7,31.3,0.0,31.3,0.0313,Elexon BMRS Market Index Data,APXMIDP
2025-10-26 10:30:00,1969.0,0.0,3668.0,13567.0,2477.0,177.0,7144.0,610.0,448.0,5597.0,0.0,35657.0,63.0,26096.0,18190.0,21818.0,1969.0,5.5,0.0,10.3,38.0,6.9,0.5,20.0,1.7,1.3,15.7,0.0,100.0,73.2,92.9,61.2,5.5,2025-10-26,Autumn,top10,APXMIDP,31.76,2932.9,31.76,0.0,31.76,0.031760000000000004,Elexon BMRS Market Index Data,APXMIDP
2025-10-26 11:00:00,1830.0,0.0,3668.0,13398.0,2461.0,176.0,7432.0,611.0,595.0,5100.0,0.0,35271.0,63.0,25414.0,18023.0,21135.0,1830.0,5.2,0.0,10.4,38.0,7.0,0.5,21.1,1.7,1.7,14.5,0.0,100.0,72.1,92.8,59.9,5.2,2025-10-26,Autumn,top10,APXMIDP,28.64,4119.9,28.64,0.0,28.64,0.028640000000000002,Elexon BMRS Market Index Data,APXMIDP
2025-10-26 11:30:00,1822.0,0.0,3677.0,13415.0,2440.0,175.0,7478.0,660.0,583.0,4281.0,46.0,34577.0,65.0,24694.0,18124.0,20357.0,1822.0,5.3,0.0,10.6,38.8,7.1,0.5,21.6,1.9,1.7,12.4,0.1,100.0,71.4,92.9,58.9,5.3,2025-10-26,Autumn,top10,APXMIDP,26.42,4538.65,26.42,0.0,26.42,0.026420000000000003,Elexon BMRS Market Index Data,APXMIDP
2025-10-26 12:00:00,1829.0,0.0,3679.0,13989.0,2450.0,176.0,7474.0,905.0,590.0,3026.0,348.0,34466.0,66.0,24573.0,19241.0,19989.0,1829.0,5.3,0.0,10.7,40.6,7.1,0.5,21.7,2.6,1.7,8.8,1.0,100.0,71.3,93.2,58.0,5.3,2025-10-26,Autumn,top10,APXMIDP,28.22,5702.85,28.22,0.0,28.22,0.02822,Elexon BMRS Market Index Data,APXMIDP
2025-10-26 12:30:00,1808.0,0.0,3685.0,14788.0,2521.0,157.0,7534.0,948.0,357.0,2030.0,720.0,34548.0,64.0,24849.0,20476.0,20216.0,1808.0,5.2,0.0,10.7,42.8,7.3,0.5,21.8,2.7,1.0,5.9,2.1,100.0,71.9,94.7,58.5,5.2,2025-10-26,Autumn,top10,APXMIDP,38.68,5719.1,38.68,0.0,38.68,0.03868,Elexon BMRS Market Index Data,APXMIDP
2025-10-26 13:00:00,1864.0,0.0,3687.0,15440.0,2631.0,147.0,7596.0,912.0,403.0,1592.0,200.0,34472.0,65.0,24609.0,20590.0,20010.0,1864.0,5.4,0.0,10.7,44.8,7.6,0.4,22.0,2.6,1.2,4.6,0.6,100.0,71.4,94.4,58.0,5.4,2025-10-26,Autumn,top10,APXMIDP,52.67,5399.6,52.67,0.0,52.67,0.05267,Elexon BMRS Market Index Data,APXMIDP
2025-10-26 13:30:00,2112.0,0.0,3682.0,15458.0,2759.0,166.0,7674.0,751.0,336.0,1268.0,206.0,34412.0,67.0,24290.0,20419.0,19857.0,2112.0,6.1,0.0,10.7,44.9,8.0,0.5,22.3,2.2,1.0,3.7,0.6,100.0,70.6,93.4,57.7,6.1,2025-10-26,Autumn,top10,APXMIDP,54.93,5555.35,54.93,0.0,54.93,0.05493,Elexon BMRS Market Index Data,APXMIDP
2025-10-26 14:00:00,2424.0,0.0,3681.0,15436.0,2937.0,188.0,7710.0,699.0,375.0,934.0,188.0,34572.0,70.0,24063.0,20381.0,19683.0,2424.0,7.0,0.0,10.6,44.6,8.5,0.5,22.3,2.0,1.1,2.7,0.5,100.0,69.6,92.5,56.9,7.0,2025-10-26,Autumn,top10,APXMIDP,54.65,4330.55,54.65,0.0,54.65,0.05465,Elexon BMRS Market Index Data,APXMIDP
2025-10-26 14:30:00,2625.0,0.0,3685.0,15534.0,3195.0,201.0,7816.0,702.0,298.0,727.0,0.0,34783.0,72.0,24044.0,20220.0,19657.0,2625.0,7.5,0.0,10.6,44.7,9.2,0.6,22.5,2.0,0.9,2.1,0.0,100.0,69.1,92.1,56.5,7.5,2025-10-26,Autumn,top10,APXMIDP,54.37,4399.35,54.37,0.0,54.37,0.054369999999999995,Elexon BMRS Market Index Data,APXMIDP
2025-10-26 15:00:00,2716.0,0.0,3706.0,16009.0,3506.0,207.0,7786.0,686.0,232.0,445.0,14.0,35307.0,71.0,24573.0,20641.0,20181.0,2716.0,7.7,0.0,10.5,45.3,9.9,0.6,22.1,1.9,0.7,1.3,0.0,100.0,69.6,91.8,57.2,7.7,2025-10-26,Autumn,top10,APXMIDP,63.52,3249.8,63.52,0.0,63.52,0.06352000000000001,Elexon BMRS Market Index Data,APXMIDP
2025-10-26 15:30:00,2718.0,0.0,3745.0,16400.0,3826.0,195.0,7972.0,687.0,199.0,263.0,232.0,36237.0,69.0,25348.0,21270.0,20916.0,2718.0,7.5,0.0,10.3,45.3,10.6,0.5,22.0,1.9,0.5,0.7,0.6,100.0,70.0,92.1,57.7,7.5,2025-10-26,Autumn,top10,APXMIDP,61.5,3262.2,61.5,0.0,61.5,0.0615,Elexon BMRS Market Index Data,APXMIDP
2025-10-26 16:00:00,2717.0,0.0,3773.0,16655.0,4104.0,248.0,8130.0,724.0,392.0,46.0,656.0,37445.0,69.0,26206.0,22087.0,21709.0,2717.0,7.3,0.0,10.1,44.5,11.0,0.7,21.7,1.9,1.0,0.1,1.8,100.0,70.0,91.7,58.0,7.3,2025-10-26,Autumn,top10,APXMIDP,53.04,3239.85,53.04,0.0,53.04,0.05304,Elexon BMRS Market Index Data,APXMIDP
2025-10-26 16:30:00,2538.0,0.0,3806.0,16823.0,4304.0,290.0,7916.0,830.0,957.0,0.0,838.0,38302.0,69.0,26891.0,22814.0,22255.0,2538.0,6.6,0.0,9.9,43.9,11.2,0.8,20.7,2.2,2.5,0.0,2.2,100.0,70.2,91.2,58.1,6.6,2025-10-26,Autumn,top10,APXMIDP,54.91,3941.35,54.91,0.0,54.91,0.054909999999999994,Elexon BMRS Market Index Data,APXMIDP
2025-10-26 17:00:00,2464.0,0.0,3840.0,17154.0,4450.0,464.0,7520.0,948.0,1446.0,0.0,1064.0,39350.0,70.0,27920.0,23662.0,23132.0,2464.0,6.3,0.0,9.8,43.6,11.3,1.2,19.1,2.4,3.7,0.0,2.7,100.0,71.0,90.0,58.8,6.3,2025-10-26,Autumn,top10,APXMIDP,69.92,3402.6,69.92,0.0,69.92,0.06992,Elexon BMRS Market Index Data,APXMIDP
2025-10-26 17:30:00,2496.0,0.0,3853.0,17018.0,4569.0,296.0,7326.0,952.0,1470.0,0.0,1340.0,39320.0,70.0,28028.0,23703.0,23223.0,2496.0,6.3,0.0,9.8,43.3,11.6,0.8,18.6,2.4,3.7,0.0,3.4,100.0,71.3,90.0,59.1,6.3,2025-10-26,Autumn,top10,APXMIDP,70.05,3464.7,70.05,0.0,70.05,0.07005,Elexon BMRS Market Index Data,APXMIDP
2025-10-26 18:00:00,2112.0,0.0,3858.0,17142.0,4638.0,388.0,7382.0,940.0,843.0,0.0,1270.0,38573.0,63.0,28236.0,23600.0,23438.0,2112.0,5.5,0.0,10.0,44.4,12.0,1.0,19.1,2.4,2.2,0.0,3.3,100.0,73.2,91.9,60.8,5.5,2025-10-26,Autumn,top10,APXMIDP,65.84,3898.35,65.84,0.0,65.84,0.06584000000000001,Elexon BMRS Market Index Data,APXMIDP
2025-10-26 18:30:00,1926.0,0.0,3854.0,17153.0,4647.0,338.0,7252.0,737.0,677.0,0.0,1010.0,37594.0,60.0,27739.0,23108.0,23148.0,1926.0,5.1,0.0,10.3,45.6,12.4,0.9,19.3,2.0,1.8,0.0,2.7,100.0,73.8,93.0,61.6,5.1,2025-10-26,Autumn,top10,APXMIDP,59.87,3417.1,59.87,0.0,59.87,0.05987,Elexon BMRS Market Index Data,APXMIDP
2025-10-26 19:00:00,1947.0,0.0,3855.0,17107.0,4673.0,297.0,7210.0,611.0,560.0,0.0,622.0,36882.0,59.0,27165.0,22513.0,22699.0,1947.0,5.3,0.0,10.5,46.4,12.7,0.8,19.5,1.7,1.5,0.0,1.7,100.0,73.7,93.3,61.5,5.3,2025-10-26,Autumn,top10,APXMIDP,22.61,3263.45,22.61,0.0,22.61,0.022609999999999998,Elexon BMRS Market Index Data,APXMIDP
2025-10-26 19:30:00,1862.0,0.0,3858.0,17136.0,4779.0,273.0,7126.0,610.0,386.0,0.0,30.0,36060.0,58.0,26686.0,21909.0,22218.0,1862.0,5.2,0.0,10.7,47.5,13.3,0.8,19.8,1.7,1.1,0.0,0.1,100.0,74.0,93.7,61.6,5.2,2025-10-26,Autumn,top10,APXMIDP,17.0,2727.3,17.0,0.0,17.0,0.017,Elexon BMRS Market Index Data,APXMIDP
2025-10-26 20:00:00,1737.0,0.0,3863.0,17272.0,4880.0,238.0,6190.0,610.0,421.0,0.0,0.0,35211.0,56.0,26863.0,21985.0,22390.0,1737.0,4.9,0.0,11.0,49.1,13.9,0.7,17.6,1.7,1.2,0.0,0.0,100.0,76.3,93.6,63.6,4.9,2025-10-26,Autumn,top10,APXMIDP,14.54,2547.45,14.54,0.0,14.54,0.014539999999999999,Elexon BMRS Market Index Data,APXMIDP
2025-10-26 20:30:00,1877.0,0.0,3864.0,17170.0,4883.0,280.0,6036.0,610.0,292.0,0.0,0.0,35012.0,56.0,26807.0,21926.0,22333.0,1877.0,5.4,0.0,11.0,49.0,13.9,0.8,17.2,1.7,0.8,0.0,0.0,100.0,76.6,93.5,63.8,5.4,2025-10-26,Autumn,top10,APXMIDP,3.23,2637.8,3.23,0.0,3.23,0.00323,Elexon BMRS Market Index Data,APXMIDP
2025-10-26 21:00:00,1779.0,0.0,3866.0,16927.0,4835.0,295.0,3908.0,610.0,458.0,0.0,0.0,32678.0,52.0,26533.0,21700.0,22057.0,1779.0,5.4,0.0,11.8,51.8,14.8,0.9,12.0,1.9,1.4,0.0,0.0,100.0,81.2,93.1,67.5,5.4,2025-10-26,Autumn,top10,APXMIDP,3.85,2222.8,3.85,0.0,3.85,0.00385,Elexon BMRS Market Index Data,APXMIDP
2025-10-26 21:30:00,1769.0,0.0,3867.0,16398.0,4795.0,297.0,3690.0,611.0,280.0,0.0,0.0,31707.0,51.0,25968.0,21175.0,21490.0,1769.0,5.6,0.0,12.2,51.7,15.1,0.9,11.6,1.9,0.9,0.0,0.0,100.0,81.9,93.7,67.8,5.6,2025-10-26,Autumn,top10,APXMIDP,-4.03,2238.55,-4.03,0.0,-4.03,-0.004030000000000001,Elexon BMRS Market Index Data,APXMIDP
2025-10-26 22:00:00,1758.0,0.0,3870.0,16367.0,4752.0,301.0,2856.0,611.0,686.0,0.0,0.0,31201.0,49.0,25901.0,21239.0,21420.0,1758.0,5.6,0.0,12.4,52.5,15.2,1.0,9.2,2.0,2.2,0.0,0.0,100.0,83.0,92.5,68.7,5.6,2025-10-26,Autumn,top10,APXMIDP,-4.65,2819.95,-4.65,0.0,-4.65,-0.0046500000000000005,Elexon BMRS Market Index Data,APXMIDP
2025-10-26 22:30:00,1888.0,0.0,3883.0,16503.0,4689.0,315.0,2632.0,612.0,376.0,0.0,0.0,30898.0,48.0,26002.0,21315.0,21507.0,1888.0,6.1,0.0,12.6,53.4,15.2,1.0,8.5,2.0,1.2,0.0,0.0,100.0,84.2,92.9,69.6,6.1,2025-10-26,Autumn,top10,APXMIDP,-10.53,2985.4,-10.53,0.0,-10.53,-0.01053,Elexon BMRS Market Index Data,APXMIDP
2025-10-26 23:00:00,1955.0,0.0,3888.0,16807.0,4646.0,261.0,536.0,610.0,633.0,0.0,0.0,29336.0,45.0,26212.0,21520.0,21714.0,1955.0,6.7,0.0,13.3,57.3,15.8,0.9,1.8,2.1,2.2,0.0,0.0,100.0,89.4,91.5,74.0,6.7,2025-10-26,Autumn,top10,APXMIDP,-4.0,2174.45,-4.0,0.0,-4.0,-0.004,Elexon BMRS Market Index Data,APXMIDP
2025-10-26 23:30:00,2046.0,0.0,3881.0,16979.0,4664.0,260.0,672.0,610.0,280.0,0.0,0.0,29392.0,43.0,26394.0,21703.0,21903.0,2046.0,7.0,0.0,13.2,57.8,15.9,0.9,2.3,2.1,1.0,0.0,0.0,100.0,89.8,92.6,74.5,7.0,2025-10-26,Autumn,top10,APXMIDP,-4.68,2145.3,-4.68,0.0,-4.68,-0.00468,Elexon BMRS Market Index Data,APXMIDP
2025-10-30 00:00:00,3588.0,0.0,3876.0,8688.0,1801.0,490.0,6572.0,3024.0,240.0,0.0,182.0,28461.0,107.0,18061.0,16262.0,11161.0,3588.0,12.6,0.0,13.6,30.5,6.3,1.7,23.1,10.6,0.8,0.0,0.6,100.0,63.5,83.9,39.2,12.6,2025-10-30,Autumn,avg,APXMIDP,76.33,2644.6,76.33,0.0,76.33,0.07633,Elexon BMRS Market Index Data,APXMIDP
2025-10-30 00:30:00,3707.0,0.0,3876.0,8697.0,1776.0,490.0,6584.0,3021.0,250.0,0.0,182.0,28583.0,108.0,18042.0,16268.0,11145.0,3707.0,13.0,0.0,13.6,30.4,6.2,1.7,23.0,10.6,0.9,0.0,0.6,100.0,63.1,83.4,39.0,13.0,2025-10-30,Autumn,avg,APXMIDP,78.11,2657.15,78.11,0.0,78.11,0.07811,Elexon BMRS Market Index Data,APXMIDP
2025-10-30 01:00:00,3687.0,0.0,3883.0,8814.0,1741.0,490.0,6664.0,3020.0,220.0,0.0,0.0,28519.0,104.0,17948.0,16209.0,11045.0,3687.0,12.9,0.0,13.6,30.9,6.1,1.7,23.4,10.6,0.8,0.0,0.0,100.0,62.9,83.4,38.7,12.9,2025-10-30,Autumn,avg,APXMIDP,78.13,2761.1,78.13,0.0,78.13,0.07812999999999999,Elexon BMRS Market Index Data,APXMIDP
2025-10-30 01:30:00,3488.0,0.0,3886.0,8679.0,1709.0,488.0,6678.0,3021.0,206.0,0.0,0.0,28155.0,102.0,17783.0,16076.0,10876.0,3488.0,12.4,0.0,13.8,30.8,6.1,1.7,23.7,10.7,0.7,0.0,0.0,100.0,63.2,84.2,38.6,12.4,2025-10-30,Autumn,avg,APXMIDP,76.16,2482.95,76.16,0.0,76.16,0.07615999999999999,Elexon BMRS Market Index Data,APXMIDP
2025-10-30 02:00:00,3388.0,0.0,3889.0,8540.0,1668.0,459.0,7236.0,3022.0,251.0,0.0,0.0,28453.0,110.0,17578.0,15912.0,10667.0,3388.0,11.9,0.0,13.7,30.0,5.9,1.6,25.4,10.6,0.9,0.0,0.0,100.0,61.8,84.3,37.5,11.9,2025-10-30,Autumn,avg,APXMIDP,74.96,2142.65,74.96,0.0,74.96,0.07496,Elexon BMRS Market Index Data,APXMIDP
2025-10-30 02:30:00,3341.0,0.0,3894.0,8519.0,1605.0,459.0,7268.0,2939.0,264.0,0.0,0.0,28289.0,110.0,17416.0,15813.0,10583.0,3341.0,11.8,0.0,13.8,30.1,5.7,1.6,25.7,10.4,0.9,0.0,0.0,100.0,61.6,84.4,37.4,11.8,2025-10-30,Autumn,avg,APXMIDP,74.94,2126.4,74.94,0.0,74.94,0.07493999999999999,Elexon BMRS Market Index Data,APXMIDP
2025-10-30 03:00:00,3340.0,0.0,3892.0,8118.0,1519.0,459.0,7332.0,2739.0,249.0,0.0,0.0,27648.0,112.0,16727.0,15210.0,10096.0,3340.0,12.1,0.0,14.1,29.4,5.5,1.7,26.5,9.9,0.9,0.0,0.0,100.0,60.5,83.9,36.5,12.1,2025-10-30,Autumn,avg,APXMIDP,73.06,1733.2,73.06,0.0,73.06,0.07306,Elexon BMRS Market Index Data,APXMIDP
2025-10-30 03:30:00,3347.0,0.0,3889.0,7637.0,1415.0,460.0,7334.0,2718.0,237.0,0.0,0.0,27037.0,114.0,16119.0,14706.0,9512.0,3347.0,12.4,0.0,14.4,28.2,5.2,1.7,27.1,10.1,0.9,0.0,0.0,100.0,59.6,83.5,35.2,12.4,2025-10-30,Autumn,avg,APXMIDP,72.1,2065.4,72.1,0.0,72.1,0.0721,Elexon BMRS Market Index Data,APXMIDP
2025-10-30 04:00:00,3401.0,0.0,3892.0,6998.0,1310.0,460.0,7138.0,2884.0,179.0,0.0,0.0,26262.0,111.0,15544.0,14236.0,8768.0,3401.0,13.0,0.0,14.8,26.6,5.0,1.8,27.2,11.0,0.7,0.0,0.0,100.0,59.2,83.3,33.4,13.0,2025-10-30,Autumn,avg,APXMIDP,70.0,1870.85,70.0,0.0,70.0,0.07,Elexon BMRS Market Index Data,APXMIDP
2025-10-30 04:30:00,3456.0,0.0,3890.0,6555.0,1219.0,460.0,7134.0,2985.0,162.0,0.0,0.0,25861.0,113.0,15109.0,13892.0,8234.0,3456.0,13.4,0.0,15.0,25.3,4.7,1.8,27.6,11.5,0.6,0.0,0.0,100.0,58.4,82.6,31.8,13.4,2025-10-30,Autumn,avg,APXMIDP,68.73,2215.8,68.73,0.0,68.73,0.06873,Elexon BMRS Market Index Data,APXMIDP
2025-10-30 05:00:00,3858.0,0.0,3886.0,6348.0,1139.0,474.0,6786.0,3018.0,188.0,0.0,0.0,25697.0,117.0,14865.0,13738.0,7961.0,3858.0,15.0,0.0,15.1,24.7,4.4,1.8,26.4,11.7,0.7,0.0,0.0,100.0,57.8,80.8,31.0,15.0,2025-10-30,Autumn,avg,APXMIDP,71.68,2007.05,71.68,0.0,71.68,0.07168000000000001,Elexon BMRS Market Index Data,APXMIDP
2025-10-30 05:30:00,4751.0,0.0,3883.0,6051.0,1067.0,493.0,6738.0,3024.0,323.0,0.0,0.0,26330.0,129.0,14518.0,13474.0,7611.0,4751.0,18.0,0.0,14.7,23.0,4.1,1.9,25.6,11.5,1.2,0.0,0.0,100.0,55.1,76.9,28.9,18.0,2025-10-30,Autumn,avg,APXMIDP,65.55,2546.5,65.55,0.0,65.55,0.06555,Elexon BMRS Market Index Data,APXMIDP
2025-10-30 06:00:00,6867.0,0.0,3884.0,5778.0,997.0,577.0,6252.0,3025.0,408.0,0.0,46.0,27834.0,149.0,14307.0,13323.0,7398.0,6867.0,24.7,0.0,14.0,20.8,3.6,2.1,22.5,10.9,1.5,0.0,0.2,100.0,51.4,69.6,26.6,24.7,2025-10-30,Autumn,avg,APXMIDP,74.4,3112.1,74.4,0.0,74.4,0.07440000000000001,Elexon BMRS Market Index Data,APXMIDP
2025-10-30 06:30:00,8375.0,0.0,3885.0,5805.0,928.0,686.0,6294.0,3023.0,559.0,0.0,230.0,29785.0,161.0,14557.0,13674.0,7649.0,8375.0,28.1,0.0,13.0,19.5,3.1,2.3,21.1,10.1,1.9,0.0,0.8,100.0,48.9,65.1,25.7,28.1,2025-10-30,Autumn,avg,APXMIDP,73.41,3334.5,73.41,0.0,73.41,0.07341,Elexon BMRS Market Index Data,APXMIDP
2025-10-30 07:00:00,9515.0,0.0,3884.0,5385.0,876.0,759.0,7242.0,3022.0,624.0,86.0,542.0,31935.0,176.0,14554.0,13646.0,7648.0,9515.0,29.8,0.0,12.2,16.9,2.7,2.4,22.7,9.5,2.0,0.3,1.7,100.0,45.6,62.1,23.9,29.8,2025-10-30,Autumn,avg,APXMIDP,83.99,2629.8,83.99,0.0,83.99,0.08399,Elexon BMRS Market Index Data,APXMIDP
2025-10-30 07:30:00,10138.0,0.0,3886.0,5075.0,861.0,765.0,7276.0,3020.0,967.0,676.0,486.0,33150.0,180.0,14769.0,13397.0,7863.0,10138.0,30.6,0.0,11.7,15.3,2.6,2.3,21.9,9.1,2.9,2.0,1.5,100.0,44.6,59.7,23.7,30.6,2025-10-30,Autumn,avg,APXMIDP,92.13,2845.45,92.13,0.0,92.13,0.09212999999999999,Elexon BMRS Market Index Data,APXMIDP
2025-10-30 08:00:00,10269.0,0.0,3882.0,4869.0,873.0,898.0,7618.0,3020.0,1234.0,1731.0,784.0,35178.0,176.0,16057.0,13645.0,9155.0,10269.0,29.2,0.0,11.0,13.8,2.5,2.6,21.7,8.6,3.5,4.9,2.2,100.0,45.6,59.1,26.0,29.2,2025-10-30,Autumn,avg,APXMIDP,91.47,2392.45,91.47,0.0,91.47,0.09147,Elexon BMRS Market Index Data,APXMIDP
2025-10-30 08:30:00,10270.0,0.0,3885.0,4925.0,897.0,728.0,7822.0,3024.0,1383.0,3012.0,792.0,36738.0,170.0,17263.0,13622.0,10354.0,10270.0,28.0,0.0,10.6,13.4,2.4,2.0,21.3,8.2,3.8,8.2,2.2,100.0,47.0,58.9,28.2,28.0,2025-10-30,Autumn,avg,APXMIDP,89.97,2393.5,89.97,0.0,89.97,0.08997,Elexon BMRS Market Index Data,APXMIDP
2025-10-30 09:00:00,10308.0,0.0,3879.0,4849.0,924.0,705.0,7936.0,3018.0,1037.0,4035.0,790.0,37481.0,165.0,18200.0,13458.0,11303.0,10308.0,27.5,0.0,10.3,12.9,2.5,1.9,21.2,8.1,2.8,10.8,2.1,100.0,48.6,59.2,30.2,27.5,2025-10-30,Autumn,avg,APXMIDP,90.94,2491.1,90.94,0.0,90.94,0.09094,Elexon BMRS Market Index Data,APXMIDP
2025-10-30 09:30:00,10318.0,0.0,3881.0,4604.0,948.0,702.0,8060.0,3017.0,1082.0,4606.0,786.0,38004.0,164.0,18544.0,13365.0,11646.0,10318.0,27.1,0.0,10.2,12.1,2.5,1.8,21.2,7.9,2.8,12.1,2.1,100.0,48.8,59.3,30.6,27.1,2025-10-30,Autumn,avg,APXMIDP,86.49,2282.15,86.49,0.0,86.49,0.08649,Elexon BMRS Market Index Data,APXMIDP
2025-10-30 10:00:00,10301.0,0.0,3889.0,4801.0,980.0,697.0,7894.0,3017.0,709.0,4915.0,794.0,37997.0,160.0,19093.0,13479.0,12187.0,10301.0,27.1,0.0,10.2,12.6,2.6,1.8,20.8,7.9,1.9,12.9,2.1,100.0,50.2,60.4,32.1,27.1,2025-10-30,Autumn,avg,APXMIDP,87.28,2373.65,87.28,0.0,87.28,0.08728,Elexon BMRS Market Index Data,APXMIDP
2025-10-30 10:30:00,10299.0,0.0,3883.0,5202.0,1035.0,700.0,7916.0,3014.0,567.0,5390.0,646.0,38652.0,156.0,19870.0,13702.0,12973.0,10299.0,26.6,0.0,10.0,13.5,2.7,1.8,20.5,7.8,1.5,13.9,1.7,100.0,51.4,61.1,33.6,26.6,2025-10-30,Autumn,avg,APXMIDP,84.08,2296.05,84.08,0.0,84.08,0.08408,Elexon BMRS Market Index Data,APXMIDP
2025-10-30 11:00:00,10277.0,0.0,3884.0,5683.0,1116.0,599.0,7864.0,3011.0,508.0,5285.0,352.0,38579.0,155.0,19930.0,13763.0,13035.0,10277.0,26.6,0.0,10.1,14.7,2.9,1.6,20.4,7.8,1.3,13.7,0.9,100.0,51.7,61.3,33.8,26.6,2025-10-30,Autumn,avg,APXMIDP,79.56,1960.0,79.56,0.0,79.56,0.07956,Elexon BMRS Market Index Data,APXMIDP
2025-10-30 11:30:00,9920.0,0.0,3886.0,6318.0,1227.0,638.0,7892.0,3012.0,348.0,4980.0,342.0,38563.0,151.0,20403.0,14358.0,13505.0,9920.0,25.7,0.0,10.1,16.4,3.2,1.7,20.5,7.8,0.9,12.9,0.9,100.0,52.9,63.5,35.0,25.7,2025-10-30,Autumn,avg,APXMIDP,78.88,1776.75,78.88,0.0,78.88,0.07887999999999999,Elexon BMRS Market Index Data,APXMIDP
2025-10-30 12:00:00,9868.0,0.0,3878.0,7031.0,1382.0,614.0,7624.0,3011.0,537.0,4070.0,144.0,38159.0,152.0,20130.0,14829.0,13241.0,9868.0,25.9,0.0,10.2,18.4,3.6,1.6,20.0,7.9,1.4,10.7,0.4,100.0,52.8,63.9,34.7,25.9,2025-10-30,Autumn,avg,APXMIDP,78.55,2009.0,78.55,0.0,78.55,0.07855,Elexon BMRS Market Index Data,APXMIDP
2025-10-30 12:30:00,9979.0,0.0,3882.0,7793.0,1590.0,553.0,7456.0,3011.0,352.0,2944.0,76.0,37636.0,153.0,19849.0,15421.0,12956.0,9979.0,26.5,0.0,10.3,20.7,4.2,1.5,19.8,8.0,0.9,7.8,0.2,100.0,52.7,64.8,34.4,26.5,2025-10-30,Autumn,avg,APXMIDP,79.06,2384.7,79.06,0.0,79.06,0.07906,Elexon BMRS Market Index Data,APXMIDP
2025-10-30 13:00:00,10028.0,0.0,3879.0,8401.0,1833.0,505.0,6728.0,3008.0,618.0,2487.0,254.0,37741.0,150.0,20367.0,16122.0,13480.0,10028.0,26.6,0.0,10.3,22.3,4.9,1.3,17.8,8.0,1.6,6.6,0.7,100.0,54.0,64.8,35.7,26.6,2025-10-30,Autumn,avg,APXMIDP,84.11,2671.4,84.11,0.0,84.11,0.08411,Elexon BMRS Market Index Data,APXMIDP
2025-10-30 13:30:00,10640.0,0.0,3881.0,8721.0,2090.0,490.0,6682.0,3011.0,409.0,2046.0,12.0,37982.0,154.0,20251.0,16187.0,13359.0,10640.0,28.0,0.0,10.2,23.0,5.5,1.3,17.6,7.9,1.1,5.4,0.0,100.0,53.3,63.8,35.2,28.0,2025-10-30,Autumn,avg,APXMIDP,79.11,2856.45,79.11,0.0,79.11,0.07911,Elexon BMRS Market Index Data,APXMIDP
2025-10-30 14:00:00,11037.0,0.0,3873.0,8821.0,2328.0,551.0,6586.0,3016.0,291.0,1492.0,302.0,38297.0,155.0,20383.0,16631.0,13494.0,11037.0,28.8,0.0,10.1,23.0,6.1,1.4,17.2,7.9,0.8,3.9,0.8,100.0,53.2,64.1,35.2,28.8,2025-10-30,Autumn,avg,APXMIDP,76.03,2783.3,76.03,0.0,76.03,0.07603,Elexon BMRS Market Index Data,APXMIDP
2025-10-30 14:30:00,11501.0,0.0,3877.0,9474.0,2531.0,548.0,6432.0,3018.0,249.0,995.0,118.0,38743.0,154.0,20561.0,17093.0,13666.0,11501.0,29.7,0.0,10.0,24.5,6.5,1.4,16.6,7.8,0.6,2.6,0.3,100.0,53.1,64.0,35.3,29.7,2025-10-30,Autumn,avg,APXMIDP,74.42,3390.1,74.42,0.0,74.42,0.07442,Elexon BMRS Market Index Data,APXMIDP
2025-10-30 15:00:00,12400.0,0.0,3874.0,10088.0,2736.0,525.0,4694.0,3001.0,280.0,632.0,1062.0,39292.0,140.0,21918.0,18609.0,15043.0,12400.0,31.6,0.0,9.9,25.7,7.0,1.3,11.9,7.6,0.7,1.6,2.7,100.0,55.8,64.0,38.3,31.6,2025-10-30,Autumn,avg,APXMIDP,85.93,2887.8,85.93,0.0,85.93,0.08593,Elexon BMRS Market Index Data,APXMIDP
2025-10-30 15:30:00,12844.0,0.0,3875.0,10829.0,2981.0,525.0,4630.0,3014.0,287.0,242.0,1008.0,40235.0,141.0,22474.0,19307.0,15585.0,12844.0,31.9,0.0,9.6,26.9,7.4,1.3,11.5,7.5,0.7,0.6,2.5,100.0,55.9,64.0,38.7,31.9,2025-10-30,Autumn,avg,APXMIDP,78.83,2860.85,78.83,0.0,78.83,0.07883,Elexon BMRS Market Index Data,APXMIDP
2025-10-30 16:00:00,13543.0,0.0,3875.0,11539.0,3279.0,585.0,3848.0,3018.0,313.0,28.0,1182.0,41210.0,145.0,23506.0,20204.0,16613.0,13543.0,32.9,0.0,9.4,28.0,8.0,1.4,9.3,7.3,0.8,0.1,2.9,100.0,57.0,63.6,40.3,32.9,2025-10-30,Autumn,avg,APXMIDP,82.01,2750.9,82.01,0.0,82.01,0.08201,Elexon BMRS Market Index Data,APXMIDP
2025-10-30 16:30:00,13716.0,0.0,3872.0,12359.0,3628.0,590.0,3656.0,3022.0,535.0,0.0,1202.0,42580.0,143.0,24673.0,21047.0,17779.0,13716.0,32.2,0.0,9.1,29.0,8.5,1.4,8.6,7.1,1.3,0.0,2.8,100.0,57.9,63.8,41.8,32.2,2025-10-30,Autumn,avg,APXMIDP,81.23,2700.45,81.23,0.0,81.23,0.08123000000000001,Elexon BMRS Market Index Data,APXMIDP
2025-10-30 17:00:00,13709.0,0.0,3872.0,13163.0,3982.0,614.0,2602.0,3046.0,1096.0,0.0,1200.0,43284.0,143.0,25877.0,22027.0,18959.0,13709.0,31.7,0.0,8.9,30.4,9.2,1.4,6.0,7.0,2.5,0.0,2.8,100.0,59.8,64.0,43.8,31.7,2025-10-30,Autumn,avg,APXMIDP,85.9,3033.25,85.9,0.0,85.9,0.0859,Elexon BMRS Market Index Data,APXMIDP
2025-10-30 17:30:00,13304.0,0.0,3875.0,13924.0,4297.0,617.0,2382.0,3107.0,895.0,0.0,1200.0,43601.0,137.0,27020.0,22810.0,20038.0,13304.0,30.5,0.0,8.9,31.9,9.9,1.4,5.5,7.1,2.1,0.0,2.8,100.0,62.0,65.8,46.0,30.5,2025-10-30,Autumn,avg,APXMIDP,82.86,3096.25,82.86,0.0,82.86,0.08286,Elexon BMRS Market Index Data,APXMIDP
2025-10-30 18:00:00,12709.0,0.0,3881.0,14555.0,4561.0,618.0,1894.0,3079.0,615.0,0.0,1190.0,43102.0,131.0,27884.0,23354.0,20924.0,12709.0,29.5,0.0,9.0,33.8,10.6,1.4,4.4,7.1,1.4,0.0,2.8,100.0,64.7,67.9,48.5,29.5,2025-10-30,Autumn,avg,APXMIDP,83.25,3349.25,83.25,0.0,83.25,0.08325,Elexon BMRS Market Index Data,APXMIDP
2025-10-30 18:30:00,11722.0,0.0,3881.0,15398.0,4771.0,622.0,1810.0,2798.0,584.0,0.0,708.0,42294.0,123.0,28178.0,23429.0,21499.0,11722.0,27.7,0.0,9.2,36.4,11.3,1.5,4.3,6.6,1.4,0.0,1.7,100.0,66.6,69.6,50.8,27.7,2025-10-30,Autumn,avg,APXMIDP,84.09,3796.15,84.09,0.0,84.09,0.08409,Elexon BMRS Market Index Data,APXMIDP
2025-10-30 19:00:00,9970.0,0.0,3884.0,16395.0,4935.0,590.0,3280.0,2451.0,529.0,0.0,586.0,42620.0,105.0,28841.0,23919.0,22506.0,9970.0,23.4,0.0,9.1,38.5,11.6,1.4,7.7,5.8,1.2,0.0,1.4,100.0,67.7,73.4,52.8,23.4,2025-10-30,Autumn,avg,APXMIDP,71.66,3210.35,71.66,0.0,71.66,0.07166,Elexon BMRS Market Index Data,APXMIDP
2025-10-30 19:30:00,8610.0,0.0,3882.0,16815.0,5065.0,584.0,3406.0,2373.0,493.0,0.0,564.0,41792.0,94.0,29283.0,24276.0,23028.0,8610.0,20.6,0.0,9.3,40.2,12.1,1.4,8.1,5.7,1.2,0.0,1.3,100.0,70.1,76.5,55.1,20.6,2025-10-30,Autumn,avg,APXMIDP,72.63,3169.7,72.63,0.0,72.63,0.07263,Elexon BMRS Market Index Data,APXMIDP
2025-10-30 20:00:00,8287.0,0.0,3879.0,16746.0,5165.0,566.0,3184.0,2227.0,359.0,0.0,296.0,40709.0,92.0,28879.0,23744.0,22773.0,8287.0,20.4,0.0,9.5,41.1,12.7,1.4,7.8,5.5,0.9,0.0,0.7,100.0,70.9,77.2,55.9,20.4,2025-10-30,Autumn,avg,APXMIDP,71.6,3109.35,71.6,0.0,71.6,0.0716,Elexon BMRS Market Index Data,APXMIDP
2025-10-30 20:30:00,8184.0,0.0,3875.0,16714.0,5245.0,563.0,3102.0,1699.0,375.0,0.0,0.0,39757.0,91.0,28096.0,22869.0,22522.0,8184.0,20.6,0.0,9.7,42.0,13.2,1.4,7.8,4.3,0.9,0.0,0.0,100.0,70.7,76.5,56.6,20.6,2025-10-30,Autumn,avg,APXMIDP,65.76,3024.4,65.76,0.0,65.76,0.06576,Elexon BMRS Market Index Data,APXMIDP
2025-10-30 21:00:00,8273.0,0.0,3876.0,16549.0,5327.0,547.0,2532.0,1200.0,442.0,0.0,0.0,38746.0,93.0,27499.0,22223.0,22423.0,8273.0,21.4,0.0,10.0,42.7,13.7,1.4,6.5,3.1,1.1,0.0,0.0,100.0,71.0,75.0,57.9,21.4,2025-10-30,Autumn,avg,APXMIDP,59.17,3169.05,59.17,0.0,59.17,0.05917,Elexon BMRS Market Index Data,APXMIDP
2025-10-30 21:30:00,7439.0,0.0,3874.0,16464.0,5424.0,550.0,2558.0,1078.0,338.0,0.0,0.0,37725.0,86.0,27390.0,22008.0,22438.0,7439.0,19.7,0.0,10.3,43.6,14.4,1.5,6.8,2.9,0.9,0.0,0.0,100.0,72.6,76.6,59.5,19.7,2025-10-30,Autumn,avg,APXMIDP,42.95,3066.5,42.95,0.0,42.95,0.04295,Elexon BMRS Market Index Data,APXMIDP
2025-10-30 22:00:00,7286.0,0.0,3874.0,16593.0,5498.0,558.0,1617.0,1081.0,260.0,0.0,0.0,36767.0,86.0,27604.0,22160.0,22649.0,7286.0,19.8,0.0,10.5,45.1,15.0,1.5,4.4,2.9,0.7,0.0,0.0,100.0,75.1,77.8,61.6,19.8,2025-10-30,Autumn,avg,APXMIDP,42.44,2860.7,42.44,0.0,42.44,0.04244,Elexon BMRS Market Index Data,APXMIDP
2025-10-30 22:30:00,6075.0,0.0,3876.0,16746.0,5518.0,552.0,1136.0,1083.0,203.0,0.0,0.0,35189.0,76.0,27775.0,22259.0,22816.0,6075.0,17.3,0.0,11.0,47.6,15.7,1.6,3.2,3.1,0.6,0.0,0.0,100.0,78.9,80.5,64.8,17.3,2025-10-30,Autumn,avg,APXMIDP,25.43,3126.3,25.43,0.0,25.43,0.02543,Elexon BMRS Market Index Data,APXMIDP
2025-10-30 23:00:00,5463.0,0.0,3874.0,16487.0,5492.0,496.0,1266.0,1124.0,310.0,0.0,0.0,34512.0,71.0,27473.0,22002.0,22475.0,5463.0,15.8,0.0,11.2,47.8,15.9,1.4,3.7,3.3,0.9,0.0,0.0,100.0,79.6,81.8,65.1,15.8,2025-10-30,Autumn,avg,APXMIDP,9.11,1703.65,9.11,0.0,9.11,0.00911,Elexon BMRS Market Index Data,APXMIDP
2025-10-30 23:30:00,5159.0,0.0,3874.0,16442.0,5436.0,500.0,1154.0,1094.0,298.0,0.0,0.0,33957.0,68.0,27346.0,21920.0,22378.0,5159.0,15.2,0.0,11.4,48.4,16.0,1.5,3.4,3.2,0.9,0.0,0.0,100.0,80.5,82.7,65.9,15.2,2025-10-30,Autumn,avg,APXMIDP,2.14,2065.85,2.14,0.0,2.14,0.00214,Elexon BMRS Market Index Data,APXMIDP
